FFT Length,8192
Record Length,4096
FFT Sample Rate,+2.000000E+03,
Delta Frequency,+2.441406E-01,
Start Frequency,+0.000000E+00,
Stop Frequency,+1.000000E+03,
Vertical Units,F1:,Real part,Vrms,Imaginary part,Vrms,Magnitude,dBV,
Model,SDS814X HD
Serial Number,SDS08A0X807112
Software Version,3.8.12.1.1.3.8
SourceF1:
Frequency,Real part,Imaginary part,Magnitude,Angle
+0.000000E+00,-4.426030E-04,+0.000000E+00,-6.707971E+01,+3.141593E+00
+2.441406E-01,+2.846067E-04,+1.247659E-05,-7.090676E+01,+4.380994E-02
+4.882812E-01,+3.165484E-05,-2.082966E-05,-8.842874E+01,-5.819956E-01
+7.324219E-01,-8.901051E-07,+4.409785E-06,-1.069382E+02,+1.769968E+00
+9.765625E-01,-1.920052E-06,+6.291897E-06,-1.036377E+02,+1.866983E+00
+1.220703E+00,-1.929013E-06,+5.858713E-06,-1.041970E+02,+1.888872E+00
+1.464844E+00,+1.489159E-06,-1.515608E-05,-9.634653E+01,-1.472856E+00
+1.708984E+00,+3.784117E-06,+1.489013E-05,-9.627023E+01,+1.321929E+00
+1.953125E+00,-7.284135E-06,-6.797089E-06,-1.000323E+02,-2.390769E+00
+2.197266E+00,+1.348891E-06,-6.139549E-07,-1.165828E+02,-4.271329E-01
+2.441406E+00,+1.335999E-05,+4.040760E-06,-9.710373E+01,+2.937052E-01
+2.685547E+00,-1.823351E-05,-9.854451E-06,-9.366965E+01,-2.646105E+00
+2.929688E+00,+7.197281E-06,+9.180593E-06,-9.866193E+01,+9.059084E-01
+3.173828E+00,-3.817717E-06,+7.120616E-07,-1.082154E+02,+2.957196E+00
+3.417969E+00,+5.968332E-06,-6.467595E-06,-1.011097E+02,-8.255234E-01
+3.662109E+00,+1.619134E-06,+1.038729E-05,-9.956570E+01,+1.416164E+00
+3.906250E+00,-1.036901E-05,-1.826828E-05,-9.355319E+01,-2.087049E+00
+4.150391E+00,+6.107372E-06,+1.346188E-05,-9.660504E+01,+1.144887E+00
+4.394531E+00,+6.494943E-06,+3.628944E-06,-1.025686E+02,+5.095239E-01
+4.638672E+00,+5.398335E-07,-1.365829E-05,-9.728529E+01,-1.531293E+00
+4.882812E+00,-6.684681E-06,+3.581556E-06,-1.024024E+02,+2.649728E+00
+5.126953E+00,-1.412076E-05,+7.187695E-06,-9.600224E+01,+2.670758E+00
+5.371094E+00,+2.018610E-05,-4.147473E-06,-9.371938E+01,-2.026417E-01
+5.615234E+00,-6.818122E-06,-1.055653E-06,-1.032238E+02,-2.987982E+00
+5.859375E+00,-1.357654E-06,+1.807144E-06,-1.129166E+02,+2.215110E+00
+6.103516E+00,+7.590109E-06,+5.389083E-06,-1.006222E+02,+6.174151E-01
+6.347656E+00,-1.090854E-05,-2.318670E-06,-9.905275E+01,-2.932154E+00
+6.591797E+00,+9.959545E-06,-8.959271E-06,-9.746030E+01,-7.325754E-01
+6.835938E+00,-6.721063E-06,+8.909425E-06,-9.904655E+01,+2.217093E+00
+7.080078E+00,+2.499539E-06,-5.259565E-06,-1.046966E+02,-1.127155E+00
+7.324219E+00,+5.585446E-06,+2.751627E-06,-1.041152E+02,+4.577441E-01
+7.568359E+00,-9.388472E-06,+2.935031E-06,-1.001431E+02,+2.838598E+00
+7.812500E+00,+6.616291E-06,-5.138507E-06,-1.015379E+02,-6.603367E-01
+8.056641E+00,-8.262051E-06,-1.607660E-06,-1.014968E+02,-2.949410E+00
+8.300781E+00,+8.610521E-06,+8.185761E-06,-9.850326E+01,+7.601146E-01
+8.544922E+00,-4.216381E-06,-1.250227E-05,-9.759239E+01,-1.896067E+00
+8.789062E+00,+1.302719E-07,+9.961289E-06,-1.000330E+02,+1.557719E+00
+9.033203E+00,+3.056706E-06,-2.040590E-06,-1.086943E+02,-5.886333E-01
+9.277344E+00,-3.909923E-06,-4.189637E-06,-1.048359E+02,-2.321674E+00
+9.521484E+00,+5.588101E-06,+1.328332E-05,-9.682619E+01,+1.172586E+00
+9.765625E+00,-3.955009E-06,-2.071809E-05,-9.351756E+01,-1.759423E+00
+1.000977E+01,-3.942581E-06,+1.359913E-05,-9.697929E+01,+1.852975E+00
+1.025391E+01,+1.367008E-06,-2.663589E-07,-1.171228E+02,-1.924370E-01
+1.049805E+01,+8.813934E-06,-7.046478E-06,-9.895041E+01,-6.744179E-01
+1.074219E+01,-7.988695E-07,+9.177713E-06,-1.007125E+02,+1.657622E+00
+1.098633E+01,-1.088060E-05,-4.511298E-06,-9.857800E+01,-2.748548E+00
+1.123047E+01,+2.718983E-06,-1.890918E-06,-1.095985E+02,-6.076661E-01
+1.147461E+01,-2.356571E-06,+4.215731E-06,-1.063216E+02,+2.080519E+00
+1.171875E+01,+8.400822E-06,-2.926086E-06,-1.010163E+02,-3.351680E-01
+1.196289E+01,+1.231094E-06,-3.490401E-06,-1.086333E+02,-1.231711E+00
+1.220703E+01,-9.288319E-06,+6.739992E-06,-9.880413E+01,+2.513864E+00
+1.245117E+01,+1.065632E-05,-5.989659E-08,-9.944772E+01,-5.620700E-03
+1.269531E+01,-6.673182E-06,-5.136143E-06,-1.014928E+02,-2.485621E+00
+1.293945E+01,-6.876058E-07,+8.774381E-06,-1.011091E+02,+1.649002E+00
+1.318359E+01,+2.008929E-07,-4.711343E-06,-1.065292E+02,-1.528182E+00
+1.342773E+01,+1.804420E-06,-1.305053E-05,-9.760519E+01,-1.433403E+00
+1.367188E+01,-1.080438E-07,+1.512521E-05,-9.640575E+01,+1.577940E+00
+1.391602E+01,-1.465900E-06,-8.246740E-06,-1.015393E+02,-1.746714E+00
+1.416016E+01,+4.038678E-06,+1.094782E-05,-9.865932E+01,+1.217382E+00
+1.440430E+01,-7.924160E-06,-1.124776E-05,-9.722839E+01,-2.184543E+00
+1.464844E+01,+5.100057E-06,+9.979823E-06,-9.900985E+01,+1.098358E+00
+1.489258E+01,+3.886048E-06,-7.797962E-06,-1.011970E+02,-1.108476E+00
+1.513672E+01,-3.494715E-06,+2.106850E-06,-1.077854E+02,+2.599067E+00
+1.538086E+01,-6.247456E-06,+2.417519E-06,-1.034799E+02,+2.772377E+00
+1.562500E+01,+6.750418E-06,-5.842620E-06,-1.009852E+02,-7.134354E-01
+1.586914E+01,+1.902190E-06,+5.650490E-06,-1.044920E+02,+1.246071E+00
+1.611328E+01,-6.844743E-06,-2.996528E-06,-1.025313E+02,-2.728943E+00
+1.635742E+01,-2.219646E-06,+6.826612E-06,-1.028794E+02,+1.885160E+00
+1.660156E+01,+1.103074E-05,-7.293751E-06,-9.757270E+01,-5.842226E-01
+1.684570E+01,-2.910348E-06,+3.317769E-06,-1.071046E+02,+2.290871E+00
+1.708984E+01,-5.703326E-06,+1.213867E-06,-1.046850E+02,+2.931887E+00
+1.733398E+01,+4.085616E-06,-1.374144E-05,-9.687148E+01,-1.281799E+00
+1.757812E+01,+9.942726E-07,+1.380230E-05,-9.717849E+01,+1.498884E+00
+1.782227E+01,-6.035088E-06,-1.395566E-06,-1.041601E+02,-2.914345E+00
+1.806641E+01,+8.637776E-06,-5.478576E-06,-9.980360E+01,-5.652289E-01
+1.831055E+01,-8.021605E-06,+1.034016E-05,-9.766331E+01,+2.230588E+00
+1.855469E+01,-1.572777E-06,-8.638394E-06,-1.011297E+02,-1.750892E+00
+1.879883E+01,+9.208639E-06,+4.351939E-06,-9.984061E+01,+4.414826E-01
+1.904297E+01,-6.457619E-06,-2.696335E-06,-1.031006E+02,-2.746055E+00
+1.928711E+01,+5.251710E-06,+4.285259E-07,-1.055652E+02,+8.141702E-02
+1.953125E+01,-3.233828E-06,-1.209836E-06,-1.092367E+02,-2.783595E+00
+1.977539E+01,+1.607529E-06,+2.367452E-06,-1.108677E+02,+9.742956E-01
+2.001953E+01,+2.382075E-06,+3.110846E-06,-1.081384E+02,+9.173024E-01
+2.026367E+01,-5.452880E-06,-1.093300E-05,-9.826044E+01,-2.033447E+00
+2.050781E+01,-1.316589E-06,+1.051100E-05,-9.949951E+01,+1.695406E+00
+2.075195E+01,+7.657934E-07,-2.272552E-06,-1.124026E+02,-1.245772E+00
+2.099609E+01,+3.298121E-06,+2.459995E-06,-1.077136E+02,+6.408576E-01
+2.124023E+01,+4.189656E-07,-1.266188E-05,-9.794528E+01,-1.537720E+00
+2.148438E+01,+7.121257E-07,+1.454766E-05,-9.673374E+01,+1.521884E+00
+2.172852E+01,-6.674450E-06,-1.093421E-05,-9.784878E+01,-2.118842E+00
+2.197266E+01,+1.145169E-05,+9.974862E-06,-9.637067E+01,+7.165818E-01
+2.221680E+01,-1.501780E-05,-2.981026E-06,-9.630004E+01,-2.945640E+00
+2.246094E+01,+9.046178E-06,-6.885368E-07,-1.008456E+02,-7.596708E-02
+2.270508E+01,+3.310894E-07,-4.462745E-06,-1.069841E+02,-1.496742E+00
+2.294922E+01,-2.845102E-06,-7.124917E-07,-1.106539E+02,-2.896212E+00
+2.319336E+01,-8.854593E-07,+1.204186E-05,-9.836272E+01,+1.644196E+00
+2.343750E+01,+5.551315E-06,-1.072215E-05,-9.836297E+01,-1.093055E+00
+2.368164E+01,-1.664812E-06,+1.043120E-05,-9.952408E+01,+1.729061E+00
+2.392578E+01,-3.497814E-06,-1.363582E-05,-9.702962E+01,-1.821899E+00
+2.416992E+01,+5.034807E-06,+5.727664E-06,-1.023541E+02,+8.496866E-01
+2.441406E+01,-6.556922E-06,+5.005084E-06,-1.016721E+02,+2.489616E+00
+2.465820E+01,-1.186711E-06,-5.814140E-06,-1.045330E+02,-1.772138E+00
+2.490234E+01,+1.002129E-05,+1.932423E-06,-9.982297E+01,+1.904935E-01
+2.514648E+01,-6.292380E-06,+8.299056E-07,-1.039488E+02,+3.010459E+00
+2.539062E+01,+5.974969E-07,-3.108182E-06,-1.099923E+02,-1.380880E+00
+2.563477E+01,+2.389200E-06,+5.228575E-06,-1.048088E+02,+1.142177E+00
+2.587891E+01,-4.714854E-06,-2.648984E-06,-1.053392E+02,-2.629706E+00
+2.612305E+01,+2.948139E-06,-9.201161E-07,-1.102054E+02,-3.025210E-01
+2.636719E+01,+2.256508E-06,+1.295503E-06,-1.116940E+02,+5.211715E-01
+2.661133E+01,-1.903778E-06,-2.039235E-06,-1.110886E+02,-2.321854E+00
+2.685547E+01,-9.655896E-06,+1.367242E-06,-1.002179E+02,+3.000931E+00
+2.709961E+01,+1.421450E-05,+5.309830E-06,-9.637807E+01,+3.574990E-01
+2.734375E+01,-2.943876E-06,-1.100550E-05,-9.886768E+01,-1.832168E+00
+2.758789E+01,+1.873122E-06,+5.486339E-06,-1.047355E+02,+1.241789E+00
+2.783203E+01,-1.109334E-05,+1.194036E-06,-9.904873E+01,+3.034370E+00
+2.807617E+01,+7.803659E-06,-3.188519E-06,-1.014835E+02,-3.878919E-01
+2.832031E+01,+1.700235E-06,+3.365217E-06,-1.084724E+02,+1.102967E+00
+2.856445E+01,-3.128470E-06,-1.704455E-06,-1.089645E+02,-2.642735E+00
+2.880859E+01,+1.377411E-06,+1.882551E-06,-1.126430E+02,+9.391282E-01
+2.905273E+01,+4.330963E-07,-6.479431E-07,-1.221652E+02,-9.815828E-01
+2.929688E+01,+2.029260E-06,-2.967655E-06,-1.088857E+02,-9.710310E-01
+2.954102E+01,-6.892362E-06,-3.204146E-06,-1.023829E+02,-2.706431E+00
+2.978516E+01,+7.810932E-06,+1.222753E-05,-9.676701E+01,+1.002336E+00
+3.002930E+01,-4.361199E-06,-9.503491E-06,-9.961235E+01,-2.001031E+00
+3.027344E+01,-2.703870E-06,+5.681053E-06,-1.040247E+02,+2.015016E+00
+3.051758E+01,+3.212803E-06,-5.068703E-06,-1.044353E+02,-1.005857E+00
+3.076172E+01,+1.350954E-06,+6.654267E-06,-1.033626E+02,+1.370498E+00
+3.100586E+01,-1.430905E-06,-1.121877E-05,-9.893101E+01,-1.697657E+00
+3.125000E+01,+5.142868E-06,+1.168525E-05,-9.787828E+01,+1.156192E+00
+3.149414E+01,-1.009414E-05,-6.783298E-06,-9.830018E+01,-2.549904E+00
+3.173828E+01,+4.646250E-06,+3.861545E-06,-1.043772E+02,+6.934248E-01
+3.198242E+01,+7.777054E-08,+3.118874E-07,-1.298581E+02,+1.326425E+00
+3.222656E+01,+4.524130E-06,-1.280044E-05,-9.734430E+01,-1.231064E+00
+3.247070E+01,-4.017038E-06,+1.087985E-05,-9.871253E+01,+1.924488E+00
+3.271484E+01,+3.416707E-06,+5.978974E-06,-1.032402E+02,+1.051631E+00
+3.295898E+01,-9.478994E-06,-7.189934E-06,-9.849101E+01,-2.492666E+00
+3.320312E+01,+6.385269E-06,-1.332905E-07,-1.038945E+02,-2.087167E-02
+3.344727E+01,-1.832915E-06,-8.558768E-07,-1.138805E+02,-2.704734E+00
+3.369141E+01,+2.671893E-06,+5.612641E-06,-1.041295E+02,+1.126492E+00
+3.393555E+01,+1.548989E-06,-8.350192E-06,-1.014191E+02,-1.387378E+00
+3.417969E+01,-4.963699E-06,+2.847226E-06,-1.048485E+02,+2.620804E+00
+3.442383E+01,+5.835830E-06,+6.409733E-06,-1.012412E+02,+8.322301E-01
+3.466797E+01,-5.498918E-06,-8.040055E-06,-1.002282E+02,-2.170662E+00
+3.491211E+01,+3.609673E-06,+4.811001E-06,-1.044159E+02,+9.271061E-01
+3.515625E+01,-2.430058E-06,-3.488801E-06,-1.074288E+02,-2.179190E+00
+3.540039E+01,+2.878360E-06,+5.394886E-06,-1.042725E+02,+1.080682E+00
+3.564453E+01,-4.045701E-06,-7.046987E-06,-1.018027E+02,-2.091957E+00
+3.588867E+01,+3.225390E-07,+6.144573E-06,-1.042182E+02,+1.518353E+00
+3.613281E+01,+3.937642E-06,-4.652680E-06,-1.043001E+02,-8.684443E-01
+3.637695E+01,-2.391837E-06,+2.140350E-06,-1.098708E+02,+2.411627E+00
+3.662109E+01,+7.440879E-07,-6.021093E-07,-1.203801E+02,-6.803202E-01
+3.686523E+01,-1.577365E-06,-2.577575E-06,-1.103944E+02,-2.119961E+00
+3.710938E+01,+3.668950E-06,+5.700032E-06,-1.033770E+02,+9.988826E-01
+3.735352E+01,-4.486982E-06,-3.979636E-06,-1.044405E+02,-2.416046E+00
+3.759766E+01,-2.285926E-06,+1.476793E-06,-1.113039E+02,+2.568008E+00
+3.784180E+01,+1.169020E-05,+3.191350E-06,-9.833139E+01,+2.664999E-01
+3.808594E+01,-8.725781E-06,-6.533146E-06,-9.925106E+01,-2.498913E+00
+3.833008E+01,+2.141995E-06,+1.538565E-06,-1.115768E+02,+6.228933E-01
+3.857422E+01,+6.223286E-07,+4.137524E-06,-1.075680E+02,+1.421505E+00
+3.881836E+01,-4.088168E-06,-7.874452E-06,-1.010391E+02,-2.049661E+00
+3.906250E+01,+3.969008E-06,+3.964984E-06,-1.050205E+02,+7.848909E-01
+3.930664E+01,-1.795008E-06,+2.927318E-06,-1.092844E+02,+2.120859E+00
+3.955078E+01,-5.399864E-07,+2.648539E-06,-1.113630E+02,+1.771921E+00
+3.979492E+01,+6.501590E-07,-8.857556E-06,-1.010304E+02,-1.497526E+00
+4.003906E+01,+1.062087E-06,+4.164507E-06,-1.073351E+02,+1.321086E+00
+4.028320E+01,-1.059418E-06,-2.155550E-06,-1.123892E+02,-2.027608E+00
+4.052734E+01,-1.090184E-06,+1.205216E-06,-1.157822E+02,+2.306122E+00
+4.077148E+01,+9.088714E-07,+3.266851E-06,-1.093936E+02,+1.299448E+00
+4.101562E+01,+3.579565E-07,-3.222823E-06,-1.097820E+02,-1.460181E+00
+4.125977E+01,+1.058320E-06,+2.154073E-06,-1.123957E+02,+1.114124E+00
+4.150391E+01,+1.492224E-06,-1.480866E-06,-1.135461E+02,-7.815782E-01
+4.174805E+01,-1.122294E-06,-6.324503E-07,-1.178001E+02,-2.628418E+00
+4.199219E+01,-3.527464E-06,+3.604337E-06,-1.059458E+02,+2.345416E+00
+4.223633E+01,+4.144777E-06,-4.338953E-06,-1.044363E+02,-8.082822E-01
+4.248047E+01,-6.223969E-06,+3.036507E-07,-1.041083E+02,+3.092844E+00
+4.272461E+01,+4.150299E-06,-2.661909E-07,-1.076206E+02,-6.405003E-02
+4.296875E+01,-3.464719E-06,-1.996724E-06,-1.079612E+02,-2.618781E+00
+4.321289E+01,+5.826369E-06,+9.994881E-06,-9.873401E+01,+1.043019E+00
+4.345703E+01,-1.607695E-06,-1.126892E-05,-9.887485E+01,-1.712506E+00
+4.370117E+01,-4.619288E-06,+9.770825E-06,-9.932532E+01,+2.012418E+00
+4.394531E+01,+9.463324E-06,-8.570916E-06,-9.787772E+01,-7.359544E-01
+4.418945E+01,-1.128174E-05,+5.924499E-06,-9.789474E+01,+2.658035E+00
+4.443359E+01,+1.185608E-05,-7.883344E-06,-9.693117E+01,-5.867923E-01
+4.467773E+01,-8.945086E-06,+6.820138E-06,-9.897810E+01,+2.490174E+00
+4.492188E+01,+2.846948E-06,+2.554327E-06,-1.083476E+02,+7.312748E-01
+4.516602E+01,+4.510410E-07,-7.516855E-06,-1.024637E+02,-1.510864E+00
+4.541016E+01,-1.644566E-06,+4.570441E-06,-1.062721E+02,+1.916198E+00
+4.565430E+01,-3.245320E-06,+5.228849E-07,-1.096635E+02,+2.981846E+00
+4.589844E+01,+6.159180E-06,-3.716120E-06,-1.028613E+02,-5.428765E-01
+4.614258E+01,-2.101176E-06,+2.487731E-07,-1.134903E+02,+3.023744E+00
+4.638672E+01,+3.647832E-06,+2.271655E-06,-1.073360E+02,+5.569733E-01
+4.663086E+01,-8.095469E-06,+3.605843E-06,-1.010492E+02,+2.722558E+00
+4.687500E+01,+1.013408E-05,-6.391874E-06,-9.842979E+01,-5.627095E-01
+4.711914E+01,-4.976160E-06,+2.776759E-06,-1.048848E+02,+2.632619E+00
+4.736328E+01,-3.695714E-06,+4.955922E-07,-1.085686E+02,+3.008289E+00
+4.760742E+01,+2.795615E-06,-3.070139E-06,-1.076343E+02,-8.321652E-01
+4.785156E+01,-4.317767E-06,+7.162978E-06,-1.015520E+02,+2.113264E+00
+4.809570E+01,+1.008052E-05,-5.563370E-06,-9.877560E+01,-5.042953E-01
+4.833984E+01,-6.022605E-06,-3.478770E-06,-1.031539E+02,-2.617793E+00
+4.858398E+01,-3.799501E-07,+4.465868E-06,-1.069706E+02,+1.655671E+00
+4.882812E+01,+1.724292E-06,-5.151707E-06,-1.052998E+02,-1.247814E+00
+4.907227E+01,-3.706292E-06,+1.084973E-05,-9.881229E+01,+1.899970E+00
+4.931641E+01,+1.352747E-06,-6.422292E-06,-1.036577E+02,-1.363198E+00
+4.956055E+01,-6.633297E-06,+5.004074E-06,-1.016089E+02,+2.495290E+00
+4.980469E+01,+1.368819E-05,-8.404424E-06,-9.588379E+01,-5.506435E-01
+5.004883E+01,-8.653660E-07,+4.210611E-06,-1.073334E+02,+1.773494E+00
+5.029297E+01,-9.984624E-06,-2.217218E-06,-9.980431E+01,-2.923075E+00
+5.053711E+01,+8.988335E-06,+1.863274E-06,-1.007437E+02,+2.044040E-01
+5.078125E+01,-5.856146E-06,+3.406979E-06,-1.033817E+02,+2.614679E+00
+5.102539E+01,+3.402987E-06,-2.480471E-06,-1.075122E+02,-6.298664E-01
+5.126953E+01,-1.957800E-06,-5.378504E-06,-1.048464E+02,-1.919892E+00
+5.151367E+01,-1.367862E-06,+9.568617E-06,-1.002952E+02,+1.712787E+00
+5.175781E+01,+9.350208E-07,-5.615150E-06,-1.048940E+02,-1.405793E+00
+5.200195E+01,+1.747849E-06,+6.117816E-07,-1.146480E+02,+3.366924E-01
+5.224609E+01,+6.424815E-08,+6.527029E-07,-1.236638E+02,+1.472678E+00
+5.249023E+01,-4.376911E-06,-2.545593E-06,-1.059113E+02,-2.614816E+00
+5.273438E+01,+6.707927E-06,-7.160746E-07,-1.034190E+02,-1.063478E-01
+5.297852E+01,-2.329413E-06,+4.798978E-06,-1.054582E+02,+2.022694E+00
+5.322266E+01,-3.894597E-06,-1.699049E-06,-1.074341E+02,-2.730225E+00
+5.346680E+01,+1.709043E-06,+2.397650E-06,-1.106200E+02,+9.515319E-01
+5.371094E+01,+1.212815E-06,-2.989206E-06,-1.098270E+02,-1.185359E+00
+5.395508E+01,+9.660181E-07,-1.959357E-06,-1.132127E+02,-1.112742E+00
+5.419922E+01,-1.375302E-06,+4.074897E-06,-1.073292E+02,+1.896297E+00
+5.444336E+01,-3.397787E-06,-1.081114E-06,-1.089573E+02,-2.833540E+00
+5.468750E+01,+6.561720E-06,-1.958759E-06,-1.032889E+02,-2.900920E-01
+5.493164E+01,+3.694624E-07,+6.258560E-06,-1.040554E+02,+1.511832E+00
+5.517578E+01,-5.102695E-06,-1.069697E-05,-9.852439E+01,-2.015893E+00
+5.541992E+01,-3.628969E-07,+5.771985E-06,-1.047564E+02,+1.633586E+00
+5.566406E+01,+2.275920E-06,-1.330130E-06,-1.115807E+02,-5.288967E-01
+5.590820E+01,+4.737519E-06,+3.313068E-06,-1.047599E+02,+6.102731E-01
+5.615234E+01,-5.220282E-06,+8.015692E-07,-1.055449E+02,+2.989233E+00
+5.639648E+01,+2.366140E-06,-2.484541E-06,-1.092917E+02,-8.098024E-01
+5.664062E+01,-4.091970E-06,+6.919022E-07,-1.076389E+02,+2.974089E+00
+5.688477E+01,+3.920601E-06,-3.656317E-06,-1.054152E+02,-7.505322E-01
+5.712891E+01,-3.922863E-06,+1.028524E-05,-9.916587E+01,+1.935172E+00
+5.737305E+01,-7.252560E-07,-1.589211E-05,-9.596733E+01,-1.616401E+00
+5.761719E+01,+8.801281E-06,+9.473499E-06,-9.776738E+01,+8.221655E-01
+5.786133E+01,-7.192123E-06,+3.990394E-06,-1.016973E+02,+2.635050E+00
+5.810547E+01,+5.268848E-06,-9.699547E-06,-9.914203E+01,-1.073184E+00
+5.834961E+01,-7.521522E-06,+4.997648E-06,-1.008858E+02,+2.555129E+00
+5.859375E+01,+5.108088E-06,+1.855704E-06,-1.052964E+02,+3.484628E-01
+5.883789E+01,-3.555572E-06,-2.056798E-06,-1.077282E+02,-2.617153E+00
+5.908203E+01,+8.160107E-06,+1.976601E-06,-1.015185E+02,+2.376499E-01
+5.932617E+01,-6.920612E-06,-4.633287E-06,-1.015888E+02,-2.551637E+00
+5.957031E+01,-2.389696E-06,+4.522049E-07,-1.122803E+02,+2.954573E+00
+5.981445E+01,+5.148229E-06,-8.577565E-07,-1.056479E+02,-1.650954E-01
+6.005859E+01,-3.977114E-06,+8.559926E-06,-1.005017E+02,+2.005742E+00
+6.030273E+01,+6.932786E-06,-1.051660E-05,-9.799526E+01,-9.879645E-01
+6.054688E+01,-7.721109E-06,+1.085689E-05,-9.750832E+01,+2.188981E+00
+6.079102E+01,+3.669964E-06,-8.725550E-06,-1.004767E+02,-1.172659E+00
+6.103516E+01,+2.677988E-07,+7.581815E-06,-1.023991E+02,+1.535490E+00
+6.127930E+01,+2.956643E-06,-6.720726E-06,-1.026833E+02,-1.156349E+00
+6.152344E+01,-5.070639E-06,+9.714631E-07,-1.057422E+02,+2.952301E+00
+6.176758E+01,+1.356265E-06,+1.174569E-06,-1.149227E+02,+7.137280E-01
+6.201172E+01,-3.215308E-06,+2.050963E-06,-1.083730E+02,+2.573789E+00
+6.225586E+01,+5.129908E-06,-8.234184E-06,-1.002633E+02,-1.013636E+00
+6.250000E+01,-4.645645E-06,+9.430816E-06,-9.956550E+01,+2.028509E+00
+6.274414E+01,+5.236612E-06,-2.139865E-06,-1.049483E+02,-3.879285E-01
+6.298828E+01,-3.407649E-06,-3.478508E-06,-1.062503E+02,-2.345905E+00
+6.323242E+01,+1.848928E-06,+3.811986E-06,-1.074594E+02,+1.119196E+00
+6.347656E+01,+4.580079E-06,-2.410499E-06,-1.057207E+02,-4.844661E-01
+6.372070E+01,-9.867243E-06,+5.909434E-07,-1.001005E+02,+3.081775E+00
+6.396484E+01,+2.835950E-06,+1.920058E-06,-1.093073E+02,+5.951514E-01
+6.420898E+01,+2.343443E-06,-2.153539E-07,-1.125664E+02,-9.163901E-02
+6.445312E+01,-8.041556E-07,-2.074738E-06,-1.130529E+02,-1.940562E+00
+6.469727E+01,-1.601195E-06,-4.496642E-07,-1.155814E+02,-2.867814E+00
+6.494141E+01,+4.096590E-06,-3.397780E-06,-1.054780E+02,-6.924223E-01
+6.518555E+01,+3.444273E-06,+2.882321E-06,-1.069528E+02,+6.968069E-01
+6.542969E+01,-7.825119E-06,+5.778812E-06,-1.002398E+02,+2.505496E+00
+6.567383E+01,+2.990819E-06,-9.292459E-06,-1.002093E+02,-1.259412E+00
+6.591797E+01,-6.237684E-06,+1.058049E-05,-9.821439E+01,+2.103494E+00
+6.616211E+01,+1.200522E-05,-1.002773E-05,-9.611401E+01,-6.958867E-01
+6.640625E+01,-3.952218E-06,+4.259811E-06,-1.047152E+02,+2.318756E+00
+6.665039E+01,-9.080583E-06,+1.571870E-06,-1.007095E+02,+2.970189E+00
+6.689453E+01,+4.594453E-06,-5.266026E-07,-1.066986E+02,-1.141190E-01
+6.713867E+01,+7.712581E-06,-3.550657E-06,-1.014212E+02,-4.314458E-01
+6.738281E+01,-9.044425E-06,+4.975725E-06,-9.972408E+01,+2.638640E+00
+6.762695E+01,-1.532682E-07,-3.010049E-06,-1.104173E+02,-1.621671E+00
+6.787109E+01,+9.912604E-06,-2.325332E-06,-9.984360E+01,-2.304171E-01
+6.811523E+01,-7.724176E-06,+1.962268E-06,-1.019714E+02,+2.892813E+00
+6.835938E+01,+3.902379E-07,+1.699810E-06,-1.151689E+02,+1.345129E+00
+6.860352E+01,-2.974557E-06,-2.370790E-06,-1.083957E+02,-2.468670E+00
+6.884766E+01,+2.178140E-06,+4.529463E-06,-1.059756E+02,+1.122559E+00
+6.909180E+01,+6.973588E-06,-4.435584E-06,-1.016555E+02,-5.665094E-01
+6.933594E+01,-6.713983E-06,+4.975680E-07,-1.034366E+02,+3.067619E+00
+6.958008E+01,-6.614612E-08,+5.811909E-07,-1.246577E+02,+1.684120E+00
+6.982422E+01,+2.034152E-06,+2.452807E-06,-1.099336E+02,+8.784338E-01
+7.006836E+01,+1.081745E-07,-7.037307E-06,-1.030508E+02,-1.555426E+00
+7.031250E+01,-2.397414E-07,+7.111283E-06,-1.029561E+02,+1.604496E+00
+7.055664E+01,+5.160263E-06,-2.424410E-06,-1.048804E+02,-4.392159E-01
+7.080078E+01,-1.417247E-05,-2.237886E-06,-9.686413E+01,-2.984982E+00
+7.104492E+01,+1.265610E-05,+2.383883E-06,-9.780259E+01,+1.861771E-01
+7.128906E+01,-5.029836E-06,+1.121076E-06,-1.057584E+02,+2.922292E+00
+7.153320E+01,-4.212129E-06,+1.566909E-06,-1.069471E+02,+2.785455E+00
+7.177734E+01,+1.159161E-05,-5.466830E-06,-9.784491E+01,-4.406866E-01
+7.202148E+01,-7.610002E-06,-2.029588E-07,-1.023692E+02,-3.114929E+00
+7.226562E+01,+1.582739E-06,+5.268339E-06,-1.051912E+02,+1.278950E+00
+7.250977E+01,-5.246949E-06,+9.246904E-07,-1.054690E+02,+2.967150E+00
+7.275391E+01,+9.012555E-06,-7.035299E-06,-9.883652E+01,-6.628060E-01
+7.299805E+01,-2.070945E-06,+5.016987E-06,-1.053078E+02,+1.962277E+00
+7.324219E+01,-9.101007E-06,-8.238817E-07,-1.007828E+02,-3.051312E+00
+7.348633E+01,+1.141488E-05,-2.461848E-06,-9.865312E+01,-2.124166E-01
+7.373047E+01,-5.546073E-06,+8.779161E-07,-1.050128E+02,+2.984600E+00
+7.397461E+01,+4.115077E-06,+2.843958E-06,-1.060168E+02,+6.047324E-01
+7.421875E+01,-9.399570E-06,-4.264497E-06,-9.972496E+01,-2.715674E+00
+7.446289E+01,+9.139620E-06,+1.857000E-06,-1.006058E+02,+2.004527E-01
+7.470703E+01,-6.751337E-06,-1.994194E-06,-1.030489E+02,-2.854382E+00
+7.495117E+01,+8.462535E-06,+3.630989E-06,-1.007161E+02,+4.053099E-01
+7.519531E+01,-1.092027E-05,+3.099653E-06,-9.889881E+01,+2.865023E+00
+7.543945E+01,+1.449973E-05,-4.434892E-06,-9.638441E+01,-2.968245E-01
+7.568359E+01,-1.209427E-05,-4.544906E-06,-9.777472E+01,-2.782130E+00
+7.592773E+01,+4.461830E-06,+7.707493E-06,-1.010065E+02,+1.046040E+00
+7.617188E+01,+6.389059E-07,-3.268314E-06,-1.095507E+02,-1.377746E+00
+7.641602E+01,-5.979373E-06,-2.818632E-06,-1.035954E+02,-2.701092E+00
+7.666016E+01,+1.871079E-06,+6.571394E-06,-1.033083E+02,+1.293406E+00
+7.690430E+01,+2.944632E-06,-4.191807E-06,-1.058100E+02,-9.584125E-01
+7.714844E+01,+2.960452E-06,-4.854192E-07,-1.104576E+02,-1.625217E-01
+7.739258E+01,-4.546046E-06,+1.543452E-06,-1.063735E+02,+2.814289E+00
+7.763672E+01,-2.488586E-07,-4.444973E-06,-1.070290E+02,-1.626724E+00
+7.788086E+01,+4.040753E-06,+9.915323E-06,-9.940659E+01,+1.183819E+00
+7.812500E+01,-6.644116E-06,-7.609571E-06,-9.991188E+01,-2.288564E+00
+7.836914E+01,+8.599218E-06,+5.213850E-06,-9.995116E+01,+5.450513E-01
+7.861328E+01,-6.056104E-06,-5.648629E-06,-1.016378E+02,-2.390993E+00
+7.885742E+01,-1.347137E-06,+3.082936E-06,-1.094618E+02,+1.982758E+00
+7.910156E+01,+2.750076E-06,-8.569336E-07,-1.108107E+02,-3.020681E-01
+7.934570E+01,-2.332880E-06,-4.445116E-07,-1.124873E+02,-2.953308E+00
+7.958984E+01,+5.871193E-06,+3.284375E-06,-1.034430E+02,+5.100353E-01
+7.983398E+01,-4.544130E-06,-6.846205E-06,-1.017057E+02,-2.156773E+00
+8.007812E+01,+2.917362E-06,+2.669439E-06,-1.080585E+02,+7.410507E-01
+8.032227E+01,-1.352249E-06,+7.026738E-06,-1.029070E+02,+1.760915E+00
+8.056641E+01,-1.103077E-06,-1.090398E-05,-9.920409E+01,-1.671616E+00
+8.081055E+01,-2.961586E-06,+7.264243E-06,-1.021084E+02,+1.957918E+00
+8.105469E+01,+5.862658E-06,-3.202592E-07,-1.046252E+02,-5.457272E-02
+8.129883E+01,-5.088910E-06,-3.854266E-06,-1.038985E+02,-2.493382E+00
+8.154297E+01,+5.615085E-06,+2.622749E-06,-1.041558E+02,+4.369745E-01
+8.178711E+01,-4.028761E-06,+9.589934E-07,-1.076572E+02,+2.907905E+00
+8.203125E+01,-1.547604E-06,+3.295431E-06,-1.087762E+02,+2.009847E+00
+8.227539E+01,+8.901658E-06,-4.703907E-06,-9.994106E+01,-4.861324E-01
+8.251953E+01,-1.008263E-05,-3.313841E-07,-9.992384E+01,-3.108738E+00
+8.276367E+01,+9.185465E-07,-3.080517E-06,-1.098576E+02,-1.281011E+00
+8.300781E+01,+5.435206E-06,+3.063331E-06,-1.040977E+02,+5.132316E-01
+8.325195E+01,-3.653042E-06,+4.355924E-06,-1.049055E+02,+2.268657E+00
+8.349609E+01,-2.572898E-06,-8.111063E-06,-1.014021E+02,-1.877965E+00
+8.374023E+01,+1.106508E-05,+8.929481E-06,-9.694279E+01,+6.789924E-01
+8.398438E+01,-1.016033E-05,-7.254219E-06,-9.807277E+01,-2.521549E+00
+8.422852E+01,-2.555379E-07,+5.673336E-06,-1.049144E+02,+1.615808E+00
+8.447266E+01,+5.033365E-06,-2.054185E-06,-1.052938E+02,-3.874813E-01
+8.471680E+01,+3.263273E-06,-9.350547E-07,-1.093842E+02,-2.790619E-01
+8.496094E+01,-1.031434E-05,-1.487326E-08,-9.973116E+01,-3.140151E+00
+8.520508E+01,+4.459456E-06,-5.057101E-06,-1.034236E+02,-8.481163E-01
+8.544922E+01,+9.186690E-07,+1.159657E-05,-9.868623E+01,+1.491742E+00
+8.569336E+01,+2.285198E-06,-6.146589E-06,-1.036650E+02,-1.214849E+00
+8.593750E+01,-4.186379E-06,-2.909734E-06,-1.058516E+02,-2.534198E+00
+8.618164E+01,+5.114405E-06,+3.202532E-06,-1.043874E+02,+5.594466E-01
+8.642578E+01,-8.230602E-06,+2.082366E-06,-1.014219E+02,+2.893790E+00
+8.666992E+01,+6.386688E-06,-5.242868E-06,-1.016572E+02,-6.873589E-01
+8.691406E+01,+1.022082E-07,-1.710239E-06,-1.153234E+02,-1.511105E+00
+8.715820E+01,-3.888312E-06,+1.113080E-05,-9.856942E+01,+1.906873E+00
+8.740234E+01,-1.053756E-07,-9.319154E-06,-1.006119E+02,-1.582103E+00
+8.764648E+01,+3.317346E-06,+1.502077E-06,-1.087742E+02,+4.251756E-01
+8.789062E+01,-7.239958E-07,+3.871268E-06,-1.080936E+02,+1.755678E+00
+8.813477E+01,-1.667855E-06,-1.166434E-06,-1.138276E+02,-2.531296E+00
+8.837891E+01,+5.691531E-06,-3.739983E-06,-1.033366E+02,-5.813597E-01
+8.862305E+01,-5.437647E-06,+5.515629E-06,-1.022192E+02,+2.349075E+00
+8.886719E+01,+1.401051E-07,-2.973820E-06,-1.105241E+02,-1.523718E+00
+8.911133E+01,+3.333002E-06,+2.014866E-06,-1.081905E+02,+5.437364E-01
+8.935547E+01,-3.316425E-06,-7.848481E-06,-1.013908E+02,-1.970595E+00
+8.959961E+01,+1.341241E-06,+8.414047E-06,-1.013909E+02,+1.412721E+00
+8.984375E+01,-4.388440E-06,-5.467090E-06,-1.030850E+02,-2.247182E+00
+9.008789E+01,+6.888732E-06,+5.437564E-06,-1.011339E+02,+6.682082E-01
+9.033203E+01,-1.887004E-06,-4.588807E-06,-1.060875E+02,-1.960937E+00
+9.057617E+01,-5.323828E-07,-7.896004E-08,-1.253810E+02,-2.994352E+00
+9.082031E+01,+4.834704E-06,+2.641839E-06,-1.051779E+02,+5.001000E-01
+9.106445E+01,-8.170049E-06,+3.489696E-07,-1.017476E+02,+3.098905E+00
+9.130859E+01,+4.507963E-06,-6.009630E-06,-1.024843E+02,-9.272164E-01
+9.155273E+01,-4.738489E-06,+7.640420E-06,-1.009243E+02,+2.125927E+00
+9.179688E+01,+4.946038E-06,+2.901988E-07,-1.060999E+02,+5.860579E-02
+9.204102E+01,-1.441971E-06,-7.372624E-06,-1.024845E+02,-1.763943E+00
+9.228516E+01,-4.771386E-07,+6.047524E-06,-1.043415E+02,+1.649531E+00
+9.252930E+01,+1.095975E-06,-2.134061E-06,-1.123993E+02,-1.096357E+00
+9.277344E+01,-2.673257E-06,-1.646741E-07,-1.114427E+02,-3.080070E+00
+9.301758E+01,+5.097786E-06,-9.084339E-07,-1.057166E+02,-1.763505E-01
+9.326172E+01,-5.539133E-06,+2.264538E-06,-1.044599E+02,+2.753501E+00
+9.350586E+01,+6.512888E-07,-4.807885E-07,-1.218354E+02,-6.359133E-01
+9.375000E+01,+2.116845E-06,-6.886383E-07,-1.130493E+02,-3.145154E-01
+9.399414E+01,+3.822218E-06,+4.164994E-06,-1.049544E+02,+8.282874E-01
+9.423828E+01,-2.233107E-06,-3.401779E-06,-1.078097E+02,-2.151694E+00
+9.448242E+01,-3.779212E-06,-2.648462E-06,-1.067169E+02,-2.530332E+00
+9.472656E+01,-6.134112E-07,+1.381890E-06,-1.164094E+02,+1.988560E+00
+9.497070E+01,+8.195300E-06,+3.202871E-07,-1.017221E+02,+3.906192E-02
+9.521484E+01,-7.079931E-06,+1.388666E-06,-1.028355E+02,+2.947910E+00
+9.545898E+01,-1.929306E-06,+3.703356E-07,-1.141348E+02,+2.951947E+00
+9.570312E+01,-2.035689E-06,-3.823290E-06,-1.072673E+02,-2.060061E+00
+9.594727E+01,+1.270626E-05,+2.491592E-06,-9.775578E+01,+1.936348E-01
+9.619141E+01,-8.773619E-06,-3.166093E-06,-1.006048E+02,-2.795271E+00
+9.643555E+01,+1.876125E-06,+4.547622E-06,-1.061617E+02,+1.179517E+00
+9.667969E+01,+4.378911E-07,+1.826578E-06,-1.145245E+02,+1.335504E+00
+9.692383E+01,-2.271029E-06,-7.158488E-06,-1.024871E+02,-1.878003E+00
+9.716797E+01,+7.588613E-06,+3.271780E-06,-1.016563E+02,+4.070626E-01
+9.741211E+01,-1.452031E-05,-4.121233E-07,-9.675698E+01,-3.113218E+00
+9.765625E+01,+1.319561E-05,+4.736203E-06,-9.706514E+01,+3.446015E-01
+9.790039E+01,-6.266472E-06,-6.070832E-06,-1.011848E+02,-2.372051E+00
+9.814453E+01,+3.623152E-06,+1.741099E-06,-1.079159E+02,+4.479653E-01
+9.838867E+01,-1.582261E-06,-3.077115E-06,-1.092183E+02,-2.045742E+00
+9.863281E+01,-5.519859E-06,+1.001976E-05,-9.883178E+01,+2.074328E+00
+9.887695E+01,+6.704777E-06,-8.206365E-06,-9.949626E+01,-8.857622E-01
+9.912109E+01,+1.155128E-06,+3.333321E-06,-1.090499E+02,+1.237208E+00
+9.936523E+01,-3.563301E-06,-1.017539E-06,-1.086225E+02,-2.863435E+00
+9.960938E+01,-6.339403E-07,-3.397870E-06,-1.092273E+02,-1.755246E+00
+9.985352E+01,+2.893325E-06,+1.117439E-06,-1.101682E+02,+3.685646E-01
+1.000977E+02,-5.254774E-06,+3.636422E-06,-1.038895E+02,+2.536241E+00
+1.003418E+02,+3.211920E-06,-3.953207E-06,-1.058596E+02,-8.884890E-01
+1.005859E+02,+3.369158E-06,+1.000633E-05,-9.952811E+01,+1.246017E+00
+1.008301E+02,-1.163846E-06,-1.716324E-05,-9.528809E+01,-1.638503E+00
+1.010742E+02,-5.351570E-06,+1.264809E-05,-9.724427E+01,+1.971068E+00
+1.013184E+02,+3.885285E-06,-5.843154E-06,-1.030770E+02,-9.839974E-01
+1.015625E+02,-3.464181E-06,+6.979207E-06,-1.021674E+02,+2.031526E+00
+1.018066E+02,+8.145894E-06,-6.880207E-06,-9.944267E+01,-7.013640E-01
+1.020508E+02,-7.482388E-06,-2.100098E-06,-1.021899E+02,-2.867961E+00
+1.022949E+02,+7.418340E-07,+6.290757E-06,-1.039660E+02,+1.453414E+00
+1.025391E+02,+6.557781E-06,+1.812670E-06,-1.033451E+02,+2.696814E-01
+1.027832E+02,-1.790864E-06,-7.114235E-06,-1.026906E+02,-1.817402E+00
+1.030273E+02,-7.549696E-06,+8.493877E-06,-9.888927E+01,+2.297411E+00
+1.032715E+02,+4.408679E-06,-1.105928E-05,-9.848495E+01,-1.191462E+00
+1.035156E+02,+1.409356E-07,+7.875846E-06,-1.020727E+02,+1.552904E+00
+1.037598E+02,+1.366781E-06,+4.568586E-07,-1.168260E+02,+3.225833E-01
+1.040039E+02,-3.540458E-06,-8.140300E-06,-1.010348E+02,-1.981047E+00
+1.042480E+02,+3.200734E-06,+6.188323E-06,-1.031390E+02,+1.093467E+00
+1.044922E+02,+1.035502E-06,-1.484597E-06,-1.148462E+02,-9.617520E-01
+1.047363E+02,-4.105645E-06,+5.739250E-06,-1.030281E+02,+2.191759E+00
+1.049805E+02,+3.257651E-06,-6.728134E-06,-1.025274E+02,-1.119882E+00
+1.052246E+02,-8.040883E-06,+2.062910E-06,-1.016171E+02,+2.890456E+00
+1.054688E+02,+1.079244E-05,-4.855377E-06,-9.853712E+01,-4.227599E-01
+1.057129E+02,-3.423482E-06,+5.112292E-06,-1.042187E+02,+2.160866E+00
+1.059570E+02,-5.061371E-06,+2.995104E-06,-1.046107E+02,+2.607256E+00
+1.062012E+02,+1.172203E-05,-2.288924E-06,-9.845743E+01,-1.928404E-01
+1.064453E+02,-1.117631E-05,+2.549333E-06,-9.881375E+01,+2.917328E+00
+1.066895E+02,+5.837582E-06,-1.113920E-05,-9.800906E+01,-1.088088E+00
+1.069336E+02,-1.346546E-07,+8.465062E-06,-1.014463E+02,+1.586702E+00
+1.071777E+02,+9.752669E-07,-8.024984E-06,-1.018474E+02,-1.449861E+00
+1.074219E+02,-4.672404E-06,+1.122057E-05,-9.830524E+01,+1.965372E+00
+1.076660E+02,+4.931359E-07,-5.640464E-06,-1.049406E+02,-1.483590E+00
+1.079102E+02,+1.405403E-06,+4.254499E-07,-1.166632E+02,+2.939544E-01
+1.081543E+02,-1.644149E-06,-1.555032E-06,-1.129062E+02,-2.384043E+00
+1.083984E+02,+1.661917E-06,+6.597988E-06,-1.033446E+02,+1.324047E+00
+1.086426E+02,-2.340390E-06,-7.012654E-06,-1.026237E+02,-1.892911E+00
+1.088867E+02,+5.486547E-06,+3.658665E-06,-1.036163E+02,+5.881246E-01
+1.091309E+02,-9.438549E-06,+3.070267E-06,-1.000651E+02,+2.827098E+00
+1.093750E+02,+3.692041E-06,-8.103798E-06,-1.010071E+02,-1.143300E+00
+1.096191E+02,+7.129222E-06,+2.617460E-06,-1.023900E+02,+3.518665E-01
+1.098633E+02,-8.492842E-06,-1.919025E-06,-1.012027E+02,-2.919367E+00
+1.101074E+02,+6.917992E-06,+5.832979E-06,-1.008681E+02,+7.005101E-01
+1.103516E+02,-9.339241E-06,+7.966144E-07,-1.005623E+02,+3.056501E+00
+1.105957E+02,+3.784506E-06,-2.831296E-06,-1.065094E+02,-6.423020E-01
+1.108398E+02,+2.795896E-06,-8.551866E-08,-1.110655E+02,-3.057768E-02
+1.110840E+02,+2.343002E-06,+1.784295E-06,-1.106181E+02,+6.508473E-01
+1.113281E+02,-8.993150E-06,-1.375745E-06,-1.008213E+02,-2.989792E+00
+1.115723E+02,+8.576837E-06,-4.034266E-06,-1.004654E+02,-4.396619E-01
+1.118164E+02,-1.367853E-07,+8.943766E-06,-1.009686E+02,+1.586089E+00
+1.120605E+02,-3.023878E-06,-1.005713E-05,-9.957465E+01,-1.862868E+00
+1.123047E+02,-3.155169E-06,+8.415554E-06,-1.009271E+02,+1.929498E+00
+1.125488E+02,+1.392597E-06,-5.145411E-06,-1.054646E+02,-1.306480E+00
+1.127930E+02,+5.226975E-06,-1.642339E-07,-1.056307E+02,-3.141012E-02
+1.130371E+02,-3.446010E-06,+7.506203E-06,-1.016610E+02,+2.001182E+00
+1.132812E+02,-2.826072E-06,-9.645773E-06,-9.995560E+01,-1.855806E+00
+1.135254E+02,+7.477853E-06,+3.907503E-06,-1.014760E+02,+4.815192E-01
+1.137695E+02,-3.477399E-06,-3.467823E-06,-1.061766E+02,-2.357573E+00
+1.140137E+02,-2.847499E-06,+7.433435E-06,-1.019816E+02,+1.936620E+00
+1.142578E+02,+3.337205E-06,-3.582490E-06,-1.062031E+02,-8.208307E-01
+1.145020E+02,+4.492144E-07,+9.113747E-07,-1.198615E+02,+1.112847E+00
+1.147461E+02,-2.530771E-06,-1.448063E-06,-1.107049E+02,-2.621878E+00
+1.149902E+02,-9.645643E-08,+3.530143E-06,-1.090409E+02,+1.598113E+00
+1.152344E+02,-3.933502E-07,-6.596074E-06,-1.035989E+02,-1.630360E+00
+1.154785E+02,+3.577795E-06,+4.460590E-06,-1.048549E+02,+8.947822E-01
+1.157227E+02,-1.989358E-06,-3.216179E-06,-1.084462E+02,-2.124742E+00
+1.159668E+02,+1.754910E-06,+5.262576E-06,-1.051181E+02,+1.248923E+00
+1.162109E+02,-6.322256E-06,-7.363089E-06,-1.002601E+02,-2.280286E+00
+1.164551E+02,+7.135848E-06,+3.800963E-06,-1.018464E+02,+4.894310E-01
+1.166992E+02,-2.918442E-06,+2.955191E-06,-1.076320E+02,+2.349938E+00
+1.169434E+02,+2.553893E-07,-5.577696E-08,-1.316536E+02,-2.150234E-01
+1.171875E+02,+9.863385E-07,+2.657599E-07,-1.198151E+02,+2.631906E-01
+1.174316E+02,-9.888868E-07,-4.576443E-06,-1.065913E+02,-1.783606E+00
+1.176758E+02,+9.288741E-07,+2.777521E-06,-1.106664E+02,+1.248063E+00
+1.179199E+02,-4.576184E-06,+3.391573E-06,-1.048886E+02,+2.503789E+00
+1.181641E+02,+7.100536E-06,-1.014207E-05,-9.814517E+01,-9.599985E-01
+1.184082E+02,-4.112700E-06,+9.284660E-06,-9.986660E+01,+1.987777E+00
+1.186523E+02,+4.389334E-07,-4.114035E-06,-1.076655E+02,-1.464507E+00
+1.188965E+02,+3.346284E-06,-1.531824E-06,-1.086825E+02,-4.292955E-01
+1.191406E+02,-6.651909E-06,-3.729513E-07,-1.035274E+02,-3.085584E+00
+1.193848E+02,+3.114261E-06,+3.259831E-06,-1.069197E+02,+8.082320E-01
+1.196289E+02,+1.095179E-06,+3.024405E-06,-1.098521E+02,+1.223371E+00
+1.198730E+02,-4.159324E-07,-7.025825E-06,-1.030509E+02,-1.629928E+00
+1.201172E+02,+1.346339E-06,+2.118352E-06,-1.120066E+02,+1.004640E+00
+1.203613E+02,-4.662689E-06,+2.951144E-06,-1.051641E+02,+2.577313E+00
+1.206055E+02,+4.918113E-06,-1.440294E-06,-1.058067E+02,-2.848889E-01
+1.208496E+02,-3.647976E-06,+2.394283E-07,-1.087403E+02,+3.076053E+00
+1.210938E+02,+4.090195E-06,+2.726584E-06,-1.061683E+02,+5.879666E-01
+1.213379E+02,-8.029007E-07,-2.058159E-06,-1.131152E+02,-1.942745E+00
+1.215820E+02,-2.415445E-06,-3.862772E-06,-1.068287E+02,-2.129621E+00
+1.218262E+02,-2.550680E-06,+4.719333E-06,-1.054094E+02,+2.066297E+00
+1.220703E+02,+4.297445E-06,-1.963943E-07,-1.073267E+02,-4.566846E-02
+1.223145E+02,+4.331611E-07,-1.452905E-06,-1.163854E+02,-1.281052E+00
+1.225586E+02,+1.163688E-06,-6.680952E-06,-1.033734E+02,-1.398346E+00
+1.228027E+02,+8.255864E-07,+1.086134E-05,-9.925731E+01,+1.494931E+00
+1.230469E+02,-3.554053E-06,-4.014390E-06,-1.054141E+02,-2.295446E+00
+1.232910E+02,+1.114954E-06,-4.545573E-06,-1.065945E+02,-1.330262E+00
+1.235352E+02,+1.307554E-06,+6.951137E-06,-1.030079E+02,+1.384863E+00
+1.237793E+02,-5.641210E-06,-3.715265E-06,-1.034078E+02,-2.559200E+00
+1.240234E+02,+5.985243E-06,-9.225379E-07,-1.043564E+02,-1.529319E-01
+1.242676E+02,-5.139719E-06,+2.260575E-06,-1.050132E+02,+2.727233E+00
+1.245117E+02,+8.140958E-06,+2.300658E-06,-1.014528E+02,+2.754208E-01
+1.247559E+02,-6.049640E-06,-5.687183E-06,-1.016152E+02,-2.387067E+00
+1.250000E+02,+5.881207E-06,+3.263966E-06,-1.034446E+02,+5.066604E-01
+1.252441E+02,-8.186160E-06,+3.998578E-06,-1.008091E+02,+2.687223E+00
+1.254883E+02,-1.284191E-06,-1.059534E-05,-9.943436E+01,-1.691411E+00
+1.257324E+02,+8.056817E-06,+7.733408E-06,-9.904071E+01,+7.649194E-01
+1.259766E+02,-5.941962E-06,-6.009440E-06,-1.014618E+02,-2.350549E+00
+1.262207E+02,+4.528931E-06,+6.021950E-06,-1.024584E+02,+9.259714E-01
+1.264648E+02,-3.564649E-06,+1.991932E-06,-1.077795E+02,+2.632017E+00
+1.267090E+02,+1.566888E-06,-6.774777E-06,-1.031558E+02,-1.343510E+00
+1.269531E+02,-3.238420E-07,+4.028675E-06,-1.078688E+02,+1.651008E+00
+1.271973E+02,+3.786735E-07,-2.623126E-06,-1.115340E+02,-1.427427E+00
+1.274414E+02,-3.310300E-06,+4.359224E-06,-1.052345E+02,+2.220273E+00
+1.276855E+02,+3.610508E-06,-3.301525E-06,-1.062095E+02,-7.407256E-01
+1.279297E+02,+3.642215E-06,+3.191143E-06,-1.062987E+02,+7.194835E-01
+1.281738E+02,-8.914224E-06,-2.358938E-06,-1.007044E+02,-2.882896E+00
+1.284180E+02,+5.477661E-06,-7.456932E-07,-1.051483E+02,-1.353018E-01
+1.286621E+02,-3.803070E-06,+2.696984E-06,-1.066280E+02,+2.524746E+00
+1.289062E+02,+4.629975E-06,-2.244824E-07,-1.066782E+02,-4.844666E-02
+1.291504E+02,+4.337997E-06,-4.564200E-06,-1.040176E+02,-8.108025E-01
+1.293945E+02,-5.569254E-06,+9.907209E-06,-9.888840E+01,+2.082913E+00
+1.296387E+02,-5.832791E-07,-1.240505E-05,-9.811844E+01,-1.617781E+00
+1.298828E+02,+7.750777E-06,+3.461292E-06,-1.014233E+02,+4.200009E-01
+1.301270E+02,-7.713721E-06,-3.318841E-06,-1.015171E+02,-2.735282E+00
+1.303711E+02,+3.627259E-06,-2.066399E-06,-1.075878E+02,-5.178316E-01
+1.306152E+02,-1.476471E-05,+4.518353E-06,-9.622672E+01,+2.844619E+00
+1.308594E+02,-1.319739E-06,+4.045822E-06,-1.074207E+02,+1.886111E+00
+1.311035E+02,-1.447499E-06,+1.212505E-05,-9.826488E+01,+1.689615E+00
+1.313477E+02,+9.814292E-06,+8.412609E-06,-9.777043E+01,+7.086474E-01
+1.315918E+02,+2.356932E-05,-9.184732E-07,-9.254646E+01,-3.894930E-02
+1.318359E+02,+2.919796E-06,-1.970029E-05,-9.401618E+01,-1.423657E+00
+1.320801E+02,-7.950382E-06,-8.429890E-06,-9.872016E+01,-2.326929E+00
+1.323242E+02,-1.063775E-06,-2.082301E-07,-1.192997E+02,-2.948291E+00
+1.325684E+02,-2.824227E-06,-6.542371E-06,-1.029432E+02,-1.978313E+00
+1.328125E+02,-8.684293E-06,+1.021322E-05,-9.745387E+01,+2.275464E+00
+1.330566E+02,+5.564770E-06,-1.102474E-05,-9.816697E+01,-1.103354E+00
+1.333008E+02,-4.965196E-06,+9.417429E-06,-9.945613E+01,+2.055994E+00
+1.335449E+02,-8.702988E-06,-4.508155E-06,-1.001743E+02,-2.663648E+00
+1.337891E+02,+8.266159E-06,+6.288265E-07,-1.016289E+02,+7.592615E-02
+1.340332E+02,-1.011940E-05,-6.778626E-06,-9.828706E+01,-2.551380E+00
+1.342773E+02,+5.878642E-06,+1.348938E-05,-9.664498E+01,+1.159815E+00
+1.345215E+02,-3.093382E-06,-2.722943E-06,-1.076997E+02,-2.419798E+00
+1.347656E+02,+6.031381E-07,+1.098417E-06,-1.180402E+02,+1.068646E+00
+1.350098E+02,-7.250999E-06,-9.908604E-07,-1.027117E+02,-3.005782E+00
+1.352539E+02,+8.828179E-06,+8.637421E-06,-9.816611E+01,+7.744767E-01
+1.354980E+02,+2.884493E-07,-4.966331E-06,-1.060647E+02,-1.512781E+00
+1.357422E+02,+1.472147E-06,+6.838846E-06,-1.031036E+02,+1.358769E+00
+1.359863E+02,+7.929762E-07,-7.555986E-06,-1.023866E+02,-1.466232E+00
+1.362305E+02,-9.367176E-06,+3.434871E-06,-1.000199E+02,+2.790125E+00
+1.364746E+02,+7.252572E-06,-3.444179E-06,-1.019070E+02,-4.433592E-01
+1.367188E+02,+9.381732E-07,-4.313501E-07,-1.197215E+02,-4.309543E-01
+1.369629E+02,+3.525682E-06,+9.888468E-06,-9.957771E+01,+1.228303E+00
+1.372070E+02,-5.199453E-06,-8.590346E-06,-9.996417E+01,-2.115080E+00
+1.374512E+02,+4.999479E-07,+3.704831E-06,-1.085463E+02,+1.436662E+00
+1.376953E+02,+3.262011E-06,-1.485739E-06,-1.089116E+02,-4.273912E-01
+1.379395E+02,-4.949587E-06,-1.157587E-06,-1.058773E+02,-2.911847E+00
+1.381836E+02,+6.719584E-06,+4.935312E-06,-1.015795E+02,+6.334856E-01
+1.384277E+02,-4.964397E-06,-9.043983E-06,-9.972900E+01,-2.072808E+00
+1.386719E+02,+3.481262E-06,+9.472928E-06,-9.992015E+01,+1.218621E+00
+1.389160E+02,+9.037868E-09,-5.139680E-06,-1.057813E+02,-1.569038E+00
+1.391602E+02,-3.127561E-06,+3.869110E-06,-1.060640E+02,+2.250603E+00
+1.394043E+02,+2.331244E-06,-5.506747E-06,-1.044662E+02,-1.170330E+00
+1.396484E+02,-3.198801E-06,+1.424332E-06,-1.091147E+02,+2.722679E+00
+1.398926E+02,+8.060218E-06,-1.082303E-06,-1.017955E+02,-1.334788E-01
+1.401367E+02,-1.235743E-05,+3.357389E-06,-9.785213E+01,+2.876307E+00
+1.403809E+02,+1.689447E-05,-3.431559E-06,-9.526953E+01,-2.003912E-01
+1.406250E+02,-1.629434E-05,+5.113457E-07,-9.575499E+01,+3.110221E+00
+1.408691E+02,+7.213614E-06,+6.426172E-06,-1.002997E+02,+7.277309E-01
+1.411133E+02,+6.515014E-06,-3.756938E-06,-1.024749E+02,-5.230798E-01
+1.413574E+02,-6.885074E-06,-4.438686E-06,-1.017324E+02,-2.568965E+00
+1.416016E+02,-4.071918E-06,+3.563893E-06,-1.053340E+02,+2.422629E+00
+1.418457E+02,+4.515462E-06,+1.133501E-06,-1.066406E+02,+2.459447E-01
+1.420898E+02,-3.082070E-06,-3.409439E-06,-1.067524E+02,-2.305807E+00
+1.423340E+02,+5.445455E-06,-3.347461E-07,-1.052629E+02,-6.139531E-02
+1.425781E+02,-8.718740E-07,+5.832610E-06,-1.045868E+02,+1.719180E+00
+1.428223E+02,-2.155435E-06,-3.185895E-06,-1.082986E+02,-2.165614E+00
+1.430664E+02,+2.784905E-06,+2.903240E-07,-1.110569E+02,+1.038739E-01
+1.433105E+02,-3.418145E-06,-1.105433E-06,-1.088922E+02,-2.828807E+00
+1.435547E+02,+3.347375E-06,-2.693228E-06,-1.073381E+02,-6.775270E-01
+1.437988E+02,-6.729561E-06,+1.616595E-06,-1.031966E+02,+2.905837E+00
+1.440430E+02,+9.050686E-06,+4.599978E-06,-9.986848E+01,+4.702229E-01
+1.442871E+02,-6.056173E-06,-7.430459E-06,-1.003674E+02,-2.254645E+00
+1.445312E+02,+6.249930E-06,+3.215320E-06,-1.030627E+02,+4.751462E-01
+1.447754E+02,-1.189728E-05,+5.452125E-06,-9.766316E+01,+2.711885E+00
+1.450195E+02,+1.437665E-05,-6.366337E-06,-9.606919E+01,-4.168710E-01
+1.452637E+02,-1.108739E-05,+4.673094E-06,-9.839328E+01,+2.742709E+00
+1.455078E+02,+7.081052E-06,-6.789759E-06,-1.001664E+02,-7.644008E-01
+1.457520E+02,-5.436626E-06,+7.503751E-07,-1.052115E+02,+3.004437E+00
+1.459961E+02,+5.750560E-06,+4.593313E-06,-1.026626E+02,+6.739839E-01
+1.462402E+02,-1.109699E-05,-1.739901E-06,-9.899042E+01,-2.986068E+00
+1.464844E+02,+8.108248E-06,+2.336647E-06,-1.014750E+02,+2.805792E-01
+1.467285E+02,+5.556368E-06,-2.292978E-06,-1.044212E+02,-3.913856E-01
+1.469727E+02,-1.111042E-05,-2.380475E-06,-9.889046E+01,-2.930528E+00
+1.472168E+02,+9.199351E-06,+1.976865E-06,-1.005288E+02,+2.116727E-01
+1.474609E+02,-5.825196E-06,+1.590884E-06,-1.043814E+02,+2.874990E+00
+1.477051E+02,+2.342712E-07,+4.603410E-06,-1.067272E+02,+1.519949E+00
+1.479492E+02,+1.997682E-07,-8.650542E-06,-1.012568E+02,-1.547707E+00
+1.481934E+02,+7.080064E-06,+5.712982E-06,-1.008215E+02,+6.789408E-01
+1.484375E+02,-4.798610E-06,-2.281581E-06,-1.054925E+02,-2.697763E+00
+1.486816E+02,+1.991032E-07,-1.198771E-07,-1.326750E+02,-5.419512E-01
+1.489258E+02,+7.457249E-07,-1.337234E-06,-1.162999E+02,-1.062089E+00
+1.491699E+02,+2.580075E-06,-6.815500E-06,-1.027484E+02,-1.208908E+00
+1.494141E+02,-6.664847E-06,-2.727086E-07,-1.035169E+02,-3.100698E+00
+1.496582E+02,-3.934633E-06,+1.449473E-06,-1.075492E+02,+2.788631E+00
+1.499023E+02,-1.715249E-05,+1.041956E-05,-9.394937E+01,+2.595701E+00
+1.501465E+02,+3.136272E-05,+2.735364E-05,-8.761491E+01,+7.172253E-01
+1.503906E+02,+3.518143E-06,-3.206530E-05,-8.982733E+01,-1.461515E+00
+1.506348E+02,-8.565040E-06,-2.042030E-06,-1.011053E+02,-2.907547E+00
+1.508789E+02,+8.438831E-07,+1.257077E-06,-1.163971E+02,+9.795889E-01
+1.511230E+02,-4.241627E-07,-1.160626E-06,-1.181617E+02,-1.921177E+00
+1.513672E+02,+2.926385E-06,+7.892527E-07,-1.103684E+02,+2.634343E-01
+1.516113E+02,-1.077722E-05,-4.300768E-06,-9.870810E+01,-2.761896E+00
+1.518555E+02,+1.834947E-06,+6.995998E-06,-1.028141E+02,+1.314289E+00
+1.520996E+02,-4.262834E-06,+9.551185E-06,-9.960995E+01,+1.990581E+00
+1.523438E+02,+1.535139E-05,+1.566134E-05,-9.317906E+01,+7.953920E-01
+1.525879E+02,+2.706542E-05,-5.366022E-05,-8.442258E+01,-1.103647E+00
+1.528320E+02,-4.478247E-05,+2.074457E-05,-8.613358E+01,+2.707792E+00
+1.530762E+02,+5.170998E-06,+1.970483E-06,-1.051397E+02,+3.640767E-01
+1.533203E+02,+8.947232E-06,+1.340832E-07,-1.009653E+02,+1.498488E-02
+1.535645E+02,-3.210787E-06,+3.439017E-06,-1.065490E+02,+2.321887E+00
+1.538086E+02,-4.995850E-06,-3.710724E-07,-1.060039E+02,-3.067453E+00
+1.540527E+02,+3.804079E-06,-3.595006E-06,-1.056233E+02,-7.571491E-01
+1.542969E+02,+1.023956E-06,-2.804431E-06,-1.104996E+02,-1.220715E+00
+1.545410E+02,-3.710612E-06,+8.610168E-06,-1.005599E+02,+1.977702E+00
+1.547852E+02,-2.727219E-06,-9.512965E-06,-1.000907E+02,-1.849993E+00
+1.550293E+02,+1.587728E-05,-5.370125E-07,-9.597951E+01,-3.380980E-02
+1.552734E+02,-2.623384E-05,-5.294425E-06,-9.144939E+01,-2.942451E+00
+1.555176E+02,+6.362881E-06,+2.927976E-05,-9.046825E+01,+1.356810E+00
+1.557617E+02,+4.125030E-06,-1.189221E-05,-9.800134E+01,-1.236914E+00
+1.560059E+02,-2.362566E-06,-6.105555E-06,-1.036795E+02,-1.940005E+00
+1.562500E+02,+1.083725E-05,+7.997531E-06,-9.741348E+01,+6.357554E-01
+1.564941E+02,-7.342576E-06,-2.891273E-06,-1.020570E+02,-2.766470E+00
+1.567383E+02,+1.793776E-06,-1.207118E-06,-1.133024E+02,-5.923387E-01
+1.569824E+02,-3.914428E-06,-1.424067E-06,-1.076068E+02,-2.792678E+00
+1.572266E+02,+3.907881E-06,+4.491440E-06,-1.045045E+02,+8.547635E-01
+1.574707E+02,-1.518725E-06,-8.718435E-07,-1.151334E+02,-2.620463E+00
+1.577148E+02,+1.686696E-06,+2.071949E-07,-1.153942E+02,+1.222283E-01
+1.579590E+02,+3.845529E-06,+5.839685E-07,-1.082019E+02,+1.507051E-01
+1.582031E+02,+3.544403E-06,+1.232401E-06,-1.085135E+02,+3.346273E-01
+1.584473E+02,-7.545263E-06,+3.893520E-07,-1.024350E+02,+3.090036E+00
+1.586914E+02,+4.619731E-06,-9.251530E-06,-9.970889E+01,-1.107671E+00
+1.589355E+02,-6.361483E-07,+1.080529E-05,-9.931225E+01,+1.629602E+00
+1.591797E+02,+2.453701E-06,-8.893348E-06,-1.007001E+02,-1.301591E+00
+1.594238E+02,+9.356953E-07,+1.514752E-06,-1.149894E+02,+1.017448E+00
+1.596680E+02,-9.279540E-06,-1.588366E-06,-1.005241E+02,-2.972067E+00
+1.599121E+02,+8.549718E-06,+4.337080E-07,-1.013498E+02,+5.068431E-02
+1.601562E+02,-1.039452E-05,+4.723066E-06,-9.884879E+01,+2.715102E+00
+1.604004E+02,+1.287442E-05,-1.122744E-05,-9.534905E+01,-7.171699E-01
+1.606445E+02,-1.056532E-05,+8.426381E-06,-9.738428E+01,+2.468347E+00
+1.608887E+02,+1.984400E-06,+1.029231E-06,-1.130128E+02,+4.784648E-01
+1.611328E+02,+1.203176E-06,-6.317742E-06,-1.038340E+02,-1.382606E+00
+1.613770E+02,-3.607020E-06,+6.696641E-06,-1.023765E+02,+2.064869E+00
+1.616211E+02,+3.837565E-06,-2.204247E-06,-1.070806E+02,-5.213735E-01
+1.618652E+02,-1.808481E-07,+4.478599E-06,-1.069701E+02,+1.611155E+00
+1.621094E+02,+1.729231E-06,-6.042343E-06,-1.040340E+02,-1.292061E+00
+1.623535E+02,-2.833941E-06,+1.859017E-06,-1.093979E+02,+2.561023E+00
+1.625977E+02,-1.320439E-06,-1.002349E-06,-1.156094E+02,-2.492291E+00
+1.628418E+02,-2.317708E-06,+5.589159E-06,-1.043639E+02,+1.963893E+00
+1.630859E+02,+7.128154E-06,-5.038474E-06,-1.011806E+02,-6.153027E-01
+1.633301E+02,+5.420722E-06,+1.420476E-06,-1.050304E+02,+2.562831E-01
+1.635742E+02,-1.262513E-05,+3.182529E-07,-9.797253E+01,+3.116390E+00
+1.638184E+02,+2.634963E-06,-1.048128E-08,-1.115844E+02,-3.977749E-03
+1.640625E+02,+8.414583E-06,-1.205560E-06,-1.014111E+02,-1.423019E-01
+1.643066E+02,-1.131949E-05,-1.339468E-06,-9.886308E+01,-3.023808E+00
+1.645508E+02,+1.262622E-05,+1.826771E-06,-9.788456E+01,+1.436837E-01
+1.647949E+02,-5.395016E-06,+2.598867E-06,-1.044539E+02,+2.692679E+00
+1.650391E+02,-9.258915E-06,-8.281704E-06,-9.811594E+01,-2.411848E+00
+1.652832E+02,+7.443739E-06,+6.337604E-06,-1.001966E+02,+7.053066E-01
+1.655273E+02,+1.891935E-06,-3.640892E-06,-1.077377E+02,-1.091564E+00
+1.657715E+02,-5.497830E-06,+3.156087E-06,-1.039591E+02,+2.620465E+00
+1.660156E+02,+3.902992E-06,+1.131758E-06,-1.078214E+02,+2.822315E-01
+1.662598E+02,+1.184701E-06,-5.100327E-07,-1.177894E+02,-4.065334E-01
+1.665039E+02,-1.118896E-06,-3.046313E-06,-1.097749E+02,-1.922795E+00
+1.667480E+02,-4.003427E-07,-9.410349E-07,-1.198054E+02,-1.973029E+00
+1.669922E+02,-5.239170E-06,+5.547015E-06,-1.023494E+02,+2.327662E+00
+1.672363E+02,+3.590163E-06,-5.633642E-06,-1.035040E+02,-1.003421E+00
+1.674805E+02,+3.434833E-06,+4.642314E-06,-1.047691E+02,+9.337927E-01
+1.677246E+02,-1.960602E-06,-4.437341E-06,-1.062831E+02,-1.986845E+00
+1.679688E+02,+4.121452E-07,+8.413625E-06,-1.014899E+02,+1.521850E+00
+1.682129E+02,+1.064159E-06,-1.220689E-05,-9.823502E+01,-1.483839E+00
+1.684570E+02,-7.476358E-06,+4.868115E-06,-1.009912E+02,+2.564420E+00
+1.687012E+02,+1.311958E-05,+2.024021E-06,-9.753944E+01,+1.530681E-01
+1.689453E+02,-1.253049E-05,+3.568951E-06,-9.770188E+01,+2.864119E+00
+1.691895E+02,+7.063112E-06,-4.147121E-06,-1.017337E+02,-5.309190E-01
+1.694336E+02,-1.602454E-07,-1.325433E-06,-1.174898E+02,-1.691113E+00
+1.696777E+02,+1.512737E-06,+3.622636E-06,-1.081215E+02,+1.175228E+00
+1.699219E+02,-1.129478E-05,-1.385815E-06,-9.887756E+01,-3.019508E+00
+1.701660E+02,+5.525711E-06,-4.022698E-06,-1.033054E+02,-6.292695E-01
+1.704102E+02,+3.118260E-06,+4.258825E-06,-1.055500E+02,+9.387929E-01
+1.706543E+02,-1.951770E-06,+3.612253E-07,-1.140452E+02,+2.958588E+00
+1.708984E+02,+5.046801E-06,+8.535435E-07,-1.058172E+02,+1.675403E-01
+1.711426E+02,-3.182203E-06,-7.936924E-06,-1.013596E+02,-1.952110E+00
+1.713867E+02,-1.649128E-06,+9.273302E-06,-1.005201E+02,+1.746792E+00
+1.716309E+02,-2.482034E-06,-6.102229E-06,-1.036253E+02,-1.957101E+00
+1.718750E+02,+8.352275E-06,+9.550783E-06,-9.793234E+01,+8.522428E-01
+1.721191E+02,-8.619749E-06,-7.724348E-06,-9.873007E+01,-2.410924E+00
+1.723633E+02,+4.347021E-06,-3.475575E-06,-1.050897E+02,-6.744545E-01
+1.726074E+02,+1.703794E-06,+5.693440E-06,-1.045200E+02,+1.280023E+00
+1.728516E+02,-2.553195E-06,-1.486034E-06,-1.105913E+02,-2.614492E+00
+1.730957E+02,+4.613114E-07,+8.290298E-07,-1.204571E+02,+1.063017E+00
+1.733398E+02,-3.251961E-06,+8.034101E-07,-1.094998E+02,+2.899389E+00
+1.735840E+02,+2.553218E-06,-9.977937E-07,-1.112410E+02,-3.725490E-01
+1.738281E+02,+4.451809E-06,-5.358684E-07,-1.069668E+02,-1.197946E-01
+1.740723E+02,-3.742069E-06,-9.255677E-07,-1.082799E+02,-2.899118E+00
+1.743164E+02,-5.003100E-06,+3.291781E-06,-1.044531E+02,+2.559650E+00
+1.745605E+02,+7.594471E-06,-2.390249E-06,-1.019798E+02,-3.049202E-01
+1.748047E+02,-3.566924E-06,+1.434507E-07,-1.089471E+02,+3.101397E+00
+1.750488E+02,-5.920135E-08,-2.843874E-07,-1.307375E+02,-1.776037E+00
+1.752930E+02,+4.663811E-06,-4.889937E-07,-1.065777E+02,-1.044668E-01
+1.755371E+02,-9.047262E-06,+5.908699E-06,-9.932685E+01,+2.563046E+00
+1.757812E+02,+7.460183E-06,-6.540271E-06,-1.000687E+02,-7.197866E-01
+1.760254E+02,-1.928349E-06,+2.633226E-06,-1.097255E+02,+2.202882E+00
+1.762695E+02,+2.325262E-06,-6.450312E-06,-1.032778E+02,-1.224809E+00
+1.765137E+02,-4.845504E-06,+7.033663E-06,-1.013697E+02,+2.174035E+00
+1.767578E+02,+4.879395E-06,-4.001525E-06,-1.039989E+02,-6.868693E-01
+1.770020E+02,-5.559424E-06,+6.954790E-06,-1.010086E+02,+2.245151E+00
+1.772461E+02,+5.009807E-06,-8.513547E-06,-1.001064E+02,-1.038912E+00
+1.774902E+02,+1.679775E-06,+5.084102E-06,-1.054258E+02,+1.251690E+00
+1.777344E+02,-4.774492E-06,-1.983652E-06,-1.057299E+02,-2.747823E+00
+1.779785E+02,-2.701786E-06,+1.238672E-06,-1.105384E+02,+2.711722E+00
+1.782227E+02,+2.155469E-06,-1.068878E-06,-1.123743E+02,-4.603552E-01
+1.784668E+02,+5.091145E-06,+6.125068E-06,-1.019766E+02,+8.773195E-01
+1.787109E+02,-2.834524E-06,-6.737323E-06,-1.027225E+02,-1.969036E+00
+1.789551E+02,-1.020130E-06,+3.723470E-06,-1.082667E+02,+1.838207E+00
+1.791992E+02,+3.171287E-06,-5.805872E-06,-1.035887E+02,-1.070859E+00
+1.794434E+02,-4.189454E-06,+3.771359E-06,-1.049792E+02,+2.408665E+00
+1.796875E+02,-2.480648E-06,-2.271006E-06,-1.094650E+02,-2.400286E+00
+1.799316E+02,+8.135304E-06,+1.680114E-06,-1.016111E+02,+2.036582E-01
+1.801758E+02,-1.429081E-06,+2.512134E-06,-1.107815E+02,+2.088013E+00
+1.804199E+02,-4.026452E-06,-2.118362E-06,-1.068403E+02,-2.657275E+00
+1.806641E+02,-2.074058E-06,-1.636436E-06,-1.115617E+02,-2.473594E+00
+1.809082E+02,+3.431085E-06,+8.353857E-07,-1.090413E+02,+2.388287E-01
+1.811523E+02,-9.468023E-07,+4.270239E-07,-1.196707E+02,+2.717893E+00
+1.813965E+02,+2.919631E-06,-1.221495E-06,-1.099929E+02,-3.962443E-01
+1.816406E+02,-1.472989E-06,+2.242979E-06,-1.114263E+02,+2.151875E+00
+1.818848E+02,+2.740017E-07,+2.825255E-07,-1.280995E+02,+8.007131E-01
+1.821289E+02,+2.798845E-07,+6.905627E-07,-1.225554E+02,+1.185730E+00
+1.823730E+02,-2.681128E-06,-5.858554E-07,-1.112311E+02,-2.926463E+00
+1.826172E+02,+6.708053E-06,-1.882136E-06,-1.031390E+02,-2.735451E-01
+1.828613E+02,-9.576316E-06,+1.515406E-06,-1.002686E+02,+2.984649E+00
+1.831055E+02,+8.617031E-06,-1.394316E-06,-1.011806E+02,-1.604189E-01
+1.833496E+02,-6.164977E-06,-1.269751E-06,-1.040209E+02,-2.938471E+00
+1.835938E+02,+2.828284E-06,+2.144367E-06,-1.089972E+02,+6.487198E-01
+1.838379E+02,-6.727980E-07,-4.322743E-06,-1.071809E+02,-1.725199E+00
+1.840820E+02,+3.277480E-06,+6.415933E-06,-1.028478E+02,+1.098519E+00
+1.843262E+02,-6.704582E-06,-2.313373E-06,-1.029840E+02,-2.809340E+00
+1.845703E+02,+8.015355E-06,-2.044923E-06,-1.016477E+02,-2.497970E-01
+1.848145E+02,-9.316229E-06,+2.384481E-07,-1.006124E+02,+3.116003E+00
+1.850586E+02,+7.280614E-06,+5.353361E-06,-1.008796E+02,+6.340199E-01
+1.853027E+02,-3.807934E-07,-5.734438E-06,-1.048111E+02,-1.637104E+00
+1.855469E+02,-7.708389E-06,-2.621683E-07,-1.022557E+02,-3.107595E+00
+1.857910E+02,+1.144757E-05,+5.510642E-06,-9.792059E+01,+4.486418E-01
+1.860352E+02,-8.688722E-06,-9.619421E-06,-9.774620E+01,-2.305403E+00
+1.862793E+02,+2.453294E-06,+1.165230E-05,-9.848340E+01,+1.363285E+00
+1.865234E+02,+1.851882E-06,-8.400626E-06,-1.013077E+02,-1.353821E+00
+1.867676E+02,-1.980378E-06,+6.814988E-06,-1.029786E+02,+1.853599E+00
+1.870117E+02,+6.773265E-07,-7.509595E-06,-1.024525E+02,-1.480845E+00
+1.872559E+02,+2.440423E-06,+5.944104E-06,-1.038418E+02,+1.181218E+00
+1.875000E+02,-1.695711E-06,-7.483290E-06,-1.023007E+02,-1.793633E+00
+1.877441E+02,-1.265575E-06,+5.206869E-06,-1.054192E+02,+1.809231E+00
+1.879883E+02,-2.850735E-06,-4.001191E-06,-1.061733E+02,-2.189844E+00
+1.882324E+02,+1.910013E-06,+9.245492E-06,-1.004999E+02,+1.367074E+00
+1.884766E+02,+2.199455E-06,-8.086407E-06,-1.015349E+02,-1.305227E+00
+1.887207E+02,+4.239379E-08,+1.202631E-06,-1.183920E+02,+1.535560E+00
+1.889648E+02,-4.069829E-06,+3.346034E-06,-1.055659E+02,+2.453487E+00
+1.892090E+02,+5.608566E-06,-2.628789E-06,-1.041605E+02,-4.383035E-01
+1.894531E+02,-1.300416E-06,+1.143346E-06,-1.152312E+02,+2.420380E+00
+1.896973E+02,+1.367138E-06,-7.107881E-07,-1.162447E+02,-4.794482E-01
+1.899414E+02,-5.308733E-06,-8.023648E-07,-1.054021E+02,-2.991587E+00
+1.901855E+02,+2.715472E-07,+3.260414E-07,-1.274463E+02,+8.763368E-01
+1.904297E+02,+1.591930E-06,+9.290502E-07,-1.146886E+02,+5.282732E-01
+1.906738E+02,+2.351761E-06,+2.905485E-06,-1.085472E+02,+8.903370E-01
+1.909180E+02,+1.342831E-06,-1.428284E-06,-1.141531E+02,-8.162253E-01
+1.911621E+02,-3.794224E-06,-4.269301E-06,-1.048647E+02,-2.297346E+00
+1.914062E+02,-4.506076E-06,-2.675770E-06,-1.056123E+02,-2.605734E+00
+1.916504E+02,+7.431912E-06,+8.415595E-06,-9.899438E+01,+8.473904E-01
+1.918945E+02,-2.393979E-06,-5.439184E-06,-1.045203E+02,-1.985417E+00
+1.921387E+02,-2.772386E-06,+3.842975E-06,-1.064870E+02,+2.195752E+00
+1.923828E+02,+5.602227E-06,-2.087287E-06,-1.044682E+02,-3.566489E-01
+1.926270E+02,-4.857477E-06,-1.705297E-06,-1.057670E+02,-2.803968E+00
+1.928711E+02,+5.654326E-06,+8.438222E-06,-9.986426E+01,+9.804308E-01
+1.931152E+02,-4.191747E-06,-7.367687E-06,-1.014355E+02,-2.088062E+00
+1.933594E+02,-5.514301E-06,-4.914831E-07,-1.051358E+02,-3.052699E+00
+1.936035E+02,+7.331137E-06,-1.349553E-06,-1.025518E+02,-1.820470E-01
+1.938477E+02,+4.133911E-06,+6.212313E-06,-1.025428E+02,+9.836446E-01
+1.940918E+02,-6.194431E-06,-2.779565E-06,-1.033633E+02,-2.719804E+00
+1.943359E+02,+1.432241E-06,-3.510910E-06,-1.084231E+02,-1.183464E+00
+1.945801E+02,-2.881318E-07,+4.631375E-06,-1.066690E+02,+1.632929E+00
+1.948242E+02,-3.577112E-06,+4.343407E-07,-1.088658E+02,+3.020762E+00
+1.950684E+02,+7.649495E-06,-4.150497E-06,-1.012067E+02,-4.971321E-01
+1.953125E+02,-6.409307E-06,+1.769936E-06,-1.035446E+02,+2.872157E+00
+1.955566E+02,+4.656732E-06,-9.232364E-07,-1.064709E+02,-1.957204E-01
+1.958008E+02,-7.013128E-06,+6.044023E-06,-1.006695E+02,+2.430279E+00
+1.960449E+02,+4.604161E-06,-5.256670E-06,-1.031131E+02,-8.514736E-01
+1.962891E+02,-1.842820E-06,-3.958420E-06,-1.071976E+02,-2.006502E+00
+1.965332E+02,+2.654210E-06,+2.172622E-06,-1.092940E+02,+6.859540E-01
+1.967773E+02,-3.736462E-06,+8.552715E-06,-1.005993E+02,+1.982681E+00
+1.970215E+02,+6.442231E-06,-1.048581E-05,-9.819717E+01,-1.019873E+00
+1.972656E+02,-4.801264E-07,+5.133513E-06,-1.057539E+02,+1.664053E+00
+1.975098E+02,-5.094149E-06,+7.693625E-07,-1.057606E+02,+2.991697E+00
+1.977539E+02,-1.997775E-06,-1.244991E-06,-1.125640E+02,-2.584297E+00
+1.979980E+02,+3.453613E-06,+4.901786E-07,-1.091479E+02,+1.409904E-01
+1.982422E+02,+3.496355E-06,+1.487226E-06,-1.084054E+02,+4.021795E-01
+1.984863E+02,-3.369739E-06,-6.653038E-06,-1.025478E+02,-2.039628E+00
+1.987305E+02,-6.292327E-08,+6.276061E-06,-1.040458E+02,+1.580822E+00
+1.989746E+02,+2.727122E-06,-1.900581E-06,-1.095666E+02,-6.086548E-01
+1.992188E+02,-8.209634E-06,-4.594384E-07,-1.016999E+02,-3.085688E+00
+1.994629E+02,+4.504737E-06,-2.387696E-07,-1.069144E+02,-5.295457E-02
+1.997070E+02,+4.408979E-06,+3.795614E-06,-1.047050E+02,+7.107782E-01
+1.999512E+02,-3.627683E-06,-5.696844E-06,-1.034090E+02,-2.137828E+00
+2.001953E+02,+8.159892E-07,+2.388480E-06,-1.119581E+02,+1.241593E+00
+2.004395E+02,-3.574393E-07,+6.968884E-06,-1.031253E+02,+1.622042E+00
+2.006836E+02,+2.972428E-06,-7.557778E-06,-1.018075E+02,-1.196084E+00
+2.009277E+02,-7.727044E-06,-1.581586E-06,-1.020615E+02,-2.939699E+00
+2.011719E+02,+3.027295E-06,+9.056458E-07,-1.100066E+02,+2.906860E-01
+2.014160E+02,+6.161235E-06,+5.319126E-06,-1.017879E+02,+7.121771E-01
+2.016602E+02,-4.818712E-06,-4.345568E-06,-1.037568E+02,-2.407778E+00
+2.019043E+02,-3.024579E-06,-4.719141E-06,-1.050282E+02,-2.140760E+00
+2.021484E+02,+9.163280E-06,+8.618204E-06,-9.800686E+01,+7.547536E-01
+2.023926E+02,-5.866276E-06,-4.453723E-06,-1.026561E+02,-2.492225E+00
+2.026367E+02,-9.571712E-07,-9.721920E-07,-1.173018E+02,-2.348409E+00
+2.028809E+02,-1.881462E-06,+1.249615E-05,-9.796712E+01,+1.720237E+00
+2.031250E+02,+5.208637E-06,-1.425784E-05,-9.637488E+01,-1.220541E+00
+2.033691E+02,-3.738528E-06,+5.377452E-06,-1.036761E+02,+2.178309E+00
+2.036133E+02,+6.672341E-06,-4.728311E-06,-1.017472E+02,-6.165034E-01
+2.038574E+02,-9.747234E-06,+6.157276E-06,-9.876408E+01,+2.578194E+00
+2.041016E+02,+7.460500E-06,-6.885538E-06,-9.986869E+01,-7.453415E-01
+2.043457E+02,-4.139731E-06,+3.487964E-06,-1.053308E+02,+2.441435E+00
+2.045898E+02,-9.653158E-07,+4.498566E-06,-1.067430E+02,+1.782174E+00
+2.048340E+02,+4.338586E-06,-4.779610E-06,-1.038020E+02,-8.337280E-01
+2.050781E+02,-3.147813E-06,-1.559837E-06,-1.090862E+02,-2.681527E+00
+2.053223E+02,+2.625239E-06,+8.315898E-06,-1.011892E+02,+1.265009E+00
+2.055664E+02,+4.744983E-06,-1.246441E-05,-9.749882E+01,-1.207053E+00
+2.058105E+02,-1.164712E-05,+1.132800E-05,-9.578431E+01,+2.370084E+00
+2.060547E+02,+5.939501E-06,-6.239151E-06,-1.012957E+02,-8.099978E-01
+2.062988E+02,-2.848757E-06,+2.952211E-06,-1.077389E+02,+2.338363E+00
+2.065430E+02,+3.876682E-06,-1.884621E-07,-1.082206E+02,-4.857604E-02
+2.067871E+02,-1.332949E-06,-1.279624E-06,-1.146671E+02,-2.376603E+00
+2.070312E+02,-9.540970E-07,+5.663840E-07,-1.190971E+02,+2.605867E+00
+2.072754E+02,+4.707290E-06,+3.737474E-06,-1.044216E+02,+6.710567E-01
+2.075195E+02,-3.278465E-06,-6.428527E-06,-1.028338E+02,-2.042402E+00
+2.077637E+02,+2.232053E-06,+2.604342E-06,-1.092942E+02,+8.622231E-01
+2.080078E+02,-1.034535E-05,-3.630853E-06,-9.920061E+01,-2.804059E+00
+2.082520E+02,+1.067849E-05,+5.384379E-06,-9.844598E+01,+4.670233E-01
+2.084961E+02,-5.924829E-06,+9.148712E-07,-1.044442E+02,+2.988389E+00
+2.087402E+02,+3.987964E-06,-1.145399E-05,-9.832394E+01,-1.235751E+00
+2.089844E+02,-4.045734E-06,+1.201500E-05,-9.793908E+01,+1.895595E+00
+2.092285E+02,+1.164442E-05,-7.313542E-06,-9.723354E+01,-5.608059E-01
+2.094727E+02,-1.146641E-05,+4.394549E-06,-9.821626E+01,+2.775605E+00
+2.097168E+02,+1.583433E-06,-1.450266E-07,-1.159717E+02,-9.133517E-02
+2.099609E+02,-7.058616E-07,+1.784142E-06,-1.143399E+02,+1.947531E+00
+2.102051E+02,+4.014181E-06,-2.053447E-06,-1.069186E+02,-4.728434E-01
+2.104492E+02,-1.746488E-06,-1.818498E-06,-1.119674E+02,-2.335998E+00
+2.106934E+02,+6.513424E-07,+6.806379E-06,-1.033021E+02,+1.475391E+00
+2.109375E+02,-9.237549E-07,-9.279039E-06,-1.006071E+02,-1.670022E+00
+2.111816E+02,+1.155256E-06,+2.507989E-06,-1.111778E+02,+1.139138E+00
+2.114258E+02,-4.214963E-06,+2.079706E-06,-1.065578E+02,+2.683231E+00
+2.116699E+02,+1.042638E-05,-2.680632E-06,-9.935935E+01,-2.516508E-01
+2.119141E+02,-1.162821E-05,+5.598593E-06,-9.778431E+01,+2.692881E+00
+2.121582E+02,+4.528652E-06,-8.192455E-06,-1.005737E+02,-1.065819E+00
+2.124023E+02,+1.353344E-06,+7.957263E-06,-1.018609E+02,+1.402332E+00
+2.126465E+02,-3.200055E-06,-5.559667E-06,-1.038563E+02,-2.093069E+00
+2.128906E+02,+2.481943E-06,+4.622371E-06,-1.056025E+02,+1.078034E+00
+2.131348E+02,-2.282300E-06,-4.914316E-06,-1.053225E+02,-2.005576E+00
+2.133789E+02,+2.556380E-06,+5.365251E-06,-1.045197E+02,+1.126150E+00
+2.136230E+02,-9.571653E-07,-2.273304E-06,-1.121581E+02,-1.969313E+00
+2.138672E+02,-2.527254E-06,-5.578158E-06,-1.042594E+02,-1.996194E+00
+2.141113E+02,+5.756867E-06,+8.283665E-06,-9.992420E+01,+9.634567E-01
+2.143555E+02,-5.167088E-06,-2.306114E-06,-1.049462E+02,-2.721813E+00
+2.145996E+02,+3.651119E-06,-5.509643E-06,-1.035965E+02,-9.855602E-01
+2.148438E+02,-5.676242E-06,+4.402081E-06,-1.028737E+02,+2.481953E+00
+2.150879E+02,+1.038921E-05,+2.999632E-06,-9.932061E+01,+2.810817E-01
+2.153320E+02,-6.991251E-06,-7.212968E-06,-9.996090E+01,-2.340587E+00
+2.155762E+02,-4.901928E-06,+2.781107E-06,-1.049807E+02,+2.625527E+00
+2.158203E+02,+8.089772E-06,+5.472789E-06,-1.002047E+02,+5.947844E-01
+2.160645E+02,-6.024222E-06,-4.152253E-06,-1.027138E+02,-2.538111E+00
+2.163086E+02,+1.150376E-05,-5.193446E-06,-9.797762E+01,-4.240645E-01
+2.165527E+02,-1.405013E-05,+7.698655E-06,-9.590616E+01,+2.640331E+00
+2.167969E+02,+4.682628E-06,-2.398302E-06,-1.055785E+02,-4.733362E-01
+2.170410E+02,+1.222216E-06,+1.061818E-07,-1.182244E+02,+8.665882E-02
+2.172852E+02,+1.448851E-06,-4.318939E-07,-1.164098E+02,-2.897073E-01
+2.175293E+02,-5.624244E-06,+4.350287E-07,-1.049728E+02,+3.064398E+00
+2.177734E+02,+9.887603E-06,-5.909698E-06,-9.877165E+01,-5.387175E-01
+2.180176E+02,-6.250104E-06,+1.176868E-05,-9.750641E+01,+2.058997E+00
+2.182617E+02,-1.113998E-06,-8.525842E-06,-1.013117E+02,-1.700722E+00
+2.185059E+02,-1.572614E-06,+1.762445E-06,-1.125342E+02,+2.299336E+00
+2.187500E+02,+6.907450E-06,+1.507195E-06,-1.030116E+02,+2.148313E-01
+2.189941E+02,-6.885987E-06,-2.089519E-06,-1.028581E+02,-2.846978E+00
+2.192383E+02,+2.524117E-06,+9.880488E-07,-1.113387E+02,+3.731083E-01
+2.194824E+02,+1.701428E-06,-1.356067E-06,-1.132479E+02,-6.729194E-01
+2.197266E+02,-3.201464E-06,+4.392185E-06,-1.052958E+02,+2.200656E+00
+2.199707E+02,+4.374190E-06,-3.455515E-06,-1.050760E+02,-6.686001E-01
+2.202148E+02,-3.021759E-06,-5.336873E-07,-1.102614E+02,-2.966781E+00
+2.204590E+02,+1.066393E-06,+2.172103E-06,-1.123246E+02,+1.114415E+00
+2.207031E+02,-3.682504E-06,-1.885209E-06,-1.076663E+02,-2.668441E+00
+2.209473E+02,+1.061490E-05,+1.104392E-06,-9.943493E+01,+1.036688E-01
+2.211914E+02,-1.315078E-05,-3.382950E-06,-9.734269E+01,-2.889808E+00
+2.214355E+02,+5.242101E-06,+3.271478E-06,-1.041814E+02,+5.579358E-01
+2.216797E+02,+3.401721E-06,+1.736710E-06,-1.083601E+02,+4.720430E-01
+2.219238E+02,-5.796235E-06,-3.088017E-06,-1.036520E+02,-2.652080E+00
+2.221680E+02,+4.544062E-06,+3.024762E-06,-1.052582E+02,+5.872995E-01
+2.224121E+02,-8.588135E-07,+6.737041E-07,-1.192393E+02,+2.476400E+00
+2.226562E+02,-3.357291E-06,-5.840616E-06,-1.034309E+02,-2.092494E+00
+2.229004E+02,-1.063340E-07,+5.762470E-07,-1.246424E+02,+1.753272E+00
+2.231445E+02,+3.286234E-06,+3.249128E-06,-1.067048E+02,+7.797205E-01
+2.233887E+02,-1.009535E-06,-3.242303E-06,-1.093811E+02,-1.872645E+00
+2.236328E+02,-7.209029E-07,+6.921551E-06,-1.031491E+02,+1.674575E+00
+2.238770E+02,+1.315578E-06,-5.846654E-06,-1.044473E+02,-1.349469E+00
+2.241211E+02,-9.594770E-07,-2.256758E-06,-1.122087E+02,-1.972800E+00
+2.243652E+02,-3.720639E-06,+1.172785E-05,-9.819915E+01,+1.878001E+00
+2.246094E+02,+6.235528E-06,-9.675915E-06,-9.877768E+01,-9.983410E-01
+2.248535E+02,-2.686127E-07,-1.146326E-07,-1.306909E+02,-2.738234E+00
+2.250977E+02,-2.568212E-06,+2.936635E-06,-1.081760E+02,+2.289367E+00
+2.253418E+02,-6.903223E-07,+6.678172E-07,-1.203502E+02,+2.372764E+00
+2.255859E+02,+2.249860E-06,-2.954735E-06,-1.086036E+02,-9.200123E-01
+2.258301E+02,-4.462133E-07,+4.793369E-06,-1.063497E+02,+1.663618E+00
+2.260742E+02,-7.752824E-07,-5.028220E-06,-1.058697E+02,-1.723778E+00
+2.263184E+02,+1.860403E-06,+3.028679E-06,-1.089846E+02,+1.019956E+00
+2.265625E+02,+1.273126E-06,-9.835734E-07,-1.158699E+02,-6.577872E-01
+2.268066E+02,-9.564660E-06,-4.803235E-06,-9.940990E+01,-2.676198E+00
+2.270508E+02,+9.098943E-06,+3.894826E-06,-1.000895E+02,+4.044533E-01
+2.272949E+02,-4.431283E-06,+5.645318E-06,-1.028814E+02,+2.236292E+00
+2.275391E+02,+4.922608E-06,-1.161900E-05,-9.797967E+01,-1.170054E+00
+2.277832E+02,-8.089181E-06,+1.169952E-05,-9.693976E+01,+2.175735E+00
+2.280273E+02,+9.649505E-06,-6.786183E-06,-9.856469E+01,-6.129155E-01
+2.282715E+02,-5.642486E-06,+1.676714E-06,-1.046031E+02,+2.852745E+00
+2.285156E+02,+3.033024E-06,+5.869030E-07,-1.102028E+02,+1.911419E-01
+2.287598E+02,-5.471496E-06,-6.652525E-07,-1.051741E+02,-3.020601E+00
+2.290039E+02,+6.023144E-06,+2.738963E-06,-1.035872E+02,+4.267885E-01
+2.292480E+02,-4.714227E-06,-2.275770E-06,-1.056220E+02,-2.691844E+00
+2.294922E+02,+4.573520E-06,-1.561798E-06,-1.063160E+02,-3.290709E-01
+2.297363E+02,-7.016325E-07,+3.940826E-06,-1.079527E+02,+1.746992E+00
+2.299805E+02,-5.315045E-06,-1.103303E-06,-1.053066E+02,-2.936918E+00
+2.302246E+02,+7.766786E-06,-2.543820E-06,-1.017526E+02,-3.165144E-01
+2.304688E+02,-6.837204E-06,-4.709584E-06,-1.016161E+02,-2.538411E+00
+2.307129E+02,+3.567239E-06,+7.579361E-06,-1.015384E+02,+1.130902E+00
+2.309570E+02,-4.257561E-07,-5.129965E-07,-1.235219E+02,-2.263528E+00
+2.312012E+02,-3.904060E-07,-1.644685E-06,-1.154403E+02,-1.803857E+00
+2.314453E+02,+5.069364E-06,+1.202929E-06,-1.056630E+02,+2.329846E-01
+2.316895E+02,-1.071124E-05,-4.814245E-06,-9.860412E+01,-2.719190E+00
+2.319336E+02,+4.194034E-06,+9.677797E-06,-9.953701E+01,+1.161860E+00
+2.321777E+02,+6.561856E-07,-7.752355E-06,-1.021803E+02,-1.486354E+00
+2.324219E+02,+7.399291E-06,+4.752712E-06,-1.011161E+02,+5.709573E-01
+2.326660E+02,-9.089898E-06,-2.775395E-06,-1.004417E+02,-2.845256E+00
+2.329102E+02,-1.379936E-06,+1.257352E-06,-1.145778E+02,+2.402642E+00
+2.331543E+02,+6.384609E-06,-7.942834E-07,-1.038306E+02,-1.237700E-01
+2.333984E+02,+1.874638E-06,-1.221886E-06,-1.130040E+02,-5.776385E-01
+2.336426E+02,-5.419097E-06,+4.626949E-06,-1.029435E+02,+2.434883E+00
+2.338867E+02,+1.796509E-07,-6.927029E-06,-1.031861E+02,-1.544867E+00
+2.341309E+02,+1.302667E-07,+4.493857E-06,-1.069440E+02,+1.541817E+00
+2.343750E+02,+7.504853E-06,-7.402426E-07,-1.024511E+02,-9.831717E-02
+2.346191E+02,-1.053448E-05,-2.541451E-06,-9.930206E+01,-2.904866E+00
+2.348633E+02,+6.220879E-06,+1.172907E-06,-1.039713E+02,+1.863560E-01
+2.351074E+02,-2.775433E-06,+3.715310E-07,-1.110563E+02,+3.008520E+00
+2.353516E+02,-1.438366E-06,-1.121699E-06,-1.147793E+02,-2.479264E+00
+2.355957E+02,+3.549596E-07,+3.169053E-06,-1.099273E+02,+1.459253E+00
+2.358398E+02,+7.275950E-06,+3.389501E-09,-1.027622E+02,+4.658499E-04
+2.360840E+02,-1.098490E-05,-2.888067E-06,-9.889381E+01,-2.884499E+00
+2.363281E+02,+1.033725E-05,+4.591847E-06,-9.892981E+01,+4.180233E-01
+2.365723E+02,-4.655357E-06,-4.802980E-06,-1.034930E+02,-2.340588E+00
+2.368164E+02,-7.699021E-08,+1.046729E-06,-1.195799E+02,+1.644217E+00
+2.370605E+02,+1.641327E-06,+3.135011E-06,-1.090232E+02,+1.088489E+00
+2.373047E+02,+1.358966E-06,-4.559231E-06,-1.064525E+02,-1.281112E+00
+2.375488E+02,-6.339312E-06,+2.553327E-06,-1.033062E+02,+2.758695E+00
+2.377930E+02,+2.719019E-06,+5.338783E-07,-1.111475E+02,+1.938831E-01
+2.380371E+02,-8.866469E-07,-3.814767E-06,-1.081422E+02,-1.799167E+00
+2.382812E+02,+3.070540E-06,+3.854921E-06,-1.061460E+02,+8.981780E-01
+2.385254E+02,-7.442566E-07,+3.747854E-06,-1.083564E+02,+1.766828E+00
+2.387695E+02,-2.611337E-06,-6.163628E-06,-1.034863E+02,-1.971539E+00
+2.390137E+02,-1.459766E-06,-4.136579E-06,-1.071574E+02,-1.910045E+00
+2.392578E+02,+6.178420E-06,+2.708918E-06,-1.034188E+02,+4.132062E-01
+2.395020E+02,-2.870524E-06,+4.286228E-06,-1.057493E+02,+2.160902E+00
+2.397461E+02,+1.621422E-06,-5.354888E-06,-1.050440E+02,-1.276779E+00
+2.399902E+02,-5.375505E-07,+1.071219E-05,-9.939151E+01,+1.620935E+00
+2.402344E+02,+7.036599E-08,-8.899495E-06,-1.010124E+02,-1.562890E+00
+2.404785E+02,-8.907821E-06,+2.199514E-06,-1.007475E+02,+2.899516E+00
+2.407227E+02,+1.276350E-05,-3.636706E-06,-9.754160E+01,-2.775745E-01
+2.409668E+02,-3.395775E-06,+7.471698E-06,-1.017161E+02,+1.997374E+00
+2.412109E+02,-1.859818E-06,-3.548549E-06,-1.079449E+02,-2.053543E+00
+2.414551E+02,+3.541009E-06,-3.866170E-06,-1.056089E+02,-8.292680E-01
+2.416992E+02,-6.294479E-06,+4.994224E-06,-1.019002E+02,+2.470871E+00
+2.419434E+02,+5.194863E-06,-5.138768E-06,-1.027251E+02,-7.799698E-01
+2.421875E+02,-5.541023E-06,+3.820225E-06,-1.034393E+02,+2.537987E+00
+2.424316E+02,+6.851431E-06,-1.513171E-06,-1.030775E+02,-2.173655E-01
+2.426758E+02,-6.412849E-07,+5.699041E-06,-1.048293E+02,+1.682850E+00
+2.429199E+02,-4.206273E-06,-9.376177E-06,-9.976314E+01,-1.992496E+00
+2.431641E+02,-8.079657E-07,+6.242445E-06,-1.040208E+02,+1.699512E+00
+2.434082E+02,+4.021085E-06,-6.016838E-06,-1.028091E+02,-9.816601E-01
+2.436523E+02,-3.205937E-06,+9.924841E-06,-9.963448E+01,+1.883238E+00
+2.438965E+02,+3.493092E-07,-1.185983E-05,-9.851467E+01,-1.541352E+00
+2.441406E+02,+7.601807E-06,+6.982036E-06,-9.972503E+01,+7.429267E-01
+2.443848E+02,-1.231082E-05,+2.550374E-06,-9.801176E+01,+2.937317E+00
+2.446289E+02,+9.988038E-06,-7.036183E-06,-9.826031E+01,-6.137136E-01
+2.448730E+02,-7.083665E-06,+5.395151E-06,-1.010080E+02,+2.490688E+00
+2.451172E+02,+5.721120E-06,-3.360713E-06,-1.035629E+02,-5.311198E-01
+2.453613E+02,-5.188551E-06,+6.127710E-06,-1.019064E+02,+2.273392E+00
+2.456055E+02,+4.173428E-06,-9.003974E-06,-1.000661E+02,-1.136765E+00
+2.458496E+02,-5.585644E-06,+6.493147E-06,-1.013454E+02,+2.281204E+00
+2.460938E+02,+3.422882E-06,-2.476047E-06,-1.074844E+02,-6.262460E-01
+2.463379E+02,+7.269269E-06,-9.564626E-07,-1.026956E+02,-1.308247E-01
+2.465820E+02,-7.339017E-06,+3.235808E-06,-1.019157E+02,+2.726328E+00
+2.468262E+02,-8.691146E-08,-6.021187E-06,-1.044054E+02,-1.585230E+00
+2.470703E+02,-2.241946E-06,+2.522912E-06,-1.094342E+02,+2.297297E+00
+2.473145E+02,+1.325017E-06,+7.864574E-06,-1.019649E+02,+1.403885E+00
+2.475586E+02,+1.289787E-06,-6.780375E-06,-1.032206E+02,-1.382819E+00
+2.478027E+02,-1.106367E-07,-2.981392E-06,-1.105056E+02,-1.607888E+00
+2.480469E+02,-2.749923E-06,+1.422805E-06,-1.101834E+02,+2.664124E+00
+2.482910E+02,+4.854995E-06,+4.172323E-06,-1.038744E+02,+7.099190E-01
+2.485352E+02,-2.171619E-06,-3.253292E-06,-1.081531E+02,-2.159386E+00
+2.487793E+02,+2.662489E-06,-1.454183E-06,-1.103605E+02,-4.999013E-01
+2.490234E+02,+1.200100E-07,+4.947975E-06,-1.061089E+02,+1.546547E+00
+2.492676E+02,-3.548377E-06,+1.853059E-06,-1.079521E+02,+2.660322E+00
+2.495117E+02,+7.055722E-07,-7.512033E-06,-1.024467E+02,-1.477145E+00
+2.497559E+02,-2.258496E-06,+6.227899E-06,-1.035766E+02,+1.918689E+00
+2.500000E+02,-1.927647E-06,-1.326930E-05,-9.745233E+01,-1.715058E+00
+2.502441E+02,+9.554713E-06,+1.937482E-05,-9.330984E+01,+1.112643E+00
+2.504883E+02,-5.135118E-06,-1.624277E-05,-9.537307E+01,-1.877001E+00
+2.507324E+02,-4.792396E-06,+1.024614E-05,-9.892959E+01,+2.008294E+00
+2.509766E+02,+8.325441E-06,-7.054850E-06,-9.924147E+01,-7.029737E-01
+2.512207E+02,-3.405712E-06,+1.058645E-05,-9.907729E+01,+1.882045E+00
+2.514648E+02,+3.669069E-06,-1.094458E-05,-9.875346E+01,-1.247330E+00
+2.517090E+02,-1.184667E-05,+6.758968E-06,-9.730423E+01,+2.623119E+00
+2.519531E+02,+1.194994E-05,-2.678431E-06,-9.823981E+01,-2.204934E-01
+2.521973E+02,-1.610144E-06,-2.742702E-06,-1.099503E+02,-2.101650E+00
+2.524414E+02,-1.184603E-05,+3.040585E-06,-9.825145E+01,+2.890341E+00
+2.526855E+02,+1.127119E-05,+8.835983E-07,-9.893399E+01,+7.823440E-02
+2.529297E+02,-5.526481E-07,-2.126520E-06,-1.131628E+02,-1.825056E+00
+2.531738E+02,-3.372842E-06,+4.226530E-06,-1.053403E+02,+2.244327E+00
+2.534180E+02,+1.186563E-06,-5.044552E-06,-1.057097E+02,-1.339779E+00
+2.536621E+02,+4.195018E-06,+6.735457E-06,-1.020090E+02,+1.013762E+00
+2.539062E+02,-4.073454E-06,-8.920480E-06,-1.001697E+02,-1.999159E+00
+2.541504E+02,-2.876012E-07,-1.261851E-06,-1.177599E+02,-1.794888E+00
+2.543945E+02,-2.092024E-06,+1.102673E-05,-9.899750E+01,+1.758291E+00
+2.546387E+02,-6.028250E-07,-6.087993E-06,-1.042681E+02,-1.669493E+00
+2.548828E+02,+8.341067E-06,+3.288733E-06,-1.009480E+02,+3.755675E-01
+2.551270E+02,-2.422175E-06,-1.905749E-06,-1.102233E+02,-2.474957E+00
+2.553711E+02,-2.710235E-06,-5.311878E-06,-1.044902E+02,-2.042588E+00
+2.556152E+02,-8.604075E-07,+6.503330E-06,-1.036619E+02,+1.702335E+00
+2.558594E+02,+1.880962E-06,-6.420603E-07,-1.140337E+02,-3.289452E-01
+2.561035E+02,-4.561776E-08,-1.352651E-06,-1.173714E+02,-1.604508E+00
+2.563477E+02,-1.026599E-06,+2.109660E-06,-1.125928E+02,+2.023681E+00
+2.565918E+02,-9.404416E-07,-2.760959E-06,-1.107021E+02,-1.899092E+00
+2.568359E+02,-4.112935E-07,-1.849327E-06,-1.144501E+02,-1.789636E+00
+2.570801E+02,+1.522488E-06,+5.412081E-06,-1.050019E+02,+1.296571E+00
+2.573242E+02,+4.556485E-06,-5.405314E-06,-1.030121E+02,-8.704013E-01
+2.575684E+02,-1.286473E-05,-2.000804E-06,-9.770819E+01,-2.987302E+00
+2.578125E+02,+1.620379E-05,+8.358792E-06,-9.478297E+01,+4.762504E-01
+2.580566E+02,-1.229428E-05,-6.994748E-06,-9.698806E+01,-2.624322E+00
+2.583008E+02,+4.450698E-06,+7.168940E-06,-1.014751E+02,+1.015201E+00
+2.585449E+02,-3.068191E-06,-1.038655E-06,-1.097912E+02,-2.815178E+00
+2.587891E+02,+3.700087E-06,-6.584917E-06,-1.024373E+02,-1.058860E+00
+2.590332E+02,+4.762265E-06,+1.143965E-05,-9.813766E+01,+1.176322E+00
+2.592773E+02,-3.496546E-06,-1.475672E-05,-9.638297E+01,-1.803452E+00
+2.595215E+02,-7.224071E-06,+9.082458E-06,-9.870703E+01,+2.242718E+00
+2.597656E+02,+4.192746E-06,+6.189272E-07,-1.074564E+02,+1.465601E-01
+2.600098E+02,+5.471975E-06,-1.587714E-06,-1.048861E+02,-2.823992E-01
+2.602539E+02,-6.890883E-06,-2.051607E-06,-1.028656E+02,-2.852222E+00
+2.604980E+02,+1.096827E-06,-1.430395E-06,-1.148824E+02,-9.166297E-01
+2.607422E+02,+4.850104E-06,+6.714908E-06,-1.016359E+02,+9.452674E-01
+2.609863E+02,-5.236477E-06,-5.340105E-06,-1.025230E+02,-2.346397E+00
+2.612305E+02,-8.701243E-07,+4.681814E-07,-1.201041E+02,+2.647961E+00
+2.614746E+02,+6.201456E-06,+1.229926E-07,-1.041484E+02,+1.983026E-02
+2.617188E+02,-4.754238E-06,+7.035173E-06,-1.014209E+02,+2.165083E+00
+2.619629E+02,+6.839051E-06,-7.938567E-06,-9.959423E+01,-8.596655E-01
+2.622070E+02,-9.924704E-06,+2.963837E-06,-9.969464E+01,+2.851391E+00
+2.624512E+02,+1.307932E-06,-5.650321E-06,-1.047319E+02,-1.343323E+00
+2.626953E+02,+4.733899E-06,+5.219393E-06,-1.030406E+02,+8.341367E-01
+2.629395E+02,-7.888353E-07,+2.942976E-06,-1.103229E+02,+1.832680E+00
+2.631836E+02,+3.627939E-06,-4.993097E-06,-1.041916E+02,-9.424461E-01
+2.634277E+02,-2.409084E-06,+3.155552E-06,-1.080241E+02,+2.222846E+00
+2.636719E+02,-7.958321E-06,-3.502166E-06,-1.012148E+02,-2.727033E+00
+2.639160E+02,+7.690068E-06,+3.158845E-06,-1.016042E+02,+3.897558E-01
+2.641602E+02,+7.376217E-07,-1.555847E-06,-1.152801E+02,-1.128085E+00
+2.644043E+02,-5.008768E-06,+2.721914E-07,-1.059926E+02,+3.087303E+00
+2.646484E+02,+7.689595E-06,-2.187702E-06,-1.019439E+02,-2.771781E-01
+2.648926E+02,-7.406898E-06,+6.899256E-07,-1.025697E+02,+3.048714E+00
+2.651367E+02,+5.282847E-06,+3.687203E-06,-1.038191E+02,+6.093539E-01
+2.653809E+02,-4.329477E-06,-5.146858E-06,-1.034453E+02,-2.270153E+00
+2.656250E+02,-9.093525E-08,+4.763844E-06,-1.064393E+02,+1.589883E+00
+2.658691E+02,+7.224658E-06,-1.101238E-06,-1.027239E+02,-1.512633E-01
+2.661133E+02,-1.016070E-05,-1.317705E-06,-9.978909E+01,-3.012626E+00
+2.663574E+02,+8.514608E-06,+7.530284E-07,-1.013629E+02,+8.821009E-02
+2.666016E+02,-3.469028E-06,-9.887384E-07,-1.088566E+02,-2.863936E+00
+2.668457E+02,-5.452077E-07,-3.155702E-06,-1.098904E+02,-1.741876E+00
+2.670898E+02,-1.735139E-06,+1.188509E-05,-9.840836E+01,+1.715765E+00
+2.673340E+02,+2.316692E-07,-1.786216E-05,-9.496059E+01,-1.557827E+00
+2.675781E+02,+3.948579E-06,+1.385589E-05,-9.682820E+01,+1.293181E+00
+2.678223E+02,+4.969279E-08,-4.672537E-06,-1.066085E+02,-1.560162E+00
+2.680664E+02,-3.122282E-06,-4.271965E-06,-1.055287E+02,-2.201946E+00
+2.683105E+02,+3.112428E-06,+9.804117E-06,-9.975482E+01,+1.263398E+00
+2.685547E+02,-5.095497E-06,-1.701306E-06,-1.053973E+02,-2.819346E+00
+2.687988E+02,+1.336497E-06,-1.002918E-05,-9.989824E+01,-1.438316E+00
+2.690430E+02,+2.312212E-06,+1.077480E-05,-9.915630E+01,+1.359408E+00
+2.692871E+02,-1.587635E-06,-6.012814E-06,-1.041257E+02,-1.828946E+00
+2.695312E+02,+7.462828E-06,+3.375690E-06,-1.017335E+02,+4.247931E-01
+2.697754E+02,-5.850115E-06,-5.085617E-06,-1.022122E+02,-2.425989E+00
+2.700195E+02,-4.327779E-06,+6.102705E-06,-1.025202E+02,+2.187642E+00
+2.702637E+02,+4.307783E-06,+2.086802E-06,-1.063994E+02,+4.511109E-01
+2.705078E+02,-4.925232E-06,-1.470702E-05,-9.618787E+01,-1.893947E+00
+2.707520E+02,+8.009318E-06,+1.460292E-05,-9.556902E+01,+1.069126E+00
+2.709961E+02,-4.266298E-06,-8.260808E-06,-1.006327E+02,-2.047518E+00
+2.712402E+02,+4.171487E-06,+7.370436E-06,-1.014433E+02,+1.055771E+00
+2.714844E+02,-7.522926E-06,-9.124441E-06,-9.854338E+01,-2.260287E+00
+2.717285E+02,+3.528299E-06,+8.608115E-06,-1.006274E+02,+1.181801E+00
+2.719727E+02,+3.891712E-06,-3.618872E-06,-1.054911E+02,-7.490868E-01
+2.722168E+02,-3.964346E-06,-1.694244E-07,-1.080286E+02,-3.098882E+00
+2.724609E+02,-1.120386E-06,-4.575477E-06,-1.065384E+02,-1.810939E+00
+2.727051E+02,+3.081060E-06,+9.000485E-06,-1.004334E+02,+1.240978E+00
+2.729492E+02,+7.868994E-07,-3.002907E-06,-1.101607E+02,-1.314513E+00
+2.731934E+02,-3.685914E-06,-3.865408E-06,-1.054474E+02,-2.332429E+00
+2.734375E+02,+3.780771E-06,+5.248677E-06,-1.037838E+02,+9.465570E-01
+2.736816E+02,-6.731508E-06,-2.733569E-06,-1.027748E+02,-2.755851E+00
+2.739258E+02,+4.731531E-06,-1.143089E-07,-1.064974E+02,-2.415426E-02
+2.741699E+02,-5.046884E-07,+2.373964E-07,-1.250715E+02,+2.701919E+00
+2.744141E+02,+7.412643E-07,+3.980425E-06,-1.078533E+02,+1.386678E+00
+2.746582E+02,+2.270086E-06,-5.976094E-06,-1.038863E+02,-1.207771E+00
+2.749023E+02,-9.374632E-07,+4.260057E-07,-1.197456E+02,+2.715066E+00
+2.751465E+02,-4.076029E-06,-4.289658E-06,-1.045574E+02,-2.330664E+00
+2.753906E+02,-1.886575E-07,+1.072392E-05,-9.939159E+01,+1.588387E+00
+2.756348E+02,+5.036431E-07,-3.846386E-06,-1.082251E+02,-1.440598E+00
+2.758789E+02,+6.043263E-06,-6.184924E-06,-1.012625E+02,-7.969825E-01
+2.761230E+02,-1.070222E-05,+4.035472E-06,-9.883317E+01,+2.781010E+00
+2.763672E+02,+9.062515E-06,+6.179549E-06,-9.919677E+01,+5.984612E-01
+2.766113E+02,-8.177778E-07,-5.472652E-06,-1.051401E+02,-1.719129E+00
+2.768555E+02,-2.493180E-06,-6.820561E-07,-1.117515E+02,-2.874557E+00
+2.770996E+02,-9.416228E-07,-2.033317E-06,-1.129921E+02,-2.004488E+00
+2.773438E+02,+3.819832E-06,+5.703887E-06,-1.032674E+02,+9.807040E-01
+2.775879E+02,-5.573944E-06,-7.630176E-06,-1.004921E+02,-2.201709E+00
+2.778320E+02,+4.981899E-06,+7.637020E-06,-1.008017E+02,+9.927810E-01
+2.780762E+02,-1.825999E-06,-1.148641E-06,-1.133221E+02,-2.580088E+00
+2.783203E+02,+7.780652E-07,-1.095059E-06,-1.174363E+02,-9.530426E-01
+2.785645E+02,-4.625333E-06,-1.295575E-06,-1.063691E+02,-2.868487E+00
+2.788086E+02,+6.921232E-06,-1.800729E-06,-1.029119E+02,-2.545316E-01
+2.790527E+02,-3.660705E-06,+8.556518E-06,-1.006241E+02,+1.975059E+00
+2.792969E+02,+3.398457E-06,-5.431739E-06,-1.038665E+02,-1.011718E+00
+2.795410E+02,-6.272016E-06,-1.634658E-06,-1.037664E+02,-2.886637E+00
+2.797852E+02,+4.391003E-06,+4.482732E-07,-1.071037E+02,+1.017366E-01
+2.800293E+02,-1.247200E-06,-4.457142E-06,-1.066915E+02,-1.843639E+00
+2.802734E+02,-9.938352E-07,+5.960802E-06,-1.043748E+02,+1.736005E+00
+2.805176E+02,-2.431876E-07,-3.842279E-06,-1.082909E+02,-1.634004E+00
+2.807617E+02,+5.473490E-06,+8.709335E-06,-9.975467E+01,+1.009711E+00
+2.810059E+02,-7.491446E-06,-8.162420E-06,-9.910989E+01,-2.313358E+00
+2.812500E+02,+5.097587E-07,+3.048388E-06,-1.101988E+02,+1.405107E+00
+2.814941E+02,+7.959177E-06,+3.545179E-06,-1.011966E+02,+4.190389E-01
+2.817383E+02,-5.509487E-06,-5.994874E-06,-1.017853E+02,-2.314028E+00
+2.819824E+02,-3.008907E-06,+4.887029E-06,-1.048232E+02,+2.122674E+00
+2.822266E+02,-1.373207E-06,-5.927482E-06,-1.043156E+02,-1.798448E+00
+2.824707E+02,+1.111916E-05,+3.236190E-06,-9.872543E+01,+2.832223E-01
+2.827148E+02,-1.066303E-05,-3.944265E-06,-9.888544E+01,-2.787300E+00
+2.829590E+02,+6.953467E-06,+7.969949E-06,-9.951283E+01,+8.534064E-01
+2.832031E+02,-6.187313E-06,-7.464213E-06,-1.002688E+02,-2.262930E+00
+2.834473E+02,+8.255456E-06,+4.852543E-06,-1.003763E+02,+5.313994E-01
+2.836914E+02,-5.429420E-06,-6.739631E-07,-1.052385E+02,-3.018093E+00
+2.839355E+02,+2.320741E-06,-7.791501E-07,-1.122236E+02,-3.239091E-01
+2.841797E+02,-6.949690E-06,+1.752718E-07,-1.031579E+02,+3.116378E+00
+2.844238E+02,+9.039391E-06,-4.406294E-06,-9.995137E+01,-4.535611E-01
+2.846680E+02,-8.316099E-06,+6.717622E-06,-9.942015E+01,+2.462123E+00
+2.849121E+02,+7.382617E-06,-4.669532E-06,-1.011743E+02,-5.639770E-01
+2.851562E+02,-9.927769E-06,+9.461328E-07,-1.000237E+02,+3.046578E+00
+2.854004E+02,+1.057664E-05,+2.233001E-06,-9.932365E+01,+2.080702E-01
+2.856445E+02,-6.592387E-07,+2.976199E-06,-1.103187E+02,+1.788780E+00
+2.858887E+02,-4.903442E-06,-4.479458E-06,-1.035547E+02,-2.401351E+00
+2.861328E+02,+1.475399E-06,+8.496439E-07,-1.153780E+02,+5.224909E-01
+2.863770E+02,-3.889287E-06,+1.246981E-07,-1.081981E+02,+3.109542E+00
+2.866211E+02,+6.744661E-06,-7.072537E-06,-1.001994E+02,-8.091233E-01
+2.868652E+02,-4.906818E-07,+1.256777E-05,-9.800822E+01,+1.609819E+00
+2.871094E+02,-2.006632E-06,-7.284856E-06,-1.024340E+02,-1.839583E+00
+2.873535E+02,-1.009679E-06,+1.161558E-06,-1.162550E+02,+2.286358E+00
+2.875977E+02,+1.573337E-06,+4.180022E-06,-1.070010E+02,+1.210804E+00
+2.878418E+02,-2.423474E-07,-5.128964E-06,-1.057897E+02,-1.618012E+00
+2.880859E+02,-3.040015E-06,-2.654421E-06,-1.078814E+02,-2.423805E+00
+2.883301E+02,+3.653984E-06,+1.029856E-05,-9.922952E+01,+1.229847E+00
+2.885742E+02,-1.241847E-06,-7.125812E-06,-1.028134E+02,-1.743338E+00
+2.888184E+02,+2.708392E-06,+1.881822E-06,-1.096350E+02,+6.072353E-01
+2.890625E+02,-1.065792E-06,-8.184829E-07,-1.174332E+02,-2.486698E+00
+2.893066E+02,-3.511610E-06,-2.157267E-06,-1.076993E+02,-2.590707E+00
+2.895508E+02,-8.908043E-07,+3.664970E-06,-1.084693E+02,+1.809232E+00
+2.897949E+02,+1.173028E-05,-2.025624E-06,-9.848621E+01,-1.709969E-01
+2.900391E+02,-1.272193E-05,-5.054050E-06,-9.727251E+01,-2.763441E+00
+2.902832E+02,+4.481520E-06,+1.477839E-05,-9.622540E+01,+1.276362E+00
+2.905273E+02,-2.210356E-06,-1.552965E-05,-9.608967E+01,-1.712178E+00
+2.907715E+02,+3.763576E-06,+7.703187E-06,-1.013369E+02,+1.116331E+00
+2.910156E+02,+1.408300E-06,+6.899230E-07,-1.160919E+02,+4.555332E-01
+2.912598E+02,-7.585832E-06,-4.221322E-06,-1.012283E+02,-2.633792E+00
+2.915039E+02,+5.679438E-06,+6.753875E-06,-1.010863E+02,+8.716000E-01
+2.917480E+02,-2.932887E-06,-7.222051E-06,-1.021638E+02,-1.956552E+00
+2.919922E+02,+6.131916E-06,+2.459455E-06,-1.036002E+02,+3.814464E-01
+2.922363E+02,-5.401279E-06,-8.693240E-08,-1.053489E+02,-3.125499E+00
+2.924805E+02,+2.201127E-06,+5.658458E-06,-1.043341E+02,+1.199811E+00
+2.927246E+02,-4.295963E-06,-2.730871E-06,-1.058648E+02,-2.575348E+00
+2.929688E+02,+4.190239E-06,-4.031648E-06,-1.047093E+02,-7.661116E-01
+2.932129E+02,+2.655093E-06,-4.030111E-06,-1.063281E+02,-9.882500E-01
+2.934570E+02,-8.587033E-07,+6.211125E-06,-1.040544E+02,+1.708178E+00
+2.937012E+02,-1.074824E-06,-2.068377E-06,-1.126493E+02,-2.050037E+00
+2.939453E+02,-6.879865E-06,+2.934217E-06,-1.025226E+02,+2.738458E+00
+2.941895E+02,+4.023458E-06,-4.559205E-06,-1.043210E+02,-8.477392E-01
+2.944336E+02,+1.132522E-06,+6.609495E-06,-1.034710E+02,+1.401097E+00
+2.946777E+02,+2.691912E-06,-5.672561E-06,-1.040424E+02,-1.127715E+00
+2.949219E+02,-6.068040E-06,+3.777436E-06,-1.029166E+02,+2.584784E+00
+2.951660E+02,+5.044319E-06,+5.455499E-07,-1.058934E+02,+1.077326E-01
+2.954102E+02,-2.526766E-07,-6.666623E-06,-1.035156E+02,-1.608680E+00
+2.956543E+02,-1.734763E-06,+3.349460E-06,-1.084685E+02,+2.048679E+00
+2.958984E+02,+1.364805E-06,+4.252277E-06,-1.070018E+02,+1.260224E+00
+2.961426E+02,-1.454393E-06,-2.214594E-06,-1.115368E+02,-2.151889E+00
+2.963867E+02,+1.424268E-06,+3.475692E-07,-1.166769E+02,+2.393554E-01
+2.966309E+02,-1.440279E-06,-3.000688E-06,-1.095552E+02,-2.018302E+00
+2.968750E+02,+1.657204E-06,-2.434396E-06,-1.106185E+02,-9.731101E-01
+2.971191E+02,-4.109974E-07,+6.133838E-06,-1.042259E+02,+1.637701E+00
+2.973633E+02,+2.278438E-06,-6.719308E-07,-1.124851E+02,-2.867791E-01
+2.976074E+02,-3.083300E-06,+6.271104E-07,-1.100436E+02,+2.940940E+00
+2.978516E+02,-1.562862E-06,-8.039013E-06,-1.017348E+02,-1.762811E+00
+2.980957E+02,+7.238628E-06,+7.140036E-06,-9.985573E+01,+7.785414E-01
+2.983398E+02,-3.020216E-06,+3.262472E-06,-1.070409E+02,+2.317654E+00
+2.985840E+02,-3.429800E-06,-7.678966E-06,-1.015040E+02,-1.990860E+00
+2.988281E+02,-3.333292E-06,+3.500467E-06,-1.063145E+02,+2.331736E+00
+2.990723E+02,+8.977103E-06,-2.506874E-06,-1.006112E+02,-2.723150E-01
+2.993164E+02,-7.729534E-06,-8.301487E-07,-1.021871E+02,-3.034603E+00
+2.995605E+02,+8.383317E-06,-1.540454E-06,-1.013875E+02,-1.817251E-01
+2.998047E+02,-4.180092E-06,+1.061426E-05,-9.885604E+01,+1.945963E+00
+3.000488E+02,-3.306822E-06,-1.122717E-05,-9.863329E+01,-1.857234E+00
+3.002930E+02,+1.366389E-06,+5.363604E-06,-1.051378E+02,+1.321350E+00
+3.005371E+02,-4.746424E-08,-5.568715E-06,-1.050846E+02,-1.579319E+00
+3.007812E+02,+2.174978E-06,+1.058860E-05,-9.932375E+01,+1.368207E+00
+3.010254E+02,-4.966840E-06,-8.024155E-06,-1.005033E+02,-2.125059E+00
+3.012695E+02,-5.624292E-07,-1.036724E-06,-1.185663E+02,-2.067868E+00
+3.015137E+02,+7.092193E-06,+4.880511E-06,-1.013007E+02,+6.027304E-01
+3.017578E+02,-3.114332E-06,+1.076598E-06,-1.096424E+02,+2.808761E+00
+3.020020E+02,-6.720727E-07,-3.354444E-06,-1.093167E+02,-1.768531E+00
+3.022461E+02,-4.159732E-07,+2.439277E-06,-1.121303E+02,+1.739703E+00
+3.024902E+02,-1.859100E-06,+2.043948E-06,-1.111725E+02,+2.308870E+00
+3.027344E+02,+5.092495E-06,+2.488679E-06,-1.049313E+02,+4.545632E-01
+3.029785E+02,-4.497343E-07,-8.058063E-06,-1.018619E+02,-1.626550E+00
+3.032227E+02,+2.680982E-06,+5.091800E-06,-1.047999E+02,+1.086151E+00
+3.034668E+02,-5.000465E-06,-4.455430E-06,-1.034818E+02,-2.413770E+00
+3.037109E+02,+7.757638E-08,-2.273399E-07,-1.323881E+02,-1.241951E+00
+3.039551E+02,+1.798165E-06,+1.888021E-06,-1.116762E+02,+8.097696E-01
+3.041992E+02,-2.028940E-06,+3.303222E-06,-1.082310E+02,+2.121614E+00
+3.044434E+02,+7.326469E-06,-6.609695E-06,-1.001160E+02,-7.340108E-01
+3.046875E+02,-2.694744E-06,+5.298239E-06,-1.045182E+02,+2.041309E+00
+3.049316E+02,+1.615710E-07,-7.143743E-06,-1.029193E+02,-1.548183E+00
+3.051758E+02,-9.684624E-06,+8.095040E-06,-9.797726E+01,+2.445362E+00
+3.054199E+02,+1.442100E-05,-9.347124E-06,-9.529687E+01,-5.750811E-01
+3.056641E+02,-7.469796E-06,-8.296649E-07,-1.024806E+02,-3.030977E+00
+3.059082E+02,-7.440627E-06,+6.550154E-06,-1.000759E+02,+2.419756E+00
+3.061523E+02,+7.865840E-06,-2.884768E-07,-1.020793E+02,-3.665821E-02
+3.063965E+02,+2.903294E-07,+1.441212E-06,-1.166527E+02,+1.372009E+00
+3.066406E+02,-1.965775E-06,+1.877118E-07,-1.140899E+02,+3.046391E+00
+3.068848E+02,-1.603889E-06,+7.592944E-07,-1.150183E+02,+2.699444E+00
+3.071289E+02,+2.753504E-06,-6.483247E-06,-1.030439E+02,-1.169171E+00
+3.073730E+02,-1.530406E-06,+1.564209E-07,-1.162587E+02,+3.039738E+00
+3.076172E+02,+2.538764E-06,+1.002819E-05,-9.970576E+01,+1.322843E+00
+3.078613E+02,+9.432735E-06,-1.049224E-05,-9.701008E+01,-8.385229E-01
+3.081055E+02,-2.547272E-05,-3.716574E-06,-9.178702E+01,-2.996711E+00
+3.083496E+02,+7.494443E-06,+2.112718E-05,-9.298843E+01,+1.229914E+00
+3.085938E+02,+1.357120E-05,-1.330937E-05,-9.442112E+01,-7.756579E-01
+3.088379E+02,-7.427017E-06,-6.678568E-06,-1.000103E+02,-2.409205E+00
+3.090820E+02,-4.008422E-06,+6.819906E-06,-1.020357E+02,+2.102162E+00
+3.093262E+02,+1.057105E-05,+4.460029E-06,-9.880615E+01,+3.992502E-01
+3.095703E+02,-1.154907E-05,-1.058966E-05,-9.609909E+01,-2.399504E+00
+3.098145E+02,+7.996744E-06,+7.309738E-06,-9.930405E+01,+7.405450E-01
+3.100586E+02,-9.103071E-06,+1.035379E-06,-1.007604E+02,+3.028340E+00
+3.103027E+02,+1.631189E-06,-2.903488E-06,-1.095503E+02,-1.058936E+00
+3.105469E+02,+9.357457E-06,+2.458597E-06,-1.002869E+02,+2.569347E-01
+3.107910E+02,-1.388802E-05,+5.164350E-06,-9.658472E+01,+2.785581E+00
+3.110352E+02,+1.550228E-05,-2.856576E-06,-9.604707E+01,-1.822240E-01
+3.112793E+02,+1.356113E-06,-9.584756E-06,-1.002823E+02,-1.430243E+00
+3.115234E+02,-6.701822E-06,+5.246225E-06,-1.014004E+02,+2.477424E+00
+3.117676E+02,-3.606174E-06,-2.800643E-06,-1.068093E+02,-2.481268E+00
+3.120117E+02,-1.678129E-06,+3.844505E-06,-1.075458E+02,+1.982368E+00
+3.122559E+02,+5.861802E-07,-5.185721E-06,-1.056487E+02,-1.458237E+00
+3.125000E+02,+2.818248E-06,+1.161863E-05,-9.844861E+01,+1.332829E+00
+3.127441E+02,+1.017290E-07,-7.816343E-06,-1.021392E+02,-1.557782E+00
+3.129883E+02,+2.421800E-07,+1.955478E-06,-1.141088E+02,+1.447577E+00
+3.132324E+02,+3.671571E-06,+4.916046E-06,-1.042426E+02,+9.293114E-01
+3.134766E+02,-4.528300E-06,-6.872487E-06,-1.016918E+02,-2.153405E+00
+3.137207E+02,-2.646137E-07,+1.505177E-06,-1.163161E+02,+1.744820E+00
+3.139648E+02,+8.771263E-07,-5.806044E-06,-1.046244E+02,-1.420859E+00
+3.142090E+02,+3.433234E-06,+9.173544E-06,-1.001800E+02,+1.212680E+00
+3.144531E+02,-1.659475E-06,-5.036781E-06,-1.055094E+02,-1.889067E+00
+3.146973E+02,-3.853771E-06,+1.740171E-06,-1.074764E+02,+2.717450E+00
+3.149414E+02,+3.040468E-06,-3.208793E-06,-1.070906E+02,-8.123268E-01
+3.151855E+02,-1.690636E-06,+6.209497E-06,-1.038283E+02,+1.836619E+00
+3.154297E+02,-6.278588E-07,-2.877919E-06,-1.106165E+02,-1.785595E+00
+3.156738E+02,+6.365797E-07,-4.950742E-06,-1.060354E+02,-1.442915E+00
+3.159180E+02,+3.993092E-06,+1.009615E-05,-9.928571E+01,+1.194170E+00
+3.161621E+02,-4.595383E-06,-7.357110E-06,-1.012352E+02,-2.129121E+00
+3.164062E+02,-2.210492E-06,+4.061199E-06,-1.067000E+02,+2.069249E+00
+3.166504E+02,+8.438404E-06,-9.698458E-07,-1.014178E+02,-1.144303E-01
+3.168945E+02,-1.701590E-06,-4.275925E-06,-1.067410E+02,-1.949531E+00
+3.171387E+02,-7.706043E-06,+7.634844E-06,-9.929320E+01,+2.360836E+00
+3.173828E+02,+7.709209E-06,-8.333454E-06,-9.889820E+01,-8.242901E-01
+3.176270E+02,-3.993989E-06,+5.279516E-06,-1.035828E+02,+2.218449E+00
+3.178711E+02,-2.004271E-06,+2.527480E-06,-1.098275E+02,+2.241249E+00
+3.181152E+02,+7.369387E-07,-4.428950E-06,-1.069554E+02,-1.405916E+00
+3.183594E+02,+8.393009E-06,+3.897537E-06,-1.006736E+02,+4.347469E-01
+3.186035E+02,-5.209978E-06,-3.154459E-06,-1.043069E+02,-2.597165E+00
+3.188477E+02,-9.421522E-07,-3.264424E-06,-1.093764E+02,-1.851773E+00
+3.190918E+02,+2.099632E-06,+7.936205E-07,-1.129772E+02,+3.613815E-01
+3.193359E+02,-3.859304E-06,+7.314130E-06,-1.016500E+02,+2.056319E+00
+3.195801E+02,+1.428214E-06,-3.005154E-06,-1.095582E+02,-1.127140E+00
+3.198242E+02,+1.739689E-06,-7.357162E-07,-1.144760E+02,-4.000914E-01
+3.200684E+02,-7.238955E-08,-3.575985E-06,-1.089303E+02,-1.591037E+00
+3.203125E+02,-1.900600E-07,+2.017399E-06,-1.138658E+02,+1.664729E+00
+3.205566E+02,-2.484784E-06,+2.474604E-06,-1.091017E+02,+2.358247E+00
+3.208008E+02,-1.540090E-07,-5.375340E-08,-1.357498E+02,-2.805784E+00
+3.210449E+02,+2.829290E-06,-9.754322E-07,-1.104787E+02,-3.320009E-01
+3.212891E+02,-3.582304E-06,-8.689627E-07,-1.086684E+02,-2.903618E+00
+3.215332E+02,+8.700470E-06,-3.269595E-06,-1.006354E+02,-3.594676E-01
+3.217773E+02,-5.273917E-06,+4.021086E-06,-1.035671E+02,+2.490172E+00
+3.220215E+02,-4.940992E-07,+4.993688E-06,-1.059893E+02,+1.669420E+00
+3.222656E+02,-4.243753E-07,-7.083735E-06,-1.029792E+02,-1.630633E+00
+3.225098E+02,+9.369953E-08,+2.392056E-06,-1.124179E+02,+1.531645E+00
+3.227539E+02,+4.041723E-06,-4.299264E-06,-1.045818E+02,-8.162649E-01
+3.229980E+02,-3.566657E-06,+6.638998E-06,-1.024567E+02,+2.063781E+00
+3.232422E+02,+2.623703E-06,-5.953881E-06,-1.037333E+02,-1.155727E+00
+3.234863E+02,-1.467665E-06,+6.615851E-06,-1.033797E+02,+1.789102E+00
+3.237305E+02,+2.682638E-06,-6.638866E-06,-1.029013E+02,-1.186777E+00
+3.239746E+02,+5.572392E-07,+7.874686E-06,-1.020536E+02,+1.500151E+00
+3.242188E+02,-1.463239E-05,-8.546865E-06,-9.541882E+01,-2.612942E+00
+3.244629E+02,+2.023376E-05,-5.409568E-06,-9.357864E+01,-2.612436E-01
+3.247070E+02,-6.583096E-06,+7.201802E-06,-1.002135E+02,+2.311342E+00
+3.249512E+02,-1.067071E-05,+3.288687E-06,-9.904205E+01,+2.842632E+00
+3.251953E+02,+1.041017E-05,-3.375914E-06,-9.921658E+01,-3.135896E-01
+3.254395E+02,-3.662849E-06,+4.177053E-06,-1.051054E+02,+2.290700E+00
+3.256836E+02,-1.665651E-07,-1.059413E-05,-9.949762E+01,-1.586517E+00
+3.259277E+02,-1.035149E-06,+1.208840E-05,-9.832089E+01,+1.656219E+00
+3.261719E+02,+1.043944E-06,-5.971363E-06,-1.043478E+02,-1.397720E+00
+3.264160E+02,+3.035666E-06,-1.914824E-06,-1.089002E+02,-5.627418E-01
+3.266602E+02,-4.643280E-06,+3.999025E-06,-1.042536E+02,+2.430604E+00
+3.269043E+02,-2.562069E-06,-2.151920E-06,-1.095098E+02,-2.442983E+00
+3.271484E+02,+1.176439E-05,+6.305945E-07,-9.857616E+01,+5.355074E-02
+3.273926E+02,-1.229061E-05,+6.500689E-06,-9.713728E+01,+2.655081E+00
+3.276367E+02,+4.551460E-06,-8.031931E-06,-1.006942E+02,-1.055244E+00
+3.278809E+02,+2.550409E-07,+2.679819E-06,-1.113987E+02,+1.475911E+00
+3.281250E+02,-1.900341E-06,-5.467792E-08,-1.144198E+02,-3.112828E+00
+3.283691E+02,+2.116062E-06,+3.653647E-06,-1.074893E+02,+1.045838E+00
+3.286133E+02,-1.320813E-06,+1.535551E-06,-1.138696E+02,+2.281157E+00
+3.288574E+02,+4.190055E-06,-5.637928E-06,-1.030678E+02,-9.316674E-01
+3.291016E+02,-2.177485E-06,-1.151561E-06,-1.121699E+02,-2.655133E+00
+3.293457E+02,+2.434866E-06,+8.382067E-06,-1.011812E+02,+1.288091E+00
+3.295898E+02,+6.236506E-07,-1.076331E-05,-9.934653E+01,-1.512919E+00
+3.298340E+02,-4.831050E-08,+3.447582E-06,-1.092489E+02,+1.584808E+00
+3.300781E+02,-4.276090E-06,-3.644687E-06,-1.050074E+02,-2.435741E+00
+3.303223E+02,+3.007776E-06,+7.102327E-06,-1.022556E+02,+1.170204E+00
+3.305664E+02,-6.403516E-06,-4.875638E-06,-1.018858E+02,-2.490835E+00
+3.308105E+02,+6.279210E-06,+3.659061E-06,-1.027722E+02,+5.276214E-01
+3.310547E+02,-1.310236E-06,-6.100895E-06,-1.040963E+02,-1.782344E+00
+3.312988E+02,-5.050264E-07,+9.804935E-06,-1.001596E+02,+1.622258E+00
+3.315430E+02,-4.012687E-06,-5.663935E-06,-1.031712E+02,-2.187180E+00
+3.317871E+02,+1.031090E-05,+1.545150E-06,-9.963762E+01,+1.487491E-01
+3.320312E+02,-6.491744E-06,-7.495237E-06,-1.000735E+02,-2.284572E+00
+3.322754E+02,+4.293989E-06,+6.847143E-06,-1.018494E+02,+1.010673E+00
+3.325195E+02,-5.682092E-06,+9.171195E-07,-1.047981E+02,+2.981568E+00
+3.327637E+02,+8.726050E-07,-3.548438E-06,-1.087443E+02,-1.329669E+00
+3.330078E+02,-3.333785E-06,+4.636041E-06,-1.048669E+02,+2.194227E+00
+3.332520E+02,+9.583092E-06,-3.911805E-06,-9.970056E+01,-3.875542E-01
+3.334961E+02,-5.321901E-06,-2.549324E-06,-1.045815E+02,-2.694865E+00
+3.337402E+02,+1.405790E-07,+3.225084E-06,-1.098209E+02,+1.527235E+00
+3.339844E+02,+3.029850E-07,-2.487393E-06,-1.120211E+02,-1.449585E+00
+3.342285E+02,+2.142745E-07,+2.866756E-06,-1.108280E+02,+1.496190E+00
+3.344727E+02,+2.263041E-07,-1.950164E-06,-1.141405E+02,-1.455269E+00
+3.347168E+02,+1.414532E-06,-2.714745E-06,-1.102823E+02,-1.090447E+00
+3.349609E+02,-5.441369E-06,+1.345695E-05,-9.676339E+01,+1.955050E+00
+3.352051E+02,-9.186940E-08,-1.515089E-05,-9.639108E+01,-1.576860E+00
+3.354492E+02,+2.846416E-06,+2.497017E-06,-1.084354E+02,+7.201026E-01
+3.356934E+02,+1.555860E-06,+7.253832E-06,-1.025933E+02,+1.359510E+00
+3.359375E+02,-4.547619E-06,-3.278670E-06,-1.050265E+02,-2.516935E+00
+3.361816E+02,+7.130545E-06,-3.109513E-07,-1.029293E+02,-4.358074E-02
+3.364258E+02,-8.345984E-06,-7.078992E-08,-1.015701E+02,-3.133111E+00
+3.366699E+02,+1.076096E-05,-2.703794E-06,-9.909711E+01,-2.461638E-01
+3.369141E+02,-9.226721E-06,+3.002978E-06,-1.002618E+02,+2.826940E+00
+3.371582E+02,+2.501108E-06,+4.146479E-07,-1.119196E+02,+1.642913E-01
+3.374023E+02,-2.422629E-06,-1.475711E-06,-1.109437E+02,-2.594482E+00
+3.376465E+02,+4.794491E-06,-1.435916E-06,-1.060121E+02,-2.909916E-01
+3.378906E+02,-3.713338E-06,+1.760238E-06,-1.077244E+02,+2.698935E+00
+3.381348E+02,+1.921896E-06,+3.872929E-07,-1.141525E+02,+1.988529E-01
+3.383789E+02,-2.069367E-06,+3.646306E-06,-1.075503E+02,+2.086994E+00
+3.386230E+02,+4.721174E-06,-9.222525E-06,-9.969220E+01,-1.097660E+00
+3.388672E+02,-2.708312E-06,+6.642865E-06,-1.028851E+02,+1.957925E+00
+3.391113E+02,-9.735260E-07,+5.275701E-07,-1.191148E+02,+2.644977E+00
+3.393555E+02,-5.981179E-06,-1.007084E-05,-9.862657E+01,-2.106726E+00
+3.395996E+02,+1.245617E-05,+1.363235E-05,-9.467249E+01,+8.304520E-01
+3.398438E+02,-1.014913E-05,-7.475358E-06,-9.798915E+01,-2.506754E+00
+3.400879E+02,+8.404973E-06,+2.928772E-06,-1.010116E+02,+3.352995E-01
+3.403320E+02,-1.156394E-05,+2.002758E-06,-9.860954E+01,+2.970104E+00
+3.405762E+02,+1.358188E-05,-8.576038E-06,-9.588354E+01,-5.632114E-01
+3.408203E+02,-9.148747E-06,+1.116651E-05,-9.681122E+01,+2.257196E+00
+3.410645E+02,+2.483019E-06,-5.604187E-06,-1.042513E+02,-1.153725E+00
+3.413086E+02,-2.274067E-06,-1.264404E-06,-1.116940E+02,-2.634147E+00
+3.415527E+02,+2.857234E-06,+6.010835E-06,-1.035366E+02,+1.127065E+00
+3.417969E+02,-4.299473E-06,-9.218104E-06,-9.985233E+01,-2.007218E+00
+3.420410E+02,+5.894996E-06,+1.014799E-05,-9.860963E+01,+1.044537E+00
+3.422852E+02,-2.082605E-06,-8.398518E-06,-1.012568E+02,-1.813866E+00
+3.425293E+02,+1.110527E-06,+4.060528E-06,-1.075151E+02,+1.303832E+00
+3.427734E+02,-3.106532E-06,-3.106873E-06,-1.071437E+02,-2.356140E+00
+3.430176E+02,+2.821612E-06,+5.878695E-06,-1.037140E+02,+1.123299E+00
+3.432617E+02,-8.142698E-07,-5.318067E-06,-1.053843E+02,-1.722730E+00
+3.435059E+02,-2.515414E-06,+4.168342E-06,-1.062521E+02,+2.113754E+00
+3.437500E+02,+3.617831E-06,-3.191498E-07,-1.087974E+02,-8.798802E-02
+3.439941E+02,-1.091335E-07,-8.634296E-06,-1.012748E+02,-1.583435E+00
+3.442383E+02,-6.832460E-07,+1.099834E-05,-9.915672E+01,+1.632839E+00
+3.444824E+02,-3.819867E-06,-5.025047E-06,-1.039965E+02,-2.220772E+00
+3.447266E+02,+5.669274E-06,+2.942194E-06,-1.038937E+02,+4.787097E-01
+3.449707E+02,+7.608933E-07,-4.148662E-06,-1.074982E+02,-1.389405E+00
+3.452148E+02,-7.476446E-06,+2.549631E-06,-1.020483E+02,+2.812938E+00
+3.454590E+02,+1.178922E-06,-1.490752E-07,-1.185014E+02,-1.257829E-01
+3.457031E+02,+5.611087E-06,+2.842608E-06,-1.040269E+02,+4.689181E-01
+3.459473E+02,-1.632829E-06,-3.794819E-06,-1.076785E+02,-1.977129E+00
+3.461914E+02,+8.424978E-07,-3.237379E-06,-1.095115E+02,-1.316203E+00
+3.464355E+02,-8.679319E-06,+6.822770E-06,-9.914066E+01,+2.475388E+00
+3.466797E+02,+1.361601E-05,+5.827751E-06,-9.658846E+01,+4.044150E-01
+3.469238E+02,-3.421834E-07,-1.339887E-05,-9.745581E+01,-1.596329E+00
+3.471680E+02,-1.276423E-05,+6.925436E-06,-9.675950E+01,+2.644475E+00
+3.474121E+02,+5.147934E-06,-8.786437E-07,-1.056426E+02,-1.690499E-01
+3.476562E+02,+3.081059E-06,-6.383853E-06,-1.029889E+02,-1.121139E+00
+3.479004E+02,-9.766162E-06,+9.977241E-06,-9.710136E+01,+2.345504E+00
+3.481445E+02,+1.337311E-05,-1.448995E-05,-9.410275E+01,-8.254601E-01
+3.483887E+02,-9.513735E-06,+1.876271E-05,-9.354037E+01,+2.040072E+00
+3.486328E+02,+2.018492E-05,-9.173701E-06,-9.308399E+01,-4.265757E-01
+3.488770E+02,-2.128214E-05,+7.554039E-06,-9.292435E+01,+2.800517E+00
+3.491211E+02,+4.717764E-06,-1.647357E-05,-9.532191E+01,-1.291878E+00
+3.493652E+02,+1.333157E-05,+8.733558E-06,-9.595157E+01,+5.799546E-01
+3.496094E+02,-1.686039E-05,+9.077494E-06,-9.435721E+01,+2.647705E+00
+3.498535E+02,+1.487708E-06,-1.251380E-05,-9.799126E+01,-1.452466E+00
+3.500977E+02,+9.977466E-06,+7.616378E-06,-9.802557E+01,+6.519955E-01
+3.503418E+02,+1.699417E-06,-4.786860E-06,-1.058835E+02,-1.229659E+00
+3.505859E+02,-8.554903E-06,-1.065718E-05,-9.728712E+01,-2.247204E+00
+3.508301E+02,+3.454756E-06,+1.460577E-05,-9.647308E+01,+1.338531E+00
+3.510742E+02,+1.018948E-06,-6.789616E-06,-1.032664E+02,-1.421834E+00
+3.513184E+02,-4.368453E-06,-2.661862E-06,-1.058221E+02,-2.594336E+00
+3.515625E+02,+4.627285E-07,+2.228523E-06,-1.128563E+02,+1.366066E+00
+3.518066E+02,-2.113925E-06,-5.075754E-06,-1.051953E+02,-1.965424E+00
+3.520508E+02,+1.094553E-07,+6.024344E-06,-1.044004E+02,+1.552629E+00
+3.522949E+02,-3.998012E-06,-3.963594E-06,-1.049902E+02,-2.360518E+00
+3.525391E+02,+2.428098E-07,+1.146748E-06,-1.186202E+02,+1.362140E+00
+3.527832E+02,+4.319898E-08,+3.673848E-06,-1.086970E+02,+1.559038E+00
+3.530273E+02,-3.423570E-06,-3.377097E-06,-1.063591E+02,-2.363028E+00
+3.532715E+02,-2.572770E-06,+1.140546E-05,-9.864220E+01,+1.792657E+00
+3.535156E+02,+4.232819E-06,-1.342341E-05,-9.703106E+01,-1.265334E+00
+3.537598E+02,-6.622421E-06,+1.812131E-05,-9.429179E+01,+1.921168E+00
+3.540039E+02,+7.019256E-06,-8.507805E-06,-9.914878E+01,-8.809741E-01
+3.542480E+02,-1.172754E-05,+1.033218E-05,-9.612096E+01,+2.419364E+00
+3.544922E+02,+1.126769E-05,+2.308006E-05,-9.180686E+01,+1.116633E+00
+3.547363E+02,+3.490340E-05,-5.234333E-06,-8.904606E+01,-1.488570E-01
+3.549805E+02,+1.043618E-05,-3.776289E-05,-8.813905E+01,-1.301165E+00
+3.552246E+02,-3.031839E-05,-1.588609E-05,-8.931230E+01,-2.658949E+00
+3.554688E+02,-6.901155E-06,+9.195324E-06,-9.878835E+01,+2.214622E+00
+3.557129E+02,-1.465979E-05,+1.182442E-05,-9.450107E+01,+2.462847E+00
+3.559570E+02,+8.095791E-06,+5.649881E-07,-1.018137E+02,+6.967491E-02
+3.562012E+02,+1.373547E-06,-1.592112E-06,-1.135443E+02,-8.589637E-01
+3.564453E+02,-1.563420E-06,+1.284525E-05,-9.776128E+01,+1.691912E+00
+3.566895E+02,+5.057997E-06,-3.313591E-06,-1.043696E+02,-5.799655E-01
+3.569336E+02,+6.137979E-06,-2.869176E-06,-1.033812E+02,-4.372672E-01
+3.571777E+02,-5.998726E-06,-2.835788E-06,-1.035629E+02,-2.699997E+00
+3.574219E+02,+1.046181E-05,+2.125733E-06,-9.943216E+01,+2.004609E-01
+3.576660E+02,-1.355079E-05,-6.099078E-07,-9.735192E+01,-3.096614E+00
+3.579102E+02,+6.810162E-06,-5.255106E-08,-1.033366E+02,-7.716412E-03
+3.581543E+02,-1.185926E-06,-1.027310E-06,-1.160875E+02,-2.427739E+00
+3.583984E+02,+1.941390E-06,+2.672377E-06,-1.096215E+02,+9.425281E-01
+3.586426E+02,-4.463338E-06,-1.181507E-05,-9.797192E+01,-1.931990E+00
+3.588867E+02,-9.068845E-07,+1.145779E-05,-9.879086E+01,+1.649782E+00
+3.591309E+02,+1.080893E-05,-1.684201E-06,-9.922017E+01,-1.545728E-01
+3.593750E+02,-1.089868E-05,-3.676263E-06,-9.878453E+01,-2.816265E+00
+3.596191E+02,+5.930308E-07,+1.594124E-06,-1.153866E+02,+1.214649E+00
+3.598633E+02,+4.703467E-06,+3.731724E-06,-1.044311E+02,+6.707028E-01
+3.601074E+02,-4.071039E-06,-1.191201E-05,-9.800055E+01,-1.900111E+00
+3.603516E+02,+2.064084E-06,+1.292762E-05,-9.766030E+01,+1.412468E+00
+3.605957E+02,-3.352980E-06,-1.483275E-06,-1.087152E+02,-2.725098E+00
+3.608398E+02,+7.299125E-06,-6.641940E-06,-1.001147E+02,-7.382928E-01
+3.610840E+02,-8.133567E-06,+3.840470E-06,-1.009203E+02,+2.700451E+00
+3.613281E+02,+3.637799E-06,-2.500386E-07,-1.087628E+02,-6.862555E-02
+3.615723E+02,-3.569879E-06,-7.452248E-07,-1.087617E+02,-2.935795E+00
+3.618164E+02,+7.194333E-06,+1.303913E-06,-1.027198E+02,+1.792955E-01
+3.620605E+02,-1.883118E-06,-1.889672E-06,-1.114770E+02,-2.354457E+00
+3.623047E+02,-7.281819E-06,+2.326265E-06,-1.023332E+02,+2.832378E+00
+3.625488E+02,+9.200626E-06,-2.528078E-06,-1.004076E+02,-2.681546E-01
+3.627930E+02,-2.480552E-06,+3.844836E-06,-1.067911E+02,+2.143765E+00
+3.630371E+02,-3.424418E-06,-3.944915E-06,-1.056401E+02,-2.285681E+00
+3.632812E+02,+2.049033E-06,-4.650884E-06,-1.058789E+02,-1.155813E+00
+3.635254E+02,-6.132610E-07,+1.072917E-05,-9.937451E+01,+1.627892E+00
+3.637695E+02,-1.533324E-06,-3.306511E-06,-1.087667E+02,-2.005008E+00
+3.640137E+02,+3.269226E-06,-1.824996E-06,-1.085330E+02,-5.091435E-01
+3.642578E+02,-2.898447E-06,-2.634178E-06,-1.081418E+02,-2.403924E+00
+3.645020E+02,+2.233103E-06,+3.995014E-06,-1.067888E+02,+1.061090E+00
+3.647461E+02,-3.080386E-07,-2.435927E-06,-1.121978E+02,-1.696585E+00
+3.649902E+02,-3.553240E-06,+2.766172E-06,-1.069299E+02,+2.480104E+00
+3.652344E+02,+6.330942E-06,-5.263606E-06,-1.016886E+02,-6.936018E-01
+3.654785E+02,-6.805047E-07,+9.338791E-06,-1.005712E+02,+1.643536E+00
+3.657227E+02,-6.639554E-06,-1.079111E-05,-9.794440E+01,-2.122375E+00
+3.659668E+02,+4.826249E-06,+5.884262E-06,-1.023719E+02,+8.838614E-01
+3.662109E+02,-1.933118E-06,+5.860315E-08,-1.142708E+02,+3.111287E+00
+3.664551E+02,+3.346259E-06,-5.130917E-06,-1.042569E+02,-9.928932E-01
+3.666992E+02,-3.239631E-06,+7.654989E-06,-1.016056E+02,+1.971146E+00
+3.669434E+02,-2.633100E-06,-4.028687E-06,-1.063519E+02,-2.149689E+00
+3.671875E+02,+7.340571E-06,-3.452998E-06,-1.018173E+02,-4.396877E-01
+3.674316E+02,-8.433541E-06,+6.747062E-06,-9.933125E+01,+2.466835E+00
+3.676758E+02,+4.500325E-06,-8.163963E-08,-1.069337E+02,-1.813884E-02
+3.679199E+02,+1.408857E-07,-7.542753E-06,-1.024479E+02,-1.552120E+00
+3.681641E+02,-1.042019E-06,+5.268385E-06,-1.053998E+02,+1.766063E+00
+3.684082E+02,+1.396413E-06,+1.198777E-06,-1.147018E+02,+7.093900E-01
+3.686523E+02,-5.305305E-07,-5.011983E-06,-1.059514E+02,-1.676256E+00
+3.688965E+02,-1.025101E-06,+8.517598E-06,-1.013312E+02,+1.690571E+00
+3.691406E+02,-3.561989E-06,-8.483094E-06,-1.007237E+02,-1.968333E+00
+3.693848E+02,+7.380036E-06,+3.430218E-06,-1.017894E+02,+4.350907E-01
+3.696289E+02,-4.976504E-06,+3.865847E-08,-1.060612E+02,+3.133825E+00
+3.698730E+02,-1.246815E-06,+7.348049E-07,-1.167892E+02,+2.609044E+00
+3.701172E+02,+7.781267E-06,+8.106844E-07,-1.021321E+02,+1.038096E-01
+3.703613E+02,-1.018774E-05,-4.951436E-06,-9.891750E+01,-2.689192E+00
+3.706055E+02,+6.107201E-06,+1.877572E-06,-1.038909E+02,+2.982645E-01
+3.708496E+02,-2.456803E-06,+5.351050E-06,-1.046005E+02,+2.001213E+00
+3.710938E+02,-1.393558E-08,-6.831405E-06,-1.033098E+02,-1.572836E+00
+3.713379E+02,+2.013191E-06,+6.678822E-07,-1.134688E+02,+3.203276E-01
+3.715820E+02,-9.543515E-07,+6.310860E-06,-1.039000E+02,+1.720883E+00
+3.718262E+02,+3.855064E-07,-7.658525E-06,-1.023061E+02,-1.520502E+00
+3.720703E+02,+7.423509E-07,+8.890957E-06,-1.009909E+02,+1.487494E+00
+3.723145E+02,-2.075386E-06,-4.940117E-06,-1.054194E+02,-1.968517E+00
+3.725586E+02,+3.295089E-06,+4.327278E-07,-1.095684E+02,+1.305778E-01
+3.728027E+02,-8.964806E-06,-5.310622E-06,-9.964288E+01,-2.606791E+00
+3.730469E+02,+9.599601E-06,+6.709230E-06,-9.862753E+01,+6.099921E-01
+3.732910E+02,-4.176902E-06,-3.349584E-06,-1.054263E+02,-2.465676E+00
+3.735352E+02,+3.794207E-06,+4.369073E-06,-1.047515E+02,+8.557031E-01
+3.737793E+02,-7.913780E-06,+6.911426E-07,-1.019993E+02,+3.054480E+00
+3.740234E+02,+5.284630E-06,-4.412546E-06,-1.032424E+02,-6.957077E-01
+3.742676E+02,+5.814800E-07,-4.265855E-07,-1.228392E+02,-6.329353E-01
+3.745117E+02,+1.776009E-06,+2.507551E-06,-1.102493E+02,+9.545454E-01
+3.747559E+02,-6.355564E-06,-2.707033E-06,-1.032129E+02,-2.738934E+00
+3.750000E+02,+3.248034E-06,+2.948388E-06,-1.071573E+02,+7.370780E-01
+3.752441E+02,+4.993747E-06,-2.164977E-06,-1.052835E+02,-4.090798E-01
+3.754883E+02,-8.403762E-06,-9.130810E-07,-1.014596E+02,-3.033366E+00
+3.757324E+02,+8.776383E-06,+3.116692E-06,-1.006179E+02,+3.412311E-01
+3.759766E+02,-1.088908E-05,+4.264840E-06,-9.864038E+01,+2.768295E+00
+3.762207E+02,+5.999517E-06,-6.011401E-06,-1.014188E+02,-7.863876E-01
+3.764648E+02,-8.395377E-07,+2.421829E-06,-1.118243E+02,+1.904487E+00
+3.767090E+02,+6.341449E-06,+1.188959E-06,-1.038062E+02,+1.853384E-01
+3.769531E+02,-8.559351E-06,-1.083601E-05,-9.719691E+01,-2.239347E+00
+3.771973E+02,+3.301167E-06,+1.680347E-05,-9.532756E+01,+1.376809E+00
+3.774414E+02,-1.394206E-06,-1.034297E-05,-9.962889E+01,-1.704786E+00
+3.776855E+02,+4.150068E-06,+9.814700E-07,-1.074025E+02,+2.322281E-01
+3.779297E+02,-4.441477E-06,+1.550868E-06,-1.065498E+02,+2.805650E+00
+3.781738E+02,+4.043035E-06,+1.186578E-06,-1.075070E+02,+2.854708E-01
+3.784180E+02,-8.700908E-06,-3.117175E-06,-1.006843E+02,-2.797580E+00
+3.786621E+02,+8.608049E-06,+4.088404E-06,-1.004185E+02,+4.434086E-01
+3.789062E+02,-5.744951E-06,-7.584221E-07,-1.047392E+02,-3.010336E+00
+3.791504E+02,+7.363910E-06,-4.199203E-06,-1.014351E+02,-5.182503E-01
+3.793945E+02,-5.482447E-06,+1.079031E-06,-1.050555E+02,+2.947261E+00
+3.796387E+02,-5.478626E-07,+4.674166E-06,-1.065467E+02,+1.687475E+00
+3.798828E+02,+5.680059E-06,-3.253982E-06,-1.036803E+02,-5.202382E-01
+3.801270E+02,-4.701574E-06,-2.449109E-07,-1.065434E+02,-3.089548E+00
+3.803711E+02,+9.526228E-07,+6.313223E-06,-1.038972E+02,+1.421033E+00
+3.806152E+02,-2.012652E-06,-1.345786E-05,-9.732442E+01,-1.719248E+00
+3.808594E+02,+4.950194E-06,+1.242471E-05,-9.747443E+01,+1.191657E+00
+3.811035E+02,-1.282369E-06,-8.650281E-06,-1.011650E+02,-1.717970E+00
+3.813477E+02,-1.297025E-06,+6.992250E-06,-1.029607E+02,+1.754206E+00
+3.815918E+02,+5.305956E-06,+2.013772E-06,-1.049203E+02,+3.627366E-01
+3.818359E+02,-8.136652E-06,-1.236229E-05,-9.659493E+01,-2.152903E+00
+3.820801E+02,+3.260028E-06,+1.012168E-05,-9.946629E+01,+1.259204E+00
+3.823242E+02,-1.664008E-06,-2.173799E-06,-1.112527E+02,-2.224133E+00
+3.825684E+02,+7.176048E-07,-5.059913E-07,-1.211295E+02,-6.141482E-01
+3.828125E+02,+6.336435E-06,-1.275058E-06,-1.037907E+02,-1.985745E-01
+3.830566E+02,-6.201449E-06,+5.932358E-06,-1.013282E+02,+2.378368E+00
+3.833008E+02,+1.842861E-06,-3.866095E-06,-1.073653E+02,-1.125984E+00
+3.835449E+02,-2.867954E-06,-4.392668E-06,-1.056034E+02,-2.149204E+00
+3.837891E+02,-1.615977E-07,+1.058521E-05,-9.950500E+01,+1.586061E+00
+3.840332E+02,+4.277789E-06,-1.504908E-05,-9.611235E+01,-1.293846E+00
+3.842773E+02,-1.896091E-06,+7.972241E-06,-1.017294E+02,+1.804295E+00
+3.845215E+02,+7.251663E-06,+2.578630E-06,-1.022742E+02,+3.416474E-01
+3.847656E+02,-1.225646E-05,-1.254957E-06,-9.818740E+01,-3.039557E+00
+3.850098E+02,+5.633447E-06,+1.372206E-07,-1.049819E+02,+2.435338E-02
+3.852539E+02,-1.271370E-06,-1.749497E-06,-1.133002E+02,-2.199222E+00
+3.854980E+02,+6.572908E-06,-5.152378E-06,-1.015646E+02,-6.648347E-01
+3.857422E+02,-6.129462E-06,+8.487676E-06,-9.960146E+01,+2.196241E+00
+3.859863E+02,-3.643390E-07,-6.415887E-07,-1.226410E+02,-2.087256E+00
+3.862305E+02,-1.112398E-06,-3.451181E-06,-1.088114E+02,-1.882606E+00
+3.864746E+02,+3.666551E-06,-1.608039E-06,-1.079508E+02,-4.133081E-01
+3.867188E+02,+1.346184E-06,+5.115139E-06,-1.055320E+02,+1.313455E+00
+3.869629E+02,-6.453612E-07,-2.973271E-06,-1.103354E+02,-1.784535E+00
+3.872070E+02,-3.241248E-06,-3.179359E-06,-1.068584E+02,-2.365833E+00
+3.874512E+02,+1.103255E-06,+4.596579E-06,-1.065081E+02,+1.335236E+00
+3.876953E+02,-9.408861E-07,-2.313556E-06,-1.120497E+02,-1.957051E+00
+3.879395E+02,+4.126278E-06,+3.401879E-06,-1.054365E+02,+6.894683E-01
+3.881836E+02,-3.792661E-06,-1.431052E-06,-1.078430E+02,-2.780788E+00
+3.884277E+02,-3.206405E-07,-3.131201E-06,-1.100405E+02,-1.672842E+00
+3.886719E+02,+5.465487E-06,+6.806955E-06,-1.011801E+02,+8.942732E-01
+3.889160E+02,-6.494192E-06,-7.572409E-06,-1.000211E+02,-2.279693E+00
+3.891602E+02,+2.964486E-06,+2.945852E-06,-1.075780E+02,+7.822454E-01
+3.894043E+02,+3.660931E-06,-2.546532E-06,-1.070143E+02,-6.077647E-01
+3.896484E+02,-5.793679E-06,-1.029851E-06,-1.046058E+02,-2.965676E+00
+3.898926E+02,+1.540654E-06,+4.639037E-06,-1.062171E+02,+1.250150E+00
+3.901367E+02,-1.193111E-06,+4.556398E-07,-1.178751E+02,+2.776793E+00
+3.903809E+02,+4.571712E-07,-5.981587E-06,-1.044384E+02,-1.494515E+00
+3.906250E+02,+4.246964E-06,+5.238429E-06,-1.034220E+02,+8.895454E-01
+3.908691E+02,-5.607447E-06,-3.148049E-06,-1.038349E+02,-2.630035E+00
+3.911133E+02,+5.142561E-06,+4.801424E-06,-1.030540E+02,+7.511057E-01
+3.913574E+02,-3.953423E-06,-6.220315E-06,-1.026503E+02,-2.136958E+00
+3.916016E+02,+9.476938E-08,+4.528982E-06,-1.068781E+02,+1.549874E+00
+3.918457E+02,-2.303306E-06,-1.858153E-06,-1.105760E+02,-2.462760E+00
+3.920898E+02,+5.996830E-06,-4.755314E-06,-1.023229E+02,-6.704404E-01
+3.923340E+02,-6.100381E-06,+6.691961E-06,-1.008620E+02,+2.309983E+00
+3.925781E+02,+4.730307E-06,-5.662616E-07,-1.064404E+02,-1.191423E-01
+3.928223E+02,-1.902402E-06,-3.354463E-06,-1.082764E+02,-2.086693E+00
+3.930664E+02,+5.502644E-06,-3.261887E-07,-1.051733E+02,-5.920925E-02
+3.933105E+02,-9.586493E-06,+1.055742E-06,-1.003144E+02,+3.031907E+00
+3.935547E+02,+4.666145E-06,+4.017055E-06,-1.042125E+02,+7.107846E-01
+3.937988E+02,+3.586854E-06,-3.434694E-06,-1.060796E+02,-7.637311E-01
+3.940430E+02,-6.349273E-06,+1.057305E-06,-1.038267E+02,+2.976583E+00
+3.942871E+02,+3.996963E-06,-1.685500E-06,-1.072546E+02,-3.990681E-01
+3.945312E+02,-1.141712E-06,-1.914482E-06,-1.130375E+02,-2.108531E+00
+3.947754E+02,-1.074499E-06,+1.205408E-06,-1.158377E+02,+2.298839E+00
+3.950195E+02,-4.080841E-06,+3.954478E-06,-1.049092E+02,+2.371919E+00
+3.952637E+02,+5.139716E-06,-2.197263E-06,-1.050522E+02,-4.039919E-01
+3.955078E+02,-4.881494E-08,-3.338591E-06,-1.095278E+02,-1.585417E+00
+3.957520E+02,+1.130779E-06,+5.705549E-06,-1.047067E+02,+1.375142E+00
+3.959961E+02,-5.180308E-06,-8.504831E-06,-1.000363E+02,-2.117881E+00
+3.962402E+02,+5.230568E-06,+1.110309E-05,-9.822066E+01,+1.130542E+00
+3.964844E+02,-1.629485E-08,-9.052821E-06,-1.008643E+02,-1.572596E+00
+3.967285E+02,-6.703176E-06,+3.581918E-06,-1.023835E+02,+2.650835E+00
+3.969727E+02,+5.664909E-06,+1.618744E-06,-1.045953E+02,+2.783320E-01
+3.972168E+02,-4.512282E-06,-2.808212E-06,-1.054903E+02,-2.584902E+00
+3.974609E+02,+6.121555E-06,+2.930853E-06,-1.033665E+02,+4.465246E-01
+3.977051E+02,-5.752898E-06,-4.175982E-06,-1.029641E+02,-2.513700E+00
+3.979492E+02,-1.148456E-08,+5.788035E-07,-1.247477E+02,+1.590636E+00
+3.981934E+02,+6.104788E-06,+4.452097E-07,-1.042635E+02,+7.279907E-02
+3.984375E+02,+9.697740E-08,+2.317317E-06,-1.126927E+02,+1.528972E+00
+3.986816E+02,-5.486913E-06,-2.114417E-06,-1.046121E+02,-2.773773E+00
+3.989258E+02,+9.854367E-07,+1.527796E-06,-1.148080E+02,+9.979404E-01
+3.991699E+02,-5.549843E-07,+7.144570E-07,-1.208700E+02,+2.231225E+00
+3.994141E+02,-1.875111E-06,-1.355124E-07,-1.145168E+02,-3.069449E+00
+3.996582E+02,+3.232653E-06,-1.265259E-06,-1.091898E+02,-3.730704E-01
+3.999023E+02,+2.390165E-06,+1.588466E-06,-1.108428E+02,+5.865597E-01
+4.001465E+02,-1.112971E-05,-2.869901E-06,-9.879075E+01,-2.889231E+00
+4.003906E+02,+1.209716E-05,-4.705234E-09,-9.834633E+01,-3.889536E-04
+4.006348E+02,-4.535426E-06,+3.245041E-06,-1.050723E+02,+2.520548E+00
+4.008789E+02,+2.343602E-06,-1.017023E-06,-1.118530E+02,-4.094328E-01
+4.011230E+02,-3.736014E-06,-2.070879E-06,-1.073882E+02,-2.635453E+00
+4.013672E+02,+1.958860E-06,+1.257867E-06,-1.126605E+02,+5.708318E-01
+4.016113E+02,-4.459026E-08,+4.511168E-06,-1.069138E+02,+1.580680E+00
+4.018555E+02,-5.581249E-06,-5.053424E-06,-1.024651E+02,-2.405786E+00
+4.020996E+02,+7.990140E-06,+3.609771E-06,-1.011423E+02,+4.243317E-01
+4.023438E+02,-4.425863E-06,-9.593556E-06,-9.952240E+01,-2.003038E+00
+4.025879E+02,+2.829658E-06,+6.186741E-06,-1.033458E+02,+1.141827E+00
+4.028320E+02,-1.123922E-06,+8.838502E-06,-1.010028E+02,+1.697279E+00
+4.030762E+02,-6.345221E-06,-1.240395E-05,-9.711930E+01,-2.043640E+00
+4.033203E+02,+1.115621E-05,+7.170367E-06,-9.754795E+01,+5.712433E-01
+4.035645E+02,-7.795797E-06,-1.599681E-06,-1.019837E+02,-2.939204E+00
+4.038086E+02,+3.255593E-06,+1.509513E-06,-1.089017E+02,+4.341616E-01
+4.040527E+02,-6.999984E-07,-4.254120E-06,-1.073078E+02,-1.733881E+00
+4.042969E+02,+4.397738E-06,+3.599076E-06,-1.049089E+02,+6.858557E-01
+4.045410E+02,-9.360099E-06,+1.443032E-06,-1.004724E+02,+2.988628E+00
+4.047852E+02,+4.693978E-06,-9.677812E-06,-9.936691E+01,-1.119201E+00
+4.050293E+02,+7.918126E-07,+1.135674E-05,-9.887386E+01,+1.501187E+00
+4.052734E+02,-3.761375E-06,-1.738804E-06,-1.076519E+02,-2.708575E+00
+4.055176E+02,+6.441113E-06,-3.638136E-06,-1.026182E+02,-5.141580E-01
+4.057617E+02,-1.598570E-06,+4.248060E-07,-1.156290E+02,+2.881855E+00
+4.060059E+02,+7.762619E-07,+1.071205E-06,-1.175695E+02,+9.437095E-01
+4.062500E+02,-5.093377E-06,+6.647284E-06,-1.015410E+02,+2.224607E+00
+4.064941E+02,+2.081405E-06,-1.070893E-05,-9.924404E+01,-1.378828E+00
+4.067383E+02,-4.213488E-06,+4.472879E-06,-1.042297E+02,+2.326341E+00
+4.069824E+02,+9.399909E-06,-1.886872E-06,-1.003660E+02,-1.981002E-01
+4.072266E+02,-7.562609E-06,+7.552631E-06,-9.942200E+01,+2.356855E+00
+4.074707E+02,+4.641222E-06,-7.256615E-06,-1.012960E+02,-1.001778E+00
+4.077148E+02,+9.366235E-07,-9.293298E-07,-1.175922E+02,-7.814894E-01
+4.079590E+02,-1.144617E-06,+5.655043E-06,-1.047769E+02,+1.770505E+00
+4.082031E+02,-4.636234E-06,-1.301288E-06,-1.063474E+02,-2.867956E+00
+4.084473E+02,+2.057566E-06,-1.746220E-06,-1.113770E+02,-7.037284E-01
+4.086914E+02,+1.822850E-06,-1.652464E-06,-1.121800E+02,-7.364100E-01
+4.089355E+02,+9.248605E-07,+4.857212E-06,-1.061176E+02,+1.382639E+00
+4.091797E+02,-1.775226E-06,-2.603583E-07,-1.149225E+02,-2.995969E+00
+4.094238E+02,+1.007151E-06,-4.434754E-06,-1.068442E+02,-1.347480E+00
+4.096680E+02,+4.375444E-06,+7.204862E-06,-1.014841E+02,+1.025033E+00
+4.099121E+02,-9.269941E-06,-8.954207E-06,-9.779605E+01,-2.373518E+00
+4.101562E+02,+4.236181E-06,+2.103154E-06,-1.065036E+02,+4.608228E-01
+4.104004E+02,+2.596250E-06,+9.996960E-06,-9.971918E+01,+1.316706E+00
+4.106445E+02,-5.886051E-06,-1.117325E-05,-9.797275E+01,-2.055652E+00
+4.108887E+02,+6.980470E-06,+1.875128E-06,-1.028197E+02,+2.624297E-01
+4.111328E+02,+3.107482E-06,+9.511070E-07,-1.097629E+02,+2.970163E-01
+4.113770E+02,-1.338869E-05,+1.863793E-07,-9.746440E+01,+3.127673E+00
+4.116211E+02,+1.669115E-05,+1.475176E-06,-9.551648E+01,+8.815172E-02
+4.118652E+02,-1.665651E-05,-1.788938E-06,-9.551851E+01,-3.034601E+00
+4.121094E+02,+9.794351E-06,+5.059034E-06,-9.915341E+01,+4.767806E-01
+4.123535E+02,-1.274050E-06,-6.634891E-06,-1.034061E+02,-1.760510E+00
+4.125977E+02,+4.716808E-06,+6.505691E-06,-1.018995E+02,+9.434698E-01
+4.128418E+02,-7.175702E-06,-9.043682E-06,-9.875238E+01,-2.241530E+00
+4.130859E+02,+1.333467E-06,+6.129847E-06,-1.040502E+02,+1.356597E+00
+4.133301E+02,-1.893809E-07,+6.401580E-07,-1.235099E+02,+1.858427E+00
+4.135742E+02,+2.084155E-06,-5.219197E-06,-1.050054E+02,-1.190872E+00
+4.138184E+02,+5.430339E-07,+6.454571E-06,-1.037720E+02,+1.486862E+00
+4.140625E+02,-2.759549E-06,-8.534200E-07,-1.107866E+02,-2.841662E+00
+4.143066E+02,+3.272485E-06,-6.457272E-06,-1.028062E+02,-1.101731E+00
+4.145508E+02,-3.873155E-07,+5.754898E-06,-1.047796E+02,+1.637997E+00
+4.147949E+02,-1.774412E-06,-2.295725E-06,-1.107475E+02,-2.228806E+00
+4.150391E+02,+2.094238E-07,-2.053493E-06,-1.137052E+02,-1.469164E+00
+4.152832E+02,+2.659986E-06,+7.184728E-06,-1.023139E+02,+1.216216E+00
+4.155273E+02,+4.374012E-06,-4.983956E-06,-1.035683E+02,-8.504852E-01
+4.157715E+02,-8.029596E-06,-1.245131E-06,-1.018029E+02,-2.987750E+00
+4.160156E+02,-1.819856E-06,-1.421816E-07,-1.147728E+02,-3.063623E+00
+4.162598E+02,+3.264297E-06,-2.291118E-06,-1.079847E+02,-6.119811E-01
+4.165039E+02,+4.068967E-07,+9.219581E-06,-1.006973E+02,+1.526691E+00
+4.167480E+02,+2.237635E-07,-1.101194E-05,-9.916093E+01,-1.550479E+00
+4.169922E+02,+2.608834E-06,+8.895385E-06,-1.006584E+02,+1.285517E+00
+4.172363E+02,-4.744692E-06,-4.727139E-06,-1.034816E+02,-2.358048E+00
+4.174805E+02,+6.847884E-06,-1.635062E-07,-1.032864E+02,-2.387235E-02
+4.177246E+02,-3.305502E-06,+4.337185E-06,-1.052670E+02,+2.222016E+00
+4.179688E+02,-4.801659E-07,-2.646585E-06,-1.114056E+02,-1.750273E+00
+4.182129E+02,-3.251518E-06,-3.215242E-06,-1.067964E+02,-2.361804E+00
+4.184570E+02,+4.307505E-06,+1.759103E-06,-1.066456E+02,+3.877105E-01
+4.187012E+02,+1.986646E-06,-1.190730E-06,-1.127046E+02,-5.399538E-01
+4.189453E+02,-6.055284E-06,+7.147102E-06,-1.005677E+02,+2.273684E+00
+4.191895E+02,+1.549584E-06,-9.475545E-06,-1.003533E+02,-1.408696E+00
+4.194336E+02,+3.660184E-06,+1.828036E-06,-1.077628E+02,+4.631982E-01
+4.196777E+02,+1.860637E-06,+5.218115E-06,-1.051299E+02,+1.228278E+00
+4.199219E+02,-1.075303E-05,-8.120554E-06,-9.740953E+01,-2.494780E+00
+4.201660E+02,+1.350324E-05,+4.915218E-06,-9.685088E+01,+3.490947E-01
+4.204102E+02,-7.568894E-06,+6.235547E-08,-1.024191E+02,+3.133354E+00
+4.206543E+02,-2.399718E-06,-5.576849E-06,-1.043345E+02,-1.977147E+00
+4.208984E+02,+2.294951E-06,+4.494508E-06,-1.059402E+02,+1.098695E+00
+4.211426E+02,-1.232093E-07,+2.393947E-06,-1.124062E+02,+1.622218E+00
+4.213867E+02,+1.485707E-06,-4.572990E-06,-1.063602E+02,-1.256666E+00
+4.216309E+02,+2.749159E-06,+3.490425E-06,-1.070463E+02,+9.036444E-01
+4.218750E+02,-2.936950E-06,-1.654556E-06,-1.094450E+02,-2.628551E+00
+4.221191E+02,+6.349627E-07,-2.837869E-06,-1.107280E+02,-1.350675E+00
+4.223633E+02,-4.119880E-06,+3.614662E-06,-1.052231E+02,+2.421422E+00
+4.226074E+02,+3.626365E-06,-3.286296E-06,-1.062069E+02,-7.362427E-01
+4.228516E+02,-2.746570E-06,-4.420421E-06,-1.056729E+02,-2.126757E+00
+4.230957E+02,+4.795923E-07,+6.414275E-06,-1.038328E+02,+1.496166E+00
+4.233398E+02,+4.981291E-06,+2.981904E-06,-1.047231E+02,+5.394047E-01
+4.235840E+02,-3.926388E-06,-7.855787E-06,-1.011278E+02,-2.034291E+00
+4.238281E+02,-1.303627E-06,-1.391848E-06,-1.143929E+02,-2.323477E+00
+4.240723E+02,-6.652023E-07,+8.110498E-06,-1.017899E+02,+1.652631E+00
+4.243164E+02,+1.921314E-06,-5.627987E-06,-1.045142E+02,-1.241816E+00
+4.245605E+02,-6.983704E-06,+5.834289E-06,-1.008191E+02,+2.445627E+00
+4.248047E+02,+6.949793E-06,-3.162472E-06,-1.023433E+02,-4.270419E-01
+4.250488E+02,-1.947959E-06,+1.291673E-06,-1.126257E+02,+2.556070E+00
+4.252930E+02,-2.982402E-06,-1.136645E-06,-1.099197E+02,-2.777470E+00
+4.255371E+02,+5.900477E-06,+6.563038E-07,-1.045289E+02,+1.107736E-01
+4.257812E+02,-7.055639E-06,+8.337108E-07,-1.029691E+02,+3.023976E+00
+4.260254E+02,+8.106194E-06,+8.704403E-07,-1.017739E+02,+1.069698E-01
+4.262695E+02,-5.891336E-06,-5.690028E-07,-1.045554E+02,-3.045308E+00
+4.265137E+02,+3.606337E-06,-4.102858E-06,-1.052521E+02,-8.497157E-01
+4.267578E+02,-3.119974E-07,+3.386882E-06,-1.093673E+02,+1.662656E+00
+4.270020E+02,-1.014943E-06,+3.191655E-06,-1.095013E+02,+1.878683E+00
+4.272461E+02,-1.720202E-06,-3.501716E-06,-1.081755E+02,-2.027416E+00
+4.274902E+02,+5.509938E-07,-4.459150E-06,-1.069492E+02,-1.447855E+00
+4.277344E+02,+2.290054E-06,+4.885713E-06,-1.053589E+02,+1.132481E+00
+4.279785E+02,-1.455352E-06,-4.245589E-07,-1.163859E+02,-2.857747E+00
+4.282227E+02,-2.572361E-06,-2.217555E-06,-1.093800E+02,-2.430133E+00
+4.284668E+02,+1.896249E-06,+3.426826E-06,-1.081421E+02,+1.065381E+00
+4.287109E+02,+8.165461E-07,+1.578397E-06,-1.150058E+02,+1.093384E+00
+4.289551E+02,-8.903465E-07,-4.159222E-06,-1.074252E+02,-1.781679E+00
+4.291992E+02,+3.458976E-06,-8.883821E-07,-1.089436E+02,-2.514001E-01
+4.294434E+02,+5.569888E-07,+8.143640E-06,-1.017634E+02,+1.502507E+00
+4.296875E+02,-7.471268E-06,-9.867100E-06,-9.814799E+01,-2.218883E+00
+4.299316E+02,+4.347763E-06,-1.457572E-07,-1.072298E+02,-3.351209E-02
+4.301758E+02,+1.209741E-06,+6.968186E-06,-1.030086E+02,+1.398901E+00
+4.304199E+02,-7.453800E-06,-9.334377E-06,-9.845608E+01,-2.244642E+00
+4.306641E+02,+8.421228E-06,+9.695080E-06,-9.782748E+01,+8.555979E-01
+4.309082E+02,-1.781630E-06,-6.678557E-06,-1.032078E+02,-1.831494E+00
+4.311523E+02,-2.716544E-06,+8.652330E-06,-1.008490E+02,+1.875017E+00
+4.313965E+02,-1.459246E-06,-1.109217E-05,-9.902515E+01,-1.701602E+00
+4.316406E+02,+4.922363E-06,+8.911967E-06,-9.984419E+01,+1.066165E+00
+4.318848E+02,+9.087186E-07,-4.249760E-06,-1.072385E+02,-1.360140E+00
+4.321289E+02,-8.492624E-06,-2.984981E-07,-1.014138E+02,-3.106459E+00
+4.323730E+02,+4.618895E-06,+2.249062E-07,-1.066990E+02,+4.865421E-02
+4.326172E+02,-1.273141E-06,+5.954567E-07,-1.170433E+02,+2.704112E+00
+4.328613E+02,-3.181107E-06,+5.711424E-06,-1.036917E+02,+2.078977E+00
+4.331055E+02,+6.050463E-06,-6.780080E-06,-1.008314E+02,-8.422027E-01
+4.333496E+02,-2.424216E-06,+1.441646E-06,-1.109935E+02,+2.605090E+00
+4.335938E+02,+1.601746E-06,-3.742568E-06,-1.078062E+02,-1.166404E+00
+4.338379E+02,-1.674032E-06,+4.914484E-06,-1.056937E+02,+1.899102E+00
+4.340820E+02,-3.542689E-06,-3.130781E-08,-1.090130E+02,-3.132756E+00
+4.343262E+02,+3.241888E-06,+1.483177E-06,-1.089587E+02,+4.290768E-01
+4.345703E+02,-5.235210E-06,-3.769737E-06,-1.038072E+02,-2.517521E+00
+4.348145E+02,+4.675701E-06,+2.862485E-06,-1.052207E+02,+5.493450E-01
+4.350586E+02,+2.697546E-06,+3.471413E-06,-1.071383E+02,+9.101915E-01
+4.353027E+02,-2.569825E-06,-3.509208E-07,-1.117217E+02,-3.005878E+00
+4.355469E+02,-4.739866E-06,-6.538429E-06,-1.018564E+02,-2.198055E+00
+4.357910E+02,+8.379339E-06,+7.835381E-06,-9.880723E+01,+7.518635E-01
+4.360352E+02,-9.353905E-06,-7.017596E-06,-9.864098E+01,-2.497943E+00
+4.362793E+02,+6.849715E-06,+6.285995E-06,-1.006332E+02,+7.425094E-01
+4.365234E+02,-7.960285E-07,-5.901277E-07,-1.200793E+02,-2.503657E+00
+4.367676E+02,+2.008647E-07,-4.171488E-06,-1.075841E+02,-1.522682E+00
+4.370117E+02,+1.379959E-06,+1.942896E-06,-1.124572E+02,+9.532184E-01
+4.372559E+02,-7.843190E-06,+5.287148E-06,-1.004832E+02,+2.548457E+00
+4.375000E+02,+3.156031E-06,-7.724688E-06,-1.015720E+02,-1.182929E+00
+4.377441E+02,+7.433986E-06,+1.031361E-05,-9.791466E+01,+9.462507E-01
+4.379883E+02,-4.815262E-06,-4.544044E-06,-1.035818E+02,-2.385165E+00
+4.382324E+02,-1.302055E-06,-5.256044E-06,-1.053282E+02,-1.813633E+00
+4.384766E+02,-3.838862E-07,+7.102794E-06,-1.029587E+02,+1.624791E+00
+4.387207E+02,+5.816072E-06,+2.154101E-06,-1.041491E+02,+3.547058E-01
+4.389648E+02,-5.337677E-06,-1.186786E-05,-9.771248E+01,-1.993450E+00
+4.392090E+02,+4.962065E-06,+8.633800E-06,-1.000364E+02,+1.049168E+00
+4.394531E+02,-5.408381E-06,+2.780162E-06,-1.043203E+02,+2.666771E+00
+4.396973E+02,+2.894577E-06,-4.889984E-06,-1.049092E+02,-1.036324E+00
+4.399414E+02,+1.888574E-06,+2.647048E-06,-1.097578E+02,+9.510911E-01
+4.401855E+02,-3.446556E-06,+1.743682E-07,-1.092412E+02,+3.091044E+00
+4.404297E+02,+6.315812E-06,+2.088247E-06,-1.035408E+02,+3.193227E-01
+4.406738E+02,-5.565025E-06,-8.087035E-06,-1.001606E+02,-2.173519E+00
+4.409180E+02,+1.922123E-06,+7.413860E-06,-1.023166E+02,+1.317121E+00
+4.411621E+02,+4.448237E-06,+1.548877E-06,-1.065392E+02,+3.350706E-01
+4.414062E+02,-9.236518E-06,-4.338631E-06,-9.982395E+01,-2.702456E+00
+4.416504E+02,+9.587588E-06,+1.840476E-06,-1.002087E+02,+1.896573E-01
+4.418945E+02,-4.485687E-06,-1.924585E-06,-1.062296E+02,-2.736296E+00
+4.421387E+02,+2.288296E-06,+7.441510E-07,-1.123732E+02,+3.144116E-01
+4.423828E+02,-2.096404E-06,+4.968293E-06,-1.053642E+02,+1.970086E+00
+4.426270E+02,+3.213482E-06,-2.594297E-06,-1.076810E+02,-6.791862E-01
+4.428711E+02,-6.395218E-06,-1.855688E-06,-1.035318E+02,-2.859180E+00
+4.431152E+02,+5.861259E-06,+5.735348E-07,-1.045988E+02,+9.754129E-02
+4.433594E+02,-4.132708E-07,-3.964268E-06,-1.079898E+02,-1.674670E+00
+4.436035E+02,+3.982114E-07,+7.526558E-06,-1.024559E+02,+1.517938E+00
+4.438477E+02,+3.915468E-06,-2.955378E-06,-1.061861E+02,-6.465633E-01
+4.440918E+02,-2.922979E-06,-1.076754E-06,-1.101308E+02,-2.788642E+00
+4.443359E+02,-3.257651E-06,+1.712331E-06,-1.086824E+02,+2.657649E+00
+4.445801E+02,+6.097498E-06,-3.105736E-06,-1.032952E+02,-4.710964E-01
+4.448242E+02,-4.150120E-06,+4.170172E-06,-1.046075E+02,+2.353785E+00
+4.450684E+02,+7.879632E-07,+5.203454E-07,-1.204981E+02,+5.836291E-01
+4.453125E+02,+1.512719E-06,-6.214200E-06,-1.038823E+02,-1.332011E+00
+4.455566E+02,+8.024378E-06,+4.824366E-06,-1.005717E+02,+5.413115E-01
+4.458008E+02,-8.248442E-06,-5.450926E-06,-1.000989E+02,-2.557633E+00
+4.460449E+02,-8.521246E-07,+1.642465E-06,-1.146549E+02,+2.049377E+00
+4.462891E+02,-1.668614E-06,+6.207445E-06,-1.038387E+02,+1.833397E+00
+4.465332E+02,+8.632560E-06,-7.386303E-06,-9.889146E+01,-7.077552E-01
+4.467773E+02,+4.688067E-07,+1.166403E-06,-1.180127E+02,+1.188632E+00
+4.470215E+02,-7.493250E-06,+5.838122E-06,-1.004464E+02,+2.479715E+00
+4.472656E+02,+3.197331E-06,-8.874693E-06,-1.005069E+02,-1.224997E+00
+4.475098E+02,+5.756939E-06,+6.935451E-06,-1.009021E+02,+8.779845E-01
+4.477539E+02,-8.464162E-06,-7.978369E-06,-9.868713E+01,-2.385731E+00
+4.479980E+02,+6.513226E-06,+8.048654E-06,-9.969794E+01,+8.904516E-01
+4.482422E+02,-4.868215E-06,-4.161723E-06,-1.038701E+02,-2.434274E+00
+4.484863E+02,+2.057011E-06,+5.881138E-06,-1.041095E+02,+1.234332E+00
+4.487305E+02,+4.383040E-06,-8.445171E-06,-1.004320E+02,-1.092065E+00
+4.489746E+02,-8.305458E-07,+1.996360E-06,-1.133019E+02,+1.965045E+00
+4.492188E+02,-2.722493E-06,-2.846455E-06,-1.080927E+02,-2.333939E+00
+4.494629E+02,+3.550346E-06,+7.534048E-06,-1.015885E+02,+1.130420E+00
+4.497070E+02,-3.955518E-07,-8.875476E-06,-1.010275E+02,-1.615334E+00
+4.499512E+02,+2.354964E-06,+1.159361E-06,-1.116178E+02,+4.574728E-01
+4.501953E+02,+2.662003E-06,+5.461122E-06,-1.043285E+02,+1.117242E+00
+4.504395E+02,-1.117965E-05,-5.471691E-06,-9.809882E+01,-2.686434E+00
+4.506836E+02,+7.124389E-06,-3.606487E-06,-1.019543E+02,-4.686088E-01
+4.509277E+02,+3.421943E-06,+3.090992E-06,-1.067236E+02,+7.346275E-01
+4.511719E+02,-3.419329E-06,-3.718666E-06,-1.059312E+02,-2.314283E+00
+4.514160E+02,+7.569507E-06,+4.056635E-06,-1.013222E+02,+4.919674E-01
+4.516602E+02,-9.064497E-06,-7.223839E-06,-9.871766E+01,-2.468722E+00
+4.519043E+02,+2.424062E-06,+1.007852E-06,-1.116167E+02,+3.940269E-01
+4.521484E+02,-1.239069E-06,-1.428981E-06,-1.144645E+02,-2.285134E+00
+4.523926E+02,-6.551320E-06,+2.527340E-06,-1.030709E+02,+2.773408E+00
+4.526367E+02,+1.098143E-05,-7.785272E-07,-9.916505E+01,-7.077644E-02
+4.528809E+02,-2.253705E-06,+1.906644E-06,-1.105976E+02,+2.439423E+00
+4.531250E+02,-7.569276E-06,+3.669939E-07,-1.024087E+02,+3.093146E+00
+4.533691E+02,+9.759964E-06,-4.465654E-06,-9.938552E+01,-4.291132E-01
+4.536133E+02,-4.512604E-06,+1.312468E-06,-1.065588E+02,+2.858556E+00
+4.538574E+02,+2.535898E-06,-2.362922E-06,-1.092031E+02,-7.501031E-01
+4.541016E+02,-5.682643E-06,-3.356498E-07,-1.048939E+02,-3.082595E+00
+4.543457E+02,-2.148914E-06,+9.033801E-06,-1.006435E+02,+1.804331E+00
+4.545898E+02,+1.061893E-05,+3.540333E-06,-9.902065E+01,+3.218090E-01
+4.548340E+02,+9.078842E-06,-3.317583E-06,-1.002951E+02,-3.503447E-01
+4.550781E+02,+4.231712E-07,-1.095175E-06,-1.186060E+02,-1.202072E+00
+4.553223E+02,+2.001663E-05,-4.812830E-06,-9.372810E+01,-2.359625E-01
+4.555664E+02,-6.524700E-06,-2.199308E-05,-9.278793E+01,-1.859196E+00
+4.558105E+02,-1.564106E-05,+1.249497E-06,-9.608704E+01,+3.061876E+00
+4.560547E+02,+7.898159E-06,-9.772585E-06,-9.801660E+01,-8.910781E-01
+4.562988E+02,-7.607146E-06,+1.162102E-05,-9.714630E+01,+2.150400E+00
+4.565430E+02,+1.341682E-05,-1.086676E-06,-9.741861E+01,-8.081716E-02
+4.567871E+02,+9.182977E-06,-1.021831E-05,-9.724133E+01,-8.387118E-01
+4.570312E+02,+6.259511E-06,-7.861539E-06,-9.995742E+01,-8.983647E-01
+4.572754E+02,+8.149089E-06,-1.187043E-05,-9.683369E+01,-9.691863E-01
+4.575195E+02,+2.185120E-05,-9.289316E-06,-9.248901E+01,-4.019698E-01
+4.577637E+02,+5.116432E-05,-5.432901E-06,-8.577196E+01,-1.057889E-01
+4.580078E+02,+2.539058E-04,-3.766933E-05,-7.181199E+01,-1.472851E-01
+4.582520E+02,-9.405217E-04,-1.366367E-03,-5.560424E+01,-2.173652E+00
+4.584961E+02,+8.492876E-05,+1.971274E-03,-5.409701E+01,+1.527740E+00
+4.587402E+02,+3.500026E-04,-4.180603E-04,-6.526839E+01,-8.737770E-01
+4.589844E+02,+1.927019E-05,-1.022822E-04,-7.965251E+01,-1.384577E+00
+4.592285E+02,-4.872084E-05,-5.082700E-05,-8.304772E+01,-2.335041E+00
+4.594727E+02,-5.038836E-05,+3.341057E-06,-8.593434E+01,+3.075383E+00
+4.597168E+02,-3.591225E-05,+2.337492E-05,-8.736110E+01,+2.564592E+00
+4.599609E+02,-2.851795E-05,+7.291560E-06,-9.062262E+01,+2.891272E+00
+4.602051E+02,-6.714110E-05,+6.991540E-06,-8.341339E+01,+3.037835E+00
+4.604492E+02,-9.186132E-05,-5.582804E-06,-8.072133E+01,-3.080893E+00
+4.606934E+02,-2.396928E-04,-1.241356E-04,-7.137497E+01,-2.663732E+00
+4.609375E+02,-5.068955E-03,+3.975464E-03,-4.381966E+01,+2.476513E+00
+4.611816E+02,+1.232937E-02,-3.150465E-03,-3.790649E+01,-2.501722E-01
+4.614258E+02,-5.748985E-03,-1.710591E-03,-4.443975E+01,-2.852388E+00
+4.616699E+02,-6.544603E-04,+5.156440E-04,-6.158511E+01,+2.474278E+00
+4.619141E+02,-1.605053E-04,+2.485143E-04,-7.057886E+01,+2.144255E+00
+4.621582E+02,-4.534407E-05,+1.316524E-04,-7.712457E+01,+1.902494E+00
+4.624023E+02,-1.003517E-05,+7.935580E-05,-8.193953E+01,+1.696586E+00
+4.626465E+02,+1.230550E-05,+3.994581E-05,-8.757684E+01,+1.271966E+00
+4.628906E+02,+2.206642E-06,+2.885076E-05,-9.077152E+01,+1.494460E+00
+4.631348E+02,+2.635412E-05,+1.801630E-05,-8.991772E+01,+5.996503E-01
+4.633789E+02,-2.033787E-05,+3.593061E-05,-8.768368E+01,+2.085865E+00
+4.636230E+02,+1.170543E-04,-1.940262E-05,-7.851454E+01,-1.642639E-01
+4.638672E+02,-4.246128E-05,-7.718624E-05,-8.110101E+01,-2.073728E+00
+4.641113E+02,-2.665545E-05,+1.448831E-05,-9.036012E+01,+2.643723E+00
+4.643555E+02,-1.565011E-05,+3.696009E-06,-9.587394E+01,+2.909677E+00
+4.645996E+02,-2.236083E-06,-1.239436E-06,-1.118467E+02,-2.635463E+00
+4.648438E+02,-1.889469E-06,+1.952751E-06,-1.113175E+02,+2.339726E+00
+4.650879E+02,-5.215040E-06,-5.982211E-06,-1.020077E+02,-2.287787E+00
+4.653320E+02,-4.533312E-06,+8.424511E-06,-1.003847E+02,+2.064465E+00
+4.655762E+02,-7.492932E-06,-5.062909E-06,-1.008737E+02,-2.547368E+00
+4.658203E+02,-2.810685E-06,+3.129659E-06,-1.075216E+02,+2.302550E+00
+4.660645E+02,-6.015643E-06,+1.302278E-05,-9.686596E+01,+2.003529E+00
+4.663086E+02,+1.145162E-05,-1.048695E-05,-9.617775E+01,-7.414552E-01
+4.665527E+02,-1.068157E-05,-3.444703E-07,-9.942278E+01,-3.109355E+00
+4.667969E+02,-9.814736E-07,+1.616198E-05,-9.581413E+01,+1.631449E+00
+4.670410E+02,+6.304102E-06,-1.267294E-05,-9.698221E+01,-1.109194E+00
+4.672852E+02,-1.949739E-06,-6.777610E-06,-1.030332E+02,-1.850906E+00
+4.675293E+02,-1.146209E-05,+9.950618E-06,-9.637528E+01,+2.426665E+00
+4.677734E+02,-1.142504E-05,-8.702583E-07,-9.881772E+01,-3.065568E+00
+4.680176E+02,+1.406924E-05,+1.689448E-05,-9.315723E+01,+8.763900E-01
+4.682617E+02,+4.598863E-06,-5.809451E-06,-1.026043E+02,-9.011877E-01
+4.685059E+02,-5.595245E-06,-2.536345E-06,-1.042320E+02,-2.715995E+00
+4.687500E+02,+1.027315E-05,-1.087638E-06,-9.971752E+01,-1.054789E-01
+4.689941E+02,-1.437134E-05,-5.997508E-06,-9.615279E+01,-2.746242E+00
+4.692383E+02,-1.056201E-06,+9.274997E-06,-1.005978E+02,+1.684184E+00
+4.694824E+02,+2.428415E-06,-6.078966E-07,-1.120296E+02,-2.452859E-01
+4.697266E+02,+1.639846E-06,+1.914315E-06,-1.119697E+02,+8.624700E-01
+4.699707E+02,+1.366727E-06,+1.731148E-06,-1.131293E+02,+9.024958E-01
+4.702148E+02,-3.594265E-06,+2.817878E-06,-1.068070E+02,+2.476689E+00
+4.704590E+02,+3.075506E-06,-9.957198E-06,-9.964153E+01,-1.271219E+00
+4.707031E+02,+4.811829E-06,+7.703102E-06,-1.008359E+02,+1.012441E+00
+4.709473E+02,-9.926135E-06,-9.586379E-07,-1.000241E+02,-3.045314E+00
+4.711914E+02,+7.991235E-06,-5.336693E-06,-1.003461E+02,-5.887995E-01
+4.714355E+02,-5.257872E-06,+1.073326E-05,-9.845126E+01,+2.026305E+00
+4.716797E+02,-6.393872E-07,-1.132764E-05,-9.890340E+01,-1.627181E+00
+4.719238E+02,-4.313516E-06,+9.456021E-06,-9.966485E+01,+1.998766E+00
+4.721680E+02,+7.345104E-06,-2.619082E-06,-1.021602E+02,-3.425204E-01
+4.724121E+02,-1.949652E-06,+2.779954E-07,-1.141134E+02,+2.999960E+00
+4.726562E+02,-1.954598E-06,-1.713391E-06,-1.117030E+02,-2.421860E+00
+4.729004E+02,+5.785856E-07,-1.150884E-06,-1.178008E+02,-1.104966E+00
+4.731445E+02,-1.860803E-06,+2.962706E-06,-1.091221E+02,+2.131604E+00
+4.733887E+02,+2.624629E-06,+2.965676E-06,-1.080455E+02,+8.463295E-01
+4.736328E+02,-3.239400E-06,+1.209372E-06,-1.092240E+02,+2.784285E+00
+4.738770E+02,+4.117428E-06,-6.855246E-06,-1.019418E+02,-1.029918E+00
+4.741211E+02,-7.914455E-06,+7.090586E-06,-9.947249E+01,+2.411046E+00
+4.743652E+02,+1.248297E-05,+3.484754E-07,-9.807026E+01,+2.790881E-02
+4.746094E+02,-1.459034E-05,+6.617246E-07,-9.670976E+01,+3.096270E+00
+4.748535E+02,+8.989348E-06,-1.549356E-06,-1.007983E+02,-1.706778E-01
+4.750977E+02,-5.863952E-07,-2.183069E-07,-1.240725E+02,-2.785203E+00
+4.753418E+02,+1.508720E-06,-2.331225E-06,-1.111290E+02,-9.964069E-01
+4.755859E+02,-2.501368E-06,+7.948629E-06,-1.015841E+02,+1.875677E+00
+4.758301E+02,-1.661985E-06,-6.239849E-06,-1.037989E+02,-1.831103E+00
+4.760742E+02,+9.532675E-06,+7.096300E-06,-9.850075E+01,+6.399194E-01
+4.763184E+02,-1.397247E-05,-6.643162E-06,-9.620946E+01,-2.697780E+00
+4.765625E+02,+3.481465E-06,+3.974276E-06,-1.055415E+02,+8.514004E-01
+4.768066E+02,+7.851606E-06,-6.971445E-06,-9.957626E+01,-7.260900E-01
+4.770508E+02,+8.355707E-07,+1.039191E-05,-9.963810E+01,+1.490563E+00
+4.772949E+02,-1.029765E-05,-5.567216E-06,-9.863167E+01,-2.645972E+00
+4.775391E+02,+4.071391E-06,-2.096650E-07,-1.077936E+02,-5.145169E-02
+4.777832E+02,+1.846967E-06,+8.983783E-06,-1.007510E+02,+1.368033E+00
+4.780273E+02,+8.779520E-07,-9.614686E-06,-1.003052E+02,-1.479735E+00
+4.782715E+02,-3.767845E-08,+5.241229E-07,-1.255890E+02,+1.642561E+00
+4.785156E+02,-4.865125E-06,+5.847849E-06,-1.023757E+02,+2.264718E+00
+4.787598E+02,+5.649527E-06,-3.398424E-06,-1.036185E+02,-5.415520E-01
+4.790039E+02,-3.220544E-06,+4.020356E-06,-1.057618E+02,+2.246183E+00
+4.792480E+02,+1.766826E-06,+1.630143E-06,-1.123814E+02,+7.451831E-01
+4.794922E+02,+6.423184E-07,-7.541547E-06,-1.024194E+02,-1.485831E+00
+4.797363E+02,+3.937056E-06,+5.095268E-06,-1.038235E+02,+9.129319E-01
+4.799805E+02,-6.461990E-06,-3.310603E-06,-1.027805E+02,-2.668138E+00
+4.802246E+02,+2.490236E-06,+3.456332E-06,-1.074118E+02,+9.464538E-01
+4.804688E+02,+2.976766E-06,+1.724949E-06,-1.092677E+02,+5.251876E-01
+4.807129E+02,-5.573088E-06,-1.517306E-06,-1.047675E+02,-2.875779E+00
+4.809570E+02,+7.219476E-06,-5.986216E-06,-1.005574E+02,-6.922798E-01
+4.812012E+02,-3.407194E-06,+6.131353E-06,-1.030801E+02,+2.078005E+00
+4.814453E+02,+4.373897E-07,-6.177802E-06,-1.041616E+02,-1.500114E+00
+4.816895E+02,+3.473674E-06,+1.621815E-05,-9.560517E+01,+1.359800E+00
+4.819336E+02,-8.773905E-06,-1.168449E-05,-9.670585E+01,-2.214874E+00
+4.821777E+02,+1.467109E-05,-2.081182E-06,-9.658423E+01,-1.409158E-01
+4.824219E+02,-9.614390E-06,+2.629199E-06,-1.000284E+02,+2.874654E+00
+4.826660E+02,+5.082330E-06,-1.186064E-06,-1.056484E+02,-2.292667E-01
+4.829102E+02,-5.638382E-06,+1.031801E-06,-1.048339E+02,+2.960599E+00
+4.831543E+02,-3.824090E-06,-4.123412E-08,-1.083489E+02,-3.130810E+00
+4.833984E+02,+7.875621E-06,+1.120429E-06,-1.019873E+02,+1.413171E-01
+4.836426E+02,+1.510529E-06,-1.911819E-06,-1.122645E+02,-9.021211E-01
+4.838867E+02,-4.438725E-06,+3.008714E-06,-1.054129E+02,+2.545899E+00
+4.841309E+02,+5.660222E-06,-2.094097E-06,-1.043862E+02,-3.543511E-01
+4.843750E+02,-8.315995E-06,-4.911552E-06,-1.003022E+02,-2.608102E+00
+4.846191E+02,+7.788190E-06,+6.180292E-06,-1.000501E+02,+6.707935E-01
+4.848633E+02,-4.157403E-06,+3.344278E-06,-1.054564E+02,+2.464165E+00
+4.851074E+02,+7.034348E-06,-5.683782E-06,-1.008731E+02,-6.796025E-01
+4.853516E+02,-1.211886E-05,+5.558442E-06,-9.750159E+01,+2.711560E+00
+4.855957E+02,+1.394785E-05,-8.737421E-06,-9.567215E+01,-5.596305E-01
+4.858398E+02,-1.065504E-05,+5.767131E-06,-9.833305E+01,+2.645486E+00
+4.860840E+02,+7.717083E-06,-4.904281E-06,-1.007777E+02,-5.661211E-01
+4.863281E+02,-4.356932E-06,+3.892032E-06,-1.046685E+02,+2.412494E+00
+4.865723E+02,+5.576536E-07,+3.137239E-06,-1.099339E+02,+1.394881E+00
+4.868164E+02,-8.886107E-07,-6.275913E-06,-1.039603E+02,-1.711452E+00
+4.870605E+02,+2.401553E-06,+5.427680E-06,-1.045312E+02,+1.154227E+00
+4.873047E+02,-5.251668E-06,-1.015865E-05,-9.883465E+01,-2.047924E+00
+4.875488E+02,+8.990613E-06,+1.114502E-05,-9.688156E+01,+8.919875E-01
+4.877930E+02,-7.447696E-06,-5.036131E-06,-1.009242E+02,-2.547019E+00
+4.880371E+02,+3.997793E-06,-1.338483E-06,-1.075022E+02,-3.230750E-01
+4.882812E+02,+2.757812E-06,+1.358049E-06,-1.102458E+02,+4.575789E-01
+4.885254E+02,+1.940424E-07,+1.623570E-06,-1.157290E+02,+1.451845E+00
+4.887695E+02,-6.893784E-06,-2.284446E-06,-1.027784E+02,-2.821603E+00
+4.890137E+02,+2.602449E-06,+2.264962E-06,-1.092435E+02,+7.161729E-01
+4.892578E+02,+1.395106E-06,+4.711618E-07,-1.166388E+02,+3.256977E-01
+4.895020E+02,+4.953795E-06,-2.595834E-06,-1.050475E+02,-4.826699E-01
+4.897461E+02,-4.297885E-06,-7.317792E-07,-1.072108E+02,-2.972945E+00
+4.899902E+02,-7.925059E-07,-2.786314E-08,-1.220146E+02,-3.106449E+00
+4.902344E+02,-1.152415E-06,+2.170054E-06,-1.121917E+02,+2.058977E+00
+4.904785E+02,+2.541170E-06,-1.272812E-06,-1.109272E+02,-4.643484E-01
+4.907227E+02,-1.161522E-07,-1.478177E-06,-1.165787E+02,-1.649213E+00
+4.909668E+02,+2.614512E-06,+7.526390E-07,-1.113064E+02,+2.802914E-01
+4.912109E+02,-7.076409E-06,+2.883386E-06,-1.023367E+02,+2.754668E+00
+4.914551E+02,+7.121706E-06,-3.732551E-06,-1.018943E+02,-4.827484E-01
+4.916992E+02,-1.411602E-06,-9.643397E-07,-1.153423E+02,-2.542264E+00
+4.919434E+02,+1.221359E-06,-2.959292E-07,-1.180154E+02,-2.377139E-01
+4.921875E+02,-5.484633E-06,+5.086597E-07,-1.051799E+02,+3.049114E+00
+4.924316E+02,+3.196319E-06,+1.537893E-06,-1.090026E+02,+4.484503E-01
+4.926758E+02,+2.994015E-06,-2.852437E-06,-1.076699E+02,-7.611869E-01
+4.929199E+02,-1.068451E-06,-3.439041E-07,-1.189968E+02,-2.830193E+00
+4.931641E+02,-5.098078E-06,+1.080098E-06,-1.056612E+02,+2.932816E+00
+4.934082E+02,+3.778714E-06,+6.078470E-07,-1.083422E+02,+1.594945E-01
+4.936523E+02,-4.942240E-07,-3.757625E-06,-1.084272E+02,-1.701571E+00
+4.938965E+02,+4.936498E-06,+3.162599E-06,-1.046381E+02,+5.697787E-01
+4.941406E+02,-8.245523E-06,+3.996907E-07,-1.016654E+02,+3.093157E+00
+4.943848E+02,+2.254636E-06,-4.921177E-06,-1.053311E+02,-1.141186E+00
+4.946289E+02,+9.858970E-08,+6.706478E-06,-1.034692E+02,+1.556097E+00
+4.948730E+02,-1.673888E-06,-1.116989E-05,-9.894257E+01,-1.719547E+00
+4.951172E+02,+1.171776E-06,+7.830728E-06,-1.020278E+02,+1.422260E+00
+4.953613E+02,+5.087907E-06,-2.394786E-08,-1.058691E+02,-4.706784E-03
+4.956055E+02,-8.576812E-06,-3.634785E-06,-1.006161E+02,-2.740746E+00
+4.958496E+02,+5.432328E-08,+3.512614E-06,-1.090863E+02,+1.555332E+00
+4.960938E+02,-1.441478E-06,-2.182760E-06,-1.116480E+02,-2.154443E+00
+4.963379E+02,+2.798602E-06,+5.456059E-06,-1.042480E+02,+1.096855E+00
+4.965820E+02,+4.026570E-06,-5.658098E-06,-1.031671E+02,-9.522961E-01
+4.968262E+02,-5.673977E-06,+2.123121E-06,-1.043531E+02,+2.783536E+00
+4.970703E+02,+1.398423E-06,-2.020867E-06,-1.121900E+02,-9.654654E-01
+4.973145E+02,-2.670665E-06,+8.517151E-07,-1.110470E+02,+2.832874E+00
+4.975586E+02,+5.746525E-06,+1.249838E-06,-1.046112E+02,+2.141592E-01
+4.978027E+02,-4.892726E-06,-1.539787E-06,-1.057988E+02,-2.836696E+00
+4.980469E+02,+3.798590E-07,+3.528843E-06,-1.089973E+02,+1.463565E+00
+4.982910E+02,+1.178781E-06,-3.722622E-06,-1.081680E+02,-1.264132E+00
+4.985352E+02,+3.328958E-06,+7.640350E-06,-1.015828E+02,+1.159891E+00
+4.987793E+02,-3.692059E-06,-7.546631E-06,-1.015130E+02,-2.025793E+00
+4.990234E+02,+1.929133E-07,-1.325869E-06,-1.174590E+02,-1.426311E+00
+4.992676E+02,+2.716072E-06,+2.691979E-06,-1.083494E+02,+7.809432E-01
+4.995117E+02,-7.173572E-06,-2.721151E-06,-1.023014E+02,-2.779031E+00
+4.997559E+02,+6.077191E-06,+5.022280E-06,-1.020652E+02,+6.906412E-01
+5.000000E+02,-4.460206E-07,+4.557953E-06,-1.067832E+02,+1.668341E+00
+5.002441E+02,-4.487055E-06,-1.287402E-05,-9.730782E+01,-1.906166E+00
+5.004883E+02,+2.256880E-06,+6.675150E-06,-1.030407E+02,+1.244760E+00
+5.007324E+02,+2.704862E-06,+1.754714E-06,-1.098316E+02,+5.754790E-01
+5.009766E+02,-3.352705E-06,-9.196939E-07,-1.091770E+02,-2.873864E+00
+5.012207E+02,+6.069040E-06,-5.006149E-06,-1.020835E+02,-6.897207E-01
+5.014648E+02,-1.155847E-05,+7.160184E-06,-9.733142E+01,+2.586976E+00
+5.017090E+02,+1.148024E-05,-5.823331E-06,-9.780659E+01,-4.694294E-01
+5.019531E+02,-1.002661E-05,+7.793370E-06,-9.792448E+01,+2.480866E+00
+5.021973E+02,+1.168233E-06,-9.327145E-06,-1.005374E+02,-1.446194E+00
+5.024414E+02,+1.204716E-05,+5.377658E-06,-9.759319E+01,+4.198427E-01
+5.026855E+02,-1.343675E-05,+4.681638E-06,-9.693652E+01,+2.806326E+00
+5.029297E+02,+3.726910E-06,-9.776258E-06,-9.960725E+01,-1.206583E+00
+5.031738E+02,+4.618083E-06,+6.391287E-06,-1.020638E+02,+9.450898E-01
+5.034180E+02,-7.288705E-06,-1.688433E-06,-1.025200E+02,-2.913957E+00
+5.036621E+02,+3.340683E-06,-3.160856E-06,-1.067467E+02,-7.577460E-01
+5.039062E+02,+1.654896E-06,+5.584865E-06,-1.046942E+02,+1.282721E+00
+5.041504E+02,-4.396075E-06,+3.848954E-06,-1.046674E+02,+2.422455E+00
+5.043945E+02,+2.524543E-06,-1.241132E-05,-9.794757E+01,-1.370127E+00
+5.046387E+02,-1.447792E-06,+1.197076E-05,-9.837450E+01,+1.691156E+00
+5.048828E+02,+1.472793E-06,-8.388638E-06,-1.013943E+02,-1.396998E+00
+5.051270E+02,+2.885688E-06,+5.086441E-06,-1.046599E+02,+1.054746E+00
+5.053711E+02,-6.808916E-06,-4.637207E-06,-1.016835E+02,-2.543699E+00
+5.056152E+02,+7.174457E-06,+2.260987E-06,-1.024730E+02,+3.052919E-01
+5.058594E+02,-5.405076E-06,+3.395973E-06,-1.038990E+02,+2.580629E+00
+5.061035E+02,+3.067062E-06,-2.217392E-06,-1.084394E+02,-6.259758E-01
+5.063477E+02,-4.093728E-06,-3.330354E-06,-1.055518E+02,-2.458658E+00
+5.065918E+02,+6.162148E-06,+4.779945E-06,-1.021595E+02,+6.597439E-01
+5.068359E+02,+4.148447E-07,+1.660912E-06,-1.153302E+02,+1.326035E+00
+5.070801E+02,-3.000048E-06,-5.634496E-06,-1.038990E+02,-2.060060E+00
+5.073242E+02,-5.770321E-06,+6.267050E-06,-1.013923E+02,+2.314952E+00
+5.075684E+02,+8.111206E-06,-8.356956E-06,-9.867644E+01,-8.003198E-01
+5.078125E+02,-1.999870E-06,+6.713112E-06,-1.030923E+02,+1.860330E+00
+5.080566E+02,-1.102138E-06,+1.931033E-06,-1.130596E+02,+2.089431E+00
+5.083008E+02,+2.829839E-06,-1.049006E-05,-9.927937E+01,-1.307305E+00
+5.085449E+02,-7.183307E-06,+1.337575E-05,-9.637309E+01,+2.063635E+00
+5.087891E+02,+6.506200E-06,-6.499706E-06,-1.007275E+02,-7.848988E-01
+5.090332E+02,+3.053727E-08,-5.756806E-07,-1.247842E+02,-1.517800E+00
+5.092773E+02,-1.565628E-06,+4.241072E-06,-1.068956E+02,+1.924436E+00
+5.095215E+02,+1.756712E-06,-5.932013E-06,-1.041709E+02,-1.282884E+00
+5.097656E+02,-7.450278E-06,+1.708610E-06,-1.023339E+02,+2.916156E+00
+5.100098E+02,+8.877082E-06,+1.137963E-06,-1.009638E+02,+1.274958E-01
+5.102539E+02,-6.164639E-07,+5.036370E-06,-1.058931E+02,+1.692593E+00
+5.104980E+02,-3.781346E-06,-1.347099E-05,-9.708263E+01,-1.844457E+00
+5.107422E+02,+7.613910E-07,+1.540459E-05,-9.623640E+01,+1.521410E+00
+5.109863E+02,+5.237447E-06,-7.726273E-06,-1.005985E+02,-9.750742E-01
+5.112305E+02,-7.595375E-06,+3.170692E-06,-1.016914E+02,+2.746134E+00
+5.114746E+02,+5.042192E-06,+1.066523E-06,-1.057575E+02,+2.084472E-01
+5.117188E+02,+1.015296E-06,-9.155843E-06,-1.007130E+02,-1.460357E+00
+5.119629E+02,-5.509587E-06,+5.539006E-06,-1.021441E+02,+2.353532E+00
+5.122070E+02,+4.772944E-06,-4.396872E-08,-1.064239E+02,-9.211815E-03
+5.124512E+02,-1.070991E-07,+2.915953E-06,-1.106985E+02,+1.607508E+00
+5.126953E+02,-1.779921E-06,-3.900948E-07,-1.147882E+02,-2.925840E+00
+5.129395E+02,+6.423705E-06,-2.194986E-06,-1.033647E+02,-3.292624E-01
+5.131836E+02,-7.785658E-06,+7.631183E-07,-1.021326E+02,+3.043889E+00
+5.134277E+02,-2.427723E-06,-2.144593E-06,-1.097910E+02,-2.418038E+00
+5.136719E+02,+5.509683E-06,+3.659962E-06,-1.035900E+02,+5.863471E-01
+5.139160E+02,+6.474377E-07,-2.073907E-06,-1.132603E+02,-1.268201E+00
+5.141602E+02,-3.694537E-07,+1.833670E-06,-1.145608E+02,+1.769618E+00
+5.144043E+02,-2.398343E-06,-2.844318E-06,-1.085880E+02,-2.271333E+00
+5.146484E+02,+2.506662E-06,+1.182324E-06,-1.111457E+02,+4.407300E-01
+5.148926E+02,-2.896076E-06,+4.828535E-07,-1.106447E+02,+2.976386E+00
+5.151367E+02,+4.488714E-06,+9.697108E-07,-1.067595E+02,+2.127634E-01
+5.153809E+02,-8.213243E-07,-2.281188E-06,-1.123074E+02,-1.916389E+00
+5.156250E+02,+6.100095E-07,+7.437733E-07,-1.203371E+02,+8.838860E-01
+5.158691E+02,-4.461893E-06,-1.564506E-06,-1.065060E+02,-2.804350E+00
+5.161133E+02,-1.932872E-06,+1.122089E-06,-1.130146E+02,+2.615613E+00
+5.163574E+02,+1.063721E-05,-3.441108E-06,-9.903120E+01,-3.128722E-01
+5.166016E+02,-6.327463E-06,+8.962018E-06,-9.919537E+01,+2.185559E+00
+5.168457E+02,+1.826962E-06,-9.544771E-06,-1.002484E+02,-1.381674E+00
+5.170898E+02,-9.530003E-07,+9.269545E-06,-1.006132E+02,+1.673246E+00
+5.173340E+02,-4.425451E-06,-5.480393E-06,-1.030435E+02,-2.250098E+00
+5.175781E+02,+7.180346E-06,+4.815219E-07,-1.028576E+02,+6.696084E-02
+5.178223E+02,-8.355098E-07,-7.080939E-07,-1.192101E+02,-2.438552E+00
+5.180664E+02,-1.717717E-06,-2.933165E-06,-1.093727E+02,-2.100574E+00
+5.183105E+02,+3.472214E-06,+1.173285E-05,-9.824731E+01,+1.283069E+00
+5.185547E+02,-8.203608E-06,-1.509960E-05,-9.529741E+01,-2.068481E+00
+5.187988E+02,+2.331400E-06,+6.754568E-06,-1.029192E+02,+1.238441E+00
+5.190430E+02,+3.145673E-06,-1.246188E-06,-1.094126E+02,-3.771911E-01
+5.192871E+02,-2.963837E-07,+2.461163E-06,-1.121147E+02,+1.690643E+00
+5.195312E+02,-3.795810E-06,-1.344019E-06,-1.079009E+02,-2.801288E+00
+5.197754E+02,+8.478471E-06,+4.501701E-07,-1.014214E+02,+5.304585E-02
+5.200195E+02,-6.592132E-06,-1.017371E-06,-1.035173E+02,-2.988470E+00
+5.202637E+02,+1.460957E-06,-4.055530E-06,-1.073091E+02,-1.225030E+00
+5.205078E+02,+2.123876E-06,+7.056165E-06,-1.026520E+02,+1.278426E+00
+5.207520E+02,-1.649923E-06,-6.535629E-07,-1.150177E+02,-2.764438E+00
+5.209961E+02,-3.876658E-08,-3.123716E-06,-1.101059E+02,-1.583206E+00
+5.212402E+02,-4.791336E-08,-5.904228E-06,-1.045765E+02,-1.578911E+00
+5.214844E+02,+1.035801E-06,+1.500251E-05,-9.645607E+01,+1.501864E+00
+5.217285E+02,-7.253260E-07,-1.207354E-05,-9.834766E+01,-1.630800E+00
+5.219727E+02,-4.798222E-06,-5.885590E-07,-1.063135E+02,-3.019541E+00
+5.222168E+02,+5.015468E-06,+8.056758E-06,-1.004544E+02,+1.013985E+00
+5.224609E+02,-7.372651E-07,-8.755283E-06,-1.011239E+02,-1.654806E+00
+5.227051E+02,+6.668040E-07,+4.119599E-06,-1.075906E+02,+1.410327E+00
+5.229492E+02,-3.186738E-07,+2.745641E-06,-1.111690E+02,+1.686345E+00
+5.231934E+02,+2.729373E-08,-6.692429E-06,-1.034883E+02,-1.566718E+00
+5.234375E+02,-1.706166E-06,+4.884967E-06,-1.057229E+02,+1.906819E+00
+5.236816E+02,+2.043068E-06,+1.906647E-06,-1.110738E+02,+7.508722E-01
+5.239258E+02,-3.539272E-06,-1.240919E-06,-1.085182E+02,-2.804371E+00
+5.241699E+02,+2.852729E-06,-5.416365E-06,-1.042626E+02,-1.086028E+00
+5.244141E+02,+8.750848E-07,+6.433743E-06,-1.037511E+02,+1.435611E+00
+5.246582E+02,-3.011110E-06,-8.389870E-06,-1.009987E+02,-1.915376E+00
+5.249023E+02,+5.061082E-06,+5.748607E-06,-1.023165E+02,+8.489153E-01
+5.251465E+02,-7.545421E-06,+3.276515E-06,-1.016961E+02,+2.731923E+00
+5.253906E+02,+6.124245E-06,-2.856153E-06,-1.034043E+02,-4.363820E-01
+5.256348E+02,-2.875475E-06,-1.669904E-06,-1.095637E+02,-2.615455E+00
+5.258789E+02,-2.236895E-06,+2.719845E-08,-1.130064E+02,+3.129434E+00
+5.261230E+02,+5.015941E-06,-5.089240E-07,-1.059485E+02,-1.011153E-01
+5.263672E+02,-4.098222E-06,+3.513809E-06,-1.053548E+02,+2.432819E+00
+5.266113E+02,+8.138555E-06,-6.298798E-06,-9.975060E+01,-6.586509E-01
+5.268555E+02,-1.075853E-05,-3.187863E-07,-9.936113E+01,-3.111970E+00
+5.270996E+02,+3.916173E-06,+1.251643E-05,-9.764478E+01,+1.267563E+00
+5.273438E+02,-1.216546E-06,-1.317549E-05,-9.756779E+01,-1.662869E+00
+5.275879E+02,+3.131458E-06,+4.929578E-06,-1.046716E+02,+1.004868E+00
+5.278320E+02,+2.607935E-06,+6.340285E-07,-1.114247E+02,+2.384884E-01
+5.280762E+02,-7.258228E-06,-7.398653E-07,-1.027385E+02,-3.040009E+00
+5.283203E+02,-5.381110E-07,+1.295925E-06,-1.170576E+02,+1.964365E+00
+5.285645E+02,+4.778663E-06,-3.679970E-06,-1.043916E+02,-6.562313E-01
+5.288086E+02,+8.083319E-07,+5.117606E-06,-1.057116E+02,+1.414139E+00
+5.290527E+02,-1.568357E-06,-5.749058E-06,-1.044963E+02,-1.837118E+00
+5.292969E+02,-5.955858E-06,+3.443085E-06,-1.032489E+02,+2.617431E+00
+5.295410E+02,+6.810416E-06,+1.264752E-06,-1.031893E+02,+1.836167E-01
+5.297852E+02,-3.200994E-06,-1.274109E-06,-1.092556E+02,-2.762781E+00
+5.300293E+02,+1.882546E-06,-1.467673E-06,-1.124427E+02,-6.621907E-01
+5.302734E+02,+6.622794E-07,-2.167261E-07,-1.231374E+02,-3.162589E-01
+5.305176E+02,-5.424100E-08,+1.702037E-06,-1.153762E+02,+1.602654E+00
+5.307617E+02,-5.370424E-06,-3.370093E-08,-1.053997E+02,-3.135318E+00
+5.310059E+02,+7.802242E-06,-1.882981E-06,-1.019098E+02,-2.368102E-01
+5.312500E+02,-7.095527E-06,+3.279222E-06,-1.021396E+02,+2.708678E+00
+5.314941E+02,-3.802261E-07,-3.352769E-06,-1.094364E+02,-1.683720E+00
+5.317383E+02,+5.431617E-06,+4.127894E-06,-1.033215E+02,+6.498547E-01
+5.319824E+02,-1.688714E-06,-2.575338E-06,-1.102300E+02,-2.151186E+00
+5.322266E+02,+2.400091E-07,+5.965812E-07,-1.238351E+02,+1.188302E+00
+5.324707E+02,-2.603066E-06,+2.596587E-06,-1.086908E+02,+2.357441E+00
+5.327148E+02,+5.334236E-06,-4.966668E-06,-1.027473E+02,-7.497302E-01
+5.329590E+02,-6.874585E-06,+3.209595E-06,-1.023987E+02,+2.704792E+00
+5.332031E+02,+5.323503E-06,-1.819057E-06,-1.049965E+02,-3.292642E-01
+5.334473E+02,-5.839454E-06,+1.669934E-06,-1.043312E+02,+2.863053E+00
+5.336914E+02,+5.448906E-06,+6.400290E-07,-1.052143E+02,+1.169243E-01
+5.339355E+02,-2.282173E-06,-6.932203E-06,-1.027357E+02,-1.888834E+00
+5.341797E+02,+3.273104E-06,+6.392706E-06,-1.028752E+02,+1.097590E+00
+5.344238E+02,-5.108815E-06,+2.928545E-06,-1.045997E+02,+2.621087E+00
+5.346680E+02,+6.800835E-07,-6.235667E-06,-1.040510E+02,-1.462162E+00
+5.349121E+02,+2.575072E-06,+1.943327E-06,-1.098265E+02,+6.464826E-01
+5.351562E+02,-1.114421E-06,+3.506489E-06,-1.086846E+02,+1.878518E+00
+5.354004E+02,-1.097613E-06,-2.444220E-06,-1.114394E+02,-1.992872E+00
+5.356445E+02,+1.851616E-06,+5.174539E-07,-1.143224E+02,+2.725085E-01
+5.358887E+02,-2.639963E-06,-1.092761E-06,-1.108812E+02,-2.749135E+00
+5.361328E+02,+5.256492E-07,+1.298396E-06,-1.170727E+02,+1.186120E+00
+5.363770E+02,+3.921725E-06,+1.804509E-06,-1.072964E+02,+4.312473E-01
+5.366211E+02,-2.866154E-06,-7.486001E-06,-1.019209E+02,-1.936448E+00
+5.368652E+02,+3.001220E-06,+8.206738E-06,-1.011715E+02,+1.220202E+00
+5.371094E+02,-2.699628E-06,-7.690755E-06,-1.017760E+02,-1.908382E+00
+5.373535E+02,-3.839957E-06,+1.148061E-05,-9.834015E+01,+1.893572E+00
+5.375977E+02,+7.119770E-06,-9.977896E-06,-9.823187E+01,-9.510314E-01
+5.378418E+02,-3.885562E-06,+1.836652E-06,-1.073351E+02,+2.700034E+00
+5.380859E+02,+3.300706E-06,+1.619980E-07,-1.096174E+02,+4.904046E-02
+5.383301E+02,-7.038480E-06,+3.842785E-06,-1.019174E+02,+2.641850E+00
+5.385742E+02,+5.438847E-06,-8.153178E-07,-1.051933E+02,-1.487984E-01
+5.388184E+02,+1.032780E-06,+3.759594E-07,-1.191794E+02,+3.491157E-01
+5.390625E+02,-4.640446E-06,-3.064833E-07,-1.066499E+02,-3.075642E+00
+5.393066E+02,+3.556124E-06,-3.184640E-06,-1.064230E+02,-7.303438E-01
+5.395508E+02,+2.451178E-06,+4.007618E-06,-1.065621E+02,+1.021869E+00
+5.397949E+02,-6.722661E-06,-1.791521E-06,-1.031512E+02,-2.881155E+00
+5.400391E+02,+3.340949E-06,-2.290065E-06,-1.078499E+02,-6.008964E-01
+5.402832E+02,-1.766883E-06,-4.140363E-07,-1.148237E+02,-2.911414E+00
+5.405273E+02,+7.889830E-06,+3.521165E-06,-1.012698E+02,+4.197657E-01
+5.407715E+02,-5.502895E-06,+2.026176E-06,-1.046360E+02,+2.788795E+00
+5.410156E+02,-5.705753E-06,-3.377018E-06,-1.035694E+02,-2.607178E+00
+5.412598E+02,+8.175166E-06,-6.183251E-07,-1.017253E+02,-7.549083E-02
+5.415039E+02,-1.499172E-06,+3.287468E-06,-1.088422E+02,+1.998650E+00
+5.417480E+02,-4.029533E-06,-1.199982E-06,-1.075259E+02,-2.852158E+00
+5.419922E+02,+8.978679E-06,-2.217139E-06,-1.006787E+02,-2.420908E-01
+5.422363E+02,-1.195269E-05,+1.413478E-07,-9.845008E+01,+3.129768E+00
+5.424805E+02,+1.173357E-05,+2.854200E-06,-9.836174E+01,+2.386165E-01
+5.427246E+02,-8.289760E-06,-3.370275E-06,-1.009648E+02,-2.755445E+00
+5.429688E+02,+5.388614E-06,+3.839317E-06,-1.035875E+02,+6.190574E-01
+5.432129E+02,-3.398803E-06,-1.659973E-07,-1.093631E+02,-3.092792E+00
+5.434570E+02,-2.028397E-06,-1.500600E-06,-1.119612E+02,-2.504654E+00
+5.437012E+02,+3.966649E-06,-2.361058E-06,-1.067144E+02,-5.369028E-01
+5.439453E+02,+5.313077E-07,+1.480746E-07,-1.251682E+02,+2.718013E-01
+5.441895E+02,-2.084123E-06,+5.863937E-06,-1.041196E+02,+1.912286E+00
+5.444336E+02,+9.545148E-07,-1.055063E-05,-9.949902E+01,-1.480572E+00
+5.446777E+02,-1.260953E-06,+7.284342E-06,-1.026240E+02,+1.742202E+00
+5.449219E+02,+5.126245E-06,+1.799407E-06,-1.052994E+02,+3.375819E-01
+5.451660E+02,-4.040809E-06,-3.572750E-06,-1.053622E+02,-2.417594E+00
+5.454102E+02,-2.095053E-06,+2.729138E-06,-1.092674E+02,+2.225505E+00
+5.456543E+02,+5.340698E-06,-4.072238E-06,-1.034576E+02,-6.514479E-01
+5.458984E+02,-3.028307E-06,+3.620365E-06,-1.065213E+02,+2.267380E+00
+5.461426E+02,-1.343651E-06,-2.629933E-06,-1.105939E+02,-2.043131E+00
+5.463867E+02,+3.022274E-06,+2.385054E-06,-1.082907E+02,+6.680954E-01
+5.466309E+02,-1.202727E-06,+1.688901E-06,-1.136664E+02,+2.189621E+00
+5.468750E+02,-3.145118E-06,-7.514330E-06,-1.017811E+02,-1.967191E+00
+5.471191E+02,+3.720431E-06,+4.158509E-06,-1.050675E+02,+8.409422E-01
+5.473633E+02,+4.753846E-06,-4.504790E-07,-1.064203E+02,-9.447882E-02
+5.476074E+02,-1.254149E-05,+3.160331E-07,-9.803026E+01,+3.116399E+00
+5.478516E+02,+8.787231E-06,-2.172945E-06,-1.008652E+02,-2.424211E-01
+5.480957E+02,-1.287088E-06,+6.102337E-06,-1.041010E+02,+1.778667E+00
+5.483398E+02,+2.740171E-06,-5.419010E-06,-1.043328E+02,-1.102632E+00
+5.485840E+02,-6.568208E-06,+3.692785E-06,-1.024582E+02,+2.629415E+00
+5.488281E+02,+7.767412E-06,+9.529886E-07,-1.021296E+02,+1.220805E-01
+5.490723E+02,-4.881687E-06,-8.789045E-06,-9.995342E+01,-2.077798E+00
+5.493164E+02,+5.885428E-06,+6.910947E-06,-1.008408E+02,+8.653686E-01
+5.495605E+02,-9.456060E-06,-2.897738E-06,-1.000960E+02,-2.844236E+00
+5.498047E+02,+2.569212E-06,+1.074747E-06,-1.111037E+02,+3.961971E-01
+5.500488E+02,+3.198902E-06,+3.647035E-06,-1.062831E+02,+8.507646E-01
+5.502930E+02,+9.662932E-07,-7.628614E-07,-1.181939E+02,-6.682884E-01
+5.505371E+02,-6.423719E-06,-7.000097E-06,-1.004448E+02,-2.313284E+00
+5.507812E+02,+6.046907E-06,+2.466154E-07,-1.043621E+02,+4.076113E-02
+5.510254E+02,+7.977745E-07,+9.543843E-06,-1.003753E+02,+1.487400E+00
+5.512695E+02,-6.657202E-06,-4.517002E-06,-1.018895E+02,-2.545433E+00
+5.515137E+02,+5.186260E-06,-2.164972E-06,-1.050053E+02,-3.954531E-01
+5.517578E+02,+2.855242E-06,+3.093497E-06,-1.075148E+02,+8.254280E-01
+5.520020E+02,-4.662887E-06,-4.366815E-06,-1.038922E+02,-2.388971E+00
+5.522461E+02,-1.969670E-08,-4.805246E-06,-1.063656E+02,-1.574895E+00
+5.524902E+02,-5.856301E-06,+1.139450E-05,-9.784810E+01,+2.045548E+00
+5.527344E+02,+1.214329E-05,-2.684047E-06,-9.810612E+01,-2.175338E-01
+5.529785E+02,-5.530795E-06,+9.412455E-07,-1.050203E+02,+2.973025E+00
+5.532227E+02,-5.396811E-08,-5.685472E-06,-1.049043E+02,-1.580288E+00
+5.534668E+02,-8.318037E-07,-3.123120E-06,-1.098106E+02,-1.831091E+00
+5.537109E+02,+1.649665E-06,+8.019184E-06,-1.017374E+02,+1.367912E+00
+5.539551E+02,-5.006493E-06,+1.343562E-08,-1.060093E+02,+3.138909E+00
+5.541992E+02,+8.453463E-06,-7.464963E-06,-9.895558E+01,-7.233800E-01
+5.544434E+02,-7.605011E-06,+8.586862E-06,-9.880843E+01,+2.295630E+00
+5.546875E+02,+2.725770E-06,-3.735101E-07,-1.112094E+02,-1.361811E-01
+5.549316E+02,-2.513806E-06,-2.327430E-06,-1.093047E+02,-2.394673E+00
+5.551758E+02,+5.597203E-06,-3.563965E-06,-1.035625E+02,-5.669973E-01
+5.554199E+02,-5.994249E-06,+2.888343E-06,-1.035386E+02,+2.692568E+00
+5.556641E+02,+8.048498E-06,-2.959992E-06,-1.013348E+02,-3.524166E-01
+5.559082E+02,-6.667159E-06,+4.928557E-06,-1.016278E+02,+2.505021E+00
+5.561523E+02,-7.681907E-08,-4.330331E-06,-1.072682E+02,-1.588534E+00
+5.563965E+02,+3.931646E-06,+4.227557E-06,-1.047716E+02,+8.216494E-01
+5.566406E+02,-4.979761E-06,-2.184551E-06,-1.052914E+02,-2.728187E+00
+5.568848E+02,+4.439917E-06,+1.215130E-06,-1.067388E+02,+2.671415E-01
+5.571289E+02,-4.541093E-06,-1.106149E-06,-1.066065E+02,-2.902659E+00
+5.573730E+02,+3.122349E-06,-4.695562E-06,-1.049761E+02,-9.839779E-01
+5.576172E+02,-2.636513E-06,+7.707570E-06,-1.017811E+02,+1.900387E+00
+5.578613E+02,+5.901724E-06,-1.435786E-06,-1.043307E+02,-2.386464E-01
+5.581055E+02,-1.024841E-05,-2.971069E-06,-9.943640E+01,-2.859422E+00
+5.583496E+02,+1.278613E-05,-1.470708E-06,-9.780814E+01,-1.145204E-01
+5.585938E+02,-8.346806E-06,+6.365495E-06,-9.957863E+01,+2.490060E+00
+5.588379E+02,+2.071320E-06,-1.584506E-06,-1.116743E+02,-6.530160E-01
+5.590820E+02,+1.928158E-07,-3.926210E-06,-1.081101E+02,-1.521726E+00
+5.593262E+02,-5.204392E-06,+3.113916E-06,-1.043436E+02,+2.602406E+00
+5.595703E+02,+4.862140E-06,-3.372956E-06,-1.045572E+02,-6.064977E-01
+5.598145E+02,+1.873540E-06,+4.254929E-08,-1.145445E+02,+2.270674E-02
+5.600586E+02,-3.473051E-06,+6.078681E-06,-1.030969E+02,+2.089883E+00
+5.603027E+02,+1.287120E-06,-7.182373E-06,-1.027374E+02,-1.393473E+00
+5.605469E+02,+2.118429E-06,+4.042873E-06,-1.068126E+02,+1.088141E+00
+5.607910E+02,-4.000436E-06,+1.133631E-06,-1.076224E+02,+2.865455E+00
+5.610352E+02,-1.233507E-06,-5.033505E-06,-1.057093E+02,-1.811120E+00
+5.612793E+02,+1.393024E-06,+8.466305E-06,-1.013301E+02,+1.407720E+00
+5.615234E+02,+3.210539E-06,-1.020219E-05,-9.941604E+01,-1.265916E+00
+5.617676E+02,-5.654056E-06,+4.943403E-06,-1.024868E+02,+2.423153E+00
+5.620117E+02,+3.957743E-06,+1.352247E-06,-1.075715E+02,+3.292359E-01
+5.622559E+02,+2.060849E-06,+2.742894E-07,-1.136428E+02,+1.323177E-01
+5.625000E+02,-3.632104E-06,-1.959369E-06,-1.076875E+02,-2.646879E+00
+5.627441E+02,-3.857702E-06,+2.733691E-06,-1.065063E+02,+2.525097E+00
+5.629883E+02,+1.308533E-05,-1.262930E-06,-9.762404E+01,-9.621698E-02
+5.632324E+02,-1.469973E-05,-1.459703E-06,-9.661119E+01,-3.042616E+00
+5.634766E+02,+1.341211E-05,-4.279921E-06,-9.702892E+01,-3.088941E-01
+5.637207E+02,-1.116277E-05,+1.029907E-05,-9.636993E+01,+2.396416E+00
+5.639648E+02,+7.171140E-06,-5.758717E-06,-1.007269E+02,-6.765923E-01
+5.642090E+02,-9.991977E-07,-2.398789E-06,-1.117053E+02,-1.965482E+00
+5.644531E+02,-5.303434E-06,+4.949145E-06,-1.027885E+02,+2.390737E+00
+5.646973E+02,+2.900601E-06,-5.113446E-07,-1.106173E+02,-1.744963E-01
+5.649414E+02,-2.697297E-06,-1.168387E-06,-1.106346E+02,-2.732823E+00
+5.651855E+02,+6.208307E-06,-6.820716E-06,-1.007025E+02,-8.323671E-01
+5.654297E+02,-3.617987E-06,+1.155906E-05,-9.833565E+01,+1.874137E+00
+5.656738E+02,+2.568391E-06,-7.116319E-06,-1.024231E+02,-1.224430E+00
+5.659180E+02,-4.477722E-06,+2.504130E-06,-1.057970E+02,+2.631682E+00
+5.661621E+02,+1.529291E-06,+3.032681E-07,-1.161427E+02,+1.957665E-01
+5.664062E+02,+3.263329E-06,+3.955138E-07,-1.096635E+02,+1.206112E-01
+5.666504E+02,-5.571484E-06,+3.685803E-06,-1.035041E+02,+2.557142E+00
+5.668945E+02,+4.044776E-06,-1.001502E-05,-9.933075E+01,-1.186957E+00
+5.671387E+02,+1.689238E-07,+7.641343E-06,-1.023345E+02,+1.548693E+00
+5.673828E+02,-2.248384E-06,+2.469121E-06,-1.095266E+02,+2.309438E+00
+5.676270E+02,+2.438933E-07,-8.479270E-06,-1.014292E+02,-1.542041E+00
+5.678711E+02,+2.886544E-06,+4.135754E-06,-1.059454E+02,+9.614484E-01
+5.681152E+02,+4.090637E-07,+2.541191E-06,-1.117881E+02,+1.411192E+00
+5.683594E+02,-1.059408E-06,-7.501841E-06,-1.024109E+02,-1.711088E+00
+5.686035E+02,-2.252540E-06,+1.264829E-05,-9.782376E+01,+1.747039E+00
+5.688477E+02,-6.244242E-07,-1.069058E-05,-9.940518E+01,-1.629139E+00
+5.690918E+02,+5.698055E-06,+5.805029E-06,-1.017936E+02,+7.946975E-01
+5.693359E+02,-4.552590E-06,-3.935097E-06,-1.044116E+02,-2.428818E+00
+5.695801E+02,+1.259844E-06,+4.084429E-06,-1.073827E+02,+1.271605E+00
+5.698242E+02,+9.040151E-07,-2.217003E-06,-1.124167E+02,-1.183614E+00
+5.700684E+02,-7.378192E-06,-7.780139E-06,-9.939422E+01,-2.329684E+00
+5.703125E+02,+1.011712E-05,+7.599398E-06,-9.795590E+01,+6.442320E-01
+5.705566E+02,-9.600837E-06,+2.039222E-07,-1.003519E+02,+3.120356E+00
+5.708008E+02,+9.815225E-06,+4.384781E-06,-9.937173E+01,+4.201334E-01
+5.710449E+02,-6.793253E-06,-2.497402E-06,-1.028079E+02,-2.789299E+00
+5.712891E+02,+2.823615E-06,-9.227589E-06,-1.003095E+02,-1.273847E+00
+5.715332E+02,+1.339867E-06,+9.976437E-06,-9.994286E+01,+1.437292E+00
+5.717773E+02,-3.223084E-06,-1.235402E-06,-1.092392E+02,-2.775567E+00
+5.720215E+02,+4.306072E-06,-6.171293E-06,-1.024698E+02,-9.615763E-01
+5.722656E+02,-5.332310E-06,+7.655599E-06,-1.006027E+02,+2.179186E+00
+5.725098E+02,+5.141805E-06,-1.871820E-06,-1.052372E+02,-3.491269E-01
+5.727539E+02,-3.590678E-06,+2.257397E-06,-1.074500E+02,+2.580349E+00
+5.729980E+02,+2.437590E-07,-7.312117E-06,-1.027143E+02,-1.537472E+00
+5.732422E+02,+9.438810E-06,+4.365655E-06,-9.965973E+01,+4.332181E-01
+5.734863E+02,-9.852401E-06,+1.840205E-06,-9.998023E+01,+2.956943E+00
+5.737305E+02,-7.470957E-07,-3.190534E-06,-1.096909E+02,-1.800812E+00
+5.739746E+02,+1.759431E-06,-5.896090E-07,-1.146303E+02,-3.233517E-01
+5.742188E+02,+2.601448E-06,+2.314436E-06,-1.091635E+02,+7.270797E-01
+5.744629E+02,-3.739180E-06,-3.074546E-08,-1.085442E+02,-3.133370E+00
+5.747070E+02,+3.777990E-06,-9.186286E-07,-1.082053E+02,-2.385239E-01
+5.749512E+02,-5.516740E-06,-1.964343E-06,-1.046479E+02,-2.799521E+00
+5.751953E+02,+6.215397E-06,+4.796192E-06,-1.021018E+02,+6.572219E-01
+5.754395E+02,+7.628617E-07,-6.897496E-06,-1.031734E+02,-1.460644E+00
+5.756836E+02,-1.540936E-06,+9.038989E-06,-1.007532E+02,+1.739650E+00
+5.759277E+02,-5.631409E-07,-9.716684E-06,-1.002351E+02,-1.628688E+00
+5.761719E+02,-3.871555E-06,+8.188599E-06,-1.008596E+02,+2.012446E+00
+5.764160E+02,+4.972647E-06,-6.770189E-06,-1.015143E+02,-9.372947E-01
+5.766602E+02,-5.432238E-06,+7.358843E-06,-1.007747E+02,+2.206697E+00
+5.769043E+02,+4.384591E-06,-5.180560E-06,-1.033665E+02,-8.684224E-01
+5.771484E+02,+1.096675E-06,-4.680663E-06,-1.063618E+02,-1.340649E+00
+5.773926E+02,+2.144077E-06,+8.239123E-06,-1.013978E+02,+1.316212E+00
+5.776367E+02,-6.589996E-06,-8.595924E-07,-1.035490E+02,-3.011886E+00
+5.778809E+02,+4.760002E-06,+1.156678E-06,-1.061987E+02,+2.383791E-01
+5.781250E+02,-3.159163E-06,-5.721586E-06,-1.036940E+02,-2.075287E+00
+5.783691E+02,+6.168472E-07,+1.098314E-06,-1.179948E+02,+1.059067E+00
+5.786133E+02,-2.251360E-06,-2.554865E-06,-1.093569E+02,-2.293130E+00
+5.788574E+02,+4.012366E-06,+9.378607E-06,-9.982727E+01,+1.166539E+00
+5.791016E+02,-1.858213E-06,-5.215968E-06,-1.051344E+02,-1.913032E+00
+5.793457E+02,+3.944730E-07,+1.635989E-06,-1.154790E+02,+1.334191E+00
+5.795898E+02,-1.291949E-06,-4.772209E-06,-1.061184E+02,-1.835182E+00
+5.798340E+02,+4.898255E-06,+3.737178E-06,-1.042068E+02,+6.517447E-01
+5.800781E+02,-3.527726E-06,-1.593694E-06,-1.082435E+02,-2.717274E+00
+5.803223E+02,-1.941139E-06,+1.714605E-06,-1.117341E+02,+2.418082E+00
+5.805664E+02,+6.646869E-06,+5.507429E-07,-1.035179E+02,+8.266866E-02
+5.808105E+02,-8.627903E-06,-3.873668E-06,-1.004844E+02,-2.719596E+00
+5.810547E+02,+7.883742E-06,+3.484787E-06,-1.012903E+02,+4.161997E-01
+5.812988E+02,-3.301036E-06,-5.657385E-07,-1.095013E+02,-2.971859E+00
+5.815430E+02,+1.552947E-06,+1.311916E-07,-1.161460E+02,+8.427902E-02
+5.817871E+02,-2.931851E-06,+6.967613E-07,-1.104186E+02,+2.908269E+00
+5.820312E+02,+5.112371E-06,-6.429651E-06,-1.017085E+02,-8.990355E-01
+5.822754E+02,-7.721496E-06,+4.323542E-06,-1.010616E+02,+2.631153E+00
+5.825195E+02,+2.447031E-06,-1.401096E-06,-1.109958E+02,-5.200061E-01
+5.827637E+02,+4.920162E-06,-1.616197E-06,-1.057154E+02,-3.173802E-01
+5.830078E+02,-7.428034E-06,+6.273866E-06,-1.002440E+02,+2.440230E+00
+5.832520E+02,+8.083552E-06,-2.213826E-06,-1.015339E+02,-2.673135E-01
+5.834961E+02,-5.012514E-06,-4.610639E-07,-1.059623E+02,-3.049868E+00
+5.837402E+02,-4.624600E-06,+1.635175E-06,-1.061869E+02,+2.801730E+00
+5.839844E+02,+5.613876E-06,-3.799100E-06,-1.033773E+02,-5.949399E-01
+5.842285E+02,+1.462734E-06,+2.198125E-07,-1.165997E+02,+1.491590E-01
+5.844727E+02,-5.177003E-07,-1.409281E-06,-1.164703E+02,-1.922844E+00
+5.847168E+02,-4.781404E-06,+4.445817E-06,-1.037031E+02,+2.392548E+00
+5.849609E+02,+5.830122E-06,-1.127234E-07,-1.046848E+02,-1.933224E-02
+5.852051E+02,-2.473561E-06,-6.632227E-06,-1.030012E+02,-1.927778E+00
+5.854492E+02,+1.939315E-06,+6.905073E-06,-1.028869E+02,+1.296996E+00
+5.856934E+02,-5.743074E-06,-5.615923E-06,-1.019030E+02,-2.367388E+00
+5.859375E+02,+6.896159E-06,+8.265338E-06,-9.936018E+01,+8.754602E-01
+5.861816E+02,-3.331311E-06,-9.281554E-06,-1.001213E+02,-1.915393E+00
+5.864258E+02,-3.946863E-06,+3.855038E-06,-1.051657E+02,+2.367964E+00
+5.866699E+02,+8.620011E-06,+3.759374E-06,-1.005336E+02,+4.112530E-01
+5.869141E+02,-1.281206E-05,-3.535840E-06,-9.752884E+01,-2.872318E+00
+5.871582E+02,+8.321768E-06,-1.594451E-06,-1.014391E+02,-1.893058E-01
+5.874023E+02,+1.845626E-06,+1.886609E-06,-1.115704E+02,+7.963784E-01
+5.876465E+02,-1.416451E-06,-5.874580E-07,-1.162867E+02,-2.748445E+00
+5.878906E+02,-9.459230E-07,+1.236948E-06,-1.161532E+02,+2.223654E+00
+5.881348E+02,-5.045347E-06,-5.186960E-06,-1.028100E+02,-2.342356E+00
+5.883789E+02,+5.332531E-06,+4.564121E-06,-1.030744E+02,+7.079102E-01
+5.886230E+02,-2.285825E-06,+1.548859E-06,-1.111782E+02,+2.546064E+00
+5.888672E+02,+5.574966E-06,-4.353392E-07,-1.050488E+02,-7.793008E-02
+5.891113E+02,-6.188694E-06,+2.172095E-06,-1.036635E+02,+2.804047E+00
+5.893555E+02,+3.499553E-06,-2.903836E-06,-1.068447E+02,-6.926337E-01
+5.895996E+02,-1.110208E-06,+9.808779E-07,-1.165863E+02,+2.417964E+00
+5.898438E+02,-7.680783E-07,-4.473794E-06,-1.068603E+02,-1.740823E+00
+5.900879E+02,+4.839904E-08,+2.594530E-06,-1.117173E+02,+1.552144E+00
+5.903320E+02,-2.604158E-06,+8.047801E-06,-1.014540E+02,+1.883749E+00
+5.905762E+02,+6.449640E-06,-1.522360E-05,-9.563271E+01,-1.170061E+00
+5.908203E+02,-6.634665E-06,+1.153256E-05,-9.751981E+01,+2.092855E+00
+5.910645E+02,+3.932462E-06,-6.615051E-06,-1.022751E+02,-1.034451E+00
+5.913086E+02,-2.366366E-06,+5.807823E-06,-1.040527E+02,+1.957704E+00
+5.915527E+02,+3.453602E-06,-8.599077E-07,-1.089733E+02,-2.440266E-01
+5.917969E+02,-1.907073E-06,-3.445696E-06,-1.080939E+02,-2.076296E+00
+5.920410E+02,+3.842178E-06,+3.674206E-06,-1.054880E+02,+7.630545E-01
+5.922852E+02,-7.898388E-06,-2.132503E-06,-1.017437E+02,-2.877888E+00
+5.925293E+02,+6.807588E-06,-2.079763E-06,-1.029526E+02,-2.965010E-01
+5.927734E+02,-2.403652E-07,+3.531999E-06,-1.090195E+02,+1.638745E+00
+5.930176E+02,-7.011149E-06,-4.901295E-06,-1.013561E+02,-2.531490E+00
+5.932617E+02,+5.924579E-06,+4.800109E-08,-1.045466E+02,+8.101849E-03
+5.935059E+02,-5.425704E-08,+2.231464E-06,-1.130256E+02,+1.595106E+00
+5.937500E+02,-5.516988E-06,+1.760012E-06,-1.047450E+02,+2.832782E+00
+5.939941E+02,+2.342999E-06,-1.043488E-06,-1.118187E+02,-4.189921E-01
+5.942383E+02,+3.266155E-06,+1.405312E-06,-1.089816E+02,+4.063217E-01
+5.944824E+02,-5.613900E-06,-9.824610E-07,-1.048837E+02,-2.968342E+00
+5.947266E+02,+4.073065E-06,+4.261998E-06,-1.045899E+02,+8.080615E-01
+5.949707E+02,-3.544367E-06,-6.684505E-06,-1.024226E+02,-2.058339E+00
+5.952148E+02,+2.873206E-06,+1.642922E-06,-1.096041E+02,+5.194320E-01
+5.954590E+02,+4.018069E-06,+5.032445E-06,-1.038226E+02,+8.970117E-01
+5.957031E+02,-1.294480E-05,-8.949590E-06,-9.606139E+01,-2.536685E+00
+5.959473E+02,+1.330917E-05,+1.014050E-05,-9.552898E+01,+6.510853E-01
+5.961914E+02,-5.896982E-06,-5.731915E-06,-1.016987E+02,-2.370388E+00
+5.964355E+02,+6.286463E-06,+3.630133E-06,-1.027821E+02,+5.236754E-01
+5.966797E+02,-7.604605E-06,-3.991717E-06,-1.013216E+02,-2.658218E+00
+5.969238E+02,+3.706680E-06,+4.791229E-06,-1.043539E+02,+9.123373E-01
+5.971680E+02,-3.289670E-06,-4.706937E-06,-1.048179E+02,-2.180783E+00
+5.974121E+02,+7.235170E-06,+2.971948E-06,-1.021339E+02,+3.897512E-01
+5.976562E+02,-6.208334E-06,+1.490925E-07,-1.041380E+02,+3.117582E+00
+5.979004E+02,+2.659245E-06,-1.555570E-06,-1.102267E+02,-5.292925E-01
+5.981445E+02,-1.187026E-06,+3.688059E-06,-1.082360E+02,+1.882182E+00
+5.983887E+02,-1.675854E-06,-7.892021E-06,-1.018647E+02,-1.780036E+00
+5.986328E+02,+1.477743E-06,+6.599622E-06,-1.033972E+02,+1.350516E+00
+5.988770E+02,+5.113269E-06,-1.725051E-06,-1.053579E+02,-3.253769E-01
+5.991211E+02,-1.011306E-05,+3.188356E-06,-9.949081E+01,+2.836185E+00
+5.993652E+02,+9.379291E-06,-4.842115E-06,-9.953048E+01,-4.765677E-01
+5.996094E+02,-5.124883E-06,+3.591762E-06,-1.040710E+02,+2.530298E+00
+5.998535E+02,+9.439931E-07,-1.277086E-06,-1.159824E+02,-9.342577E-01
+6.000977E+02,+2.447520E-06,-4.062811E-06,-1.064788E+02,-1.028599E+00
+6.003418E+02,-4.175181E-06,+1.599763E-06,-1.069916E+02,+2.775687E+00
+6.005859E+02,+5.184282E-06,+6.518886E-06,-1.015881E+02,+8.989455E-01
+6.008301E+02,-1.672896E-06,-5.598242E-06,-1.046675E+02,-1.861175E+00
+6.010742E+02,-2.378352E-06,-1.560399E-06,-1.109198E+02,-2.560952E+00
+6.013184E+02,-4.598375E-07,+4.184947E-06,-1.075141E+02,+1.680236E+00
+6.015625E+02,+3.816299E-06,-3.558691E-06,-1.056498E+02,-7.504824E-01
+6.018066E+02,-1.383399E-06,+4.951872E-06,-1.057782E+02,+1.843220E+00
+6.020508E+02,+1.355133E-06,-5.834062E-06,-1.044524E+02,-1.342564E+00
+6.022949E+02,-5.656044E-06,-1.396839E-06,-1.046926E+02,-2.899473E+00
+6.025391E+02,+6.589722E-06,+1.197569E-05,-9.728526E+01,+1.067755E+00
+6.027832E+02,-2.154932E-06,-7.206544E-06,-1.024735E+02,-1.861358E+00
+6.030273E+02,-2.557563E-06,-2.744486E-07,-1.117937E+02,-3.034693E+00
+6.032715E+02,+2.839053E-06,-5.527038E-06,-1.041332E+02,-1.096276E+00
+6.035156E+02,+1.998412E-06,+6.118406E-06,-1.038270E+02,+1.255097E+00
+6.037598E+02,-6.325959E-06,-1.966174E-07,-1.039733E+02,-3.110522E+00
+6.040039E+02,+5.262405E-06,-1.905046E-06,-1.050415E+02,-3.473343E-01
+6.042480E+02,-3.889938E-07,+6.522515E-06,-1.036963E+02,+1.630364E+00
+6.044922E+02,-8.916443E-07,-8.825730E-06,-1.010409E+02,-1.671482E+00
+6.047363E+02,+2.541711E-06,+2.453354E-06,-1.090381E+02,+7.677110E-01
+6.049805E+02,-1.530467E-06,+3.704239E-07,-1.160563E+02,+2.904126E+00
+6.052246E+02,-3.431012E-06,+4.824327E-06,-1.045536E+02,+2.188993E+00
+6.054688E+02,+3.335948E-06,-5.063202E-06,-1.043457E+02,-9.882169E-01
+6.057129E+02,+1.848671E-06,-3.917079E-06,-1.072674E+02,-1.129838E+00
+6.059570E+02,-2.812218E-06,+1.032822E-05,-9.940888E+01,+1.836636E+00
+6.062012E+02,-2.572811E-07,-4.816694E-06,-1.063326E+02,-1.624160E+00
+6.064453E+02,+3.507311E-06,-3.909975E-06,-1.055926E+02,-8.396321E-01
+6.066895E+02,-5.270001E-07,+2.477245E-06,-1.119284E+02,+1.780408E+00
+6.069336E+02,-1.777951E-06,+1.848237E-06,-1.118197E+02,+2.336814E+00
+6.071777E+02,-6.478226E-06,-6.217927E-06,-1.009350E+02,-2.376694E+00
+6.074219E+02,+3.729447E-06,+7.142625E-06,-1.018758E+02,+1.089594E+00
+6.076660E+02,+5.353762E-06,+4.677732E-06,-1.029633E+02,+7.181091E-01
+6.079102E+02,-5.344549E-06,-5.874791E-06,-1.020013E+02,-2.308968E+00
+6.081543E+02,+8.462654E-06,-8.486968E-06,-9.842709E+01,-7.868326E-01
+6.083984E+02,-7.639293E-06,+9.113822E-06,-9.849487E+01,+2.268405E+00
+6.086426E+02,+3.772498E-06,+3.070895E-06,-1.062595E+02,+6.832325E-01
+6.088867E+02,-4.291965E-06,-9.462697E-06,-9.966722E+01,-1.996612E+00
+6.091309E+02,+2.467282E-06,+6.099444E-06,-1.036361E+02,+1.186409E+00
+6.093750E+02,-9.361701E-07,-2.423080E-06,-1.117084E+02,-1.939485E+00
+6.096191E+02,+3.257302E-06,+2.463325E-06,-1.077786E+02,+6.474874E-01
+6.098633E+02,-3.772098E-06,+3.450423E-06,-1.058279E+02,+2.400703E+00
+6.101074E+02,+5.622926E-06,-6.443548E-06,-1.013587E+02,-8.533019E-01
+6.103516E+02,-7.835396E-06,-1.904546E-06,-1.018695E+02,-2.903147E+00
+6.105957E+02,+7.068022E-06,+8.767443E-06,-9.896796E+01,+8.923064E-01
+6.108398E+02,-1.520694E-06,-7.358422E-06,-1.024827E+02,-1.774588E+00
+6.110840E+02,-3.349972E-06,+9.585096E-06,-9.986756E+01,+1.907024E+00
+6.113281E+02,+1.892992E-05,-8.634937E-06,-9.363609E+01,-4.279589E-01
+6.115723E+02,-1.159423E-05,-3.369507E-06,-9.836303E+01,-2.858764E+00
+6.118164E+02,-4.473151E-06,-9.298571E-06,-9.972763E+01,-2.019176E+00
+6.120605E+02,-4.316925E-06,+4.750746E-06,-1.038505E+02,+2.308388E+00
+6.123047E+02,-6.600698E-07,-8.254545E-07,-1.195192E+02,-2.245320E+00
+6.125488E+02,-1.112917E-05,+1.407061E-06,-9.900188E+01,+3.015830E+00
+6.127930E+02,-6.028405E-06,+8.369393E-06,-9.973106E+01,+2.195012E+00
+6.130371E+02,-3.984911E-06,+2.637393E-05,-9.147847E+01,+1.720755E+00
+6.132812E+02,+1.090251E-05,+3.132803E-05,-8.958485E+01,+1.235894E+00
+6.135254E+02,+7.919068E-05,+5.189530E-05,-8.047485E+01,+5.801066E-01
+6.137695E+02,+1.241186E-04,-1.969836E-04,-7.265937E+01,-1.008541E+00
+6.140137E+02,-2.308337E-04,-2.627193E-06,-7.273345E+01,-3.130212E+00
+6.142578E+02,+2.185782E-05,+4.579190E-05,-8.589280E+01,+1.125449E+00
+6.145020E+02,+1.297331E-05,+1.999394E-05,-9.245602E+01,+9.952214E-01
+6.147461E+02,-1.237173E-05,-7.976207E-06,-9.664182E+01,-2.568944E+00
+6.149902E+02,+2.166891E-06,+1.693581E-05,-9.535336E+01,+1.443540E+00
+6.152344E+02,-4.134327E-06,+3.076450E-06,-1.057582E+02,+2.501863E+00
+6.154785E+02,+1.696383E-06,-4.091053E-07,-1.151640E+02,-2.366445E-01
+6.157227E+02,+1.328657E-05,+5.698579E-06,-9.679840E+01,+4.051675E-01
+6.159668E+02,+5.439781E-06,-6.085911E-06,-1.017633E+02,-8.413996E-01
+6.162109E+02,-2.298374E-05,-3.885938E-05,-8.690731E+01,-2.104912E+00
+6.164551E+02,-3.347681E-05,+3.956279E-05,-8.570908E+01,+2.273062E+00
+6.166992E+02,+4.382430E-06,+4.819436E-05,-8.630431E+01,+1.480113E+00
+6.169434E+02,+4.684418E-05,-1.428095E-05,-8.620093E+01,-2.959102E-01
+6.171875E+02,-4.336438E-06,-7.266525E-06,-1.014504E+02,-2.108837E+00
+6.174316E+02,+8.025153E-06,-5.721906E-06,-1.001259E+02,-6.193953E-01
+6.176758E+02,-3.573064E-06,-1.111379E-05,-9.865558E+01,-1.881858E+00
+6.179199E+02,-2.883263E-05,+1.172681E-05,-9.013748E+01,+2.755306E+00
+6.181641E+02,+2.805680E-05,+1.390347E-05,-9.008556E+01,+4.600790E-01
+6.184082E+02,-1.624246E-06,-8.563912E-06,-1.011931E+02,-1.758232E+00
+6.186523E+02,+2.290214E-06,+1.959270E-06,-1.104173E+02,+7.076764E-01
+6.188965E+02,-7.101895E-06,+8.743768E-06,-9.896571E+01,+2.252946E+00
+6.191406E+02,+2.854653E-05,-6.111887E-07,-9.088695E+01,-2.140700E-02
+6.193848E+02,+6.636466E-07,-1.284598E-05,-9.781308E+01,-1.519180E+00
+6.196289E+02,-6.395082E-06,-3.460218E-06,-1.027679E+02,-2.645627E+00
+6.198730E+02,+7.447734E-06,-4.540393E-06,-1.011871E+02,-5.474733E-01
+6.201172E+02,-3.120753E-06,+2.211657E-07,-1.100931E+02,+3.070842E+00
+6.203613E+02,+6.094446E-07,-1.150972E-05,-9.876655E+01,-1.517895E+00
+6.206055E+02,-1.689233E-05,-6.480367E-06,-9.484993E+01,-2.775279E+00
+6.208496E+02,-2.000573E-06,+1.309494E-05,-9.755772E+01,+1.722399E+00
+6.210938E+02,+4.052238E-06,+3.942919E-06,-1.049529E+02,+7.717258E-01
+6.213379E+02,+5.124520E-06,-4.984845E-06,-1.029150E+02,-7.715827E-01
+6.215820E+02,-1.754811E-06,-1.407731E-06,-1.129576E+02,-2.465504E+00
+6.218262E+02,-6.974073E-06,-4.166507E-06,-1.018047E+02,-2.603066E+00
+6.220703E+02,+6.101976E-06,+8.649486E-06,-9.950597E+01,+9.564068E-01
+6.223145E+02,-3.302546E-06,+2.324874E-06,-1.078750E+02,+2.528211E+00
+6.225586E+02,-2.275427E-06,-6.256373E-06,-1.035340E+02,-1.919621E+00
+6.228027E+02,+3.740699E-06,+9.557714E-07,-1.082663E+02,+2.501541E-01
+6.230469E+02,+2.273674E-06,+2.863054E-06,-1.087398E+02,+8.996371E-01
+6.232910E+02,-9.314130E-06,-3.239542E-06,-1.001212E+02,-2.806871E+00
+6.235352E+02,+9.334520E-06,+4.770282E-06,-9.959046E+01,+4.724379E-01
+6.237793E+02,+3.745191E-06,-2.456695E-06,-1.069763E+02,-5.805535E-01
+6.240234E+02,-8.089847E-06,-5.597139E-06,-1.001424E+02,-2.536343E+00
+6.242676E+02,-4.095779E-07,+5.198836E-06,-1.056550E+02,+1.649417E+00
+6.245117E+02,+6.445137E-06,-3.662083E-06,-1.026003E+02,-5.167037E-01
+6.247559E+02,-5.877835E-06,-2.394592E-07,-1.046085E+02,-3.100876E+00
+6.250000E+02,-7.390069E-07,-8.232662E-07,-1.191225E+02,-2.302313E+00
+6.252441E+02,+4.001912E-06,+7.502109E-06,-1.014088E+02,+1.080757E+00
+6.254883E+02,-5.531293E-06,-3.784039E-06,-1.034762E+02,-2.541608E+00
+6.257324E+02,+4.516306E-06,-3.921591E-06,-1.044641E+02,-7.150330E-01
+6.259766E+02,-1.768282E-06,+5.005065E-06,-1.055010E+02,+1.910406E+00
+6.262207E+02,+5.403319E-07,-3.019171E-06,-1.102653E+02,-1.393704E+00
+6.264648E+02,-1.889181E-06,-1.929606E-06,-1.113713E+02,-2.345609E+00
+6.267090E+02,-5.233291E-06,+4.190424E-06,-1.034730E+02,+2.466410E+00
+6.269531E+02,+1.022411E-05,-1.488970E-06,-9.971634E+01,-1.446165E-01
+6.271973E+02,+8.646397E-07,+1.784869E-06,-1.140524E+02,+1.119684E+00
+6.274414E+02,-9.929929E-06,-1.429247E-06,-9.997203E+01,-2.998641E+00
+6.276855E+02,+5.938993E-06,+2.271129E-06,-1.039330E+02,+3.652511E-01
+6.279297E+02,-4.175201E-06,+3.464567E-07,-1.075566E+02,+3.058803E+00
+6.281738E+02,+5.589971E-06,-4.257976E-06,-1.030647E+02,-6.509579E-01
+6.284180E+02,+5.405500E-07,+1.035247E-06,-1.186521E+02,+1.089589E+00
+6.286621E+02,-5.932683E-06,+5.673703E-06,-1.017142E+02,+2.378504E+00
+6.289062E+02,-2.016746E-07,-7.046213E-06,-1.030373E+02,-1.599410E+00
+6.291504E+02,+6.202080E-08,+6.350634E-07,-1.239024E+02,+1.473444E+00
+6.293945E+02,+4.400809E-06,+5.225451E-06,-1.033094E+02,+8.708554E-01
+6.296387E+02,-1.106019E-06,-3.449587E-06,-1.088197E+02,-1.881065E+00
+6.298828E+02,+4.202236E-06,-1.534362E-06,-1.069869E+02,-3.500894E-01
+6.301270E+02,-1.082795E-05,+1.185814E-06,-9.925729E+01,+3.032513E+00
+6.303711E+02,+3.351472E-06,+6.032287E-07,-1.093568E+02,+1.780825E-01
+6.306152E+02,+5.854348E-06,+4.975688E-06,-1.022892E+02,+7.044438E-01
+6.308594E+02,-2.863123E-06,-5.765019E-06,-1.038265E+02,-2.031750E+00
+6.311035E+02,-4.026951E-06,+1.674239E-06,-1.072080E+02,+2.747576E+00
+6.313477E+02,+4.851242E-06,-1.614756E-06,-1.058266E+02,-3.213191E-01
+6.315918E+02,-1.867590E-06,-3.464903E-06,-1.080985E+02,-2.065157E+00
+6.318359E+02,+2.976305E-06,+1.072331E-05,-9.907112E+01,+1.300057E+00
+6.320801E+02,-2.366102E-06,-9.996534E-06,-9.976627E+01,-1.803211E+00
+6.323242E+02,-1.714728E-06,+1.640284E-06,-1.124943E+02,+2.378380E+00
+6.325684E+02,+5.139405E-06,+9.569136E-06,-9.928185E+01,+1.077925E+00
+6.328125E+02,-2.259807E-06,-5.660121E-06,-1.043011E+02,-1.950657E+00
+6.330566E+02,-5.711226E-06,-8.739858E-06,-9.962561E+01,-2.149606E+00
+6.333008E+02,+6.936996E-06,+8.417475E-06,-9.924541E+01,+8.815211E-01
+6.335449E+02,-5.883961E-06,+1.830351E-06,-1.042055E+02,+2.840007E+00
+6.337891E+02,+7.989367E-06,-1.178192E-06,-1.018563E+02,-1.464147E-01
+6.340332E+02,-1.752962E-06,-2.054061E-06,-1.113715E+02,-2.277268E+00
+6.342773E+02,-9.622280E-06,-4.653643E-06,-9.942165E+01,-2.691125E+00
+6.345215E+02,+8.604414E-06,+4.526727E-06,-1.002444E+02,+4.843040E-01
+6.347656E+02,-1.620977E-06,+2.892328E-06,-1.095888E+02,+2.081620E+00
+6.350098E+02,+2.232929E-06,+1.115497E-06,-1.120549E+02,+4.633010E-01
+6.352539E+02,+1.510301E-06,-4.429415E-06,-1.065954E+02,-1.242188E+00
+6.354980E+02,-1.334947E-05,-3.838981E-07,-9.748714E+01,-3.112843E+00
+6.357422E+02,+1.487976E-05,+8.422929E-07,-9.653419E+01,+5.654627E-02
+6.359863E+02,-3.629991E-06,-2.008990E-06,-1.076415E+02,-2.636111E+00
+6.362305E+02,+1.534970E-06,+7.465466E-06,-1.023590E+02,+1.368013E+00
+6.364746E+02,-7.472103E-06,-6.701305E-06,-9.996799E+01,-2.410524E+00
+6.367188E+02,+5.428848E-06,+5.382342E-06,-1.023327E+02,+7.810965E-01
+6.369629E+02,-3.451373E-06,-6.092544E-06,-1.030953E+02,-2.086212E+00
+6.372070E+02,+1.263908E-06,+9.992225E-07,-1.158571E+02,+6.689717E-01
+6.374512E+02,+7.094195E-06,+5.238223E-06,-1.010921E+02,+6.360238E-01
+6.376953E+02,-7.767385E-06,-7.876362E-06,-9.912328E+01,-2.349228E+00
+6.379395E+02,-1.564065E-06,+8.372675E-07,-1.150206E+02,+2.650094E+00
+6.381836E+02,+8.203398E-06,+5.488733E-06,-1.001134E+02,+5.896719E-01
+6.384277E+02,-6.372087E-06,-1.908457E-06,-1.035413E+02,-2.850592E+00
+6.386719E+02,+2.989259E-06,-3.930303E-06,-1.061291E+02,-9.205666E-01
+6.389160E+02,-5.659295E-06,+5.714277E-06,-1.018923E+02,+2.351360E+00
+6.391602E+02,+1.009976E-05,-3.644597E-06,-9.938216E+01,-3.463164E-01
+6.394043E+02,-9.799640E-06,+8.417150E-06,-9.777592E+01,+2.431940E+00
+6.396484E+02,+5.722913E-06,-1.381978E-05,-9.650260E+01,-1.178185E+00
+6.398926E+02,-3.948216E-06,+7.899453E-06,-1.010796E+02,+2.034291E+00
+6.401367E+02,+4.687980E-06,-2.986441E-07,-1.065627E+02,-6.361824E-02
+6.403809E+02,-2.285881E-06,+2.127717E-07,-1.127815E+02,+3.048779E+00
+6.406250E+02,-1.886332E-06,-2.303228E-06,-1.105241E+02,-2.257013E+00
+6.408691E+02,+3.151801E-06,+4.659779E-06,-1.049966E+02,+9.760963E-01
+6.411133E+02,-5.421085E-08,-6.545144E-08,-1.414130E+02,-2.262533E+00
+6.413574E+02,-2.205691E-06,-6.638533E-06,-1.031038E+02,-1.891577E+00
+6.416016E+02,+4.063241E-07,+5.188816E-06,-1.056721E+02,+1.492648E+00
+6.418457E+02,+6.374699E-07,-3.193912E-06,-1.097439E+02,-1.373796E+00
+6.420898E+02,+2.661015E-06,+6.589092E-06,-1.029673E+02,+1.186974E+00
+6.423340E+02,-5.327318E-06,-1.120382E-05,-9.812745E+01,-2.014646E+00
+6.425781E+02,+8.033035E-06,+5.404792E-06,-1.002807E+02,+5.922510E-01
+6.428223E+02,-1.052926E-05,+5.325653E-06,-9.856274E+01,+2.673319E+00
+6.430664E+02,+5.803767E-06,-4.142051E-06,-1.029379E+02,-6.198505E-01
+6.433105E+02,-9.456853E-07,-5.556427E-06,-1.049801E+02,-1.739378E+00
+6.435547E+02,+2.594502E-06,+9.642218E-06,-1.000129E+02,+1.307945E+00
+6.437988E+02,-1.894840E-06,-7.844162E-06,-1.018628E+02,-1.807816E+00
+6.440430E+02,-2.611863E-06,+4.671816E-06,-1.054291E+02,+2.080575E+00
+6.442871E+02,+5.980187E-06,-4.115977E-06,-1.027816E+02,-6.028093E-01
+6.445312E+02,-7.116347E-06,+6.332159E-06,-1.004221E+02,+2.414439E+00
+6.447754E+02,+3.405446E-06,-5.392461E-06,-1.039066E+02,-1.007522E+00
+6.450195E+02,+2.437222E-06,-3.418038E-06,-1.075392E+02,-9.513674E-01
+6.452637E+02,-7.817962E-07,+1.027543E-05,-9.973893E+01,+1.646734E+00
+6.455078E+02,-6.856878E-07,-7.143351E-06,-1.028821E+02,-1.666493E+00
+6.457520E+02,-8.841613E-07,+3.858563E-06,-1.080492E+02,+1.796050E+00
+6.459961E+02,+8.909153E-07,-1.798832E-06,-1.139475E+02,-1.110936E+00
+6.462402E+02,-4.164585E-06,-1.863199E-06,-1.068162E+02,-2.720910E+00
+6.464844E+02,+3.273158E-06,+1.815266E-07,-1.096873E+02,+5.540242E-02
+6.467285E+02,+1.334179E-07,-3.186036E-06,-1.099274E+02,-1.528945E+00
+6.469727E+02,+9.396167E-07,+3.891319E-06,-1.079520E+02,+1.333867E+00
+6.472168E+02,-3.442903E-07,+2.742799E-06,-1.111682E+02,+1.695668E+00
+6.474609E+02,-4.964837E-06,+2.075742E-06,-1.053823E+02,+2.745590E+00
+6.477051E+02,+8.142416E-06,-6.850008E-06,-9.946071E+01,-6.994067E-01
+6.479492E+02,-4.657651E-06,+1.213995E-06,-1.063512E+02,+2.886620E+00
+6.481934E+02,-1.609822E-06,-5.234586E-06,-1.052299E+02,-1.869152E+00
+6.484375E+02,+8.643160E-07,+9.622166E-06,-1.002996E+02,+1.481211E+00
+6.486816E+02,+4.586332E-06,-2.728535E-06,-1.054547E+02,-5.366814E-01
+6.489258E+02,-8.416395E-06,+5.307948E-07,-1.014802E+02,+3.078609E+00
+6.491699E+02,+5.521063E-06,-2.298052E-06,-1.044656E+02,-3.944220E-01
+6.494141E+02,+4.136446E-06,+1.769313E-06,-1.069378E+02,+4.041870E-01
+6.496582E+02,-6.775664E-06,-2.438987E-06,-1.028518E+02,-2.796070E+00
+6.499023E+02,-2.183783E-06,+5.242231E-06,-1.049147E+02,+1.965509E+00
+6.501465E+02,+6.974630E-06,-5.059022E-06,-1.012937E+02,-6.275351E-01
+6.503906E+02,-1.132712E-06,+4.944823E-06,-1.058949E+02,+1.795982E+00
+6.506348E+02,-4.944236E-06,-3.160709E-06,-1.046299E+02,-2.572796E+00
+6.508789E+02,+3.278513E-06,-1.729641E-06,-1.086200E+02,-4.854585E-01
+6.511230E+02,-3.766241E-07,+7.568769E-07,-1.214587E+02,+2.032524E+00
+6.513672E+02,+4.586254E-06,+4.919941E-06,-1.034448E+02,+8.204858E-01
+6.516113E+02,-9.005023E-06,-2.457361E-06,-1.005984E+02,-2.875191E+00
+6.518555E+02,+4.756334E-06,-2.869145E-06,-1.051068E+02,-5.427882E-01
+6.520996E+02,-2.852128E-06,-4.158924E-07,-1.108052E+02,-2.996795E+00
+6.523438E+02,+7.007287E-06,+6.013924E-06,-1.006921E+02,+7.092575E-01
+6.525879E+02,-5.627722E-06,-1.065630E-05,-9.837950E+01,-2.056680E+00
+6.528320E+02,-1.679739E-06,+1.104637E-05,-9.903633E+01,+1.721703E+00
+6.530762E+02,+1.100341E-05,-3.679666E-06,-9.870907E+01,-3.227206E-01
+6.533203E+02,-1.164532E-05,-2.373426E-06,-9.850022E+01,-2.940537E+00
+6.535645E+02,+4.463411E-06,+3.600362E-06,-1.048301E+02,+6.787761E-01
+6.538086E+02,+5.731192E-07,-1.392007E-06,-1.164471E+02,-1.180226E+00
+6.540527E+02,-7.267134E-06,+3.249797E-06,-1.019810E+02,+2.721077E+00
+6.542969E+02,+7.839039E-06,-5.913092E-06,-1.001585E+02,-6.462560E-01
+6.545410E+02,-2.782694E-06,+2.741723E-06,-1.081643E+02,+2.363611E+00
+6.547852E+02,+7.112183E-06,-2.251408E-06,-1.025452E+02,-3.065762E-01
+6.550293E+02,-7.580410E-06,+1.931279E-06,-1.021330E+02,+2.892128E+00
+6.552734E+02,-2.853227E-06,+2.292215E-06,-1.087305E+02,+2.464796E+00
+6.555176E+02,+4.671181E-06,-5.018192E-06,-1.032788E+02,-8.211964E-01
+6.557617E+02,-1.317362E-06,+4.729124E-06,-1.061798E+02,+1.842473E+00
+6.560059E+02,+5.528835E-06,-4.642069E-06,-1.028302E+02,-6.984316E-01
+6.562500E+02,-9.281042E-06,+6.834577E-06,-9.876641E+01,+2.506851E+00
+6.564941E+02,+6.393053E-06,-9.390058E-06,-9.889261E+01,-9.730508E-01
+6.567383E+02,-2.287805E-06,+9.863391E-06,-9.989189E+01,+1.798715E+00
+6.569824E+02,+1.906031E-06,-7.881532E-06,-1.018209E+02,-1.333517E+00
+6.572266E+02,-1.756800E-06,+5.868864E-06,-1.042562E+02,+1.861650E+00
+6.574707E+02,-5.235409E-06,-4.507711E-06,-1.032122E+02,-2.430745E+00
+6.577148E+02,+1.360461E-05,+2.904223E-06,-9.713275E+01,+2.103167E-01
+6.579590E+02,-1.435439E-05,-2.980542E-06,-9.667699E+01,-2.936862E+00
+6.582031E+02,+1.545864E-05,+2.782079E-06,-9.607814E+01,+1.780630E-01
+6.584473E+02,-1.252373E-05,-1.582037E-06,-9.797657E+01,-3.015935E+00
+6.586914E+02,+3.281193E-06,+1.539710E-06,-1.088151E+02,+4.387489E-01
+6.589355E+02,+2.285102E-06,-6.695855E-07,-1.124641E+02,-2.850429E-01
+6.591797E+02,-7.067157E-06,-1.450386E-06,-1.028359E+02,-2.939174E+00
+6.594238E+02,+8.182618E-06,+5.077698E-06,-1.003274E+02,+5.553906E-01
+6.596680E+02,-4.129115E-06,-5.572014E-06,-1.031788E+02,-2.208542E+00
+6.599121E+02,+2.573420E-06,+2.123066E-06,-1.095351E+02,+6.897988E-01
+6.601562E+02,+6.287509E-07,-1.001458E-06,-1.185442E+02,-1.010161E+00
+6.604004E+02,-1.636065E-06,+4.068310E-06,-1.071607E+02,+1.953153E+00
+6.606445E+02,+1.461396E-06,-5.208741E-06,-1.053363E+02,-1.297263E+00
+6.608887E+02,-5.688741E-06,+1.692653E-06,-1.045313E+02,+2.852390E+00
+6.611328E+02,+4.110296E-06,+6.665891E-08,-1.077214E+02,+1.621612E-02
+6.613770E+02,-4.705254E-06,-8.219550E-07,-1.064178E+02,-2.968649E+00
+6.616211E+02,+1.075804E-05,+1.416652E-07,-9.936459E+01,+1.316754E-02
+6.618652E+02,-1.035768E-05,+1.943569E-06,-9.954446E+01,+2.956105E+00
+6.621094E+02,+6.173207E-06,+1.458921E-06,-1.039538E+02,+2.320731E-01
+6.623535E+02,-1.147650E-06,-6.390798E-06,-1.037511E+02,-1.748481E+00
+6.625977E+02,-1.838757E-06,+6.011040E-06,-1.040325E+02,+1.867654E+00
+6.628418E+02,+4.442838E-07,-4.285679E-06,-1.073132E+02,-1.467498E+00
+6.630859E+02,-4.288258E-07,+4.857372E-06,-1.062383E+02,+1.658852E+00
+6.633301E+02,+5.426446E-06,-4.234080E-06,-1.032446E+02,-6.625926E-01
+6.635742E+02,-5.351133E-06,+4.449768E-07,-1.054012E+02,+3.058628E+00
+6.638184E+02,+2.334142E-06,+5.587493E-06,-1.043571E+02,+1.175088E+00
+6.640625E+02,-7.360685E-06,-7.887883E-06,-9.934053E+01,-2.321635E+00
+6.643066E+02,+5.890028E-06,+6.319160E-06,-1.012712E+02,+8.205320E-01
+6.645508E+02,-1.261633E-06,-1.099845E-05,-9.911659E+01,-1.685007E+00
+6.647949E+02,+7.726810E-06,+1.530667E-05,-9.531656E+01,+1.103316E+00
+6.650391E+02,-1.188032E-05,-1.210079E-05,-9.541255E+01,-2.347001E+00
+6.652832E+02,+8.945264E-06,+9.496003E-06,-9.769061E+01,+8.152538E-01
+6.655273E+02,-3.760104E-06,-8.280996E-06,-1.008242E+02,-1.997025E+00
+6.657715E+02,+4.514851E-07,+6.086633E-06,-1.042886E+02,+1.496755E+00
+6.660156E+02,-5.103470E-06,-1.035504E-06,-1.056675E+02,-2.941408E+00
+6.662598E+02,+7.956381E-06,-1.051170E-06,-1.019105E+02,-1.313559E-01
+6.665039E+02,-4.155239E-06,-2.589722E-06,-1.062028E+02,-2.584258E+00
+6.667480E+02,-8.151516E-07,+3.636357E-06,-1.085737E+02,+1.791318E+00
+6.669922E+02,+7.381166E-06,-2.662042E-06,-1.021064E+02,-3.461338E-01
+6.672363E+02,-9.204342E-06,-1.663666E-08,-1.007201E+02,-3.139785E+00
+6.674805E+02,+4.664538E-06,+3.557989E-06,-1.046322E+02,+6.516266E-01
+6.677246E+02,-1.434458E-06,-9.476107E-07,-1.152935E+02,-2.557798E+00
+6.679688E+02,+6.003890E-06,-8.925105E-06,-9.936652E+01,-9.786306E-01
+6.682129E+02,-9.262313E-06,+8.809006E-06,-9.786777E+01,+2.381274E+00
+6.684570E+02,+4.130771E-06,+1.008523E-06,-1.074279E+02,+2.394643E-01
+6.687012E+02,-2.009548E-06,-4.922534E-07,-1.136850E+02,-2.901366E+00
+6.689453E+02,+5.832763E-07,-4.097050E-06,-1.076634E+02,-1.429382E+00
+6.691895E+02,+3.917931E-06,+9.453597E-07,-1.078931E+02,+2.367649E-01
+6.694336E+02,-2.564229E-06,+2.577475E-06,-1.087881E+02,+2.353618E+00
+6.696777E+02,+1.522913E-07,-3.087530E-06,-1.101972E+02,-1.521512E+00
+6.699219E+02,-3.032940E-06,+2.171812E-06,-1.085650E+02,+2.520159E+00
+6.701660E+02,+6.715876E-06,-2.817976E-06,-1.027536E+02,-3.972872E-01
+6.704102E+02,-2.398311E-06,+9.102391E-06,-1.005254E+02,+1.828423E+00
+6.706543E+02,-7.189756E-06,-1.281355E-05,-9.665788E+01,-2.082126E+00
+6.708984E+02,+1.204771E-05,+8.659241E-06,-9.657321E+01,+6.231966E-01
+6.711426E+02,-8.623284E-06,-5.596363E-06,-9.976006E+01,-2.565933E+00
+6.713867E+02,+1.001532E-06,+4.723284E-06,-1.063241E+02,+1.361850E+00
+6.716309E+02,-9.155248E-07,-2.298981E-06,-1.121300E+02,-1.949777E+00
+6.718750E+02,+7.437417E-06,-5.238175E-07,-1.025501E+02,-7.031392E-02
+6.721191E+02,-1.270875E-05,-1.509308E-06,-9.785712E+01,-3.023385E+00
+6.723633E+02,+9.104947E-06,+5.501178E-06,-9.946296E+01,+5.434995E-01
+6.726074E+02,-4.076464E-06,-3.614331E-06,-1.052752E+02,-2.416211E+00
+6.728516E+02,+5.229263E-06,+2.800195E-06,-1.045363E+02,+4.916316E-01
+6.730957E+02,-2.259589E-06,-7.937944E-07,-1.124140E+02,-2.803760E+00
+6.733398E+02,+3.252635E-07,-2.533594E-06,-1.118543E+02,-1.443115E+00
+6.735840E+02,-3.792122E-06,-2.279008E-06,-1.070832E+02,-2.600449E+00
+6.738281E+02,+4.083859E-06,-4.976113E-07,-1.077146E+02,-1.212506E-01
+6.740723E+02,+1.352756E-06,+8.623304E-06,-1.011809E+02,+1.415192E+00
+6.743164E+02,-4.465124E-06,-3.216691E-06,-1.051878E+02,-2.517304E+00
+6.745605E+02,+1.678281E-06,+2.928042E-06,-1.094347E+02,+1.050335E+00
+6.748047E+02,-1.955193E-07,-7.631844E-06,-1.023446E+02,-1.596410E+00
+6.750488E+02,-1.742074E-06,+2.157258E-06,-1.111415E+02,+2.250118E+00
+6.752930E+02,+1.150457E-06,-5.976144E-06,-1.043135E+02,-1.380615E+00
+6.755371E+02,+3.356856E-06,+1.243338E-05,-9.780265E+01,+1.307096E+00
+6.757812E+02,-1.307749E-06,-7.810362E-06,-1.020265E+02,-1.736695E+00
+6.760254E+02,-2.405448E-06,+2.476104E-06,-1.092382E+02,+2.341722E+00
+6.762695E+02,-1.157954E-06,-2.835379E-07,-1.184733E+02,-2.901456E+00
+6.765137E+02,+2.623358E-06,-1.096584E-06,-1.109235E+02,-3.959333E-01
+6.767578E+02,-1.961286E-06,+2.233940E-06,-1.105369E+02,+2.291294E+00
+6.770020E+02,+4.152812E-06,+2.376895E-07,-1.076189E+02,+5.717342E-02
+6.772461E+02,-6.310652E-06,-2.715864E-06,-1.032606E+02,-2.735189E+00
+6.774902E+02,+6.974169E-06,+3.975180E-06,-1.019084E+02,+5.180581E-01
+6.777344E+02,-3.384168E-06,-1.132631E-06,-1.089499E+02,-2.818626E+00
+6.779785E+02,-1.809369E-07,-6.738792E-06,-1.034252E+02,-1.597640E+00
+6.782227E+02,+9.452685E-07,+8.214112E-06,-1.016516E+02,+1.456222E+00
+6.784668E+02,-2.980973E-06,-4.998156E-06,-1.047021E+02,-2.108575E+00
+6.787109E+02,+7.392664E-06,-1.034196E-06,-1.025398E+02,-1.389928E-01
+6.789551E+02,-7.117211E-06,+5.361062E-06,-1.010020E+02,+2.496013E+00
+6.791992E+02,-6.993324E-07,-2.971499E-06,-1.103064E+02,-1.801937E+00
+6.794434E+02,+1.037794E-06,-2.294631E-07,-1.194705E+02,-2.176055E-01
+6.796875E+02,+4.374206E-06,+6.175653E-06,-1.024205E+02,+9.545226E-01
+6.799316E+02,-5.410191E-06,-1.153493E-05,-9.789615E+01,-2.009360E+00
+6.801758E+02,+3.888142E-06,+1.091797E-05,-9.871861E+01,+1.228677E+00
+6.804199E+02,+4.903776E-07,-7.810697E-06,-1.021291E+02,-1.508096E+00
+6.806641E+02,-2.841487E-06,+3.604649E-06,-1.067639E+02,+2.238352E+00
+6.809082E+02,+1.455006E-07,-2.102719E-06,-1.135236E+02,-1.501710E+00
+6.811523E+02,-4.681044E-07,+2.892461E-06,-1.106624E+02,+1.731241E+00
+6.813965E+02,+5.187387E-07,+3.899663E-06,-1.081033E+02,+1.438551E+00
+6.816406E+02,+3.378150E-06,-8.661248E-06,-1.006334E+02,-1.198914E+00
+6.818848E+02,-3.785694E-06,+6.422763E-06,-1.025506E+02,+2.103399E+00
+6.821289E+02,+1.171530E-06,-7.073563E-06,-1.028897E+02,-1.406665E+00
+6.823730E+02,-1.870694E-06,+6.236198E-06,-1.037274E+02,+1.862229E+00
+6.826172E+02,+6.090167E-06,-2.727418E-06,-1.035136E+02,-4.210559E-01
+6.828613E+02,-8.414491E-06,+1.543648E-06,-1.013557E+02,+2.960159E+00
+6.831055E+02,+4.647665E-06,-7.248099E-08,-1.066542E+02,-1.559388E-02
+6.833496E+02,-1.805258E-06,+1.141270E-06,-1.134090E+02,+2.577838E+00
+6.835938E+02,+5.041935E-06,-6.422956E-07,-1.058781E+02,-1.267082E-01
+6.838379E+02,-2.122468E-06,-2.716906E-06,-1.092495E+02,-2.233973E+00
+6.840820E+02,-3.135921E-06,+2.956911E-06,-1.073102E+02,+2.385566E+00
+6.843262E+02,+1.708627E-06,-7.959704E-07,-1.144941E+02,-4.359594E-01
+6.845703E+02,-4.276029E-06,-5.627461E-06,-1.030144E+02,-2.220572E+00
+6.848145E+02,+5.455744E-06,+1.093083E-05,-9.826091E+01,+1.107857E+00
+6.850586E+02,-1.065016E-07,-8.498861E-06,-1.014121E+02,-1.583327E+00
+6.853027E+02,-3.032551E-06,+8.064625E-06,-1.012939E+02,+1.930471E+00
+6.855469E+02,+5.000315E-06,-1.277405E-05,-9.725427E+01,-1.197688E+00
+6.857910E+02,-2.295453E-06,+8.715871E-06,-1.009025E+02,+1.828313E+00
+6.860352E+02,-7.200014E-06,+1.343562E-07,-1.028518E+02,+3.122934E+00
+6.862793E+02,+7.643433E-06,+4.452271E-06,-1.010654E+02,+5.274497E-01
+6.865234E+02,-2.303600E-08,-6.944197E-06,-1.031675E+02,-1.574114E+00
+6.867676E+02,-3.047222E-06,-2.109727E-06,-1.086212E+02,-2.536023E+00
+6.870117E+02,+6.418338E-06,+1.361012E-06,-1.036605E+02,+2.089554E-01
+6.872559E+02,-7.164207E-06,+8.736279E-06,-9.893985E+01,+2.257645E+00
+6.875000E+02,+5.671537E-06,-8.539893E-06,-9.978413E+01,-9.845570E-01
+6.877441E+02,-4.738865E-06,-2.198247E-06,-1.056401E+02,-2.707259E+00
+6.879883E+02,-6.646982E-07,+5.291861E-06,-1.054598E+02,+1.695750E+00
+6.882324E+02,+1.994046E-06,-8.457768E-07,-1.132868E+02,-4.011515E-01
+6.884766E+02,-1.418636E-06,-2.439761E-06,-1.109882E+02,-2.097476E+00
+6.887207E+02,+4.816918E-06,+4.331909E-06,-1.037708E+02,+7.324345E-01
+6.889648E+02,-5.254246E-06,-6.730621E-07,-1.055191E+02,-3.014188E+00
+6.892090E+02,+3.745038E-06,-2.347793E-06,-1.070913E+02,-5.599698E-01
+6.894531E+02,-2.127201E-06,+1.829192E-06,-1.110397E+02,+2.431376E+00
+6.896973E+02,+5.689281E-06,-3.057088E-06,-1.037972E+02,-4.930728E-01
+6.899414E+02,-1.328907E-05,+2.966031E-06,-9.731897E+01,+2.921999E+00
+6.901855E+02,+1.084633E-05,-1.182668E-08,-9.929434E+01,-1.090385E-03
+6.904297E+02,+2.475321E-06,-4.702753E-06,-1.054909E+02,-1.086287E+00
+6.906738E+02,-1.105423E-05,+2.796582E-06,-9.886001E+01,+2.893804E+00
+6.909180E+02,+4.791729E-06,+5.163110E-06,-1.030436E+02,+8.226874E-01
+6.911621E+02,+4.441398E-06,-4.531382E-06,-1.039513E+02,-7.954265E-01
+6.914062E+02,-2.904460E-06,+9.127497E-07,-1.103297E+02,+2.837107E+00
+6.916504E+02,+2.029800E-06,-4.679576E-06,-1.058472E+02,-1.161532E+00
+6.918945E+02,-3.117597E-08,+1.058956E-05,-9.950240E+01,+1.573740E+00
+6.921387E+02,-5.017307E-06,-1.060675E-05,-9.861140E+01,-2.012636E+00
+6.923828E+02,+6.729044E-07,+6.612362E-06,-1.035481E+02,+1.469381E+00
+6.926270E+02,+1.720018E-06,-1.070131E-06,-1.138683E+02,-5.565563E-01
+6.928711E+02,+3.332915E-07,-5.451842E-06,-1.052529E+02,-1.509739E+00
+6.931152E+02,+4.386629E-06,+4.089663E-06,-1.044408E+02,+7.503775E-01
+6.933594E+02,-3.530033E-06,+4.241340E-06,-1.051641E+02,+2.264920E+00
+6.936035E+02,-5.729086E-06,-3.890741E-06,-1.031912E+02,-2.545017E+00
+6.938477E+02,+5.161792E-06,-4.280409E-06,-1.034712E+02,-6.923229E-01
+6.940918E+02,+2.376416E-06,+4.820141E-06,-1.053939E+02,+1.112750E+00
+6.943359E+02,-1.802169E-06,+4.675025E-07,-1.146012E+02,+2.887776E+00
+6.945801E+02,-3.610190E-06,-6.744181E-06,-1.023271E+02,-2.062287E+00
+6.948242E+02,+3.951621E-06,+4.750594E-06,-1.041813E+02,+8.769541E-01
+6.950684E+02,-4.483099E-06,+2.735167E-06,-1.055942E+02,+2.593775E+00
+6.953125E+02,+5.486056E-06,-6.390103E-07,-1.051563E+02,-1.159565E-01
+6.955566E+02,+5.296648E-06,-2.459066E-06,-1.046723E+02,-4.346559E-01
+6.958008E+02,-9.758744E-06,+2.313821E-06,-9.997459E+01,+2.908789E+00
+6.960449E+02,+3.632787E-06,-5.186112E-07,-1.087076E+02,-1.418004E-01
+6.962891E+02,-2.572654E-06,-7.458492E-07,-1.114419E+02,-2.859414E+00
+6.965332E+02,+1.128258E-06,-3.337619E-06,-1.090613E+02,-1.244813E+00
+6.967773E+02,+5.843951E-07,+4.247207E-06,-1.073565E+02,+1.434060E+00
+6.970215E+02,+1.540917E-06,-1.283500E-06,-1.139558E+02,-6.945094E-01
+6.972656E+02,-5.225455E-06,-3.074944E-07,-1.056225E+02,-3.082815E+00
+6.975098E+02,+1.061791E-06,-3.987353E-06,-1.076888E+02,-1.310546E+00
+6.977539E+02,+9.765155E-06,+7.731571E-06,-9.809289E+01,+6.696907E-01
+6.979980E+02,-1.354294E-05,-4.088909E-06,-9.698686E+01,-2.848374E+00
+6.982422E+02,+7.818106E-06,+2.391522E-06,-1.017495E+02,+2.968566E-01
+6.984863E+02,-2.892035E-06,+4.561638E-07,-1.106692E+02,+2.985150E+00
+6.987305E+02,+3.725700E-06,-6.565119E-07,-1.084430E+02,-1.744211E-01
+6.989746E+02,-2.286090E-06,-9.268063E-06,-1.004037E+02,-1.812632E+00
+6.992188E+02,+6.455428E-07,+1.074484E-05,-9.936035E+01,+1.510789E+00
+6.994629E+02,+4.629660E-06,-6.480469E-06,-1.019770E+02,-9.504699E-01
+6.997070E+02,-1.202862E-05,+6.238973E-06,-9.736098E+01,+2.663115E+00
+6.999512E+02,+9.345184E-06,+9.376680E-07,-1.005447E+02,+1.000023E-01
+7.001953E+02,-7.950573E-06,-1.023169E-05,-9.774952E+01,-2.231389E+00
+7.004395E+02,+5.889633E-06,+9.938635E-06,-9.874635E+01,+1.035836E+00
+7.006836E+02,+5.649390E-07,-6.409541E-06,-1.038298E+02,-1.482883E+00
+7.009277E+02,-1.718585E-06,+8.099476E-07,-1.144255E+02,+2.701178E+00
+7.011719E+02,-4.438409E-06,+4.046231E-06,-1.044284E+02,+2.402384E+00
+7.014160E+02,+1.258592E-05,+1.622723E-07,-9.800157E+01,+1.289245E-02
+7.016602E+02,-1.581773E-05,-2.075901E-06,-9.594296E+01,-3.011100E+00
+7.019043E+02,+1.054459E-05,+3.319417E-07,-9.953511E+01,+3.146944E-02
+7.021484E+02,-2.196060E-06,-4.295505E-06,-1.063313E+02,-2.043400E+00
+7.023926E+02,+1.022364E-06,+5.629528E-06,-1.048496E+02,+1.391147E+00
+7.026367E+02,+1.306500E-06,+4.074526E-07,-1.172747E+02,+3.023070E-01
+7.028809E+02,-6.292165E-06,-2.844159E-06,-1.032166E+02,-2.717064E+00
+7.031250E+02,+6.597354E-06,+4.716359E-06,-1.018198E+02,+6.206471E-01
+7.033691E+02,-3.599729E-06,-1.473060E-05,-9.638370E+01,-1.810470E+00
+7.036133E+02,-1.322849E-06,+1.491653E-05,-9.649261E+01,+1.659248E+00
+7.038574E+02,+2.648387E-06,-6.240158E-06,-1.033768E+02,-1.169425E+00
+7.041016E+02,+3.431849E-07,+3.898787E-06,-1.081479E+02,+1.482999E+00
+7.043457E+02,-2.503945E-06,-4.485591E-06,-1.057856E+02,-2.079928E+00
+7.045898E+02,+6.322977E-06,+9.571845E-06,-9.880743E+01,+9.870189E-01
+7.048340E+02,-9.037779E-06,-1.184833E-05,-9.653522E+01,-2.222433E+00
+7.050781E+02,+6.989343E-06,+9.963976E-07,-1.030239E+02,+1.416054E-01
+7.053223E+02,-1.279783E-05,+5.114430E-06,-9.721379E+01,+2.761403E+00
+7.055664E+02,+1.799055E-05,+2.147269E-06,-9.483768E+01,+1.187934E-01
+7.058105E+02,-1.058708E-05,-4.873078E-06,-9.866995E+01,-2.710218E+00
+7.060547E+02,-1.029682E-08,+6.348405E-06,-1.039467E+02,+1.572418E+00
+7.062988E+02,+1.685856E-06,-1.125703E-05,-9.887520E+01,-1.422141E+00
+7.065430E+02,+1.934812E-06,+9.678742E-06,-1.001134E+02,+1.373494E+00
+7.067871E+02,-1.255760E-06,-6.445217E-06,-1.036534E+02,-1.763222E+00
+7.070312E+02,-4.189440E-06,+2.704783E-06,-1.060437E+02,+2.568303E+00
+7.072754E+02,+9.903857E-06,-2.268873E-06,-9.986176E+01,-2.252038E-01
+7.075195E+02,-5.943497E-06,+6.687964E-06,-1.009662E+02,+2.297325E+00
+7.077637E+02,+2.594414E-07,-5.646333E-06,-1.049555E+02,-1.524880E+00
+7.080078E+02,+1.052417E-06,+2.750836E-06,-1.106175E+02,+1.205396E+00
+7.082520E+02,-6.728437E-06,-3.837172E-06,-1.022188E+02,-2.623304E+00
+7.084961E+02,+1.406861E-05,+3.869712E-06,-9.671823E+01,+2.684221E-01
+7.087402E+02,-1.143638E-05,+4.890910E-07,-9.882629E+01,+3.098852E+00
+7.089844E+02,-3.708812E-07,+2.925360E-06,-1.106072E+02,+1.696905E+00
+7.092285E+02,+3.523187E-06,-7.931571E-06,-1.012307E+02,-1.152778E+00
+7.094727E+02,+8.604717E-07,+2.329811E-06,-1.120983E+02,+1.217005E+00
+7.097168E+02,-3.107382E-06,-2.337069E-06,-1.082051E+02,-2.496747E+00
+7.099609E+02,+7.878290E-06,+2.210759E-06,-1.017422E+02,+2.735780E-01
+7.102051E+02,-1.412486E-05,+3.871339E-06,-9.668575E+01,+2.874082E+00
+7.104492E+02,+1.312487E-05,-5.402038E-06,-9.695846E+01,-3.904559E-01
+7.106934E+02,-2.933297E-06,+3.427448E-06,-1.069140E+02,+2.278663E+00
+7.109375E+02,-7.867085E-06,+2.926131E-06,-1.015210E+02,+2.785502E+00
+7.111816E+02,+6.057888E-06,-9.237658E-06,-9.913525E+01,-9.903673E-01
+7.114258E+02,+5.010814E-07,+1.168578E-05,-9.863887E+01,+1.527943E+00
+7.116699E+02,-2.606207E-06,-9.604598E-06,-1.000419E+02,-1.835766E+00
+7.119141E+02,-6.302690E-07,+1.960771E-06,-1.137244E+02,+1.881804E+00
+7.121582E+02,+8.274885E-06,+4.214726E-06,-1.006430E+02,+4.710913E-01
+7.124023E+02,-3.420959E-06,-7.546675E-07,-1.091107E+02,-2.924469E+00
+7.126465E+02,-3.406140E-06,-3.027765E-06,-1.068258E+02,-2.414936E+00
+7.128906E+02,-2.401933E-06,+7.976758E-07,-1.119344E+02,+2.820955E+00
+7.131348E+02,+6.374642E-06,+5.786846E-06,-1.013004E+02,+7.371031E-01
+7.133789E+02,-3.584677E-06,-1.161361E-05,-9.830544E+01,-1.870181E+00
+7.136230E+02,-2.097192E-07,+1.022977E-05,-9.980086E+01,+1.591294E+00
+7.138672E+02,+7.230643E-07,-8.057295E-06,-1.018414E+02,-1.481296E+00
+7.141113E+02,-1.302720E-06,+6.947684E-06,-1.030131E+02,+1.756148E+00
+7.143555E+02,-1.928523E-06,+3.708530E-09,-1.142955E+02,+3.139670E+00
+7.145996E+02,+1.296954E-05,-6.730321E-06,-9.670589E+01,-4.786789E-01
+7.148438E+02,-1.975024E-05,+8.606893E-06,-9.333342E+01,+2.730621E+00
+7.150879E+02,+1.289981E-05,-4.750994E-06,-9.723591E+01,-3.528834E-01
+7.153320E+02,+3.173313E-06,-5.655913E-06,-1.037614E+02,-1.059501E+00
+7.155762E+02,-8.961199E-06,+1.290629E-05,-9.607522E+01,+2.177705E+00
+7.158203E+02,-2.464747E-06,-9.401759E-06,-1.002472E+02,-1.827185E+00
+7.160645E+02,+7.416621E-06,-1.873978E-06,-1.023271E+02,-2.474925E-01
+7.163086E+02,+2.276515E-06,+1.081087E-05,-9.913436E+01,+1.363252E+00
+7.165527E+02,-7.612535E-06,-1.078718E-05,-9.758668E+01,-2.185339E+00
+7.167969E+02,+2.670219E-08,+3.799792E-06,-1.084046E+02,+1.563769E+00
+7.170410E+02,+4.866148E-06,+1.317832E-06,-1.059489E+02,+2.644725E-01
+7.172852E+02,+4.060775E-06,+1.099946E-06,-1.075203E+02,+2.645234E-01
+7.175293E+02,-1.256451E-05,-6.370388E-06,-9.702351E+01,-2.672349E+00
+7.177734E+02,+1.031211E-05,+9.716839E-06,-9.697330E+01,+7.556865E-01
+7.180176E+02,-2.244450E-06,-8.761613E-06,-1.008723E+02,-1.821572E+00
+7.182617E+02,-1.835445E-06,+3.923929E-06,-1.072663E+02,+2.008318E+00
+7.185059E+02,+4.598352E-06,+8.977103E-07,-1.065855E+02,+1.927994E-01
+7.187500E+02,-5.861263E-06,-2.286418E-06,-1.040250E+02,-2.769659E+00
+7.189941E+02,-9.700819E-08,+2.420096E-06,-1.123164E+02,+1.610859E+00
+7.192383E+02,+4.222529E-06,-1.208231E-06,-1.071468E+02,-2.786923E-01
+7.194824E+02,-2.650916E-06,+1.052763E-06,-1.108961E+02,+2.763561E+00
+7.197266E+02,+8.512154E-07,-5.423638E-06,-1.052085E+02,-1.415121E+00
+7.199707E+02,-1.351766E-06,+5.180545E-06,-1.054264E+02,+1.826036E+00
+7.202148E+02,+7.382149E-06,+9.494076E-07,-1.025651E+02,+1.279065E-01
+7.204590E+02,-6.699722E-06,-7.015618E-07,-1.034315E+02,-3.037258E+00
+7.207031E+02,+3.693188E-07,-3.403564E-06,-1.093105E+02,-1.462710E+00
+7.209473E+02,-1.138123E-06,+9.083966E-07,-1.167356E+02,+2.467979E+00
+7.211914E+02,+4.175541E-06,-3.887109E-07,-1.075483E+02,-9.282483E-02
+7.214355E+02,-7.036249E-06,+3.865372E-06,-1.019078E+02,+2.639248E+00
+7.216797E+02,+6.067401E-06,-1.267482E-06,-1.041544E+02,-2.059388E-01
+7.219238E+02,-6.609614E-06,-4.099222E-06,-1.021831E+02,-2.586459E+00
+7.221680E+02,+1.054575E-05,+1.006109E-05,-9.672767E+01,+7.618827E-01
+7.224121E+02,-1.041552E-05,-1.380629E-05,-9.524188E+01,-2.217110E+00
+7.226562E+02,+6.671271E-06,+1.033347E-05,-9.820200E+01,+9.975216E-01
+7.229004E+02,-3.815169E-06,-5.082919E-06,-1.039371E+02,-2.214673E+00
+7.231445E+02,+5.579784E-06,+3.204353E-06,-1.038298E+02,+5.212923E-01
+7.233887E+02,-2.603969E-06,-2.438632E-06,-1.089525E+02,-2.388971E+00
+7.236328E+02,-4.369065E-06,-1.179253E-06,-1.068868E+02,-2.877965E+00
+7.238770E+02,+7.247984E-06,+7.739174E-06,-9.949126E+01,+8.181605E-01
+7.241211E+02,-7.526976E-06,-1.026745E-05,-9.790282E+01,-2.203387E+00
+7.243652E+02,+8.421145E-06,+7.327260E-06,-9.904466E+01,+7.160495E-01
+7.246094E+02,-1.042166E-05,-5.790124E-06,-9.847295E+01,-2.634471E+00
+7.248535E+02,+6.901710E-06,+7.730936E-06,-9.968993E+01,+8.420072E-01
+7.250977E+02,-2.158401E-06,-6.598858E-06,-1.031692E+02,-1.886915E+00
+7.253418E+02,+2.048702E-06,+9.492288E-07,-1.129258E+02,+4.338852E-01
+7.255859E+02,-1.981315E-06,+3.622166E-06,-1.076839E+02,+2.071331E+00
+7.258301E+02,+5.035904E-06,-1.305172E-06,-1.056761E+02,-2.535936E-01
+7.260742E+02,-4.991154E-06,-6.282142E-06,-1.019127E+02,-2.242174E+00
+7.263184E+02,+3.038146E-06,+9.502439E-06,-1.000206E+02,+1.261345E+00
+7.265625E+02,-3.995438E-06,-5.982407E-06,-1.028607E+02,-2.159628E+00
+7.268066E+02,+1.505460E-07,-3.857167E-06,-1.082680E+02,-1.531786E+00
+7.270508E+02,+4.980334E-06,+9.886118E-06,-9.911725E+01,+1.104137E+00
+7.272949E+02,-2.426742E-06,-5.198084E-06,-1.048268E+02,-2.007576E+00
+7.275391E+02,-2.744865E-06,-3.381230E-07,-1.111642E+02,-3.019026E+00
+7.277832E+02,+5.466415E-06,-4.681499E-07,-1.052142E+02,-8.543266E-02
+7.280273E+02,-7.685293E-06,+3.273341E-06,-1.015628E+02,+2.738941E+00
+7.282715E+02,+6.237570E-06,-8.065829E-06,-9.983113E+01,-9.125288E-01
+7.285156E+02,-3.795211E-06,+1.292284E-05,-9.741355E+01,+1.856447E+00
+7.287598E+02,+4.277696E-06,-1.460712E-05,-9.635136E+01,-1.285912E+00
+7.290039E+02,-4.656254E-06,+1.014064E-05,-9.904784E+01,+2.001248E+00
+7.292480E+02,+4.816466E-06,-2.955750E-06,-1.049574E+02,-5.504147E-01
+7.294922E+02,-2.509817E-07,-1.709932E-06,-1.152478E+02,-1.716534E+00
+7.297363E+02,-1.558876E-06,+6.424673E-06,-1.035945E+02,+1.808835E+00
+7.299805E+02,-4.538980E-06,-7.572715E-06,-1.010819E+02,-2.110764E+00
+7.302246E+02,+2.482542E-06,+6.423737E-07,-1.118206E+02,+2.532029E-01
+7.304688E+02,+1.217783E-06,+3.979737E-06,-1.076142E+02,+1.273848E+00
+7.307129E+02,-4.316320E-06,-1.050126E-06,-1.070480E+02,-2.902937E+00
+7.309570E+02,+8.771182E-06,+1.626752E-07,-1.011373E+02,+1.854443E-02
+7.312012E+02,+7.258503E-07,-7.798220E-07,-1.194501E+02,-8.212284E-01
+7.314453E+02,-6.656859E-06,-3.240315E-06,-1.026111E+02,-2.688590E+00
+7.316895E+02,+9.645320E-07,+4.007040E-06,-1.076989E+02,+1.334581E+00
+7.319336E+02,+3.708734E-07,+1.282742E-06,-1.174885E+02,+1.289346E+00
+7.321777E+02,-6.331505E-06,-3.250757E-07,-1.039584E+02,-3.090295E+00
+7.324219E+02,+5.481058E-06,-4.810333E-07,-1.051894E+02,-8.753857E-02
+7.326660E+02,+2.913211E-06,-7.077461E-06,-1.023227E+02,-1.180315E+00
+7.329102E+02,-9.130280E-07,+1.250422E-05,-9.803577E+01,+1.643685E+00
+7.331543E+02,+1.724808E-07,-8.708902E-06,-1.011990E+02,-1.550994E+00
+7.333984E+02,-3.858194E-06,-1.436214E-06,-1.077087E+02,-2.785235E+00
+7.336426E+02,+3.396844E-06,+4.840264E-06,-1.045635E+02,+9.588706E-01
+7.338867E+02,-2.009178E-06,-5.085328E-06,-1.052437E+02,-1.947065E+00
+7.341309E+02,+4.251172E-06,+7.644735E-06,-1.011626E+02,+1.063288E+00
+7.343750E+02,-4.995157E-06,-3.152350E-06,-1.045731E+02,-2.578632E+00
+7.346191E+02,-1.099483E-07,-3.416821E-06,-1.093231E+02,-1.602964E+00
+7.348633E+02,-1.242949E-06,+4.913107E-06,-1.059035E+02,+1.818584E+00
+7.351074E+02,+1.054635E-05,-4.638186E-06,-9.877003E+01,-4.143313E-01
+7.353516E+02,-1.815443E-05,-1.469168E-06,-9.479199E+01,-3.060843E+00
+7.355957E+02,+1.818337E-05,+1.025124E-05,-9.360789E+01,+5.133540E-01
+7.358398E+02,-7.628814E-06,-8.509540E-06,-9.884019E+01,-2.301675E+00
+7.360840E+02,-5.405818E-06,+4.819790E-06,-1.028023E+02,+2.413442E+00
+7.363281E+02,+8.757564E-06,-2.745582E-06,-1.007452E+02,-3.038045E-01
+7.365723E+02,-2.785378E-06,-1.653856E-06,-1.097908E+02,-2.605772E+00
+7.368164E+02,-4.999086E-06,+3.353014E-06,-1.044089E+02,+2.550786E+00
+7.370605E+02,+1.055581E-05,-5.082013E-06,-9.862482E+01,-4.486917E-01
+7.373047E+02,-7.969780E-06,+1.403676E-06,-1.018384E+02,+2.967256E+00
+7.375488E+02,+3.459686E-06,+2.866804E-06,-1.069491E+02,+6.919568E-01
+7.377930E+02,-4.843260E-06,-4.924609E-08,-1.062968E+02,-3.131425E+00
+7.380371E+02,+9.100470E-07,+1.872707E-06,-1.136299E+02,+1.118450E+00
+7.382812E+02,+7.481247E-06,-4.118566E-06,-1.013708E+02,-5.032413E-01
+7.385254E+02,-7.274049E-06,+7.648151E-09,-1.027645E+02,+3.140541E+00
+7.387695E+02,+1.824329E-06,+9.992568E-07,-1.136384E+02,+5.011058E-01
+7.390137E+02,+1.288187E-07,+2.325413E-06,-1.126567E+02,+1.515457E+00
+7.392578E+02,-2.444662E-06,-2.767178E-06,-1.086539E+02,-2.294392E+00
+7.395020E+02,+2.310430E-06,-4.169940E-07,-1.125869E+02,-1.785610E-01
+7.397461E+02,-4.981319E-07,+1.540313E-06,-1.158158E+02,+1.883577E+00
+7.399902E+02,+4.199001E-06,-2.207564E-06,-1.064772E+02,-4.840235E-01
+7.402344E+02,-3.095655E-06,+9.410491E-06,-1.000815E+02,+1.888604E+00
+7.404785E+02,-4.576206E-06,-1.083442E-05,-9.859096E+01,-1.970443E+00
+7.407227E+02,+5.420993E-06,+6.330313E-06,-1.015826E+02,+8.626246E-01
+7.409668E+02,-2.154776E-07,+1.895311E-07,-1.308432E+02,+2.420171E+00
+7.412109E+02,-5.755441E-07,-1.166718E-05,-9.865013E+01,-1.620087E+00
+7.414551E+02,-5.450366E-07,+8.426053E-06,-1.014694E+02,+1.635391E+00
+7.416992E+02,+1.716165E-06,+1.928928E-06,-1.117614E+02,+8.437016E-01
+7.419434E+02,-8.889520E-06,+1.738391E-07,-1.010208E+02,+3.122040E+00
+7.421875E+02,+1.415912E-05,-4.140927E-07,-9.697556E+01,-2.923732E-02
+7.424316E+02,-1.104816E-05,-2.896513E-06,-9.884550E+01,-2.885192E+00
+7.426758E+02,+5.233665E-06,+2.860584E-06,-1.044886E+02,+5.002089E-01
+7.429199E+02,-5.625018E-06,+6.275890E-07,-1.049438E+02,+3.030481E+00
+7.431641E+02,+9.063211E-06,-4.727971E-06,-9.980903E+01,-4.808300E-01
+7.434082E+02,-4.754957E-06,+3.903429E-06,-1.042198E+02,+2.454226E+00
+7.436523E+02,+1.906656E-06,+5.591630E-07,-1.140362E+02,+2.852701E-01
+7.438965E+02,-7.205809E-06,-1.466728E-06,-1.026700E+02,-2.940788E+00
+7.441406E+02,+1.015063E-05,-3.766725E-06,-9.930985E+01,-3.553320E-01
+7.443848E+02,-6.734580E-06,+6.691030E-06,-1.004516E+02,+2.359438E+00
+7.446289E+02,+1.570383E-06,-4.622579E-06,-1.062280E+02,-1.243309E+00
+7.448730E+02,-4.238518E-06,+3.349489E-06,-1.053485E+02,+2.472825E+00
+7.451172E+02,+1.075699E-05,-1.733605E-06,-9.925483E+01,-1.597870E-01
+7.453613E+02,-8.170982E-06,-5.835365E-06,-9.996468E+01,-2.521428E+00
+7.456055E+02,+3.788166E-06,+1.464258E-05,-9.640629E+01,+1.317638E+00
+7.458496E+02,+1.347300E-06,-9.066654E-06,-1.007562E+02,-1.423276E+00
+7.460938E+02,-7.466415E-06,-2.933276E-07,-1.025311E+02,-3.102327E+00
+7.463379E+02,+7.355727E-06,-2.344251E-06,-1.022474E+02,-3.085209E-01
+7.465820E+02,-1.448217E-06,+4.640825E-06,-1.062645E+02,+1.873281E+00
+7.468262E+02,-5.944677E-06,-1.497788E-06,-1.042501E+02,-2.894775E+00
+7.470703E+02,+4.519160E-06,+3.238965E-06,-1.050985E+02,+6.218585E-01
+7.473145E+02,+3.141317E-06,-9.687201E-06,-9.984180E+01,-1.257220E+00
+7.475586E+02,-6.042164E-06,+1.407630E-05,-9.629579E+01,+1.976256E+00
+7.478027E+02,-7.168293E-07,-9.565058E-06,-1.003619E+02,-1.645599E+00
+7.480469E+02,+9.440982E-06,+9.712352E-08,-1.004992E+02,+1.028708E-02
+7.482910E+02,-8.890514E-06,+1.587176E-07,-1.010201E+02,+3.123742E+00
+7.485352E+02,+7.546759E-06,+2.858513E-06,-1.018625E+02,+3.620749E-01
+7.487793E+02,-9.348927E-06,+2.027047E-06,-1.003852E+02,+2.928076E+00
+7.490234E+02,+8.541399E-06,-7.179947E-06,-9.904807E+01,-6.990147E-01
+7.492676E+02,-3.347647E-06,+5.080520E-06,-1.043158E+02,+2.153415E+00
+7.495117E+02,-3.984821E-06,+6.979902E-07,-1.078606E+02,+2.968189E+00
+7.497559E+02,+6.204982E-06,-3.474710E-06,-1.029606E+02,-5.104786E-01
+7.500000E+02,-3.495124E-06,+9.096451E-07,-1.088461E+02,+2.886980E+00
+7.502441E+02,+3.103930E-06,-3.103003E-06,-1.071528E+02,-7.852488E-01
+7.504883E+02,-4.389168E-07,+8.180931E-06,-1.017315E+02,+1.624396E+00
+7.507324E+02,-4.986565E-06,-2.007516E-06,-1.053916E+02,-2.758860E+00
+7.509766E+02,+5.934118E-06,-3.409561E-06,-1.032939E+02,-5.215104E-01
+7.512207E+02,-1.140832E-06,+1.494547E-06,-1.145159E+02,+2.222774E+00
+7.514648E+02,-2.869275E-06,+2.355351E-06,-1.086074E+02,+2.454245E+00
+7.517090E+02,+5.178385E-06,-9.764797E-06,-9.913046E+01,-1.083194E+00
+7.519531E+02,-4.843491E-06,+7.885923E-06,-1.006729E+02,+2.121588E+00
+7.521973E+02,-2.308026E-06,+2.729801E-06,-1.089351E+02,+2.272668E+00
+7.524414E+02,+6.208847E-06,-2.270088E-06,-1.035949E+02,-3.505231E-01
+7.526855E+02,+1.438742E-06,-3.562515E-07,-1.165819E+02,-2.427309E-01
+7.529297E+02,-4.761651E-06,-3.646916E-06,-1.044402E+02,-2.487997E+00
+7.531738E+02,+2.948909E-07,+1.738251E-06,-1.150745E+02,+1.402748E+00
+7.534180E+02,-1.302825E-07,+2.188936E-06,-1.131800E+02,+1.630245E+00
+7.536621E+02,+3.606782E-06,-6.190675E-06,-1.028960E+02,-1.043258E+00
+7.539062E+02,-5.125317E-06,+7.770960E-06,-1.006220E+02,+2.153854E+00
+7.541504E+02,+9.409879E-07,-6.054662E-06,-1.042545E+02,-1.416614E+00
+7.543945E+02,+5.413350E-06,+3.890689E-06,-1.035221E+02,+6.231803E-01
+7.546387E+02,-5.749432E-06,-7.440324E-07,-1.047354E+02,-3.012898E+00
+7.548828E+02,-5.253688E-07,+3.805695E-06,-1.083093E+02,+1.707977E+00
+7.551270E+02,+2.131347E-06,-7.878194E-06,-1.017647E+02,-1.306584E+00
+7.553711E+02,-2.185904E-06,+6.387771E-06,-1.034121E+02,+1.900507E+00
+7.556152E+02,+6.121398E-06,-4.286171E-06,-1.025303E+02,-6.108567E-01
+7.558594E+02,-9.277279E-06,+5.213452E-06,-9.945969E+01,+2.629614E+00
+7.561035E+02,+1.076251E-05,-4.710035E-06,-9.860070E+01,-4.125225E-01
+7.563477E+02,-4.735225E-06,-2.917301E-06,-1.050958E+02,-2.589430E+00
+7.565918E+02,-2.062691E-06,+6.942138E-06,-1.028027E+02,+1.859614E+00
+7.568359E+02,+1.832128E-06,+2.513828E-06,-1.101430E+02,+9.409889E-01
+7.570801E+02,-5.364992E-07,-9.403716E-06,-1.005199E+02,-1.627786E+00
+7.573242E+02,+4.463117E-06,+8.520535E-06,-1.003377E+02,+1.088285E+00
+7.575684E+02,-6.876613E-06,-1.112582E-05,-9.766822E+01,-2.124402E+00
+7.578125E+02,+1.754648E-06,+8.578118E-06,-1.011541E+02,+1.369030E+00
+7.580566E+02,+1.752346E-06,-4.900729E-06,-1.056723E+02,-1.227395E+00
+7.583008E+02,-4.325332E-07,+8.501564E-06,-1.013988E+02,+1.621629E+00
+7.585449E+02,-7.729476E-07,-8.806618E-06,-1.010705E+02,-1.658341E+00
+7.587891E+02,+3.551414E-07,-2.179418E-06,-1.131194E+02,-1.409264E+00
+7.590332E+02,+2.057635E-06,+7.837715E-06,-1.018268E+02,+1.314060E+00
+7.592773E+02,-4.178205E-06,+3.407101E-06,-1.053662E+02,+2.457504E+00
+7.595215E+02,+5.116576E-06,-1.117085E-05,-9.821117E+01,-1.141285E+00
+7.597656E+02,-7.644119E-06,+1.380230E-06,-1.021941E+02,+2.962956E+00
+7.600098E+02,+3.909749E-06,+5.662081E-06,-1.032472E+02,+9.664649E-01
+7.602539E+02,+1.053799E-06,+8.220888E-07,-1.174804E+02,+6.625004E-01
+7.604980E+02,+5.117452E-07,-1.001324E-05,-9.997718E+01,-1.519734E+00
+7.607422E+02,+1.973845E-06,+9.611110E-06,-1.001651E+02,+1.368242E+00
+7.609863E+02,-9.669442E-06,-2.073974E-06,-1.000966E+02,-2.930306E+00
+7.612305E+02,+6.971675E-06,-5.023092E-06,-1.013173E+02,-6.243523E-01
+7.614746E+02,-2.835168E-06,+8.044222E-06,-1.013818E+02,+1.909650E+00
+7.617188E+02,+4.242184E-06,-2.153877E-06,-1.064521E+02,-4.698111E-01
+7.619629E+02,-4.421015E-07,+2.856895E-06,-1.107793E+02,+1.724327E+00
+7.622070E+02,+2.456025E-06,-5.104526E-06,-1.049365E+02,-1.122345E+00
+7.624512E+02,-1.068835E-05,+2.209380E-06,-9.924007E+01,+2.937754E+00
+7.626953E+02,+9.077085E-06,-7.773562E-06,-9.845206E+01,-7.081944E-01
+7.629395E+02,-3.152624E-06,+1.311717E-05,-9.739930E+01,+1.806666E+00
+7.631836E+02,+3.591858E-06,-5.323645E-06,-1.038465E+02,-9.772535E-01
+7.634277E+02,-1.552320E-06,+5.486873E-07,-1.156691E+02,+2.801836E+00
+7.636719E+02,-4.938691E-06,-4.966884E-06,-1.030927E+02,-2.353348E+00
+7.639160E+02,+3.972497E-06,+6.257731E-06,-1.026011E+02,+1.005171E+00
+7.641602E+02,-2.850094E-06,-7.821429E-07,-1.105875E+02,-2.873759E+00
+7.644043E+02,+8.195093E-06,-3.083202E-06,-1.011540E+02,-3.598445E-01
+7.646484E+02,-9.590765E-06,+6.807951E-07,-1.003411E+02,+3.070727E+00
+7.648926E+02,+2.179160E-06,-1.825032E-06,-1.109262E+02,-6.971884E-01
+7.651367E+02,+5.748022E-06,+2.134310E-06,-1.042487E+02,+3.555335E-01
+7.653809E+02,-4.048840E-06,+6.612906E-06,-1.022095E+02,+2.120184E+00
+7.656250E+02,+2.971460E-06,-8.904758E-06,-1.005490E+02,-1.248722E+00
+7.658691E+02,-2.278972E-06,+2.841783E-06,-1.087715E+02,+2.246726E+00
+7.661133E+02,+2.452265E-06,+2.172142E-06,-1.096933E+02,+7.248973E-01
+7.663574E+02,+1.283726E-06,-1.340767E-05,-9.741330E+01,-1.475342E+00
+7.666016E+02,-8.924634E-06,+1.024477E-05,-9.733758E+01,+2.287436E+00
+7.668457E+02,+6.213982E-06,-4.060238E-06,-1.025886E+02,-5.787642E-01
+7.670898E+02,-7.406971E-06,+7.116617E-06,-9.976708E+01,+2.376184E+00
+7.673340E+02,+9.305651E-06,+8.634971E-07,-1.005878E+02,+9.252779E-02
+7.675781E+02,-8.279518E-06,-4.567561E-06,-1.004860E+02,-2.637468E+00
+7.678223E+02,+3.199955E-06,-2.596996E-06,-1.076996E+02,-6.817577E-01
+7.680664E+02,+5.917675E-06,+7.784603E-06,-1.001946E+02,+9.208138E-01
+7.683105E+02,-6.280255E-06,-7.646268E-06,-1.000919E+02,-2.258420E+00
+7.685547E+02,-2.972035E-06,+5.840711E-06,-1.036707E+02,+2.041497E+00
+7.687988E+02,+4.228511E-06,-9.316170E-07,-1.072704E+02,-2.168536E-01
+7.690430E+02,+4.199367E-06,-4.976997E-06,-1.037258E+02,-8.699390E-01
+7.692871E+02,-8.495293E-06,+2.104455E-06,-1.011578E+02,+2.898761E+00
+7.695312E+02,+5.939508E-06,+7.435647E-06,-1.004303E+02,+8.967947E-01
+7.697754E+02,+6.206592E-06,-5.633618E-08,-1.041426E+02,-9.076581E-03
+7.700195E+02,-4.008401E-06,-1.093745E-05,-9.867435E+01,-1.922080E+00
+7.702637E+02,-8.463791E-06,+5.947696E-06,-9.970573E+01,+2.529042E+00
+7.705078E+02,+7.350149E-07,-4.464701E-06,-1.068880E+02,-1.407632E+00
+7.707520E+02,+5.039639E-06,+5.396865E-06,-1.026341E+02,+8.196133E-01
+7.709961E+02,+4.013459E-06,-1.771735E-06,-1.071564E+02,-4.157197E-01
+7.712402E+02,-9.173212E-06,+9.318850E-08,-1.007491E+02,+3.131434E+00
+7.714844E+02,+7.447383E-06,-4.628197E-07,-1.025432E+02,-6.206546E-02
+7.717285E+02,-8.178554E-06,+4.711023E-07,-1.017321E+02,+3.084054E+00
+7.719727E+02,+7.978681E-06,+2.954390E-06,-1.014034E+02,+3.546310E-01
+7.722168E+02,-4.020477E-06,-1.015927E-05,-9.923087E+01,-1.947629E+00
+7.724609E+02,-1.654085E-06,+9.968991E-06,-9.990903E+01,+1.735221E+00
+7.727051E+02,+1.058252E-05,+7.019431E-07,-9.948914E+01,+6.623339E-02
+7.729492E+02,-1.183227E-05,-7.037546E-06,-9.722322E+01,-2.605023E+00
+7.731934E+02,+3.219788E-06,+3.465137E-06,-1.065025E+02,+8.220835E-01
+7.734375E+02,+1.763046E-06,+1.222596E-06,-1.133695E+02,+6.063208E-01
+7.736816E+02,-2.405012E-06,-2.027718E-08,-1.123773E+02,-3.133162E+00
+7.739258E+02,+1.946816E-06,-2.948184E-06,-1.090372E+02,-9.871837E-01
+7.741699E+02,+2.770712E-06,+5.344188E-06,-1.044085E+02,+1.092495E+00
+7.744141E+02,-8.165255E-06,-4.328496E-06,-1.006851E+02,-2.654147E+00
+7.746582E+02,+4.845011E-06,+2.793673E-06,-1.050475E+02,+5.230420E-01
+7.749023E+02,+1.843560E-06,-3.161398E-06,-1.087312E+02,-1.042861E+00
+7.751465E+02,-4.443422E-06,+1.159993E-06,-1.067593E+02,+2.886234E+00
+7.753906E+02,+4.543466E-06,+4.018040E-06,-1.043430E+02,+7.241042E-01
+7.756348E+02,-1.623025E-06,-6.252212E-06,-1.037961E+02,-1.824782E+00
+7.758789E+02,+2.649931E-07,+1.391478E-06,-1.169758E+02,+1.382610E+00
+7.761230E+02,+8.278491E-07,+6.525984E-06,-1.036378E+02,+1.444616E+00
+7.763672E+02,-3.844856E-06,-6.865268E-06,-1.020821E+02,-2.081318E+00
+7.766113E+02,+3.419743E-06,-8.904938E-07,-1.090352E+02,-2.547407E-01
+7.768555E+02,+3.110947E-06,+7.381536E-06,-1.019270E+02,+1.171937E+00
+7.770996E+02,-9.623668E-06,-1.010600E-05,-9.710532E+01,-2.331753E+00
+7.773438E+02,+9.169184E-06,+6.099693E-06,-9.916210E+01,+5.870131E-01
+7.775879E+02,-6.338993E-06,-4.508436E-08,-1.039594E+02,-3.134480E+00
+7.778320E+02,+2.476995E-06,+3.996661E-06,-1.065543E+02,+1.015970E+00
+7.780762E+02,+3.282593E-06,-1.115751E-05,-9.868813E+01,-1.284665E+00
+7.783203E+02,-4.451869E-06,+5.686489E-06,-1.028270E+02,+2.235014E+00
+7.785645E+02,+5.793148E-06,+5.947050E-06,-1.016161E+02,+7.985064E-01
+7.788086E+02,-3.993981E-06,-7.185688E-06,-1.017014E+02,-2.078100E+00
+7.790527E+02,-2.076529E-06,-2.442465E-06,-1.098811E+02,-2.275393E+00
+7.792969E+02,+3.181448E-06,+4.216461E-06,-1.055439E+02,+9.244020E-01
+7.795410E+02,+3.891965E-06,+3.497187E-06,-1.056260E+02,+7.320222E-01
+7.797852E+02,-9.153201E-06,+3.240501E-06,-1.002557E+02,+2.801333E+00
+7.800293E+02,+7.206350E-06,-1.557000E-05,-9.531127E+01,-1.137320E+00
+7.802734E+02,-2.141044E-06,+1.359465E-05,-9.722624E+01,+1.727005E+00
+7.805176E+02,-8.316206E-06,-3.733089E-06,-1.008042E+02,-2.719659E+00
+7.807617E+02,+1.335144E-05,-1.252729E-06,-9.745137E+01,-9.355335E-02
+7.810059E+02,-4.909625E-06,+1.666982E-06,-1.057052E+02,+2.814272E+00
+7.812500E+02,-1.075028E-06,-2.750677E-07,-1.190962E+02,-2.891097E+00
+7.814941E+02,-2.647141E-06,-3.454996E-06,-1.072252E+02,-2.224571E+00
+7.817383E+02,+3.120324E-06,+1.668208E-06,-1.090242E+02,+4.909635E-01
+7.819824E+02,+7.194673E-07,-8.040503E-07,-1.193400E+02,-8.408594E-01
+7.822266E+02,-4.528320E-06,-9.629902E-07,-1.066892E+02,-2.932055E+00
+7.824707E+02,+9.281661E-06,+8.311943E-06,-9.809003E+01,+7.303362E-01
+7.827148E+02,-3.603883E-06,-8.377458E-06,-1.008003E+02,-1.977053E+00
+7.829590E+02,-4.323170E-06,+1.002910E-06,-1.070563E+02,+2.913640E+00
+7.832031E+02,+4.861674E-06,+2.023968E-06,-1.055701E+02,+3.944880E-01
+7.834473E+02,-7.693693E-06,-6.851187E-07,-1.022430E+02,-3.052778E+00
+7.836914E+02,+6.591934E-06,-1.182229E-07,-1.036183E+02,-1.793255E-02
+7.839355E+02,+1.444759E-06,+3.340684E-06,-1.087787E+02,+1.162612E+00
+7.841797E+02,-7.764746E-06,-4.533572E-06,-1.009235E+02,-2.613121E+00
+7.844238E+02,+9.536201E-06,-3.074161E-08,-1.004124E+02,-3.223664E-03
+7.846680E+02,-5.440463E-06,+1.143002E-06,-1.050997E+02,+2.934512E+00
+7.849121E+02,-1.013083E-06,+5.665930E-06,-1.047979E+02,+1.747729E+00
+7.851562E+02,+3.984448E-06,-9.452244E-06,-9.977898E+01,-1.171865E+00
+7.854004E+02,+1.070454E-06,+3.072447E-06,-1.097528E+02,+1.235544E+00
+7.856445E+02,-8.540070E-06,-1.400860E-06,-1.012555E+02,-2.979007E+00
+7.858887E+02,+9.960627E-06,-3.859142E-10,-1.000343E+02,-3.874397E-05
+7.861328E+02,-5.162417E-06,+1.833366E-06,-1.052271E+02,+2.800349E+00
+7.863770E+02,-2.553508E-06,+1.981394E-06,-1.098104E+02,+2.481689E+00
+7.866211E+02,+4.216211E-06,-1.534088E-06,-1.069616E+02,-3.489637E-01
+7.868652E+02,-8.188279E-07,-1.123278E-06,-1.171394E+02,-2.200697E+00
+7.871094E+02,+2.365982E-06,-3.248721E-07,-1.124387E+02,-1.364563E-01
+7.873535E+02,-5.749467E-06,+4.694150E-06,-1.025892E+02,+2.456902E+00
+7.875977E+02,+1.931139E-06,-6.778775E-06,-1.030381E+02,-1.293268E+00
+7.878418E+02,+7.547674E-07,+5.421323E-06,-1.052345E+02,+1.432464E+00
+7.880859E+02,+6.416314E-08,-1.481307E-06,-1.165790E+02,-1.527508E+00
+7.883301E+02,+4.368924E-06,-3.503217E-06,-1.050362E+02,-6.758674E-01
+7.885742E+02,-8.122587E-06,+1.740928E-06,-1.016111E+02,+2.930455E+00
+7.888184E+02,+6.605394E-06,+8.859935E-06,-9.913178E+01,+9.301589E-01
+7.890625E+02,-5.978171E-06,-1.324066E-05,-9.675607E+01,-1.994898E+00
+7.893066E+02,+3.966398E-06,+1.105329E-06,-1.077073E+02,+2.717780E-01
+7.895508E+02,+3.297827E-06,+1.298788E-05,-9.745789E+01,+1.322136E+00
+7.897949E+02,-7.870419E-06,-9.254479E-06,-9.830946E+01,-2.275548E+00
+7.900391E+02,+1.633904E-06,-7.650002E-07,-1.148747E+02,-4.378887E-01
+7.902832E+02,+4.642229E-06,+8.453383E-09,-1.066655E+02,+1.820973E-03
+7.905273E+02,-1.013982E-06,+2.335233E-06,-1.118833E+02,+1.980442E+00
+7.907715E+02,-3.898053E-06,-2.078898E-06,-1.070959E+02,-2.651648E+00
+7.910156E+02,+6.241731E-07,+3.613594E-06,-1.087135E+02,+1.399755E+00
+7.912598E+02,+5.932300E-06,-3.262216E-06,-1.033881E+02,-5.027721E-01
+7.915039E+02,-1.053783E-06,+3.757355E-06,-1.081735E+02,+1.844230E+00
+7.917480E+02,-7.880244E-06,-6.319438E-06,-9.991257E+01,-2.465673E+00
+7.919922E+02,+9.534401E-06,+3.594964E-06,-9.983682E+01,+3.605684E-01
+7.922363E+02,-6.953732E-06,+1.712226E-06,-1.029000E+02,+2.900164E+00
+7.924805E+02,+6.511230E-06,+7.168224E-07,-1.036744E+02,+1.096486E-01
+7.927246E+02,-6.912122E-06,-4.397716E-06,-1.017317E+02,-2.574957E+00
+7.929688E+02,+2.272321E-06,-4.399440E-06,-1.061051E+02,-1.094034E+00
+7.932129E+02,+6.678415E-06,+6.466023E-06,-1.006343E+02,+7.692413E-01
+7.934570E+02,-1.288499E-05,-4.059181E-07,-9.779401E+01,-3.110100E+00
+7.937012E+02,-6.851229E-08,-6.477473E-07,-1.237236E+02,-1.676175E+00
+7.939453E+02,+1.100365E-05,+4.233841E-06,-9.856967E+01,+3.673059E-01
+7.941895E+02,-4.040040E-06,-7.796759E-06,-1.011288E+02,-2.048873E+00
+7.944336E+02,+3.956454E-06,+5.942975E-06,-1.029266E+02,+9.834381E-01
+7.946777E+02,-5.113977E-06,-5.898682E-08,-1.058242E+02,-3.130059E+00
+7.949219E+02,-5.640591E-06,-3.602666E-06,-1.034877E+02,-2.573200E+00
+7.951660E+02,+9.152016E-06,+1.011483E-06,-1.007169E+02,+1.100735E-01
+7.954102E+02,-3.494921E-06,-3.186250E-06,-1.065040E+02,-2.402362E+00
+7.956543E+02,+1.531115E-06,+1.143431E-05,-9.875862E+01,+1.437683E+00
+7.958984E+02,-3.243123E-06,-9.159810E-06,-1.002494E+02,-1.911083E+00
+7.961426E+02,-1.424611E-08,+8.296041E-06,-1.016226E+02,+1.572513E+00
+7.963867E+02,+6.114065E-06,-1.529582E-05,-9.566479E+01,-1.190530E+00
+7.966309E+02,-3.146526E-06,+5.796686E-06,-1.036149E+02,+2.068106E+00
+7.968750E+02,+4.671981E-06,+1.079458E-05,-9.859020E+01,+1.162331E+00
+7.971191E+02,-1.048607E-05,-9.853415E-06,-9.683930E+01,-2.387289E+00
+7.973633E+02,+1.561598E-06,-7.888745E-07,-1.151415E+02,-4.677761E-01
+7.976074E+02,+9.844176E-06,+6.065467E-06,-9.873877E+01,+5.522083E-01
+7.978516E+02,-9.443315E-06,-7.183241E-06,-9.851474E+01,-2.491298E+00
+7.980957E+02,+2.892706E-06,+6.866406E-06,-1.025559E+02,+1.172077E+00
+7.983398E+02,-1.907773E-06,-7.213733E-07,-1.138091E+02,-2.780087E+00
+7.985840E+02,+4.901544E-06,-3.246213E-06,-1.046139E+02,-5.849621E-01
+7.988281E+02,-1.929492E-06,+2.674357E-06,-1.096357E+02,+2.195793E+00
+7.990723E+02,-4.757034E-06,-7.282216E-06,-1.012113E+02,-2.149446E+00
+7.993164E+02,+9.033334E-06,+4.579381E-06,-9.988972E+01,+4.691862E-01
+7.995605E+02,-8.685897E-06,+5.241765E-06,-9.987496E+01,+2.598618E+00
+7.998047E+02,+4.937878E-07,-7.396660E-06,-1.026000E+02,-1.504137E+00
+8.000488E+02,+4.635272E-06,+1.867896E-06,-1.060250E+02,+3.830678E-01
+8.002930E+02,+5.596834E-07,+8.161362E-06,-1.017444E+02,+1.502326E+00
+8.005371E+02,-5.130767E-06,-9.138641E-06,-9.959241E+01,-2.082377E+00
+8.007812E+02,-6.235973E-07,+4.548579E-06,-1.067616E+02,+1.707044E+00
+8.010254E+02,+5.632754E-06,-2.371145E-06,-1.042771E+02,-3.984408E-01
+8.012695E+02,+4.166515E-06,+8.589216E-07,-1.074238E+02,+2.033007E-01
+8.015137E+02,-1.435737E-05,+2.158499E-07,-9.685752E+01,+3.126560E+00
+8.017578E+02,+1.197173E-05,-2.681742E-06,-9.822423E+01,-2.203683E-01
+8.020020E+02,-2.188089E-06,+1.812732E-06,-1.109293E+02,+2.449741E+00
+8.022461E+02,+6.667948E-07,+1.621478E-06,-1.151232E+02,+1.180650E+00
+8.024902E+02,-3.688559E-06,-2.959975E-06,-1.065039E+02,-2.465345E+00
+8.027344E+02,-9.221698E-07,+6.299089E-06,-1.039223E+02,+1.716161E+00
+8.029785E+02,+3.485647E-06,-6.877897E-06,-1.022581E+02,-1.101732E+00
+8.032227E+02,-5.188017E-06,+5.760991E-06,-1.022109E+02,+2.303911E+00
+8.034668E+02,+7.576361E-06,-6.014582E-06,-1.002883E+02,-6.709868E-01
+8.037109E+02,-4.216362E-06,+3.550155E-07,-1.074706E+02,+3.057591E+00
+8.039551E+02,+1.368535E-06,+8.609160E-06,-1.011924E+02,+1.413153E+00
+8.041992E+02,-2.874577E-06,-6.049397E-06,-1.034816E+02,-2.014395E+00
+8.044434E+02,+6.294748E-06,-3.335877E-06,-1.029455E+02,-4.873165E-01
+8.046875E+02,-5.918329E-06,+3.155961E-06,-1.034692E+02,+2.651699E+00
+8.049316E+02,+2.031570E-06,+4.039542E-07,-1.136750E+02,+1.962785E-01
+8.051758E+02,-3.461760E-07,-5.033508E-06,-1.059421E+02,-1.639462E+00
+8.054199E+02,+3.139863E-06,+6.764780E-06,-1.025476E+02,+1.136239E+00
+8.056641E+02,-7.721600E-07,-2.162132E-06,-1.127810E+02,-1.913808E+00
+8.059082E+02,-4.024542E-06,+3.327285E-06,-1.056435E+02,+2.450753E+00
+8.061523E+02,-4.191373E-06,-3.886018E-06,-1.048587E+02,-2.393980E+00
+8.063965E+02,+5.527599E-06,-3.929419E-06,-1.033729E+02,-6.179858E-01
+8.066406E+02,+4.954409E-06,+8.121876E-06,-1.004330E+02,+1.023051E+00
+8.068848E+02,-2.227848E-06,-4.618066E-06,-1.058021E+02,-2.020281E+00
+8.071289E+02,-7.426305E-06,+1.569673E-08,-1.025845E+02,+3.139479E+00
+8.073730E+02,+8.346092E-06,+8.055963E-07,-1.015301E+02,+9.622568E-02
+8.076172E+02,-3.207112E-06,+2.870051E-06,-1.073229E+02,+2.411601E+00
+8.078613E+02,-3.119957E-06,+7.416191E-07,-1.098783E+02,+2.908222E+00
+8.081055E+02,+9.833068E-06,-1.065263E-05,-9.677434E+01,-8.253835E-01
+8.083496E+02,-1.207303E-05,+1.257090E-05,-9.517432E+01,+2.335995E+00
+8.085938E+02,+1.019774E-05,-4.327471E-06,-9.911081E+01,-4.013249E-01
+8.088379E+02,-4.736069E-06,-6.737488E-07,-1.064046E+02,-3.000282E+00
+8.090820E+02,-9.523401E-07,-2.735479E-06,-1.107625E+02,-1.905817E+00
+8.093262E+02,+6.044627E-08,+4.162245E-06,-1.076125E+02,+1.556275E+00
+8.095703E+02,+1.315497E-06,-5.623983E-06,-1.047678E+02,-1.341019E+00
+8.098145E+02,+2.410517E-06,+6.630611E-06,-1.030298E+02,+1.222107E+00
+8.100586E+02,-2.185957E-06,-6.451557E-06,-1.033347E+02,-1.897482E+00
+8.103027E+02,-1.867898E-07,+5.215877E-06,-1.056479E+02,+1.606593E+00
+8.105469E+02,-1.372348E-07,+3.201612E-07,-1.291601E+02,+1.975748E+00
+8.107910E+02,+2.009812E-06,-2.272512E-06,-1.103604E+02,-8.466667E-01
+8.110352E+02,-1.940884E-07,-5.445518E-07,-1.247598E+02,-1.913178E+00
+8.112793E+02,-5.885991E-07,-6.711382E-06,-1.034305E+02,-1.658274E+00
+8.115234E+02,-2.922011E-06,+1.023071E-05,-9.946133E+01,+1.849001E+00
+8.117676E+02,-6.688698E-06,-5.164635E-06,-1.014623E+02,-2.484070E+00
+8.120117E+02,+1.223982E-05,+4.194330E-06,-9.776230E+01,+3.301380E-01
+8.122559E+02,-2.692312E-06,-2.354579E-06,-1.089304E+02,-2.423014E+00
+8.125000E+02,-4.652814E-06,+2.206314E-06,-1.057648E+02,+2.698806E+00
+8.127441E+02,+1.429324E-07,-1.815035E-06,-1.147954E+02,-1.492209E+00
+8.129883E+02,+4.921821E-06,-1.740848E-06,-1.056456E+02,-3.399673E-01
+8.132324E+02,-4.769560E-06,+6.901194E-06,-1.015258E+02,+2.175538E+00
+8.134766E+02,+6.090850E-06,-8.636842E-06,-9.951972E+01,-9.565774E-01
+8.137207E+02,-5.762049E-06,+5.974376E-06,-1.016182E+02,+2.338105E+00
+8.139648E+02,+6.488525E-06,-3.546831E-07,-1.037441E+02,-5.460878E-02
+8.142090E+02,-6.906321E-06,+2.337870E-06,-1.027439E+02,+2.815189E+00
+8.144531E+02,+2.898555E-06,-4.630994E-06,-1.052509E+02,-1.011548E+00
+8.146973E+02,+2.462630E-07,-1.328761E-06,-1.173844E+02,-1.387543E+00
+8.149414E+02,+3.350095E-06,+2.969980E-06,-1.069802E+02,+7.253265E-01
+8.151855E+02,-1.288257E-06,-1.358695E-06,-1.145523E+02,-2.329590E+00
+8.154297E+02,+6.354205E-07,+2.994055E-06,-1.102835E+02,+1.361672E+00
+8.156738E+02,-1.860257E-06,+1.936493E-07,-1.145617E+02,+3.037868E+00
+8.159180E+02,+3.840655E-06,-9.303151E-06,-9.994393E+01,-1.179276E+00
+8.161621E+02,-7.138301E-06,+3.371745E-06,-1.020535E+02,+2.700312E+00
+8.164062E+02,+5.658054E-06,-1.572753E-06,-1.046234E+02,-2.711226E-01
+8.166504E+02,-1.055111E-05,+9.758483E-06,-9.684966E+01,+2.395202E+00
+8.168945E+02,+8.811845E-06,-6.840269E-06,-9.905048E+01,-6.600958E-01
+8.171387E+02,-1.430754E-06,+7.884257E-06,-1.019241E+02,+1.750312E+00
+8.173828E+02,+3.883210E-06,-1.170873E-05,-9.817661E+01,-1.250561E+00
+8.176270E+02,-4.233774E-06,+4.665059E-06,-1.040135E+02,+2.307767E+00
+8.178711E+02,-5.055649E-07,-6.050362E-07,-1.220644E+02,-2.266868E+00
+8.181152E+02,+1.835411E-06,+3.647853E-07,-1.145571E+02,+1.961919E-01
+8.183594E+02,-5.276099E-06,+4.386586E-06,-1.032717E+02,+2.447992E+00
+8.186035E+02,+8.840369E-06,-3.994288E-06,-1.002638E+02,-4.243695E-01
+8.188477E+02,-3.614482E-06,-1.994364E-06,-1.076848E+02,-2.637391E+00
+8.190918E+02,-1.694470E-06,+1.326180E-06,-1.133442E+02,+2.477520E+00
+8.193359E+02,+4.019747E-06,-8.982520E-07,-1.077044E+02,-2.198480E-01
+8.195801E+02,-3.097756E-06,+5.602243E-06,-1.038741E+02,+2.075901E+00
+8.198242E+02,-2.477649E-06,-4.231690E-06,-1.061896E+02,-2.100485E+00
+8.200684E+02,+3.335380E-06,+1.773826E-07,-1.095248E+02,+5.313208E-02
+8.203125E+02,-5.342660E-06,-2.244123E-07,-1.054372E+02,-3.099613E+00
+8.205566E+02,+9.545162E-06,-1.105178E-07,-1.004037E+02,-1.157789E-02
+8.208008E+02,-4.140656E-06,+1.111757E-06,-1.073563E+02,+2.879282E+00
+8.210449E+02,-3.127944E-06,+1.001078E-06,-1.096713E+02,+2.831850E+00
+8.212891E+02,+3.583793E-06,-1.526366E-07,-1.089053E+02,-4.256508E-02
+8.215332E+02,-1.661891E-06,-2.540800E-06,-1.103538E+02,-2.150036E+00
+8.217773E+02,-2.357789E-07,-7.233697E-06,-1.028082E+02,-1.603379E+00
+8.220215E+02,+3.045704E-06,+9.733730E-06,-9.982876E+01,+1.267545E+00
+8.222656E+02,-6.430146E-06,+4.869439E-07,-1.038107E+02,+3.066009E+00
+8.225098E+02,+7.882734E-06,-3.246427E-06,-1.013860E+02,-3.906716E-01
+8.227539E+02,-6.467704E-06,+2.963114E-06,-1.029575E+02,+2.711990E+00
+8.229980E+02,+3.041794E-06,-1.499795E-06,-1.093923E+02,-4.580824E-01
+8.232422E+02,-1.429894E-06,-2.121784E-06,-1.118399E+02,-2.163798E+00
+8.234863E+02,+8.491118E-07,-3.707531E-06,-1.083963E+02,-1.345656E+00
+8.237305E+02,-3.087189E-06,+9.867441E-06,-9.971034E+01,+1.874015E+00
+8.239746E+02,+9.047768E-06,-4.097387E-06,-1.000590E+02,-4.252311E-01
+8.242188E+02,-7.965045E-06,+3.423555E-06,-1.012400E+02,+2.735644E+00
+8.244629E+02,+1.042171E-06,-7.666590E-06,-1.022284E+02,-1.435688E+00
+8.247070E+02,+2.595535E-06,+6.470598E-06,-1.031332E+02,+1.189318E+00
+8.249512E+02,-2.002993E-06,-4.415988E-06,-1.062869E+02,-1.996621E+00
+8.251953E+02,-4.745544E-06,+1.087410E-06,-1.062520E+02,+2.916338E+00
+8.254395E+02,+4.346638E-06,+4.961306E-07,-1.071807E+02,+1.136494E-01
+8.256836E+02,+2.000092E-06,+4.528077E-07,-1.137619E+02,+2.226403E-01
+8.259277E+02,-3.265206E-06,+5.014926E-06,-1.044598E+02,+2.147943E+00
+8.261719E+02,+4.844208E-06,-9.727998E-06,-9.927749E+01,-1.108778E+00
+8.264160E+02,-8.481705E-06,+6.678585E-06,-9.933514E+01,+2.474576E+00
+8.266602E+02,+9.064996E-06,-5.526192E-06,-9.948027E+01,-5.474622E-01
+8.269043E+02,-8.766525E-07,+1.285636E-06,-1.161594E+02,+2.169259E+00
+8.271484E+02,-4.853301E-06,+7.386703E-06,-1.010725E+02,+2.152099E+00
+8.273926E+02,+1.005198E-06,-7.219547E-06,-1.027464E+02,-1.432453E+00
+8.276367E+02,+9.948658E-07,+1.196575E-06,-1.161591E+02,+8.771836E-01
+8.278809E+02,+3.981714E-07,+1.561440E-06,-1.158559E+02,+1.321115E+00
+8.281250E+02,-1.265994E-06,-2.148420E-06,-1.120632E+02,-2.103287E+00
+8.283691E+02,-1.065038E-06,+5.132069E-06,-1.056110E+02,+1.775418E+00
+8.286133E+02,-9.271301E-08,-3.980848E-06,-1.079981E+02,-1.594082E+00
+8.288574E+02,+5.642910E-06,+2.364931E-06,-1.042672E+02,+3.968607E-01
+8.291016E+02,-5.064292E-06,-6.976367E-06,-1.012891E+02,-2.198708E+00
+8.293457E+02,-3.819780E-06,+3.240087E-06,-1.060052E+02,+2.438122E+00
+8.295898E+02,+1.011091E-05,+5.316969E-06,-9.884388E+01,+4.841247E-01
+8.298340E+02,-3.538545E-06,-1.169962E-06,-1.085729E+02,-2.822274E+00
+8.300781E+02,-5.979272E-06,-3.180578E-06,-1.033849E+02,-2.652725E+00
+8.303223E+02,+7.937821E-06,-2.233305E-06,-1.016751E+02,-2.742600E-01
+8.305664E+02,-4.449217E-06,+7.594210E-06,-1.011088E+02,+2.100761E+00
+8.308105E+02,-3.171141E-07,-7.157736E-06,-1.028960E+02,-1.615071E+00
+8.310547E+02,-1.020944E-07,-2.098288E-07,-1.326399E+02,-2.023634E+00
+8.312988E+02,+4.456987E-06,+1.028919E-05,-9.900554E+01,+1.162024E+00
+8.315430E+02,-1.852633E-06,-1.229661E-05,-9.810681E+01,-1.720334E+00
+8.317871E+02,-3.460894E-06,+8.556102E-06,-1.006964E+02,+1.955171E+00
+8.320312E+02,+3.821830E-06,-2.592509E-06,-1.067106E+02,-5.960422E-01
+8.322754E+02,-4.685231E-06,-6.386066E-07,-1.065054E+02,-3.006125E+00
+8.325195E+02,+4.332918E-06,-5.015097E-06,-1.035728E+02,-8.582448E-01
+8.327637E+02,+6.342294E-07,+8.959444E-06,-1.009327E+02,+1.500125E+00
+8.330078E+02,-5.689738E-06,-5.464843E-06,-1.020595E+02,-2.376354E+00
+8.332520E+02,+3.124755E-06,+4.275852E-06,-1.055211E+02,+9.397027E-01
+8.334961E+02,-4.157119E-08,-5.535755E-06,-1.051362E+02,-1.578306E+00
+8.337402E+02,+7.367567E-06,+5.764573E-06,-1.005794E+02,+6.639326E-01
+8.339844E+02,-5.859729E-06,-2.185654E-06,-1.040767E+02,-2.784580E+00
+8.342285E+02,-4.185199E-06,-4.038417E-06,-1.047077E+02,-2.374042E+00
+8.344727E+02,+4.286200E-06,+5.292727E-06,-1.033363E+02,+8.900912E-01
+8.347168E+02,-5.593827E-06,-8.819032E-07,-1.049392E+02,-2.985223E+00
+8.349609E+02,+6.661305E-06,-3.728517E-06,-1.023452E+02,-5.102810E-01
+8.352051E+02,-2.576634E-07,+3.897504E-06,-1.081653E+02,+1.636810E+00
+8.354492E+02,-3.507183E-06,-1.464452E-06,-1.084028E+02,-2.746042E+00
+8.356934E+02,+4.721608E-07,-2.199272E-07,-1.256654E+02,-4.359061E-01
+8.359375E+02,+5.105019E-06,-2.238771E-06,-1.050761E+02,-4.132856E-01
+8.361816E+02,-3.471595E-06,+6.966363E-06,-1.021766E+02,+2.033113E+00
+8.364258E+02,+2.032595E-06,-5.595435E-06,-1.045050E+02,-1.222358E+00
+8.366699E+02,-6.940321E-06,-4.942298E-07,-1.031504E+02,-3.070501E+00
+8.369141E+02,+1.036986E-05,+2.402746E-06,-9.945743E+01,+2.276868E-01
+8.371582E+02,-1.212882E-05,-9.813128E-07,-9.829530E+01,-3.060861E+00
+8.374023E+02,+1.023690E-05,-8.616663E-07,-9.976597E+01,-8.397461E-02
+8.376465E+02,-5.645044E-06,+5.160486E-06,-1.023287E+02,+2.401008E+00
+8.378906E+02,+4.293599E-06,-6.088352E-06,-1.025568E+02,-9.565788E-01
+8.381348E+02,-3.544911E-06,+3.402376E-06,-1.061722E+02,+2.376708E+00
+8.383789E+02,+3.187576E-06,-7.620285E-07,-1.096894E+02,-2.346579E-01
+8.386230E+02,-3.194112E-06,-2.747687E-06,-1.075075E+02,-2.431186E+00
+8.388672E+02,-2.910773E-07,+5.315113E-06,-1.054767E+02,+1.625506E+00
+8.391113E+02,+4.257508E-06,+7.543630E-07,-1.072826E+02,+1.753641E-01
+8.393555E+02,-1.293837E-06,-4.188110E-06,-1.071638E+02,-1.870427E+00
+8.395996E+02,-3.577140E-07,-2.749433E-06,-1.111422E+02,-1.700174E+00
+8.398438E+02,+2.227386E-06,+6.599881E-06,-1.031408E+02,+1.245311E+00
+8.400879E+02,-9.489549E-06,-6.828249E-06,-9.864307E+01,-2.517863E+00
+8.403320E+02,+5.841804E-06,+2.687685E-06,-1.038352E+02,+4.312031E-01
+8.405762E+02,+3.175513E-06,+8.100831E-07,-1.096899E+02,+2.497758E-01
+8.408203E+02,-5.269202E-06,+1.812468E-06,-1.050795E+02,+2.810296E+00
+8.410645E+02,+4.346179E-06,-2.510142E-06,-1.059877E+02,-5.237498E-01
+8.413086E+02,-8.103118E-07,+4.177626E-08,-1.218154E+02,+3.090082E+00
+8.415527E+02,-2.968818E-06,+1.416965E-06,-1.096571E+02,+2.696284E+00
+8.417969E+02,+7.837895E-06,-5.353426E-06,-1.004531E+02,-5.992377E-01
+8.420410E+02,-9.017146E-06,+1.103360E-05,-9.692399E+01,+2.255964E+00
+8.422852E+02,+8.799853E-06,-5.715478E-06,-9.958197E+01,-5.760215E-01
+8.425293E+02,-4.623353E-06,-2.496269E-06,-1.055898E+02,-2.646517E+00
+8.427734E+02,-5.162127E-06,+1.527966E-06,-1.053787E+02,+2.853814E+00
+8.430176E+02,+3.921414E-06,-1.198861E-06,-1.077431E+02,-2.966978E-01
+8.432617E+02,+5.077501E-06,-6.175268E-07,-1.058232E+02,-1.210258E-01
+8.435059E+02,-7.476037E-06,+5.421241E-06,-1.006915E+02,+2.514187E+00
+8.437500E+02,+4.826491E-06,-3.096817E-06,-1.048300E+02,-5.704681E-01
+8.439941E+02,-6.491517E-07,-5.529635E-06,-1.050866E+02,-1.687657E+00
+8.442383E+02,-1.422635E-06,+6.062982E-06,-1.041135E+02,+1.801270E+00
+8.444824E+02,-1.604422E-06,+2.458965E-06,-1.106446E+02,+2.148912E+00
+8.447266E+02,+4.209159E-06,-4.398711E-06,-1.043103E+02,-8.074154E-01
+8.449707E+02,-5.765760E-06,+1.745246E-06,-1.044021E+02,+2.847669E+00
+8.452148E+02,+6.007509E-06,-2.232840E-06,-1.038641E+02,-3.558522E-01
+8.454590E+02,-3.333607E-06,+6.970256E-07,-1.093559E+02,+2.935472E+00
+8.457031E+02,+3.206104E-07,+3.541001E-07,-1.264173E+02,+8.349930E-01
+8.459473E+02,+3.807656E-06,+2.898276E-06,-1.064020E+02,+6.506119E-01
+8.461914E+02,-2.568012E-06,-1.212077E-05,-9.813869E+01,-1.779578E+00
+8.464355E+02,-4.975394E-07,+1.679718E-05,-9.549147E+01,+1.600408E+00
+8.466797E+02,-3.244027E-06,-8.017653E-06,-1.012606E+02,-1.955271E+00
+8.469238E+02,+4.185701E-06,-5.497276E-07,-1.074904E+02,-1.305873E-01
+8.471680E+02,+3.663808E-06,+1.524533E-06,-1.080278E+02,+3.943134E-01
+8.474121E+02,-5.075941E-06,-2.007552E-06,-1.052585E+02,-2.764969E+00
+8.476562E+02,-2.800036E-06,-1.248592E-06,-1.102691E+02,-2.722137E+00
+8.479004E+02,+5.249395E-06,+1.232040E-06,-1.053649E+02,+2.305289E-01
+8.481445E+02,-3.019755E-06,+6.397006E-06,-1.030068E+02,+2.011841E+00
+8.483887E+02,-2.418791E-06,-5.246029E-06,-1.047663E+02,-2.002819E+00
+8.486328E+02,+9.820894E-06,-3.987751E-06,-9.949419E+01,-3.857090E-01
+8.488770E+02,-1.069758E-05,+6.705370E-06,-9.797511E+01,+2.581692E+00
+8.491211E+02,+3.759649E-06,-4.810622E-06,-1.042856E+02,-9.074190E-01
+8.493652E+02,+1.088945E-06,+4.304842E-06,-1.070515E+02,+1.323035E+00
+8.496094E+02,+1.314223E-06,-2.515093E-06,-1.109405E+02,-1.089284E+00
+8.498535E+02,-1.061783E-06,-2.969537E-06,-1.100237E+02,-1.914189E+00
+8.500977E+02,-9.346365E-06,+5.238642E-06,-9.940067E+01,+2.630723E+00
+8.503418E+02,+1.259358E-05,+1.569979E-07,-9.799634E+01,+1.246586E-02
+8.505859E+02,-4.620115E-06,-4.267903E-06,-1.040274E+02,-2.395802E+00
+8.508301E+02,+1.667468E-06,+2.284759E-06,-1.109688E+02,+9.403345E-01
+8.510742E+02,+2.220086E-06,+2.797402E-06,-1.089435E+02,+8.999551E-01
+8.513184E+02,-1.081138E-05,-5.318412E-06,-9.838119E+01,-2.684424E+00
+8.515625E+02,+6.544435E-06,-1.097092E-06,-1.035622E+02,-1.660930E-01
+8.518066E+02,+1.274936E-06,+7.569309E-06,-1.022974E+02,+1.403928E+00
+8.520508E+02,+1.794738E-06,-4.052553E-06,-1.070676E+02,-1.153891E+00
+8.522949E+02,-1.408554E-06,-2.053571E-06,-1.120753E+02,-2.171999E+00
+8.525391E+02,-7.253826E-06,+5.348567E-06,-1.009031E+02,+2.506241E+00
+8.527832E+02,+7.567973E-06,-7.336311E-06,-9.954303E+01,-7.698561E-01
+8.530273E+02,+1.279011E-06,+2.900738E-06,-1.099783E+02,+1.155514E+00
+8.532715E+02,-6.055290E-06,-2.347168E-06,-1.037494E+02,-2.771802E+00
+8.535156E+02,+9.096043E-06,+8.660591E-06,-9.802048E+01,+7.608797E-01
+8.537598E+02,-4.893781E-06,-5.100555E-06,-1.030134E+02,-2.335508E+00
+8.540039E+02,-9.973198E-06,-8.717577E-07,-9.999025E+01,-3.054404E+00
+8.542480E+02,+1.285407E-05,+3.806039E-06,-9.745421E+01,+2.878712E-01
+8.544922E+02,-4.541358E-06,-5.546203E-06,-1.028917E+02,-2.256910E+00
+8.547363E+02,+1.218997E-06,-1.627665E-07,-1.182032E+02,-1.327398E-01
+8.549805E+02,-1.762466E-06,+6.183717E-06,-1.038358E+02,+1.848451E+00
+8.552246E+02,+2.236033E-06,-7.993737E-07,-1.124881E+02,-3.433375E-01
+8.554688E+02,-5.848369E-07,-6.521399E-06,-1.036784E+02,-1.660237E+00
+8.557129E+02,-4.379328E-07,+3.512207E-06,-1.090214E+02,+1.694845E+00
+8.559570E+02,-4.339737E-06,+1.217498E-06,-1.069217E+02,+2.868077E+00
+8.562012E+02,+5.675512E-06,-1.013114E-06,-1.047837E+02,-1.766457E-01
+8.564453E+02,+3.293806E-06,-5.616663E-06,-1.037267E+02,-1.040411E+00
+8.566895E+02,-7.366560E-06,+6.687955E-06,-1.000439E+02,+2.404441E+00
+8.569336E+02,-2.346496E-06,+5.969385E-07,-1.123193E+02,+2.892481E+00
+8.571777E+02,+5.938455E-06,+2.636066E-06,-1.037454E+02,+4.177676E-01
+8.574219E+02,-1.242257E-06,-8.997833E-06,-1.008352E+02,-1.707991E+00
+8.576660E+02,+1.265129E-06,+9.596275E-06,-1.002831E+02,+1.439717E+00
+8.579102E+02,-4.304529E-06,-7.945258E-06,-1.008801E+02,-2.067302E+00
+8.581543E+02,+4.843545E-06,+2.889036E-06,-1.049748E+02,+5.378208E-01
+8.583984E+02,-4.537648E-06,-2.480687E-06,-1.057277E+02,-2.641294E+00
+8.586426E+02,+2.937217E-06,+6.072683E-06,-1.034194E+02,+1.120292E+00
+8.588867E+02,+9.617589E-07,-8.699178E-06,-1.011577E+02,-1.460686E+00
+8.591309E+02,+9.763964E-07,+1.376374E-05,-9.720348E+01,+1.499975E+00
+8.593750E+02,-9.229574E-07,-1.218864E-05,-9.825607E+01,-1.646375E+00
+8.596191E+02,-2.094193E-06,+5.510040E-06,-1.045909E+02,+1.934003E+00
+8.598633E+02,-6.863216E-06,-1.949791E-07,-1.032659E+02,-3.113191E+00
+8.601074E+02,+1.342545E-05,-4.132025E-06,-9.704837E+01,-2.985751E-01
+8.603516E+02,-6.691523E-06,+7.011332E-07,-1.034421E+02,+3.037194E+00
+8.605957E+02,-2.508126E-06,+5.779307E-06,-1.040131E+02,+1.980252E+00
+8.608398E+02,+6.017994E-06,-7.074613E-09,-1.044110E+02,-1.175576E-03
+8.610840E+02,-4.052975E-06,-2.294621E-06,-1.066370E+02,-2.626430E+00
+8.613281E+02,-1.751893E-06,-7.272821E-06,-1.025210E+02,-1.807175E+00
+8.615723E+02,+6.364934E-06,+1.442250E-05,-9.604637E+01,+1.155184E+00
+8.618164E+02,-2.334883E-06,-1.153455E-05,-9.858558E+01,-1.770523E+00
+8.620605E+02,-2.460046E-06,+2.541984E-06,-1.090262E+02,+2.339815E+00
+8.623047E+02,+3.927013E-06,-1.674139E-06,-1.073935E+02,-4.029827E-01
+8.625488E+02,-1.816469E-06,+3.244013E-06,-1.085939E+02,+2.081243E+00
+8.627930E+02,-6.656746E-06,-1.028584E-06,-1.034323E+02,-2.988287E+00
+8.630371E+02,+1.228892E-05,-4.560525E-07,-9.820375E+01,-3.709385E-02
+8.632812E+02,-1.069080E-05,+1.115143E-07,-9.941933E+01,+3.131162E+00
+8.635254E+02,+4.898860E-06,+5.715312E-06,-1.024670E+02,+8.621680E-01
+8.637695E+02,+6.858655E-07,-6.968421E-06,-1.030954E+02,-1.472687E+00
+8.640137E+02,+5.008208E-07,+3.095965E-06,-1.100719E+02,+1.410420E+00
+8.642578E+02,-4.334339E-06,-6.611834E-07,-1.071616E+02,-2.990214E+00
+8.645020E+02,+2.321393E-06,-4.153626E-06,-1.064510E+02,-1.061158E+00
+8.647461E+02,-1.204840E-06,+5.386338E-06,-1.051621E+02,+1.790858E+00
+8.649902E+02,+6.747957E-06,+5.780806E-06,-1.010263E+02,+7.083565E-01
+8.652344E+02,-1.189942E-05,-1.100059E-05,-9.580689E+01,-2.395425E+00
+8.654785E+02,+1.450707E-05,+3.425420E-06,-9.653278E+01,+2.318738E-01
+8.657227E+02,-1.250052E-05,+2.643572E-06,-9.787143E+01,+2.933186E+00
+8.659668E+02,+1.122818E-05,-3.476453E-06,-9.859625E+01,-3.002576E-01
+8.662109E+02,-1.225570E-05,+2.151180E-06,-9.810146E+01,+2.967838E+00
+8.664551E+02,+9.353967E-06,-1.578472E-06,-1.004581E+02,-1.671740E-01
+8.666992E+02,-4.615275E-06,+2.557684E-06,-1.055529E+02,+2.635548E+00
+8.669434E+02,+4.083876E-06,-2.929337E-06,-1.059758E+02,-6.222382E-01
+8.671875E+02,-3.448166E-06,+2.916566E-06,-1.069045E+02,+2.439524E+00
+8.674316E+02,+3.148323E-06,-4.983875E-06,-1.045903E+02,-1.007392E+00
+8.676758E+02,-4.379701E-06,+7.517609E-06,-1.012093E+02,+2.098318E+00
+8.679199E+02,+2.401758E-06,-7.517436E-06,-1.020565E+02,-1.261555E+00
+8.681641E+02,-2.097433E-06,+5.461110E-06,-1.046568E+02,+1.937492E+00
+8.684082E+02,+9.580477E-07,+1.188764E-06,-1.163245E+02,+8.924567E-01
+8.686523E+02,+4.839570E-07,-6.261534E-06,-1.040405E+02,-1.493659E+00
+8.688965E+02,+4.860588E-06,+2.490523E-07,-1.062548E+02,+5.119437E-02
+8.691406E+02,-6.245280E-06,+4.916003E-06,-1.019949E+02,+2.474733E+00
+8.693848E+02,+6.098124E-06,-5.696271E-06,-1.015717E+02,-7.513398E-01
+8.696289E+02,-1.195364E-06,+5.169095E-06,-1.055055E+02,+1.798054E+00
+8.698730E+02,-9.520894E-06,-5.202768E-06,-9.929164E+01,-2.641473E+00
+8.701172E+02,+7.080475E-06,+9.355972E-06,-9.861169E+01,+9.229658E-01
+8.703613E+02,+1.242733E-06,-1.008499E-05,-9.986104E+01,-1.448188E+00
+8.706055E+02,-3.408041E-06,+2.846350E-06,-1.070517E+02,+2.445762E+00
+8.708496E+02,+3.367220E-06,+5.095912E-06,-1.042822E+02,+9.868879E-01
+8.710938E+02,+3.550811E-07,-7.925452E-06,-1.020108E+02,-1.526024E+00
+8.713379E+02,-5.028212E-06,+9.962503E-06,-9.904710E+01,+2.038208E+00
+8.715820E+02,+5.400906E-06,-1.111725E-05,-9.815982E+01,-1.118563E+00
+8.718262E+02,-3.790945E-06,+8.724150E-06,-1.004344E+02,+1.980715E+00
+8.720703E+02,+2.024198E-06,-4.615706E-06,-1.059513E+02,-1.157508E+00
+8.723145E+02,-1.719634E-06,+3.300538E-06,-1.085853E+02,+2.051115E+00
+8.725586E+02,+6.734884E-06,-7.022151E-06,-1.002379E+02,-8.062766E-01
+8.728027E+02,-1.630105E-06,+4.171450E-06,-1.069771E+02,+1.943326E+00
+8.730469E+02,-7.910978E-06,+3.848464E-06,-1.011129E+02,+2.688826E+00
+8.732910E+02,+3.853168E-06,-1.929811E-06,-1.073116E+02,-4.643174E-01
+8.735352E+02,+1.963129E-06,-4.288466E-06,-1.065277E+02,-1.141500E+00
+8.737793E+02,+2.044566E-06,+4.230775E-06,-1.065601E+02,+1.120630E+00
+8.740234E+02,-5.595352E-06,-2.618161E-06,-1.041836E+02,-2.703939E+00
+8.742676E+02,+3.292342E-06,+5.322896E-07,-1.095378E+02,+1.602881E-01
+8.745117E+02,-7.940818E-07,-7.476933E-07,-1.192459E+02,-2.386273E+00
+8.747559E+02,-3.086246E-06,+4.439310E-06,-1.053414E+02,+2.178299E+00
+8.750000E+02,+5.240881E-06,-4.752013E-06,-1.030061E+02,-7.365156E-01
+8.752441E+02,-2.203885E-06,+1.447611E-07,-1.131175E+02,+3.076002E+00
+8.754883E+02,+5.235958E-07,-4.044681E-07,-1.235878E+02,-6.577348E-01
+8.757324E+02,-6.487199E-07,+2.911954E-06,-1.105059E+02,+1.789995E+00
+8.759766E+02,-4.207332E-06,-4.662302E-06,-1.040408E+02,-2.304944E+00
+8.762207E+02,+7.676374E-06,+3.998810E-06,-1.012542E+02,+4.802466E-01
+8.764648E+02,-6.054022E-06,+1.645035E-06,-1.040498E+02,+2.876273E+00
+8.767090E+02,+5.757710E-06,-2.212253E-06,-1.041970E+02,-3.668332E-01
+8.769531E+02,-5.038394E-06,+2.451829E-06,-1.050311E+02,+2.688699E+00
+8.771973E+02,+4.717160E-06,-6.433690E-06,-1.019624E+02,-9.381363E-01
+8.774414E+02,-6.581573E-06,+2.805619E-07,-1.036255E+02,+3.098990E+00
+8.776855E+02,+4.861191E-07,+3.155233E-06,-1.099175E+02,+1.417931E+00
+8.779297E+02,+8.541825E-06,-1.998061E-09,-1.013690E+02,-2.339150E-04
+8.781738E+02,-5.161769E-06,-1.672092E-06,-1.053107E+02,-2.828322E+00
+8.784180E+02,-5.282690E-06,+4.782695E-06,-1.029430E+02,+2.405828E+00
+8.786621E+02,+4.356438E-06,-3.386734E-06,-1.051643E+02,-6.608133E-01
+8.789062E+02,+1.066077E-06,+7.411513E-07,-1.177319E+02,+6.075065E-01
+8.791504E+02,+4.921085E-06,-3.306546E-06,-1.045407E+02,-5.916266E-01
+8.793945E+02,-1.145000E-05,+2.190254E-06,-9.866782E+01,+2.952587E+00
+8.796387E+02,+1.036243E-05,+2.752614E-07,-9.968771E+01,+2.655717E-02
+8.798828E+02,-6.320342E-06,-1.069300E-06,-1.038626E+02,-2.973996E+00
+8.801270E+02,+1.390176E-06,+4.677289E-06,-1.062325E+02,+1.281893E+00
+8.803711E+02,-1.704608E-06,-4.132015E-06,-1.069942E+02,-1.962063E+00
+8.806152E+02,+1.796332E-06,+4.711168E-06,-1.059479E+02,+1.206521E+00
+8.808594E+02,+3.593572E-06,-8.421331E-06,-1.007659E+02,-1.167468E+00
+8.811035E+02,-5.496103E-06,+6.023278E-06,-1.017726E+02,+2.310462E+00
+8.813477E+02,+3.228326E-07,-8.279750E-06,-1.016331E+02,-1.531825E+00
+8.815918E+02,+6.531781E-06,+5.429960E-06,-1.014177E+02,+6.935453E-01
+8.818359E+02,-6.998272E-06,+5.484669E-06,-1.010206E+02,+2.476859E+00
+8.820801E+02,+4.341773E-06,-6.589101E-06,-1.020574E+02,-9.881673E-01
+8.823242E+02,-7.463806E-06,+6.802195E-06,-9.991492E+01,+2.402538E+00
+8.825684E+02,+8.893319E-06,-5.648603E-06,-9.954685E+01,-5.658658E-01
+8.828125E+02,-4.791308E-06,+2.652158E-06,-1.052301E+02,+2.636039E+00
+8.830566E+02,-1.880496E-06,-8.737906E-06,-1.009752E+02,-1.782774E+00
+8.833008E+02,-7.919935E-08,+6.892711E-06,-1.032316E+02,+1.582286E+00
+8.835449E+02,+1.044498E-05,+2.683269E-07,-9.961898E+01,+2.568390E-02
+8.837891E+02,-1.487084E-05,-4.911495E-07,-9.654855E+01,-3.108577E+00
+8.840332E+02,+9.753467E-06,+1.310486E-06,-1.001391E+02,+1.335612E-01
+8.842773E+02,-4.523692E-06,-2.226354E-06,-1.059482E+02,-2.684242E+00
+8.845215E+02,+2.060168E-06,+1.994159E-06,-1.108508E+02,+7.691185E-01
+8.847656E+02,-2.076607E-06,-2.191470E-06,-1.104025E+02,-2.329289E+00
+8.850098E+02,-1.518753E-06,+5.248220E-06,-1.052505E+02,+1.852486E+00
+8.852539E+02,+8.585258E-06,-4.530197E-06,-1.002581E+02,-4.855391E-01
+8.854980E+02,-1.042483E-05,-1.410897E-06,-9.955978E+01,-3.007070E+00
+8.857422E+02,-3.557815E-07,+5.362453E-06,-1.053937E+02,+1.637046E+00
+8.859863E+02,+9.958167E-06,-2.709007E-06,-9.972635E+01,-2.656111E-01
+8.862305E+02,-4.895559E-06,-2.654012E-07,-1.061912E+02,-3.087433E+00
+8.864746E+02,-4.543905E-06,-5.345878E-07,-1.067917E+02,-3.024482E+00
+8.867188E+02,+5.832747E-06,+3.915619E-06,-1.030669E+02,+5.912148E-01
+8.869629E+02,+1.623227E-06,-3.432738E-07,-1.156024E+02,-2.084055E-01
+8.872070E+02,-6.424512E-06,-5.215026E-06,-1.016449E+02,-2.459735E+00
+8.874512E+02,+5.494712E-06,+6.780452E-06,-1.011824E+02,+8.897609E-01
+8.876953E+02,-2.459159E-06,-5.116349E-06,-1.049181E+02,-2.018842E+00
+8.879395E+02,+6.335464E-07,+1.419702E-07,-1.237516E+02,+2.204464E-01
+8.881836E+02,+4.332634E-06,+2.079299E-06,-1.063648E+02,+4.474514E-01
+8.884277E+02,-4.627857E-06,+2.523757E-06,-1.055617E+02,+2.642334E+00
+8.886719E+02,-1.552643E-06,-3.989691E-06,-1.073688E+02,-1.941926E+00
+8.889160E+02,-2.087554E-06,-2.818981E-06,-1.090993E+02,-2.208212E+00
+8.891602E+02,+8.694917E-06,+3.935213E-06,-1.004054E+02,+4.250039E-01
+8.894043E+02,-1.872261E-07,+8.113810E-07,-1.215902E+02,+1.797577E+00
+8.896484E+02,-3.971380E-06,+1.890824E-06,-1.071339E+02,+2.697237E+00
+8.898926E+02,-2.968467E-06,-9.466288E-06,-1.000691E+02,-1.874668E+00
+8.901367E+02,+1.637212E-06,+9.842612E-06,-1.000193E+02,+1.405966E+00
+8.903809E+02,+3.735437E-06,-5.849038E-06,-1.031727E+02,-1.002448E+00
+8.906250E+02,-1.975087E-06,+7.154241E-07,-1.135529E+02,+2.794070E+00
+8.908691E+02,-8.992774E-07,-1.764086E-06,-1.140664E+02,-2.042229E+00
+8.911133E+02,-2.088538E-06,+5.762167E-06,-1.042522E+02,+1.918525E+00
+8.913574E+02,+6.324262E-07,-4.572898E-07,-1.221533E+02,-6.260434E-01
+8.916016E+02,+4.950251E-06,-3.557397E-06,-1.042992E+02,-6.231200E-01
+8.918457E+02,-2.610408E-06,-3.232135E-06,-1.076294E+02,-2.250180E+00
+8.920898E+02,-2.292020E-06,+2.774119E-06,-1.088776E+02,+2.261319E+00
+8.923340E+02,-4.489356E-06,+7.809561E-06,-1.009075E+02,+2.092521E+00
+8.925781E+02,+1.023678E-05,-9.012751E-06,-9.730437E+01,-7.218962E-01
+8.928223E+02,-1.842514E-06,+9.458299E-07,-1.136760E+02,+2.667333E+00
+8.930664E+02,-7.199350E-06,+7.870498E-07,-1.028025E+02,+3.032703E+00
+8.933105E+02,+2.805021E-06,-2.047025E-06,-1.091871E+02,-6.304289E-01
+8.935547E+02,-1.004080E-06,+8.498013E-06,-1.013534E+02,+1.688406E+00
+8.937988E+02,+1.817412E-06,-4.736375E-06,-1.058945E+02,-1.204408E+00
+8.940430E+02,+1.837230E-06,-8.133736E-07,-1.139394E+02,-4.167812E-01
+8.942871E+02,-1.065852E-06,-2.018890E-06,-1.128300E+02,-2.056545E+00
+8.945312E+02,-6.125324E-06,+2.834343E-06,-1.034148E+02,+2.708207E+00
+8.947754E+02,+6.940332E-06,+1.347011E-06,-1.030118E+02,+1.917012E-01
+8.950195E+02,-1.183813E-06,+9.432906E-07,-1.163994E+02,+2.468791E+00
+8.952637E+02,+2.857428E-06,-3.590229E-06,-1.067665E+02,-8.985664E-01
+8.955078E+02,-8.746052E-06,+3.619633E-06,-1.004771E+02,+2.749196E+00
+8.957520E+02,+1.152675E-05,-1.732745E-07,-9.876488E+01,-1.503125E-02
+8.959961E+02,-1.102005E-05,-7.086092E-07,-9.913841E+01,-3.077379E+00
+8.962402E+02,+5.346296E-06,-2.751877E-06,-1.044182E+02,-4.753588E-01
+8.964844E+02,+1.907132E-06,+1.896687E-06,-1.114059E+02,+7.826522E-01
+8.967285E+02,-5.114341E-06,+7.647658E-06,-1.007241E+02,+2.160237E+00
+8.969727E+02,+8.810513E-06,-9.941398E-06,-9.753363E+01,-8.456329E-01
+8.972168E+02,-6.386951E-06,-1.240931E-06,-1.037332E+02,-2.949692E+00
+8.974609E+02,-1.447156E-06,+4.030424E-06,-1.073663E+02,+1.915518E+00
+8.977051E+02,+5.692639E-06,+1.443620E-06,-1.046230E+02,+2.483586E-01
+8.979492E+02,-4.530956E-06,+4.503067E-06,-1.038926E+02,+2.359282E+00
+8.981934E+02,+1.266450E-06,-7.924106E-06,-1.019115E+02,-1.412314E+00
+8.984375E+02,+5.878670E-06,+6.011087E-06,-1.015063E+02,+7.965348E-01
+8.986816E+02,-1.032971E-05,-8.170989E-06,-9.760781E+01,-2.472352E+00
+8.989258E+02,+6.624698E-06,+6.544097E-06,-1.006192E+02,+7.792776E-01
+8.991699E+02,+4.348958E-06,+6.031497E-07,-1.071496E+02,+1.378092E-01
+8.994141E+02,-6.874877E-06,-4.062194E-06,-1.019542E+02,-2.607910E+00
+8.996582E+02,+6.601578E-07,+3.590542E-06,-1.087524E+02,+1.388967E+00
+8.999023E+02,+3.750296E-06,+1.642044E-08,-1.085186E+02,+4.378411E-03
+9.001465E+02,-1.571431E-06,-4.808861E-06,-1.059185E+02,-1.886636E+00
+9.003906E+02,-3.331955E-06,+1.728364E-06,-1.085112E+02,+2.663079E+00
+9.006348E+02,+7.121592E-06,+1.420628E-06,-1.027790E+02,+1.968972E-01
+9.008789E+02,-6.477465E-06,-2.014419E-07,-1.037677E+02,-3.110504E+00
+9.011230E+02,+4.909481E-06,-1.352713E-06,-1.058615E+02,-2.688596E-01
+9.013672E+02,-6.828574E-06,+9.496689E-07,-1.032302E+02,+3.003406E+00
+9.016113E+02,+8.366406E-06,+1.477465E-06,-1.014159E+02,+1.747928E-01
+9.018555E+02,-9.168665E-06,-2.314824E-06,-1.004855E+02,-2.894289E+00
+9.020996E+02,+1.524984E-05,+8.555588E-08,-9.633455E+01,+5.610221E-03
+9.023438E+02,-1.900309E-05,+8.645950E-07,-9.441454E+01,+3.096126E+00
+9.025879E+02,+1.271253E-05,-1.004229E-06,-9.788834E+01,-7.883150E-02
+9.028320E+02,-1.582345E-06,-1.318698E-06,-1.137235E+02,-2.446826E+00
+9.030762E+02,-3.596044E-06,+4.202479E-06,-1.051439E+02,+2.278588E+00
+9.033203E+02,+6.523601E-06,-5.483787E-06,-1.013889E+02,-6.990158E-01
+9.035645E+02,-7.965073E-06,+5.100969E-06,-1.004836E+02,+2.571984E+00
+9.038086E+02,+3.423858E-06,-5.913470E-06,-1.033076E+02,-1.045966E+00
+9.040527E+02,+2.330312E-06,+5.008751E-06,-1.051544E+02,+1.135335E+00
+9.042969E+02,-3.856884E-06,+2.608454E-06,-1.066395E+02,+2.546943E+00
+9.045410E+02,+4.344860E-06,-5.882894E-06,-1.027176E+02,-9.346582E-01
+9.047852E+02,-7.301877E-06,-6.082536E-07,-1.027013E+02,-3.058484E+00
+9.050293E+02,+8.811958E-06,+2.196835E-06,-1.008367E+02,+2.443212E-01
+9.052734E+02,-4.116209E-06,-1.914806E-06,-1.068593E+02,-2.706182E+00
+9.055176E+02,+7.724930E-07,+6.645500E-06,-1.034911E+02,+1.455073E+00
+9.057617E+02,+4.295742E-09,-9.162894E-06,-1.007593E+02,-1.570328E+00
+9.060059E+02,-2.879362E-06,+5.771543E-06,-1.038089E+02,+2.033555E+00
+9.062500E+02,+7.246596E-06,-3.683846E-06,-1.017990E+02,-4.703095E-01
+9.064941E+02,-4.825952E-06,+1.790330E-06,-1.057683E+02,+2.786351E+00
+9.067383E+02,-4.744554E-07,-1.775391E-06,-1.147145E+02,-1.831934E+00
+9.069824E+02,+4.302549E-06,-9.478551E-07,-1.071197E+02,-2.168372E-01
+9.072266E+02,-7.067834E-06,+4.330654E-06,-1.016299E+02,+2.591867E+00
+9.074707E+02,+6.096622E-06,-5.204946E-06,-1.019206E+02,-7.066629E-01
+9.077148E+02,-2.944547E-06,+2.890017E-06,-1.076898E+02,+2.365540E+00
+9.079590E+02,-9.528619E-07,-6.865575E-07,-1.186034E+02,-2.517226E+00
+9.082031E+02,+4.818770E-06,+6.654764E-07,-1.062592E+02,+1.372329E-01
+9.084473E+02,-2.202075E-06,+1.212347E-06,-1.119936E+02,+2.638330E+00
+9.086914E+02,-1.481639E-06,-2.653915E-06,-1.103440E+02,-2.079978E+00
+9.089355E+02,+1.265265E-06,-3.519777E-06,-1.085419E+02,-1.225707E+00
+9.091797E+02,-1.841634E-06,+5.965430E-06,-1.040918E+02,+1.870232E+00
+9.094238E+02,+1.148812E-06,-6.250116E-06,-1.039379E+02,-1.389019E+00
+9.096680E+02,+1.971369E-06,+3.307629E-06,-1.082896E+02,+1.033318E+00
+9.099121E+02,-1.598114E-06,+1.113943E-06,-1.142081E+02,+2.532859E+00
+9.101562E+02,-2.214487E-06,+3.323373E-06,-1.079727E+02,+2.158571E+00
+9.104004E+02,+2.665380E-06,-1.315539E-05,-9.744321E+01,-1.370895E+00
+9.106445E+02,-2.283344E-06,+1.319805E-05,-9.746172E+01,+1.742107E+00
+9.108887E+02,+2.767089E-06,-8.146316E-06,-1.013065E+02,-1.243350E+00
+9.111328E+02,-7.340616E-07,+3.211840E-06,-1.096438E+02,+1.795486E+00
+9.113770E+02,-3.187968E-06,-6.520826E-07,-1.097517E+02,-2.939831E+00
+9.116211E+02,+2.074182E-06,-2.612184E-06,-1.095367E+02,-8.996993E-01
+9.118652E+02,-7.905668E-07,+1.317195E-06,-1.162709E+02,+2.111355E+00
+9.121094E+02,+6.098311E-07,+2.182292E-06,-1.128952E+02,+1.298302E+00
+9.123535E+02,-6.425107E-07,-6.340558E-06,-1.039131E+02,-1.671785E+00
+9.125977E+02,-1.381630E-06,+8.245492E-06,-1.015554E+02,+1.736816E+00
+9.128418E+02,+4.444495E-06,-3.614304E-06,-1.048391E+02,-6.827435E-01
+9.130859E+02,-4.173754E-06,-6.306009E-06,-1.024271E+02,-2.155470E+00
+9.133301E+02,+1.104616E-06,+9.275200E-06,-1.005924E+02,+1.452261E+00
+9.135742E+02,-7.746659E-07,-4.743533E-06,-1.063636E+02,-1.732677E+00
+9.138184E+02,+3.667536E-06,-6.287734E-06,-1.027583E+02,-1.042759E+00
+9.140625E+02,+1.813687E-06,+3.881766E-06,-1.073618E+02,+1.133705E+00
+9.143066E+02,-1.890160E-05,-9.961744E-07,-9.445798E+01,-3.088938E+00
+9.145508E+02,+1.473400E-05,-1.377682E-06,-9.659578E+01,-9.323251E-02
+9.147949E+02,-6.509089E-07,+8.689672E-06,-1.011956E+02,+1.645563E+00
+9.150391E+02,-4.794422E-07,-9.463927E-06,-1.004674E+02,-1.621413E+00
+9.152832E+02,-1.793420E-06,-2.875064E-06,-1.093997E+02,-2.128521E+00
+9.155273E+02,-8.402648E-07,+7.557534E-06,-1.023790E+02,+1.681524E+00
+9.157715E+02,-3.245060E-06,-1.104043E-05,-9.878041E+01,-1.856670E+00
+9.160156E+02,+2.475081E-06,+4.571938E-06,-1.056818E+02,+1.074608E+00
+9.162598E+02,-8.591755E-06,-7.795459E-06,-9.870995E+01,-2.404749E+00
+9.165039E+02,-1.413435E-05,+9.684917E-06,-9.532277E+01,+2.540866E+00
+9.167480E+02,+1.561333E-05,+2.733013E-05,-9.004052E+01,+1.051757E+00
+9.169922E+02,+2.749633E-05,-2.014981E-05,-8.934770E+01,-6.324137E-01
+9.172363E+02,-1.863164E-05,-2.017224E-05,-9.122596E+01,-2.316513E+00
+9.174805E+02,+1.643676E-06,-1.124749E-06,-1.140157E+02,-6.001033E-01
+9.177246E+02,-1.266553E-05,-3.995581E-06,-9.753549E+01,-2.836005E+00
+9.179688E+02,-5.244541E-06,+6.038275E-06,-1.019405E+02,+2.285961E+00
+9.182129E+02,+6.093807E-06,-1.557561E-05,-9.553255E+01,-1.197864E+00
+9.184570E+02,-3.042172E-05,-2.865690E-06,-9.029796E+01,-3.047671E+00
+9.187012E+02,-7.708791E-06,+4.766966E-06,-1.008540E+02,+2.587768E+00
+9.189453E+02,-1.763190E-05,-1.006599E-06,-9.505989E+01,-3.084565E+00
+9.191895E+02,-2.486592E-05,-7.420819E-06,-9.171738E+01,-2.851574E+00
+9.194336E+02,-1.069726E-04,+1.340524E-04,-7.531458E+01,+2.244311E+00
+9.196777E+02,+2.093233E-04,+3.253593E-06,-7.358260E+01,+1.554214E-02
+9.199219E+02,-3.793114E-05,-7.322816E-05,-8.167419E+01,-2.048729E+00
+9.201660E+02,-3.422018E-05,-6.394872E-07,-8.931284E+01,-3.122907E+00
+9.204102E+02,-1.057928E-04,+1.721218E-05,-7.939742E+01,+2.980309E+00
+9.206543E+02,+2.007838E-04,+2.901276E-04,-6.904872E+01,+9.654236E-01
+9.208984E+02,+7.586860E-05,-3.071173E-04,-6.999665E+01,-1.328611E+00
+9.211426E+02,-8.586511E-05,+9.311456E-07,-8.132316E+01,+3.130749E+00
+9.213867E+02,-3.187990E-05,+1.975343E-05,-8.851852E+01,+2.586871E+00
+9.216309E+02,+2.096136E-06,+2.476928E-05,-9.209074E+01,+1.486371E+00
+9.218750E+02,+1.003889E-05,+4.123623E-05,-8.744437E+01,+1.331994E+00
+9.221191E+02,+1.966694E-04,+9.632066E-05,-7.319152E+01,+4.554214E-01
+9.223633E+02,-1.153548E-04,-4.116381E-04,-6.738136E+01,-1.844021E+00
+9.226074E+02,-1.586077E-04,+1.928998E-04,-7.205047E+01,+2.258945E+00
+9.228516E+02,+3.608014E-05,+7.655467E-05,-8.144942E+01,+1.130372E+00
+9.230957E+02,+3.463870E-05,+3.543809E-05,-8.609825E+01,+7.968050E-01
+9.233398E+02,+3.360857E-05,+3.767446E-06,-8.941676E+01,+1.116318E-01
+9.235840E+02,+3.061149E-05,+6.470105E-06,-9.009251E+01,+2.082963E-01
+9.238281E+02,+2.319761E-05,+3.001098E-06,-9.261905E+01,+1.286564E-01
+9.240723E+02,+2.508851E-05,+1.033121E-05,-9.133023E+01,+3.906292E-01
+9.243164E+02,-3.166988E-06,+7.730924E-05,-8.222809E+01,+1.611739E+00
+9.245605E+02,+7.981716E-04,+1.384771E-03,-5.592666E+01,+1.047916E+00
+9.248047E+02,+3.087284E-04,-4.706245E-03,-4.652786E+01,-1.505291E+00
+9.250488E+02,-2.622086E-03,+2.720594E-03,-4.845364E+01,+2.337759E+00
+9.252930E+02,+8.629725E-04,+6.998346E-04,-5.908512E+01,+6.813871E-01
+9.255371E+02,+3.824690E-04,-3.481512E-05,-6.831224E+01,-9.077712E-02
+9.257812E+02,+1.366929E-04,-9.385694E-05,-7.560761E+01,-6.016937E-01
+9.260254E+02,+5.060345E-05,-7.283598E-05,-8.104257E+01,-9.635965E-01
+9.262695E+02,+1.105050E-05,-4.915933E-05,-8.595380E+01,-1.349682E+00
+9.265137E+02,+2.920533E-06,-2.437416E-05,-9.219949E+01,-1.451544E+00
+9.267578E+02,-6.902118E-06,-3.282047E-05,-8.948915E+01,-1.778075E+00
+9.270020E+02,-2.758781E-05,-6.058182E-06,-9.098112E+01,-2.925427E+00
+9.272461E+02,+6.768885E-06,-3.081221E-06,-1.025718E+02,-4.271728E-01
+9.274902E+02,-3.301458E-05,-1.862333E-06,-8.961208E+01,-3.085243E+00
+9.277344E+02,+1.179215E-05,+1.219094E-05,-9.541100E+01,+8.020247E-01
+9.279785E+02,-2.034213E-06,+5.624628E-06,-1.044643E+02,+1.917822E+00
+9.282227E+02,-1.412843E-06,-2.723011E-06,-1.102637E+02,-2.049412E+00
+9.284668E+02,-6.333543E-06,+4.390128E-06,-1.022631E+02,+2.535475E+00
+9.287109E+02,+8.035814E-07,+6.865622E-06,-1.032073E+02,+1.454282E+00
+9.289551E+02,+6.756569E-06,+7.948074E-06,-9.963279E+01,+8.662508E-01
+9.291992E+02,+1.248700E-05,-1.162301E-05,-9.536078E+01,-7.495780E-01
+9.294434E+02,-9.469471E-06,+2.612662E-06,-1.001549E+02,+2.872386E+00
+9.296875E+02,+1.260931E-07,+1.411694E-06,-1.169707E+02,+1.481712E+00
+9.299316E+02,+2.335339E-06,+4.861847E-06,-1.053624E+02,+1.123000E+00
+9.301758E+02,+3.916147E-06,-7.353555E-06,-1.015857E+02,-1.081448E+00
+9.304199E+02,+7.179651E-07,+2.707817E-07,-1.223003E+02,+3.606557E-01
+9.306641E+02,-4.931548E-07,-8.047749E-07,-1.205019E+02,-2.120564E+00
+9.309082E+02,-1.185135E-05,+9.352839E-08,-9.852438E+01,+3.133701E+00
+9.311523E+02,+3.992449E-06,+7.076750E-06,-1.018032E+02,+1.057144E+00
+9.313965E+02,+1.101723E-05,+9.482489E-06,-9.675107E+01,+7.106714E-01
+9.316406E+02,+6.584147E-06,-1.085379E-05,-9.792754E+01,-1.025522E+00
+9.318848E+02,-5.767190E-06,-6.209451E-06,-1.014377E+02,-2.319284E+00
+9.321289E+02,-4.139436E-06,-1.794471E-06,-1.069133E+02,-2.732539E+00
+9.323730E+02,+1.658518E-06,+6.455419E-07,-1.149930E+02,+3.711860E-01
+9.326172E+02,-1.373535E-06,+4.762035E-06,-1.060971E+02,+1.851609E+00
+9.328613E+02,-3.320444E-06,-5.877806E-06,-1.034128E+02,-2.085016E+00
+9.331055E+02,+1.544069E-06,+8.542353E-06,-1.012288E+02,+1.391973E+00
+9.333496E+02,+5.435324E-06,-4.318434E-06,-1.031703E+02,-6.713861E-01
+9.335938E+02,-4.308019E-06,+5.908456E-07,-1.072335E+02,+3.005293E+00
+9.338379E+02,+9.441644E-07,+4.217132E-07,-1.197091E+02,+4.200665E-01
+9.340820E+02,-9.200186E-06,-3.106168E-06,-1.002553E+02,-2.815989E+00
+9.343262E+02,+1.612404E-05,+1.192574E-05,-9.395550E+01,+6.368279E-01
+9.345703E+02,-9.021422E-06,-1.160651E-05,-9.665351E+01,-2.231524E+00
+9.348145E+02,+2.699576E-06,+2.915449E-06,-1.080169E+02,+8.238248E-01
+9.350586E+02,+9.915906E-07,-1.853368E-06,-1.135475E+02,-1.079526E+00
+9.353027E+02,-1.594057E-06,+6.695656E-06,-1.032447E+02,+1.804519E+00
+9.355469E+02,+3.315818E-06,-2.465330E-06,-1.076770E+02,-6.393318E-01
+9.357910E+02,-4.966578E-06,-3.456764E-06,-1.043633E+02,-2.533553E+00
+9.360352E+02,+8.491910E-07,+3.964797E-06,-1.078408E+02,+1.359802E+00
+9.362793E+02,+6.260350E-07,-3.475424E-06,-1.090412E+02,-1.392576E+00
+9.365234E+02,+1.562672E-06,-1.801870E-06,-1.124499E+02,-8.563724E-01
+9.367676E+02,+1.681542E-06,+6.927759E-06,-1.029395E+02,+1.332676E+00
+9.370117E+02,-3.173508E-06,-7.593034E-06,-1.016925E+02,-1.966680E+00
+9.372559E+02,+4.812833E-06,+8.198737E-06,-1.004391E+02,+1.039975E+00
+9.375000E+02,-6.179899E-06,-9.786068E-06,-9.873031E+01,-2.134056E+00
+9.377441E+02,+4.901650E-06,+7.756875E-06,-1.007471E+02,+1.007243E+00
+9.379883E+02,-2.686425E-06,-9.198213E-07,-1.109351E+02,-2.811708E+00
+9.382324E+02,+2.791691E-06,+6.212969E-07,-1.108727E+02,+2.189834E-01
+9.384766E+02,-3.041421E-06,-3.640551E-06,-1.064774E+02,-2.266770E+00
+9.387207E+02,+1.331504E-06,-8.462663E-07,-1.160396E+02,-5.661653E-01
+9.389648E+02,-1.505123E-06,+6.665071E-06,-1.033079E+02,+1.792894E+00
+9.392090E+02,+8.995175E-06,-6.737793E-06,-9.898559E+01,-6.428899E-01
+9.394531E+02,-8.905617E-06,+7.460905E-06,-9.869746E+01,+2.444239E+00
+9.396973E+02,-5.518580E-07,-6.900601E-06,-1.031946E+02,-1.650599E+00
+9.399414E+02,+7.109471E-06,+8.393074E-08,-1.029626E+02,+1.180493E-02
+9.401855E+02,+2.020874E-07,+6.286722E-06,-1.040270E+02,+1.538662E+00
+9.404297E+02,-9.938230E-06,-7.393044E-06,-9.814102E+01,-2.502007E+00
+9.406738E+02,+6.652948E-06,+1.882548E-06,-1.032052E+02,+2.757556E-01
+9.409180E+02,-1.358184E-06,+5.565814E-06,-1.048382E+02,+1.810141E+00
+9.411621E+02,+2.458615E-07,-1.108937E-05,-9.909973E+01,-1.548629E+00
+9.414062E+02,+3.095737E-06,+8.846077E-06,-1.005632E+02,+1.234161E+00
+9.416504E+02,-3.025743E-06,-2.187674E-06,-1.085570E+02,-2.515583E+00
+9.418945E+02,+2.107483E-07,+1.664070E-06,-1.155075E+02,+1.444821E+00
+9.421387E+02,+3.599083E-06,-4.310012E-06,-1.050128E+02,-8.750447E-01
+9.423828E+02,-5.376308E-06,+5.162873E-06,-1.025524E+02,+2.376443E+00
+9.426270E+02,+3.873300E-06,-7.917477E-06,-1.010964E+02,-1.115819E+00
+9.428711E+02,-7.947058E-07,+1.007410E-05,-9.990894E+01,+1.649519E+00
+9.431152E+02,-2.116710E-06,-2.396734E-06,-1.099035E+02,-2.294232E+00
+9.433594E+02,+4.398023E-06,-8.081046E-06,-1.007239E+02,-1.072387E+00
+9.436035E+02,-3.054112E-06,+6.200035E-06,-1.032086E+02,+2.028503E+00
+9.438477E+02,-5.876425E-07,-8.436475E-06,-1.014558E+02,-1.640339E+00
+9.440918E+02,+2.197731E-06,+6.940053E-06,-1.027577E+02,+1.264114E+00
+9.443359E+02,-4.747023E-07,+3.396629E-06,-1.092950E+02,+1.709654E+00
+9.445801E+02,-1.641180E-07,-6.166217E-06,-1.041965E+02,-1.597406E+00
+9.448242E+02,+1.050811E-06,+8.269000E-07,-1.174764E+02,+6.667119E-01
+9.450684E+02,-1.742524E-06,+2.729132E-06,-1.097945E+02,+2.139038E+00
+9.453125E+02,-4.550621E-06,-4.011338E-06,-1.043416E+02,-2.419097E+00
+9.455566E+02,+6.262168E-06,+6.497074E-06,-1.008923E+02,+8.038067E-01
+9.458008E+02,+6.696064E-07,-2.272466E-06,-1.125085E+02,-1.284245E+00
+9.460449E+02,+1.283459E-07,-5.030419E-06,-1.059651E+02,-1.545288E+00
+9.462891E+02,-9.473807E-06,+8.033144E-06,-9.811678E+01,+2.438300E+00
+9.465332E+02,+7.188050E-06,-8.128577E-06,-9.929070E+01,-8.467268E-01
+9.467773E+02,+2.244376E-06,+3.003484E-06,-1.085207E+02,+9.290528E-01
+9.470215E+02,-3.529888E-06,+3.739302E-06,-1.057770E+02,+2.327394E+00
+9.472656E+02,+1.908148E-06,-5.176022E-06,-1.051667E+02,-1.217603E+00
+9.475098E+02,+2.105860E-06,-1.046639E-06,-1.125727E+02,-4.612549E-01
+9.477539E+02,-3.255843E-06,+6.104667E-06,-1.031996E+02,+2.060756E+00
+9.479980E+02,-2.255744E-06,-6.831040E-06,-1.028608E+02,-1.889742E+00
+9.482422E+02,-1.820387E-06,+7.014576E-06,-1.027969E+02,+1.824710E+00
+9.484863E+02,+9.735266E-06,-1.341869E-06,-1.001513E+02,-1.369728E-01
+9.487305E+02,-2.863699E-06,-2.427308E-06,-1.085101E+02,-2.438486E+00
+9.489746E+02,-2.720375E-08,-3.918187E-06,-1.081381E+02,-1.577739E+00
+9.492188E+02,-4.421500E-06,+7.053593E-06,-1.015925E+02,+2.130720E+00
+9.494629E+02,+5.845445E-06,-3.966276E-06,-1.030189E+02,-5.961668E-01
+9.497070E+02,-8.127262E-06,+3.787452E-07,-1.017917E+02,+3.095025E+00
+9.499512E+02,+7.431626E-06,-5.007742E-06,-1.009525E+02,-5.929537E-01
+9.501953E+02,-4.328353E-06,+1.172764E-05,-9.806118E+01,+1.924360E+00
+9.504395E+02,+5.702067E-06,-9.973518E-06,-9.879477E+01,-1.051430E+00
+9.506836E+02,-6.286018E-06,+6.677119E-06,-1.007521E+02,+2.326033E+00
+9.509277E+02,+7.448581E-06,-5.328592E-06,-1.007637E+02,-6.209760E-01
+9.511719E+02,-7.555664E-06,-2.668607E-07,-1.024291E+02,-3.106288E+00
+9.514160E+02,+1.485173E-06,+2.197500E-06,-1.115275E+02,+9.764654E-01
+9.516602E+02,+2.102697E-07,-5.376483E-06,-1.053834E+02,-1.531707E+00
+9.519043E+02,+9.813139E-07,+1.224025E-05,-9.821637E+01,+1.490796E+00
+9.521484E+02,+2.915433E-06,-1.377019E-05,-9.703076E+01,-1.362157E+00
+9.523926E+02,-4.086386E-06,+8.774182E-06,-1.002833E+02,+2.006653E+00
+9.526367E+02,+3.044938E-06,-3.827021E-06,-1.062128E+02,-8.987186E-01
+9.528809E+02,-1.059640E-05,-8.999029E-07,-9.946563E+01,-3.056871E+00
+9.531250E+02,+1.642174E-05,+2.179943E-06,-9.561576E+01,+1.319758E-01
+9.533691E+02,-1.189945E-05,+2.206174E-06,-9.834268E+01,+2.958273E+00
+9.536133E+02,+2.725097E-06,-7.167347E-06,-1.023064E+02,-1.207466E+00
+9.538574E+02,+2.806019E-06,+1.172689E-06,-1.103391E+02,+3.958577E-01
+9.541016E+02,-5.913837E-06,+6.873781E-06,-1.008501E+02,+2.281267E+00
+9.543457E+02,+2.124663E-06,-7.074605E-06,-1.026309E+02,-1.279044E+00
+9.545898E+02,+3.480211E-06,+5.508447E-06,-1.037207E+02,+1.007326E+00
+9.548340E+02,-3.891093E-06,-9.142201E-06,-1.000559E+02,-1.973191E+00
+9.550781E+02,+3.168934E-06,+1.069437E-05,-9.905139E+01,+1.282721E+00
+9.553223E+02,-5.703954E-06,-7.411736E-06,-1.005815E+02,-2.226714E+00
+9.555664E+02,+4.777782E-06,+4.733241E-06,-1.034457E+02,+7.807150E-01
+9.558105E+02,-3.494634E-06,-4.010152E-06,-1.054831E+02,-2.287610E+00
+9.560547E+02,+1.917644E-06,+3.548207E-06,-1.078869E+02,+1.075311E+00
+9.562988E+02,-2.654935E-06,-3.674097E-06,-1.068724E+02,-2.196536E+00
+9.565430E+02,+3.412328E-06,+5.568670E-06,-1.037004E+02,+1.021038E+00
+9.567871E+02,-5.560083E-06,-1.355475E-06,-1.048476E+02,-2.902470E+00
+9.570312E+02,+7.097243E-06,-5.230469E-08,-1.029780E+02,-7.369586E-03
+9.572754E+02,-7.669112E-06,-3.197131E-06,-1.016092E+02,-2.746616E+00
+9.575195E+02,+4.251387E-06,+9.101669E-06,-9.996046E+01,+1.133814E+00
+9.577637E+02,-1.150977E-06,-1.023839E-05,-9.974083E+01,-1.682744E+00
+9.580078E+02,+2.693341E-06,-1.713662E-06,-1.099179E+02,-5.666546E-01
+9.582520E+02,-3.827037E-06,+1.202680E-05,-9.797812E+01,+1.878874E+00
+9.584961E+02,+5.043392E-06,-4.206014E-06,-1.036526E+02,-6.951112E-01
+9.587402E+02,-4.705364E-06,-1.864117E-06,-1.059150E+02,-2.764394E+00
+9.589844E+02,+1.557636E-06,-2.624596E-06,-1.103083E+02,-1.035187E+00
+9.592285E+02,+4.709999E-06,+9.389377E-06,-9.957249E+01,+1.105845E+00
+9.594727E+02,-4.866934E-06,-7.486066E-06,-1.009839E+02,-2.147265E+00
+9.597168E+02,-4.401374E-06,-1.018751E-06,-1.069016E+02,-2.914136E+00
+9.599609E+02,+9.708579E-06,+5.029101E-06,-9.922456E+01,+4.779483E-01
+9.602051E+02,-4.740368E-06,-5.590495E-06,-1.026983E+02,-2.274090E+00
+9.604492E+02,-3.471437E-07,+4.412201E-06,-1.070801E+02,+1.649313E+00
+9.606934E+02,-2.399610E-07,-2.809643E-06,-1.109954E+02,-1.655996E+00
+9.609375E+02,+3.477419E-06,+3.552151E-06,-1.060712E+02,+7.960289E-01
+9.611816E+02,-3.146874E-06,+1.049204E-06,-1.095846E+02,+2.819772E+00
+9.614258E+02,-1.838243E-06,-1.205546E-05,-9.827650E+01,-1.722113E+00
+9.616699E+02,+5.915591E-06,+1.377553E-05,-9.648282E+01,+1.165182E+00
+9.619141E+02,-7.761753E-06,-4.934257E-06,-1.007267E+02,-2.575326E+00
+9.621582E+02,+6.304345E-06,+1.940138E-06,-1.036142E+02,+2.985481E-01
+9.624023E+02,-4.655848E-06,-4.782387E-06,-1.035117E+02,-2.342788E+00
+9.626465E+02,+7.005062E-06,+3.149314E-06,-1.022923E+02,+4.225020E-01
+9.628906E+02,-4.324902E-06,+4.013695E-06,-1.045824E+02,+2.393498E+00
+9.631348E+02,+1.356156E-06,-6.264510E-06,-1.038634E+02,-1.357604E+00
+9.633789E+02,-6.658709E-06,-1.049459E-06,-1.034256E+02,-2.985271E+00
+9.636230E+02,+8.747867E-06,+5.773804E-06,-9.959152E+01,+5.833899E-01
+9.638672E+02,-4.936728E-06,+3.438607E-06,-1.044135E+02,+2.533195E+00
+9.641113E+02,+8.537161E-07,-1.028001E-05,-9.973029E+01,-1.487940E+00
+9.643555E+02,+6.044639E-06,-1.713049E-07,-1.043691E+02,-2.833238E-02
+9.645996E+02,-1.159891E-05,+4.499344E-06,-9.810288E+01,+2.771551E+00
+9.648438E+02,+1.429779E-05,+1.882153E-06,-9.682001E+01,+1.308868E-01
+9.650879E+02,-9.828939E-06,-1.073571E-06,-1.000984E+02,-3.032799E+00
+9.653320E+02,-1.747398E-06,+3.413028E-06,-1.083262E+02,+2.043981E+00
+9.655762E+02,+6.217750E-06,-9.039427E-06,-9.919476E+01,-9.682729E-01
+9.658203E+02,-3.823154E-06,+3.562145E-06,-1.056375E+02,+2.391521E+00
+9.660645E+02,-3.047253E-06,+6.062625E-06,-1.033685E+02,+2.036545E+00
+9.663086E+02,+1.226736E-05,-1.650881E-06,-9.814703E+01,-1.337714E-01
+9.665527E+02,-9.634364E-06,-3.762613E-06,-9.970705E+01,-2.769267E+00
+9.667969E+02,-3.044695E-06,-3.661402E-06,-1.064443E+02,-2.264490E+00
+9.670410E+02,+4.222613E-06,+7.487569E-06,-1.013139E+02,+1.057306E+00
+9.672852E+02,+5.873239E-06,-3.875245E-06,-1.030529E+02,-5.832434E-01
+9.675293E+02,-8.595416E-06,+1.089355E-06,-1.012455E+02,+3.015528E+00
+9.677734E+02,+8.845444E-06,+6.883344E-07,-1.010394E+02,+7.766145E-02
+9.680176E+02,-7.491217E-06,-8.624539E-07,-1.024518E+02,-3.026969E+00
+9.682617E+02,+2.855079E-06,+2.171233E-06,-1.089057E+02,+6.501753E-01
+9.685059E+02,-2.702643E-06,+1.477391E-06,-1.102287E+02,+2.641328E+00
+9.687500E+02,+3.690942E-06,-1.796895E-06,-1.077335E+02,-4.530635E-01
+9.689941E+02,-5.818540E-07,-4.606519E-06,-1.066638E+02,-1.696442E+00
+9.692383E+02,-1.850444E-06,+6.396938E-09,-1.146544E+02,+3.138136E+00
+9.694824E+02,+1.621613E-06,+4.213987E-06,-1.069064E+02,+1.203447E+00
+9.697266E+02,-3.525810E-07,+7.128637E-07,-1.219895E+02,+2.030113E+00
+9.699707E+02,+1.616522E-06,-5.726226E-06,-1.045096E+02,-1.295655E+00
+9.702148E+02,+8.199635E-07,+5.589706E-06,-1.049598E+02,+1.425143E+00
+9.704590E+02,-6.010303E-06,-3.359191E-07,-1.044085E+02,-3.085760E+00
+9.707031E+02,+5.696264E-06,-4.591076E-06,-1.027144E+02,-6.783767E-01
+9.709473E+02,-2.992877E-06,+2.417977E-06,-1.082962E+02,+2.462047E+00
+9.711914E+02,-3.017635E-06,+5.478120E-06,-1.040765E+02,+2.074294E+00
+9.714355E+02,+7.645689E-06,-5.321209E-06,-1.006162E+02,-6.080195E-01
+9.716797E+02,-7.475354E-06,-2.656570E-06,-1.020108E+02,-2.800136E+00
+9.719238E+02,+5.101020E-06,+7.807149E-06,-1.006062E+02,+9.920501E-01
+9.721680E+02,+1.038762E-06,-8.933131E-06,-1.009216E+02,-1.455034E+00
+9.724121E+02,-2.916270E-06,+5.858051E-06,-1.036834E+02,+2.032701E+00
+9.726562E+02,+5.086421E-06,+2.616994E-06,-1.048518E+02,+4.751849E-01
+9.729004E+02,-7.502420E-06,-8.823924E-06,-9.872415E+01,-2.275428E+00
+9.731445E+02,+2.075574E-06,+7.938135E-07,-1.130644E+02,+3.652905E-01
+9.733887E+02,+5.979325E-06,+1.119241E-05,-9.793114E+01,+1.080141E+00
+9.736328E+02,-7.844052E-06,-1.202397E-05,-9.685912E+01,-2.148834E+00
+9.738770E+02,+2.672723E-06,+6.161545E-06,-1.034575E+02,+1.161517E+00
+9.741211E+02,+4.376555E-06,+5.425273E-07,-1.071111E+02,+1.233330E-01
+9.743652E+02,-6.689266E-06,-5.889237E-06,-1.010002E+02,-2.419712E+00
+9.746094E+02,+2.506498E-06,+7.896834E-06,-1.016341E+02,+1.263449E+00
+9.748535E+02,-4.980677E-07,-5.440803E-06,-1.052505E+02,-1.662085E+00
+9.750977E+02,+5.541596E-06,-6.566049E-07,-1.050668E+02,-1.179368E-01
+9.753418E+02,-4.306604E-06,+2.110685E-07,-1.073069E+02,+3.092621E+00
+9.755859E+02,+6.507352E-07,-7.837617E-07,-1.198391E+02,-8.778676E-01
+9.758301E+02,-2.734312E-06,+7.190652E-06,-1.022781E+02,+1.934170E+00
+9.760742E+02,+4.316846E-06,-5.728481E-06,-1.028861E+02,-9.250105E-01
+9.763184E+02,-8.291311E-06,-5.714803E-08,-1.016273E+02,-3.134700E+00
+9.765625E+02,+1.253670E-05,+8.109171E-07,-9.801820E+01,+6.459346E-02
+9.768066E+02,-1.186775E-05,-2.775167E-06,-9.828142E+01,-2.911879E+00
+9.770508E+02,+9.053352E-06,+7.940742E-06,-9.838577E+01,+7.200211E-01
+9.772949E+02,-7.078608E-06,-1.070889E-05,-9.783077E+01,-2.154868E+00
+9.775391E+02,+4.832619E-06,+1.087435E-05,-9.848920E+01,+1.152605E+00
+9.777832E+02,-1.564215E-06,-8.725790E-06,-1.010465E+02,-1.748176E+00
+9.780273E+02,+1.409291E-06,+2.816937E-06,-1.100343E+02,+1.106915E+00
+9.782715E+02,-5.076489E-06,-1.315140E-06,-1.056066E+02,-2.888101E+00
+9.785156E+02,+5.895891E-06,+1.215896E-06,-1.044081E+02,+2.033764E-01
+9.787598E+02,-7.847874E-07,+3.645503E-06,-1.085681E+02,+1.782836E+00
+9.790039E+02,-4.379200E-06,-9.651478E-06,-9.949510E+01,-1.996751E+00
+9.792480E+02,+6.456950E-06,+9.763603E-06,-9.863216E+01,+9.864984E-01
+9.794922E+02,-6.273617E-06,-4.031352E-06,-1.025485E+02,-2.570446E+00
+9.797363E+02,+5.904637E-06,-1.945943E-06,-1.041283E+02,-3.183524E-01
+9.799805E+02,-4.509703E-06,+4.623987E-06,-1.037967E+02,+2.343683E+00
+9.802246E+02,-1.367092E-06,-2.985272E-06,-1.096735E+02,-2.000238E+00
+9.804688E+02,+2.057713E-06,+5.372884E-07,-1.134459E+02,+2.554071E-01
+9.807129E+02,+1.956616E-06,+2.281254E-06,-1.104419E+02,+8.618529E-01
+9.809570E+02,-3.355927E-07,-5.788813E-06,-1.047336E+02,-1.628704E+00
+9.812012E+02,+5.608255E-07,+1.983349E-06,-1.137180E+02,+1.295224E+00
+9.814453E+02,-5.906024E-06,+2.071597E-06,-1.040702E+02,+2.804241E+00
+9.816895E+02,+3.976197E-06,-2.629762E-06,-1.064348E+02,-5.843310E-01
+9.819336E+02,+2.441894E-06,+9.433788E-06,-1.002246E+02,+1.317510E+00
+9.821777E+02,-4.219483E-07,-8.995332E-06,-1.009101E+02,-1.617669E+00
+9.824219E+02,-4.622238E-06,-7.583855E-06,-1.010303E+02,-2.118160E+00
+9.826660E+02,+3.337381E-06,+1.273899E-05,-9.760901E+01,+1.314573E+00
+9.829102E+02,-1.870005E-06,-3.006459E-06,-1.090185E+02,-2.127232E+00
+9.831543E+02,+1.073502E-06,-1.482738E-08,-1.193831E+02,-1.381128E-02
+9.833984E+02,+2.690364E-08,-3.615170E-06,-1.088372E+02,-1.563355E+00
+9.836426E+02,-1.372365E-06,+5.995003E-06,-1.042224E+02,+1.795837E+00
+9.838867E+02,+6.498249E-06,-4.524150E-07,-1.037231E+02,-6.950890E-02
+9.841309E+02,-1.032496E-05,-2.758480E-06,-9.942280E+01,-2.880524E+00
+9.843750E+02,+5.787664E-06,-2.947829E-06,-1.037482E+02,-4.710835E-01
+9.846191E+02,-1.761793E-06,+2.828817E-06,-1.095444E+02,+2.127814E+00
+9.848633E+02,+2.896331E-06,-3.264229E-06,-1.072024E+02,-8.450455E-01
+9.851074E+02,-2.862625E-06,+6.001233E-06,-1.035449E+02,+2.015880E+00
+9.853516E+02,+8.906421E-07,-4.242119E-06,-1.072610E+02,-1.363850E+00
+9.855957E+02,+2.014727E-06,+7.128657E-06,-1.026061E+02,+1.295356E+00
+9.858398E+02,-3.392880E-06,-8.024846E-06,-1.011970E+02,-1.970799E+00
+9.860840E+02,+2.833320E-06,+8.266697E-07,-1.105993E+02,+2.838867E-01
+9.863281E+02,-7.265972E-06,+1.045737E-06,-1.026851E+02,+2.998652E+00
+9.865723E+02,+1.320986E-05,+1.526460E-06,-9.752442E+01,+1.150443E-01
+9.868164E+02,-1.275041E-05,-2.383497E-06,-9.774034E+01,-2.956791E+00
+9.870605E+02,+2.190543E-06,+1.862330E-06,-1.108267E+02,+7.045916E-01
+9.873047E+02,+2.923226E-06,+7.286744E-07,-1.104210E+02,+2.442921E-01
+9.875488E+02,+2.094767E-06,+1.280254E-06,-1.121989E+02,+5.485906E-01
+9.877930E+02,-3.106420E-06,-3.548230E-06,-1.065287E+02,-2.289901E+00
+9.880371E+02,+6.098849E-07,-2.207360E-06,-1.128030E+02,-1.301226E+00
+9.882812E+02,+3.214033E-06,+7.850766E-06,-1.014288E+02,+1.182221E+00
+9.885254E+02,-6.994136E-06,-8.804307E-06,-9.898137E+01,-2.242113E+00
+9.887695E+02,+8.896828E-06,+9.590135E-06,-9.766689E+01,+8.228831E-01
+9.890137E+02,-6.637724E-06,-7.694383E-06,-9.986055E+01,-2.282601E+00
+9.892578E+02,-1.406640E-06,+4.532034E-06,-1.064747E+02,+1.871746E+00
+9.895020E+02,+4.939131E-07,-1.783049E-06,-1.146557E+02,-1.300567E+00
+9.897461E+02,+6.587128E-06,-3.884458E-06,-1.023300E+02,-5.328147E-01
+9.899902E+02,-4.216429E-06,+9.258435E-06,-9.985073E+01,+1.998144E+00
+9.902344E+02,-7.106619E-06,-8.846713E-06,-9.890191E+01,-2.247550E+00
+9.904785E+02,+1.073552E-05,+2.975519E-06,-9.906211E+01,+2.703787E-01
+9.907227E+02,-1.782825E-06,-6.590138E-07,-1.144216E+02,-2.787524E+00
+9.909668E+02,+1.029233E-06,+4.478507E-06,-1.067538E+02,+1.344903E+00
+9.912109E+02,-9.363958E-06,-2.880450E-06,-1.001782E+02,-2.843169E+00
+9.914551E+02,+6.326453E-06,+2.117515E-06,-1.035156E+02,+3.229874E-01
+9.916992E+02,+4.027781E-06,-7.945436E-06,-1.010044E+02,-1.101620E+00
+9.919434E+02,-8.027096E-06,+8.816110E-06,-9.847228E+01,+2.309384E+00
+9.921875E+02,+6.132423E-06,-4.266337E-06,-1.025330E+02,-6.078354E-01
+9.924316E+02,+8.934438E-07,+4.241049E-06,-1.072619E+02,+1.363167E+00
+9.926758E+02,-7.171653E-06,-7.303742E-06,-9.979733E+01,-2.347070E+00
+9.929199E+02,+4.228299E-06,+4.851044E-06,-1.038288E+02,+8.538802E-01
+9.931641E+02,+1.611271E-06,+2.035372E-07,-1.157879E+02,+1.256553E-01
+9.934082E+02,+8.671885E-07,-3.745785E-06,-1.083024E+02,-1.343294E+00
+9.936523E+02,-5.645670E-06,+6.713948E-06,-1.011379E+02,+2.269976E+00
+9.938965E+02,+6.168720E-06,-2.820498E-06,-1.033716E+02,-4.288467E-01
+9.941406E+02,-4.139019E-06,-1.090788E-06,-1.073704E+02,-2.883914E+00
+9.943848E+02,+3.002410E-06,+2.220886E-06,-1.085553E+02,+6.368771E-01
+9.946289E+02,-7.455995E-06,-1.665658E-06,-1.023384E+02,-2.921803E+00
+9.948730E+02,+6.467119E-06,-6.779907E-07,-1.037383E+02,-1.044550E-01
+9.951172E+02,+1.243674E-06,+2.292137E-07,-1.179608E+02,+1.822584E-01
+9.953613E+02,-7.038579E-07,+1.468940E-06,-1.157623E+02,+2.017634E+00
+9.956055E+02,-4.793743E-06,-6.531995E-07,-1.063066E+02,-3.006166E+00
+9.958496E+02,+3.068378E-06,+1.068055E-06,-1.097651E+02,+3.349675E-01
+9.960938E+02,+4.413653E-07,-4.305634E-06,-1.072739E+02,-1.468644E+00
+9.963379E+02,+8.422971E-08,+5.324523E-06,-1.054733E+02,+1.554978E+00
+9.965820E+02,-7.819861E-07,-2.744965E-06,-1.108904E+02,-1.848325E+00
+9.968262E+02,-9.772082E-07,-3.205195E-06,-1.094969E+02,-1.866727E+00
+9.970703E+02,+8.857985E-06,+4.214308E-06,-1.001672E+02,+4.440713E-01
+9.973145E+02,-7.773456E-06,+1.742544E-06,-1.019748E+02,+2.921072E+00
+9.975586E+02,+3.219218E-06,-1.581228E-06,-1.089064E+02,-4.565699E-01
+9.978027E+02,-8.019919E-06,-2.064769E-06,-1.016379E+02,-2.889610E+00
+9.980469E+02,+5.637020E-06,+3.817835E-06,-1.033393E+02,+5.953138E-01
+9.982910E+02,-1.637748E-06,-1.252631E-06,-1.137148E+02,-2.488655E+00
+9.985352E+02,+3.594469E-06,+1.778489E-06,-1.079363E+02,+4.594669E-01
+9.987793E+02,-2.284293E-06,-8.028623E-06,-1.015691E+02,-1.847990E+00
+9.990234E+02,+2.160663E-06,+4.158313E-06,-1.065837E+02,+1.091591E+00
+9.992676E+02,-1.782960E-06,+2.667878E-06,-1.098731E+02,+2.159933E+00
+9.995117E+02,-3.001010E-06,+2.246630E-06,-1.085222E+02,+2.498972E+00
+9.997559E+02,+7.332635E-06,-6.744628E-06,-1.000324E+02,-7.436525E-01
