FFT Length,8192
Record Length,4096
FFT Sample Rate,+2.000000E+03,
Delta Frequency,+2.441406E-01,
Start Frequency,+0.000000E+00,
Stop Frequency,+1.000000E+03,
Vertical Units,F1:,Real part,Vrms,Imaginary part,Vrms,Magnitude,dBV,
Model,SDS814X HD
Serial Number,SDS08A0X807112
Software Version,3.8.12.1.1.3.8
SourceF1:
Frequency,Real part,Imaginary part,Magnitude,Angle
+0.000000E+00,-3.684337E-04,+0.000000E+00,-6.867281E+01,+3.141593E+00
+2.441406E-01,+2.422857E-04,-1.097208E-05,-7.230454E+01,-4.525479E-02
+4.882812E-01,+3.342374E-05,+4.981413E-06,-8.942348E+01,+1.479491E-01
+7.324219E-01,-1.687291E-05,+5.517642E-06,-9.501497E+01,+2.825542E+00
+9.765625E-01,+6.410027E-06,-6.658675E-06,-1.006841E+02,-8.044221E-01
+1.220703E+00,-9.104999E-06,+8.611605E-06,-9.803932E+01,+2.384037E+00
+1.464844E+00,+5.251915E-06,-6.309221E-06,-1.017141E+02,-8.765980E-01
+1.708984E+00,-8.507434E-06,-1.869470E-06,-1.011992E+02,-2.925285E+00
+1.953125E+00,+1.607839E-05,+1.142141E-05,-9.410091E+01,+6.176438E-01
+2.197266E+00,-6.985548E-06,-9.780712E-06,-9.840252E+01,-2.191000E+00
+2.441406E+00,-8.976406E-06,-4.898970E-06,-9.980569E+01,-2.642010E+00
+2.685547E+00,+1.349396E-05,+9.842544E-06,-9.554454E+01,+6.301887E-01
+2.929688E+00,-1.032762E-05,+6.857900E-07,-9.970089E+01,+3.075286E+00
+3.173828E+00,+1.635121E-06,-8.828373E-06,-1.009359E+02,-1.387660E+00
+3.417969E+00,+9.083054E-06,+1.442833E-05,-9.536587E+01,+1.008947E+00
+3.662109E+00,-2.010514E-06,-1.323871E-05,-9.746407E+01,-1.721511E+00
+3.906250E+00,-3.184604E-06,-4.299745E-06,-1.054319E+02,-2.208286E+00
+4.150391E+00,-5.285423E-06,+1.279650E-05,-9.717409E+01,+1.962490E+00
+4.394531E+00,+5.721230E-06,-4.688564E-06,-1.026189E+02,-6.865203E-01
+4.638672E+00,-8.253657E-08,-4.833065E-06,-1.063143E+02,-1.587872E+00
+4.882812E+00,-1.042997E-05,+4.494878E-06,-9.889450E+01,+2.734687E+00
+5.126953E+00,+2.172061E-05,+1.576943E-06,-9.323973E+01,+7.247407E-02
+5.371094E+00,-1.586103E-05,-3.902403E-06,-9.573813E+01,-2.900347E+00
+5.615234E+00,-2.024227E-06,+2.269071E-06,-1.103404E+02,+2.299227E+00
+5.859375E+00,+1.055087E-05,+6.040501E-07,-9.952003E+01,+5.718878E-02
+6.103516E+00,-2.281162E-06,+6.581276E-06,-1.031411E+02,+1.904451E+00
+6.347656E+00,-7.578444E-06,-1.652688E-05,-9.480736E+01,-2.000740E+00
+6.591797E+00,+8.003328E-06,+8.837235E-06,-9.847253E+01,+8.348756E-01
+6.835938E+00,-2.336864E-06,+1.292964E-06,-1.114675E+02,+2.636227E+00
+7.080078E+00,-1.413146E-06,+3.479400E-06,-1.085068E+02,+1.956590E+00
+7.324219E+00,-2.245775E-06,-1.153819E-05,-9.859576E+01,-1.763031E+00
+7.568359E+00,+4.195803E-06,+1.422371E-05,-9.657738E+01,+1.283945E+00
+7.812500E+00,+7.704716E-07,-6.062486E-06,-1.042774E+02,-1.444386E+00
+8.056641E+00,-3.811832E-06,-3.950322E-06,-1.052093E+02,-2.338355E+00
+8.300781E+00,+5.137365E-06,+3.146707E-06,-1.044016E+02,+5.495701E-01
+8.544922E+00,-3.618664E-06,-1.687003E-06,-1.079749E+02,-2.705353E+00
+8.789062E+00,-1.404325E-06,-5.043877E-06,-1.056205E+02,-1.842341E+00
+9.033203E+00,+2.752941E-06,+9.734491E-06,-9.989959E+01,+1.295191E+00
+9.277344E+00,+1.463919E-06,-7.155787E-06,-1.027288E+02,-1.369002E+00
+9.521484E+00,-3.453763E-06,+1.139385E-05,-9.848482E+01,+1.865118E+00
+9.765625E+00,+1.764677E-07,-1.199463E-05,-9.841933E+01,-1.556085E+00
+1.000977E+01,-3.774173E-06,+2.784269E-06,-1.065765E+02,+2.506000E+00
+1.025391E+01,+1.221062E-05,-7.282166E-08,-9.826509E+01,-5.963729E-03
+1.049805E+01,-1.331156E-05,+6.713912E-06,-9.653111E+01,+2.674458E+00
+1.074219E+01,+8.970789E-06,-8.881257E-06,-9.797643E+01,-7.803829E-01
+1.098633E+01,-1.966994E-06,+5.528943E-06,-1.046296E+02,+1.912596E+00
+1.123047E+01,-5.780406E-06,-7.343636E-06,-1.005878E+02,-2.237641E+00
+1.147461E+01,-1.186678E-08,+6.200104E-06,-1.041520E+02,+1.572710E+00
+1.171875E+01,+8.024372E-06,-3.457455E-06,-1.011722E+02,-4.068314E-01
+1.196289E+01,-6.112805E-06,+2.969136E-06,-1.033553E+02,+2.689431E+00
+1.220703E+01,+3.023969E-06,+6.952230E-06,-1.024050E+02,+1.160517E+00
+1.245117E+01,+6.429684E-07,-8.332000E-06,-1.015592E+02,-1.493780E+00
+1.269531E+01,+1.388470E-06,-3.757787E-06,-1.079456E+02,-1.216864E+00
+1.293945E+01,-8.496933E-06,+1.575501E-06,-1.012679E+02,+2.958255E+00
+1.318359E+01,+1.475868E-05,+4.372783E-06,-9.625362E+01,+2.880455E-01
+1.342773E+01,-1.572569E-05,+4.409436E-07,-9.606439E+01,+3.113560E+00
+1.367188E+01,+6.191636E-06,-2.899437E-06,-1.033028E+02,-4.379535E-01
+1.391602E+01,+2.583080E-06,+3.275451E-07,-1.116880E+02,+1.261310E-01
+1.416016E+01,+1.041639E-06,+7.066676E-07,-1.180014E+02,+5.960947E-01
+1.440430E+01,-8.464870E-06,-4.557065E-06,-1.003423E+02,-2.647738E+00
+1.464844E+01,+3.763299E-06,+8.137557E-06,-1.009484E+02,+1.137629E+00
+1.489258E+01,+6.373316E-06,-2.020879E-06,-1.034966E+02,-3.070560E-01
+1.513672E+01,-9.448548E-06,-3.888913E-06,-9.981305E+01,-2.751136E+00
+1.538086E+01,+8.440373E-06,+2.974802E-06,-1.009642E+02,+3.388550E-01
+1.562500E+01,-7.223799E-06,-2.598489E-06,-1.022962E+02,-2.796292E+00
+1.586914E+01,+8.058797E-06,+3.434279E-06,-1.011499E+02,+4.028466E-01
+1.611328E+01,-7.170442E-06,-4.166706E-06,-1.016256E+02,-2.615190E+00
+1.635742E+01,+1.838266E-06,+3.257049E-06,-1.085426E+02,+1.056967E+00
+1.660156E+01,+1.324030E-06,-2.877666E-06,-1.099853E+02,-1.139571E+00
+1.684570E+01,-3.731667E-06,+2.122354E-06,-1.073448E+02,+2.624475E+00
+1.708984E+01,+2.130731E-07,+1.735070E-06,-1.151487E+02,+1.448604E+00
+1.733398E+01,+7.114594E-06,-2.909312E-06,-1.022855E+02,-3.881738E-01
+1.757812E+01,-3.519032E-06,+2.110957E-06,-1.077367E+02,+2.601270E+00
+1.782227E+01,-6.781526E-06,-3.626986E-06,-1.022809E+02,-2.650468E+00
+1.806641E+01,+1.029161E-05,+4.700465E-06,-9.892751E+01,+4.284348E-01
+1.831055E+01,-8.796295E-06,-5.461090E-06,-9.969812E+01,-2.585991E+00
+1.855469E+01,+2.286560E-06,+8.761145E-06,-1.008626E+02,+1.315502E+00
+1.879883E+01,-8.559557E-07,-7.543495E-06,-1.023930E+02,-1.683782E+00
+1.904297E+01,+6.233025E-06,+2.379109E-06,-1.035154E+02,+3.646266E-01
+1.928711E+01,+7.772480E-07,-2.929871E-06,-1.103677E+02,-1.311485E+00
+1.953125E+01,-2.625544E-06,+7.621815E-06,-1.018718E+02,+1.902543E+00
+1.977539E+01,-9.393801E-06,-1.002187E-05,-9.724271E+01,-2.323857E+00
+2.001953E+01,+1.067293E-05,+8.650654E-06,-9.724124E+01,+6.811245E-01
+2.026367E+01,-5.536867E-06,-2.950962E-06,-1.040489E+02,-2.651921E+00
+2.050781E+01,-1.536607E-06,+2.404125E-06,-1.108932E+02,+2.139509E+00
+2.075195E+01,+1.072762E-05,-1.192853E-05,-9.589439E+01,-8.383542E-01
+2.099609E+01,-1.558133E-05,+1.492601E-05,-9.332021E+01,+2.377672E+00
+2.124023E+01,+1.060369E-05,-3.078073E-06,-9.913951E+01,-2.825185E-01
+2.148438E+01,+2.144874E-06,-3.709875E-06,-1.073604E+02,-1.046596E+00
+2.172852E+01,-8.678241E-06,+6.491518E-06,-9.930141E+01,+2.499358E+00
+2.197266E+01,+9.358413E-06,-1.138404E-05,-9.663187E+01,-8.827458E-01
+2.221680E+01,-6.582205E-06,+8.759011E-06,-9.920654E+01,+2.215243E+00
+2.246094E+01,+5.673762E-06,-7.488833E-06,-1.005417E+02,-9.224300E-01
+2.270508E+01,-1.088211E-05,+5.878862E-06,-9.815362E+01,+2.646280E+00
+2.294922E+01,+7.437650E-06,+2.955055E-06,-1.019347E+02,+3.781855E-01
+2.319336E+01,-9.080492E-07,-6.768417E-06,-1.033128E+02,-1.704160E+00
+2.343750E+01,+2.129415E-06,+1.463304E-06,-1.117551E+02,+6.020741E-01
+2.368164E+01,-4.459789E-06,+5.842503E-06,-1.026741E+02,+2.222778E+00
+2.392578E+01,+3.404823E-06,-4.155657E-06,-1.053967E+02,-8.843840E-01
+2.416992E+01,+5.440941E-06,-1.089644E-06,-1.051157E+02,-1.976528E-01
+2.441406E+01,-1.117757E-05,+7.332193E-07,-9.901440E+01,+3.076089E+00
+2.465820E+01,+5.439083E-06,-2.619904E-06,-1.043833E+02,-4.488854E-01
+2.490234E+01,-2.628279E-06,+1.370305E-06,-1.105623E+02,+2.660995E+00
+2.514648E+01,+4.582595E-06,+1.115747E-06,-1.065277E+02,+2.388280E-01
+2.539062E+01,-1.132469E-06,+4.308120E-06,-1.070241E+02,+1.827849E+00
+2.563477E+01,-1.237509E-06,-1.674460E-06,-1.136299E+02,-2.207253E+00
+2.587891E+01,-8.386728E-07,-6.352604E-06,-1.038659E+02,-1.702057E+00
+2.612305E+01,+1.696995E-06,+5.061139E-06,-1.054523E+02,+1.247278E+00
+2.636719E+01,-3.332568E-06,+1.899480E-06,-1.083227E+02,+2.623543E+00
+2.661133E+01,+2.239538E-06,-3.244615E-06,-1.080846E+02,-9.666561E-01
+2.685547E+01,-2.049052E-06,-2.425590E-07,-1.137085E+02,-3.023765E+00
+2.709961E+01,+8.524344E-06,-4.371208E-06,-1.003729E+02,-4.738281E-01
+2.734375E+01,-6.533466E-06,+1.006939E-05,-9.841400E+01,+2.146358E+00
+2.758789E+01,+1.035948E-06,-3.444764E-06,-1.088808E+02,-1.278669E+00
+2.783203E+01,-3.734330E-06,-2.377409E-06,-1.070780E+02,-2.574670E+00
+2.807617E+01,+3.261463E-06,+5.563393E-06,-1.038103E+02,+1.040559E+00
+2.832031E+01,-2.187464E-06,-8.981361E-06,-1.006829E+02,-1.809701E+00
+2.856445E+01,+4.564808E-06,+2.489336E-07,-1.067986E+02,+5.447924E-02
+2.880859E+01,-3.510712E-06,+9.247985E-06,-1.000944E+02,+1.933610E+00
+2.905273E+01,+2.549567E-06,-5.576035E-06,-1.042490E+02,-1.141941E+00
+2.929688E+01,+3.175707E-06,-1.149264E-06,-1.094287E+02,-3.472299E-01
+2.954102E+01,-8.182670E-06,+6.529527E-06,-9.960226E+01,+2.468091E+00
+2.978516E+01,+4.040181E-06,-5.441149E-06,-1.033791E+02,-9.320973E-01
+3.002930E+01,+9.033697E-09,-1.295062E-08,-1.560323E+02,-9.617171E-01
+3.027344E+01,-7.413101E-07,+4.529951E-06,-1.067634E+02,+1.733005E+00
+3.051758E+01,+1.992538E-06,-1.031559E-05,-9.957103E+01,-1.379988E+00
+3.076172E+01,-5.834937E-07,+1.402625E-05,-9.705367E+01,+1.612372E+00
+3.100586E+01,-7.310299E-06,-1.006613E-05,-9.810320E+01,-2.198908E+00
+3.125000E+01,+1.124230E-05,-2.982358E-06,-9.868755E+01,-2.593074E-01
+3.149414E+01,-1.200953E-06,+7.248900E-06,-1.026770E+02,+1.734979E+00
+3.173828E+01,-7.911778E-06,+4.419774E-06,-1.008549E+02,+2.632146E+00
+3.198242E+01,+6.057849E-06,-1.104723E-05,-9.799317E+01,-1.069214E+00
+3.222656E+01,-1.064705E-06,+5.873573E-06,-1.044815E+02,+1.750119E+00
+3.247070E+01,-5.189868E-06,+2.801195E-06,-1.045865E+02,+2.646658E+00
+3.271484E+01,+9.719440E-06,-8.136148E-06,-9.794081E+01,-6.969574E-01
+3.295898E+01,-1.195384E-05,+5.714164E-06,-9.755609E+01,+2.695684E+00
+3.320312E+01,+1.052086E-05,-3.821258E-06,-9.902083E+01,-3.483925E-01
+3.344727E+01,-2.093209E-06,+6.609525E-06,-1.031815E+02,+1.877499E+00
+3.369141E+01,-3.901523E-06,-4.812918E-06,-1.041583E+02,-2.251989E+00
+3.393555E+01,+4.231275E-06,-9.643891E-07,-1.072506E+02,-2.240913E-01
+3.417969E+01,-3.485457E-07,+2.491891E-06,-1.119853E+02,+1.709767E+00
+3.442383E+01,-1.785758E-06,-3.004471E-06,-1.091308E+02,-2.107064E+00
+3.466797E+01,-5.704076E-07,-2.543406E-06,-1.116786E+02,-1.791415E+00
+3.491211E+01,+9.183386E-07,+1.166217E-05,-9.863756E+01,+1.492213E+00
+3.515625E+01,-1.733105E-06,-9.159988E-06,-1.006094E+02,-1.757790E+00
+3.540039E+01,-1.787104E-06,+7.041035E-06,-1.027761E+02,+1.819360E+00
+3.564453E+01,+1.104366E-05,-9.138131E-06,-9.687256E+01,-6.912588E-01
+3.588867E+01,-7.766559E-06,-1.787380E-07,-1.021931E+02,-3.118583E+00
+3.613281E+01,-1.973140E-06,+5.044629E-06,-1.053252E+02,+1.943639E+00
+3.637695E+01,+4.404601E-06,+1.836070E-06,-1.064261E+02,+3.949498E-01
+3.662109E+01,-1.326205E-06,-1.154319E-06,-1.150986E+02,-2.425378E+00
+3.686523E+01,-2.079705E-06,-3.280385E-06,-1.082142E+02,-2.135828E+00
+3.710938E+01,+3.930718E-07,+1.749427E-06,-1.149282E+02,+1.349781E+00
+3.735352E+01,+4.397572E-06,+2.118328E-06,-1.062295E+02,+4.489040E-01
+3.759766E+01,-6.758934E-06,-7.375523E-06,-9.999646E+01,-2.312599E+00
+3.784180E+01,+3.154237E-06,+4.914550E-06,-1.046722E+02,+1.000196E+00
+3.808594E+01,+1.059929E-06,+2.425677E-06,-1.115445E+02,+1.158837E+00
+3.833008E+01,-1.175001E-07,-3.054934E-06,-1.102935E+02,-1.609240E+00
+3.857422E+01,-1.642686E-07,-9.026383E-08,-1.345430E+02,-2.639142E+00
+3.881836E+01,+1.576583E-06,-1.843187E-06,-1.123040E+02,-8.632005E-01
+3.906250E+01,-3.139321E-06,+2.579791E-06,-1.078224E+02,+2.453719E+00
+3.930664E+01,+3.543423E-07,+4.767377E-07,-1.245243E+02,+9.316198E-01
+3.955078E+01,-1.344900E-06,+3.358282E-06,-1.088317E+02,+1.951710E+00
+3.979492E+01,+9.108075E-07,-7.368958E-06,-1.025860E+02,-1.447819E+00
+4.003906E+01,+3.302030E-06,+8.131366E-06,-1.011338E+02,+1.185055E+00
+4.028320E+01,-2.154354E-06,-1.031097E-05,-9.954843E+01,-1.776771E+00
+4.052734E+01,-1.963494E-07,+8.009700E-06,-1.019251E+02,+1.595305E+00
+4.077148E+01,-1.065014E-06,-3.943322E-06,-1.077770E+02,-1.834583E+00
+4.101562E+01,+9.918027E-07,+6.392307E-07,-1.185627E+02,+5.725089E-01
+4.125977E+01,+3.174388E-06,+5.099799E-06,-1.044268E+02,+1.014030E+00
+4.150391E+01,-3.565755E-06,-6.758220E-06,-1.023367E+02,-2.056293E+00
+4.174805E+01,-2.953570E-07,+1.422450E-06,-1.167559E+02,+1.775527E+00
+4.199219E+01,+1.540376E-06,+2.307370E-06,-1.111369E+02,+9.821551E-01
+4.223633E+01,-3.714682E-06,+1.833861E-06,-1.076543E+02,+2.683014E+00
+4.248047E+01,+8.363651E-06,-5.587484E-06,-9.994946E+01,-5.889718E-01
+4.272461E+01,-1.187057E-05,+2.872269E-06,-9.826347E+01,+2.904190E+00
+4.296875E+01,+1.038472E-05,+2.483721E-06,-9.943053E+01,+2.347607E-01
+4.321289E+01,-9.231077E-06,-8.363611E-06,-9.809212E+01,-2.405457E+00
+4.345703E+01,+5.653675E-06,+8.635147E-06,-9.972530E+01,+9.911044E-01
+4.370117E+01,+4.173994E-06,-4.598281E-06,-1.041379E+02,-8.337273E-01
+4.394531E+01,-8.558703E-06,+7.874050E-07,-1.013152E+02,+3.049850E+00
+4.418945E+01,+3.930786E-06,-1.213776E-06,-1.077149E+02,-2.994988E-01
+4.443359E+01,+1.582788E-06,+7.126413E-06,-1.027335E+02,+1.352242E+00
+4.467773E+01,-4.783215E-07,-7.804540E-06,-1.021368E+02,-1.632007E+00
+4.492188E+01,+2.063699E-06,+1.680546E-06,-1.114978E+02,+6.834218E-01
+4.516602E+01,-5.784387E-06,-2.347506E-06,-1.040927E+02,-2.756066E+00
+4.541016E+01,+3.837942E-06,+3.592960E-06,-1.055848E+02,+7.524420E-01
+4.565430E+01,-4.260855E-06,+2.862964E-06,-1.057919E+02,+2.549960E+00
+4.589844E+01,+1.364669E-06,-3.389102E-06,-1.087457E+02,-1.187995E+00
+4.614258E+01,+2.183009E-06,+1.607889E-06,-1.113366E+02,+6.348355E-01
+4.638672E+01,-3.467728E-07,-7.760392E-06,-1.021937E+02,-1.615452E+00
+4.663086E+01,-1.579747E-06,+1.114634E-05,-9.897099E+01,+1.711586E+00
+4.687500E+01,+3.197067E-06,-1.006757E-05,-9.952425E+01,-1.263307E+00
+4.711914E+01,+9.876655E-07,+7.903201E-06,-1.019766E+02,+1.446470E+00
+4.736328E+01,-7.715427E-06,-1.445124E-06,-1.021031E+02,-2.956435E+00
+4.760742E+01,+5.089930E-07,-4.502228E-06,-1.068763E+02,-1.458221E+00
+4.785156E+01,+7.969331E-06,+1.811124E-06,-1.017529E+02,+2.234662E-01
+4.809570E+01,-6.559621E-06,+3.319461E-06,-1.026722E+02,+2.673121E+00
+4.833984E+01,+7.013462E-06,-2.916476E-06,-1.023887E+02,-3.940863E-01
+4.858398E+01,-7.691368E-06,+5.487837E-06,-1.004928E+02,+2.521860E+00
+4.882812E+01,+8.795802E-06,-5.433496E-06,-9.971068E+01,-5.533597E-01
+4.907227E+01,-1.089158E-05,+1.664952E-06,-9.915786E+01,+2.989901E+00
+4.931641E+01,+4.546852E-06,-1.535703E-06,-1.063766E+02,-3.257209E-01
+4.956055E+01,-1.782502E-07,-1.850461E-06,-1.146143E+02,-1.666827E+00
+4.980469E+01,+1.292996E-06,+7.239314E-06,-1.026697E+02,+1.394053E+00
+5.004883E+01,+1.141828E-06,-6.871715E-06,-1.031404E+02,-1.406137E+00
+5.029297E+01,-1.026048E-06,+2.690534E-06,-1.108135E+02,+1.935127E+00
+5.053711E+01,-2.143688E-07,-1.312139E-06,-1.175260E+02,-1.732739E+00
+5.078125E+01,+3.706296E-07,-1.039281E-06,-1.191454E+02,-1.228235E+00
+5.102539E+01,-7.124364E-06,+3.970133E-06,-1.017706E+02,+2.633192E+00
+5.126953E+01,+1.082775E-05,+2.216789E-06,-9.913091E+01,+2.019415E-01
+5.151367E+01,-4.846040E-06,-7.917320E-06,-1.006465E+02,-2.120051E+00
+5.175781E+01,+2.810119E-07,+4.325478E-06,-1.072610E+02,+1.505921E+00
+5.200195E+01,+4.407779E-06,+9.042174E-08,-1.071138E+02,+2.051125E-02
+5.224609E+01,-9.708290E-06,-1.285615E-06,-1.001816E+02,-3.009934E+00
+5.249023E+01,+5.143607E-06,+1.019040E-06,-1.056074E+02,+1.955850E-01
+5.273438E+01,+6.510293E-07,+5.174520E-07,-1.216015E+02,+6.715752E-01
+5.297852E+01,+2.940993E-06,-3.862567E-07,-1.105558E+02,-1.305881E-01
+5.322266E+01,-5.814201E-06,-4.725926E-08,-1.047099E+02,-3.133465E+00
+5.346680E+01,-3.379682E-07,+1.277155E-06,-1.175812E+02,+1.829492E+00
+5.371094E+01,+3.033265E-06,-6.131099E-06,-1.032984E+02,-1.111370E+00
+5.395508E+01,+1.295114E-06,+7.445162E-06,-1.024331E+02,+1.398566E+00
+5.419922E+01,-2.764804E-06,+6.178039E-07,-1.109551E+02,+2.921751E+00
+5.444336E+01,+2.282116E-06,-5.697818E-06,-1.042397E+02,-1.189838E+00
+5.468750E+01,-4.853771E-06,+5.253245E-06,-1.029111E+02,+2.316691E+00
+5.493164E+01,+5.461346E-06,-6.659704E-06,-1.012973E+02,-8.839439E-01
+5.517578E+01,-2.642706E-06,+6.874061E-06,-1.026571E+02,+1.937823E+00
+5.541992E+01,+4.011030E-06,-2.790214E-06,-1.062208E+02,-6.077907E-01
+5.566406E+01,-3.129563E-06,+5.935406E-07,-1.099369E+02,+2.954163E+00
+5.590820E+01,+1.028108E-06,-1.781620E-06,-1.137354E+02,-1.047413E+00
+5.615234E+01,-5.587377E-07,+8.987933E-07,-1.195078E+02,+2.126985E+00
+5.639648E+01,-1.605250E-06,-3.688963E-06,-1.079088E+02,-1.981232E+00
+5.664062E+01,+2.392580E-06,+5.414833E-06,-1.045538E+02,+1.154735E+00
+5.688477E+01,-1.872668E-06,-9.523491E-07,-1.135518E+02,-2.671127E+00
+5.712891E+01,-5.892401E-07,+2.388532E-06,-1.121808E+02,+1.812662E+00
+5.737305E+01,+5.965432E-07,-6.148327E-06,-1.041842E+02,-1.474074E+00
+5.761719E+01,+5.210043E-06,+7.417246E-06,-1.008534E+02,+9.584461E-01
+5.786133E+01,-9.333580E-06,-6.415930E-06,-9.891842E+01,-2.539371E+00
+5.810547E+01,+5.147434E-06,+9.356720E-07,-1.056270E+02,+1.798112E-01
+5.834961E+01,+4.437450E-06,+3.145012E-07,-1.070356E+02,+7.075599E-02
+5.859375E+01,-1.117467E-05,-9.362326E-07,-9.900493E+01,-3.058006E+00
+5.883789E+01,+9.762254E-06,+7.230020E-06,-9.830988E+01,+6.374642E-01
+5.908203E+01,-8.810663E-06,-7.785628E-06,-9.859354E+01,-2.417879E+00
+5.932617E+01,+5.650192E-06,+8.885480E-06,-9.955161E+01,+1.004404E+00
+5.957031E+01,+9.877812E-06,-1.458854E-05,-9.508083E+01,-9.756097E-01
+5.981445E+01,-1.579480E-05,+1.715722E-05,-9.264523E+01,+2.314873E+00
+6.005859E+01,+9.201623E-06,-1.396154E-05,-9.553471E+01,-9.880719E-01
+6.030273E+01,-3.248416E-06,+6.330205E-06,-1.029565E+02,+2.044918E+00
+6.054688E+01,-2.177763E-06,-1.852317E-06,-1.108758E+02,-2.436774E+00
+6.079102E+01,-9.053247E-07,+3.179857E-06,-1.096134E+02,+1.848164E+00
+6.103516E+01,+9.039465E-06,-5.430897E-06,-9.953870E+01,-5.410064E-01
+6.127930E+01,-8.287136E-06,+8.524348E-06,-9.849731E+01,+2.342085E+00
+6.152344E+01,+3.286409E-06,-1.074805E-05,-9.898524E+01,-1.274056E+00
+6.176758E+01,+7.841897E-07,+7.886637E-06,-1.020194E+02,+1.471689E+00
+6.201172E+01,-3.176648E-07,-3.581535E-06,-1.088846E+02,-1.659260E+00
+6.225586E+01,-1.060762E-06,-3.994456E-07,-1.189117E+02,-2.781451E+00
+6.250000E+01,-1.487075E-07,+6.399760E-06,-1.038744E+02,+1.594029E+00
+6.274414E+01,-5.903559E-06,-6.883268E-06,-1.008496E+02,-2.279725E+00
+6.298828E+01,+1.342435E-05,-1.151384E-06,-9.741031E+01,-8.555891E-02
+6.323242E+01,-1.322947E-05,+2.043270E-06,-9.746677E+01,+2.988355E+00
+6.347656E+01,+1.213762E-05,+3.731796E-06,-9.792505E+01,+2.982838E-01
+6.372070E+01,-3.933667E-06,-6.068583E-06,-1.028149E+02,-2.145906E+00
+6.396484E+01,-5.992451E-06,+5.862087E-06,-1.015321E+02,+2.367191E+00
+6.420898E+01,+6.776921E-06,-9.267363E-07,-1.032989E+02,-1.359059E-01
+6.445312E+01,-6.740715E-06,-5.257348E-06,-1.013622E+02,-2.479204E+00
+6.469727E+01,+2.235795E-06,+4.360413E-06,-1.061957E+02,+1.097002E+00
+6.494141E+01,+6.214859E-06,-3.649190E-06,-1.028449E+02,-5.309336E-01
+6.518555E+01,-6.097860E-06,+4.406266E-06,-1.024719E+02,+2.515864E+00
+6.542969E+01,-1.981608E-06,-1.372005E-06,-1.123589E+02,-2.536006E+00
+6.567383E+01,+9.792604E-06,-1.939518E-06,-1.000149E+02,-1.955290E-01
+6.591797E+01,-1.292413E-05,+7.100243E-06,-9.662647E+01,+2.639226E+00
+6.616211E+01,+8.232396E-06,-9.806873E-06,-9.785297E+01,-8.724580E-01
+6.640625E+01,+2.802169E-06,+6.001074E-06,-1.035788E+02,+1.133941E+00
+6.665039E+01,-5.899131E-06,-5.957910E-06,-1.015307E+02,-2.351237E+00
+6.689453E+01,-3.021528E-06,+7.262031E-06,-1.020854E+02,+1.965081E+00
+6.713867E+01,+1.105108E-05,-3.043868E-06,-9.881432E+01,-2.687717E-01
+6.738281E+01,-1.151839E-05,-2.322583E-06,-9.859908E+01,-2.942620E+00
+6.762695E+01,+7.510320E-06,+5.859770E-06,-1.004219E+02,+6.625687E-01
+6.787109E+01,-3.412598E-06,-6.220912E-06,-1.029804E+02,-2.072540E+00
+6.811523E+01,+4.100047E-06,+9.755100E-07,-1.075051E+02,+2.335835E-01
+6.835938E+01,-5.099525E-06,-6.363765E-07,-1.057823E+02,-3.017443E+00
+6.860352E+01,+3.340856E-07,+8.637431E-07,-1.206668E+02,+1.201731E+00
+6.884766E+01,-2.219093E-06,+2.125183E-06,-1.102499E+02,+2.377808E+00
+6.909180E+01,+1.011861E-05,+1.174238E-06,-9.983949E+01,+1.155306E-01
+6.933594E+01,-3.346414E-06,+1.267020E-06,-1.089266E+02,+2.779652E+00
+6.958008E+01,-9.703379E-06,-3.622826E-06,-9.969479E+01,-2.784263E+00
+6.982422E+01,+9.609530E-06,-3.687685E-06,-9.974931E+01,-3.664223E-01
+7.006836E+01,-2.095572E-06,+6.653933E-06,-1.031277E+02,+1.875900E+00
+7.031250E+01,+7.285965E-07,-5.516979E-06,-1.050909E+02,-1.439492E+00
+7.055664E+01,-4.574510E-06,+1.475871E-06,-1.063631E+02,+2.829506E+00
+7.080078E+01,-7.302835E-07,+5.076186E-06,-1.058003E+02,+1.713681E+00
+7.104492E+01,+8.848516E-06,-7.721796E-06,-9.860365E+01,-7.175063E-01
+7.128906E+01,-5.282019E-06,+6.078458E-06,-1.018811E+02,+2.286203E+00
+7.153320E+01,+3.575617E-07,-4.445989E-06,-1.070126E+02,-1.490546E+00
+7.177734E+01,+1.216332E-06,-7.141189E-07,-1.170127E+02,-5.308866E-01
+7.202148E+01,-3.457057E-06,+5.631435E-06,-1.035987E+02,+2.121363E+00
+7.226562E+01,+5.031405E-06,-1.315150E-06,-1.056792E+02,-2.556680E-01
+7.250977E+01,-7.651502E-06,-6.387981E-06,-1.000282E+02,-2.445950E+00
+7.275391E+01,+4.158654E-06,+8.269378E-06,-1.006714E+02,+1.104833E+00
+7.299805E+01,+2.544739E-06,-3.902936E-06,-1.066337E+02,-9.930120E-01
+7.324219E+01,-4.083228E-06,-5.183742E-07,-1.077105E+02,-3.015316E+00
+7.348633E+01,+5.133816E-06,-2.370467E-06,-1.049519E+02,-4.325706E-01
+7.373047E+01,-2.752966E-06,+4.226767E-06,-1.059441E+02,+2.148097E+00
+7.397461E+01,-6.137207E-06,+1.274671E-06,-1.040572E+02,+2.936809E+00
+7.421875E+01,+5.712813E-06,-6.235850E-06,-1.014556E+02,-8.291439E-01
+7.446289E+01,+4.272898E-06,+6.248953E-06,-1.024179E+02,+9.710405E-01
+7.470703E+01,-8.444956E-06,-3.043513E-07,-1.014624E+02,-3.105569E+00
+7.495117E+01,+9.584665E-06,-6.485379E-06,-9.873135E+01,-5.948763E-01
+7.519531E+01,-1.190013E-05,+8.997712E-06,-9.652530E+01,+2.494198E+00
+7.543945E+01,+1.216600E-05,-5.127306E-06,-9.758701E+01,-3.988560E-01
+7.568359E+01,-5.969826E-06,+3.245598E-06,-1.033561E+02,+2.643625E+00
+7.592773E+01,-5.681928E-06,-4.499204E-06,-1.027962E+02,-2.471844E+00
+7.617188E+01,+8.336830E-06,-1.055338E-06,-1.015109E+02,-1.259176E-01
+7.641602E+01,-7.301119E-06,+6.065551E-06,-1.004529E+02,+2.448369E+00
+7.666016E+01,+9.577948E-06,-5.989525E-06,-9.894111E+01,-5.588476E-01
+7.690430E+01,-3.436611E-06,+4.732381E-06,-1.046590E+02,+2.198884E+00
+7.714844E+01,-4.499736E-06,-3.977385E-06,-1.044289E+02,-2.417736E+00
+7.739258E+01,+1.830221E-06,-1.760271E-07,-1.147099E+02,-9.588313E-02
+7.763672E+01,+3.711999E-06,+1.054663E-05,-9.903054E+01,+1.232376E+00
+7.788086E+01,-7.580094E-06,-1.495316E-05,-9.551209E+01,-2.039967E+00
+7.812500E+01,+6.096244E-06,+8.903256E-06,-9.933926E+01,+9.703987E-01
+7.836914E+01,+6.682115E-07,-1.206592E-06,-1.172070E+02,-1.065040E+00
+7.861328E+01,-3.147731E-06,-7.593994E-06,-1.017020E+02,-1.963742E+00
+7.885742E+01,-3.762527E-07,+1.474260E-05,-9.662569E+01,+1.596312E+00
+7.910156E+01,+5.231779E-06,-1.222510E-05,-9.752457E+01,-1.166426E+00
+7.934570E+01,-8.450458E-06,+6.216343E-06,-9.958398E+01,+2.507357E+00
+7.958984E+01,+8.992341E-06,-3.365076E-06,-1.003534E+02,-3.580830E-01
+7.983398E+01,-5.986459E-06,+6.830105E-07,-1.044004E+02,+3.027991E+00
+8.007812E+01,+6.007084E-06,+2.749525E-06,-1.036007E+02,+4.292501E-01
+8.032227E+01,-5.933259E-06,-5.154925E-06,-1.020917E+02,-2.426275E+00
+8.056641E+01,-4.323972E-07,+5.958075E-06,-1.044751E+02,+1.643243E+00
+8.081055E+01,-1.621874E-06,+2.543955E-06,-1.104085E+02,+2.138362E+00
+8.105469E+01,+6.663859E-06,-8.715122E-06,-9.919517E+01,-9.179965E-01
+8.129883E+01,-1.213460E-06,+7.265118E-06,-1.026556E+02,+1.736294E+00
+8.154297E+01,-1.158746E-06,-1.498680E-05,-9.645995E+01,-1.647961E+00
+8.178711E+01,-3.645928E-06,+1.739991E-05,-9.500245E+01,+1.777345E+00
+8.203125E+01,+5.034773E-06,-8.632738E-06,-1.000055E+02,-1.042808E+00
+8.227539E+01,-3.281679E-06,+7.714652E-07,-1.094445E+02,+2.910702E+00
+8.251953E+01,-1.396652E-06,+6.985403E-06,-1.029459E+02,+1.768133E+00
+8.276367E+01,+5.084565E-06,-4.218486E-06,-1.036003E+02,-6.925696E-01
+8.300781E+01,-6.102090E-07,-5.331564E-06,-1.054064E+02,-1.684753E+00
+8.325195E+01,-3.597728E-06,+2.913341E-06,-1.066895E+02,+2.460921E+00
+8.349609E+01,+1.749587E-06,-3.259305E-07,-1.149931E+02,-1.841788E-01
+8.374023E+01,+5.745270E-07,+5.068629E-06,-1.058467E+02,+1.457928E+00
+8.398438E+01,-1.405181E-06,-6.123020E-06,-1.040378E+02,-1.796382E+00
+8.422852E+01,-1.099806E-06,+5.965983E-06,-1.043412E+02,+1.753096E+00
+8.447266E+01,+2.146277E-06,-7.146635E-06,-1.025429E+02,-1.279046E+00
+8.471680E+01,+3.593296E-06,+1.177345E-05,-9.819513E+01,+1.274573E+00
+8.496094E+01,-3.005994E-06,-1.135814E-05,-9.859985E+01,-1.829520E+00
+8.520508E+01,-4.635964E-06,+6.294067E-06,-1.021391E+02,+2.205641E+00
+8.544922E+01,+5.039065E-06,-1.954279E-06,-1.053445E+02,-3.699675E-01
+8.569336E+01,-4.089984E-07,-5.593672E-06,-1.050229E+02,-1.643784E+00
+8.593750E+01,-6.626688E-07,+6.451047E-06,-1.037618E+02,+1.673160E+00
+8.618164E+01,-6.463829E-06,-1.595001E-06,-1.035335E+02,-2.899668E+00
+8.642578E+01,+6.638229E-06,+2.732390E-06,-1.028792E+02,+3.904785E-01
+8.666992E+01,+1.697738E-06,+2.030568E-06,-1.115456E+02,+8.744332E-01
+8.691406E+01,-7.795148E-07,-9.012344E-06,-1.008709E+02,-1.657076E+00
+8.715820E+01,+7.667080E-07,+5.690492E-06,-1.048189E+02,+1.436868E+00
+8.740234E+01,+4.307352E-07,-5.180407E-06,-1.056828E+02,-1.487840E+00
+8.764648E+01,-5.205510E-06,+5.597175E-06,-1.023340E+02,+2.319954E+00
+8.789062E+01,+3.237107E-06,-4.703005E-06,-1.048682E+02,-9.679619E-01
+8.813477E+01,+2.410820E-06,+8.643186E-06,-1.009411E+02,+1.298783E+00
+8.837891E+01,-5.788256E-06,-7.709559E-06,-1.003179E+02,-2.214803E+00
+8.862305E+01,+2.247243E-06,+1.047312E-06,-1.121134E+02,+4.361148E-01
+8.886719E+01,-5.096543E-07,+3.483603E-06,-1.090675E+02,+1.716067E+00
+8.911133E+01,+5.672656E-06,-3.001086E-07,-1.049121E+02,-5.285516E-02
+8.935547E+01,-6.746022E-06,-2.790193E-06,-1.027332E+02,-2.749413E+00
+8.959961E+01,+1.878328E-07,-3.225544E-08,-1.343984E+02,-1.700655E-01
+8.984375E+01,+3.713472E-06,+3.142132E-06,-1.062593E+02,+7.022512E-01
+9.008789E+01,+4.166766E-06,-5.842962E-06,-1.028817E+02,-9.513154E-01
+9.033203E+01,-9.644104E-06,+1.919177E-06,-1.001461E+02,+2.945159E+00
+9.057617E+01,+5.062388E-06,+3.089494E-06,-1.045379E+02,+5.479469E-01
+9.082031E+01,-8.518400E-07,+1.948056E-06,-1.134481E+02,+1.983019E+00
+9.106445E+01,-6.516654E-06,-1.334772E-06,-1.035410E+02,-2.939562E+00
+9.130859E+01,+1.254813E-05,-7.011051E-06,-9.684848E+01,-5.095230E-01
+9.155273E+01,-6.041139E-06,+9.094812E-06,-9.923684E+01,+2.157117E+00
+9.179688E+01,-4.268641E-07,-9.804186E-06,-1.001635E+02,-1.614308E+00
+9.204102E+01,+5.490330E-06,+8.012466E-06,-1.002529E+02,+9.700565E-01
+9.228516E+01,-7.537010E-06,-4.387789E-06,-1.011885E+02,-2.614390E+00
+9.252930E+01,-2.654295E-06,+3.104744E-06,-1.077768E+02,+2.278138E+00
+9.277344E+01,+1.229682E-05,+1.435665E-07,-9.820354E+01,+1.167456E-02
+9.301758E+01,-1.013872E-05,-2.971059E-06,-9.952254E+01,-2.856533E+00
+9.326172E+01,+4.816256E-06,-3.263157E-06,-1.047051E+02,-5.954856E-01
+9.350586E+01,-1.744847E-06,+1.060188E-05,-9.937627E+01,+1.733913E+00
+9.375000E+01,+1.356737E-06,-7.631151E-06,-1.022131E+02,-1.394846E+00
+9.399414E+01,-6.022285E-06,+3.487382E-06,-1.031489E+02,+2.616698E+00
+9.423828E+01,+1.812308E-06,-4.422377E-06,-1.064127E+02,-1.181867E+00
+9.448242E+01,+1.033503E-05,+8.741214E-06,-9.737023E+01,+7.020419E-01
+9.472656E+01,-9.394691E-06,-6.610497E-06,-9.879562E+01,-2.528427E+00
+9.497070E+01,+6.015184E-06,-5.413699E-06,-1.018382E+02,-7.328182E-01
+9.521484E+01,-5.215968E-06,+1.315701E-05,-9.698291E+01,+1.948230E+00
+9.545898E+01,+1.445015E-06,-5.907886E-06,-1.043190E+02,-1.330915E+00
+9.570312E+01,-1.704210E-06,-4.666393E-06,-1.060766E+02,-1.920956E+00
+9.594727E+01,+3.621468E-06,+2.986683E-06,-1.065688E+02,+6.896310E-01
+9.619141E+01,-4.293309E-06,+5.634276E-06,-1.029949E+02,+2.221932E+00
+9.643555E+01,+8.399509E-07,-1.175050E-05,-9.857674E+01,-1.499436E+00
+9.667969E+01,+4.690661E-06,+6.668822E-06,-1.017734E+02,+9.578110E-01
+9.692383E+01,-1.336189E-06,-3.313208E-06,-1.089406E+02,-1.954137E+00
+9.716797E+01,-1.565298E-07,+7.240486E-06,-1.028026E+02,+1.592412E+00
+9.741211E+01,-6.093970E-06,-4.218698E-06,-1.026016E+02,-2.536071E+00
+9.765625E+01,+3.854212E-06,-2.904666E-06,-1.063279E+02,-6.458229E-01
+9.790039E+01,+1.318717E-06,+6.297454E-06,-1.038303E+02,+1.364374E+00
+9.814453E+01,-8.700680E-07,-8.007397E-06,-1.018792E+02,-1.679030E+00
+9.838867E+01,+5.144315E-06,+7.615647E-06,-1.007334E+02,+9.767082E-01
+9.863281E+01,-9.146293E-06,-8.828348E-06,-9.791573E+01,-2.373881E+00
+9.887695E+01,+1.175828E-06,+6.780576E-06,-1.032460E+02,+1.399093E+00
+9.912109E+01,+6.030663E-06,+1.915967E-06,-1.039751E+02,+3.076190E-01
+9.936523E+01,-4.033558E-06,-1.351275E-06,-1.074243E+02,-2.818335E+00
+9.960938E+01,+2.471307E-06,-2.180675E-06,-1.096406E+02,-7.230043E-01
+9.985352E+01,-2.436996E-06,+1.859301E-06,-1.102706E+02,+2.489856E+00
+1.000977E+02,+7.054291E-08,-1.348103E-06,-1.173937E+02,-1.518516E+00
+1.003418E+02,+5.279501E-06,-3.102929E-06,-1.042595E+02,-5.313497E-01
+1.005859E+02,-7.964995E-06,+3.038656E-06,-1.013862E+02,+2.777134E+00
+1.008301E+02,-7.716098E-07,-4.148471E-06,-1.074945E+02,-1.754693E+00
+1.010742E+02,+3.221667E-06,+1.143657E-05,-9.850244E+01,+1.296213E+00
+1.013184E+02,+6.050997E-06,-1.008334E-05,-9.859215E+01,-1.030305E+00
+1.015625E+02,-9.698630E-06,+5.595254E-06,-9.901805E+01,+2.618323E+00
+1.018066E+02,+8.132530E-06,-3.142369E-06,-1.011911E+02,-3.687232E-01
+1.020508E+02,-5.386213E-07,+5.085976E-08,-1.253358E+02,+3.047446E+00
+1.022949E+02,-5.293119E-06,+6.136869E-07,-1.054678E+02,+3.026167E+00
+1.025391E+02,+1.698566E-06,-2.655038E-06,-1.100286E+02,-1.001659E+00
+1.027832E+02,-1.651804E-06,+3.699101E-06,-1.078484E+02,+1.990771E+00
+1.030273E+02,+3.525233E-06,-2.003598E-06,-1.078405E+02,-5.168291E-01
+1.032715E+02,-5.368696E-07,+1.632037E-06,-1.152992E+02,+1.888603E+00
+1.035156E+02,+1.144153E-06,+1.322186E-06,-1.151467E+02,+8.574582E-01
+1.037598E+02,+8.603046E-07,-4.809730E-06,-1.062208E+02,-1.393800E+00
+1.040039E+02,-8.476839E-06,+3.581456E-06,-1.007220E+02,+2.741842E+00
+1.042480E+02,+4.020818E-06,-3.094911E-06,-1.058930E+02,-6.560040E-01
+1.044922E+02,+4.420822E-06,-1.070994E-06,-1.068423E+02,-2.376819E-01
+1.047363E+02,-6.069161E-06,+2.613454E-06,-1.035987E+02,+2.734978E+00
+1.049805E+02,+1.685883E-06,+3.488065E-08,-1.154616E+02,+2.068689E-02
+1.052246E+02,+6.476726E-06,-1.933527E-07,-1.037690E+02,-2.984459E-02
+1.054688E+02,-1.020442E-05,-2.033622E-06,-9.965508E+01,-2.944881E+00
+1.057129E+02,+3.949719E-06,+3.131991E-06,-1.059500E+02,+6.704370E-01
+1.059570E+02,+7.525891E-06,+3.820776E-08,-1.024687E+02,+5.076797E-03
+1.062012E+02,-1.072914E-05,+8.569299E-07,-9.936108E+01,+3.061893E+00
+1.064453E+02,+7.450462E-06,-1.376237E-06,-1.024106E+02,-1.826594E-01
+1.066895E+02,-6.199439E-06,-4.912396E-06,-1.020367E+02,-2.471507E+00
+1.069336E+02,+2.764927E-06,+1.492856E-05,-9.637317E+01,+1.387661E+00
+1.071777E+02,-1.439078E-06,-1.785145E-05,-9.493840E+01,-1.651236E+00
+1.074219E+02,+2.450964E-06,+1.539741E-05,-9.614238E+01,+1.412940E+00
+1.076660E+02,-4.490823E-06,-1.025469E-05,-9.901958E+01,-1.983567E+00
+1.079102E+02,+6.145279E-06,-1.792014E-06,-1.038747E+02,-2.837403E-01
+1.081543E+02,-8.378804E-07,+7.436437E-06,-1.025179E+02,+1.682995E+00
+1.083984E+02,+1.284014E-06,-4.119085E-06,-1.073012E+02,-1.268619E+00
+1.086426E+02,-7.795531E-06,+8.171855E-06,-9.894321E+01,+2.332631E+00
+1.088867E+02,+5.372967E-06,-1.561142E-05,-9.564498E+01,-1.239326E+00
+1.091309E+02,-4.515573E-06,+1.096306E-05,-9.852080E+01,+1.961510E+00
+1.093750E+02,+5.267812E-06,-2.024980E-06,-1.049689E+02,-3.669916E-01
+1.096191E+02,+5.779045E-07,-3.854841E-06,-1.081833E+02,-1.421988E+00
+1.098633E+02,-3.873156E-06,+5.888106E-06,-1.030390E+02,+2.152631E+00
+1.101074E+02,+3.580173E-06,-2.112374E-06,-1.076246E+02,-5.330491E-01
+1.103516E+02,-3.199804E-06,-3.102288E-06,-1.070196E+02,-2.371667E+00
+1.105957E+02,+4.739980E-06,+5.437600E-06,-1.028371E+02,+8.538359E-01
+1.108398E+02,-5.931955E-06,-8.772274E-07,-1.044421E+02,-2.994775E+00
+1.110840E+02,+2.241950E-06,+6.939046E-08,-1.129833E+02,+3.094106E-02
+1.113281E+02,+2.247281E-06,-3.663232E-06,-1.073354E+02,-1.020532E+00
+1.115723E+02,-4.187675E-06,+3.180458E-07,-1.075356E+02,+3.065790E+00
+1.118164E+02,+5.047351E-07,+5.564744E-06,-1.050555E+02,+1.480342E+00
+1.120605E+02,-1.459273E-06,-6.385309E-06,-1.036753E+02,-1.795474E+00
+1.123047E+02,+8.597717E-06,+6.762281E-06,-9.922090E+01,+6.664675E-01
+1.125488E+02,-5.524289E-06,-6.468656E-06,-1.014049E+02,-2.277613E+00
+1.127930E+02,-2.414089E-06,-2.469122E-07,-1.122997E+02,-3.039667E+00
+1.130371E+02,+8.977851E-06,+8.711546E-06,-9.805505E+01,+7.703448E-01
+1.132812E+02,-1.119698E-05,-1.151433E-05,-9.588461E+01,-2.342222E+00
+1.135254E+02,+4.397917E-06,+1.038302E-05,-9.895688E+01,+1.170139E+00
+1.137695E+02,+3.607915E-06,-7.818509E-06,-1.012991E+02,-1.138455E+00
+1.140137E+02,-6.952441E-06,+5.518847E-06,-1.010351E+02,+2.470644E+00
+1.142578E+02,+5.100213E-06,-4.946012E-06,-1.029692E+02,-7.700502E-01
+1.145020E+02,-8.484147E-07,+7.423625E-07,-1.189589E+02,+2.422763E+00
+1.147461E+02,-1.256851E-06,+1.927771E-06,-1.127605E+02,+2.148556E+00
+1.149902E+02,+2.086704E-06,+8.522129E-08,-1.136035E+02,+4.081745E-02
+1.152344E+02,-5.331227E-06,+5.969542E-07,-1.054093E+02,+3.030084E+00
+1.154785E+02,+6.169959E-06,-2.804225E-06,-1.033788E+02,-4.265869E-01
+1.157227E+02,-3.280921E-07,+4.177934E-06,-1.075541E+02,+1.649165E+00
+1.159668E+02,-3.835366E-06,+9.421426E-07,-1.080694E+02,+2.900716E+00
+1.162109E+02,+2.607454E-06,-1.479751E-06,-1.104631E+02,-5.161855E-01
+1.164551E+02,-3.383182E-06,-3.331363E-06,-1.064697E+02,-2.363912E+00
+1.166992E+02,+5.612499E-06,+3.060487E-06,-1.038863E+02,+4.992265E-01
+1.169434E+02,+9.106415E-07,-4.485950E-07,-1.198695E+02,-4.577216E-01
+1.171875E+02,-6.913903E-06,-1.160883E-06,-1.030848E+02,-2.975239E+00
+1.174316E+02,+6.409713E-06,-4.066306E-07,-1.038458E+02,-6.335485E-02
+1.176758E+02,-1.059323E-08,-7.937810E-07,-1.220052E+02,-1.584141E+00
+1.179199E+02,-5.292241E-06,+4.955694E-06,-1.027929E+02,+2.389023E+00
+1.181641E+02,-1.528619E-06,-2.502479E-06,-1.106555E+02,-2.119150E+00
+1.184082E+02,+1.034750E-06,-4.572105E-06,-1.065807E+02,-1.348228E+00
+1.186523E+02,+7.095499E-06,+4.065414E-06,-1.017474E+02,+5.202973E-01
+1.188965E+02,-3.653545E-06,-1.861328E-06,-1.077436E+02,-2.670407E+00
+1.191406E+02,-5.451646E-06,+6.166907E-07,-1.052142E+02,+3.028951E+00
+1.193848E+02,+8.429424E-06,+2.264824E-06,-1.011813E+02,+2.624818E-01
+1.196289E+02,-1.312777E-06,-2.514571E-06,-1.109440E+02,-2.051942E+00
+1.198730E+02,-9.407458E-06,+3.900634E-06,-9.984158E+01,+2.748536E+00
+1.201172E+02,+1.042895E-05,+1.600335E-06,-9.953411E+01,+1.522635E-01
+1.203613E+02,-1.005071E-06,-9.766705E-06,-1.001593E+02,-1.673343E+00
+1.206055E+02,-4.802973E-06,+1.005208E-05,-9.906183E+01,+2.016534E+00
+1.208496E+02,+8.010184E-06,-8.832206E-06,-9.847189E+01,-8.341662E-01
+1.210938E+02,-5.788066E-06,+7.888097E-06,-1.001898E+02,+2.203830E+00
+1.213379E+02,+1.286700E-06,-5.726265E-06,-1.046286E+02,-1.349766E+00
+1.215820E+02,-1.974460E-06,+3.296363E-06,-1.083078E+02,+2.110466E+00
+1.218262E+02,+1.502716E-06,-3.585076E-07,-1.162221E+02,-2.341954E-01
+1.220703E+02,+1.074956E-06,+1.368568E-06,-1.151877E+02,+9.049841E-01
+1.223145E+02,-3.712955E-06,-8.188135E-06,-1.009242E+02,-1.996520E+00
+1.225586E+02,+4.246861E-06,+8.903090E-06,-1.001188E+02,+1.125710E+00
+1.228027E+02,+2.551616E-06,-8.689017E-06,-1.008614E+02,-1.285166E+00
+1.230469E+02,-5.306704E-06,+1.368574E-05,-9.666632E+01,+1.940701E+00
+1.232910E+02,+9.020112E-07,-1.117869E-05,-9.900400E+01,-1.490281E+00
+1.235352E+02,-2.940055E-06,-1.317270E-06,-1.098384E+02,-2.720368E+00
+1.237793E+02,+1.662508E-06,+1.327247E-05,-9.747336E+01,+1.446185E+00
+1.240234E+02,+9.786966E-06,-1.373537E-05,-9.546001E+01,-9.517056E-01
+1.242676E+02,-6.653333E-06,+9.765152E-06,-9.855037E+01,+2.168885E+00
+1.245117E+02,-4.628777E-06,-1.521104E-05,-9.597221E+01,-1.866197E+00
+1.247559E+02,+1.525178E-06,+1.452666E-05,-9.670907E+01,+1.466188E+00
+1.250000E+02,-2.205250E-06,-5.087554E-06,-1.051221E+02,-1.979811E+00
+1.252441E+02,+6.960321E-06,+2.991844E-06,-1.024111E+02,+4.059654E-01
+1.254883E+02,-1.974707E-06,-1.941405E-06,-1.111529E+02,-2.364698E+00
+1.257324E+02,-1.229841E-06,+1.179436E-06,-1.153707E+02,+2.377113E+00
+1.259766E+02,+9.528305E-07,-8.228120E-06,-1.016361E+02,-1.455508E+00
+1.262207E+02,-8.324228E-07,+4.798489E-06,-1.062491E+02,+1.742563E+00
+1.264648E+02,+3.413466E-07,+6.229110E-06,-1.040985E+02,+1.516052E+00
+1.267090E+02,+3.489206E-06,+7.345191E-07,-1.089571E+02,+2.074824E-01
+1.269531E+02,-1.047110E-05,-7.711641E-06,-9.771822E+01,-2.506808E+00
+1.271973E+02,+9.976219E-06,-6.019631E-07,-1.000049E+02,-6.026673E-02
+1.274414E+02,-3.945637E-06,+1.219665E-06,-1.076813E+02,+2.841793E+00
+1.276855E+02,+4.676543E-07,+5.937030E-06,-1.045018E+02,+1.492190E+00
+1.279297E+02,-3.491070E-07,-5.022545E-06,-1.059606E+02,-1.640193E+00
+1.281738E+02,+1.160506E-06,-1.961862E-06,-1.128436E+02,-1.036626E+00
+1.284180E+02,+1.077321E-06,+5.488866E-06,-1.050462E+02,+1.376986E+00
+1.286621E+02,-3.476628E-06,-5.868412E-06,-1.033231E+02,-2.105632E+00
+1.289062E+02,+5.393389E-07,+2.905929E-06,-1.105872E+02,+1.387285E+00
+1.291504E+02,+3.246408E-06,+1.511017E-06,-1.089203E+02,+4.356216E-01
+1.293945E+02,-4.239188E-06,-3.897895E-06,-1.047933E+02,-2.398113E+00
+1.296387E+02,-5.347312E-06,+5.824238E-06,-1.020401E+02,+2.313529E+00
+1.298828E+02,+1.269382E-05,-1.762461E-06,-9.784523E+01,-1.379620E-01
+1.301270E+02,+8.758893E-07,-5.910631E-06,-1.044730E+02,-1.423678E+00
+1.303711E+02,-8.231162E-06,+3.300484E-06,-1.010433E+02,+2.760247E+00
+1.306152E+02,-3.363751E-07,+2.838776E-06,-1.108768E+02,+1.688739E+00
+1.308594E+02,+3.721972E-06,+8.649727E-07,-1.083561E+02,+2.283431E-01
+1.311035E+02,-5.118372E-06,-4.923351E-06,-1.029725E+02,-2.375613E+00
+1.313477E+02,+3.800530E-06,+6.115759E-07,-1.082921E+02,+1.595508E-01
+1.315918E+02,+4.268979E-06,-8.953050E-08,-1.073916E+02,-2.096928E-02
+1.318359E+02,-4.646053E-06,+5.728059E-06,-1.026443E+02,+2.252272E+00
+1.320801E+02,-3.961107E-06,-9.734000E-06,-9.956870E+01,-1.957267E+00
+1.323242E+02,+2.719699E-06,+9.698046E-06,-9.993752E+01,+1.297382E+00
+1.325684E+02,+3.430764E-06,-2.195358E-06,-1.078016E+02,-5.692447E-01
+1.328125E+02,+2.731688E-06,-3.529800E-06,-1.070068E+02,-9.121782E-01
+1.330566E+02,-1.115697E-05,+2.807516E-06,-9.878243E+01,+2.895073E+00
+1.333008E+02,+4.555396E-06,-3.528070E-06,-1.047888E+02,-6.589860E-01
+1.335449E+02,+2.455374E-06,+7.042365E-06,-1.025474E+02,+1.235318E+00
+1.337891E+02,+3.045826E-06,-1.028811E-05,-9.938841E+01,-1.282964E+00
+1.340332E+02,-3.334495E-06,+1.404395E-06,-1.088302E+02,+2.742969E+00
+1.342773E+02,-2.689154E-06,+9.756022E-06,-9.989651E+01,+1.839758E+00
+1.345215E+02,-2.248342E-06,-5.432146E-06,-1.046139E+02,-1.963224E+00
+1.347656E+02,+1.278428E-05,-3.827265E-06,-9.749371E+01,-2.908811E-01
+1.350098E+02,-1.386097E-05,+9.153699E-06,-9.559222E+01,+2.557945E+00
+1.352539E+02,+9.235005E-06,-9.859372E-06,-9.738755E+01,-8.180855E-01
+1.354980E+02,-8.044000E-06,+5.049314E-06,-1.004479E+02,+2.581046E+00
+1.357422E+02,+3.911594E-06,-1.111953E-06,-1.078154E+02,-2.769649E-01
+1.359863E+02,-5.031872E-06,-2.002010E-06,-1.053272E+02,-2.762928E+00
+1.362305E+02,+1.050745E-05,+1.113958E-05,-9.629864E+01,+8.145916E-01
+1.364746E+02,-8.118648E-06,-1.077218E-05,-9.740043E+01,-2.216641E+00
+1.367188E+02,+3.727283E-06,-5.681714E-07,-1.084724E+02,-1.512713E-01
+1.369629E+02,+2.908703E-06,+2.209114E-06,-1.087482E+02,+6.495434E-01
+1.372070E+02,-4.592163E-06,+5.504125E-06,-1.028918E+02,+2.266113E+00
+1.374512E+02,-4.714088E-07,-5.068465E-06,-1.058651E+02,-1.663538E+00
+1.376953E+02,+2.567693E-08,+6.182372E-07,-1.241694E+02,+1.529288E+00
+1.379395E+02,+8.064365E-06,-8.948721E-07,-1.018154E+02,-1.105141E-01
+1.381836E+02,-8.088631E-06,-8.619645E-07,-1.017935E+02,-3.035428E+00
+1.384277E+02,-3.766400E-06,+1.646052E-06,-1.077224E+02,+2.729572E+00
+1.386719E+02,+8.030772E-06,-4.191933E-06,-1.008584E+02,-4.810796E-01
+1.389160E+02,-9.257407E-06,+5.303152E-06,-9.943771E+01,+2.621372E+00
+1.391602E+02,+1.304174E-05,-1.251092E-06,-9.765351E+01,-9.563723E-02
+1.394043E+02,-1.087996E-05,-2.860435E-06,-9.897719E+01,-2.884502E+00
+1.396484E+02,+6.216244E-06,-5.098184E-07,-1.041003E+02,-8.183075E-02
+1.398926E+02,-5.618346E-06,+8.523259E-06,-9.982083E+01,+2.153597E+00
+1.401367E+02,+6.501115E-06,-6.035945E-06,-1.010404E+02,-7.483116E-01
+1.403809E+02,-8.566279E-06,-5.188847E-06,-9.998676E+01,-2.596971E+00
+1.406250E+02,+8.742782E-06,+1.399572E-05,-9.564926E+01,+1.012430E+00
+1.408691E+02,-5.598180E-06,-1.395239E-05,-9.645875E+01,-1.952366E+00
+1.411133E+02,+3.202241E-06,+7.546023E-06,-1.017265E+02,+1.169467E+00
+1.413574E+02,-1.781066E-06,+2.237233E-06,-1.108738E+02,+2.243156E+00
+1.416016E+02,-4.167368E-06,+1.826164E-07,-1.075944E+02,+3.097800E+00
+1.418457E+02,+8.992802E-06,-1.154685E-05,-9.669180E+01,-9.091103E-01
+1.420898E+02,-1.187960E-06,+1.531849E-05,-9.626965E+01,+1.648192E+00
+1.423340E+02,-6.710552E-06,-1.225564E-05,-9.709449E+01,-2.071755E+00
+1.425781E+02,+4.011951E-06,+9.791243E-06,-9.950921E+01,+1.181914E+00
+1.428223E+02,+1.957903E-06,-1.101847E-05,-9.902257E+01,-1.394939E+00
+1.430664E+02,-1.996542E-06,+1.362797E-05,-9.721915E+01,+1.716265E+00
+1.433105E+02,-5.667484E-07,-1.231418E-05,-9.818271E+01,-1.616788E+00
+1.435547E+02,-4.801586E-06,+9.691688E-07,-1.061989E+02,+2.942425E+00
+1.437988E+02,+8.106015E-06,+1.088789E-05,-9.734584E+01,+9.308257E-01
+1.440430E+02,-9.907351E-07,-1.154954E-05,-9.871687E+01,-1.656368E+00
+1.442871E+02,-6.410105E-06,+4.506644E-06,-1.021184E+02,+2.528821E+00
+1.445312E+02,+4.969320E-06,+3.161336E-06,-1.045982E+02,+5.665919E-01
+1.447754E+02,-1.514578E-06,-5.751153E-06,-1.045137E+02,-1.828302E+00
+1.450195E+02,+3.200448E-06,+6.390988E-06,-1.029168E+02,+1.106529E+00
+1.452637E+02,-2.190399E-06,-8.523758E-06,-1.011097E+02,-1.822330E+00
+1.455078E+02,+2.523041E-06,+6.315481E-06,-1.033488E+02,+1.190720E+00
+1.457520E+02,-2.076447E-06,-1.064800E-06,-1.126397E+02,-2.667758E+00
+1.459961E+02,-4.393121E-06,+1.678405E-06,-1.065528E+02,+2.776653E+00
+1.462402E+02,+7.785486E-06,+5.200386E-07,-1.021550E+02,+6.669683E-02
+1.464844E+02,-9.191781E-06,-7.533376E-06,-9.850040E+01,-2.455028E+00
+1.467285E+02,+9.021300E-06,+5.560418E-06,-9.949612E+01,+5.523661E-01
+1.469727E+02,-3.326028E-06,+1.114500E-08,-1.095614E+02,+3.138242E+00
+1.472168E+02,-9.716483E-07,-7.453983E-07,-1.182399E+02,-2.487207E+00
+1.474609E+02,+5.000598E-06,+4.756214E-06,-1.032214E+02,+7.603559E-01
+1.477051E+02,-4.677328E-06,-7.311974E-06,-1.012296E+02,-2.139883E+00
+1.479492E+02,+1.425796E-06,+3.663194E-07,-1.166412E+02,+2.514835E-01
+1.481934E+02,-8.295214E-06,+5.180020E-06,-1.001935E+02,+2.583383E+00
+1.484375E+02,+1.093480E-05,-4.937201E-06,-9.841801E+01,-4.241113E-01
+1.486816E+02,+2.440329E-07,+6.157426E-06,-1.042052E+02,+1.531185E+00
+1.489258E+02,-5.947619E-06,-7.857570E-06,-1.001271E+02,-2.218717E+00
+1.491699E+02,+4.281325E-06,+4.227630E-06,-1.044126E+02,+7.790878E-01
+1.494141E+02,-2.668526E-06,-1.095652E-06,-1.107980E+02,-2.751996E+00
+1.496582E+02,+2.292657E-08,+5.585380E-06,-1.050589E+02,+1.566692E+00
+1.499023E+02,+4.960829E-06,-4.360218E-06,-1.036030E+02,-7.210511E-01
+1.501465E+02,-7.303084E-06,+1.517317E-07,-1.027280E+02,+3.120819E+00
+1.503906E+02,+8.811746E-06,-1.545149E-07,-1.010974E+02,-1.753330E-02
+1.506348E+02,-1.117284E-05,+1.143374E-06,-9.899148E+01,+3.039613E+00
+1.508789E+02,+9.161538E-06,-5.990284E-06,-9.921480E+01,-5.790778E-01
+1.511230E+02,-6.504676E-06,+4.736999E-06,-1.018876E+02,+2.512161E+00
+1.513672E+02,+7.940339E-06,+2.300130E-06,-1.016533E+02,+2.819591E-01
+1.516113E+02,-5.703589E-06,-3.051041E-06,-1.037841E+02,-2.650390E+00
+1.518555E+02,-1.180193E-06,+2.691222E-06,-1.106371E+02,+1.984074E+00
+1.520996E+02,+1.237141E-06,-5.603520E-06,-1.048241E+02,-1.353503E+00
+1.523438E+02,+1.425566E-06,-1.113399E-06,-1.148520E+02,-6.630616E-01
+1.525879E+02,-1.119553E-06,+3.990527E-06,-1.076503E+02,+1.844317E+00
+1.528320E+02,+2.175003E-06,+4.345670E-06,-1.062680E+02,+1.106750E+00
+1.530762E+02,-1.463193E-06,-4.384707E-06,-1.067027E+02,-1.892880E+00
+1.533203E+02,-1.447867E-06,+2.560637E-06,-1.106282E+02,+2.085410E+00
+1.535645E+02,+4.737764E-06,-4.312843E-06,-1.038672E+02,-7.384831E-01
+1.538086E+02,-3.025725E-06,-5.307418E-07,-1.102518E+02,-2.967949E+00
+1.540527E+02,-1.284193E-06,+3.137772E-06,-1.093950E+02,+1.959268E+00
+1.542969E+02,+2.216983E-06,+3.830602E-06,-1.070800E+02,+1.046144E+00
+1.545410E+02,-4.542418E-06,-6.490242E-06,-1.020234E+02,-2.181445E+00
+1.547852E+02,+7.313201E-06,+8.663188E-07,-1.026573E+02,+1.179101E-01
+1.550293E+02,-4.793384E-06,-5.122463E-07,-1.063378E+02,-3.035131E+00
+1.552734E+02,-1.152288E-06,+6.802490E-06,-1.032238E+02,+1.738595E+00
+1.555176E+02,+5.198616E-06,-9.975986E-06,-9.897752E+01,-1.090401E+00
+1.557617E+02,-9.653387E-07,+1.615984E-06,-1.145059E+02,+2.109279E+00
+1.560059E+02,-5.957525E-07,+9.177767E-06,-1.007270E+02,+1.635618E+00
+1.562500E+02,-2.937436E-06,-5.945039E-06,-1.035682E+02,-2.029712E+00
+1.564941E+02,+1.210585E-06,-1.963151E-06,-1.127413E+02,-1.018221E+00
+1.567383E+02,-1.500355E-06,-2.925721E-06,-1.096614E+02,-2.044644E+00
+1.569824E+02,-3.031116E-06,+8.861722E-06,-1.005691E+02,+1.900368E+00
+1.572266E+02,+1.305545E-05,-5.620483E-06,-9.694574E+01,-4.065273E-01
+1.574707E+02,-1.013310E-05,-2.051434E-06,-9.971071E+01,-2.941844E+00
+1.577148E+02,+2.054621E-06,+7.812533E-06,-1.018537E+02,+1.313629E+00
+1.579590E+02,-2.835856E-06,-8.690837E-06,-1.007794E+02,-1.886207E+00
+1.582031E+02,+2.411046E-06,+6.521947E-06,-1.031561E+02,+1.216696E+00
+1.584473E+02,+2.032912E-06,-4.032244E-06,-1.069055E+02,-1.103823E+00
+1.586914E+02,-3.105710E-06,+2.961533E-06,-1.073480E+02,+2.379953E+00
+1.589355E+02,+1.015624E-06,+2.934045E-06,-1.101592E+02,+1.237554E+00
+1.591797E+02,+3.580128E-06,-7.379921E-06,-1.017211E+02,-1.119126E+00
+1.594238E+02,-7.365807E-06,+1.998812E-06,-1.023470E+02,+2.876610E+00
+1.596680E+02,+6.584720E-06,-2.165515E-06,-1.031833E+02,-3.177279E-01
+1.599121E+02,-1.306094E-06,+6.052821E-06,-1.041632E+02,+1.783320E+00
+1.601562E+02,-1.201410E-06,-3.890994E-06,-1.078033E+02,-1.870276E+00
+1.604004E+02,-1.158427E-07,+9.753353E-07,-1.201561E+02,+1.689015E+00
+1.606445E+02,-2.663766E-06,-5.676138E-06,-1.040545E+02,-2.009577E+00
+1.608887E+02,+2.773062E-06,+1.178499E-05,-9.833937E+01,+1.339696E+00
+1.611328E+02,-1.592206E-06,-7.084952E-06,-1.027793E+02,-1.791855E+00
+1.613770E+02,+2.726787E-06,-1.640635E-06,-1.099452E+02,-5.416490E-01
+1.616211E+02,+9.950695E-07,+3.695692E-06,-1.083421E+02,+1.307783E+00
+1.618652E+02,-2.803937E-06,+1.627687E-06,-1.097834E+02,+2.615634E+00
+1.621094E+02,-3.418589E-06,-2.979603E-06,-1.068688E+02,-2.424698E+00
+1.623535E+02,+6.175405E-06,-4.485806E-06,-1.023464E+02,-6.282244E-01
+1.625977E+02,-6.419476E-06,+2.229480E-06,-1.033554E+02,+2.807326E+00
+1.628418E+02,+3.884146E-06,+5.376588E-06,-1.035660E+02,+9.451823E-01
+1.630859E+02,+2.236233E-06,-1.195876E-06,-1.119173E+02,-4.910773E-01
+1.633301E+02,-6.093988E-06,-1.695899E-06,-1.039780E+02,-2.870170E+00
+1.635742E+02,+1.273688E-05,-1.929238E-06,-9.780022E+01,-1.503260E-01
+1.638184E+02,-1.035320E-05,+1.706616E-06,-9.958207E+01,+2.978222E+00
+1.640625E+02,-1.417221E-06,-3.317117E-06,-1.088566E+02,-1.974567E+00
+1.643066E+02,+3.585153E-08,+6.955333E-06,-1.031535E+02,+1.565642E+00
+1.645508E+02,+6.259960E-06,-3.919350E-06,-1.026322E+02,-5.593887E-01
+1.647949E+02,-5.792511E-06,-2.551414E-06,-1.039726E+02,-2.726694E+00
+1.650391E+02,+3.439160E-07,+6.377566E-06,-1.038943E+02,+1.516923E+00
+1.652832E+02,+2.571257E-06,-6.110836E-06,-1.035701E+02,-1.172514E+00
+1.655273E+02,+1.734090E-06,+3.295669E-06,-1.085797E+02,+1.086431E+00
+1.657715E+02,-4.209714E-06,-2.613552E-06,-1.060991E+02,-2.585992E+00
+1.660156E+02,-1.590541E-08,+4.225395E-07,-1.274765E+02,+1.608421E+00
+1.662598E+02,+1.606365E-06,+3.285876E-06,-1.087363E+02,+1.116093E+00
+1.665039E+02,-9.187800E-07,-2.808099E-06,-1.105901E+02,-1.887007E+00
+1.667480E+02,+2.702803E-06,+2.834919E-06,-1.081412E+02,+8.092511E-01
+1.669922E+02,+1.398679E-06,-3.179627E-06,-1.091842E+02,-1.156384E+00
+1.672363E+02,-1.150024E-05,+1.452034E-06,-9.871718E+01,+3.015996E+00
+1.674805E+02,+7.534406E-06,-1.375958E-06,-1.023165E+02,-1.806328E-01
+1.677246E+02,+4.278600E-06,+1.342263E-08,-1.073739E+02,+3.137144E-03
+1.679688E+02,+2.570995E-06,+3.969924E-06,-1.065033E+02,+9.960973E-01
+1.682129E+02,-1.263864E-05,-1.440285E-06,-9.790996E+01,-3.028123E+00
+1.684570E+02,+7.734796E-06,-2.480620E-06,-1.018058E+02,-3.103461E-01
+1.687012E+02,-2.743983E-06,+2.472180E-07,-1.111973E+02,+3.051741E+00
+1.689453E+02,-2.519525E-06,+4.804795E-06,-1.053115E+02,+2.053755E+00
+1.691895E+02,+5.181392E-06,-5.485662E-06,-1.024459E+02,-8.139147E-01
+1.694336E+02,-1.451613E-06,-2.620191E-06,-1.104708E+02,-2.076713E+00
+1.696777E+02,+3.053806E-06,+1.017084E-05,-9.947800E+01,+1.279109E+00
+1.699219E+02,-8.896764E-06,-4.990158E-06,-9.982741E+01,-2.630423E+00
+1.701660E+02,+5.566295E-06,-5.609705E-06,-1.020445E+02,-7.892823E-01
+1.704102E+02,+4.346635E-06,+8.392397E-06,-1.004902E+02,+1.092911E+00
+1.706543E+02,-2.594100E-06,-9.493234E-07,-1.111744E+02,-2.790776E+00
+1.708984E+02,-2.215315E-06,-6.269908E-06,-1.035439E+02,-1.910430E+00
+1.711426E+02,-2.609347E-06,+7.115796E-06,-1.024076E+02,+1.922269E+00
+1.713867E+02,+8.451450E-06,-3.988287E-06,-1.005882E+02,-4.409206E-01
+1.716309E+02,-8.216617E-06,+2.437796E-06,-1.013398E+02,+2.853174E+00
+1.718750E+02,-2.853410E-06,-4.977268E-06,-1.048260E+02,-2.091343E+00
+1.721191E+02,+1.147337E-05,+1.124155E-06,-9.876469E+01,+9.766775E-02
+1.723633E+02,-4.421187E-06,+8.552217E-06,-1.003298E+02,+2.047923E+00
+1.726074E+02,-8.525593E-07,-7.517036E-06,-1.024236E+02,-1.683731E+00
+1.728516E+02,-1.952673E-06,+2.144496E-06,-1.107511E+02,+2.309410E+00
+1.730957E+02,+3.764407E-06,-2.963887E-06,-1.063912E+02,-6.669767E-01
+1.733398E+02,-7.452838E-06,+2.309032E-06,-1.021555E+02,+2.841152E+00
+1.735840E+02,+7.691644E-06,+2.534166E-06,-1.018321E+02,+3.182696E-01
+1.738281E+02,-3.030562E-06,-2.972942E-06,-1.074418E+02,-2.365792E+00
+1.740723E+02,-2.768641E-06,+4.808555E-06,-1.051162E+02,+2.093212E+00
+1.743164E+02,+6.635753E-06,-6.215058E-06,-1.008270E+02,-7.526730E-01
+1.745605E+02,-3.459834E-06,-2.192534E-06,-1.077527E+02,-2.576754E+00
+1.748047E+02,-4.996666E-06,+5.531795E-06,-1.025518E+02,+2.305411E+00
+1.750488E+02,+9.790879E-06,+3.235953E-06,-9.973334E+01,+3.192046E-01
+1.752930E+02,-5.858781E-07,-6.798478E-06,-1.033196E+02,-1.656762E+00
+1.755371E+02,-5.828243E-06,+8.423559E-07,-1.045995E+02,+2.998057E+00
+1.757812E+02,-1.083220E-06,+4.642698E-06,-1.064344E+02,+1.800013E+00
+1.760254E+02,+2.861156E-06,-5.630186E-06,-1.039919E+02,-1.100625E+00
+1.762695E+02,+4.266991E-06,+2.777236E-06,-1.058636E+02,+5.769832E-01
+1.765137E+02,-6.115433E-06,-4.885002E-07,-1.042438E+02,-3.061882E+00
+1.767578E+02,+2.351610E-06,+1.399440E-06,-1.112560E+02,+5.368078E-01
+1.770020E+02,+9.245051E-07,+7.900683E-07,-1.183006E+02,+7.071500E-01
+1.772461E+02,-2.628325E-06,-2.279165E-06,-1.091712E+02,-2.427223E+00
+1.774902E+02,-4.347510E-08,-1.317160E-06,-1.176025E+02,-1.603791E+00
+1.777344E+02,+3.515898E-06,+5.163391E-06,-1.040869E+02,+9.729853E-01
+1.779785E+02,-1.908233E-06,-4.248482E-06,-1.066372E+02,-1.992949E+00
+1.782227E+02,+3.357827E-06,-1.050055E-06,-1.090736E+02,-3.030841E-01
+1.784668E+02,-4.388010E-06,+5.157805E-06,-1.033859E+02,+2.275726E+00
+1.787109E+02,-4.613785E-06,+4.127595E-07,-1.066842E+02,+3.052368E+00
+1.789551E+02,+1.331255E-05,-3.931777E-06,-9.715157E+01,-2.871795E-01
+1.791992E+02,-6.432625E-06,-5.304257E-06,-1.015793E+02,-2.452039E+00
+1.794434E+02,-3.011841E-06,+1.022853E-05,-9.944263E+01,+1.857158E+00
+1.796875E+02,+1.682444E-07,-9.345005E-06,-1.005870E+02,-1.552795E+00
+1.799316E+02,+4.354137E-06,+9.088399E-06,-9.993288E+01,+1.124018E+00
+1.801758E+02,+1.914837E-06,+3.453854E-07,-1.142183E+02,+1.784545E-01
+1.804199E+02,-9.683858E-06,-1.293344E-05,-9.583275E+01,-2.213494E+00
+1.806641E+02,+9.223816E-06,+1.343709E-05,-9.575716E+01,+9.692260E-01
+1.809082E+02,-2.004997E-06,-2.798546E-06,-1.092621E+02,-2.192472E+00
+1.811523E+02,-4.866909E-06,-1.430407E-06,-1.058951E+02,-2.855737E+00
+1.813965E+02,+3.390026E-06,-5.517595E-06,-1.037741E+02,-1.019854E+00
+1.816406E+02,+1.682865E-06,+5.935350E-06,-1.041953E+02,+1.294515E+00
+1.818848E+02,-6.368269E-06,-4.291155E-06,-1.022938E+02,-2.548645E+00
+1.821289E+02,+9.824680E-06,+2.910984E-06,-9.978818E+01,+2.880525E-01
+1.823730E+02,-5.957442E-06,-2.869652E-07,-1.044887E+02,-3.093461E+00
+1.826172E+02,+4.133147E-06,+4.849996E-06,-1.039142E+02,+8.650287E-01
+1.828613E+02,-4.422833E-06,-1.149397E-05,-9.819092E+01,-1.938127E+00
+1.831055E+02,-8.796243E-07,+8.710083E-06,-1.011555E+02,+1.671444E+00
+1.833496E+02,+3.614862E-07,+2.326937E-06,-1.125607E+02,+1.416680E+00
+1.835938E+02,+5.516442E-06,-5.966730E-06,-1.018024E+02,-8.245909E-01
+1.838379E+02,-6.230037E-06,+2.761268E-06,-1.033313E+02,+2.724392E+00
+1.840820E+02,+2.172219E-06,+1.018432E-07,-1.132524E+02,+4.685010E-02
+1.843262E+02,-1.298058E-08,-5.902005E-06,-1.045800E+02,-1.572996E+00
+1.845703E+02,+6.061648E-06,+2.840887E-06,-1.034858E+02,+4.382675E-01
+1.848145E+02,-6.241627E-06,+2.450381E-06,-1.034715E+02,+2.767493E+00
+1.850586E+02,-1.938576E-06,+3.347581E-06,-1.082494E+02,+2.095705E+00
+1.853027E+02,+2.610760E-06,-7.081521E-06,-1.024440E+02,-1.217585E+00
+1.855469E+02,+1.864955E-06,+4.549569E-06,-1.061660E+02,+1.181768E+00
+1.857910E+02,-5.037358E-07,+1.134828E-06,-1.181203E+02,+1.988555E+00
+1.860352E+02,-1.158487E-06,-3.645760E-06,-1.083465E+02,-1.878469E+00
+1.862793E+02,-3.038297E-08,+2.068538E-06,-1.136858E+02,+1.585483E+00
+1.865234E+02,+1.510235E-07,-2.862339E-06,-1.108535E+02,-1.518083E+00
+1.867676E+02,+7.869784E-07,+2.791159E-06,-1.107521E+02,+1.295977E+00
+1.870117E+02,-3.188100E-06,-2.902118E-06,-1.073081E+02,-2.403117E+00
+1.872559E+02,+5.935158E-06,-4.796949E-08,-1.045311E+02,-8.082084E-03
+1.875000E+02,-3.187689E-06,+2.584972E-06,-1.077357E+02,+2.460227E+00
+1.877441E+02,-1.503492E-06,-5.282328E-06,-1.052052E+02,-1.848090E+00
+1.879883E+02,+2.434290E-06,+5.359662E-06,-1.046027E+02,+1.144466E+00
+1.882324E+02,-2.729538E-06,-8.728623E-07,-1.108554E+02,-2.832086E+00
+1.884766E+02,-1.528461E-06,+4.248399E-06,-1.069069E+02,+1.916151E+00
+1.887207E+02,+5.133998E-06,-9.637200E-06,-9.923601E+01,-1.081311E+00
+1.889648E+02,-1.315826E-07,+3.133371E-06,-1.100721E+02,+1.612766E+00
+1.892090E+02,-3.373802E-06,+3.936064E-06,-1.057065E+02,+2.279428E+00
+1.894531E+02,-6.451418E-07,-5.240242E-06,-1.055476E+02,-1.693293E+00
+1.896973E+02,+1.637167E-06,+3.874825E-06,-1.075216E+02,+1.171034E+00
+1.899414E+02,-1.546324E-06,-1.859975E-07,-1.161516E+02,-3.021884E+00
+1.901855E+02,+3.235034E-06,+1.190384E-06,-1.092509E+02,+3.525899E-01
+1.904297E+02,-1.386322E-06,-2.548245E-06,-1.107492E+02,-2.069045E+00
+1.906738E+02,+1.124857E-06,-2.891791E-07,-1.187001E+02,-2.516318E-01
+1.909180E+02,-2.102766E-06,+1.804114E-06,-1.111484E+02,+2.432489E+00
+1.911621E+02,-1.623354E-06,-4.990585E-06,-1.056002E+02,-1.885284E+00
+1.914062E+02,+5.186659E-06,+9.541011E-06,-9.928368E+01,+1.072867E+00
+1.916504E+02,-1.347562E-06,-1.147774E-05,-9.874342E+01,-1.687668E+00
+1.918945E+02,-7.658667E-06,+6.566427E-06,-9.992367E+01,+2.432827E+00
+1.921387E+02,+1.500135E-05,-3.277700E-06,-9.627486E+01,-2.151130E-01
+1.923828E+02,-1.020798E-05,+3.947875E-06,-9.921585E+01,+2.772566E+00
+1.926270E+02,+4.015835E-07,-1.944536E-06,-1.140423E+02,-1.367141E+00
+1.928711E+02,+1.121887E-06,-2.237947E-06,-1.120294E+02,-1.106108E+00
+1.931152E+02,+2.110789E-06,+8.429426E-06,-1.012199E+02,+1.325434E+00
+1.933594E+02,-7.159883E-06,-1.510851E-05,-9.553570E+01,-2.013344E+00
+1.936035E+02,+1.828520E-06,+1.124264E-05,-9.886925E+01,+1.409566E+00
+1.938477E+02,+4.982133E-06,-4.619134E-08,-1.060513E+02,-9.271133E-03
+1.940918E+02,-4.113557E-06,+1.178810E-06,-1.073729E+02,+2.862505E+00
+1.943359E+02,+1.138472E-06,-1.586446E-06,-1.141874E+02,-9.483396E-01
+1.945801E+02,-2.645256E-06,-3.459720E-06,-1.072200E+02,-2.223568E+00
+1.948242E+02,+4.598403E-06,-1.656526E-06,-1.062179E+02,-3.457675E-01
+1.950684E+02,-4.374682E-06,+4.708070E-06,-1.038401E+02,+2.319505E+00
+1.953125E+02,+1.189081E-05,+2.058743E-06,-9.836749E+01,+1.714377E-01
+1.955566E+02,-1.272247E-05,-5.935745E-06,-9.705326E+01,-2.705056E+00
+1.958008E+02,+2.701223E-06,-8.887910E-07,-1.109224E+02,-3.178751E-01
+1.960449E+02,+1.660667E-06,+2.715093E-06,-1.099441E+02,+1.021860E+00
+1.962891E+02,-1.275564E-07,+3.235500E-06,-1.097944E+02,+1.610200E+00
+1.965332E+02,-8.344319E-07,-1.277786E-06,-1.163283E+02,-2.149298E+00
+1.967773E+02,-6.152460E-06,-3.030518E-06,-1.032756E+02,-2.683907E+00
+1.970215E+02,+6.135581E-06,+1.903266E-07,-1.042387E+02,+3.101020E-02
+1.972656E+02,+3.649974E-07,+4.609991E-06,-1.066989E+02,+1.491786E+00
+1.975098E+02,-1.147970E-06,-1.292925E-06,-1.152440E+02,-2.296878E+00
+1.977539E+02,+1.752942E-06,-3.440188E-06,-1.082659E+02,-1.099539E+00
+1.979980E+02,-2.899581E-06,+1.978899E-06,-1.090926E+02,+2.542724E+00
+1.982422E+02,+6.024742E-06,-4.057822E-06,-1.027767E+02,-5.927366E-01
+1.984863E+02,-1.414120E-05,+9.131021E-06,-9.547678E+01,+2.568244E+00
+1.987305E+02,+1.523257E-05,-7.756043E-06,-9.534338E+01,-4.709604E-01
+1.989746E+02,-8.091805E-06,+5.697157E-06,-1.000906E+02,+2.528144E+00
+1.992188E+02,+5.425108E-06,-6.130563E-06,-1.017382E+02,-8.463709E-01
+1.994629E+02,-5.305619E-06,+6.877127E-06,-1.012237E+02,+2.227908E+00
+1.997070E+02,+7.887854E-06,-7.251965E-06,-9.940024E+01,-7.434218E-01
+1.999512E+02,-9.419285E-06,+1.413619E-06,-1.004229E+02,+2.992627E+00
+2.001953E+02,-8.478809E-07,+8.296955E-06,-1.015765E+02,+1.672635E+00
+2.004395E+02,+6.781161E-06,-1.171955E-05,-9.736761E+01,-1.046246E+00
+2.006836E+02,-1.733877E-06,+1.410407E-05,-9.694797E+01,+1.693117E+00
+2.009277E+02,-3.391121E-06,-1.246664E-05,-9.777500E+01,-1.836386E+00
+2.011719E+02,+3.636681E-06,+7.015930E-06,-1.020448E+02,+1.092580E+00
+2.014160E+02,+2.374819E-06,-2.431446E-06,-1.093735E+02,-7.971795E-01
+2.016602E+02,-5.387575E-06,-3.902548E-06,-1.035403E+02,-2.514704E+00
+2.019043E+02,+7.500523E-06,+4.030311E-06,-1.013965E+02,+4.930694E-01
+2.021484E+02,-1.239489E-05,+5.203620E-06,-9.743015E+01,+2.744118E+00
+2.023926E+02,+3.718160E-06,-1.107110E-05,-9.865205E+01,-1.246788E+00
+2.026367E+02,+7.913482E-06,+8.118311E-06,-9.890995E+01,+7.981738E-01
+2.028809E+02,-8.170183E-06,-5.431735E-07,-1.017362E+02,-3.075208E+00
+2.031250E+02,+7.175239E-06,-1.850893E-06,-1.026035E+02,-2.524521E-01
+2.033691E+02,-3.573252E-06,-3.398423E-06,-1.061408E+02,-2.381266E+00
+2.036133E+02,+1.835828E-06,+6.033731E-06,-1.040038E+02,+1.275435E+00
+2.038574E+02,-3.837729E-06,-1.672385E-06,-1.075634E+02,-2.730631E+00
+2.041016E+02,-1.544563E-08,+5.350997E-06,-1.054313E+02,+1.573683E+00
+2.043457E+02,+1.660326E-06,-1.157163E-05,-9.864361E+01,-1.428287E+00
+2.045898E+02,+9.004082E-07,+1.890092E-06,-1.135821E+02,+1.126220E+00
+2.048340E+02,+1.122464E-06,+1.246197E-05,-9.805317E+01,+1.480968E+00
+2.050781E+02,-7.618771E-06,-1.025690E-05,-9.787148E+01,-2.209670E+00
+2.053223E+02,+1.138928E-05,-2.060749E-06,-9.873016E+01,-1.790010E-01
+2.055664E+02,-5.949151E-06,+6.968004E-06,-1.007600E+02,+2.277482E+00
+2.058105E+02,+3.644962E-06,-2.302114E-06,-1.073083E+02,-5.633227E-01
+2.060547E+02,-4.428774E-06,-2.746693E-06,-1.056610E+02,-2.586458E+00
+2.062988E+02,-2.482624E-06,+7.587349E-06,-1.019565E+02,+1.887022E+00
+2.065430E+02,+6.644275E-06,-9.779413E-06,-9.854545E+01,-9.740201E-01
+2.067871E+02,-2.660661E-06,+6.300927E-06,-1.032993E+02,+1.970348E+00
+2.070312E+02,-8.317051E-07,-1.155662E-06,-1.169308E+02,-2.194608E+00
+2.072754E+02,-1.109548E-06,-2.735264E-07,-1.188409E+02,-2.899891E+00
+2.075195E+02,+5.850140E-06,-2.647487E-06,-1.038475E+02,-4.249733E-01
+2.077637E+02,-3.541164E-06,+3.597165E-06,-1.059381E+02,+2.348350E+00
+2.080078E+02,+5.061426E-07,-1.777825E-06,-1.146638E+02,-1.293437E+00
+2.082520E+02,+6.846369E-07,+3.743331E-06,-1.083919E+02,+1.389901E+00
+2.084961E+02,+5.372484E-07,-3.690110E-06,-1.085681E+02,-1.426221E+00
+2.087402E+02,-3.576747E-06,+3.648121E-06,-1.058333E+02,+2.346316E+00
+2.089844E+02,+5.383711E-06,-4.965187E-06,-1.027053E+02,-7.449787E-01
+2.092285E+02,-6.629276E-06,-1.695073E-06,-1.032956E+02,-2.891261E+00
+2.094727E+02,+5.652025E-06,+7.131404E-06,-1.008196E+02,+9.006119E-01
+2.097168E+02,-4.811352E-06,-1.449211E-06,-1.059775E+02,-2.849029E+00
+2.099609E+02,+4.398436E-06,-5.962837E-06,-1.026041E+02,-9.352517E-01
+2.102051E+02,-2.259859E-06,+7.059290E-06,-1.026011E+02,+1.880613E+00
+2.104492E+02,+4.912417E-06,-7.773225E-06,-1.007286E+02,-1.007203E+00
+2.106934E+02,-8.728713E-06,+8.025490E-06,-9.852019E+01,+2.398143E+00
+2.109375E+02,+4.621509E-06,-6.676093E-06,-1.018093E+02,-9.652923E-01
+2.111816E+02,-3.880051E-06,+3.290751E-06,-1.058697E+02,+2.438191E+00
+2.114258E+02,+9.777238E-06,+3.984681E-06,-9.952834E+01,+3.869951E-01
+2.116699E+02,-1.464083E-06,-2.852917E-06,-1.098789E+02,-2.044939E+00
+2.119141E+02,-6.689063E-06,-4.703824E-06,-1.017477E+02,-2.528715E+00
+2.121582E+02,-1.506279E-06,+2.191241E-06,-1.115056E+02,+2.173022E+00
+2.124023E+02,+9.726493E-06,+2.989875E-06,-9.984875E+01,+2.982273E-01
+2.126465E+02,-6.019793E-06,+1.969777E-06,-1.039666E+02,+2.825357E+00
+2.128906E+02,-1.745980E-06,-6.196918E-06,-1.038247E+02,-1.845427E+00
+2.131348E+02,-8.025430E-07,+1.605056E-06,-1.149211E+02,+2.034451E+00
+2.133789E+02,+9.302484E-06,+8.001323E-06,-9.822298E+01,+7.103444E-01
+2.136230E+02,-9.039205E-06,-1.391315E-05,-9.560220E+01,-2.146952E+00
+2.138672E+02,+2.432631E-06,+6.144886E-06,-1.035974E+02,+1.193848E+00
+2.141113E+02,+2.758736E-06,-7.077651E-07,-1.109090E+02,-2.511376E-01
+2.143555E+02,-2.575528E-06,+2.689802E-06,-1.085797E+02,+2.334495E+00
+2.145996E+02,+2.772208E-06,-1.421162E-06,-1.101301E+02,-4.737132E-01
+2.148438E+02,-5.280064E-08,-1.896529E-06,-1.144374E+02,-1.598630E+00
+2.150879E+02,-7.827977E-06,+3.979186E-06,-1.011288E+02,+2.671304E+00
+2.153320E+02,+1.393097E-05,-2.724732E-06,-9.695734E+01,-1.931498E-01
+2.155762E+02,-1.765096E-05,-3.544151E-06,-9.489297E+01,-2.943437E+00
+2.158203E+02,+1.675466E-05,+3.784664E-06,-9.530116E+01,+2.221588E-01
+2.160645E+02,-5.928013E-06,+5.025531E-06,-1.021898E+02,+2.438401E+00
+2.163086E+02,-2.321835E-06,-1.144775E-05,-9.865052E+01,-1.770902E+00
+2.165527E+02,-4.627737E-07,+2.659777E-06,-1.113736E+02,+1.743061E+00
+2.167969E+02,+1.350634E-06,+9.745424E-06,-1.001414E+02,+1.433082E+00
+2.170410E+02,-3.713310E-08,-7.981106E-06,-1.019586E+02,-1.575449E+00
+2.172852E+02,+1.397542E-06,+1.972288E-06,-1.123336E+02,+9.543290E-01
+2.175293E+02,+3.707932E-06,+4.474304E-06,-1.047149E+02,+8.787886E-01
+2.177734E+02,-1.176310E-05,-1.083632E-05,-9.592106E+01,-2.397180E+00
+2.180176E+02,+7.769571E-06,+5.225611E-06,-1.005713E+02,+5.920811E-01
+2.182617E+02,-1.689980E-07,+1.293808E-06,-1.176891E+02,+1.700682E+00
+2.185059E+02,+1.881630E-06,+1.106473E-06,-1.132195E+02,+5.315787E-01
+2.187500E+02,-4.419057E-06,-3.258880E-06,-1.052074E+02,-2.506165E+00
+2.189941E+02,+4.322173E-06,+1.205847E-06,-1.069604E+02,+2.720727E-01
+2.192383E+02,-5.473928E-06,-2.487346E-06,-1.044188E+02,-2.715087E+00
+2.194824E+02,+2.282896E-06,+3.810688E-06,-1.070481E+02,+1.031056E+00
+2.197266E+02,+3.707662E-06,-4.666531E-06,-1.044949E+02,-8.994045E-01
+2.199707E+02,+3.696297E-07,+2.831679E-06,-1.108857E+02,+1.440996E+00
+2.202148E+02,-8.340272E-06,+2.408731E-06,-1.012285E+02,+2.860436E+00
+2.204590E+02,+5.524198E-06,-5.359801E-06,-1.022735E+02,-7.702948E-01
+2.207031E+02,+3.469821E-06,+6.665727E-06,-1.024817E+02,+1.090847E+00
+2.209473E+02,-1.056591E-05,-1.227812E-05,-9.581051E+01,-2.281382E+00
+2.211914E+02,+7.396667E-06,+8.818291E-06,-9.877872E+01,+8.728482E-01
+2.214355E+02,-3.728716E-07,+1.233076E-06,-1.178002E+02,+1.864446E+00
+2.216797E+02,-1.084721E-06,-2.079548E-06,-1.125955E+02,-2.051585E+00
+2.219238E+02,-1.699007E-06,-2.610684E-06,-1.101313E+02,-2.147727E+00
+2.221680E+02,+4.075748E-06,+7.228750E-06,-1.016199E+02,+1.057401E+00
+2.224121E+02,-2.801029E-06,-4.827939E-06,-1.050648E+02,-2.096508E+00
+2.226562E+02,-7.009091E-07,-6.074124E-06,-1.042729E+02,-1.685681E+00
+2.229004E+02,+7.990034E-07,+1.096479E-05,-9.917699E+01,+1.498055E+00
+2.231445E+02,-4.637121E-07,-2.330061E-06,-1.124840E+02,-1.767243E+00
+2.233887E+02,+4.436039E-06,-6.971725E-06,-1.016568E+02,-1.004120E+00
+2.236328E+02,-5.655942E-06,+5.349513E-06,-1.021748E+02,+2.384031E+00
+2.238770E+02,-4.684940E-07,+1.519616E-06,-1.159710E+02,+1.869848E+00
+2.241211E+02,+1.633087E-06,-5.956437E-06,-1.041855E+02,-1.303200E+00
+2.243652E+02,-2.213375E-06,+5.008158E-06,-1.052316E+02,+1.986939E+00
+2.246094E+02,+2.632760E-06,-9.658364E-07,-1.110434E+02,-3.516092E-01
+2.248535E+02,+9.559744E-07,-5.333405E-06,-1.053226E+02,-1.393437E+00
+2.250977E+02,-3.636585E-06,+7.420933E-06,-1.016561E+02,+2.026448E+00
+2.253418E+02,+5.954952E-06,-4.025606E-06,-1.028679E+02,-5.944431E-01
+2.255859E+02,-5.973325E-06,+3.997610E-06,-1.028683E+02,+2.551808E+00
+2.258301E+02,+2.737178E-06,-7.017972E-06,-1.024608E+02,-1.198919E+00
+2.260742E+02,-9.770528E-07,+5.516917E-06,-1.050320E+02,+1.746080E+00
+2.263184E+02,-2.825476E-07,-6.488747E-07,-1.230027E+02,-1.981478E+00
+2.265625E+02,+4.745736E-07,-6.745744E-07,-1.216732E+02,-9.577148E-01
+2.268066E+02,-2.128101E-07,+6.130469E-06,-1.042449E+02,+1.605496E+00
+2.270508E+02,-1.706994E-06,-1.091059E-05,-9.913802E+01,-1.725991E+00
+2.272949E+02,+2.172619E-06,+3.171520E-06,-1.083036E+02,+9.701813E-01
+2.275391E+02,-4.859748E-07,+4.133208E-06,-1.076146E+02,+1.687837E+00
+2.277832E+02,+7.648313E-07,-2.737538E-06,-1.109264E+02,-1.298357E+00
+2.280273E+02,-3.918874E-07,-7.590128E-07,-1.213687E+02,-2.047408E+00
+2.282715E+02,-6.236224E-06,-1.779944E-06,-1.037614E+02,-2.863565E+00
+2.285156E+02,+1.014017E-05,+7.988136E-08,-9.987883E+01,+7.877549E-03
+2.287598E+02,-6.333345E-06,+5.157293E-06,-1.017582E+02,+2.458188E+00
+2.290039E+02,+9.234995E-09,+2.567877E-06,-1.118085E+02,+1.567200E+00
+2.292480E+02,-2.711890E-08,-7.070792E-06,-1.030106E+02,-1.574632E+00
+2.294922E+02,+1.578534E-06,+8.427272E-06,-1.013365E+02,+1.385630E+00
+2.297363E+02,+2.848302E-06,-1.277825E-05,-9.765998E+01,-1.351479E+00
+2.299805E+02,-6.400016E-06,+8.078482E-06,-9.973785E+01,+2.240782E+00
+2.302246E+02,+1.561963E-06,+1.654760E-06,-1.128584E+02,+8.142382E-01
+2.304688E+02,-4.194267E-06,+6.161414E-07,-1.074542E+02,+2.995735E+00
+2.307129E+02,+1.033955E-05,-4.784055E-06,-9.886748E+01,-4.333605E-01
+2.309570E+02,-7.705346E-06,+2.507121E-06,-1.018271E+02,+2.827022E+00
+2.312012E+02,+5.499928E-06,+1.033109E-06,-1.050423E+02,+1.856769E-01
+2.314453E+02,-3.335342E-06,-4.552810E-06,-1.049686E+02,-2.203062E+00
+2.316895E+02,-2.369547E-06,+6.948625E-06,-1.026843E+02,+1.899439E+00
+2.319336E+02,+7.316072E-06,-4.958622E-06,-1.010728E+02,-5.956509E-01
+2.321777E+02,-5.951957E-06,+1.441896E-06,-1.042591E+02,+2.903916E+00
+2.324219E+02,+4.290222E-06,+4.963826E-07,-1.072926E+02,+1.151887E-01
+2.326660E+02,-6.793622E-06,+6.951997E-06,-1.002464E+02,+2.344673E+00
+2.329102E+02,+3.321544E-06,-1.121273E-05,-9.864047E+01,-1.282802E+00
+2.331543E+02,-1.897145E-07,+4.965756E-06,-1.060740E+02,+1.608982E+00
+2.333984E+02,+6.960915E-06,-4.258902E-06,-1.017657E+02,-5.490732E-01
+2.336426E+02,-9.171422E-06,+1.103504E-05,-9.686371E+01,+2.264226E+00
+2.338867E+02,+7.872984E-06,-9.562738E-06,-9.814090E+01,-8.820097E-01
+2.341309E+02,-1.054891E-05,+1.470906E-06,-9.945222E+01,+3.003049E+00
+2.343750E+02,+7.222749E-06,+1.571743E-06,-1.026250E+02,+2.142696E-01
+2.346191E+02,-1.280619E-06,+2.028285E-06,-1.124004E+02,+2.133971E+00
+2.348633E+02,+6.169029E-06,-1.920876E-06,-1.037938E+02,-3.018589E-01
+2.351074E+02,-1.106532E-05,-4.571485E-06,-9.843634E+01,-2.749813E+00
+2.353516E+02,+4.665863E-06,+7.771862E-06,-1.008528E+02,+1.030117E+00
+2.355957E+02,+4.018962E-06,-4.010463E-06,-1.049166E+02,-7.843397E-01
+2.358398E+02,-5.158478E-06,+3.597132E-06,-1.040286E+02,+2.532665E+00
+2.360840E+02,+5.567276E-06,-1.784951E-06,-1.046622E+02,-3.102605E-01
+2.363281E+02,-5.320225E-06,-6.508264E-06,-1.015081E+02,-2.256092E+00
+2.365723E+02,-5.456507E-07,+9.513246E-06,-1.004192E+02,+1.628091E+00
+2.368164E+02,-2.672766E-07,-4.217392E-06,-1.074817E+02,-1.634086E+00
+2.370605E+02,+6.197388E-06,+6.729421E-06,-1.007731E+02,+8.265323E-01
+2.373047E+02,-4.174915E-07,-1.214258E-05,-9.830865E+01,-1.605165E+00
+2.375488E+02,-5.867440E-06,+8.285861E-06,-9.986816E+01,+2.186956E+00
+2.377930E+02,+4.100423E-06,-2.701715E-06,-1.061775E+02,-5.825974E-01
+2.380371E+02,-3.412224E-06,+2.505851E-06,-1.074660E+02,+2.508167E+00
+2.382812E+02,+5.516145E-06,-3.668788E-06,-1.035766E+02,-5.869172E-01
+2.385254E+02,-3.299566E-06,+3.541062E-06,-1.063030E+02,+2.320906E+00
+2.387695E+02,-2.389767E-06,-1.139347E-06,-1.115434E+02,-2.696709E+00
+2.390137E+02,+4.056434E-06,-5.101852E-06,-1.037178E+02,-8.990561E-01
+2.392578E+02,+1.802938E-06,+3.683396E-06,-1.077423E+02,+1.115602E+00
+2.395020E+02,-4.064272E-06,+3.741658E-06,-1.051544E+02,+2.397501E+00
+2.397461E+02,+3.120404E-06,+1.716639E-06,-1.089675E+02,+5.029459E-01
+2.399902E+02,-3.350810E-06,-4.377509E-06,-1.051726E+02,-2.224119E+00
+2.402344E+02,+3.199733E-06,-3.542999E-06,-1.064223E+02,-8.362633E-01
+2.404785E+02,-2.547569E-06,+4.714997E-06,-1.054180E+02,+2.066171E+00
+2.407227E+02,+4.846993E-06,-2.898002E-06,-1.049632E+02,-5.388716E-01
+2.409668E+02,-7.577793E-06,+7.127785E-06,-9.965659E+01,+2.386786E+00
+2.412109E+02,+5.177685E-06,-9.057173E-06,-9.963208E+01,-1.051471E+00
+2.414551E+02,+3.466152E-06,+1.390184E-06,-1.085553E+02,+3.814321E-01
+2.416992E+02,-2.104041E-06,+5.329870E-06,-1.048367E+02,+1.946781E+00
+2.419434E+02,-4.865127E-06,-3.076499E-06,-1.047972E+02,-2.577720E+00
+2.421875E+02,+7.312385E-06,-1.737409E-06,-1.024803E+02,-2.332727E-01
+2.424316E+02,-9.636842E-06,+5.426574E-06,-9.912515E+01,+2.628742E+00
+2.426758E+02,+1.261444E-05,-1.093434E-05,-9.554889E+01,-7.141734E-01
+2.429199E+02,-9.137016E-06,+1.055213E-05,-9.710339E+01,+2.284445E+00
+2.431641E+02,+2.125514E-06,-5.618419E-07,-1.131574E+02,-2.584217E-01
+2.434082E+02,-4.389854E-06,-5.526963E-06,-1.030261E+02,-2.242028E+00
+2.436523E+02,+7.127917E-06,+4.423916E-06,-1.015256E+02,+5.554625E-01
+2.438965E+02,+1.893801E-06,-5.759955E-06,-1.043458E+02,-1.253143E+00
+2.441406E+02,-8.153730E-06,+4.989979E-06,-1.003913E+02,+2.592406E+00
+2.443848E+02,+8.351363E-06,-3.493562E-06,-1.008645E+02,-3.962010E-01
+2.446289E+02,-3.353015E-06,+1.783248E-06,-1.084095E+02,+2.652803E+00
+2.448730E+02,-2.948024E-06,+4.206828E-06,-1.057859E+02,+2.182040E+00
+2.451172E+02,+3.510605E-06,-2.102506E-06,-1.077612E+02,-5.396111E-01
+2.453613E+02,-4.848788E-06,-4.164833E-06,-1.038874E+02,-2.431930E+00
+2.456055E+02,+8.166766E-06,+3.543835E-07,-1.017508E+02,+4.336616E-02
+2.458496E+02,-4.483970E-06,+3.819020E-06,-1.045978E+02,+2.436110E+00
+2.460938E+02,+2.445255E-06,-2.945952E-06,-1.083393E+02,-8.780053E-01
+2.463379E+02,-3.233042E-06,+1.099121E-06,-1.093328E+02,+2.813885E+00
+2.465820E+02,+5.470014E-06,-1.864133E-06,-1.047630E+02,-3.284477E-01
+2.468262E+02,-4.072347E-06,+6.060440E-06,-1.027317E+02,+2.162452E+00
+2.470703E+02,+1.901839E-08,-8.362546E-06,-1.015532E+02,-1.568522E+00
+2.473145E+02,-2.754465E-06,+5.168723E-06,-1.046467E+02,+2.060424E+00
+2.475586E+02,+6.686724E-06,-1.526857E-06,-1.032750E+02,-2.244927E-01
+2.478027E+02,-9.505700E-07,-2.522295E-06,-1.113873E+02,-1.931203E+00
+2.480469E+02,-2.226172E-06,+6.669484E-06,-1.030594E+02,+1.892953E+00
+2.482910E+02,-7.298601E-07,-7.392853E-06,-1.025816E+02,-1.669202E+00
+2.485352E+02,+6.331515E-07,-1.125509E-07,-1.238347E+02,-1.759253E-01
+2.487793E+02,+5.475963E-06,-3.830659E-06,-1.035008E+02,-6.104177E-01
+2.490234E+02,-1.029077E-05,+1.156141E-05,-9.620575E+01,+2.298113E+00
+2.492676E+02,+1.112254E-05,-6.839152E-06,-9.768314E+01,-5.512972E-01
+2.495117E+02,-1.051599E-05,+7.844634E-07,-9.953889E+01,+3.067133E+00
+2.497559E+02,+4.159062E-06,-2.166653E-06,-1.065773E+02,-4.802648E-01
+2.500000E+02,+1.087350E-06,-4.245546E-06,-1.071654E+02,-1.320070E+00
+2.502441E+02,+2.006461E-06,+1.288032E-05,-9.769734E+01,+1.416261E+00
+2.504883E+02,+1.971782E-06,-1.024883E-05,-9.962867E+01,-1.380728E+00
+2.507324E+02,-5.229967E-06,+2.543581E-06,-1.047080E+02,+2.688927E+00
+2.509766E+02,+1.721986E-06,+3.621476E-06,-1.079370E+02,+1.126946E+00
+2.512207E+02,-4.153290E-06,-9.504554E-06,-9.968243E+01,-1.982769E+00
+2.514648E+02,+1.674453E-06,+5.895886E-06,-1.042521E+02,+1.294079E+00
+2.517090E+02,+6.448424E-06,-3.050595E-06,-1.029338E+02,-4.418774E-01
+2.519531E+02,-3.942399E-06,+2.644363E-06,-1.064714E+02,+2.550769E+00
+2.521973E+02,+5.032376E-07,-2.802619E-06,-1.109109E+02,-1.393130E+00
+2.524414E+02,-7.248238E-06,+1.386109E-06,-1.026394E+02,+2.952640E+00
+2.526855E+02,+7.511368E-06,-3.894541E-06,-1.014516E+02,-4.783270E-01
+2.529297E+02,+6.875624E-07,+3.530633E-06,-1.088813E+02,+1.378462E+00
+2.531738E+02,-7.554613E-07,+5.588394E-07,-1.205403E+02,+2.504695E+00
+2.534180E+02,-6.620980E-06,-2.737557E-06,-1.028962E+02,-2.749531E+00
+2.536621E+02,+4.442789E-06,-1.322266E-06,-1.066783E+02,-2.892726E-01
+2.539062E+02,-8.028545E-07,-1.033605E-07,-1.218359E+02,-3.013556E+00
+2.541504E+02,-2.889590E-07,+1.221164E-06,-1.180279E+02,+1.803148E+00
+2.543945E+02,-1.619782E-06,+1.308575E-06,-1.136290E+02,+2.462071E+00
+2.546387E+02,+6.179530E-06,-2.433082E-06,-1.035550E+02,-3.750918E-01
+2.548828E+02,-4.792769E-06,+2.792737E-06,-1.051187E+02,+2.613992E+00
+2.551270E+02,-1.736347E-06,-1.997776E-06,-1.115453E+02,-2.286298E+00
+2.553711E+02,+2.008569E-06,-7.104213E-06,-1.026357E+02,-1.295259E+00
+2.556152E+02,-6.213462E-06,+6.594122E-06,-1.008571E+02,+2.326482E+00
+2.558594E+02,+6.732879E-06,+2.578303E-06,-1.028417E+02,+3.657154E-01
+2.561035E+02,+2.133159E-07,-5.596681E-06,-1.050351E+02,-1.532700E+00
+2.563477E+02,+1.106279E-06,+1.566410E-06,-1.143445E+02,+9.558871E-01
+2.565918E+02,-6.234779E-06,-5.297193E-06,-1.017436E+02,-2.437319E+00
+2.568359E+02,+1.291677E-05,-5.257854E-06,-9.711107E+01,-3.865747E-01
+2.570801E+02,-3.023253E-05,-6.938891E-06,-9.016755E+01,-2.915983E+00
+2.573242E+02,+2.487020E-06,+2.091990E-05,-9.352786E+01,+1.452469E+00
+2.575684E+02,+6.414289E-06,-3.241744E-06,-1.028691E+02,-4.679537E-01
+2.578125E+02,-3.106395E-07,+7.749754E-06,-1.022073E+02,+1.610859E+00
+2.580566E+02,+7.731764E-06,-6.407245E-06,-9.996398E+01,-6.919924E-01
+2.583008E+02,-4.359859E-06,+3.633695E-06,-1.049198E+02,+2.446790E+00
+2.585449E+02,-4.867053E-06,-4.092747E-06,-1.039320E+02,-2.442400E+00
+2.587891E+02,+4.503545E-06,-1.633599E-06,-1.063921E+02,-3.479757E-01
+2.590332E+02,-9.497693E-07,+1.111570E-06,-1.167006E+02,+2.277862E+00
+2.592773E+02,+4.204061E-06,-2.145815E-06,-1.065211E+02,-4.719446E-01
+2.595215E+02,-1.363239E-05,+8.617687E-06,-9.584848E+01,+2.577870E+00
+2.597656E+02,+1.301777E-05,-9.521917E-06,-9.584811E+01,-6.315266E-01
+2.600098E+02,-6.020417E-06,+8.762209E-06,-9.946838E+01,+2.172805E+00
+2.602539E+02,+1.974412E-06,-8.789833E-06,-1.009066E+02,-1.349839E+00
+2.604980E+02,-3.820296E-06,+7.407493E-06,-1.015823E+02,+2.046952E+00
+2.607422E+02,+5.529163E-06,-7.659388E-06,-1.004945E+02,-9.455358E-01
+2.609863E+02,-7.483981E-06,+2.753448E-06,-1.019660E+02,+2.789050E+00
+2.612305E+02,-4.265478E-07,+5.703549E-07,-1.229478E+02,+2.212929E+00
+2.614746E+02,-2.690406E-06,-4.665294E-06,-1.053755E+02,-2.093896E+00
+2.617188E+02,+1.993863E-06,+1.668518E-06,-1.117009E+02,+6.967965E-01
+2.619629E+02,-1.043697E-05,-6.732349E-06,-9.811761E+01,-2.568707E+00
+2.622070E+02,+1.391982E-06,+1.245489E-05,-9.803929E+01,+1.459496E+00
+2.624512E+02,-8.786138E-07,-9.430340E-06,-1.004719E+02,-1.663697E+00
+2.626953E+02,-9.228899E-06,+1.034502E-05,-9.716264E+01,+2.299235E+00
+2.629395E+02,-2.183481E-06,-5.058789E-06,-1.051771E+02,-1.978262E+00
+2.631836E+02,+9.123601E-07,+9.698282E-06,-1.002278E+02,+1.476998E+00
+2.634277E+02,-1.073728E-05,-1.021864E-05,-9.658150E+01,-2.380939E+00
+2.636719E+02,-5.123422E-06,+1.465357E-06,-1.054673E+02,+2.863018E+00
+2.639160E+02,-9.242052E-06,+8.224898E-06,-9.815125E+01,+2.414362E+00
+2.641602E+02,+1.684058E-06,+5.403588E-07,-1.150473E+02,+3.104894E-01
+2.644043E+02,-9.595407E-06,-2.286435E-05,-9.211230E+01,-1.968141E+00
+2.646484E+02,-5.771265E-05,+1.455194E-05,-8.450690E+01,+2.894596E+00
+2.648926E+02,-4.287631E-05,+2.546821E-05,-8.604323E+01,+2.605602E+00
+2.651367E+02,+3.181830E-06,+1.477295E-05,-9.641372E+01,+1.358655E+00
+2.653809E+02,-2.523753E-05,+2.826920E-05,-8.842821E+01,+2.299595E+00
+2.656250E+02,-1.647044E-04,+8.265617E-05,-7.469038E+01,+2.676470E+00
+2.658691E+02,-4.968229E-04,-1.231972E-04,-6.581681E+01,-2.898525E+00
+2.661133E+02,-3.114013E-03,+4.922970E-04,-5.002638E+01,+2.984799E+00
+2.663574E+02,+1.165866E-02,+3.937769E-03,-3.819787E+01,+3.257248E-01
+2.666016E+02,-7.232260E-03,-7.136448E-03,-3.986175E+01,-2.362863E+00
+2.668457E+02,-6.202566E-04,+1.657979E-03,-5.503955E+01,+1.928781E+00
+2.670898E+02,-1.382767E-04,+5.466512E-04,-6.497644E+01,+1.818552E+00
+2.673340E+02,+6.177007E-06,+1.845727E-04,-7.467179E+01,+1.537342E+00
+2.675781E+02,+1.828516E-04,+8.046149E-04,-6.166955E+01,+1.347338E+00
+2.678223E+02,+2.036363E-04,-1.114425E-03,-5.891634E+01,-1.390063E+00
+2.680664E+02,-2.611808E-04,+4.786357E-04,-6.526794E+01,+2.070315E+00
+2.683105E+02,+4.146164E-05,+3.384816E-05,-8.542911E+01,+6.846450E-01
+2.685547E+02,+2.949170E-05,+4.467143E-05,-8.542831E+01,+9.872899E-01
+2.687988E+02,+5.870814E-06,+4.405643E-05,-8.704337E+01,+1.438320E+00
+2.690430E+02,+9.624071E-05,+3.225431E-05,-7.987052E+01,+3.233775E-01
+2.692871E+02,-2.273559E-05,-8.166426E-05,-8.143516E+01,-1.842324E+00
+2.695312E+02,-2.449409E-05,+2.414109E-05,-8.927106E+01,+2.363452E+00
+2.697754E+02,-3.661214E-06,+8.282672E-06,-1.008615E+02,+1.987005E+00
+2.700195E+02,+2.982827E-06,+2.566755E-05,-9.175406E+01,+1.455105E+00
+2.702637E+02,+3.463036E-05,+3.712874E-06,-8.916122E+01,+1.068064E-01
+2.705078E+02,+2.544769E-07,-3.265475E-05,-8.972081E+01,-1.563004E+00
+2.707520E+02,-2.056760E-05,+1.410772E-05,-9.206172E+01,+2.540380E+00
+2.709961E+02,+1.011624E-05,+1.208500E-05,-9.604874E+01,+8.738448E-01
+2.712402E+02,+8.153464E-06,-2.307480E-05,-9.222627E+01,-1.231141E+00
+2.714844E+02,-1.362906E-05,+1.703400E-05,-9.322476E+01,+2.245604E+00
+2.717285E+02,-1.957266E-06,-3.981806E-06,-1.070585E+02,-2.027663E+00
+2.719727E+02,+8.602305E-06,+2.533507E-06,-1.009465E+02,+2.864170E-01
+2.722168E+02,-7.672744E-06,+1.077042E-05,-9.757278E+01,+2.189790E+00
+2.724609E+02,+1.382822E-05,-5.512471E-06,-9.654416E+01,-3.793327E-01
+2.727051E+02,-5.943720E-06,-3.125487E-06,-1.034586E+02,-2.657482E+00
+2.729492E+02,-3.164181E-06,+5.714203E-06,-1.036994E+02,+2.076506E+00
+2.731934E+02,+8.136408E-06,+3.690619E-06,-1.009788E+02,+4.258380E-01
+2.734375E+02,-5.329668E-06,+2.095865E-06,-1.048415E+02,+2.766923E+00
+2.736816E+02,+6.165779E-06,-4.610665E-06,-1.022713E+02,-6.420808E-01
+2.739258E+02,-4.864854E-06,+8.626246E-06,-1.000842E+02,+2.084294E+00
+2.741699E+02,+6.977648E-06,-5.314165E-06,-1.011392E+02,-6.508827E-01
+2.744141E+02,+5.974558E-06,+4.589217E-06,-1.024599E+02,+6.550016E-01
+2.746582E+02,-4.809455E-06,-9.854072E-06,-9.919975E+01,-2.024853E+00
+2.749023E+02,-1.212033E-06,+7.673424E-06,-1.021932E+02,+1.727454E+00
+2.751465E+02,+1.525402E-06,-5.241312E-07,-1.158477E+02,-3.309637E-01
+2.753906E+02,+4.323228E-06,+9.423242E-06,-9.968642E+01,+1.140662E+00
+2.756348E+02,+1.415040E-05,-7.849704E-06,-9.581944E+01,-5.064704E-01
+2.758789E+02,-3.686512E-06,-2.182078E-05,-9.310037E+01,-1.738161E+00
+2.761230E+02,-1.577478E-05,+2.615448E-06,-9.592297E+01,+2.977288E+00
+2.763672E+02,+8.971230E-07,+1.451538E-05,-9.674687E+01,+1.509070E+00
+2.766113E+02,+5.424748E-06,+2.469552E-06,-1.044945E+02,+4.272014E-01
+2.768555E+02,-5.204639E-06,-9.554047E-06,-9.926765E+01,-2.069606E+00
+2.770996E+02,+2.361803E-06,+6.957865E-06,-1.026769E+02,+1.243557E+00
+2.773438E+02,-1.045757E-06,-3.723052E-06,-1.082522E+02,-1.844627E+00
+2.775879E+02,+7.492836E-07,+2.991315E-06,-1.102185E+02,+1.325360E+00
+2.778320E+02,+3.519149E-06,+2.476028E-06,-1.073247E+02,+6.131293E-01
+2.780762E+02,+2.179078E-07,+3.275825E-06,-1.096744E+02,+1.504374E+00
+2.783203E+02,-9.877891E-06,-7.329901E-06,-9.820161E+01,-2.503198E+00
+2.785645E+02,+7.781997E-06,+2.557931E-07,-1.021735E+02,+3.285802E-02
+2.788086E+02,+3.210576E-06,+2.559824E-06,-1.077313E+02,+6.730986E-01
+2.790527E+02,-1.847138E-06,-2.109788E-07,-1.146137E+02,-3.027866E+00
+2.792969E+02,-2.281244E-06,-2.078481E-06,-1.102117E+02,-2.402669E+00
+2.795410E+02,+1.058552E-06,+4.923253E-06,-1.059587E+02,+1.359010E+00
+2.797852E+02,+4.112487E-06,-3.549324E-06,-1.053003E+02,-7.120274E-01
+2.800293E+02,-4.851983E-06,+2.874625E-06,-1.049750E+02,+2.606733E+00
+2.802734E+02,+1.215665E-06,-4.447379E-06,-1.067250E+02,-1.303970E+00
+2.805176E+02,+7.658479E-07,+1.543824E-06,-1.152726E+02,+1.110296E+00
+2.807617E+02,-3.032597E-07,+1.662341E-06,-1.154434E+02,+1.751241E+00
+2.810059E+02,+1.093854E-06,-2.317298E-06,-1.118267E+02,-1.129767E+00
+2.812500E+02,+1.306438E-06,+1.603189E-06,-1.136886E+02,+8.870359E-01
+2.814941E+02,-2.378136E-06,+2.656956E-06,-1.089568E+02,+2.300876E+00
+2.817383E+02,+2.704024E-06,-5.587882E-06,-1.041413E+02,-1.120105E+00
+2.819824E+02,-8.326693E-07,+3.938981E-06,-1.079025E+02,+1.779121E+00
+2.822266E+02,-2.429625E-06,+5.768484E-07,-1.120511E+02,+2.908486E+00
+2.824707E+02,+8.290835E-06,-2.348462E-06,-1.012928E+02,-2.760291E-01
+2.827148E+02,-1.040074E-05,+1.606201E-06,-9.955636E+01,+2.988372E+00
+2.829590E+02,+5.484394E-06,-1.642266E-06,-1.048445E+02,-2.909462E-01
+2.832031E+02,+4.056793E-06,+3.292331E-06,-1.056388E+02,+6.817501E-01
+2.834473E+02,-3.740964E-06,-4.191945E-06,-1.050076E+02,-2.299406E+00
+2.836914E+02,+9.609493E-07,+4.000999E-06,-1.077131E+02,+1.335084E+00
+2.839355E+02,-4.231732E-06,-1.042556E-06,-1.072137E+02,-2.900037E+00
+2.841797E+02,+7.981344E-06,-2.690845E-06,-1.014909E+02,-3.251743E-01
+2.844238E+02,-7.473231E-06,+3.185424E-06,-1.018048E+02,+2.738668E+00
+2.846680E+02,+4.389665E-06,-4.431803E-06,-1.040994E+02,-7.901749E-01
+2.849121E+02,+1.102105E-06,+2.083849E-06,-1.125515E+02,+1.084313E+00
+2.851562E+02,-1.848700E-06,+4.779151E-06,-1.058074E+02,+1.939894E+00
+2.854004E+02,-3.005218E-07,-5.825826E-06,-1.046813E+02,-1.622335E+00
+2.856445E+02,+7.939377E-06,-2.379534E-06,-1.016307E+02,-2.911935E-01
+2.858887E+02,-1.605281E-05,+5.485133E-06,-9.540940E+01,+2.812337E+00
+2.861328E+02,+1.472762E-05,-4.334468E-06,-9.627658E+01,-2.862273E-01
+2.863770E+02,-3.947371E-06,+6.325728E-06,-1.025495E+02,+2.128689E+00
+2.866211E+02,-2.682761E-06,-4.808087E-06,-1.051834E+02,-2.079737E+00
+2.868652E+02,+7.168243E-06,-3.246318E-06,-1.020815E+02,-4.252422E-01
+2.871094E+02,-7.933418E-06,+5.594806E-06,-1.002576E+02,+2.527372E+00
+2.873535E+02,+3.948784E-06,-3.699569E-06,-1.053343E+02,-7.528256E-01
+2.875977E+02,-3.474790E-06,+1.967103E-06,-1.079741E+02,+2.626467E+00
+2.878418E+02,+4.199818E-06,-6.267820E-07,-1.074397E+02,-1.481469E-01
+2.880859E+02,+1.387951E-06,-2.613891E-06,-1.105755E+02,-1.082665E+00
+2.883301E+02,-3.703458E-06,+3.396819E-06,-1.059767E+02,+2.399354E+00
+2.885742E+02,-8.039190E-07,-4.946418E-06,-1.060010E+02,-1.731913E+00
+2.888184E+02,+4.009645E-06,+3.604033E-06,-1.053661E+02,+7.321743E-01
+2.890625E+02,-7.542812E-07,-2.977497E-06,-1.102528E+02,-1.818904E+00
+2.893066E+02,-7.898924E-06,+3.953220E-06,-1.010779E+02,+2.677565E+00
+2.895508E+02,+1.326357E-05,-2.620987E-06,-9.738044E+01,-1.950945E-01
+2.897949E+02,-5.166517E-06,-1.714780E-06,-1.052822E+02,-2.821130E+00
+2.900391E+02,-4.665787E-06,-2.801551E-08,-1.066213E+02,-3.135588E+00
+2.902832E+02,+4.229895E-06,+1.015335E-06,-1.072301E+02,+2.355807E-01
+2.905273E+02,-3.118088E-07,-9.855663E-07,-1.197120E+02,-1.877208E+00
+2.907715E+02,+1.858659E-06,+3.404795E-06,-1.082254E+02,+1.071111E+00
+2.910156E+02,-3.433810E-06,-6.363527E-06,-1.028162E+02,-2.065626E+00
+2.912598E+02,-8.271514E-07,+9.396947E-06,-1.005067E+02,+1.658593E+00
+2.915039E+02,-2.988455E-06,-5.353339E-06,-1.042494E+02,-2.079945E+00
+2.917480E+02,+7.426183E-06,-8.304117E-06,-9.906205E+01,-8.411520E-01
+2.919922E+02,-4.763830E-06,+7.911670E-06,-1.006911E+02,+2.112778E+00
+2.922363E+02,-8.580336E-08,+4.083659E-06,-1.077771E+02,+1.591805E+00
+2.924805E+02,-6.698660E-07,-5.638270E-06,-1.049162E+02,-1.689049E+00
+2.927246E+02,+4.553880E-06,+1.926421E-07,-1.068246E+02,+4.227765E-02
+2.929688E+02,-2.195579E-06,+4.383165E-06,-1.061920E+02,+2.035173E+00
+2.932129E+02,+1.745946E-06,-1.275710E-05,-9.780437E+01,-1.434781E+00
+2.934570E+02,-3.196291E-06,+1.397286E-05,-9.687279E+01,+1.795677E+00
+2.937012E+02,-1.353987E-06,-6.533028E-06,-1.035151E+02,-1.775156E+00
+2.939453E+02,+6.770715E-07,+4.410510E-06,-1.070091E+02,+1.418472E+00
+2.941895E+02,+6.905816E-06,-3.095948E-06,-1.024203E+02,-4.214478E-01
+2.944336E+02,-4.407306E-06,-1.509938E-06,-1.066346E+02,-2.811526E+00
+2.946777E+02,-3.985121E-06,+2.367853E-06,-1.066781E+02,+2.605469E+00
+2.949219E+02,+2.988563E-07,-4.163076E-06,-1.075894E+02,-1.499132E+00
+2.951660E+02,+1.859227E-06,+2.744325E-06,-1.095908E+02,+9.753446E-01
+2.954102E+02,+1.056336E-06,-2.059777E-06,-1.127095E+02,-1.096930E+00
+2.956543E+02,-1.835208E-06,+6.929249E-06,-1.028918E+02,+1.829701E+00
+2.958984E+02,+5.023851E-06,-7.937513E-06,-1.005432E+02,-1.006518E+00
+2.961426E+02,-9.318901E-06,+1.629013E-06,-1.004820E+02,+2.968534E+00
+2.963867E+02,+7.929118E-06,+5.256053E-07,-1.019965E+02,+6.619116E-02
+2.966309E+02,-1.107310E-05,-5.161718E-06,-9.826066E+01,-2.705390E+00
+2.968750E+02,+1.263071E-05,+8.520665E-06,-9.634256E+01,+5.934743E-01
+2.971191E+02,-9.107183E-06,-3.550304E-06,-1.001979E+02,-2.769879E+00
+2.973633E+02,+4.217902E-06,-5.372000E-06,-1.033116E+02,-9.051673E-01
+2.976074E+02,+8.830149E-07,+4.725546E-06,-1.063619E+02,+1.386067E+00
+2.978516E+02,-1.392294E-06,+1.025633E-05,-9.970086E+01,+1.705721E+00
+2.980957E+02,-3.163473E-06,-1.132323E-05,-9.859420E+01,-1.843229E+00
+2.983398E+02,+3.453858E-06,+3.335831E-06,-1.063720E+02,+7.680165E-01
+2.985840E+02,-5.165600E-06,-1.180349E-06,-1.055165E+02,-2.916948E+00
+2.988281E+02,+6.269951E-06,-3.461801E-06,-1.028991E+02,-5.044737E-01
+2.990723E+02,-4.265928E-06,+6.971181E-06,-1.017525E+02,+2.119947E+00
+2.993164E+02,+3.049013E-06,-1.044076E-06,-1.098353E+02,-3.299158E-01
+2.995605E+02,+4.026843E-06,+3.381610E-06,-1.055829E+02,+6.985232E-01
+2.998047E+02,-1.608734E-05,-1.304092E-05,-9.367677E+01,-2.460402E+00
+3.000488E+02,+1.053612E-05,+1.209624E-05,-9.589511E+01,+8.542224E-01
+3.002930E+02,+1.925005E-06,-4.827812E-06,-1.056842E+02,-1.191383E+00
+3.005371E+02,-4.217401E-06,+6.145302E-07,-1.074079E+02,+2.996898E+00
+3.007812E+02,+3.096123E-06,+1.748164E-06,-1.089818E+02,+5.140059E-01
+3.010254E+02,+6.556866E-07,-4.801009E-06,-1.062931E+02,-1.435063E+00
+3.012695E+02,-2.078514E-06,+7.790901E-06,-1.018696E+02,+1.831511E+00
+3.015137E+02,+6.795270E-07,-2.611933E-06,-1.113763E+02,-1.316276E+00
+3.017578E+02,-6.497385E-07,-1.750188E-06,-1.145776E+02,-1.926266E+00
+3.020020E+02,-4.522647E-06,-2.863282E-06,-1.054283E+02,-2.577191E+00
+3.022461E+02,+6.822236E-06,+4.726138E-06,-1.016191E+02,+6.058470E-01
+3.024902E+02,-1.653973E-06,+1.751545E-06,-1.123631E+02,+2.327551E+00
+3.027344E+02,-6.244991E-07,-8.510044E-06,-1.013780E+02,-1.644049E+00
+3.029785E+02,-2.613506E-06,+7.740870E-06,-1.017554E+02,+1.896404E+00
+3.032227E+02,+1.474497E-06,-4.364518E-06,-1.067319E+02,-1.244998E+00
+3.034668E+02,+4.426617E-06,+6.827646E-06,-1.017907E+02,+9.955910E-01
+3.037109E+02,+3.154242E-06,-7.907093E-06,-1.013983E+02,-1.191227E+00
+3.039551E+02,-1.550042E-05,+3.257704E-06,-9.600542E+01,+2.934439E+00
+3.041992E+02,+8.449763E-06,+5.845916E-06,-9.976447E+01,+6.052310E-01
+3.044434E+02,-4.266712E-07,-8.781540E-06,-1.011183E+02,-1.619345E+00
+3.046875E+02,+2.965273E-07,+6.697762E-06,-1.034729E+02,+1.526553E+00
+3.049316E+02,+1.568807E-08,-2.556208E-06,-1.118479E+02,-1.564659E+00
+3.051758E+02,+1.075427E-06,-7.162806E-06,-1.028015E+02,-1.421769E+00
+3.054199E+02,-5.483401E-06,+8.678022E-06,-9.977260E+01,+2.134322E+00
+3.056641E+02,+1.151929E-05,+5.136205E-06,-9.798399E+01,+4.194212E-01
+3.059082E+02,-8.215569E-06,-6.392930E-06,-9.965111E+01,-2.480319E+00
+3.061523E+02,-2.340379E-07,-2.018624E-06,-1.138409E+02,-1.686220E+00
+3.063965E+02,+6.969149E-07,+1.409222E-06,-1.160702E+02,+1.111527E+00
+3.066406E+02,+1.567329E-06,+9.850518E-07,-1.146510E+02,+5.611056E-01
+3.068848E+02,+3.529451E-07,-1.318703E-06,-1.172966E+02,-1.309280E+00
+3.071289E+02,-1.433960E-06,+3.137523E-06,-1.092444E+02,+1.999486E+00
+3.073730E+02,+3.848173E-06,-3.713728E-06,-1.054363E+02,-7.676208E-01
+3.076172E+02,-4.400682E-06,+2.086295E-06,-1.062491E+02,+2.698892E+00
+3.078613E+02,+3.831991E-06,-1.766268E-07,-1.083223E+02,-4.606010E-02
+3.081055E+02,-5.276206E-06,+2.126753E-06,-1.048997E+02,+2.758431E+00
+3.083496E+02,+3.285261E-06,+8.280895E-07,-1.094011E+02,+2.469185E-01
+3.085938E+02,+1.276788E-06,-7.490213E-06,-1.023857E+02,-1.401958E+00
+3.088379E+02,+4.954937E-07,+6.482992E-06,-1.037392E+02,+1.494515E+00
+3.090820E+02,-2.889601E-06,-3.770910E-07,-1.107099E+02,-3.011827E+00
+3.093262E+02,-8.237139E-06,-2.129329E-06,-1.014035E+02,-2.888627E+00
+3.095703E+02,+1.817299E-05,+2.613044E-06,-9.472260E+01,+1.428084E-01
+3.098145E+02,-8.999174E-06,-4.251457E-06,-1.000410E+02,-2.700245E+00
+3.100586E+02,-2.181197E-06,+4.303335E-06,-1.063309E+02,+2.039918E+00
+3.103027E+02,+4.182549E-07,-6.087391E-06,-1.042909E+02,-1.502196E+00
+3.105469E+02,+2.093869E-06,+8.308580E-06,-1.013420E+02,+1.323924E+00
+3.107910E+02,+1.803816E-06,-6.304555E-06,-1.036652E+02,-1.292128E+00
+3.110352E+02,+3.553242E-06,+3.580673E-06,-1.059437E+02,+7.892433E-01
+3.112793E+02,-7.384299E-06,-7.041092E-07,-1.025945E+02,-3.046528E+00
+3.115234E+02,+2.827058E-07,-1.603933E-06,-1.157634E+02,-1.396330E+00
+3.117676E+02,+6.403601E-06,+4.991061E-06,-1.018100E+02,+6.620623E-01
+3.120117E+02,-4.325908E-06,-2.240333E-06,-1.062466E+02,-2.663738E+00
+3.122559E+02,-1.785109E-06,-4.416209E-06,-1.064417E+02,-1.954933E+00
+3.125000E+02,+2.681411E-06,+4.981500E-06,-1.049478E+02,+1.077000E+00
+3.127441E+02,+1.925951E-06,-3.418241E-06,-1.081266E+02,-1.057698E+00
+3.129883E+02,-4.161769E-06,+1.895160E-06,-1.067961E+02,+2.714279E+00
+3.132324E+02,+1.484823E-06,-2.846891E-06,-1.098676E+02,-1.090050E+00
+3.134766E+02,-1.044073E-06,+7.052698E-06,-1.029388E+02,+1.717768E+00
+3.137207E+02,+2.909911E-06,-6.739146E-06,-1.026854E+02,-1.163187E+00
+3.139648E+02,+9.228788E-07,+3.463091E-06,-1.089128E+02,+1.310359E+00
+3.142090E+02,-3.380414E-06,+1.022406E-06,-1.090405E+02,+2.847890E+00
+3.144531E+02,+1.836357E-06,-7.146532E-06,-1.026404E+02,-1.319280E+00
+3.146973E+02,-3.130199E-06,+6.360374E-07,-1.099129E+02,+2.941128E+00
+3.149414E+02,+3.607676E-06,+7.403498E-06,-1.016860E+02,+1.117365E+00
+3.151855E+02,+1.259354E-06,-2.016255E-06,-1.124786E+02,-1.012484E+00
+3.154297E+02,-4.294226E-06,-2.319581E-06,-1.062304E+02,-2.646333E+00
+3.156738E+02,+2.225211E-06,+1.308936E-06,-1.117621E+02,+5.317202E-01
+3.159180E+02,+2.889859E-06,-1.930183E-06,-1.091805E+02,-5.888668E-01
+3.161621E+02,-1.325910E-06,+6.482770E-06,-1.035868E+02,+1.772542E+00
+3.164062E+02,-2.724360E-06,-9.087797E-06,-1.004571E+02,-1.862053E+00
+3.166504E+02,+8.701812E-06,+7.828403E-06,-9.863262E+01,+7.326102E-01
+3.168945E+02,-1.542964E-05,-3.480114E-06,-9.601739E+01,-2.919757E+00
+3.171387E+02,+9.095427E-06,-8.676321E-06,-9.801329E+01,-7.618198E-01
+3.173828E+02,+6.179341E-07,+1.361175E-05,-9.731277E+01,+1.525430E+00
+3.176270E+02,+6.462646E-07,-1.089810E-05,-9.923774E+01,-1.511565E+00
+3.178711E+02,-1.768546E-06,+7.183856E-06,-1.026173E+02,+1.812180E+00
+3.181152E+02,-1.261727E-06,-3.285004E-06,-1.090717E+02,-1.937510E+00
+3.183594E+02,+2.835243E-07,+1.188035E-06,-1.182629E+02,+1.336528E+00
+3.186035E+02,-2.442524E-06,-1.805772E-06,-1.103495E+02,-2.504971E+00
+3.188477E+02,+5.206294E-06,+2.848066E-06,-1.045325E+02,+5.005699E-01
+3.190918E+02,-1.752594E-06,+3.416814E-06,-1.083132E+02,+2.044736E+00
+3.193359E+02,+6.532808E-06,-6.211130E-06,-1.009015E+02,-7.601619E-01
+3.195801E+02,-1.023892E-05,-1.401505E-07,-9.979410E+01,-3.127906E+00
+3.198242E+02,+7.065063E-06,+1.526563E-06,-1.028195E+02,+2.128006E-01
+3.200684E+02,-4.689809E-06,+7.170469E-07,-1.064765E+02,+2.989873E+00
+3.203125E+02,-3.198903E-06,-1.599633E-06,-1.089307E+02,-2.677899E+00
+3.205566E+02,+1.103036E-05,-1.575656E-06,-9.906048E+01,-1.418874E-01
+3.208008E+02,-1.324643E-05,+5.460159E-06,-9.687651E+01,+2.750615E+00
+3.210449E+02,+1.075801E-05,-7.860233E-06,-9.750758E+01,-6.309954E-01
+3.212891E+02,-2.524198E-06,+9.398347E-06,-1.002365E+02,+1.833183E+00
+3.215332E+02,-4.078817E-06,-1.168900E-05,-9.814545E+01,-1.906531E+00
+3.217773E+02,+4.218485E-06,+1.215633E-05,-9.781013E+01,+1.236779E+00
+3.220215E+02,-3.724635E-07,-1.210039E-05,-9.833990E+01,-1.601568E+00
+3.222656E+02,-4.727990E-06,+7.578673E-06,-1.009805E+02,+2.128572E+00
+3.225098E+02,+4.682219E-06,+8.735005E-07,-1.064424E+02,+1.844368E-01
+3.227539E+02,-3.328673E-06,-2.571077E-06,-1.075226E+02,-2.483907E+00
+3.229980E+02,+2.962376E-06,+8.430462E-08,-1.105637E+02,+2.845077E-02
+3.232422E+02,+1.213876E-06,-2.728581E-06,-1.104970E+02,-1.152213E+00
+3.234863E+02,-3.333496E-06,+6.081314E-06,-1.031790E+02,+2.072221E+00
+3.237305E+02,-2.261242E-06,-1.745483E-06,-1.108831E+02,-2.484214E+00
+3.239746E+02,+8.381674E-06,-4.696467E-07,-1.015198E+02,-5.597404E-02
+3.242188E+02,-6.885085E-06,-6.080129E-06,-1.007380E+02,-2.418201E+00
+3.244629E+02,-2.242967E-06,+8.037973E-06,-1.015714E+02,+1.842920E+00
+3.247070E+02,+3.372253E-06,+1.869379E-07,-1.094283E+02,+5.537746E-02
+3.249512E+02,+3.394906E-06,-6.244857E-06,-1.029651E+02,-1.072855E+00
+3.251953E+02,-3.171104E-06,-1.829712E-06,-1.087277E+02,-2.618260E+00
+3.254395E+02,+6.617932E-07,+6.426683E-06,-1.037944E+02,+1.468182E+00
+3.256836E+02,-2.036497E-06,-4.904412E-06,-1.054974E+02,-1.964369E+00
+3.259277E+02,+2.811172E-06,+9.109501E-06,-1.004150E+02,+1.271470E+00
+3.261719E+02,-2.517269E-07,-6.906454E-06,-1.032091E+02,-1.607228E+00
+3.264160E+02,+1.313822E-06,-2.388962E-06,-1.112882E+02,-1.067987E+00
+3.266602E+02,-4.961576E-06,+5.091390E-06,-1.029637E+02,+2.343282E+00
+3.269043E+02,+4.822860E-07,-6.420606E-06,-1.038240E+02,-1.495822E+00
+3.271484E+02,+1.558089E-06,+9.565130E-06,-1.002724E+02,+1.409322E+00
+3.273926E+02,-3.526905E-06,-6.802763E-06,-1.023124E+02,-2.049096E+00
+3.276367E+02,+1.499952E-06,+2.137878E-06,-1.116619E+02,+9.589921E-01
+3.278809E+02,+9.228337E-06,+5.931280E-07,-1.006796E+02,+6.418419E-02
+3.281250E+02,-1.093423E-05,-3.061356E-06,-9.889648E+01,-2.868603E+00
+3.283691E+02,+5.511772E-06,-1.421347E-06,-1.048946E+02,-2.523763E-01
+3.286133E+02,+9.683394E-07,+8.703365E-06,-1.011528E+02,+1.459992E+00
+3.288574E+02,-4.906780E-06,-5.096836E-06,-1.030056E+02,-2.337198E+00
+3.291016E+02,+3.112756E-06,-5.243288E-07,-1.100156E+02,-1.668787E-01
+3.293457E+02,-2.555684E-06,-1.067911E-06,-1.111509E+02,-2.745788E+00
+3.295898E+02,+1.505928E-06,-6.175403E-07,-1.157689E+02,-3.891597E-01
+3.298340E+02,-1.742764E-07,+2.443368E-06,-1.122182E+02,+1.642002E+00
+3.300781E+02,-8.867677E-07,+1.219156E-06,-1.164346E+02,+2.199651E+00
+3.303223E+02,+7.067655E-07,-3.787445E-07,-1.219181E+02,-4.919412E-01
+3.305664E+02,-1.061110E-07,-7.183395E-08,-1.378464E+02,-2.546491E+00
+3.308105E+02,-1.771604E-06,-2.167257E-06,-1.110593E+02,-2.256082E+00
+3.310547E+02,+2.162744E-06,+2.290263E-06,-1.100337E+02,+8.140271E-01
+3.312988E+02,+1.038774E-06,-2.176692E-06,-1.123530E+02,-1.125533E+00
+3.315430E+02,-5.563876E-06,-1.289461E-06,-1.048652E+02,-2.913857E+00
+3.317871E+02,+6.106004E-06,-1.563092E-07,-1.042820E+02,-2.559368E-02
+3.320312E+02,-8.022556E-06,+5.007792E-06,-1.004847E+02,+2.583559E+00
+3.322754E+02,+9.878258E-06,+3.268080E-06,-9.965530E+01,+3.195009E-01
+3.325195E+02,-8.485137E-06,-9.455528E-06,-9.792084E+01,-2.302158E+00
+3.327637E+02,+7.921769E-06,+5.248266E-06,-1.004432E+02,+5.851207E-01
+3.330078E+02,-3.660430E-06,-1.853764E-06,-1.077378E+02,-2.672812E+00
+3.332520E+02,-1.841911E-07,-1.820890E-06,-1.147501E+02,-1.671608E+00
+3.334961E+02,+7.360309E-07,+4.788116E-06,-1.062953E+02,+1.418270E+00
+3.337402E+02,-1.415471E-06,-4.675486E-06,-1.062226E+02,-1.864768E+00
+3.339844E+02,-3.060672E-08,+3.165597E-06,-1.099905E+02,+1.580464E+00
+3.342285E+02,-7.112137E-07,-5.867174E-08,-1.229305E+02,-3.059284E+00
+3.344727E+02,+3.605118E-06,-6.399443E-06,-1.026801E+02,-1.057762E+00
+3.347168E+02,+6.347462E-07,+1.029963E-05,-9.972710E+01,+1.509246E+00
+3.349609E+02,-9.573089E-06,-2.511818E-07,-1.003760E+02,-3.115360E+00
+3.352051E+02,+7.853822E-06,-6.800076E-06,-9.966884E+01,-7.136128E-01
+3.354492E+02,+1.607694E-06,+1.229533E-06,-1.138759E+02,+6.528939E-01
+3.356934E+02,-2.908041E-06,+5.966696E-06,-1.035597E+02,+2.024296E+00
+3.359375E+02,-4.752332E-06,-2.103751E-06,-1.056847E+02,-2.724845E+00
+3.361816E+02,+3.644882E-06,-3.250535E-06,-1.062249E+02,-7.282706E-01
+3.364258E+02,+2.419405E-06,-7.979226E-07,-1.118774E+02,-3.185683E-01
+3.366699E+02,+4.649642E-06,+1.782770E-06,-1.060559E+02,+3.661330E-01
+3.369141E+02,-1.045488E-05,+1.817051E-06,-9.948438E+01,+2.969512E+00
+3.371582E+02,+4.236225E-06,-2.900279E-06,-1.057910E+02,-6.003411E-01
+3.374023E+02,+5.215355E-06,+2.298196E-06,-1.048836E+02,+4.150592E-01
+3.376465E+02,-8.894684E-06,+2.453936E-06,-1.006988E+02,+2.872401E+00
+3.378906E+02,+3.358825E-07,-6.830377E-06,-1.033006E+02,-1.521661E+00
+3.381348E+02,+5.034074E-06,+5.305283E-06,-1.027174E+02,+8.116229E-01
+3.383789E+02,-1.890687E-06,-6.133242E-06,-1.038519E+02,-1.869822E+00
+3.386230E+02,+1.967564E-06,+1.447659E-05,-9.670718E+01,+1.435711E+00
+3.388672E+02,-3.598010E-07,-1.364874E-05,-9.729514E+01,-1.597152E+00
+3.391113E+02,+5.664624E-06,+1.456341E-06,-1.046586E+02,+2.516441E-01
+3.393555E+02,-8.423476E-06,+4.987105E-06,-1.001852E+02,+2.607040E+00
+3.395996E+02,+1.827467E-06,-6.889094E-07,-1.141859E+02,-3.605010E-01
+3.398438E+02,-2.863577E-06,-1.937310E-06,-1.092251E+02,-2.546789E+00
+3.400879E+02,+3.988428E-06,+7.495766E-07,-1.078332E+02,+1.857709E-01
+3.403320E+02,-3.257178E-06,-4.616535E-08,-1.097423E+02,-3.127420E+00
+3.405762E+02,+6.981431E-06,+1.756018E-06,-1.028547E+02,+2.464152E-01
+3.408203E+02,-9.155163E-07,-1.151664E-06,-1.166464E+02,-2.242451E+00
+3.410645E+02,-7.730839E-06,-2.312049E-06,-1.018634E+02,-2.850991E+00
+3.413086E+02,+4.425067E-06,+1.541449E-06,-1.065842E+02,+3.351994E-01
+3.415527E+02,+2.173828E-06,+2.274452E-06,-1.100442E+02,+8.080150E-01
+3.417969E+02,+1.298840E-07,-3.252916E-06,-1.097476E+02,-1.530889E+00
+3.420410E+02,-3.243200E-06,+2.445742E-06,-1.078252E+02,+2.495464E+00
+3.422852E+02,+3.683853E-08,-1.484805E-06,-1.165639E+02,-1.545991E+00
+3.425293E+02,+3.418623E-06,-5.462359E-06,-1.038170E+02,-1.011585E+00
+3.427734E+02,-4.708782E-06,+5.418373E-06,-1.028793E+02,+2.286241E+00
+3.430176E+02,+7.235299E-07,+4.413053E-07,-1.214373E+02,+5.476918E-01
+3.432617E+02,+2.671705E-06,+4.896126E-07,-1.113208E+02,+1.812473E-01
+3.435059E+02,+3.262420E-06,+5.393880E-06,-1.040080E+02,+1.026827E+00
+3.437500E+02,-9.955587E-06,-1.086002E-05,-9.663432E+01,-2.312772E+00
+3.439941E+02,+1.057873E-05,-2.594904E-07,-9.950871E+01,-2.452452E-02
+3.442383E+02,-8.266684E-06,+9.871595E-06,-9.780450E+01,+2.267942E+00
+3.444824E+02,+5.275303E-06,-5.455617E-06,-1.023963E+02,-8.021997E-01
+3.447266E+02,+1.668841E-06,+1.207414E-06,-1.137234E+02,+6.263270E-01
+3.449707E+02,-7.689130E-06,+3.309834E-06,-1.015442E+02,+2.735110E+00
+3.452148E+02,+5.286073E-06,-7.920482E-06,-1.004250E+02,-9.822911E-01
+3.454590E+02,+2.458755E-06,+1.805631E-06,-1.103125E+02,+6.334212E-01
+3.457031E+02,-5.815174E-06,+1.771572E-06,-1.043233E+02,+2.845879E+00
+3.459473E+02,+7.853127E-06,-1.843245E-06,-1.018662E+02,-2.305416E-01
+3.461914E+02,-6.801123E-06,+1.489351E-06,-1.031450E+02,+2.926010E+00
+3.464355E+02,+5.371718E-06,+1.940291E-06,-1.048652E+02,+3.466218E-01
+3.466797E+02,-2.828516E-06,+1.190007E-06,-1.102610E+02,+2.743355E+00
+3.469238E+02,+3.073724E-06,+1.923943E-06,-1.088110E+02,+5.592695E-01
+3.471680E+02,-4.652210E-06,-8.906720E-06,-9.995796E+01,-2.052145E+00
+3.474121E+02,+1.711436E-05,+2.405875E-06,-9.524780E+01,+1.396612E-01
+3.476562E+02,-1.771308E-05,-5.721146E-06,-9.460316E+01,-2.829180E+00
+3.479004E+02,-1.376758E-05,+2.144300E-06,-9.711875E+01,+2.987084E+00
+3.481445E+02,+1.386114E-05,-5.018503E-06,-9.662907E+01,-3.473740E-01
+3.483887E+02,-1.367390E-05,+1.730209E-05,-9.313062E+01,+2.239597E+00
+3.486328E+02,+1.791422E-05,-2.646204E-06,-9.484230E+01,-1.466548E-01
+3.488770E+02,+1.167775E-07,-7.070469E-06,-1.030099E+02,-1.554282E+00
+3.491211E+02,+1.632479E-06,+8.171639E-06,-1.015839E+02,+1.373618E+00
+3.493652E+02,-7.752348E-06,-2.137620E-06,-1.018931E+02,-2.872540E+00
+3.496094E+02,+6.107506E-06,-1.349491E-05,-9.658736E+01,-1.145800E+00
+3.498535E+02,-2.080836E-07,+1.948554E-05,-9.420525E+01,+1.581475E+00
+3.500977E+02,-7.327897E-06,-9.998975E-06,-9.813390E+01,-2.203240E+00
+3.503418E+02,+8.113031E-06,+1.019294E-06,-1.017483E+02,+1.249817E-01
+3.505859E+02,-4.286724E-06,-1.932854E-06,-1.065537E+02,-2.717996E+00
+3.508301E+02,+1.662502E-06,-3.738843E-06,-1.077617E+02,-1.152395E+00
+3.510742E+02,+2.356412E-07,+6.406943E-06,-1.038611E+02,+1.534034E+00
+3.513184E+02,-4.083637E-06,-2.060269E-06,-1.067942E+02,-2.674337E+00
+3.515625E+02,-6.602198E-08,+6.060972E-06,-1.043486E+02,+1.581689E+00
+3.518066E+02,+8.106485E-06,-9.732577E-06,-9.794692E+01,-8.763005E-01
+3.520508E+02,-7.437439E-06,+4.767559E-06,-1.010765E+02,+2.571555E+00
+3.522949E+02,+8.932760E-06,-2.776301E-06,-1.005798E+02,-3.013352E-01
+3.525391E+02,-6.528924E-06,+7.732148E-06,-9.989645E+01,+2.272022E+00
+3.527832E+02,-5.165122E-06,-7.785054E-06,-1.005906E+02,-2.156580E+00
+3.530273E+02,+1.198429E-05,+4.501554E-07,-9.842163E+01,+3.754447E-02
+3.532715E+02,-1.508252E-05,+2.722432E-06,-9.629128E+01,+2.963013E+00
+3.535156E+02,+1.519493E-05,-9.407558E-07,-9.634941E+01,-6.183354E-02
+3.537598E+02,-1.114899E-05,-2.650830E-06,-9.881646E+01,-2.908163E+00
+3.540039E+02,+6.198902E-06,+3.381955E-06,-1.030221E+02,+4.994382E-01
+3.542480E+02,-3.224620E-07,-7.917499E-07,-1.213617E+02,-1.957561E+00
+3.544922E+02,-1.024805E-06,+4.103904E-07,-1.191412E+02,+2.760692E+00
+3.547363E+02,+1.721805E-06,-2.020852E-06,-1.115191E+02,-8.651310E-01
+3.549805E+02,-6.402071E-06,-5.077333E-06,-1.017545E+02,-2.471087E+00
+3.552246E+02,+8.297179E-07,+7.674156E-06,-1.022489E+02,+1.463096E+00
+3.554688E+02,+4.792514E-06,-2.752512E-06,-1.051507E+02,-5.213349E-01
+3.557129E+02,+8.308556E-07,+4.550859E-06,-1.066957E+02,+1.390214E+00
+3.559570E+02,-4.884374E-06,-8.620505E-06,-1.000802E+02,-2.086295E+00
+3.562012E+02,+7.373967E-06,+1.075324E-05,-9.769532E+01,+9.697025E-01
+3.564453E+02,-1.032045E-05,-8.301588E-06,-9.755901E+01,-2.464185E+00
+3.566895E+02,+7.612749E-06,-2.230812E-07,-1.023654E+02,-2.929525E-02
+3.569336E+02,-1.400158E-06,+5.690403E-06,-1.046419E+02,+1.812060E+00
+3.571777E+02,+1.293358E-06,-1.067535E-05,-9.936908E+01,-1.450230E+00
+3.574219E+02,-9.333924E-06,+1.276508E-05,-9.601939E+01,+2.202162E+00
+3.576660E+02,+9.881618E-06,-5.976036E-06,-9.874976E+01,-5.439143E-01
+3.579102E+02,-5.096358E-06,+2.225120E-06,-1.050970E+02,+2.729929E+00
+3.581543E+02,+5.310247E-06,-5.368277E-06,-1.024399E+02,-7.908325E-01
+3.583984E+02,-5.415044E-06,+9.749916E-06,-9.905237E+01,+2.077771E+00
+3.586426E+02,+9.526451E-07,-6.898525E-06,-1.031428E+02,-1.433570E+00
+3.588867E+02,-1.764329E-07,-3.712144E-06,-1.085977E+02,-1.618289E+00
+3.591309E+02,+1.554624E-06,+1.012145E-05,-9.979387E+01,+1.418390E+00
+3.593750E+02,+2.830618E-07,-4.729274E-06,-1.064886E+02,-1.511014E+00
+3.596191E+02,+7.783764E-07,+1.819369E-07,-1.219452E+02,+2.296166E-01
+3.598633E+02,-3.875598E-06,-1.114589E-06,-1.078881E+02,-2.861558E+00
+3.601074E+02,+1.239447E-06,+3.158283E-06,-1.093889E+02,+1.196821E+00
+3.603516E+02,+7.627116E-07,-6.874406E-06,-1.032022E+02,-1.460299E+00
+3.605957E+02,+5.851730E-07,+6.462752E-06,-1.037562E+02,+1.480497E+00
+3.608398E+02,+1.207201E-06,-1.626652E-06,-1.138686E+02,-9.323454E-01
+3.610840E+02,+1.032118E-06,-1.688867E-06,-1.140699E+02,-1.022233E+00
+3.613281E+02,-8.760713E-06,+3.569025E-06,-1.004823E+02,+2.754732E+00
+3.615723E+02,+4.371047E-06,-2.106140E-06,-1.062816E+02,-4.490133E-01
+3.618164E+02,+5.937648E-06,-4.501027E-06,-1.025559E+02,-6.486325E-01
+3.620605E+02,-5.961944E-06,+7.434825E-06,-1.004181E+02,+2.246691E+00
+3.623047E+02,-1.747076E-06,-9.123555E-06,-1.006403E+02,-1.759997E+00
+3.625488E+02,+2.826115E-06,+1.270945E-05,-9.770786E+01,+1.351993E+00
+3.627930E+02,+6.423872E-06,-1.129989E-05,-9.772233E+01,-1.053868E+00
+3.630371E+02,-5.622729E-06,+1.131628E-05,-9.796768E+01,+2.031938E+00
+3.632812E+02,-3.516646E-06,-1.252257E-05,-9.771648E+01,-1.844569E+00
+3.635254E+02,+8.214537E-06,+9.348205E-06,-9.810040E+01,+8.498583E-01
+3.637695E+02,-9.257672E-06,-7.691873E-06,-9.839024E+01,-2.448313E+00
+3.640137E+02,+2.664841E-06,+8.753363E-06,-1.007716E+02,+1.275275E+00
+3.642578E+02,+3.073428E-06,-3.875876E-06,-1.061140E+02,-9.003607E-01
+3.645020E+02,-9.893289E-07,-4.153891E-06,-1.073913E+02,-1.804609E+00
+3.647461E+02,-1.809840E-06,+5.824621E-06,-1.042944E+02,+1.872061E+00
+3.649902E+02,+6.094930E-07,-1.282407E-06,-1.169550E+02,-1.127126E+00
+3.652344E+02,-5.354193E-07,-1.294641E-06,-1.170713E+02,-1.962942E+00
+3.654785E+02,-1.136248E-06,+1.765344E-06,-1.135581E+02,+2.142689E+00
+3.657227E+02,+7.329922E-06,-2.586561E-06,-1.021883E+02,-3.392355E-01
+3.659668E+02,-1.068609E-05,-4.060862E-06,-9.883781E+01,-2.778434E+00
+3.662109E+02,+9.017512E-06,+1.193314E-05,-9.650304E+01,+9.236764E-01
+3.664551E+02,-7.367875E-06,-9.464788E-06,-9.842036E+01,-2.232259E+00
+3.666992E+02,+8.500559E-06,+4.209128E-06,-1.004587E+02,+4.597673E-01
+3.669434E+02,-7.537650E-06,+1.931989E-06,-1.021789E+02,+2.890682E+00
+3.671875E+02,+4.529119E-06,-5.909514E-06,-1.025621E+02,-9.168744E-01
+3.674316E+02,-1.510140E-06,+4.384319E-06,-1.066750E+02,+1.902510E+00
+3.676758E+02,-2.670595E-06,+3.692669E-06,-1.068261E+02,+2.196934E+00
+3.679199E+02,+6.129254E-06,-1.145280E-05,-9.772797E+01,-1.079406E+00
+3.681641E+02,-3.534584E-06,+1.088026E-05,-9.883148E+01,+1.884903E+00
+3.684082E+02,-1.638727E-06,-8.943498E-06,-1.008264E+02,-1.752017E+00
+3.686523E+02,+1.284888E-06,+4.317777E-06,-1.069263E+02,+1.281560E+00
+3.688965E+02,-1.783633E-06,+5.167901E-06,-1.052449E+02,+1.903132E+00
+3.691406E+02,+2.527282E-06,-7.169991E-06,-1.023810E+02,-1.231914E+00
+3.693848E+02,+3.509808E-06,+2.519633E-06,-1.072892E+02,+6.226277E-01
+3.696289E+02,-9.084479E-06,-1.365956E-06,-1.007369E+02,-2.992349E+00
+3.698730E+02,+8.812020E-06,+3.448534E-07,-1.010918E+02,+3.911446E-02
+3.701172E+02,-4.243559E-06,+3.483626E-06,-1.052081E+02,+2.454225E+00
+3.703613E+02,-1.472651E-06,+2.790255E-06,-1.100199E+02,+2.056423E+00
+3.706055E+02,+1.576831E-06,-1.885977E-06,-1.121873E+02,-8.744380E-01
+3.708496E+02,+6.613805E-07,-9.218521E-06,-1.006845E+02,-1.499174E+00
+3.710938E+02,+3.893016E-06,+2.614957E-06,-1.065770E+02,+5.914823E-01
+3.713379E+02,-1.151026E-06,+4.014983E-06,-1.075833E+02,+1.849991E+00
+3.715820E+02,-9.440952E-06,+3.302442E-06,-9.999836E+01,+2.805096E+00
+3.718262E+02,+1.031039E-05,-9.085683E-06,-9.723874E+01,-7.223400E-01
+3.720703E+02,+1.403148E-06,+6.929930E-06,-1.030109E+02,+1.371021E+00
+3.723145E+02,-1.043220E-05,-4.434609E-06,-9.891109E+01,-2.739647E+00
+3.725586E+02,+2.604789E-06,+7.948743E-06,-1.015510E+02,+1.254126E+00
+3.728027E+02,+6.880638E-06,-7.086777E-06,-1.001070E+02,-8.001558E-01
+3.730469E+02,-1.876968E-06,+2.847665E-06,-1.093434E+02,+2.153560E+00
+3.732910E+02,-6.025332E-06,-9.295954E-08,-1.043993E+02,-3.126166E+00
+3.735352E+02,+7.255265E-06,+4.292271E-07,-1.027718E+02,+5.909190E-02
+3.737793E+02,-1.186733E-06,-4.653665E-06,-1.063705E+02,-1.820485E+00
+3.740234E+02,-7.358547E-06,+1.179777E-06,-1.025539E+02,+2.982618E+00
+3.742676E+02,+6.979282E-06,+7.722320E-06,-9.965193E+01,+8.358965E-01
+3.745117E+02,+5.084686E-06,-9.598092E-06,-9.928201E+01,-1.083625E+00
+3.747559E+02,-9.631313E-06,+6.936459E-07,-1.003038E+02,+3.069697E+00
+3.750000E+02,+3.786920E-06,+6.129480E-06,-1.028474E+02,+1.017376E+00
+3.752441E+02,-2.931257E-06,+2.868453E-07,-1.106175E+02,+3.044046E+00
+3.754883E+02,+3.730409E-06,-3.474691E-06,-1.058520E+02,-7.499218E-01
+3.757324E+02,-1.355942E-06,-3.217869E-06,-1.091388E+02,-1.969596E+00
+3.759766E+02,-5.090177E-07,+6.810036E-06,-1.033128E+02,+1.645403E+00
+3.762207E+02,-9.342568E-07,-2.540301E-06,-1.113513E+02,-1.923217E+00
+3.764648E+02,+4.068067E-06,-8.701866E-06,-1.003493E+02,-1.133490E+00
+3.767090E+02,+1.708561E-06,+6.274723E-06,-1.037375E+02,+1.304949E+00
+3.769531E+02,-9.547049E-06,+7.533899E-06,-9.830016E+01,+2.473513E+00
+3.771973E+02,+7.245952E-06,-3.017747E-06,-1.021034E+02,-3.946266E-01
+3.774414E+02,-4.258224E-06,-2.505976E-06,-1.061239E+02,-2.609670E+00
+3.776855E+02,+1.040080E-05,+3.798808E-07,-9.965288E+01,+3.650797E-02
+3.779297E+02,-8.656170E-06,+2.017164E-06,-1.010238E+02,+2.912647E+00
+3.781738E+02,-4.998141E-06,-8.184124E-06,-1.003640E+02,-2.119055E+00
+3.784180E+02,+9.324725E-06,+9.100436E-06,-9.770143E+01,+7.732258E-01
+3.786621E+02,-5.610507E-06,-9.384943E-06,-9.922432E+01,-2.109612E+00
+3.789062E+02,+2.334356E-06,+9.742982E-06,-9.998375E+01,+1.335636E+00
+3.791504E+02,-1.277813E-06,-5.976107E-06,-1.042775E+02,-1.781445E+00
+3.793945E+02,+6.590659E-06,+5.642696E-06,-1.012334E+02,+7.080627E-01
+3.796387E+02,-1.011974E-05,-7.570018E-06,-9.796657E+01,-2.499344E+00
+3.798828E+02,+1.030612E-05,+1.507841E-06,-9.964611E+01,+1.452746E-01
+3.801270E+02,-6.169461E-06,+3.565647E-06,-1.029434E+02,+2.617543E+00
+3.803711E+02,-3.875765E-06,-7.190731E-07,-1.080859E+02,-2.958148E+00
+3.806152E+02,+8.043910E-06,-2.168407E-06,-1.015860E+02,-2.633121E-01
+3.808594E+02,-7.493638E-06,+3.212116E-06,-1.017736E+02,+2.736638E+00
+3.811035E+02,+1.087075E-05,-7.273472E-06,-9.766809E+01,-5.896759E-01
+3.813477E+02,-7.927758E-06,+6.335888E-06,-9.987193E+01,+2.467338E+00
+3.815918E+02,+4.833167E-07,-5.851260E-07,-1.223960E+02,-8.803989E-01
+3.818359E+02,-3.608939E-06,+5.730810E-09,-1.088524E+02,+3.140005E+00
+3.820801E+02,+7.339817E-06,+2.117869E-06,-1.023390E+02,+2.809150E-01
+3.823242E+02,-1.796067E-07,-5.633710E-06,-1.049797E+02,-1.602666E+00
+3.825684E+02,-1.916539E-06,+4.853573E-06,-1.056495E+02,+1.946874E+00
+3.828125E+02,-4.105539E-06,-1.560031E-06,-1.071469E+02,-2.778461E+00
+3.830566E+02,+2.971066E-06,-7.043142E-07,-1.103043E+02,-2.327611E-01
+3.833008E+02,-3.990263E-06,-3.154151E-06,-1.058719E+02,-2.472695E+00
+3.835449E+02,+7.401055E-06,+5.029831E-06,-1.009650E+02,+5.969099E-01
+3.837891E+02,-4.795637E-06,-8.641595E-06,-1.001022E+02,-2.077431E+00
+3.840332E+02,+4.420318E-06,+1.340505E-05,-9.700635E+01,+1.252274E+00
+3.842773E+02,-5.087287E-06,-6.695432E-06,-1.015052E+02,-2.220549E+00
+3.845215E+02,-1.987105E-06,+2.024264E-06,-1.109441E+02,+2.346931E+00
+3.847656E+02,+8.703138E-06,-1.734955E-06,-1.010372E+02,-1.967688E-01
+3.850098E+02,-7.998994E-06,-7.211892E-06,-9.935559E+01,-2.407894E+00
+3.852539E+02,+4.348947E-06,+1.164559E-05,-9.810978E+01,+1.213393E+00
+3.854980E+02,+9.065884E-07,-6.286477E-06,-1.039425E+02,-1.427571E+00
+3.857422E+02,-1.095817E-07,+3.482488E-06,-1.091579E+02,+1.602252E+00
+3.859863E+02,-5.394626E-07,-8.134153E-06,-1.017747E+02,-1.637020E+00
+3.862305E+02,-5.307383E-06,+7.613326E-06,-1.006484E+02,+2.179585E+00
+3.864746E+02,+5.151033E-07,+2.265708E-07,-1.249940E+02,+4.143855E-01
+3.867188E+02,+2.648072E-06,-5.752576E-06,-1.039681E+02,-1.139387E+00
+3.869629E+02,+2.282698E-06,+9.315406E-06,-1.003627E+02,+1.330486E+00
+3.872070E+02,-1.863461E-06,-9.915798E-06,-9.992271E+01,-1.756558E+00
+3.874512E+02,+4.421201E-06,+9.562044E-06,-9.954757E+01,+1.137703E+00
+3.876953E+02,-4.201584E-06,-4.761822E-06,-1.039439E+02,-2.293773E+00
+3.879395E+02,+8.774889E-08,-4.404209E-06,-1.071209E+02,-1.550875E+00
+3.881836E+02,-3.369881E-06,+6.421578E-06,-1.027907E+02,+2.054067E+00
+3.884277E+02,+4.979895E-06,-5.841073E-06,-1.022976E+02,-8.648150E-01
+3.886719E+02,-7.926918E-06,+3.606843E-06,-1.012007E+02,+2.714579E+00
+3.889160E+02,+9.667022E-06,+2.655398E-06,-9.997824E+01,+2.680745E-01
+3.891602E+02,-3.935268E-07,-3.888245E-06,-1.081607E+02,-1.671662E+00
+3.894043E+02,-7.332309E-06,+3.407586E-06,-1.018459E+02,+2.706552E+00
+3.896484E+02,+3.105481E-06,-3.874060E-06,-1.060814E+02,-8.950752E-01
+3.898926E+02,+2.903695E-06,+3.005650E-06,-1.075782E+02,+8.026496E-01
+3.901367E+02,+1.478215E-06,-5.196207E-06,-1.053483E+02,-1.293639E+00
+3.903809E+02,-1.018536E-05,+3.470948E-06,-9.936333E+01,+2.813157E+00
+3.906250E+02,+7.517939E-06,-4.677456E-07,-1.024612E+02,-6.213717E-02
+3.908691E+02,+2.099396E-06,+4.885790E-06,-1.054855E+02,+1.164956E+00
+3.911133E+02,-9.565261E-06,-7.381816E-06,-9.835690E+01,-2.484328E+00
+3.913574E+02,+1.204790E-05,+1.436983E-06,-9.832043E+01,+1.187117E-01
+3.916016E+02,-1.113514E-05,+9.397865E-06,-9.673027E+01,+2.440603E+00
+3.918457E+02,+6.589281E-06,-9.350350E-06,-9.883234E+01,-9.569166E-01
+3.920898E+02,-2.306253E-06,-4.910962E-06,-1.053112E+02,-2.009840E+00
+3.923340E+02,+3.043429E-06,+1.371968E-05,-9.704451E+01,+1.352502E+00
+3.925781E+02,-6.439290E-06,-1.342504E-05,-9.654242E+01,-2.018030E+00
+3.928223E+02,+4.906565E-06,+6.573342E-06,-1.017209E+02,+9.295815E-01
+3.930664E+02,+3.221333E-06,+1.801215E-06,-1.086578E+02,+5.098425E-01
+3.933105E+02,-4.510357E-06,-3.191909E-07,-1.068941E+02,-3.070942E+00
+3.935547E+02,-5.372179E-06,+1.449543E-06,-1.050918E+02,+2.878045E+00
+3.937988E+02,+7.175418E-06,-5.320798E-06,-1.009801E+02,-6.380592E-01
+3.940430E+02,+4.823223E-06,+1.484832E-06,-1.059400E+02,+2.986436E-01
+3.942871E+02,-6.379915E-06,+4.187767E-06,-1.023477E+02,+2.560732E+00
+3.945312E+02,-1.279285E-06,-5.173763E-06,-1.054661E+02,-1.813198E+00
+3.947754E+02,+2.157562E-06,+4.513871E-06,-1.060154E+02,+1.124915E+00
+3.950195E+02,-5.116637E-06,+5.843181E-07,-1.057640E+02,+3.027886E+00
+3.952637E+02,+3.901470E-06,-7.736307E-06,-1.012452E+02,-1.103709E+00
+3.955078E+02,+5.502152E-06,+4.004015E-06,-1.033437E+02,+6.290875E-01
+3.957520E+02,-7.355277E-06,-1.696097E-06,-1.024430E+02,-2.914958E+00
+3.959961E+02,-8.709286E-07,+7.992011E-06,-1.018956E+02,+1.679343E+00
+3.962402E+02,+9.592252E-07,-6.610862E-06,-1.035043E+02,-1.426704E+00
+3.964844E+02,+4.525259E-06,-1.080610E-06,-1.066463E+02,-2.344054E-01
+3.967285E+02,-3.383271E-06,+1.346927E-05,-9.714741E+01,+1.816889E+00
+3.969727E+02,+1.033007E-05,-1.306323E-05,-9.556960E+01,-9.017060E-01
+3.972168E+02,-6.955805E-06,+2.353459E-06,-1.026823E+02,+2.815339E+00
+3.974609E+02,-6.735633E-06,+8.602390E-07,-1.033622E+02,+3.014566E+00
+3.977051E+02,+1.376329E-06,-3.751118E-06,-1.079683E+02,-1.219136E+00
+3.979492E+02,+7.249579E-06,+5.943224E-07,-1.027647E+02,+8.179735E-02
+3.981934E+02,-4.854956E-06,+7.921253E-07,-1.061622E+02,+2.979860E+00
+3.984375E+02,+3.510010E-07,+4.257181E-06,-1.073881E+02,+1.488533E+00
+3.986816E+02,+6.388077E-06,-1.735588E-07,-1.038894E+02,-2.716249E-02
+3.989258E+02,-5.745221E-06,-5.213084E-06,-1.022052E+02,-2.404716E+00
+3.991699E+02,-2.753364E-06,+2.167194E-07,-1.111759E+02,+3.063044E+00
+3.994141E+02,-2.319442E-06,+4.763167E-06,-1.055180E+02,+2.023952E+00
+3.996582E+02,+6.159667E-06,-1.073770E-06,-1.040788E+02,-1.725885E-01
+3.999023E+02,-1.693934E-06,+9.979824E-07,-1.141281E+02,+2.609189E+00
+4.001465E+02,+7.567299E-07,-8.669894E-06,-1.012068E+02,-1.483734E+00
+4.003906E+02,+8.263240E-06,+4.972746E-06,-1.003147E+02,+5.417356E-01
+4.006348E+02,-1.239143E-05,+3.073419E-06,-9.787830E+01,+2.898471E+00
+4.008789E+02,+3.784265E-07,+7.865383E-06,-1.020756E+02,+1.522720E+00
+4.011230E+02,+4.943106E-06,-1.573749E-05,-9.565266E+01,-1.266457E+00
+4.013672E+02,+7.661877E-06,+3.373411E-06,-1.015438E+02,+4.147458E-01
+4.016113E+02,-1.349406E-05,+4.732716E-06,-9.689332E+01,+2.804271E+00
+4.018555E+02,+1.192230E-06,-3.161499E-07,-1.181777E+02,-2.592095E-01
+4.020996E+02,+7.659442E-06,-1.728547E-07,-1.023138E+02,-2.256370E-02
+4.023438E+02,-3.738947E-06,-2.468773E-07,-1.085261E+02,-3.075660E+00
+4.025879E+02,-1.662917E-06,-2.138786E-06,-1.113432E+02,-2.231670E+00
+4.028320E+02,+7.249615E-06,-3.199485E-06,-1.020208E+02,-4.156220E-01
+4.030762E+02,-1.551939E-05,+4.315092E-06,-9.585910E+01,+2.870398E+00
+4.033203E+02,+1.022116E-05,+3.466067E-06,-9.933727E+01,+3.269380E-01
+4.035645E+02,+3.283696E-06,-6.483943E-06,-1.027717E+02,-1.102014E+00
+4.038086E+02,-3.156477E-06,+1.042452E-05,-9.925790E+01,+1.864814E+00
+4.040527E+02,-1.494475E-06,-7.143308E-06,-1.027360E+02,-1.777035E+00
+4.042969E+02,-2.668854E-06,-1.112981E-05,-9.882744E+01,-1.806146E+00
+4.045410E+02,+5.562102E-06,+1.281841E-05,-9.709412E+01,+1.161399E+00
+4.047852E+02,-8.218560E-06,-2.257006E-06,-1.013883E+02,-2.873577E+00
+4.050293E+02,+9.177562E-06,+1.965031E-06,-1.005508E+02,+2.109278E-01
+4.052734E+02,-9.040531E-08,+3.345432E-06,-1.095078E+02,+1.597813E+00
+4.055176E+02,-2.511568E-06,-9.484187E-06,-1.001656E+02,-1.829670E+00
+4.057617E+02,+3.814840E-07,+1.077698E-05,-9.934462E+01,+1.535413E+00
+4.060059E+02,-1.839633E-06,-8.464296E-06,-1.012477E+02,-1.784808E+00
+4.062500E+02,+1.115296E-06,+1.490222E-06,-1.146034E+02,+9.283140E-01
+4.064941E+02,+1.074372E-06,+4.928250E-07,-1.185476E+02,+4.300734E-01
+4.067383E+02,+2.294820E-06,+9.711492E-07,-1.120695E+02,+4.003382E-01
+4.069824E+02,-7.560643E-07,-5.550685E-06,-1.050332E+02,-1.706174E+00
+4.072266E+02,-5.053561E-06,+5.959530E-06,-1.021428E+02,+2.274117E+00
+4.074707E+02,+1.529209E-06,-3.026235E-08,-1.163090E+02,-1.978696E-02
+4.077148E+02,-8.831547E-07,-1.343625E-06,-1.158749E+02,-2.152281E+00
+4.079590E+02,+5.433119E-06,-1.624055E-06,-1.049273E+02,-2.904634E-01
+4.082031E+02,-6.791554E-06,+5.630713E-06,-1.010885E+02,+2.449372E+00
+4.084473E+02,+2.938406E-06,-3.087269E-06,-1.074075E+02,-8.100980E-01
+4.086914E+02,+5.613484E-06,-2.329407E-06,-1.043253E+02,-3.933415E-01
+4.089355E+02,-6.299461E-06,+1.288783E-06,-1.038359E+02,+2.939791E+00
+4.091797E+02,+1.141176E-06,-2.362572E-06,-1.116216E+02,-1.120823E+00
+4.094238E+02,-5.436775E-07,+3.552415E-06,-1.088890E+02,+1.722662E+00
+4.096680E+02,+7.835373E-07,-5.725036E-07,-1.202609E+02,-6.310117E-01
+4.099121E+02,+7.044545E-07,+3.546318E-07,-1.220620E+02,+4.663745E-01
+4.101562E+02,+2.455926E-06,-3.133583E-06,-1.079995E+02,-9.060468E-01
+4.104004E+02,-8.614263E-06,+8.987603E-06,-9.809717E+01,+2.334987E+00
+4.106445E+02,+6.366639E-06,-9.984914E-06,-9.853151E+01,-1.003169E+00
+4.108887E+02,+1.656108E-06,+1.721198E-06,-1.124373E+02,+8.046684E-01
+4.111328E+02,-8.828166E-07,+6.470681E-07,-1.192152E+02,+2.509088E+00
+4.113770E+02,+3.320066E-06,-1.221071E-06,-1.090261E+02,-3.524303E-01
+4.116211E+02,-1.092081E-05,+5.650113E-06,-9.820483E+01,+2.664145E+00
+4.118652E+02,+9.120110E-06,-5.745527E-06,-9.934840E+01,-5.621756E-01
+4.121094E+02,-5.011823E-06,+3.970404E-06,-1.038846E+02,+2.471622E+00
+4.123535E+02,-2.213690E-06,-5.718433E-06,-1.042480E+02,-1.940146E+00
+4.125977E+02,+1.019821E-05,+8.570553E-06,-9.750905E+01,+6.988931E-01
+4.128418E+02,-8.421322E-06,-8.226585E-06,-9.858252E+01,-2.367891E+00
+4.130859E+02,+3.757624E-07,+1.021756E-06,-1.192622E+02,+1.218387E+00
+4.133301E+02,+4.811412E-06,+6.426064E-06,-1.019082E+02,+9.281060E-01
+4.135742E+02,-3.516068E-06,-7.390471E-06,-1.017404E+02,-2.014862E+00
+4.138184E+02,-2.951890E-06,+1.792630E-06,-1.092346E+02,+2.595836E+00
+4.140625E+02,+6.708710E-06,+5.820295E-06,-1.010302E+02,+7.146080E-01
+4.143066E+02,-2.605762E-06,-8.444529E-06,-1.010735E+02,-1.870100E+00
+4.145508E+02,-2.411431E-06,+5.108990E-06,-1.049598E+02,+2.011792E+00
+4.147949E+02,+6.917957E-07,-2.086129E-06,-1.131601E+02,-1.250591E+00
+4.150391E+02,+5.901684E-06,-1.291088E-06,-1.043774E+02,-2.153730E-01
+4.152832E+02,-9.454795E-06,+4.502276E-07,-1.004771E+02,+3.094010E+00
+4.155273E+02,+7.936527E-06,+6.805627E-06,-9.961360E+01,+7.088361E-01
+4.157715E+02,-4.947271E-06,-8.182570E-06,-1.003891E+02,-2.114599E+00
+4.160156E+02,+3.972954E-06,+5.280980E-06,-1.035979E+02,+9.258160E-01
+4.162598E+02,-3.077444E-07,-6.717527E-06,-1.034467E+02,-1.616576E+00
+4.165039E+02,-4.785351E-06,+4.845467E-06,-1.033369E+02,+2.349953E+00
+4.167480E+02,+1.089546E-06,-4.137549E-07,-1.186700E+02,-3.629285E-01
+4.169922E+02,-1.491937E-06,+3.055140E-06,-1.093705E+02,+2.025070E+00
+4.172363E+02,+6.933486E-06,-2.439261E-06,-1.026742E+02,-3.382853E-01
+4.174805E+02,-5.963837E-06,-2.590439E-06,-1.037389E+02,-2.731822E+00
+4.177246E+02,+7.460889E-07,+1.064897E-06,-1.177195E+02,+9.596539E-01
+4.179688E+02,+2.314173E-06,-1.364610E-06,-1.114161E+02,-5.327932E-01
+4.182129E+02,-3.361679E-07,-7.769831E-07,-1.214465E+02,-1.979135E+00
+4.184570E+02,-1.893419E-06,+4.692162E-06,-1.059174E+02,+1.954340E+00
+4.187012E+02,-3.542544E-06,-8.059827E-07,-1.087945E+02,-2.917886E+00
+4.189453E+02,+9.158972E-06,+2.000966E-06,-1.005606E+02,+2.150910E-01
+4.191895E+02,-5.526232E-06,-3.722225E-06,-1.035267E+02,-2.548836E+00
+4.194336E+02,+5.336974E-06,+3.649492E-06,-1.037880E+02,+5.997794E-01
+4.196777E+02,-6.954257E-06,-9.566254E-06,-9.854260E+01,-2.199386E+00
+4.199219E+02,-3.190208E-07,+4.761623E-06,-1.064254E+02,+1.637695E+00
+4.201660E+02,+7.157102E-06,+5.283206E-06,-1.010162E+02,+6.358912E-01
+4.204102E+02,-9.275586E-06,-4.167789E-06,-9.985450E+01,-2.719297E+00
+4.206543E+02,+4.333482E-06,+1.824102E-07,-1.072556E+02,+4.206837E-02
+4.208984E+02,+2.370419E-06,+2.650566E-06,-1.089810E+02,+8.411357E-01
+4.211426E+02,-3.846598E-06,-3.451501E-06,-1.057334E+02,-2.410279E+00
+4.213867E+02,-3.497910E-07,+4.850891E-06,-1.062610E+02,+1.642780E+00
+4.216309E+02,+5.993719E-06,-1.123385E-06,-1.042961E+02,-1.852775E-01
+4.218750E+02,-6.287021E-06,-9.495037E-06,-9.887119E+01,-2.155657E+00
+4.221191E+02,+8.464369E-06,+2.613793E-06,-1.010526E+02,+2.995101E-01
+4.223633E+02,-1.078666E-05,+9.315894E-06,-9.692209E+01,+2.429228E+00
+4.226074E+02,+3.152976E-06,-2.723687E-06,-1.076046E+02,-7.124779E-01
+4.228516E+02,+3.946954E-06,+2.776746E-06,-1.063285E+02,+6.130821E-01
+4.230957E+02,-4.784552E-06,-1.046378E-05,-9.878169E+01,-1.999662E+00
+4.233398E+02,+9.305133E-07,+1.042247E-05,-9.960610E+01,+1.481753E+00
+4.235840E+02,+6.452774E-06,-7.580582E-06,-1.000391E+02,-8.655921E-01
+4.238281E+02,-6.768648E-06,+3.476054E-06,-1.023734E+02,+2.667162E+00
+4.240723E+02,+3.544786E-06,+7.032577E-07,-1.088405E+02,+1.958490E-01
+4.243164E+02,-7.001727E-06,-3.056548E-06,-1.023383E+02,-2.729987E+00
+4.245605E+02,+2.625358E-06,+6.264579E-06,-1.033595E+02,+1.173951E+00
+4.248047E+02,+9.250978E-06,-7.162706E-06,-9.863644E+01,-6.588506E-01
+4.250488E+02,-1.000219E-05,-2.317597E-06,-9.977097E+01,-2.913902E+00
+4.252930E+02,+5.419503E-06,+1.004436E-05,-9.885188E+01,+1.076006E+00
+4.255371E+02,-3.882144E-06,-4.465559E-06,-1.045578E+02,-2.286419E+00
+4.257812E+02,+5.142761E-06,-4.931203E-07,-1.057363E+02,-9.559404E-02
+4.260254E+02,-8.027744E-06,-2.062340E-06,-1.016306E+02,-2.890129E+00
+4.262695E+02,+3.548086E-06,+4.206719E-06,-1.051877E+02,+8.701271E-01
+4.265137E+02,+1.135814E-06,-4.673859E-07,-1.182145E+02,-3.903795E-01
+4.267578E+02,-7.998726E-07,+3.997164E-07,-1.209714E+02,+2.678165E+00
+4.270020E+02,+2.124651E-06,-3.476399E-06,-1.077991E+02,-1.022208E+00
+4.272461E+02,+1.843310E-07,+2.386299E-06,-1.124197E+02,+1.493704E+00
+4.274902E+02,-2.702718E-06,+2.128580E-06,-1.092681E+02,+2.474477E+00
+4.277344E+02,-2.311099E-06,-6.509856E-06,-1.032131E+02,-1.911932E+00
+4.279785E+02,+6.054856E-06,+4.623797E-06,-1.023627E+02,+6.521807E-01
+4.282227E+02,-7.668544E-06,+1.808078E-06,-1.020708E+02,+2.910043E+00
+4.284668E+02,+9.700146E-06,-6.332847E-06,-9.872254E+01,-5.783838E-01
+4.287109E+02,+1.420421E-07,+5.634482E-06,-1.049802E+02,+1.545592E+00
+4.289551E+02,-6.439130E-06,-6.116196E-07,-1.037844E+02,-3.046892E+00
+4.291992E+02,-2.401480E-06,-1.070624E-06,-1.116031E+02,-2.722222E+00
+4.294434E+02,-1.173656E-06,+2.327768E-06,-1.116775E+02,+2.037797E+00
+4.296875E+02,+1.021441E-05,-3.136991E-06,-9.942429E+01,-2.979709E-01
+4.299316E+02,-8.075177E-06,-4.141285E-06,-1.008429E+02,-2.667725E+00
+4.301758E+02,+6.025175E-06,+4.417528E-06,-1.025323E+02,+6.326481E-01
+4.304199E+02,-2.360080E-06,+2.478291E-06,-1.093137E+02,+2.331767E+00
+4.306641E+02,+5.031077E-06,-6.027413E-06,-1.021013E+02,-8.752524E-01
+4.309082E+02,-9.982500E-06,+1.052742E-05,-9.676796E+01,+2.329632E+00
+4.311523E+02,+7.470760E-06,-6.305966E-06,-1.001964E+02,-7.010509E-01
+4.313965E+02,-7.189924E-06,-2.936760E-06,-1.021954E+02,-2.753819E+00
+4.316406E+02,+3.280012E-06,+9.956279E-06,-9.959058E+01,+1.252553E+00
+4.318848E+02,+3.455011E-06,-7.494517E-06,-1.016682E+02,-1.138828E+00
+4.321289E+02,+2.111980E-06,-4.326217E-06,-1.063495E+02,-1.116648E+00
+4.323730E+02,-4.524376E-06,+9.063547E-07,-1.067179E+02,+2.943883E+00
+4.326172E+02,-1.616653E-06,+1.189914E-05,-9.841026E+01,+1.705832E+00
+4.328613E+02,-5.656515E-07,-9.203309E-06,-1.007047E+02,-1.632181E+00
+4.331055E+02,+1.415926E-06,+4.475026E-06,-1.065697E+02,+1.264357E+00
+4.333496E+02,+4.226614E-06,-8.803852E-06,-1.002058E+02,-1.123206E+00
+4.335938E+02,-4.674356E-06,+1.134128E-05,-9.822539E+01,+1.961736E+00
+4.338379E+02,+4.934728E-07,-1.087209E-05,-9.926480E+01,-1.525439E+00
+4.340820E+02,+4.949972E-06,+4.421410E-06,-1.035604E+02,+7.290561E-01
+4.343262E+02,-6.730451E-06,+3.288497E-06,-1.025093E+02,+2.687107E+00
+4.345703E+02,+4.941031E-06,-3.434915E-06,-1.044114E+02,-6.074849E-01
+4.348145E+02,-3.413282E-06,+8.570522E-07,-1.090710E+02,+2.895585E+00
+4.350586E+02,+6.558338E-06,+6.977294E-06,-1.003766E+02,+8.163403E-01
+4.353027E+02,-9.356408E-06,-1.250131E-05,-9.612922E+01,-2.213295E+00
+4.355469E+02,+4.526538E-06,+7.327518E-06,-1.012970E+02,+1.017431E+00
+4.357910E+02,-2.070898E-06,-3.447614E-06,-1.079117E+02,-2.111712E+00
+4.360352E+02,+6.616657E-06,+1.621522E-06,-1.033339E+02,+2.403302E-01
+4.362793E+02,-9.808989E-06,+1.400609E-06,-1.000799E+02,+2.999763E+00
+4.365234E+02,+6.819561E-06,-3.491270E-06,-1.023140E+02,-4.731613E-01
+4.367676E+02,-2.493282E-06,+3.431923E-06,-1.074486E+02,+2.199085E+00
+4.370117E+02,+3.326272E-06,-7.639170E-06,-1.015851E+02,-1.160130E+00
+4.372559E+02,-3.415425E-06,+1.485277E-05,-9.634007E+01,+1.796819E+00
+4.375000E+02,-2.094068E-07,-1.195458E-05,-9.844798E+01,-1.588311E+00
+4.377441E+02,+2.107823E-06,+4.028561E-06,-1.068461E+02,+1.088746E+00
+4.379883E+02,-3.552346E-06,-1.330192E-06,-1.084198E+02,-2.783300E+00
+4.382324E+02,+3.782062E-06,-2.368493E-06,-1.070085E+02,-5.594933E-01
+4.384766E+02,+1.450521E-06,+6.371748E-06,-1.036954E+02,+1.346962E+00
+4.387207E+02,-5.899783E-06,+1.473808E-06,-1.043204E+02,+2.896796E+00
+4.389648E+02,+2.497691E-06,-1.611571E-05,-9.575192E+01,-1.417035E+00
+4.392090E+02,+2.684632E-06,+1.236193E-05,-9.795814E+01,+1.356948E+00
+4.394531E+02,-3.631462E-06,+6.477120E-07,-1.086624E+02,+2.965087E+00
+4.396973E+02,+9.569777E-07,-1.220376E-06,-1.161886E+02,-9.057851E-01
+4.399414E+02,+7.252565E-06,-5.180005E-06,-1.010000E+02,-6.202131E-01
+4.401855E+02,-1.162622E-05,+9.142176E-06,-9.660056E+01,+2.475236E+00
+4.404297E+02,+7.577825E-06,-4.137212E-06,-1.012761E+02,-4.997385E-01
+4.406738E+02,-2.180518E-06,+2.887539E-07,-1.131533E+02,+3.009934E+00
+4.409180E+02,-4.198637E-06,-2.652761E-06,-1.060791E+02,-2.578108E+00
+4.411621E+02,+1.054462E-05,+1.757639E-06,-9.942036E+01,+1.651673E-01
+4.414062E+02,-1.407815E-05,-1.720638E-06,-9.696469E+01,-3.019975E+00
+4.416504E+02,+1.462175E-05,-1.415547E-06,-9.665950E+01,-9.651028E-02
+4.418945E+02,-8.359594E-06,+8.719498E-06,-9.835908E+01,+2.335125E+00
+4.421387E+02,+6.227614E-06,-8.574336E-06,-9.949611E+01,-9.426309E-01
+4.423828E+02,-1.023652E-05,+2.247973E-06,-9.959240E+01,+2.925421E+00
+4.426270E+02,+6.707299E-06,-1.218562E-06,-1.033280E+02,-1.797168E-01
+4.428711E+02,+3.282359E-06,+3.941018E-06,-1.057995E+02,+8.763312E-01
+4.431152E+02,-9.698422E-06,-8.494130E-07,-1.002328E+02,-3.054233E+00
+4.433594E+02,+9.034327E-06,-8.559839E-06,-9.809976E+01,-7.584362E-01
+4.436035E+02,-6.607755E-06,+1.119233E-05,-9.772292E+01,+2.104114E+00
+4.438477E+02,-4.769483E-07,-9.078286E-06,-1.008279E+02,-1.623285E+00
+4.440918E+02,+6.638155E-06,+1.362417E-05,-9.638871E+01,+1.117414E+00
+4.443359E+02,-5.280513E-06,-1.102981E-05,-9.825241E+01,-2.017299E+00
+4.445801E+02,+1.735084E-06,+1.185392E-06,-1.135500E+02,+5.993547E-01
+4.448242E+02,+1.288990E-06,-6.545999E-07,-1.167985E+02,-4.698995E-01
+4.450684E+02,+2.108648E-06,+2.320455E-06,-1.100741E+02,+8.331835E-01
+4.453125E+02,-5.916283E-06,-7.719448E-06,-1.002414E+02,-2.224719E+00
+4.455566E+02,+1.296429E-06,+1.302879E-05,-9.765913E+01,+1.471618E+00
+4.458008E+02,+1.107633E-06,-4.279847E-06,-1.070899E+02,-1.317551E+00
+4.460449E+02,-1.078931E-06,-5.412491E-06,-1.051628E+02,-1.767558E+00
+4.462891E+02,+2.219509E-06,+3.785897E-06,-1.071536E+02,+1.040543E+00
+4.465332E+02,-4.505212E-06,-4.039910E-07,-1.068909E+02,-3.052160E+00
+4.467773E+02,+6.102963E-06,-4.035618E-06,-1.027138E+02,-5.842471E-01
+4.470215E+02,-4.944172E-06,+9.634727E-06,-9.930802E+01,+2.044918E+00
+4.472656E+02,+2.431482E-06,-6.865017E-06,-1.027539E+02,-1.230399E+00
+4.475098E+02,+1.116282E-06,+1.379523E-06,-1.150180E+02,+8.904829E-01
+4.477539E+02,-5.024157E-06,-2.171743E-06,-1.052348E+02,-2.733589E+00
+4.479980E+02,+6.294792E-06,+5.145561E-06,-1.017979E+02,+6.852799E-01
+4.482422E+02,-5.337250E-06,-2.415047E-06,-1.046447E+02,-2.716671E+00
+4.484863E+02,+1.432112E-06,-8.216340E-07,-1.156447E+02,-5.208732E-01
+4.487305E+02,+5.000274E-06,-1.514339E-06,-1.056390E+02,-2.940706E-01
+4.489746E+02,-5.834272E-06,+2.125140E-06,-1.041392E+02,+2.792279E+00
+4.492188E+02,+3.237220E-06,+5.934248E-07,-1.096530E+02,+1.813002E-01
+4.494629E+02,-4.282123E-06,+5.286093E-07,-1.073011E+02,+3.018768E+00
+4.497070E+02,+3.970531E-07,-3.695531E-06,-1.085966E+02,-1.463766E+00
+4.499512E+02,+5.586907E-06,+2.011028E-06,-1.045275E+02,+3.455146E-01
+4.501953E+02,-7.388645E-06,-4.454652E-06,-1.012822E+02,-2.599040E+00
+4.504395E+02,+5.251179E-06,+5.153137E-06,-1.026656E+02,+7.759753E-01
+4.506836E+02,-1.158919E-06,+4.050622E-06,-1.075079E+02,+1.849461E+00
+4.509277E+02,-6.704044E-07,-8.291187E-06,-1.015994E+02,-1.651478E+00
+4.511719E+02,+3.045896E-06,+9.848500E-06,-9.973588E+01,+1.270852E+00
+4.514160E+02,-5.946757E-07,-9.524575E-06,-1.004062E+02,-1.633151E+00
+4.516602E+02,-4.501291E-06,+7.468503E-06,-1.011896E+02,+2.113201E+00
+4.519043E+02,+1.224015E-06,-8.947040E-06,-1.008859E+02,-1.434834E+00
+4.521484E+02,-8.979488E-07,+8.812335E-06,-1.010533E+02,+1.672343E+00
+4.523926E+02,+5.567235E-07,-6.414789E-06,-1.038238E+02,-1.484226E+00
+4.526367E+02,+6.438077E-06,+3.191441E-06,-1.028706E+02,+4.602125E-01
+4.528809E+02,-1.067942E-05,-3.481428E-06,-9.899042E+01,-2.826462E+00
+4.531250E+02,+6.777199E-06,+7.070104E-06,-1.001811E+02,+8.065475E-01
+4.533691E+02,-3.377641E-06,-5.039064E-06,-1.043414E+02,-2.161304E+00
+4.536133E+02,+5.919201E-06,-2.266607E-06,-1.039605E+02,-3.657001E-01
+4.538574E+02,-2.259440E-06,+6.456457E-06,-1.032984E+02,+1.907427E+00
+4.541016E+02,-8.505152E-07,-5.487046E-06,-1.051101E+02,-1.724577E+00
+4.543457E+02,-2.838994E-06,-1.758236E-06,-1.095267E+02,-2.587091E+00
+4.545898E+02,+5.416989E-06,+1.020579E-05,-9.874512E+01,+1.082832E+00
+4.548340E+02,-3.639714E-06,-4.121092E-06,-1.051955E+02,-2.294247E+00
+4.550781E+02,+1.219644E-06,-8.183291E-06,-1.016460E+02,-1.422845E+00
+4.553223E+02,-3.497337E-06,+1.450400E-05,-9.652480E+01,+1.807409E+00
+4.555664E+02,+1.358309E-06,-1.277174E-05,-9.782615E+01,-1.464842E+00
+4.558105E+02,+3.014579E-06,+5.154252E-06,-1.044789E+02,+1.041574E+00
+4.560547E+02,+7.392617E-07,-1.987972E-06,-1.134693E+02,-1.214775E+00
+4.562988E+02,-6.298150E-06,+6.538464E-06,-1.008398E+02,+2.337476E+00
+4.565430E+02,+2.599879E-06,-8.484044E-06,-1.010381E+02,-1.273439E+00
+4.567871E+02,+2.385691E-06,+5.087135E-06,-1.050072E+02,+1.132283E+00
+4.570312E+02,-3.649273E-06,-2.674380E-06,-1.068889E+02,-2.509156E+00
+4.572754E+02,+6.821127E-06,+3.818457E-06,-1.021390E+02,+5.103350E-01
+4.575195E+02,-2.842027E-06,-4.644053E-06,-1.052806E+02,-2.119972E+00
+4.577637E+02,-7.411124E-07,+1.072834E-06,-1.176949E+02,+2.175320E+00
+4.580078E+02,-5.524164E-06,+6.413709E-06,-1.014477E+02,+2.281817E+00
+4.582520E+02,+3.255742E-06,-1.396512E-05,-9.686925E+01,-1.341754E+00
+4.584961E+02,-1.500480E-07,+1.262694E-05,-9.797342E+01,+1.582679E+00
+4.587402E+02,+4.024734E-06,-7.484803E-06,-1.014134E+02,-1.077429E+00
+4.589844E+02,+2.873168E-06,+5.314213E-06,-1.043776E+02,+1.075154E+00
+4.592285E+02,-9.300962E-06,-5.213607E-07,-1.006158E+02,-3.085597E+00
+4.594727E+02,+7.419197E-06,+3.327335E-06,-1.017970E+02,+4.215862E-01
+4.597168E+02,-2.964712E-06,-5.645712E-06,-1.039079E+02,-2.054342E+00
+4.599609E+02,-2.432783E-06,+3.804746E-06,-1.069049E+02,+2.139689E+00
+4.602051E+02,-4.496353E-07,-7.613036E-06,-1.023537E+02,-1.629789E+00
+4.604492E+02,+4.310565E-06,+7.069437E-06,-1.016394E+02,+1.023241E+00
+4.606934E+02,+1.294234E-07,-2.225484E-06,-1.130368E+02,-1.512707E+00
+4.609375E+02,-5.219112E-06,-3.402604E-06,-1.041098E+02,-2.563847E+00
+4.611816E+02,+9.016833E-06,+8.802661E-06,-9.799176E+01,+7.733797E-01
+4.614258E+02,-7.958522E-06,-1.052130E-05,-9.759361E+01,-2.218393E+00
+4.616699E+02,+7.826035E-06,+8.090395E-06,-9.897218E+01,+8.020059E-01
+4.619141E+02,-8.925982E-06,-2.378587E-06,-1.006889E+02,-2.881166E+00
+4.621582E+02,+2.551620E-06,+5.189634E-06,-1.047569E+02,+1.113830E+00
+4.624023E+02,+1.280709E-06,-1.245975E-05,-9.804417E+01,-1.468368E+00
+4.626465E+02,-9.212566E-07,+9.977603E-06,-9.998260E+01,+1.662868E+00
+4.628906E+02,+1.120877E-06,-3.408559E-06,-1.089026E+02,-1.253093E+00
+4.631348E+02,+6.327172E-07,+6.131924E-07,-1.210995E+02,+7.697284E-01
+4.633789E+02,-2.322543E-07,-1.239442E-06,-1.179856E+02,-1.756034E+00
+4.636230E+02,-1.808920E-06,+2.480291E-06,-1.102576E+02,+2.200929E+00
+4.638672E+02,+5.799076E-06,-4.115248E-06,-1.029615E+02,-6.171656E-01
+4.641113E+02,-6.727521E-06,+4.330211E-06,-1.019375E+02,+2.569690E+00
+4.643555E+02,+4.540420E-06,-9.634678E-07,-1.066668E+02,-2.090964E-01
+4.645996E+02,-5.268236E-06,-9.616611E-08,-1.055653E+02,-3.123341E+00
+4.648438E+02,+8.461539E-06,-8.100409E-06,-9.862601E+01,-7.635968E-01
+4.650879E+02,-5.930095E-06,+1.372003E-05,-9.650906E+01,+1.978768E+00
+4.653320E+02,-2.383463E-06,-5.259038E-06,-1.047706E+02,-1.996319E+00
+4.655762E+02,+5.050671E-06,+1.512358E-06,-1.055601E+02,+2.909402E-01
+4.658203E+02,-6.419201E-06,-2.123908E-06,-1.033992E+02,-2.822062E+00
+4.660645E+02,+3.626406E-06,-4.187260E-06,-1.051309E+02,-8.570539E-01
+4.663086E+02,+1.000038E-05,+6.338531E-06,-9.853299E+01,+5.649229E-01
+4.665527E+02,-1.461753E-05,+4.428736E-07,-9.669854E+01,+3.111305E+00
+4.667969E+02,+3.600696E-06,-6.377903E-06,-1.027049E+02,-1.056845E+00
+4.670410E+02,+5.687433E-06,+5.810474E-06,-1.017974E+02,+7.960989E-01
+4.672852E+02,-5.313886E-06,-7.670541E-06,-1.006011E+02,-2.176651E+00
+4.675293E+02,-2.556286E-07,+7.754390E-06,-1.022043E+02,+1.603750E+00
+4.677734E+02,+4.431195E-06,-4.598230E-06,-1.038956E+02,-8.038951E-01
+4.680176E+02,-6.577680E-06,-2.044937E-06,-1.032379E+02,-2.840175E+00
+4.682617E+02,+5.130251E-06,+7.884893E-06,-1.005310E+02,+9.939692E-01
+4.685059E+02,-4.533328E-07,-3.564614E-06,-1.088901E+02,-1.697293E+00
+4.687500E+02,+1.737626E-06,+7.150263E-07,-1.145215E+02,+3.903773E-01
+4.689941E+02,+3.502373E-06,-1.897460E-06,-1.079951E+02,-4.964980E-01
+4.692383E+02,-7.859667E-06,+8.259441E-07,-1.020442E+02,+3.036891E+00
+4.694824E+02,-3.388753E-06,+3.586353E-06,-1.061358E+02,+2.327873E+00
+4.697266E+02,+8.789771E-06,-4.915721E-06,-9.993858E+01,-5.099208E-01
+4.699707E+02,-8.019115E-06,-2.636571E-06,-1.014717E+02,-2.823941E+00
+4.702148E+02,+1.019663E-05,+3.751881E-06,-9.927942E+01,+3.525783E-01
+4.704590E+02,-8.361358E-06,+4.411724E-06,-1.004878E+02,+2.656084E+00
+4.707031E+02,+5.017763E-06,-1.280950E-05,-9.722939E+01,-1.197446E+00
+4.709473E+02,-1.028019E-06,+1.355671E-05,-9.733201E+01,+1.646482E+00
+4.711914E+02,-7.051555E-07,-5.159767E-06,-1.056670E+02,-1.706619E+00
+4.714355E+02,-1.706868E-06,-2.198469E-06,-1.111089E+02,-2.230974E+00
+4.716797E+02,+2.556886E-06,+4.353788E-06,-1.059358E+02,+1.039783E+00
+4.719238E+02,-1.148097E-06,-5.204275E-06,-1.054664E+02,-1.787925E+00
+4.721680E+02,-3.187964E-06,+4.335180E-06,-1.053825E+02,+2.204869E+00
+4.724121E+02,+1.324526E-05,-4.931797E-06,-9.699493E+01,-3.564404E-01
+4.726562E+02,-2.063675E-05,+6.110384E-06,-9.334220E+01,+2.853725E+00
+4.729004E+02,+1.333716E-05,-7.722745E-06,-9.624298E+01,-5.248649E-01
+4.731445E+02,-1.289827E-06,+7.287834E-06,-1.026141E+02,+1.745966E+00
+4.733887E+02,-5.193975E-06,-5.207413E-06,-1.026685E+02,-2.354903E+00
+4.736328E+02,+3.974062E-06,+7.418372E-06,-1.014981E+02,+1.078994E+00
+4.738770E+02,+6.593252E-06,-4.806294E-06,-1.017671E+02,-6.299067E-01
+4.741211E+02,-1.412426E-05,-4.123377E-06,-9.664549E+01,-2.857550E+00
+4.743652E+02,+1.271768E-05,+4.933770E-06,-9.730297E+01,+3.700717E-01
+4.746094E+02,-8.203810E-06,+8.149503E-07,-1.016770E+02,+3.042579E+00
+4.748535E+02,+3.672194E-06,-3.224387E-06,-1.062193E+02,-7.205575E-01
+4.750977E+02,-4.876837E-06,+3.062804E-06,-1.047933E+02,+2.580817E+00
+4.753418E+02,+5.153174E-06,-1.800907E-06,-1.052581E+02,-3.362073E-01
+4.755859E+02,+2.070406E-06,-1.336648E-06,-1.121658E+02,-5.732738E-01
+4.758301E+02,-2.874207E-06,-8.610315E-07,-1.104564E+02,-2.850529E+00
+4.760742E+02,-6.876737E-07,+2.981470E-06,-1.102863E+02,+1.797481E+00
+4.763184E+02,-3.220561E-06,-1.291563E-07,-1.098344E+02,-3.101511E+00
+4.765625E+02,+9.282070E-07,-1.229216E-06,-1.162479E+02,-9.240255E-01
+4.768066E+02,+1.828616E-06,+6.415780E-06,-1.035158E+02,+1.293140E+00
+4.770508E+02,+4.751625E-06,-7.317410E-06,-1.011849E+02,-9.948719E-01
+4.772949E+02,-1.081326E-05,-3.366469E-06,-9.891910E+01,-2.839776E+00
+4.775391E+02,+9.980218E-06,+1.191655E-05,-9.616887E+01,+8.735988E-01
+4.777832E+02,-5.287665E-06,-1.258857E-05,-9.729481E+01,-1.968456E+00
+4.780273E+02,+2.799955E-06,+3.446979E-06,-1.070506E+02,+8.886048E-01
+4.782715E+02,-1.284937E-06,+3.800634E-06,-1.079329E+02,+1.896817E+00
+4.785156E+02,-1.566396E-06,+4.481248E-06,-1.064714E+02,+1.907065E+00
+4.787598E+02,+3.174298E-06,-1.169350E-05,-9.833232E+01,-1.305726E+00
+4.790039E+02,-9.208766E-07,+1.425616E-06,-1.154055E+02,+2.144319E+00
+4.792480E+02,-4.958300E-06,+7.785111E-06,-1.006960E+02,+2.137904E+00
+4.794922E+02,+7.768614E-06,-5.303384E-06,-1.005317E+02,-5.989988E-01
+4.797363E+02,-6.525585E-06,+1.598015E-08,-1.037076E+02,+3.139144E+00
+4.799805E+02,+2.822917E-06,+9.176064E-06,-1.003541E+02,+1.272346E+00
+4.802246E+02,-2.999216E-06,-1.106386E-05,-9.881390E+01,-1.835517E+00
+4.804688E+02,+8.512707E-06,+4.738480E-06,-1.002264E+02,+5.079238E-01
+4.807129E+02,-1.107357E-05,-6.368617E-06,-9.787325E+01,-2.619669E+00
+4.809570E+02,+9.918476E-06,+8.046841E-06,-9.787472E+01,+6.815922E-01
+4.812012E+02,-6.938626E-06,-1.841487E-06,-1.028789E+02,-2.882176E+00
+4.814453E+02,+4.004269E-06,+3.725372E-07,-1.079121E+02,+9.276796E-02
+4.816895E+02,-3.228596E-06,-2.326894E-06,-1.080029E+02,-2.517100E+00
+4.819336E+02,+7.281675E-06,+1.225349E-06,-1.026341E+02,+1.667165E-01
+4.821777E+02,-8.717339E-06,-3.405710E-06,-1.005754E+02,-2.769145E+00
+4.824219E+02,-1.055685E-06,+7.136910E-06,-1.028358E+02,+1.717650E+00
+4.826660E+02,+4.184059E-07,-6.946501E-06,-1.031489E+02,-1.510636E+00
+4.829102E+02,+6.837486E-06,+4.758765E-06,-1.015866E+02,+6.080240E-01
+4.831543E+02,-4.245062E-06,-1.810699E-06,-1.067164E+02,-2.738416E+00
+4.833984E+02,-2.028052E-07,-1.017538E-06,-1.196798E+02,-1.767528E+00
+4.836426E+02,+5.161166E-06,+2.099562E-06,-1.050800E+02,+3.863547E-01
+4.838867E+02,-5.846044E-06,-1.473425E-06,-1.043953E+02,-2.894697E+00
+4.841309E+02,+2.734656E-06,+3.165989E-06,-1.075692E+02,+8.583675E-01
+4.843750E+02,-4.403835E-07,-3.370103E-06,-1.093736E+02,-1.700734E+00
+4.846191E+02,-4.100947E-06,+5.724383E-06,-1.030464E+02,+2.192444E+00
+4.848633E+02,+7.301199E-06,-1.046359E-05,-9.788361E+01,-9.615675E-01
+4.851074E+02,-6.737409E-06,+3.281621E-06,-1.025056E+02,+2.688339E+00
+4.853516E+02,+5.047697E-07,+9.441395E-06,-1.004869E+02,+1.517384E+00
+4.855957E+02,+2.345009E-06,-7.029684E-06,-1.026030E+02,-1.248818E+00
+4.858398E+02,-1.933540E-06,-7.117698E-07,-1.137210E+02,-2.788870E+00
+4.860840E+02,+6.679179E-06,-8.728288E-07,-1.034320E+02,-1.299427E-01
+4.863281E+02,-5.921963E-06,+1.893194E-06,-1.041281E+02,+2.832171E+00
+4.865723E+02,+3.334105E-06,+4.281721E-06,-1.053092E+02,+9.091892E-01
+4.868164E+02,-1.067700E-05,-6.766015E-06,-9.796485E+01,-2.576762E+00
+4.870605E+02,+1.399802E-05,+8.302526E-06,-9.576957E+01,+5.353465E-01
+4.873047E+02,-8.110248E-06,-1.273842E-05,-9.641982E+01,-2.137748E+00
+4.875488E+02,+4.381493E-06,+8.716922E-06,-1.002144E+02,+1.105037E+00
+4.877930E+02,+3.262753E-07,+1.144045E-06,-1.184915E+02,+1.292977E+00
+4.880371E+02,-5.756227E-06,-1.610807E-06,-1.044698E+02,-2.868735E+00
+4.882812E+02,+4.125735E-06,-4.979790E-06,-1.037862E+02,-8.789197E-01
+4.885254E+02,+7.373089E-07,+9.083170E-06,-1.008067E+02,+1.489801E+00
+4.887695E+02,+1.879484E-06,-1.068340E-05,-9.929343E+01,-1.396653E+00
+4.890137E+02,-4.741166E-06,+6.267557E-06,-1.020929E+02,+2.218420E+00
+4.892578E+02,+4.566440E-07,+2.356041E-06,-1.123962E+02,+1.379352E+00
+4.895020E+02,-3.476935E-07,-3.386437E-06,-1.093596E+02,-1.673110E+00
+4.897461E+02,-5.080416E-07,+3.024553E-06,-1.102659E+02,+1.737215E+00
+4.899902E+02,+1.318048E-06,-7.549263E-06,-1.023115E+02,-1.397946E+00
+4.902344E+02,+4.002985E-06,+6.981049E-06,-1.018870E+02,+1.050160E+00
+4.904785E+02,-5.751056E-07,+3.394570E-08,-1.247899E+02,+3.082636E+00
+4.907227E+02,-4.581898E-06,-1.064096E-06,-1.065509E+02,-2.913399E+00
+4.909668E+02,+8.438724E-06,+2.815895E-06,-1.010160E+02,+3.220691E-01
+4.912109E+02,-6.609922E-06,-8.931797E-06,-9.908446E+01,-2.207895E+00
+4.914551E+02,-5.960658E-06,+9.393442E-06,-9.907398E+01,+2.136237E+00
+4.916992E+02,+8.012938E-06,-6.093515E-06,-9.994228E+01,-6.501617E-01
+4.919434E+02,+5.076854E-06,+3.681304E-06,-1.040532E+02,+6.273836E-01
+4.921875E+02,-1.390538E-05,-3.423201E-08,-9.713631E+01,-3.139131E+00
+4.924316E+02,+7.274672E-06,-1.474295E-06,-1.025889E+02,-1.999533E-01
+4.926758E+02,+1.149162E-07,-8.230464E-08,-1.369941E+02,-6.215256E-01
+4.929199E+02,+1.985925E-06,+1.900180E-06,-1.112179E+02,+7.633374E-01
+4.931641E+02,-4.216444E-06,-4.313556E-06,-1.043908E+02,-2.344810E+00
+4.934082E+02,+5.965322E-06,+1.681126E-06,-1.041554E+02,+2.746922E-01
+4.936523E+02,-3.745414E-06,+1.001770E-06,-1.082299E+02,+2.880244E+00
+4.938965E+02,+1.721129E-06,-3.680119E-07,-1.150896E+02,-2.106481E-01
+4.941406E+02,-3.317969E-06,+6.013541E-08,-1.095811E+02,+3.123471E+00
+4.943848E+02,+2.972816E-06,+2.555320E-06,-1.081340E+02,+7.100192E-01
+4.946289E+02,+1.153280E-06,-3.189562E-06,-1.093918E+02,-1.223843E+00
+4.948730E+02,-4.484085E-06,+9.577602E-08,-1.069645E+02,+3.120237E+00
+4.951172E+02,+1.283660E-06,+7.993988E-07,-1.164077E+02,+5.569792E-01
+4.953613E+02,+4.488568E-06,+1.014990E-06,-1.067413E+02,+2.223876E-01
+4.956055E+02,-5.811650E-06,-1.022951E-06,-1.045815E+02,-2.967360E+00
+4.958496E+02,+8.519345E-06,+2.641318E-06,-1.009933E+02,+3.006401E-01
+4.960938E+02,-4.342586E-06,-1.031580E-06,-1.070066E+02,-2.908366E+00
+4.963379E+02,-6.311611E-06,-6.520388E-06,-1.008433E+02,-2.339926E+00
+4.965820E+02,+6.903120E-06,+1.057085E-05,-9.797523E+01,+9.922913E-01
+4.968262E+02,-7.301483E-07,-9.592443E-06,-1.003363E+02,-1.646767E+00
+4.970703E+02,+1.217441E-06,-7.534967E-07,-1.168826E+02,-5.542142E-01
+4.973145E+02,-5.508002E-06,+4.998771E-06,-1.025707E+02,+2.404624E+00
+4.975586E+02,+5.345400E-06,+8.226213E-08,-1.054394E+02,+1.538812E-02
+4.978027E+02,-2.988016E-06,-2.740938E-06,-1.078407E+02,-2.399296E+00
+4.980469E+02,-1.397087E-07,+4.989892E-06,-1.060348E+02,+1.598787E+00
+4.982910E+02,+7.498842E-06,-1.008677E-06,-1.024222E+02,-1.337084E-01
+4.985352E+02,-1.412767E-05,-3.960436E-06,-9.667004E+01,-2.868276E+00
+4.987793E+02,+9.654741E-06,+1.397664E-06,-1.002151E+02,+1.437658E-01
+4.990234E+02,-3.489639E-06,+1.164665E-06,-1.086857E+02,+2.819468E+00
+4.992676E+02,+1.452213E-06,+1.402560E-06,-1.138976E+02,+7.680068E-01
+4.995117E+02,+5.395353E-06,-3.959166E-06,-1.034887E+02,-6.330590E-01
+4.997559E+02,-7.832625E-06,-7.498493E-07,-1.020822E+02,-3.046149E+00
+5.000000E+02,+6.892794E-06,+3.027611E-06,-1.024659E+02,+4.138724E-01
+5.002441E+02,-5.083006E-06,-3.963843E-06,-1.038144E+02,-2.479277E+00
+5.004883E+02,-5.807708E-07,+7.810127E-06,-1.021229E+02,+1.645021E+00
+5.007324E+02,+7.423296E-06,-8.843720E-06,-9.875115E+01,-8.724965E-01
+5.009766E+02,-1.041962E-05,+2.545506E-06,-9.939120E+01,+2.901987E+00
+5.012207E+02,+7.325563E-06,+4.315743E-06,-1.014092E+02,+5.323920E-01
+5.014648E+02,-5.115857E-06,-7.151640E-06,-1.011172E+02,-2.191744E+00
+5.017090E+02,+5.280306E-06,+9.256442E-06,-9.944762E+01,+1.052391E+00
+5.019531E+02,-5.878561E-06,-9.652736E-06,-9.893698E+01,-2.117811E+00
+5.021973E+02,+4.961819E-06,+6.200117E-06,-1.020024E+02,+8.958857E-01
+5.024414E+02,-6.535452E-06,-9.809400E-08,-1.036935E+02,-3.126584E+00
+5.026855E+02,+3.484711E-06,-7.140244E-06,-1.019979E+02,-1.116764E+00
+5.029297E+02,+3.336127E-06,+9.820665E-06,-9.968288E+01,+1.243322E+00
+5.031738E+02,-4.531536E-06,-7.010515E-06,-1.015688E+02,-2.144630E+00
+5.034180E+02,+2.001913E-06,-1.461483E-06,-1.121158E+02,-6.306058E-01
+5.036621E+02,+1.234747E-06,+4.994531E-06,-1.057725E+02,+1.328436E+00
+5.039062E+02,-9.003740E-07,-4.363384E-06,-1.070224E+02,-1.774288E+00
+5.041504E+02,-8.813364E-07,+9.238301E-06,-1.006488E+02,+1.665909E+00
+5.043945E+02,+1.619733E-06,-5.109577E-06,-1.054164E+02,-1.263818E+00
+5.046387E+02,-2.476460E-06,-5.892949E-06,-1.038871E+02,-1.968629E+00
+5.048828E+02,-1.371078E-08,+9.437695E-06,-1.005027E+02,+1.572249E+00
+5.051270E+02,+2.883079E-06,-6.219937E-06,-1.032790E+02,-1.136754E+00
+5.053711E+02,-3.871141E-06,+3.015052E-06,-1.061841E+02,+2.479880E+00
+5.056152E+02,+7.973505E-07,-5.419258E-06,-1.052282E+02,-1.424712E+00
+5.058594E+02,-4.783283E-08,+3.195330E-06,-1.099087E+02,+1.585765E+00
+5.061035E+02,+4.876129E-06,+1.126966E-06,-1.060125E+02,+2.271308E-01
+5.063477E+02,-3.430095E-06,+2.111247E-06,-1.078987E+02,+2.589849E+00
+5.065918E+02,-7.974316E-06,-6.455942E-06,-9.977700E+01,-2.461030E+00
+5.068359E+02,+1.310340E-05,+4.927372E-06,-9.707793E+01,+3.596800E-01
+5.070801E+02,-1.821953E-06,+9.712051E-07,-1.137031E+02,+2.651850E+00
+5.073242E+02,-9.097548E-06,-6.139038E-06,-9.919182E+01,-2.547979E+00
+5.075684E+02,+8.502539E-06,+3.765673E-06,-1.006312E+02,+4.169239E-01
+5.078125E+02,-3.315236E-06,+1.512629E-06,-1.087684E+02,+2.713540E+00
+5.080566E+02,-1.195987E-06,+2.420946E-06,-1.113719E+02,+2.029645E+00
+5.083008E+02,-3.198568E-07,-1.029885E-05,-9.974004E+01,-1.601844E+00
+5.085449E+02,+1.443967E-06,+1.177181E-05,-9.851828E+01,+1.448743E+00
+5.087891E+02,+3.762133E-06,-3.288030E-06,-1.060267E+02,-7.182522E-01
+5.090332E+02,-9.826205E-06,-6.579994E-06,-9.854336E+01,-2.551536E+00
+5.092773E+02,+1.006093E-05,+9.062389E-06,-9.736721E+01,+7.332295E-01
+5.095215E+02,-5.290522E-06,-6.445418E-06,-1.015781E+02,-2.258104E+00
+5.097656E+02,-2.276324E-06,+2.531221E-06,-1.093596E+02,+2.303224E+00
+5.100098E+02,+2.807986E-06,-8.463767E-07,-1.106544E+02,-2.927570E-01
+5.102539E+02,+1.833733E-06,-2.046080E-06,-1.112211E+02,-8.400748E-01
+5.104980E+02,-1.295139E-06,+5.587292E-06,-1.048287E+02,+1.798574E+00
+5.107422E+02,+2.288622E-06,-7.714636E-06,-1.018874E+02,-1.282407E+00
+5.109863E+02,-8.786843E-07,+8.462397E-06,-1.014036E+02,+1.674260E+00
+5.112305E+02,-1.845621E-06,-6.819917E-06,-1.030175E+02,-1.835088E+00
+5.114746E+02,+3.717262E-06,+2.455190E-06,-1.070233E+02,+5.837095E-01
+5.117188E+02,-7.435273E-06,-1.185767E-06,-1.024650E+02,-2.983446E+00
+5.119629E+02,+1.570563E-06,+3.571555E-06,-1.081751E+02,+1.156506E+00
+5.122070E+02,+6.246342E-06,-2.908682E-06,-1.032352E+02,-4.358016E-01
+5.124512E+02,-5.028292E-06,+1.958238E-06,-1.053583E+02,+2.770219E+00
+5.126953E+02,-9.697101E-07,-2.022862E-06,-1.129823E+02,-2.017808E+00
+5.129395E+02,+3.843046E-06,+2.270465E-07,-1.082914E+02,+5.901124E-02
+5.131836E+02,-7.059591E-06,-6.243249E-07,-1.029906E+02,-3.053386E+00
+5.134277E+02,+5.850784E-06,+5.981187E-06,-1.015486E+02,+7.964190E-01
+5.136719E+02,-1.470318E-06,-6.439155E-06,-1.036027E+02,-1.795288E+00
+5.139160E+02,-1.697585E-06,+8.688129E-07,-1.143930E+02,+2.668555E+00
+5.141602E+02,+1.634642E-06,+2.216201E-06,-1.112012E+02,+9.352868E-01
+5.144043E+02,+3.600264E-06,-4.343940E-06,-1.049714E+02,-8.787386E-01
+5.146484E+02,+3.133577E-06,+3.675949E-06,-1.063205E+02,+8.648794E-01
+5.148926E+02,-1.678518E-05,-3.956573E-06,-9.526664E+01,-2.910100E+00
+5.151367E+02,+1.222220E-05,+4.296609E-06,-9.775097E+01,+3.380474E-01
+5.153809E+02,-6.879689E-06,+3.358275E-06,-1.023204E+02,+2.687475E+00
+5.156250E+02,+5.777489E-06,-5.694942E-06,-1.018170E+02,-7.782030E-01
+5.158691E+02,-1.592333E-06,+5.196799E-06,-1.052956E+02,+1.868120E+00
+5.161133E+02,+6.259492E-06,-6.945436E-06,-1.005839E+02,-8.372976E-01
+5.163574E+02,-1.080178E-05,+6.774615E-06,-9.788949E+01,+2.581430E+00
+5.166016E+02,+6.157578E-06,-4.359878E-06,-1.024470E+02,-6.161088E-01
+5.168457E+02,-4.487854E-06,+4.977210E-06,-1.034762E+02,+2.304539E+00
+5.170898E+02,+3.499717E-06,-4.463203E-06,-1.049257E+02,-9.058094E-01
+5.173340E+02,-2.811586E-06,-2.034898E-06,-1.091916E+02,-2.515101E+00
+5.175781E+02,+1.081220E-06,+1.652900E-06,-1.140881E+02,+9.915195E-01
+5.178223E+02,-2.635901E-06,+9.333266E-06,-1.002660E+02,+1.846048E+00
+5.180664E+02,+1.046177E-05,-1.238253E-05,-9.580415E+01,-8.692814E-01
+5.183105E+02,-8.677879E-06,+4.554077E-08,-1.012316E+02,+3.136345E+00
+5.185547E+02,-2.487811E-06,+1.636017E-05,-9.562496E+01,+1.721705E+00
+5.187988E+02,+1.338068E-06,-1.019822E-05,-9.975539E+01,-1.440336E+00
+5.190430E+02,+4.335678E-06,-6.384792E-06,-1.022502E+02,-9.742604E-01
+5.192871E+02,-4.337341E-06,+1.174372E-05,-9.804855E+01,+1.924589E+00
+5.195312E+02,+4.790067E-06,-9.781047E-06,-9.925865E+01,-1.115399E+00
+5.197754E+02,-5.015940E-06,+1.535773E-06,-1.056038E+02,+2.844477E+00
+5.200195E+02,+2.288811E-06,+7.084261E-06,-1.025629E+02,+1.258298E+00
+5.202637E+02,-1.344265E-06,-9.567709E-07,-1.156504E+02,-2.523029E+00
+5.205078E+02,+3.365656E-06,-2.994334E-06,-1.069264E+02,-7.270803E-01
+5.207520E+02,-2.636291E-06,+7.180952E-06,-1.023273E+02,+1.922643E+00
+5.209961E+02,-2.861097E-07,-1.103109E-05,-9.914471E+01,-1.596727E+00
+5.212402E+02,+6.050899E-06,+6.450166E-06,-1.010669E+02,+8.173260E-01
+5.214844E+02,-3.340897E-06,-2.252817E-06,-1.078950E+02,-2.548314E+00
+5.217285E+02,-3.712065E-06,+2.775945E-06,-1.066786E+02,+2.499490E+00
+5.219727E+02,+3.910066E-06,-2.298807E-06,-1.068670E+02,-5.314900E-01
+5.222168E+02,-1.831470E-06,+1.393428E-06,-1.127606E+02,+2.491199E+00
+5.224609E+02,-2.458363E-06,+1.110581E-06,-1.113805E+02,+2.717279E+00
+5.227051E+02,+1.726782E-06,-1.115770E-06,-1.137400E+02,-5.736679E-01
+5.229492E+02,+4.036789E-06,+3.940655E-06,-1.049724E+02,+7.733480E-01
+5.231934E+02,-5.093022E-06,-5.032167E-06,-1.029021E+02,-2.362205E+00
+5.234375E+02,+2.231168E-06,+8.869895E-06,-1.007752E+02,+1.324365E+00
+5.236816E+02,+5.707168E-06,-4.178152E-06,-1.030078E+02,-6.319389E-01
+5.239258E+02,-1.088180E-06,+1.034279E-06,-1.164707E+02,+2.381585E+00
+5.241699E+02,+3.195944E-07,-6.473534E-06,-1.037666E+02,-1.521467E+00
+5.244141E+02,-9.804480E-07,+2.677647E-06,-1.108985E+02,+1.921795E+00
+5.246582E+02,+1.285938E-06,+5.513441E-06,-1.049415E+02,+1.341656E+00
+5.249023E+02,-2.751142E-06,-1.760329E-06,-1.097194E+02,-2.572383E+00
+5.251465E+02,+5.317797E-06,-6.821845E-06,-1.012600E+02,-9.086656E-01
+5.253906E+02,-3.856077E-06,+1.908798E-06,-1.073253E+02,+2.681945E+00
+5.256348E+02,+2.523993E-06,+3.307103E-06,-1.076177E+02,+9.188983E-01
+5.258789E+02,-1.759200E-06,-2.143887E-06,-1.111402E+02,-2.257952E+00
+5.261230E+02,+1.511707E-06,-7.778434E-08,-1.163992E+02,-5.140932E-02
+5.263672E+02,+8.488155E-07,-4.331701E-06,-1.071032E+02,-1.377294E+00
+5.266113E+02,-5.782097E-06,+9.968734E-06,-9.876775E+01,+2.096397E+00
+5.268555E+02,+5.680001E-06,-2.713717E-06,-1.040201E+02,-4.457035E-01
+5.270996E+02,-2.619135E-06,-6.423762E-07,-1.113831E+02,-2.901078E+00
+5.273438E+02,+5.333806E-06,+9.632643E-07,-1.053199E+02,+1.786702E-01
+5.275879E+02,+7.398976E-06,+9.095681E-06,-9.861772E+01,+8.879015E-01
+5.278320E+02,+8.161633E-07,-1.162187E-05,-9.867311E+01,-1.500685E+00
+5.280762E+02,-9.929949E-06,-7.781607E-06,-9.798174E+01,-2.476901E+00
+5.283203E+02,+6.842731E-06,+8.561056E-06,-9.920404E+01,+8.964911E-01
+5.285645E+02,+3.380921E-06,-4.488010E-06,-1.050069E+02,-9.251719E-01
+5.288086E+02,-1.515766E-05,-8.463209E-06,-9.520885E+01,-2.632365E+00
+5.290527E+02,+3.978005E-06,+7.628288E-06,-1.013068E+02,+1.090112E+00
+5.292969E+02,+8.022960E-06,+7.365720E-06,-9.925835E+01,+7.427148E-01
+5.295410E+02,-1.013285E-05,-4.965507E-06,-9.895066E+01,-2.685944E+00
+5.297852E+02,+1.422974E-05,+5.725791E-06,-9.628433E+01,+3.825582E-01
+5.300293E+02,-7.557283E-06,-5.610400E-06,-1.005262E+02,-2.502984E+00
+5.302734E+02,+1.222496E-05,+9.702333E-06,-9.613350E+01,+6.708567E-01
+5.305176E+02,-3.185794E-06,-7.070601E-06,-1.022082E+02,-1.994123E+00
+5.307617E+02,+1.287556E-06,-6.962509E-06,-1.029986E+02,-1.387935E+00
+5.310059E+02,+5.390144E-06,+1.375350E-05,-9.661121E+01,+1.197283E+00
+5.312500E+02,+6.315937E-06,-2.577265E-06,-1.033224E+02,-3.874331E-01
+5.314941E+02,+9.883860E-06,-1.008092E-05,-9.700459E+01,-7.952682E-01
+5.317383E+02,+4.570160E-06,-6.884373E-06,-1.016570E+02,-9.847493E-01
+5.319824E+02,+1.476666E-05,+7.527935E-06,-9.561104E+01,+4.714512E-01
+5.322266E+02,+3.365038E-06,+4.634734E-06,-1.048407E+02,+9.428017E-01
+5.324707E+02,+8.115864E-05,+1.770399E-05,-8.161141E+01,+2.147760E-01
+5.327148E+02,+2.275978E-04,-5.922563E-04,-6.395161E+01,-1.203907E+00
+5.329590E+02,-8.880494E-04,+3.464293E-04,-6.041606E+01,+2.769649E+00
+5.332031E+02,+2.877632E-04,+3.193705E-04,-6.733286E+01,+8.374112E-01
+5.334473E+02,+1.361189E-04,+1.571873E-05,-7.726411E+01,+1.149687E-01
+5.336914E+02,+7.725172E-05,-2.526188E-05,-8.180062E+01,-3.160464E-01
+5.339355E+02,+1.008455E-04,-5.094527E-05,-7.893971E+01,-4.677843E-01
+5.341797E+02,-2.075076E-04,-1.343877E-04,-7.213821E+01,-2.566887E+00
+5.344238E+02,+5.140498E-05,+1.896958E-04,-7.413110E+01,+1.306165E+00
+5.346680E+02,+5.761789E-05,-2.361787E-05,-8.411434E+01,-3.890160E-01
+5.349121E+02,+4.212786E-05,-2.858364E-05,-8.586402E+01,-5.961484E-01
+5.351562E+02,+2.180175E-06,-4.604580E-05,-8.672647E+01,-1.523484E+00
+5.354004E+02,-4.469553E-05,+3.757405E-04,-6.844122E+01,+1.689193E+00
+5.356445E+02,+3.781795E-04,-5.904829E-04,-6.308309E+01,-1.001158E+00
+5.358887E+02,-3.654310E-04,+1.185734E-05,-6.873933E+01,+3.109157E+00
+5.361328E+02,-2.412820E-05,+1.071245E-04,-7.918731E+01,+1.792335E+00
+5.363770E+02,+1.024708E-04,-2.650043E-05,-7.950684E+01,-2.530698E-01
+5.366211E+02,-6.342975E-05,-3.823613E-04,-6.823262E+01,-1.735189E+00
+5.368652E+02,-9.411297E-04,+3.016520E-04,-6.010231E+01,+2.831417E+00
+5.371094E+02,+6.024407E-04,+8.734062E-04,-5.948549E+01,+9.669759E-01
+5.373535E+02,+5.478042E-04,-2.127515E-04,-6.461737E+01,-3.704418E-01
+5.375977E+02,-9.416091E-05,-5.762641E-04,-6.467314E+01,-1.732764E+00
+5.378418E+02,-1.429160E-04,+2.673171E-04,-7.036763E+01,+2.061763E+00
+5.380859E+02,+9.183108E-05,-6.720085E-05,-7.887767E+01,-6.317430E-01
+5.383301E+02,-1.300127E-05,-4.186710E-05,-8.716272E+01,-1.871891E+00
+5.385742E+02,-2.500306E-05,-1.110388E-05,-9.125838E+01,-2.723655E+00
+5.388184E+02,+1.096255E-05,-4.847981E-06,-9.842603E+01,-4.163746E-01
+5.390625E+02,-1.291790E-05,-8.240757E-06,-9.629335E+01,-2.573747E+00
+5.393066E+02,-8.487859E-06,-1.458945E-05,-9.545314E+01,-2.097711E+00
+5.395508E+02,-2.318228E-06,+5.445076E-06,-1.045565E+02,+1.973300E+00
+5.397949E+02,-7.381895E-06,-6.293888E-06,-1.002639E+02,-2.435585E+00
+5.400391E+02,+1.365376E-08,+1.672285E-06,-1.155335E+02,+1.562632E+00
+5.402832E+02,-2.546683E-06,+7.502855E-07,-1.115190E+02,+2.855085E+00
+5.405273E+02,-7.342165E-06,-3.150233E-06,-1.019497E+02,-2.736288E+00
+5.407715E+02,-8.556226E-06,+2.419698E-07,-1.013509E+02,+3.113320E+00
+5.410156E+02,+5.836819E-06,+2.662271E-06,-1.038557E+02,+4.279290E-01
+5.412598E+02,+3.337048E-07,+7.413073E-06,-1.025912E+02,+1.525811E+00
+5.415039E+02,+1.214084E-07,-1.177582E-05,-9.857971E+01,-1.560487E+00
+5.417480E+02,-1.451581E-06,+6.471120E-06,-1.035672E+02,+1.791460E+00
+5.419922E+02,-2.830576E-06,-3.653244E-06,-1.067043E+02,-2.229989E+00
+5.422363E+02,-1.970849E-06,+1.289405E-06,-1.125596E+02,+2.562244E+00
+5.424805E+02,-1.255961E-06,+4.894632E-06,-1.059287E+02,+1.821977E+00
+5.427246E+02,+3.507876E-06,-3.944081E-06,-1.055500E+02,-8.438669E-01
+5.429688E+02,-4.918391E-06,+6.574297E-06,-1.017126E+02,+2.213096E+00
+5.432129E+02,+3.016387E-06,-6.507948E-06,-1.028860E+02,-1.136779E+00
+5.434570E+02,+5.340412E-06,+6.455088E-07,-1.053855E+02,+1.202889E-01
+5.437012E+02,-4.633122E-06,+2.833150E-06,-1.053029E+02,+2.592761E+00
+5.439453E+02,+3.878657E-06,-4.584624E-07,-1.081661E+02,-1.176554E-01
+5.441895E+02,-7.729785E-06,-3.514193E-06,-1.014207E+02,-2.714895E+00
+5.444336E+02,+4.304036E-06,+1.794495E-06,-1.066264E+02,+3.950181E-01
+5.446777E+02,-8.021482E-06,-1.700753E-06,-1.017239E+02,-2.932662E+00
+5.449219E+02,+1.560131E-05,+5.890206E-07,-9.613059E+01,+3.773663E-02
+5.451660E+02,-1.155002E-05,-3.760356E-06,-9.831081E+01,-2.826844E+00
+5.454102E+02,-3.835895E-06,+6.642410E-06,-1.023036E+02,+2.094496E+00
+5.456543E+02,+1.687205E-06,-5.091314E-06,-1.054109E+02,-1.250797E+00
+5.458984E+02,+6.847149E-06,+1.970455E-06,-1.029443E+02,+2.802061E-01
+5.461426E+02,-1.409873E-05,+4.866978E-07,-9.701122E+01,+3.107086E+00
+5.463867E+02,+4.666969E-06,+9.151213E-06,-9.976643E+01,+1.099194E+00
+5.466309E+02,+9.050195E-06,-3.758301E-06,-1.001759E+02,-3.936030E-01
+5.468750E+02,-2.349470E-06,+3.424714E-06,-1.076324E+02,+2.172088E+00
+5.471191E+02,-1.220431E-06,-3.512195E-06,-1.085934E+02,-1.905228E+00
+5.473633E+02,+5.531994E-06,-4.782242E-06,-1.027187E+02,-7.128348E-01
+5.476074E+02,-6.627662E-06,+1.698392E-06,-1.032966E+02,+2.890733E+00
+5.478516E+02,+1.470185E-06,+3.557059E-06,-1.082932E+02,+1.178865E+00
+5.480957E+02,+5.814088E-06,-4.157745E-06,-1.029166E+02,-6.207988E-01
+5.483398E+02,-7.860936E-06,-4.943945E-06,-1.006431E+02,-2.580175E+00
+5.485840E+02,-1.571825E-06,+1.317698E-05,-9.754231E+01,+1.689521E+00
+5.488281E+02,+7.224136E-06,-1.084047E-05,-9.770309E+01,-9.829752E-01
+5.490723E+02,+4.505372E-07,+9.891842E-07,-1.192758E+02,+1.143408E+00
+5.493164E+02,-4.497631E-06,+1.861794E-06,-1.062534E+02,+2.749119E+00
+5.495605E+02,-2.678570E-06,+1.628760E-06,-1.100755E+02,+2.595260E+00
+5.498047E+02,+1.040951E-05,-2.033738E-06,-9.948871E+01,-1.929426E-01
+5.500488E+02,-8.724240E-06,-2.819407E-06,-1.007540E+02,-2.829017E+00
+5.502930E+02,-7.763692E-07,+4.833904E-06,-1.062034E+02,+1.730045E+00
+5.505371E+02,+3.833075E-06,+6.524045E-07,-1.082050E+02,+1.685883E-01
+5.507812E+02,-2.483603E-06,-7.521526E-06,-1.020244E+02,-1.889724E+00
+5.510254E+02,-2.151054E-06,+6.644988E-06,-1.031173E+02,+1.883862E+00
+5.512695E+02,+6.396906E-06,-2.890338E-06,-1.030738E+02,-4.243779E-01
+5.515137E+02,-9.886407E-06,+1.547374E-06,-9.999413E+01,+2.986337E+00
+5.517578E+02,+6.569403E-06,+1.630766E-06,-1.033898E+02,+2.433183E-01
+5.520020E+02,+2.441770E-06,-3.264296E-06,-1.077943E+02,-9.285614E-01
+5.522461E+02,-6.266839E-06,-1.383123E-06,-1.038525E+02,-2.924370E+00
+5.524902E+02,+4.072393E-07,+8.395085E-07,-1.206017E+02,+1.119146E+00
+5.527344E+02,+8.465728E-06,+7.122793E-07,-1.014161E+02,+8.393911E-02
+5.529785E+02,-1.026610E-05,+2.950605E-06,-9.942719E+01,+2.861724E+00
+5.532227E+02,+6.447864E-06,-2.410120E-06,-1.032437E+02,-3.577058E-01
+5.534668E+02,-6.816789E-06,+4.528389E-06,-1.017409E+02,+2.555231E+00
+5.537109E+02,+4.235127E-06,-7.304514E-06,-1.014696E+02,-1.045365E+00
+5.539551E+02,+1.081972E-06,+1.817354E-06,-1.134936E+02,+1.033799E+00
+5.541992E+02,-7.804187E-06,+3.834577E-06,-1.012142E+02,+2.684890E+00
+5.544434E+02,+1.654119E-05,-5.366815E-06,-9.519398E+01,-3.137357E-01
+5.546875E+02,-1.425355E-05,+2.424549E-06,-9.679767E+01,+2.973104E+00
+5.549316E+02,+1.985351E-07,+2.285228E-06,-1.127888E+02,+1.484136E+00
+5.551758E+02,-9.742383E-07,+9.442529E-07,-1.173500E+02,+2.371823E+00
+5.554199E+02,+8.296211E-06,-9.422355E-06,-9.802422E+01,-8.488701E-01
+5.556641E+02,-7.967354E-06,+1.056024E-05,-9.756969E+01,+2.217150E+00
+5.559082E+02,+6.411430E-06,-6.721694E-06,-1.006405E+02,-8.090183E-01
+5.561523E+02,-5.466273E-06,+4.390198E-06,-1.030844E+02,+2.464938E+00
+5.563965E+02,+4.335111E-06,+2.625571E-07,-1.072441E+02,+6.049136E-02
+5.566406E+02,-3.341986E-06,-8.512495E-07,-1.092469E+02,-2.892183E+00
+5.568848E+02,+2.179403E-06,+2.799965E-06,-1.089999E+02,+9.093857E-01
+5.571289E+02,-5.656773E-07,-4.321941E-06,-1.072127E+02,-1.700941E+00
+5.573730E+02,-1.573258E-06,+5.534622E-06,-1.048008E+02,+1.847749E+00
+5.576172E+02,+1.567678E-06,-5.778959E-06,-1.044546E+02,-1.305898E+00
+5.578613E+02,+7.735646E-07,+1.680453E-06,-1.146568E+02,+1.139384E+00
+5.581055E+02,-5.312489E-06,+1.262427E-06,-1.052555E+02,+2.908286E+00
+5.583496E+02,+8.811181E-06,+4.094699E-07,-1.010899E+02,+4.643822E-02
+5.585938E+02,-1.105967E-05,-2.942185E-06,-9.882819E+01,-2.881586E+00
+5.588379E+02,+9.875244E-06,+6.596440E-06,-9.850677E+01,+5.889095E-01
+5.590820E+02,-2.963396E-06,-7.041673E-06,-1.023383E+02,-1.969135E+00
+5.593262E+02,+7.258372E-07,+2.675528E-06,-1.111434E+02,+1.305885E+00
+5.595703E+02,-4.154685E-06,+1.270032E-06,-1.072413E+02,+2.844927E+00
+5.598145E+02,+7.222239E-06,+9.660380E-07,-1.027495E+02,+1.329695E-01
+5.600586E+02,-6.752321E-06,-9.732642E-07,-1.033216E+02,-2.998441E+00
+5.603027E+02,+5.348706E-06,-9.387988E-07,-1.053033E+02,-1.737491E-01
+5.605469E+02,-9.386623E-06,-2.957961E-06,-1.001386E+02,-2.836318E+00
+5.607910E+02,+1.431675E-05,+4.408760E-06,-9.648965E+01,+2.987290E-01
+5.610352E+02,-1.150540E-05,-1.496163E-06,-9.870914E+01,-3.012278E+00
+5.612793E+02,+4.437017E-06,+5.669954E-06,-1.028537E+02,+9.067872E-01
+5.615234E+02,+1.933560E-06,-9.509660E-06,-1.002608E+02,-1.370205E+00
+5.617676E+02,-2.243531E-06,+9.044988E-06,-1.006125E+02,+1.813931E+00
+5.620117E+02,-6.414148E-06,-1.034824E-05,-9.829072E+01,-2.125669E+00
+5.622559E+02,+1.275420E-05,+8.862444E-06,-9.617600E+01,+6.072713E-01
+5.625000E+02,-1.081536E-05,-8.782756E-06,-9.711955E+01,-2.459539E+00
+5.627441E+02,+1.200377E-05,+1.303990E-05,-9.502892E+01,+8.267477E-01
+5.629883E+02,-7.299003E-06,-7.702803E-06,-9.948428E+01,-2.329284E+00
+5.632324E+02,-1.019546E-06,+1.336299E-06,-1.154896E+02,+2.222542E+00
+5.634766E+02,+1.263866E-06,+1.746500E-06,-1.133277E+02,+9.443694E-01
+5.637207E+02,-7.831573E-07,-5.208872E-06,-1.055680E+02,-1.720029E+00
+5.639648E+02,-5.546037E-07,+2.818135E-06,-1.108357E+02,+1.765111E+00
+5.642090E+02,+1.479991E-06,+2.887263E-06,-1.097771E+02,+1.097125E+00
+5.644531E+02,+3.574633E-06,-6.328243E-06,-1.027716E+02,-1.056609E+00
+5.646973E+02,-9.251158E-06,+7.505036E-06,-9.847988E+01,+2.460027E+00
+5.649414E+02,+1.539138E-05,-6.289521E-06,-9.558379E+01,-3.879317E-01
+5.651855E+02,-1.242225E-05,+1.579062E-06,-9.804638E+01,+3.015155E+00
+5.654297E+02,+3.571505E-06,+3.959501E-06,-1.054617E+02,+8.368725E-01
+5.656738E+02,-6.319947E-09,-4.084044E-06,-1.077782E+02,-1.572344E+00
+5.659180E+02,-3.097674E-06,+5.729351E-06,-1.037242E+02,+2.066446E+00
+5.661621E+02,+4.645354E-06,-8.895404E-06,-9.996938E+01,-1.089532E+00
+5.664062E+02,+1.032788E-06,+6.319763E-06,-1.038715E+02,+1.408806E+00
+5.666504E+02,-2.886700E-06,-5.325584E-06,-1.043539E+02,-2.067511E+00
+5.668945E+02,+7.764186E-07,-1.051357E-06,-1.176747E+02,-9.347014E-01
+5.671387E+02,-1.994283E-06,+9.130853E-06,-1.005874E+02,+1.785831E+00
+5.673828E+02,+5.911958E-07,-7.971866E-06,-1.019450E+02,-1.496772E+00
+5.676270E+02,+1.651257E-07,+6.242678E-06,-1.040895E+02,+1.544351E+00
+5.678711E+02,+3.036370E-06,-4.511828E-06,-1.052906E+02,-9.784356E-01
+5.681152E+02,-2.003423E-06,-4.804412E-06,-1.056709E+02,-1.965868E+00
+5.683594E+02,+1.665585E-06,+5.721767E-06,-1.044962E+02,+1.287528E+00
+5.686035E+02,-5.846972E-06,+4.759986E-06,-1.024531E+02,+2.458317E+00
+5.688477E+02,+6.522030E-06,-5.403196E-06,-1.014429E+02,-6.918513E-01
+5.690918E+02,-2.300260E-06,-8.320026E-07,-1.122305E+02,-2.794533E+00
+5.693359E+02,+3.322302E-06,+4.502820E-06,-1.050427E+02,+9.351316E-01
+5.695801E+02,-6.153499E-06,-7.915382E-06,-9.997752E+01,-2.231611E+00
+5.698242E+02,+7.098122E-06,+5.755107E-06,-1.007829E+02,+6.812874E-01
+5.700684E+02,-1.305701E-06,+1.202447E-06,-1.150159E+02,+2.397338E+00
+5.703125E+02,-4.450540E-06,-7.533525E-06,-1.011599E+02,-2.104397E+00
+5.705566E+02,+2.364644E-07,+8.805322E-06,-1.011020E+02,+1.543948E+00
+5.708008E+02,-5.436050E-08,-5.728077E-06,-1.048394E+02,-1.580286E+00
+5.710449E+02,+5.626519E-06,+3.910432E-06,-1.032837E+02,+6.073625E-01
+5.712891E+02,-5.744530E-06,-2.051765E-06,-1.042935E+02,-2.798546E+00
+5.715332E+02,-1.634326E-07,-2.486615E-06,-1.120691E+02,-1.636427E+00
+5.717773E+02,+1.703472E-06,+3.880861E-06,-1.074562E+02,+1.157176E+00
+5.720215E+02,-7.969742E-07,+1.121344E-06,-1.172295E+02,+2.188688E+00
+5.722656E+02,+3.559876E-07,-7.607405E-06,-1.023658E+02,-1.524036E+00
+5.725098E+02,+6.176277E-06,+1.077097E-05,-9.812028E+01,+1.050151E+00
+5.727539E+02,-8.211994E-06,-9.553776E-06,-9.799392E+01,-2.280811E+00
+5.729980E+02,+3.943125E-06,+9.934323E-07,-1.078159E+02,+2.468041E-01
+5.732422E+02,-1.883059E-06,+3.068809E-06,-1.088728E+02,+2.121165E+00
+5.734863E+02,-3.298596E-06,-1.602095E-06,-1.087136E+02,-2.689459E+00
+5.737305E+02,+2.721277E-06,+1.537623E-06,-1.101012E+02,+5.143148E-01
+5.739746E+02,+5.281661E-06,-1.235357E-06,-1.053133E+02,-2.297651E-01
+5.742188E+02,-5.625574E-06,+2.822338E-06,-1.040217E+02,+2.676588E+00
+5.744629E+02,+1.625837E-06,-2.371434E-06,-1.108265E+02,-9.698055E-01
+5.747070E+02,+5.193529E-06,+2.823911E-08,-1.056906E+02,+5.437311E-03
+5.749512E+02,-1.802760E-05,+1.907544E-07,-9.488075E+01,+3.131012E+00
+5.751953E+02,+2.521354E-05,-3.122364E-06,-9.190123E+01,-1.232096E-01
+5.754395E+02,-1.980909E-05,+6.731262E-06,-9.358813E+01,+2.814028E+00
+5.756836E+02,+8.605014E-06,-6.949997E-06,-9.912400E+01,-6.793993E-01
+5.759277E+02,-9.484895E-07,+2.559874E-06,-1.112769E+02,+1.925635E+00
+5.761719E+02,-2.751033E-06,+6.003324E-06,-1.036043E+02,+2.000491E+00
+5.764160E+02,+1.209551E-06,-8.496057E-06,-1.013285E+02,-1.429381E+00
+5.766602E+02,+2.676714E-06,+9.803825E-07,-1.109013E+02,+3.510893E-01
+5.769043E+02,-2.871840E-06,+9.623348E-08,-1.108319E+02,+3.108096E+00
+5.771484E+02,+3.136724E-06,+3.587305E-06,-1.064382E+02,+8.523088E-01
+5.773926E+02,-2.830657E-06,-1.081555E-06,-1.103704E+02,-2.776624E+00
+5.776367E+02,+1.486271E-06,+9.669780E-07,-1.150251E+02,+5.768015E-01
+5.778809E+02,-2.073823E-06,-2.491091E-06,-1.097855E+02,-2.265040E+00
+5.781250E+02,+7.375325E-06,+2.360556E-06,-1.022208E+02,+3.097585E-01
+5.783691E+02,-1.134229E-05,-5.069290E-06,-9.811507E+01,-2.721289E+00
+5.786133E+02,+7.214111E-06,+2.832440E-06,-1.022137E+02,+3.741325E-01
+5.788574E+02,-1.446596E-06,+1.403986E-06,-1.139107E+02,+2.371141E+00
+5.791016E+02,-5.243060E-06,-9.646890E-07,-1.054637E+02,-2.959634E+00
+5.793457E+02,+1.003113E-05,-2.682961E-06,-9.967294E+01,-2.613463E-01
+5.795898E+02,-4.835856E-06,+6.811001E-06,-1.015630E+02,+2.188207E+00
+5.798340E+02,-2.683509E-07,-7.750406E-06,-1.022083E+02,-1.605407E+00
+5.800781E+02,-6.509640E-06,+5.905082E-06,-1.011213E+02,+2.404853E+00
+5.803223E+02,+2.712165E-06,-2.438691E-06,-1.087605E+02,-7.323552E-01
+5.805664E+02,+1.381743E-05,+2.291425E-06,-9.707363E+01,+1.643402E-01
+5.808105E+02,-1.442650E-05,-6.438604E-07,-9.680814E+01,-3.096992E+00
+5.810547E+02,-1.836981E-07,-7.133573E-06,-1.029310E+02,-1.596542E+00
+5.812988E+02,+3.418279E-06,+8.903118E-06,-1.004120E+02,+1.204209E+00
+5.815430E+02,+1.671110E-06,-2.588688E-06,-1.102255E+02,-9.975606E-01
+5.817871E+02,+1.492703E-06,+4.454756E-06,-1.065614E+02,+1.247474E+00
+5.820312E+02,-4.535456E-06,-8.225315E-06,-1.005440E+02,-2.074715E+00
+5.822754E+02,+2.380616E-06,+3.854183E-06,-1.068778E+02,+1.017485E+00
+5.825195E+02,+1.037220E-06,-5.242907E-06,-1.054418E+02,-1.375485E+00
+5.827637E+02,+1.555603E-06,+7.547547E-06,-1.022632E+02,+1.367535E+00
+5.830078E+02,-7.725946E-06,-6.084948E-06,-1.001450E+02,-2.474459E+00
+5.832520E+02,+3.012543E-06,+4.720681E-06,-1.050362E+02,+1.002791E+00
+5.834961E+02,+8.126459E-07,+1.085111E-06,-1.173569E+02,+9.279960E-01
+5.837402E+02,+7.029046E-07,-6.358363E-06,-1.038803E+02,-1.460695E+00
+5.839844E+02,+8.072478E-07,+5.647624E-06,-1.048748E+02,+1.428822E+00
+5.842285E+02,-2.199304E-06,+1.146772E-07,-1.131425E+02,+3.089497E+00
+5.844727E+02,+2.589039E-06,-1.609731E-06,-1.103178E+02,-5.562578E-01
+5.847168E+02,-2.080152E-06,+5.307158E-07,-1.133642E+02,+2.891789E+00
+5.849609E+02,+7.182278E-06,-3.359040E-06,-1.020157E+02,-4.374627E-01
+5.852051E+02,-1.521743E-05,+6.640734E-06,-9.559612E+01,+2.730114E+00
+5.854492E+02,+1.328630E-05,-3.985424E-06,-9.715774E+01,-2.914246E-01
+5.856934E+02,-6.579840E-06,-1.780443E-06,-1.033288E+02,-2.877330E+00
+5.859375E+02,+5.005779E-07,+1.798416E-06,-1.145781E+02,+1.299324E+00
+5.861816E+02,+3.794675E-06,-2.430582E-06,-1.069235E+02,-5.696852E-01
+5.864258E+02,-1.071783E-05,+3.978910E-06,-9.883712E+01,+2.786121E+00
+5.866699E+02,+1.417463E-05,-4.965069E-06,-9.646715E+01,-3.369230E-01
+5.869141E+02,-7.351980E-06,+1.084369E-05,-9.765388E+01,+2.166602E+00
+5.871582E+02,+6.310795E-06,-7.078628E-06,-1.004608E+02,-8.426816E-01
+5.874023E+02,-9.923203E-06,-6.856233E-07,-1.000463E+02,-3.072609E+00
+5.876465E+02,+8.898071E-06,-1.735238E-07,-1.010124E+02,-1.949881E-02
+5.878906E+02,-3.232930E-06,+1.153907E-06,-1.092873E+02,+2.798764E+00
+5.881348E+02,-4.496414E-06,-1.602412E-06,-1.064234E+02,-2.799249E+00
+5.883789E+02,+7.316256E-06,+4.743236E-06,-1.011904E+02,+5.751895E-01
+5.886230E+02,-7.064556E-07,-4.952884E-06,-1.060154E+02,-1.712476E+00
+5.888672E+02,-8.100508E-06,+4.415445E-07,-1.018169E+02,+3.087138E+00
+5.891113E+02,+7.687626E-06,+4.867911E-06,-1.008199E+02,+5.644841E-01
+5.893555E+02,-1.829293E-06,-8.227623E-06,-1.014850E+02,-1.789573E+00
+5.895996E+02,-3.122286E-06,+8.467427E-06,-1.008913E+02,+1.924068E+00
+5.898438E+02,+4.805419E-06,-2.729411E-06,-1.051511E+02,-5.165471E-01
+5.900879E+02,+4.198984E-07,-5.294076E-06,-1.054970E+02,-1.491647E+00
+5.903320E+02,-4.195407E-06,+7.240412E-06,-1.015475E+02,+2.095963E+00
+5.905762E+02,+1.695811E-06,-3.682515E-06,-1.078419E+02,-1.139242E+00
+5.908203E+02,+1.669343E-06,+7.300985E-06,-1.025111E+02,+1.346014E+00
+5.910645E+02,+6.073559E-07,-1.273339E-05,-9.789125E+01,-1.523135E+00
+5.913086E+02,-2.262175E-06,+4.920461E-06,-1.053271E+02,+2.001728E+00
+5.915527E+02,-1.086959E-06,+1.973043E-06,-1.129462E+02,+2.074334E+00
+5.917969E+02,-7.655441E-07,+8.444176E-08,-1.222681E+02,+3.031734E+00
+5.920410E+02,+1.067401E-05,+2.199704E-06,-9.925282E+01,+2.032352E-01
+5.922852E+02,-1.510230E-05,-7.837957E-06,-9.538332E+01,-2.662868E+00
+5.925293E+02,+7.749156E-06,+6.998357E-06,-9.962468E+01,+7.345319E-01
+5.927734E+02,+1.493072E-06,-5.243291E-06,-1.052693E+02,-1.293380E+00
+5.930176E+02,-7.528678E-07,+2.625644E-06,-1.112721E+02,+1.850041E+00
+5.932617E+02,-9.961545E-07,-7.823765E-06,-1.020618E+02,-1.697439E+00
+5.935059E+02,-2.014162E-06,+1.871268E-05,-9.450726E+01,+1.678020E+00
+5.937500E+02,+1.424586E-06,-1.327637E-05,-9.748870E+01,-1.463903E+00
+5.939941E+02,-1.258214E-06,+1.616684E-06,-1.137708E+02,+2.232145E+00
+5.942383E+02,+1.303178E-06,-2.023398E-06,-1.123714E+02,-9.986123E-01
+5.944824E+02,-6.880722E-07,+3.519498E-06,-1.089075E+02,+1.763864E+00
+5.947266E+02,+3.741864E-06,+2.227349E-06,-1.072210E+02,+5.369205E-01
+5.949707E+02,-6.214646E-06,+1.997352E-06,-1.037048E+02,+2.830625E+00
+5.952148E+02,+1.021322E-07,-1.029689E-05,-9.974545E+01,-1.560878E+00
+5.954590E+02,+7.721693E-06,+5.557435E-06,-1.004331E+02,+6.238368E-01
+5.957031E+02,-8.173971E-06,+4.087214E-06,-1.007821E+02,+2.677923E+00
+5.959473E+02,-1.740687E-07,-7.817569E-06,-1.021364E+02,-1.593059E+00
+5.961914E+02,+5.456777E-06,+2.957643E-06,-1.041427E+02,+4.966904E-01
+5.964355E+02,+2.664264E-06,+6.207713E-06,-1.034071E+02,+1.165385E+00
+5.966797E+02,-1.146439E-05,-9.997841E-06,-9.635658E+01,-2.424420E+00
+5.969238E+02,+1.031565E-05,+5.395996E-06,-9.867966E+01,+4.819474E-01
+5.971680E+02,-8.794750E-06,-2.342259E-07,-1.011124E+02,-3.114966E+00
+5.974121E+02,+1.104956E-05,-3.214890E-06,-9.878020E+01,-2.831353E-01
+5.976562E+02,-4.081115E-06,+3.685870E-06,-1.051940E+02,+2.407038E+00
+5.979004E+02,-5.589946E-06,-2.461245E-06,-1.042823E+02,-2.726836E+00
+5.981445E+02,+4.544274E-06,+2.792309E-06,-1.054596E+02,+5.509896E-01
+5.983887E+02,-1.269092E-06,-1.398720E-06,-1.144770E+02,-2.307643E+00
+5.986328E+02,+1.196787E-06,+2.571246E-06,-1.109455E+02,+1.135168E+00
+5.988770E+02,-2.631415E-06,-2.709612E-06,-1.084569E+02,-2.341555E+00
+5.991211E+02,+2.265536E-06,+1.334325E-06,-1.116033E+02,+5.322672E-01
+5.993652E+02,+6.531440E-07,-3.358729E-06,-1.093153E+02,-1.378732E+00
+5.996094E+02,+1.121888E-06,+6.106767E-06,-1.041396E+02,+1.389110E+00
+5.998535E+02,-5.023200E-06,-5.827399E-06,-1.022774E+02,-2.282214E+00
+6.000977E+02,+5.779505E-06,-8.534832E-08,-1.047612E+02,-1.476634E-02
+6.003418E+02,-6.675175E-06,+3.500314E-07,-1.034988E+02,+3.089203E+00
+6.005859E+02,+7.792183E-06,+5.165033E-06,-1.005851E+02,+5.853542E-01
+6.008301E+02,-8.853614E-06,-2.981375E-06,-1.005911E+02,-2.816778E+00
+6.010742E+02,+9.313022E-06,-4.674136E-06,-9.964250E+01,-4.651605E-01
+6.013184E+02,-2.362917E-06,+1.042593E-05,-9.942017E+01,+1.793670E+00
+6.015625E+02,-6.593827E-06,-8.277605E-06,-9.950792E+01,-2.243452E+00
+6.018066E+02,+8.295297E-06,+3.323842E-06,-1.009767E+02,+3.811010E-01
+6.020508E+02,-7.168080E-06,-1.817398E-06,-1.026214E+02,-2.893285E+00
+6.022949E+02,+6.137651E-06,-5.100530E-07,-1.042101E+02,-8.291181E-02
+6.025391E+02,-5.218466E-06,+2.746231E-06,-1.045874E+02,+2.657164E+00
+6.027832E+02,+4.050104E-06,+5.218528E-07,-1.077792E+02,+1.281432E-01
+6.030273E+02,-3.688157E-06,-3.829255E-06,-1.054874E+02,-2.337427E+00
+6.032715E+02,+5.480047E-06,+1.096456E-06,-1.050538E+02,+1.974740E-01
+6.035156E+02,+1.358510E-06,+2.437711E-07,-1.172011E+02,+1.775505E-01
+6.037598E+02,-6.168831E-06,-4.045771E-06,-1.026422E+02,-2.561122E+00
+6.040039E+02,-2.071845E-06,+9.247238E-06,-1.004670E+02,+1.791206E+00
+6.042480E+02,+6.109570E-06,-5.230329E-06,-1.018921E+02,-7.080178E-01
+6.044922E+02,-1.068667E-06,-1.656850E-06,-1.141036E+02,-2.143648E+00
+6.047363E+02,+5.687201E-07,+5.723157E-06,-1.048046E+02,+1.471750E+00
+6.049805E+02,+1.046788E-06,-8.604808E-06,-1.012414E+02,-1.449740E+00
+6.052246E+02,-7.236218E-06,+3.055402E-06,-1.020973E+02,+2.742064E+00
+6.054688E+02,+6.258455E-06,+1.984213E-06,-1.036547E+02,+3.070203E-01
+6.057129E+02,-3.661029E-06,+5.411975E-06,-1.036965E+02,+2.165554E+00
+6.059570E+02,+3.134463E-06,-5.526041E-06,-1.039403E+02,-1.054831E+00
+6.062012E+02,+9.424905E-07,-9.207429E-07,-1.176044E+02,-7.737268E-01
+6.064453E+02,-2.001421E-06,-9.982851E-07,-1.130083E+02,-2.678915E+00
+6.066895E+02,-4.403656E-06,-4.703146E-07,-1.070745E+02,-3.035195E+00
+6.069336E+02,+5.051598E-06,-4.429872E-07,-1.058981E+02,-8.746874E-02
+6.071777E+02,+2.274533E-06,+6.152291E-06,-1.036629E+02,+1.216676E+00
+6.074219E+02,-6.230019E-06,-9.000977E-07,-1.040205E+02,-2.998108E+00
+6.076660E+02,+4.623733E-06,-6.329749E-06,-1.021152E+02,-9.399078E-01
+6.079102E+02,+2.162792E-07,+3.962356E-06,-1.080280E+02,+1.516267E+00
+6.081543E+02,-4.865454E-06,-5.545817E-06,-1.026417E+02,-2.290939E+00
+6.083984E+02,+7.729834E-06,+6.963633E-06,-9.965602E+01,+7.332997E-01
+6.086426E+02,-7.721302E-06,-7.114600E-08,-1.022458E+02,-3.132379E+00
+6.088867E+02,+4.627622E-07,-1.174045E-06,-1.179791E+02,-1.195334E+00
+6.091309E+02,+4.984350E-06,-1.466399E-06,-1.056873E+02,-2.861278E-01
+6.093750E+02,-3.642597E-06,+2.825857E-06,-1.067256E+02,+2.481795E+00
+6.096191E+02,+6.098551E-06,-8.005527E-06,-9.994473E+01,-9.197906E-01
+6.098633E+02,-5.959818E-06,+1.081695E-05,-9.816656E+01,+2.074384E+00
+6.101074E+02,+2.544564E-08,-6.359316E-06,-1.039317E+02,-1.566795E+00
+6.103516E+02,+1.187385E-06,+2.761305E-06,-1.104409E+02,+1.164691E+00
+6.105957E+02,-3.288445E-07,-1.192209E-06,-1.181545E+02,-1.839932E+00
+6.108398E+02,-1.763983E-06,-1.598692E-06,-1.124661E+02,-2.405310E+00
+6.110840E+02,+4.854466E-06,-6.955721E-07,-1.061889E+02,-1.423163E-01
+6.113281E+02,-4.195313E-06,+4.422532E-07,-1.074967E+02,+3.036565E+00
+6.115723E+02,-1.811432E-06,+2.047668E-06,-1.112643E+02,+2.295055E+00
+6.118164E+02,+6.328343E-06,+5.263646E-07,-1.039443E+02,+8.298472E-02
+6.120605E+02,-1.568452E-06,+2.579818E-06,-1.104022E+02,+2.117055E+00
+6.123047E+02,-9.047201E-06,-5.708787E-06,-9.941414E+01,-2.578690E+00
+6.125488E+02,+8.882466E-06,-1.351421E-06,-1.009299E+02,-1.509869E-01
+6.127930E+02,+5.200043E-06,+3.452373E-06,-1.040939E+02,+5.860934E-01
+6.130371E+02,-5.407991E-06,+5.077348E-06,-1.025943E+02,+2.387718E+00
+6.132812E+02,-6.802262E-06,-7.487323E-06,-9.989994E+01,-2.308290E+00
+6.135254E+02,+3.746575E-06,+5.433375E-06,-1.036093E+02,+9.671193E-01
+6.137695E+02,-4.636071E-06,-1.025027E-05,-9.897699E+01,-1.995551E+00
+6.140137E+02,+1.022767E-05,+1.341902E-05,-9.545650E+01,+9.195473E-01
+6.142578E+02,-5.567213E-06,-4.397371E-06,-1.029817E+02,-2.473059E+00
+6.145020E+02,+3.883474E-06,+1.032460E-06,-1.079190E+02,+2.598491E-01
+6.147461E+02,-5.180465E-06,-6.672615E-06,-1.014654E+02,-2.230966E+00
+6.149902E+02,+2.436704E-06,+4.215868E-06,-1.062505E+02,+1.046722E+00
+6.152344E+02,+5.519915E-06,+1.760850E-06,-1.047405E+02,+3.087951E-01
+6.154785E+02,-7.824231E-06,-2.248417E-06,-1.017866E+02,-2.861767E+00
+6.157227E+02,+1.383394E-06,-4.305664E-06,-1.068925E+02,-1.259918E+00
+6.159668E+02,+4.976755E-06,+1.246716E-05,-9.744250E+01,+1.190989E+00
+6.162109E+02,-1.050705E-06,-8.643688E-06,-1.012023E+02,-1.691760E+00
+6.164551E+02,-8.583940E-06,-3.590032E-06,-1.006262E+02,-2.745473E+00
+6.166992E+02,+1.553353E-05,+6.947697E-06,-9.538260E+01,+4.205821E-01
+6.169434E+02,-2.049379E-05,-2.542924E-06,-9.370120E+01,-3.018141E+00
+6.171875E+02,+1.372743E-05,+2.234180E-06,-9.713467E+01,+1.613384E-01
+6.174316E+02,-4.114436E-06,-7.157235E-06,-1.016650E+02,-2.092528E+00
+6.176758E+02,+4.473120E-06,+1.096485E-05,-9.853138E+01,+1.183455E+00
+6.179199E+02,+6.626077E-07,-7.518096E-06,-1.024442E+02,-1.482888E+00
+6.181641E+02,-7.144463E-06,+4.248710E-06,-1.016055E+02,+2.605090E+00
+6.184082E+02,+2.464303E-06,-3.810031E-06,-1.068636E+02,-9.966786E-01
+6.186523E+02,+1.185859E-06,-4.332271E-07,-1.179753E+02,-3.502639E-01
+6.188965E+02,-1.374352E-06,+4.489748E-07,-1.167977E+02,+2.825841E+00
+6.191406E+02,+2.411177E-06,-1.213224E-06,-1.113753E+02,-4.661778E-01
+6.193848E+02,-8.219928E-07,+6.254115E-06,-1.040023E+02,+1.701480E+00
+6.196289E+02,+1.072205E-06,-4.233272E-06,-1.071964E+02,-1.322733E+00
+6.198730E+02,-2.255395E-06,-3.314147E-06,-1.079397E+02,-2.168339E+00
+6.201172E+02,+3.203315E-06,+1.227761E-05,-9.793171E+01,+1.315579E+00
+6.203613E+02,-7.583708E-06,-1.311919E-05,-9.638979E+01,-2.094929E+00
+6.206055E+02,+4.575585E-06,+4.516439E-06,-1.038369E+02,+7.788931E-01
+6.208496E+02,+2.875763E-06,-4.103279E-06,-1.060021E+02,-9.595034E-01
+6.210938E+02,-3.345167E-06,+4.649184E-06,-1.048406E+02,+2.194501E+00
+6.213379E+02,+1.181093E-06,+3.526284E-06,-1.085919E+02,+1.247601E+00
+6.215820E+02,+2.364223E-06,-5.496179E-06,-1.044615E+02,-1.164565E+00
+6.218262E+02,-5.105253E-06,+4.755605E-06,-1.031265E+02,+2.391638E+00
+6.220703E+02,+3.264503E-06,-4.622563E-06,-1.049451E+02,-9.559143E-01
+6.223145E+02,-3.247998E-06,+9.686067E-07,-1.093977E+02,+2.851773E+00
+6.225586E+02,+3.189379E-06,+2.298442E-06,-1.081093E+02,+6.244543E-01
+6.228027E+02,-1.197363E-06,-4.723904E-06,-1.062436E+02,-1.819037E+00
+6.230469E+02,+6.204202E-07,+5.858858E-06,-1.045953E+02,+1.465295E+00
+6.232910E+02,-4.671026E-06,-4.084962E-06,-1.041448E+02,-2.423028E+00
+6.235352E+02,+9.457715E-06,-1.852083E-06,-1.003208E+02,-1.933805E-01
+6.237793E+02,-4.297895E-06,+3.516350E-06,-1.051093E+02,+2.455878E+00
+6.240234E+02,-9.596870E-07,+3.649981E-06,-1.084639E+02,+1.827906E+00
+6.242676E+02,-6.745850E-07,-9.651301E-06,-1.002871E+02,-1.640579E+00
+6.245117E+02,+5.624407E-07,+1.064169E-05,-9.944768E+01,+1.517993E+00
+6.247559E+02,+1.498741E-06,-5.431362E-06,-1.049831E+02,-1.301554E+00
+6.250000E+02,+1.788968E-08,-3.643278E-06,-1.087701E+02,-1.565886E+00
+6.252441E+02,-2.896092E-06,+5.761235E-06,-1.038112E+02,+2.036591E+00
+6.254883E+02,+3.996869E-06,-4.660780E-06,-1.042368E+02,-8.619334E-01
+6.257324E+02,-2.208067E-06,+5.278678E-06,-1.048492E+02,+1.966978E+00
+6.259766E+02,-2.930139E-06,-3.086946E-06,-1.074196E+02,-2.330140E+00
+6.262207E+02,+4.344727E-06,-1.009317E-06,-1.070125E+02,-2.282597E-01
+6.264648E+02,-1.276229E-06,+9.757269E-08,-1.178561E+02,+3.065287E+00
+6.267090E+02,-2.244503E-06,+2.132975E-06,-1.101830E+02,+2.381667E+00
+6.269531E+02,+7.237762E-06,+3.361451E-06,-1.019597E+02,+4.347909E-01
+6.271973E+02,-1.545048E-06,-5.049695E-06,-1.055460E+02,-1.867720E+00
+6.274414E+02,-1.125985E-05,-3.787939E-07,-9.896443E+01,-3.107964E+00
+6.276855E+02,+5.141544E-06,+3.000851E-06,-1.045050E+02,+5.283091E-01
+6.279297E+02,+4.046332E-06,-2.664771E-06,-1.062942E+02,-5.823725E-01
+6.281738E+02,+4.148800E-06,+3.840786E-06,-1.049534E+02,+7.468653E-01
+6.284180E+02,-9.098129E-06,-1.634840E-06,-1.006829E+02,-2.963800E+00
+6.286621E+02,+5.568836E-06,-6.765489E-06,-1.011473E+02,-8.821136E-01
+6.289062E+02,-5.857155E-06,+1.013466E-05,-9.863224E+01,+2.094832E+00
+6.291504E+02,+4.745998E-06,-2.521383E-06,-1.053937E+02,-4.883457E-01
+6.293945E+02,-3.716355E-06,-8.400105E-06,-1.007380E+02,-1.987327E+00
+6.296387E+02,+4.647677E-06,+1.138125E-05,-9.820639E+01,+1.183102E+00
+6.298828E+02,-1.817441E-06,-5.618151E-06,-1.045759E+02,-1.883666E+00
+6.301270E+02,+5.253371E-07,+2.997957E-06,-1.103321E+02,+1.397326E+00
+6.303711E+02,-5.271030E-06,-4.295920E-06,-1.033499E+02,-2.457769E+00
+6.306152E+02,+1.315041E-05,-1.691116E-06,-9.754998E+01,-1.278960E-01
+6.308594E+02,-1.094922E-05,+5.202818E-06,-9.832816E+01,+2.698000E+00
+6.311035E+02,+5.358728E-06,+5.396621E-07,-1.053749E+02,+1.003687E-01
+6.313477E+02,-3.918713E-06,-6.078891E-06,-1.028142E+02,-2.143396E+00
+6.315918E+02,+1.067584E-06,+7.494672E-06,-1.024177E+02,+1.429303E+00
+6.318359E+02,-1.895988E-06,-4.362601E-06,-1.064537E+02,-1.980770E+00
+6.320801E+02,+3.564158E-06,+2.497623E-06,-1.072259E+02,+6.112365E-01
+6.323242E+02,-6.373094E-06,+1.716122E-06,-1.036090E+02,+2.878556E+00
+6.325684E+02,+7.552935E-06,-9.119715E-06,-9.853202E+01,-8.790960E-01
+6.328125E+02,-2.224804E-06,+6.468235E-06,-1.032987E+02,+1.902079E+00
+6.330566E+02,-6.142388E-07,+3.807075E-06,-1.082766E+02,+1.730759E+00
+6.333008E+02,+2.172989E-06,-9.710347E-06,-1.000431E+02,-1.350643E+00
+6.335449E+02,-8.583086E-07,+6.715029E-06,-1.033887E+02,+1.697926E+00
+6.337891E+02,-3.980277E-06,-2.299863E-07,-1.079873E+02,-3.083875E+00
+6.340332E+02,+5.127627E-06,-2.813709E-06,-1.046585E+02,-5.018716E-01
+6.342773E+02,-3.158408E-06,+3.735826E-06,-1.062102E+02,+2.272636E+00
+6.345215E+02,-1.737121E-07,-6.531557E-06,-1.036966E+02,-1.597386E+00
+6.347656E+02,-5.171293E-07,+9.124400E-06,-1.007820E+02,+1.627411E+00
+6.350098E+02,+3.915261E-06,-3.020342E-06,-1.061169E+02,-6.570746E-01
+6.352539E+02,-2.103284E-06,-6.380053E-06,-1.034555E+02,-1.889242E+00
+6.354980E+02,-1.950935E-06,+8.697079E-06,-1.009993E+02,+1.791464E+00
+6.357422E+02,+8.610629E-07,-1.211994E-05,-9.830812E+01,-1.499870E+00
+6.359863E+02,+1.305676E-06,+1.131350E-05,-9.887061E+01,+1.455896E+00
+6.362305E+02,-1.258065E-06,+1.961261E-06,-1.126526E+02,+2.141142E+00
+6.364746E+02,+1.363546E-06,-1.025105E-05,-9.970847E+01,-1.438557E+00
+6.367188E+02,+1.638520E-06,+7.419780E-06,-1.023854E+02,+1.353453E+00
+6.369629E+02,-1.712060E-06,-5.054428E-06,-1.054548E+02,-1.897391E+00
+6.372070E+02,+5.786366E-07,+5.295287E-06,-1.054707E+02,+1.461954E+00
+6.374512E+02,-5.970663E-06,-1.952239E-06,-1.040384E+02,-2.825578E+00
+6.376953E+02,+1.014238E-05,-1.886257E-06,-9.972953E+01,-1.838770E-01
+6.379395E+02,-8.421084E-06,+2.593401E-07,-1.014885E+02,+3.110806E+00
+6.381836E+02,+4.112944E-06,+1.472171E-06,-1.071934E+02,+3.437273E-01
+6.384277E+02,-1.108035E-06,+7.820778E-07,-1.173533E+02,+2.526968E+00
+6.386719E+02,-3.178958E-07,-1.179401E-06,-1.182622E+02,-1.834080E+00
+6.389160E+02,+6.325818E-07,-3.940857E-06,-1.079777E+02,-1.411635E+00
+6.391602E+02,-2.408780E-07,+6.898702E-06,-1.032194E+02,+1.605699E+00
+6.394043E+02,+4.733726E-06,-7.030602E-06,-1.014365E+02,-9.782134E-01
+6.396484E+02,-5.827847E-06,+5.309158E-06,-1.020655E+02,+2.402734E+00
+6.398926E+02,+2.352160E-07,-5.972888E-06,-1.044696E+02,-1.531436E+00
+6.401367E+02,+8.406130E-08,+6.922683E-06,-1.031939E+02,+1.558654E+00
+6.403809E+02,+2.413379E-06,-6.261798E-06,-1.034645E+02,-1.202928E+00
+6.406250E+02,-4.963317E-06,+7.870050E-06,-1.006262E+02,+2.133455E+00
+6.408691E+02,+2.790410E-06,-4.009944E-06,-1.062222E+02,-9.628458E-01
+6.411133E+02,-3.476113E-06,+2.896726E-06,-1.068879E+02,+2.446860E+00
+6.413574E+02,+4.190845E-06,-4.866037E-06,-1.038467E+02,-8.598108E-01
+6.416016E+02,+1.734480E-06,+2.598851E-06,-1.101044E+02,+9.822845E-01
+6.418457E+02,-3.465150E-06,-1.267249E-06,-1.086604E+02,-2.790989E+00
+6.420898E+02,-1.520913E-07,+3.672910E-06,-1.086924E+02,+1.612182E+00
+6.423340E+02,+6.206105E-06,-1.317447E-06,-1.039522E+02,-2.091772E-01
+6.425781E+02,-4.809998E-06,-6.790655E-06,-1.015959E+02,-2.187088E+00
+6.428223E+02,-2.319583E-06,+4.562105E-06,-1.058181E+02,+2.041178E+00
+6.430664E+02,+8.463114E-06,+4.185058E-06,-1.004993E+02,+4.592425E-01
+6.433105E+02,-9.033432E-06,-5.848007E-06,-9.936284E+01,-2.567066E+00
+6.435547E+02,+2.785559E-06,+3.386512E-06,-1.071607E+02,+8.824587E-01
+6.437988E+02,+4.363413E-06,+3.292410E-07,-1.071788E+02,+7.531220E-02
+6.440430E+02,-3.712574E-06,-1.200876E-06,-1.081743E+02,-2.828753E+00
+6.442871E+02,+6.012596E-08,-4.201275E-06,-1.075315E+02,-1.556486E+00
+6.445312E+02,-2.012186E-06,+3.959212E-06,-1.070500E+02,+2.041005E+00
+6.447754E+02,+4.672363E-07,-4.528632E-07,-1.237325E+02,-7.697781E-01
+6.450195E+02,+5.133388E-06,+2.389310E-07,-1.057825E+02,+4.651093E-02
+6.452637E+02,-3.535453E-06,-2.101694E-06,-1.077169E+02,-2.605255E+00
+6.455078E+02,-5.929779E-06,+3.353194E-06,-1.033342E+02,+2.626940E+00
+6.457520E+02,+1.104478E-05,-2.013920E-06,-9.899481E+01,-1.803598E-01
+6.459961E+02,-7.751345E-06,+2.770522E-06,-1.016903E+02,+2.798319E+00
+6.462402E+02,+3.877165E-06,-3.417632E-06,-1.057328E+02,-7.224867E-01
+6.464844E+02,-2.525861E-06,-4.200241E-07,-1.118334E+02,-2.976811E+00
+6.467285E+02,+1.982765E-07,+2.511187E-06,-1.119754E+02,+1.492002E+00
+6.469727E+02,+5.582394E-06,+3.629474E-07,-1.050453E+02,+6.492507E-02
+6.472168E+02,-8.950930E-06,-3.667313E-06,-1.002887E+02,-2.752741E+00
+6.474609E+02,-5.055903E-07,+2.709844E-06,-1.111925E+02,+1.755251E+00
+6.477051E+02,+5.518119E-06,-1.629738E-06,-1.048010E+02,-2.871790E-01
+6.479492E+02,-7.373259E-07,-9.516478E-07,-1.183885E+02,-2.229974E+00
+6.481934E+02,+2.017285E-06,+4.103240E-06,-1.067973E+02,+1.113865E+00
+6.484375E+02,-3.862858E-06,-3.221742E-06,-1.059686E+02,-2.446443E+00
+6.486816E+02,+2.980297E-06,+2.263109E-06,-1.085375E+02,+6.494627E-01
+6.489258E+02,-5.133560E-06,+9.795832E-07,-1.056363E+02,+2.953040E+00
+6.491699E+02,+3.696120E-06,-1.195223E-06,-1.082132E+02,-3.127591E-01
+6.494141E+02,+3.092585E-06,+5.935059E-07,-1.100365E+02,+1.896072E-01
+6.496582E+02,-4.932280E-06,+2.827893E-08,-1.061389E+02,+3.135859E+00
+6.499023E+02,-7.035076E-07,-2.093126E-06,-1.131193E+02,-1.895038E+00
+6.501465E+02,+5.391622E-06,+1.497043E-06,-1.050431E+02,+2.708384E-01
+6.503906E+02,-2.210646E-06,+9.682990E-07,-1.123474E+02,+2.728749E+00
+6.506348E+02,-2.761946E-06,-2.558905E-06,-1.084844E+02,-2.394336E+00
+6.508789E+02,+3.069366E-06,+8.313613E-08,-1.102558E+02,+2.707915E-02
+6.511230E+02,-5.113794E-07,+2.132610E-06,-1.131790E+02,+1.806143E+00
+6.513672E+02,+1.234860E-06,-2.971124E-06,-1.098496E+02,-1.176897E+00
+6.516113E+02,-4.080372E-06,+4.011657E-06,-1.048488E+02,+2.364686E+00
+6.518555E+02,+8.760940E-07,-2.922644E-06,-1.103108E+02,-1.279559E+00
+6.520996E+02,+9.802177E-07,-2.058699E-06,-1.128407E+02,-1.126423E+00
+6.523438E+02,+2.184453E-06,+7.368631E-06,-1.022864E+02,+1.282597E+00
+6.525879E+02,-4.065676E-07,-8.040002E-06,-1.018838E+02,-1.621321E+00
+6.528320E+02,-5.116407E-07,+8.929010E-06,-1.009697E+02,+1.628035E+00
+6.530762E+02,-1.451370E-06,-1.037495E-05,-9.959611E+01,-1.709786E+00
+6.533203E+02,-1.376749E-06,+9.118539E-06,-1.007036E+02,+1.720648E+00
+6.535645E+02,+3.767829E-06,-9.921932E-06,-9.948302E+01,-1.207870E+00
+6.538086E+02,-3.745344E-06,+1.288907E-05,-9.744353E+01,+1.853591E+00
+6.540527E+02,+3.013954E-06,-1.099377E-05,-9.886234E+01,-1.303220E+00
+6.542969E+02,+5.972349E-07,+1.961762E-06,-1.137621E+02,+1.275273E+00
+6.545410E+02,-1.150445E-08,+6.289340E-06,-1.040279E+02,+1.572626E+00
+6.547852E+02,-3.377407E-06,-1.219225E-06,-1.088963E+02,-2.795157E+00
+6.550293E+02,-1.541754E-06,-9.781022E-06,-1.000857E+02,-1.727137E+00
+6.552734E+02,+3.583354E-06,+1.168928E-05,-9.825417E+01,+1.273341E+00
+6.555176E+02,+1.134483E-06,-3.523561E-06,-1.086320E+02,-1.259307E+00
+6.557617E+02,+1.621785E-06,-6.657420E-06,-1.032835E+02,-1.331845E+00
+6.560059E+02,-6.108280E-06,+3.127971E-06,-1.032702E+02,+2.668322E+00
+6.562500E+02,+1.444850E-06,+4.043398E-06,-1.073432E+02,+1.227601E+00
+6.564941E+02,-1.003954E-07,-1.159262E-06,-1.186839E+02,-1.657184E+00
+6.567383E+02,+2.754930E-06,+1.171794E-06,-1.104756E+02,+4.021625E-01
+6.569824E+02,-2.778148E-06,-4.001508E-06,-1.062470E+02,-2.177670E+00
+6.572266E+02,-4.644215E-07,+7.124342E-06,-1.029267E+02,+1.635892E+00
+6.574707E+02,+5.415436E-06,-8.763658E-06,-9.974167E+01,-1.017288E+00
+6.577148E+02,-1.191190E-06,+6.096378E-06,-1.041358E+02,+1.763758E+00
+6.579590E+02,+7.416579E-08,-1.699135E-06,-1.153872E+02,-1.527175E+00
+6.582031E+02,-6.438575E-06,-3.794850E-06,-1.025293E+02,-2.609009E+00
+6.584473E+02,+5.797321E-06,+4.996245E-06,-1.023231E+02,+7.113160E-01
+6.586914E+02,-5.206838E-06,+7.572363E-07,-1.055776E+02,+2.997174E+00
+6.589355E+02,+6.978174E-06,-1.787882E-06,-1.028490E+02,-2.508153E-01
+6.591797E+02,-4.903712E-06,+4.637719E-06,-1.034147E+02,+2.384065E+00
+6.594238E+02,+5.917984E-06,-7.873284E-06,-1.001318E+02,-9.262376E-01
+6.596680E+02,-9.178594E-06,+4.604958E-06,-9.976944E+01,+2.676581E+00
+6.599121E+02,+8.921471E-06,+4.806303E-07,-1.009787E+02,+5.382141E-02
+6.601562E+02,+4.031886E-07,-7.508728E-06,-1.024762E+02,-1.517152E+00
+6.604004E+02,-5.273810E-06,+7.113526E-07,-1.054792E+02,+3.007518E+00
+6.606445E+02,+8.355900E-07,+1.978414E-06,-1.133608E+02,+1.171170E+00
+6.608887E+02,+5.448989E-07,+6.978966E-06,-1.030978E+02,+1.492877E+00
+6.611328E+02,-6.538480E-07,-5.826794E-06,-1.046371E+02,-1.682543E+00
+6.613770E+02,-5.628176E-06,+8.937697E-07,-1.048845E+02,+2.984105E+00
+6.616211E+02,+1.055565E-05,+5.879669E-06,-9.835670E+01,+5.082141E-01
+6.618652E+02,-2.702692E-06,-5.900456E-06,-1.037551E+02,-2.000323E+00
+6.621094E+02,-3.801413E-06,-3.469425E-06,-1.057696E+02,-2.401823E+00
+6.623535E+02,+2.240952E-06,+1.218880E-05,-9.813641E+01,+1.388973E+00
+6.625977E+02,+2.541032E-06,-1.244871E-05,-9.792023E+01,-1.369442E+00
+6.628418E+02,-4.391694E-07,+9.628718E-06,-1.003196E+02,+1.616375E+00
+6.630859E+02,+2.011739E-06,-8.922312E-06,-1.007751E+02,-1.349032E+00
+6.633301E+02,-1.777910E-06,-9.546096E-07,-1.139017E+02,-2.648841E+00
+6.635742E+02,-3.530607E-06,-8.290418E-07,-1.088099E+02,-2.910955E+00
+6.638184E+02,-2.791718E-07,+7.290637E-06,-1.027383E+02,+1.609069E+00
+6.640625E+02,+2.871608E-06,-6.761914E-06,-1.026785E+02,-1.169202E+00
+6.643066E+02,-4.954185E-06,+2.473118E-06,-1.051342E+02,+2.678587E+00
+6.645508E+02,-2.580476E-07,+5.596941E-06,-1.050318E+02,+1.616869E+00
+6.647949E+02,+7.221924E-06,+2.444765E-07,-1.028220E+02,+3.383907E-02
+6.650391E+02,-5.848434E-06,-1.343460E-06,-1.044359E+02,-2.915797E+00
+6.652832E+02,+5.687683E-06,-8.577020E-06,-9.975043E+01,-9.852459E-01
+6.655273E+02,-3.906006E-06,+3.602315E-06,-1.054923E+02,+2.396620E+00
+6.657715E+02,+6.990936E-07,-5.145523E-07,-1.212292E+02,-6.344987E-01
+6.660156E+02,-2.844616E-06,+5.665788E-06,-1.039585E+02,+2.036098E+00
+6.662598E+02,+2.139369E-06,-4.420872E-06,-1.061760E+02,-1.120091E+00
+6.665039E+02,+6.729852E-06,+3.260486E-06,-1.025242E+02,+4.511556E-01
+6.667480E+02,-9.190539E-06,-2.552287E-06,-1.004105E+02,-2.870711E+00
+6.669922E+02,+7.180160E-06,-3.901889E-06,-1.017536E+02,-4.977824E-01
+6.672363E+02,-5.184401E-06,+4.684874E-06,-1.031135E+02,+2.406766E+00
+6.674805E+02,-9.110396E-06,-3.498777E-06,-1.002118E+02,-2.774918E+00
+6.677246E+02,+6.640985E-06,+1.975518E-05,-9.362141E+01,+1.246500E+00
+6.679688E+02,+1.138806E-05,-2.202162E-05,-9.211380E+01,-1.093538E+00
+6.682129E+02,-1.575143E-05,+1.575454E-06,-9.601037E+01,+3.041904E+00
+6.684570E+02,+1.118920E-05,+7.736673E-06,-9.732700E+01,+6.049585E-01
+6.687012E+02,-5.593417E-06,-5.279472E-06,-1.022798E+02,-2.385061E+00
+6.689453E+02,+7.217011E-06,+3.587051E-06,-1.018741E+02,+4.612666E-01
+6.691895E+02,-8.627435E-06,-2.425968E-06,-1.009519E+02,-2.867479E+00
+6.694336E+02,+1.982480E-06,-4.136105E-06,-1.067700E+02,-1.123837E+00
+6.696777E+02,+5.219952E-06,+1.144271E-05,-9.800838E+01,+1.142814E+00
+6.699219E+02,-3.183476E-06,-9.530031E-06,-9.995868E+01,-1.893189E+00
+6.701660E+02,-1.032947E-06,+7.103800E-06,-1.028793E+02,+1.715192E+00
+6.704102E+02,+1.094364E-07,-5.372831E-06,-1.053941E+02,-1.550431E+00
+6.706543E+02,-1.609201E-06,-1.116011E-06,-1.141623E+02,-2.535230E+00
+6.708984E+02,-1.282407E-06,+5.863879E-06,-1.044334E+02,+1.786103E+00
+6.711426E+02,+4.148998E-06,-2.638162E-06,-1.061665E+02,-5.663672E-01
+6.713867E+02,+4.048491E-06,-5.271736E-06,-1.035476E+02,-9.158986E-01
+6.716309E+02,-2.891040E-06,+5.084489E-06,-1.046584E+02,+2.087808E+00
+6.718750E+02,-3.837070E-06,-4.927086E-06,-1.040894E+02,-2.232458E+00
+6.721191E+02,+5.295934E-06,+7.787678E-06,-1.005210E+02,+9.735922E-01
+6.723633E+02,-9.815655E-06,-1.639875E-06,-1.000421E+02,-2.976054E+00
+6.726074E+02,+3.883524E-06,-4.143183E-06,-1.049150E+02,-8.177361E-01
+6.728516E+02,+1.999548E-06,+3.443926E-06,-1.079973E+02,+1.044763E+00
+6.730957E+02,+3.302367E-06,-1.627271E-06,-1.086794E+02,-4.578380E-01
+6.733398E+02,+3.761586E-06,+5.551913E-06,-1.034705E+02,+9.753109E-01
+6.735840E+02,-8.685750E-06,-1.055721E-05,-9.728398E+01,-2.259245E+00
+6.738281E+02,-3.113103E-06,+5.682316E-06,-1.037696E+02,+2.071994E+00
+6.740723E+02,+1.042199E-05,+2.011923E-06,-9.948209E+01,+1.907002E-01
+6.743164E+02,-1.067524E-05,-7.679913E-06,-9.762100E+01,-2.517956E+00
+6.745605E+02,+5.967270E-06,+8.728668E-06,-9.951566E+01,+9.711345E-01
+6.748047E+02,+1.877167E-06,-6.760109E-06,-1.030783E+02,-1.299937E+00
+6.750488E+02,-2.369609E-06,+5.726156E-06,-1.041562E+02,+1.963161E+00
+6.752930E+02,-2.162044E-06,-4.752175E-06,-1.056451E+02,-1.997766E+00
+6.755371E+02,+2.663354E-06,+5.267575E-06,-1.045791E+02,+1.102668E+00
+6.757812E+02,-3.108676E-07,+3.546180E-07,-1.265288E+02,+2.290547E+00
+6.760254E+02,+2.317466E-06,-7.277513E-06,-1.023409E+02,-1.262507E+00
+6.762695E+02,-4.187482E-06,+1.713337E-06,-1.068887E+02,+2.753217E+00
+6.765137E+02,+4.043216E-06,+7.167820E-06,-1.016925E+02,+1.057208E+00
+6.767578E+02,-2.553127E-06,-8.969004E-06,-1.006067E+02,-1.848122E+00
+6.770020E+02,-1.634011E-06,+2.813304E-06,-1.097532E+02,+2.096990E+00
+6.772461E+02,-1.582208E-06,+2.902845E-06,-1.096138E+02,+2.069834E+00
+6.774902E+02,+8.891509E-06,-2.869700E-06,-1.005901E+02,-3.121920E-01
+6.777344E+02,-8.491740E-06,+1.609289E-06,-1.012668E+02,+2.954302E+00
+6.779785E+02,+2.506463E-06,-3.589078E-06,-1.071752E+02,-9.611729E-01
+6.782227E+02,+1.503104E-06,+8.182496E-06,-1.015981E+02,+1.389124E+00
+6.784668E+02,-5.331324E-06,-2.075399E-06,-1.048505E+02,-2.770358E+00
+6.787109E+02,+7.979757E-06,-6.332089E-06,-9.983920E+01,-6.707766E-01
+6.789551E+02,-1.609184E-06,+2.656653E-06,-1.101560E+02,+2.115410E+00
+6.791992E+02,-7.148405E-06,+1.730815E-06,-1.026684E+02,+2.904038E+00
+6.794434E+02,+6.366453E-06,+1.598307E-07,-1.039193E+02,+2.509987E-02
+6.796875E+02,-1.410670E-06,-2.256959E-06,-1.114973E+02,-2.129418E+00
+6.799316E+02,-1.159459E-06,+5.825389E-07,-1.177374E+02,+2.676008E+00
+6.801758E+02,+6.178416E-07,+4.319035E-06,-1.072043E+02,+1.428710E+00
+6.804199E+02,+6.326771E-06,-5.505651E-06,-1.015280E+02,-7.161134E-01
+6.806641E+02,-7.650374E-06,+7.850593E-07,-1.022809E+02,+3.039334E+00
+6.809082E+02,+3.988474E-06,+4.208416E-06,-1.047342E+02,+8.122241E-01
+6.811523E+02,-6.595671E-06,-7.736109E-06,-9.985688E+01,-2.276788E+00
+6.813965E+02,+7.992027E-06,+4.486356E-06,-1.007572E+02,+5.115184E-01
+6.816406E+02,-4.807413E-06,-3.398497E-06,-1.046016E+02,-2.526232E+00
+6.818848E+02,-1.226096E-06,+6.619928E-06,-1.034364E+02,+1.753934E+00
+6.821289E+02,+7.717891E-06,-4.657273E-06,-1.009014E+02,-5.429440E-01
+6.823730E+02,-8.386428E-06,+4.036601E-06,-1.006235E+02,+2.692996E+00
+6.826172E+02,+3.127036E-06,-4.545768E-06,-1.051652E+02,-9.682372E-01
+6.828613E+02,-2.098892E-06,-1.551568E-06,-1.116668E+02,-2.505019E+00
+6.831055E+02,+4.166650E-06,+9.611931E-06,-9.959595E+01,+1.161759E+00
+6.833496E+02,-4.902113E-06,-6.129909E-06,-1.021037E+02,-2.245357E+00
+6.835938E+02,-1.645870E-06,+3.196722E-06,-1.088847E+02,+2.046263E+00
+6.838379E+02,+1.120060E-05,-7.704867E-06,-9.733254E+01,-6.025572E-01
+6.840820E+02,-1.036503E-05,+1.029132E-05,-9.670918E+01,+2.359763E+00
+6.843262E+02,+7.693828E-06,-1.114027E-05,-9.736836E+01,-9.663854E-01
+6.845703E+02,-7.055323E-06,+8.732341E-06,-9.899521E+01,+2.250368E+00
+6.848145E+02,+3.136081E-07,-4.258156E-06,-1.073921E+02,-1.497280E+00
+6.850586E+02,+8.971188E-06,+3.412655E-06,-1.003561E+02,+3.634980E-01
+6.853027E+02,-8.971716E-06,-4.199310E-06,-1.000822E+02,-2.703821E+00
+6.855469E+02,+3.289109E-06,-1.889853E-06,-1.084195E+02,-5.215178E-01
+6.857910E+02,-1.059412E-06,+1.040831E-05,-9.960763E+01,+1.672232E+00
+6.860352E+02,+4.773137E-06,-8.221143E-06,-1.004398E+02,-1.044769E+00
+6.862793E+02,-8.355448E-06,+2.038235E-06,-1.013096E+02,+2.902325E+00
+6.865234E+02,+8.657957E-06,+3.801711E-07,-1.012433E+02,+4.388183E-02
+6.867676E+02,-6.591522E-06,-3.126067E-06,-1.027392E+02,-2.698752E+00
+6.870117E+02,-1.426191E-07,+3.333385E-06,-1.095343E+02,+1.613555E+00
+6.872559E+02,+6.568742E-06,-5.657426E-06,-1.012404E+02,-7.109976E-01
+6.875000E+02,-5.321251E-06,+6.514809E-06,-1.015022E+02,+2.255693E+00
+6.877441E+02,-1.867879E-06,+1.957497E-06,-1.113544E+02,+2.332772E+00
+6.879883E+02,+2.687103E-06,-7.538893E-06,-1.019344E+02,-1.228403E+00
+6.882324E+02,-6.851130E-07,+6.521090E-06,-1.036659E+02,+1.675473E+00
+6.884766E+02,+1.041599E-06,-6.149525E-06,-1.041003E+02,-1.403010E+00
+6.887207E+02,+2.900487E-06,+2.746742E-06,-1.079704E+02,+7.581800E-01
+6.889648E+02,-3.072574E-06,+1.989588E-06,-1.087292E+02,+2.566955E+00
+6.892090E+02,-1.134962E-06,+1.197428E-07,-1.188523E+02,+3.036478E+00
+6.894531E+02,+1.333513E-07,-6.469790E-07,-1.236015E+02,-1.367529E+00
+6.896973E+02,+1.476107E-06,-5.526224E-06,-1.048521E+02,-1.309780E+00
+6.899414E+02,+8.870237E-08,+8.522615E-06,-1.013881E+02,+1.560389E+00
+6.901855E+02,-2.266029E-07,-6.399699E-06,-1.038714E+02,-1.606190E+00
+6.904297E+02,+2.199068E-06,+5.510960E-06,-1.045338E+02,+1.191122E+00
+6.906738E+02,-4.735216E-06,-5.186058E-07,-1.064414E+02,-3.032506E+00
+6.909180E+02,+4.749604E-07,-4.238687E-06,-1.074012E+02,-1.459208E+00
+6.911621E+02,+2.657059E-06,-2.784801E-06,-1.082930E+02,-8.088678E-01
+6.914062E+02,-4.242112E-06,+3.677473E-06,-1.050142E+02,+2.427371E+00
+6.916504E+02,+9.733678E-06,+5.021474E-06,-9.920964E+01,+4.762760E-01
+6.918945E+02,-1.056522E-05,-1.232484E-06,-9.946373E+01,-3.025463E+00
+6.921387E+02,+2.818485E-06,-8.872543E-06,-1.006215E+02,-1.263214E+00
+6.923828E+02,+4.871064E-06,+8.339644E-06,-1.003023E+02,+1.042161E+00
+6.926270E+02,-3.654671E-06,-1.974991E-06,-1.076303E+02,-2.646148E+00
+6.928711E+02,-1.389587E-06,-6.122873E-07,-1.163717E+02,-2.726562E+00
+6.931152E+02,+6.206314E-06,-5.132667E-06,-1.018801E+02,-6.909933E-01
+6.933594E+02,-8.598665E-06,+7.374336E-06,-9.891713E+01,+2.432695E+00
+6.936035E+02,+3.414755E-06,+3.529743E-06,-1.061763E+02,+8.019548E-01
+6.938477E+02,+1.517310E-06,-1.072416E-05,-9.930666E+01,-1.430244E+00
+6.940918E+02,+7.386370E-07,+5.806935E-06,-1.046514E+02,+1.444277E+00
+6.943359E+02,+1.447243E-06,+5.605399E-07,-1.161821E+02,+3.695240E-01
+6.945801E+02,-1.086555E-05,-4.447743E-06,-9.860617E+01,-2.753057E+00
+6.948242E+02,+1.290623E-05,+7.280490E-06,-9.658415E+01,+5.136091E-01
+6.950684E+02,-6.603691E-06,-9.947964E-07,-1.035068E+02,-2.992074E+00
+6.953125E+02,+2.795944E-06,-6.085408E-06,-1.034824E+02,-1.140111E+00
+6.955566E+02,+1.076146E-06,+3.088794E-06,-1.097067E+02,+1.235545E+00
+6.958008E+02,-4.029070E-06,-5.336583E-07,-1.078204E+02,-3.009907E+00
+6.960449E+02,+3.271199E-07,+1.492671E-06,-1.163170E+02,+1.355056E+00
+6.962891E+02,-1.107136E-06,-8.512120E-07,-1.170990E+02,-2.486142E+00
+6.965332E+02,+1.391855E-06,+5.619027E-07,-1.164724E+02,+3.836986E-01
+6.967773E+02,-7.995021E-07,-9.271219E-07,-1.182427E+02,-2.282416E+00
+6.970215E+02,+5.899158E-06,-9.662257E-07,-1.044692E+02,-1.623489E-01
+6.972656E+02,-6.712833E-06,-3.096905E-06,-1.026239E+02,-2.709348E+00
+6.975098E+02,+1.324632E-05,+5.327583E-06,-9.690694E+01,+3.823960E-01
+6.977539E+02,-1.504478E-05,+5.653817E-07,-9.644615E+01,+3.104030E+00
+6.979980E+02,-5.602762E-06,-1.837301E-06,-1.045884E+02,-2.824715E+00
+6.982422E+02,+1.741761E-05,+4.004897E-07,-9.517793E+01,+2.298932E-02
+6.984863E+02,-9.045215E-06,+5.369910E-07,-1.008563E+02,+3.082295E+00
+6.987305E+02,+4.289695E-06,-5.235234E-06,-1.033905E+02,-8.843439E-01
+6.989746E+02,-5.351475E-06,+9.847133E-06,-9.900995E+01,+2.068601E+00
+6.992188E+02,+2.351273E-06,-9.093137E-06,-1.005446E+02,-1.317762E+00
+6.994629E+02,-4.073725E-06,+2.079715E-06,-1.067943E+02,+2.669565E+00
+6.997070E+02,+8.855588E-06,-2.595539E-06,-1.006977E+02,-2.851110E-01
+6.999512E+02,-6.690689E-06,+1.211736E-05,-9.717614E+01,+2.075294E+00
+7.001953E+02,+7.186714E-06,-1.396320E-05,-9.607972E+01,-1.095466E+00
+7.004395E+02,-5.066931E-06,+6.624834E-06,-1.015763E+02,+2.223727E+00
+7.006836E+02,+4.295120E-07,+2.031381E-06,-1.136542E+02,+1.362427E+00
+7.009277E+02,+4.642139E-06,-1.945680E-06,-1.059628E+02,-3.968918E-01
+7.011719E+02,-9.416945E-06,-3.661388E-06,-9.991039E+01,-2.770771E+00
+7.014160E+02,+5.763521E-06,-1.333336E-06,-1.045598E+02,-2.273412E-01
+7.016602E+02,-4.785453E-06,+1.186275E-05,-9.786149E+01,+1.954232E+00
+7.019043E+02,+7.294878E-06,-9.462464E-06,-9.845413E+01,-9.140353E-01
+7.021484E+02,-8.059879E-06,+3.517160E-06,-1.011164E+02,+2.730124E+00
+7.023926E+02,+5.062091E-06,-4.862760E-06,-1.030741E+02,-7.653169E-01
+7.026367E+02,-5.877110E-07,+6.869861E-06,-1.032294E+02,+1.656138E+00
+7.028809E+02,+1.686096E-06,-5.685371E-06,-1.045387E+02,-1.282492E+00
+7.031250E+02,-3.535117E-06,+3.688105E-07,-1.089849E+02,+3.037641E+00
+7.033691E+02,+2.575516E-06,+4.703914E-06,-1.054121E+02,+1.069854E+00
+7.036133E+02,-3.056555E-06,-5.437586E-06,-1.040994E+02,-2.082894E+00
+7.038574E+02,+5.545459E-06,-3.607773E-06,-1.035884E+02,-5.767838E-01
+7.041016E+02,-3.344937E-06,+1.471039E-05,-9.642857E+01,+1.794381E+00
+7.043457E+02,-2.062206E-06,-1.301485E-05,-9.760352E+01,-1.727940E+00
+7.045898E+02,+2.160049E-06,+6.123424E-06,-1.037508E+02,+1.231672E+00
+7.048340E+02,-2.788691E-06,-9.902116E-07,-1.105763E+02,-2.800398E+00
+7.050781E+02,+3.361505E-06,-4.477785E-06,-1.050376E+02,-9.268429E-01
+7.053223E+02,-1.485636E-06,+3.111998E-06,-1.092476E+02,+2.016193E+00
+7.055664E+02,-1.015559E-06,+1.417132E-06,-1.151718E+02,+2.192596E+00
+7.058105E+02,-2.175042E-08,+1.565179E-06,-1.161079E+02,+1.584692E+00
+7.060547E+02,+5.127088E-06,-1.304755E-06,-1.055301E+02,-2.491931E-01
+7.062988E+02,-2.390654E-06,-6.181352E-06,-1.035730E+02,-1.939831E+00
+7.065430E+02,-1.848255E-06,+4.827121E-06,-1.057321E+02,+1.936466E+00
+7.067871E+02,-1.245702E-06,+3.904296E-06,-1.077481E+02,+1.879646E+00
+7.070312E+02,+4.491066E-06,-2.156216E-06,-1.060522E+02,-4.476112E-01
+7.072754E+02,-5.726337E-06,-3.805427E-06,-1.032539E+02,-2.555058E+00
+7.075195E+02,+9.051005E-06,-2.927113E-06,-1.004341E+02,-3.127858E-01
+7.077637E+02,-4.403657E-06,+6.957451E-06,-1.016878E+02,+2.135086E+00
+7.080078E+02,-9.415440E-06,+1.597641E-06,-1.003999E+02,+2.973511E+00
+7.082520E+02,+1.093246E-05,-1.519745E-06,-9.914252E+01,-1.381269E-01
+7.084961E+02,+2.423176E-08,-2.147924E-06,-1.133591E+02,-1.559515E+00
+7.087402E+02,-2.887181E-06,+1.098634E-06,-1.102032E+02,+2.777990E+00
+7.089844E+02,-2.610473E-06,-2.396540E-06,-1.090108E+02,-2.398895E+00
+7.092285E+02,+3.339075E-06,+3.896414E-06,-1.057952E+02,+8.622749E-01
+7.094727E+02,-2.824819E-06,-4.783282E-06,-1.051061E+02,-2.104246E+00
+7.097168E+02,+9.912114E-07,-1.131816E-06,-1.164522E+02,-8.515297E-01
+7.099609E+02,+1.745213E-06,+4.570853E-06,-1.062090E+02,+1.206066E+00
+7.102051E+02,-3.987322E-06,-7.994433E-07,-1.078152E+02,-2.943720E+00
+7.104492E+02,+6.825429E-06,+2.741616E-06,-1.026678E+02,+3.819510E-01
+7.106934E+02,-5.945458E-06,-5.326227E-06,-1.019574E+02,-2.411076E+00
+7.109375E+02,+1.527566E-06,+2.423877E-06,-1.108573E+02,+1.008455E+00
+7.111816E+02,+1.647437E-06,-3.402766E-07,-1.154824E+02,-2.036847E-01
+7.114258E+02,-1.409051E-06,+1.538625E-06,-1.136123E+02,+2.312265E+00
+7.116699E+02,+2.819838E-06,-3.001362E-06,-1.077058E+02,-8.165712E-01
+7.119141E+02,+2.525522E-07,+4.355090E-06,-1.072055E+02,+1.512871E+00
+7.121582E+02,-6.392689E-06,-3.255999E-06,-1.028846E+02,-2.670508E+00
+7.124023E+02,+3.053721E-06,+1.565358E-06,-1.092902E+02,+4.736821E-01
+7.126465E+02,+3.438547E-06,-1.150665E-06,-1.088115E+02,-3.229235E-01
+7.128906E+02,-3.505177E-06,-2.495137E-06,-1.073255E+02,-2.522962E+00
+7.131348E+02,-6.793515E-07,+5.320516E-06,-1.054107E+02,+1.697794E+00
+7.133789E+02,+9.127333E-06,-4.235531E-06,-9.994614E+01,-4.344756E-01
+7.136230E+02,-1.437187E-05,+1.821313E-06,-9.678054E+01,+3.015537E+00
+7.138672E+02,+8.767826E-06,-1.625683E-06,-1.009954E+02,-1.833326E-01
+7.141113E+02,-2.048665E-06,-2.675066E-07,-1.136972E+02,-3.011751E+00
+7.143555E+02,+1.943500E-07,+6.872632E-06,-1.032541E+02,+1.542525E+00
+7.145996E+02,-9.084737E-07,-1.295746E-06,-1.160132E+02,-2.182274E+00
+7.148438E+02,+1.467945E-06,-7.661441E-06,-1.021572E+02,-1.381489E+00
+7.150879E+02,-2.855932E-06,+6.158833E-06,-1.033642E+02,+2.004995E+00
+7.153320E+02,+8.865920E-06,-3.499129E-06,-1.004168E+02,-3.759047E-01
+7.155762E+02,-1.044398E-05,-7.944840E-07,-9.959762E+01,-3.065668E+00
+7.158203E+02,+2.558907E-06,+7.960827E-06,-1.015538E+02,+1.259790E+00
+7.160645E+02,+3.861725E-06,-9.151915E-06,-1.000581E+02,-1.171505E+00
+7.163086E+02,-1.655407E-06,+4.723314E-06,-1.060119E+02,+1.907895E+00
+7.165527E+02,-5.915132E-06,-7.982255E-06,-1.000566E+02,-2.208535E+00
+7.167969E+02,+9.538457E-06,+1.198746E-05,-9.629521E+01,+8.986809E-01
+7.170410E+02,-6.838991E-06,-5.313161E-06,-1.012493E+02,-2.481101E+00
+7.172852E+02,-8.527816E-07,-3.584441E-06,-1.086725E+02,-1.804366E+00
+7.175293E+02,+8.347231E-06,+4.183691E-06,-1.005959E+02,+4.646128E-01
+7.177734E+02,-6.438107E-06,+1.945177E-06,-1.034454E+02,+2.848178E+00
+7.180176E+02,+4.313380E-06,+1.076131E-06,-1.070414E+02,+2.444956E-01
+7.182617E+02,-5.254064E-06,-8.487917E-06,-1.000152E+02,-2.125073E+00
+7.185059E+02,-1.609271E-06,+4.735931E-06,-1.060173E+02,+1.898356E+00
+7.187500E+02,+4.484872E-06,+4.158228E-06,-1.042707E+02,+7.476237E-01
+7.189941E+02,-2.328667E-06,-7.397641E-06,-1.022078E+02,-1.875762E+00
+7.192383E+02,+2.106439E-06,+6.799573E-06,-1.029524E+02,+1.270382E+00
+7.194824E+02,+5.781335E-07,-8.487216E-06,-1.014046E+02,-1.502783E+00
+7.197266E+02,+2.657679E-06,+7.421164E-06,-1.020665E+02,+1.226905E+00
+7.199707E+02,-5.472727E-06,-3.052160E-06,-1.040598E+02,-2.632854E+00
+7.202148E+02,+1.026834E-06,+2.469902E-06,-1.114540E+02,+1.176796E+00
+7.204590E+02,+2.865070E-06,-4.764551E-06,-1.050991E+02,-1.029399E+00
+7.207031E+02,-3.003273E-06,+2.398552E-06,-1.083054E+02,+2.467678E+00
+7.209473E+02,+1.356423E-06,+1.817876E-06,-1.128865E+02,+9.297587E-01
+7.211914E+02,-6.112175E-06,-8.112144E-07,-1.042002E+02,-3.009643E+00
+7.214355E+02,+1.324294E-05,-8.831258E-07,-9.754104E+01,-6.658792E-02
+7.216797E+02,-1.097441E-05,-1.400623E-06,-9.912220E+01,-3.014653E+00
+7.219238E+02,+4.737828E-06,+3.509554E-06,-1.045887E+02,+6.375558E-01
+7.221680E+02,-4.490717E-07,+2.351308E-07,-1.259015E+02,+2.659249E+00
+7.224121E+02,-1.680251E-06,-2.960123E-06,-1.093608E+02,-2.087073E+00
+7.226562E+02,+7.643198E-07,+3.122620E-06,-1.098569E+02,+1.330747E+00
+7.229004E+02,-7.690010E-07,-3.663537E-06,-1.085347E+02,-1.777699E+00
+7.231445E+02,+2.351799E-08,+4.255681E-07,-1.274074E+02,+1.515590E+00
+7.233887E+02,+3.956250E-06,+8.593359E-07,-1.078541E+02,+2.138873E-01
+7.236328E+02,-1.944091E-06,+1.169081E-06,-1.128851E+02,+2.600181E+00
+7.238770E+02,-2.279016E-06,-6.166960E-06,-1.036426E+02,-1.924783E+00
+7.241211E+02,+3.144181E-07,+5.124249E-06,-1.057911E+02,+1.509514E+00
+7.243652E+02,+2.998599E-06,+5.651689E-06,-1.038792E+02,+1.082995E+00
+7.246094E+02,-4.564317E-06,-4.293375E-06,-1.040598E+02,-2.386773E+00
+7.248535E+02,+5.728240E-06,-1.017606E-05,-9.865297E+01,-1.058093E+00
+7.250977E+02,-1.009537E-06,+1.555044E-05,-9.614688E+01,+1.635625E+00
+7.253418E+02,-7.175149E-06,-4.377220E-06,-1.015093E+02,-2.593814E+00
+7.255859E+02,+5.821814E-06,-5.151206E-06,-1.021876E+02,-7.243598E-01
+7.258301E+02,-9.490152E-06,+2.128852E-06,-1.002413E+02,+2.920923E+00
+7.260742E+02,+1.649741E-05,+2.411383E-06,-9.555988E+01,+1.451395E-01
+7.263184E+02,-1.047550E-05,-3.650714E-06,-9.909870E+01,-2.806255E+00
+7.265625E+02,+2.320570E-06,+7.894972E-06,-1.016931E+02,+1.284918E+00
+7.268066E+02,+1.162388E-07,-1.271376E-05,-9.791415E+01,-1.561654E+00
+7.270508E+02,-2.774271E-06,+5.273495E-06,-1.044969E+02,+2.055088E+00
+7.272949E+02,+8.267229E-06,+3.880501E-06,-1.007881E+02,+4.388558E-01
+7.275391E+02,-5.776975E-06,+9.585810E-07,-1.046480E+02,+2.977160E+00
+7.277832E+02,+1.157233E-06,-9.188281E-06,-1.006670E+02,-1.445509E+00
+7.280273E+02,-4.362834E-06,+9.612196E-06,-9.953003E+01,+1.996877E+00
+7.282715E+02,+7.025032E-06,-5.509535E-06,-1.009851E+02,-6.650769E-01
+7.285156E+02,-2.775615E-06,+1.840455E-07,-1.111138E+02,+3.075382E+00
+7.287598E+02,+3.623766E-06,+5.412482E-06,-1.037236E+02,+9.808208E-01
+7.290039E+02,-9.370726E-06,-6.099641E-06,-9.903034E+01,-2.564567E+00
+7.292480E+02,+4.158482E-06,+2.137628E-06,-1.066030E+02,+4.748168E-01
+7.294922E+02,+3.138951E-06,-2.478040E-06,-1.079605E+02,-6.682739E-01
+7.297363E+02,-4.935601E-06,+5.077144E-06,-1.029984E+02,+2.342059E+00
+7.299805E+02,+2.768820E-06,-4.859888E-06,-1.050467E+02,-1.052932E+00
+7.302246E+02,+2.613207E-06,+1.798898E-06,-1.099719E+02,+6.028897E-01
+7.304688E+02,-1.030808E-05,+2.527530E-06,-9.948289E+01,+2.901138E+00
+7.307129E+02,+1.405435E-05,-6.532153E-06,-9.619438E+01,-4.350752E-01
+7.309570E+02,-9.632055E-06,+8.447017E-06,-9.784816E+01,+2.421649E+00
+7.312012E+02,+3.097685E-07,-5.264567E-06,-1.055577E+02,-1.512024E+00
+7.314453E+02,+7.134978E-06,+1.922070E-06,-1.026279E+02,+2.631403E-01
+7.316895E+02,-4.015343E-06,+3.893686E-07,-1.078849E+02,+3.044925E+00
+7.319336E+02,+1.512768E-06,-2.757118E-06,-1.100480E+02,-1.068969E+00
+7.321777E+02,-1.448836E-06,+5.486354E-06,-1.049216E+02,+1.828982E+00
+7.324219E+02,-1.156067E-06,-9.244512E-06,-1.006149E+02,-1.695205E+00
+7.326660E+02,+4.399663E-07,+7.860224E-06,-1.020777E+02,+1.514881E+00
+7.329102E+02,+5.637913E-06,-1.194069E-07,-1.049757E+02,-2.117611E-02
+7.331543E+02,-8.081649E-06,-3.389383E-06,-1.011463E+02,-2.744481E+00
+7.333984E+02,-2.389453E-06,+3.444570E-06,-1.075512E+02,+2.177273E+00
+7.336426E+02,+7.347715E-06,-7.433287E-06,-9.961608E+01,-7.911874E-01
+7.338867E+02,-1.636384E-06,+7.156101E-06,-1.026851E+02,+1.795601E+00
+7.341309E+02,-1.821490E-07,+1.907565E-06,-1.143510E+02,+1.665995E+00
+7.343750E+02,-2.179870E-06,-1.007724E-05,-9.973457E+01,-1.783830E+00
+7.346191E+02,+8.502101E-06,+6.461524E-06,-9.942954E+01,+6.498650E-01
+7.348633E+02,-1.582840E-05,+8.795932E-07,-9.599786E+01,+3.086079E+00
+7.351074E+02,+1.438406E-05,-2.744040E-06,-9.668713E+01,-1.885045E-01
+7.353516E+02,-8.781833E-06,+2.307844E-07,-1.011253E+02,+3.115319E+00
+7.355957E+02,+8.142422E-06,+9.908379E-07,-1.017211E+02,+1.210930E-01
+7.358398E+02,-7.228078E-06,+1.003202E-06,-1.027367E+02,+3.003681E+00
+7.360840E+02,+3.927527E-06,+3.995460E-07,-1.080729E+02,+1.013809E-01
+7.363281E+02,-1.927883E-06,+2.394341E-06,-1.102459E+02,+2.248690E+00
+7.365723E+02,-9.000120E-07,-9.899437E-06,-1.000520E+02,-1.661463E+00
+7.368164E+02,-4.536180E-07,+9.799959E-06,-1.001662E+02,+1.617051E+00
+7.370605E+02,+2.124212E-06,-7.796629E-06,-1.018509E+02,-1.304800E+00
+7.373047E+02,-1.837905E-06,+4.561571E-06,-1.061644E+02,+1.953809E+00
+7.375488E+02,+3.620819E-06,+2.599894E-06,-1.070181E+02,+6.227311E-01
+7.377930E+02,-2.040417E-07,-1.004456E-06,-1.197858E+02,-1.771206E+00
+7.380371E+02,-6.566492E-06,-7.507665E-07,-1.035969E+02,-3.027754E+00
+7.382812E+02,+6.768912E-06,-3.219670E-06,-1.025038E+02,-4.439830E-01
+7.385254E+02,-1.085346E-06,+2.947778E-06,-1.100580E+02,+1.923584E+00
+7.387695E+02,-4.460439E-07,+7.264364E-07,-1.213867E+02,+2.121458E+00
+7.390137E+02,-2.135067E-06,-3.915622E-06,-1.070135E+02,-2.070000E+00
+7.392578E+02,-2.845665E-06,+6.999830E-06,-1.024340E+02,+1.956922E+00
+7.395020E+02,+9.404969E-06,-3.246154E-06,-1.000440E+02,-3.323504E-01
+7.397461E+02,-6.934827E-06,-9.218524E-06,-9.875909E+01,-2.215749E+00
+7.399902E+02,+8.056381E-06,+9.707915E-06,-9.798196E+01,+8.781009E-01
+7.402344E+02,-1.167968E-05,-7.895023E-07,-9.863158E+01,-3.074099E+00
+7.404785E+02,+2.855055E-06,-2.765385E-06,-1.080138E+02,-7.694452E-01
+7.407227E+02,+1.326648E-05,+6.679853E-06,-9.656355E+01,+4.664545E-01
+7.409668E+02,-1.999829E-05,-8.704167E-06,-9.322672E+01,-2.731076E+00
+7.412109E+02,+1.368982E-05,+7.209710E-06,-9.620892E+01,+4.847376E-01
+7.414551E+02,-5.116015E-06,-6.105668E-06,-1.019755E+02,-2.268231E+00
+7.416992E+02,-2.457884E-06,+2.478353E-06,-1.091423E+02,+2.352048E+00
+7.419434E+02,+7.907782E-06,+2.970742E-06,-1.014655E+02,+3.593608E-01
+7.421875E+02,-6.728581E-06,-4.225133E-06,-1.019979E+02,-2.580883E+00
+7.424316E+02,+3.875359E-07,+1.317955E-06,-1.172418E+02,+1.284813E+00
+7.426758E+02,+4.525760E-06,+1.257851E-06,-1.065630E+02,+2.710896E-01
+7.429199E+02,-6.593212E-07,-2.960103E-07,-1.228206E+02,-2.719602E+00
+7.431641E+02,-9.103654E-06,-2.933682E-06,-1.003866E+02,-2.829847E+00
+7.434082E+02,+1.578265E-05,+4.351287E-06,-9.571824E+01,+2.690175E-01
+7.436523E+02,-7.034891E-06,+1.996059E-06,-1.027186E+02,+2.865122E+00
+7.438965E+02,-4.695986E-06,-9.787970E-06,-9.928646E+01,-2.018130E+00
+7.441406E+02,-2.157284E-06,+4.980874E-06,-1.053072E+02,+1.979519E+00
+7.443848E+02,+4.941663E-06,+3.009638E-06,-1.047524E+02,+5.470353E-01
+7.446289E+02,+2.647341E-06,-4.003795E-06,-1.063754E+02,-9.865825E-01
+7.448730E+02,-3.931286E-06,+4.655081E-06,-1.043034E+02,+2.272098E+00
+7.451172E+02,+1.242026E-06,-6.845117E-06,-1.031517E+02,-1.391302E+00
+7.453613E+02,+2.734985E-06,+5.338340E-06,-1.044396E+02,+1.097334E+00
+7.456055E+02,-6.813399E-06,-5.807721E-08,-1.033324E+02,-3.133069E+00
+7.458496E+02,+8.693456E-06,-1.265017E-07,-1.012152E+02,-1.455034E-02
+7.460938E+02,-1.571823E-06,-2.979726E-06,-1.094503E+02,-2.056206E+00
+7.463379E+02,-8.138196E-06,+4.017879E-06,-1.008421E+02,+2.682993E+00
+7.465820E+02,+6.474475E-06,-3.156805E-06,-1.028496E+02,-4.536600E-01
+7.468262E+02,-2.737196E-06,-1.547044E-06,-1.100500E+02,-2.627160E+00
+7.470703E+02,+4.959289E-06,+5.855643E-06,-1.023001E+02,+8.680903E-01
+7.473145E+02,-7.764535E-06,-5.116388E-06,-1.006316E+02,-2.558956E+00
+7.475586E+02,+8.327354E-06,+2.052921E-06,-1.013336E+02,+2.417077E-01
+7.478027E+02,-9.055772E-06,-1.892674E-06,-1.006758E+02,-2.935556E+00
+7.480469E+02,+1.233512E-05,+7.150311E-06,-9.691901E+01,+5.253376E-01
+7.482910E+02,-8.139493E-06,-9.872090E-06,-9.785926E+01,-2.260296E+00
+7.485352E+02,-1.396705E-06,+3.029622E-06,-1.095353E+02,+2.002773E+00
+7.487793E+02,+6.164544E-06,+4.958466E-06,-1.020351E+02,+6.773892E-01
+7.490234E+02,-5.688159E-06,-1.040579E-05,-9.851904E+01,-2.071052E+00
+7.492676E+02,+2.975813E-07,+1.168397E-05,-9.864539E+01,+1.545333E+00
+7.495117E+02,+3.355715E-06,-2.007568E-06,-1.081556E+02,-5.391342E-01
+7.497559E+02,+1.619674E-06,-7.076404E-06,-1.027820E+02,-1.345788E+00
+7.500000E+02,-1.059765E-05,+8.082666E-06,-9.750459E+01,+2.490023E+00
+7.502441E+02,+9.681587E-06,-4.774497E-06,-9.933566E+01,-4.581544E-01
+7.504883E+02,+4.547170E-07,-1.290905E-07,-1.265086E+02,-2.766141E-01
+7.507324E+02,-1.542767E-06,+3.749677E-06,-1.078409E+02,+1.961126E+00
+7.509766E+02,-6.904770E-06,-5.923538E-06,-1.008216E+02,-2.432535E+00
+7.512207E+02,+9.463452E-06,+1.206949E-06,-1.004089E+02,+1.268530E-01
+7.514648E+02,-8.662548E-06,+6.279039E-06,-9.941323E+01,+2.514384E+00
+7.517090E+02,+8.400083E-06,-5.938463E-06,-9.975404E+01,-6.153771E-01
+7.519531E+02,-3.705096E-06,+1.051308E-06,-1.082877E+02,+2.865113E+00
+7.521973E+02,-3.500130E-06,+4.664437E-06,-1.046842E+02,+2.214545E+00
+7.524414E+02,+9.236762E-06,-5.364435E-06,-9.942734E+01,-5.261598E-01
+7.526855E+02,-5.472695E-06,-8.184416E-06,-1.001352E+02,-2.160186E+00
+7.529297E+02,+4.135862E-07,+1.358796E-05,-9.733289E+01,+1.540368E+00
+7.531738E+02,-2.396518E-07,-2.616303E-06,-1.116100E+02,-1.662141E+00
+7.534180E+02,+2.288793E-06,-2.137979E-06,-1.100835E+02,-7.513428E-01
+7.536621E+02,-3.448169E-06,+4.271256E-06,-1.052095E+02,+2.249970E+00
+7.539062E+02,-2.374689E-06,-5.212770E-06,-1.048397E+02,-1.998258E+00
+7.541504E+02,+6.884476E-06,+3.785510E-06,-1.020953E+02,+5.027371E-01
+7.543945E+02,-7.610735E-06,-7.028375E-06,-9.969314E+01,-2.395955E+00
+7.546387E+02,+1.008219E-05,+8.743249E-06,-9.749348E+01,+7.143939E-01
+7.548828E+02,-9.092377E-06,-9.863718E-07,-1.007756E+02,-3.033532E+00
+7.551270E+02,+3.530904E-06,-6.023909E-06,-1.031198E+02,-1.040624E+00
+7.553711E+02,-3.053969E-06,-8.404550E-08,-1.102994E+02,-3.114079E+00
+7.556152E+02,+7.392132E-06,+5.546813E-06,-1.006849E+02,+6.437361E-01
+7.558594E+02,-5.471062E-06,-5.741666E-06,-1.020135E+02,-2.332066E+00
+7.561035E+02,+6.990684E-07,+3.334281E-06,-1.093531E+02,+1.364129E+00
+7.563477E+02,-2.864834E-06,-3.237322E-06,-1.072845E+02,-2.295228E+00
+7.565918E+02,+6.634323E-06,+7.435984E-06,-1.000302E+02,+8.423120E-01
+7.568359E+02,-7.785015E-06,-3.675043E-06,-1.013011E+02,-2.700541E+00
+7.570801E+02,+3.264570E-06,-5.274494E-06,-1.041479E+02,-1.016570E+00
+7.573242E+02,+4.244277E-06,+5.332261E-06,-1.033304E+02,+8.985226E-01
+7.575684E+02,-7.152572E-06,-8.584897E-07,-1.028486E+02,-3.022139E+00
+7.578125E+02,+6.486468E-06,+1.025116E-06,-1.036527E+02,+1.567428E-01
+7.580566E+02,+1.096897E-06,+1.784608E-06,-1.135773E+02,+1.019679E+00
+7.583008E+02,-3.740711E-06,-1.376672E-06,-1.079893E+02,-2.788952E+00
+7.585449E+02,-1.657868E-06,-5.629307E-06,-1.046297E+02,-1.857206E+00
+7.587891E+02,-2.499903E-06,+4.655442E-06,-1.055404E+02,+2.063592E+00
+7.590332E+02,+5.801824E-06,-1.915294E-06,-1.042795E+02,-3.188551E-01
+7.592773E+02,-3.733078E-06,+1.430747E-06,-1.079634E+02,+2.775598E+00
+7.595215E+02,+7.957656E-06,+2.639329E-06,-1.015310E+02,+3.202543E-01
+7.597656E+02,-9.535799E-06,-2.876749E-07,-1.004089E+02,-3.111434E+00
+7.600098E+02,+2.200332E-06,-3.334583E-06,-1.079694E+02,-9.875263E-01
+7.602539E+02,+4.760209E-07,-2.159741E-06,-1.131060E+02,-1.353858E+00
+7.604980E+02,-2.520420E-06,+5.098426E-06,-1.049017E+02,+2.029916E+00
+7.607422E+02,+7.684514E-06,+6.347524E-07,-1.022581E+02,+8.241441E-02
+7.609863E+02,-4.190132E-06,-1.103998E-05,-9.855618E+01,-1.933543E+00
+7.612305E+02,+2.381173E-06,+1.667372E-05,-9.547166E+01,+1.428946E+00
+7.614746E+02,-9.598648E-06,-8.680595E-06,-9.776019E+01,-2.406376E+00
+7.617188E+02,+1.015791E-05,-2.834573E-06,-9.953826E+01,-2.721283E-01
+7.619629E+02,-4.959478E-06,+4.639804E-07,-1.060534E+02,+3.048310E+00
+7.622070E+02,+7.926375E-06,+4.000282E-06,-1.010331E+02,+4.673845E-01
+7.624512E+02,-9.815035E-06,+1.083622E-06,-1.001096E+02,+3.031634E+00
+7.626953E+02,+1.848885E-06,-8.569238E-06,-1.011436E+02,-1.358295E+00
+7.629395E+02,+6.956277E-06,+1.079555E-05,-9.782690E+01,+9.983926E-01
+7.631836E+02,-1.303700E-05,-4.666659E-06,-9.717285E+01,-2.797849E+00
+7.634277E+02,+8.567594E-06,+2.201216E-06,-1.010652E+02,+2.514842E-01
+7.636719E+02,-2.908228E-06,-6.697689E-06,-1.027314E+02,-1.980445E+00
+7.639160E+02,+7.008323E-06,+6.579315E-06,-1.003431E+02,+7.538353E-01
+7.641602E+02,-5.427021E-06,-2.195184E-06,-1.046507E+02,-2.757220E+00
+7.644043E+02,+2.123457E-06,-2.822243E-06,-1.090399E+02,-9.257608E-01
+7.646484E+02,-2.038595E-06,+1.078076E-05,-9.919443E+01,+1.757685E+00
+7.648926E+02,+8.666046E-07,-8.621322E-06,-1.012449E+02,-1.470614E+00
+7.651367E+02,-4.016782E-06,+1.302034E-06,-1.074885E+02,+2.828131E+00
+7.653809E+02,+3.930542E-06,-1.030170E-06,-1.078224E+02,-2.563282E-01
+7.656250E+02,+1.465043E-06,-1.561408E-06,-1.133872E+02,-8.172283E-01
+7.658691E+02,-3.999316E-07,+2.925542E-06,-1.105955E+02,+1.706658E+00
+7.661133E+02,+5.979278E-07,+1.065793E-06,-1.182581E+02,+1.059534E+00
+7.663574E+02,-4.135718E-06,-6.620022E-06,-1.021518E+02,-2.129200E+00
+7.666016E+02,+1.300994E-06,+3.381992E-06,-1.088172E+02,+1.203564E+00
+7.668457E+02,-2.097680E-06,+3.098462E-06,-1.085385E+02,+2.165923E+00
+7.670898E+02,+4.463304E-06,+3.290848E-06,-1.051214E+02,+6.353313E-01
+7.673340E+02,-3.189542E-06,-1.324375E-05,-9.731492E+01,-1.807130E+00
+7.675781E+02,+3.213424E-06,+1.102559E-05,-9.879790E+01,+1.287200E+00
+7.678223E+02,-4.561782E-06,+4.679978E-06,-1.036945E+02,+2.343406E+00
+7.680664E+02,+4.600052E-06,-8.429342E-06,-1.003520E+02,-1.071246E+00
+7.683105E+02,-5.530058E-07,-1.317549E-07,-1.249056E+02,-2.907701E+00
+7.685547E+02,-8.353854E-06,-1.993281E-06,-1.013218E+02,-2.907366E+00
+7.687988E+02,+1.301881E-05,+6.814299E-06,-9.665699E+01,+4.822073E-01
+7.690430E+02,-9.890276E-06,-5.769396E-06,-9.882386E+01,-2.613513E+00
+7.692871E+02,+8.590899E-06,-2.201174E-07,-1.013164E+02,-2.561656E-02
+7.695312E+02,-7.301692E-06,+5.805538E-06,-1.006039E+02,+2.469850E+00
+7.697754E+02,+7.721038E-06,-4.529359E-07,-1.022316E+02,-5.859541E-02
+7.700195E+02,-7.344406E-06,-2.935242E-06,-1.020373E+02,-2.761382E+00
+7.702637E+02,+6.127931E-06,-4.835603E-06,-1.021514E+02,-6.680645E-01
+7.705078E+02,-9.421427E-06,+5.427712E-06,-9.927296E+01,+2.618930E+00
+7.707520E+02,+4.667764E-06,+3.308351E-06,-1.048501E+02,+6.165848E-01
+7.709961E+02,+6.379997E-06,-3.911118E-06,-1.025180E+02,-5.499440E-01
+7.712402E+02,-7.803182E-06,+1.466287E-07,-1.021530E+02,+3.122804E+00
+7.714844E+02,+2.061028E-06,+9.607003E-08,-1.137089E+02,+4.657897E-02
+7.717285E+02,+2.095901E-06,-2.307156E-06,-1.101252E+02,-8.333404E-01
+7.719727E+02,-6.729943E-06,+2.738036E-07,-1.034326E+02,+3.100931E+00
+7.722168E+02,+1.243684E-05,+1.564353E-06,-9.803763E+01,+1.251267E-01
+7.724609E+02,-1.114390E-05,+1.809710E-07,-9.905811E+01,+3.125355E+00
+7.727051E+02,+5.224290E-06,+1.135345E-06,-1.054390E+02,+2.139930E-01
+7.729492E+02,-6.750862E-06,-1.155664E-06,-1.032874E+02,-2.972049E+00
+7.731934E+02,+7.193552E-06,+1.065322E-06,-1.027669E+02,+1.470254E-01
+7.734375E+02,+3.332303E-06,-9.654785E-07,-1.091950E+02,-2.820112E-01
+7.736816E+02,-1.291237E-05,+1.740449E-06,-9.770168E+01,+3.007611E+00
+7.739258E+02,+1.094420E-05,+5.860892E-10,-9.921632E+01,+5.355250E-05
+7.741699E+02,-5.751307E-06,-3.111302E-06,-1.036898E+02,-2.645706E+00
+7.744141E+02,+5.633106E-06,+5.713931E-07,-1.049406E+02,+1.010890E-01
+7.746582E+02,-2.019822E-06,-2.212063E-06,-1.104707E+02,-2.310799E+00
+7.749023E+02,-1.586141E-06,+1.207632E-05,-9.828703E+01,+1.701392E+00
+7.751465E+02,-1.351290E-06,-1.357761E-05,-9.730073E+01,-1.669993E+00
+7.753906E+02,-3.198641E-07,+4.588991E-06,-1.067446E+02,+1.640386E+00
+7.756348E+02,+6.314502E-06,-1.994459E-06,-1.035802E+02,-3.059373E-01
+7.758789E+02,-5.866252E-06,+4.700928E-06,-1.024786E+02,+2.466028E+00
+7.761230E+02,+3.003296E-06,-3.532872E-06,-1.066754E+02,-8.662440E-01
+7.763672E+02,-2.391396E-06,+2.636335E-06,-1.089726E+02,+2.307516E+00
+7.766113E+02,+3.233981E-06,-3.309778E-06,-1.066932E+02,-7.969808E-01
+7.768555E+02,-4.501856E-06,+3.956961E-06,-1.044461E+02,+2.420523E+00
+7.770996E+02,-7.715154E-07,-4.219832E-06,-1.073513E+02,-1.751630E+00
+7.773438E+02,+9.547199E-06,+7.144025E-07,-1.003782E+02,+7.468931E-02
+7.775879E+02,-8.231656E-06,-7.522529E-07,-1.016541E+02,-3.050460E+00
+7.778320E+02,-1.254357E-06,+6.472524E-06,-1.036184E+02,+1.762221E+00
+7.780762E+02,+3.947890E-08,-8.614353E-06,-1.012955E+02,-1.566213E+00
+7.783203E+02,+7.323044E-06,+6.631256E-06,-1.001055E+02,+7.358634E-01
+7.785645E+02,-5.575675E-06,-3.651059E-06,-1.035244E+02,-2.561837E+00
+7.788086E+02,+1.505318E-06,+2.144223E-06,-1.116344E+02,+9.587065E-01
+7.790527E+02,+1.584580E-06,+3.553124E-06,-1.082000E+02,+1.151300E+00
+7.792969E+02,-4.817814E-06,-6.965799E-06,-1.014428E+02,-2.175889E+00
+7.795410E+02,+6.547457E-06,-5.575627E-07,-1.036472E+02,-8.495218E-02
+7.797852E+02,-3.678407E-06,+5.382617E-06,-1.037158E+02,+2.170285E+00
+7.800293E+02,-3.049495E-06,-1.549715E-06,-1.093178E+02,-2.671417E+00
+7.802734E+02,+3.267210E-06,-1.001988E-06,-1.093261E+02,-2.975741E-01
+7.805176E+02,+3.291342E-06,+5.104048E-07,-1.095493E+02,+1.538495E-01
+7.807617E+02,-1.705857E-06,+4.324415E-07,-1.150907E+02,+2.893319E+00
+7.810059E+02,-8.912652E-06,-3.311047E-06,-1.004384E+02,-2.785894E+00
+7.812500E+02,+1.029381E-05,+2.829619E-06,-9.943213E+01,+2.682598E-01
+7.814941E+02,-5.761578E-07,+6.695206E-06,-1.034527E+02,+1.656640E+00
+7.817383E+02,-8.599984E-06,-1.311945E-05,-9.608924E+01,-2.151038E+00
+7.819824E+02,+1.334361E-05,+7.799597E-06,-9.621810E+01,+5.289590E-01
+7.822266E+02,-6.455763E-06,-4.815507E-06,-1.018798E+02,-2.500705E+00
+7.824707E+02,-2.309309E-06,+6.608650E-06,-1.030974E+02,+1.906970E+00
+7.827148E+02,+5.538973E-06,-3.188226E-06,-1.038886E+02,-5.222842E-01
+7.829590E+02,-4.721230E-06,+4.500605E-06,-1.037115E+02,+2.380114E+00
+7.832031E+02,-7.908044E-07,-1.049435E-05,-9.955630E+01,-1.646009E+00
+7.834473E+02,+2.867794E-06,+1.104222E-05,-9.885540E+01,+1.316698E+00
+7.836914E+02,-3.190219E-06,-7.742080E-06,-1.015417E+02,-1.961658E+00
+7.839355E+02,+4.061117E-06,+4.690537E-06,-1.041461E+02,+8.571947E-01
+7.841797E+02,-1.342459E-06,-1.101444E-06,-1.152066E+02,-2.454495E+00
+7.844238E+02,-1.570054E-06,-3.584762E-06,-1.081487E+02,-1.983610E+00
+7.846680E+02,+1.765353E-06,+1.489869E-06,-1.127277E+02,+7.009712E-01
+7.849121E+02,+2.998928E-06,+5.850413E-07,-1.102985E+02,+1.926637E-01
+7.851562E+02,-8.269955E-06,+1.505258E-08,-1.016499E+02,+3.139772E+00
+7.854004E+02,+8.499398E-06,+5.605565E-07,-1.013934E+02,+6.585712E-02
+7.856445E+02,-8.409752E-06,-2.791993E-06,-1.010502E+02,-2.821047E+00
+7.858887E+02,+7.357817E-06,+6.586441E-06,-1.001091E+02,+7.301360E-01
+7.861328E+02,-3.546780E-07,-2.760764E-06,-1.111083E+02,-1.698567E+00
+7.863770E+02,-3.221478E-06,-1.139207E-07,-1.098335E+02,-3.106245E+00
+7.866211E+02,+1.576994E-06,-3.644293E-06,-1.080223E+02,-1.162397E+00
+7.868652E+02,-1.910514E-06,+2.471511E-06,-1.101062E+02,+2.228865E+00
+7.871094E+02,+5.407606E-06,-1.607634E-06,-1.049721E+02,-2.889698E-01
+7.873535E+02,-7.158790E-06,+5.367328E-06,-1.009660E+02,+2.498249E+00
+7.875977E+02,+2.338963E-06,-4.852707E-06,-1.053731E+02,-1.121659E+00
+7.878418E+02,+2.855107E-06,+2.503515E-06,-1.084106E+02,+7.198796E-01
+7.880859E+02,+1.826091E-06,-5.373097E-06,-1.049208E+02,-1.243185E+00
+7.883301E+02,-1.028055E-05,+6.766176E-06,-9.819671E+01,+2.559507E+00
+7.885742E+02,+6.878586E-06,-6.036348E-06,-1.007700E+02,-7.202761E-01
+7.888184E+02,+3.704778E-06,+3.681358E-06,-1.056419E+02,+7.822273E-01
+7.890625E+02,-7.003859E-06,-1.498434E-06,-1.028989E+02,-2.930826E+00
+7.893066E+02,+1.460419E-05,+3.381068E-06,-9.648370E+01,+2.275055E-01
+7.895508E+02,-1.976080E-05,-4.051648E-06,-9.390507E+01,-2.939361E+00
+7.897949E+02,+7.700361E-06,+1.865317E-06,-1.020221E+02,+2.376597E-01
+7.900391E+02,+2.111359E-06,-2.163360E-06,-1.103915E+02,-7.975624E-01
+7.902832E+02,+1.819780E-06,-2.283225E-06,-1.106932E+02,-8.978739E-01
+7.905273E+02,-4.920246E-06,-5.343892E-07,-1.061093E+02,-3.033406E+00
+7.907715E+02,-7.071486E-07,+9.480560E-06,-1.004392E+02,+1.645248E+00
+7.910156E+02,-5.945100E-08,-4.635994E-06,-1.066764E+02,-1.583619E+00
+7.912598E+02,+3.460568E-06,-1.410809E-06,-1.085493E+02,-3.871105E-01
+7.915039E+02,+1.532848E-06,-3.580678E-06,-1.081899E+02,-1.166312E+00
+7.917480E+02,-4.047821E-06,+5.577833E-06,-1.032333E+02,+2.198562E+00
+7.919922E+02,+8.839369E-07,-2.110326E-06,-1.128110E+02,-1.174135E+00
+7.922363E+02,+1.538428E-07,-3.313454E-07,-1.287466E+02,-1.136117E+00
+7.924805E+02,-3.002785E-06,-8.831722E-07,-1.100892E+02,-2.855541E+00
+7.927246E+02,+5.484716E-06,-3.401340E-06,-1.038037E+02,-5.551032E-01
+7.929688E+02,-1.325102E-06,+5.707035E-06,-1.046438E+02,+1.798941E+00
+7.932129E+02,-3.230937E-06,-3.334479E-06,-1.066640E+02,-2.340425E+00
+7.934570E+02,-2.819577E-07,+2.580295E-06,-1.117151E+02,+1.679638E+00
+7.937012E+02,+5.354183E-06,+7.127024E-07,-1.053499E+02,+1.323334E-01
+7.939453E+02,-3.452209E-06,-1.035380E-06,-1.088640E+02,-2.850211E+00
+7.941895E+02,+2.039570E-06,-3.501523E-06,-1.078461E+02,-1.043358E+00
+7.944336E+02,-9.762584E-06,+4.650399E-06,-9.932059E+01,+2.697044E+00
+7.946777E+02,+6.134656E-06,-7.821160E-06,-1.000522E+02,-9.056609E-01
+7.949219E+02,-3.066427E-06,+1.069997E-05,-9.906956E+01,+1.849899E+00
+7.951660E+02,-5.406265E-06,-4.978516E-06,-1.026750E+02,-2.397361E+00
+7.954102E+02,+1.591946E-05,+7.323464E-06,-9.512773E+01,+4.311653E-01
+7.956543E+02,-5.604626E-06,-1.021318E-05,-9.867354E+01,-2.072690E+00
+7.958984E+02,-1.402942E-06,+4.706112E-06,-1.061770E+02,+1.860519E+00
+7.961426E+02,+6.264112E-06,+2.219459E-06,-1.035492E+02,+3.405123E-01
+7.963867E+02,-6.041116E-06,-3.866474E-06,-1.028866E+02,-2.572261E+00
+7.966309E+02,-5.787647E-07,-1.882255E-06,-1.141141E+02,-1.869106E+00
+7.968750E+02,-3.967414E-06,+5.533352E-06,-1.033387E+02,+2.192841E+00
+7.971191E+02,+9.965560E-06,-7.068454E-06,-9.826012E+01,-6.169325E-01
+7.973633E+02,-8.725174E-06,+6.984744E-06,-9.903384E+01,+2.466530E+00
+7.976074E+02,+3.864286E-06,+5.212203E-07,-1.081803E+02,+1.340723E-01
+7.978516E+02,-2.647047E-06,-1.385511E-05,-9.701210E+01,-1.759573E+00
+7.980957E+02,+1.387376E-06,+6.949668E-06,-1.029910E+02,+1.373755E+00
+7.983398E+02,-1.120789E-05,+4.270750E-06,-9.842072E+01,+2.777530E+00
+7.985840E+02,+7.794652E-06,-7.623172E-06,-9.924931E+01,-7.742765E-01
+7.988281E+02,-4.905108E-06,-7.452626E-06,-1.009908E+02,-2.152895E+00
+7.990723E+02,+2.354086E-05,+1.806938E-05,-9.055184E+01,+6.546546E-01
+7.993164E+02,-7.945913E-05,-1.815886E-05,-8.177604E+01,-2.916920E+00
+7.995605E+02,+4.924441E-05,+6.767955E-05,-8.154559E+01,+9.417786E-01
+7.998047E+02,+2.779941E-05,-2.857016E-05,-8.798859E+01,-7.990704E-01
+8.000488E+02,+2.798254E-07,-1.303588E-05,-9.769519E+01,-1.549334E+00
+8.002930E+02,-3.609583E-06,-6.370606E-06,-1.027072E+02,-2.086295E+00
+8.005371E+02,-6.686946E-06,+2.597014E-06,-1.028853E+02,+2.771152E+00
+8.007812E+02,-4.041173E-06,+7.732794E-06,-1.011846E+02,+2.052361E+00
+8.010254E+02,+2.094723E-05,-1.567935E-05,-9.164545E+01,-6.425510E-01
+8.012695E+02,-9.112512E-06,-7.912472E-06,-9.836704E+01,-2.426565E+00
+8.015137E+02,-5.574273E-06,+5.394529E-06,-1.022060E+02,+2.372580E+00
+8.017578E+02,-6.631104E-07,+4.121805E-06,-1.075873E+02,+1.730308E+00
+8.020020E+02,-1.757093E-05,-3.225682E-05,-8.869911E+01,-2.069577E+00
+8.022461E+02,-2.328167E-05,+3.466393E-05,-8.758546E+01,+2.162234E+00
+8.024902E+02,+2.348157E-05,+2.823031E-05,-8.870202E+01,+8.769721E-01
+8.027344E+02,+3.171899E-06,-8.759279E-06,-1.006155E+02,-1.223366E+00
+8.029785E+02,-2.072388E-05,+1.255548E-05,-9.231274E+01,+2.596885E+00
+8.032227E+02,+4.590585E-05,+6.075078E-05,-8.236721E+01,+9.236941E-01
+8.034668E+02,+9.274091E-05,-5.836055E-05,-7.920572E+01,-5.616754E-01
+8.037109E+02,-4.139551E-05,-7.844580E-05,-8.104173E+01,-2.056354E+00
+8.039551E+02,-5.575414E-05,-1.464068E-06,-8.507147E+01,-3.115339E+00
+8.041992E+02,+7.742377E-06,+2.382800E-05,-9.202235E+01,+1.256630E+00
+8.044434E+02,-1.344709E-05,-6.314391E-06,-9.656206E+01,-2.702581E+00
+8.046875E+02,+1.337161E-06,+4.025991E-06,-1.074481E+02,+1.250127E+00
+8.049316E+02,+9.609445E-07,+1.521739E-06,-1.148958E+02,+1.007553E+00
+8.051758E+02,+4.849926E-06,-7.099789E-06,-1.013119E+02,-9.714971E-01
+8.054199E+02,-6.161640E-05,-1.276567E-05,-8.402355E+01,-2.937303E+00
+8.056641E+02,+1.926861E-05,+6.632154E-05,-8.321498E+01,+1.288047E+00
+8.059082E+02,+2.931439E-05,-1.097061E-05,-9.008912E+01,-3.581040E-01
+8.061523E+02,+7.857389E-06,-5.985559E-06,-1.001070E+02,-6.509943E-01
+8.063965E+02,+4.009625E-06,-9.335337E-06,-9.986213E+01,-1.165112E+00
+8.066406E+02,-3.980008E-06,-5.062265E-06,-1.038230E+02,-2.237073E+00
+8.068848E+02,-1.263581E-05,+4.281204E-07,-9.796296E+01,+3.107724E+00
+8.071289E+02,+7.384242E-06,+1.734654E-06,-1.024006E+02,+2.307294E-01
+8.073730E+02,-1.087036E-06,-2.458807E-06,-1.114102E+02,-1.987060E+00
+8.076172E+02,-1.117420E-06,+4.868230E-06,-1.060296E+02,+1.796421E+00
+8.078613E+02,+1.444261E-06,+2.288970E-07,-1.166993E+02,+1.571800E-01
+8.081055E+02,+2.193019E-06,-5.557431E-06,-1.044740E+02,-1.194945E+00
+8.083496E+02,-7.538814E-06,+6.620311E-06,-9.997133E+01,+2.420974E+00
+8.085938E+02,+5.559646E-06,-5.594287E-06,-1.020617E+02,-7.885039E-01
+8.088379E+02,-3.616472E-06,+7.047111E-06,-1.020245E+02,+2.044936E+00
+8.090820E+02,-1.704898E-06,-3.026795E-06,-1.091836E+02,-2.083769E+00
+8.093262E+02,+1.196586E-05,+1.957204E-06,-9.832646E+01,+1.621300E-01
+8.095703E+02,-1.026817E-05,-3.905324E-06,-9.918340E+01,-2.778155E+00
+8.098145E+02,+7.552732E-07,+6.472794E-06,-1.037194E+02,+1.454637E+00
+8.100586E+02,-2.152342E-06,-1.014361E-05,-9.968489E+01,-1.779882E+00
+8.103027E+02,+1.057130E-05,+4.122871E-06,-9.890251E+01,+3.718612E-01
+8.105469E+02,-3.559000E-06,+5.054154E-06,-1.041781E+02,+2.184318E+00
+8.107910E+02,+2.861442E-07,-1.815283E-06,-1.147145E+02,-1.414452E+00
+8.110352E+02,-1.038700E-05,-1.273087E-05,-9.568694E+01,-2.255152E+00
+8.112793E+02,+9.746858E-07,+1.596283E-05,-9.592164E+01,+1.509812E+00
+8.115234E+02,+6.531737E-06,-2.491756E-06,-1.031094E+02,-3.644435E-01
+8.117676E+02,-8.228698E-06,-5.659935E-06,-1.000110E+02,-2.539082E+00
+8.120117E+02,+1.292130E-05,+5.388151E-06,-9.707762E+01,+3.950731E-01
+8.122559E+02,-6.863458E-06,+1.678473E-06,-1.030169E+02,+2.901748E+00
+8.125000E+02,-7.653247E-06,-1.771945E-06,-1.020963E+02,-2.914073E+00
+8.127441E+02,+9.124806E-06,+1.351998E-05,-9.575034E+01,+9.771066E-01
+8.129883E+02,+9.929258E-06,-8.592644E-07,-1.000293E+02,-8.632357E-02
+8.132324E+02,+8.305973E-07,-1.771449E-05,-9.502389E+01,-1.523943E+00
+8.134766E+02,-4.570408E-06,+2.468629E-06,-1.056891E+02,+2.646356E+00
+8.137207E+02,-4.451214E-06,+3.458226E-07,-1.070043E+02,+3.064057E+00
+8.139648E+02,+4.656235E-06,-7.813900E-06,-1.008230E+02,-1.033403E+00
+8.142090E+02,-4.433144E-06,+8.497114E-06,-1.003690E+02,+2.051671E+00
+8.144531E+02,+4.203813E-06,-5.405901E-06,-1.032887E+02,-9.098427E-01
+8.146973E+02,-7.867684E-06,+2.613599E-06,-1.016285E+02,+2.820868E+00
+8.149414E+02,+2.597166E-06,+8.915061E-06,-1.006437E+02,+1.287319E+00
+8.151855E+02,-2.301728E-06,-1.277840E-05,-9.773180E+01,-1.749012E+00
+8.154297E+02,+3.115351E-06,+6.080134E-06,-1.033093E+02,+1.097292E+00
+8.156738E+02,-1.937911E-06,-1.910724E-06,-1.113039E+02,-2.363258E+00
+8.159180E+02,+5.226973E-08,+6.643570E-07,-1.235252E+02,+1.492281E+00
+8.161621E+02,+2.417910E-06,+6.845779E-06,-1.027810E+02,+1.231276E+00
+8.164062E+02,+1.895285E-07,-6.785599E-06,-1.033649E+02,-1.542873E+00
+8.166504E+02,-6.958045E-06,+6.459460E-07,-1.031130E+02,+3.049024E+00
+8.168945E+02,+7.657980E-06,+7.586016E-07,-1.022753E+02,+9.873814E-02
+8.171387E+02,-7.276504E-07,+5.758408E-06,-1.047252E+02,+1.696493E+00
+8.173828E+02,+1.310311E-06,-1.193308E-05,-9.841290E+01,-1.461430E+00
+8.176270E+02,-8.808306E-06,+8.889352E-06,-9.805190E+01,+2.351615E+00
+8.178711E+02,+1.308015E-05,-3.885450E-06,-9.730050E+01,-2.887475E-01
+8.181152E+02,-1.043162E-05,+1.957380E-06,-9.948269E+01,+2.956110E+00
+8.183594E+02,+3.442960E-06,-3.715440E-07,-1.092111E+02,-1.074981E-01
+8.186035E+02,+1.362107E-06,-7.300620E-06,-1.025842E+02,-1.386343E+00
+8.188477E+02,-4.787563E-06,+1.278377E-05,-9.729681E+01,+1.929131E+00
+8.190918E+02,+1.086998E-06,-4.172127E-06,-1.073076E+02,-1.315924E+00
+8.193359E+02,+6.141400E-06,-2.458293E-06,-1.035892E+02,-3.807496E-01
+8.195801E+02,-8.166561E-06,+2.072864E-06,-1.014881E+02,+2.893019E+00
+8.198242E+02,+7.506073E-06,-2.134507E-06,-1.021540E+02,-2.770570E-01
+8.200684E+02,-3.221318E-06,+3.433554E-06,-1.065431E+02,+2.324313E+00
+8.203125E+02,-2.412108E-06,-3.358643E-06,-1.076704E+02,-2.193619E+00
+8.205566E+02,+1.737278E-06,+1.710981E-06,-1.122581E+02,+7.777722E-01
+8.208008E+02,+5.435746E-06,+1.700136E-06,-1.048895E+02,+3.031305E-01
+8.210449E+02,-8.549978E-06,-5.914188E-06,-9.966256E+01,-2.536446E+00
+8.212891E+02,+2.418390E-06,+5.847287E-06,-1.039751E+02,+1.178628E+00
+8.215332E+02,+5.711178E-07,-8.785481E-07,-1.195939E+02,-9.943718E-01
+8.217773E+02,+9.503335E-06,-1.456490E-06,-1.003416E+02,-1.520776E-01
+8.220215E+02,-1.396444E-05,+3.982687E-06,-9.675991E+01,+2.863767E+00
+8.222656E+02,+6.855983E-06,-6.282145E-06,-1.006313E+02,-7.417487E-01
+8.225098E+02,-1.829750E-06,+4.927767E-06,-1.055861E+02,+1.926332E+00
+8.227539E+02,+2.710323E-06,-2.855503E-06,-1.080968E+02,-8.114764E-01
+8.229980E+02,-2.970846E-06,-2.264374E-06,-1.085532E+02,-2.490330E+00
+8.232422E+02,-1.781028E-06,+6.401785E-06,-1.035502E+02,+1.842142E+00
+8.234863E+02,+8.406736E-06,-3.830970E-06,-1.006880E+02,-4.275859E-01
+8.237305E+02,-7.505590E-06,+1.313490E-06,-1.023613E+02,+2.968345E+00
+8.239746E+02,+3.632028E-06,+2.411120E-07,-1.087779E+02,+6.628770E-02
+8.242188E+02,-1.740035E-07,-4.008250E-06,-1.079327E+02,-1.614180E+00
+8.244629E+02,-3.005016E-06,+5.741875E-06,-1.037676E+02,+2.052950E+00
+8.247070E+02,+5.944182E-07,-4.839786E-06,-1.062384E+02,-1.448589E+00
+8.249512E+02,-4.039344E-06,-1.777599E-06,-1.071050E+02,-2.727026E+00
+8.251953E+02,+1.408750E-05,+5.706415E-06,-9.636349E+01,+3.848689E-01
+8.254395E+02,-1.237068E-05,+3.819233E-06,-9.775674E+01,+2.842144E+00
+8.256836E+02,+7.498480E-06,-1.003929E-05,-9.804060E+01,-9.292735E-01
+8.259277E+02,-4.083747E-06,-8.403806E-07,-1.075987E+02,-2.938639E+00
+8.261719E+02,-5.520747E-06,+9.167368E-06,-9.941121E+01,+2.112844E+00
+8.264160E+02,+5.930716E-06,-6.428658E-06,-1.011633E+02,-8.256650E-01
+8.266602E+02,+2.613704E-06,+4.614094E-06,-1.055096E+02,+1.055403E+00
+8.269043E+02,-3.489504E-06,-5.663135E-06,-1.035411E+02,-2.123027E+00
+8.271484E+02,-5.699763E-06,+2.021836E-06,-1.043681E+02,+2.800717E+00
+8.273926E+02,+1.192362E-05,+2.569754E-06,-9.827466E+01,+2.122711E-01
+8.276367E+02,-3.279921E-06,-4.238517E-06,-1.054177E+02,-2.229379E+00
+8.278809E+02,-7.661437E-06,+5.566787E-06,-1.004727E+02,+2.513238E+00
+8.281250E+02,+1.404842E-05,-1.659657E-06,-9.698726E+01,-1.175933E-01
+8.283691E+02,-1.218182E-05,-2.340050E-06,-9.812839E+01,-2.951811E+00
+8.286133E+02,+6.941452E-07,+1.365513E-06,-1.162959E+02,+1.100499E+00
+8.288574E+02,+3.057911E-06,+4.725959E-06,-1.049914E+02,+9.965007E-01
+8.291016E+02,-9.885885E-09,-1.231476E-05,-9.819147E+01,-1.571599E+00
+8.293457E+02,-8.414716E-07,+9.919146E-06,-1.000394E+02,+1.655427E+00
+8.295898E+02,-2.460362E-06,-1.396176E-06,-1.109676E+02,-2.625437E+00
+8.298340E+02,+4.059741E-06,-7.501250E-06,-1.013817E+02,-1.074728E+00
+8.300781E+02,+2.588601E-06,+1.027632E-05,-9.949607E+01,+1.324031E+00
+8.303223E+02,-1.720633E-06,-4.764345E-06,-1.059075E+02,-1.917368E+00
+8.305664E+02,-4.087772E-06,-6.265432E-06,-1.025208E+02,-2.148880E+00
+8.308105E+02,-1.737527E-06,+8.383727E-06,-1.013486E+02,+1.775153E+00
+8.310547E+02,+4.338658E-06,+6.498400E-06,-1.021429E+02,+9.821132E-01
+8.312988E+02,-9.417608E-07,-1.149034E-05,-9.876427E+01,-1.652575E+00
+8.315430E+02,+1.588585E-06,+1.513110E-06,-1.131757E+02,+7.610696E-01
+8.317871E+02,-1.900231E-06,+2.477328E-06,-1.101108E+02,+2.225120E+00
+8.320312E+02,-9.654220E-07,+3.408691E-07,-1.197954E+02,+2.802179E+00
+8.322754E+02,+3.370707E-06,-1.448770E-06,-1.087094E+02,-4.059394E-01
+8.325195E+02,-3.475441E-06,-1.157245E-06,-1.087232E+02,-2.820162E+00
+8.327637E+02,+2.064940E-06,+1.379720E-06,-1.120988E+02,+5.890387E-01
+8.330078E+02,+3.078087E-06,+2.997507E-06,-1.073378E+02,+7.721362E-01
+8.332520E+02,-7.157840E-06,-5.558223E-06,-1.008551E+02,-2.481332E+00
+8.334961E+02,+4.838498E-06,+3.268611E-06,-1.046731E+02,+5.941223E-01
+8.337402E+02,-2.574598E-06,+1.844043E-06,-1.099874E+02,+2.520047E+00
+8.339844E+02,+2.889971E-06,-3.012823E-06,-1.075873E+02,-8.062077E-01
+8.342285E+02,-2.758940E-06,-6.614349E-06,-1.028936E+02,-1.965969E+00
+8.344727E+02,+9.122029E-07,+1.173410E-05,-9.858484E+01,+1.493213E+00
+8.347168E+02,+2.275435E-06,-3.060758E-06,-1.083726E+02,-9.315184E-01
+8.349609E+02,-6.151639E-06,+2.699834E-06,-1.034552E+02,+2.728024E+00
+8.352051E+02,+7.027826E-06,-5.098696E-06,-1.012270E+02,-6.276366E-01
+8.354492E+02,-2.715783E-06,-9.854439E-07,-1.107849E+02,-2.793509E+00
+8.356934E+02,-1.777166E-06,+2.485591E-06,-1.102982E+02,+2.191510E+00
+8.359375E+02,-3.074983E-07,-2.511698E-06,-1.119360E+02,-1.692617E+00
+8.361816E+02,+4.077712E-06,+3.712822E-06,-1.051694E+02,+7.385948E-01
+8.364258E+02,-5.410592E-06,-2.419131E-06,-1.045436E+02,-2.721144E+00
+8.366699E+02,+4.061107E-06,+3.971655E-06,-1.049125E+02,+7.742628E-01
+8.369141E+02,-2.438893E-06,-4.450758E-06,-1.058910E+02,-2.072082E+00
+8.371582E+02,+3.977486E-06,+8.534340E-07,-1.078123E+02,+2.113615E-01
+8.374023E+02,-3.447449E-06,+1.424964E-06,-1.085650E+02,+2.749641E+00
+8.376465E+02,-3.461673E-06,-4.321140E-06,-1.051349E+02,-2.246209E+00
+8.378906E+02,+1.157916E-05,+6.189200E-06,-9.763505E+01,+4.908745E-01
+8.381348E+02,-8.344898E-06,-4.355135E-06,-1.005254E+02,-2.660585E+00
+8.383789E+02,+4.243745E-06,+2.786618E-07,-1.074263E+02,+6.557000E-02
+8.386230E+02,-1.070289E-05,-3.326448E-07,-9.940578E+01,-3.110523E+00
+8.388672E+02,+1.797527E-05,+1.952372E-06,-9.485556E+01,+1.081902E-01
+8.391113E+02,-2.076952E-05,+2.493844E-06,-9.358931E+01,+3.022093E+00
+8.393555E+02,+1.413660E-05,-1.702984E-06,-9.693053E+01,-1.198886E-01
+8.395996E+02,-8.076486E-07,+3.265503E-06,-1.094632E+02,+1.813258E+00
+8.398438E+02,-5.874613E-06,-1.012449E-05,-9.863228E+01,-2.096558E+00
+8.400879E+02,+3.451084E-06,+6.305954E-06,-1.028672E+02,+1.070048E+00
+8.403320E+02,+1.565791E-06,-8.641960E-07,-1.149505E+02,-5.043184E-01
+8.405762E+02,-6.508881E-06,+2.745790E-07,-1.037222E+02,+3.099432E+00
+8.408203E+02,+4.276952E-06,+5.029685E-07,-1.073177E+02,+1.170621E-01
+8.410645E+02,+1.351511E-06,+6.077797E-07,-1.165837E+02,+4.226076E-01
+8.413086E+02,-4.922132E-07,-5.603711E-06,-1.049971E+02,-1.658408E+00
+8.415527E+02,-7.911391E-07,+1.046334E-05,-9.958184E+01,+1.646263E+00
+8.417969E+02,-3.454267E-06,-7.218500E-06,-1.019356E+02,-2.017121E+00
+8.420410E+02,+7.988570E-06,-4.820175E-08,-1.019505E+02,-6.033766E-03
+8.422852E+02,-6.031069E-06,+4.585169E-06,-1.024111E+02,+2.491559E+00
+8.425293E+02,+4.995457E-06,-4.042615E-06,-1.038408E+02,-6.803607E-01
+8.427734E+02,-5.410719E-06,+1.474985E-06,-1.050236E+02,+2.875455E+00
+8.430176E+02,+4.288641E-06,-9.291850E-07,-1.071544E+02,-2.133641E-01
+8.432617E+02,-3.023026E-06,+6.190008E-07,-1.102128E+02,+2.939622E+00
+8.435059E+02,+2.904224E-07,-3.799692E-06,-1.083797E+02,-1.494511E+00
+8.437500E+02,-3.292679E-06,+3.653334E-06,-1.061639E+02,+2.304318E+00
+8.439941E+02,+1.654840E-06,-3.214453E-06,-1.088368E+02,-1.095369E+00
+8.442383E+02,+8.117559E-06,+5.730711E-06,-1.000553E+02,+6.147180E-01
+8.444824E+02,-9.824853E-06,+2.022870E-06,-9.997316E+01,+2.938537E+00
+8.447266E+02,+4.221786E-06,-5.508166E-06,-1.031728E+02,-9.168441E-01
+8.449707E+02,+7.089850E-06,-3.162408E-06,-1.021992E+02,-4.195620E-01
+8.452148E+02,-9.302436E-06,+6.617932E-06,-9.884948E+01,+2.523244E+00
+8.454590E+02,-2.280617E-06,-2.195397E-06,-1.099909E+02,-2.375232E+00
+8.457031E+02,+2.844722E-06,-5.391880E-07,-1.107659E+02,-1.873177E-01
+8.459473E+02,+5.243632E-06,+1.971313E-06,-1.050332E+02,+3.595982E-01
+8.461914E+02,-7.736249E-06,-3.062147E-06,-1.015973E+02,-2.764697E+00
+8.464355E+02,+2.895195E-06,+2.020601E-06,-1.090431E+02,+6.093255E-01
+8.466797E+02,+2.239884E-06,-1.633609E-06,-1.111431E+02,-6.301389E-01
+8.469238E+02,+2.162167E-06,-4.942507E-06,-1.053606E+02,-1.158416E+00
+8.471680E+02,-6.122971E-06,+1.167086E-05,-9.760201E+01,+2.053959E+00
+8.474121E+02,-1.320552E-06,-5.368545E-06,-1.051477E+02,-1.811987E+00
+8.476562E+02,+3.840520E-06,-1.204390E-06,-1.079048E+02,-3.038874E-01
+8.479004E+02,-1.647299E-06,-2.919250E-07,-1.155303E+02,-2.966199E+00
+8.481445E+02,+7.727032E-06,+2.251632E-06,-1.018858E+02,+2.835454E-01
+8.483887E+02,-3.443892E-06,-4.656075E-06,-1.047444E+02,-2.207644E+00
+8.486328E+02,-7.255865E-06,-8.167158E-07,-1.027315E+02,-3.029505E+00
+8.488770E+02,+1.104645E-05,+8.793857E-06,-9.700371E+01,+6.723459E-01
+8.491211E+02,-9.696803E-06,-4.879661E-06,-9.928711E+01,-2.675370E+00
+8.493652E+02,+3.783933E-06,+1.536736E-08,-1.084411E+02,+4.061191E-03
+8.496094E+02,+1.365434E-07,-2.536853E-06,-1.119015E+02,-1.517024E+00
+8.498535E+02,-2.686207E-07,+5.707366E-06,-1.048617E+02,+1.617827E+00
+8.500977E+02,-2.616672E-06,-2.799855E-06,-1.083309E+02,-2.322388E+00
+8.503418E+02,+1.038100E-06,+2.589903E-06,-1.110873E+02,+1.189578E+00
+8.505859E+02,+3.352523E-06,-1.074118E-06,-1.090682E+02,-3.100574E-01
+8.508301E+02,+1.429859E-07,-4.214952E-06,-1.074992E+02,-1.536886E+00
+8.510742E+02,-5.829977E-06,+4.370087E-06,-1.027502E+02,+2.498354E+00
+8.513184E+02,+7.605567E-06,-1.040143E-06,-1.022969E+02,-1.359176E-01
+8.515625E+02,-1.099181E-05,-4.843334E-06,-9.840801E+01,-2.726557E+00
+8.518066E+02,+1.144790E-05,+6.779235E-06,-9.751996E+01,+5.346510E-01
+8.520508E+02,-1.326236E-06,-3.021395E-06,-1.096306E+02,-1.984422E+00
+8.522949E+02,-7.684735E-06,+4.797844E-07,-1.022705E+02,+3.079240E+00
+8.525391E+02,+5.948275E-06,+8.484652E-07,-1.044247E+02,+1.416848E-01
+8.527832E+02,-7.675469E-07,-5.478019E-06,-1.051431E+02,-1.710004E+00
+8.530273E+02,+1.429576E-06,+6.576101E-06,-1.034401E+02,+1.356737E+00
+8.532715E+02,-5.149333E-06,+8.831470E-07,-1.056391E+02,+2.971738E+00
+8.535156E+02,+8.981997E-06,-7.933381E-06,-9.842801E+01,-7.234855E-01
+8.537598E+02,-8.875598E-06,+7.529374E-06,-9.868164E+01,+2.438073E+00
+8.540039E+02,+3.762525E-06,-4.926924E-07,-1.084166E+02,-1.302064E-01
+8.542480E+02,-4.740595E-06,-2.024299E-06,-1.057559E+02,-2.738018E+00
+8.544922E+02,+7.229520E-06,-3.053246E-06,-1.021050E+02,-3.996073E-01
+8.547363E+02,-1.004309E-07,+2.259217E-06,-1.129123E+02,+1.615221E+00
+8.549805E+02,-8.902734E-06,+7.118263E-06,-9.886296E+01,+2.467121E+00
+8.552246E+02,+9.947565E-06,-9.238324E-06,-9.734473E+01,-7.484483E-01
+8.554688E+02,-8.309450E-06,+3.138992E-06,-1.010292E+02,+2.780403E+00
+8.557129E+02,+4.128522E-06,+3.860883E-06,-1.049551E+02,+7.519115E-01
+8.559570E+02,+6.044816E-06,-1.197270E-05,-9.745004E+01,-1.103250E+00
+8.562012E+02,-7.793869E-06,+6.604138E-06,-9.981470E+01,+2.438639E+00
+8.564453E+02,+1.398349E-06,+3.684313E-06,-1.080884E+02,+1.208050E+00
+8.566895E+02,-3.373726E-06,-3.455611E-06,-1.063221E+02,-2.344205E+00
+8.569336E+02,+2.244093E-06,+4.015986E-06,-1.067440E+02,+1.061230E+00
+8.571777E+02,+5.055295E-06,-6.356425E-06,-1.018072E+02,-8.989249E-01
+8.574219E+02,-4.207328E-06,+3.152305E-06,-1.055848E+02,+2.498577E+00
+8.576660E+02,-2.099813E-06,+1.096737E-06,-1.125088E+02,+2.660263E+00
+8.579102E+02,+6.530651E-06,+1.222752E-06,-1.035512E+02,+1.850897E-01
+8.581543E+02,-6.726549E-06,-4.027126E-06,-1.021138E+02,-2.602136E+00
+8.583984E+02,+3.049444E-06,+1.056003E-06,-1.098237E+02,+3.333692E-01
+8.586426E+02,+6.224191E-06,+2.938219E-06,-1.032446E+02,+4.410505E-01
+8.588867E+02,-1.213823E-05,-4.452935E-06,-9.776854E+01,-2.789984E+00
+8.591309E+02,+8.690457E-06,+2.931579E-06,-1.007511E+02,+3.253460E-01
+8.593750E+02,-5.442456E-06,-1.391511E-07,-1.052813E+02,-3.116030E+00
+8.596191E+02,+3.779601E-06,+2.612454E-06,-1.067551E+02,+6.047944E-01
+8.598633E+02,-4.293689E-08,-4.693941E-06,-1.065689E+02,-1.579943E+00
+8.601074E+02,-2.731713E-06,+1.433549E-06,-1.102149E+02,+2.658318E+00
+8.603516E+02,+1.301653E-06,+1.609916E-06,-1.136794E+02,+8.908805E-01
+8.605957E+02,-1.208868E-06,-4.514053E-06,-1.066079E+02,-1.832457E+00
+8.608398E+02,+6.242552E-06,+4.799731E-06,-1.020756E+02,+6.554710E-01
+8.610840E+02,-1.045609E-05,-2.382110E-06,-9.939286E+01,-2.917595E+00
+8.613281E+02,+9.397960E-06,+6.390688E-07,-1.005193E+02,+6.789628E-02
+8.615723E+02,-3.685368E-06,-2.159922E-06,-1.073880E+02,-2.611471E+00
+8.618164E+02,-7.063414E-07,+2.532748E-06,-1.116029E+02,+1.842769E+00
+8.620605E+02,+3.540688E-06,+4.817698E-06,-1.044676E+02,+9.370077E-01
+8.623047E+02,-7.131886E-06,-6.861267E-06,-1.000904E+02,-2.375532E+00
+8.625488E+02,+5.076111E-06,-3.341773E-06,-1.043257E+02,-5.822111E-01
+8.627930E+02,-3.871851E-06,+6.662818E-06,-1.022633E+02,+2.097213E+00
+8.630371E+02,+1.012231E-05,-5.511670E-07,-9.988155E+01,-5.439699E-02
+8.632812E+02,-1.053436E-05,-3.695037E-07,-9.954250E+01,-3.106531E+00
+8.635254E+02,+2.138105E-06,-2.243522E-07,-1.133519E+02,-1.045478E-01
+8.637695E+02,+4.359482E-06,-3.028495E-06,-1.055011E+02,-6.071544E-01
+8.640137E+02,-3.400364E-06,+6.517011E-06,-1.026733E+02,+2.051706E+00
+8.642578E+02,-4.950027E-06,-7.752753E-06,-1.007259E+02,-2.139035E+00
+8.645020E+02,+1.217947E-05,+6.587226E-06,-9.717308E+01,+4.957887E-01
+8.647461E+02,-9.936779E-06,-9.408936E-06,-9.727538E+01,-2.383472E+00
+8.649902E+02,+2.030998E-06,+1.360371E-05,-9.723111E+01,+1.422594E+00
+8.652344E+02,+3.843128E-07,-1.078916E-05,-9.933475E+01,-1.535191E+00
+8.654785E+02,+1.522461E-06,+5.903818E-06,-1.042977E+02,+1.318418E+00
+8.657227E+02,-2.002918E-07,-3.833811E-06,-1.083155E+02,-1.622992E+00
+8.659668E+02,+1.038183E-06,+2.884120E-06,-1.102706E+02,+1.225272E+00
+8.662109E+02,+1.242618E-06,-1.210173E-06,-1.152163E+02,-7.721708E-01
+8.664551E+02,-5.641985E-06,+3.577912E-06,-1.035034E+02,+2.576435E+00
+8.666992E+02,+6.295792E-06,-6.871524E-06,-1.006121E+02,-8.290947E-01
+8.669434E+02,-1.023321E-05,+4.669704E-06,-9.897824E+01,+2.713489E+00
+8.671875E+02,+1.085012E-05,-2.876433E-06,-9.899634E+01,-2.591448E-01
+8.674316E+02,-5.603177E-06,+6.144304E-06,-1.016022E+02,+2.310164E+00
+8.676758E+02,+5.276561E-06,-1.328296E-05,-9.689775E+01,-1.192669E+00
+8.679199E+02,-8.415261E-06,+1.209618E-05,-9.663272E+01,+2.178628E+00
+8.681641E+02,+7.598100E-06,-2.448303E-06,-1.019569E+02,-3.117206E-01
+8.684082E+02,-7.571183E-06,-1.808221E-06,-1.021758E+02,-2.907155E+00
+8.686523E+02,+6.367949E-06,+7.036770E-06,-1.004543E+02,+8.352512E-01
+8.688965E+02,-7.034614E-06,-1.463653E-05,-9.578867E+01,-2.018820E+00
+8.691406E+02,+7.540544E-06,+1.150730E-05,-9.722900E+01,+9.907160E-01
+8.693848E+02,+3.678751E-06,-4.680172E-06,-1.045054E+02,-9.046326E-01
+8.696289E+02,-6.537203E-06,+2.636341E-06,-1.030377E+02,+2.758260E+00
+8.698730E+02,-5.623943E-06,-5.091133E-06,-1.023997E+02,-2.405879E+00
+8.701172E+02,+1.114278E-05,+4.612267E-06,-9.837332E+01,+3.924520E-01
+8.703613E+02,-7.080554E-06,+4.037476E-06,-1.017760E+02,+2.623358E+00
+8.706055E+02,-2.020581E-06,-8.892272E-06,-1.008011E+02,-1.794231E+00
+8.708496E+02,+3.532462E-06,+7.285373E-06,-1.018339E+02,+1.119326E+00
+8.710938E+02,+3.051850E-06,-5.547467E-06,-1.039698E+02,-1.067850E+00
+8.713379E+02,-4.547526E-06,+1.110968E-05,-9.841321E+01,+1.959320E+00
+8.715820E+02,+6.474108E-06,-1.059892E-05,-9.811771E+01,-1.022454E+00
+8.718262E+02,-4.842688E-06,+9.361925E-08,-1.062966E+02,+3.122263E+00
+8.720703E+02,-1.443516E-06,-5.328757E-07,-1.162567E+02,-2.787959E+00
+8.723145E+02,+3.038365E-06,+4.594080E-06,-1.051802E+02,+9.864728E-01
+8.725586E+02,-3.962627E-06,-1.677360E-06,-1.073245E+02,-2.741167E+00
+8.728027E+02,+2.391879E-06,+2.659155E-06,-1.089305E+02,+8.382640E-01
+8.730469E+02,+1.285452E-06,-7.676300E-06,-1.021769E+02,-1.404879E+00
+8.732910E+02,+1.974475E-06,+5.312837E-06,-1.049316E+02,+1.214973E+00
+8.735352E+02,+7.906106E-07,-1.117237E-06,-1.172740E+02,-9.549559E-01
+8.737793E+02,-7.604507E-06,-4.061897E-06,-1.012885E+02,-2.651005E+00
+8.740234E+02,+2.612799E-06,+7.420752E-06,-1.020835E+02,+1.232258E+00
+8.742676E+02,+4.224597E-06,-4.291307E-06,-1.044054E+02,-7.932315E-01
+8.745117E+02,-1.529570E-06,+3.346205E-06,-1.086849E+02,+1.999544E+00
+8.747559E+02,-1.122348E-06,+1.139446E-06,-1.159210E+02,+2.348635E+00
+8.750000E+02,-3.209069E-06,-3.618629E-06,-1.063092E+02,-2.296281E+00
+8.752441E+02,+6.398511E-07,+4.491577E-06,-1.068648E+02,+1.429293E+00
+8.754883E+02,+5.456152E-06,-4.222746E-06,-1.032238E+02,-6.586488E-01
+8.757324E+02,-4.967762E-06,-2.235682E-06,-1.052758E+02,-2.718707E+00
+8.759766E+02,+4.228050E-06,-3.919804E-07,-1.074400E+02,-9.244525E-02
+8.762207E+02,-6.631494E-06,+1.504515E-06,-1.033498E+02,+2.918495E+00
+8.764648E+02,+4.337092E-06,+2.863650E-06,-1.056846E+02,+5.835608E-01
+8.767090E+02,+7.192493E-06,-4.282823E-06,-1.015444E+02,-5.370727E-01
+8.769531E+02,-1.540143E-05,+3.139707E-06,-9.607195E+01,+2.940490E+00
+8.771973E+02,+1.017584E-05,+2.314708E-06,-9.962950E+01,+2.236650E-01
+8.774414E+02,+7.400513E-07,-7.582624E-06,-1.023624E+02,-1.473506E+00
+8.776855E+02,-4.141581E-06,+1.033403E-05,-9.906772E+01,+1.951967E+00
+8.779297E+02,+5.996299E-06,-5.553811E-06,-1.017522E+02,-7.471066E-01
+8.781738E+02,-1.014141E-05,-4.648446E-06,-9.904984E+01,-2.711806E+00
+8.784180E+02,+8.705135E-06,+1.027610E-05,-9.741416E+01,+8.679742E-01
+8.786621E+02,-8.297320E-06,-2.939825E-06,-1.011077E+02,-2.801083E+00
+8.789062E+02,+8.784436E-06,-8.100483E-06,-9.845320E+01,-7.449135E-01
+8.791504E+02,-7.714341E-06,+9.771435E-06,-9.809691E+01,+2.239089E+00
+8.793945E+02,+8.273172E-06,-3.309170E-06,-1.010020E+02,-3.804961E-01
+8.796387E+02,-3.645323E-06,-1.431874E-06,-1.081421E+02,-2.767311E+00
+8.798828E+02,-6.935340E-06,-2.217645E-06,-1.027559E+02,-2.832107E+00
+8.801270E+02,+8.293180E-06,+2.847503E-06,-1.011416E+02,+3.307426E-01
+8.803711E+02,+2.081413E-06,-2.224913E-06,-1.103233E+02,-8.187090E-01
+8.806152E+02,-8.216754E-06,-8.766669E-07,-1.016568E+02,-3.035302E+00
+8.808594E+02,+7.498149E-06,+8.734772E-06,-9.877724E+01,+8.614312E-01
+8.811035E+02,-3.705502E-06,-5.343477E-06,-1.037383E+02,-2.177121E+00
+8.813477E+02,+1.390401E-06,-8.560944E-08,-1.171208E+02,-6.149412E-02
+8.815918E+02,+6.733496E-07,-2.896353E-06,-1.105344E+02,-1.342372E+00
+8.818359E+02,-7.334254E-06,+4.370066E-06,-1.013734E+02,+2.604235E+00
+8.820801E+02,+1.028286E-05,-6.844988E-06,-9.816471E+01,-5.873119E-01
+8.823242E+02,-7.184752E-06,+6.833336E-06,-1.000738E+02,+2.381258E+00
+8.825684E+02,+2.496809E-06,-7.526744E-07,-1.116745E+02,-2.927907E-01
+8.828125E+02,+3.344964E-06,-1.671276E-07,-1.095013E+02,-4.992242E-02
+8.830566E+02,-9.033225E-06,+1.929128E-06,-1.006895E+02,+2.931194E+00
+8.833008E+02,+1.137609E-05,-5.866443E-06,-9.785606E+01,-4.761143E-01
+8.835449E+02,-3.848575E-06,+4.749188E-06,-1.042752E+02,+2.251825E+00
+8.837891E+02,-5.553431E-06,-4.659419E-06,-1.027942E+02,-2.443510E+00
+8.840332E+02,+4.252730E-06,+4.121498E-06,-1.045503E+02,+7.697285E-01
+8.842773E+02,-3.543191E-06,+3.809311E-06,-1.056759E+02,+2.320016E+00
+8.845215E+02,+7.271607E-06,-1.274442E-05,-9.666963E+01,-1.052296E+00
+8.847656E+02,-3.802387E-06,+6.873686E-06,-1.020967E+02,+2.076078E+00
+8.850098E+02,-3.105435E-06,+6.579742E-06,-1.027624E+02,+2.011769E+00
+8.852539E+02,+3.331350E-06,-7.581358E-06,-1.016383E+02,-1.156781E+00
+8.854980E+02,-5.288338E-07,-1.369273E-06,-1.166664E+02,-1.939363E+00
+8.857422E+02,+3.445397E-06,+5.288627E-06,-1.039968E+02,+9.933864E-01
+8.859863E+02,-7.041617E-06,+7.896614E-08,-1.030460E+02,+3.130379E+00
+8.862305E+02,+4.678848E-06,-3.436566E-06,-1.047235E+02,-6.335003E-01
+8.864746E+02,-3.948219E-06,+1.117239E-07,-1.080685E+02,+3.113303E+00
+8.867188E+02,+5.280316E-06,+2.743753E-06,-1.045088E+02,+4.792194E-01
+8.869629E+02,-8.379645E-07,-5.273676E-06,-1.054494E+02,-1.728375E+00
+8.872070E+02,-3.134625E-06,+3.665697E-06,-1.063333E+02,+2.278258E+00
+8.874512E+02,+2.750523E-07,+2.574253E-07,-1.284795E+02,+7.523066E-01
+8.876953E+02,+7.039403E-07,+1.733190E-06,-1.145600E+02,+1.184997E+00
+8.879395E+02,+2.208553E-06,+1.478240E-06,-1.115102E+02,+5.898407E-01
+8.881836E+02,-7.893929E-06,-6.762811E-06,-9.966376E+01,-2.433216E+00
+8.884277E+02,+1.344283E-05,+2.767390E-06,-9.724992E+01,+2.030272E-01
+8.886719E+02,-9.360861E-06,-2.999035E-06,-1.001493E+02,-2.831545E+00
+8.889160E+02,+5.582448E-06,+5.500730E-06,-1.021168E+02,+7.780252E-01
+8.891602E+02,-8.680455E-06,+8.677359E-07,-1.011860E+02,+3.041959E+00
+8.894043E+02,+9.933564E-06,-3.144828E-06,-9.964308E+01,-3.066031E-01
+8.896484E+02,-8.375910E-06,+2.050562E-06,-1.012866E+02,+2.901498E+00
+8.898926E+02,+3.029395E-06,-4.027370E-06,-1.059522E+02,-9.258875E-01
+8.901367E+02,-8.151962E-07,+5.870144E-07,-1.199605E+02,+2.517511E+00
+8.903809E+02,+3.197248E-06,+4.344788E-06,-1.053611E+02,+9.363926E-01
+8.906250E+02,-6.000773E-06,-1.949709E-06,-1.040000E+02,-2.827442E+00
+8.908691E+02,+5.082840E-06,+2.154814E-06,-1.051601E+02,+4.009716E-01
+8.911133E+02,-1.395026E-06,-5.676591E-06,-1.046636E+02,-1.811772E+00
+8.913574E+02,+3.626057E-07,+2.378228E-06,-1.123751E+02,+1.419493E+00
+8.916016E+02,+5.040305E-07,+1.922361E-07,-1.253611E+02,+3.643679E-01
+8.918457E+02,-8.616397E-07,-4.219862E-06,-1.073166E+02,-1.772214E+00
+8.920898E+02,+8.225074E-08,+6.338871E-06,-1.039590E+02,+1.557821E+00
+8.923340E+02,+5.332367E-06,-2.760062E-06,-1.044307E+02,-4.776326E-01
+8.925781E+02,-9.876486E-06,+1.330884E-06,-1.000298E+02,+3.007647E+00
+8.928223E+02,+4.884626E-06,+2.294727E-06,-1.053573E+02,+4.391853E-01
+8.930664E+02,+1.062549E-06,-1.918702E-06,-1.131782E+02,-1.065052E+00
+8.933105E+02,+4.707353E-06,-1.381608E-06,-1.061856E+02,-2.854829E-01
+8.935547E+02,-1.094850E-05,+2.888308E-07,-9.920988E+01,+3.115218E+00
+8.937988E+02,+4.850494E-06,+3.405622E-06,-1.045438E+02,+6.121464E-01
+8.940430E+02,+4.125459E-07,-5.947722E-06,-1.044921E+02,-1.501545E+00
+8.942871E+02,+1.597032E-06,+2.928255E-07,-1.157901E+02,+1.813418E-01
+8.945312E+02,-5.148948E-06,+4.089845E-06,-1.036413E+02,+2.470333E+00
+8.947754E+02,+8.343375E-06,+1.253610E-06,-1.014762E+02,+1.491365E-01
+8.950195E+02,-5.555420E-06,-3.917023E-06,-1.033530E+02,-2.527465E+00
+8.952637E+02,-2.543842E-07,+5.137259E-06,-1.057747E+02,+1.620273E+00
+8.955078E+02,+7.510918E-07,-7.754879E-06,-1.021680E+02,-1.474243E+00
+8.957520E+02,-4.707773E-06,+2.672223E-06,-1.053307E+02,+2.625323E+00
+8.959961E+02,+7.715722E-06,-2.012991E-06,-1.019665E+02,-2.552059E-01
+8.962402E+02,+2.481029E-07,+1.051024E-05,-9.956534E+01,+1.547195E+00
+8.964844E+02,-7.408146E-06,-1.252082E-05,-9.674378E+01,-2.105066E+00
+8.967285E+02,+8.680257E-06,+7.594125E-06,-9.876091E+01,+7.187583E-01
+8.969727E+02,-6.843909E-06,+1.613648E-06,-1.030590E+02,+2.910043E+00
+8.972168E+02,+1.460496E-06,-4.382417E-06,-1.067083E+02,-1.249109E+00
+8.974609E+02,+4.408729E-06,-3.115058E-06,-1.053550E+02,-6.151191E-01
+8.977051E+02,-5.871865E-06,+4.836508E-06,-1.023754E+02,+2.452582E+00
+8.979492E+02,+5.019219E-06,-2.005523E-07,-1.059803E+02,-3.993562E-02
+8.981934E+02,-4.896734E-06,-4.366836E-06,-1.036605E+02,-2.413335E+00
+8.984375E+02,+3.351494E-06,+5.723127E-06,-1.035668E+02,+1.041028E+00
+8.986816E+02,-1.558942E-06,-1.773376E-06,-1.125374E+02,-2.291933E+00
+8.989258E+02,+6.660605E-07,-7.545891E-08,-1.234743E+02,-1.128104E-01
+8.991699E+02,+4.004447E-06,-2.514223E-06,-1.065059E+02,-5.606517E-01
+8.994141E+02,-4.973309E-06,+1.039484E-06,-1.058814E+02,+2.935546E+00
+8.996582E+02,+1.459526E-06,+4.031490E-06,-1.073558E+02,+1.223444E+00
+8.999023E+02,+3.065940E-06,-6.371499E-06,-1.030106E+02,-1.122305E+00
+9.001465E+02,-9.153541E-06,+5.374800E-06,-9.948170E+01,+2.610651E+00
+9.003906E+02,+1.938054E-06,-6.092137E-06,-1.038859E+02,-1.262796E+00
+9.006348E+02,+7.786048E-06,+3.507283E-06,-1.013713E+02,+4.232343E-01
+9.008789E+02,-1.037514E-05,+2.979295E-06,-9.933601E+01,+2.861960E+00
+9.011230E+02,+1.234149E-05,-8.208198E-06,-9.658195E+01,-5.869101E-01
+9.013672E+02,-8.097231E-06,+1.058987E-05,-9.750287E+01,+2.223589E+00
+9.016113E+02,+5.663436E-06,-1.026884E-06,-1.047979E+02,-1.793694E-01
+9.018555E+02,-3.979655E-06,-9.031626E-06,-1.001141E+02,-1.985835E+00
+9.020996E+02,-4.709697E-06,+9.045960E-06,-9.982922E+01,+2.050820E+00
+9.023438E+02,+6.781147E-06,-6.619252E-06,-1.004673E+02,-7.733175E-01
+9.025879E+02,+1.107535E-06,+3.446694E-06,-1.088252E+02,+1.259885E+00
+9.028320E+02,-5.982664E-06,-4.126170E-06,-1.027722E+02,-2.537821E+00
+9.030762E+02,+6.002774E-06,+8.037418E-06,-9.997258E+01,+9.293121E-01
+9.033203E+02,-7.409215E-06,-6.616845E-06,-1.000577E+02,-2.412627E+00
+9.035645E+02,+8.670390E-06,+4.197694E-06,-1.003247E+02,+4.508803E-01
+9.038086E+02,-6.183841E-06,-5.300280E-06,-1.017827E+02,-2.432981E+00
+9.040527E+02,+1.637177E-06,+6.348409E-06,-1.036671E+02,+1.318408E+00
+9.042969E+02,+1.063350E-06,-6.571413E-06,-1.035346E+02,-1.410372E+00
+9.045410E+02,+2.991258E-06,+5.660788E-06,-1.038730E+02,+1.084674E+00
+9.047852E+02,-1.072157E-05,-1.225392E-07,-9.939426E+01,-3.130164E+00
+9.050293E+02,+1.432594E-05,-3.412979E-06,-9.663779E+01,-2.338781E-01
+9.052734E+02,-1.281652E-05,+2.691088E-06,-9.765723E+01,+2.934629E+00
+9.055176E+02,+5.812618E-06,-6.437832E-06,-1.012360E+02,-8.363899E-01
+9.057617E+02,-1.357761E-07,+1.022748E-05,-9.980386E+01,+1.584071E+00
+9.060059E+02,-1.674096E-06,-3.290101E-06,-1.086559E+02,-2.041481E+00
+9.062500E+02,-4.316493E-06,+1.829267E-06,-1.065801E+02,+2.740751E+00
+9.064941E+02,+1.233865E-05,-4.633904E-06,-9.760162E+01,-3.592615E-01
+9.067383E+02,-1.057267E-05,+8.700504E-06,-9.727045E+01,+2.453029E+00
+9.069824E+02,+9.609936E-06,+4.494443E-06,-9.948651E+01,+4.374647E-01
+9.072266E+02,+1.176497E-05,-1.235970E-05,-9.535844E+01,-8.100451E-01
+9.074707E+02,+2.048306E-07,-5.557873E-06,-1.050959E+02,-1.533959E+00
+9.077148E+02,-1.868155E-05,-2.172720E-05,-9.085619E+01,-2.280966E+00
+9.079590E+02,-1.050313E-05,+3.020895E-05,-8.990169E+01,+1.905405E+00
+9.082031E+02,+1.298662E-05,-2.075397E-07,-9.772897E+01,-1.597969E-02
+9.084473E+02,-1.994352E-06,-9.449062E-06,-1.003029E+02,-1.778807E+00
+9.086914E+02,+6.320342E-06,+4.288108E-06,-1.023407E+02,+5.961238E-01
+9.089355E+02,-9.904287E-06,+2.210956E-06,-9.987233E+01,+2.921962E+00
+9.091797E+02,+8.705502E-07,+4.267473E-06,-1.072195E+02,+1.369561E+00
+9.094238E+02,+7.017010E-06,-1.164395E-05,-9.733250E+01,-1.028444E+00
+9.096680E+02,-4.498873E-06,+8.551639E-06,-1.002979E+02,+2.055092E+00
+9.099121E+02,+6.829941E-07,-5.560731E-06,-1.050323E+02,-1.448584E+00
+9.101562E+02,-4.467447E-06,-3.309772E-06,-1.050986E+02,-2.503964E+00
+9.104004E+02,+5.583083E-06,+3.241754E-06,-1.038007E+02,+5.260615E-01
+9.106445E+02,-5.899185E-06,+1.055524E-05,-9.835013E+01,+2.080437E+00
+9.108887E+02,+3.322551E-06,-4.037165E-06,-1.056323E+02,-8.821927E-01
+9.111328E+02,+2.157595E-06,-8.305210E-06,-1.013293E+02,-1.316627E+00
+9.113770E+02,-8.734476E-06,+7.483920E-06,-9.878440E+01,+2.433150E+00
+9.116211E+02,+8.866677E-06,+1.940788E-06,-1.008415E+02,+2.154871E-01
+9.118652E+02,-7.875139E-06,-1.780578E-06,-1.018583E+02,-2.919230E+00
+9.121094E+02,+1.099859E-05,-3.395259E-06,-9.877795E+01,-2.994188E-01
+9.123535E+02,-1.261116E-06,+2.770313E-06,-1.103315E+02,+1.997987E+00
+9.125977E+02,-8.750500E-06,-1.190388E-07,-1.011585E+02,-3.127990E+00
+9.128418E+02,+6.680310E-06,-1.524906E-06,-1.032835E+02,-2.244235E-01
+9.130859E+02,-3.362799E-06,+1.609705E-06,-1.085700E+02,+2.695146E+00
+9.133301E+02,+5.769790E-06,+1.324447E-06,-1.045538E+02,+2.256395E-01
+9.135742E+02,-3.657017E-06,+1.434935E-06,-1.081155E+02,+2.767674E+00
+9.138184E+02,-1.738325E-06,-6.351365E-06,-1.036289E+02,-1.837947E+00
+9.140625E+02,+4.626683E-06,+3.314324E-06,-1.048958E+02,+6.216151E-01
+9.143066E+02,+3.774856E-06,+3.812327E-06,-1.054086E+02,+7.903368E-01
+9.145508E+02,-1.191970E-05,-7.377066E-06,-9.706636E+01,-2.587394E+00
+9.147949E+02,+1.078215E-05,+9.554279E-06,-9.682900E+01,+7.250934E-01
+9.150391E+02,-9.352673E-06,-3.991235E-06,-9.985469E+01,-2.738242E+00
+9.152832E+02,+5.043662E-06,-4.058715E-06,-1.037766E+02,-6.776099E-01
+9.155273E+02,-3.717041E-06,+4.158605E-06,-1.050709E+02,+2.300186E+00
+9.157715E+02,+2.896812E-06,-6.312378E-06,-1.031661E+02,-1.140558E+00
+9.160156E+02,+9.352152E-07,+6.893692E-06,-1.031518E+02,+1.435957E+00
+9.162598E+02,+1.453792E-07,-2.389004E-06,-1.124196E+02,-1.510018E+00
+9.165039E+02,-1.645521E-06,-1.057374E-06,-1.141728E+02,-2.570453E+00
+9.167480E+02,+5.412231E-06,-1.974880E-07,-1.053267E+02,-3.647302E-02
+9.169922E+02,-7.563229E-06,+6.336425E-07,-1.023955E+02,+3.058008E+00
+9.172363E+02,+3.076433E-06,-1.592958E-06,-1.092075E+02,-4.777810E-01
+9.174805E+02,+8.989416E-07,+5.664124E-06,-1.048293E+02,+1.413401E+00
+9.177246E+02,+6.824409E-07,-4.038379E-06,-1.077536E+02,-1.403389E+00
+9.179688E+02,-1.881912E-06,+1.449699E-06,-1.124847E+02,+2.485205E+00
+9.182129E+02,+3.357001E-06,-2.524524E-06,-1.075343E+02,-6.447911E-01
+9.184570E+02,-7.983431E-06,-1.395366E-06,-1.018255E+02,-2.968558E+00
+9.187012E+02,+7.061749E-06,+8.807901E-06,-9.894669E+01,+8.949882E-01
+9.189453E+02,+3.634449E-07,-8.882301E-06,-1.010222E+02,-1.529901E+00
+9.191895E+02,-4.692989E-06,+1.524016E-06,-1.061356E+02,+2.827593E+00
+9.194336E+02,+7.151361E-06,+3.361791E-06,-1.020451E+02,+4.394354E-01
+9.196777E+02,-1.801860E-06,-3.316382E-06,-1.084633E+02,-2.068497E+00
+9.199219E+02,-6.822921E-06,+1.098400E-06,-1.032095E+02,+2.981976E+00
+9.201660E+02,+5.764876E-06,-1.602960E-07,-1.047808E+02,-2.779847E-02
+9.204102E+02,-1.732508E-06,-6.608964E-06,-1.033087E+02,-1.827173E+00
+9.206543E+02,-1.490887E-06,+8.108984E-06,-1.016763E+02,+1.752622E+00
+9.208984E+02,-1.037517E-06,+2.914554E-06,-1.101904E+02,+1.912787E+00
+9.211426E+02,+7.819469E-07,-1.045433E-05,-9.958984E+01,-1.496139E+00
+9.213867E+02,+4.066152E-07,+8.587958E-06,-1.013125E+02,+1.523484E+00
+9.216309E+02,+5.470452E-06,-8.229101E-06,-1.001035E+02,-9.841086E-01
+9.218750E+02,-6.733746E-06,+9.683881E-06,-9.856607E+01,+2.178399E+00
+9.221191E+02,+1.395440E-06,+4.628061E-06,-1.063141E+02,+1.277948E+00
+9.223633E+02,-1.539380E-06,-8.936717E-06,-1.008495E+02,-1.741376E+00
+9.226074E+02,+4.520387E-06,+8.260923E-07,-1.067538E+02,+1.807535E-01
+9.228516E+02,-6.649545E-06,-1.157687E-06,-1.034145E+02,-2.969220E+00
+9.230957E+02,+1.015611E-05,+3.079420E-06,-9.948348E+01,+2.943978E-01
+9.233398E+02,-2.743023E-06,-8.989348E-07,-1.107924E+02,-2.824905E+00
+9.235840E+02,+4.403301E-07,-2.638635E-06,-1.114531E+02,-1.405442E+00
+9.238281E+02,-3.084010E-07,-2.012769E-06,-1.138233E+02,-1.722836E+00
+9.240723E+02,-4.710697E-06,-3.895087E-06,-1.042757E+02,-2.450687E+00
+9.243164E+02,-9.957882E-06,+1.063830E-05,-9.672982E+01,+2.323170E+00
+9.245605E+02,+1.175735E-05,+4.553317E-06,-9.798690E+01,+3.694878E-01
+9.248047E+02,+6.850773E-06,-8.076905E-06,-9.950126E+01,-8.673524E-01
+9.250488E+02,-9.330756E-06,-1.296031E-06,-1.005187E+02,-3.003577E+00
+9.252930E+02,+4.302292E-06,+5.269950E-06,-1.033459E+02,+8.861459E-01
+9.255371E+02,-1.335676E-06,+3.172225E-06,-1.092639E+02,+1.969319E+00
+9.257812E+02,+9.753877E-06,-7.957810E-06,-9.800067E+01,-6.843379E-01
+9.260254E+02,-3.513052E-06,-3.780357E-06,-1.057459E+02,-2.319561E+00
+9.262695E+02,-6.043566E-06,-6.055943E-06,-1.013549E+02,-2.355172E+00
+9.265137E+02,+1.156265E-07,+1.261066E-05,-9.798488E+01,+1.561628E+00
+9.267578E+02,-2.149803E-06,-6.608677E-06,-1.031609E+02,-1.885300E+00
+9.270020E+02,-5.586157E-07,+1.163341E-06,-1.177848E+02,+2.018465E+00
+9.272461E+02,-1.076171E-05,+5.908952E-06,-9.821800E+01,+2.639462E+00
+9.274902E+02,+1.664649E-05,+6.348174E-07,-9.556724E+01,+3.811675E-02
+9.277344E+02,-4.406592E-06,+7.813737E-07,-1.069835E+02,+2.966098E+00
+9.279785E+02,+6.603826E-06,-3.542107E-06,-1.025060E+02,-4.923200E-01
+9.282227E+02,-3.167847E-06,+2.585891E-06,-1.077671E+02,+2.456996E+00
+9.284668E+02,+4.750674E-06,-5.272325E-07,-1.064117E+02,-1.105283E-01
+9.287109E+02,-5.192666E-06,-5.293614E-06,-1.025975E+02,-2.346568E+00
+9.289551E+02,+2.431187E-06,-7.048196E-06,-1.025502E+02,-1.238639E+00
+9.291992E+02,+2.909081E-06,+9.936584E-06,-9.969811E+01,+1.285990E+00
+9.294434E+02,-2.012210E-06,-1.575117E-05,-9.598344E+01,-1.697858E+00
+9.296875E+02,-1.748297E-05,-4.452871E-06,-9.487473E+01,-2.892198E+00
+9.299316E+02,-7.697369E-06,+2.422012E-05,-9.189859E+01,+1.878510E+00
+9.301758E+02,+1.809337E-05,+1.347121E-06,-9.482560E+01,+7.431676E-02
+9.304199E+02,-7.945420E-06,-3.824020E-06,-1.010928E+02,-2.693028E+00
+9.306641E+02,+4.703576E-06,+3.270489E-06,-1.048386E+02,+6.075779E-01
+9.309082E+02,+4.592188E-06,+3.336485E-06,-1.049187E+02,+6.283278E-01
+9.311523E+02,+1.209922E-05,-6.652315E-06,-9.719776E+01,-5.027000E-01
+9.313965E+02,-9.557186E-06,-8.911480E-06,-9.767628E+01,-2.391143E+00
+9.316406E+02,+4.796067E-08,+6.479609E-06,-1.037688E+02,+1.563395E+00
+9.318848E+02,-2.810930E-06,-2.858027E-09,-1.110230E+02,-3.140576E+00
+9.321289E+02,-9.417240E-06,+3.965364E-07,-1.005138E+02,+3.099510E+00
+9.323730E+02,+9.001018E-06,-4.807886E-06,-9.982407E+01,-4.905922E-01
+9.326172E+02,-4.639051E-06,+1.238673E-05,-9.757082E+01,+1.929144E+00
+9.328613E+02,+7.258822E-06,-7.231665E-06,-9.978863E+01,-7.835240E-01
+9.331055E+02,-1.068066E-06,-3.057722E-06,-1.097921E+02,-1.906848E+00
+9.333496E+02,-4.925995E-06,+3.228649E-07,-1.061315E+02,+3.076143E+00
+9.335938E+02,-1.667669E-06,-3.052379E-06,-1.091728E+02,-2.070833E+00
+9.338379E+02,-1.329756E-05,+1.576890E-05,-9.371117E+01,+2.271375E+00
+9.340820E+02,+2.949175E-05,+6.351642E-07,-9.060397E+01,+2.153368E-02
+9.343262E+02,-8.827267E-07,-9.770998E-06,-1.001659E+02,-1.660893E+00
+9.345703E+02,-6.755643E-06,-4.586142E-06,-1.017606E+02,-2.545195E+00
+9.348145E+02,-6.962006E-06,+7.659576E-06,-9.970054E+01,+2.308522E+00
+9.350586E+02,+2.002448E-06,-6.050791E-06,-1.039124E+02,-1.251202E+00
+9.353027E+02,+2.886509E-07,+8.352296E-06,-1.015587E+02,+1.536251E+00
+9.355469E+02,+6.665382E-06,-7.926112E-06,-9.969601E+01,-8.715858E-01
+9.357910E+02,-6.998843E-06,+6.622317E-07,-1.030608E+02,+3.047253E+00
+9.360352E+02,+7.395269E-06,+6.696251E-07,-1.025855E+02,+9.030151E-02
+9.362793E+02,-6.251852E-06,+5.454447E-08,-1.040795E+02,+3.132868E+00
+9.365234E+02,+1.866681E-06,+3.348712E-06,-1.083273E+02,+1.062265E+00
+9.367676E+02,-5.654969E-07,-5.127095E-06,-1.057501E+02,-1.680648E+00
+9.370117E+02,-5.952533E-06,+5.277079E-06,-1.019873E+02,+2.416271E+00
+9.372559E+02,+1.446670E-05,-5.465097E-06,-9.621324E+01,-3.611977E-01
+9.375000E+02,-1.301840E-05,+6.545917E-07,-9.769788E+01,+3.091353E+00
+9.377441E+02,+2.992988E-06,+2.362783E-06,-1.083741E+02,+6.682683E-01
+9.379883E+02,-3.636241E-06,-6.284272E-06,-1.027807E+02,-2.095351E+00
+9.382324E+02,+1.147414E-06,+9.329515E-06,-1.005376E+02,+1.448423E+00
+9.384766E+02,+5.979710E-06,+1.555821E-07,-1.044635E+02,+2.601247E-02
+9.387207E+02,+5.228952E-06,-5.343485E-06,-1.025263E+02,-7.962309E-01
+9.389648E+02,-1.608589E-05,+6.406816E-06,-9.523164E+01,+2.762563E+00
+9.392090E+02,+1.453747E-05,-4.235271E-06,-9.639642E+01,-2.834883E-01
+9.394531E+02,-1.006486E-05,-9.985636E-08,-9.994342E+01,-3.131672E+00
+9.396973E+02,+7.784203E-06,-5.417334E-06,-1.004604E+02,-6.079955E-01
+9.399414E+02,+3.044694E-07,+5.276604E-06,-1.055385E+02,+1.513158E+00
+9.401855E+02,-9.812907E-06,+2.688041E-06,-9.984982E+01,+2.874222E+00
+9.404297E+02,+6.069566E-06,-6.832471E-06,-1.007820E+02,-8.444600E-01
+9.406738E+02,+1.921783E-06,+1.559794E-06,-1.121281E+02,+6.817979E-01
+9.409180E+02,+1.957255E-06,+4.865986E-06,-1.056053E+02,+1.188367E+00
+9.411621E+02,-5.004956E-06,-5.973314E-07,-1.059506E+02,-3.022807E+00
+9.414062E+02,-6.541378E-06,-7.558041E-07,-1.036290E+02,-3.026561E+00
+9.416504E+02,+1.365761E-05,-3.269525E-06,-9.705048E+01,-2.349702E-01
+9.418945E+02,-9.098395E-06,+4.990008E-06,-9.967861E+01,+2.639941E+00
+9.421387E+02,+3.157277E-06,-5.279534E-06,-1.042203E+02,-1.031832E+00
+9.423828E+02,-1.099146E-06,+3.094923E-06,-1.096711E+02,+1.912047E+00
+9.426270E+02,+7.960305E-06,+7.178194E-07,-1.019462E+02,+8.993163E-02
+9.428711E+02,-1.432904E-05,-8.038551E-06,-9.568733E+01,-2.630346E+00
+9.431152E+02,+7.829382E-06,+1.244101E-05,-9.665390E+01,+1.009096E+00
+9.433594E+02,-2.533084E-06,-1.395785E-05,-9.696290E+01,-1.750323E+00
+9.436035E+02,+1.566001E-06,+1.723763E-05,-9.523476E+01,+1.480197E+00
+9.438477E+02,+1.821123E-06,-1.455383E-05,-9.667298E+01,-1.446313E+00
+9.440918E+02,+2.037893E-06,+4.112806E-06,-1.067637E+02,+1.110756E+00
+9.443359E+02,-6.389093E-06,-9.222844E-07,-1.038017E+02,-2.998230E+00
+9.445801E+02,+4.694745E-06,+5.833055E-06,-1.025131E+02,+8.931040E-01
+9.448242E+02,-2.973018E-06,-5.425839E-06,-1.041704E+02,-2.072054E+00
+9.450684E+02,-4.250762E-07,+4.077320E-06,-1.077456E+02,+1.674675E+00
+9.453125E+02,-1.754522E-06,-8.700315E-06,-1.010362E+02,-1.769789E+00
+9.455566E+02,+5.118972E-06,+8.989158E-06,-9.970580E+01,+1.053135E+00
+9.458008E+02,-1.926793E-06,-4.889194E-06,-1.055883E+02,-1.946199E+00
+9.460449E+02,-8.188536E-08,+7.123148E-06,-1.029460E+02,+1.582291E+00
+9.462891E+02,+1.285920E-06,-6.447837E-06,-1.036423E+02,-1.373945E+00
+9.465332E+02,+8.807046E-07,-5.876103E-07,-1.195042E+02,-5.883750E-01
+9.467773E+02,-3.261836E-06,+3.123934E-06,-1.069040E+02,+2.377786E+00
+9.470215E+02,-3.866051E-06,-1.097293E-07,-1.082512E+02,-3.113218E+00
+9.472656E+02,+1.207727E-05,-1.424818E-07,-9.836002E+01,-1.179697E-02
+9.475098E+02,-1.014497E-05,-7.427251E-06,-9.801111E+01,-2.509639E+00
+9.477539E+02,+1.199910E-06,+1.153528E-05,-9.871270E+01,+1.467148E+00
+9.479980E+02,+3.441625E-06,-2.700174E-06,-1.071815E+02,-6.652575E-01
+9.482422E+02,-9.213418E-07,-6.992484E-07,-1.187360E+02,-2.492391E+00
+9.484863E+02,-3.836039E-06,-3.703845E-06,-1.054617E+02,-2.373725E+00
+9.487305E+02,+5.708507E-06,+1.165324E-06,-1.046922E+02,+2.013714E-01
+9.489746E+02,-2.439080E-06,-3.842371E-06,-1.068376E+02,-2.136401E+00
+9.492188E+02,+2.463063E-06,+7.729201E-06,-1.018173E+02,+1.262300E+00
+9.494629E+02,-5.661854E-06,-5.638551E-06,-1.019484E+02,-2.358257E+00
+9.497070E+02,+3.269593E-06,+9.084953E-06,-1.003046E+02,+1.225337E+00
+9.499512E+02,-1.629614E-07,-5.595050E-06,-1.050402E+02,-1.599914E+00
+9.501953E+02,+2.752054E-06,-9.343603E-07,-1.107331E+02,-3.273026E-01
+9.504395E+02,-4.785722E-06,-3.388299E-06,-1.046365E+02,-2.525517E+00
+9.506836E+02,+1.226672E-06,+3.498109E-06,-1.086197E+02,+1.233527E+00
+9.509277E+02,-1.218950E-07,-5.878034E-07,-1.244325E+02,-1.775272E+00
+9.511719E+02,+2.528156E-06,+4.904132E-06,-1.051653E+02,+1.094814E+00
+9.514160E+02,-2.526317E-06,-6.953788E-06,-1.026172E+02,-1.919271E+00
+9.516602E+02,+5.898356E-06,+3.085862E-06,-1.035347E+02,+4.820139E-01
+9.519043E+02,-1.204489E-05,+1.491619E-06,-9.831784E+01,+3.018382E+00
+9.521484E+02,+1.336877E-05,-3.606795E-06,-9.717303E+01,-2.635186E-01
+9.523926E+02,-1.038991E-05,-3.332777E-06,-9.924243E+01,-2.831191E+00
+9.526367E+02,+5.600758E-06,+9.140435E-06,-9.939619E+01,+1.021058E+00
+9.528809E+02,-5.299219E-06,-4.737030E-06,-1.029653E+02,-2.412152E+00
+9.531250E+02,+2.928677E-06,-7.736750E-07,-1.103736E+02,-2.582721E-01
+9.533691E+02,+4.443626E-06,+5.665018E-06,-1.028535E+02,+9.056418E-01
+9.536133E+02,-5.030015E-06,-9.432715E-06,-9.942040E+01,-2.060690E+00
+9.538574E+02,+3.288399E-06,+9.896411E-06,-9.963561E+01,+1.249992E+00
+9.541016E+02,-3.917513E-07,-9.380610E-06,-1.005478E+02,-1.612534E+00
+9.543457E+02,-3.656736E-06,+5.808786E-06,-1.032685E+02,+2.132638E+00
+9.545898E+02,-1.301012E-06,+3.789842E-06,-1.079438E+02,+1.901480E+00
+9.548340E+02,+1.014909E-05,-5.282478E-06,-9.883032E+01,-4.799033E-01
+9.550781E+02,-1.020803E-05,-2.220483E-06,-9.962038E+01,-2.927406E+00
+9.553223E+02,+5.631551E-06,+1.276264E-06,-1.047699E+02,+2.228630E-01
+9.555664E+02,-3.726456E-06,+3.505594E-06,-1.058210E+02,+2.386724E+00
+9.558105E+02,+3.184182E-06,-4.694400E-06,-1.049246E+02,-9.747874E-01
+9.560547E+02,-3.449520E-06,+3.427070E-06,-1.062628E+02,+2.359459E+00
+9.562988E+02,+8.880750E-07,-7.740442E-07,-1.185767E+02,-7.168999E-01
+9.565430E+02,+2.588503E-06,+3.601821E-06,-1.070612E+02,+9.476531E-01
+9.567871E+02,-6.125483E-07,-5.881297E-06,-1.045637E+02,-1.674574E+00
+9.570312E+02,-3.300868E-06,+6.498796E-07,-1.094623E+02,+2.947197E+00
+9.572754E+02,-3.166454E-07,+1.831260E-06,-1.146171E+02,+1.742015E+00
+9.575195E+02,+5.337651E-06,-1.410150E-06,-1.051600E+02,-2.582880E-01
+9.577637E+02,-3.368072E-06,+5.332161E-06,-1.040038E+02,+2.134165E+00
+9.580078E+02,+3.583458E-06,-8.594896E-06,-1.006191E+02,-1.175782E+00
+9.582520E+02,-2.334188E-06,+9.671550E-06,-1.000442E+02,+1.807613E+00
+9.584961E+02,-4.726704E-06,-8.574076E-06,-1.001838E+02,-2.074621E+00
+9.587402E+02,+4.771051E-06,+1.385235E-06,-1.060762E+02,+2.825724E-01
+9.589844E+02,-8.653088E-07,+4.022202E-06,-1.077142E+02,+1.782700E+00
+9.592285E+02,+3.038945E-06,-3.962507E-06,-1.060316E+02,-9.165509E-01
+9.594727E+02,-1.779602E-06,+1.593754E-06,-1.124359E+02,+2.411232E+00
+9.597168E+02,-1.405779E-06,+3.513975E-07,-1.167784E+02,+2.896646E+00
+9.599609E+02,-9.469598E-07,+5.866981E-07,-1.190625E+02,+2.586915E+00
+9.602051E+02,+1.198958E-06,-7.738752E-08,-1.184059E+02,-6.445625E-02
+9.604492E+02,-8.967265E-07,+1.102464E-07,-1.208816E+02,+3.019263E+00
+9.606934E+02,-8.092707E-07,-2.242656E-06,-1.124531E+02,-1.917107E+00
+9.609375E+02,+5.146278E-06,+4.361601E-06,-1.034192E+02,+7.030557E-01
+9.611816E+02,-2.150626E-06,-3.098120E-06,-1.084699E+02,-2.177600E+00
+9.614258E+02,-5.530723E-06,+2.822410E-06,-1.041392E+02,+2.669727E+00
+9.616699E+02,+8.128432E-06,-8.760358E-06,-9.845226E+01,-8.227976E-01
+9.619141E+02,-4.984920E-06,+7.483404E-06,-1.009232E+02,+2.158427E+00
+9.621582E+02,-3.576434E-07,+1.003867E-06,-1.194475E+02,+1.913042E+00
+9.624023E+02,+5.044704E-06,-5.532043E-06,-1.025140E+02,-8.314421E-01
+9.626465E+02,-2.647098E-06,-3.026061E-06,-1.079145E+02,-2.289495E+00
+9.628906E+02,-4.985250E-06,+1.230959E-05,-9.753554E+01,+1.955596E+00
+9.631348E+02,+5.970804E-06,-2.079520E-06,-1.039821E+02,-3.351430E-01
+9.633789E+02,+1.569871E-06,-4.194573E-06,-1.069769E+02,-1.212672E+00
+9.636230E+02,-7.285578E-06,+6.339387E-07,-1.027180E+02,+3.054798E+00
+9.638672E+02,+1.887155E-06,-3.005781E-06,-1.089977E+02,-1.010156E+00
+9.641113E+02,+3.339042E-06,+6.922061E-06,-1.022868E+02,+1.121346E+00
+9.643555E+02,-1.288932E-06,-7.887879E-06,-1.019464E+02,-1.732771E+00
+9.645996E+02,+1.395810E-07,+5.980477E-06,-1.044629E+02,+1.547461E+00
+9.648438E+02,+2.097571E-06,-5.679844E-06,-1.043580E+02,-1.217032E+00
+9.650879E+02,-3.002153E-06,+2.667333E-06,-1.079243E+02,+2.415183E+00
+9.653320E+02,-2.126480E-07,-3.356315E-07,-1.280171E+02,-2.135539E+00
+9.655762E+02,-3.755362E-06,+4.886126E-06,-1.042048E+02,+2.226081E+00
+9.658203E+02,+8.636554E-06,-4.500090E-06,-1.002300E+02,-4.803466E-01
+9.660645E+02,-7.454515E-06,-4.518351E-06,-1.011927E+02,-2.596683E+00
+9.663086E+02,+5.411036E-06,+9.657828E-06,-9.911676E+01,+1.060099E+00
+9.665527E+02,-3.862527E-06,-8.241859E-06,-1.008172E+02,-2.009049E+00
+9.667969E+02,+4.938435E-06,+5.705305E-06,-1.024459E+02,+8.573228E-01
+9.670410E+02,-3.504571E-06,-1.304119E-06,-1.085441E+02,-2.785350E+00
+9.672852E+02,+2.791091E-06,-1.215698E-06,-1.103301E+02,-4.107842E-01
+9.675293E+02,+1.089644E-06,+4.494551E-06,-1.066982E+02,+1.332949E+00
+9.677734E+02,-3.078050E-06,-8.636033E-06,-1.007543E+02,-1.913178E+00
+9.680176E+02,-3.013664E-06,+5.046212E-06,-1.046160E+02,+2.109164E+00
+9.682617E+02,-2.097862E-06,-3.709842E-06,-1.074079E+02,-2.085451E+00
+9.685059E+02,+6.794616E-06,+8.635996E-06,-9.918123E+01,+9.041694E-01
+9.687500E+02,+1.541514E-07,-1.318052E-06,-1.175423E+02,-1.454371E+00
+9.689941E+02,-5.769046E-06,-9.015803E-06,-9.940942E+01,-2.140026E+00
+9.692383E+02,+6.534059E-06,+3.110585E-06,-1.028092E+02,+4.443105E-01
+9.694824E+02,-4.929871E-06,+4.781728E-06,-1.032635E+02,+2.371448E+00
+9.697266E+02,+4.135793E-06,-3.059441E-06,-1.057733E+02,-6.369069E-01
+9.699707E+02,-1.655681E-06,+1.047557E-06,-1.141582E+02,+2.577472E+00
+9.702148E+02,-1.070747E-06,-8.172021E-07,-1.174129E+02,-2.489692E+00
+9.704590E+02,-1.129899E-06,-4.247524E-06,-1.071404E+02,-1.830789E+00
+9.707031E+02,+4.427405E-06,+1.183664E-06,-1.067772E+02,+2.612397E-01
+9.709473E+02,-1.798095E-06,+5.313152E-06,-1.050220E+02,+1.897121E+00
+9.711914E+02,-1.560912E-06,+4.333912E-06,-1.067327E+02,+1.916496E+00
+9.714355E+02,-1.553236E-06,-1.188247E-05,-9.842828E+01,-1.700776E+00
+9.716797E+02,+5.300366E-06,+5.396465E-06,-1.024249E+02,+7.943817E-01
+9.719238E+02,-5.915118E-06,+3.640837E-06,-1.031655E+02,+2.589844E+00
+9.721680E+02,+3.085871E-06,-4.827027E-06,-1.048382E+02,-1.001987E+00
+9.724121E+02,+5.283842E-06,-3.714176E-06,-1.037972E+02,-6.126903E-01
+9.726562E+02,-1.554836E-05,+6.639640E-06,-9.543883E+01,+2.738003E+00
+9.729004E+02,+1.860867E-05,+1.204123E-06,-9.458755E+01,+6.461758E-02
+9.731445E+02,-8.087259E-06,-4.041807E-06,-1.008757E+02,-2.678125E+00
+9.733887E+02,-4.301194E-06,+1.009783E-07,-1.073258E+02,+3.118120E+00
+9.736328E+02,+5.277471E-06,-3.158554E-06,-1.042218E+02,-5.393141E-01
+9.738770E+02,-6.076576E-06,+8.208835E-06,-9.981675E+01,+2.208027E+00
+9.741211E+02,+1.124021E-05,-5.061478E-06,-9.818268E+01,-4.231042E-01
+9.743652E+02,-7.487282E-06,+1.503714E-06,-1.023418E+02,+2.943394E+00
+9.746094E+02,+4.028749E-06,-4.614209E-06,-1.042572E+02,-8.530332E-01
+9.748535E+02,-3.001777E-06,+1.114256E-05,-9.875603E+01,+1.833946E+00
+9.750977E+02,-1.068865E-06,-1.004703E-05,-9.991037E+01,-1.676784E+00
+9.753418E+02,+3.108436E-06,+1.918626E-06,-1.087473E+02,+5.529937E-01
+9.755859E+02,-8.536793E-06,-1.320171E-06,-1.012715E+02,-2.988163E+00
+9.758301E+02,+9.711509E-06,+7.266369E-06,-9.832348E+01,+6.423625E-01
+9.760742E+02,-4.160314E-06,-6.846415E-06,-1.019259E+02,-2.116831E+00
+9.763184E+02,-3.836475E-07,+1.244020E-07,-1.278872E+02,+2.828029E+00
+9.765625E+02,+4.154652E-06,+7.992127E-07,-1.074715E+02,+1.900443E-01
+9.768066E+02,-8.506083E-06,+4.239481E-06,-1.004418E+02,+2.679221E+00
+9.770508E+02,+7.464145E-06,-4.564646E-06,-1.011606E+02,-5.488638E-01
+9.772949E+02,-2.155340E-06,+2.094722E-07,-1.132889E+02,+3.044709E+00
+9.775391E+02,-5.434936E-07,+3.381517E-07,-1.238750E+02,+2.585023E+00
+9.777832E+02,+6.917052E-06,+3.239670E-06,-1.023403E+02,+4.380167E-01
+9.780273E+02,-9.576155E-06,-2.914631E-06,-9.999142E+01,-2.846138E+00
+9.782715E+02,+4.945458E-06,-2.817393E-06,-1.048952E+02,-5.178369E-01
+9.785156E+02,-5.556821E-07,+6.556169E-06,-1.036359E+02,+1.655351E+00
+9.787598E+02,-6.508240E-06,-7.164407E-06,-1.002833E+02,-2.308240E+00
+9.790039E+02,+6.304125E-06,+7.465583E-06,-1.002010E+02,+8.695477E-01
+9.792480E+02,+1.868508E-06,-3.865191E-06,-1.073445E+02,-1.120501E+00
+9.794922E+02,-1.385469E-06,-5.531502E-06,-1.048789E+02,-1.816216E+00
+9.797363E+02,-1.996530E-07,+8.333740E-06,-1.015807E+02,+1.594749E+00
+9.799805E+02,-4.183105E-06,-1.761271E-06,-1.068612E+02,-2.743078E+00
+9.802246E+02,+5.926338E-06,-1.468348E-06,-1.042855E+02,-2.428754E-01
+9.804688E+02,-5.901690E-06,-3.598434E-07,-1.045644E+02,-3.080695E+00
+9.807129E+02,+4.079277E-06,+1.583093E-06,-1.071791E+02,+3.701900E-01
+9.809570E+02,-2.280660E-07,+2.951386E-06,-1.105736E+02,+1.647917E+00
+9.812012E+02,-3.101457E-06,-7.698230E-06,-1.016190E+02,-1.953782E+00
+9.814453E+02,+6.528011E-06,+5.822972E-06,-1.011621E+02,+7.283764E-01
+9.816895E+02,-4.237200E-06,-6.855409E-06,-1.018742E+02,-2.124405E+00
+9.819336E+02,-4.050611E-06,+1.279847E-05,-9.744225E+01,+1.877314E+00
+9.821777E+02,+4.596659E-06,-8.681423E-06,-1.001549E+02,-1.083842E+00
+9.824219E+02,+3.098120E-06,+1.030786E-06,-1.097221E+02,+3.211926E-01
+9.826660E+02,-1.980186E-06,-2.829674E-06,-1.092343E+02,-2.181383E+00
+9.829102E+02,-2.221294E-06,+3.943274E-06,-1.068859E+02,+2.083803E+00
+9.831543E+02,-1.329853E-06,+3.212370E-06,-1.091765E+02,+1.963295E+00
+9.833984E+02,+2.283489E-06,-6.539924E-06,-1.031889E+02,-1.234869E+00
+9.836426E+02,+2.634112E-07,+1.792269E-06,-1.148391E+02,+1.424870E+00
+9.838867E+02,+8.226809E-07,-6.126339E-07,-1.197793E+02,-6.400875E-01
+9.841309E+02,-5.494793E-06,+1.808788E-06,-1.047542E+02,+2.823583E+00
+9.843750E+02,+4.735094E-06,-1.809580E-06,-1.059014E+02,-3.650360E-01
+9.846191E+02,-1.308268E-06,-6.613553E-07,-1.166777E+02,-2.673539E+00
+9.848633E+02,+5.118322E-06,+3.692350E-06,-1.039978E+02,+6.249435E-01
+9.851074E+02,-8.000612E-06,-3.502708E-06,-1.011760E+02,-2.728926E+00
+9.853516E+02,+2.104359E-06,+4.626449E-06,-1.058784E+02,+1.143913E+00
+9.855957E+02,+2.499466E-06,-5.495935E-06,-1.043827E+02,-1.143971E+00
+9.858398E+02,+3.686578E-07,+2.119547E-06,-1.133457E+02,+1.398587E+00
+9.860840E+02,-4.627466E-06,-2.166524E-06,-1.058324E+02,-2.703717E+00
+9.863281E+02,+1.061936E-05,+4.832015E-06,-9.866080E+01,+4.270202E-01
+9.865723E+02,-1.234116E-05,-2.016527E-07,-9.817172E+01,-3.125254E+00
+9.868164E+02,+4.080338E-06,-4.474594E-06,-1.043568E+02,-8.314507E-01
+9.870605E+02,+1.342370E-06,+3.480587E-06,-1.085647E+02,+1.202701E+00
+9.873047E+02,+2.122772E-07,-3.041375E-06,-1.103175E+02,-1.501113E+00
+9.875488E+02,-1.423435E-06,+5.998179E-07,-1.162234E+02,+2.742786E+00
+9.877930E+02,+3.440614E-06,+2.343751E-06,-1.076118E+02,+5.979977E-01
+9.880371E+02,-7.259034E-06,+1.771981E-08,-1.027824E+02,+3.139152E+00
+9.882812E+02,+9.038355E-06,-2.724267E-07,-1.008743E+02,-3.013206E-02
+9.885254E+02,-8.644323E-06,-3.043245E-06,-1.007579E+02,-2.803092E+00
+9.887695E+02,+4.920232E-06,+2.635262E-06,-1.050650E+02,+4.917181E-01
+9.890137E+02,+3.029373E-06,+4.730367E-06,-1.050095E+02,+1.001193E+00
+9.892578E+02,-3.814290E-06,-1.077012E-05,-9.884242E+01,-1.911168E+00
+9.895020E+02,+1.201029E-06,+6.022872E-06,-1.042346E+02,+1.373967E+00
+9.897461E+02,-6.153443E-06,-2.614403E-06,-1.034969E+02,-2.739834E+00
+9.899902E+02,+6.307773E-06,+7.222347E-06,-1.003645E+02,+8.528909E-01
+9.902344E+02,-1.779295E-06,-6.153608E-06,-1.038687E+02,-1.852266E+00
+9.904785E+02,+8.953133E-07,-2.399357E-06,-1.118320E+02,-1.213651E+00
+9.907227E+02,-1.886745E-06,+6.980090E-06,-1.028165E+02,+1.834791E+00
+9.909668E+02,+3.477718E-06,-5.405853E-06,-1.038386E+02,-9.991283E-01
+9.912109E+02,-9.556625E-07,-3.291795E-06,-1.092999E+02,-1.853346E+00
+9.914551E+02,-3.382175E-06,+8.947694E-06,-1.003858E+02,+1.932189E+00
+9.916992E+02,+4.226024E-06,-3.846566E-07,-1.074455E+02,-9.077080E-02
+9.919434E+02,-4.702158E-07,-3.413279E-06,-1.092549E+02,-1.707695E+00
+9.921875E+02,-7.381854E-06,-7.439338E-07,-1.025928E+02,-3.041153E+00
+9.924316E+02,+7.903580E-06,-1.409122E-06,-1.019076E+02,-1.764352E-01
+9.926758E+02,-3.092568E-07,+6.143780E-06,-1.042203E+02,+1.621090E+00
+9.929199E+02,-2.422301E-06,-6.330766E-06,-1.033775E+02,-1.936234E+00
+9.931641E+02,+1.007158E-06,-1.882247E-06,-1.134130E+02,-1.079478E+00
+9.934082E+02,+1.024822E-06,+6.637641E-06,-1.034574E+02,+1.417610E+00
+9.936523E+02,-9.880864E-07,-4.186807E-07,-1.193869E+02,-2.740799E+00
+9.938965E+02,-2.071987E-06,-1.767093E-06,-1.112984E+02,-2.435447E+00
+9.941406E+02,+9.055576E-07,+1.594196E-06,-1.147347E+02,+1.054213E+00
+9.943848E+02,+6.627904E-06,-9.140088E-06,-9.894592E+01,-9.433920E-01
+9.946289E+02,-8.399739E-06,+1.250221E-05,-9.644241E+01,+2.162386E+00
+9.948730E+02,+2.317209E-06,-1.040913E-06,-1.119024E+02,-4.221964E-01
+9.951172E+02,-3.794281E-07,-8.415887E-06,-1.014892E+02,-1.615851E+00
+9.953613E+02,+1.633630E-06,+4.224873E-06,-1.068786E+02,+1.201834E+00
+9.956055E+02,-4.053052E-06,+3.367296E-07,-1.078145E+02,+3.058702E+00
+9.958496E+02,+4.084292E-06,-4.422455E-08,-1.077772E+02,-1.082754E-02
+9.960938E+02,-2.529825E-07,+2.695974E-07,-1.286429E+02,+2.324411E+00
+9.963379E+02,-3.533499E-06,-4.164589E-06,-1.052536E+02,-2.274397E+00
+9.965820E+02,+8.326154E-06,+6.171009E-06,-9.968970E+01,+6.378193E-01
+9.968262E+02,-9.152548E-06,+7.848248E-07,-1.007373E+02,+3.056053E+00
+9.970703E+02,+9.449131E-07,-4.637458E-06,-1.064977E+02,-1.369791E+00
+9.973145E+02,+4.677804E-06,+1.452053E-06,-1.061996E+02,+3.009828E-01
+9.975586E+02,-4.042801E-06,-3.282161E-06,-1.056676E+02,-2.459666E+00
+9.978027E+02,+1.759787E-06,+8.959668E-06,-1.007898E+02,+1.376853E+00
+9.980469E+02,+7.351695E-06,-1.022921E-05,-9.799466E+01,-9.476324E-01
+9.982910E+02,-7.658233E-06,+2.846984E-06,-1.017552E+02,+2.785670E+00
+9.985352E+02,-2.611836E-06,+3.149606E-06,-1.077620E+02,+2.263125E+00
+9.987793E+02,-2.060564E-07,-6.913174E-07,-1.228368E+02,-1.860475E+00
+9.990234E+02,+8.244594E-07,+3.696850E-06,-1.084326E+02,+1.351370E+00
+9.992676E+02,+1.028947E-05,-4.845168E-06,-9.888238E+01,-4.400865E-01
+9.995117E+02,-9.361733E-06,-8.443310E-08,-1.005725E+02,-3.132574E+00
+9.997559E+02,+3.329331E-06,-2.563371E-06,-1.075312E+02,-6.561384E-01
