FFT Length,8192
Record Length,4096
FFT Sample Rate,+2.000000E+03,
Delta Frequency,+2.441406E-01,
Start Frequency,+0.000000E+00,
Stop Frequency,+1.000000E+03,
Vertical Units,F1:,Real part,Vrms,Imaginary part,Vrms,Magnitude,dBV,
Model,SDS814X HD
Serial Number,SDS08A0X807112
Software Version,3.8.12.1.1.3.8
SourceF1:
Frequency,Real part,Imaginary part,Magnitude,Angle
+0.000000E+00,-4.694678E-04,+0.000000E+00,-6.656789E+01,+3.141593E+00
+2.441406E-01,+3.164024E-04,-6.567281E-05,-6.981202E+01,-2.046551E-01
+4.882812E-01,+1.949713E-05,+1.432909E-05,-9.232502E+01,+6.337883E-01
+7.324219E-01,-1.123685E-05,+1.074411E-05,-9.616718E+01,+2.378608E+00
+9.765625E-01,+1.083651E-05,-6.234989E-06,-9.806027E+01,-5.221114E-01
+1.220703E+00,-4.715342E-06,+1.249901E-05,-9.748460E+01,+1.931545E+00
+1.464844E+00,+1.128012E-07,-1.567009E-05,-9.609834E+01,-1.563598E+00
+1.708984E+00,+4.369173E-06,+5.564885E-06,-1.030053E+02,+9.051868E-01
+1.953125E+00,-5.139754E-06,-3.363761E-07,-1.057626E+02,-3.076240E+00
+2.197266E+00,-1.259694E-05,+5.814149E-06,-9.715598E+01,+2.709173E+00
+2.441406E+00,+1.002260E-05,-4.464443E-06,-9.919432E+01,-4.190534E-01
+2.685547E+00,-3.147935E-06,+1.533356E-05,-9.610786E+01,+1.773280E+00
+2.929688E+00,+2.057934E-05,-1.377155E-05,-9.212422E+01,-5.897495E-01
+3.173828E+00,-1.350601E-05,+2.821818E-06,-9.720390E+01,+2.935625E+00
+3.417969E+00,+3.179218E-06,+4.191785E-06,-1.055786E+02,+9.219154E-01
+3.662109E+00,+7.718028E-08,-6.348054E-06,-1.039465E+02,-1.558639E+00
+3.906250E+00,-4.703552E-06,-8.192802E-08,-1.065502E+02,-3.124176E+00
+4.150391E+00,+1.006186E-05,+3.654505E-06,-9.940829E+01,+3.483887E-01
+4.394531E+00,-1.341324E-05,-5.411003E-06,-9.679451E+01,-2.758152E+00
+4.638672E+00,+1.974227E-06,+9.265503E-06,-1.004698E+02,+1.360863E+00
+4.882812E+00,+8.186210E-06,-8.436102E-06,-9.859549E+01,-8.004305E-01
+5.126953E+00,-3.403721E-06,+2.010267E-06,-1.080614E+02,+2.608107E+00
+5.371094E+00,+1.182040E-06,-5.318016E-06,-1.052756E+02,-1.352081E+00
+5.615234E+00,-6.575029E-06,+8.908028E-06,-9.911567E+01,+2.206639E+00
+5.859375E+00,+1.201259E-05,-2.739908E-06,-9.818701E+01,-2.242501E-01
+6.103516E+00,-1.058465E-05,-1.236415E-06,-9.944760E+01,-3.025308E+00
+6.347656E+00,+1.870949E-06,+7.646774E-07,-1.138879E+02,+3.879932E-01
+6.591797E+00,+1.750062E-06,-5.390706E-06,-1.049319E+02,-1.256886E+00
+6.835938E+00,+3.190615E-06,+2.875679E-06,-1.073401E+02,+7.335290E-01
+7.080078E+00,-6.709622E-07,+2.649019E-06,-1.112682E+02,+1.818866E+00
+7.324219E+00,-4.374688E-06,+6.808817E-07,-1.070771E+02,+2.987190E+00
+7.568359E+00,+3.392020E-06,-2.977249E-06,-1.069101E+02,-7.203693E-01
+7.812500E+00,+9.656858E-06,-6.796918E-06,-9.855572E+01,-6.133009E-01
+8.056641E+00,-1.876560E-05,+4.569081E-06,-9.428262E+01,+2.902758E+00
+8.300781E+00,+1.641308E-06,+1.690410E-05,-9.539941E+01,+1.474005E+00
+8.544922E+00,+1.291364E-05,-2.496506E-05,-9.102364E+01,-1.093430E+00
+8.789062E+00,-7.967366E-06,+7.109133E-06,-9.943024E+01,+2.413058E+00
+9.033203E+00,-1.427011E-06,+7.125558E-06,-1.027728E+02,+1.768448E+00
+9.277344E+00,-1.807362E-06,-5.395947E-06,-1.048969E+02,-1.893999E+00
+9.521484E+00,+6.690016E-06,+3.513756E-06,-1.024334E+02,+4.836224E-01
+9.765625E+00,-6.843130E-06,-3.454073E-06,-1.023093E+02,-2.674152E+00
+1.000977E+01,+5.140485E-06,-3.760608E-06,-1.039183E+02,-6.315991E-01
+1.025391E+01,-4.152863E-06,+4.636903E-06,-1.041176E+02,+2.301181E+00
+1.049805E+01,-1.269293E-06,+5.192665E-06,-1.054402E+02,+1.810535E+00
+1.074219E+01,+9.769831E-06,-8.776224E-07,-1.001674E+02,-8.958939E-02
+1.098633E+01,-6.136965E-06,-5.667670E-06,-1.015624E+02,-2.395929E+00
+1.123047E+01,-5.727372E-07,+1.560837E-06,-1.155842E+02,+1.922484E+00
+1.147461E+01,+1.747341E-06,+4.513975E-06,-1.063024E+02,+1.201463E+00
+1.171875E+01,-9.003869E-06,-1.120674E-05,-9.684742E+01,-2.247627E+00
+1.196289E+01,+1.195784E-05,+6.555093E-06,-9.730582E+01,+5.014477E-01
+1.220703E+01,-5.708044E-06,+7.010596E-06,-1.008762E+02,+2.254138E+00
+1.245117E+01,+7.225182E-06,-8.072995E-06,-9.930419E+01,-8.407608E-01
+1.269531E+01,-3.922239E-06,-3.862107E-07,-1.080874E+02,-3.043442E+00
+1.293945E+01,-5.722911E-06,+1.675862E-07,-1.048439E+02,+3.112318E+00
+1.318359E+01,+3.052277E-06,+1.075297E-05,-9.903289E+01,+1.294217E+00
+1.342773E+01,+7.243059E-06,-1.035233E-05,-9.796879E+01,-9.603018E-01
+1.367188E+01,-7.277873E-06,+2.229192E-07,-1.027558E+02,+3.110972E+00
+1.391602E+01,-4.516947E-06,+2.534123E-06,-1.057147E+02,+2.630324E+00
+1.416016E+01,+7.990653E-06,-3.326878E-06,-1.012541E+02,-3.945180E-01
+1.440430E+01,-3.764265E-06,+4.517459E-06,-1.046121E+02,+2.265497E+00
+1.464844E+01,+2.716394E-06,-8.253021E-06,-1.012210E+02,-1.252825E+00
+1.489258E+01,-7.817880E-06,+1.020018E-05,-9.782088E+01,+2.224740E+00
+1.513672E+01,+8.179378E-06,-4.586128E-06,-1.005584E+02,-5.110165E-01
+1.538086E+01,-1.666138E-06,+3.725896E-06,-1.077837E+02,+1.991301E+00
+1.562500E+01,+3.027943E-06,-4.589840E-06,-1.051949E+02,-9.876285E-01
+1.586914E+01,-3.645007E-06,+2.287633E-06,-1.073237E+02,+2.581120E+00
+1.611328E+01,+5.027999E-06,-9.672525E-07,-1.058143E+02,-1.900515E-01
+1.635742E+01,-8.803317E-06,-9.462636E-06,-9.777180E+01,-2.320115E+00
+1.660156E+01,+1.284218E-06,+9.718597E-06,-1.001727E+02,+1.439417E+00
+1.684570E+01,+3.674370E-06,+3.867536E-06,-1.054578E+02,+8.110050E-01
+1.708984E+01,-5.261462E-07,-4.450191E-06,-1.069721E+02,-1.688480E+00
+1.733398E+01,-3.135360E-06,+2.707979E-06,-1.076539E+02,+2.429204E+00
+1.757812E+01,+6.008991E-06,-5.519774E-06,-1.017668E+02,-7.429892E-01
+1.782227E+01,-1.823004E-08,+2.278337E-06,-1.128474E+02,+1.578798E+00
+1.806641E+01,-4.146298E-06,+8.342003E-08,-1.076450E+02,+3.121476E+00
+1.831055E+01,-3.372443E-06,+6.096969E-07,-1.093014E+02,+2.962737E+00
+1.855469E+01,+7.327128E-06,+1.841006E-06,-1.024355E+02,+2.461632E-01
+1.879883E+01,-1.205415E-05,+1.815310E-06,-9.827988E+01,+2.992120E+00
+1.904297E+01,+1.610456E-05,-1.241227E-05,-9.383607E+01,-6.566370E-01
+1.928711E+01,-7.014076E-06,+1.011609E-05,-9.819495E+01,+2.177051E+00
+1.953125E+01,-6.067779E-06,+2.425193E-06,-1.036958E+02,+2.761359E+00
+1.977539E+01,+2.715809E-06,-2.780844E-06,-1.082077E+02,-7.972293E-01
+2.001953E+01,+4.573805E-06,-5.313664E-06,-1.030843E+02,-8.600869E-01
+2.026367E+01,-3.732413E-06,+8.848049E-06,-1.003518E+02,+1.969983E+00
+2.050781E+01,+2.881661E-06,-9.640532E-06,-9.994632E+01,-1.280339E+00
+2.075195E+01,+1.521199E-06,+1.154279E-05,-9.867900E+01,+1.439764E+00
+2.099609E+01,+5.444769E-07,-1.066941E-05,-9.942590E+01,-1.519809E+00
+2.124023E+01,-1.110849E-05,+9.291951E-06,-9.678321E+01,+2.445004E+00
+2.148438E+01,+7.782458E-06,-5.205052E-06,-1.005720E+02,-5.894908E-01
+2.172852E+01,+3.705094E-06,+2.093117E-06,-1.074211E+02,+5.142331E-01
+2.197266E+01,-9.554441E-06,-1.635934E-06,-1.002704E+02,-2.972015E+00
+2.221680E+01,+9.442783E-06,-3.282803E-06,-1.000025E+02,-3.345816E-01
+2.246094E+01,-2.374907E-06,+7.461622E-06,-1.021243E+02,+1.878941E+00
+2.270508E+01,-4.379196E-06,-3.906505E-06,-1.046296E+02,-2.413182E+00
+2.294922E+01,+4.522114E-06,+1.643758E-06,-1.063542E+02,+3.486446E-01
+2.319336E+01,+1.502530E-06,-2.197479E-06,-1.114957E+02,-9.710587E-01
+2.343750E+01,-9.442526E-07,+4.726689E-06,-1.063389E+02,+1.767971E+00
+2.368164E+01,-6.536099E-06,-8.567402E-06,-9.935089E+01,-2.222505E+00
+2.392578E+01,+3.304427E-06,+7.858072E-06,-1.013865E+02,+1.172732E+00
+2.416992E+01,+1.129404E-05,-3.657397E-06,-9.850990E+01,-3.131771E-01
+2.441406E+01,-1.301883E-05,+6.261106E-06,-9.680495E+01,+2.693320E+00
+2.465820E+01,+1.005697E-06,-1.072497E-05,-9.935406E+01,-1.477298E+00
+2.490234E+01,+7.730413E-06,+8.045501E-06,-9.904868E+01,+8.053682E-01
+2.514648E+01,-1.311209E-05,-5.788611E-07,-9.763811E+01,-3.097474E+00
+2.539062E+01,+8.349442E-06,-2.986578E-06,-1.010440E+02,-3.435161E-01
+2.563477E+01,+1.982689E-06,-1.026588E-06,-1.130234E+02,-4.777668E-01
+2.587891E+01,-6.484952E-06,+8.106194E-07,-1.036945E+02,+3.017238E+00
+2.612305E+01,+6.189564E-06,+1.508038E-06,-1.039164E+02,+2.389858E-01
+2.636719E+01,+3.262236E-06,-2.353623E-07,-1.097071E+02,-7.202274E-02
+2.661133E+01,-6.350144E-06,-1.405794E-06,-1.037365E+02,-2.923727E+00
+2.685547E+01,+1.261773E-06,+3.478862E-06,-1.086345E+02,+1.222855E+00
+2.709961E+01,-1.980972E-06,-2.378671E-06,-1.101853E+02,-2.265223E+00
+2.734375E+01,+1.338218E-06,+2.797012E-06,-1.101709E+02,+1.124541E+00
+2.758789E+01,+8.055272E-06,-3.044563E-06,-1.012985E+02,-3.613623E-01
+2.783203E+01,-7.865522E-06,-1.434838E-06,-1.019433E+02,-2.961155E+00
+2.807617E+01,-1.761679E-06,+7.406166E-07,-1.143747E+02,+2.743621E+00
+2.832031E+01,+2.471297E-06,+5.810056E-06,-1.039942E+02,+1.168631E+00
+2.856445E+01,+6.039462E-06,-9.746210E-06,-9.881194E+01,-1.016037E+00
+2.880859E+01,-1.011016E-05,+3.241585E-06,-9.947987E+01,+2.831321E+00
+2.905273E+01,+5.307044E-06,+6.814311E-06,-1.012726E+02,+9.091112E-01
+2.929688E+01,-1.734429E-06,-1.222355E-05,-9.816949E+01,-1.711748E+00
+2.954102E+01,+9.100660E-07,+1.267276E-05,-9.792023E+01,+1.499107E+00
+2.978516E+01,+2.632123E-06,-1.091911E-06,-1.109043E+02,-3.932339E-01
+3.002930E+01,-1.777233E-06,-1.342351E-05,-9.736721E+01,-1.702428E+00
+3.027344E+01,-1.753639E-06,+1.106153E-05,-9.901589E+01,+1.728023E+00
+3.051758E+01,+1.275844E-06,+1.329308E-06,-1.146918E+02,+8.059179E-01
+3.076172E+01,+1.408736E-06,-5.618668E-06,-1.047426E+02,-1.325136E+00
+3.100586E+01,-3.008379E-06,+6.493286E-06,-1.029062E+02,+2.004660E+00
+3.125000E+01,+1.454313E-06,-1.051861E-05,-9.947860E+01,-1.433406E+00
+3.149414E+01,+2.017474E-06,+6.637520E-06,-1.031761E+02,+1.275720E+00
+3.173828E+01,-4.293991E-06,+1.605168E-06,-1.067747E+02,+2.783859E+00
+3.198242E+01,+1.380791E-06,-7.738453E-06,-1.020908E+02,-1.394222E+00
+3.222656E+01,+7.714862E-06,+5.691680E-06,-1.003662E+02,+6.356183E-01
+3.247070E+01,-1.021606E-05,+3.928063E-06,-9.921552E+01,+2.774520E+00
+3.271484E+01,+1.652327E-06,-8.226627E-06,-1.015238E+02,-1.372582E+00
+3.295898E+01,+4.083914E-06,+7.711288E-06,-1.011837E+02,+1.083748E+00
+3.320312E+01,+1.272622E-06,-8.208253E-06,-1.016118E+02,-1.416979E+00
+3.344727E+01,-5.787655E-06,+1.498302E-06,-1.044682E+02,+2.888275E+00
+3.369141E+01,+6.195757E-06,+3.797674E-06,-1.027729E+02,+5.498854E-01
+3.393555E+01,-2.876060E-06,-8.027773E-07,-1.104982E+02,-2.869396E+00
+3.417969E+01,-3.760356E-06,-1.110161E-06,-1.081325E+02,-2.854520E+00
+3.442383E+01,+1.409637E-05,-9.348185E-06,-9.543488E+01,-5.855727E-01
+3.466797E+01,-1.915145E-05,+1.188399E-05,-9.294130E+01,+2.586216E+00
+3.491211E+01,+7.070136E-06,-4.443392E-06,-1.015658E+02,-5.610932E-01
+3.515625E+01,+1.248583E-06,-1.121597E-06,-1.155022E+02,-7.318725E-01
+3.540039E+01,-1.112670E-06,-2.205248E-06,-1.121459E+02,-2.038082E+00
+3.564453E+01,-4.019853E-07,+2.251894E-06,-1.128128E+02,+1.747445E+00
+3.588867E+01,-4.782918E-06,+5.995050E-07,-1.063384E+02,+3.016900E+00
+3.613281E+01,+4.364470E-06,-3.309858E-07,-1.071765E+02,-7.569154E-02
+3.637695E+01,-6.710814E-06,+2.603500E-06,-1.028556E+02,+2.771512E+00
+3.662109E+01,+5.909908E-06,-6.459766E-06,-1.011546E+02,-8.298210E-01
+3.686523E+01,-2.398548E-06,+6.109362E-06,-1.036575E+02,+1.944909E+00
+3.710938E+01,-4.032036E-06,-8.338168E-07,-1.077076E+02,-2.937669E+00
+3.735352E+01,+9.840442E-07,+5.584167E-06,-1.049280E+02,+1.396367E+00
+3.759766E+01,+5.986493E-07,+1.953174E-07,-1.240172E+02,+3.153742E-01
+3.784180E+01,-2.922580E-06,-4.852486E-06,-1.049366E+02,-2.112894E+00
+3.808594E+01,+4.048675E-06,+1.291402E-05,-9.737160E+01,+1.266991E+00
+3.833008E+01,+5.470579E-06,-1.394369E-05,-9.649067E+01,-1.196916E+00
+3.857422E+01,-6.551006E-06,+9.593696E-06,-9.869812E+01,+2.169916E+00
+3.881836E+01,+1.168028E-05,+3.014939E-06,-9.837081E+01,+2.526083E-01
+3.906250E+01,-1.182886E-05,-5.746198E-06,-9.762102E+01,-2.689387E+00
+3.930664E+01,+9.610791E-06,+5.775668E-06,-9.900575E+01,+5.411225E-01
+3.955078E+01,-6.322555E-06,+3.460726E-06,-1.028440E+02,+2.640777E+00
+3.979492E+01,+1.158828E-05,-3.881506E-06,-9.825782E+01,-3.232056E-01
+4.003906E+01,+6.442669E-06,-8.482403E-06,-9.945161E+01,-9.212216E-01
+4.028320E+01,-2.717621E-06,+1.341382E-06,-1.103693E+02,+2.683089E+00
+4.052734E+01,+8.054000E-06,-3.177692E-06,-1.012514E+02,-3.757977E-01
+4.077148E+01,-8.223380E-06,-1.856083E-05,-9.384968E+01,-1.987856E+00
+4.101562E+01,-1.258278E-05,-3.882869E-06,-9.760944E+01,-2.842278E+00
+4.125977E+01,-1.322293E-05,+5.811494E-06,-9.680645E+01,+2.727504E+00
+4.150391E+01,-2.966884E-06,+1.693407E-05,-9.529347E+01,+1.744238E+00
+4.174805E+01,+1.206051E-05,+5.256472E-06,-9.761737E+01,+4.110175E-01
+4.199219E+01,+6.306828E-06,+5.265735E-06,-1.017067E+02,+6.956775E-01
+4.223633E+01,-6.103771E-06,-6.618227E-06,-1.009121E+02,-2.315778E+00
+4.248047E+01,+1.000024E-05,-9.266784E-07,-9.996266E+01,-9.240177E-02
+4.272461E+01,-7.108276E-06,-1.596776E-07,-1.029625E+02,-3.119133E+00
+4.296875E+01,+7.438106E-06,-7.753546E-07,-1.025238E+02,-1.038658E-01
+4.321289E+01,-9.819177E-06,-2.239919E-07,-1.001562E+02,-3.118785E+00
+4.345703E+01,+1.404549E-05,-8.660244E-06,-9.564991E+01,-5.525255E-01
+4.370117E+01,-8.107867E-06,+2.051529E-06,-1.015524E+02,+2.893765E+00
+4.394531E+01,-7.042020E-06,+5.070415E-06,-1.012321E+02,+2.517555E+00
+4.418945E+01,+1.302188E-05,-1.186145E-06,-9.767064E+01,-9.083793E-02
+4.443359E+01,-1.346554E-05,+2.620969E-06,-9.725403E+01,+2.949354E+00
+4.467773E+01,+6.058265E-06,-7.686464E-06,-1.001871E+02,-9.033086E-01
+4.492188E+01,-6.473856E-06,+9.014858E-06,-9.909465E+01,+2.193588E+00
+4.516602E+01,+6.298502E-06,-8.327950E-06,-9.962470E+01,-9.232697E-01
+4.541016E+01,-2.112861E-06,+1.019457E-05,-9.964996E+01,+1.775156E+00
+4.565430E+01,+4.973254E-06,-1.134890E-05,-9.813805E+01,-1.157786E+00
+4.589844E+01,-5.594273E-06,+1.021593E-05,-9.867545E+01,+2.071797E+00
+4.614258E+01,+4.088427E-06,-2.323245E-06,-1.065536E+02,-5.167461E-01
+4.638672E+01,-3.075232E-06,+6.476287E-07,-1.100540E+02,+2.934031E+00
+4.663086E+01,-2.299940E-07,-5.580371E-06,-1.050594E+02,-1.611988E+00
+4.687500E+01,+2.433968E-06,+2.971532E-06,-1.083108E+02,+8.845199E-01
+4.711914E+01,+8.752644E-07,+4.692042E-08,-1.211448E+02,+5.355587E-02
+4.736328E+01,+1.283329E-06,-2.540635E-06,-1.109142E+02,-1.103060E+00
+4.760742E+01,-4.550653E-06,+5.587326E-06,-1.028461E+02,+2.254292E+00
+4.785156E+01,-9.433239E-07,-6.909097E-06,-1.031314E+02,-1.706491E+00
+4.809570E+01,+1.217004E-06,+3.058574E-06,-1.096513E+02,+1.192102E+00
+4.833984E+01,+2.221305E-06,+5.409766E-06,-1.046598E+02,+1.181177E+00
+4.858398E+01,+6.933896E-07,-9.464981E-06,-1.004544E+02,-1.497669E+00
+4.882812E+01,-2.796195E-06,+1.014149E-05,-9.955975E+01,+1.839830E+00
+4.907227E+01,-3.589320E-07,-8.907306E-06,-1.009980E+02,-1.611071E+00
+4.931641E+01,-4.025160E-07,-8.405023E-08,-1.277190E+02,-2.935738E+00
+4.956055E+01,-1.403061E-06,+9.876519E-06,-1.000211E+02,+1.711912E+00
+4.980469E+01,+5.235875E-06,-7.736100E-06,-1.005918E+02,-9.758039E-01
+5.004883E+01,-4.282122E-06,+1.326483E-06,-1.069689E+02,+2.841195E+00
+5.029297E+01,+4.733255E-06,+2.509836E-06,-1.054207E+02,+4.875584E-01
+5.053711E+01,-2.114828E-06,-8.450969E-06,-1.011981E+02,-1.816007E+00
+5.078125E+01,+6.949841E-07,+9.047560E-06,-1.008438E+02,+1.494132E+00
+5.102539E+01,-3.850882E-06,-2.003504E-06,-1.072484E+02,-2.661860E+00
+5.126953E+01,+4.628483E-06,-3.371818E-06,-1.048423E+02,-6.295940E-01
+5.151367E+01,-7.341308E-06,+3.380433E-06,-1.018494E+02,+2.710068E+00
+5.175781E+01,+6.821524E-06,+5.721203E-06,-1.010092E+02,+6.978964E-01
+5.200195E+01,-1.975864E-06,-1.442893E-05,-9.673463E+01,-1.706887E+00
+5.224609E+01,+4.980780E-08,+1.065704E-05,-9.944717E+01,+1.566123E+00
+5.249023E+01,-2.503104E-06,-2.984573E-06,-1.081892E+02,-2.268682E+00
+5.273438E+01,+5.098235E-06,+2.658130E-06,-1.048073E+02,+4.806068E-01
+5.297852E+01,-4.589655E-06,-5.498275E-06,-1.028992E+02,-2.266367E+00
+5.322266E+01,+4.703955E-06,+6.659079E-06,-1.017737E+02,+9.557898E-01
+5.346680E+01,-3.634183E-06,-7.740062E-06,-1.013599E+02,-2.009771E+00
+5.371094E+01,+3.611365E-06,+1.085148E-05,-9.883404E+01,+1.249527E+00
+5.395508E+01,-6.373602E-06,-9.091891E-06,-9.909089E+01,-2.182207E+00
+5.419922E+01,+5.477947E-06,+4.625178E-06,-1.028904E+02,+7.011912E-01
+5.444336E+01,-9.022855E-07,+3.428176E-07,-1.203075E+02,+2.778495E+00
+5.468750E+01,-1.837370E-06,-9.305112E-06,-1.004594E+02,-1.765747E+00
+5.493164E+01,+1.379231E-07,+1.480559E-05,-9.659111E+01,+1.561481E+00
+5.517578E+01,+4.496119E-06,-8.212764E-06,-1.005718E+02,-1.069909E+00
+5.541992E+01,-5.393716E-06,+7.221004E-07,-1.052851E+02,+3.008506E+00
+5.566406E+01,-7.771043E-07,-8.897197E-07,-1.185527E+02,-2.288734E+00
+5.590820E+01,+1.254656E-06,+4.400161E-06,-1.067912E+02,+1.293029E+00
+5.615234E+01,+1.432080E-06,-9.879539E-06,-1.000150E+02,-1.426845E+00
+5.639648E+01,-1.383908E-06,+9.898127E-06,-1.000049E+02,+1.709711E+00
+5.664062E+01,+1.038976E-05,-5.296002E-06,-9.866478E+01,-4.714037E-01
+5.688477E+01,-1.472380E-05,-1.746205E-06,-9.657894E+01,-3.023547E+00
+5.712891E+01,+6.488083E-06,+6.005633E-06,-1.010700E+02,+7.468019E-01
+5.737305E+01,-4.233167E-06,+1.511030E-06,-1.069459E+02,+2.798739E+00
+5.761719E+01,+2.600950E-06,-8.539605E-06,-1.009860E+02,-1.275148E+00
+5.786133E+01,+6.819993E-06,+8.385044E-06,-9.932478E+01,+8.879667E-01
+5.810547E+01,-7.829535E-06,-3.110003E-06,-1.014890E+02,-2.763490E+00
+5.834961E+01,+1.238681E-06,-2.387824E-08,-1.181392E+02,-1.927476E-02
+5.859375E+01,+2.843841E-06,-2.995239E-06,-1.076805E+02,-8.113207E-01
+5.883789E+01,-2.395075E-06,+2.621138E-06,-1.089940E+02,+2.311159E+00
+5.908203E+01,+1.559214E-06,+1.212871E-06,-1.140869E+02,+6.611027E-01
+5.932617E+01,+1.440344E-06,-4.551252E-06,-1.064228E+02,-1.264297E+00
+5.957031E+01,-7.106153E-06,+6.920387E-06,-1.000705E+02,+2.369438E+00
+5.981445E+01,+9.790065E-06,-5.560449E-06,-9.897004E+01,-5.165339E-01
+6.005859E+01,-6.675602E-06,-1.830578E-06,-1.031953E+02,-2.873952E+00
+6.030273E+01,-2.447508E-06,+6.625339E-06,-1.030203E+02,+1.924663E+00
+6.054688E+01,+5.364735E-06,-8.564569E-07,-1.052997E+02,-1.583098E-01
+6.079102E+01,+5.851533E-08,+1.079286E-06,-1.193245E+02,+1.516633E+00
+6.103516E+01,-3.109917E-06,-9.363719E-06,-1.001166E+02,-1.891458E+00
+6.127930E+01,+6.336011E-06,+9.285535E-06,-9.898369E+01,+9.720126E-01
+6.152344E+01,-1.050175E-05,-2.566610E-06,-9.932281E+01,-2.901893E+00
+6.176758E+01,+7.614972E-06,-2.975213E-06,-1.017497E+02,-3.724685E-01
+6.201172E+01,+1.490681E-06,+1.485293E-06,-1.135377E+02,+7.835875E-01
+6.225586E+01,-6.632591E-06,-1.481633E-07,-1.035642E+02,-3.119258E+00
+6.250000E+01,+6.522147E-06,+4.836815E-06,-1.018090E+02,+6.381025E-01
+6.274414E+01,-4.856846E-06,-8.710163E-06,-1.000237E+02,-2.079461E+00
+6.298828E+01,+3.174378E-06,+1.299734E-05,-9.747128E+01,+1.331253E+00
+6.323242E+01,-5.511640E-06,-8.374166E-06,-9.997813E+01,-2.152895E+00
+6.347656E+01,+1.124287E-05,-3.159362E-06,-9.865238E+01,-2.739453E-01
+6.372070E+01,-1.205001E-05,+5.197361E-06,-9.763928E+01,+2.734385E+00
+6.396484E+01,+4.876456E-06,-3.078712E-06,-1.047810E+02,-5.631469E-01
+6.420898E+01,+4.290485E-07,-4.032236E-07,-1.246008E+02,-7.543787E-01
+6.445312E+01,-2.487513E-06,+2.395318E-06,-1.092353E+02,+2.375074E+00
+6.469727E+01,+4.268607E-06,-5.727795E-08,-1.073935E+02,-1.341761E-02
+6.494141E+01,+4.407603E-08,-3.744216E-06,-1.085322E+02,-1.559025E+00
+6.518555E+01,-4.745196E-06,+5.298340E-06,-1.029594E+02,+2.301176E+00
+6.542969E+01,+5.503689E-06,-2.232608E-06,-1.045253E+02,-3.853733E-01
+6.567383E+01,-6.119210E-06,+2.348410E-06,-1.036694E+02,+2.775150E+00
+6.591797E+01,+6.866740E-06,-5.962995E-06,-1.008244E+02,-7.150728E-01
+6.616211E+01,-5.327504E-07,+4.030745E-06,-1.078171E+02,+1.702206E+00
+6.640625E+01,-4.998682E-06,-1.334221E-06,-1.057240E+02,-2.880759E+00
+6.665039E+01,+2.116689E-06,+3.272036E-06,-1.081854E+02,+9.966015E-01
+6.689453E+01,-3.380889E-06,-2.965333E-06,-1.069414E+02,-2.421582E+00
+6.713867E+01,+5.361810E-06,+1.105095E-06,-1.052331E+02,+2.032587E-01
+6.738281E+01,+9.262130E-07,-6.167709E-06,-1.041007E+02,-1.421739E+00
+6.762695E+01,-5.814893E-06,+1.049738E-05,-9.841614E+01,+2.076658E+00
+6.787109E+01,+1.819664E-06,-7.583267E-06,-1.021597E+02,-1.335291E+00
+6.811523E+01,+6.482321E-06,+6.361038E-06,-1.008363E+02,+7.759552E-01
+6.835938E+01,-1.198568E-05,-2.455521E-06,-9.824818E+01,-2.939517E+00
+6.860352E+01,+9.314482E-06,-6.875344E-06,-9.872798E+01,-6.358641E-01
+6.884766E+01,-9.475780E-07,+9.095236E-06,-1.007768E+02,+1.674606E+00
+6.909180E+01,-7.026571E-06,-5.944858E-07,-1.030341E+02,-3.057188E+00
+6.933594E+01,+1.226109E-05,-8.584473E-06,-9.649698E+01,-6.108194E-01
+6.958008E+01,-8.603628E-06,+6.753457E-06,-9.922154E+01,+2.476093E+00
+6.982422E+01,+2.306406E-06,-8.355987E-07,-1.122057E+02,-3.475855E-01
+7.006836E+01,+4.244832E-08,-3.177250E-06,-1.099582E+02,-1.557437E+00
+7.031250E+01,-1.207716E-06,+3.601544E-06,-1.084074E+02,+1.894345E+00
+7.055664E+01,-1.259630E-06,+5.813973E-07,-1.171564E+02,+2.709166E+00
+7.080078E+01,+9.136210E-06,-5.091188E-06,-9.961021E+01,-5.083953E-01
+7.104492E+01,-1.015061E-05,+8.848732E-06,-9.741519E+01,+2.424610E+00
+7.128906E+01,+4.412386E-06,-6.366291E-06,-1.022186E+02,-9.647258E-01
+7.153320E+01,-3.986248E-06,-3.601107E-06,-1.053973E+02,-2.406912E+00
+7.177734E+01,+5.778272E-06,+7.522917E-06,-1.004584E+02,+9.158182E-01
+7.202148E+01,-7.573272E-06,-8.854691E-06,-9.867229E+01,-2.278350E+00
+7.226562E+01,+2.337566E-06,+8.368479E-06,-1.012208E+02,+1.298409E+00
+7.250977E+01,+1.739288E-06,-1.744691E-06,-1.121688E+02,-7.869490E-01
+7.275391E+01,+1.289435E-06,-3.452026E-06,-1.086713E+02,-1.213315E+00
+7.299805E+01,-6.447481E-06,+4.442883E-06,-1.021247E+02,+2.538228E+00
+7.324219E+01,+8.706856E-06,-1.074454E-06,-1.011371E+02,-1.227825E-01
+7.348633E+01,-4.338716E-06,-2.033907E-06,-1.063900E+02,-2.703231E+00
+7.373047E+01,+3.864622E-06,-6.439884E-07,-1.081389E+02,-1.651197E-01
+7.397461E+01,-3.985138E-06,+1.377999E-06,-1.075006E+02,+2.808678E+00
+7.421875E+01,+2.227513E-06,-4.280841E-07,-1.128861E+02,-1.898655E-01
+7.446289E+01,-3.646767E-06,+2.803447E-06,-1.067452E+02,+2.486200E+00
+7.470703E+01,+4.270355E-06,-1.295759E-06,-1.070082E+02,-2.946016E-01
+7.495117E+01,-5.118336E-06,-3.219006E-06,-1.043700E+02,-2.580182E+00
+7.519531E+01,+2.287977E-06,+6.176791E-06,-1.036263E+02,+1.216051E+00
+7.543945E+01,+1.570905E-07,-2.639664E-06,-1.115537E+02,-1.511355E+00
+7.568359E+01,-2.896150E-07,-5.178330E-06,-1.057026E+02,-1.626666E+00
+7.592773E+01,+6.014398E-07,+6.375692E-06,-1.038710E+02,+1.476741E+00
+7.617188E+01,-9.496762E-09,-3.006797E-06,-1.104379E+02,-1.573955E+00
+7.641602E+01,-3.447517E-06,-4.358072E-06,-1.051035E+02,-2.240065E+00
+7.666016E+01,+4.258410E-06,+1.119028E-05,-9.843583E+01,+1.207173E+00
+7.690430E+01,+5.413880E-07,-7.106335E-06,-1.029420E+02,-1.494759E+00
+7.714844E+01,-3.570732E-06,-4.756495E-07,-1.088685E+02,-3.009164E+00
+7.739258E+01,+4.330301E-06,+3.357564E-06,-1.052252E+02,+6.595381E-01
+7.763672E+01,-4.784712E-06,-1.711550E-06,-1.058800E+02,-2.798064E+00
+7.788086E+01,+3.942387E-06,+1.831559E-06,-1.072361E+02,+4.349133E-01
+7.812500E+01,-1.870678E-06,-1.136881E-06,-1.131949E+02,-2.595503E+00
+7.836914E+01,-5.160122E-06,-1.317708E-06,-1.054725E+02,-2.891572E+00
+7.861328E+01,+1.172499E-05,+5.203020E-06,-9.783710E+01,+4.176482E-01
+7.885742E+01,-8.221788E-06,-1.430058E-05,-9.565265E+01,-2.092576E+00
+7.910156E+01,+7.517702E-07,+1.149175E-05,-9.877373E+01,+1.505471E+00
+7.934570E+01,-2.039549E-06,+3.826345E-06,-1.072583E+02,+2.060516E+00
+7.958984E+01,+7.718437E-06,-9.215571E-06,-9.840129E+01,-8.735788E-01
+7.983398E+01,-6.498194E-06,+7.583906E-06,-1.000112E+02,+2.279248E+00
+8.007812E+01,+4.286687E-06,-6.207086E-06,-1.024486E+02,-9.663990E-01
+8.032227E+01,-8.100712E-07,+4.390101E-06,-1.070051E+02,+1.753266E+00
+8.056641E+01,-1.633649E-06,-4.043914E-06,-1.072074E+02,-1.954727E+00
+8.081055E+01,-4.109239E-06,+8.885019E-07,-1.075263E+02,+2.928650E+00
+8.105469E+01,+1.059799E-05,+3.329102E-06,-9.908684E+01,+3.043654E-01
+8.129883E+01,-7.907594E-06,-4.544151E-06,-1.007999E+02,-2.620017E+00
+8.154297E+01,+2.849545E-06,+3.014609E-06,-1.076428E+02,+8.135388E-01
+8.178711E+01,-5.314369E-06,+1.631768E-06,-1.050997E+02,+2.843682E+00
+8.203125E+01,+3.253284E-06,-7.239923E-06,-1.020066E+02,-1.148480E+00
+8.227539E+01,+2.090075E-06,+9.973760E-06,-9.983618E+01,+1.364228E+00
+8.251953E+01,-1.195776E-06,-8.105998E-06,-1.017304E+02,-1.717257E+00
+8.276367E+01,+5.567145E-07,+1.048835E-05,-9.957364E+01,+1.517767E+00
+8.300781E+01,-2.283182E-06,-8.912042E-06,-1.007244E+02,-1.821593E+00
+8.325195E+01,+1.763984E-06,-2.410779E-06,-1.104947E+02,-9.391057E-01
+8.349609E+01,-3.891974E-06,+5.636547E-06,-1.032866E+02,+2.175111E+00
+8.374023E+01,+5.848204E-06,+6.445963E-07,-1.046071E+02,+1.097781E-01
+8.398438E+01,-2.066226E-06,-1.845819E-06,-1.111485E+02,-2.412476E+00
+8.422852E+01,+1.295875E-06,+3.008207E-06,-1.096946E+02,+1.164040E+00
+8.447266E+01,-3.531774E-06,-3.799969E-06,-1.057003E+02,-2.319631E+00
+8.471680E+01,+5.166462E-06,-6.680140E-07,-1.056641E+02,-1.285848E-01
+8.496094E+01,-2.764516E-06,+1.894519E-06,-1.094955E+02,+2.540802E+00
+8.520508E+01,-4.597874E-06,-3.539701E-06,-1.047276E+02,-2.485504E+00
+8.544922E+01,+7.206655E-06,+8.818007E-06,-9.887083E+01,+8.856158E-01
+8.569336E+01,-4.694966E-06,-7.992328E-06,-1.006591E+02,-2.101925E+00
+8.593750E+01,+2.223139E-06,+9.611800E-07,-1.123164E+02,+4.080819E-01
+8.618164E+01,+4.586326E-06,+2.972919E-06,-1.052473E+02,+5.751184E-01
+8.642578E+01,-9.552537E-06,-7.784949E-07,-1.003689E+02,-3.060276E+00
+8.666992E+01,+9.089447E-06,-1.729729E-06,-1.006748E+02,-1.880523E-01
+8.691406E+01,-6.239482E-06,+2.576745E-06,-1.034131E+02,+2.749952E+00
+8.715820E+01,+3.079777E-06,-1.814948E-06,-1.089350E+02,-5.325232E-01
+8.740234E+01,-5.591734E-07,+2.059492E-07,-1.244966E+02,+2.788700E+00
+8.764648E+01,-3.521066E-06,+8.483905E-07,-1.088214E+02,+2.905152E+00
+8.789062E+01,+5.328722E-06,-4.882240E-08,-1.054672E+02,-9.161867E-03
+8.813477E+01,-5.306013E-06,-7.239087E-06,-1.009389E+02,-2.203307E+00
+8.837891E+01,+4.233468E-06,+1.044932E-05,-9.895818E+01,+1.185864E+00
+8.862305E+01,+6.793775E-07,-2.706942E-06,-1.110851E+02,-1.324899E+00
+8.886719E+01,-2.865189E-06,-2.670278E-06,-1.081418E+02,-2.391391E+00
+8.911133E+01,+1.149608E-06,+4.193501E-06,-1.072338E+02,+1.303229E+00
+8.935547E+01,+2.812584E-06,-3.464038E-06,-1.070092E+02,-8.888184E-01
+8.959961E+01,-4.877466E-06,-2.771485E-07,-1.062221E+02,-3.084831E+00
+8.984375E+01,+1.364704E-06,+1.967260E-06,-1.124165E+02,+9.643055E-01
+9.008789E+01,+2.824489E-06,-3.933060E-06,-1.062992E+02,-9.479992E-01
+9.033203E+01,-3.258178E-06,+3.033442E-06,-1.070295E+02,+2.391899E+00
+9.057617E+01,+6.823044E-07,+1.828919E-06,-1.141902E+02,+1.213724E+00
+9.082031E+01,+1.119523E-06,-7.370703E-06,-1.025508E+02,-1.420060E+00
+9.106445E+01,-8.477825E-07,+1.147830E-05,-9.877882E+01,+1.644522E+00
+9.130859E+01,+2.134048E-07,-1.088946E-05,-9.925820E+01,-1.551201E+00
+9.155273E+01,+1.529118E-06,+8.306825E-06,-1.014666E+02,+1.388755E+00
+9.179688E+01,-2.110800E-06,-3.778538E-06,-1.072740E+02,-2.080240E+00
+9.204102E+01,+2.686739E-06,+3.465177E-06,-1.071611E+02,+9.112650E-01
+9.228516E+01,-4.080855E-06,-6.045761E-06,-1.027405E+02,-2.164542E+00
+9.252930E+01,+2.337362E-06,+2.474887E-06,-1.093598E+02,+8.139687E-01
+9.277344E+01,-7.651456E-07,+2.448721E-06,-1.118166E+02,+1.873652E+00
+9.301758E+01,+3.346371E-07,-2.115895E-06,-1.133828E+02,-1.413942E+00
+9.326172E+01,+7.833536E-06,-4.438850E-06,-1.009115E+02,-5.155341E-01
+9.350586E+01,-1.399937E-05,+7.936745E-06,-9.586743E+01,+2.625840E+00
+9.375000E+01,+4.805648E-06,-2.462274E-07,-1.063536E+02,-5.119232E-02
+9.399414E+01,+4.650547E-06,-4.519988E-06,-1.037615E+02,-7.711623E-01
+9.423828E+01,-2.662663E-06,-1.216217E-06,-1.106707E+02,-2.713125E+00
+9.448242E+01,+2.647575E-06,+7.102508E-07,-1.112412E+02,+2.620936E-01
+9.472656E+01,-5.215275E-06,+6.529597E-06,-1.015593E+02,+2.244752E+00
+9.497070E+01,-4.923077E-07,-9.990054E-06,-9.999811E+01,-1.620036E+00
+9.521484E+01,+4.253761E-06,+1.028354E-05,-9.907120E+01,+1.178580E+00
+9.545898E+01,+1.320341E-06,-8.561704E-06,-1.012467E+02,-1.417787E+00
+9.570312E+01,-2.973286E-06,+6.743410E-06,-1.026509E+02,+1.986071E+00
+9.594727E+01,+2.083932E-06,-6.726337E-06,-1.030464E+02,-1.270358E+00
+9.619141E+01,-4.079707E-06,+5.079881E-06,-1.037213E+02,+2.247431E+00
+9.643555E+01,+2.861868E-06,+1.537357E-07,-1.108545E+02,+5.366705E-02
+9.667969E+01,-2.164041E-06,-9.282554E-06,-1.004168E+02,-1.799835E+00
+9.692383E+01,+2.709391E-06,+7.637746E-06,-1.018259E+02,+1.229908E+00
+9.716797E+01,+2.660503E-06,+3.804184E-06,-1.066655E+02,+9.604984E-01
+9.741211E+01,-6.639090E-06,-4.109050E-06,-1.021494E+02,-2.587379E+00
+9.765625E+01,+5.264896E-06,-3.636479E-06,-1.038782E+02,-6.044589E-01
+9.790039E+01,-5.181508E-06,+4.587339E-06,-1.031974E+02,+2.416943E+00
+9.814453E+01,+1.399412E-06,+2.847264E-06,-1.099717E+02,+1.113977E+00
+9.838867E+01,-1.051514E-06,-1.187789E-05,-9.847131E+01,-1.659093E+00
+9.863281E+01,+4.027043E-06,+8.321876E-06,-1.006818E+02,+1.120103E+00
+9.887695E+01,+4.000877E-06,+2.330830E-06,-1.066878E+02,+5.275120E-01
+9.912109E+01,-1.207088E-05,-7.114653E-07,-9.835016E+01,-3.082720E+00
+9.936523E+01,+6.145026E-06,-7.645845E-06,-1.001673E+02,-8.937985E-01
+9.960938E+01,+2.158997E-06,+3.679272E-06,-1.073997E+02,+1.040139E+00
+9.985352E+01,-5.501797E-06,+4.523222E-06,-1.029474E+02,+2.453500E+00
+1.000977E+02,+6.179012E-06,+2.001563E-06,-1.037483E+02,+3.132632E-01
+1.003418E+02,-1.503838E-06,-1.275110E-05,-9.782906E+01,-1.688192E+00
+1.005859E+02,-1.866112E-06,+1.310584E-05,-9.756354E+01,+1.712233E+00
+1.008301E+02,+8.073160E-07,-5.221955E-06,-1.055408E+02,-1.417410E+00
+1.010742E+02,+1.612158E-07,-1.492052E-06,-1.164739E+02,-1.463164E+00
+1.013184E+02,+8.894954E-07,+1.094571E-06,-1.170130E+02,+8.883938E-01
+1.015625E+02,-3.370194E-06,-3.003940E-06,-1.069076E+02,-2.413591E+00
+1.018066E+02,+1.688406E-06,+6.848891E-06,-1.030314E+02,+1.329093E+00
+1.020508E+02,-5.406906E-07,-6.845585E-06,-1.032648E+02,-1.649616E+00
+1.022949E+02,+2.418950E-06,+7.458837E-06,-1.021123E+02,+1.257192E+00
+1.025391E+02,+9.014914E-07,-6.714524E-06,-1.033821E+02,-1.437335E+00
+1.027832E+02,-3.109115E-06,+2.356795E-06,-1.081755E+02,+2.492974E+00
+1.030273E+02,-2.195673E-06,+5.228449E-06,-1.049272E+02,+1.968379E+00
+1.032715E+02,+2.206054E-06,-1.274993E-05,-9.776173E+01,-1.399468E+00
+1.035156E+02,-1.571732E-06,+1.155225E-05,-9.866701E+01,+1.706020E+00
+1.037598E+02,+6.209159E-06,-5.736125E-06,-1.014596E+02,-7.458188E-01
+1.040039E+02,-9.086541E-06,+2.946489E-07,-1.008275E+02,+3.109177E+00
+1.042480E+02,+8.589512E-06,+3.166238E-06,-1.007673E+02,+3.531627E-01
+1.044922E+02,-6.550487E-06,+3.005974E-07,-1.036654E+02,+3.095736E+00
+1.047363E+02,+3.706794E-06,-1.233628E-07,-1.086152E+02,-3.326791E-02
+1.049805E+02,-1.032367E-07,-2.498981E-06,-1.120373E+02,-1.612084E+00
+1.052246E+02,-2.334013E-06,+5.288243E-06,-1.047608E+02,+1.986441E+00
+1.054688E+02,+1.317599E-06,-9.963184E-06,-9.995674E+01,-1.439313E+00
+1.057129E+02,+2.253625E-06,+5.134804E-06,-1.050245E+02,+1.157218E+00
+1.059570E+02,-3.755771E-06,-1.062172E-07,-1.085025E+02,-3.113319E+00
+1.062012E+02,-1.112431E-06,+2.690354E-06,-1.107183E+02,+1.962876E+00
+1.064453E+02,+6.775335E-06,-6.515236E-06,-1.005378E+02,-7.658305E-01
+1.066895E+02,-3.954722E-06,+8.808063E-06,-1.003048E+02,+1.992809E+00
+1.069336E+02,-3.241713E-06,-3.808657E-06,-1.060181E+02,-2.275954E+00
+1.071777E+02,+5.862491E-06,-3.506022E-06,-1.033105E+02,-5.389794E-01
+1.074219E+02,-2.642458E-06,+3.162313E-06,-1.076999E+02,+2.266876E+00
+1.076660E+02,+7.455591E-07,+2.453304E-06,-1.118213E+02,+1.275765E+00
+1.079102E+02,-2.129334E-06,-4.833264E-06,-1.055448E+02,-1.985771E+00
+1.081543E+02,+1.431800E-06,+2.480728E-06,-1.108597E+02,+1.047333E+00
+1.083984E+02,-1.205314E-06,-4.766109E-07,-1.177471E+02,-2.765037E+00
+1.086426E+02,+2.742946E-06,-7.868841E-07,-1.108922E+02,-2.793730E-01
+1.088867E+02,-7.180435E-08,-1.667017E-06,-1.155531E+02,-1.613843E+00
+1.091309E+02,-4.950449E-06,+6.425078E-06,-1.018185E+02,+2.227282E+00
+1.093750E+02,+3.243396E-06,-3.628997E-07,-1.097260E+02,-1.114254E-01
+1.096191E+02,+2.174553E-06,-7.194784E-06,-1.024800E+02,-1.277285E+00
+1.098633E+02,-3.296248E-06,+3.755259E-06,-1.060263E+02,+2.291192E+00
+1.101074E+02,-1.568847E-06,-6.039837E-07,-1.154882E+02,-2.774096E+00
+1.103516E+02,+4.158634E-06,+4.811315E-06,-1.039316E+02,+8.580332E-01
+1.105957E+02,+1.103419E-06,-5.629031E-06,-1.048276E+02,-1.377228E+00
+1.108398E+02,-8.527789E-06,-6.964884E-07,-1.013544E+02,-3.060101E+00
+1.110840E+02,+8.424371E-06,+7.693438E-07,-1.014532E+02,+9.107096E-02
+1.113281E+02,-3.768274E-06,+5.104741E-06,-1.039514E+02,+2.206697E+00
+1.115723E+02,+1.076553E-06,+7.093527E-07,-1.177933E+02,+5.826141E-01
+1.118164E+02,-1.851184E-06,-7.007881E-06,-1.027953E+02,-1.829055E+00
+1.120605E+02,+3.657673E-06,+1.549848E-06,-1.080188E+02,+4.007904E-01
+1.123047E+02,-1.427526E-06,+1.067983E-06,-1.149779E+02,+2.499286E+00
+1.125488E+02,-8.885485E-07,-4.744797E-07,-1.199368E+02,-2.651121E+00
+1.127930E+02,+3.319888E-06,+2.955785E-06,-1.070425E+02,+7.274448E-01
+1.130371E+02,+3.482727E-07,-2.372945E-06,-1.124017E+02,-1.425069E+00
+1.132812E+02,-6.842971E-06,+2.474610E-06,-1.027613E+02,+2.794597E+00
+1.135254E+02,+1.465156E-06,-3.446624E-06,-1.085307E+02,-1.168842E+00
+1.137695E+02,+6.948214E-06,+6.981642E-07,-1.031189E+02,+1.001450E-01
+1.140137E+02,-8.179268E-06,+8.706863E-07,-1.016968E+02,+3.035542E+00
+1.142578E+02,+2.390630E-06,+2.097564E-06,-1.099504E+02,+7.201937E-01
+1.145020E+02,+1.253925E-06,-5.508255E-06,-1.049603E+02,-1.346966E+00
+1.147461E+02,+3.580822E-06,+1.731211E-06,-1.080081E+02,+4.503343E-01
+1.149902E+02,-4.320414E-06,+4.976610E-06,-1.036218E+02,+2.285730E+00
+1.152344E+02,-4.276569E-06,-4.210959E-06,-1.044344E+02,-2.363925E+00
+1.154785E+02,+9.746128E-06,+1.190783E-07,-1.002227E+02,+1.221740E-02
+1.157227E+02,-2.314353E-06,-1.724907E-06,-1.107928E+02,-2.501101E+00
+1.159668E+02,-3.934079E-06,+5.050180E-06,-1.038741E+02,+2.232599E+00
+1.162109E+02,-1.380630E-08,+1.610100E-06,-1.158626E+02,+1.579371E+00
+1.164551E+02,+2.384505E-06,-8.452467E-06,-1.011278E+02,-1.295834E+00
+1.166992E+02,+1.007382E-06,+4.517919E-06,-1.066905E+02,+1.351410E+00
+1.169434E+02,+2.403656E-08,+4.340486E-07,-1.272359E+02,+1.515475E+00
+1.171875E+02,-3.341868E-06,-3.822682E-06,-1.058870E+02,-2.289185E+00
+1.174316E+02,+5.987790E-06,+7.585253E-06,-1.002970E+02,+9.025530E-01
+1.176758E+02,-1.224714E-05,-7.374581E-06,-9.689568E+01,-2.599596E+00
+1.179199E+02,+1.792535E-05,+7.479052E-06,-9.423366E+01,+3.952737E-01
+1.181641E+02,-1.541961E-05,-7.220405E-06,-9.537754E+01,-2.703657E+00
+1.184082E+02,+3.163149E-06,-1.384586E-06,-1.092363E+02,-4.125985E-01
+1.186523E+02,+6.101121E-06,+1.080344E-05,-9.812654E+01,+1.056708E+00
+1.188965E+02,+5.667457E-07,-8.689528E-06,-1.012016E+02,-1.505667E+00
+1.191406E+02,-1.086306E-05,+2.511852E-06,-9.905475E+01,+2.914358E+00
+1.193848E+02,+1.054162E-05,-7.500658E-06,-9.776282E+01,-6.184210E-01
+1.196289E+02,-6.525286E-06,+1.273150E-05,-9.688945E+01,+2.044418E+00
+1.198730E+02,+4.788391E-06,-7.127961E-06,-1.013232E+02,-9.792650E-01
+1.201172E+02,-3.351265E-06,+2.702473E-06,-1.073202E+02,+2.462959E+00
+1.203613E+02,+4.668071E-06,-4.053299E-06,-1.041771E+02,-7.150242E-01
+1.206055E+02,-9.986344E-06,+4.623663E-06,-9.916837E+01,+2.707982E+00
+1.208496E+02,+8.076398E-06,-6.118816E-06,-9.988564E+01,-6.483582E-01
+1.210938E+02,-2.553755E-07,+6.789549E-06,-1.033570E+02,+1.608392E+00
+1.213379E+02,+3.749803E-06,-4.832087E-06,-1.042701E+02,-9.108484E-01
+1.215820E+02,-6.204632E-06,+5.450958E-06,-1.016615E+02,+2.420767E+00
+1.218262E+02,+4.176631E-06,-4.735856E-06,-1.039933E+02,-8.480623E-01
+1.220703E+02,-6.064091E-06,+2.207942E-06,-1.038040E+02,+2.792411E+00
+1.223145E+02,+2.910222E-06,-2.021399E-06,-1.090117E+02,-6.070831E-01
+1.225586E+02,-2.764114E-06,+1.114846E-06,-1.105143E+02,+2.758220E+00
+1.228027E+02,+7.142708E-06,-6.870144E-07,-1.028828E+02,-9.588905E-02
+1.230469E+02,-6.908735E-06,+2.769391E-06,-1.025649E+02,+2.760351E+00
+1.232910E+02,+4.355495E-06,-3.865015E-06,-1.046969E+02,-7.258034E-01
+1.235352E+02,+3.829339E-06,+3.150469E-06,-1.060925E+02,+6.884410E-01
+1.237793E+02,-1.047656E-05,-7.152129E-07,-9.957543E+01,-3.073431E+00
+1.240234E+02,+8.998234E-06,-2.311939E-06,-1.006392E+02,-2.514926E-01
+1.242676E+02,-6.712915E-06,-1.282100E-06,-1.033062E+02,-2.952875E+00
+1.245117E+02,+4.219954E-06,+5.334110E-06,-1.033479E+02,+9.014899E-01
+1.247559E+02,-5.438041E-06,-3.152525E-06,-1.040329E+02,-2.616221E+00
+1.250000E+02,+1.118554E-05,-2.265494E-06,-9.885226E+01,-1.998345E-01
+1.252441E+02,-9.946888E-06,+2.873023E-06,-9.969826E+01,+2.860409E+00
+1.254883E+02,+6.472267E-06,+1.253609E-06,-1.036189E+02,+1.913203E-01
+1.257324E+02,-5.666781E-06,-2.276892E-06,-1.042833E+02,-2.759539E+00
+1.259766E+02,+6.063084E-06,+1.815489E-06,-1.039732E+02,+2.909368E-01
+1.262207E+02,-9.184650E-06,-7.314002E-07,-1.007113E+02,-3.062127E+00
+1.264648E+02,+2.950415E-06,-5.592747E-06,-1.039812E+02,-1.085358E+00
+1.267090E+02,+6.674634E-06,+1.054795E-05,-9.807404E+01,+1.006615E+00
+1.269531E+02,-6.561761E-06,-9.075209E-06,-9.901646E+01,-2.196820E+00
+1.271973E+02,+2.836463E-06,+8.363753E-06,-1.010792E+02,+1.243831E+00
+1.274414E+02,+2.738150E-06,-5.050368E-06,-1.048144E+02,-1.073986E+00
+1.276855E+02,-9.377075E-06,-1.846179E-06,-1.003935E+02,-2.947197E+00
+1.279297E+02,+7.345513E-06,+2.196067E-07,-1.026757E+02,+2.988781E-02
+1.281738E+02,+1.072920E-06,+5.170448E-06,-1.055463E+02,+1.366190E+00
+1.284180E+02,-1.993247E-06,-3.544744E-06,-1.078151E+02,-2.083042E+00
+1.286621E+02,+5.317535E-07,+2.890151E-06,-1.106370E+02,+1.388843E+00
+1.289062E+02,-1.308318E-07,-3.689148E-06,-1.086560E+02,-1.606245E+00
+1.291504E+02,-4.725635E-06,-1.397964E-06,-1.061465E+02,-2.853970E+00
+1.293945E+02,+1.211421E-05,+2.791348E-06,-9.810943E+01,+2.264665E-01
+1.296387E+02,-1.379720E-05,-1.748190E-06,-9.713501E+01,-3.015558E+00
+1.298828E+02,+3.230889E-06,+5.456392E-07,-1.096914E+02,+1.673034E-01
+1.301270E+02,+2.209849E-06,-7.938377E-07,-1.125856E+02,-3.448712E-01
+1.303711E+02,+1.636671E-06,+8.411411E-06,-1.013412E+02,+1.378620E+00
+1.306152E+02,-7.100729E-07,-1.006328E-05,-9.992364E+01,-1.641240E+00
+1.308594E+02,-5.539380E-06,+1.204330E-06,-1.049302E+02,+2.927512E+00
+1.311035E+02,+7.885578E-06,+3.090991E-06,-1.014426E+02,+3.735738E-01
+1.313477E+02,-1.975033E-06,-2.653744E-06,-1.096086E+02,-2.210603E+00
+1.315918E+02,-3.715414E-06,+7.138089E-06,-1.018872E+02,+2.050713E+00
+1.318359E+02,+4.009157E-06,-9.396684E-06,-9.981421E+01,-1.167523E+00
+1.320801E+02,-2.093353E-06,+3.745092E-06,-1.073500E+02,+2.080492E+00
+1.323242E+02,-1.492392E-06,-1.288176E-06,-1.141043E+02,-2.429507E+00
+1.325684E+02,+2.701420E-06,+8.839165E-07,-1.109264E+02,+3.162245E-01
+1.328125E+02,-2.231842E-06,+2.098081E-07,-1.129885E+02,+3.047861E+00
+1.330566E+02,+4.499725E-06,+1.150796E-06,-1.066611E+02,+2.503812E-01
+1.333008E+02,-1.063881E-05,+2.785318E-06,-9.917422E+01,+2.885532E+00
+1.335449E+02,+9.855231E-06,-2.597644E-06,-9.983496E+01,-2.577187E-01
+1.337891E+02,-4.725264E-07,-4.149000E-06,-1.075852E+02,-1.684197E+00
+1.340332E+02,-3.517584E-07,+1.261361E-06,-1.176579E+02,+1.842759E+00
+1.342773E+02,-3.895897E-06,+3.132424E-06,-1.060223E+02,+2.464398E+00
+1.345215E+02,+5.693428E-06,-9.415457E-08,-1.048913E+02,-1.653591E-02
+1.347656E+02,-4.614505E-06,+1.547548E-06,-1.062546E+02,+2.818014E+00
+1.350098E+02,+5.781567E-07,-1.102507E-05,-9.914044E+01,-1.518404E+00
+1.352539E+02,-3.720819E-06,+1.172495E-05,-9.820107E+01,+1.878086E+00
+1.354980E+02,+9.392445E-06,-5.560156E-06,-9.923966E+01,-5.345029E-01
+1.357422E+02,-6.464747E-06,+6.216258E-06,-1.009456E+02,+2.375787E+00
+1.359863E+02,+5.981338E-07,-4.471240E-06,-1.069144E+02,-1.437812E+00
+1.362305E+02,-2.756898E-06,-2.600905E-06,-1.084269E+02,-2.385301E+00
+1.364746E+02,+6.172314E-06,+6.354350E-06,-1.010527E+02,+7.999290E-01
+1.367188E+02,-1.431440E-07,-3.883376E-06,-1.082099E+02,-1.607640E+00
+1.369629E+02,-5.092884E-06,+2.133199E-06,-1.051587E+02,+2.744935E+00
+1.372070E+02,+2.522599E-07,-3.601690E-06,-1.088486E+02,-1.500871E+00
+1.374512E+02,+6.287406E-06,+3.163162E-06,-1.030507E+02,+4.661205E-01
+1.376953E+02,-1.009169E-05,-1.028394E-06,-9.987585E+01,-3.040038E+00
+1.379395E+02,+4.711712E-06,+3.861300E-06,-1.043051E+02,+6.865252E-01
+1.381836E+02,+4.716289E-06,-5.217621E-06,-1.030569E+02,-8.358222E-01
+1.384277E+02,-4.404998E-06,-2.112248E-06,-1.062223E+02,-2.694470E+00
+1.386719E+02,-2.476241E-06,+3.771137E-06,-1.069137E+02,+2.151818E+00
+1.389160E+02,+5.417085E-06,+3.886088E-06,-1.035216E+02,+6.222930E-01
+1.391602E+02,-1.632574E-06,-6.717554E-06,-1.032066E+02,-1.809205E+00
+1.394043E+02,-2.231693E-06,+1.906140E-07,-1.129957E+02,+3.056387E+00
+1.396484E+02,+3.331531E-06,+7.803627E-06,-1.014269E+02,+1.167300E+00
+1.398926E+02,+2.290027E-06,-5.420946E-06,-1.046054E+02,-1.171096E+00
+1.401367E+02,-5.401916E-06,+1.317872E-06,-1.050980E+02,+2.902303E+00
+1.403809E+02,+3.205980E-06,-6.216601E-06,-1.031047E+02,-1.094658E+00
+1.406250E+02,-3.765718E-06,+8.221425E-06,-1.008739E+02,+2.000314E+00
+1.408691E+02,+4.893059E-06,-3.869817E-06,-1.040985E+02,-6.691544E-01
+1.411133E+02,-8.776713E-06,+1.061258E-06,-1.010703E+02,+3.021259E+00
+1.413574E+02,+3.636456E-06,+2.584314E-06,-1.070109E+02,+6.178501E-01
+1.416016E+02,+5.948192E-06,-7.915162E-06,-1.000864E+02,-9.263402E-01
+1.418457E+02,-5.200468E-06,+1.287982E-05,-9.714590E+01,+1.954547E+00
+1.420898E+02,+5.805435E-06,-1.278882E-05,-9.704967E+01,-1.144666E+00
+1.423340E+02,-6.607239E-06,+8.514145E-06,-9.934995E+01,+2.230750E+00
+1.425781E+02,+1.685743E-06,-5.411881E-06,-1.049309E+02,-1.268832E+00
+1.428223E+02,-2.570922E-06,+2.489040E-06,-1.089262E+02,+2.372375E+00
+1.430664E+02,+8.081451E-06,+3.849807E-06,-1.009620E+02,+4.445702E-01
+1.433105E+02,-6.368698E-06,-1.294409E-05,-9.681708E+01,-2.028036E+00
+1.435547E+02,+6.229824E-06,+1.477335E-05,-9.589961E+01,+1.171730E+00
+1.437988E+02,-1.075887E-05,-6.533780E-06,-9.800126E+01,-2.595828E+00
+1.440430E+02,+1.119422E-05,-3.211050E-07,-9.901656E+01,-2.867704E-02
+1.442871E+02,+6.704986E-07,+5.754278E-07,-1.210752E+02,+7.092404E-01
+1.445312E+02,-1.323202E-05,+2.655368E-06,-9.739601E+01,+2.943546E+00
+1.447754E+02,+8.649449E-06,-4.065108E-06,-1.003935E+02,-4.393483E-01
+1.450195E+02,+1.285780E-06,+2.539108E-06,-1.109150E+02,+1.102049E+00
+1.452637E+02,-3.236034E-06,-2.895603E-06,-1.072454E+02,-2.411658E+00
+1.455078E+02,-1.778744E-06,+5.199086E-06,-1.052007E+02,+1.900440E+00
+1.457520E+02,+4.342532E-06,-7.198382E-06,-1.015074E+02,-1.027979E+00
+1.459961E+02,-1.192842E-06,+7.859171E-06,-1.019936E+02,+1.721424E+00
+1.462402E+02,+1.780851E-06,-5.044416E-06,-1.054337E+02,-1.231421E+00
+1.464844E+02,-2.068148E-06,+2.129647E-06,-1.105489E+02,+2.341545E+00
+1.467285E+02,-6.644017E-06,-1.135156E-06,-1.034264E+02,-2.972373E+00
+1.469727E+02,+1.047902E-05,+6.830912E-07,-9.957518E+01,+6.509448E-02
+1.472168E+02,-4.052866E-06,-1.306734E-06,-1.074152E+02,-2.829694E+00
+1.474609E+02,+4.867238E-06,+2.306909E-06,-1.053743E+02,+4.426050E-01
+1.477051E+02,-1.052097E-05,-1.724244E-06,-9.944378E+01,-2.979150E+00
+1.479492E+02,+9.237287E-06,+1.594921E-06,-1.005615E+02,+1.709754E-01
+1.481934E+02,-4.702142E-06,-9.200257E-07,-1.063909E+02,-2.948373E+00
+1.484375E+02,+3.359446E-06,-7.577393E-08,-1.094724E+02,-2.255166E-02
+1.486816E+02,-9.198752E-07,-1.230491E-06,-1.162704E+02,-2.212739E+00
+1.489258E+02,-2.380121E-06,-5.380355E-07,-1.122516E+02,-2.919275E+00
+1.491699E+02,+4.850157E-06,-8.848234E-07,-1.061427E+02,-1.804475E-01
+1.494141E+02,-4.161099E-06,+8.193060E-06,-1.007345E+02,+2.040729E+00
+1.496582E+02,-1.616978E-07,-7.846948E-06,-1.021041E+02,-1.591400E+00
+1.499023E+02,+2.863563E-06,+1.752460E-07,-1.108456E+02,+6.112237E-02
+1.501465E+02,-5.901943E-06,+2.220920E-06,-1.040049E+02,+2.781680E+00
+1.503906E+02,+6.728119E-06,+2.791723E-06,-1.027522E+02,+3.933135E-01
+1.506348E+02,-2.446189E-06,-1.039808E-05,-9.942699E+01,-1.801849E+00
+1.508789E+02,-3.217604E-06,+1.143531E-05,-9.850414E+01,+1.845079E+00
+1.511230E+02,+6.811686E-06,-5.492215E-06,-1.011598E+02,-6.785664E-01
+1.513672E+02,-4.891189E-06,+3.547650E-06,-1.043759E+02,+2.514079E+00
+1.516113E+02,+4.062760E-06,-5.400099E-07,-1.077475E+02,-1.321425E-01
+1.518555E+02,-7.076470E-06,-3.662431E-06,-1.019730E+02,-2.664003E+00
+1.520996E+02,+2.590016E-06,+2.139698E-06,-1.094744E+02,+6.904739E-01
+1.523438E+02,+6.061410E-06,-9.421581E-07,-1.042449E+02,-1.542015E-01
+1.525879E+02,-4.692977E-06,-1.232277E-06,-1.062815E+02,-2.884810E+00
+1.528320E+02,+2.016748E-06,+4.808646E-06,-1.056559E+02,+1.173678E+00
+1.530762E+02,-5.248740E-06,-2.420634E-06,-1.047614E+02,-2.709477E+00
+1.533203E+02,+3.916382E-06,-4.298478E-06,-1.047089E+02,-8.318775E-01
+1.535645E+02,+2.672909E-06,+5.675037E-06,-1.040505E+02,+1.130622E+00
+1.538086E+02,-1.359420E-06,-5.977755E-06,-1.042503E+02,-1.794407E+00
+1.540527E+02,-2.922615E-06,+7.174657E-06,-1.022172E+02,+1.957625E+00
+1.542969E+02,-7.227677E-07,-6.435913E-06,-1.037734E+02,-1.682630E+00
+1.545410E+02,+2.053234E-06,+4.029298E-06,-1.068929E+02,+1.099517E+00
+1.547852E+02,+1.313789E-06,+2.346019E-06,-1.114087E+02,+1.060302E+00
+1.550293E+02,-4.391947E-06,-2.951918E-06,-1.055280E+02,-2.549824E+00
+1.552734E+02,+7.713976E-06,-1.932435E-06,-1.019901E+02,-2.454594E-01
+1.555176E+02,-1.028022E-05,+2.602273E-06,-9.949022E+01,+2.893667E+00
+1.557617E+02,+7.862317E-06,-4.174783E-06,-1.010103E+02,-4.881283E-01
+1.560059E+02,+7.040547E-07,+4.749364E-06,-1.063729E+02,+1.423626E+00
+1.562500E+02,-2.352645E-06,-2.810338E-06,-1.087183E+02,-2.267776E+00
+1.564941E+02,-2.060865E-06,-2.183994E-06,-1.104494E+02,-2.327196E+00
+1.567383E+02,-9.526707E-07,+3.929318E-06,-1.078656E+02,+1.808658E+00
+1.569824E+02,+3.976690E-06,-4.881713E-07,-1.079446E+02,-1.221471E-01
+1.572266E+02,-1.930328E-06,-6.691771E-08,-1.142822E+02,-3.106940E+00
+1.574707E+02,+1.699980E-06,-2.556788E-06,-1.102562E+02,-9.840255E-01
+1.577148E+02,-4.506209E-06,+5.719194E-06,-1.027560E+02,+2.238122E+00
+1.579590E+02,+3.152512E-06,-1.917041E-07,-1.100108E+02,-6.073517E-02
+1.582031E+02,+2.098727E-06,-4.071350E-06,-1.067818E+02,-1.094836E+00
+1.584473E+02,+7.757659E-07,+1.635243E-07,-1.220166E+02,+2.077495E-01
+1.586914E+02,-6.528543E-06,-2.796967E-06,-1.029718E+02,-2.736828E+00
+1.589355E+02,+5.428066E-06,+3.986171E-06,-1.034339E+02,+6.334181E-01
+1.591797E+02,-2.408854E-06,-2.353240E-06,-1.094537E+02,-2.367872E+00
+1.594238E+02,+2.223133E-06,+7.986246E-06,-1.016290E+02,+1.299299E+00
+1.596680E+02,-4.049892E-06,-1.330262E-05,-9.713631E+01,-1.866324E+00
+1.599121E+02,+1.143281E-07,+1.122808E-05,-9.899345E+01,+1.560614E+00
+1.601562E+02,+1.624046E-06,-8.909415E-06,-1.008611E+02,-1.390492E+00
+1.604004E+02,+3.148426E-06,+8.187714E-06,-1.011378E+02,+1.203696E+00
+1.606445E+02,-8.680558E-07,-6.161618E-06,-1.041208E+02,-1.710756E+00
+1.608887E+02,-8.371386E-06,+1.028647E-06,-1.014790E+02,+3.019329E+00
+1.611328E+02,+8.361913E-06,+3.829435E-06,-1.007270E+02,+4.294550E-01
+1.613770E+02,-1.157606E-06,-1.854174E-06,-1.132075E+02,-2.128910E+00
+1.616211E+02,+4.010258E-07,-3.003333E-07,-1.260029E+02,-6.428049E-01
+1.618652E+02,-2.943796E-06,-2.130478E-06,-1.087927E+02,-2.515125E+00
+1.621094E+02,+6.141504E-06,+5.189656E-06,-1.018943E+02,+7.015923E-01
+1.623535E+02,-8.614539E-06,-4.211983E-06,-1.003644E+02,-2.686833E+00
+1.625977E+02,+2.012701E-06,+3.905431E-06,-1.071437E+02,+1.094937E+00
+1.628418E+02,+2.433545E-08,-5.740903E-06,-1.048203E+02,-1.566557E+00
+1.630859E+02,+5.874679E-06,+4.410335E-06,-1.026790E+02,+6.439722E-01
+1.633301E+02,-1.247650E-06,-1.631547E-06,-1.137483E+02,-2.223642E+00
+1.635742E+02,-5.414845E-06,+1.995071E-06,-1.047755E+02,+2.788581E+00
+1.638184E+02,+7.807788E-06,-7.519333E-06,-9.929955E+01,-7.665805E-01
+1.640625E+02,-5.147944E-06,+8.287281E-06,-1.002145E+02,+2.126648E+00
+1.643066E+02,-4.493906E-06,-9.764482E-07,-1.067472E+02,-2.927636E+00
+1.645508E+02,+4.570357E-06,-3.111177E-06,-1.051474E+02,-5.976753E-01
+1.647949E+02,+2.102548E-06,+3.240625E-06,-1.082616E+02,+9.952585E-01
+1.650391E+02,-6.653650E-06,-3.199442E-07,-1.035288E+02,-3.093544E+00
+1.652832E+02,+2.963585E-06,+3.392966E-08,-1.105631E+02,+1.144836E-02
+1.655273E+02,+5.298331E-06,-2.614873E-06,-1.045705E+02,-4.584563E-01
+1.657715E+02,-4.397289E-06,-5.487605E-07,-1.070692E+02,-3.017439E+00
+1.660156E+02,-5.526587E-06,+7.381965E-06,-1.007039E+02,+2.213440E+00
+1.662598E+02,+1.185250E-05,-1.370310E-05,-9.483787E+01,-8.576867E-01
+1.665039E+02,-9.783539E-06,+1.035844E-05,-9.692473E+01,+2.327660E+00
+1.667480E+02,+9.065936E-06,-2.132790E-06,-1.006178E+02,-2.310518E-01
+1.669922E+02,-1.881976E-06,+2.593684E-07,-1.144260E+02,+3.004638E+00
+1.672363E+02,-9.057840E-06,+1.225062E-06,-1.007808E+02,+3.007159E+00
+1.674805E+02,+5.127318E-06,-7.144999E-06,-1.011159E+02,-9.483495E-01
+1.677246E+02,+3.685776E-06,+1.096186E-05,-9.873715E+01,+1.246435E+00
+1.679688E+02,-5.540990E-06,-3.866511E-06,-1.034054E+02,-2.532344E+00
+1.682129E+02,+1.313303E-06,-9.301752E-07,-1.158670E+02,-6.162558E-01
+1.684570E+02,-2.314310E-06,+2.196678E-07,-1.126726E+02,+3.046959E+00
+1.687012E+02,+1.112651E-05,-1.831926E-06,-9.895667E+01,-1.631812E-01
+1.689453E+02,-7.215936E-06,+1.660111E-06,-1.026102E+02,+2.915466E+00
+1.691895E+02,-1.077041E-07,-4.379738E-06,-1.071684E+02,-1.595383E+00
+1.694336E+02,-2.696270E-07,+9.908303E-06,-1.000768E+02,+1.598002E+00
+1.696777E+02,-6.921381E-07,-8.541912E-06,-1.013405E+02,-1.651648E+00
+1.699219E+02,+3.352554E-07,+6.115755E-06,-1.042580E+02,+1.516033E+00
+1.701660E+02,-3.920210E-06,-7.091794E-06,-1.018269E+02,-2.075772E+00
+1.704102E+02,+1.043334E-05,+5.503799E-06,-9.856528E+01,+4.854207E-01
+1.706543E+02,-1.079060E-05,-3.650733E-07,-9.933411E+01,-3.107773E+00
+1.708984E+02,+2.920964E-06,-3.313926E-06,-1.070965E+02,-8.483412E-01
+1.711426E+02,+4.058964E-06,-3.039776E-07,-1.078074E+02,-7.475089E-02
+1.713867E+02,-4.092111E-06,+7.983539E-06,-1.009430E+02,+2.044448E+00
+1.716309E+02,+5.968581E-06,-7.887487E-06,-1.000950E+02,-9.230114E-01
+1.718750E+02,-3.602484E-06,+5.599315E-06,-1.035330E+02,+2.142503E+00
+1.721191E+02,-3.139494E-06,-5.891439E-06,-1.035100E+02,-2.060409E+00
+1.723633E+02,+4.958873E-06,+1.278568E-06,-1.058128E+02,+2.523384E-01
+1.726074E+02,-1.840699E-07,+6.969674E-07,-1.228429E+02,+1.829002E+00
+1.728516E+02,-6.654265E-06,+3.877713E-06,-1.022683E+02,+2.613960E+00
+1.730957E+02,+6.443171E-06,-6.705302E-06,-1.006311E+02,-8.053318E-01
+1.733398E+02,-4.019037E-06,+2.174971E-06,-1.068020E+02,+2.645556E+00
+1.735840E+02,+7.678128E-06,+5.684200E-06,-1.003970E+02,+6.372710E-01
+1.738281E+02,-1.349217E-05,-3.173657E-06,-9.716449E+01,-2.910570E+00
+1.740723E+02,+1.243554E-05,-2.286017E-06,-9.796237E+01,-1.817996E-01
+1.743164E+02,-9.187229E-06,+1.943782E-06,-1.005461E+02,+2.933093E+00
+1.745605E+02,+9.370880E-06,-1.723395E-06,-1.004199E+02,-1.818773E-01
+1.748047E+02,-9.019451E-06,+3.024556E-06,-1.004336E+02,+2.818040E+00
+1.750488E+02,+8.408159E-06,-4.112139E-06,-1.005746E+02,-4.548617E-01
+1.752930E+02,-1.972982E-06,+4.995949E-06,-1.053982E+02,+1.946913E+00
+1.755371E+02,-3.977556E-06,-6.831001E-06,-1.020423E+02,-2.098084E+00
+1.757812E+02,+9.312098E-08,+1.131750E-05,-9.892470E+01,+1.562568E+00
+1.760254E+02,+6.497215E-06,-1.331819E-05,-9.658391E+01,-1.116920E+00
+1.762695E+02,-6.535654E-06,+6.885825E-06,-1.004513E+02,+2.330110E+00
+1.765137E+02,+2.301763E-06,+1.549769E-06,-1.111351E+02,+5.925784E-01
+1.767578E+02,-3.193676E-06,-4.484110E-06,-1.051846E+02,-2.189677E+00
+1.770020E+02,+6.470831E-06,-3.466373E-06,-1.026851E+02,-4.917919E-01
+1.772461E+02,-3.377130E-06,+1.121362E-05,-9.862804E+01,+1.863320E+00
+1.774902E+02,+2.163298E-06,-5.240581E-06,-1.049291E+02,-1.179307E+00
+1.777344E+02,-3.950874E-06,-3.446923E-06,-1.056081E+02,-2.424211E+00
+1.779785E+02,-2.049727E-06,+9.419042E-06,-1.003189E+02,+1.785071E+00
+1.782227E+02,+9.855803E-06,-7.772590E-06,-9.802582E+01,-6.677700E-01
+1.784668E+02,-1.136073E-05,-1.147944E-06,-9.884776E+01,-3.040890E+00
+1.787109E+02,+8.450229E-06,+1.273409E-06,-1.013651E+02,+1.495698E-01
+1.789551E+02,-2.457338E-06,+5.706042E-06,-1.041344E+02,+1.977448E+00
+1.791992E+02,+2.805803E-06,-9.305362E-06,-1.002474E+02,-1.277941E+00
+1.794434E+02,-5.859920E-06,+6.182674E-07,-1.045941E+02,+3.036474E+00
+1.796875E+02,+6.774813E-06,+9.059958E-06,-9.892854E+01,+9.287205E-01
+1.799316E+02,-8.584775E-06,-1.690139E-06,-1.011603E+02,-2.947202E+00
+1.801758E+02,+8.989136E-06,-8.154675E-06,-9.831787E+01,-7.367623E-01
+1.804199E+02,-9.152035E-06,+4.122734E-06,-9.996726E+01,+2.718346E+00
+1.806641E+02,+5.727381E-06,-1.381130E-06,-1.045954E+02,-2.366275E-01
+1.809082E+02,-6.858124E-07,+4.172654E-06,-1.074760E+02,+1.733699E+00
+1.811523E+02,-1.325770E-06,+2.041005E-06,-1.122743E+02,+2.146867E+00
+1.813965E+02,+2.605476E-06,-9.876074E-06,-9.981610E+01,-1.312856E+00
+1.816406E+02,-5.977774E-06,+5.148605E-06,-1.020592E+02,+2.430580E+00
+1.818848E+02,+1.040829E-05,+6.995187E-06,-9.803368E+01,+5.917399E-01
+1.821289E+02,-7.061300E-06,-8.863364E-06,-9.891364E+01,-2.243512E+00
+1.823730E+02,+1.436627E-06,+2.000225E-06,-1.121718E+02,+9.479381E-01
+1.826172E+02,-1.517852E-06,-5.996812E-07,-1.157455E+02,-2.765330E+00
+1.828613E+02,+1.494013E-06,+2.130960E-06,-1.116922E+02,+9.593333E-01
+1.831055E+02,-7.890682E-07,-2.452220E-06,-1.117809E+02,-1.882110E+00
+1.833496E+02,+3.407902E-06,-2.745841E-07,-1.093222E+02,-8.039909E-02
+1.835938E+02,-6.241428E-06,-1.253728E-07,-1.040926E+02,-3.121508E+00
+1.838379E+02,+4.036514E-07,+6.981911E-06,-1.031060E+02,+1.513047E+00
+1.840820E+02,+4.376203E-06,-8.525774E-06,-1.003697E+02,-1.096573E+00
+1.843262E+02,+3.539143E-06,+4.717134E-06,-1.045871E+02,+9.271199E-01
+1.845703E+02,-4.711801E-06,-2.571755E-06,-1.054038E+02,-2.641971E+00
+1.848145E+02,+1.236201E-06,-6.318213E-06,-1.038250E+02,-1.377580E+00
+1.850586E+02,-9.341706E-06,+1.588470E-05,-9.469044E+01,+2.102416E+00
+1.853027E+02,+9.790675E-06,-1.043662E-05,-9.688712E+01,-8.173215E-01
+1.855469E+02,-8.535387E-07,-4.606674E-07,-1.202653E+02,-2.646680E+00
+1.857910E+02,-3.382765E-06,+5.384577E-06,-1.039322E+02,+2.131716E+00
+1.860352E+02,+3.824015E-06,-5.245628E-06,-1.037531E+02,-9.408773E-01
+1.862793E+02,-5.075426E-06,-3.518691E-06,-1.041861E+02,-2.535391E+00
+1.865234E+02,+6.424470E-06,+7.271973E-06,-1.002615E+02,+8.471969E-01
+1.867676E+02,-5.277852E-06,-2.960876E-07,-1.055372E+02,-3.085551E+00
+1.870117E+02,+5.487527E-06,-3.164992E-06,-1.039653E+02,-5.231568E-01
+1.872559E+02,-5.227238E-06,-1.925545E-08,-1.056345E+02,-3.137909E+00
+1.875000E+02,+5.276693E-06,+1.807804E-06,-1.050708E+02,+3.300688E-01
+1.877441E+02,-4.579276E-06,-5.758151E-06,-1.026659E+02,-2.242646E+00
+1.879883E+02,-8.206430E-07,+1.574115E-05,-9.604749E+01,+1.622883E+00
+1.882324E+02,+2.628184E-06,-1.283907E-05,-9.765105E+01,-1.368884E+00
+1.884766E+02,-1.874218E-06,-1.455866E-06,-1.124932E+02,-2.481168E+00
+1.887207E+02,-6.379967E-08,+6.109098E-06,-1.042800E+02,+1.581239E+00
+1.889648E+02,+2.758008E-06,-5.232883E-06,-1.045606E+02,-1.085741E+00
+1.892090E+02,+6.851853E-07,+1.879989E-06,-1.139752E+02,+1.221296E+00
+1.894531E+02,-1.974870E-06,+3.489006E-06,-1.079390E+02,+2.085861E+00
+1.896973E+02,-5.375509E-07,-3.267448E-06,-1.095998E+02,-1.733853E+00
+1.899414E+02,-1.221026E-06,+4.464167E-06,-1.066919E+02,+1.837783E+00
+1.901855E+02,+4.788531E-06,-5.044416E-06,-1.031537E+02,-8.114156E-01
+1.904297E+02,-7.041735E-06,-3.785662E-07,-1.030339E+02,-3.087884E+00
+1.906738E+02,+4.341336E-06,+3.958448E-07,-1.072116E+02,+9.092899E-02
+1.909180E+02,-1.664747E-06,+2.081582E-06,-1.114847E+02,+2.245385E+00
+1.911621E+02,-3.327519E-07,+1.021273E-06,-1.193790E+02,+1.885770E+00
+1.914062E+02,-6.320496E-07,-3.284511E-06,-1.095127E+02,-1.760906E+00
+1.916504E+02,+8.322877E-06,-1.626002E-06,-1.014319E+02,-1.929352E-01
+1.918945E+02,-1.439602E-05,+7.610050E-06,-9.576495E+01,+2.655311E+00
+1.921387E+02,+1.265874E-05,-2.807208E-06,-9.774369E+01,-2.182288E-01
+1.923828E+02,-8.505978E-06,-8.251866E-06,-9.852494E+01,-2.371357E+00
+1.926270E+02,+3.881232E-06,+1.081215E-05,-9.879536E+01,+1.226153E+00
+1.928711E+02,+2.802422E-06,-3.745838E-06,-1.065986E+02,-9.284849E-01
+1.931152E+02,-6.184227E-06,-1.725646E-07,-1.041709E+02,-3.113696E+00
+1.933594E+02,+1.978106E-06,-3.760275E-06,-1.074346E+02,-1.086524E+00
+1.936035E+02,+1.587015E-06,+4.968172E-06,-1.056541E+02,+1.261605E+00
+1.938477E+02,+4.110915E-06,-5.485803E-07,-1.076446E+02,-1.326611E-01
+1.940918E+02,-8.311330E-06,+1.060718E-06,-1.015364E+02,+3.014656E+00
+1.943359E+02,+4.131408E-07,+2.373787E-06,-1.123616E+02,+1.398479E+00
+1.945801E+02,+5.855681E-06,-9.804286E-06,-9.884679E+01,-1.032396E+00
+1.948242E+02,-1.692818E-08,+1.224839E-05,-9.823841E+01,+1.572178E+00
+1.950684E+02,-5.481700E-06,-7.201612E-06,-1.008665E+02,-2.221412E+00
+1.953125E+02,+1.117857E-06,-2.166958E-06,-1.122583E+02,-1.094538E+00
+1.955566E+02,+6.462571E-06,+2.668647E-07,-1.037845E+02,+4.127044E-02
+1.958008E+02,-8.874140E-06,+4.560486E-06,-1.000197E+02,+2.666881E+00
+1.960449E+02,+5.756958E-06,-3.574279E-06,-1.033802E+02,-5.556185E-01
+1.962891E+02,-4.797204E-06,-6.107486E-08,-1.063795E+02,-3.128862E+00
+1.965332E+02,+8.177083E-06,+4.155103E-06,-1.007505E+02,+4.701384E-01
+1.967773E+02,-6.975331E-06,-4.984416E-06,-1.013371E+02,-2.521150E+00
+1.970215E+02,+3.560502E-06,+3.380854E-06,-1.061785E+02,+7.595232E-01
+1.972656E+02,-4.960887E-06,+2.002128E-06,-1.054335E+02,+2.758002E+00
+1.975098E+02,+2.367295E-06,-4.457649E-06,-1.059389E+02,-1.082608E+00
+1.977539E+02,-1.386207E-06,+5.689139E-06,-1.046486E+02,+1.809798E+00
+1.979980E+02,+5.003023E-06,-4.366044E-06,-1.035564E+02,-7.175152E-01
+1.982422E+02,-4.352517E-06,-2.378230E-06,-1.060906E+02,-2.641515E+00
+1.984863E+02,+8.780728E-06,+1.239329E-06,-1.010437E+02,+1.402158E-01
+1.987305E+02,-1.697455E-05,+1.718728E-06,-9.535973E+01,+3.040683E+00
+1.989746E+02,+1.795187E-05,+7.262098E-06,-9.425960E+01,+3.844067E-01
+1.992188E+02,-1.275132E-05,-9.847808E-06,-9.585736E+01,-2.483974E+00
+1.994629E+02,+4.588638E-06,-9.527142E-07,-1.065830E+02,-2.047161E-01
+1.997070E+02,-9.423251E-07,+2.407652E-06,-1.117491E+02,+1.943856E+00
+1.999512E+02,+4.420348E-06,+7.652991E-06,-1.010731E+02,+1.047012E+00
+2.001953E+02,-2.057131E-06,-9.053711E-06,-1.006449E+02,-1.794217E+00
+2.004395E+02,-2.969396E-06,+3.479080E-06,-1.067941E+02,+2.277319E+00
+2.006836E+02,-1.722570E-07,-3.947097E-06,-1.080662E+02,-1.614410E+00
+2.009277E+02,-9.954022E-07,+4.332715E-06,-1.070414E+02,+1.796619E+00
+2.011719E+02,+4.373719E-06,-1.918673E-06,-1.064186E+02,-4.134024E-01
+2.014160E+02,+2.070778E-07,+1.729857E-06,-1.151780E+02,+1.451655E+00
+2.016602E+02,-2.712860E-06,-9.906383E-07,-1.107878E+02,-2.791473E+00
+2.019043E+02,+3.432130E-06,+4.256694E-06,-1.052434E+02,+8.922318E-01
+2.021484E+02,-2.769299E-06,-4.122556E-06,-1.060793E+02,-2.162305E+00
+2.023926E+02,-2.238696E-06,-3.169454E-06,-1.082226E+02,-2.185761E+00
+2.026367E+02,+9.837142E-06,+3.125732E-06,-9.972489E+01,+3.076588E-01
+2.028809E+02,-1.215558E-05,+3.320470E-06,-9.799194E+01,+2.874934E+00
+2.031250E+02,+2.039629E-06,-3.098499E-06,-1.086136E+02,-9.886339E-01
+2.033691E+02,+4.190006E-06,-3.630000E-07,-1.075232E+02,-8.641895E-02
+2.036133E+02,+2.983141E-06,+3.780742E-07,-1.104373E+02,+1.260649E-01
+2.038574E+02,-4.074749E-06,-6.072749E-06,-1.027179E+02,-2.161786E+00
+2.041016E+02,-4.225745E-08,+6.733740E-06,-1.034347E+02,+1.577072E+00
+2.043457E+02,+1.122784E-06,+1.054149E-06,-1.162491E+02,+7.538804E-01
+2.045898E+02,-3.688667E-06,+1.527754E-08,-1.086625E+02,+3.137451E+00
+2.048340E+02,-3.135987E-06,-2.790027E-07,-1.100383E+02,-3.052858E+00
+2.050781E+02,+1.543782E-05,-5.576088E-06,-9.569572E+01,-3.466145E-01
+2.053223E+02,-1.363622E-05,+6.508374E-06,-9.641483E+01,+2.696281E+00
+2.055664E+02,+4.259394E-06,-2.671373E-06,-1.059725E+02,-5.601597E-01
+2.058105E+02,+1.280139E-06,-5.370485E-06,-1.051597E+02,-1.336797E+00
+2.060547E+02,-5.959716E-06,+9.029435E-06,-9.931633E+01,+2.154192E+00
+2.062988E+02,+5.349436E-06,-8.553482E-06,-9.992344E+01,-1.011902E+00
+2.065430E+02,-7.053567E-07,+1.229712E-05,-9.818967E+01,+1.628093E+00
+2.067871E+02,+1.308379E-06,-4.920766E-06,-1.058627E+02,-1.310920E+00
+2.070312E+02,-1.943208E-06,-8.307959E-06,-1.013788E+02,-1.800563E+00
+2.072754E+02,+3.404800E-06,+1.026279E-05,-9.932121E+01,+1.250461E+00
+2.075195E+02,-2.963465E-06,-1.005583E-05,-9.958995E+01,-1.857385E+00
+2.077637E+02,-4.050123E-07,+4.092067E-06,-1.077188E+02,+1.669450E+00
+2.080078E+02,-1.349990E-06,+7.331804E-06,-1.025510E+02,+1.752885E+00
+2.082520E+02,+7.290377E-06,-1.063867E-05,-9.779027E+01,-9.700239E-01
+2.084961E+02,-8.006736E-06,+9.148788E-06,-9.830301E+01,+2.289722E+00
+2.087402E+02,+7.159186E-07,-6.058815E-06,-1.042920E+02,-1.453180E+00
+2.089844E+02,+4.179288E-06,+4.346977E-06,-1.043934E+02,+8.050629E-01
+2.092285E+02,-1.367853E-07,-5.999144E-06,-1.044360E+02,-1.593593E+00
+2.094727E+02,-7.277306E-06,+3.938076E-06,-1.016451E+02,+2.645574E+00
+2.097168E+02,+7.292940E-06,-2.877696E-06,-1.021135E+02,-3.758309E-01
+2.099609E+02,+3.333529E-07,+2.002647E-06,-1.138492E+02,+1.405852E+00
+2.102051E+02,-4.272361E-06,+5.918609E-06,-1.027341E+02,+2.196038E+00
+2.104492E+02,+3.824347E-06,-6.442175E-06,-1.025083E+02,-1.035065E+00
+2.106934E+02,-1.004482E-06,-7.759937E-07,-1.179286E+02,-2.483827E+00
+2.109375E+02,-6.747638E-06,-1.274004E-06,-1.032648E+02,-2.954982E+00
+2.111816E+02,+1.307459E-05,+4.642774E-06,-9.715569E+01,+3.412103E-01
+2.114258E+02,-9.450659E-06,-3.599148E-06,-9.990257E+01,-2.777716E+00
+2.116699E+02,+1.912454E-07,+4.537866E-06,-1.068553E+02,+1.528677E+00
+2.119141E+02,+5.892866E-06,-4.783863E-06,-1.023949E+02,-6.818983E-01
+2.121582E+02,-9.789227E-06,+2.529855E-06,-9.990425E+01,+2.888693E+00
+2.124023E+02,+1.064770E-05,+2.327371E-06,-9.925220E+01,+2.151952E-01
+2.126465E+02,-1.032711E-06,-4.966786E-06,-1.058947E+02,-1.775799E+00
+2.128906E+02,-6.459219E-06,+1.968560E-07,-1.037924E+02,+3.111125E+00
+2.131348E+02,+7.521536E-07,+4.753026E-06,-1.063532E+02,+1.413850E+00
+2.133789E+02,+8.009863E-06,-6.612068E-06,-9.967070E+01,-6.900920E-01
+2.136230E+02,-1.055081E-05,+2.372655E-06,-9.932003E+01,+2.920393E+00
+2.138672E+02,+4.082824E-06,+2.166096E-06,-1.067037E+02,+4.877791E-01
+2.141113E+02,+3.440014E-06,+2.314158E-06,-1.076475E+02,+5.921801E-01
+2.143555E+02,-1.789917E-06,-4.445159E-06,-1.063897E+02,-1.953599E+00
+2.145996E+02,-4.344642E-06,-4.061342E-07,-1.072031E+02,-3.048384E+00
+2.148438E+02,+6.235407E-06,+4.666162E-07,-1.040784E+02,+7.469409E-02
+2.150879E+02,-5.581868E-06,-2.738870E-06,-1.041275E+02,-2.685435E+00
+2.153320E+02,+1.119455E-06,+7.350181E-06,-1.025745E+02,+1.419655E+00
+2.155762E+02,+4.349475E-06,-5.157803E-06,-1.034179E+02,-8.702163E-01
+2.158203E+02,-4.775631E-06,+1.255390E-06,-1.061292E+02,+2.884534E+00
+2.160645E+02,+1.865941E-06,+1.233212E-06,-1.130081E+02,+5.840041E-01
+2.163086E+02,+3.833731E-06,-7.251340E-07,-1.081749E+02,-1.869373E-01
+2.165527E+02,-2.869699E-06,-1.393653E-06,-1.099236E+02,-2.689495E+00
+2.167969E+02,-6.482708E-06,+1.220834E-06,-1.036135E+02,+2.955451E+00
+2.170410E+02,+6.748546E-06,+2.112242E-07,-1.034115E+02,+3.128900E-02
+2.172852E+02,+1.249983E-06,-1.015246E-08,-1.180616E+02,-8.121905E-03
+2.175293E+02,-5.337044E-06,-3.531763E-07,-1.054350E+02,-3.075515E+00
+2.177734E+02,+4.559946E-06,-9.757435E-07,-1.066264E+02,-2.108023E-01
+2.180176E+02,-4.354354E-06,+5.505349E-07,-1.071526E+02,+3.015827E+00
+2.182617E+02,+2.315785E-06,-1.869331E-06,-1.105270E+02,-6.791235E-01
+2.185059E+02,+3.552409E-06,-2.300373E-07,-1.089714E+02,-6.466501E-02
+2.187500E+02,-6.567855E-06,+1.275229E-06,-1.034908E+02,+2.949817E+00
+2.189941E+02,+7.940213E-06,+2.382746E-06,-1.016289E+02,+2.915356E-01
+2.192383E+02,-3.300921E-06,+2.280261E-06,-1.079329E+02,+2.537071E+00
+2.194824E+02,-5.691746E-06,-5.110031E-06,-1.023278E+02,-2.409996E+00
+2.197266E+02,+1.926847E-06,-1.832786E-06,-1.115047E+02,-7.603849E-01
+2.199707E+02,+2.353035E-06,+5.489439E-06,-1.044769E+02,+1.165840E+00
+2.202148E+02,-2.736841E-07,-6.617852E-07,-1.229000E+02,-1.962932E+00
+2.204590E+02,+2.310647E-06,-6.140626E-07,-1.124290E+02,-2.597497E-01
+2.207031E+02,-1.230972E-06,-3.690537E-06,-1.082001E+02,-1.892740E+00
+2.209473E+02,-4.134433E-06,+1.227289E-06,-1.073049E+02,+2.853032E+00
+2.211914E+02,+3.059121E-06,+2.204842E-06,-1.084711E+02,+6.245126E-01
+2.214355E+02,-1.943191E-06,-2.043015E-06,-1.109964E+02,-2.331157E+00
+2.216797E+02,+5.152161E-06,+6.770178E-06,-1.014038E+02,+9.202871E-01
+2.219238E+02,-6.346839E-06,-1.113038E-05,-9.784712E+01,-2.089036E+00
+2.221680E+02,+7.871130E-06,+7.751998E-06,-9.913468E+01,+7.777730E-01
+2.224121E+02,-1.021813E-05,+6.391949E-07,-9.979561E+01,+3.079119E+00
+2.226562E+02,+5.055857E-06,-4.389979E-06,-1.034840E+02,-7.150203E-01
+2.229004E+02,+2.622045E-07,-2.655711E-06,-1.114743E+02,-1.472383E+00
+2.231445E+02,+4.385214E-06,+5.467083E-06,-1.030875E+02,+8.947688E-01
+2.233887E+02,-8.660328E-06,+4.921789E-07,-1.012353E+02,+3.084822E+00
+2.236328E+02,+2.627193E-06,-5.946881E-07,-1.113931E+02,-2.226073E-01
+2.238770E+02,+1.587980E-06,+1.499140E-06,-1.132156E+02,+7.566284E-01
+2.241211E+02,+4.554736E-07,-4.386362E-06,-1.071113E+02,-1.467329E+00
+2.243652E+02,+1.424373E-06,+1.240502E-06,-1.144761E+02,+7.165092E-01
+2.246094E+02,-4.994225E-06,+1.367176E-06,-1.057168E+02,+2.874388E+00
+2.248535E+02,-6.325943E-07,-4.690517E-06,-1.064973E+02,-1.704854E+00
+2.250977E+02,+1.257525E-05,+9.856106E-06,-9.592983E+01,+6.647660E-01
+2.253418E+02,-1.338373E-05,-7.273207E-06,-9.634468E+01,-2.643802E+00
+2.255859E+02,+4.097045E-06,+2.885366E-06,-1.060013E+02,+6.135762E-01
+2.258301E+02,+2.919292E-06,+1.244231E-06,-1.099695E+02,+4.028949E-01
+2.260742E+02,-2.452781E-06,-5.441687E-06,-1.044821E+02,-1.994265E+00
+2.263184E+02,-5.003509E-06,+3.049428E-06,-1.046427E+02,+2.594248E+00
+2.265625E+02,+6.544048E-06,-3.368349E-06,-1.026624E+02,-4.753537E-01
+2.268066E+02,-2.616586E-06,+7.450794E-06,-1.020509E+02,+1.908524E+00
+2.270508E+02,+2.626376E-07,-4.575929E-06,-1.067761E+02,-1.513464E+00
+2.272949E+02,+4.003819E-06,+2.708886E-06,-1.063137E+02,+5.948313E-01
+2.275391E+02,-5.144891E-06,-4.814900E-06,-1.030405E+02,-2.389315E+00
+2.277832E+02,+1.470552E-06,+4.209813E-06,-1.070147E+02,+1.234732E+00
+2.280273E+02,+4.123690E-06,-1.206785E-06,-1.073374E+02,-2.846972E-01
+2.282715E+02,-7.340162E-06,-1.066995E-06,-1.025951E+02,-2.997240E+00
+2.285156E+02,+2.888766E-06,+2.364001E-06,-1.085594E+02,+6.858259E-01
+2.287598E+02,+8.520987E-07,-5.337448E-06,-1.053440E+02,-1.412487E+00
+2.290039E+02,+1.542825E-06,+7.639710E-06,-1.021649E+02,+1.371528E+00
+2.292480E+02,-1.732300E-06,-2.737040E-06,-1.097913E+02,-2.135063E+00
+2.294922E+02,-5.409646E-06,+1.812700E-06,-1.048745E+02,+2.818265E+00
+2.297363E+02,+1.214051E-05,-6.725017E-06,-9.715303E+01,-5.058571E-01
+2.299805E+02,-1.336593E-05,+7.917815E-06,-9.617371E+01,+2.606789E+00
+2.302246E+02,+7.838646E-06,-1.028670E-05,-9.776607E+01,-9.196482E-01
+2.304688E+02,+2.088110E-06,+9.731127E-06,-1.000412E+02,+1.359421E+00
+2.307129E+02,-7.966941E-06,-1.142658E-06,-1.018857E+02,-2.999139E+00
+2.309570E+02,+8.758663E-06,-9.947198E-07,-1.010956E+02,-1.130853E-01
+2.312012E+02,-4.985686E-06,-3.433766E-06,-1.043595E+02,-2.538474E+00
+2.314453E+02,+5.910357E-07,+1.700535E-06,-1.148930E+02,+1.236298E+00
+2.316895E+02,+2.874871E-06,-1.570277E-06,-1.096937E+02,-4.999270E-01
+2.319336E+02,-4.536378E-06,+6.793361E-06,-1.017569E+02,+2.159560E+00
+2.321777E+02,+5.233093E-07,-5.074575E-07,-1.227461E+02,-7.700207E-01
+2.324219E+02,+4.344065E-06,-1.059256E-05,-9.882485E+01,-1.181609E+00
+2.326660E+02,-3.936026E-06,+7.726192E-06,-1.012386E+02,+2.041967E+00
+2.329102E+02,+2.550774E-06,-1.515434E-06,-1.105537E+02,-5.360754E-01
+2.331543E+02,-1.117566E-06,-2.136584E-07,-1.188786E+02,-2.952690E+00
+2.333984E+02,-4.601817E-07,+3.190217E-06,-1.098342E+02,+1.714056E+00
+2.336426E+02,-2.800393E-06,+3.690514E-07,-1.109808E+02,+3.010562E+00
+2.338867E+02,+8.443400E-06,-5.140295E-06,-1.001004E+02,-5.468609E-01
+2.341309E+02,-9.216055E-06,+5.703243E-06,-9.930100E+01,+2.587437E+00
+2.343750E+02,+8.664743E-06,-6.285309E-06,-9.940881E+01,-6.275631E-01
+2.346191E+02,-8.784707E-06,-3.379306E-07,-1.011190E+02,-3.103143E+00
+2.348633E+02,+5.761872E-06,+4.052922E-06,-1.030430E+02,+6.130067E-01
+2.351074E+02,-1.128582E-06,-2.905748E-06,-1.101246E+02,-1.941260E+00
+2.353516E+02,-2.036566E-06,+3.995739E-06,-1.069651E+02,+2.042161E+00
+2.355957E+02,+1.202992E-07,-2.166294E-06,-1.132723E+02,-1.515321E+00
+2.358398E+02,+8.090205E-06,-1.757746E-06,-1.016405E+02,-2.139434E-01
+2.360840E+02,-8.828076E-06,+6.151913E-06,-9.936363E+01,+2.532979E+00
+2.363281E+02,-2.703364E-06,-6.863717E-06,-1.026425E+02,-1.946001E+00
+2.365723E+02,+7.963831E-06,+4.224328E-06,-1.009008E+02,+4.877014E-01
+2.368164E+02,-2.001115E-06,-4.652467E-06,-1.059091E+02,-1.976995E+00
+2.370605E+02,+2.201389E-06,+5.582699E-06,-1.044355E+02,+1.195193E+00
+2.373047E+02,-4.817496E-06,-1.375348E-06,-1.060033E+02,-2.863500E+00
+2.375488E+02,+5.080996E-06,-3.111059E-06,-1.044983E+02,-5.494094E-01
+2.377930E+02,-7.234443E-06,+5.797900E-07,-1.027841E+02,+3.061620E+00
+2.380371E+02,+2.993826E-06,+1.875743E-06,-1.090374E+02,+5.597038E-01
+2.382812E+02,+1.463154E-06,+4.826329E-07,-1.162456E+02,+3.186195E-01
+2.385254E+02,+6.023338E-07,-7.114244E-07,-1.206102E+02,-8.682451E-01
+2.387695E+02,+3.657681E-06,+6.850942E-07,-1.085861E+02,+1.851575E-01
+2.390137E+02,-9.432101E-06,+9.091258E-07,-1.004677E+02,+3.045503E+00
+2.392578E+02,+9.492534E-06,-2.801039E-06,-1.000898E+02,-2.869352E-01
+2.395020E+02,-7.741360E-06,-1.978968E-06,-1.019487E+02,-2.891317E+00
+2.397461E+02,+5.735583E-06,+5.258071E-06,-1.021793E+02,+7.419903E-01
+2.399902E+02,-2.110471E-06,-5.958545E-06,-1.039839E+02,-1.911201E+00
+2.402344E+02,-1.723183E-06,+8.031658E-06,-1.017085E+02,+1.782141E+00
+2.404785E+02,-2.146155E-06,-9.277845E-06,-1.004247E+02,-1.798118E+00
+2.407227E+02,+8.894087E-06,+4.948019E-06,-9.984692E+01,+5.076877E-01
+2.409668E+02,-8.265425E-06,+7.247264E-07,-1.016214E+02,+3.054135E+00
+2.412109E+02,+1.956709E-06,-4.109332E-06,-1.068371E+02,-1.126400E+00
+2.414551E+02,+2.370127E-06,+4.924294E-06,-1.052482E+02,+1.122210E+00
+2.416992E+02,-7.700642E-07,-3.691637E-06,-1.084706E+02,-1.776444E+00
+2.419434E+02,-4.725384E-07,+6.437165E-06,-1.038028E+02,+1.644073E+00
+2.421875E+02,-9.191626E-07,-8.385291E-06,-1.014778E+02,-1.679976E+00
+2.424316E+02,+4.139381E-07,-1.022333E-06,-1.191488E+02,-1.186077E+00
+2.426758E+02,-1.378552E-06,+8.400076E-06,-1.013989E+02,+1.733458E+00
+2.429199E+02,+5.909772E-06,-7.398740E-06,-1.004737E+02,-8.968157E-01
+2.431641E+02,-5.899639E-06,+9.200017E-06,-9.922829E+01,+2.141006E+00
+2.434082E+02,+1.398851E-07,-9.699628E-06,-1.002640E+02,-1.556376E+00
+2.436523E+02,+8.697189E-07,+9.718751E-06,-1.002132E+02,+1.481545E+00
+2.438965E+02,+6.820129E-06,-1.005816E-05,-9.830676E+01,-9.749413E-01
+2.441406E+02,-8.994957E-06,+3.035345E-07,-1.009151E+02,+3.107861E+00
+2.443848E+02,-3.361720E-06,+6.093009E-06,-1.031492E+02,+2.074970E+00
+2.446289E+02,+7.675369E-06,-1.189760E-06,-1.021949E+02,-1.537863E-01
+2.448730E+02,-8.505755E-07,+2.043596E-07,-1.211620E+02,+2.905802E+00
+2.451172E+02,-1.987281E-06,-4.404645E-06,-1.063171E+02,-1.994630E+00
+2.453613E+02,+5.100576E-06,+3.807653E-06,-1.039239E+02,+6.412665E-01
+2.456055E+02,-6.035853E-06,-2.357254E-06,-1.037687E+02,-2.769266E+00
+2.458496E+02,+3.185785E-06,+5.060016E-07,-1.098275E+02,+1.575153E-01
+2.460938E+02,-1.066040E-06,+1.072612E-06,-1.164075E+02,+2.353121E+00
+2.463379E+02,+2.300462E-06,+2.001743E-06,-1.103156E+02,+7.160754E-01
+2.465820E+02,-6.348547E-06,-7.982423E-06,-9.982870E+01,-2.242675E+00
+2.468262E+02,+5.119916E-06,+8.395567E-06,-1.001458E+02,+1.023176E+00
+2.470703E+02,+3.930055E-07,-8.684206E-07,-1.204162E+02,-1.145822E+00
+2.473145E+02,-1.545947E-06,-6.211189E-07,-1.155662E+02,-2.759559E+00
+2.475586E+02,-5.695013E-06,+2.556559E-06,-1.040928E+02,+2.719644E+00
+2.478027E+02,+7.698905E-06,-9.576702E-06,-9.821062E+01,-8.936695E-01
+2.480469E+02,-1.191323E-06,+4.581226E-06,-1.064962E+02,+1.825206E+00
+2.482910E+02,-4.116210E-06,+2.330251E-06,-1.065027E+02,+2.626461E+00
+2.485352E+02,+8.101056E-06,+2.850299E-06,-1.013223E+02,+3.383157E-01
+2.487793E+02,-6.555041E-06,-6.835583E-06,-1.004724E+02,-2.335247E+00
+2.490234E+02,-2.481849E-07,+8.238030E-06,-1.016796E+02,+1.600914E+00
+2.492676E+02,+2.028886E-06,-1.152691E-05,-9.863324E+01,-1.396568E+00
+2.495117E+02,+3.787231E-06,+8.177407E-06,-1.009037E+02,+1.137074E+00
+2.497559E+02,-6.101072E-06,-2.969841E-06,-1.033684E+02,-2.688582E+00
+2.500000E+02,-2.266160E-06,+1.972764E-06,-1.104444E+02,+2.425299E+00
+2.502441E+02,+8.523697E-06,-2.873188E-07,-1.013825E+02,-3.369547E-02
+2.504883E+02,-9.336004E-06,-1.930922E-06,-1.004149E+02,-2.937643E+00
+2.507324E+02,+6.730454E-06,+3.250861E-06,-1.025284E+02,+4.499615E-01
+2.509766E+02,-2.871698E-06,-3.204798E-06,-1.073242E+02,-2.301431E+00
+2.512207E+02,-3.129755E-08,+2.307576E-06,-1.127361E+02,+1.584358E+00
+2.514648E+02,+1.059883E-06,-2.629478E-06,-1.109488E+02,-1.187640E+00
+2.517090E+02,-1.869458E-06,+2.979505E-06,-1.090755E+02,+2.131148E+00
+2.519531E+02,+3.262805E-06,-1.328074E-06,-1.090624E+02,-3.865557E-01
+2.521973E+02,-3.988318E-07,-6.646055E-06,-1.035331E+02,-1.630735E+00
+2.524414E+02,-4.823328E-06,+1.271755E-05,-9.732827E+01,+1.933301E+00
+2.526855E+02,+4.937587E-06,-6.799867E-06,-1.015108E+02,-9.427478E-01
+2.529297E+02,+1.805452E-06,+5.214680E-06,-1.051638E+02,+1.237489E+00
+2.531738E+02,-6.298108E-06,-7.686607E-06,-1.000546E+02,-2.257232E+00
+2.534180E+02,+6.763943E-06,+4.446636E-06,-1.018360E+02,+5.815619E-01
+2.536621E+02,-7.187978E-06,-3.982354E-07,-1.028546E+02,-3.086246E+00
+2.539062E+02,+8.392351E-06,-3.004952E-06,-1.009984E+02,-3.438357E-01
+2.541504E+02,-5.388554E-06,+2.312547E-06,-1.046364E+02,+2.736205E+00
+2.543945E+02,-3.070522E-06,-2.818233E-08,-1.102554E+02,-3.132415E+00
+2.546387E+02,+5.463729E-06,+1.672184E-06,-1.048614E+02,+2.969997E-01
+2.548828E+02,-4.429074E-06,-3.717656E-06,-1.047576E+02,-2.443299E+00
+2.551270E+02,+3.282014E-06,+2.538700E-06,-1.076405E+02,+6.583841E-01
+2.553711E+02,-3.436664E-06,-1.803517E-06,-1.082208E+02,-2.658313E+00
+2.556152E+02,+3.208827E-06,+6.365095E-06,-1.029404E+02,+1.103851E+00
+2.558594E+02,-7.659163E-07,-8.338131E-06,-1.015421E+02,-1.662396E+00
+2.561035E+02,+2.825433E-06,+6.572930E-06,-1.029084E+02,+1.164817E+00
+2.563477E+02,-3.031550E-06,-2.051002E-06,-1.087299E+02,-2.546777E+00
+2.565918E+02,+1.142676E-06,-4.367399E-06,-1.069080E+02,-1.314895E+00
+2.568359E+02,-4.729278E-07,+1.008139E-05,-9.992004E+01,+1.617673E+00
+2.570801E+02,-3.480834E-06,-1.403982E-05,-9.679371E+01,-1.813822E+00
+2.573242E+02,+3.245686E-06,+6.478604E-06,-1.027978E+02,+1.106361E+00
+2.575684E+02,+6.905863E-06,+5.631482E-06,-1.010015E+02,+6.840992E-01
+2.578125E+02,-1.557971E-05,-4.407023E-06,-9.581451E+01,-2.865925E+00
+2.580566E+02,+9.976407E-06,+6.256889E-07,-1.000035E+02,+6.263482E-02
+2.583008E+02,+6.519956E-06,-4.182530E-06,-1.022182E+02,-5.703742E-01
+2.585449E+02,-1.583008E-05,+3.602857E-06,-9.579101E+01,+2.917809E+00
+2.587891E+02,+9.493227E-06,+3.008994E-06,-1.000360E+02,+3.069449E-01
+2.590332E+02,-2.562252E-06,-4.379977E-06,-1.058923E+02,-2.100108E+00
+2.592773E+02,+4.543320E-06,+6.708555E-06,-1.018279E+02,+9.755076E-01
+2.595215E+02,-4.494201E-06,-7.744207E-06,-1.009598E+02,-2.096627E+00
+2.597656E+02,-1.457697E-06,+2.092063E-06,-1.118698E+02,+2.179354E+00
+2.600098E+02,+3.870233E-06,-3.052495E-06,-1.061446E+02,-6.678194E-01
+2.602539E+02,-1.646437E-06,+1.559426E-06,-1.128882E+02,+2.383329E+00
+2.604980E+02,-1.185677E-06,+8.301118E-06,-1.015296E+02,+1.712670E+00
+2.607422E+02,+5.933460E-06,-8.664463E-06,-9.957508E+01,-9.703419E-01
+2.609863E+02,-5.084887E-06,+2.160809E-06,-1.051534E+02,+2.739767E+00
+2.612305E+02,-3.041878E-06,+1.248642E-06,-1.096609E+02,+2.752081E+00
+2.614746E+02,+6.003776E-06,-3.570285E-06,-1.031165E+02,-5.364935E-01
+2.617188E+02,-9.678473E-07,+1.549966E-06,-1.147637E+02,+2.128986E+00
+2.619629E+02,-2.294568E-06,+4.626253E-06,-1.057402E+02,+2.031229E+00
+2.622070E+02,-1.661652E-06,-6.353799E-06,-1.036520E+02,-1.826589E+00
+2.624512E+02,+6.342006E-06,+2.477743E-06,-1.033385E+02,+3.724527E-01
+2.626953E+02,-5.996027E-06,+1.239562E-06,-1.042610E+02,+2.937734E+00
+2.629395E+02,+2.010393E-06,-3.027571E-06,-1.087917E+02,-9.846224E-01
+2.631836E+02,+3.387741E-06,+4.336142E-06,-1.051886E+02,+9.075746E-01
+2.634277E+02,-3.333076E-06,-3.796177E-07,-1.094871E+02,-3.028187E+00
+2.636719E+02,-4.550507E-07,-3.692097E-06,-1.085891E+02,-1.693428E+00
+2.639160E+02,+2.027701E-06,+3.902617E-06,-1.071350E+02,+1.091612E+00
+2.641602E+02,+1.104820E-06,+8.043409E-08,-1.191112E+02,+7.267467E-02
+2.644043E+02,-3.837885E-06,-1.644728E-06,-1.075859E+02,-2.736718E+00
+2.646484E+02,+5.499974E-06,-7.143585E-06,-1.009001E+02,-9.146691E-01
+2.648926E+02,-9.032454E-06,+9.490194E-06,-9.765359E+01,+2.331487E+00
+2.651367E+02,+8.509882E-06,-5.588653E-06,-9.984425E+01,-5.810884E-01
+2.653809E+02,-3.900639E-06,+6.260973E-06,-1.026428E+02,+2.127962E+00
+2.656250E+02,+5.651401E-07,-6.129358E-06,-1.042149E+02,-1.478854E+00
+2.658691E+02,-2.508043E-06,+1.321831E-06,-1.109488E+02,+2.656550E+00
+2.661133E+02,+7.850870E-06,+3.916582E-06,-1.011365E+02,+4.627450E-01
+2.663574E+02,-4.235460E-06,-1.557354E-06,-1.069113E+02,-2.789242E+00
+2.666016E+02,-2.238499E-06,-2.875565E-07,-1.129298E+02,-3.013833E+00
+2.668457E+02,+5.766443E-07,-3.184213E-06,-1.097998E+02,-1.391643E+00
+2.670898E+02,-2.085515E-06,+4.531378E-06,-1.060410E+02,+2.002132E+00
+2.673340E+02,+4.352717E-06,-3.158959E-06,-1.053872E+02,-6.277957E-01
+2.675781E+02,+5.737625E-06,-4.230687E-07,-1.048018E+02,-7.360266E-02
+2.678223E+02,-1.006371E-05,+1.360137E-06,-9.986623E+01,+3.007254E+00
+2.680664E+02,+2.010462E-06,+6.377196E-07,-1.135177E+02,+3.071614E-01
+2.683105E+02,-1.109663E-06,-3.583346E-06,-1.085165E+02,-1.871103E+00
+2.685547E+02,+8.577913E-06,+4.335835E-06,-1.003442E+02,+4.680101E-01
+2.687988E+02,-7.438504E-06,+1.480860E-06,-1.024015E+02,+2.945082E+00
+2.690430E+02,+1.181153E-06,-8.822890E-06,-1.010106E+02,-1.437714E+00
+2.692871E+02,-2.447909E-06,+5.801292E-06,-1.040179E+02,+1.970089E+00
+2.695312E+02,+3.460280E-06,+4.990704E-06,-1.043320E+02,+9.645508E-01
+2.697754E+02,-6.254891E-06,-5.431259E-06,-1.016354E+02,-2.426558E+00
+2.700195E+02,+8.933115E-06,-1.114436E-08,-1.009799E+02,-1.247532E-03
+2.702637E+02,-3.105026E-06,-2.910364E-08,-1.101583E+02,-3.132220E+00
+2.705078E+02,+1.986874E-06,+2.311354E-06,-1.103198E+02,+8.607468E-01
+2.707520E+02,-2.361919E-06,-5.311603E-06,-1.047119E+02,-1.989210E+00
+2.709961E+02,-4.085123E-06,+4.553075E-06,-1.042691E+02,+2.302075E+00
+2.712402E+02,+4.578578E-06,-3.899805E-06,-1.044163E+02,-7.055094E-01
+2.714844E+02,+4.222755E-06,+1.081276E-06,-1.072123E+02,+2.506734E-01
+2.717285E+02,-9.641509E-07,+8.923274E-06,-1.009391E+02,+1.678428E+00
+2.719727E+02,-8.891735E-06,-1.012261E-05,-9.741051E+01,-2.291551E+00
+2.722168E+02,-4.262291E-06,+3.745243E-06,-1.049223E+02,+2.420675E+00
+2.724609E+02,+1.768045E-05,-5.844875E-06,-9.459969E+01,-3.192741E-01
+2.727051E+02,-4.310769E-06,+1.036723E-05,-9.899415E+01,+1.964855E+00
+2.729492E+02,-6.041963E-06,-1.369734E-05,-9.649514E+01,-1.986228E+00
+2.731934E+02,+8.719404E-07,+1.070771E-05,-9.937737E+01,+1.489545E+00
+2.734375E+02,+4.030876E-06,-6.486892E-06,-1.023412E+02,-1.014799E+00
+2.736816E+02,-6.507868E-06,+5.044873E-06,-1.016875E+02,+2.482160E+00
+2.739258E+02,+1.774026E-06,-1.548636E-06,-1.125606E+02,-7.176676E-01
+2.741699E+02,+3.148310E-06,-3.772418E-06,-1.061721E+02,-8.753345E-01
+2.744141E+02,-2.710972E-07,+2.380921E-06,-1.124092E+02,+1.684170E+00
+2.746582E+02,-4.708899E-06,+7.184738E-06,-1.013198E+02,+2.150960E+00
+2.749023E+02,+3.526282E-06,-6.382092E-06,-1.027437E+02,-1.066015E+00
+2.751465E+02,+1.759145E-06,-1.094106E-06,-1.136738E+02,-5.564052E-01
+2.753906E+02,-8.348537E-06,-3.272870E-06,-1.009469E+02,-2.767977E+00
+2.756348E+02,+7.913099E-06,+1.048191E-05,-9.763242E+01,+9.241481E-01
+2.758789E+02,+3.577620E-06,-6.446781E-06,-1.026472E+02,-1.064163E+00
+2.761230E+02,-7.333009E-06,+1.540567E-06,-1.025068E+02,+2.934517E+00
+2.763672E+02,+3.633064E-06,-3.277746E-06,-1.062083E+02,-7.340286E-01
+2.766113E+02,-2.296688E-06,+4.135489E-06,-1.065020E+02,+2.077746E+00
+2.768555E+02,-3.681368E-06,+1.279452E-07,-1.086746E+02,+3.106852E+00
+2.770996E+02,+8.417121E-06,-2.206729E-06,-1.012080E+02,-2.564009E-01
+2.773438E+02,-1.539746E-06,+2.617104E-06,-1.103527E+02,+2.102598E+00
+2.775879E+02,-3.010487E-06,-5.293095E-06,-1.043086E+02,-2.087926E+00
+2.778320E+02,+1.033697E-06,+5.430433E-06,-1.051487E+02,+1.382694E+00
+2.780762E+02,-5.514659E-06,-2.881555E-06,-1.041212E+02,-2.660087E+00
+2.783203E+02,+1.014819E-05,-7.262117E-09,-9.987222E+01,-7.156070E-04
+2.785645E+02,-4.999394E-06,+6.094830E-06,-1.020662E+02,+2.257774E+00
+2.788086E+02,-1.229525E-06,-1.250759E-05,-9.801476E+01,-1.668784E+00
+2.790527E+02,-9.412765E-07,+7.682884E-06,-1.022248E+02,+1.692705E+00
+2.792969E+02,+6.040619E-06,-3.173284E-06,-1.033200E+02,-4.837012E-01
+2.795410E+02,-3.641179E-06,+4.431971E-06,-1.048280E+02,+2.258553E+00
+2.797852E+02,-4.542424E-06,-1.594576E-06,-1.063496E+02,-2.803991E+00
+2.800293E+02,+7.851089E-06,-1.807519E-07,-1.020991E+02,-2.301846E-02
+2.802734E+02,-4.297920E-06,-4.704172E-06,-1.039146E+02,-2.311097E+00
+2.805176E+02,-3.005956E-06,+9.726312E-06,-9.984486E+01,+1.870539E+00
+2.807617E+02,+8.777392E-06,-5.113619E-06,-9.986355E+01,-5.275195E-01
+2.810059E+02,-9.028687E-06,-3.882070E-06,-1.001508E+02,-2.735519E+00
+2.812500E+02,+3.405888E-06,+4.579177E-06,-1.048720E+02,+9.312896E-01
+2.814941E+02,+2.075870E-06,+3.169021E-06,-1.084309E+02,+9.908785E-01
+2.817383E+02,-3.243819E-06,-4.737828E-06,-1.048189E+02,-2.171155E+00
+2.819824E+02,+1.354656E-07,-4.465006E-06,-1.069996E+02,-1.540466E+00
+2.822266E+02,+4.138162E-06,+8.123055E-07,-1.074996E+02,+1.938317E-01
+2.824707E+02,-6.562313E-06,+9.095425E-06,-9.900352E+01,+2.195804E+00
+2.827148E+02,+8.148107E-06,-4.777795E-06,-1.004954E+02,-5.303363E-01
+2.829590E+02,-7.924185E-06,+1.983784E-06,-1.017569E+02,+2.896289E+00
+2.832031E+02,+5.928823E-06,-1.671202E-06,-1.042086E+02,-2.747488E-01
+2.834473E+02,-6.938642E-06,-2.968509E-06,-1.024445E+02,-2.737334E+00
+2.836914E+02,+5.503548E-06,+1.230098E-06,-1.049754E+02,+2.198959E-01
+2.839355E+02,-4.236527E-06,+5.603371E-06,-1.030675E+02,+2.218169E+00
+2.841797E+02,+4.304910E-06,-4.200703E-06,-1.044155E+02,-7.731473E-01
+2.844238E+02,-1.945251E-06,+2.034551E-07,-1.141732E+02,+3.037381E+00
+2.846680E+02,+2.341705E-06,+1.457803E-06,-1.111869E+02,+5.568278E-01
+2.849121E+02,-4.401595E-06,-3.055221E-06,-1.054199E+02,-2.534826E+00
+2.851562E+02,-1.086405E-06,-1.447017E-06,-1.148490E+02,-2.214803E+00
+2.854004E+02,+1.646866E-06,+5.171281E-06,-1.053085E+02,+1.262487E+00
+2.856445E+02,+5.868203E-06,-5.206098E-06,-1.021085E+02,-7.256818E-01
+2.858887E+02,-5.360813E-06,+8.193008E-06,-1.001835E+02,+2.150199E+00
+2.861328E+02,+7.685260E-06,-6.758966E-06,-9.979859E+01,-7.213569E-01
+2.863770E+02,-1.390872E-05,+3.288051E-06,-9.689809E+01,+2.909452E+00
+2.866211E+02,+9.619983E-06,-7.278504E-07,-1.003117E+02,-7.551638E-02
+2.868652E+02,-2.621941E-06,-1.219850E-06,-1.107766E+02,-2.706132E+00
+2.871094E+02,-1.372122E-06,+3.418989E-06,-1.086735E+02,+1.952444E+00
+2.873535E+02,+3.371092E-06,-5.693491E-06,-1.035872E+02,-1.036209E+00
+2.875977E+02,+1.580006E-06,+2.108938E-06,-1.115839E+02,+9.278107E-01
+2.878418E+02,-5.695269E-06,+4.689634E-06,-1.026417E+02,+2.452730E+00
+2.880859E+02,+4.057626E-06,-6.321887E-06,-1.024849E+02,-1.000180E+00
+2.883301E+02,-5.790348E-06,+6.909513E-06,-1.009007E+02,+2.268297E+00
+2.885742E+02,+8.523244E-06,-5.267258E-06,-9.998311E+01,-5.535407E-01
+2.888184E+02,-4.268262E-06,+7.236936E-07,-1.072719E+02,+2.973638E+00
+2.890625E+02,-1.253659E-06,+6.384101E-06,-1.037337E+02,+1.764701E+00
+2.893066E+02,+4.386784E-06,-1.224539E-05,-9.771617E+01,-1.226800E+00
+2.895508E+02,-1.129003E-05,+2.943426E-06,-9.866051E+01,+2.886559E+00
+2.897949E+02,+1.600223E-05,+1.033532E-05,-9.440224E+01,+5.734646E-01
+2.900391E+02,-9.607974E-06,-7.088434E-06,-9.846005E+01,-2.505968E+00
+2.902832E+02,+4.274339E-06,-3.010507E-06,-1.056331E+02,-6.136202E-01
+2.905273E+02,-1.137548E-05,+3.111065E-06,-9.856734E+01,+2.874632E+00
+2.907715E+02,+1.783813E-05,+3.337706E-06,-9.482357E+01,+1.849719E-01
+2.910156E+02,-1.156941E-05,+8.365325E-08,-9.873355E+01,+3.134362E+00
+2.912598E+02,+2.104365E-06,-7.884219E-06,-1.017660E+02,-1.309968E+00
+2.915039E+02,+2.842665E-06,+9.191415E-06,-1.003356E+02,+1.270853E+00
+2.917480E+02,+2.231720E-07,-3.081331E-06,-1.102025E+02,-1.498495E+00
+2.919922E+02,-4.476944E-06,-4.315998E-06,-1.041262E+02,-2.374496E+00
+2.922363E+02,+3.862886E-07,+3.937274E-06,-1.080545E+02,+1.472999E+00
+2.924805E+02,+6.913125E-06,-3.055918E-06,-1.024314E+02,-4.162197E-01
+2.927246E+02,-6.223785E-06,+4.329169E-06,-1.024050E+02,+2.533836E+00
+2.929688E+02,-6.865785E-07,-5.434179E-06,-1.052285E+02,-1.696475E+00
+2.932129E+02,+5.468801E-06,+6.579121E-06,-1.013553E+02,+8.772973E-01
+2.934570E+02,-3.975252E-06,-2.492127E-06,-1.065731E+02,-2.581621E+00
+2.937012E+02,+1.576566E-06,-5.065261E-08,-1.160413E+02,-3.211740E-02
+2.939453E+02,-1.329908E-06,-2.708695E-06,-1.104069E+02,-2.027200E+00
+2.941895E+02,-1.041190E-06,+2.410451E-06,-1.116151E+02,+1.978537E+00
+2.944336E+02,+4.509666E-06,+1.725907E-06,-1.063235E+02,+3.655154E-01
+2.946777E+02,-4.058047E-07,-8.983912E-07,-1.201243E+02,-1.995064E+00
+2.949219E+02,-1.035759E-05,-1.464486E-06,-9.960885E+01,-3.001131E+00
+2.951660E+02,+1.250747E-05,+1.032075E-07,-9.805632E+01,+8.251484E-03
+2.954102E+02,-2.912799E-06,-4.310440E-06,-1.056760E+02,-2.165064E+00
+2.956543E+02,-2.088004E-06,+7.894635E-06,-1.017597E+02,+1.829360E+00
+2.958984E+02,+2.797512E-06,-6.672340E-06,-1.028111E+02,-1.173789E+00
+2.961426E+02,-4.790189E-06,+7.185922E-06,-1.012736E+02,+2.158758E+00
+2.963867E+02,+4.674620E-06,-6.037112E-06,-1.023434E+02,-9.119151E-01
+2.966309E+02,+3.560133E-06,+1.747354E-06,-1.080333E+02,+4.562697E-01
+2.968750E+02,-7.804655E-06,+6.124122E-07,-1.021263E+02,+3.063286E+00
+2.971191E+02,+2.971421E-06,-3.536437E-06,-1.067089E+02,-8.720016E-01
+2.973633E+02,-5.256213E-06,+6.255631E-06,-1.017548E+02,+2.269595E+00
+2.976074E+02,+8.604490E-06,-4.761010E-06,-1.001455E+02,-5.053862E-01
+2.978516E+02,+2.590485E-06,+1.938660E-06,-1.098009E+02,+6.424617E-01
+2.980957E+02,-8.751479E-06,+3.860821E-06,-1.003861E+02,+2.726113E+00
+2.983398E+02,-3.218310E-07,-7.868010E-06,-1.020754E+02,-1.611677E+00
+2.985840E+02,+9.755344E-07,-7.707909E-07,-1.181085E+02,-6.686885E-01
+2.988281E+02,+6.540037E-06,+8.572660E-06,-9.934560E+01,+9.190935E-01
+2.990723E+02,-4.511953E-06,-7.578490E-06,-1.010907E+02,-2.107799E+00
+2.993164E+02,-3.759968E-06,+3.479544E-06,-1.058096E+02,+2.394910E+00
+2.995605E+02,+4.085123E-06,-3.616119E-07,-1.077420E+02,-8.828911E-02
+2.998047E+02,-5.753784E-07,-1.943543E-07,-1.243317E+02,-2.815841E+00
+3.000488E+02,-5.606311E-06,+2.060846E-06,-1.044760E+02,+2.789331E+00
+3.002930E+02,+8.173728E-06,-4.889424E-06,-1.004231E+02,-5.390859E-01
+3.005371E+02,+4.928154E-07,+5.870664E-07,-1.223098E+02,+8.724566E-01
+3.007812E+02,+3.622653E-06,+3.309917E-06,-1.061836E+02,+7.403175E-01
+3.010254E+02,-1.351869E-05,-1.760073E-06,-9.730831E+01,-3.012125E+00
+3.012695E+02,+1.000406E-05,+2.534881E-06,-9.972623E+01,+2.481623E-01
+3.015137E+02,-4.317606E-06,-4.370640E-06,-1.042315E+02,-2.350091E+00
+3.017578E+02,+2.692165E-06,+5.548954E-07,-1.112173E+02,+2.032683E-01
+3.020020E+02,-3.397379E-06,+8.530252E-06,-1.007413E+02,+1.949814E+00
+3.022461E+02,+4.855279E-06,-1.051547E-05,-9.872413E+01,-1.138233E+00
+3.024902E+02,-7.040215E-06,+1.085445E-06,-1.029463E+02,+2.988619E+00
+3.027344E+02,+7.568960E-06,+1.478912E-06,-1.022566E+02,+1.929606E-01
+3.029785E+02,-6.991490E-06,+5.444886E-06,-1.010498E+02,+2.479921E+00
+3.032227E+02,+3.295665E-06,-1.104377E-05,-9.876716E+01,-1.280791E+00
+3.034668E+02,+2.013386E-06,+1.201579E-05,-9.828469E+01,+1.404777E+00
+3.037109E+02,-7.869264E-07,-8.334837E-06,-1.015435E+02,-1.664931E+00
+3.039551E+02,-2.003794E-06,+5.736219E-06,-1.043275E+02,+1.906868E+00
+3.041992E+02,+3.137122E-06,-8.138484E-06,-1.011875E+02,-1.202880E+00
+3.044434E+02,-1.319747E-05,+7.928660E-06,-9.625184E+01,+2.600606E+00
+3.046875E+02,+1.723569E-05,-8.372066E-06,-9.435144E+01,-4.521748E-01
+3.049316E+02,-6.804567E-06,+1.616387E-06,-1.031056E+02,+2.908371E+00
+3.051758E+02,-1.680133E-06,+1.258402E-05,-9.792688E+01,+1.703525E+00
+3.054199E+02,+1.518259E-06,-5.762926E-06,-1.044957E+02,-1.313197E+00
+3.056641E+02,+3.323440E-06,-5.655505E-06,-1.036623E+02,-1.039509E+00
+3.059082E+02,-3.806635E-06,+4.441703E-06,-1.046573E+02,+2.279353E+00
+3.061523E+02,-3.487052E-06,-3.400112E-06,-1.062488E+02,-2.368817E+00
+3.063965E+02,+5.237386E-06,+2.041337E-06,-1.050035E+02,+3.716500E-01
+3.066406E+02,+4.557497E-06,+3.112441E-06,-1.051630E+02,+5.991759E-01
+3.068848E+02,-8.730223E-06,-8.789713E-06,-9.813960E+01,-2.352799E+00
+3.071289E+02,+5.623383E-06,+3.402045E-06,-1.036455E+02,+5.440747E-01
+3.073730E+02,-5.672704E-06,+6.835957E-06,-1.010287E+02,+2.263465E+00
+3.076172E+02,-8.170082E-07,-8.105995E-06,-1.017800E+02,-1.671248E+00
+3.078613E+02,+7.366160E-06,+1.390512E-06,-1.025031E+02,+1.865748E-01
+3.081055E+02,-1.339455E-06,+4.262939E-06,-1.069969E+02,+1.875238E+00
+3.083496E+02,-7.792686E-06,-4.189161E-06,-1.010638E+02,-2.648338E+00
+3.085938E+02,+3.471799E-06,+5.659996E-06,-1.035567E+02,+1.020588E+00
+3.088379E+02,+6.124312E-06,-9.558677E-06,-9.889830E+01,-1.000982E+00
+3.090820E+02,-2.567994E-06,+8.339285E-06,-1.011840E+02,+1.869521E+00
+3.093262E+02,-3.041217E-06,-5.404885E-06,-1.041497E+02,-2.083322E+00
+3.095703E+02,+4.215688E-06,+6.684034E-06,-1.020448E+02,+1.008101E+00
+3.098145E+02,-8.732474E-06,-6.137564E-06,-9.943378E+01,-2.528961E+00
+3.100586E+02,+4.641121E-06,+1.202330E-06,-1.063854E+02,+2.534877E-01
+3.103027E+02,+6.576314E-06,+2.528035E-06,-1.030418E+02,+3.669994E-01
+3.105469E+02,-1.018112E-05,-6.138544E-06,-9.849745E+01,-2.599019E+00
+3.107910E+02,+8.811309E-06,+1.055237E-05,-9.723557E+01,+8.750708E-01
+3.110352E+02,-7.901944E-06,-5.120486E-06,-1.005227E+02,-2.566622E+00
+3.112793E+02,+5.438633E-06,-3.914300E-06,-1.034775E+02,-6.238394E-01
+3.115234E+02,-3.299859E-06,+2.055268E-06,-1.082064E+02,+2.584552E+00
+3.117676E+02,-1.726102E-06,+7.068566E-06,-1.027618E+02,+1.810303E+00
+3.120117E+02,+8.420828E-06,-1.399922E-05,-9.573670E+01,-1.029259E+00
+3.122559E+02,-1.000609E-05,+1.339635E-05,-9.553488E+01,+2.212328E+00
+3.125000E+02,+1.229399E-05,-3.022139E-06,-9.795132E+01,-2.410431E-01
+3.127441E+02,-6.904046E-06,-3.682630E-06,-1.021305E+02,-2.651582E+00
+3.129883E+02,-2.353498E-06,+3.737630E-06,-1.070977E+02,+2.132751E+00
+3.132324E+02,-1.560823E-07,-2.418976E-06,-1.123093E+02,-1.635231E+00
+3.134766E+02,+9.536076E-07,-5.646878E-06,-1.048417E+02,-1.403501E+00
+3.137207E+02,+4.634513E-06,+9.545639E-06,-9.948470E+01,+1.118807E+00
+3.139648E+02,-3.543087E-06,-1.140285E-06,-1.085843E+02,-2.830227E+00
+3.142090E+02,-1.908163E-06,-2.155041E-06,-1.108169E+02,-2.295510E+00
+3.144531E+02,+1.078120E-06,-2.627153E-06,-1.109343E+02,-1.181377E+00
+3.146973E+02,-3.283380E-06,+1.204519E-06,-1.091252E+02,+2.789983E+00
+3.149414E+02,+8.437968E-06,+1.000787E-06,-1.014146E+02,+1.180537E-01
+3.151855E+02,-2.765456E-06,-5.199550E-07,-1.110138E+02,-2.955745E+00
+3.154297E+02,-2.845046E-06,+1.572253E-06,-1.097608E+02,+2.636734E+00
+3.156738E+02,-9.599731E-07,+2.016283E-06,-1.130217E+02,+2.015150E+00
+3.159180E+02,+5.529529E-06,-2.694870E-06,-1.042207E+02,-4.534844E-01
+3.161621E+02,-5.903763E-06,-2.866890E-07,-1.045672E+02,-3.093071E+00
+3.164062E+02,+2.436667E-06,-1.423660E-06,-1.109886E+02,-5.287694E-01
+3.166504E+02,-2.295616E-06,+4.778457E-06,-1.055124E+02,+2.018649E+00
+3.168945E+02,+3.388206E-06,-3.138170E-06,-1.067105E+02,-7.471053E-01
+3.171387E+02,-3.432701E-07,-2.108053E-06,-1.134087E+02,-1.732217E+00
+3.173828E+02,+1.082250E-06,+1.863099E-06,-1.133326E+02,+1.044549E+00
+3.176270E+02,-3.286033E-06,+1.765004E-07,-1.096541E+02,+3.087932E+00
+3.178711E+02,-3.282478E-07,+4.051166E-06,-1.078200E+02,+1.651645E+00
+3.181152E+02,+7.308526E-07,-6.280004E-06,-1.039824E+02,-1.454940E+00
+3.183594E+02,+1.705271E-06,+5.485311E-06,-1.048153E+02,+1.269388E+00
+3.186035E+02,+2.180534E-07,-5.922154E-06,-1.045445E+02,-1.533993E+00
+3.188477E+02,+1.909361E-09,+1.722551E-07,-1.352760E+02,+1.559712E+00
+3.190918E+02,-3.356639E-06,+6.609750E-06,-1.025999E+02,+2.040689E+00
+3.193359E+02,+3.940040E-06,-7.122843E-06,-1.017876E+02,-1.065534E+00
+3.195801E+02,+2.209451E-06,+6.071689E-06,-1.037937E+02,+1.221798E+00
+3.198242E+02,-6.519873E-06,+1.425054E-06,-1.035125E+02,+2.926406E+00
+3.200684E+02,+2.422466E-06,-5.146216E-06,-1.049010E+02,-1.130840E+00
+3.203125E+02,-2.001577E-06,+2.272344E-06,-1.103764E+02,+2.292926E+00
+3.205566E+02,+4.197926E-06,+4.383284E-07,-1.074922E+02,+1.040385E-01
+3.208008E+02,+1.267452E-06,-1.677605E-06,-1.135450E+02,-9.237764E-01
+3.210449E+02,-5.395994E-06,-2.359784E-06,-1.045985E+02,-2.729332E+00
+3.212891E+02,+6.482931E-06,+1.615980E-08,-1.037645E+02,+2.492663E-03
+3.215332E+02,-7.381237E-06,+9.351927E-06,-9.847892E+01,+2.238963E+00
+3.217773E+02,+8.165139E-06,-8.730310E-06,-9.845005E+01,-8.188367E-01
+3.220215E+02,-3.797690E-06,-2.865129E-06,-1.064529E+02,-2.495256E+00
+3.222656E+02,-3.429114E-06,+9.213490E-06,-1.001481E+02,+1.927096E+00
+3.225098E+02,+2.384229E-06,-4.365084E-06,-1.060663E+02,-1.070872E+00
+3.227539E+02,+4.003604E-06,+3.022111E-06,-1.059925E+02,+6.465963E-01
+3.229980E+02,-2.019844E-06,-5.907358E-06,-1.040920E+02,-1.900255E+00
+3.232422E+02,-3.553097E-06,+5.715726E-06,-1.034396E+02,+2.126972E+00
+3.234863E+02,+3.468602E-07,-5.599364E-06,-1.050206E+02,-1.508929E+00
+3.237305E+02,+1.628233E-06,+5.735030E-06,-1.044926E+02,+1.294165E+00
+3.239746E+02,+2.585388E-06,-4.149022E-06,-1.062163E+02,-1.013541E+00
+3.242188E+02,-5.123190E-06,+3.835536E-06,-1.038766E+02,+2.498949E+00
+3.244629E+02,+1.106435E-06,-4.791758E-06,-1.061645E+02,-1.343870E+00
+3.247070E+02,+5.274036E-06,+2.905635E-06,-1.044059E+02,+5.035585E-01
+3.249512E+02,-3.334104E-06,-3.298723E-06,-1.065762E+02,-2.361529E+00
+3.251953E+02,-7.577640E-07,+5.407794E-06,-1.052552E+02,+1.710014E+00
+3.254395E+02,+4.792240E-06,-2.804280E-06,-1.051103E+02,-5.294445E-01
+3.256836E+02,-2.309254E-06,-7.060514E-07,-1.123425E+02,-2.844870E+00
+3.259277E+02,-5.044079E-06,+3.109642E-06,-1.045454E+02,+2.589134E+00
+3.261719E+02,+2.863982E-06,-6.362247E-06,-1.031264E+02,-1.147815E+00
+3.264160E+02,+4.547646E-06,+5.280647E-06,-1.031366E+02,+8.598411E-01
+3.266602E+02,-5.290996E-06,-1.713915E-06,-1.050959E+02,-2.828328E+00
+3.269043E+02,+6.357061E-06,-1.350006E-06,-1.037433E+02,-2.092545E-01
+3.271484E+02,-7.881094E-06,+3.068974E-06,-1.014551E+02,+2.770249E+00
+3.273926E+02,+3.640093E-06,+1.857418E-06,-1.077728E+02,+4.718273E-01
+3.276367E+02,-3.895713E-06,-1.032749E-05,-9.914233E+01,-1.931510E+00
+3.278809E+02,+8.665479E-07,+8.327448E-06,-1.015430E+02,+1.467110E+00
+3.281250E+02,+4.788912E-06,-1.963719E-06,-1.057203E+02,-3.891446E-01
+3.283691E+02,-1.770257E-06,+2.358296E-06,-1.106071E+02,+2.214714E+00
+3.286133E+02,-2.575798E-06,-3.061235E-06,-1.079572E+02,-2.270291E+00
+3.288574E+02,+5.395046E-07,+4.261726E-06,-1.073392E+02,+1.444873E+00
+3.291016E+02,+8.544582E-06,-5.423170E-06,-9.989613E+01,-5.655379E-01
+3.293457E+02,-9.505739E-06,-2.342811E-06,-1.001842E+02,-2.899946E+00
+3.295898E+02,+2.577344E-06,+8.918910E-06,-1.006454E+02,+1.289485E+00
+3.298340E+02,-2.247437E-06,-6.343700E-06,-1.034396E+02,-1.911278E+00
+3.300781E+02,+2.981300E-06,+3.829241E-06,-1.062799E+02,+9.092650E-01
+3.303223E+02,-8.766121E-07,-1.205450E-07,-1.210625E+02,-3.004937E+00
+3.305664E+02,+5.770207E-06,-3.738443E-06,-1.032540E+02,-5.748884E-01
+3.308105E+02,-1.101221E-05,-3.098134E-07,-9.915908E+01,-3.113467E+00
+3.310547E+02,+8.532489E-07,+5.324350E-06,-1.053645E+02,+1.411893E+00
+3.312988E+02,+6.736438E-06,-9.437770E-06,-9.871436E+01,-9.508855E-01
+3.315430E+02,+3.411540E-06,+1.188950E-05,-9.815312E+01,+1.291366E+00
+3.317871E+02,-6.120551E-06,-6.796184E-06,-1.007754E+02,-2.303935E+00
+3.320312E+02,-3.044397E-06,-1.511281E-06,-1.093733E+02,-2.680818E+00
+3.322754E+02,+8.119460E-06,+3.885187E-06,-1.009141E+02,+4.463027E-01
+3.325195E+02,-1.169384E-05,+4.733702E-07,-9.863374E+01,+3.101135E+00
+3.327637E+02,+5.853262E-06,-7.812865E-06,-1.002090E+02,-9.278186E-01
+3.330078E+02,+6.036531E-06,+4.936193E-06,-1.021606E+02,+6.854529E-01
+3.332520E+02,-1.002004E-05,+8.173494E-07,-9.995381E+01,+3.060201E+00
+3.334961E+02,+8.704817E-06,-1.343288E-06,-1.011026E+02,-1.531078E-01
+3.337402E+02,-5.193721E-06,+2.691826E-06,-1.046571E+02,+2.663424E+00
+3.339844E+02,+2.139789E-06,-1.472438E-06,-1.117090E+02,-6.027101E-01
+3.342285E+02,+5.299030E-06,+4.613041E-06,-1.030663E+02,+7.163009E-01
+3.344727E+02,-1.278072E-05,-9.131071E-06,-9.607790E+01,-2.521240E+00
+3.347168E+02,+8.898484E-06,-2.295373E-06,-1.007339E+02,-2.524478E-01
+3.349609E+02,-3.105440E-06,+1.310765E-05,-9.741233E+01,+1.803425E+00
+3.352051E+02,+2.998769E-06,-5.145666E-06,-1.045013E+02,-1.043138E+00
+3.354492E+02,-4.672086E-06,-2.921941E-06,-1.051761E+02,-2.582703E+00
+3.356934E+02,+2.144011E-06,-1.143058E-07,-1.133631E+02,-5.326357E-02
+3.359375E+02,+6.524320E-07,+1.257915E-06,-1.169723E+02,+1.092331E+00
+3.361816E+02,-2.427356E-06,+6.554364E-07,-1.119917E+02,+2.877861E+00
+3.364258E+02,+5.023920E-06,-2.106503E-06,-1.052758E+02,-3.970284E-01
+3.366699E+02,-8.607204E-06,+5.886036E-06,-9.963654E+01,+2.541788E+00
+3.369141E+02,+9.496215E-06,-6.535894E-06,-9.876488E+01,-6.028053E-01
+3.371582E+02,-2.540668E-07,+6.000715E-06,-1.044282E+02,+1.613110E+00
+3.374023E+02,-6.140143E-06,-5.337833E-06,-1.017918E+02,-2.425981E+00
+3.376465E+02,-6.037500E-07,-6.030116E-06,-1.043502E+02,-1.670586E+00
+3.378906E+02,-1.497567E-07,+1.300819E-05,-9.771509E+01,+1.582308E+00
+3.381348E+02,+8.221333E-06,-4.888218E-06,-1.003865E+02,-5.364227E-01
+3.383789E+02,-4.778007E-06,+3.145528E-06,-1.048514E+02,+2.559381E+00
+3.386230E+02,-6.783253E-06,-7.806951E-06,-9.970775E+01,-2.286146E+00
+3.388672E+02,+1.049018E-05,+4.006704E-06,-9.899294E+01,+3.648483E-01
+3.391113E+02,-5.869190E-06,+3.954894E-06,-1.030026E+02,+2.548640E+00
+3.393555E+02,-1.251016E-06,-7.206096E-06,-1.027170E+02,-1.742688E+00
+3.395996E+02,+5.791932E-06,+2.351226E-06,-1.040810E+02,+3.856239E-01
+3.398438E+02,-7.373738E-06,+5.943440E-06,-1.004723E+02,+2.463187E+00
+3.400879E+02,+7.912652E-06,-4.539185E-06,-1.007980E+02,-5.208279E-01
+3.403320E+02,-6.716119E-06,+1.604674E-06,-1.032165E+02,+2.907061E+00
+3.405762E+02,+8.122801E-06,-5.640223E-06,-1.000970E+02,-6.069369E-01
+3.408203E+02,-6.135829E-06,+2.447491E-06,-1.036013E+02,+2.762048E+00
+3.410645E+02,-7.181790E-07,+3.708764E-06,-1.084555E+02,+1.762073E+00
+3.413086E+02,+7.871778E-07,-4.283619E-06,-1.072195E+02,-1.389059E+00
+3.415527E+02,-4.725548E-06,+3.382013E-06,-1.047148E+02,+2.520416E+00
+3.417969E+02,+9.728622E-06,+3.318297E-06,-9.976101E+01,+3.287117E-01
+3.420410E+02,-8.365276E-06,-4.089232E-06,-1.006198E+02,-2.686918E+00
+3.422852E+02,+8.891699E-06,-9.271233E-07,-1.009734E+02,-1.038930E-01
+3.425293E+02,-6.806517E-06,-2.104093E-06,-1.029451E+02,-2.841782E+00
+3.427734E+02,-4.632035E-07,+4.319756E-06,-1.072412E+02,+1.677617E+00
+3.430176E+02,+4.768855E-06,-1.149888E-06,-1.061863E+02,-2.366081E-01
+3.432617E+02,-4.526601E-06,-7.604280E-07,-1.067637E+02,-2.975156E+00
+3.435059E+02,+4.487630E-06,+6.632374E-07,-1.068658E+02,+1.467302E-01
+3.437500E+02,-5.316089E-06,+1.481596E-06,-1.051633E+02,+2.869790E+00
+3.439941E+02,+3.250018E-06,+3.170783E-06,-1.068578E+02,+7.730584E-01
+3.442383E+02,+4.126404E-06,-1.100615E-05,-9.859610E+01,-1.212098E+00
+3.444824E+02,-1.243098E-05,+1.092181E-05,-9.562542E+01,+2.420730E+00
+3.447266E+02,+1.278828E-05,-8.151254E-06,-9.638304E+01,-5.674667E-01
+3.449707E+02,-2.560174E-06,+1.454275E-06,-1.106201E+02,+2.625007E+00
+3.452148E+02,-3.934798E-06,+4.162139E-06,-1.048405E+02,+2.328125E+00
+3.454590E+02,-1.417518E-06,-1.423187E-06,-1.139418E+02,-2.354199E+00
+3.457031E+02,+5.461580E-06,-3.869372E-07,-1.052319E+02,-7.072895E-02
+3.459473E+02,-6.881595E-07,+4.409171E-07,-1.217524E+02,+2.571769E+00
+3.461914E+02,-1.147407E-06,+3.271947E-08,-1.188021E+02,+3.113084E+00
+3.464355E+02,-4.984890E-06,-1.245796E-06,-1.057838E+02,-2.896694E+00
+3.466797E+02,+8.139976E-06,+4.352251E-06,-1.006955E+02,+4.910022E-01
+3.469238E+02,-6.783301E-06,-6.104257E-06,-1.007948E+02,-2.408836E+00
+3.471680E+02,+5.712162E-06,+4.019610E-06,-1.031171E+02,+6.132003E-01
+3.474121E+02,-5.859905E-06,-3.424466E-06,-1.033662E+02,-2.612731E+00
+3.476562E+02,+4.413949E-06,+6.342148E-06,-1.022398E+02,+9.627797E-01
+3.479004E+02,+1.909844E-06,-8.489023E-06,-1.012084E+02,-1.349503E+00
+3.481445E+02,-7.438673E-06,+7.449073E-06,-9.955372E+01,+2.355496E+00
+3.483887E+02,+4.166820E-06,+2.247068E-06,-1.064952E+02,+4.945729E-01
+3.486328E+02,+1.922372E-06,-9.573139E-06,-1.002072E+02,-1.372623E+00
+3.488770E+02,-3.166319E-06,+1.442083E-07,-1.099799E+02,+3.096080E+00
+3.491211E+02,+6.374781E-06,+1.068084E-05,-9.810458E+01,+1.032702E+00
+3.493652E+02,-7.904077E-06,-6.841566E-06,-9.961453E+01,-2.428126E+00
+3.496094E+02,-3.541281E-06,-1.325424E-06,-1.084474E+02,-2.783455E+00
+3.498535E+02,+1.748435E-05,-5.732045E-07,-9.514235E+01,-3.277213E-02
+3.500977E+02,-4.091759E-06,+9.037552E-06,-1.000692E+02,+1.995935E+00
+3.503418E+02,-1.774756E-05,-1.258030E-05,-9.324919E+01,-2.524954E+00
+3.505859E+02,+1.265834E-05,+6.747767E-06,-9.686626E+01,+4.897514E-01
+3.508301E+02,-9.919273E-07,+1.305137E-05,-9.766187E+01,+1.646652E+00
+3.510742E+02,+3.165954E-06,-3.015706E-05,-9.036462E+01,-1.466197E+00
+3.513184E+02,-7.412808E-06,+2.703108E-05,-9.104782E+01,+1.838449E+00
+3.515625E+02,+1.007255E-05,-1.699597E-05,-9.408580E+01,-1.035804E+00
+3.518066E+02,-6.075707E-06,+6.859455E-06,-1.007590E+02,+2.295678E+00
+3.520508E+02,-1.859441E-06,+6.952675E-07,-1.140440E+02,+2.783776E+00
+3.522949E+02,+2.797731E-06,-2.519427E-06,-1.084848E+02,-7.331049E-01
+3.525391E+02,+1.087111E-06,+3.369519E-06,-1.090186E+02,+1.258708E+00
+3.527832E+02,-3.524356E-06,-1.509796E-06,-1.083267E+02,-2.736855E+00
+3.530273E+02,+3.552673E-06,+1.474528E-06,-1.082986E+02,+3.934107E-01
+3.532715E+02,-7.455492E-06,-1.614074E-07,-1.025484E+02,-3.119946E+00
+3.535156E+02,+9.206407E-06,-5.467802E-06,-9.940608E+01,-5.359315E-01
+3.537598E+02,-8.678904E-06,+1.879150E-06,-1.010317E+02,+2.928365E+00
+3.540039E+02,+1.264276E-05,+3.225801E-06,-9.768925E+01,+2.498198E-01
+3.542480E+02,-1.128059E-05,-1.195342E-06,-9.890487E+01,-3.036022E+00
+3.544922E+02,+6.718822E-06,-2.982703E-08,-1.034541E+02,-4.439295E-03
+3.547363E+02,-7.610215E-06,-1.556578E-06,-1.021941E+02,-2.939837E+00
+3.549805E+02,+1.010725E-05,+8.530463E-07,-9.987651E+01,+8.419989E-02
+3.552246E+02,-3.297333E-06,-1.226063E-06,-1.090743E+02,-2.785600E+00
+3.554688E+02,-8.220764E-06,+1.470095E-06,-1.015650E+02,+2.964636E+00
+3.557129E+02,+1.235373E-05,-1.375971E-06,-9.811050E+01,-1.109239E-01
+3.559570E+02,-7.510569E-06,+5.091327E-06,-1.008444E+02,+2.545861E+00
+3.562012E+02,+3.675578E-06,-2.653572E-06,-1.068716E+02,-6.253041E-01
+3.564453E+02,-2.232511E-06,-7.441881E-07,-1.125665E+02,-2.819835E+00
+3.566895E+02,+3.513594E-07,-1.165256E-06,-1.182936E+02,-1.277937E+00
+3.569336E+02,-4.536029E-07,-5.521158E-07,-1.229193E+02,-2.258553E+00
+3.571777E+02,+9.344099E-07,-3.963704E-06,-1.078031E+02,-1.339282E+00
+3.574219E+02,+2.690312E-06,+1.111636E-05,-9.883355E+01,+1.333348E+00
+3.576660E+02,-7.036942E-06,-1.302222E-05,-9.659364E+01,-2.066224E+00
+3.579102E+02,+2.018196E-06,+1.202601E-05,-9.827695E+01,+1.404526E+00
+3.581543E+02,+7.151632E-06,-2.251402E-07,-1.029076E+02,-3.147056E-02
+3.583984E+02,-1.979363E-06,-4.485180E-06,-1.061916E+02,-1.986402E+00
+3.586426E+02,-1.195242E-05,-1.310457E-06,-9.839899E+01,-3.032389E+00
+3.588867E+02,+1.475683E-05,-3.425225E-06,-9.639225E+01,-2.280726E-01
+3.591309E+02,-6.917603E-06,+4.734863E-06,-1.015322E+02,+2.541369E+00
+3.593750E+02,-1.611773E-06,-1.733918E-06,-1.125148E+02,-2.319703E+00
+3.596191E+02,+1.408976E-06,-8.123092E-07,-1.157756E+02,-5.229793E-01
+3.598633E+02,+4.982241E-06,+7.728942E-06,-1.007284E+02,+9.982116E-01
+3.601074E+02,-2.364463E-06,-9.282504E-06,-1.003737E+02,-1.820215E+00
+3.603516E+02,-4.004528E-06,+3.875396E-06,-1.050787E+02,+2.372581E+00
+3.605957E+02,+6.138774E-06,+9.951179E-07,-1.041257E+02,+1.607058E-01
+3.608398E+02,-8.344375E-06,+6.356903E-08,-1.015719E+02,+3.133975E+00
+3.610840E+02,+7.230029E-06,-5.472190E-06,-1.008503E+02,-6.478832E-01
+3.613281E+02,-1.613678E-06,+5.452448E-06,-1.049035E+02,+1.858538E+00
+3.615723E+02,-5.153491E-07,-8.292398E-06,-1.016097E+02,-1.632864E+00
+3.618164E+02,-2.630776E-06,+6.462476E-06,-1.031261E+02,+1.957395E+00
+3.620605E+02,-5.528823E-07,-1.270395E-06,-1.171679E+02,-1.981279E+00
+3.623047E+02,+6.999463E-06,+5.731352E-06,-1.008703E+02,+6.861161E-01
+3.625488E+02,-4.938096E-06,-4.311531E-06,-1.036679E+02,-2.423831E+00
+3.627930E+02,+1.896506E-06,-4.822576E-06,-1.057099E+02,-1.196117E+00
+3.630371E+02,-2.762155E-06,+7.688135E-06,-1.017563E+02,+1.915710E+00
+3.632812E+02,-1.393448E-06,-6.025396E-06,-1.041740E+02,-1.798064E+00
+3.635254E+02,+2.560474E-06,+5.380677E-06,-1.044968E+02,+1.126643E+00
+3.637695E+02,+4.161490E-09,-1.558886E-06,-1.161437E+02,-1.568127E+00
+3.640137E+02,-1.914449E-06,-3.273286E-06,-1.084226E+02,-2.100017E+00
+3.642578E+02,+4.734297E-06,+2.174853E-06,-1.056633E+02,+4.306289E-01
+3.645020E+02,-6.052237E-06,-4.230422E-06,-1.026340E+02,-2.531548E+00
+3.647461E+02,+5.683246E-06,+4.767488E-06,-1.025941E+02,+6.979951E-01
+3.649902E+02,-3.945644E-06,+3.406129E-06,-1.056591E+02,+2.429449E+00
+3.652344E+02,+2.243093E-06,-4.410998E-06,-1.061104E+02,-1.100354E+00
+3.654785E+02,-3.334239E-06,-1.386143E-06,-1.088477E+02,-2.747600E+00
+3.657227E+02,+6.003465E-06,+3.352162E-06,-1.032534E+02,+5.092475E-01
+3.659668E+02,-5.065922E-06,-1.345431E-06,-1.056108E+02,-2.882001E+00
+3.662109E+02,+2.768693E-06,+3.019648E-06,-1.077511E+02,+8.287262E-01
+3.664551E+02,-1.583600E-06,-5.398393E-06,-1.049962E+02,-1.856138E+00
+3.666992E+02,-2.179893E-06,-2.902903E-06,-1.088013E+02,-2.214896E+00
+3.669434E+02,+5.632123E-06,+1.382829E-05,-9.651808E+01,+1.184021E+00
+3.671875E+02,-3.426637E-06,-8.467266E-06,-1.007864E+02,-1.955341E+00
+3.674316E+02,-2.766947E-06,+6.909747E-07,-1.108973E+02,+2.896873E+00
+3.676758E+02,-6.314407E-07,-6.177896E-06,-1.041380E+02,-1.672652E+00
+3.679199E+02,+8.601611E-06,+1.876653E-06,-1.011065E+02,+2.148085E-01
+3.681641E+02,-7.900349E-06,+3.747841E-06,-1.011656E+02,+2.698643E+00
+3.684082E+02,+5.025260E-06,-2.057536E-07,-1.059696E+02,-4.092101E-02
+3.686523E+02,-1.390631E-06,+7.150867E-07,-1.161169E+02,+2.666636E+00
+3.688965E+02,-4.241643E-07,-2.310798E-06,-1.125808E+02,-1.752333E+00
+3.691406E+02,-1.806673E-06,+2.956250E-06,-1.092069E+02,+2.119364E+00
+3.693848E+02,+1.274904E-06,-1.459226E-06,-1.142542E+02,-8.527117E-01
+3.696289E+02,-5.175002E-06,-3.462048E-06,-1.041154E+02,-2.551980E+00
+3.698730E+02,+7.498679E-06,+5.388901E-06,-1.006920E+02,+6.231312E-01
+3.701172E+02,-7.680719E-06,-2.679300E-06,-1.017933E+02,-2.805956E+00
+3.703613E+02,+1.096864E-05,-7.484851E-07,-9.917677E+01,-6.813304E-02
+3.706055E+02,-9.323411E-06,+1.718131E-06,-1.004635E+02,+2.959356E+00
+3.708496E+02,+1.986496E-06,+2.259278E-06,-1.104333E+02,+8.495579E-01
+3.710938E+02,-1.300422E-07,-2.858487E-06,-1.108683E+02,-1.616258E+00
+3.713379E+02,+2.772898E-06,-3.602309E-07,-1.110686E+02,-1.291878E-01
+3.715820E+02,-5.269310E-06,+3.046285E-06,-1.043127E+02,+2.617418E+00
+3.718262E+02,+9.941695E-06,+1.296000E-07,-1.000500E+02,+1.303527E-02
+3.720703E+02,-9.845621E-06,-8.088388E-06,-9.789526E+01,-2.453866E+00
+3.723145E+02,+4.970719E-06,+1.058150E-05,-9.864307E+01,+1.131636E+00
+3.725586E+02,-6.181379E-06,-6.561986E-06,-1.009007E+02,-2.326336E+00
+3.728027E+02,+7.066003E-06,+1.936300E-06,-1.027021E+02,+2.674646E-01
+3.730469E+02,-1.227504E-06,-2.078428E-06,-1.123458E+02,-2.104270E+00
+3.732910E+02,-1.959618E-06,+4.920021E-06,-1.055212E+02,+1.949832E+00
+3.735352E+02,-2.311852E-06,-1.942404E-06,-1.104012E+02,-2.442819E+00
+3.737793E+02,+5.713995E-06,-2.026092E-06,-1.043469E+02,-3.407529E-01
+3.740234E+02,-5.347254E-06,+5.841646E-06,-1.020261E+02,+2.312037E+00
+3.742676E+02,+3.858845E-06,-4.773528E-06,-1.042392E+02,-8.909640E-01
+3.745117E+02,-2.675597E-06,+1.270218E-06,-1.105689E+02,+2.698355E+00
+3.747559E+02,+3.346302E-07,-4.520360E-06,-1.068728E+02,-1.496904E+00
+3.750000E+02,+3.690520E-06,+4.314716E-06,-1.049165E+02,+8.632141E-01
+3.752441E+02,-2.471130E-06,+1.482924E-06,-1.108063E+02,+2.601100E+00
+3.754883E+02,+3.455665E-06,-3.880351E-06,-1.056866E+02,-8.432240E-01
+3.757324E+02,-8.500790E-06,+6.319410E-06,-9.950013E+01,+2.502335E+00
+3.759766E+02,+7.961326E-06,-5.729570E-06,-1.001678E+02,-6.238092E-01
+3.762207E+02,-1.182456E-06,+3.760381E-06,-1.080859E+02,+1.875458E+00
+3.764648E+02,-3.625627E-06,-4.907922E-06,-1.042907E+02,-2.207045E+00
+3.767090E+02,+3.578805E-06,+2.986058E-06,-1.066305E+02,+6.953515E-01
+3.769531E+02,-2.328344E-06,+1.167761E-06,-1.116846E+02,+2.676713E+00
+3.771973E+02,-8.153053E-07,-3.089549E-06,-1.099097E+02,-1.828806E+00
+3.774414E+02,+3.428477E-06,+1.850965E-06,-1.081871E+02,+4.950401E-01
+3.776855E+02,-1.931798E-06,+2.324871E-06,-1.103920E+02,+2.264113E+00
+3.779297E+02,-3.417730E-06,-1.750009E-06,-1.083140E+02,-2.668361E+00
+3.781738E+02,+9.479818E-07,-3.467431E-06,-1.088868E+02,-1.303922E+00
+3.784180E+02,+8.325434E-06,+3.959050E-06,-1.007065E+02,+4.438862E-01
+3.786621E+02,-7.977970E-06,+1.121079E-06,-1.018772E+02,+3.001985E+00
+3.789062E+02,+7.987245E-06,-3.008088E-06,-1.013760E+02,-3.601827E-01
+3.791504E+02,-5.338522E-06,-3.508437E-06,-1.038924E+02,-2.560178E+00
+3.793945E+02,-2.022609E-06,+1.346690E-05,-9.731777E+01,+1.719873E+00
+3.796387E+02,+4.137959E-06,-1.358310E-05,-9.695459E+01,-1.275088E+00
+3.798828E+02,-6.443353E-06,+7.645282E-06,-1.000014E+02,+2.271089E+00
+3.801270E+02,+1.012928E-05,-3.791568E-06,-9.931895E+01,-3.581724E-01
+3.803711E+02,-8.797797E-06,-5.980243E-06,-9.946290E+01,-2.544592E+00
+3.806152E+02,+4.451637E-06,+1.446783E-05,-9.639908E+01,+1.272298E+00
+3.808594E+02,-8.291527E-06,-1.162381E-05,-9.690663E+01,-2.190408E+00
+3.811035E+02,+1.273622E-05,+8.186561E-06,-9.639726E+01,+5.712813E-01
+3.813477E+02,-6.771656E-06,-7.766340E-06,-9.973992E+01,-2.287881E+00
+3.815918E+02,+6.748434E-07,+6.217302E-06,-1.040771E+02,+1.462677E+00
+3.818359E+02,+7.479495E-08,-2.687572E-07,-1.310888E+02,-1.299365E+00
+3.820801E+02,+1.507466E-06,-1.128995E-06,-1.145013E+02,-6.428196E-01
+3.823242E+02,-2.855262E-06,-3.410718E-06,-1.070365E+02,-2.267779E+00
+3.825684E+02,+1.274072E-05,+2.630875E-06,-9.771478E+01,+2.036314E-01
+3.828125E+02,-1.789717E-05,-3.919901E-06,-9.474082E+01,-2.925974E+00
+3.830566E+02,+9.317381E-06,+3.520713E-06,-1.000345E+02,+3.612801E-01
+3.833008E+02,-4.276596E-06,+1.301825E-06,-1.069932E+02,+2.846098E+00
+3.835449E+02,+3.539503E-06,+2.322477E-06,-1.074661E+02,+5.806926E-01
+3.837891E+02,-6.240742E-07,-3.035066E-06,-1.101768E+02,-1.773591E+00
+3.840332E+02,-1.151575E-07,-4.139010E-06,-1.076587E+02,-1.598612E+00
+3.842773E+02,-1.206449E-07,-9.592094E-07,-1.202936E+02,-1.695915E+00
+3.845215E+02,+1.082639E-06,+1.051501E-05,-9.951801E+01,+1.468197E+00
+3.847656E+02,+5.539031E-07,-1.280454E-05,-9.784460E+01,-1.527565E+00
+3.850098E+02,-4.938368E-06,+5.050428E-06,-1.030195E+02,+2.344976E+00
+3.852539E+02,+3.807187E-06,+7.499973E-06,-1.015031E+02,+1.101066E+00
+3.854980E+02,-8.156000E-07,-1.087937E-05,-9.924358E+01,-1.645624E+00
+3.857422E+02,-1.179138E-06,+7.047573E-06,-1.029193E+02,+1.736572E+00
+3.859863E+02,+1.973469E-06,+1.454999E-06,-1.122101E+02,+6.353102E-01
+3.862305E+02,+3.894034E-06,-3.042167E-06,-1.061228E+02,-6.631954E-01
+3.864746E+02,-6.469207E-06,-4.644399E-06,-1.019777E+02,-2.518938E+00
+3.867188E+02,+3.735836E-06,+2.209318E-06,-1.072498E+02,+5.340610E-01
+3.869629E+02,-2.440664E-06,+4.981201E-06,-1.051188E+02,+2.026392E+00
+3.872070E+02,-1.849120E-06,-3.075763E-06,-1.089010E+02,-2.112091E+00
+3.874512E+02,+3.637278E-06,-4.998874E-06,-1.041773E+02,-9.417733E-01
+3.876953E+02,+2.250398E-06,+3.668820E-06,-1.073225E+02,+1.020593E+00
+3.879395E+02,-2.383468E-06,+2.280349E-06,-1.096333E+02,+2.378301E+00
+3.881836E+02,-3.050124E-06,+2.432824E-06,-1.081753E+02,+2.468308E+00
+3.884277E+02,+3.618331E-07,-5.835953E-06,-1.046611E+02,-1.508875E+00
+3.886719E+02,+4.481171E-06,+3.064540E-06,-1.053059E+02,+5.998185E-01
+3.889160E+02,+1.544291E-06,-1.178299E-06,-1.142329E+02,-6.517713E-01
+3.891602E+02,-3.939071E-06,-2.967427E-06,-1.061400E+02,-2.495963E+00
+3.894043E+02,-2.781633E-06,+7.847765E-07,-1.107814E+02,+2.866612E+00
+3.896484E+02,+5.177380E-06,+6.302409E-06,-1.017701E+02,+8.830870E-01
+3.898926E+02,-4.510423E-06,-9.785324E-06,-9.935181E+01,-2.002708E+00
+3.901367E+02,+3.487196E-06,+3.142525E-06,-1.065687E+02,+7.334563E-01
+3.903809E+02,-6.994349E-07,+5.856879E-06,-1.045852E+02,+1.689654E+00
+3.906250E+02,-4.009336E-07,-6.713335E-06,-1.034458E+02,-1.630447E+00
+3.908691E+02,-1.922589E-06,+6.410860E-07,-1.138644E+02,+2.819738E+00
+3.911133E+02,+1.210516E-07,+4.720120E-06,-1.065181E+02,+1.545156E+00
+3.913574E+02,+3.025843E-06,-1.523557E-06,-1.094017E+02,-4.664557E-01
+3.916016E+02,-6.252397E-06,-2.473280E-06,-1.034477E+02,-2.764908E+00
+3.918457E+02,+7.875181E-06,+5.642428E-06,-1.002754E+02,+6.217025E-01
+3.920898E+02,-1.416782E-06,-8.279761E-06,-1.015143E+02,-1.740269E+00
+3.923340E+02,-5.109145E-06,+5.618286E-06,-1.023906E+02,+2.308769E+00
+3.925781E+02,+4.321583E-06,-6.598811E-06,-1.020607E+02,-9.909819E-01
+3.928223E+02,-1.476752E-07,+8.417021E-06,-1.014955E+02,+1.588339E+00
+3.930664E+02,-4.371448E-06,-1.049645E-05,-9.888451E+01,-1.965419E+00
+3.933105E+02,+3.810774E-06,+6.924305E-06,-1.020434E+02,+1.067686E+00
+3.935547E+02,+1.869862E-07,+1.374567E-06,-1.171571E+02,+1.435593E+00
+3.937988E+02,+5.642464E-08,-2.786703E-06,-1.110964E+02,-1.550551E+00
+3.940430E+02,-2.901118E-06,+4.044463E-06,-1.060600E+02,+2.193043E+00
+3.942871E+02,+1.808384E-06,-5.603637E-06,-1.046003E+02,-1.258631E+00
+3.945312E+02,-4.123425E-07,+4.698378E-06,-1.065277E+02,+1.658335E+00
+3.947754E+02,-2.304696E-06,-2.706193E-06,-1.089842E+02,-2.276241E+00
+3.950195E+02,+2.719666E-06,-2.232395E-06,-1.090727E+02,-6.873162E-01
+3.952637E+02,+4.592975E-06,+9.137091E-06,-9.980544E+01,+1.105012E+00
+3.955078E+02,-5.436258E-06,-6.884798E-06,-1.011377E+02,-2.239166E+00
+3.957520E+02,-9.345492E-07,+6.016579E-08,-1.205700E+02,+3.077302E+00
+3.959961E+02,+1.717832E-06,-3.047128E-06,-1.091236E+02,-1.057454E+00
+3.962402E+02,-1.935250E-06,+6.480327E-06,-1.033971E+02,+1.861000E+00
+3.964844E+02,+3.672871E-06,+7.128802E-07,-1.085393E+02,+1.917098E-01
+3.967285E+02,-5.408959E-06,-1.067538E-05,-9.843995E+01,-2.039771E+00
+3.969727E+02,+6.301274E-06,+7.237002E-06,-1.003583E+02,+8.544056E-01
+3.972168E+02,-7.484737E-06,-1.575842E-06,-1.023281E+02,-2.934083E+00
+3.974609E+02,+5.772627E-06,+5.203437E-06,-1.021897E+02,+7.335871E-01
+3.977051E+02,+1.243306E-06,-5.527615E-06,-1.049349E+02,-1.349552E+00
+3.979492E+02,-2.282123E-07,+1.495846E-07,-1.312810E+02,+2.561387E+00
+3.981934E+02,-8.919378E-06,+5.670417E-06,-9.951912E+01,+2.575307E+00
+3.984375E+02,+6.683515E-06,-6.319965E-06,-1.007257E+02,-7.574476E-01
+3.986816E+02,-2.443522E-06,+3.343392E-06,-1.076576E+02,+2.201929E+00
+3.989258E+02,+1.670471E-06,-4.286176E-06,-1.067445E+02,-1.199171E+00
+3.991699E+02,-9.767344E-08,+5.374923E-06,-1.053911E+02,+1.588966E+00
+3.994141E+02,+3.167418E-06,-2.828606E-06,-1.074392E+02,-7.289521E-01
+3.996582E+02,-5.284709E-06,-9.311245E-07,-1.054068E+02,-2.967191E+00
+3.999023E+02,-4.962007E-07,+1.307797E-06,-1.170851E+02,+1.933434E+00
+4.001465E+02,+8.556087E-06,+1.545937E-06,-1.012150E+02,+1.787541E-01
+4.003906E+02,-1.109284E-05,-1.338559E-06,-9.903636E+01,-3.021505E+00
+4.006348E+02,+4.362708E-06,+3.211416E-06,-1.053244E+02,+6.345496E-01
+4.008789E+02,-4.801895E-06,-4.323369E-07,-1.063367E+02,-3.051800E+00
+4.011230E+02,+1.093105E-05,-3.652368E-06,-9.876712E+01,-3.224654E-01
+4.013672E+02,-6.577954E-06,-2.143263E-07,-1.036336E+02,-3.109022E+00
+4.016113E+02,+2.271471E-06,-4.229456E-07,-1.127258E+02,-1.840909E-01
+4.018555E+02,-9.503342E-07,+3.229897E-06,-1.094556E+02,+1.856952E+00
+4.020996E+02,-3.411435E-06,-1.890277E-06,-1.081784E+02,-2.635607E+00
+4.023438E+02,+6.674192E-06,-2.675278E-07,-1.035051E+02,-4.006247E-02
+4.025879E+02,-5.352571E-06,+5.156438E-06,-1.025776E+02,+2.374856E+00
+4.028320E+02,+5.569925E-06,-2.610942E-06,-1.042204E+02,-4.383424E-01
+4.030762E+02,-1.010658E-05,-2.603736E-06,-9.962882E+01,-2.889448E+00
+4.033203E+02,+1.033585E-05,-1.744515E-07,-9.971184E+01,-1.687669E-02
+4.035645E+02,-7.433490E-06,+7.557321E-06,-9.949350E+01,+2.347934E+00
+4.038086E+02,+6.071032E-06,-1.004879E-05,-9.860638E+01,-1.027327E+00
+4.040527E+02,-7.664964E-06,+7.265377E-06,-9.952579E+01,+2.382951E+00
+4.042969E+02,+5.347520E-06,-5.874943E-06,-1.019990E+02,-8.323607E-01
+4.045410E+02,+4.021341E-06,+6.450359E-06,-1.023824E+02,+1.013327E+00
+4.047852E+02,-1.026993E-05,-5.982254E-06,-9.849985E+01,-2.614139E+00
+4.050293E+02,+1.335887E-05,+3.302640E-06,-9.722695E+01,+2.423646E-01
+4.052734E+02,-8.675216E-06,+4.859760E-07,-1.012208E+02,+3.085632E+00
+4.055176E+02,+3.056260E-06,+9.033536E-07,-1.099324E+02,+2.873921E-01
+4.057617E+02,-4.359087E-06,-5.336318E-06,-1.032351E+02,-2.255741E+00
+4.060059E+02,-1.531612E-06,+8.633154E-06,-1.011420E+02,+1.746380E+00
+4.062500E+02,+4.976036E-06,-9.241799E-06,-9.957930E+01,-1.076882E+00
+4.064941E+02,+2.041771E-06,+6.879381E-06,-1.028824E+02,+1.282282E+00
+4.067383E+02,-6.853443E-07,-2.635845E-06,-1.112975E+02,-1.825173E+00
+4.069824E+02,-2.378759E-06,+9.648456E-07,-1.118115E+02,+2.756260E+00
+4.072266E+02,-3.331246E-06,+1.102458E-06,-1.090965E+02,+2.821994E+00
+4.074707E+02,+2.514117E-06,-6.821896E-06,-1.027688E+02,-1.217704E+00
+4.077148E+02,+8.689920E-06,+6.344518E-06,-9.936413E+01,+6.306435E-01
+4.079590E+02,-1.173980E-05,-1.113551E-06,-9.856789E+01,-3.047023E+00
+4.082031E+02,+7.659577E-06,+1.722093E-06,-1.021017E+02,+2.211514E-01
+4.084473E+02,-6.057162E-06,-2.943789E-06,-1.034337E+02,-2.689207E+00
+4.086914E+02,+4.313915E-07,+3.614842E-06,-1.087768E+02,+1.452019E+00
+4.089355E+02,+5.476744E-06,-1.647313E-06,-1.048534E+02,-2.921753E-01
+4.091797E+02,-5.005082E-06,-6.136245E-07,-1.059470E+02,-3.019601E+00
+4.094238E+02,+4.444389E-06,-2.726267E-06,-1.056567E+02,-5.502271E-01
+4.096680E+02,-2.122810E-06,+2.960625E-06,-1.087708E+02,+2.192850E+00
+4.099121E+02,-2.434710E-06,+3.140431E-06,-1.080161E+02,+2.230281E+00
+4.101562E+02,+8.319162E-06,-2.400953E-06,-1.012510E+02,-2.809702E-01
+4.104004E+02,-5.319810E-06,-3.950630E-06,-1.035746E+02,-2.502828E+00
+4.106445E+02,-3.198912E-06,+3.752483E-06,-1.061414E+02,+2.276728E+00
+4.108887E+02,+2.564436E-06,-2.229281E-06,-1.093757E+02,-7.155964E-01
+4.111328E+02,+4.454754E-07,-7.442886E-07,-1.212354E+02,-1.031462E+00
+4.113770E+02,+4.243515E-07,+4.715679E-06,-1.064941E+02,+1.481051E+00
+4.116211E+02,-3.225292E-06,-2.209260E-06,-1.081578E+02,-2.541018E+00
+4.118652E+02,+2.389845E-06,-1.126633E-06,-1.115610E+02,-4.405274E-01
+4.121094E+02,+4.535281E-06,+2.669256E-06,-1.055762E+02,+5.319605E-01
+4.123535E+02,-9.245389E-08,-2.836944E-07,-1.305046E+02,-1.885835E+00
+4.125977E+02,-5.863731E-06,-4.583289E-06,-1.025657E+02,-2.478152E+00
+4.128418E+02,+1.012986E-06,+2.308411E-06,-1.119689E+02,+1.157275E+00
+4.130859E+02,+2.543863E-06,+3.282820E-07,-1.118184E+02,+1.283393E-01
+4.133301E+02,+7.668953E-07,-8.125519E-07,-1.190366E+02,-8.142968E-01
+4.135742E+02,-2.310339E-06,+1.198075E-06,-1.116922E+02,+2.663199E+00
+4.138184E+02,-3.388325E-07,+4.037054E-06,-1.078482E+02,+1.654531E+00
+4.140625E+02,+1.665356E-06,-6.397463E-06,-1.035951E+02,-1.316133E+00
+4.143066E+02,-5.893718E-06,+2.386340E-06,-1.039329E+02,+2.756873E+00
+4.145508E+02,+1.485966E-05,-3.679625E-06,-9.630136E+01,-2.427422E-01
+4.147949E+02,-1.572931E-05,+7.232143E-06,-9.523292E+01,+2.710629E+00
+4.150391E+02,+6.136358E-06,-3.821136E-06,-1.028186E+02,-5.569466E-01
+4.152832E+02,+3.499024E-06,-6.092627E-06,-1.030660E+02,-1.049485E+00
+4.155273E+02,-2.042172E-06,+9.045920E-06,-1.006551E+02,+1.792830E+00
+4.157715E+02,-7.384899E-06,-1.224597E-06,-1.025153E+02,-2.977263E+00
+4.160156E+02,+8.655695E-06,-7.435070E-06,-9.885384E+01,-7.096844E-01
+4.162598E+02,+2.719213E-06,+6.770037E-06,-1.027386E+02,+1.188865E+00
+4.165039E+02,-6.386921E-06,-4.112725E-06,-1.023877E+02,-2.569497E+00
+4.167480E+02,-6.829450E-06,+4.247428E-06,-1.018922E+02,+2.585205E+00
+4.169922E+02,+1.290532E-05,-2.303790E-06,-9.764839E+01,-1.766540E-01
+4.172363E+02,-4.141553E-06,+2.142154E-06,-1.066272E+02,+2.664253E+00
+4.174805E+02,+3.043121E-06,-4.359406E-06,-1.054875E+02,-9.613745E-01
+4.177246E+02,-9.237080E-06,+9.573404E-07,-1.006429E+02,+3.038320E+00
+4.179688E+02,+6.394842E-06,+1.039317E-06,-1.037702E+02,+1.611155E-01
+4.182129E+02,-4.988182E-08,+2.037054E-06,-1.138174E+02,+1.595279E+00
+4.184570E+02,-2.285970E-06,-6.203289E-06,-1.035945E+02,-1.923864E+00
+4.187012E+02,+3.946078E-08,+4.171514E-06,-1.075937E+02,+1.561337E+00
+4.189453E+02,+1.020103E-06,+3.919763E-06,-1.078502E+02,+1.316198E+00
+4.191895E+02,-9.743557E-07,-5.355453E-06,-1.052827E+02,-1.750765E+00
+4.194336E+02,+4.126211E-06,+6.176409E-07,-1.075927E+02,+1.485840E-01
+4.196777E+02,-1.962326E-06,+1.663704E-06,-1.117923E+02,+2.438364E+00
+4.199219E+02,+3.932362E-06,-2.947231E-06,-1.061709E+02,-6.431689E-01
+4.201660E+02,-1.277106E-05,+5.659144E-06,-9.709686E+01,+2.724473E+00
+4.204102E+02,+9.833203E-06,-2.838156E-06,-9.979858E+01,-2.809931E-01
+4.206543E+02,+9.418678E-07,-9.067378E-06,-1.008038E+02,-1.467293E+00
+4.208984E+02,-3.893916E-06,+1.007906E-05,-9.932743E+01,+1.939469E+00
+4.211426E+02,+2.939305E-06,+1.057658E-07,-1.106295E+02,+3.596776E-02
+4.213867E+02,-2.926416E-06,-6.998906E-06,-1.023997E+02,-1.966829E+00
+4.216309E+02,-3.495287E-06,+5.550328E-06,-1.036630E+02,+2.132800E+00
+4.218750E+02,+6.419429E-06,+4.100979E-06,-1.023637E+02,+5.684888E-01
+4.221191E+02,-3.835807E-06,-1.171398E-05,-9.818355E+01,-1.887248E+00
+4.223633E+02,+7.281685E-06,+7.682538E-06,-9.950610E+01,+8.121792E-01
+4.226074E+02,-1.212886E-05,-1.813997E-06,-9.822752E+01,-2.993133E+00
+4.228516E+02,+4.782820E-06,-2.317057E-07,-1.063961E+02,-4.840758E-02
+4.230957E+02,+3.213958E-06,-3.689259E-06,-1.062087E+02,-8.541418E-01
+4.233398E+02,-1.154601E-06,+9.459784E-06,-1.004182E+02,+1.692249E+00
+4.235840E+02,-2.159207E-06,-5.050289E-06,-1.052046E+02,-1.974818E+00
+4.238281E+02,+7.804194E-08,-2.015617E-06,-1.139053E+02,-1.532097E+00
+4.240723E+02,+3.048585E-06,+3.616640E-06,-1.065026E+02,+8.704194E-01
+4.243164E+02,+2.958423E-07,-8.197449E-06,-1.017208E+02,-1.534722E+00
+4.245605E+02,-6.638238E-06,+1.334216E-05,-9.653492E+01,+2.032473E+00
+4.248047E+02,+7.206597E-06,-9.098081E-06,-9.870599E+01,-9.008906E-01
+4.250488E+02,-1.397825E-06,+1.207076E-06,-1.146712E+02,+2.429291E+00
+4.252930E+02,-5.940124E-06,-5.636921E-07,-1.044852E+02,-3.046980E+00
+4.255371E+02,+9.535011E-06,+5.099960E-06,-9.932089E+01,+4.911503E-01
+4.257812E+02,-1.192154E-05,-9.034390E-06,-9.650249E+01,-2.493105E+00
+4.260254E+02,+7.258057E-06,+7.312569E-06,-9.974068E+01,+7.891394E-01
+4.262695E+02,-9.343122E-07,-7.912602E-07,-1.182419E+02,-2.438907E+00
+4.265137E+02,+2.735533E-06,-2.042421E-06,-1.093350E+02,-6.413385E-01
+4.267578E+02,-2.410929E-06,+2.349291E-06,-1.094570E+02,+2.369143E+00
+4.270020E+02,-5.854865E-06,-4.846606E-07,-1.046200E+02,-3.059002E+00
+4.272461E+02,+6.214115E-06,+8.774673E-08,-1.041315E+02,+1.411961E-02
+4.274902E+02,-3.057714E-07,-3.559117E-06,-1.089412E+02,-1.656498E+00
+4.277344E+02,+8.623156E-07,-2.236117E-07,-1.210040E+02,-2.537266E-01
+4.279785E+02,-1.557548E-06,+2.034606E-06,-1.118273E+02,+2.224162E+00
+4.282227E+02,+3.018024E-06,+3.635015E-06,-1.065127E+02,+8.778719E-01
+4.284668E+02,-8.397681E-06,-6.339561E-07,-1.014921E+02,-3.066244E+00
+4.287109E+02,+4.936537E-06,-2.777745E-06,-1.049369E+02,-5.125345E-01
+4.289551E+02,-6.174153E-06,-5.532997E-06,-1.016283E+02,-2.410906E+00
+4.291992E+02,+1.399597E-05,+1.229451E-05,-9.459618E+01,+7.207702E-01
+4.294434E+02,-1.476068E-05,-3.889252E-06,-9.632637E+01,-2.883961E+00
+4.296875E+02,+5.391885E-06,+2.498389E-07,-1.053559E+02,+4.630298E-02
+4.299316E+02,+8.240373E-06,-4.677916E-06,-1.004679E+02,-5.163177E-01
+4.301758E+02,-1.446393E-05,+7.942050E-06,-9.564983E+01,+2.639446E+00
+4.304199E+02,+9.478370E-06,-1.482889E-05,-9.509010E+01,-1.002063E+00
+4.306641E+02,-2.865847E-06,+1.307024E-05,-9.747040E+01,+1.786646E+00
+4.309082E+02,+3.162792E-06,-3.691510E-06,-1.062653E+02,-8.623824E-01
+4.311523E+02,-2.928161E-06,+3.976939E-07,-1.105887E+02,+3.006602E+00
+4.313965E+02,-4.947289E-08,+5.276077E-06,-1.055534E+02,+1.580173E+00
+4.316406E+02,-4.360366E-07,-6.109778E-06,-1.042574E+02,-1.642043E+00
+4.318848E+02,+4.773137E-06,+2.329703E-06,-1.054959E+02,+4.540713E-01
+4.321289E+02,-4.593072E-06,-4.948023E-06,-1.034123E+02,-2.319009E+00
+4.323730E+02,-8.989451E-07,+6.680955E-06,-1.034253E+02,+1.704546E+00
+4.326172E+02,-1.161766E-07,-4.632467E-06,-1.066810E+02,-1.595870E+00
+4.328613E+02,+6.452688E-07,+4.476905E-07,-1.220986E+02,+6.065559E-01
+4.331055E+02,+4.849541E-07,+1.250339E-06,-1.174508E+02,+1.200801E+00
+4.333496E+02,-1.286582E-06,+2.497042E-06,-1.110289E+02,+2.046563E+00
+4.335938E+02,+4.840089E-06,-2.414442E-06,-1.053378E+02,-4.627212E-01
+4.338379E+02,-3.411580E-06,+9.162711E-07,-1.090384E+02,+2.879208E+00
+4.340820E+02,-2.964421E-06,+6.960164E-07,-1.103282E+02,+2.910980E+00
+4.343262E+02,+9.801905E-06,+8.247430E-07,-1.001432E+02,+8.394337E-02
+4.345703E+02,-9.896990E-06,-3.786667E-06,-9.949662E+01,-2.776169E+00
+4.348145E+02,+5.684222E-06,+2.917201E-06,-1.038912E+02,+4.741598E-01
+4.350586E+02,-1.438407E-06,-1.520545E-07,-1.167941E+02,-3.036273E+00
+4.353027E+02,-2.682030E-06,-1.876702E-06,-1.097000E+02,-2.531047E+00
+4.355469E+02,+3.785213E-06,+2.340949E-06,-1.070316E+02,+5.538723E-01
+4.357910E+02,-1.023841E-06,-1.513300E-06,-1.147647E+02,-2.165618E+00
+4.360352E+02,-1.510199E-06,+4.663128E-06,-1.061933E+02,+1.883996E+00
+4.362793E+02,+6.297473E-07,-1.131307E-06,-1.177561E+02,-1.062858E+00
+4.365234E+02,+1.080677E-06,-4.927094E-06,-1.059441E+02,-1.354882E+00
+4.367676E+02,+1.719400E-07,+1.077417E-06,-1.192431E+02,+1.412545E+00
+4.370117E+02,-1.371563E-06,+1.391196E-06,-1.141832E+02,+2.349088E+00
+4.372559E+02,-3.082733E-07,-1.915959E-06,-1.142413E+02,-1.730327E+00
+4.375000E+02,+1.100475E-06,+5.805869E-06,-1.045694E+02,+1.383473E+00
+4.377441E+02,+3.250846E-06,-9.877102E-07,-1.093766E+02,-2.949685E-01
+4.379883E+02,-6.000934E-06,-4.740340E-06,-1.023298E+02,-2.473020E+00
+4.382324E+02,+5.208105E-06,+9.403837E-07,-1.055271E+02,+1.786369E-01
+4.384766E+02,-7.546510E-06,+2.375928E-06,-1.020346E+02,+2.836579E+00
+4.387207E+02,+8.702527E-06,+3.250809E-06,-1.006398E+02,+3.574968E-01
+4.389648E+02,-2.691811E-06,-7.368471E-06,-1.021084E+02,-1.921049E+00
+4.392090E+02,+2.918301E-06,+6.507364E-06,-1.029360E+02,+1.149223E+00
+4.394531E+02,-6.390698E-06,-7.058032E-06,-1.004260E+02,-2.306615E+00
+4.396973E+02,+5.164195E-06,+9.605937E-06,-9.924661E+01,+1.077520E+00
+4.399414E+02,+2.140042E-07,-9.293277E-06,-1.006343E+02,-1.547773E+00
+4.401855E+02,+2.299822E-06,+9.531690E-07,-1.120777E+02,+3.929038E-01
+4.404297E+02,-1.113171E-05,+9.511817E-07,-9.903716E+01,+3.056352E+00
+4.406738E+02,+9.485928E-06,+4.932445E-06,-9.941909E+01,+4.794996E-01
+4.409180E+02,-3.036261E-06,-4.085191E-06,-1.058657E+02,-2.209954E+00
+4.411621E+02,+1.602441E-06,+3.140913E-06,-1.090542E+02,+1.099036E+00
+4.414062E+02,-5.099125E-07,-7.029459E-06,-1.030388E+02,-1.643209E+00
+4.416504E+02,+4.090272E-07,+6.562606E-06,-1.036416E+02,+1.508550E+00
+4.418945E+02,+2.141092E-06,-1.535066E-06,-1.115860E+02,-6.220143E-01
+4.421387E+02,-3.503335E-06,-2.572596E-06,-1.072373E+02,-2.508198E+00
+4.423828E+02,+5.653458E-06,+5.761056E-06,-1.018608E+02,+7.948244E-01
+4.426270E+02,-7.265517E-06,-4.724779E-06,-1.012430E+02,-2.565005E+00
+4.428711E+02,+6.051027E-06,+1.406712E-06,-1.041348E+02,+2.284176E-01
+4.431152E+02,-7.380219E-06,+2.738560E-07,-1.026326E+02,+3.104503E+00
+4.433594E+02,+1.066444E-06,-1.873179E-07,-1.193093E+02,-1.738736E-01
+4.436035E+02,+6.868996E-06,-3.521725E-06,-1.022486E+02,-4.737549E-01
+4.438477E+02,-2.931791E-06,+1.692853E-06,-1.094077E+02,+2.617947E+00
+4.440918E+02,+2.593705E-06,+7.554879E-07,-1.113679E+02,+2.834354E-01
+4.443359E+02,+1.198738E-06,-1.893551E-06,-1.129908E+02,-1.006419E+00
+4.445801E+02,-4.204707E-06,+1.872629E-06,-1.067394E+02,+2.722600E+00
+4.448242E+02,+1.342126E-06,+2.381564E-07,-1.173095E+02,+1.756191E-01
+4.450684E+02,-3.869764E-06,+8.947272E-08,-1.082440E+02,+3.118476E+00
+4.453125E+02,+1.725074E-06,-2.124491E-06,-1.112556E+02,-8.887846E-01
+4.455566E+02,+6.906545E-06,+4.968657E-07,-1.031924E+02,+7.181756E-02
+4.458008E+02,-5.581257E-06,-1.392248E-06,-1.048032E+02,-2.897131E+00
+4.460449E+02,+7.769173E-07,+2.786929E-06,-1.107724E+02,+1.298927E+00
+4.462891E+02,-2.992536E-06,+4.214448E-06,-1.057321E+02,+2.188246E+00
+4.465332E+02,+2.977638E-06,-6.399753E-06,-1.030257E+02,-1.135314E+00
+4.467773E+02,+9.204013E-07,-6.729489E-06,-1.033599E+02,-1.434868E+00
+4.470215E+02,-2.864226E-06,+1.148758E-05,-9.853349E+01,+1.815146E+00
+4.472656E+02,+3.165568E-06,-4.972473E-06,-1.045909E+02,-1.003886E+00
+4.475098E+02,-3.413614E-06,+8.412387E-07,-1.090797E+02,+2.899971E+00
+4.477539E+02,-3.024958E-06,+3.698786E-06,-1.064147E+02,+2.256312E+00
+4.479980E+02,+1.120252E-05,-8.142096E-06,-9.717174E+01,-6.284930E-01
+4.482422E+02,-1.147159E-05,+8.347592E-06,-9.696201E+01,+2.512533E+00
+4.484863E+02,+1.077084E-05,-8.608132E-06,-9.720993E+01,-6.742573E-01
+4.487305E+02,-4.726329E-06,+7.909800E-06,-1.007108E+02,+2.109396E+00
+4.489746E+02,-4.255688E-06,-4.422873E-06,-1.042397E+02,-2.336933E+00
+4.492188E+02,+1.605835E-06,-2.283176E-06,-1.110837E+02,-9.578364E-01
+4.494629E+02,+4.299941E-06,+2.118167E-06,-1.063872E+02,+4.577130E-01
+4.497070E+02,-2.609086E-06,-2.175613E-07,-1.116401E+02,-3.058399E+00
+4.499512E+02,+4.283616E-07,+4.731950E-06,-1.064638E+02,+1.480517E+00
+4.501953E+02,-4.884404E-06,-5.894098E-06,-1.023212E+02,-2.262790E+00
+4.504395E+02,+6.456791E-06,-3.509157E-08,-1.037995E+02,-5.434778E-03
+4.506836E+02,-2.305263E-06,+3.815033E-08,-1.127444E+02,+3.125045E+00
+4.509277E+02,-2.885278E-06,+5.756475E-06,-1.038235E+02,+2.035422E+00
+4.511719E+02,+1.366321E-06,-6.876650E-06,-1.030843E+02,-1.374661E+00
+4.514160E+02,+5.718665E-06,+2.638460E-06,-1.040160E+02,+4.322746E-01
+4.516602E+02,-8.230450E-06,-2.233759E-06,-1.013829E+02,-2.876575E+00
+4.519043E+02,+2.067482E-06,+1.082997E-06,-1.126381E+02,+4.825247E-01
+4.521484E+02,+5.265915E-06,+1.773214E-06,-1.051040E+02,+3.248083E-01
+4.523926E+02,-6.953325E-06,-3.290726E-06,-1.022784E+02,-2.699565E+00
+4.526367E+02,+4.387200E-07,+4.660786E-06,-1.065925E+02,+1.476943E+00
+4.528809E+02,+3.444843E-06,-2.535028E-06,-1.073771E+02,-6.344098E-01
+4.531250E+02,-1.801152E-06,+1.597868E-06,-1.123677E+02,+2.415930E+00
+4.533691E+02,-9.999468E-07,-9.633317E-06,-1.002779E+02,-1.674227E+00
+4.536133E+02,+4.135697E-06,+1.659395E-05,-9.533929E+01,+1.326543E+00
+4.538574E+02,-3.098232E-06,-1.312223E-05,-9.740425E+01,-1.802656E+00
+4.541016E+02,-6.883627E-07,+2.140987E-06,-1.129605E+02,+1.881874E+00
+4.543457E+02,-3.188807E-06,+4.985003E-06,-1.045570E+02,+2.139883E+00
+4.545898E+02,+3.382673E-06,-4.938207E-06,-1.044577E+02,-9.702084E-01
+4.548340E+02,+6.872813E-06,-2.098941E-07,-1.032533E+02,-3.053028E-02
+4.550781E+02,-1.290442E-05,+8.733876E-07,-9.776539E+01,+3.074014E+00
+4.553223E+02,+3.755953E-06,-9.357908E-07,-1.082440E+02,-2.441773E-01
+4.555664E+02,-9.976361E-07,+3.572851E-06,-1.086136E+02,+1.843088E+00
+4.558105E+02,+8.056031E-06,+4.000263E-06,-1.009204E+02,+4.608879E-01
+4.560547E+02,-7.109278E-06,-7.751276E-06,-9.956150E+01,-2.313020E+00
+4.562988E+02,+1.505398E-07,-3.172236E-06,-1.099629E+02,-1.523376E+00
+4.565430E+02,-3.045777E-06,+1.041437E-05,-9.929092E+01,+1.855320E+00
+4.567871E+02,+5.686377E-06,-1.816588E-06,-1.044812E+02,-3.092158E-01
+4.570312E+02,-1.431884E-06,-2.506246E-06,-1.107927E+02,-2.089865E+00
+4.572754E+02,+4.729059E-06,-1.364531E-06,-1.061572E+02,-2.809118E-01
+4.575195E+02,-7.705926E-06,+9.690044E-07,-1.021954E+02,+3.016501E+00
+4.577637E+02,-1.531130E-06,-1.976779E-06,-1.120398E+02,-2.229830E+00
+4.580078E+02,+7.242779E-06,+6.836419E-06,-1.000351E+02,+7.565438E-01
+4.582520E+02,-7.400719E-07,-9.302354E-06,-1.006007E+02,-1.650187E+00
+4.584961E+02,-7.218131E-06,+3.246546E-06,-1.020314E+02,+2.718925E+00
+4.587402E+02,+2.568116E-06,-8.158216E-07,-1.113902E+02,-3.075908E-01
+4.589844E+02,+1.784053E-06,+9.580040E-06,-1.002246E+02,+1.386679E+00
+4.592285E+02,-1.984380E-06,-8.958229E-06,-1.007475E+02,-1.788791E+00
+4.594727E+02,+4.320915E-07,-2.166545E-06,-1.131152E+02,-1.373941E+00
+4.597168E+02,+1.604755E-06,+2.064527E-06,-1.116510E+02,+9.100516E-01
+4.599609E+02,-3.192054E-06,+7.495694E-06,-1.017800E+02,+1.973388E+00
+4.602051E+02,-1.773136E-08,-4.786059E-06,-1.064004E+02,-1.574501E+00
+4.604492E+02,-2.109382E-06,-5.134831E-07,-1.132669E+02,-2.902809E+00
+4.606934E+02,+4.326612E-06,+2.862901E-06,-1.056999E+02,+5.845532E-01
+4.609375E+02,-1.562242E-06,+3.042438E-06,-1.093192E+02,+2.045173E+00
+4.611816E+02,+2.760072E-06,-5.313577E-06,-1.044548E+02,-1.091720E+00
+4.614258E+02,-5.514736E-06,+4.116085E-07,-1.051454E+02,+3.067093E+00
+4.616699E+02,+6.974786E-06,+1.675264E-06,-1.028858E+02,+2.357233E-01
+4.619141E+02,-1.014573E-05,+1.888677E-06,-9.972638E+01,+2.957545E+00
+4.621582E+02,+1.117082E-05,-1.669506E-06,-9.894235E+01,-1.483544E-01
+4.624023E+02,-5.629997E-06,+2.474530E-06,-1.042228E+02,+2.727483E+00
+4.626465E+02,-5.260791E-06,+5.132075E-06,-1.026749E+02,+2.368579E+00
+4.628906E+02,+1.086628E-05,-5.379238E-06,-9.832646E+01,-4.596713E-01
+4.631348E+02,-4.298440E-06,+2.855787E-06,-1.057459E+02,+2.555176E+00
+4.633789E+02,+1.067701E-05,-4.238104E-06,-9.879558E+01,-3.778635E-01
+4.636230E+02,-6.336762E-06,+2.757737E-06,-1.032094E+02,+2.731117E+00
+4.638672E+02,-1.241222E-06,-1.146180E-06,-1.154449E+02,-2.395983E+00
+4.641113E+02,-2.299126E-06,-6.025106E-07,-1.124803E+02,-2.885295E+00
+4.643555E+02,+7.805356E-06,-3.725094E-06,-1.012610E+02,-4.452813E-01
+4.645996E+02,-3.898328E-06,+3.903678E-06,-1.051662E+02,+2.355509E+00
+4.648438E+02,+2.474328E-06,-8.266197E-06,-1.012812E+02,-1.279954E+00
+4.650879E+02,-7.013937E-06,+5.249257E-06,-1.011492E+02,+2.499114E+00
+4.653320E+02,-1.170874E-06,+3.504366E-06,-1.086482E+02,+1.893254E+00
+4.655762E+02,+2.651705E-06,-6.840779E-06,-1.026899E+02,-1.200997E+00
+4.658203E+02,+3.642923E-06,+1.016157E-05,-9.933568E+01,+1.226569E+00
+4.660645E+02,-1.751253E-06,-9.236664E-06,-1.005363E+02,-1.758170E+00
+4.663086E+02,-2.958466E-06,+2.025464E-06,-1.089093E+02,+2.541255E+00
+4.665527E+02,+2.597335E-06,+4.228577E-06,-1.060859E+02,+1.019977E+00
+4.667969E+02,-2.552803E-06,-5.402066E-06,-1.044734E+02,-2.012252E+00
+4.670410E+02,+2.572756E-06,+4.870898E-06,-1.051792E+02,+1.084852E+00
+4.672852E+02,-5.434217E-06,-1.176218E-06,-1.050984E+02,-2.928434E+00
+4.675293E+02,+9.815396E-06,-2.230691E-06,-9.994313E+01,-2.234688E-01
+4.677734E+02,-5.572121E-06,+5.253024E-06,-1.023179E+02,+2.385664E+00
+4.680176E+02,+9.627902E-07,-6.932522E-06,-1.030992E+02,-1.432799E+00
+4.682617E+02,-3.576095E-06,+6.303092E-06,-1.027970E+02,+2.086867E+00
+4.685059E+02,+8.342457E-06,-3.507880E-07,-1.015665E+02,-4.202377E-02
+4.687500E+02,-9.109653E-06,-2.461965E-06,-1.005038E+02,-2.877640E+00
+4.689941E+02,+6.127836E-06,+6.443316E-06,-1.010201E+02,+8.104885E-01
+4.692383E+02,-2.351523E-06,-1.050069E-05,-9.936314E+01,-1.791101E+00
+4.694824E+02,-1.071245E-06,+8.304137E-06,-1.015424E+02,+1.699089E+00
+4.697266E+02,+1.663361E-06,-1.964488E-06,-1.117875E+02,-8.682125E-01
+4.699707E+02,-2.065797E-06,-4.551548E-06,-1.060234E+02,-1.996861E+00
+4.702148E+02,+2.445524E-06,+5.981922E-06,-1.037920E+02,+1.182710E+00
+4.704590E+02,+6.987976E-06,-1.742250E-06,-1.028511E+02,-2.443396E-01
+4.707031E+02,-9.002028E-06,+2.964439E-06,-1.004661E+02,+2.823469E+00
+4.709473E+02,+5.674939E-06,-4.609300E-06,-1.027205E+02,-6.821480E-01
+4.711914E+02,-5.993637E-06,-3.307484E-07,-1.044330E+02,-3.086465E+00
+4.714355E+02,+3.500567E-06,+2.802495E-06,-1.069663E+02,+6.750965E-01
+4.716797E+02,+6.316889E-06,-1.908505E-06,-1.036106E+02,-2.934074E-01
+4.719238E+02,-8.867870E-06,+5.297454E-06,-9.971826E+01,+2.603105E+00
+4.721680E+02,+3.446447E-06,-9.985160E-06,-9.952408E+01,-1.238443E+00
+4.724121E+02,+8.310713E-07,+3.995511E-06,-1.077846E+02,+1.365719E+00
+4.726562E+02,+2.011695E-06,+3.677750E-06,-1.075516E+02,+1.070266E+00
+4.729004E+02,-2.849268E-06,-4.390288E-06,-1.056236E+02,-2.146464E+00
+4.731445E+02,+3.912782E-06,+5.142184E-06,-1.037932E+02,+9.203441E-01
+4.733887E+02,-2.972607E-06,-8.184435E-06,-1.012021E+02,-1.919184E+00
+4.736328E+02,-5.072370E-07,+6.554665E-06,-1.036431E+02,+1.648028E+00
+4.738770E+02,+5.045691E-07,+1.668464E-06,-1.151736E+02,+1.277125E+00
+4.741211E+02,+1.623086E-06,-7.706525E-06,-1.020743E+02,-1.363218E+00
+4.743652E+02,-2.233966E-06,+6.323392E-06,-1.034702E+02,+1.910396E+00
+4.746094E+02,+4.999440E-06,-4.793421E-06,-1.031902E+02,-7.643636E-01
+4.748535E+02,-3.017103E-06,-1.458704E-06,-1.094959E+02,-2.691250E+00
+4.750977E+02,+4.970015E-06,+3.494562E-06,-1.043282E+02,+6.128229E-01
+4.753418E+02,-5.601378E-06,+4.675119E-06,-1.027383E+02,+2.446085E+00
+4.755859E+02,-2.920409E-07,-1.774189E-05,-9.501883E+01,-1.587255E+00
+4.758301E+02,+1.649184E-06,+1.539932E-05,-9.620045E+01,+1.464108E+00
+4.760742E+02,+9.567034E-07,-9.339787E-06,-1.005479E+02,-1.468719E+00
+4.763184E+02,-3.938327E-06,+1.012257E-05,-9.928204E+01,+1.941840E+00
+4.765625E+02,+6.989221E-06,-1.347705E-06,-1.029529E+02,-1.904883E-01
+4.768066E+02,-6.933838E-06,-1.306782E-05,-9.659862E+01,-2.058626E+00
+4.770508E+02,+4.032915E-06,+1.220073E-05,-9.782195E+01,+1.251556E+00
+4.772949E+02,-1.243320E-06,-3.348905E-06,-1.089411E+02,-1.926285E+00
+4.775391E+02,-1.759725E-06,-4.893881E-06,-1.056789E+02,-1.915977E+00
+4.777832E+02,+7.877497E-06,+5.795967E-06,-1.001932E+02,+6.343267E-01
+4.780273E+02,-1.028445E-05,-1.295590E-06,-9.968800E+01,-3.016277E+00
+4.782715E+02,+3.098674E-06,-8.284067E-06,-1.010664E+02,-1.212857E+00
+4.785156E+02,+2.867382E-06,+1.243874E-05,-9.787961E+01,+1.344234E+00
+4.787598E+02,+1.233381E-06,-7.701733E-06,-1.021583E+02,-1.412001E+00
+4.790039E+02,-3.026884E-06,+4.658651E-06,-1.051053E+02,+2.146985E+00
+4.792480E+02,+3.953337E-06,-9.475861E-06,-9.977074E+01,-1.175550E+00
+4.794922E+02,-9.814022E-06,+1.097500E-05,-9.664009E+01,+2.300407E+00
+4.797363E+02,+9.735353E-06,-8.572855E-06,-9.773991E+01,-7.219873E-01
+4.799805E+02,-6.608579E-06,+4.083546E-06,-1.021933E+02,+2.588104E+00
+4.802246E+02,+5.518606E-06,-4.868847E-06,-1.026632E+02,-7.229273E-01
+4.804688E+02,-4.791470E-06,+1.619636E-06,-1.059208E+02,+2.815626E+00
+4.807129E+02,+4.651976E-07,+2.600629E-07,-1.254662E+02,+5.097553E-01
+4.809570E+02,+1.814395E-06,-1.330554E-07,-1.148021E+02,-7.320219E-02
+4.812012E+02,-1.399858E-06,-1.651770E-06,-1.132902E+02,-2.273831E+00
+4.814453E+02,+1.840216E-06,+6.251908E-06,-1.037189E+02,+1.284536E+00
+4.816895E+02,+4.798129E-07,-8.535611E-06,-1.013616E+02,-1.514642E+00
+4.819336E+02,-3.285320E-06,+3.798879E-06,-1.059817E+02,+2.283827E+00
+4.821777E+02,-2.691018E-06,-6.738029E-06,-1.027866E+02,-1.950766E+00
+4.824219E+02,+3.659667E-07,+7.527114E-06,-1.024572E+02,+1.522215E+00
+4.826660E+02,+5.393612E-06,-1.245585E-06,-1.051368E+02,-2.269582E-01
+4.829102E+02,-6.981973E-06,-4.419984E-06,-1.016568E+02,-2.577221E+00
+4.831543E+02,+3.832674E-06,+5.372518E-06,-1.036098E+02,+9.511434E-01
+4.833984E+02,-4.336436E-06,-2.597397E-06,-1.059259E+02,-2.601931E+00
+4.836426E+02,+1.320410E-06,-3.640116E-06,-1.082408E+02,-1.222819E+00
+4.838867E+02,-3.279200E-07,+8.122343E-06,-1.017993E+02,+1.611147E+00
+4.841309E+02,+4.599764E-06,-7.329743E-06,-1.012562E+02,-1.010367E+00
+4.843750E+02,-2.155237E-06,+2.597537E-06,-1.094339E+02,+2.263400E+00
+4.846191E+02,-5.041835E-06,-2.232147E-07,-1.059397E+02,-3.097349E+00
+4.848633E+02,+3.538531E-06,+1.737548E-06,-1.080854E+02,+4.564512E-01
+4.851074E+02,+1.904915E-06,-5.799148E-06,-1.042877E+02,-1.253418E+00
+4.853516E+02,-6.629282E-06,+4.353255E-06,-1.020136E+02,+2.560542E+00
+4.855957E+02,+1.691654E-06,-2.578186E-06,-1.102188E+02,-9.901161E-01
+4.858398E+02,-1.917132E-06,-2.370199E-06,-1.103183E+02,-2.250909E+00
+4.860840E+02,+2.030568E-06,+3.092810E-06,-1.086364E+02,+9.898340E-01
+4.863281E+02,-1.455537E-06,+1.468426E-06,-1.136908E+02,+2.351786E+00
+4.865723E+02,+6.456961E-06,+2.747485E-06,-1.030767E+02,+4.023003E-01
+4.868164E+02,-1.144588E-05,-6.180692E-06,-9.771577E+01,-2.646465E+00
+4.870605E+02,+8.812237E-06,-1.537726E-06,-1.009680E+02,-1.727595E-01
+4.873047E+02,-9.472838E-06,+9.489282E-07,-1.004270E+02,+3.041752E+00
+4.875488E+02,+2.948477E-06,+2.489264E-06,-1.082711E+02,+7.011490E-01
+4.877930E+02,-5.660918E-08,-8.206599E-06,-1.017165E+02,-1.577694E+00
+4.880371E+02,-4.072810E-06,+7.950956E-06,-1.009797E+02,+2.044189E+00
+4.882812E+02,+1.453351E-06,-3.311674E-06,-1.088341E+02,-1.157248E+00
+4.885254E+02,-3.127839E-06,-6.862571E-07,-1.098909E+02,-2.925612E+00
+4.887695E+02,-1.122429E-06,-1.222046E-07,-1.189456E+02,-3.033145E+00
+4.890137E+02,-3.496264E-06,-2.241761E-06,-1.076323E+02,-2.571437E+00
+4.892578E+02,-1.680915E-05,+5.839339E-06,-9.499427E+01,+2.807245E+00
+4.895020E+02,+2.097889E-05,+1.490067E-05,-9.179047E+01,+6.175852E-01
+4.897461E+02,-3.429113E-06,-1.108374E-05,-9.870929E+01,-1.870838E+00
+4.899902E+02,-8.643675E-07,+5.502159E-06,-1.050835E+02,+1.726619E+00
+4.902344E+02,+9.519732E-07,+1.940645E-07,-1.202507E+02,+2.010995E-01
+4.904785E+02,+3.181771E-06,-1.533495E-05,-9.610329E+01,-1.366214E+00
+4.907227E+02,-7.869459E-06,+1.702837E-05,-9.453589E+01,+2.003698E+00
+4.909668E+02,-1.866773E-06,-8.733125E-06,-1.009826E+02,-1.781385E+00
+4.912109E+02,-2.901323E-06,+2.397971E-06,-1.084869E+02,+2.450895E+00
+4.914551E+02,-3.849687E-06,+5.592965E-06,-1.033629E+02,+2.173633E+00
+4.916992E+02,+1.923381E-06,-4.078744E-06,-1.069174E+02,-1.130157E+00
+4.919434E+02,-1.654270E-06,+7.588128E-06,-1.021957E+02,+1.785445E+00
+4.921875E+02,+1.531254E-05,+2.285523E-07,-9.629808E+01,+1.492472E-02
+4.924316E+02,-2.426229E-05,-9.597095E-06,-9.167004E+01,-2.764923E+00
+4.926758E+02,+5.832867E-07,+1.767644E-07,-1.243008E+02,+2.942517E-01
+4.929199E+02,-7.001498E-06,+2.705441E-06,-1.024918E+02,+2.772857E+00
+4.931641E+02,-1.387055E-05,+9.276378E-06,-9.555264E+01,+2.552127E+00
+4.934082E+02,-1.416607E-05,+1.134769E-05,-9.482214E+01,+2.466213E+00
+4.936523E+02,-2.984688E-05,+3.229116E-05,-8.713643E+01,+2.316879E+00
+4.938965E+02,+3.382876E-05,+2.613376E-04,-7.158379E+01,+1.442067E+00
+4.941406E+02,+2.843495E-04,-5.252608E-04,-6.447632E+01,-1.074619E+00
+4.943848E+02,-3.143820E-04,+1.823671E-04,-6.879118E+01,+2.615948E+00
+4.946289E+02,+5.407836E-06,+5.060134E-05,-8.586745E+01,+1.464329E+00
+4.948730E+02,+1.328506E-05,+1.617820E-05,-9.358301E+01,+8.832790E-01
+4.951172E+02,-9.216452E-06,+2.649562E-05,-9.104047E+01,+1.905553E+00
+4.953613E+02,+1.397811E-06,+1.946976E-05,-9.419046E+01,+1.499125E+00
+4.956055E+02,+4.152911E-06,+3.043331E-05,-9.025288E+01,+1.435175E+00
+4.958496E+02,+6.713085E-06,+1.118470E-04,-7.901189E+01,+1.510848E+00
+4.960938E+02,+7.647372E-05,-2.131899E-04,-7.289899E+01,-1.226382E+00
+4.963379E+02,-1.050194E-04,+1.425677E-04,-7.503699E+01,+2.205685E+00
+4.965820E+02,+2.663813E-05,+6.086740E-05,-8.355125E+01,+1.158267E+00
+4.968262E+02,+1.744386E-05,+3.598981E-05,-8.796001E+01,+1.119473E+00
+4.970703E+02,+1.452801E-06,+2.436206E-05,-9.225030E+01,+1.511233E+00
+4.973145E+02,-1.563673E-04,-3.411453E-06,-7.611501E+01,-3.119779E+00
+4.975586E+02,-1.652871E-03,+1.653589E-04,-5.559197E+01,+3.041881E+00
+4.978027E+02,+9.863653E-03,+4.011858E-03,-3.945438E+01,+3.862958E-01
+4.980469E+02,-8.433579E-03,-9.376186E-03,-3.798499E+01,-2.303318E+00
+4.982910E+02,-7.987506E-04,+3.508305E-03,-4.887857E+01,+1.794655E+00
+4.985352E+02,+3.446503E-04,+9.796979E-04,-5.967143E+01,+1.232526E+00
+4.987793E+02,+3.010677E-04,+3.572366E-04,-6.661027E+01,+8.705156E-01
+4.990234E+02,+2.325400E-04,+1.319754E-04,-7.145741E+01,+5.162086E-01
+4.992676E+02,+1.556006E-04,+1.843146E-05,-7.609926E+01,+1.179043E-01
+4.995117E+02,+1.361181E-04,-1.108025E-04,-7.511374E+01,-6.832298E-01
+4.997559E+02,-1.656707E-04,+1.461398E-04,-7.311548E+01,+2.418750E+00
+5.000000E+02,+1.810605E-04,-2.661262E-05,-7.475070E+01,-1.459370E-01
+5.002441E+02,+1.558473E-05,-2.536382E-05,-9.052464E+01,-1.019822E+00
+5.004883E+02,+2.166680E-05,+4.493523E-06,-9.310121E+01,+2.044932E-01
+5.007324E+02,+6.125787E-05,-3.812351E-05,-8.283501E+01,-5.566877E-01
+5.009766E+02,-3.512523E-05,-4.819058E-05,-8.449024E+01,-2.200644E+00
+5.012207E+02,-2.001620E-05,-5.154085E-06,-9.369355E+01,-2.889572E+00
+5.014648E+02,-3.067255E-06,+1.181525E-05,-9.826790E+01,+1.824791E+00
+5.017090E+02,+3.175945E-06,-8.279319E-06,-1.010439E+02,-1.204507E+00
+5.019531E+02,-1.351581E-05,-1.006960E-05,-9.546568E+01,-2.501284E+00
+5.021973E+02,-1.528113E-05,+9.128307E-06,-9.499162E+01,+2.603118E+00
+5.024414E+02,-8.146608E-08,+2.194472E-06,-1.131674E+02,+1.607903E+00
+5.026855E+02,-1.309210E-05,+2.286062E-06,-9.752937E+01,+2.968722E+00
+5.029297E+02,-3.083735E-05,+2.187894E-05,-8.844776E+01,+2.524523E+00
+5.031738E+02,+3.862591E-05,+3.750873E-05,-8.537772E+01,+7.707255E-01
+5.034180E+02,+1.934808E-05,-6.120807E-06,-9.385300E+01,-3.063905E-01
+5.036621E+02,+1.642738E-06,-9.456990E-06,-1.003558E+02,-1.398806E+00
+5.039062E+02,-2.478346E-07,+1.506373E-06,-1.163254E+02,+1.733860E+00
+5.041504E+02,+8.517649E-06,-3.710484E-06,-1.006390E+02,-4.108340E-01
+5.043945E+02,+7.875845E-06,-3.389119E-06,-1.013362E+02,-4.063665E-01
+5.046387E+02,-1.498486E-06,-6.078757E-06,-1.040675E+02,-1.812489E+00
+5.048828E+02,-8.073727E-06,-1.024834E-05,-9.769006E+01,-2.238059E+00
+5.051270E+02,-5.975864E-07,+4.893441E-06,-1.061434E+02,+1.692315E+00
+5.053711E+02,-1.237121E-05,-9.394878E-07,-9.812679E+01,-3.065797E+00
+5.056152E+02,-1.607849E-05,+2.259012E-05,-9.114169E+01,+2.189364E+00
+5.058594E+02,+3.898515E-05,+4.035491E-05,-8.501916E+01,+8.026608E-01
+5.061035E+02,+3.433079E-06,-7.643780E-05,-8.232509E+01,-1.525913E+00
+5.063477E+02,+4.278124E-07,+4.761584E-05,-8.644462E+01,+1.561812E+00
+5.065918E+02,+3.900376E-06,-3.174812E-05,-8.990058E+01,-1.448555E+00
+5.068359E+02,-1.194300E-05,+6.987567E-06,-9.717918E+01,+2.612219E+00
+5.070801E+02,+4.680649E-06,+3.339838E-06,-1.048066E+02,+6.197565E-01
+5.073242E+02,-4.350987E-06,+2.530781E-06,-1.059626E+02,+2.614770E+00
+5.075684E+02,+2.368364E-06,-5.441702E-07,-1.122876E+02,-2.258464E-01
+5.078125E+02,+6.712958E-07,-2.255424E-06,-1.125668E+02,-1.281510E+00
+5.080566E+02,+1.576408E-06,+4.028885E-06,-1.072776E+02,+1.197833E+00
+5.083008E+02,-2.013547E-06,-4.337969E-06,-1.064069E+02,-2.005370E+00
+5.085449E+02,+7.093379E-06,-1.233866E-06,-1.028535E+02,-1.722230E-01
+5.087891E+02,-2.037058E-06,-6.626132E-07,-1.133831E+02,-2.827108E+00
+5.090332E+02,-1.792042E-06,+6.033614E-06,-1.040213E+02,+1.859507E+00
+5.092773E+02,-2.387161E-06,-4.818664E-06,-1.053883E+02,-2.030756E+00
+5.095215E+02,-9.980616E-07,+9.203854E-06,-1.006698E+02,+1.678814E+00
+5.097656E+02,+1.293789E-05,-7.006453E-06,-9.664583E+01,-4.963289E-01
+5.100098E+02,-4.321398E-08,+2.846898E-06,-1.109116E+02,+1.585974E+00
+5.102539E+02,-6.662319E-06,-1.497792E-06,-1.033134E+02,-2.920454E+00
+5.104980E+02,+5.125066E-06,-7.029417E-06,-1.012102E+02,-9.408135E-01
+5.107422E+02,-6.544280E-06,+1.933268E-06,-1.033194E+02,+2.854349E+00
+5.109863E+02,+6.510724E-06,+5.116234E-06,-1.016389E+02,+6.660324E-01
+5.112305E+02,+9.420733E-07,-7.612523E-06,-1.023034E+02,-1.447669E+00
+5.114746E+02,-2.421120E-06,+3.149353E-06,-1.080189E+02,+2.226201E+00
+5.117188E+02,-1.104789E-06,+3.159067E-06,-1.095077E+02,+1.907222E+00
+5.119629E+02,+6.046002E-07,-4.670558E-06,-1.065405E+02,-1.442063E+00
+5.122070E+02,+7.815403E-07,-1.647000E-06,-1.147842E+02,-1.127737E+00
+5.124512E+02,+1.832515E-06,+9.967548E-06,-9.988387E+01,+1.388978E+00
+5.126953E+02,+4.749556E-06,-1.919827E-05,-9.407677E+01,-1.328271E+00
+5.129395E+02,-2.964491E-06,+9.681205E-06,-9.989217E+01,+1.867941E+00
+5.131836E+02,-1.192938E-05,-9.619466E-07,-9.843949E+01,-3.061130E+00
+5.134277E+02,+1.041713E-05,+1.057313E-06,-9.960052E+01,+1.011511E-01
+5.136719E+02,-6.450741E-06,+3.824964E-06,-1.024994E+02,+2.606374E+00
+5.139160E+02,+8.929870E-06,-1.665202E-06,-1.008346E+02,-1.843580E-01
+5.141602E+02,+3.379161E-06,-6.724418E-06,-1.024690E+02,-1.105134E+00
+5.144043E+02,-1.391164E-05,+2.078431E-06,-9.703656E+01,+2.993287E+00
+5.146484E+02,+7.667511E-06,+6.880034E-06,-9.974181E+01,+7.313197E-01
+5.148926E+02,+1.088249E-07,-1.015185E-05,-9.986861E+01,-1.560077E+00
+5.151367E+02,-5.730852E-07,+8.255800E-06,-1.016439E+02,+1.640101E+00
+5.153809E+02,-2.541114E-06,-9.319592E-06,-1.003006E+02,-1.836989E+00
+5.156250E+02,+7.439783E-06,+1.053412E-05,-9.779060E+01,+9.558843E-01
+5.158691E+02,-7.836422E-06,-3.989596E-06,-1.011167E+02,-2.670684E+00
+5.161133E+02,+1.119887E-05,-5.050322E-06,-9.821252E+01,-4.236577E-01
+5.163574E+02,-1.281821E-05,-5.916307E-07,-9.783421E+01,-3.095470E+00
+5.166016E+02,+1.807966E-06,+8.055286E-06,-1.016649E+02,+1.350011E+00
+5.168457E+02,+3.677714E-06,-1.017094E-05,-9.931911E+01,-1.223834E+00
+5.170898E+02,+3.527095E-06,+1.139594E-05,-9.846771E+01,+1.270643E+00
+5.173340E+02,-4.389097E-06,-8.487970E-06,-1.003948E+02,-2.048027E+00
+5.175781E+02,+4.010805E-06,-4.958280E-07,-1.078695E+02,-1.229990E-01
+5.178223E+02,-7.541489E-07,+7.480693E-06,-1.024772E+02,+1.671270E+00
+5.180664E+02,-9.156287E-06,-7.814084E-06,-9.838939E+01,-2.435121E+00
+5.183105E+02,+5.059172E-06,-4.685820E-07,-1.058813E+02,-9.235681E-02
+5.185547E+02,+4.745842E-06,+8.938701E-07,-1.063223E+02,+1.861670E-01
+5.187988E+02,+3.058011E-07,+3.228836E-06,-1.097803E+02,+1.476369E+00
+5.190430E+02,-8.098462E-06,-7.713425E-06,-9.902805E+01,-2.380541E+00
+5.192871E+02,+3.986844E-06,+5.801181E-06,-1.030497E+02,+9.686808E-01
+5.195312E+02,+8.618468E-06,-8.534728E-08,-1.012910E+02,-9.902513E-03
+5.197754E+02,-1.289320E-05,-5.685006E-06,-9.702122E+01,-2.726306E+00
+5.200195E+02,+7.667770E-07,+1.211319E-05,-9.831746E+01,+1.507580E+00
+5.202637E+02,+6.695643E-06,-1.187974E-05,-9.730580E+01,-1.057558E+00
+5.205078E+02,-9.038839E-06,+3.273808E-06,-1.003424E+02,+2.794097E+00
+5.207520E+02,+1.385518E-05,+1.569578E-06,-9.711237E+01,+1.128036E-01
+5.209961E+02,-1.153374E-05,-5.585652E-06,-9.784557E+01,-2.690593E+00
+5.212402E+02,-3.557653E-07,+1.094356E-05,-9.921225E+01,+1.603294E+00
+5.214844E+02,+5.856503E-06,-1.139017E-05,-9.785065E+01,-1.095876E+00
+5.217285E+02,-3.195749E-06,+2.337380E-06,-1.080476E+02,+2.510100E+00
+5.219727E+02,-5.269927E-06,+3.780357E-07,-1.055416E+02,+3.069981E+00
+5.222168E+02,+1.074681E-05,+6.869840E-06,-9.788643E+01,+5.687770E-01
+5.224609E+02,-4.111607E-06,-1.080746E-05,-9.873848E+01,-1.934329E+00
+5.227051E+02,-2.025807E-06,+7.164189E-06,-1.025626E+02,+1.846370E+00
+5.229492E+02,+3.095772E-06,-2.906198E-06,-1.074401E+02,-7.538234E-01
+5.231934E+02,-5.913276E-06,-2.227016E-06,-1.039874E+02,-2.781409E+00
+5.234375E+02,+1.296438E-06,+4.335591E-06,-1.068871E+02,+1.280237E+00
+5.236816E+02,+3.896543E-06,-3.139052E-06,-1.060142E+02,-6.781458E-01
+5.239258E+02,-3.828572E-06,+2.784887E-06,-1.064949E+02,+2.512716E+00
+5.241699E+02,+5.777485E-06,-6.861271E-06,-1.009444E+02,-8.709400E-01
+5.244141E+02,-8.093596E-06,+6.165684E-06,-9.984967E+01,+2.490584E+00
+5.246582E+02,+1.955035E-06,-2.912358E-06,-1.090995E+02,-9.796002E-01
+5.249023E+02,+3.725771E-06,+3.208305E-06,-1.061664E+02,+7.109097E-01
+5.251465E+02,-4.661454E-06,-2.843074E-06,-1.052561E+02,-2.593917E+00
+5.253906E+02,+1.362974E-06,-1.557814E-06,-1.136810E+02,-8.520076E-01
+5.256348E+02,-3.302370E-06,+1.876432E-06,-1.084083E+02,+2.624878E+00
+5.258789E+02,+2.707070E-06,+9.527068E-07,-1.108429E+02,+3.383957E-01
+5.261230E+02,+7.713199E-07,-6.107986E-07,-1.201412E+02,-6.697747E-01
+5.263672E+02,+1.410712E-06,+2.887766E-06,-1.098593E+02,+1.116380E+00
+5.266113E+02,-2.862050E-06,-3.733767E-06,-1.065497E+02,-2.224794E+00
+5.268555E+02,-5.863758E-07,+1.027075E-06,-1.185427E+02,+2.089558E+00
+5.270996E+02,-1.660709E-06,-9.700815E-07,-1.143191E+02,-2.612919E+00
+5.273438E+02,-2.148549E-06,+4.248076E-07,-1.131906E+02,+2.946392E+00
+5.275879E+02,+9.185360E-06,+2.436628E-06,-1.004427E+02,+2.593008E-01
+5.278320E+02,-1.152722E-05,-5.762643E-06,-9.779670E+01,-2.678012E+00
+5.280762E+02,+2.865276E-06,+1.930352E-06,-1.092314E+02,+5.928599E-01
+5.283203E+02,+4.254995E-06,+8.350759E-06,-1.005631E+02,+1.099551E+00
+5.285645E+02,+2.525637E-07,-1.017878E-05,-9.984341E+01,-1.545989E+00
+5.288086E+02,-9.264404E-06,+6.883759E-06,-9.875446E+01,+2.502565E+00
+5.290527E+02,+9.137167E-06,-1.240587E-06,-1.007044E+02,-1.349485E-01
+5.292969E+02,-4.920563E-06,-3.568039E-06,-1.043247E+02,-2.514200E+00
+5.295410E+02,+3.654852E-06,+2.672413E-06,-1.068825E+02,+6.313576E-01
+5.297852E+02,-2.856078E-06,+4.663210E-06,-1.052429E+02,+2.120335E+00
+5.300293E+02,-1.742684E-07,-5.162089E-06,-1.057385E+02,-1.604543E+00
+5.302734E+02,-1.351753E-06,-1.011632E-06,-1.154506E+02,-2.499126E+00
+5.305176E+02,+3.769616E-06,+2.166853E-06,-1.072342E+02,+5.216994E-01
+5.307617E+02,-5.095388E-07,+2.587547E-06,-1.115770E+02,+1.765228E+00
+5.310059E+02,-3.136984E-06,-6.260388E-06,-1.030951E+02,-2.035311E+00
+5.312500E+02,-7.237159E-06,+1.059801E-05,-9.783321E+01,+2.169939E+00
+5.314941E+02,+7.282788E-06,-5.450117E-06,-1.008227E+02,-6.424480E-01
+5.317383E+02,+5.182367E-08,+4.839670E-06,-1.063032E+02,+1.560089E+00
+5.319824E+02,-3.564274E-07,-6.936075E-07,-1.221600E+02,-2.045482E+00
+5.322266E+02,+1.498644E-06,-6.819095E-07,-1.156688E+02,-4.270188E-01
+5.324707E+02,+8.279089E-07,+1.494842E-06,-1.153462E+02,+1.065007E+00
+5.327148E+02,+5.159478E-06,+5.950402E-07,-1.056905E+02,+1.148222E-01
+5.329590E+02,+6.146408E-07,-1.913032E-06,-1.139389E+02,-1.259922E+00
+5.332031E+02,-4.281474E-06,-2.090663E-06,-1.064394E+02,-2.687345E+00
+5.334473E+02,+4.646872E-07,-2.341478E-06,-1.124424E+02,-1.374883E+00
+5.336914E+02,+1.085497E-06,+5.449485E-06,-1.051039E+02,+1.374177E+00
+5.339355E+02,+1.008596E-06,-4.570333E-06,-1.065945E+02,-1.353594E+00
+5.341797E+02,-2.478897E-06,+7.773414E-06,-1.017672E+02,+1.879496E+00
+5.344238E+02,+4.200921E-06,-9.554989E-06,-9.962791E+01,-1.156577E+00
+5.346680E+02,-6.424857E-06,+4.447904E-07,-1.038220E+02,+3.072473E+00
+5.349121E+02,-9.446943E-08,+3.201012E-06,-1.098905E+02,+1.600300E+00
+5.351562E+02,+4.405649E-06,-1.916736E-07,-1.071116E+02,-4.347891E-02
+5.354004E+02,-1.604842E-06,+2.285686E-06,-1.110791E+02,+2.182949E+00
+5.356445E+02,+6.601838E-07,-5.296706E-06,-1.054529E+02,-1.446795E+00
+5.358887E+02,+9.589750E-07,+3.055574E-06,-1.098901E+02,+1.266687E+00
+5.361328E+02,+1.024460E-06,-1.700569E-06,-1.140434E+02,-1.028598E+00
+5.363770E+02,-7.043525E-06,+1.539050E-06,-1.028416E+02,+2.926468E+00
+5.366211E+02,+7.482380E-06,+1.025345E-06,-1.024384E+02,+1.361864E-01
+5.368652E+02,-4.884273E-06,-6.852272E-08,-1.062231E+02,-3.127564E+00
+5.371094E+02,+3.315152E-06,-7.010089E-06,-1.022090E+02,-1.129053E+00
+5.373535E+02,-5.188556E-06,+1.202612E-05,-9.765613E+01,+1.978109E+00
+5.375977E+02,+3.062063E-06,-6.993882E-06,-1.023440E+02,-1.158117E+00
+5.378418E+02,+4.129661E-06,+4.233741E-06,-1.045620E+02,+7.978423E-01
+5.380859E+02,-6.800251E-06,-6.246812E-06,-1.006922E+02,-2.398588E+00
+5.383301E+02,+2.723495E-06,+5.895818E-06,-1.037491E+02,+1.138060E+00
+5.385742E+02,-8.621319E-06,+1.150194E-06,-1.012119E+02,+3.008963E+00
+5.388184E+02,+1.070463E-05,-7.395809E-06,-9.771376E+01,-6.045912E-01
+5.390625E+02,+1.874807E-07,+1.183251E-05,-9.853737E+01,+1.554953E+00
+5.393066E+02,+4.660789E-06,-1.178354E-05,-9.794323E+01,-1.194146E+00
+5.395508E+02,-7.229065E-06,+1.096435E-05,-9.763271E+01,+2.153699E+00
+5.397949E+02,+3.340990E-06,-8.285352E-06,-1.009795E+02,-1.187500E+00
+5.400391E+02,-2.319791E-06,+5.045593E-06,-1.051089E+02,+2.001742E+00
+5.402832E+02,+4.873419E-06,-5.879151E-06,-1.023422E+02,-8.786609E-01
+5.405273E+02,-9.674151E-06,+3.660017E-06,-9.970677E+01,+2.779906E+00
+5.407715E+02,+6.430098E-06,-5.179114E-06,-1.016641E+02,-6.780546E-01
+5.410156E+02,-1.699643E-07,+7.194238E-06,-1.028579E+02,+1.594417E+00
+5.412598E+02,+2.454123E-06,-3.809410E-06,-1.068752E+02,-9.984905E-01
+5.415039E+02,-6.055954E-06,+2.116925E-06,-1.038557E+02,+2.805309E+00
+5.417480E+02,+8.770518E-06,+3.485050E-06,-1.005028E+02,+3.782281E-01
+5.419922E+02,-6.719325E-06,-5.479255E-06,-1.012395E+02,-2.457503E+00
+5.422363E+02,+3.390109E-06,+2.210207E-06,-1.078574E+02,+5.777501E-01
+5.424805E+02,-4.064629E-06,-2.677059E-06,-1.062547E+02,-2.559179E+00
+5.427246E+02,+3.044930E-06,-3.051006E-06,-1.073095E+02,-7.863949E-01
+5.429688E+02,+1.272938E-06,+6.452031E-06,-1.036402E+02,+1.376005E+00
+5.432129E+02,-1.142522E-06,-5.930678E-06,-1.043797E+02,-1.761111E+00
+5.434570E+02,+2.659213E-06,+2.911186E-06,-1.080837E+02,+8.306017E-01
+5.437012E+02,-4.299827E-06,+4.423165E-06,-1.041961E+02,+2.342056E+00
+5.439453E+02,+1.470267E-06,-6.164873E-06,-1.039613E+02,-1.336679E+00
+5.441895E+02,+3.652298E-07,+2.531018E-06,-1.118446E+02,+1.427484E+00
+5.444336E+02,-2.112343E-09,-4.460951E-06,-1.070115E+02,-1.571270E+00
+5.446777E+02,-6.976654E-07,+4.655494E-06,-1.065442E+02,+1.719548E+00
+5.449219E+02,-1.995712E-07,-3.515854E-07,-1.278664E+02,-2.087076E+00
+5.451660E+02,-2.399954E-07,+7.630011E-07,-1.219398E+02,+1.875540E+00
+5.454102E+02,+5.391978E-06,+1.060485E-06,-1.052002E+02,+1.941995E-01
+5.456543E+02,-5.961481E-06,-8.827852E-06,-9.945118E+01,-2.164755E+00
+5.458984E+02,+5.148643E-07,+1.212267E-05,-9.832021E+01,+1.528351E+00
+5.461426E+02,+7.863176E-06,-7.620287E-06,-9.921188E+01,-7.697125E-01
+5.463867E+02,-8.858828E-06,-4.269311E-06,-1.001455E+02,-2.692507E+00
+5.466309E+02,+2.632002E-06,+8.665123E-06,-1.008612E+02,+1.275906E+00
+5.468750E+02,-6.751332E-06,-2.441945E-06,-1.028783E+02,-2.794534E+00
+5.471191E+02,+1.044763E-05,+1.219244E-06,-9.956090E+01,+1.161751E-01
+5.473633E+02,-4.139089E-06,-6.231182E-06,-1.025212E+02,-2.157127E+00
+5.476074E+02,+1.003088E-05,+9.158803E-06,-9.733998E+01,+7.399845E-01
+5.478516E+02,-1.497331E-05,-7.627384E-06,-9.549171E+01,-2.670454E+00
+5.480957E+02,+1.036146E-06,+1.151696E-06,-1.161979E+02,+8.381633E-01
+5.483398E+02,+4.864234E-06,+1.957436E-06,-1.056079E+02,+3.825858E-01
+5.485840E+02,-1.276558E-06,-3.640685E-06,-1.082728E+02,-1.908038E+00
+5.488281E+02,+3.577067E-07,+6.686746E-06,-1.034833E+02,+1.517352E+00
+5.490723E+02,+3.408464E-06,-5.652146E-06,-1.036087E+02,-1.028145E+00
+5.493164E+02,-4.644075E-06,+3.851667E-06,-1.043887E+02,+2.449197E+00
+5.495605E+02,+4.698658E-06,-4.355530E-06,-1.038671E+02,-7.475191E-01
+5.498047E+02,-6.397267E-06,-2.730992E-06,-1.031530E+02,-2.738114E+00
+5.500488E+02,+5.892372E-06,+5.600340E-06,-1.017990E+02,+7.599934E-01
+5.502930E+02,-6.534672E-06,-1.484626E-06,-1.034770E+02,-2.918193E+00
+5.505371E+02,+2.907189E-06,-1.105598E-06,-1.101439E+02,-3.634075E-01
+5.507812E+02,+6.838022E-07,+1.819028E-06,-1.142292E+02,+1.211223E+00
+5.510254E+02,-3.852429E-06,+1.004040E-06,-1.079999E+02,+2.886639E+00
+5.512695E+02,+1.380832E-05,-6.952218E-06,-9.621597E+01,-4.664279E-01
+5.515137E+02,-1.294127E-05,+5.356833E-06,-9.707362E+01,+2.749132E+00
+5.517578E+02,-2.148215E-06,+7.915293E-06,-1.017220E+02,+1.835813E+00
+5.520020E+02,+3.073551E-06,-1.730258E-05,-9.510286E+01,-1.394995E+00
+5.522461E+02,+4.917601E-06,+1.201827E-05,-9.773087E+01,+1.182404E+00
+5.524902E+02,-4.510117E-06,-5.760761E-06,-1.027142E+02,-2.235025E+00
+5.527344E+02,-3.415945E-06,+7.046241E-06,-1.021241E+02,+2.022202E+00
+5.529785E+02,+8.867418E-06,-6.445911E-06,-9.920165E+01,-6.285661E-01
+5.532227E+02,-6.576678E-06,+1.944656E-06,-1.032758E+02,+2.854095E+00
+5.534668E+02,+5.007362E-06,-6.787747E-07,-1.059287E+02,-1.347341E-01
+5.537109E+02,-5.359453E-06,+1.717989E-06,-1.049928E+02,+2.831388E+00
+5.539551E+02,+2.746835E-06,-5.902798E-06,-1.037276E+02,-1.135255E+00
+5.541992E+02,-8.362071E-07,+8.485629E-06,-1.013843E+02,+1.669023E+00
+5.544434E+02,-2.656030E-07,-8.385694E-06,-1.015249E+02,-1.602459E+00
+5.546875E+02,-2.230745E-06,+7.471971E-06,-1.021605E+02,+1.860921E+00
+5.549316E+02,+2.705368E-06,-1.179791E-06,-1.105994E+02,-4.112286E-01
+5.551758E+02,-1.177294E-06,-3.183389E-07,-1.182758E+02,-2.877509E+00
+5.554199E+02,+2.484230E-06,-2.466050E-06,-1.091177E+02,-7.817256E-01
+5.556641E+02,+1.015859E-06,+1.083951E-06,-1.165621E+02,+8.178144E-01
+5.559082E+02,-5.677391E-06,+1.030775E-06,-1.047762E+02,+2.961991E+00
+5.561523E+02,+2.777264E-06,-2.357691E-06,-1.087707E+02,-7.038702E-01
+5.563965E+02,-5.042972E-07,-7.464810E-08,-1.258521E+02,-2.994636E+00
+5.566406E+02,-3.917249E-06,+2.804179E-07,-1.081182E+02,+3.070129E+00
+5.568848E+02,-1.353661E-06,+3.922756E-06,-1.076396E+02,+1.903080E+00
+5.571289E+02,+1.436811E-05,-2.132126E-06,-9.675742E+01,-1.473179E-01
+5.573730E+02,-7.247457E-06,-1.528364E-06,-1.026073E+02,-2.933755E+00
+5.576172E+02,-5.852975E-06,-1.570687E-07,-1.046493E+02,-3.114763E+00
+5.578613E+02,+2.197439E-06,+4.076142E-06,-1.066870E+02,+1.076362E+00
+5.581055E+02,+1.710973E-06,-4.564409E-06,-1.062413E+02,-1.212156E+00
+5.583496E+02,-4.363648E-07,+3.459731E-06,-1.091506E+02,+1.696261E+00
+5.585938E+02,-3.213770E-06,-3.108577E-06,-1.069915E+02,-2.372831E+00
+5.588379E+02,+6.020533E-06,-5.830827E-07,-1.043668E+02,-9.654791E-02
+5.590820E+02,+4.800694E-06,+3.000695E-06,-1.049416E+02,+5.586385E-01
+5.593262E+02,-1.582887E-05,+3.132811E-06,-9.584412E+01,+2.946200E+00
+5.595703E+02,+6.857938E-06,-5.803445E-06,-1.009307E+02,-7.023058E-01
+5.598145E+02,-1.982987E-06,+3.612808E-06,-1.076994E+02,+2.072777E+00
+5.600586E+02,+4.906334E-06,-7.786152E-07,-1.060768E+02,-1.573835E-01
+5.603027E+02,+2.729736E-06,+8.833362E-08,-1.112730E+02,+3.234848E-02
+5.605469E+02,-6.537805E-06,-1.976402E-06,-1.033116E+02,-2.848024E+00
+5.607910E+02,-9.942352E-07,-3.189378E-07,-1.196248E+02,-2.831176E+00
+5.610352E+02,+7.217990E-06,+7.401368E-06,-9.971104E+01,+7.979410E-01
+5.612793E+02,-5.807475E-06,-9.991791E-06,-9.874315E+01,-2.097296E+00
+5.615234E+02,+3.724748E-06,+6.094257E-06,-1.029231E+02,+1.022190E+00
+5.617676E+02,-4.342949E-06,+1.516848E-06,-1.067444E+02,+2.805571E+00
+5.620117E+02,+3.870715E-06,-1.275561E-06,-1.077964E+02,-3.183339E-01
+5.622559E+02,-6.325103E-06,-2.521719E-06,-1.033380E+02,-2.762221E+00
+5.625000E+02,+1.187327E-05,-6.039722E-07,-9.849738E+01,-5.082441E-02
+5.627441E+02,-1.346521E-05,+2.748254E-06,-9.723848E+01,+2.940258E+00
+5.629883E+02,+3.121259E-06,+1.897100E-06,-1.087480E+02,+5.461348E-01
+5.632324E+02,+1.037272E-05,-3.106704E-06,-9.930905E+01,-2.910045E-01
+5.634766E+02,-6.598185E-06,-1.015520E-06,-1.035098E+02,-2.988882E+00
+5.637207E+02,-2.031038E-08,+2.248596E-06,-1.129614E+02,+1.579829E+00
+5.639648E+02,-1.855777E-06,-2.944314E-06,-1.091675E+02,-2.133192E+00
+5.642090E+02,+3.271702E-06,+6.184865E-06,-1.031019E+02,+1.084230E+00
+5.644531E+02,-1.742621E-06,-8.100581E-06,-1.016332E+02,-1.782690E+00
+5.646973E+02,-1.795075E-07,+8.524664E-06,-1.013845E+02,+1.591851E+00
+5.649414E+02,+1.817906E-06,-2.165376E-06,-1.109726E+02,-8.724099E-01
+5.651855E+02,-3.954493E-06,-5.483999E-06,-1.033997E+02,-2.195541E+00
+5.654297E+02,+3.300233E-06,+7.497757E-06,-1.017323E+02,+1.156153E+00
+5.656738E+02,+3.046815E-06,-5.450609E-06,-1.040902E+02,-1.061080E+00
+5.659180E+02,-8.039966E-06,-2.490559E-06,-1.014970E+02,-2.841195E+00
+5.661621E+02,+6.504893E-06,+8.229845E-06,-9.958434E+01,+9.019347E-01
+5.664062E+02,-8.752086E-07,-5.898032E-06,-1.044913E+02,-1.718111E+00
+5.666504E+02,-5.591302E-07,+1.754401E-07,-1.246419E+02,+2.837548E+00
+5.668945E+02,-1.822470E-06,+6.127848E-07,-1.143216E+02,+2.817230E+00
+5.671387E+02,+5.640003E-06,+5.129150E-06,-1.023569E+02,+7.379971E-01
+5.673828E+02,-6.804358E-06,-9.072800E-06,-9.890709E+01,-2.214280E+00
+5.676270E+02,-3.335179E-06,+2.175380E-06,-1.079982E+02,+2.563635E+00
+5.678711E+02,+9.775230E-06,+8.660544E-06,-9.768123E+01,+7.250085E-01
+5.681152E+02,-1.721328E-06,-1.607544E-05,-9.582724E+01,-1.677468E+00
+5.683594E+02,-5.885543E-06,+1.482659E-05,-9.594368E+01,+1.948678E+00
+5.686035E+02,+3.171011E-06,-5.614333E-06,-1.038116E+02,-1.056657E+00
+5.688477E+02,-4.805056E-06,-2.019600E-06,-1.056595E+02,-2.743704E+00
+5.690918E+02,+6.884441E-06,+2.998508E-06,-1.024882E+02,+4.107713E-01
+5.693359E+02,-4.026575E-06,-1.000580E-06,-1.076411E+02,-2.898032E+00
+5.695801E+02,+2.924370E-06,+7.962021E-06,-1.014299E+02,+1.218802E+00
+5.698242E+02,+2.724549E-06,-1.292169E-05,-9.758470E+01,-1.362989E+00
+5.700684E+02,-2.370231E-06,+1.567689E-05,-9.599664E+01,+1.720852E+00
+5.703125E+02,-7.584189E-06,-1.057019E-05,-9.771474E+01,-2.193176E+00
+5.705566E+02,+9.935497E-06,+1.077788E-06,-1.000054E+02,+1.080560E-01
+5.708008E+02,-9.513662E-07,+9.538053E-06,-1.003678E+02,+1.670212E+00
+5.710449E+02,+5.846925E-07,-1.846768E-05,-9.466740E+01,-1.539147E+00
+5.712891E+02,-2.426221E-06,+1.456632E-05,-9.661415E+01,+1.735845E+00
+5.715332E+02,+1.534102E-06,-8.342783E-06,-1.014294E+02,-1.388944E+00
+5.717773E+02,+1.019232E-06,+1.377589E-07,-1.197559E+02,+1.343454E-01
+5.720215E+02,-5.872609E-06,+1.457474E-06,-1.043638E+02,+2.898326E+00
+5.722656E+02,+1.072842E-05,+1.423773E-06,-9.931347E+01,+1.319395E-01
+5.725098E+02,-9.101705E-06,-8.520391E-07,-1.007796E+02,-3.048252E+00
+5.727539E+02,-2.104932E-06,+1.465463E-06,-1.118188E+02,+2.533419E+00
+5.729980E+02,+2.092345E-06,-1.482103E-06,-1.118214E+02,-6.163049E-01
+5.732422E+02,+3.469225E-06,+1.354842E-06,-1.085789E+02,+3.723173E-01
+5.734863E+02,-1.653105E-06,-1.797717E-06,-1.122442E+02,-2.314312E+00
+5.737305E+02,+6.392277E-06,+7.195895E-06,-1.003319E+02,+8.444703E-01
+5.739746E+02,-9.879560E-06,-1.359000E-05,-9.549300E+01,-2.199397E+00
+5.742188E+02,+5.394591E-06,+9.337417E-06,-9.934462E+01,+1.046906E+00
+5.744629E+02,-2.856965E-06,-2.446798E-06,-1.084927E+02,-2.433376E+00
+5.747070E+02,+1.063826E-06,+2.598311E-06,-1.110331E+02,+1.182187E+00
+5.749512E+02,+3.788443E-06,-6.397898E-07,-1.083087E+02,-1.673008E-01
+5.751953E+02,-1.898810E-07,-1.367425E-06,-1.171990E+02,-1.708774E+00
+5.754395E+02,-8.729057E-06,-4.980885E-06,-9.995654E+01,-2.623064E+00
+5.756836E+02,+8.875808E-06,+5.412788E-06,-9.966262E+01,+5.476205E-01
+5.759277E+02,-3.869499E-06,-1.104301E-06,-1.079069E+02,-2.863596E+00
+5.761719E+02,+7.522553E-06,+7.973893E-08,-1.024722E+02,+1.059959E-02
+5.764160E+02,-9.225980E-06,+1.520452E-06,-1.005834E+02,+2.978260E+00
+5.766602E+02,+2.912149E-06,-1.326146E-06,-1.098973E+02,-4.273223E-01
+5.769043E+02,-2.865705E-06,-4.509555E-06,-1.054442E+02,-2.136892E+00
+5.771484E+02,+6.287034E-08,+6.002013E-06,-1.044336E+02,+1.560322E+00
+5.773926E+02,+5.575901E-06,-1.931101E-06,-1.045817E+02,-3.334015E-01
+5.776367E+02,-4.031816E-06,-1.033043E-06,-1.076138E+02,-2.890766E+00
+5.778809E+02,+4.845577E-07,+8.711506E-07,-1.200275E+02,+1.063185E+00
+5.781250E+02,+2.871658E-06,-2.481588E-06,-1.084150E+02,-7.126607E-01
+5.783691E+02,-9.154021E-06,+1.150461E-06,-1.006997E+02,+3.016570E+00
+5.786133E+02,+1.516491E-05,-1.182272E-06,-9.635689E+01,-7.780361E-02
+5.788574E+02,-1.577641E-05,+6.713442E-06,-9.531704E+01,+2.739267E+00
+5.791016E+02,+9.033783E-06,-5.606482E-06,-9.946761E+01,-5.554383E-01
+5.793457E+02,-1.668193E-06,+1.045529E-06,-1.141162E+02,+2.581741E+00
+5.795898E+02,+3.271627E-06,-1.134745E-07,-1.096995E+02,-3.467053E-02
+5.798340E+02,-8.499583E-07,+1.723742E-06,-1.143254E+02,+2.028900E+00
+5.800781E+02,-5.264652E-06,-1.235015E-07,-1.055702E+02,-3.118138E+00
+5.803223E+02,+4.226645E-06,-6.579203E-06,-1.021360E+02,-9.997647E-01
+5.805664E+02,-8.266322E-07,+5.775380E-06,-1.046803E+02,+1.712961E+00
+5.808105E+02,-1.540741E-07,+1.449120E-06,-1.167291E+02,+1.676721E+00
+5.810547E+02,+2.106906E-07,-3.709366E-06,-1.086000E+02,-1.514058E+00
+5.812988E+02,-3.032286E-06,+1.705169E-06,-1.091713E+02,+2.629327E+00
+5.815430E+02,+1.053124E-06,-1.850864E-06,-1.134344E+02,-1.053490E+00
+5.817871E+02,+2.427764E-06,+6.467077E-07,-1.119981E+02,+2.603347E-01
+5.820312E+02,-3.842997E-06,+3.061816E-06,-1.061720E+02,+2.468851E+00
+5.822754E+02,+1.999558E-06,-3.839985E-06,-1.072714E+02,-1.090710E+00
+5.825195E+02,+1.910498E-06,+3.038077E-06,-1.089009E+02,+1.009433E+00
+5.827637E+02,-2.340297E-06,-6.477630E-06,-1.032389E+02,-1.917493E+00
+5.830078E+02,+5.229580E-06,+1.134739E-05,-9.806564E+01,+1.138947E+00
+5.832520E+02,-9.955477E-06,-9.785003E-06,-9.710282E+01,-2.364830E+00
+5.834961E+02,+6.791410E-06,+7.460937E-07,-1.033087E+02,+1.094197E-01
+5.837402E+02,+1.939771E-06,+5.013434E-06,-1.053914E+02,+1.201621E+00
+5.839844E+02,-8.876013E-06,-4.693773E-06,-9.996474E+01,-2.655159E+00
+5.842285E+02,+5.852392E-06,+3.450957E-06,-1.033574E+02,+5.327864E-01
+5.844727E+02,-7.286595E-07,+2.481617E-06,-1.117461E+02,+1.856392E+00
+5.847168E+02,-4.831422E-07,-8.952016E-06,-1.009490E+02,-1.624714E+00
+5.849609E+02,+6.364226E-06,+3.557895E-06,-1.027440E+02,+5.097618E-01
+5.852051E+02,-1.030946E-05,+5.442078E-07,-9.972320E+01,+3.088854E+00
+5.854492E+02,+4.284937E-06,+2.216072E-06,-1.063317E+02,+4.772947E-01
+5.856934E+02,-9.264832E-07,+2.573372E-06,-1.112606E+02,+1.916376E+00
+5.859375E+02,+1.989716E-06,-5.628351E-06,-1.044810E+02,-1.230992E+00
+5.861816E+02,+3.545663E-07,+5.507048E-06,-1.051637E+02,+1.506501E+00
+5.864258E+02,-2.703620E-06,-1.136205E-05,-9.865166E+01,-1.804404E+00
+5.866699E+02,-4.403216E-06,+1.072782E-05,-9.871361E+01,+1.960277E+00
+5.869141E+02,+8.436892E-06,-6.388040E-08,-1.014761E+02,-7.571411E-03
+5.871582E+02,-4.201775E-06,-2.855908E-06,-1.058819E+02,-2.544627E+00
+5.874023E+02,+5.240847E-06,-2.306990E-06,-1.048428E+02,-4.146695E-01
+5.876465E+02,-6.076464E-06,+5.287259E-06,-1.018790E+02,+2.425533E+00
+5.878906E+02,+1.597727E-06,-7.869574E-06,-1.019056E+02,-1.370493E+00
+5.881348E+02,-6.986517E-07,+7.415658E-06,-1.025586E+02,+1.664732E+00
+5.883789E+02,+5.544192E-06,-2.431184E-06,-1.043594E+02,-4.132578E-01
+5.886230E+02,-5.754603E-06,-1.470021E-06,-1.045252E+02,-2.891490E+00
+5.888672E+02,+1.332624E-06,+2.707851E-06,-1.104056E+02,+1.113462E+00
+5.891113E+02,-3.966918E-06,+3.157712E-07,-1.080035E+02,+3.062159E+00
+5.893555E+02,+4.404435E-06,-5.008408E-06,-1.035180E+02,-8.494751E-01
+5.895996E+02,-9.008565E-07,+4.331195E-06,-1.070839E+02,+1.775865E+00
+5.898438E+02,+4.487804E-07,-1.660814E-06,-1.152875E+02,-1.306882E+00
+5.900879E+02,-4.025082E-06,+2.978698E-06,-1.060078E+02,+2.504500E+00
+5.903320E+02,+8.385275E-06,-3.463436E-06,-1.008456E+02,-3.916952E-01
+5.905762E+02,-6.336646E-06,+4.953414E-06,-1.018917E+02,+2.478105E+00
+5.908203E+02,+4.068806E-06,-6.686162E-06,-1.021282E+02,-1.024120E+00
+5.910645E+02,-1.804412E-06,+5.089842E-06,-1.053518E+02,+1.911485E+00
+5.913086E+02,-1.741135E-06,-1.402375E-06,-1.130119E+02,-2.463545E+00
+5.915527E+02,-5.393314E-07,+4.668879E-06,-1.065582E+02,+1.685803E+00
+5.917969E+02,+1.876166E-06,-9.531299E-06,-1.002519E+02,-1.376438E+00
+5.920410E+02,-3.304813E-06,+3.919170E-06,-1.058035E+02,+2.271355E+00
+5.922852E+02,+1.285945E-06,+2.050996E-06,-1.123208E+02,+1.010770E+00
+5.925293E+02,+1.003831E-05,-1.420221E-06,-9.988071E+01,-1.405474E-01
+5.927734E+02,-1.220482E-05,-8.914922E-07,-9.824626E+01,-3.068678E+00
+5.930176E+02,+5.650016E-06,+4.159571E-06,-1.030782E+02,+6.346139E-01
+5.932617E+02,-4.513289E-06,-5.938442E-06,-1.025465E+02,-2.220675E+00
+5.935059E+02,+4.383915E-06,+2.820744E-06,-1.056583E+02,+5.717431E-01
+5.937500E+02,-1.376858E-06,-2.040055E-06,-1.121770E+02,-2.164486E+00
+5.939941E+02,-2.518921E-06,+5.724340E-06,-1.040768E+02,+1.985334E+00
+5.942383E+02,+4.372046E-06,-5.534244E-06,-1.030327E+02,-9.021835E-01
+5.944824E+02,-4.947860E-06,+3.011446E-06,-1.047431E+02,+2.594847E+00
+5.947266E+02,+6.613910E-06,+2.985676E-06,-1.027853E+02,+4.240372E-01
+5.949707E+02,-5.900150E-06,-5.958056E-06,-1.015298E+02,-2.351311E+00
+5.952148E+02,+3.728781E-06,+5.110849E-06,-1.039767E+02,+9.404916E-01
+5.954590E+02,-1.706767E-06,-7.743080E-06,-1.020157E+02,-1.787752E+00
+5.957031E+02,+1.813433E-06,+6.893349E-06,-1.029408E+02,+1.313555E+00
+5.959473E+02,-5.118982E-06,-1.906473E-06,-1.052522E+02,-2.785075E+00
+5.961914E+02,+3.130501E-06,+3.521103E-06,-1.065368E+02,+8.440538E-01
+5.964355E+02,+2.937391E-06,-3.497444E-06,-1.068068E+02,-8.722139E-01
+5.966797E+02,-4.212774E-06,-3.521857E-06,-1.052070E+02,-2.445286E+00
+5.969238E+02,+5.891253E-06,+6.514623E-06,-1.011268E+02,+8.356038E-01
+5.971680E+02,-7.476013E-06,-1.285450E-06,-1.024001E+02,-2.971314E+00
+5.974121E+02,+3.292502E-06,-1.529114E-06,-1.088013E+02,-4.347831E-01
+5.976562E+02,-2.729068E-06,-1.143048E-06,-1.105778E+02,-2.744949E+00
+5.979004E+02,+9.647860E-06,-1.482969E-07,-1.003104E+02,-1.536976E-02
+5.981445E+02,-4.253186E-06,+4.091788E-06,-1.045802E+02,+2.375533E+00
+5.983887E+02,-2.341447E-06,-2.248440E-06,-1.097725E+02,-2.376455E+00
+5.986328E+02,-4.834492E-06,-5.450351E-06,-1.027508E+02,-2.296386E+00
+5.988770E+02,+5.280910E-06,+8.705926E-06,-9.984300E+01,+1.025547E+00
+5.991211E+02,+3.406973E-06,-3.097747E-06,-1.067359E+02,-7.378953E-01
+5.993652E+02,-2.945791E-06,-3.860112E-06,-1.062749E+02,-2.222652E+00
+5.996094E+02,-7.161779E-06,+4.242543E-06,-1.015933E+02,+2.606790E+00
+5.998535E+02,+7.602855E-06,-6.611304E-06,-9.993480E+01,-7.157530E-01
+6.000977E+02,-4.604564E-07,+1.373324E-05,-9.723965E+01,+1.604312E+00
+6.003418E+02,+4.614013E-06,-8.160029E-06,-1.005613E+02,-1.056176E+00
+6.005859E+02,-5.678555E-06,-1.480701E-06,-1.046296E+02,-2.886519E+00
+6.008301E+02,+2.507247E-06,+1.354441E-06,-1.109040E+02,+4.952960E-01
+6.010742E+02,-5.700367E-06,+2.477153E-06,-1.041307E+02,+2.731652E+00
+6.013184E+02,+6.630181E-06,-5.070942E-06,-1.015693E+02,-6.529230E-01
+6.015625E+02,-3.472187E-06,+2.284550E-06,-1.076257E+02,+2.559644E+00
+6.018066E+02,+5.909633E-07,+2.628228E-06,-1.113925E+02,+1.349622E+00
+6.020508E+02,-6.170883E-07,-3.183297E-06,-1.097822E+02,-1.762273E+00
+6.022949E+02,-4.298334E-06,-3.963760E-07,-1.072972E+02,-3.049637E+00
+6.025391E+02,+8.920835E-06,+2.278166E-06,-1.007175E+02,+2.500319E-01
+6.027832E+02,-2.333023E-06,+2.560779E-06,-1.092080E+02,+2.309688E+00
+6.030273E+02,-5.847271E-07,-5.340611E-06,-1.053964E+02,-1.679849E+00
+6.032715E+02,-3.550477E-06,+7.190891E-06,-1.019169E+02,+2.029428E+00
+6.035156E+02,+1.054672E-05,-8.848222E-06,-9.722335E+01,-6.980467E-01
+6.037598E+02,-1.157008E-05,+3.342200E-07,-9.872966E+01,+3.112714E+00
+6.040039E+02,+4.311387E-06,+3.244298E-06,-1.053590E+02,+6.450960E-01
+6.042480E+02,-9.915897E-07,-3.077051E-07,-1.196741E+02,-2.840700E+00
+6.044922E+02,+3.971174E-06,+2.900211E-07,-1.079985E+02,+7.290217E-02
+6.047363E+02,-7.630966E-06,+5.095357E-06,-1.007472E+02,+2.552860E+00
+6.049805E+02,+5.063421E-06,-8.398983E-06,-1.001691E+02,-1.028276E+00
+6.052246E+02,+4.175798E-06,-1.950273E-06,-1.067283E+02,-4.369354E-01
+6.054688E+02,-8.379208E-06,+8.784946E-06,-9.831543E+01,+2.332560E+00
+6.057129E+02,+1.666700E-06,-4.535271E-06,-1.063178E+02,-1.218620E+00
+6.059570E+02,+6.830088E-06,-2.874994E-06,-1.026030E+02,-3.984189E-01
+6.062012E+02,-6.067976E-06,+2.045429E-06,-1.038717E+02,+2.816469E+00
+6.064453E+02,+2.376872E-07,+5.425920E-06,-1.053022E+02,+1.527018E+00
+6.066895E+02,+1.511171E-06,-4.600494E-06,-1.062989E+02,-1.253420E+00
+6.069336E+02,-2.497780E-06,+3.316715E-06,-1.076348E+02,+2.216271E+00
+6.071777E+02,+3.802625E-06,-8.372028E-06,-1.007288E+02,-1.144450E+00
+6.074219E+02,-3.569397E-06,+6.842516E-06,-1.022504E+02,+2.051613E+00
+6.076660E+02,+4.661458E-06,+6.102676E-07,-1.065558E+02,+1.301774E-01
+6.079102E+02,-7.556256E-06,-3.469431E-06,-1.016031E+02,-2.711158E+00
+6.081543E+02,+4.866767E-06,-6.837740E-08,-1.062543E+02,-1.404894E-02
+6.083984E+02,+4.586537E-06,-2.717066E-06,-1.054639E+02,-5.348127E-01
+6.086426E+02,-9.384742E-06,+9.015846E-06,-9.771191E+01,+2.376240E+00
+6.088867E+02,+7.114445E-06,-9.455651E-06,-9.853795E+01,-9.257601E-01
+6.091309E+02,-1.980733E-06,+1.099551E-05,-9.903700E+01,+1.749025E+00
+6.093750E+02,-3.694206E-06,-1.286028E-05,-9.747064E+01,-1.850522E+00
+6.096191E+02,+3.708131E-06,+8.082340E-06,-1.010196E+02,+1.140653E+00
+6.098633E+02,-4.674618E-06,+7.943326E-07,-1.064815E+02,+2.973276E+00
+6.101074E+02,+6.940390E-06,-5.353294E-06,-1.011449E+02,-6.570098E-01
+6.103516E+02,-1.600522E-06,+4.675122E-06,-1.061228E+02,+1.900639E+00
+6.105957E+02,-2.508045E-06,-2.451736E-06,-1.091005E+02,-2.367547E+00
+6.108398E+02,+3.682718E-06,-2.203594E-06,-1.073475E+02,-5.392133E-01
+6.110840E+02,-5.547941E-06,+5.934534E-06,-1.018047E+02,+2.322539E+00
+6.113281E+02,+5.207805E-06,-5.990140E-06,-1.020064E+02,-8.551490E-01
+6.115723E+02,-4.319143E-06,+2.327992E-06,-1.061844E+02,+2.647239E+00
+6.118164E+02,+2.528549E-06,-6.218777E-07,-1.116875E+02,-2.411562E-01
+6.120605E+02,-3.070280E-06,+3.844898E-06,-1.061601E+02,+2.244642E+00
+6.123047E+02,+5.865782E-06,-7.741215E-06,-1.002533E+02,-9.223638E-01
+6.125488E+02,-7.892800E-07,+6.873284E-06,-1.031998E+02,+1.685129E+00
+6.127930E+02,-4.442736E-06,-1.776456E-06,-1.064028E+02,-2.761210E+00
+6.130371E+02,+4.933443E-07,-2.915938E-06,-1.105819E+02,-1.403195E+00
+6.132812E+02,+1.952376E-06,+7.598547E-06,-1.021077E+02,+1.319296E+00
+6.135254E+02,-2.363569E-06,-1.077832E-05,-9.914500E+01,-1.786668E+00
+6.137695E+02,+7.505042E-07,+7.037227E-06,-1.030029E+02,+1.464550E+00
+6.140137E+02,+4.061903E-06,-7.646580E-08,-1.078239E+02,-1.882289E-02
+6.142578E+02,-6.350887E-06,+7.252849E-07,-1.038870E+02,+3.027883E+00
+6.145020E+02,-8.915316E-07,-6.153353E-06,-1.041275E+02,-1.714681E+00
+6.147461E+02,+8.148538E-06,+3.333352E-06,-1.011064E+02,+3.883040E-01
+6.149902E+02,-1.783452E-06,+5.599328E-06,-1.046176E+02,+1.879149E+00
+6.152344E+02,-8.980222E-06,-8.283562E-06,-9.826051E+01,-2.396526E+00
+6.154785E+02,+1.092686E-05,+2.691147E-06,-9.897434E+01,+2.414814E-01
+6.157227E+02,-6.048427E-06,+7.541607E-07,-1.043002E+02,+3.017546E+00
+6.159668E+02,+2.177420E-06,-5.613838E-07,-1.129617E+02,-2.523256E-01
+6.162109E+02,+1.637375E-06,+1.611979E-06,-1.127741E+02,+7.775824E-01
+6.164551E+02,-6.618551E-06,-2.543045E-06,-1.029867E+02,-2.774755E+00
+6.166992E+02,+2.960331E-06,+4.582892E-07,-1.104703E+02,+1.535909E-01
+6.169434E+02,+1.241974E-06,+6.404913E-06,-1.037094E+02,+1.379264E+00
+6.171875E+02,-6.680173E-07,-9.775647E-06,-1.001769E+02,-1.639025E+00
+6.174316E+02,+2.401377E-06,+3.730849E-06,-1.070585E+02,+9.988950E-01
+6.176758E+02,-2.553939E-06,+5.797118E-06,-1.039654E+02,+1.985767E+00
+6.179199E+02,+1.406954E-06,-4.677170E-06,-1.062241E+02,-1.278594E+00
+6.181641E+02,-8.442339E-07,-3.686904E-06,-1.084448E+02,-1.795897E+00
+6.184082E+02,-6.626572E-06,+1.054805E-06,-1.034656E+02,+2.983739E+00
+6.186523E+02,+1.158440E-05,+3.805487E-07,-9.871784E+01,+3.283830E-02
+6.188965E+02,-6.337259E-06,+3.973830E-06,-1.025218E+02,+2.581515E+00
+6.191406E+02,-5.654462E-07,+5.421118E-06,-1.052712E+02,+1.674725E+00
+6.193848E+02,+5.920247E-06,-1.222968E-05,-9.733734E+01,-1.119959E+00
+6.196289E+02,-5.058501E-06,+6.197690E-06,-1.019382E+02,+2.255332E+00
+6.198730E+02,+7.636804E-07,-4.956097E-06,-1.059953E+02,-1.417910E+00
+6.201172E+02,+5.809251E-07,+1.038417E-05,-9.965900E+01,+1.514911E+00
+6.203613E+02,-5.778220E-07,-1.154854E-05,-9.873859E+01,-1.620789E+00
+6.206055E+02,+1.311010E-06,+6.575711E-06,-1.034719E+02,+1.374005E+00
+6.208496E+02,-8.690359E-07,-5.690888E-06,-1.047963E+02,-1.722332E+00
+6.210938E+02,+3.008399E-09,+1.041350E-05,-9.964806E+01,+1.570507E+00
+6.213379E+02,-3.610369E-06,-9.810101E-06,-9.961488E+01,-1.923439E+00
+6.215820E+02,+7.015554E-06,+4.459353E-06,-1.016050E+02,+5.662125E-01
+6.218262E+02,-6.077210E-06,-2.453700E-06,-1.036701E+02,-2.757854E+00
+6.220703E+02,+1.566278E-06,+3.759190E-06,-1.078029E+02,+1.176017E+00
+6.223145E+02,-3.321298E-06,-4.422733E-06,-1.051440E+02,-2.214912E+00
+6.225586E+02,+1.170951E-05,+3.989915E-06,-9.815218E+01,+3.284030E-01
+6.228027E+02,-1.106566E-05,-1.672101E-06,-9.902241E+01,-2.991620E+00
+6.230469E+02,+4.426664E-06,+1.080974E-06,-1.068269E+02,+2.395087E-01
+6.232910E+02,+2.550493E-06,-5.431251E-06,-1.044366E+02,-1.131766E+00
+6.235352E+02,-4.002341E-06,+6.230224E-06,-1.026095E+02,+2.141815E+00
+6.237793E+02,-2.080822E-06,-4.844392E-07,-1.134061E+02,-2.912856E+00
+6.240234E+02,+1.945384E-06,-3.729338E-06,-1.075221E+02,-1.089984E+00
+6.242676E+02,+5.809799E-07,+6.247054E-06,-1.040491E+02,+1.478062E+00
+6.245117E+02,-4.729869E-06,-5.482651E-06,-1.028041E+02,-2.282616E+00
+6.247559E+02,+7.595048E-06,+2.461970E-06,-1.019555E+02,+3.134671E-01
+6.250000E+02,-2.239196E-06,-6.649151E-07,-1.126312E+02,-2.852942E+00
+6.252441E+02,+1.615414E-06,+1.267941E-06,-1.137497E+02,+6.654668E-01
+6.254883E+02,-1.778770E-06,-4.139747E-06,-1.069247E+02,-1.976625E+00
+6.257324E+02,-3.406613E-06,+9.002332E-06,-1.003317E+02,+1.932557E+00
+6.259766E+02,+7.732273E-06,-1.260896E-05,-9.660004E+01,-1.020701E+00
+6.262207E+02,-6.881583E-06,+1.316753E-05,-9.656120E+01,+2.052374E+00
+6.264648E+02,-1.264317E-06,-1.088519E-05,-9.920509E+01,-1.686428E+00
+6.267090E+02,+3.604846E-06,+7.376584E-06,-1.017128E+02,+1.116239E+00
+6.269531E+02,+1.330537E-06,-7.307198E-06,-1.025833E+02,-1.390684E+00
+6.271973E+02,+2.525961E-06,+9.120981E-06,-1.004782E+02,+1.300628E+00
+6.274414E+02,-4.215759E-06,-5.150066E-06,-1.035364E+02,-2.256766E+00
+6.276855E+02,-1.009441E-06,-1.935846E-07,-1.197615E+02,-2.952119E+00
+6.279297E+02,+6.586781E-06,+9.551939E-09,-1.036265E+02,+1.450167E-03
+6.281738E+02,-1.170624E-05,+1.826346E-06,-9.852721E+01,+2.986826E+00
+6.284180E+02,+9.965035E-06,-3.662567E-06,-9.948013E+01,-3.522160E-01
+6.286621E+02,-7.774519E-06,+4.709259E-06,-1.008291E+02,+2.596971E+00
+6.289062E+02,+6.125556E-06,+3.168604E-06,-1.032274E+02,+4.773728E-01
+6.291504E+02,-1.810162E-06,-8.914509E-06,-1.008226E+02,-1.771130E+00
+6.293945E+02,+3.656786E-06,+1.098323E-06,-1.083629E+02,+2.917796E-01
+6.296387E+02,-8.763287E-06,+7.721469E-08,-1.011463E+02,+3.132782E+00
+6.298828E+02,+1.272599E-05,+4.093710E-06,-9.747852E+01,+3.112271E-01
+6.301270E+02,-1.145539E-05,-2.684468E-07,-9.881741E+01,-3.118163E+00
+6.303711E+02,+2.649479E-06,-1.968779E-06,-1.096274E+02,-6.390586E-01
+6.306152E+02,+9.926310E-06,+3.557058E-07,-1.000587E+02,+3.581932E-02
+6.308594E+02,-1.152454E-05,-1.965358E-06,-9.864303E+01,-2.972681E+00
+6.311035E+02,+4.183983E-07,+3.646969E-06,-1.087046E+02,+1.456571E+00
+6.313477E+02,+1.642142E-06,-4.633986E-06,-1.061672E+02,-1.230235E+00
+6.315918E+02,+3.695588E-07,+4.191884E-06,-1.075182E+02,+1.482863E+00
+6.318359E+02,+4.386893E-06,+1.858493E-06,-1.064400E+02,+4.007239E-01
+6.320801E+02,-2.443546E-06,-2.018518E-06,-1.099804E+02,-2.451162E+00
+6.323242E+02,-4.074173E-06,+8.348695E-07,-1.076206E+02,+2.939473E+00
+6.325684E+02,+6.184582E-06,-4.392155E-06,-1.024003E+02,-6.175244E-01
+6.328125E+02,-4.121395E-06,+5.674665E-06,-1.030814E+02,+2.198943E+00
+6.330566E+02,-4.812341E-07,-8.097229E-06,-1.018180E+02,-1.630158E+00
+6.333008E+02,+2.936730E-06,+8.459462E-06,-1.009590E+02,+1.236660E+00
+6.335449E+02,+4.501281E-07,-8.949416E-06,-1.009531E+02,-1.520542E+00
+6.337891E+02,+1.599236E-06,+9.997432E-06,-9.989250E+01,+1.412176E+00
+6.340332E+02,-6.653416E-06,-6.180183E-06,-1.008374E+02,-2.393052E+00
+6.342773E+02,+1.232869E-07,-1.422836E-06,-1.169044E+02,-1.484364E+00
+6.345215E+02,+5.861083E-06,+7.924575E-06,-1.001255E+02,+9.339790E-01
+6.347656E+02,-3.289317E-06,-4.275103E-06,-1.053616E+02,-2.226606E+00
+6.350098E+02,+1.975307E-06,-6.183303E-06,-1.037536E+02,-1.261585E+00
+6.352539E+02,+1.721901E-06,+5.917928E-06,-1.042037E+02,+1.287650E+00
+6.354980E+02,-5.537920E-06,-9.084030E-08,-1.051319E+02,-3.125191E+00
+6.357422E+02,+5.647146E-06,-5.332466E-07,-1.049249E+02,-9.414845E-02
+6.359863E+02,-5.466021E-06,-1.339497E-06,-1.049933E+02,-2.901270E+00
+6.362305E+02,+2.748665E-06,+4.950640E-07,-1.110789E+02,+1.782002E-01
+6.364746E+02,-2.625938E-06,+8.815119E-07,-1.111506E+02,+2.817719E+00
+6.367188E+02,+6.521230E-06,+1.329941E-06,-1.035364E+02,+2.011813E-01
+6.369629E+02,-6.903228E-06,-4.859382E-06,-1.014710E+02,-2.528235E+00
+6.372070E+02,+3.979005E-06,+6.969971E-06,-1.019103E+02,+1.052065E+00
+6.374512E+02,-9.932028E-07,-4.451860E-06,-1.068182E+02,-1.790300E+00
+6.376953E+02,-1.200311E-06,-1.663861E-06,-1.137580E+02,-2.195741E+00
+6.379395E+02,+2.257613E-06,+4.519944E-06,-1.059301E+02,+1.107566E+00
+6.381836E+02,-6.927764E-07,-5.065623E-06,-1.058269E+02,-1.706713E+00
+6.384277E+02,-9.543143E-07,+7.444402E-06,-1.024926E+02,+1.698293E+00
+6.386719E+02,-1.695379E-06,-9.567620E-06,-1.002496E+02,-1.746175E+00
+6.389160E+02,+2.454610E-06,+9.496516E-06,-1.001678E+02,+1.317857E+00
+6.391602E+02,-3.836857E-07,-8.138338E-06,-1.017796E+02,-1.617907E+00
+6.394043E+02,-4.082819E-06,+4.540601E-06,-1.042845E+02,+2.303159E+00
+6.396484E+02,+3.602562E-06,-1.997803E-06,-1.077033E+02,-5.063303E-01
+6.398926E+02,+6.653277E-06,+1.509786E-06,-1.033212E+02,+2.231446E-01
+6.401367E+02,-7.010934E-06,-1.759423E-06,-1.028192E+02,-2.895716E+00
+6.403809E+02,-2.634366E-06,+4.234285E-06,-1.060434E+02,+2.127345E+00
+6.406250E+02,+5.153408E-06,-3.509365E-06,-1.041035E+02,-5.978460E-01
+6.408691E+02,-6.087314E-06,+3.458807E-07,-1.042975E+02,+3.084834E+00
+6.411133E+02,+9.500716E-06,+1.982618E-06,-1.002598E+02,+2.057284E-01
+6.413574E+02,-7.133471E-06,-4.819342E-06,-1.013011E+02,-2.547434E+00
+6.416016E+02,-1.207158E-06,+4.160212E-06,-1.072666E+02,+1.853208E+00
+6.418457E+02,+2.556302E-06,-1.024055E-06,-1.112014E+02,-3.810236E-01
+6.420898E+02,+1.643873E-06,+2.286522E-06,-1.110070E+02,+9.474714E-01
+6.423340E+02,+1.561254E-06,-8.240828E-06,-1.015274E+02,-1.383562E+00
+6.425781E+02,-2.786898E-06,+5.974209E-06,-1.036193E+02,+2.007277E+00
+6.428223E+02,+3.130541E-06,-2.188030E-07,-1.100665E+02,-6.977955E-02
+6.430664E+02,-8.652880E-06,-5.587528E-06,-9.974313E+01,-2.568217E+00
+6.433105E+02,+1.149943E-06,+9.720384E-06,-1.001860E+02,+1.453041E+00
+6.435547E+02,+5.651756E-06,-5.495982E-06,-1.020657E+02,-7.714255E-01
+6.437988E+02,+4.407827E-06,+2.161589E-06,-1.061796E+02,+4.559365E-01
+6.440430E+02,-8.315916E-06,+2.565523E-06,-1.012070E+02,+2.842349E+00
+6.442871E+02,+2.740340E-06,-6.398067E-06,-1.031475E+02,-1.166128E+00
+6.445312E+02,+1.400056E-06,+5.311012E-06,-1.052047E+02,+1.313046E+00
+6.447754E+02,-5.307676E-07,-4.327849E-06,-1.072097E+02,-1.692827E+00
+6.450195E+02,-6.331242E-06,+2.767289E-06,-1.032109E+02,+2.729531E+00
+6.452637E+02,+5.997317E-06,-4.130512E-06,-1.027549E+02,-6.031199E-01
+6.455078E+02,-5.815577E-06,+3.977695E-06,-1.030414E+02,+2.541705E+00
+6.457520E+02,+1.054033E-05,+3.035168E-06,-9.919696E+01,+2.803725E-01
+6.459961E+02,-9.498308E-06,-3.477718E-06,-9.990073E+01,-2.790612E+00
+6.462402E+02,+1.834178E-06,+1.448910E-06,-1.126253E+02,+6.685833E-01
+6.464844E+02,+1.937118E-06,-3.687641E-06,-1.076067E+02,-1.087114E+00
+6.467285E+02,+2.633088E-06,-1.638323E-06,-1.101695E+02,-5.565875E-01
+6.469727E+02,-4.191450E-06,+3.521985E-06,-1.052328E+02,+2.442770E+00
+6.472168E+02,+3.506741E-06,+4.859355E-06,-1.044478E+02,+9.456891E-01
+6.474609E+02,-6.906207E-06,-9.866931E-06,-9.838477E+01,-2.181479E+00
+6.477051E+02,+7.465876E-06,+6.347452E-06,-1.001759E+02,+7.046074E-01
+6.479492E+02,+1.385964E-07,-1.324848E-06,-1.175094E+02,-1.466562E+00
+6.481934E+02,-2.528793E-06,+3.752357E-06,-1.068878E+02,+2.163805E+00
+6.484375E+02,-7.139547E-06,-8.419760E-06,-9.914120E+01,-2.274100E+00
+6.486816E+02,+8.040343E-06,+6.251902E-06,-9.984081E+01,+6.609116E-01
+6.489258E+02,+4.138552E-06,-1.892670E-06,-1.068382E+02,-4.289299E-01
+6.491699E+02,-1.483657E-05,+3.547503E-06,-9.633188E+01,+2.906894E+00
+6.494141E+02,+1.586670E-05,-8.502050E-06,-9.489406E+01,-4.919087E-01
+6.496582E+02,-8.891475E-06,+8.039395E-06,-9.842574E+01,+2.406479E+00
+6.499023E+02,+1.724116E-06,+1.999369E-06,-1.115676E+02,+8.591874E-01
+6.501465E+02,+5.438500E-06,-7.869719E-06,-1.003853E+02,-9.660911E-01
+6.503906E+02,-7.121659E-06,+3.137521E-06,-1.021780E+02,+2.726616E+00
+6.506348E+02,-9.879832E-07,-1.105740E-06,-1.165782E+02,-2.300011E+00
+6.508789E+02,+2.020938E-06,+4.398981E-06,-1.063013E+02,+1.140144E+00
+6.511230E+02,+4.221347E-07,-3.592280E-06,-1.088330E+02,-1.453821E+00
+6.513672E+02,-1.541699E-06,-1.170349E-06,-1.142637E+02,-2.492274E+00
+6.516113E+02,+1.017229E-05,+5.808906E-06,-9.862586E+01,+5.188622E-01
+6.518555E+02,-1.227210E-05,-6.875635E-06,-9.703601E+01,-2.630902E+00
+6.520996E+02,+4.311672E-06,+3.281823E-06,-1.053223E+02,+6.505980E-01
+6.523438E+02,+1.567251E-06,+2.437315E-06,-1.107589E+02,+9.993411E-01
+6.525879E+02,-1.972537E-06,-3.930479E-06,-1.071355E+02,-2.035928E+00
+6.528320E+02,+3.428500E-07,+1.457460E-06,-1.164941E+02,+1.339759E+00
+6.530762E+02,-1.470664E-06,+2.345603E-06,-1.111550E+02,+2.130824E+00
+6.533203E+02,+7.063602E-06,-3.784709E-06,-1.019234E+02,-4.918791E-01
+6.535645E+02,-5.349787E-06,+1.483655E-06,-1.051115E+02,+2.871062E+00
+6.538086E+02,-3.421251E-06,-6.116836E-07,-1.091796E+02,-2.964673E+00
+6.540527E+02,+3.676598E-06,+2.189187E-06,-1.073731E+02,+5.370585E-01
+6.542969E+02,-1.177558E-06,-3.022260E-06,-1.097796E+02,-1.942330E+00
+6.545410E+02,+3.371271E-07,-1.093603E-06,-1.188285E+02,-1.271768E+00
+6.547852E+02,+1.619279E-07,+7.448091E-06,-1.025571E+02,+1.549059E+00
+6.550293E+02,+1.462681E-06,-5.475000E-06,-1.049329E+02,-1.309737E+00
+6.552734E+02,-3.790124E-06,-2.311069E-06,-1.070540E+02,-2.594027E+00
+6.555176E+02,+5.935060E-06,+3.707323E-06,-1.031008E+02,+5.583462E-01
+6.557617E+02,-1.608751E-06,-2.316014E-06,-1.109952E+02,-2.177903E+00
+6.560059E+02,-3.530115E-06,+3.543677E-06,-1.060172E+02,+2.354277E+00
+6.562500E+02,-6.987749E-07,-6.068813E-07,-1.206723E+02,-2.426460E+00
+6.564941E+02,+8.095159E-06,-1.644863E-06,-1.016598E+02,-2.004619E-01
+6.567383E+02,-5.497497E-06,-2.566142E-07,-1.051872E+02,-3.094948E+00
+6.569824E+02,-1.109588E-06,-5.370146E-06,-1.052187E+02,-1.774551E+00
+6.572266E+02,+1.804075E-06,+1.361718E-05,-9.724269E+01,+1.439078E+00
+6.574707E+02,-2.566502E-06,-1.120553E-05,-9.878930E+01,-1.795952E+00
+6.577148E+02,+2.140444E-06,+3.221995E-06,-1.082499E+02,+9.844183E-01
+6.579590E+02,+5.355900E-08,+3.443437E-06,-1.092591E+02,+1.555244E+00
+6.582031E+02,+6.017523E-07,-7.876656E-06,-1.020479E+02,-1.494547E+00
+6.584473E+02,+2.254025E-06,+1.127424E-05,-9.878804E+01,+1.373471E+00
+6.586914E+02,-5.599562E-06,-7.188436E-06,-1.008077E+02,-2.232581E+00
+6.589355E+02,+4.235218E-06,-3.091063E-06,-1.056080E+02,-6.304782E-01
+6.591797E+02,-1.209146E-06,+8.408249E-06,-1.014170E+02,+1.713622E+00
+6.594238E+02,-3.521830E-06,-4.113281E-06,-1.053280E+02,-2.278884E+00
+6.596680E+02,+5.934628E-06,+9.003230E-08,-1.045311E+02,+1.516951E-02
+6.599121E+02,+9.633096E-07,-1.672334E-06,-1.142891E+02,-1.048191E+00
+6.601562E+02,-8.938456E-06,+1.306918E-07,-1.009738E+02,+3.126972E+00
+6.604004E+02,+9.367348E-06,+1.405931E-06,-1.004709E+02,+1.489764E-01
+6.606445E+02,-2.411283E-06,-4.463398E-06,-1.058946E+02,-2.066111E+00
+6.608887E+02,-5.572555E-06,+6.994253E-06,-1.009706E+02,+2.243542E+00
+6.611328E+02,+5.327372E-06,-6.610359E-06,-1.014220E+02,-8.924606E-01
+6.613770E+02,-3.899080E-06,+8.880331E-06,-1.002658E+02,+1.984523E+00
+6.616211E+02,+8.293784E-06,-5.570389E-06,-1.000080E+02,-5.914338E-01
+6.618652E+02,-7.257029E-06,-6.583407E-06,-1.001770E+02,-2.404827E+00
+6.621094E+02,+2.890058E-06,+1.049918E-05,-9.925970E+01,+1.302184E+00
+6.623535E+02,-4.251349E-06,-7.274781E-06,-1.014876E+02,-2.099663E+00
+6.625977E+02,+4.656912E-06,+7.903500E-06,-1.007494E+02,+1.038340E+00
+6.628418E+02,+1.561493E-06,+6.300612E-07,-1.154741E+02,+3.835194E-01
+6.630859E+02,-7.203276E-06,-1.101059E-05,-9.761652E+01,-2.150128E+00
+6.633301E+02,+7.646607E-06,+7.223665E-06,-9.956041E+01,+7.569638E-01
+6.635742E+02,-4.984375E-06,-6.339305E-06,-1.018688E+02,-2.237106E+00
+6.638184E+02,+3.443968E-06,+9.987803E-06,-9.952270E+01,+1.238746E+00
+6.640625E+02,+1.031741E-07,-5.630141E-06,-1.049882E+02,-1.552473E+00
+6.643066E+02,-1.975617E-06,-1.227831E-06,-1.126675E+02,-2.585519E+00
+6.645508E+02,-4.338126E-06,+5.952627E-06,-1.026558E+02,+2.200574E+00
+6.647949E+02,+5.596786E-06,-6.108394E-06,-1.016344E+02,-8.290782E-01
+6.650391E+02,-4.260201E-07,+1.841503E-06,-1.144701E+02,+1.798141E+00
+6.652832E+02,-3.497387E-06,-2.926950E-06,-1.068196E+02,-2.444755E+00
+6.655273E+02,+6.030759E-07,+7.324966E-06,-1.026746E+02,+1.488650E+00
+6.657715E+02,+8.093148E-06,-2.828438E-06,-1.013372E+02,-3.362164E-01
+6.660156E+02,-8.553141E-06,-6.679280E-06,-9.928970E+01,-2.478598E+00
+6.662598E+02,-2.064002E-06,+7.404312E-06,-1.022853E+02,+1.842652E+00
+6.665039E+02,+8.395037E-06,-2.167293E-06,-1.012393E+02,-2.526471E-01
+6.667480E+02,-2.848466E-06,-1.613808E-06,-1.096988E+02,-2.626129E+00
+6.669922E+02,-7.611318E-07,+3.940732E-06,-1.079294E+02,+1.761592E+00
+6.672363E+02,-9.775275E-08,-6.611938E-06,-1.035925E+02,-1.585580E+00
+6.674805E+02,+1.685220E-06,+4.863225E-06,-1.057690E+02,+1.237222E+00
+6.677246E+02,-2.917076E-07,+1.179196E-06,-1.183103E+02,+1.813306E+00
+6.679688E+02,-7.130330E-06,-2.739190E-06,-1.023400E+02,-2.774815E+00
+6.682129E+02,+9.578144E-06,-8.001568E-07,-1.003442E+02,-8.334633E-02
+6.684570E+02,-3.842878E-06,+3.621314E-06,-1.055468E+02,+2.385869E+00
+6.687012E+02,+1.511516E-06,-1.824754E-06,-1.125070E+02,-8.790125E-01
+6.689453E+02,-2.355072E-06,-2.126259E-06,-1.099708E+02,-2.407209E+00
+6.691895E+02,-1.283163E-06,-3.643655E-06,-1.082615E+02,-1.909397E+00
+6.694336E+02,+5.761884E-06,+9.463186E-06,-9.910974E+01,+1.023878E+00
+6.696777E+02,-4.926822E-06,-9.466773E-07,-1.059912E+02,-2.951759E+00
+6.699219E+02,-7.796926E-07,-1.958509E-06,-1.135226E+02,-1.949668E+00
+6.701660E+02,+5.605980E-06,-4.287006E-06,-1.030272E+02,-6.528556E-01
+6.704102E+02,-5.363916E-06,+3.436145E-06,-1.039170E+02,+2.571851E+00
+6.706543E+02,-2.120962E-06,+7.057822E-07,-1.130132E+02,+2.820354E+00
+6.708984E+02,+3.094043E-06,-2.855681E-06,-1.075134E+02,-7.453569E-01
+6.711426E+02,+5.540748E-06,+4.661030E-06,-1.028046E+02,+6.993791E-01
+6.713867E+02,-4.590730E-06,-9.252883E-06,-9.971873E+01,-2.031352E+00
+6.716309E+02,-2.807285E-06,+8.263378E-06,-1.011825E+02,+1.898289E+00
+6.718750E+02,+3.170834E-07,-5.795941E-07,-1.236004E+02,-1.070199E+00
+6.721191E+02,+4.625078E-06,-2.358130E-06,-1.056941E+02,-4.715024E-01
+6.723633E+02,-6.129940E-06,+9.229400E-07,-1.041535E+02,+2.992152E+00
+6.726074E+02,+6.312075E-06,+2.827423E-08,-1.039965E+02,+4.479358E-03
+6.728516E+02,-3.187064E-06,+9.397208E-07,-1.095701E+02,+2.854863E+00
+6.730957E+02,-6.611375E-07,-3.885748E-06,-1.080866E+02,-1.739327E+00
+6.733398E+02,+2.974319E-06,+5.811081E-06,-1.037043E+02,+1.097725E+00
+6.735840E+02,-5.175709E-06,-3.787046E-06,-1.038584E+02,-2.509909E+00
+6.738281E+02,+4.463589E-06,-1.282547E-07,-1.070027E+02,-2.872564E-02
+6.740723E+02,+2.357657E-07,+8.544920E-07,-1.210472E+02,+1.301581E+00
+6.743164E+02,-1.307882E-06,+1.971949E-06,-1.125188E+02,+2.156425E+00
+6.745605E+02,-5.379432E-06,-3.352207E-06,-1.039604E+02,-2.584323E+00
+6.748047E+02,+8.193314E-06,+4.003529E-06,-1.008009E+02,+4.545133E-01
+6.750488E+02,+3.324915E-06,-4.841379E-06,-1.046226E+02,-9.690046E-01
+6.752930E+02,-1.301566E-05,+6.612816E-06,-9.671342E+01,+2.671513E+00
+6.755371E+02,+6.197270E-06,-8.180966E-06,-9.977431E+01,-9.224979E-01
+6.757812E+02,+1.077557E-06,+1.090869E-05,-9.920238E+01,+1.472336E+00
+6.760254E+02,-3.499783E-07,-1.008540E-05,-9.992091E+01,-1.605484E+00
+6.762695E+02,-8.732633E-09,-2.683172E-06,-1.114270E+02,-1.574051E+00
+6.765137E+02,-2.893831E-06,+9.428875E-06,-1.001199E+02,+1.868582E+00
+6.767578E+02,+5.461355E-06,-7.139533E-06,-1.009259E+02,-9.177984E-01
+6.770020E+02,-3.965891E-06,+4.635308E-06,-1.042929E+02,+2.278523E+00
+6.772461E+02,-1.592316E-06,+1.357672E-06,-1.135865E+02,+2.435568E+00
+6.774902E+02,+2.692971E-07,-5.004956E-06,-1.059994E+02,-1.517042E+00
+6.777344E+02,+6.781053E-06,+4.508810E-06,-1.017841E+02,+5.867876E-01
+6.779785E+02,-8.250138E-06,-5.307307E-06,-1.001668E+02,-2.569942E+00
+6.782227E+02,+5.338422E-06,+7.593004E-06,-1.006473E+02,+9.580121E-01
+6.784668E+02,+3.932101E-07,-4.792218E-06,-1.063601E+02,-1.488928E+00
+6.787109E+02,-6.193473E-06,+2.097425E-06,-1.036898E+02,+2.815064E+00
+6.789551E+02,+7.085427E-06,-6.868284E-06,-1.001154E+02,-7.698378E-01
+6.791992E+02,-8.199620E-06,+8.212523E-06,-9.870699E+01,+2.355408E+00
+6.794434E+02,+9.863397E-06,+2.726000E-07,-1.001162E+02,+2.763050E-02
+6.796875E+02,-1.060269E-05,-8.762141E-07,-9.946212E+01,-3.059139E+00
+6.799316E+02,+7.975492E-06,-2.752100E-06,-1.014763E+02,-3.322757E-01
+6.801758E+02,+1.357023E-06,-4.758379E-07,-1.168446E+02,-3.372524E-01
+6.804199E+02,-3.386085E-06,+1.671668E-06,-1.084588E+02,+2.683008E+00
+6.806641E+02,-2.640432E-06,+2.495312E-06,-1.087948E+02,+2.384444E+00
+6.809082E+02,+6.459385E-06,-6.113788E-06,-1.010181E+02,-7.579182E-01
+6.811523E+02,-7.448969E-06,+2.325918E-06,-1.021540E+02,+2.838938E+00
+6.813965E+02,+6.023616E-06,-5.998278E-07,-1.043600E+02,-9.925216E-02
+6.816406E+02,-6.935874E-06,+1.625315E-06,-1.029458E+02,+2.911412E+00
+6.818848E+02,+9.640789E-06,+3.857887E-06,-9.967268E+01,+3.806469E-01
+6.821289E+02,-5.715239E-06,-1.050284E-05,-9.844743E+01,-2.069146E+00
+6.823730E+02,+2.720143E-06,+1.254871E-05,-9.782860E+01,+1.357332E+00
+6.826172E+02,-6.495071E-06,-4.059516E-06,-1.023162E+02,-2.582983E+00
+6.828613E+02,+3.407882E-06,-7.342078E-06,-1.018363E+02,-1.136231E+00
+6.831055E+02,+2.056040E-06,+8.927355E-06,-1.007611E+02,+1.344436E+00
+6.833496E+02,-1.432818E-06,-4.614525E-06,-1.063177E+02,-1.871860E+00
+6.835938E+02,-1.382120E-06,+1.970433E-06,-1.123711E+02,+2.182481E+00
+6.838379E+02,+6.314246E-06,-1.094977E-06,-1.038649E+02,-1.717061E-01
+6.840820E+02,-7.518683E-06,+3.242243E-06,-1.017365E+02,+2.734461E+00
+6.843262E+02,+3.885290E-06,-3.518410E-06,-1.056107E+02,-7.358850E-01
+6.845703E+02,-3.324645E-06,-1.430301E-06,-1.088276E+02,-2.735316E+00
+6.848145E+02,+3.824875E-06,+3.342677E-06,-1.058833E+02,+7.182243E-01
+6.850586E+02,+1.307287E-07,-1.525779E-06,-1.162984E+02,-1.485325E+00
+6.853027E+02,-1.999085E-06,-1.233249E-06,-1.125828E+02,-2.588835E+00
+6.855469E+02,-1.213100E-06,+7.661698E-06,-1.022060E+02,+1.727826E+00
+6.857910E+02,+2.265034E-06,-1.163499E-05,-9.852313E+01,-1.378527E+00
+6.860352E+02,-4.533405E-06,+8.432855E-06,-1.003780E+02,+2.064061E+00
+6.862793E+02,+1.271756E-05,-1.881262E-06,-9.781792E+01,-1.468612E-01
+6.865234E+02,-1.143817E-05,-1.616166E-06,-9.874702E+01,-3.001226E+00
+6.867676E+02,-1.326869E-06,+3.762380E-07,-1.172076E+02,+2.865292E+00
+6.870117E+02,+7.957109E-06,+1.406624E-06,-1.018513E+02,+1.749682E-01
+6.872559E+02,+3.266130E-07,+3.028528E-06,-1.103251E+02,+1.463366E+00
+6.875000E+02,-1.039267E-05,-7.385250E-06,-9.789015E+01,-2.523774E+00
+6.877441E+02,+9.651667E-06,+2.124412E-06,-1.001025E+02,+2.166536E-01
+6.879883E+02,-4.721946E-06,+4.793947E-07,-1.064730E+02,+3.040415E+00
+6.882324E+02,+2.026444E-06,+5.640524E-06,-1.044464E+02,+1.225891E+00
+6.884766E+02,-1.693638E-06,-1.065517E-05,-9.934043E+01,-1.728428E+00
+6.887207E+02,+2.557800E-07,+6.912827E-06,-1.032009E+02,+1.533812E+00
+6.889648E+02,+1.997950E-06,-2.732012E-06,-1.094098E+02,-9.393640E-01
+6.892090E+02,-5.588138E-07,+6.054695E-06,-1.043213E+02,+1.662830E+00
+6.894531E+02,-1.084375E-06,-8.415698E-06,-1.014267E+02,-1.698942E+00
+6.896973E+02,+1.169219E-06,+4.945927E-06,-1.058789E+02,+1.338658E+00
+6.899414E+02,-2.246327E-06,-9.597684E-07,-1.122423E+02,-2.737808E+00
+6.901855E+02,+4.527727E-07,+4.183532E-07,-1.242019E+02,+7.459072E-01
+6.904297E+02,+7.533863E-06,+2.350586E-06,-1.020562E+02,+3.024317E-01
+6.906738E+02,-9.974618E-06,-6.099891E-06,-9.864227E+01,-2.592730E+00
+6.909180E+02,+7.100110E-06,+3.726007E-06,-1.019183E+02,+4.832758E-01
+6.911621E+02,-1.039209E-05,-1.256840E-06,-9.960287E+01,-3.021235E+00
+6.914062E+02,+1.346690E-05,+2.854062E-06,-9.722383E+01,+2.088416E-01
+6.916504E+02,-9.329384E-06,-5.923559E-06,-9.913192E+01,-2.575881E+00
+6.918945E+02,+4.790222E-06,+6.192421E-06,-1.021259E+02,+9.123852E-01
+6.921387E+02,-1.728822E-06,-4.201000E-06,-1.068535E+02,-1.961199E+00
+6.923828E+02,-3.233342E-06,+3.076516E-06,-1.070072E+02,+2.381043E+00
+6.926270E+02,+7.172782E-06,+9.425537E-07,-1.028119E+02,+1.306584E-01
+6.928711E+02,-5.935515E-06,-5.183224E-06,-1.020694E+02,-2.423751E+00
+6.931152E+02,-1.131761E-06,+3.647503E-06,-1.083609E+02,+1.871661E+00
+6.933594E+02,+4.854896E-06,+1.812353E-06,-1.057098E+02,+3.572830E-01
+6.936035E+02,-9.290762E-07,-1.449924E-06,-1.152791E+02,-2.140660E+00
+6.938477E+02,-8.194905E-07,-4.777923E-06,-1.062893E+02,-1.740660E+00
+6.940918E+02,+4.921478E-07,+4.434501E-06,-1.070099E+02,+1.460267E+00
+6.943359E+02,+1.388289E-06,-7.615010E-07,-1.160081E+02,-5.017046E-01
+6.945801E+02,-1.294562E-06,-9.682730E-07,-1.158279E+02,-2.499402E+00
+6.948242E+02,-3.489163E-06,+2.499453E-06,-1.073467E+02,+2.519979E+00
+6.950684E+02,+6.796448E-06,-3.199778E-06,-1.024849E+02,-4.400172E-01
+6.953125E+02,-4.065343E-06,+1.284263E-06,-1.074049E+02,+2.835609E+00
+6.955566E+02,-3.217826E-07,-4.268206E-06,-1.073705E+02,-1.646044E+00
+6.958008E+02,+8.421348E-07,+8.470139E-06,-1.013995E+02,+1.471698E+00
+6.960449E+02,-1.747539E-06,-3.896414E-06,-1.073907E+02,-1.992402E+00
+6.962891E+02,-9.572349E-08,-7.270798E-07,-1.226937E+02,-1.701698E+00
+6.965332E+02,+4.838078E-06,+1.767673E-07,-1.063007E+02,+3.652044E-02
+6.967773E+02,-5.726781E-06,+2.848472E-06,-1.038817E+02,+2.680031E+00
+6.970215E+02,+1.937266E-06,-4.491920E-06,-1.062105E+02,-1.163620E+00
+6.972656E+02,+1.752308E-06,+5.034723E-06,-1.054639E+02,+1.235865E+00
+6.975098E+02,+5.113011E-07,-5.250457E-06,-1.055551E+02,-1.473720E+00
+6.977539E+02,-2.790500E-06,-2.153373E-06,-1.090574E+02,-2.484360E+00
+6.979980E+02,+2.057899E-06,+7.526717E-06,-1.021548E+02,+1.303907E+00
+6.982422E+02,-3.765918E-06,-1.431119E-06,-1.078967E+02,-2.778429E+00
+6.984863E+02,+3.460058E-06,-2.693776E-06,-1.071606E+02,-6.615146E-01
+6.987305E+02,-4.522300E-06,+1.008095E-06,-1.066822E+02,+2.922262E+00
+6.989746E+02,+7.543306E-06,+3.876129E-08,-1.024487E+02,+5.138456E-03
+6.992188E+02,-7.101547E-07,-1.694580E-06,-1.147161E+02,-1.967637E+00
+6.994629E+02,-4.993558E-06,+8.191174E-09,-1.060318E+02,+3.139952E+00
+6.997070E+02,+1.872506E-06,+5.559507E-07,-1.141846E+02,+2.886121E-01
+6.999512E+02,+1.818388E-07,+1.059382E-06,-1.193728E+02,+1.400807E+00
+7.001953E+02,-2.041580E-06,+3.739887E-06,-1.074101E+02,+2.070481E+00
+7.004395E+02,+5.161783E-06,-5.818341E-06,-1.021827E+02,-8.451222E-01
+7.006836E+02,-8.633656E-06,+3.109942E-06,-1.007463E+02,+2.795850E+00
+7.009277E+02,+5.037927E-06,-3.926401E-06,-1.038937E+02,-6.620335E-01
+7.011719E+02,+2.004580E-06,+4.011114E-06,-1.069664E+02,+1.107344E+00
+7.014160E+02,-1.863296E-06,-3.635392E-06,-1.077760E+02,-2.044428E+00
+7.016602E+02,+1.676501E-06,+2.388880E-06,-1.106969E+02,+9.588677E-01
+7.019043E+02,-7.375581E-08,-3.588418E-06,-1.089001E+02,-1.591347E+00
+7.021484E+02,-6.684685E-06,+6.267342E-06,-1.007590E+02,+2.388406E+00
+7.023926E+02,+5.977570E-06,+4.008168E-06,-1.028570E+02,+5.906757E-01
+7.026367E+02,+6.428091E-07,-1.181161E-05,-9.854097E+01,-1.516428E+00
+7.028809E+02,-7.335768E-06,+1.881816E-06,-1.024143E+02,+2.890481E+00
+7.031250E+02,+1.231460E-05,+5.685964E-06,-9.735230E+01,+4.325618E-01
+7.033691E+02,-7.821281E-06,+4.340214E-07,-1.021211E+02,+3.086157E+00
+7.036133E+02,-4.820884E-06,-8.669348E-06,-1.000701E+02,-2.078298E+00
+7.038574E+02,+1.241183E-05,+1.038843E-05,-9.581743E+01,+6.968858E-01
+7.041016E+02,-7.799385E-06,-1.086576E-05,-9.747401E+01,-2.193365E+00
+7.043457E+02,+3.858917E-06,+9.058480E-06,-1.001346E+02,+1.168079E+00
+7.045898E+02,-4.615459E-06,-7.884078E-06,-1.007852E+02,-2.100423E+00
+7.048340E+02,+6.364728E-06,+1.018830E-05,-9.840700E+01,+1.012406E+00
+7.050781E+02,-1.441707E-06,-7.083275E-06,-1.028190E+02,-1.771590E+00
+7.053223E+02,-1.424165E-05,-2.286143E-07,-9.692767E+01,-3.125541E+00
+7.055664E+02,+1.990127E-05,+5.704752E-06,-9.367943E+01,+2.791671E-01
+7.058105E+02,-1.642517E-05,-3.658384E-06,-9.547952E+01,-2.922440E+00
+7.060547E+02,+6.558339E-06,-4.900700E-06,-1.017374E+02,-6.417369E-01
+7.062988E+02,-6.968006E-07,+7.145589E-06,-1.028781E+02,+1.668004E+00
+7.065430E+02,+7.389504E-06,-7.897631E-07,-1.025784E+02,-1.064722E-01
+7.067871E+02,-6.067637E-06,-2.126761E-06,-1.038364E+02,-2.804465E+00
+7.070312E+02,-1.330330E-07,+4.442413E-06,-1.070437E+02,+1.600733E+00
+7.072754E+02,-1.349568E-06,-4.604517E-06,-1.063784E+02,-1.855908E+00
+7.075195E+02,+5.251890E-06,-1.032410E-06,-1.054290E+02,-1.941037E-01
+7.077637E+02,-8.105400E-06,+2.467001E-06,-1.014397E+02,+2.846136E+00
+7.080078E+02,+7.527202E-06,-8.441497E-08,-1.024668E+02,-1.121418E-02
+7.082520E+02,+2.552663E-06,+1.638724E-06,-1.103614E+02,+5.707070E-01
+7.084961E+02,-1.102657E-05,-3.069427E-06,-9.882706E+01,-2.870100E+00
+7.087402E+02,+7.163400E-06,-4.827164E-06,-1.012717E+02,-5.929695E-01
+7.089844E+02,-2.605254E-06,+1.548766E-05,-9.607910E+01,+1.737451E+00
+7.092285E+02,+1.398470E-06,-1.436557E-05,-9.681258E+01,-1.473753E+00
+7.094727E+02,-7.014106E-07,+3.272082E-06,-1.095084E+02,+1.781963E+00
+7.097168E+02,+2.120653E-07,+4.962477E-06,-1.060781E+02,+1.528089E+00
+7.099609E+02,+5.586184E-07,-4.008986E-06,-1.078558E+02,-1.432346E+00
+7.102051E+02,-1.709721E-06,-3.171112E-07,-1.151946E+02,-2.958201E+00
+7.104492E+02,+4.525356E-06,+3.035865E-06,-1.052731E+02,+5.908977E-01
+7.106934E+02,-1.984659E-06,-8.048067E-07,-1.133851E+02,-2.756342E+00
+7.109375E+02,-3.847407E-06,-2.650047E-06,-1.066104E+02,-2.538431E+00
+7.111816E+02,+8.617179E-06,+2.135471E-06,-1.010339E+02,+2.429216E-01
+7.114258E+02,-1.286006E-05,-2.882504E-07,-9.781296E+01,-3.119182E+00
+7.116699E+02,+1.056292E-05,-5.266094E-06,-9.856027E+01,-4.624833E-01
+7.119141E+02,-4.536266E-06,+1.065258E-05,-9.872717E+01,+1.973376E+00
+7.121582E+02,+1.750925E-07,-7.942685E-06,-1.019985E+02,-1.548755E+00
+7.124023E+02,-3.016336E-06,+4.782492E-06,-1.049525E+02,+2.133487E+00
+7.126465E+02,+8.695208E-06,-2.351888E-06,-1.009078E+02,-2.641600E-01
+7.128906E+02,-7.541594E-06,-1.940528E-06,-1.021723E+02,-2.889746E+00
+7.131348E+02,+5.414001E-06,+1.123623E-06,-1.051465E+02,+2.046352E-01
+7.133789E+02,-6.922189E-06,-1.652379E-07,-1.031927E+02,-3.117726E+00
+7.136230E+02,+9.561837E-06,+3.216329E-06,-9.992365E+01,+3.244823E-01
+7.138672E+02,-8.808517E-06,-1.727331E-06,-1.009381E+02,-2.947952E+00
+7.141113E+02,+2.882756E-06,+2.660774E-06,-1.081276E+02,+7.453761E-01
+7.143555E+02,+5.381023E-07,-9.414723E-06,-1.005097E+02,-1.513703E+00
+7.145996E+02,+2.407314E-07,+8.586616E-06,-1.013201E+02,+1.542768E+00
+7.148438E+02,-7.394800E-07,-1.218981E-07,-1.225050E+02,-2.978219E+00
+7.150879E+02,+3.556017E-06,-5.115946E-06,-1.041096E+02,-9.633767E-01
+7.153320E+02,-4.841817E-06,+7.081906E-06,-1.013314E+02,+2.170491E+00
+7.155762E+02,+1.885764E-06,-8.646491E-06,-1.010614E+02,-1.356063E+00
+7.158203E+02,-7.796955E-07,+7.790271E-06,-1.021257E+02,+1.670550E+00
+7.160645E+02,+3.258162E-06,-5.589410E-06,-1.037823E+02,-1.043033E+00
+7.163086E+02,-6.957918E-06,+2.769761E-06,-1.025116E+02,+2.762748E+00
+7.165527E+02,+6.668455E-06,+1.706291E-06,-1.032441E+02,+2.505004E-01
+7.167969E+02,-3.925874E-07,-2.109606E-06,-1.133681E+02,-1.754787E+00
+7.170410E+02,-1.682119E-06,+7.103148E-08,-1.154751E+02,+3.099390E+00
+7.172852E+02,+4.604651E-06,-6.620582E-06,-1.018685E+02,-9.630932E-01
+7.175293E+02,-1.044553E-05,+1.062884E-05,-9.653488E+01,+2.347497E+00
+7.177734E+02,+4.357616E-06,-2.562442E-06,-1.059253E+02,-5.315772E-01
+7.180176E+02,+1.026463E-06,-3.204710E-06,-1.094601E+02,-1.260823E+00
+7.182617E+02,+3.775715E-06,-9.145048E-07,-1.082124E+02,-2.376308E-01
+7.185059E+02,-1.030067E-06,+8.641449E-06,-1.012070E+02,+1.689437E+00
+7.187500E+02,-6.032474E-06,-6.310603E-06,-1.011796E+02,-2.333665E+00
+7.189941E+02,+8.125035E-06,-1.715449E-06,-1.016141E+02,-2.080754E-01
+7.192383E+02,-6.190011E-06,+9.959441E-07,-1.040552E+02,+2.982064E+00
+7.194824E+02,+3.799747E-06,+5.866468E-06,-1.031110E+02,+9.960354E-01
+7.197266E+02,-1.080469E-06,-1.071595E-05,-9.935546E+01,-1.671285E+00
+7.199707E+02,-4.964171E-06,+4.939602E-06,-1.030943E+02,+2.358675E+00
+7.202148E+02,+9.033902E-06,+7.634731E-06,-9.854180E+01,+7.016541E-01
+7.204590E+02,-9.141139E-06,-1.142455E-05,-9.669422E+01,-2.245617E+00
+7.207031E+02,+7.067946E-06,+1.086119E-05,-9.774894E+01,+9.938924E-01
+7.209473E+02,+8.533756E-07,-1.191231E-05,-9.845786E+01,-1.499280E+00
+7.211914E+02,-1.360237E-05,+6.796565E-06,-9.635979E+01,+2.678217E+00
+7.214355E+02,+1.425146E-05,+3.920636E-06,-9.660598E+01,+2.684631E-01
+7.216797E+02,+5.813941E-07,-1.194176E-05,-9.844835E+01,-1.522149E+00
+7.219238E+02,-7.889678E-06,+7.122854E-06,-9.946990E+01,+2.407229E+00
+7.221680E+02,+7.995886E-06,+2.719386E-06,-1.014673E+02,+3.278265E-01
+7.224121E+02,-7.600339E-06,-5.360360E-06,-1.006299E+02,-2.527333E+00
+7.226562E+02,+1.640246E-06,+6.526102E-06,-1.034409E+02,+1.324560E+00
+7.229004E+02,+3.838922E-06,-5.282881E-06,-1.037012E+02,-9.423931E-01
+7.231445E+02,-3.131851E-06,-2.259444E-07,-1.100614E+02,-3.069573E+00
+7.233887E+02,+1.180366E-06,+3.006502E-06,-1.098162E+02,+1.196682E+00
+7.236328E+02,-3.001801E-06,-5.951053E-06,-1.035236E+02,-2.037970E+00
+7.238770E+02,+5.088623E-06,+2.978759E-06,-1.045883E+02,+5.295973E-01
+7.241211E+02,-1.973168E-06,+2.609629E-06,-1.097047E+02,+2.218197E+00
+7.243652E+02,-4.067043E-06,-1.585012E-06,-1.072003E+02,-2.769979E+00
+7.246094E+02,+4.344579E-06,-2.781679E-06,-1.057490E+02,-5.695007E-01
+7.248535E+02,+1.187823E-06,+5.118200E-06,-1.055898E+02,+1.342755E+00
+7.250977E+02,-6.283009E-06,-5.423195E-06,-1.016186E+02,-2.429512E+00
+7.253418E+02,+6.147921E-06,+7.597817E-06,-1.001989E+02,+8.904892E-01
+7.255859E+02,+2.719240E-06,-5.931713E-06,-1.037080E+02,-1.140959E+00
+7.258301E+02,-7.600729E-06,+1.355558E-06,-1.022469E+02,+2.965102E+00
+7.260742E+02,+4.382613E-06,+4.034287E-06,-1.044998E+02,+7.440376E-01
+7.263184E+02,-3.234975E-06,-6.487101E-06,-1.027945E+02,-2.033386E+00
+7.265625E+02,+2.611646E-06,+2.666930E-06,-1.085595E+02,+7.958711E-01
+7.268066E+02,-1.336777E-06,-3.848070E-06,-1.078003E+02,-1.905143E+00
+7.270508E+02,-2.709530E-06,+8.607007E-06,-1.008926E+02,+1.875780E+00
+7.272949E+02,+4.176754E-06,-9.798870E-06,-9.945145E+01,-1.167869E+00
+7.275391E+02,-3.102163E-06,+7.716443E-06,-1.016010E+02,+1.953043E+00
+7.277832E+02,+1.989375E-06,-3.473754E-06,-1.079521E+02,-1.050702E+00
+7.280273E+02,+6.122221E-06,-2.066008E-06,-1.037934E+02,-3.254605E-01
+7.282715E+02,-5.353332E-06,+5.610874E-06,-1.022084E+02,+2.332710E+00
+7.285156E+02,-6.436406E-06,-2.491819E-06,-1.032206E+02,-2.772218E+00
+7.287598E+02,+6.650809E-06,-1.438201E-07,-1.035405E+02,-2.162108E-02
+7.290039E+02,+3.152715E-06,-4.322425E-06,-1.054329E+02,-9.406193E-01
+7.292480E+02,-5.052551E-06,+4.686499E-06,-1.032338E+02,+2.393763E+00
+7.294922E+02,-3.501306E-06,-4.606555E-06,-1.047522E+02,-2.220711E+00
+7.297363E+02,+2.063578E-06,+9.129551E-06,-1.005746E+02,+1.348499E+00
+7.299805E+02,+5.008550E-06,-4.232755E-06,-1.036651E+02,-7.016460E-01
+7.302246E+02,-8.966941E-07,-6.569699E-07,-1.190810E+02,-2.509283E+00
+7.304688E+02,-6.581783E-06,-2.455687E-06,-1.030671E+02,-2.784486E+00
+7.307129E+02,+5.175983E-06,+1.290315E-06,-1.054583E+02,+2.443092E-01
+7.309570E+02,+2.429524E-06,+1.618988E-06,-1.106937E+02,+5.878046E-01
+7.312012E+02,+9.371291E-07,-6.739190E-07,-1.187537E+02,-6.234508E-01
+7.314453E+02,-6.933091E-06,-5.146992E-06,-1.012750E+02,-2.502986E+00
+7.316895E+02,+1.103394E-06,+9.544903E-06,-1.003469E+02,+1.455707E+00
+7.319336E+02,+2.311608E-06,-7.920040E-06,-1.016704E+02,-1.286816E+00
+7.321777E+02,+1.031571E-06,+6.014357E-06,-1.042903E+02,+1.400931E+00
+7.324219E+02,-1.358381E-06,-2.998576E-06,-1.096510E+02,-1.996149E+00
+7.326660E+02,-2.937177E-06,-3.572951E-06,-1.066973E+02,-2.258844E+00
+7.329102E+02,+1.079921E-06,+6.500817E-06,-1.036224E+02,+1.406179E+00
+7.331543E+02,+4.727916E-06,-4.460298E-06,-1.037420E+02,-7.562801E-01
+7.333984E+02,-1.601792E-06,+1.827724E-06,-1.122868E+02,+2.290411E+00
+7.336426E+02,-1.343941E-06,-6.098898E-07,-1.166191E+02,-2.715578E+00
+7.338867E+02,-3.812763E-06,-4.256435E-07,-1.083214E+02,-3.030416E+00
+7.341309E+02,+4.493795E-06,+3.894593E-06,-1.045146E+02,+7.140870E-01
+7.343750E+02,-5.786975E-06,-3.142011E-06,-1.036290E+02,-2.644182E+00
+7.346191E+02,+1.174638E-05,-2.724117E-06,-9.837441E+01,-2.278829E-01
+7.348633E+02,-6.480017E-06,+6.293174E-06,-1.008834E+02,+2.370821E+00
+7.351074E+02,-5.355567E-06,-3.590934E-06,-1.038115E+02,-2.550938E+00
+7.353516E+02,+9.808727E-06,-1.790087E-06,-1.000255E+02,-1.805128E-01
+7.355957E+02,-7.098430E-06,+3.056485E-06,-1.022381E+02,+2.735000E+00
+7.358398E+02,+1.205731E-06,-1.260444E-06,-1.151677E+02,-8.075801E-01
+7.360840E+02,+1.361883E-06,+2.071245E-06,-1.121149E+02,+9.891534E-01
+7.363281E+02,-1.208281E-06,-3.026261E-06,-1.097395E+02,-1.950669E+00
+7.365723E+02,-4.144448E-07,-1.906986E-06,-1.141926E+02,-1.784798E+00
+7.368164E+02,+1.310556E-06,+1.256871E-05,-9.796722E+01,+1.466900E+00
+7.370605E+02,+5.159169E-06,-1.520900E-05,-9.588497E+01,-1.243759E+00
+7.373047E+02,-1.280482E-05,+8.797014E-06,-9.617352E+01,+2.539639E+00
+7.375488E+02,+8.839072E-06,-8.933494E-06,-9.801517E+01,-7.907110E-01
+7.377930E+02,+3.334277E-06,+6.216416E-06,-1.030311E+02,+1.078481E+00
+7.380371E+02,-7.674266E-06,+4.396275E-07,-1.022850E+02,+3.084369E+00
+7.382812E+02,+1.126079E-06,+3.027566E-06,-1.098154E+02,+1.214709E+00
+7.385254E+02,+4.144888E-06,-3.710160E-06,-1.050940E+02,-7.301107E-01
+7.387695E+02,-1.648648E-06,+1.796451E-07,-1.156062E+02,+3.033056E+00
+7.390137E+02,+1.283199E-06,-3.409136E-07,-1.175379E+02,-2.596762E-01
+7.392578E+02,-6.277450E-06,-8.510250E-07,-1.039652E+02,-3.006845E+00
+7.395020E+02,+1.418500E-06,+2.642133E-06,-1.104610E+02,+1.078084E+00
+7.397461E+02,+6.235064E-06,-2.026872E-06,-1.036669E+02,-3.143010E-01
+7.399902E+02,-8.444644E-07,+2.633712E-08,-1.214641E+02,+3.110415E+00
+7.402344E+02,-6.085096E-06,-2.986433E-06,-1.033774E+02,-2.685349E+00
+7.404785E+02,+4.539380E-06,+5.314239E-06,-1.031116E+02,+8.638737E-01
+7.407227E+02,-2.448695E-07,+1.426611E-06,-1.167878E+02,+1.740784E+00
+7.409668E+02,+8.892709E-09,-1.768506E-06,-1.150478E+02,-1.565768E+00
+7.412109E+02,-1.111399E-06,-4.342845E-06,-1.069690E+02,-1.821334E+00
+7.414551E+02,+4.428634E-07,+5.579626E-06,-1.050406E+02,+1.491591E+00
+7.416992E+02,-4.605757E-07,-4.823106E-06,-1.062940E+02,-1.666001E+00
+7.419434E+02,+1.238580E-06,+5.827038E-06,-1.044991E+02,+1.361356E+00
+7.421875E+02,+1.713061E-06,-6.426278E-06,-1.035427E+02,-1.310283E+00
+7.424316E+02,-4.735658E-06,+4.787812E-06,-1.034343E+02,+2.350718E+00
+7.426758E+02,+1.696536E-06,-8.868450E-07,-1.143596E+02,-4.816727E-01
+7.429199E+02,-1.771935E-06,-5.351444E-06,-1.049788E+02,-1.890548E+00
+7.431641E+02,+7.163821E-06,+6.147622E-06,-1.005006E+02,+7.092056E-01
+7.434082E+02,-9.036932E-06,+1.059937E-06,-1.008202E+02,+3.024837E+00
+7.436523E+02,+6.915148E-06,-2.724178E-06,-1.025774E+02,-3.752744E-01
+7.438965E+02,-6.955750E-06,-4.483622E-06,-1.016440E+02,-2.569029E+00
+7.441406E+02,+1.005949E-05,+8.199865E-06,-9.773578E+01,+6.839031E-01
+7.443848E+02,-9.307907E-06,-5.331218E-06,-9.939079E+01,-2.621442E+00
+7.446289E+02,+2.329362E-06,+5.698686E-06,-1.042135E+02,+1.182766E+00
+7.448730E+02,+6.521928E-06,-6.507516E-06,-1.007118E+02,-7.842921E-01
+7.451172E+02,-7.902649E-06,+3.088692E-06,-1.014272E+02,+2.769006E+00
+7.453613E+02,+1.460657E-06,-1.093947E-06,-1.147752E+02,-6.428237E-01
+7.456055E+02,+7.026255E-07,+1.845391E-06,-1.140903E+02,+1.206998E+00
+7.458496E+02,+3.797346E-07,-2.155900E-06,-1.131947E+02,-1.396447E+00
+7.460938E+02,+5.060945E-06,-1.558782E-06,-1.055218E+02,-2.987820E-01
+7.463379E+02,-4.779891E-06,+5.068012E-06,-1.031397E+02,+2.326946E+00
+7.465820E+02,-6.250967E-07,-5.182118E-06,-1.056471E+02,-1.690842E+00
+7.468262E+02,-1.194382E-06,+4.206256E-06,-1.071853E+02,+1.847467E+00
+7.470703E+02,+4.628457E-06,-5.071509E-06,-1.032658E+02,-8.310421E-01
+7.473145E+02,-3.596226E-06,+5.466090E-06,-1.036844E+02,+2.152716E+00
+7.475586E+02,-5.689110E-07,-9.639259E-07,-1.190211E+02,-2.103980E+00
+7.478027E+02,+2.517970E-06,-1.210862E-06,-1.110755E+02,-4.482414E-01
+7.480469E+02,-3.233259E-07,+8.068707E-07,-1.212172E+02,+1.951920E+00
+7.482910E+02,-1.518311E-06,-7.496689E-07,-1.154253E+02,-2.682956E+00
+7.485352E+02,-2.284513E-08,+1.381822E-06,-1.171898E+02,+1.587327E+00
+7.487793E+02,+3.840983E-06,-1.633800E-06,-1.075889E+02,-4.021753E-01
+7.490234E+02,-5.163299E-06,-3.302907E-06,-1.042517E+02,-2.572500E+00
+7.492676E+02,+8.048445E-08,+5.841330E-07,-1.245881E+02,+1.433874E+00
+7.495117E+02,+4.290019E-06,+5.587493E-06,-1.030431E+02,+9.160067E-01
+7.497559E+02,+1.092035E-07,+1.705363E-06,-1.153459E+02,+1.506848E+00
+7.500000E+02,-5.715976E-06,-2.862458E-06,-1.038864E+02,-2.677320E+00
+7.502441E+02,+6.378389E-06,-3.923893E-06,-1.025119E+02,-5.515106E-01
+7.504883E+02,-3.329322E-06,+2.508934E-06,-1.075997E+02,+2.495800E+00
+7.507324E+02,-2.404889E-07,-1.456236E-06,-1.166185E+02,-1.734463E+00
+7.509766E+02,+3.347926E-06,-3.801733E-07,-1.094488E+02,-1.130705E-01
+7.512207E+02,-6.210108E-06,+3.493496E-07,-1.041243E+02,+3.085397E+00
+7.514648E+02,+5.880739E-06,-7.209698E-07,-1.045466E+02,-1.219897E-01
+7.517090E+02,-3.794744E-06,+6.961262E-06,-1.020163E+02,+2.069888E+00
+7.519531E+02,-4.110956E-07,-6.034135E-06,-1.043676E+02,-1.638820E+00
+7.521973E+02,+4.550590E-06,+2.666231E-07,-1.068238E+02,+5.852399E-02
+7.524414E+02,-4.217097E-06,-1.267760E-06,-1.071240E+02,-2.849564E+00
+7.526855E+02,+1.022737E-06,+6.340927E-06,-1.038454E+02,+1.410882E+00
+7.529297E+02,-1.134789E-06,-6.268576E-06,-1.039166E+02,-1.749885E+00
+7.531738E+02,+8.435266E-06,+5.253739E-06,-1.000544E+02,+5.570375E-01
+7.534180E+02,-1.407971E-05,-5.096920E-06,-9.649332E+01,-2.794264E+00
+7.536621E+02,+1.037567E-05,-1.672180E-06,-9.956831E+01,-1.597895E-01
+7.539062E+02,+1.329576E-06,+3.403732E-06,-1.087442E+02,+1.198400E+00
+7.541504E+02,-8.061528E-06,-5.745362E-07,-1.018497E+02,-3.070444E+00
+7.543945E+02,+8.539664E-06,+2.106674E-06,-1.011146E+02,+2.418637E-01
+7.546387E+02,-6.356814E-06,+7.793254E-08,-1.039346E+02,+3.129333E+00
+7.548828E+02,+3.785538E-06,-9.321450E-07,-1.081818E+02,-2.414353E-01
+7.551270E+02,-6.123599E-06,-2.694052E-06,-1.034914E+02,-2.727131E+00
+7.553711E+02,+4.401707E-06,+3.228979E-06,-1.052576E+02,+6.329056E-01
+7.556152E+02,+2.108053E-06,-6.716754E-06,-1.030488E+02,-1.266682E+00
+7.558594E+02,-9.017493E-06,+3.648649E-06,-1.002398E+02,+2.757111E+00
+7.561035E+02,+1.001804E-05,+1.015630E-05,-9.691411E+01,+7.922514E-01
+7.563477E+02,-5.340355E-06,-1.472898E-05,-9.610015E+01,-1.918629E+00
+7.565918E+02,+4.149992E-06,+8.248123E-06,-1.006929E+02,+1.104637E+00
+7.568359E+02,-2.160926E-06,-1.741956E-06,-1.111328E+02,-2.463134E+00
+7.570801E+02,+2.759328E-06,-1.630868E-07,-1.111688E+02,-5.903512E-02
+7.573242E+02,-1.027724E-05,+4.298064E-07,-9.975488E+01,+3.099796E+00
+7.575684E+02,+1.274955E-05,-3.612061E-06,-9.755481E+01,-2.760744E-01
+7.578125E+02,-5.357698E-06,+7.510816E-06,-1.006998E+02,+2.190413E+00
+7.580566E+02,-2.793309E-06,-9.653969E-06,-9.995671E+01,-1.852448E+00
+7.583008E+02,+3.059430E-06,+7.507211E-06,-1.018231E+02,+1.183814E+00
+7.585449E+02,-2.919558E-06,-4.530043E-06,-1.053693E+02,-2.143287E+00
+7.587891E+02,+7.820899E-06,+8.010414E-06,-9.901933E+01,+7.973685E-01
+7.590332E+02,-5.782833E-06,-1.028960E-05,-9.855996E+01,-2.082812E+00
+7.592773E+02,-4.205662E-06,+6.879813E-06,-1.018696E+02,+2.119487E+00
+7.595215E+02,+4.772058E-06,-7.234855E-06,-1.012427E+02,-9.877070E-01
+7.597656E+02,-1.410306E-06,+6.829953E-06,-1.031303E+02,+1.774423E+00
+7.600098E+02,+2.457964E-06,-1.383717E-06,-1.109929E+02,-5.127330E-01
+7.602539E+02,-5.115690E-09,-1.508668E-07,-1.364231E+02,-1.604692E+00
+7.604980E+02,-2.173953E-06,-4.179961E-06,-1.065368E+02,-2.050386E+00
+7.607422E+02,-1.043905E-06,+5.117389E-06,-1.056420E+02,+1.772027E+00
+7.609863E+02,+4.576404E-06,-8.700242E-07,-1.066353E+02,-1.878690E-01
+7.612305E+02,-1.696965E-06,+1.974330E-06,-1.116892E+02,+2.280788E+00
+7.614746E+02,+7.939279E-07,-4.643865E-06,-1.065373E+02,-1.401471E+00
+7.617188E+02,-3.788780E-06,+5.603656E-10,-1.084300E+02,+3.141445E+00
+7.619629E+02,-1.691285E-06,+5.288176E-06,-1.051109E+02,+1.880340E+00
+7.622070E+02,+5.998335E-06,-3.326362E-06,-1.032749E+02,-5.063279E-01
+7.624512E+02,+7.639131E-07,+1.503273E-06,-1.154616E+02,+1.100637E+00
+7.626953E+02,-5.313447E-06,-1.607840E-06,-1.051120E+02,-2.847754E+00
+7.629395E+02,-4.136755E-06,-1.417042E-06,-1.071850E+02,-2.811571E+00
+7.631836E+02,+9.571417E-06,-4.095811E-06,-9.965020E+01,-4.043422E-01
+7.634277E+02,-5.092071E-06,+1.246419E-05,-9.741637E+01,+1.958640E+00
+7.636719E+02,+3.472402E-08,-1.163766E-05,-9.868265E+01,-1.567813E+00
+7.639160E+02,+6.571050E-06,+5.849067E-06,-1.011131E+02,+7.273334E-01
+7.641602E+02,-7.872242E-06,-3.424921E-06,-1.013252E+02,-2.731230E+00
+7.644043E+02,+2.498156E-06,+9.419397E-06,-1.002243E+02,+1.311551E+00
+7.646484E+02,+2.958550E-06,-9.659224E-06,-9.991172E+01,-1.273576E+00
+7.648926E+02,-3.314158E-06,+2.994886E-06,-1.069999E+02,+2.406757E+00
+7.651367E+02,+3.212408E-06,-2.235087E-06,-1.081488E+02,-6.078793E-01
+7.653809E+02,-7.532226E-06,+5.491595E-06,-1.006102E+02,+2.511615E+00
+7.656250E+02,+9.991989E-06,-6.813863E-06,-9.834850E+01,-5.984970E-01
+7.658691E+02,-6.991535E-06,+3.442231E-06,-1.021659E+02,+2.684090E+00
+7.661133E+02,-4.488270E-06,-1.235811E-06,-1.066411E+02,-2.872908E+00
+7.663574E+02,+1.065417E-05,+5.802291E-06,-9.832157E+01,+4.986902E-01
+7.666016E+02,-3.900642E-06,-4.566400E-06,-1.044289E+02,-2.277727E+00
+7.668457E+02,+3.737153E-07,-8.556667E-07,-1.205957E+02,-1.159013E+00
+7.670898E+02,-7.914788E-07,-2.394130E-06,-1.119666E+02,-1.890077E+00
+7.673340E+02,-1.544138E-06,+2.025584E-06,-1.118793E+02,+2.222134E+00
+7.675781E+02,+4.275975E-06,+4.059129E-06,-1.045891E+02,+7.593880E-01
+7.678223E+02,-8.167724E-06,-3.214647E-06,-1.011325E+02,-2.766634E+00
+7.680664E+02,+1.098106E-05,+8.758515E-07,-9.915958E+01,+7.959168E-02
+7.683105E+02,-7.330628E-06,+5.871934E-07,-1.026694E+02,+3.061662E+00
+7.685547E+02,+2.189505E-06,-1.820490E-06,-1.109108E+02,-6.936327E-01
+7.687988E+02,-1.142796E-06,+1.786181E-06,-1.134713E+02,+2.139966E+00
+7.690430E+02,+1.184443E-06,-4.386247E-06,-1.068525E+02,-1.307051E+00
+7.692871E+02,+2.325610E-07,+5.546374E-06,-1.051122E+02,+1.528891E+00
+7.695312E+02,-2.322251E-06,-3.480039E-07,-1.125854E+02,-2.992843E+00
+7.697754E+02,+4.049211E-06,-3.193190E-06,-1.057524E+02,-6.677482E-01
+7.700195E+02,-5.133497E-06,-3.258796E-06,-1.043212E+02,-2.575970E+00
+7.702637E+02,+2.775982E-06,+7.670668E-06,-1.017688E+02,+1.223564E+00
+7.705078E+02,+2.063395E-06,-3.648517E-06,-1.075525E+02,-1.056098E+00
+7.707520E+02,-4.738521E-06,+6.538776E-06,-1.018569E+02,+2.197895E+00
+7.709961E+02,+8.856035E-06,-7.554299E-06,-9.868071E+01,-7.062398E-01
+7.712402E+02,-8.521936E-06,+4.066920E-06,-1.004981E+02,+2.696327E+00
+7.714844E+02,-1.001685E-06,-7.562934E-06,-1.023507E+02,-1.702477E+00
+7.717285E+02,+4.217446E-06,+8.703902E-06,-1.002898E+02,+1.119588E+00
+7.719727E+02,+4.145310E-06,-5.446395E-06,-1.032932E+02,-9.202222E-01
+7.722168E+02,-8.165619E-06,+4.678485E-06,-1.005274E+02,+2.621301E+00
+7.724609E+02,+3.075802E-06,-1.464099E-06,-1.093539E+02,-4.442685E-01
+7.727051E+02,+3.089549E-06,-3.815065E-06,-1.061798E+02,-8.900909E-01
+7.729492E+02,-1.016497E-05,+3.089742E-06,-9.947410E+01,+2.846507E+00
+7.731934E+02,+1.191001E-05,+1.777831E-06,-9.838605E+01,+1.481778E-01
+7.734375E+02,-5.392234E-06,-4.514679E-06,-1.030576E+02,-2.444544E+00
+7.736816E+02,+2.325647E-06,+3.003298E-06,-1.084078E+02,+9.118835E-01
+7.739258E+02,+2.932067E-07,+2.135255E-06,-1.133299E+02,+1.434333E+00
+7.741699E+02,-5.609667E-06,-6.083919E-06,-1.016442E+02,-2.315660E+00
+7.744141E+02,+8.787966E-06,+4.847403E-06,-9.996860E+01,+5.040674E-01
+7.746582E+02,-5.855593E-06,-2.058125E-06,-1.041427E+02,-2.803600E+00
+7.749023E+02,+3.042628E-06,-8.853787E-07,-1.099820E+02,-2.831717E-01
+7.751465E+02,-4.565591E-06,+1.216382E-06,-1.065122E+02,+2.881217E+00
+7.753906E+02,+2.722298E-06,+1.430394E-06,-1.102425E+02,+4.837891E-01
+7.756348E+02,-1.063179E-06,+4.817904E-07,-1.186567E+02,+2.716114E+00
+7.758789E+02,-1.747202E-06,+5.025046E-07,-1.148080E+02,+2.861546E+00
+7.761230E+02,+4.853816E-06,-1.998871E-06,-1.055980E+02,-3.906494E-01
+7.763672E+02,-5.241913E-06,-4.221393E-06,-1.034392E+02,-2.463619E+00
+7.766113E+02,+5.898773E-06,+1.085180E-05,-9.816567E+01,+1.072899E+00
+7.768555E+02,-5.303780E-06,-2.067034E-05,-9.341614E+01,-1.821967E+00
+7.770996E+02,+5.622939E-06,+2.616711E-05,-9.144884E+01,+1.359129E+00
+7.773438E+02,-4.377306E-06,-1.522398E-05,-9.600447E+01,-1.850771E+00
+7.775879E+02,+7.030864E-07,+6.014045E-06,-1.043577E+02,+1.454417E+00
+7.778320E+02,+1.814674E-06,-5.262048E-06,-1.050889E+02,-1.238707E+00
+7.780762E+02,-3.422278E-06,+1.627036E-06,-1.084287E+02,+2.697798E+00
+7.783203E+02,+5.551601E-06,-5.678002E-07,-1.050664E+02,-1.019224E-01
+7.785645E+02,-5.279028E-06,-5.024116E-06,-1.027483E+02,-2.380931E+00
+7.788086E+02,+1.716749E-06,+1.031250E-05,-9.961400E+01,+1.405836E+00
+7.790527E+02,+5.067862E-06,-1.120064E-06,-1.056964E+02,-2.175164E-01
+7.792969E+02,-8.389638E-06,-3.905609E-06,-1.006732E+02,-2.705901E+00
+7.795410E+02,+4.955395E-06,+1.324824E-06,-1.057986E+02,+2.612400E-01
+7.797852E+02,-3.268627E-06,-3.873507E-06,-1.059027E+02,-2.271704E+00
+7.800293E+02,+9.812486E-07,+3.987053E-06,-1.077316E+02,+1.329483E+00
+7.802734E+02,+2.557200E-06,+3.113471E-06,-1.078960E+02,+8.831815E-01
+7.805176E+02,-4.759360E-07,-7.713313E-06,-1.022387E+02,-1.632421E+00
+7.807617E+02,-3.930854E-06,+5.536311E-06,-1.033628E+02,+2.188211E+00
+7.810059E+02,+2.477930E-06,-5.944770E-07,-1.118752E+02,-2.354587E-01
+7.812500E+02,+1.362575E-06,+6.550524E-07,-1.164098E+02,+4.481260E-01
+7.814941E+02,+3.593836E-06,-7.589362E-06,-1.015172E+02,-1.128543E+00
+7.817383E+02,-6.202727E-06,+1.067497E-05,-9.816933E+01,+2.097168E+00
+7.819824E+02,+4.331403E-06,+5.779935E-07,-1.071908E+02,+1.326588E-01
+7.822266E+02,-5.434253E-06,-8.319559E-06,-1.000548E+02,-2.149411E+00
+7.824707E+02,-6.861761E-07,-7.179247E-07,-1.200601E+02,-2.333587E+00
+7.827148E+02,+1.123002E-05,+4.519837E-06,-9.834037E+01,+3.826408E-01
+7.829590E+02,-1.372738E-05,-4.259294E-06,-9.684907E+01,-2.840734E+00
+7.832031E+02,+5.032299E-06,+5.056472E-06,-1.029335E+02,+7.877942E-01
+7.834473E+02,-1.381160E-06,-8.182553E-09,-1.171950E+02,-3.135668E+00
+7.836914E+02,+7.624732E-06,-3.600942E-06,-1.014811E+02,-4.412196E-01
+7.839355E+02,-8.262524E-06,+3.650882E-06,-1.008832E+02,+2.725528E+00
+7.841797E+02,+5.306749E-06,-2.586133E-07,-1.054931E+02,-4.869439E-02
+7.844238E+02,-3.254035E-06,-1.174367E-06,-1.092198E+02,-2.795244E+00
+7.846680E+02,+6.418292E-06,-4.852408E-06,-1.018882E+02,-6.473478E-01
+7.849121E+02,-1.131620E-05,+8.115622E-06,-9.712378E+01,+2.519437E+00
+7.851562E+02,+7.790347E-06,-6.195388E-06,-1.000405E+02,-6.718469E-01
+7.854004E+02,+8.280487E-07,+2.994918E-06,-1.101524E+02,+1.301050E+00
+7.856445E+02,+1.220716E-06,-4.420617E-06,-1.067712E+02,-1.301369E+00
+7.858887E+02,-1.028776E-05,+7.982147E-06,-9.770695E+01,+2.481728E+00
+7.861328E+02,+9.369292E-06,-3.273854E-06,-1.000656E+02,-3.361614E-01
+7.863770E+02,-6.575449E-06,-1.320115E-06,-1.034699E+02,-2.943462E+00
+7.866211E+02,+1.853670E-06,-9.728773E-07,-1.135827E+02,-4.833203E-01
+7.868652E+02,+1.084072E-05,+2.795637E-06,-9.901921E+01,+2.523841E-01
+7.871094E+02,-1.593616E-05,-7.161799E-06,-9.515341E+01,-2.719233E+00
+7.873535E+02,+5.859243E-06,+1.076148E-05,-9.823502E+01,+1.072213E+00
+7.875977E+02,+1.239039E-06,-1.097992E-05,-9.913306E+01,-1.458426E+00
+7.878418E+02,+6.401108E-08,+9.478013E-06,-1.004655E+02,+1.564043E+00
+7.880859E+02,+3.272599E-06,-5.110453E-06,-1.043384E+02,-1.001218E+00
+7.883301E+02,-1.114075E-05,+5.653528E-06,-9.806656E+01,+2.671992E+00
+7.885742E+02,+7.837850E-06,-5.264792E-06,-1.004988E+02,-5.914886E-01
+7.888184E+02,+6.897478E-07,+1.357236E-06,-1.163492E+02,+1.100610E+00
+7.890625E+02,+1.237203E-06,-5.584497E-06,-1.048522E+02,-1.352775E+00
+7.893066E+02,-7.183945E-06,+1.054435E-05,-9.788365E+01,+2.168866E+00
+7.895508E+02,+7.518615E-06,-1.290244E-05,-9.651691E+01,-1.043173E+00
+7.897949E+02,-4.627445E-06,+1.168428E-05,-9.801520E+01,+1.947884E+00
+7.900391E+02,+3.547238E-06,-6.580210E-06,-1.025273E+02,-1.076378E+00
+7.902832E+02,-1.131990E-06,+4.232735E-06,-1.071676E+02,+1.832118E+00
+7.905273E+02,-4.342602E-06,-1.766879E-06,-1.065797E+02,-2.755177E+00
+7.907715E+02,+8.391474E-07,+2.745478E-06,-1.108398E+02,+1.274167E+00
+7.910156E+02,+8.809220E-06,-7.407284E-06,-9.877882E+01,-6.991614E-01
+7.912598E+02,-4.424760E-06,+4.967490E-06,-1.035404E+02,+2.298474E+00
+7.915039E+02,-5.860388E-06,-1.153213E-07,-1.046398E+02,-3.121917E+00
+7.917480E+02,+2.384421E-06,+1.053612E-06,-1.116777E+02,+4.160753E-01
+7.919922E+02,+6.164502E-06,+9.256456E-08,-1.042011E+02,+1.501461E-02
+7.922363E+02,-7.789872E-06,-4.572506E-06,-1.008836E+02,-2.610801E+00
+7.924805E+02,+4.200412E-06,+1.313721E-05,-9.720722E+01,+1.261335E+00
+7.927246E+02,-7.021474E-08,-1.939160E-05,-9.424767E+01,-1.574417E+00
+7.929688E+02,-2.339320E-06,+1.580955E-05,-9.592755E+01,+1.717699E+00
+7.932129E+02,+2.324129E-06,-1.697801E-05,-9.532164E+01,-1.434751E+00
+7.934570E+02,-3.082835E-07,+1.627720E-05,-9.576685E+01,+1.589734E+00
+7.937012E+02,-2.895086E-06,-8.814005E-06,-1.006516E+02,-1.888158E+00
+7.939453E+02,+5.134251E-06,+6.741600E-06,-1.014382E+02,+9.199266E-01
+7.941895E+02,-3.595342E-06,-3.539521E-06,-1.059423E+02,-2.364018E+00
+7.944336E+02,+5.212253E-07,-7.733263E-07,-1.206063E+02,-9.777309E-01
+7.946777E+02,+3.104560E-07,-3.184261E-07,-1.270382E+02,-7.980709E-01
+7.949219E+02,-4.802166E-06,+2.995612E-06,-1.049438E+02,+2.583854E+00
+7.951660E+02,+6.307951E-06,-2.868805E-06,-1.031857E+02,-4.268317E-01
+7.954102E+02,+1.732616E-06,+2.474699E-06,-1.103971E+02,+9.599816E-01
+7.956543E+02,-3.706653E-06,+8.522251E-07,-1.083966E+02,+2.915602E+00
+7.958984E+02,-1.248569E-06,-1.245006E-06,-1.150738E+02,-2.357623E+00
+7.961426E+02,+5.285674E-06,-1.616155E-06,-1.051498E+02,-2.967340E-01
+7.963867E+02,-1.053524E-05,-3.254376E-06,-9.915130E+01,-2.841987E+00
+7.966309E+02,+1.026437E-05,+2.309722E-06,-9.955883E+01,+2.213366E-01
+7.968750E+02,-1.650985E-06,+1.156798E-05,-9.864727E+01,+1.712559E+00
+7.971191E+02,-5.940659E-06,-1.877514E-05,-9.411395E+01,-1.877240E+00
+7.973633E+02,+3.387275E-06,+1.402489E-05,-9.681580E+01,+1.333816E+00
+7.976074E+02,+2.945633E-06,-7.004182E-06,-1.023856E+02,-1.172698E+00
+7.978516E+02,-1.798629E-06,+6.588656E-07,-1.143543E+02,+2.790457E+00
+7.980957E+02,-3.296625E-06,+6.425907E-06,-1.028266E+02,+2.044806E+00
+7.983398E+02,+2.421058E-06,-8.562307E-06,-1.010141E+02,-1.295232E+00
+7.985840E+02,+4.313280E-06,+3.229220E-06,-1.053712E+02,+6.426488E-01
+7.988281E+02,-4.730844E-06,+3.533756E-07,-1.064771E+02,+3.067035E+00
+7.990723E+02,+6.118556E-07,-2.498254E-06,-1.117943E+02,-1.330611E+00
+7.993164E+02,+3.587356E-06,+7.535751E-06,-1.015704E+02,+1.126496E+00
+7.995605E+02,-8.857442E-06,-7.333605E-06,-9.878651E+01,-2.450034E+00
+7.998047E+02,+3.219350E-06,+2.841346E-07,-1.098109E+02,+8.803029E-02
+8.000488E+02,+2.797165E-06,+4.755468E-06,-1.051657E+02,+1.039099E+00
+8.002930E+02,+1.274903E-06,+9.195651E-07,-1.160713E+02,+6.248671E-01
+8.005371E+02,-3.919953E-06,-1.447940E-06,-1.075789E+02,-2.787761E+00
+8.007812E+02,+7.171354E-06,-6.755808E-06,-1.001292E+02,-7.555699E-01
+8.010254E+02,-1.016366E-05,+5.361051E-06,-9.879292E+01,+2.656209E+00
+8.012695E+02,+1.078748E-05,-1.434635E-06,-9.926546E+01,-1.322150E-01
+8.015137E+02,-8.196976E-06,+2.245474E-06,-1.014127E+02,+2.874213E+00
+8.017578E+02,+5.808326E-06,-4.660832E-06,-1.025602E+02,-6.762268E-01
+8.020020E+02,-3.910109E-06,+5.557618E-06,-1.033558E+02,+2.183907E+00
+8.022461E+02,-3.834227E-06,+4.149690E-07,-1.082759E+02,+3.033785E+00
+8.024902E+02,+6.873507E-06,-2.831597E-06,-1.025757E+02,-3.907724E-01
+8.027344E+02,+1.228270E-06,-2.177343E-06,-1.120416E+02,-1.057182E+00
+8.029785E+02,-4.925091E-06,+2.550850E-06,-1.051197E+02,+2.663704E+00
+8.032227E+02,-1.526024E-06,-3.653121E-07,-1.160868E+02,-2.906626E+00
+8.034668E+02,+3.602131E-06,+3.829450E-06,-1.055846E+02,+8.159768E-01
+8.037109E+02,-6.218579E-07,-7.846689E-06,-1.020791E+02,-1.649882E+00
+8.039551E+02,+5.099746E-06,+5.652147E-06,-1.023692E+02,+8.367302E-01
+8.041992E+02,-5.645864E-06,-1.971271E-06,-1.044658E+02,-2.805672E+00
+8.044434E+02,-2.848446E-06,-3.888720E-06,-1.063384E+02,-2.202996E+00
+8.046875E+02,+7.396080E-06,+7.177538E-06,-9.973798E+01,+7.704036E-01
+8.049316E+02,-4.790885E-06,+2.947897E-06,-1.049973E+02,+2.589989E+00
+8.051758E+02,-8.284654E-07,-1.017002E-05,-9.982484E+01,-1.652078E+00
+8.054199E+02,+3.008909E-06,+5.848960E-06,-1.036387E+02,+1.095668E+00
+8.056641E+02,-4.819392E-06,-3.151772E-06,-1.047938E+02,-2.562427E+00
+8.059082E+02,+8.497861E-06,+1.931480E-06,-1.011951E+02,+2.234932E-01
+8.061523E+02,-3.554659E-06,+2.295828E-06,-1.074699E+02,+2.568130E+00
+8.063965E+02,-2.514985E-06,-6.598788E-06,-1.030217E+02,-1.934929E+00
+8.066406E+02,+4.162769E-06,+9.797309E-06,-9.945709E+01,+1.169020E+00
+8.068848E+02,-6.304177E-06,-6.994737E-06,-1.005223E+02,-2.304315E+00
+8.071289E+02,+5.831067E-06,+8.317176E-07,-1.045976E+02,+1.416799E-01
+8.073730E+02,-4.018061E-06,-3.405246E-06,-1.055689E+02,-2.438561E+00
+8.076172E+02,+4.338175E-06,+3.918377E-06,-1.046631E+02,+7.345977E-01
+8.078613E+02,-7.341914E-06,-5.727921E-07,-1.026575E+02,-3.063734E+00
+8.081055E+02,+3.356386E-06,+1.495500E-06,-1.086961E+02,+4.191627E-01
+8.083496E+02,+3.405223E-06,-1.742108E-06,-1.083474E+02,-4.728836E-01
+8.085938E+02,+3.923167E-07,+3.675227E-06,-1.086451E+02,+1.464453E+00
+8.088379E+02,-5.508080E-06,-1.241247E-07,-1.051778E+02,-3.119061E+00
+8.090820E+02,+3.749015E-06,-4.666615E-06,-1.044572E+02,-8.940043E-01
+8.093262E+02,+7.259565E-07,-6.933116E-07,-1.199667E+02,-7.624010E-01
+8.095703E+02,-5.223887E-06,+2.113083E-06,-1.049820E+02,+2.757210E+00
+8.098145E+02,+1.194157E-05,+2.796825E-06,-9.822684E+01,+2.300624E-01
+8.100586E+02,-1.074561E-05,-3.971454E-06,-9.881931E+01,-2.787575E+00
+8.103027E+02,+3.252950E-06,+1.560564E-07,-1.097445E+02,+4.793707E-02
+8.105469E+02,-2.487142E-06,-1.151126E-06,-1.112430E+02,-2.708120E+00
+8.107910E+02,+2.178091E-06,+8.270275E-06,-1.013584E+02,+1.313280E+00
+8.110352E+02,+2.402364E-06,-1.336386E-05,-9.734323E+01,-1.392930E+00
+8.112793E+02,-4.796620E-06,+1.233933E-05,-9.756301E+01,+1.941546E+00
+8.115234E+02,-5.847782E-07,-3.347238E-06,-1.093757E+02,-1.743755E+00
+8.117676E+02,+5.299234E-06,-7.345494E-06,-1.008598E+02,-9.458345E-01
+8.120117E+02,+4.670472E-07,+1.213921E-05,-9.830977E+01,+1.532341E+00
+8.122559E+02,-5.144813E-06,-1.366183E-05,-9.671387E+01,-1.930954E+00
+8.125000E+02,+2.785079E-06,+1.009445E-05,-9.959973E+01,+1.301592E+00
+8.127441E+02,+7.825510E-07,-4.243293E-06,-1.073007E+02,-1.388425E+00
+8.129883E+02,-3.045088E-06,+5.669098E-06,-1.038288E+02,+2.063711E+00
+8.132324E+02,+2.631399E-06,-7.878184E-06,-1.016121E+02,-1.248436E+00
+8.134766E+02,+2.243306E-06,+5.655688E-06,-1.043157E+02,+1.193185E+00
+8.137207E+02,-1.139002E-05,-2.491657E-06,-9.866650E+01,-2.926227E+00
+8.139648E+02,+1.357863E-05,-7.741182E-07,-9.732879E+01,-5.694838E-02
+8.142090E+02,-4.732516E-06,+5.856495E-06,-1.024645E+02,+2.250445E+00
+8.144531E+02,-2.552019E-06,-8.002839E-06,-1.015145E+02,-1.879491E+00
+8.146973E+02,-2.044985E-06,+6.315563E-06,-1.035587E+02,+1.883943E+00
+8.149414E+02,+4.024160E-06,-4.800104E-06,-1.040633E+02,-8.731055E-01
+8.151855E+02,+1.650857E-06,-3.793171E-06,-1.076666E+02,-1.160303E+00
+8.154297E+02,-8.676004E-07,+1.171828E-05,-9.859898E+01,+1.644700E+00
+8.156738E+02,-7.812861E-07,-1.027468E-05,-9.973960E+01,-1.646690E+00
+8.159180E+02,+2.101067E-07,+1.489940E-06,-1.164511E+02,+1.430703E+00
+8.161621E+02,-2.278222E-06,+2.616948E-06,-1.091942E+02,+2.287109E+00
+8.164062E+02,+4.088622E-06,+1.541659E-06,-1.071911E+02,+3.605761E-01
+8.166504E+02,+4.819705E-07,-3.868870E-06,-1.081814E+02,-1.446858E+00
+8.168945E+02,-6.867009E-06,+8.978240E-06,-9.893589E+01,+2.223734E+00
+8.171387E+02,+5.226111E-06,-1.191564E-05,-9.771356E+01,-1.157469E+00
+8.173828E+02,-1.274325E-06,+3.463279E-06,-1.086588E+02,+1.923375E+00
+8.176270E+02,+3.194090E-06,+3.303776E-06,-1.067536E+02,+8.022767E-01
+8.178711E+02,-1.017747E-05,-5.156322E-06,-9.885494E+01,-2.672647E+00
+8.181152E+02,+1.130539E-05,+4.600456E-06,-9.826883E+01,+3.864626E-01
+8.183594E+02,-3.579871E-06,+4.378476E-07,-1.088582E+02,+3.019889E+00
+8.186035E+02,+1.714567E-06,-4.237576E-06,-1.067992E+02,-1.186322E+00
+8.188477E+02,-6.796153E-06,+1.418836E-06,-1.031695E+02,+2.935778E+00
+8.190918E+02,+3.365188E-06,+4.006842E-07,-1.093987E+02,+1.185095E-01
+8.193359E+02,+6.053873E-06,+4.625925E-06,-1.023621E+02,+6.524810E-01
+8.195801E+02,-7.173226E-06,-4.374918E-06,-1.015123E+02,-2.593929E+00
+8.198242E+02,+2.247866E-06,+1.274368E-06,-1.117542E+02,+5.157435E-01
+8.200684E+02,-1.147836E-06,-2.684316E-06,-1.106940E+02,-1.974874E+00
+8.203125E+02,-2.438272E-07,+2.056831E-06,-1.136754E+02,+1.688791E+00
+8.205566E+02,+5.837675E-06,+1.031356E-06,-1.045417E+02,+1.748680E-01
+8.208008E+02,-7.843129E-06,+5.222523E-07,-1.020910E+02,+3.075104E+00
+8.210449E+02,+5.523113E-06,-4.337846E-06,-1.030696E+02,-6.657741E-01
+8.212891E+02,-8.722825E-06,+5.752784E-06,-9.961848E+01,+2.558562E+00
+8.215332E+02,+1.318389E-05,-7.743572E-06,-9.631197E+01,-5.310669E-01
+8.217773E+02,-9.891846E-06,+8.059982E-06,-9.788314E+01,+2.457886E+00
+8.220215E+02,+6.357712E-07,-6.643455E-06,-1.035125E+02,-1.475388E+00
+8.222656E+02,+2.647886E-06,+6.095916E-06,-1.035486E+02,+1.161016E+00
+8.225098E+02,+4.077685E-06,-3.120487E-06,-1.057897E+02,-6.531959E-01
+8.227539E+02,-8.048992E-06,+2.916205E-06,-1.013495E+02,+2.793996E+00
+8.229980E+02,+2.949252E-06,-5.086594E-06,-1.046128E+02,-1.045356E+00
+8.232422E+02,+6.136123E-07,+1.762062E-06,-1.145825E+02,+1.235694E+00
+8.234863E+02,+5.023236E-06,-3.937217E-06,-1.039004E+02,-6.647850E-01
+8.237305E+02,-7.469735E-06,+9.524756E-06,-9.834109E+01,+2.235856E+00
+8.239746E+02,-2.636279E-08,-6.512134E-06,-1.037255E+02,-1.574844E+00
+8.242188E+02,+4.988871E-06,+7.769640E-06,-1.006927E+02,+9.999961E-01
+8.244629E+02,-8.117313E-06,-1.261317E-05,-9.647851E+01,-2.142630E+00
+8.247070E+02,+7.145531E-06,+7.440094E-06,-9.973003E+01,+8.055909E-01
+8.249512E+02,-4.331960E-08,+5.591949E-07,-1.250228E+02,+1.648110E+00
+8.251953E+02,-2.813555E-07,-4.655290E-07,-1.252889E+02,-2.114429E+00
+8.254395E+02,-7.841694E-08,+8.250900E-07,-1.216309E+02,+1.665552E+00
+8.256836E+02,-5.169635E-06,-3.241489E-06,-1.042908E+02,-2.581539E+00
+8.259277E+02,+7.985615E-06,-1.205179E-06,-1.018560E+02,-1.497883E-01
+8.261719E+02,-7.850031E-06,+4.486584E-06,-1.008750E+02,+2.622365E+00
+8.264160E+02,+2.704642E-06,+3.858514E-07,-1.112703E+02,+1.417064E-01
+8.266602E+02,+4.941605E-06,-3.277316E-06,-1.045395E+02,-5.856048E-01
+8.269043E+02,-3.794749E-06,+1.526791E-06,-1.077647E+02,+2.759068E+00
+8.271484E+02,-2.347851E-06,+6.857390E-07,-1.122311E+02,+2.857426E+00
+8.273926E+02,+1.036222E-08,-2.491065E-06,-1.120722E+02,-1.566637E+00
+8.276367E+02,+7.331842E-07,-1.952802E-06,-1.136141E+02,-1.211629E+00
+8.278809E+02,+1.031749E-06,+1.318127E-05,-9.757433E+01,+1.492682E+00
+8.281250E+02,+2.685566E-06,-1.647994E-05,-9.554706E+01,-1.409257E+00
+8.283691E+02,-1.248943E-06,+8.368039E-06,-1.014518E+02,+1.718954E+00
+8.286133E+02,-5.122715E-07,-2.851265E-06,-1.107613E+02,-1.748564E+00
+8.288574E+02,+7.435117E-07,+1.420799E-06,-1.158982E+02,+1.088679E+00
+8.291016E+02,-2.698638E-07,-2.138388E-06,-1.133297E+02,-1.696332E+00
+8.293457E+02,-8.647511E-07,+3.729033E-06,-1.083406E+02,+1.798666E+00
+8.295898E+02,-2.339231E-06,-7.277445E-07,-1.122173E+02,-2.839980E+00
+8.298340E+02,+3.731034E-06,-1.377316E-07,-1.085575E+02,-3.689837E-02
+8.300781E+02,-1.595734E-06,+2.597082E-06,-1.103193E+02,+2.121761E+00
+8.303223E+02,+1.594491E-06,-8.019293E-06,-1.017489E+02,-1.374524E+00
+8.305664E+02,-4.845018E-06,+8.536240E-06,-1.001619E+02,+2.087038E+00
+8.308105E+02,+5.370565E-06,-7.100963E-06,-1.010091E+02,-9.232659E-01
+8.310547E+02,-3.594624E-06,+9.358416E-06,-9.997829E+01,+1.937526E+00
+8.312988E+02,+7.201266E-07,-7.582167E-06,-1.023651E+02,-1.476104E+00
+8.315430E+02,+4.411404E-06,-6.402823E-07,-1.070179E+02,-1.441360E-01
+8.317871E+02,-4.086110E-06,+4.531396E-06,-1.042911E+02,+2.304568E+00
+8.320312E+02,+1.896600E-06,-5.164997E-06,-1.051893E+02,-1.218879E+00
+8.322754E+02,-4.222516E-06,+1.115571E-06,-1.071955E+02,+2.883298E+00
+8.325195E+02,+6.924363E-06,+4.106211E-06,-1.018837E+02,+5.352633E-01
+8.327637E+02,-1.721398E-06,+1.457714E-06,-1.129344E+02,+2.438948E+00
+8.330078E+02,-5.480068E-06,-6.902100E-06,-1.010975E+02,-2.241850E+00
+8.332520E+02,+3.981243E-07,+7.784935E-06,-1.021636E+02,+1.519701E+00
+8.334961E+02,+5.147089E-06,-7.588037E-06,-1.007535E+02,-9.747719E-01
+8.337402E+02,+4.807106E-07,+4.129128E-06,-1.076244E+02,+1.454899E+00
+8.339844E+02,-6.254738E-06,-3.249155E-06,-1.030383E+02,-2.662490E+00
+8.342285E+02,+8.030826E-06,-2.146453E-07,-1.019017E+02,-2.672131E-02
+8.344727E+02,-5.983358E-06,+8.206676E-06,-9.986530E+01,+2.200777E+00
+8.347168E+02,-8.064517E-07,-6.887020E-06,-1.031802E+02,-1.687363E+00
+8.349609E+02,+5.396757E-06,-9.097906E-07,-1.052356E+02,-1.670107E-01
+8.352051E+02,-2.093814E-06,+3.746722E-06,-1.073466E+02,+2.080400E+00
+8.354492E+02,-3.250211E-07,-4.640962E-07,-1.249346E+02,-2.181745E+00
+8.356934E+02,-3.179993E-06,-1.404787E-06,-1.091773E+02,-2.725614E+00
+8.359375E+02,+1.619325E-06,-3.958324E-06,-1.073777E+02,-1.182475E+00
+8.361816E+02,+2.681420E-06,+3.425903E-06,-1.072292E+02,+9.066997E-01
+8.364258E+02,+8.870555E-07,+3.013355E-06,-1.100581E+02,+1.284508E+00
+8.366699E+02,-4.295268E-06,-3.784970E-06,-1.048445E+02,-2.419265E+00
+8.369141E+02,+3.257415E-06,+2.310082E-06,-1.079731E+02,+6.168583E-01
+8.371582E+02,+1.081036E-06,+1.235284E-06,-1.156951E+02,+8.518918E-01
+8.374023E+02,-2.362959E-06,-5.267487E-06,-1.047717E+02,-1.992480E+00
+8.376465E+02,+5.114368E-07,+7.011005E-06,-1.030613E+02,+1.497978E+00
+8.378906E+02,-1.972579E-06,-5.285522E-06,-1.049719E+02,-1.927992E+00
+8.381348E+02,+2.755183E-06,+2.502552E-06,-1.085843E+02,+7.373856E-01
+8.383789E+02,-3.842315E-07,-6.138267E-06,-1.042221E+02,-1.633311E+00
+8.386230E+02,-2.458225E-06,+9.986057E-06,-9.975661E+01,+1.812163E+00
+8.388672E+02,-3.424282E-06,-7.590299E-06,-1.015903E+02,-1.994597E+00
+8.391113E+02,+1.105651E-05,+1.865090E-06,-9.900578E+01,+1.671137E-01
+8.393555E+02,-4.827699E-06,-3.182372E-06,-1.047581E+02,-2.558784E+00
+8.395996E+02,-4.936556E-06,+6.302706E-06,-1.019318E+02,+2.235236E+00
+8.398438E+02,+3.738015E-06,-1.826252E-06,-1.076176E+02,-4.544554E-01
+8.400879E+02,+4.151506E-06,+5.635926E-07,-1.075566E+02,+1.349313E-01
+8.403320E+02,-3.696288E-06,-2.226990E-06,-1.072997E+02,-2.599342E+00
+8.405762E+02,-3.540335E-06,+9.513803E-07,-1.087163E+02,+2.879069E+00
+8.408203E+02,+5.247131E-06,+2.196453E-06,-1.049004E+02,+3.964379E-01
+8.410645E+02,+7.236229E-07,-4.011141E-06,-1.077956E+02,-1.392313E+00
+8.413086E+02,+2.159669E-06,+2.677828E-06,-1.092683E+02,+8.921044E-01
+8.415527E+02,-1.165350E-05,-2.054948E-06,-9.853789E+01,-2.967050E+00
+8.417969E+02,+6.837786E-06,-4.874025E-06,-1.015174E+02,-6.192700E-01
+8.420410E+02,+6.256619E-06,+1.129548E-05,-9.777978E+01,+1.064960E+00
+8.422852E+02,-7.334474E-06,-8.889794E-06,-9.876727E+01,-2.260623E+00
+8.425293E+02,-5.503936E-07,+2.598463E-06,-1.115151E+02,+1.779526E+00
+8.427734E+02,+1.566986E-06,-4.314775E-07,-1.157813E+02,-2.686962E-01
+8.430176E+02,-1.462507E-06,+3.818345E-06,-1.077680E+02,+1.936581E+00
+8.432617E+02,+3.921519E-07,-7.189059E-06,-1.028537E+02,-1.516302E+00
+8.435059E+02,+6.083033E-06,+4.743245E-06,-1.022547E+02,+6.622708E-01
+8.437500E+02,-6.334006E-06,+4.695320E-06,-1.020645E+02,+2.503691E+00
+8.439941E+02,+1.266361E-06,-4.802853E-06,-1.060781E+02,-1.312995E+00
+8.442383E+02,-1.690774E-06,-8.258942E-07,-1.145090E+02,-2.687211E+00
+8.444824E+02,+3.807745E-07,-1.944960E-06,-1.140584E+02,-1.377467E+00
+8.447266E+02,-5.323323E-07,+1.019338E-07,-1.253199E+02,+2.952398E+00
+8.449707E+02,+2.895396E-06,+5.262058E-06,-1.044282E+02,+1.067769E+00
+8.452148E+02,+1.551964E-06,-3.160637E-06,-1.090664E+02,-1.114351E+00
+8.454590E+02,-8.938223E-06,-1.466464E-06,-1.008596E+02,-2.978975E+00
+8.457031E+02,+1.492838E-05,+4.498582E-06,-9.614227E+01,+2.926897E-01
+8.459473E+02,-1.236062E-05,-3.521204E-06,-9.782032E+01,-2.864071E+00
+8.461914E+02,+2.165575E-06,+3.999653E-06,-1.068430E+02,+1.074548E+00
+8.464355E+02,+3.148988E-06,-8.802514E-06,-1.005849E+02,-1.227245E+00
+8.466797E+02,-1.140193E-06,+7.405879E-06,-1.025067E+02,+1.723555E+00
+8.469238E+02,-2.008444E-06,-1.704321E-07,-1.139117E+02,-3.056938E+00
+8.471680E+02,+2.716043E-06,-3.461209E-06,-1.071317E+02,-9.054489E-01
+8.474121E+02,-1.221149E-06,+1.761300E-06,-1.133787E+02,+2.177027E+00
+8.476562E+02,+3.408393E-07,+1.176052E-06,-1.182412E+02,+1.288708E+00
+8.479004E+02,-3.802440E-06,-3.201540E-07,-1.083681E+02,-3.057594E+00
+8.481445E+02,+8.101718E-06,-3.957113E-06,-1.008993E+02,-4.543479E-01
+8.483887E+02,-6.842427E-06,+2.893606E-06,-1.025813E+02,+2.741509E+00
+8.486328E+02,+3.207364E-06,-5.738615E-06,-1.036433E+02,-1.061139E+00
+8.488770E+02,-4.358526E-06,+1.022893E-05,-9.907884E+01,+1.973597E+00
+8.491211E+02,+1.681201E-06,-9.164334E-07,-1.143577E+02,-4.990783E-01
+8.493652E+02,+4.238437E-06,-5.858829E-06,-1.028158E+02,-9.445198E-01
+8.496094E+02,-4.816011E-06,+5.104428E-06,-1.030760E+02,+2.327130E+00
+8.498535E+02,+2.655842E-06,-4.196751E-06,-1.060790E+02,-1.006584E+00
+8.500977E+02,-6.028856E-06,+1.675073E-06,-1.040723E+02,+2.870586E+00
+8.503418E+02,+1.287668E-05,-5.894726E-07,-9.779483E+01,-4.574639E-02
+8.505859E+02,-1.191425E-05,+4.276184E-06,-9.795242E+01,+2.796999E+00
+8.508301E+02,+3.837390E-06,-7.179370E-06,-1.017869E+02,-1.079929E+00
+8.510742E+02,+2.913536E-06,+1.450136E-07,-1.107008E+02,+4.973133E-02
+8.513184E+02,-4.292966E-06,+7.250839E-06,-1.014872E+02,+2.105361E+00
+8.515625E+02,+3.654888E-06,-5.157260E-06,-1.039842E+02,-9.542632E-01
+8.518066E+02,-3.519666E-06,+1.239621E-06,-1.085621E+02,+2.802960E+00
+8.520508E+02,-2.023718E-07,+4.868201E-07,-1.255604E+02,+1.964765E+00
+8.522949E+02,+4.246031E-06,-2.489181E-06,-1.061574E+02,-5.302382E-01
+8.525391E+02,-2.635720E-06,+3.815400E-06,-1.066747E+02,+2.175328E+00
+8.527832E+02,-3.713470E-08,-3.584074E-06,-1.089120E+02,-1.581157E+00
+8.530273E+02,+3.642751E-06,+1.261239E-06,-1.082797E+02,+3.333147E-01
+8.532715E+02,-6.956051E-06,-9.361967E-07,-1.030748E+02,-3.007809E+00
+8.535156E+02,-7.553788E-07,+5.777510E-06,-1.046916E+02,+1.700804E+00
+8.537598E+02,+9.904711E-06,-2.099483E-06,-9.989229E+01,-2.088764E-01
+8.540039E+02,-5.722367E-06,-4.405163E-06,-1.028274E+02,-2.485530E+00
+8.542480E+02,+1.603870E-07,+2.265657E-06,-1.128744E+02,+1.500124E+00
+8.544922E+02,-2.650524E-06,+1.693123E-06,-1.100472E+02,+2.573140E+00
+8.547363E+02,+6.186983E-06,-1.813381E-06,-1.038125E+02,-2.851110E-01
+8.549805E+02,-7.550573E-06,-2.903194E-06,-1.018416E+02,-2.774519E+00
+8.552246E+02,+4.821944E-06,+3.570316E-06,-1.044372E+02,+6.373487E-01
+8.554688E+02,-1.769073E-06,+1.467290E-07,-1.150153E+02,+3.058841E+00
+8.557129E+02,+2.569138E-06,+4.175716E-07,-1.116910E+02,+1.611248E-01
+8.559570E+02,-3.880073E-06,-4.378440E-06,-1.046565E+02,-2.295922E+00
+8.562012E+02,+8.001823E-06,+5.101216E-06,-1.004551E+02,+5.675424E-01
+8.564453E+02,-9.660617E-06,+6.850931E-07,-1.002781E+02,+3.070795E+00
+8.566895E+02,+3.109459E-06,-5.499985E-06,-1.039883E+02,-1.056239E+00
+8.569336E+02,+5.129849E-07,+8.123188E-06,-1.017882E+02,+1.507729E+00
+8.571777E+02,-1.326744E-06,-1.012091E-05,-9.982162E+01,-1.701142E+00
+8.574219E+02,+1.667400E-06,+7.018656E-06,-1.028365E+02,+1.337553E+00
+8.576660E+02,-3.474274E-06,+3.202976E-07,-1.091460E+02,+3.049661E+00
+8.579102E+02,+7.927895E-06,-2.519113E-06,-1.015991E+02,-3.076634E-01
+8.581543E+02,-2.485200E-06,+5.100272E-07,-1.119136E+02,+2.939177E+00
+8.583984E+02,-5.334721E-06,-2.672766E-06,-1.044851E+02,-2.677135E+00
+8.586426E+02,+7.371044E-06,+7.527485E-06,-9.954696E+01,+7.958982E-01
+8.588867E+02,-2.572214E-06,-3.146123E-06,-1.078214E+02,-2.256166E+00
+8.591309E+02,-5.347455E-06,-9.700751E-06,-9.911156E+01,-2.074592E+00
+8.593750E+02,+3.858838E-06,+1.161584E-05,-9.824435E+01,+1.250062E+00
+8.596191E+02,-4.169035E-06,-4.247503E-06,-1.045073E+02,-2.346872E+00
+8.598633E+02,+7.676417E-06,+1.349236E-06,-1.021647E+02,+1.739867E-01
+8.601074E+02,-3.152012E-06,-5.368702E-06,-1.041164E+02,-2.101683E+00
+8.603516E+02,+1.756042E-06,+9.057078E-06,-1.007000E+02,+1.379286E+00
+8.605957E+02,-8.004834E-06,-6.265990E-06,-9.985732E+01,-2.477443E+00
+8.608398E+02,+1.068708E-05,+5.870328E-06,-9.827763E+01,+5.022994E-01
+8.610840E+02,-1.007625E-05,-6.967439E-06,-9.823689E+01,-2.536613E+00
+8.613281E+02,+7.030498E-06,+7.188114E-06,-9.995262E+01,+7.964829E-01
+8.615723E+02,+2.472796E-06,-6.287801E-06,-1.034055E+02,-1.196106E+00
+8.618164E+02,-3.376266E-06,+1.838868E-06,-1.083031E+02,+2.642870E+00
+8.620605E+02,-4.038654E-06,+5.017382E-06,-1.038211E+02,+2.248538E+00
+8.623047E+02,+2.170863E-06,-1.134053E-05,-9.875104E+01,-1.381659E+00
+8.625488E+02,+3.565087E-06,+1.307465E-05,-9.735994E+01,+1.304596E+00
+8.627930E+02,-2.853125E-06,-6.040805E-06,-1.035036E+02,-2.012047E+00
+8.630371E+02,+3.282207E-06,-6.083205E-06,-1.032077E+02,-1.076010E+00
+8.632812E+02,-8.874695E-06,+1.038863E-05,-9.728893E+01,+2.277764E+00
+8.635254E+02,+8.717346E-06,-3.981349E-06,-1.003695E+02,-4.284247E-01
+8.637695E+02,-8.566340E-07,-3.725438E-07,-1.205918E+02,-2.731373E+00
+8.640137E+02,+2.913432E-06,-1.330645E-06,-1.098891E+02,-4.284344E-01
+8.642578E+02,-7.852728E-06,+4.028442E-06,-1.010850E+02,+2.667600E+00
+8.645020E+02,+2.429480E-06,-3.469023E-06,-1.074626E+02,-9.598452E-01
+8.647461E+02,-1.096896E-06,+1.005391E-06,-1.165482E+02,+2.399693E+00
+8.649902E+02,+3.860012E-07,-3.774273E-06,-1.084181E+02,-1.468879E+00
+8.652344E+02,+4.985046E-06,+5.057495E-06,-1.029732E+02,+7.926123E-01
+8.654785E+02,-3.119242E-06,-3.711504E-06,-1.062884E+02,-2.269705E+00
+8.657227E+02,-3.163756E-06,+4.395193E-07,-1.099129E+02,+3.003553E+00
+8.659668E+02,+3.454930E-06,+6.244928E-06,-1.029298E+02,+1.065471E+00
+8.662109E+02,+2.020692E-06,-7.443232E-06,-1.022559E+02,-1.305705E+00
+8.664551E+02,-3.076574E-06,+5.754091E-06,-1.037085E+02,+2.061798E+00
+8.666992E+02,+2.640568E-06,-7.702304E-06,-1.017850E+02,-1.240525E+00
+8.669434E+02,-2.500583E-06,+7.576928E-06,-1.019611E+02,+1.889567E+00
+8.671875E+02,+5.789237E-07,-2.604529E-06,-1.114760E+02,-1.352076E+00
+8.674316E+02,+3.863707E-07,-3.571022E-08,-1.282230E+02,-9.216291E-02
+8.676758E+02,-2.628844E-06,-2.019700E-06,-1.095900E+02,-2.486492E+00
+8.679199E+02,+3.708289E-06,+8.232691E-07,-1.084076E+02,+2.184646E-01
+8.681641E+02,-4.081090E-06,-1.119177E-06,-1.074696E+02,-2.873938E+00
+8.684082E+02,+6.744012E-06,+6.069211E-06,-1.008451E+02,+7.327823E-01
+8.686523E+02,-4.464575E-06,-4.328052E-06,-1.041269E+02,-2.371720E+00
+8.688965E+02,+1.281510E-06,-2.795858E-06,-1.102415E+02,-1.141012E+00
+8.691406E+02,+5.164237E-07,+2.128290E-06,-1.131909E+02,+1.332750E+00
+8.693848E+02,-2.959237E-06,+2.161171E-07,-1.105533E+02,+3.068691E+00
+8.696289E+02,+4.650495E-06,+2.693427E-06,-1.053938E+02,+5.249625E-01
+8.698730E+02,-2.419979E-06,-1.315408E-06,-1.111995E+02,-2.643706E+00
+8.701172E+02,-2.316848E-06,-1.223590E-06,-1.116336E+02,-2.655697E+00
+8.703613E+02,+2.688427E-06,-4.415855E-07,-1.112944E+02,-1.628006E-01
+8.706055E+02,+4.589409E-07,-2.146163E-06,-1.131726E+02,-1.360127E+00
+8.708496E+02,-5.280638E-06,+7.370696E-06,-1.008506E+02,+2.192469E+00
+8.710938E+02,+5.442737E-06,-9.391148E-06,-9.928792E+01,-1.045542E+00
+8.713379E+02,+1.507309E-06,+6.063143E-06,-1.040856E+02,+1.327134E+00
+8.715820E+02,-4.470164E-06,+5.590812E-07,-1.069261E+02,+3.017169E+00
+8.718262E+02,+3.577792E-06,-7.432633E-06,-1.016721E+02,-1.122169E+00
+8.720703E+02,-7.842928E-06,+5.925652E-06,-1.001491E+02,+2.494555E+00
+8.723145E+02,+1.066218E-05,+2.795834E-06,-9.915428E+01,+2.564461E-01
+8.725586E+02,-2.962324E-06,-8.637007E-06,-1.007897E+02,-1.901204E+00
+8.728027E+02,-7.428697E-06,+8.122120E-06,-9.916661E+01,+2.311633E+00
+8.730469E+02,+8.515886E-06,-5.645748E-06,-9.981322E+01,-5.854366E-01
+8.732910E+02,-2.985344E-06,+4.083651E-06,-1.059196E+02,+2.202057E+00
+8.735352E+02,-1.620053E-06,+4.764717E-06,-1.059641E+02,+1.898544E+00
+8.737793E+02,+1.675086E-06,-1.234595E-05,-9.809029E+01,-1.435941E+00
+8.740234E+02,-3.673981E-08,+9.840485E-06,-1.001396E+02,+1.574530E+00
+8.742676E+02,-3.653086E-06,-6.343658E-06,-1.027094E+02,-2.093280E+00
+8.745117E+02,+6.497993E-06,+2.992935E-06,-1.029089E+02,+4.316287E-01
+8.747559E+02,-3.446849E-06,-3.010420E-06,-1.067895E+02,-2.423679E+00
+8.750000E+02,-2.843550E-06,+7.886369E-06,-1.015316E+02,+1.916852E+00
+8.752441E+02,+3.192109E-06,-4.743282E-06,-1.048561E+02,-9.784393E-01
+8.754883E+02,-2.916096E-07,-6.648034E-06,-1.035378E+02,-1.614632E+00
+8.757324E+02,-2.355482E-07,+7.707829E-06,-1.022573E+02,+1.601346E+00
+8.759766E+02,-2.262662E-06,-2.085774E-06,-1.102365E+02,-2.396851E+00
+8.762207E+02,+6.650928E-06,+1.526850E-06,-1.033193E+02,+2.256595E-01
+8.764648E+02,-2.530499E-06,-2.245129E-06,-1.094142E+02,-2.415879E+00
+8.767090E+02,-3.342237E-06,+6.211619E-06,-1.030317E+02,+2.064428E+00
+8.769531E+02,+3.292300E-06,-6.009026E-06,-1.032839E+02,-1.069573E+00
+8.771973E+02,-8.363580E-06,-5.945457E-07,-1.015303E+02,-3.070625E+00
+8.774414E+02,+1.039429E-05,+3.025492E-06,-9.931091E+01,+2.832465E-01
+8.776855E+02,-3.754154E-06,-4.857432E-06,-1.042379E+02,-2.228773E+00
+8.779297E+02,+1.175920E-06,+6.668393E-06,-1.033866E+02,+1.396248E+00
+8.781738E+02,-1.931959E-06,-2.794194E-06,-1.093779E+02,-2.175740E+00
+8.784180E+02,-9.915642E-07,-3.155315E-06,-1.096101E+02,-1.875277E+00
+8.786621E+02,+1.992776E-06,+2.323938E-06,-1.102818E+02,+8.619642E-01
+8.789062E+02,+4.828620E-07,-3.901072E-06,-1.081103E+02,-1.447646E+00
+8.791504E+02,-2.544343E-07,+1.376005E-05,-9.722611E+01,+1.589285E+00
+8.793945E+02,+1.724385E-07,-1.697019E-05,-9.540582E+01,-1.560635E+00
+8.796387E+02,-5.733548E-06,+1.015221E-05,-9.866650E+01,+2.084900E+00
+8.798828E+02,+5.797204E-06,-1.862941E-06,-1.043088E+02,-3.109285E-01
+8.801270E+02,+2.455513E-07,+4.845085E-07,-1.253011E+02,+1.101719E+00
+8.803711E+02,-3.890731E-06,+3.959737E-06,-1.051121E+02,+2.347405E+00
+8.806152E+02,+7.386576E-06,-1.065058E-05,-9.774700E+01,-9.644207E-01
+8.808594E+02,-8.812440E-07,+3.129888E-06,-1.097581E+02,+1.845249E+00
+8.811035E+02,-9.758916E-06,+4.858404E-06,-9.925035E+01,+2.679672E+00
+8.813477E+02,+6.707126E-06,-1.797727E-06,-1.031680E+02,-2.618771E-01
+8.815918E+02,-4.802178E-06,+3.245942E-06,-1.047370E+02,+2.547204E+00
+8.818359E+02,+9.634129E-06,-7.063296E-07,-1.003005E+02,-7.318442E-02
+8.820801E+02,-6.351420E-06,-1.167098E-05,-9.753127E+01,-2.069180E+00
+8.823242E+02,-5.100623E-06,+1.233602E-05,-9.749107E+01,+1.962864E+00
+8.825684E+02,+9.235798E-06,-7.352509E-06,-9.855864E+01,-6.723511E-01
+8.828125E+02,-2.695858E-06,+4.667853E-06,-1.053676E+02,+2.094535E+00
+8.830566E+02,+4.451006E-08,+3.331850E-06,-1.095455E+02,+1.557438E+00
+8.833008E+02,-5.078635E-07,-7.733079E-06,-1.022143E+02,-1.636376E+00
+8.835449E+02,+3.248143E-06,+5.479566E-06,-1.039173E+02,+1.035707E+00
+8.837891E+02,-6.710414E-06,-4.542631E-06,-1.018266E+02,-2.546503E+00
+8.840332E+02,+2.984256E-06,+4.135262E-07,-1.104207E+02,+1.376925E-01
+8.842773E+02,-2.246143E-06,+6.143026E-06,-1.036874E+02,+1.921337E+00
+8.845215E+02,+4.266944E-06,-4.231200E-06,-1.044237E+02,-7.811922E-01
+8.847656E+02,-1.127232E-06,-3.137178E-07,-1.186357E+02,-2.870154E+00
+8.850098E+02,-1.606577E-06,+8.333853E-07,-1.148471E+02,+2.663071E+00
+8.852539E+02,-1.300788E-07,-3.678616E-06,-1.086809E+02,-1.606142E+00
+8.854980E+02,+3.196237E-06,+6.179198E-06,-1.031517E+02,+1.093438E+00
+8.857422E+02,-5.252668E-07,-2.240188E-06,-1.127619E+02,-1.801110E+00
+8.859863E+02,-5.528122E-06,+3.188479E-07,-1.051340E+02,+3.083979E+00
+8.862305E+02,+5.196055E-06,+6.619786E-07,-1.056166E+02,+1.267176E-01
+8.864746E+02,+8.189144E-07,-2.226407E-06,-1.124968E+02,-1.218336E+00
+8.867188E+02,-4.117809E-06,-1.942494E-06,-1.068341E+02,-2.700816E+00
+8.869629E+02,+3.850208E-06,+5.792368E-06,-1.031537E+02,+9.841540E-01
+8.872070E+02,-6.564846E-06,-3.766892E-06,-1.024195E+02,-2.620663E+00
+8.874512E+02,+5.782544E-06,+2.433236E-06,-1.040496E+02,+3.982992E-01
+8.876953E+02,+1.634229E-07,-2.665494E-06,-1.114682E+02,-1.509562E+00
+8.879395E+02,-6.174805E-07,-1.602067E-07,-1.239046E+02,-2.887738E+00
+8.881836E+02,+1.357125E-06,-1.941296E-06,-1.125101E+02,-9.606868E-01
+8.884277E+02,-1.411515E-06,+1.038170E-05,-9.959508E+01,+1.705929E+00
+8.886719E+02,-2.501703E-06,-8.409726E-06,-1.011361E+02,-1.859937E+00
+8.889160E+02,+2.282514E-06,-1.087012E-06,-1.119440E+02,-4.444550E-01
+8.891602E+02,+9.365786E-07,+2.686436E-06,-1.109183E+02,+1.235340E+00
+8.894043E+02,-3.573391E-06,+4.247045E-06,-1.051136E+02,+2.270267E+00
+8.896484E+02,+3.225840E-07,-7.409275E-06,-1.025963E+02,-1.527286E+00
+8.898926E+02,+5.865241E-06,+5.608716E-06,-1.018139E+02,+7.630448E-01
+8.901367E+02,-6.330986E-06,-7.303821E-06,-1.002953E+02,-2.284966E+00
+8.903809E+02,+2.268353E-06,+4.780323E-06,-1.055289E+02,+1.127741E+00
+8.906250E+02,+3.496890E-06,+5.200983E-06,-1.040585E+02,+9.788683E-01
+8.908691E+02,-3.162752E-06,-6.025024E-06,-1.033438E+02,-2.054193E+00
+8.911133E+02,+8.100225E-07,-2.299251E-06,-1.122602E+02,-1.232075E+00
+8.913574E+02,-3.163815E-06,+5.662790E-06,-1.037596E+02,+2.080297E+00
+8.916016E+02,+2.231600E-06,-1.934175E-06,-1.105943E+02,-7.141218E-01
+8.918457E+02,+4.291984E-06,-2.530634E-06,-1.060511E+02,-5.327513E-01
+8.920898E+02,-8.364069E-06,+3.071936E-06,-1.010021E+02,+2.789609E+00
+8.923340E+02,+6.774966E-06,+1.223231E-06,-1.032425E+02,+1.786272E-01
+8.925781E+02,-4.153081E-07,-3.091090E-06,-1.101201E+02,-1.704353E+00
+8.928223E+02,-4.460333E-06,-1.969520E-06,-1.062391E+02,-2.725777E+00
+8.930664E+02,+4.677272E-06,+1.592247E-06,-1.061239E+02,+3.281169E-01
+8.933105E+02,-6.192771E-06,+2.703350E-06,-1.034048E+02,+2.729994E+00
+8.935547E+02,+9.183918E-06,-1.735728E-06,-1.005870E+02,-1.867932E-01
+8.937988E+02,-6.980006E-06,-3.211431E-07,-1.031137E+02,-3.095616E+00
+8.940430E+02,+4.176991E-06,+4.972537E-07,-1.075216E+02,+1.184883E-01
+8.942871E+02,-3.519286E-06,+3.853723E-06,-1.056485E+02,+2.310866E+00
+8.945312E+02,+5.044440E-06,-7.624141E-06,-1.007793E+02,-9.862815E-01
+8.947754E+02,-7.641622E-06,+4.325826E-06,-1.011291E+02,+2.626482E+00
+8.950195E+02,+3.611683E-06,+7.840819E-07,-1.086458E+02,+2.137787E-01
+8.952637E+02,+4.157843E-06,-3.602630E-06,-1.051904E+02,-7.139762E-01
+8.955078E+02,-6.839616E-06,-7.177331E-08,-1.032989E+02,-3.131099E+00
+8.957520E+02,+4.757271E-06,+4.454943E-06,-1.037183E+02,+7.525918E-01
+8.959961E+02,-2.522038E-06,-4.387301E-06,-1.059161E+02,-2.092517E+00
+8.962402E+02,+2.113052E-06,+4.833613E-06,-1.055551E+02,+1.158673E+00
+8.964844E+02,-2.359187E-07,-2.895183E-06,-1.107377E+02,-1.652103E+00
+8.967285E+02,-3.082133E-06,-2.089906E-06,-1.085801E+02,-2.545736E+00
+8.969727E+02,+3.456012E-06,+2.551119E-06,-1.073395E+02,+6.358858E-01
+8.972168E+02,-1.266478E-06,+3.936326E-06,-1.076704E+02,+1.882078E+00
+8.974609E+02,+9.301554E-07,-1.032003E-05,-9.969124E+01,-1.480908E+00
+8.977051E+02,+1.575377E-06,+1.124350E-05,-9.889754E+01,+1.431588E+00
+8.979492E+02,-7.086298E-06,-7.609947E-06,-9.966066E+01,-2.320578E+00
+8.981934E+02,+9.017633E-06,-8.482774E-07,-1.008599E+02,-9.379274E-02
+8.984375E+02,-7.826840E-06,+2.652062E-06,-1.016562E+02,+2.814893E+00
+8.986816E+02,+2.484307E-06,-2.069099E-07,-1.120659E+02,-8.309497E-02
+8.989258E+02,+2.366126E-06,+4.548186E-06,-1.058030E+02,+1.091092E+00
+8.991699E+02,-2.132378E-06,-6.130495E-06,-1.037541E+02,-1.905538E+00
+8.994141E+02,+2.231211E-06,+2.458931E-06,-1.095764E+02,+8.339131E-01
+8.996582E+02,-5.534572E-06,+1.578174E-08,-1.051383E+02,+3.138741E+00
+8.999023E+02,+6.550943E-06,+2.127242E-07,-1.036693E+02,+3.246089E-02
+9.001465E+02,-1.018411E-06,-7.289025E-07,-1.180453E+02,-2.520391E+00
+9.003906E+02,-4.429772E-06,+4.201811E-07,-1.070335E+02,+3.047022E+00
+9.006348E+02,+8.358319E-06,-1.517108E-06,-1.014168E+02,-1.795540E-01
+9.008789E+02,-7.850712E-06,+3.436595E-06,-1.013404E+02,+2.728978E+00
+9.011230E+02,+4.141024E-06,-1.519018E-06,-1.071096E+02,-3.515815E-01
+9.013672E+02,-1.492813E-06,+4.997208E-07,-1.160586E+02,+2.818567E+00
+9.016113E+02,-3.118712E-06,-6.832428E-06,-1.024866E+02,-1.999007E+00
+9.018555E+02,+5.792673E-06,+9.012398E-06,-9.940140E+01,+9.995382E-01
+9.020996E+02,-2.473280E-06,-5.715104E-06,-1.041140E+02,-1.979223E+00
+9.023438E+02,+5.974116E-07,+6.812195E-07,-1.208568E+02,+8.508496E-01
+9.025879E+02,-7.211066E-07,+1.705135E-06,-1.146503E+02,+1.970889E+00
+9.028320E+02,-3.970003E-06,-1.562453E-06,-1.073988E+02,-2.766646E+00
+9.030762E+02,+5.162985E-06,+2.362973E-06,-1.049160E+02,+4.292186E-01
+9.033203E+02,-1.936263E-06,+2.333854E-06,-1.103640E+02,+2.263352E+00
+9.035645E+02,-1.755436E-06,-6.774350E-06,-1.031004E+02,-1.824349E+00
+9.038086E+02,+1.505567E-06,+5.877931E-06,-1.043395E+02,+1.320048E+00
+9.040527E+02,+2.871718E-06,-5.111380E-06,-1.046378E+02,-1.058917E+00
+9.042969E+02,-2.853842E-06,+1.834242E-06,-1.093897E+02,+2.570347E+00
+9.045410E+02,+3.799312E-07,-1.807753E-07,-1.275196E+02,-4.441096E-01
+9.047852E+02,+3.961099E-06,-1.199167E-07,-1.080397E+02,-3.026434E-02
+9.050293E+02,-5.006219E-06,+2.548734E-06,-1.050089E+02,+2.670681E+00
+9.052734E+02,-1.157203E-06,-7.346671E-07,-1.172611E+02,-2.575931E+00
+9.055176E+02,+5.262310E-06,-4.372961E-06,-1.032962E+02,-6.933576E-01
+9.057617E+02,-4.557461E-06,+5.168161E-07,-1.067701E+02,+3.028675E+00
+9.060059E+02,-3.917784E-06,+1.009676E-05,-9.930726E+01,+1.940936E+00
+9.062500E+02,+1.076305E-05,-1.102150E-05,-9.624671E+01,-7.972615E-01
+9.064941E+02,-3.870837E-06,+2.651675E-06,-1.065729E+02,+2.540978E+00
+9.067383E+02,-6.390627E-06,+3.688908E-06,-1.026402E+02,+2.618079E+00
+9.069824E+02,+8.666677E-06,-7.379463E-06,-9.887503E+01,-7.053500E-01
+9.072266E+02,-5.698318E-06,+6.968510E-06,-1.009135E+02,+2.256252E+00
+9.074707E+02,-7.623013E-07,-8.506264E-07,-1.188450E+02,-2.301488E+00
+9.077148E+02,+4.162772E-06,-4.237656E-06,-1.045239E+02,-7.943122E-01
+9.079590E+02,-1.521977E-06,+4.859894E-06,-1.058611E+02,+1.874292E+00
+9.082031E+02,-1.141582E-06,+7.040661E-07,-1.174499E+02,+2.588951E+00
+9.084473E+02,-3.852569E-06,-5.320925E-06,-1.036497E+02,-2.197476E+00
+9.086914E+02,+8.859826E-06,+1.472624E-06,-1.009331E+02,+1.647078E-01
+9.089355E+02,-5.057071E-06,+4.812447E-06,-1.031217E+02,+2.380975E+00
+9.091797E+02,-3.733207E-07,-7.465175E-06,-1.025284E+02,-1.620763E+00
+9.094238E+02,+6.125909E-06,+5.304684E-06,-1.018266E+02,+7.136769E-01
+9.096680E+02,-7.336239E-06,-2.601351E-06,-1.021762E+02,-2.800835E+00
+9.099121E+02,-1.067002E-06,+2.938203E-06,-1.101004E+02,+1.919136E+00
+9.101562E+02,+3.589577E-06,-2.850909E-06,-1.067752E+02,-6.712058E-01
+9.104004E+02,+1.236977E-06,+2.753824E-07,-1.179427E+02,+2.190530E-01
+9.106445E+02,-2.347903E-06,+6.429138E-06,-1.032932E+02,+1.920945E+00
+9.108887E+02,+1.995830E-06,-4.602227E-06,-1.059922E+02,-1.161608E+00
+9.111328E+02,+7.865368E-08,-4.576108E-06,-1.067888E+02,-1.553610E+00
+9.113770E+02,-6.135956E-06,+3.074432E-06,-1.032696E+02,+2.677104E+00
+9.116211E+02,+1.088933E-05,+1.742421E-06,-9.915018E+01,+1.586667E-01
+9.118652E+02,-8.495980E-06,-2.341227E-06,-1.010979E+02,-2.872698E+00
+9.121094E+02,+1.665316E-07,+1.615930E-06,-1.157857E+02,+1.468103E+00
+9.123535E+02,+6.567254E-06,+7.169801E-07,-1.036009E+02,+1.087443E-01
+9.125977E+02,-4.580681E-06,-1.966163E-06,-1.060470E+02,-2.736145E+00
+9.128418E+02,-6.863057E-07,-2.685492E-07,-1.226509E+02,-2.768611E+00
+9.130859E+02,+1.587317E-07,+2.786558E-06,-1.110846E+02,+1.513894E+00
+9.133301E+02,-2.358814E-06,+3.786444E-07,-1.124356E+02,+2.982427E+00
+9.135742E+02,+4.501338E-06,-2.511327E-06,-1.057563E+02,-5.088935E-01
+9.138184E+02,+2.032592E-06,-1.857791E-07,-1.138029E+02,-9.114684E-02
+9.140625E+02,-8.678850E-06,+1.396339E-06,-1.011198E+02,+2.982070E+00
+9.143066E+02,+7.264336E-06,+1.121447E-06,-1.026738E+02,+1.531679E-01
+9.145508E+02,-5.182025E-06,+1.699158E-07,-1.057053E+02,+3.108815E+00
+9.147949E+02,+5.738413E-06,+1.166763E-06,-1.046482E+02,+2.005907E-01
+9.150391E+02,+1.020896E-06,-8.445951E-06,-1.014040E+02,-1.450506E+00
+9.152832E+02,-8.457376E-06,+7.442324E-06,-9.896485E+01,+2.419949E+00
+9.155273E+02,+1.050738E-05,-2.274576E-06,-9.937122E+01,-2.131848E-01
+9.157715E+02,-5.471087E-06,+7.377904E-07,-1.051603E+02,+3.007549E+00
+9.160156E+02,+7.277661E-07,-3.503808E-07,-1.218548E+02,-4.486953E-01
+9.162598E+02,+2.192832E-06,-1.881959E-06,-1.107830E+02,-7.092539E-01
+9.165039E+02,-5.756956E-06,+6.456898E-06,-1.012590E+02,+2.298950E+00
+9.167480E+02,-6.449887E-07,-8.865886E-06,-1.010226E+02,-1.643418E+00
+9.169922E+02,+1.739126E-06,+9.137548E-06,-1.006289E+02,+1.382718E+00
+9.172363E+02,+8.174407E-06,-1.427507E-05,-9.567674E+01,-1.050741E+00
+9.174805E+02,-1.210653E-05,+1.785138E-05,-9.332323E+01,+2.166731E+00
+9.177246E+02,+6.401690E-06,-9.135982E-06,-9.905013E+01,-9.595928E-01
+9.179688E+02,-1.530024E-06,+5.452871E-06,-1.049384E+02,+1.844352E+00
+9.182129E+02,-2.441333E-06,-5.258812E-06,-1.047346E+02,-2.005426E+00
+9.184570E+02,+5.234253E-06,-1.262439E-06,-1.053773E+02,-2.366680E-01
+9.187012E+02,-3.819587E-06,+2.310845E-06,-1.070051E+02,+2.597506E+00
+9.189453E+02,+8.093735E-07,+3.055790E-06,-1.100031E+02,+1.311876E+00
+9.191895E+02,+7.936555E-06,-2.220297E-06,-1.016801E+02,-2.727822E-01
+9.194336E+02,-4.683312E-06,-5.460481E-06,-1.028609E+02,-2.279729E+00
+9.196777E+02,-7.251858E-06,+6.491638E-06,-1.002351E+02,+2.411453E+00
+9.199219E+02,+5.290270E-06,+1.879183E-06,-1.050144E+02,+3.413130E-01
+9.201660E+02,+3.919797E-06,-3.481705E-06,-1.056087E+02,-7.262775E-01
+9.204102E+02,-1.047271E-05,-5.006661E-06,-9.870490E+01,-2.695644E+00
+9.206543E+02,+1.282488E-05,+7.073497E-06,-9.668549E+01,+5.040284E-01
+9.208984E+02,-6.953012E-06,-3.305914E-06,-1.022714E+02,-2.697765E+00
+9.211426E+02,+3.539265E-06,+1.762824E-06,-1.080593E+02,+4.621076E-01
+9.213867E+02,-6.050293E-06,-2.047001E-06,-1.038938E+02,-2.815351E+00
+9.216309E+02,+6.248625E-06,+5.736736E-06,-1.014294E+02,+7.427146E-01
+9.218750E+02,-6.283614E-06,-8.839030E-06,-9.929547E+01,-2.188797E+00
+9.221191E+02,+5.675702E-06,+6.517562E-06,-1.012673E+02,+8.543318E-01
+9.223633E+02,-2.214268E-06,-2.668498E-06,-1.091996E+02,-2.263434E+00
+9.226074E+02,+6.261587E-07,+2.941105E-06,-1.104373E+02,+1.361029E+00
+9.228516E+02,-2.069316E-06,-2.590703E-06,-1.095885E+02,-2.244773E+00
+9.230957E+02,+2.395702E-06,-1.073931E-06,-1.116161E+02,-4.214176E-01
+9.233398E+02,-5.361207E-06,+4.798730E-06,-1.028592E+02,+2.411500E+00
+9.235840E+02,+2.277832E-06,-4.296921E-06,-1.062613E+02,-1.083354E+00
+9.238281E+02,+1.160395E-05,-2.617425E-06,-9.849236E+01,-2.218505E-01
+9.240723E+02,-1.308789E-05,+4.790049E-06,-9.711667E+01,+2.790744E+00
+9.243164E+02,+9.452752E-06,+2.009702E-06,-1.002968E+02,+2.094858E-01
+9.245605E+02,-6.039160E-06,-5.337770E-06,-1.018733E+02,-2.417767E+00
+9.248047E+02,-2.069177E-06,+2.145735E-07,-1.136376E+02,+3.038262E+00
+9.250488E+02,+9.334565E-06,+3.612349E-06,-9.999206E+01,+3.692376E-01
+9.252930E+02,-1.301890E-05,-5.527801E-06,-9.698865E+01,-2.740062E+00
+9.255371E+02,+4.327657E-06,+2.761615E-06,-1.057914E+02,+5.679866E-01
+9.257812E+02,+7.451075E-07,+6.089329E-08,-1.225267E+02,+8.154296E-02
+9.260254E+02,+4.366745E-06,+1.856321E-06,-1.064754E+02,+4.019588E-01
+9.262695E+02,-1.044183E-06,-1.924008E-06,-1.131947E+02,-2.068027E+00
+9.265137E+02,-2.659428E-06,+1.759534E-06,-1.099274E+02,+2.557091E+00
+9.267578E+02,+2.421446E-06,-4.957025E-06,-1.051662E+02,-1.116401E+00
+9.270020E+02,-3.152558E-06,+8.485970E-06,-1.008645E+02,+1.926497E+00
+9.272461E+02,+1.293323E-06,-4.896418E-06,-1.059095E+02,-1.312558E+00
+9.274902E+02,-1.424141E-06,-2.004487E-06,-1.121852E+02,-2.188519E+00
+9.277344E+02,+6.485383E-06,+3.046829E-06,-1.028952E+02,+4.391965E-01
+9.279785E+02,-7.430476E-06,-1.844157E-07,-1.025770E+02,-3.116779E+00
+9.282227E+02,+3.677594E-06,+1.628601E-06,-1.079110E+02,+4.168872E-01
+9.284668E+02,-4.774239E-06,-4.334375E-06,-1.038111E+02,-2.404448E+00
+9.287109E+02,+5.503845E-06,-6.973079E-07,-1.051175E+02,-1.260232E-01
+9.289551E+02,-3.302863E-06,+3.302901E-06,-1.066118E+02,+2.356189E+00
+9.291992E+02,+5.839508E-06,-4.491291E-06,-1.026543E+02,-6.556270E-01
+9.294434E+02,-4.985537E-06,+9.944712E-06,-9.907445E+01,+2.035504E+00
+9.296875E+02,-1.145659E-06,-1.002136E-05,-9.992508E+01,-1.684624E+00
+9.299316E+02,+3.967873E-06,+4.576828E-06,-1.043544E+02,+8.565449E-01
+9.301758E+02,-4.838641E-06,+1.304749E-06,-1.060007E+02,+2.878205E+00
+9.304199E+02,+6.708502E-06,-7.052385E-06,-1.002347E+02,-8.103828E-01
+9.306641E+02,-6.658131E-06,+4.939503E-06,-1.016286E+02,+2.503312E+00
+9.309082E+02,+2.089634E-06,+1.586665E-06,-1.116215E+02,+6.494285E-01
+9.311523E+02,+8.712308E-07,-2.710042E-06,-1.109133E+02,-1.259749E+00
+9.313965E+02,-5.938832E-07,-1.584257E-07,-1.242274E+02,-2.880901E+00
+9.316406E+02,-7.823313E-08,-3.134253E-06,-1.100746E+02,-1.595752E+00
+9.318848E+02,+1.330824E-07,+5.606030E-06,-1.050244E+02,+1.547062E+00
+9.321289E+02,+2.882947E-06,-1.214877E-06,-1.100934E+02,-3.988185E-01
+9.323730E+02,-6.244768E-06,+8.576388E-07,-1.040085E+02,+3.005109E+00
+9.326172E+02,+4.631244E-06,-7.175609E-07,-1.065830E+02,-1.537168E-01
+9.328613E+02,-2.505769E-06,-1.709370E-06,-1.103617E+02,-2.542931E+00
+9.331055E+02,+3.376760E-06,-1.318684E-06,-1.088136E+02,-3.723051E-01
+9.333496E+02,-3.658270E-06,+5.287969E-06,-1.038357E+02,+2.176004E+00
+9.335938E+02,+4.254595E-07,-5.755064E-06,-1.047753E+02,-1.497003E+00
+9.338379E+02,-1.068704E-06,+1.110496E-06,-1.162428E+02,+2.337019E+00
+9.340820E+02,+3.068913E-06,+2.018026E-06,-1.086997E+02,+5.816786E-01
+9.343262E+02,+3.541961E-06,+5.128644E-06,-1.041063E+02,+9.663911E-01
+9.345703E+02,-1.163798E-05,-7.942452E-06,-9.702185E+01,-2.542736E+00
+9.348145E+02,+1.049582E-05,+2.896271E-06,-9.926097E+01,+2.692448E-01
+9.350586E+02,-6.916011E-06,+3.455611E-06,-1.022350E+02,+2.678222E+00
+9.353027E+02,+8.884846E-06,-7.221451E-06,-9.882431E+01,-6.824869E-01
+9.355469E+02,-8.365897E-06,+3.531635E-06,-1.008375E+02,+2.742141E+00
+9.357910E+02,+6.700728E-07,-3.551757E-06,-1.088392E+02,-1.384328E+00
+9.360352E+02,+1.167331E-06,+5.040162E-06,-1.057242E+02,+1.343203E+00
+9.362793E+02,+2.609784E-06,-2.875090E-07,-1.116155E+02,-1.097234E-01
+9.365234E+02,-4.467312E-06,-2.362576E-06,-1.059280E+02,-2.655126E+00
+9.367676E+02,+6.540000E-06,-8.194663E-08,-1.036878E+02,-1.252941E-02
+9.370117E+02,-1.139767E-05,+1.479562E-06,-9.879111E+01,+3.012502E+00
+9.372559E+02,+8.655502E-06,-2.793027E-06,-1.008240E+02,-3.121394E-01
+9.375000E+02,+3.090264E-06,+4.706160E-06,-1.049897E+02,+9.897658E-01
+9.377441E+02,-1.268134E-06,-3.452417E-06,-1.086879E+02,-1.922815E+00
+9.379883E+02,-6.793217E-06,-1.238437E-07,-1.033570E+02,-3.123364E+00
+9.382324E+02,+4.267977E-06,+5.799441E-07,-1.073161E+02,+1.350555E-01
+9.384766E+02,-3.245468E-06,+3.650831E-06,-1.062230E+02,+2.297482E+00
+9.387207E+02,+3.364339E-06,-6.312196E-06,-1.029105E+02,-1.081106E+00
+9.389648E+02,+6.373858E-07,+8.412542E-06,-1.014766E+02,+1.495175E+00
+9.392090E+02,-1.906083E-06,-1.147846E-05,-9.868419E+01,-1.735352E+00
+9.394531E+02,-9.641209E-07,+9.631463E-06,-1.002829E+02,+1.670565E+00
+9.396973E+02,+1.019890E-06,-4.171869E-06,-1.073413E+02,-1.331031E+00
+9.399414E+02,-3.659484E-06,+4.929255E-06,-1.042378E+02,+2.209416E+00
+9.401855E+02,+9.785871E-06,-4.293980E-06,-9.942329E+01,-4.134959E-01
+9.404297E+02,-1.465579E-05,-3.419656E-10,-9.667981E+01,-3.141569E+00
+9.406738E+02,+1.670693E-05,-5.385290E-06,-9.511276E+01,-3.118230E-01
+9.409180E+02,-8.962917E-06,+9.523349E-06,-9.766933E+01,+2.325888E+00
+9.411621E+02,+1.141194E-06,-4.199252E-06,-1.072271E+02,-1.305444E+00
+9.414062E+02,-6.790688E-06,-1.020573E-06,-1.032647E+02,-2.992419E+00
+9.416504E+02,+6.407909E-06,+5.381120E-06,-1.015479E+02,+6.985204E-01
+9.418945E+02,+6.095790E-06,-7.189758E-06,-1.005134E+02,-8.675554E-01
+9.421387E+02,-1.154371E-05,+8.720713E-06,-9.679214E+01,+2.494612E+00
+9.423828E+02,+4.290346E-06,-1.343514E-05,-9.701343E+01,-1.261694E+00
+9.426270E+02,+2.920422E-06,+9.044305E-06,-1.004418E+02,+1.258463E+00
+9.428711E+02,-4.156308E-06,+2.431258E-06,-1.063478E+02,+2.612308E+00
+9.431152E+02,+3.655130E-06,+1.344803E-06,-1.081906E+02,+3.525510E-01
+9.433594E+02,+3.701734E-06,-7.399474E-06,-1.016460E+02,-1.106933E+00
+9.436035E+02,-1.071874E-05,+1.989449E-06,-9.925003E+01,+2.958076E+00
+9.438477E+02,+1.074064E-05,+6.854688E-06,-9.789552E+01,+5.680357E-01
+9.440918E+02,-9.978038E-06,-8.812492E-06,-9.751484E+01,-2.418144E+00
+9.443359E+02,+6.394919E-06,+3.750940E-06,-1.025992E+02,+5.304711E-01
+9.445801E+02,-2.539952E-06,+3.146428E-06,-1.078645E+02,+2.249942E+00
+9.448242E+02,+1.091651E-06,-9.593868E-06,-1.003043E+02,-1.457497E+00
+9.450684E+02,+7.849597E-07,+7.017137E-06,-1.030228E+02,+1.459396E+00
+9.453125E+02,+3.585833E-07,+3.046143E-06,-1.102652E+02,+1.453618E+00
+9.455566E+02,-3.802368E-06,-3.533412E-06,-1.056955E+02,-2.392842E+00
+9.458008E+02,+8.875344E-07,-4.449619E-06,-1.068641E+02,-1.373917E+00
+9.460449E+02,+7.513265E-06,+5.535638E-06,-1.006002E+02,+6.349878E-01
+9.462891E+02,-1.144766E-05,+3.332988E-06,-9.847230E+01,+2.858274E+00
+9.465332E+02,+8.564819E-06,-6.215415E-06,-9.950830E+01,-6.277612E-01
+9.467773E+02,-8.252806E-06,+1.142954E-08,-1.016680E+02,+3.140208E+00
+9.470215E+02,+9.504586E-06,+1.719380E-06,-1.003015E+02,+1.789646E-01
+9.472656E+02,+2.265329E-06,-2.659722E-06,-1.091343E+02,-8.653065E-01
+9.475098E+02,-9.812017E-06,+6.619709E-06,-9.853574E+01,+2.548081E+00
+9.477539E+02,+2.742185E-06,-6.831639E-06,-1.026607E+02,-1.189088E+00
+9.479980E+02,+6.485752E-07,+1.918564E-06,-1.138705E+02,+1.244805E+00
+9.482422E+02,-1.715731E-06,+4.323668E-06,-1.066479E+02,+1.948561E+00
+9.484863E+02,+3.268094E-06,-8.008597E-06,-1.012599E+02,-1.183350E+00
+9.487305E+02,+1.982983E-08,+9.418188E-06,-1.005206E+02,+1.568691E+00
+9.489746E+02,-3.108511E-06,-3.288116E-06,-1.068879E+02,-2.328124E+00
+9.492188E+02,-1.256679E-06,-4.606869E-06,-1.064202E+02,-1.837101E+00
+9.494629E+02,+5.776021E-06,+7.114358E-06,-1.007584E+02,+8.888519E-01
+9.497070E+02,+7.616334E-07,-7.054703E-06,-1.029801E+02,-1.463252E+00
+9.499512E+02,-2.182325E-06,+1.157729E-06,-1.121447E+02,+2.653842E+00
+9.501953E+02,+5.801045E-07,+5.524062E-06,-1.051072E+02,+1.466166E+00
+9.504395E+02,-5.928817E-06,-3.788371E-06,-1.030537E+02,-2.573006E+00
+9.506836E+02,+3.557243E-06,-2.185500E-07,-1.089614E+02,-6.136090E-02
+9.509277E+02,+3.715948E-06,+4.672648E-07,-1.085305E+02,+1.250892E-01
+9.511719E+02,-2.826012E-06,+2.582242E-06,-1.083403E+02,+2.401238E+00
+9.514160E+02,-8.495485E-07,-6.686649E-06,-1.034263E+02,-1.697171E+00
+9.516602E+02,+5.144246E-06,+5.953190E-06,-1.020828E+02,+8.581642E-01
+9.519043E+02,-7.549635E-06,-4.010520E-07,-1.024292E+02,-3.088521E+00
+9.521484E+02,+7.755694E-06,+1.490423E-06,-1.020501E+02,+1.898569E-01
+9.523926E+02,-9.295967E-06,-4.161765E-06,-9.984074E+01,-2.720657E+00
+9.526367E+02,+6.645633E-06,+2.803577E-07,-1.035416E+02,+4.216176E-02
+9.528809E+02,-3.403450E-06,+4.561357E-07,-1.092843E+02,+3.008365E+00
+9.531250E+02,+1.147662E-05,+3.755257E-06,-9.836198E+01,+3.162290E-01
+9.533691E+02,-1.610162E-05,-2.666348E-06,-9.574512E+01,-2.977487E+00
+9.536133E+02,+1.013260E-05,-3.606233E-06,-9.936761E+01,-3.419247E-01
+9.538574E+02,-5.592742E-06,+5.007296E-06,-1.024909E+02,+2.411369E+00
+9.541016E+02,+1.375359E-06,-4.356331E-06,-1.068049E+02,-1.264985E+00
+9.543457E+02,+2.635629E-06,+6.419066E-06,-1.031740E+02,+1.181191E+00
+9.545898E+02,+1.456871E-06,-5.397153E-06,-1.050513E+02,-1.307147E+00
+9.548340E+02,+8.610738E-07,+2.617601E-06,-1.111957E+02,+1.252991E+00
+9.550781E+02,-8.061751E-06,-1.954025E-06,-1.016235E+02,-2.903796E+00
+9.553223E+02,+8.240075E-06,-5.162994E-07,-1.016644E+02,-6.257533E-02
+9.555664E+02,-7.806267E-06,+3.586319E-07,-1.021420E+02,+3.095683E+00
+9.558105E+02,+1.387350E-05,+6.483267E-08,-9.715618E+01,+4.673097E-03
+9.560547E+02,-1.778562E-05,-4.862025E-06,-9.468562E+01,-2.874744E+00
+9.562988E+02,+1.035985E-05,+9.321367E-06,-9.711719E+01,+7.326817E-01
+9.565430E+02,-2.465247E-06,-6.880315E-06,-1.027233E+02,-1.914850E+00
+9.567871E+02,-3.957658E-06,+8.781884E-06,-1.003252E+02,+1.994200E+00
+9.570312E+02,+7.141678E-06,-1.096538E-05,-9.766387E+01,-9.935124E-01
+9.572754E+02,-3.999826E-07,+2.708256E-06,-1.112525E+02,+1.717426E+00
+9.575195E+02,-5.061459E-06,+4.516050E-06,-1.033712E+02,+2.413080E+00
+9.577637E+02,+8.218985E-07,-4.400356E-06,-1.069813E+02,-1.386144E+00
+9.580078E+02,+2.732440E-06,+5.077131E-06,-1.047829E+02,+1.077069E+00
+9.582520E+02,+1.018242E-06,-2.296580E-06,-1.119989E+02,-1.153467E+00
+9.584961E+02,-3.020188E-06,-1.998638E-07,-1.103803E+02,-3.075513E+00
+9.587402E+02,+1.032703E-06,-9.416302E-06,-1.004705E+02,-1.461561E+00
+9.589844E+02,-3.738108E-06,+1.396488E-05,-9.679871E+01,+1.832344E+00
+9.592285E+02,+4.684328E-06,-8.901451E-06,-9.994910E+01,-1.086375E+00
+9.594727E+02,+4.901217E-06,+4.537832E-06,-1.035053E+02,+7.469192E-01
+9.597168E+02,-3.958872E-06,-1.952404E-06,-1.071031E+02,-2.683423E+00
+9.599609E+02,+5.685797E-07,-4.257097E-06,-1.073409E+02,-1.438022E+00
+9.602051E+02,-8.739673E-06,+8.186031E-06,-9.843472E+01,+2.388893E+00
+9.604492E+02,+6.772662E-06,-9.489333E-06,-9.866728E+01,-9.509261E-01
+9.606934E+02,-3.517018E-06,+6.943216E-06,-1.021769E+02,+2.039662E+00
+9.609375E+02,+4.742057E-06,+2.431983E-06,-1.054666E+02,+4.738778E-01
+9.611816E+02,-5.225157E-06,-9.285885E-06,-9.944890E+01,-2.083337E+00
+9.614258E+02,+5.529814E-06,+2.326600E-06,-1.044380E+02,+3.982548E-01
+9.616699E+02,-5.112169E-06,+9.136685E-06,-9.960136E+01,+2.080920E+00
+9.619141E+02,+7.511545E-06,-9.027146E-06,-9.860396E+01,-8.767826E-01
+9.621582E+02,-1.149178E-05,+9.696148E-07,-9.876144E+01,+3.057417E+00
+9.624023E+02,+1.089934E-05,+4.203015E-07,-9.924554E+01,+3.854300E-02
+9.626465E+02,-6.725494E-06,+9.054472E-07,-1.033675E+02,+3.007768E+00
+9.628906E+02,+5.011004E-07,+3.166513E-06,-1.098810E+02,+1.413848E+00
+9.631348E+02,-2.564070E-06,-7.180992E-07,-1.114935E+02,-2.868526E+00
+9.633789E+02,+5.707887E-06,-4.043614E-06,-1.031042E+02,-6.163585E-01
+9.636230E+02,-6.603034E-07,+5.294330E-06,-1.054567E+02,+1.694875E+00
+9.638672E+02,-1.070341E-06,-3.627862E-06,-1.084445E+02,-1.857690E+00
+9.641113E+02,-5.589914E-06,-2.730862E-06,-1.041224E+02,-2.687160E+00
+9.643555E+02,+8.107307E-06,+3.195124E-06,-1.011954E+02,+3.754135E-01
+9.645996E+02,-1.035286E-06,+2.835040E-06,-1.104052E+02,+1.920926E+00
+9.648438E+02,-3.560529E-06,-6.097406E-06,-1.030229E+02,-2.099324E+00
+9.650879E+02,+2.152749E-06,+8.537192E-06,-1.011060E+02,+1.323785E+00
+9.653320E+02,+3.740245E-06,-3.031603E-06,-1.063489E+02,-6.811324E-01
+9.655762E+02,-4.638227E-06,-4.000238E-06,-1.042579E+02,-2.429915E+00
+9.658203E+02,+5.686084E-07,+2.780893E-06,-1.109384E+02,+1.369107E+00
+9.660645E+02,-3.413220E-06,+6.459594E-07,-1.091839E+02,+2.954553E+00
+9.663086E+02,+6.447744E-06,+1.555521E-06,-1.035662E+02,+2.367270E-01
+9.665527E+02,-7.464598E-06,-7.402934E-06,-9.956544E+01,-2.360342E+00
+9.667969E+02,+1.090958E-05,+4.702542E-06,-9.850372E+01,+4.069814E-01
+9.670410E+02,-8.940341E-06,-2.824593E-06,-1.005597E+02,-2.835579E+00
+9.672852E+02,+4.569659E-06,+2.279039E-06,-1.058376E+02,+4.626333E-01
+9.675293E+02,-8.615337E-06,-1.930219E-06,-1.010818E+02,-2.921188E+00
+9.677734E+02,+1.275573E-05,+4.086380E-06,-9.746159E+01,+3.100261E-01
+9.680176E+02,-7.363067E-06,-1.067762E-05,-9.774106E+01,-2.174494E+00
+9.682617E+02,+1.160492E-06,+5.683559E-06,-1.047302E+02,+1.369381E+00
+9.685059E+02,-4.174698E-06,+1.004318E-05,-9.927039E+01,+1.964742E+00
+9.687500E+02,+8.168181E-08,-1.001482E-05,-9.998685E+01,-1.562640E+00
+9.689941E+02,+4.022288E-06,+3.681361E-06,-1.052679E+02,+7.411719E-01
+9.692383E+02,+8.013836E-07,-2.330861E-07,-1.215705E+02,-2.830456E-01
+9.694824E+02,+3.257416E-07,+3.742722E-06,-1.085035E+02,+1.483982E+00
+9.697266E+02,-3.897312E-06,-7.972348E-06,-1.010376E+02,-2.025487E+00
+9.699707E+02,+4.290725E-06,+1.527670E-06,-1.068311E+02,+3.420455E-01
+9.702148E+02,-3.944479E-06,+8.410252E-07,-1.078871E+02,+2.931523E+00
+9.704590E+02,+1.446870E-08,-4.737399E-06,-1.064892E+02,-1.567742E+00
+9.707031E+02,+6.096904E-06,+8.158102E-06,-9.984109E+01,+9.289976E-01
+9.709473E+02,-1.506622E-05,+3.591429E-06,-9.619988E+01,+2.907583E+00
+9.711914E+02,+1.150564E-05,-9.294301E-06,-9.660025E+01,-6.794811E-01
+9.714355E+02,-5.004863E-06,+2.044120E-06,-1.053421E+02,+2.753843E+00
+9.716797E+02,-1.478874E-06,+9.461555E-06,-1.003759E+02,+1.725845E+00
+9.719238E+02,+3.218627E-06,-1.220322E-05,-9.797844E+01,-1.312917E+00
+9.721680E+02,+3.159596E-06,-1.305959E-06,-1.093224E+02,-3.919457E-01
+9.724121E+02,-1.016449E-06,+1.341068E-05,-9.742611E+01,+1.646446E+00
+9.726562E+02,-3.257128E-06,-9.039793E-06,-1.003467E+02,-1.916626E+00
+9.729004E+02,+2.716313E-06,+1.786203E-06,-1.097597E+02,+5.816880E-01
+9.731445E+02,-2.618980E-06,+3.390723E-06,-1.073622E+02,+2.228477E+00
+9.733887E+02,+3.210420E-06,-2.211350E-06,-1.081825E+02,-6.031724E-01
+9.736328E+02,-1.612029E-06,+2.148811E-06,-1.114170E+02,+2.214423E+00
+9.738770E+02,+3.771508E-07,-6.960274E-07,-1.220294E+02,-1.074223E+00
+9.741211E+02,-2.635724E-06,-9.916390E-07,-1.110071E+02,-2.781744E+00
+9.743652E+02,+7.841350E-06,-1.436116E-06,-1.019689E+02,-1.811390E-01
+9.746094E+02,-5.036006E-06,-2.529734E-06,-1.049811E+02,-2.676083E+00
+9.748535E+02,-6.494207E-06,+9.395239E-06,-9.884572E+01,+2.175607E+00
+9.750977E+02,+1.393503E-05,-7.606783E-06,-9.598517E+01,-4.996705E-01
+9.753418E+02,-1.241900E-05,+2.910156E-06,-9.788612E+01,+2.911415E+00
+9.755859E+02,+9.953130E-06,+3.364644E-06,-9.957088E+01,+3.259885E-01
+9.758301E+02,-5.416615E-06,-3.431077E-06,-1.038603E+02,-2.576950E+00
+9.760742E+02,-7.113013E-07,-8.124322E-07,-1.193330E+02,-2.289921E+00
+9.763184E+02,+1.526587E-06,+5.714569E-06,-1.045610E+02,+1.309753E+00
+9.765625E+02,+6.054971E-06,-8.754555E-06,-9.945751E+01,-9.657054E-01
+9.768066E+02,-7.715877E-06,+5.771981E-06,-1.003222E+02,+2.499331E+00
+9.770508E+02,-6.943890E-09,-2.354800E-06,-1.125609E+02,-1.573745E+00
+9.772949E+02,+2.954132E-06,-1.653154E-06,-1.094082E+02,-5.101893E-01
+9.775391E+02,+3.369453E-07,+2.258832E-06,-1.128268E+02,+1.422720E+00
+9.777832E+02,-2.711397E-06,+7.263744E-06,-1.022103E+02,+1.928057E+00
+9.780273E+02,+1.015343E-06,-5.343226E-06,-1.052899E+02,-1.383011E+00
+9.782715E+02,-5.880284E-08,-4.008352E-06,-1.079398E+02,-1.585465E+00
+9.785156E+02,-1.127556E-08,+2.400447E-06,-1.123941E+02,+1.575494E+00
+9.787598E+02,+3.959361E-06,-1.244361E-06,-1.076384E+02,-3.045086E-01
+9.790039E+02,-2.954462E-06,+2.990877E-07,-1.105462E+02,+3.040704E+00
+9.792480E+02,+3.748550E-06,+4.931287E-06,-1.041602E+02,+9.208267E-01
+9.794922E+02,-7.104640E-06,-8.349568E-06,-9.920127E+01,-2.275812E+00
+9.797363E+02,+1.888200E-06,+1.815825E-06,-1.116352E+02,+7.658610E-01
+9.799805E+02,+8.351920E-06,+4.912194E-06,-1.002741E+02,+5.316617E-01
+9.802246E+02,-6.293338E-06,-1.672207E-06,-1.037261E+02,-2.881883E+00
+9.804688E+02,-2.652821E-06,+3.907795E-06,-1.065153E+02,+2.167189E+00
+9.807129E+02,+7.540538E-06,-6.946297E-06,-9.978352E+01,-7.444018E-01
+9.809570E+02,-6.245442E-06,+3.669171E-06,-1.028010E+02,+2.610418E+00
+9.812012E+02,+4.632693E-06,+1.405492E-06,-1.063009E+02,+2.945599E-01
+9.814453E+02,-1.031408E-06,-5.377484E-06,-1.052315E+02,-1.760296E+00
+9.816895E+02,+1.192195E-06,+2.543817E-06,-1.110279E+02,+1.132530E+00
+9.819336E+02,-4.794611E-06,+4.007019E-06,-1.040844E+02,+2.445439E+00
+9.821777E+02,+3.227322E-07,-6.770515E-06,-1.033777E+02,-1.523165E+00
+9.824219E+02,+3.608826E-06,+2.581651E-06,-1.070579E+02,+6.209681E-01
+9.826660E+02,-4.906649E-07,+3.266099E-06,-1.096225E+02,+1.719911E+00
+9.829102E+02,-2.508325E-06,-4.546423E-07,-1.118719E+02,-2.962286E+00
+9.831543E+02,+3.371524E-06,-8.316159E-06,-1.009407E+02,-1.185628E+00
+9.833984E+02,-5.497560E-07,+7.263578E-06,-1.027522E+02,+1.646339E+00
+9.836426E+02,+2.163860E-06,+5.114997E-06,-1.051081E+02,+1.170585E+00
+9.838867E+02,-3.917493E-06,-6.363306E-06,-1.025307E+02,-2.122635E+00
+9.841309E+02,+4.466503E-06,-3.969910E-06,-1.044721E+02,-7.266030E-01
+9.843750E+02,-6.682005E-06,+8.148010E-06,-9.954523E+01,+2.257661E+00
+9.846191E+02,+9.102377E-06,-6.407335E-06,-9.906903E+01,-6.133513E-01
+9.848633E+02,-6.893405E-06,+7.906071E-07,-1.031746E+02,+3.027401E+00
+9.851074E+02,+5.693685E-06,+4.735036E-06,-1.026091E+02,+6.937318E-01
+9.853516E+02,-3.646534E-06,-3.306876E-06,-1.061560E+02,-2.405004E+00
+9.855957E+02,-3.086623E-07,-1.447259E-06,-1.165959E+02,-1.780922E+00
+9.858398E+02,+5.793264E-06,+1.163827E-06,-1.045697E+02,+1.982542E-01
+9.860840E+02,-3.660957E-06,-1.680508E-06,-1.078977E+02,-2.711251E+00
+9.863281E+02,-4.724912E-06,+7.577014E-06,-1.009835E+02,+2.128377E+00
+9.865723E+02,+7.099376E-06,-7.164623E-06,-9.992538E+01,-7.899723E-01
+9.868164E+02,-1.506546E-06,+1.028446E-06,-1.147790E+02,+2.542605E+00
+9.870605E+02,+3.310425E-06,-2.043955E-06,-1.081997E+02,-5.531371E-01
+9.873047E+02,-3.519506E-06,+5.322140E-06,-1.039028E+02,+2.155071E+00
+9.875488E+02,+4.318028E-07,-3.979981E-06,-1.079516E+02,-1.462725E+00
+9.877930E+02,+7.243385E-06,-2.109354E-06,-1.024477E+02,-2.833742E-01
+9.880371E+02,-9.842552E-06,-3.130242E-06,-9.971940E+01,-2.833676E+00
+9.882812E+02,+3.322011E-06,+1.078047E-05,-9.895328E+01,+1.271878E+00
+9.885254E+02,+3.131192E-06,-3.654825E-06,-1.063522E+02,-8.624091E-01
+9.887695E+02,+5.593680E-06,-7.067497E-06,-1.009024E+02,-9.012810E-01
+9.890137E+02,-3.937510E-06,-8.194538E-07,-1.079114E+02,-2.936407E+00
+9.892578E+02,+3.379198E-06,+2.481908E-06,-1.075501E+02,+6.334853E-01
+9.895020E+02,-7.315050E-06,+2.824255E-06,-1.021122E+02,+2.773136E+00
+9.897461E+02,+3.907774E-06,-1.111031E-05,-9.857893E+01,-1.232586E+00
+9.899902E+02,+1.977912E-06,+1.270440E-06,-1.125758E+02,+5.709531E-01
+9.902344E+02,-2.162917E-06,+4.145040E-06,-1.066036E+02,+2.051738E+00
+9.904785E+02,-5.898655E-06,+2.516397E-06,-1.038588E+02,+2.738363E+00
+9.907227E+02,+9.190325E-06,-5.171381E-06,-9.953874E+01,-5.125401E-01
+9.909668E+02,-4.752073E-06,-1.066337E-05,-9.865538E+01,-1.990022E+00
+9.912109E+02,+1.815697E-06,+1.092755E-05,-9.911127E+01,+1.406143E+00
+9.914551E+02,+4.230300E-07,-8.979056E-06,-1.009258E+02,-1.523718E+00
+9.916992E+02,+5.710361E-06,-9.673317E-06,-9.899005E+01,-1.037524E+00
+9.919434E+02,-3.541113E-05,-1.872550E-05,-8.794636E+01,-2.655169E+00
+9.921875E+02,-3.789272E-06,+5.025390E-05,-8.595199E+01,+1.646056E+00
+9.924316E+02,+2.649068E-05,+3.100921E-06,-9.147903E+01,+1.165267E-01
+9.926758E+02,+1.065443E-05,-2.168269E-05,-9.233842E+01,-1.114069E+00
+9.929199E+02,-2.524486E-06,+7.185273E-06,-1.023656E+02,+1.908666E+00
+9.931641E+02,-5.210660E-06,-1.423563E-05,-9.638642E+01,-1.921679E+00
+9.934082E+02,+1.086178E-06,-4.080829E-06,-1.074878E+02,-1.310661E+00
+9.936523E+02,-3.457593E-07,-5.876292E-06,-1.046029E+02,-1.629568E+00
+9.938965E+02,-8.229858E-06,-3.080448E-06,-1.011227E+02,-2.783435E+00
+9.941406E+02,-7.506161E-06,+9.172736E-07,-1.024273E+02,+3.019993E+00
+9.943848E+02,-1.501502E-06,-6.163924E-06,-1.039525E+02,-1.809738E+00
+9.946289E+02,-8.691832E-06,+6.615539E-07,-1.011927E+02,+3.065627E+00
+9.948730E+02,-6.301350E-06,-2.792529E-06,-1.032326E+02,-2.724438E+00
+9.951172E+02,-6.559048E-06,-6.526795E-07,-1.036204E+02,-3.042411E+00
+9.953613E+02,-2.868377E-05,-1.913112E-05,-8.924907E+01,-2.553382E+00
+9.956055E+02,+2.062606E-06,+1.627171E-05,-9.570210E+01,+1.444708E+00
+9.958496E+02,-1.286202E-04,+6.846756E-05,-7.673030E+01,+2.652422E+00
+9.960938E+02,+1.295707E-04,+1.151708E-04,-7.522114E+01,+7.266285E-01
+9.963379E+02,+7.841729E-05,-5.652104E-05,-8.029472E+01,-6.245317E-01
+9.965820E+02,+8.717862E-06,-3.976831E-05,-8.780541E+01,-1.354994E+00
+9.968262E+02,+8.684048E-06,-1.922125E-05,-9.351768E+01,-1.146451E+00
+9.970703E+02,-1.788337E-05,-4.069110E-05,-8.704306E+01,-1.984877E+00
+9.973145E+02,-2.953744E-05,+1.373798E-05,-8.974206E+01,+2.706249E+00
+9.975586E+02,+7.252599E-06,+2.554331E-05,-9.151773E+01,+1.294144E+00
+9.978027E+02,+3.584187E-05,-4.270399E-07,-8.891158E+01,-1.191399E-02
+9.980469E+02,+4.896029E-05,-5.151087E-06,-8.615531E+01,-1.048238E-01
+9.982910E+02,+9.262254E-05,-1.057989E-04,-7.703942E+01,-8.517067E-01
+9.985352E+02,-9.647331E-05,-4.431445E-04,-6.686799E+01,-1.785153E+00
+9.987793E+02,-8.520060E-04,+4.630190E-04,-6.026733E+01,+2.643795E+00
+9.990234E+02,+6.393696E-04,+4.155150E-04,-6.235490E+01,+5.762925E-01
+9.992676E+02,+9.981614E-05,-1.897714E-04,-7.337465E+01,-1.086581E+00
+9.995117E+02,-7.646869E-06,-9.063800E-06,-9.851930E+01,-2.271605E+00
+9.997559E+02,+2.609232E-05,-5.691457E-06,-9.146788E+01,-2.147637E-01
