FFT Length,8192
Record Length,4096
FFT Sample Rate,+2.000000E+03,
Delta Frequency,+2.441406E-01,
Start Frequency,+0.000000E+00,
Stop Frequency,+1.000000E+03,
Vertical Units,F1:,Real part,Vrms,Imaginary part,Vrms,Magnitude,dBV,
Model,SDS814X HD
Serial Number,SDS08A0X807112
Software Version,3.8.12.1.1.3.8
SourceF1:
Frequency,Real part,Imaginary part,Magnitude,Angle
+0.000000E+00,-3.774205E-04,+0.000000E+00,-6.846349E+01,+3.141593E+00
+2.441406E-01,+2.450737E-04,-7.937191E-06,-7.220951E+01,-3.237564E-02
+4.882812E-01,+2.099913E-05,-1.523857E-05,-9.171870E+01,-6.277514E-01
+7.324219E-01,+3.049664E-06,+4.347120E-06,-1.054978E+02,+9.590398E-01
+9.765625E-01,-5.197599E-06,+1.946457E-05,-9.391598E+01,+1.831737E+00
+1.220703E+00,+1.206874E-05,-1.695939E-05,-9.363236E+01,-9.523106E-01
+1.464844E+00,-2.133610E-05,+1.829069E-05,-9.102495E+01,+2.432896E+00
+1.708984E+00,+2.315093E-05,-2.066555E-05,-9.016359E+01,-7.287363E-01
+1.953125E+00,-1.811791E-05,+9.296155E-06,-9.382290E+01,+2.667526E+00
+2.197266E+00,+7.487802E-06,+4.209785E-06,-1.013201E+02,+5.121760E-01
+2.441406E+00,-5.509407E-08,-4.438868E-06,-1.070539E+02,-1.583207E+00
+2.685547E+00,-3.416220E-06,+1.344851E-06,-1.087034E+02,+2.766558E+00
+2.929688E+00,+8.232863E-06,-3.873026E-06,-1.008207E+02,-4.397171E-01
+3.173828E+00,-6.870183E-06,-3.040064E-06,-1.024840E+02,-2.724992E+00
+3.417969E+00,+3.110443E-06,+1.879063E-05,-9.440377E+01,+1.406752E+00
+3.662109E+00,-5.957547E-06,-2.932496E-05,-9.047961E+01,-1.771225E+00
+3.906250E+00,+2.500108E-05,+3.108671E-05,-8.798210E+01,+8.934773E-01
+4.150391E+00,-3.030310E-05,-2.006230E-05,-8.879172E+01,-2.556790E+00
+4.394531E+00,+6.604746E-06,-1.752447E-06,-1.033074E+02,-2.593553E-01
+4.638672E+00,+5.924475E-06,+1.569131E-05,-9.550804E+01,+1.209780E+00
+4.882812E+00,-6.278269E-06,-7.870213E-06,-9.994147E+01,-2.244149E+00
+5.126953E+00,+6.602228E-06,-3.108200E-06,-1.027368E+02,-4.399999E-01
+5.371094E+00,+4.149300E-09,+2.406579E-06,-1.123720E+02,+1.569072E+00
+5.615234E+00,-6.427976E-06,-3.491914E-06,-1.027155E+02,-2.643957E+00
+5.859375E+00,+2.644474E-06,+5.837896E-06,-1.038643E+02,+1.145463E+00
+6.103516E+00,+8.391188E-06,-3.261627E-06,-1.009125E+02,-3.707243E-01
+6.347656E+00,-9.287794E-06,+1.605156E-06,-1.005139E+02,+2.970459E+00
+6.591797E+00,+3.673043E-06,+6.383913E-07,-1.085702E+02,+1.720854E-01
+6.835938E+00,-1.799424E-06,-7.528543E-06,-1.022245E+02,-1.805408E+00
+7.080078E+00,+8.669662E-08,+7.531919E-06,-1.024613E+02,+1.559286E+00
+7.324219E+00,+1.005321E-06,-1.273428E-06,-1.157967E+02,-9.025151E-01
+7.568359E+00,-5.085918E-06,-3.848698E-06,-1.039063E+02,-2.493794E+00
+7.812500E+00,+9.341782E-06,+6.438422E-06,-9.890347E+01,+6.034456E-01
+8.056641E+00,-5.033196E-06,-3.213721E-06,-1.044781E+02,-2.573341E+00
+8.300781E+00,+2.489032E-06,-1.471707E-06,-1.107773E+02,-5.339807E-01
+8.544922E+00,-5.952876E-06,+6.538680E-06,-1.010684E+02,+2.309333E+00
+8.789062E+00,-5.529319E-07,-1.186591E-05,-9.850456E+01,-1.617361E+00
+9.033203E+00,+1.158449E-05,+1.333709E-05,-9.505737E+01,+8.556072E-01
+9.277344E+00,-7.682394E-06,-1.248194E-05,-9.667930E+01,-2.122521E+00
+9.521484E+00,-6.995908E-07,+6.581194E-06,-1.035851E+02,+1.676700E+00
+9.765625E+00,-4.813233E-06,-3.227506E-06,-1.047387E+02,-2.550908E+00
+1.000977E+01,+1.433314E-05,+5.495956E-06,-9.627743E+01,+3.661530E-01
+1.025391E+01,-1.225884E-05,-5.445963E-06,-9.744878E+01,-2.723532E+00
+1.049805E+01,+3.944663E-06,+2.250757E-06,-1.068558E+02,+5.185084E-01
+1.074219E+01,+3.287372E-06,-2.425303E-06,-1.077757E+02,-6.356236E-01
+1.098633E+01,-1.190512E-05,+1.619488E-06,-9.840569E+01,+3.006390E+00
+1.123047E+01,+1.197668E-05,+5.260256E-06,-9.766722E+01,+4.138435E-01
+1.147461E+01,-4.307363E-06,-1.167969E-05,-9.809756E+01,-1.924112E+00
+1.171875E+01,+4.750585E-06,+9.785407E-06,-9.926933E+01,+1.118835E+00
+1.196289E+01,-4.353306E-06,+2.048579E-06,-1.063549E+02,+2.701757E+00
+1.220703E+01,-2.271644E-06,-1.506653E-06,-1.112899E+02,-2.555964E+00
+1.245117E+01,+3.198050E-06,-1.020310E-05,-9.941837E+01,-1.267056E+00
+1.269531E+01,-4.347331E-06,+5.673986E-06,-1.029164E+02,+2.224576E+00
+1.293945E+01,+5.274238E-06,-2.698146E-06,-1.045472E+02,-4.728612E-01
+1.318359E+01,-8.576988E-06,+1.278562E-05,-9.625184E+01,+2.161676E+00
+1.342773E+01,+1.330534E-05,-1.723232E-05,-9.324236E+01,-9.132909E-01
+1.367188E+01,-3.224186E-06,+8.902607E-06,-1.004744E+02,+1.918265E+00
+1.391602E+01,-9.700755E-06,+2.528127E-06,-9.997850E+01,+2.886652E+00
+1.416016E+01,+9.759795E-06,-2.254187E-06,-9.998547E+01,-2.269863E-01
+1.440430E+01,-4.290914E-06,-5.229394E-06,-1.033953E+02,-2.257935E+00
+1.464844E+01,+9.704396E-08,+6.741591E-06,-1.034239E+02,+1.556403E+00
+1.489258E+01,+8.576496E-07,-9.583820E-07,-1.178145E+02,-8.408098E-01
+1.513672E+01,+3.443133E-06,+1.077066E-06,-1.088555E+02,+3.031725E-01
+1.538086E+01,-4.847415E-06,-6.108799E-06,-1.021599E+02,-2.241570E+00
+1.562500E+01,+1.761851E-07,-1.718891E-06,-1.152496E+02,-1.468654E+00
+1.586914E+01,-9.723123E-07,+8.159586E-06,-1.017054E+02,+1.689399E+00
+1.611328E+01,+4.411302E-06,+4.636208E-07,-1.070610E+02,+1.047140E-01
+1.635742E+01,-2.805634E-06,-7.582704E-06,-1.018463E+02,-1.925180E+00
+1.660156E+01,-7.942311E-07,+4.215446E-06,-1.073516E+02,+1.757023E+00
+1.684570E+01,+5.915438E-06,+5.323737E-06,-1.019836E+02,+7.328004E-01
+1.708984E+01,-9.504720E-06,-1.086823E-05,-9.680981E+01,-2.289367E+00
+1.733398E+01,+9.684378E-07,+6.285281E-06,-1.039316E+02,+1.417918E+00
+1.757812E+01,+6.963857E-06,+5.613942E-06,-1.009685E+02,+6.784822E-01
+1.782227E+01,-9.365355E-06,-1.256810E-05,-9.609653E+01,-2.211198E+00
+1.806641E+01,+7.411083E-06,+6.813599E-06,-9.994180E+01,+7.434195E-01
+1.831055E+01,+1.543999E-06,+1.409325E-06,-1.135951E+02,+7.398288E-01
+1.855469E+01,-4.015304E-07,-3.036051E-06,-1.102785E+02,-1.702287E+00
+1.879883E+01,-5.086320E-06,-1.952120E-06,-1.052752E+02,-2.775131E+00
+1.904297E+01,-2.238810E-06,+7.715349E-06,-1.019018E+02,+1.853216E+00
+1.928711E+01,+9.999908E-06,-1.398016E-05,-9.529527E+01,-9.498802E-01
+1.953125E+01,-1.120709E-05,+1.258879E-05,-9.546565E+01,+2.298195E+00
+1.977539E+01,+7.380965E-06,+2.110023E-06,-1.022966E+02,+2.784469E-01
+2.001953E+01,+5.460995E-06,-9.775260E-06,-9.901778E+01,-1.061333E+00
+2.026367E+01,-1.190331E-05,+6.692146E-06,-9.729382E+01,+2.629425E+00
+2.050781E+01,+3.654912E-06,-5.201186E-06,-1.039350E+02,-9.582556E-01
+2.075195E+01,+1.436671E-06,+5.705907E-06,-1.046066E+02,+1.324137E+00
+2.099609E+01,-5.933402E-07,+2.147859E-06,-1.130405E+02,+1.840322E+00
+2.124023E+01,-4.015962E-06,-1.311265E-05,-9.725681E+01,-1.867992E+00
+2.148438E+01,+7.862004E-06,+1.309754E-05,-9.631980E+01,+1.030181E+00
+2.172852E+01,-4.708893E-06,-3.862226E-06,-1.043074E+02,-2.454657E+00
+2.197266E+01,+5.708386E-07,+3.642905E-07,-1.233860E+02,+5.680120E-01
+2.221680E+01,-3.188635E-07,-3.723611E-06,-1.085490E+02,-1.656221E+00
+2.246094E+01,+1.722084E-06,-5.657243E-06,-1.045630E+02,-1.275305E+00
+2.270508E+01,-9.799380E-07,+1.086578E-05,-9.924361E+01,+1.660739E+00
+2.294922E+01,-1.998002E-06,-1.892225E-06,-1.112076E+02,-2.383378E+00
+2.319336E+01,+2.845733E-06,+1.217800E-06,-1.101858E+02,+4.043574E-01
+2.343750E+01,+9.260110E-07,+1.331620E-06,-1.157993E+02,+9.631630E-01
+2.368164E+01,-2.562978E-06,-6.286689E-06,-1.033638E+02,-1.957909E+00
+2.392578E+01,-3.457666E-06,+3.747546E-07,-1.091736E+02,+3.033630E+00
+2.416992E+01,+1.106789E-05,+1.051371E-05,-9.632577E+01,+7.597255E-01
+2.441406E+01,-9.449508E-06,-1.113372E-05,-9.671105E+01,-2.274552E+00
+2.465820E+01,+2.171606E-06,+8.030667E-06,-1.015985E+02,+1.306698E+00
+2.490234E+01,-1.948774E-06,-5.788423E-06,-1.042825E+02,-1.895545E+00
+2.514648E+01,+2.673731E-06,-1.159816E-06,-1.107089E+02,-4.092853E-01
+2.539062E+01,+1.262626E-06,+4.360140E-06,-1.068603E+02,+1.288923E+00
+2.563477E+01,-3.430519E-06,+1.512538E-06,-1.085213E+02,+2.726327E+00
+2.587891E+01,+4.323628E-07,-3.155411E-06,-1.099381E+02,-1.434622E+00
+2.612305E+01,+1.002762E-05,-6.146466E-06,-9.859077E+01,-5.498897E-01
+2.636719E+01,-1.858046E-05,+3.930691E-06,-9.442873E+01,+2.933117E+00
+2.661133E+01,+1.983028E-05,+9.132390E-06,-9.321809E+01,+4.315740E-01
+2.685547E+01,-1.514766E-05,-9.967875E-06,-9.483055E+01,-2.559581E+00
+2.709961E+01,+2.304744E-06,+6.962888E-06,-1.026927E+02,+1.251144E+00
+2.734375E+01,+4.332057E-06,-1.174621E-05,-9.804820E+01,-1.217468E+00
+2.758789E+01,-8.680298E-07,+1.764470E-05,-9.505722E+01,+1.619952E+00
+2.783203E+01,-3.879113E-07,-8.483825E-06,-1.014191E+02,-1.616488E+00
+2.807617E+01,+2.614272E-06,-9.187963E-06,-1.003975E+02,-1.293590E+00
+2.832031E+01,-2.359200E-06,+1.200710E-05,-9.824673E+01,+1.764809E+00
+2.856445E+01,+3.642912E-06,-2.087698E-06,-1.075377E+02,-5.203937E-01
+2.880859E+01,-1.112531E-05,-5.146861E-06,-9.823149E+01,-2.708288E+00
+2.905273E+01,+6.555283E-06,+1.688420E-06,-1.033892E+02,+2.520872E-01
+2.929688E+01,+1.278523E-06,+4.249572E-07,-1.174107E+02,+3.208936E-01
+2.954102E+01,+2.958389E-07,+7.181969E-06,-1.028678E+02,+1.529628E+00
+2.978516E+01,+2.915599E-06,-1.001074E-05,-9.963708E+01,-1.287389E+00
+3.002930E+01,-2.986385E-06,+5.733741E-06,-1.037888E+02,+2.050980E+00
+3.027344E+01,-3.181283E-06,-1.892566E-06,-1.086320E+02,-2.604927E+00
+3.051758E+01,+1.881539E-06,-5.409078E-06,-1.048415E+02,-1.236040E+00
+3.076172E+01,+4.823654E-06,+1.140610E-05,-9.814268E+01,+1.170705E+00
+3.100586E+01,-5.194181E-06,-1.069831E-05,-9.849448E+01,-2.022788E+00
+3.125000E+01,+2.075681E-06,+5.565865E-06,-1.045238E+02,+1.213841E+00
+3.149414E+01,-2.528302E-06,+3.006822E-06,-1.081154E+02,+2.269957E+00
+3.173828E+01,+4.446531E-06,-6.821650E-06,-1.017844E+02,-9.931383E-01
+3.198242E+01,+2.315121E-07,+5.070682E-06,-1.058896E+02,+1.525171E+00
+3.222656E+01,-3.714016E-06,+1.452621E-06,-1.079849E+02,+2.768766E+00
+3.247070E+01,-4.260961E-06,-1.202406E-05,-9.788522E+01,-1.911358E+00
+3.271484E+01,+4.900470E-06,+1.211775E-05,-9.767374E+01,+1.186499E+00
+3.295898E+01,+3.101702E-06,-5.673594E-06,-1.037872E+02,-1.070497E+00
+3.320312E+01,-3.184913E-06,+4.885789E-06,-1.046833E+02,+2.148487E+00
+3.344727E+01,-1.348741E-06,-3.346665E-06,-1.088541E+02,-1.953895E+00
+3.369141E+01,+2.283960E-06,-2.484498E-06,-1.094351E+02,-8.274285E-01
+3.393555E+01,-9.098629E-07,+6.077896E-06,-1.042287E+02,+1.719393E+00
+3.417969E+01,+4.903050E-06,-7.432639E-06,-1.010081E+02,-9.876568E-01
+3.442383E+01,-5.591205E-06,+9.947094E-06,-9.885368E+01,+2.082878E+00
+3.466797E+01,+3.117612E-06,-5.872827E-06,-1.035448E+02,-1.082772E+00
+3.491211E+01,-5.443805E-06,-2.588025E-06,-1.043970E+02,-2.697812E+00
+3.515625E+01,+1.724511E-06,+4.911728E-06,-1.056705E+02,+1.233141E+00
+3.540039E+01,+5.611065E-06,+3.569986E-07,-1.050016E+02,+6.353839E-02
+3.564453E+01,-5.846086E-06,-5.199351E-06,-1.021318E+02,-2.414680E+00
+3.588867E+01,+5.304908E-06,-4.134876E-07,-1.054801E+02,-7.778707E-02
+3.613281E+01,-1.112003E-06,+7.950795E-06,-1.019077E+02,+1.709756E+00
+3.637695E+01,-6.703337E-06,-9.514572E-06,-9.868183E+01,-2.184559E+00
+3.662109E+01,+8.033889E-06,+8.321004E-06,-9.873601E+01,+8.029517E-01
+3.686523E+01,-2.224129E-06,-9.740269E-06,-1.000078E+02,-1.795291E+00
+3.710938E+01,-5.829979E-06,+1.268808E-05,-9.710018E+01,+2.001510E+00
+3.735352E+01,+7.900790E-06,-8.134687E-06,-9.890774E+01,-7.999833E-01
+3.759766E+01,-9.061947E-07,+2.450804E-08,-1.208524E+02,+3.114554E+00
+3.784180E+01,-4.831306E-06,+2.457482E-06,-1.053194E+02,+2.671043E+00
+3.808594E+01,+8.315202E-06,-3.558088E-06,-1.008723E+02,-4.043258E-01
+3.833008E+01,-1.252528E-05,+3.280692E-06,-9.775608E+01,+2.885422E+00
+3.857422E+01,+7.352120E-06,-3.427457E-06,-1.018177E+02,-4.362325E-01
+3.881836E+01,+4.543596E-06,+2.720849E-07,-1.068365E+02,+5.981174E-02
+3.906250E+01,-7.821974E-06,+4.929381E-06,-1.006812E+02,+2.579265E+00
+3.930664E+01,+2.775375E-06,-6.011854E-06,-1.035808E+02,-1.138296E+00
+3.955078E+01,-1.810777E-06,+4.021192E-06,-1.071111E+02,+1.993907E+00
+3.979492E+01,+2.131165E-06,-6.107176E-07,-1.130849E+02,-2.790862E-01
+4.003906E+01,-1.258587E-06,+4.521368E-06,-1.065705E+02,+1.842287E+00
+4.028320E+01,-1.038881E-06,-1.104867E-05,-9.909557E+01,-1.664548E+00
+4.052734E+01,+4.239742E-06,+8.859789E-06,-1.001560E+02,+1.124466E+00
+4.077148E+01,-2.893029E-07,-1.850698E-06,-1.145484E+02,-1.725862E+00
+4.101562E+01,-8.025996E-07,-5.364522E-06,-1.053132E+02,-1.719307E+00
+4.125977E+01,-3.295367E-06,+3.539500E-06,-1.063102E+02,+2.320491E+00
+4.150391E+01,+8.958597E-07,+4.922220E-06,-1.060153E+02,+1.390764E+00
+4.174805E+01,+3.294267E-06,-7.641462E-06,-1.015962E+02,-1.163767E+00
+4.199219E+01,+2.434156E-06,+7.530978E-06,-1.020314E+02,+1.258176E+00
+4.223633E+01,-8.967626E-06,-5.821853E-06,-9.941907E+01,-2.565774E+00
+4.248047E+01,+4.008850E-06,+1.980944E-06,-1.069908E+02,+4.589508E-01
+4.272461E+01,+3.128877E-06,-6.432234E-06,-1.029104E+02,-1.118058E+00
+4.296875E+01,-8.960902E-06,+1.006395E-05,-9.740930E+01,+2.298280E+00
+4.321289E+01,+1.158568E-05,-3.833022E-06,-9.827046E+01,-3.195060E-01
+4.345703E+01,-7.983731E-06,-1.014720E-06,-1.018863E+02,-3.015172E+00
+4.370117E+01,-1.509186E-07,+1.514726E-06,-1.163504E+02,+1.670103E+00
+4.394531E+01,+6.909505E-06,+6.409194E-07,-1.031739E+02,+9.249441E-02
+4.418945E+01,-4.901625E-06,-4.908350E-06,-1.031769E+02,-2.355509E+00
+4.443359E+01,+8.570925E-07,+8.474048E-07,-1.183782E+02,+7.797146E-01
+4.467773E+01,-1.773397E-06,+5.049924E-06,-1.054293E+02,+1.908516E+00
+4.492188E+01,+3.914945E-06,-2.310919E-06,-1.068472E+02,-5.332428E-01
+4.516602E+01,-1.078799E-05,+3.666752E-06,-9.886639E+01,+2.813951E+00
+4.541016E+01,+1.003215E-05,-1.215588E-06,-9.990882E+01,-1.205814E-01
+4.565430E+01,+1.378838E-06,-5.086177E-06,-1.055642E+02,-1.306064E+00
+4.589844E+01,-6.242881E-06,+3.524033E-07,-1.040785E+02,+3.085204E+00
+4.614258E+01,+5.422525E-06,+1.007206E-06,-1.051687E+02,+1.836518E-01
+4.638672E+01,-4.701802E-06,-1.069319E-06,-1.063357E+02,-2.917969E+00
+4.663086E+01,+4.106568E-06,+1.058621E-05,-9.889640E+01,+1.200750E+00
+4.687500E+01,-1.777344E-06,-1.498164E-05,-9.642812E+01,-1.688879E+00
+4.711914E+01,-1.545607E-06,+7.137928E-06,-1.027296E+02,+1.784039E+00
+4.736328E+01,+1.412637E-06,+2.451366E-08,-1.169981E+02,+1.735138E-02
+4.760742E+01,+1.897807E-06,-1.436247E-06,-1.124684E+02,-6.478345E-01
+4.785156E+01,-1.029011E-06,+1.695014E-06,-1.140539E+02,+2.116406E+00
+4.809570E+01,-8.158459E-06,-3.306316E-07,-1.017607E+02,-3.101089E+00
+4.833984E+01,+8.722063E-06,-2.307457E-06,-1.008938E+02,-2.586289E-01
+4.858398E+01,-8.019237E-07,+1.187857E-06,-1.168738E+02,+2.164616E+00
+4.882812E+01,-1.362465E-06,+2.174189E-06,-1.118155E+02,+2.130584E+00
+4.907227E+01,+1.492669E-06,+6.221143E-08,-1.165132E+02,+4.165387E-02
+4.931641E+01,-3.765212E-06,-3.768999E-07,-1.084409E+02,-3.041824E+00
+4.956055E+01,+1.021952E-06,-4.822969E-06,-1.061430E+02,-1.361992E+00
+4.980469E+01,+2.967072E-06,+2.818806E-06,-1.077601E+02,+7.597781E-01
+5.004883E+01,-3.200496E-06,+8.387303E-06,-1.009372E+02,+1.935330E+00
+5.029297E+01,+6.533239E-06,-6.474123E-06,-1.007264E+02,-7.808534E-01
+5.053711E+01,-8.410361E-06,-4.280427E-06,-1.005034E+02,-2.670813E+00
+5.078125E+01,+3.445621E-06,+8.246211E-07,-1.090128E+02,+2.349060E-01
+5.102539E+01,-1.436365E-06,+2.527731E-06,-1.107301E+02,+2.087538E+00
+5.126953E+01,-8.340646E-07,-8.169384E-07,-1.186549E+02,-2.366567E+00
+5.151367E+01,+3.826723E-06,+6.144455E-06,-1.028068E+02,+1.013786E+00
+5.175781E+01,+7.022172E-07,-8.837254E-06,-1.010463E+02,-1.491502E+00
+5.200195E+01,-1.078500E-06,+6.632451E-06,-1.034532E+02,+1.731995E+00
+5.224609E+01,-2.464814E-06,-3.226342E-06,-1.078292E+02,-2.223176E+00
+5.249023E+01,+1.997565E-06,-1.060417E-06,-1.129118E+02,-4.880255E-01
+5.273438E+01,+2.611362E-06,+6.769314E-06,-1.027866E+02,+1.202622E+00
+5.297852E+01,-5.106101E-06,-9.981747E-06,-9.900639E+01,-2.043636E+00
+5.322266E+01,+3.786510E-06,+3.693325E-06,-1.055318E+02,+7.729407E-01
+5.346680E+01,-1.809478E-06,+1.641085E-06,-1.122422E+02,+2.404958E+00
+5.371094E+01,+3.509664E-06,+3.700662E-06,-1.058482E+02,+8.118815E-01
+5.395508E+01,-3.897528E-06,-6.558726E-06,-1.023502E+02,-2.106978E+00
+5.419922E+01,-5.456513E-06,+5.083085E-06,-1.025484E+02,+2.391611E+00
+5.444336E+01,+7.457372E-06,-6.484688E-06,-1.001027E+02,-7.157449E-01
+5.468750E+01,-5.954423E-06,+4.453798E-06,-1.025734E+02,+2.499385E+00
+5.493164E+01,+5.890049E-06,-2.201393E-06,-1.040298E+02,-3.576724E-01
+5.517578E+01,+3.467283E-06,+1.422857E-06,-1.085243E+02,+3.894111E-01
+5.541992E+01,-8.673930E-06,+2.065891E-06,-1.009961E+02,+2.907776E+00
+5.566406E+01,+7.326014E-06,+1.356140E-06,-1.025563E+02,+1.830409E-01
+5.590820E+01,-9.354415E-06,-7.160108E-06,-9.857697E+01,-2.488292E+00
+5.615234E+01,+4.303198E-06,+7.421069E-06,-1.013318E+02,+1.045316E+00
+5.639648E+01,+5.297906E-06,-5.094134E-06,-1.026746E+02,-7.657923E-01
+5.664062E+01,-5.466854E-06,+4.422139E-06,-1.030591E+02,+2.461448E+00
+5.688477E+01,+5.106325E-06,-6.729369E-06,-1.014655E+02,-9.216794E-01
+5.712891E+01,-3.520488E-06,+7.276816E-06,-1.018478E+02,+2.021396E+00
+5.737305E+01,-2.484222E-06,-8.822708E-07,-1.115803E+02,-2.800338E+00
+5.761719E+01,-7.091598E-07,-3.591585E-06,-1.087282E+02,-1.765739E+00
+5.786133E+01,+3.624619E-06,-1.692721E-06,-1.079579E+02,-4.369063E-01
+5.810547E+01,+5.359770E-06,+7.418958E-06,-1.007692E+02,+9.451666E-01
+5.834961E+01,-8.656416E-06,-7.728767E-06,-9.870738E+01,-2.412749E+00
+5.859375E+01,+1.500442E-06,+4.552243E-06,-1.063876E+02,+1.252405E+00
+5.883789E+01,+2.631428E-06,+1.738646E-06,-1.100229E+02,+5.838767E-01
+5.908203E+01,-2.246355E-06,-8.122970E-06,-1.014857E+02,-1.840597E+00
+5.932617E+01,+2.006083E-06,+9.902997E-06,-9.991001E+01,+1.370928E+00
+5.957031E+01,-2.984745E-06,-1.085622E-05,-9.896996E+01,-1.839101E+00
+5.981445E+01,-1.386143E-07,+1.411833E-05,-9.700392E+01,+1.580614E+00
+6.005859E+01,+9.151971E-06,-1.044697E-05,-9.714673E+01,-8.513770E-01
+6.030273E+01,-6.931996E-06,+5.686642E-06,-1.009480E+02,+2.454567E+00
+6.054688E+01,-5.339991E-06,-1.023345E-05,-9.875369E+01,-2.051745E+00
+6.079102E+01,+1.269173E-05,+1.216702E-05,-9.509879E+01,+7.642936E-01
+6.103516E+01,-9.011344E-06,-4.737307E-06,-9.984445E+01,-2.657593E+00
+6.127930E+01,+3.824109E-06,-2.090045E-06,-1.072143E+02,-5.001861E-01
+6.152344E+01,-3.392384E-06,+2.485102E-06,-1.075242E+02,+2.509351E+00
+6.176758E+01,-1.464560E-06,+1.170429E-06,-1.145409E+02,+2.467360E+00
+6.201172E+01,+8.148510E-06,-3.582859E-06,-1.010108E+02,-4.142514E-01
+6.225586E+01,-5.006318E-06,+2.937456E-06,-1.047247E+02,+2.610973E+00
+6.250000E+01,-4.357159E-06,-6.675034E-06,-1.019695E+02,-2.149106E+00
+6.274414E+01,+6.686626E-06,+8.808399E-06,-9.912578E+01,+9.214844E-01
+6.298828E+01,+3.362766E-07,+4.407989E-07,-1.251232E+02,+9.191029E-01
+6.323242E+01,-7.666878E-06,-7.057995E-06,-9.964185E+01,-2.397522E+00
+6.347656E+01,+2.433194E-06,+3.890144E-06,-1.067667E+02,+1.011854E+00
+6.372070E+01,+8.633578E-06,-1.061189E-06,-1.012111E+02,-1.223007E-01
+6.396484E+01,-6.129808E-06,+3.972244E-06,-1.027284E+02,+2.566610E+00
+6.420898E+01,+1.008692E-06,-3.669594E-06,-1.083913E+02,-1.302543E+00
+6.445312E+01,-6.217630E-07,-3.421214E-06,-1.091753E+02,-1.750572E+00
+6.469727E+01,+1.674836E-06,+2.919696E-06,-1.094578E+02,+1.049990E+00
+6.494141E+01,-5.362289E-06,+2.556052E-06,-1.045238E+02,+2.696781E+00
+6.518555E+01,+1.458065E-06,+6.832769E-07,-1.158623E+02,+4.382291E-01
+6.542969E+01,+5.315108E-06,-3.564292E-06,-1.038770E+02,-5.907182E-01
+6.567383E+01,-7.918067E-06,+6.185189E-07,-1.020012E+02,+3.063636E+00
+6.591797E+01,+9.612260E-06,-7.202922E-06,-9.840801E+01,-6.430833E-01
+6.616211E+01,-2.820579E-06,+1.603073E-05,-9.576852E+01,+1.744962E+00
+6.640625E+01,-7.495256E-06,-1.570890E-05,-9.518631E+01,-2.015985E+00
+6.665039E+01,+7.427881E-06,+1.249405E-05,-9.675153E+01,+1.034421E+00
+6.689453E+01,+8.594196E-07,-6.010542E-06,-1.043338E+02,-1.428774E+00
+6.713867E+01,+1.204401E-06,+5.459134E-07,-1.175731E+02,+4.255663E-01
+6.738281E+01,-4.831285E-06,-1.384517E-06,-1.059760E+02,-2.862499E+00
+6.762695E+01,-2.208135E-06,+2.565001E-06,-1.094100E+02,+2.281568E+00
+6.787109E+01,+3.636696E-06,-1.634692E-06,-1.079866E+02,-4.224373E-01
+6.811523E+01,-1.048063E-06,-1.881183E-07,-1.194545E+02,-2.963993E+00
+6.835938E+01,+7.865314E-06,-2.315254E-07,-1.020819E+02,-2.942776E-02
+6.860352E+01,-1.182406E-05,+6.726520E-08,-9.854453E+01,+3.135904E+00
+6.884766E+01,+7.490240E-06,-2.280247E-06,-1.021252E+02,-2.955152E-01
+6.909180E+01,-1.511462E-06,+7.231090E-06,-1.026302E+02,+1.776852E+00
+6.933594E+01,+2.407140E-06,-1.110769E-05,-9.888821E+01,-1.357387E+00
+6.958008E+01,-5.291374E-06,+6.175209E-06,-1.017959E+02,+2.279267E+00
+6.982422E+01,+1.146651E-06,+4.939805E-07,-1.180720E+02,+4.067754E-01
+7.006836E+01,-3.135646E-06,-3.980536E-06,-1.059046E+02,-2.238020E+00
+7.031250E+01,+1.241016E-06,+4.517395E-06,-1.065863E+02,+1.302691E+00
+7.055664E+01,+2.185023E-06,+3.320019E-06,-1.080143E+02,+9.887230E-01
+7.080078E+01,-2.785562E-06,-8.086788E-06,-1.013575E+02,-1.902526E+00
+7.104492E+01,-1.241254E-06,+2.658693E-06,-1.106503E+02,+2.007587E+00
+7.128906E+01,+7.816048E-06,+2.461377E-06,-1.017296E+02,+3.050819E-01
+7.153320E+01,-1.358929E-06,-3.346315E-06,-1.088457E+02,-1.956548E+00
+7.177734E+01,-7.553628E-07,+2.799622E-06,-1.107528E+02,+1.834330E+00
+7.202148E+01,-6.260485E-06,-1.781188E-06,-1.037298E+02,-2.864404E+00
+7.226562E+01,+5.316801E-06,+1.592202E-06,-1.051140E+02,+2.909669E-01
+7.250977E+01,-8.998891E-07,+3.574840E-06,-1.086680E+02,+1.817401E+00
+7.275391E+01,-3.565950E-06,-3.492081E-06,-1.060362E+02,-2.366660E+00
+7.299805E+01,+3.749011E-06,-6.295832E-06,-1.027009E+02,-1.033711E+00
+7.324219E+01,+3.603755E-06,+6.977365E-06,-1.020992E+02,+1.094042E+00
+7.348633E+01,-1.440264E-06,+5.834780E-07,-1.161712E+02,+2.756681E+00
+7.373047E+01,-4.853222E-06,-5.617695E-06,-1.025875E+02,-2.283315E+00
+7.397461E+01,+3.420850E-07,+3.342524E-06,-1.094733E+02,+1.468808E+00
+7.421875E+01,+2.034908E-06,-4.802262E-07,-1.135937E+02,-2.317537E-01
+7.446289E+01,+1.067600E-07,+2.795861E-06,-1.110634E+02,+1.532630E+00
+7.470703E+01,-3.662760E-06,+5.377970E-07,-1.086312E+02,+2.995806E+00
+7.495117E+01,+6.007508E-06,-5.132124E-06,-1.020461E+02,-7.069765E-01
+7.519531E+01,-4.433201E-06,+4.985265E-06,-1.035158E+02,+2.297647E+00
+7.543945E+01,+1.615700E-06,-2.800215E-06,-1.098081E+02,-1.047467E+00
+7.568359E+01,-1.064185E-06,+2.222029E-06,-1.121682E+02,+2.017442E+00
+7.592773E+01,+2.110195E-06,-8.844449E-06,-1.008261E+02,-1.336585E+00
+7.617188E+01,-3.140627E-06,+1.203124E-05,-9.810751E+01,+1.826138E+00
+7.641602E+01,+1.547540E-06,-6.522370E-06,-1.034740E+02,-1.337837E+00
+7.666016E+01,+1.070961E-06,+9.145731E-07,-1.170259E+02,+7.067966E-01
+7.690430E+01,+3.925516E-06,+4.185224E-06,-1.048246E+02,+8.174075E-01
+7.714844E+01,-5.465248E-06,-1.054692E-05,-9.850453E+01,-2.048885E+00
+7.739258E+01,-8.688999E-07,+9.377353E-06,-1.005213E+02,+1.663192E+00
+7.763672E+01,+1.302016E-07,+2.137499E-07,-1.320314E+02,+1.023690E+00
+7.788086E+01,-1.302425E-06,-3.062865E-06,-1.095556E+02,-1.972862E+00
+7.812500E+01,+9.758398E-06,-9.536206E-07,-1.001712E+02,-9.741376E-02
+7.836914E+01,-8.989487E-06,+1.955515E-06,-1.007245E+02,+2.927396E+00
+7.861328E+01,-6.752975E-07,-1.796914E-06,-1.143357E+02,-1.930277E+00
+7.885742E+01,+5.960152E-06,+1.483637E-06,-1.042337E+02,+2.439675E-01
+7.910156E+01,-5.890410E-06,+4.105598E-07,-1.045760E+02,+3.072006E+00
+7.934570E+01,+1.598883E-06,+7.680774E-06,-1.021077E+02,+1.365560E+00
+7.958984E+01,+5.280868E-06,-1.731868E-05,-9.484359E+01,-1.274829E+00
+7.983398E+01,-3.030314E-06,+7.903707E-06,-1.014478E+02,+1.936915E+00
+8.007812E+01,-4.249544E-06,+1.591028E-06,-1.068634E+02,+2.783349E+00
+8.032227E+01,+2.229521E-06,+4.663303E-06,-1.057321E+02,+1.124822E+00
+8.056641E+01,+7.988650E-07,-3.550264E-06,-1.087803E+02,-1.349467E+00
+8.081055E+01,-4.257238E-06,-4.935966E-06,-1.037174E+02,-2.282499E+00
+8.105469E+01,+7.543842E-06,-8.926504E-08,-1.024475E+02,-1.183228E-02
+8.129883E+01,+1.510810E-06,+1.134873E-05,-9.882476E+01,+1.438449E+00
+8.154297E+01,-5.981745E-06,-1.239942E-05,-9.722329E+01,-2.020282E+00
+8.178711E+01,-1.635436E-06,+7.879453E-06,-1.018869E+02,+1.775448E+00
+8.203125E+01,-7.070839E-07,-5.596410E-06,-1.049730E+02,-1.696476E+00
+8.227539E+01,+5.258245E-06,-1.143814E-06,-1.053824E+02,-2.141909E-01
+8.251953E+01,-1.008097E-06,+5.976980E-06,-1.043485E+02,+1.737887E+00
+8.276367E+01,+1.467428E-06,-2.496492E-06,-1.107645E+02,-1.039399E+00
+8.300781E+01,-1.851351E-06,+1.870800E-06,-1.115943E+02,+2.350970E+00
+8.325195E+01,-4.148916E-06,+7.928180E-08,-1.076397E+02,+3.122486E+00
+8.349609E+01,+5.578833E-06,-4.505609E-06,-1.028884E+02,-6.793734E-01
+8.374023E+01,-3.633662E-06,+6.816499E-06,-1.022426E+02,+2.060548E+00
+8.398438E+01,+2.600953E-06,-5.077186E-06,-1.048755E+02,-1.097371E+00
+8.422852E+01,-1.569955E-06,-6.594540E-07,-1.153766E+02,-2.743925E+00
+8.447266E+01,-3.132516E-06,+4.213558E-07,-1.100043E+02,+3.007885E+00
+8.471680E+01,+5.637796E-06,+1.499762E-06,-1.046809E+02,+2.599978E-01
+8.496094E+01,-7.001564E-06,+1.396123E-06,-1.029268E+02,+2.944772E+00
+8.520508E+01,+7.840599E-06,-1.150448E-06,-1.020205E+02,-1.456899E-01
+8.544922E+01,-5.894706E-06,-1.281619E-07,-1.045887E+02,-3.119854E+00
+8.569336E+01,+4.759632E-06,-2.164233E-07,-1.064396E+02,-4.543930E-02
+8.593750E+01,-3.331487E-06,+2.287381E-07,-1.095268E+02,+3.073041E+00
+8.618164E+01,-3.840843E-06,+4.769039E-07,-1.082450E+02,+3.018059E+00
+8.642578E+01,+8.888308E-06,+3.962561E-06,-1.002363E+02,+4.193701E-01
+8.666992E+01,-7.234461E-07,+2.737021E-07,-1.222309E+02,+2.779905E+00
+8.691406E+01,-3.600654E-06,-4.468779E-06,-1.048235E+02,-2.249025E+00
+8.715820E+01,+7.349142E-06,-2.258258E-06,-1.022834E+02,-2.981240E-01
+8.740234E+01,-8.453775E-06,+5.305926E-06,-1.000166E+02,+2.581097E+00
+8.764648E+01,+9.638637E-06,-6.189625E-08,-1.003195E+02,-6.421593E-03
+8.789062E+01,-1.169048E-05,-4.320937E-06,-9.808723E+01,-2.787555E+00
+8.813477E+01,+1.112885E-05,-2.818085E-06,-9.880108E+01,-2.480103E-01
+8.837891E+01,-7.168186E-06,+5.178008E-06,-1.010682E+02,+2.516017E+00
+8.862305E+01,+1.709157E-06,-6.414890E-07,-1.147720E+02,-3.590554E-01
+8.886719E+01,-5.812883E-06,-2.855311E-06,-1.037735E+02,-2.685007E+00
+8.911133E+01,+6.289614E-06,+3.048227E-06,-1.031113E+02,+4.512880E-01
+8.935547E+01,+5.099304E-06,+2.599905E-06,-1.048462E+02,+4.715004E-01
+8.959961E+01,-1.169675E-05,-7.927646E-06,-9.699706E+01,-2.545946E+00
+8.984375E+01,+1.080117E-05,+7.633409E-06,-9.757125E+01,+6.152220E-01
+9.008789E+01,-7.720370E-06,-5.408653E-06,-1.005130E+02,-2.530485E+00
+9.033203E+01,+1.374195E-06,+1.515101E-06,-1.137841E+02,+8.341280E-01
+9.057617E+01,+1.377268E-06,-8.003994E-07,-1.159559E+02,-5.264440E-01
+9.082031E+01,-1.517023E-06,-1.367532E-07,-1.163450E+02,-3.051690E+00
+9.106445E+01,-4.963031E-07,+2.969054E-06,-1.104279E+02,+1.736424E+00
+9.130859E+01,+2.334635E-06,+9.556275E-07,-1.119629E+02,+3.885203E-01
+9.155273E+01,+2.781173E-06,-4.053460E-06,-1.061681E+02,-9.694444E-01
+9.179688E+01,-5.282383E-06,+7.687951E-07,-1.054524E+02,+2.997068E+00
+9.204102E+01,-4.243976E-07,+1.360624E-06,-1.169220E+02,+1.873147E+00
+9.228516E+01,+1.200429E-06,+3.128370E-06,-1.094971E+02,+1.204400E+00
+9.252930E+01,+3.796622E-06,-5.535582E-06,-1.034624E+02,-9.696249E-01
+9.277344E+01,-8.936298E-07,+6.033139E-06,-1.042949E+02,+1.717847E+00
+9.301758E+01,-5.517347E-06,-1.097911E-05,-9.821075E+01,-2.036467E+00
+9.326172E+01,+4.112160E-06,+1.005672E-05,-9.927943E+01,+1.182644E+00
+9.350586E+01,-3.199354E-07,-1.080591E-06,-1.189618E+02,-1.858648E+00
+9.375000E+01,-4.427981E-06,-4.747430E-06,-1.037525E+02,-2.321393E+00
+9.399414E+01,+8.579565E-06,-1.417830E-06,-1.012137E+02,-1.637764E-01
+9.423828E+01,-6.390064E-06,+1.183954E-05,-9.742303E+01,+2.065714E+00
+9.448242E+01,+4.003504E-06,-6.799533E-06,-1.020578E+02,-1.038660E+00
+9.472656E+01,-4.655981E-06,-4.693591E-06,-1.035944E+02,-2.352172E+00
+9.497070E+01,+2.878860E-06,+5.389977E-06,-1.042783E+02,+1.080232E+00
+9.521484E+01,+4.296057E-06,-6.216443E-07,-1.072486E+02,-1.437037E-01
+9.545898E+01,-9.521078E-06,-4.882700E-06,-9.941226E+01,-2.667733E+00
+9.570312E+01,+8.390537E-06,+4.505735E-06,-1.004238E+02,+4.928092E-01
+9.594727E+01,-4.174109E-06,+2.268694E-06,-1.064647E+02,+2.643741E+00
+9.619141E+01,+4.486018E-06,-5.080856E-06,-1.033781E+02,-8.474950E-01
+9.643555E+01,-5.223743E-06,+5.054830E-06,-1.027705E+02,+2.372627E+00
+9.667969E+01,+3.963024E-07,-6.496346E-06,-1.037305E+02,-1.509868E+00
+9.692383E+01,-2.263030E-07,+1.162789E-06,-1.185285E+02,+1.763014E+00
+9.716797E+01,+7.346041E-06,+5.876623E-06,-1.005306E+02,+6.747235E-01
+9.741211E+01,-5.590954E-06,-4.341857E-06,-1.030007E+02,-2.481292E+00
+9.765625E+01,-1.819819E-06,+2.843052E-06,-1.094330E+02,+2.140176E+00
+9.790039E+01,+1.840095E-06,-2.773427E-06,-1.095554E+02,-9.850078E-01
+9.814453E+01,-2.021431E-06,+2.475696E-06,-1.099075E+02,+2.255524E+00
+9.838867E+01,+5.268918E-06,-1.523567E-06,-1.052168E+02,-2.814835E-01
+9.863281E+01,-3.389692E-06,-3.137102E-06,-1.067098E+02,-2.394876E+00
+9.887695E+01,-1.315981E-06,+9.538725E-06,-1.003283E+02,+1.707893E+00
+9.912109E+01,-8.351883E-08,-1.590258E-05,-9.597053E+01,-1.576048E+00
+9.936523E+01,+3.016411E-06,+1.305135E-05,-9.746090E+01,+1.343666E+00
+9.960938E+01,-2.414534E-06,-6.856030E-06,-1.027708E+02,-1.909409E+00
+9.985352E+01,+3.566389E-07,+4.296705E-06,-1.073075E+02,+1.487983E+00
+1.000977E+02,+2.224314E-06,-1.176769E-06,-1.119843E+02,-4.866149E-01
+1.003418E+02,-3.110358E-06,-4.515256E-06,-1.052198E+02,-2.174003E+00
+1.005859E+02,+1.640981E-06,+3.492964E-06,-1.082700E+02,+1.131602E+00
+1.008301E+02,-9.928987E-07,+3.030367E-07,-1.196751E+02,+2.845368E+00
+1.010742E+02,+1.840074E-06,+1.682995E-06,-1.120633E+02,+7.408418E-01
+1.013184E+02,-3.878618E-06,+3.388282E-06,-1.057636E+02,+2.423568E+00
+1.015625E+02,+2.525356E-06,-8.197779E-06,-1.013323E+02,-1.271967E+00
+1.018066E+02,-1.410179E-06,+1.994061E-06,-1.122440E+02,+2.186332E+00
+1.020508E+02,+6.118538E-07,+2.496140E-06,-1.118012E+02,+1.330416E+00
+1.022949E+02,+7.026073E-06,+1.401072E-06,-1.028964E+02,+1.968286E-01
+1.025391E+02,-6.587153E-06,-6.279447E-06,-1.008185E+02,-2.380105E+00
+1.027832E+02,+2.596346E-07,+3.998384E-06,-1.079440E+02,+1.505952E+00
+1.030273E+02,-2.062553E-06,-3.762070E-06,-1.073501E+02,-2.072295E+00
+1.032715E+02,+1.547832E-06,+7.191659E-06,-1.026668E+02,+1.358804E+00
+1.035156E+02,+2.151112E-06,-6.421580E-06,-1.033853E+02,-1.247563E+00
+1.037598E+02,-2.822472E-06,+3.271587E-06,-1.072887E+02,+2.282630E+00
+1.040039E+02,+2.719715E-06,+2.296070E-06,-1.089726E+02,+7.011359E-01
+1.042480E+02,-2.984967E-06,-4.864641E-06,-1.048712E+02,-2.121159E+00
+1.044922E+02,-1.266304E-06,+1.531879E-06,-1.140338E+02,+2.261568E+00
+1.047363E+02,+6.054788E-06,-2.751796E-07,-1.043491E+02,-4.541702E-02
+1.049805E+02,-2.898455E-06,+1.048314E-07,-1.107510E+02,+3.105440E+00
+1.052246E+02,-1.087040E-06,+4.135115E-06,-1.073800E+02,+1.827860E+00
+1.054688E+02,+3.669421E-06,-2.722687E-06,-1.068032E+02,-6.383573E-01
+1.057129E+02,-4.441912E-06,-3.870581E-06,-1.045952E+02,-2.424818E+00
+1.059570E+02,-4.022631E-06,+2.258763E-06,-1.067196E+02,+2.629953E+00
+1.062012E+02,+6.584553E-06,+3.290893E-06,-1.026611E+02,+4.634795E-01
+1.064453E+02,-3.225789E-06,-1.779326E-06,-1.086736E+02,-2.637527E+00
+1.066895E+02,+2.029145E-06,-3.306643E-06,-1.082243E+02,-1.020395E+00
+1.069336E+02,+2.969158E-06,+3.949245E-06,-1.061239E+02,+9.261256E-01
+1.071777E+02,-5.512076E-06,-4.169616E-06,-1.032086E+02,-2.493976E+00
+1.074219E+02,+1.912149E-06,+2.792732E-06,-1.094098E+02,+9.704213E-01
+1.076660E+02,+2.956738E-07,+4.772309E-07,-1.250145E+02,+1.016117E+00
+1.079102E+02,-5.848217E-07,+3.107023E-07,-1.235798E+02,+2.653238E+00
+1.081543E+02,-1.987956E-06,+3.351762E-06,-1.081855E+02,+2.106133E+00
+1.083984E+02,+4.727151E-06,-6.997072E-06,-1.014688E+02,-9.766416E-01
+1.086426E+02,-2.067299E-06,+5.264339E-06,-1.049503E+02,+1.944993E+00
+1.088867E+02,+6.283151E-07,-4.187971E-06,-1.074633E+02,-1.421878E+00
+1.091309E+02,-4.479653E-06,+3.787765E-07,-1.069442E+02,+3.057238E+00
+1.093750E+02,+1.360186E-05,+3.606013E-06,-9.703304E+01,+2.591501E-01
+1.096191E+02,-1.552820E-05,-5.611849E-06,-9.564445E+01,-2.794801E+00
+1.098633E+02,+2.398436E-06,+1.052122E-05,-9.933865E+01,+1.346665E+00
+1.101074E+02,+3.961839E-06,-8.934839E-06,-1.001987E+02,-1.153432E+00
+1.103516E+02,+2.445488E-06,+1.268180E-06,-1.111983E+02,+4.784005E-01
+1.105957E+02,-6.092765E-06,+1.747160E-06,-1.039605E+02,+2.862327E+00
+1.108398E+02,+2.278142E-06,-2.107176E-06,-1.101637E+02,-7.464319E-01
+1.110840E+02,-3.205769E-06,+9.968003E-07,-1.094805E+02,+2.840130E+00
+1.113281E+02,+9.543045E-06,+2.358378E-06,-1.001488E+02,+2.422762E-01
+1.115723E+02,-7.990812E-06,-2.514878E-06,-1.015380E+02,-2.836685E+00
+1.118164E+02,-1.827751E-08,-7.383882E-06,-1.026343E+02,-1.573272E+00
+1.120605E+02,+3.635299E-06,+1.166544E-05,-9.825946E+01,+1.268704E+00
+1.123047E+02,+5.727263E-07,-2.975110E-06,-1.103719E+02,-1.380617E+00
+1.125488E+02,-5.934032E-06,-2.494450E-07,-1.045253E+02,-3.099581E+00
+1.127930E+02,+4.725708E-06,-2.092666E-06,-1.057330E+02,-4.168720E-01
+1.130371E+02,-8.729045E-07,+2.001283E-06,-1.132175E+02,+1.982092E+00
+1.132812E+02,+2.923840E-06,+7.283516E-06,-1.021043E+02,+1.189056E+00
+1.135254E+02,-5.730099E-06,-1.368812E-05,-9.657185E+01,-1.967249E+00
+1.137695E+02,+2.160676E-06,+5.881927E-06,-1.040599E+02,+1.218757E+00
+1.140137E+02,+3.900819E-06,+1.410321E-06,-1.076434E+02,+3.469225E-01
+1.142578E+02,-3.809143E-06,-1.553383E-06,-1.077153E+02,-2.754377E+00
+1.145020E+02,-2.414352E-07,-3.161693E-06,-1.099763E+02,-1.647011E+00
+1.147461E+02,+3.913542E-07,+7.159308E-06,-1.028896E+02,+1.516187E+00
+1.149902E+02,+1.262089E-06,+1.038857E-06,-1.157315E+02,+6.886832E-01
+1.152344E+02,-1.634567E-06,-8.186773E-06,-1.015680E+02,-1.767864E+00
+1.154785E+02,-2.532893E-06,+8.428693E-06,-1.011093E+02,+1.862719E+00
+1.157227E+02,+7.062806E-06,-1.256716E-05,-9.682320E+01,-1.058783E+00
+1.159668E+02,-8.589724E-06,+1.212224E-05,-9.656135E+01,+2.187265E+00
+1.162109E+02,+1.236909E-05,+1.072027E-07,-9.815292E+01,+8.666764E-03
+1.164551E+02,-1.149219E-05,-1.007937E-05,-9.631408E+01,-2.421596E+00
+1.166992E+02,+4.086236E-06,+4.357182E-06,-1.044755E+02,+8.174767E-01
+1.169434E+02,+3.963326E-06,+6.880975E-06,-1.020028E+02,+1.048223E+00
+1.171875E+02,-6.097704E-06,-1.023277E-05,-9.848044E+01,-2.108195E+00
+1.174316E+02,+5.436214E-07,+6.188225E-06,-1.041353E+02,+1.483174E+00
+1.176758E+02,+5.686304E-06,-3.941907E-08,-1.049032E+02,-6.932173E-03
+1.179199E+02,-8.248815E-06,-1.665902E-06,-1.014986E+02,-2.942317E+00
+1.181641E+02,+3.404884E-06,+2.619900E-06,-1.073384E+02,+6.558356E-01
+1.184082E+02,+2.283842E-07,-4.779727E-06,-1.064020E+02,-1.523051E+00
+1.186523E+02,+2.591192E-06,-2.385574E-06,-1.090639E+02,-7.441061E-01
+1.188965E+02,-1.429347E-06,+1.277322E-05,-9.781995E+01,+1.682235E+00
+1.191406E+02,-2.380127E-06,-1.104375E-05,-9.894049E+01,-1.783067E+00
+1.193848E+02,+2.545220E-06,+3.784108E-06,-1.068199E+02,+9.786921E-01
+1.196289E+02,-3.326975E-06,+1.369643E-06,-1.088791E+02,+2.751060E+00
+1.198730E+02,+6.790407E-06,-4.907571E-07,-1.033395E+02,-7.214668E-02
+1.201172E+02,-5.112151E-06,-2.183745E-06,-1.051000E+02,-2.737887E+00
+1.203613E+02,+1.716095E-06,-3.945295E-07,-1.150855E+02,-2.259730E-01
+1.206055E+02,-2.291870E-06,+2.154417E-06,-1.100462E+02,+2.387099E+00
+1.208496E+02,+4.628600E-06,+3.700414E-07,-1.066633E+02,+7.977705E-02
+1.210938E+02,-4.422807E-06,+2.289437E-08,-1.070859E+02,+3.136416E+00
+1.213379E+02,+4.432100E-06,-4.027849E-06,-1.044530E+02,-7.376504E-01
+1.215820E+02,-7.558073E-06,+4.975097E-06,-1.008684E+02,+2.559440E+00
+1.218262E+02,+9.583713E-06,-6.629726E-06,-9.867097E+01,-6.051812E-01
+1.220703E+02,-5.358058E-06,+8.467339E-06,-9.998246E+01,+2.134979E+00
+1.223145E+02,+6.088245E-06,-4.953853E-06,-1.021037E+02,-6.830239E-01
+1.225586E+02,-1.018543E-05,-1.087060E-06,-9.979122E+01,-3.035268E+00
+1.228027E+02,+6.522101E-06,+3.485896E-06,-1.026210E+02,+4.908452E-01
+1.230469E+02,-1.071635E-07,-5.604033E-07,-1.248740E+02,-1.759741E+00
+1.232910E+02,-2.124398E-06,-6.344136E-06,-1.034910E+02,-1.893920E+00
+1.235352E+02,-5.659871E-06,+7.447176E-06,-1.005802E+02,+2.220668E+00
+1.237793E+02,+8.182441E-06,-1.195339E-06,-1.016506E+02,-1.450598E-01
+1.240234E+02,+4.095931E-06,-3.413733E-06,-1.054622E+02,-6.948042E-01
+1.242676E+02,-8.760126E-06,+3.152810E-06,-1.006208E+02,+2.796122E+00
+1.245117E+02,-1.174342E-06,-3.564045E-07,-1.182215E+02,-2.846934E+00
+1.247559E+02,+8.424278E-06,+1.252290E-06,-1.013944E+02,+1.475719E-01
+1.250000E+02,-3.173585E-06,-2.245914E-06,-1.082057E+02,-2.525724E+00
+1.252441E+02,-4.107761E-06,-1.588165E-06,-1.071229E+02,-2.772669E+00
+1.254883E+02,+6.142133E-06,+4.422170E-06,-1.024199E+02,+6.240053E-01
+1.257324E+02,-7.657508E-06,-3.648784E-06,-1.014296E+02,-2.696923E+00
+1.259766E+02,+6.921571E-06,+1.886777E-06,-1.028846E+02,+2.661277E-01
+1.262207E+02,-1.665707E-06,-4.242428E-06,-1.068251E+02,-1.944934E+00
+1.264648E+02,-3.149877E-07,+1.033244E-05,-9.971191E+01,+1.601272E+00
+1.267090E+02,-1.008856E-06,-8.013258E-06,-1.018555E+02,-1.696036E+00
+1.269531E+02,-6.596176E-07,-6.535821E-06,-1.036500E+02,-1.671379E+00
+1.271973E+02,+4.366124E-06,+9.153527E-06,-9.987794E+01,+1.125727E+00
+1.274414E+02,-3.462482E-06,+5.436709E-06,-1.038147E+02,+2.137887E+00
+1.276855E+02,+5.371019E-07,-9.276228E-06,-1.006380E+02,-1.512960E+00
+1.279297E+02,-3.691883E-06,-2.360265E-06,-1.071668E+02,-2.572768E+00
+1.281738E+02,+3.597692E-06,+4.736533E-06,-1.045126E+02,+9.212034E-01
+1.284180E+02,+2.141542E-06,+2.738098E-06,-1.091781E+02,+9.070487E-01
+1.286621E+02,-4.531916E-07,-4.596793E-06,-1.067089E+02,-1.669067E+00
+1.289062E+02,-7.656996E-06,+1.727356E-06,-1.021033E+02,+2.919715E+00
+1.291504E+02,+5.530374E-06,+2.050401E-06,-1.045856E+02,+3.550418E-01
+1.293945E+02,+9.002722E-06,-9.568781E-06,-9.762933E+01,-8.158687E-01
+1.296387E+02,-1.282344E-05,+9.350680E-06,-9.598814E+01,+2.511546E+00
+1.298828E+02,+5.416748E-06,+1.116153E-06,-1.051446E+02,+2.032118E-01
+1.301270E+02,+3.781592E-06,-1.060187E-05,-9.897224E+01,-1.228173E+00
+1.303711E+02,-9.197501E-06,+1.065342E-05,-9.703139E+01,+2.282983E+00
+1.306152E+02,+8.161307E-07,-6.155303E-07,-1.198091E+02,-6.461872E-01
+1.308594E+02,+2.768565E-06,-2.999026E-06,-1.077835E+02,-8.253350E-01
+1.311035E+02,+3.555944E-06,-5.585876E-07,-1.088750E+02,-1.558123E-01
+1.313477E+02,-5.406631E-06,+2.199132E-06,-1.046766E+02,+2.755283E+00
+1.315918E+02,+4.352801E-06,-1.550322E-06,-1.067059E+02,-3.421578E-01
+1.318359E+02,-3.617975E-06,+8.153199E-07,-1.086156E+02,+2.919943E+00
+1.320801E+02,+2.483749E-06,-4.288297E-07,-1.119703E+02,-1.709686E-01
+1.323242E+02,-1.226020E-06,-2.167014E-06,-1.120767E+02,-2.085662E+00
+1.325684E+02,-9.221658E-07,+2.766395E-06,-1.107041E+02,+1.892558E+00
+1.328125E+02,+2.282211E-06,-2.763684E-06,-1.089122E+02,-8.805289E-01
+1.330566E+02,-1.061130E-06,+4.991530E-07,-1.186165E+02,+2.701906E+00
+1.333008E+02,-2.191388E-06,+3.882370E-06,-1.070169E+02,+2.084663E+00
+1.335449E+02,+6.199421E-06,-5.235831E-06,-1.018147E+02,-7.013319E-01
+1.337891E+02,-6.635329E-06,-3.063505E-06,-1.027236E+02,-2.709055E+00
+1.340332E+02,+6.871125E-06,+1.417453E-05,-9.605321E+01,+1.119422E+00
+1.342773E+02,-9.141143E-06,-8.359571E-06,-9.814053E+01,-2.400824E+00
+1.345215E+02,+7.374577E-06,-4.787051E-06,-1.011182E+02,-5.757626E-01
+1.347656E+02,-5.196310E-06,+6.330730E-06,-1.017341E+02,+2.258097E+00
+1.350098E+02,-3.821891E-06,-4.094910E-07,-1.083049E+02,-3.034856E+00
+1.352539E+02,+1.342777E-05,+2.490389E-06,-9.729305E+01,+1.833819E-01
+1.354980E+02,-1.044887E-05,-7.872937E-06,-9.766592E+01,-2.495873E+00
+1.357422E+02,+4.435330E-06,+9.638823E-07,-1.068611E+02,+2.139918E-01
+1.359863E+02,-9.053468E-06,+1.732371E-06,-1.007075E+02,+2.952529E+00
+1.362305E+02,+1.078729E-05,+8.062080E-06,-9.741452E+01,+6.418150E-01
+1.364746E+02,+2.053829E-06,-1.274906E-05,-9.777917E+01,-1.411072E+00
+1.367188E+02,-9.169932E-06,+6.666261E-06,-9.891006E+01,+2.512995E+00
+1.369629E+02,+3.059995E-06,-3.777116E-07,-1.102199E+02,-1.228141E-01
+1.372070E+02,+1.301518E-06,+3.306102E-06,-1.089879E+02,+1.195758E+00
+1.374512E+02,+3.906187E-06,-5.217916E-06,-1.037177E+02,-9.281850E-01
+1.376953E+02,-9.815624E-06,+1.816613E-06,-1.000154E+02,+2.958590E+00
+1.379395E+02,+5.841232E-06,+2.622290E-07,-1.046612E+02,+4.486264E-02
+1.381836E+02,+9.434543E-07,+1.960468E-06,-1.132481E+02,+1.122270E+00
+1.384277E+02,-6.853812E-07,-8.599111E-06,-1.012834E+02,-1.650332E+00
+1.386719E+02,-1.849299E-06,+8.906934E-06,-1.008221E+02,+1.775512E+00
+1.389160E+02,-1.888345E-06,+4.874516E-07,-1.141982E+02,+2.888970E+00
+1.391602E+02,+1.117050E-05,-5.801355E-06,-9.800147E+01,-4.790044E-01
+1.394043E+02,-1.513138E-05,-1.860851E-07,-9.640176E+01,-3.129295E+00
+1.396484E+02,+9.582121E-06,+2.713889E-06,-1.000357E+02,+2.759961E-01
+1.398926E+02,-5.677781E-06,+2.202827E-06,-1.043075E+02,+2.771497E+00
+1.401367E+02,+8.316792E-07,-3.386441E-06,-1.091508E+02,-1.329972E+00
+1.403809E+02,+2.599166E-06,+1.459865E-06,-1.105125E+02,+5.117563E-01
+1.406250E+02,+5.720643E-07,+3.672308E-06,-1.085971E+02,+1.416260E+00
+1.408691E+02,+8.376634E-07,-4.348544E-06,-1.070749E+02,-1.380497E+00
+1.411133E+02,-1.495246E-06,-1.746021E-06,-1.127701E+02,-2.278979E+00
+1.413574E+02,-5.031334E-06,+6.134225E-06,-1.020105E+02,+2.257738E+00
+1.416016E+02,+6.249490E-06,-4.473100E-06,-1.022867E+02,-6.212213E-01
+1.418457E+02,+2.356481E-06,-3.928488E-07,-1.124357E+02,-1.651908E-01
+1.420898E+02,-9.831575E-06,-3.907690E-06,-9.951054E+01,-2.763275E+00
+1.423340E+02,+5.962202E-06,+1.951682E-05,-9.380433E+01,+1.274310E+00
+1.425781E+02,+5.777856E-06,-2.112333E-05,-9.319141E+01,-1.303798E+00
+1.428223E+02,-1.722538E-05,+7.708690E-07,-9.526794E+01,+3.096871E+00
+1.430664E+02,+2.039794E-05,+1.043977E-05,-9.279787E+01,+4.730469E-01
+1.433105E+02,-1.266677E-05,-2.267651E-06,-9.780968E+01,-2.964446E+00
+1.435547E+02,+7.857658E-06,-3.540578E-06,-1.012914E+02,-4.233440E-01
+1.437988E+02,-8.070362E-06,-4.725081E-06,-1.005820E+02,-2.611914E+00
+1.440430E+02,+3.245014E-06,+1.214359E-05,-9.801352E+01,+1.309677E+00
+1.442871E+02,-1.395257E-06,-8.443847E-06,-1.013522E+02,-1.734556E+00
+1.445312E+02,+8.788663E-07,+9.579679E-06,-1.003366E+02,+1.479310E+00
+1.447754E+02,+1.372807E-07,-7.237646E-06,-1.028065E+02,-1.551831E+00
+1.450195E+02,+5.755472E-07,-2.939765E-06,-1.104704E+02,-1.377462E+00
+1.452637E+02,+2.890583E-06,+3.586281E-06,-1.067332E+02,+8.924007E-01
+1.455078E+02,-3.781953E-06,+3.794083E-06,-1.054214E+02,+2.354593E+00
+1.457520E+02,-2.018422E-06,-3.716265E-06,-1.074752E+02,-2.068351E+00
+1.459961E+02,+1.738287E-06,+7.951792E-07,-1.143724E+02,+4.290320E-01
+1.462402E+02,-5.941965E-07,+3.304079E-06,-1.094808E+02,+1.748732E+00
+1.464844E+02,+5.611961E-06,-6.691484E-06,-1.011765E+02,-8.729156E-01
+1.467285E+02,-8.591449E-07,+8.291385E-07,-1.184600E+02,+2.373966E+00
+1.469727E+02,-3.573055E-06,+4.368900E-06,-1.049684E+02,+2.256320E+00
+1.472168E+02,-1.407079E-06,-7.159246E-06,-1.027381E+02,-1.764863E+00
+1.474609E+02,+2.375333E-06,+3.831559E-06,-1.069201E+02,+1.015845E+00
+1.477051E+02,+2.330596E-06,-2.686299E-06,-1.089798E+02,-8.561807E-01
+1.479492E+02,-1.048197E-05,+1.002361E-05,-9.677069E+01,+2.378544E+00
+1.481934E+02,+1.170664E-05,-4.696116E-06,-9.798333E+01,-3.814972E-01
+1.484375E+02,-5.164334E-06,+9.148786E-07,-1.056055E+02,+2.966259E+00
+1.486816E+02,+2.874730E-06,+3.755117E-06,-1.065043E+02,+9.174172E-01
+1.489258E+02,+1.320527E-06,-9.025482E-06,-1.007986E+02,-1.425516E+00
+1.491699E+02,-5.159551E-06,+4.610310E-06,-1.031988E+02,+2.412353E+00
+1.494141E+02,+5.579769E-06,-5.814714E-06,-1.018746E+02,-8.060144E-01
+1.496582E+02,+3.048935E-06,+6.572187E-06,-1.027993E+02,+1.136431E+00
+1.499023E+02,-1.000442E-05,+7.848590E-07,-9.996951E+01,+3.063302E+00
+1.501465E+02,+6.118524E-06,-6.693351E-06,-1.008493E+02,-8.302348E-01
+1.503906E+02,+1.957395E-06,+7.455970E-06,-1.022605E+02,+1.314063E+00
+1.506348E+02,-1.019081E-05,-7.981997E-06,-9.775817E+01,-2.477146E+00
+1.508789E+02,+1.183151E-05,+1.723825E-06,-9.844797E+01,+1.446798E-01
+1.511230E+02,-4.708037E-06,+1.956686E-06,-1.058512E+02,+2.747706E+00
+1.513672E+02,+1.000170E-06,+1.248895E-06,-1.159175E+02,+8.955410E-01
+1.516113E+02,-8.352541E-07,-3.150928E-06,-1.097363E+02,-1.829919E+00
+1.518555E+02,-4.423796E-06,-1.171995E-06,-1.067895E+02,-2.882612E+00
+1.520996E+02,+7.001342E-06,+1.260880E-05,-9.681935E+01,+1.063913E+00
+1.523438E+02,-1.887980E-06,-1.529922E-05,-9.624098E+01,-1.693579E+00
+1.525879E+02,-2.395423E-06,+6.705274E-06,-1.029500E+02,+1.913911E+00
+1.528320E+02,+3.032327E-06,+1.608566E-07,-1.103523E+02,+5.299759E-02
+1.530762E+02,+2.127627E-06,-2.456826E-06,-1.097622E+02,-8.570830E-01
+1.533203E+02,-6.046221E-06,+1.505322E-08,-1.043703E+02,+3.139103E+00
+1.535645E+02,+4.139183E-06,-2.563117E-06,-1.062521E+02,-5.544413E-01
+1.538086E+02,-6.681911E-06,+3.163415E-06,-1.026237E+02,+2.699426E+00
+1.540527E+02,+7.557973E-06,-8.749971E-07,-1.023741E+02,-1.152583E-01
+1.542969E+02,-1.542010E-06,+5.117475E-06,-1.054415E+02,+1.863466E+00
+1.545410E+02,-6.626464E-06,-2.000231E-06,-1.031956E+02,-2.848435E+00
+1.547852E+02,+3.673673E-06,-5.526247E-06,-1.035620E+02,-9.841093E-01
+1.550293E+02,+3.905901E-06,+6.682264E-06,-1.022251E+02,+1.041839E+00
+1.552734E+02,-2.674466E-06,-8.296465E-06,-1.011928E+02,-1.882640E+00
+1.555176E+02,+5.396874E-06,+1.117421E-05,-9.812509E+01,+1.120860E+00
+1.557617E+02,-6.794025E-06,-5.011766E-06,-1.014705E+02,-2.506028E+00
+1.560059E+02,-1.904972E-06,+8.737950E-07,-1.135730E+02,+2.711534E+00
+1.562500E+02,+1.219912E-05,-3.444936E-06,-9.794022E+01,-2.752257E-01
+1.564941E+02,-1.666174E-05,+3.665425E-06,-9.536034E+01,+2.925051E+00
+1.567383E+02,+1.173394E-05,-9.367158E-06,-9.646989E+01,-6.737010E-01
+1.569824E+02,-3.039593E-06,+1.036292E-05,-9.933192E+01,+1.856108E+00
+1.572266E+02,-5.926768E-06,-2.959754E-06,-1.035767E+02,-2.678435E+00
+1.574707E+02,+1.348943E-05,-4.639729E-06,-9.691453E+01,-3.312775E-01
+1.577148E+02,-9.905413E-06,+1.004926E-05,-9.700919E+01,+2.348986E+00
+1.579590E+02,+3.948237E-06,-1.206343E-05,-9.792863E+01,-1.254495E+00
+1.582031E+02,-1.296606E-06,+5.660379E-06,-1.047210E+02,+1.795978E+00
+1.584473E+02,-2.826312E-06,+6.664941E-06,-1.028059E+02,+1.971868E+00
+1.586914E+02,+3.675476E-07,-1.098320E-05,-9.918056E+01,-1.537344E+00
+1.589355E+02,+1.778993E-06,+7.783163E-06,-1.019557E+02,+1.346087E+00
+1.591797E+02,-4.506813E-06,-4.676626E-06,-1.037487E+02,-2.337705E+00
+1.594238E+02,+1.355766E-05,+2.948131E-06,-9.715565E+01,+2.141179E-01
+1.596680E+02,-1.433429E-05,-3.752064E-06,-9.658467E+01,-2.885582E+00
+1.599121E+02,+5.973118E-06,+2.307793E-06,-1.038717E+02,+3.686955E-01
+1.601562E+02,-3.336469E-06,+2.163851E-06,-1.080095E+02,+2.566241E+00
+1.604004E+02,+5.382441E-06,+7.418183E-08,-1.053796E+02,+1.378132E-02
+1.606445E+02,-3.111418E-06,-4.038999E-06,-1.058512E+02,-2.227191E+00
+1.608887E+02,+2.607176E-06,+5.852744E-07,-1.114631E+02,+2.208251E-01
+1.611328E+02,-2.609443E-06,+7.802212E-06,-1.016952E+02,+1.893551E+00
+1.613770E+02,-8.877204E-07,-1.106942E-05,-9.908966E+01,-1.650821E+00
+1.616211E+02,-1.648642E-06,+5.060951E-06,-1.054773E+02,+1.885713E+00
+1.618652E+02,+6.913420E-06,-1.376267E-06,-1.030374E+02,-1.965029E-01
+1.621094E+02,-9.905729E-06,-2.694313E-06,-9.977230E+01,-2.876022E+00
+1.623535E+02,+7.532188E-06,+4.122473E-06,-1.013236E+02,+5.007788E-01
+1.625977E+02,-1.307979E-06,-1.011633E-06,-1.156317E+02,-2.483263E+00
+1.628418E+02,+3.348816E-06,+2.186325E-07,-1.094837E+02,+6.519397E-02
+1.630859E+02,-1.071198E-05,-8.890893E-07,-9.937279E+01,-3.058783E+00
+1.633301E+02,+9.589453E-06,+1.247177E-06,-1.002913E+02,+1.293312E-01
+1.635742E+02,-4.322172E-06,+3.280796E-06,-1.053099E+02,+2.492317E+00
+1.638184E+02,+1.030373E-05,-1.239235E-06,-9.967773E+01,-1.196955E-01
+1.640625E+02,-1.157896E-05,-2.745803E-06,-9.848901E+01,-2.908756E+00
+1.643066E+02,+4.760003E-06,-4.463604E-06,-1.037078E+02,-7.532744E-01
+1.645508E+02,-6.667899E-06,+7.283207E-06,-1.001097E+02,+2.312119E+00
+1.647949E+02,+2.296694E-06,-4.848845E-06,-1.054082E+02,-1.128443E+00
+1.650391E+02,+3.752492E-06,+1.924524E-06,-1.074995E+02,+4.738870E-01
+1.652832E+02,-5.062183E-06,+1.824398E-06,-1.053829E+02,+2.795685E+00
+1.655273E+02,+7.111855E-06,-2.934540E-06,-1.022775E+02,-3.913438E-01
+1.657715E+02,-1.102267E-05,+8.622953E-06,-9.708066E+01,+2.477743E+00
+1.660156E+02,+1.343046E-05,-1.138672E-05,-9.508590E+01,-7.032318E-01
+1.662598E+02,-3.849745E-06,+3.491605E-06,-1.056845E+02,+2.404940E+00
+1.665039E+02,-4.837510E-06,+3.175115E-06,-1.047518E+02,+2.560764E+00
+1.667480E+02,+1.745537E-06,-4.555690E-06,-1.062340E+02,-1.204895E+00
+1.669922E+02,-4.722606E-08,+4.143589E-06,-1.076519E+02,+1.582193E+00
+1.672363E+02,-1.733330E-06,-1.760211E-06,-1.121447E+02,-2.348500E+00
+1.674805E+02,+5.018388E-06,-3.909915E-06,-1.039285E+02,-6.618775E-01
+1.677246E+02,-2.947622E-06,+5.807891E-06,-1.037243E+02,+2.040442E+00
+1.679688E+02,+1.900295E-06,-1.492743E-06,-1.123363E+02,-6.658566E-01
+1.682129E+02,+8.414740E-07,+3.248366E-06,-1.094846E+02,+1.317323E+00
+1.684570E+02,-6.285754E-06,-9.804399E-06,-9.867622E+01,-2.140901E+00
+1.687012E+02,+3.871748E-06,+8.471448E-06,-1.006170E+02,+1.142108E+00
+1.689453E+02,-1.136146E-06,-4.620676E-06,-1.064510E+02,-1.811897E+00
+1.691895E+02,-1.000395E-06,+3.691536E-06,-1.083481E+02,+1.835437E+00
+1.694336E+02,+2.969586E-06,-3.771526E-06,-1.063746E+02,-9.038042E-01
+1.696777E+02,+1.088795E-06,+3.433623E-06,-1.088689E+02,+1.263728E+00
+1.699219E+02,-3.991802E-06,+1.466726E-06,-1.074266E+02,+2.789471E+00
+1.701660E+02,+3.756548E-06,-2.545959E-06,-1.068627E+02,-5.956290E-01
+1.704102E+02,-4.672129E-06,-2.070958E-07,-1.066012E+02,-3.097296E+00
+1.706543E+02,+4.734454E-06,+2.376295E-06,-1.055188E+02,+4.651787E-01
+1.708984E+02,-3.791094E-07,-3.946745E-06,-1.080353E+02,-1.666559E+00
+1.711426E+02,-5.402896E-07,-4.720333E-06,-1.064640E+02,-1.684760E+00
+1.713867E+02,-5.495237E-06,+1.235950E-05,-9.737656E+01,+1.989164E+00
+1.716309E+02,+2.976506E-06,-5.011762E-06,-1.046881E+02,-1.034871E+00
+1.718750E+02,+1.117058E-06,-2.837199E-06,-1.103163E+02,-1.195717E+00
+1.721191E+02,-1.084215E-06,+6.802880E-06,-1.032372E+02,+1.728843E+00
+1.723633E+02,+6.249748E-07,-3.549610E-06,-1.088638E+02,-1.396514E+00
+1.726074E+02,+4.879702E-06,-1.125490E-06,-1.060070E+02,-2.266831E-01
+1.728516E+02,-3.152387E-06,-9.582578E-07,-1.096434E+02,-2.846490E+00
+1.730957E+02,-6.292272E-06,+2.675122E-06,-1.033023E+02,+2.739600E+00
+1.733398E+02,+4.843446E-06,+4.844571E-07,-1.062537E+02,+9.969164E-02
+1.735840E+02,+1.026579E-06,-4.386820E-06,-1.069255E+02,-1.340919E+00
+1.738281E+02,+2.528841E-06,+1.540111E-06,-1.105715E+02,+5.470244E-01
+1.740723E+02,-4.475554E-06,+2.965927E-07,-1.069640E+02,+3.075420E+00
+1.743164E+02,+9.484263E-07,+3.457146E-06,-1.089105E+02,+1.303046E+00
+1.745605E+02,+2.150815E-06,-1.522166E-06,-1.115845E+02,-6.158857E-01
+1.748047E+02,-5.278834E-06,-2.962294E-06,-1.043603E+02,-2.630219E+00
+1.750488E+02,+2.065479E-06,+5.662417E-06,-1.043974E+02,+1.221025E+00
+1.752930E+02,+1.133823E-06,-1.197364E-05,-9.839671E+01,-1.476385E+00
+1.755371E+02,+1.918585E-06,+1.418157E-05,-9.688674E+01,+1.436326E+00
+1.757812E+02,-2.225618E-06,-5.418890E-06,-1.046448E+02,-1.960505E+00
+1.760254E+02,+8.320947E-07,-3.832022E-06,-1.081313E+02,-1.356973E+00
+1.762695E+02,-6.558877E-07,+4.397566E-06,-1.070402E+02,+1.718853E+00
+1.765137E+02,+5.741395E-06,+1.193287E-08,-1.048196E+02,+2.078388E-03
+1.767578E+02,-9.773682E-06,-5.492373E-06,-9.900696E+01,-2.629617E+00
+1.770020E+02,+1.814171E-06,+8.044234E-06,-1.016749E+02,+1.348983E+00
+1.772461E+02,+5.732134E-06,-2.786568E-06,-1.039124E+02,-4.524910E-01
+1.774902E+02,-4.268860E-06,-3.681457E-07,-1.073616E+02,-3.055566E+00
+1.777344E+02,-1.774486E-06,-1.295058E-06,-1.131641E+02,-2.511131E+00
+1.779785E+02,+7.419292E-06,+2.039027E-07,-1.025895E+02,+2.747586E-02
+1.782227E+02,-7.332031E-07,+8.141155E-06,-1.017512E+02,+1.660615E+00
+1.784668E+02,-6.831597E-06,-1.197438E-05,-9.721117E+01,-2.089256E+00
+1.787109E+02,+4.088000E-06,+4.528038E-06,-1.042928E+02,+8.364257E-01
+1.789551E+02,-3.250510E-06,+1.141950E-06,-1.092555E+02,+2.803748E+00
+1.791992E+02,+2.537482E-06,-1.756789E-06,-1.102113E+02,-6.055635E-01
+1.794434E+02,+9.138632E-07,+4.235616E-06,-1.072641E+02,+1.358297E+00
+1.796875E+02,+1.672423E-08,+2.566417E-06,-1.118133E+02,+1.564280E+00
+1.799316E+02,-2.569621E-06,-1.032562E-05,-9.946072E+01,-1.814700E+00
+1.801758E+02,+3.307986E-06,+4.112102E-06,-1.055514E+02,+8.933471E-01
+1.804199E+02,-2.000819E-06,+5.333214E-07,-1.136777E+02,+2.881098E+00
+1.806641E+02,+5.738121E-06,+4.294479E-06,-1.028930E+02,+6.424840E-01
+1.809082E+02,-5.006243E-06,-6.556097E-06,-1.016721E+02,-2.222945E+00
+1.811523E+02,-4.126940E-06,-1.639404E-06,-1.070511E+02,-2.763464E+00
+1.813965E+02,+9.493154E-06,+7.958853E-06,-9.813995E+01,+6.977081E-01
+1.816406E+02,-8.187122E-06,-5.813480E-06,-9.996429E+01,-2.524136E+00
+1.818848E+02,-2.913115E-06,+3.980970E-06,-1.061378E+02,+2.202521E+00
+1.821289E+02,+8.968649E-06,-7.080102E-06,-9.884175E+01,-6.682612E-01
+1.823730E+02,-3.621325E-06,+7.563401E-06,-1.015293E+02,+2.017337E+00
+1.826172E+02,+1.398878E-06,-8.175502E-07,-1.158083E+02,-5.288943E-01
+1.828613E+02,-2.249659E-08,-2.911070E-07,-1.306931E+02,-1.647922E+00
+1.831055E+02,-2.736355E-06,-5.246030E-06,-1.045583E+02,-2.051578E+00
+1.833496E+02,+3.622961E-06,+6.443495E-06,-1.026245E+02,+1.058584E+00
+1.835938E+02,-2.588262E-06,-3.162397E-06,-1.077729E+02,-2.256686E+00
+1.838379E+02,+1.959569E-06,-7.993729E-07,-1.134883E+02,-3.873264E-01
+1.840820E+02,+1.914194E-06,-5.476413E-06,-1.047295E+02,-1.234536E+00
+1.843262E+02,-3.328209E-06,+5.375182E-06,-1.039827E+02,+2.125200E+00
+1.845703E+02,+2.836739E-06,+5.380701E-06,-1.043181E+02,+1.085621E+00
+1.848145E+02,-8.483930E-07,-9.029300E-07,-1.181388E+02,-2.325064E+00
+1.850586E+02,-7.847972E-06,-6.183107E-06,-1.000078E+02,-2.474298E+00
+1.853027E+02,+9.904520E-06,+2.080939E-06,-9.989574E+01,+2.070879E-01
+1.855469E+02,-5.766383E-06,-2.264564E-06,-1.041590E+02,-2.767379E+00
+1.857910E+02,+8.223728E-06,+7.367555E-06,-9.913959E+01,+7.305397E-01
+1.860352E+02,-9.620462E-06,-3.371074E-06,-9.983311E+01,-2.804556E+00
+1.862793E+02,+5.650324E-06,-7.601139E-06,-1.004719E+02,-9.315633E-01
+1.865234E+02,-2.985218E-06,+1.084537E-05,-9.897794E+01,+1.839397E+00
+1.867676E+02,+1.477932E-06,-6.333446E-06,-1.037369E+02,-1.341545E+00
+1.870117E+02,+5.570812E-07,-2.692029E-07,-1.241702E+02,-4.501485E-01
+1.872559E+02,-7.598379E-07,+8.318156E-07,-1.189645E+02,+2.311003E+00
+1.875000E+02,-2.995939E-06,+1.049565E-05,-9.923962E+01,+1.848848E+00
+1.877441E+02,+9.374427E-06,-2.043386E-05,-9.296346E+01,-1.140674E+00
+1.879883E+02,-6.427460E-06,+1.518158E-05,-9.565762E+01,+1.971287E+00
+1.882324E+02,+1.433864E-06,-4.688419E-06,-1.061912E+02,-1.273999E+00
+1.884766E+02,-5.209854E-06,+6.750717E-06,-1.013838E+02,+2.228072E+00
+1.887207E+02,+3.895635E-06,-1.288407E-05,-9.741901E+01,-1.277175E+00
+1.889648E+02,+3.009935E-06,+7.667469E-06,-1.016845E+02,+1.196721E+00
+1.892090E+02,-6.684366E-06,-4.399086E-06,-1.019360E+02,-2.559533E+00
+1.894531E+02,+4.300126E-06,-5.468729E-07,-1.072607E+02,-1.264970E-01
+1.896973E+02,-9.585174E-07,+7.123360E-06,-1.028684E+02,+1.704553E+00
+1.899414E+02,-1.638971E-07,-4.368331E-06,-1.071876E+02,-1.608298E+00
+1.901855E+02,+6.316085E-07,+3.132564E-06,-1.099089E+02,+1.371837E+00
+1.904297E+02,-2.103336E-06,-2.010660E-06,-1.107228E+02,-2.378718E+00
+1.906738E+02,+3.689050E-06,-2.019242E-06,-1.075236E+02,-5.008148E-01
+1.909180E+02,-2.812551E-06,-9.158364E-07,-1.105803E+02,-2.826796E+00
+1.911621E+02,-4.288959E-06,+2.687559E-06,-1.059145E+02,+2.581827E+00
+1.914062E+02,+9.885277E-06,-8.223393E-07,-1.000703E+02,-8.299719E-02
+1.916504E+02,-1.375708E-06,+4.305969E-07,-1.168236E+02,+2.838252E+00
+1.918945E+02,-3.717999E-06,+1.415104E-06,-1.080063E+02,+2.777914E+00
+1.921387E+02,+8.393901E-07,-4.671776E-06,-1.064724E+02,-1.393021E+00
+1.923828E+02,-5.978898E-06,+7.800203E-06,-1.001507E+02,+2.224777E+00
+1.926270E+02,+5.718188E-06,-3.342542E-06,-1.035783E+02,-5.289786E-01
+1.928711E+02,+3.849522E-06,-2.203085E-06,-1.070614E+02,-5.198034E-01
+1.931152E+02,-6.836209E-06,-1.266204E-06,-1.031572E+02,-2.958448E+00
+1.933594E+02,+4.946459E-06,-8.818734E-08,-1.061127E+02,-1.782649E-02
+1.936035E+02,-4.421809E-06,+5.052949E-07,-1.070316E+02,+3.027813E+00
+1.938477E+02,+4.216576E-06,+4.583643E-06,-1.041129E+02,+8.270851E-01
+1.940918E+02,-1.459423E-06,-7.878121E-06,-1.019250E+02,-1.753970E+00
+1.943359E+02,-2.968445E-06,+5.260841E-06,-1.043785E+02,+2.084516E+00
+1.945801E+02,+2.489756E-08,+4.502225E-06,-1.069313E+02,+1.565266E+00
+1.948242E+02,+4.457133E-06,-5.350151E-06,-1.031435E+02,-8.762043E-01
+1.950684E+02,-3.898197E-06,+4.176710E-06,-1.048624E+02,+2.321717E+00
+1.953125E+02,+2.078218E-06,-6.233161E-06,-1.036481E+02,-1.248974E+00
+1.955566E+02,+5.015039E-07,-2.317229E-06,-1.125018E+02,-1.357659E+00
+1.958008E+02,-1.155968E-06,+6.781804E-06,-1.032487E+02,+1.739625E+00
+1.960449E+02,-1.805386E-07,-1.822264E-06,-1.147453E+02,-1.669548E+00
+1.962891E+02,-9.861169E-07,+1.922782E-06,-1.133073E+02,+2.044678E+00
+1.965332E+02,-3.456643E-07,-1.345228E-06,-1.171464E+02,-1.822311E+00
+1.967773E+02,+3.499681E-07,-1.681615E-06,-1.153013E+02,-1.365611E+00
+1.970215E+02,+5.146657E-06,+4.771730E-07,-1.057323E+02,+9.245084E-02
+1.972656E+02,-7.767720E-06,+6.959593E-08,-1.021938E+02,+3.132633E+00
+1.975098E+02,+3.727916E-06,-1.344187E-06,-1.080398E+02,-3.460630E-01
+1.977539E+02,-1.786602E-06,+3.975555E-06,-1.072132E+02,+1.993149E+00
+1.979980E+02,-1.696231E-06,-4.645953E-06,-1.061151E+02,-1.920858E+00
+1.982422E+02,+5.633040E-06,+4.095117E-06,-1.031425E+02,+6.286058E-01
+1.984863E+02,-1.689784E-06,-1.043267E-06,-1.140409E+02,-2.588480E+00
+1.987305E+02,-1.180108E-06,-3.442921E-06,-1.087790E+02,-1.901010E+00
+1.989746E+02,+2.485895E-06,+4.600338E-06,-1.056316E+02,+1.075375E+00
+1.992188E+02,-8.388640E-06,+1.557570E-07,-1.015247E+02,+3.123027E+00
+1.994629E+02,+8.920907E-06,-2.537849E-06,-1.006538E+02,-2.771612E-01
+1.997070E+02,-6.043650E-06,+8.146175E-08,-1.043732E+02,+3.128114E+00
+1.999512E+02,+5.854902E-06,+4.406253E-06,-1.027007E+02,+6.451471E-01
+2.001953E+02,-4.856788E-06,-8.078174E-06,-1.005137E+02,-2.112115E+00
+2.004395E+02,+2.014199E-06,+2.503518E-06,-1.098613E+02,+8.932887E-01
+2.006836E+02,-1.417366E-06,+3.540055E-06,-1.083741E+02,+1.951630E+00
+2.009277E+02,+5.851930E-06,+4.927672E-07,-1.046233E+02,+8.400775E-02
+2.011719E+02,-5.957087E-06,+1.554201E-06,-1.042133E+02,+2.886382E+00
+2.014160E+02,+4.454188E-06,-4.181981E-06,-1.042796E+02,-7.538891E-01
+2.016602E+02,-6.512896E-06,-2.186989E-06,-1.032605E+02,-2.817629E+00
+2.019043E+02,+1.837539E-06,+4.469146E-06,-1.063172E+02,+1.180706E+00
+2.021484E+02,+1.576781E-06,-2.038327E-06,-1.117776E+02,-9.123826E-01
+2.023926E+02,+4.202311E-07,-1.958649E-06,-1.139654E+02,-1.359449E+00
+2.026367E+02,-5.304801E-06,+3.881590E-06,-1.036444E+02,+2.509899E+00
+2.028809E+02,+9.575578E-06,-2.469900E-06,-1.000970E+02,-2.524351E-01
+2.031250E+02,-5.041000E-06,+7.540765E-06,-1.008473E+02,+2.160067E+00
+2.033691E+02,-1.658601E-06,-7.788916E-06,-1.019779E+02,-1.780606E+00
+2.036133E+02,+6.930224E-06,-2.456827E-08,-1.031850E+02,-3.545075E-03
+2.038574E+02,-1.220069E-05,+2.467648E-06,-9.809819E+01,+2.942030E+00
+2.041016E+02,+1.150176E-05,-1.427146E-06,-9.871835E+01,-1.234497E-01
+2.043457E+02,-2.033434E-06,+3.153266E-07,-1.137322E+02,+2.987747E+00
+2.045898E+02,-6.867841E-06,+3.413610E-06,-1.023048E+02,+2.680314E+00
+2.048340E+02,+4.365694E-06,-1.161412E-05,-9.812629E+01,-1.211241E+00
+2.050781E+02,+3.602553E-07,+1.630681E-05,-9.575050E+01,+1.548708E+00
+2.053223E+02,+3.323759E-06,-8.209723E-06,-1.010542E+02,-1.186110E+00
+2.055664E+02,-1.799809E-06,+1.146323E-07,-1.148779E+02,+3.077987E+00
+2.058105E+02,-5.481604E-06,+1.436956E-06,-1.049332E+02,+2.885220E+00
+2.060547E+02,+6.752776E-06,-1.747940E-07,-1.034074E+02,-2.587898E-02
+2.062988E+02,-8.658778E-06,+8.181321E-07,-1.012123E+02,+3.047386E+00
+2.065430E+02,+1.188444E-05,-1.939525E-06,-9.838627E+01,-1.617725E-01
+2.067871E+02,-7.017466E-06,+2.606247E-06,-1.025152E+02,+2.785987E+00
+2.070312E+02,+2.045639E-06,-1.321130E-06,-1.122694E+02,-5.734366E-01
+2.072754E+02,-7.432285E-06,+1.458591E-06,-1.024134E+02,+2.947805E+00
+2.075195E+02,+1.263483E-05,-7.453270E-06,-9.667177E+01,-5.329589E-01
+2.077637E+02,-8.658568E-06,+7.039870E-06,-9.904724E+01,+2.458943E+00
+2.080078E+02,+2.197034E-06,-7.336445E-06,-1.023173E+02,-1.279827E+00
+2.082520E+02,-2.222148E-06,+9.989906E-06,-9.979903E+01,+1.789672E+00
+2.084961E+02,+7.017125E-06,-4.350852E-06,-1.016641E+02,-5.550199E-01
+2.087402E+02,-4.870333E-06,-4.312439E-06,-1.037348E+02,-2.416874E+00
+2.089844E+02,+9.044338E-07,+1.524763E-05,-9.632071E+01,+1.511549E+00
+2.092285E+02,-3.573818E-06,-1.471472E-05,-9.639604E+01,-1.809057E+00
+2.094727E+02,+5.721846E-06,+8.036334E-06,-1.001179E+02,+9.520640E-01
+2.097168E+02,-6.873730E-07,-7.791947E-06,-1.021334E+02,-1.658784E+00
+2.099609E+02,-2.004816E-06,+5.704323E-06,-1.043701E+02,+1.908767E+00
+2.102051E+02,+2.886053E-06,-2.663847E-06,-1.081176E+02,-7.453818E-01
+2.104492E+02,-5.637110E-06,+3.889821E-06,-1.032876E+02,+2.537584E+00
+2.106934E+02,+4.812185E-06,-7.337533E-06,-1.011353E+02,-9.903326E-01
+2.109375E+02,+8.104051E-07,+6.420042E-06,-1.037806E+02,+1.445230E+00
+2.111816E+02,-2.895185E-06,-3.207771E-06,-1.072881E+02,-2.305021E+00
+2.114258E+02,+2.150396E-06,+4.898058E-06,-1.054340E+02,+1.157102E+00
+2.116699E+02,-4.911560E-06,-8.615448E-06,-1.000723E+02,-2.088931E+00
+2.119141E+02,+9.384110E-06,+1.112661E-05,-9.673946E+01,+8.701501E-01
+2.121582E+02,-1.053836E-05,-5.687021E-06,-9.843453E+01,-2.646731E+00
+2.124023E+02,+6.885296E-06,-2.274333E-06,-1.027918E+02,-3.190338E-01
+2.126465E+02,+1.646226E-06,-2.150850E-06,-1.113453E+02,-9.175221E-01
+2.128906E+02,-7.359759E-06,+2.971667E-06,-1.020068E+02,+2.757838E+00
+2.131348E+02,+3.232730E-06,+4.272063E-06,-1.054210E+02,+9.230120E-01
+2.133789E+02,+4.701752E-06,-2.389389E-06,-1.055571E+02,-4.701791E-01
+2.136230E+02,-6.854259E-06,-2.672210E-06,-1.026663E+02,-2.769857E+00
+2.138672E+02,-1.185416E-06,+1.080627E-06,-1.158957E+02,+2.402405E+00
+2.141113E+02,+6.157296E-06,+2.049611E-06,-1.037558E+02,+3.213381E-01
+2.143555E+02,-7.995080E-07,-2.077690E-06,-1.130487E+02,-1.938136E+00
+2.145996E+02,+4.722291E-06,-1.549073E-06,-1.060731E+02,-3.169738E-01
+2.148438E+02,-1.005649E-05,+4.409166E-06,-9.918747E+01,+2.728394E+00
+2.150879E+02,+7.127776E-06,-5.067102E-06,-1.011645E+02,-6.180009E-01
+2.153320E+02,-3.736541E-06,+7.265935E-06,-1.017551E+02,+2.045783E+00
+2.155762E+02,-3.512491E-06,-1.250482E-05,-9.772865E+01,-1.844631E+00
+2.158203E+02,+2.091336E-06,+1.043048E-05,-9.946274E+01,+1.372918E+00
+2.160645E+02,+8.451691E-06,-1.566548E-06,-1.013144E+02,-1.832733E-01
+2.163086E+02,-7.257932E-06,-6.613795E-07,-1.027478E+02,-3.050719E+00
+2.165527E+02,+4.822981E-06,-5.546839E-07,-1.062766E+02,-1.145054E-01
+2.167969E+02,-1.817620E-06,-1.469992E-06,-1.126244E+02,-2.461542E+00
+2.170410E+02,-8.710305E-06,+9.769379E-07,-1.011450E+02,+3.029901E+00
+2.172852E+02,+1.360171E-05,-1.504230E-06,-9.727533E+01,-1.101437E-01
+2.175293E+02,-9.998379E-06,+3.722444E-06,-9.943765E+01,+2.785187E+00
+2.177734E+02,+4.209872E-06,-4.829157E-06,-1.038675E+02,-8.538036E-01
+2.180176E+02,-4.087369E-06,+3.385543E-06,-1.055024E+02,+2.449836E+00
+2.182617E+02,+5.468463E-06,+3.727975E-06,-1.035851E+02,+5.983536E-01
+2.185059E+02,+2.934822E-06,-6.150577E-06,-1.033308E+02,-1.125585E+00
+2.187500E+02,-9.940690E-06,-3.757388E-06,-9.947170E+01,-2.780211E+00
+2.189941E+02,+4.204660E-06,+7.296203E-06,-1.014927E+02,+1.048000E+00
+2.192383E+02,+4.240058E-06,+7.215340E-07,-1.073286E+02,+1.685562E-01
+2.194824E+02,-6.520670E-06,+1.594218E-06,-1.034620E+02,+2.901809E+00
+2.197266E+02,+4.944805E-06,-9.122918E-06,-9.967870E+01,-1.074100E+00
+2.199707E+02,-2.410282E-06,+1.963625E-06,-1.101479E+02,+2.457960E+00
+2.202148E+02,+2.163584E-06,+6.014383E-06,-1.038877E+02,+1.225475E+00
+2.204590E+02,-4.390972E-06,-4.438308E-06,-1.040917E+02,-2.350833E+00
+2.207031E+02,+3.942115E-06,+2.887004E-06,-1.062206E+02,+6.321084E-01
+2.209473E+02,-1.686052E-06,-8.186145E-06,-1.015580E+02,-1.773920E+00
+2.211914E+02,+8.429994E-07,+8.223702E-06,-1.016533E+02,+1.468645E+00
+2.214355E+02,+1.655079E-06,-6.129109E-06,-1.039464E+02,-1.307051E+00
+2.216797E+02,-8.375213E-06,+5.750748E-06,-9.986256E+01,+2.539890E+00
+2.219238E+02,+6.751874E-06,-4.123703E-06,-1.020348E+02,-5.482860E-01
+2.221680E+02,+5.632479E-07,+8.449695E-06,-1.014439E+02,+1.504236E+00
+2.224121E+02,-2.861217E-06,-6.797406E-06,-1.026447E+02,-1.969213E+00
+2.226562E+02,+1.700505E-06,-3.989452E-06,-1.072567E+02,-1.167867E+00
+2.229004E+02,+9.358192E-07,+2.579128E-06,-1.112334E+02,+1.222726E+00
+2.231445E+02,-2.663562E-06,+7.330234E-06,-1.021590E+02,+1.919329E+00
+2.233887E+02,+7.800217E-07,-1.096697E-05,-9.917635E+01,-1.499791E+00
+2.236328E+02,+2.380959E-06,+9.444560E-06,-1.002288E+02,+1.323844E+00
+2.238770E+02,-2.728024E-06,-5.462914E-06,-1.042846E+02,-2.033941E+00
+2.241211E+02,+2.090169E-06,+5.372993E-06,-1.047837E+02,+1.199796E+00
+2.243652E+02,-4.243174E-06,-1.050736E-05,-9.891404E+01,-1.954599E+00
+2.246094E+02,+1.459611E-06,+9.429525E-06,-1.004074E+02,+1.417224E+00
+2.248535E+02,+7.402817E-08,-2.312339E-07,-1.322952E+02,-1.260963E+00
+2.250977E+02,+3.489427E-06,-6.643013E-06,-1.024945E+02,-1.087132E+00
+2.253418E+02,-3.967742E-06,-1.058443E-07,-1.080260E+02,-3.114923E+00
+2.255859E+02,+3.288773E-06,+1.020233E-05,-9.939667E+01,+1.258958E+00
+2.258301E+02,-3.493127E-06,-4.993143E-06,-1.043024E+02,-2.181244E+00
+2.260742E+02,+4.612816E-06,-7.873087E-06,-1.007954E+02,-1.040811E+00
+2.263184E+02,-4.917038E-06,+1.089079E-05,-9.845312E+01,+1.994885E+00
+2.265625E+02,+3.252195E-06,-5.649328E-06,-1.037170E+02,-1.048453E+00
+2.268066E+02,-5.372145E-06,+3.410941E-06,-1.039260E+02,+2.575884E+00
+2.270508E+02,+5.066695E-06,-1.277119E-06,-1.056380E+02,-2.469179E-01
+2.272949E+02,+9.382227E-07,-3.947734E-06,-1.078344E+02,-1.337464E+00
+2.275391E+02,-2.318728E-06,+4.372534E-06,-1.061091E+02,+2.058384E+00
+2.277832E+02,+1.087109E-06,+1.687664E-06,-1.139469E+02,+9.985446E-01
+2.280273E+02,-2.262072E-06,-4.783077E-06,-1.055292E+02,-2.012556E+00
+2.282715E+02,-3.578281E-06,+3.471891E-06,-1.060453E+02,+2.371284E+00
+2.285156E+02,+9.095914E-06,-3.919756E-06,-1.000833E+02,-4.068877E-01
+2.287598E+02,-8.252649E-06,+6.794479E-06,-9.942063E+01,+2.452800E+00
+2.290039E+02,+1.112735E-05,-6.994394E-06,-9.762608E+01,-5.611671E-01
+2.292480E+02,-9.565054E-06,+1.767683E-06,-1.002404E+02,+2.958848E+00
+2.294922E+02,+3.459239E-06,+2.482415E-06,-1.074163E+02,+6.224530E-01
+2.297363E+02,-6.865303E-06,-3.254576E-07,-1.032571E+02,-3.094222E+00
+2.299805E+02,+1.077676E-05,-2.362384E-06,-9.914639E+01,-2.157975E-01
+2.302246E+02,-1.229241E-05,+4.238710E-06,-9.771934E+01,+2.809537E+00
+2.304688E+02,+1.600024E-05,-6.247730E-06,-9.530117E+01,-3.722703E-01
+2.307129E+02,-2.119350E-05,+5.734385E-06,-9.316910E+01,+2.877347E+00
+2.309570E+02,+2.159029E-05,+7.954803E-07,-9.330894E+01,+3.682770E-02
+2.312012E+02,-1.416981E-05,-3.934422E-06,-9.665017E+01,-2.870753E+00
+2.314453E+02,+2.730197E-06,-3.357303E-06,-1.072757E+02,-8.880513E-01
+2.316895E+02,+1.121165E-06,+7.666763E-06,-1.022159E+02,+1.425588E+00
+2.319336E+02,+5.255847E-06,-1.624435E-06,-1.051909E+02,-2.997588E-01
+2.321777E+02,-4.871162E-06,-5.861708E-06,-1.023592E+02,-2.264164E+00
+2.324219E+02,-6.788286E-06,+7.290714E-06,-1.000333E+02,+2.320523E+00
+2.326660E+02,+1.058230E-05,-3.392475E-07,-9.950394E+01,-3.204704E-02
+2.329102E+02,-5.586300E-06,-4.591405E-06,-1.028160E+02,-2.453637E+00
+2.331543E+02,+5.481079E-06,+2.647557E-06,-1.043119E+02,+4.499842E-01
+2.333984E+02,-8.418098E-06,-4.548829E-07,-1.014831E+02,-3.087609E+00
+2.336426E+02,+1.083739E-05,-1.265428E-06,-9.924270E+01,-1.162386E-01
+2.338867E+02,-1.203301E-05,+1.217666E-07,-9.839207E+01,+3.131474E+00
+2.341309E+02,+6.346442E-06,+5.244291E-06,-1.016890E+02,+6.905941E-01
+2.343750E+02,+1.297101E-06,-1.250079E-06,-1.148876E+02,-7.669396E-01
+2.346191E+02,+2.832932E-06,-4.142150E-06,-1.059889E+02,-9.709386E-01
+2.348633E+02,-5.860501E-06,+1.405259E-06,-1.043985E+02,+2.906251E+00
+2.351074E+02,+8.449809E-07,-1.297326E-06,-1.162032E+02,-9.934901E-01
+2.353516E+02,+2.095825E-06,+6.207037E-06,-1.036734E+02,+1.245163E+00
+2.355957E+02,-1.674168E-06,-8.556241E-06,-1.011912E+02,-1.764021E+00
+2.358398E+02,-2.702147E-06,+9.750215E-06,-9.989835E+01,+1.841148E+00
+2.360840E+02,+7.319152E-06,-6.926304E-06,-9.993347E+01,-7.578281E-01
+2.363281E+02,-6.296028E-06,+3.175800E-06,-1.030342E+02,+2.674421E+00
+2.365723E+02,+1.809792E-06,-5.960208E-06,-1.041117E+02,-1.275998E+00
+2.368164E+02,-1.332557E-06,+6.420841E-06,-1.036650E+02,+1.775428E+00
+2.370605E+02,-3.544226E-07,-1.160511E-06,-1.183197E+02,-1.867202E+00
+2.373047E+02,+5.053544E-06,+9.833262E-07,-1.057667E+02,+1.921801E-01
+2.375488E+02,+4.756529E-07,-5.312630E-07,-1.229372E+02,-8.405703E-01
+2.377930E+02,-6.006604E-06,-7.371890E-06,-1.004372E+02,-2.254496E+00
+2.380371E+02,-3.305343E-07,+8.982420E-06,-1.009263E+02,+1.607578E+00
+2.382812E+02,+8.673190E-06,-1.978065E-06,-1.010162E+02,-2.242314E-01
+2.385254E+02,-8.784545E-06,-1.243121E-06,-1.010395E+02,-3.001014E+00
+2.387695E+02,+2.014451E-06,+3.992931E-06,-1.069894E+02,+1.103552E+00
+2.390137E+02,+5.788713E-06,-9.702887E-06,-9.893961E+01,-1.032883E+00
+2.392578E+02,-6.407236E-06,+9.007274E-06,-9.912987E+01,+2.189093E+00
+2.395020E+02,+4.552063E-06,-3.936177E-06,-1.044111E+02,-7.129675E-01
+2.397461E+02,-6.046111E-06,+7.174932E-06,-1.005534E+02,+2.271020E+00
+2.399902E+02,+1.058487E-05,-7.597689E-06,-9.770153E+01,-6.225643E-01
+2.402344E+02,-1.011760E-05,+4.975862E-07,-9.988795E+01,+3.092452E+00
+2.404785E+02,+1.854884E-07,+1.397405E-06,-1.170177E+02,+1.438830E+00
+2.407227E+02,+5.998534E-06,-2.272253E-06,-1.038568E+02,-3.620993E-01
+2.409668E+02,-2.868803E-06,+5.597688E-06,-1.040270E+02,+2.044392E+00
+2.412109E+02,-2.079086E-06,-7.202230E-06,-1.025030E+02,-1.851829E+00
+2.414551E+02,+7.212598E-06,+6.860141E-06,-1.000400E+02,+7.603580E-01
+2.416992E+02,-7.652278E-06,-7.591792E-06,-9.934821E+01,-2.360162E+00
+2.419434E+02,+1.915978E-06,+7.673002E-06,-1.020380E+02,+1.326096E+00
+2.421875E+02,+6.697296E-06,-4.319434E-06,-1.019715E+02,-5.728183E-01
+2.424316E+02,-1.107408E-05,-2.954175E-06,-9.881529E+01,-2.880899E+00
+2.426758E+02,+9.483403E-06,+5.428464E-06,-9.922984E+01,+5.198911E-01
+2.429199E+02,-1.131995E-05,+6.525034E-06,-9.767722E+01,+2.618693E+00
+2.431641E+02,+1.228624E-05,-1.418749E-05,-9.453166E+01,-8.570917E-01
+2.434082E+02,+2.351566E-06,+4.740610E-06,-1.055279E+02,+1.110316E+00
+2.436523E+02,-1.312161E-05,+2.523442E-06,-9.748254E+01,+2.951600E+00
+2.438965E+02,+7.350784E-06,+3.544985E-06,-1.017652E+02,+4.493547E-01
+2.441406E+02,-1.632154E-06,-9.315601E-06,-1.004845E+02,-1.744242E+00
+2.443848E+02,+2.033623E-07,+8.041719E-06,-1.018903E+02,+1.545513E+00
+2.446289E+02,-1.350013E-06,-9.805071E-06,-1.000894E+02,-1.707621E+00
+2.448730E+02,+2.913055E-06,+1.160985E-05,-9.843831E+01,+1.324959E+00
+2.451172E+02,-1.288627E-06,-9.446822E-06,-1.004142E+02,-1.706368E+00
+2.453613E+02,+4.370357E-06,+2.839305E-06,-1.056604E+02,+5.761456E-01
+2.456055E+02,-7.671142E-06,+2.543176E-06,-1.018499E+02,+2.821470E+00
+2.458496E+02,+2.476304E-06,+1.710195E-06,-1.104302E+02,+6.044056E-01
+2.460938E+02,+3.906347E-06,-7.051351E-06,-1.018721E+02,-1.064898E+00
+2.463379E+02,-2.098614E-06,+6.283702E-06,-1.035764E+02,+1.893126E+00
+2.465820E+02,-4.574300E-06,-1.092225E-06,-1.065527E+02,-2.907207E+00
+2.468262E+02,+1.888675E-06,-5.359357E-06,-1.049093E+02,-1.231979E+00
+2.470703E+02,+9.110946E-06,+4.134277E-06,-9.999559E+01,+4.259849E-01
+2.473145E+02,-1.168727E-05,+1.900812E-06,-9.853235E+01,+2.980365E+00
+2.475586E+02,+4.708244E-06,-3.124023E-06,-1.049584E+02,-5.858222E-01
+2.478027E+02,+1.072037E-06,-2.045333E-06,-1.127306E+02,-1.088025E+00
+2.480469E+02,-2.939604E-06,+3.959422E-06,-1.061407E+02,+2.209437E+00
+2.482910E+02,+7.028214E-06,+1.139215E-07,-1.030620E+02,+1.620775E-02
+2.485352E+02,-1.082020E-05,-4.238258E-06,-9.869539E+01,-2.768263E+00
+2.487793E+02,+1.065096E-05,+4.882771E-06,-9.862379E+01,+4.298462E-01
+2.490234E+02,-4.997867E-06,-3.507994E-06,-1.042847E+02,-2.529594E+00
+2.492676E+02,-1.576480E-06,-5.563481E-07,-1.155365E+02,-2.802332E+00
+2.495117E+02,-7.746653E-07,+3.646458E-06,-1.085709E+02,+1.780127E+00
+2.497559E+02,+3.376612E-06,-5.459210E-06,-1.038506E+02,-1.016873E+00
+2.500000E+02,-8.978245E-07,+6.368137E-06,-1.038343E+02,+1.710860E+00
+2.502441E+02,+2.473898E-06,-1.633376E-06,-1.105611E+02,-5.835428E-01
+2.504883E+02,-1.025449E-06,+8.393442E-08,-1.197527E+02,+3.059923E+00
+2.507324E+02,-3.799311E-06,-1.085932E-05,-9.878244E+01,-1.907352E+00
+2.509766E+02,+6.556173E-06,+1.225657E-05,-9.713978E+01,+1.079612E+00
+2.512207E+02,-7.828262E-06,-3.444234E-06,-1.013582E+02,-2.727107E+00
+2.514648E+02,+5.021272E-06,-4.170541E-06,-1.037052E+02,-6.931080E-01
+2.517090E+02,-4.524700E-06,+4.664537E-06,-1.037437E+02,+2.340978E+00
+2.519531E+02,+8.085067E-07,+1.274430E-06,-1.164247E+02,+1.005461E+00
+2.521973E+02,+1.403527E-06,-2.483039E-06,-1.108962E+02,-1.056324E+00
+2.524414E+02,+3.251610E-06,+3.818424E-06,-1.059940E+02,+8.653985E-01
+2.526855E+02,-3.886183E-06,-9.698325E-06,-9.961937E+01,-1.951912E+00
+2.529297E+02,+4.299131E-06,+1.155870E-05,-9.817911E+01,+1.214712E+00
+2.531738E+02,-2.988234E-06,-1.211804E-05,-9.807498E+01,-1.812567E+00
+2.534180E+02,-3.608337E-06,+9.869766E-06,-9.956903E+01,+1.921296E+00
+2.536621E+02,+5.158813E-06,-1.145413E-06,-1.055400E+02,-2.184861E-01
+2.539062E+02,-5.018501E-06,-5.951553E-06,-1.021748E+02,-2.271344E+00
+2.541504E+02,+4.892132E-06,+5.542685E-06,-1.026238E+02,+8.476620E-01
+2.543945E+02,-1.926586E-06,-8.473868E-07,-1.135362E+02,-2.727221E+00
+2.546387E+02,-4.431901E-06,-8.555540E-07,-1.069093E+02,-2.950894E+00
+2.548828E+02,+8.404357E-06,+6.521108E-06,-9.946315E+01,+6.598846E-01
+2.551270E+02,-2.687840E-06,-1.373811E-05,-9.707832E+01,-1.764004E+00
+2.553711E+02,-3.460189E-06,+9.314171E-06,-1.000557E+02,+1.926493E+00
+2.556152E+02,-7.376509E-07,-1.380803E-06,-1.161070E+02,-2.061443E+00
+2.558594E+02,+5.389275E-06,-3.749914E-06,-1.036546E+02,-6.079086E-01
+2.561035E+02,-1.010357E-05,+7.918832E-07,-9.988391E+01,+3.063376E+00
+2.563477E+02,+9.701468E-06,+3.486578E-06,-9.973570E+01,+3.450125E-01
+2.565918E+02,-9.694203E-06,+3.069420E-06,-9.985484E+01,+2.834955E+00
+2.568359E+02,+1.282906E-05,-7.646703E-06,-9.651585E+01,-5.375065E-01
+2.570801E+02,-7.348276E-06,+2.712258E-06,-1.021216E+02,+2.788003E+00
+2.573242E+02,+7.428168E-06,+1.909214E-06,-1.023045E+02,+2.515780E-01
+2.575684E+02,-8.824330E-06,-2.599840E-06,-1.007249E+02,-2.855077E+00
+2.578125E+02,+1.562501E-06,+4.363932E-06,-1.066786E+02,+1.226969E+00
+2.580566E+02,-3.052057E-06,-7.331474E-06,-1.020021E+02,-1.965271E+00
+2.583008E+02,+8.099509E-06,+5.839691E-06,-1.000129E+02,+6.246769E-01
+2.585449E+02,-1.166057E-05,-3.649485E-07,-9.866135E+01,-3.110305E+00
+2.587891E+02,+8.587777E-06,+1.440474E-07,-1.013212E+02,+1.677196E-02
+2.590332E+02,-4.240583E-06,-2.862816E-06,-1.058206E+02,-2.547775E+00
+2.592773E+02,+6.728370E-06,+3.239656E-06,-1.025363E+02,+4.487318E-01
+2.595215E+02,-2.303701E-06,-3.406155E-06,-1.077188E+02,-2.165462E+00
+2.597656E+02,-4.559399E-06,+3.012201E-06,-1.052489E+02,+2.557762E+00
+2.600098E+02,+1.682099E-07,-2.280598E-06,-1.128155E+02,-1.497173E+00
+2.602539E+02,+1.124724E-06,+4.696364E-06,-1.063226E+02,+1.335735E+00
+2.604980E+02,+2.976072E-06,-4.588898E-06,-1.052411E+02,-9.954499E-01
+2.607422E+02,+1.934880E-06,+9.469950E-07,-1.133343E+02,+4.551588E-01
+2.609863E+02,-5.337028E-06,-6.842476E-07,-1.053832E+02,-3.014081E+00
+2.612305E+02,-1.032303E-06,+1.286031E-06,-1.156551E+02,+2.247184E+00
+2.614746E+02,+2.930112E-06,-1.273790E-07,-1.106541E+02,-4.344504E-02
+2.617188E+02,-3.250592E-06,+1.225031E-06,-1.091840E+02,+2.781189E+00
+2.619629E+02,+3.435899E-06,-9.346509E-07,-1.089692E+02,-2.655984E-01
+2.622070E+02,+4.621617E-07,+2.774777E-06,-1.110166E+02,+1.405753E+00
+2.624512E+02,-5.691079E-06,-5.788398E-06,-1.018115E+02,-2.347717E+00
+2.626953E+02,+6.820658E-06,+5.252669E-06,-1.013011E+02,+6.562489E-01
+2.629395E+02,-7.108243E-06,-4.218752E-08,-1.029646E+02,-3.135658E+00
+2.631836E+02,+1.161242E-05,-4.487008E-06,-9.809720E+01,-3.687253E-01
+2.634277E+02,-1.138937E-05,+4.366231E-06,-9.827451E+01,+2.775513E+00
+2.636719E+02,+3.243062E-06,+3.311069E-06,-1.066795E+02,+7.957740E-01
+2.639160E+02,+4.680797E-06,-5.135199E-06,-1.031623E+02,-8.316571E-01
+2.641602E+02,-2.994855E-06,-3.131170E-06,-1.072646E+02,-2.333946E+00
+2.644043E+02,-4.697798E-06,+1.013267E-06,-1.063646E+02,+2.929157E+00
+2.646484E+02,+3.286758E-06,+7.833494E-06,-1.014166E+02,+1.173528E+00
+2.648926E+02,+3.772526E-06,-2.475691E-06,-1.069120E+02,-5.807509E-01
+2.651367E+02,-6.576312E-07,-6.179176E-06,-1.041325E+02,-1.676824E+00
+2.653809E+02,+3.233891E-07,+6.792156E-06,-1.033500E+02,+1.523220E+00
+2.656250E+02,-8.473009E-06,-6.681330E-06,-9.933928E+01,-2.473877E+00
+2.658691E+02,+1.108127E-05,+1.038322E-05,-9.637130E+01,+7.528885E-01
+2.661133E+02,-6.388005E-06,-7.118547E-06,-1.003867E+02,-2.302159E+00
+2.663574E+02,+2.144259E-06,-1.372869E-06,-1.118825E+02,-5.694928E-01
+2.666016E+02,-4.084259E-06,+2.089904E-06,-1.067677E+02,+2.668631E+00
+2.668457E+02,+8.075545E-06,+3.544419E-06,-1.010915E+02,+4.135913E-01
+2.670898E+02,-6.614325E-06,-6.298379E-06,-1.007874E+02,-2.380657E+00
+2.673340E+02,+2.841754E-06,+3.763235E-06,-1.065291E+02,+9.240162E-01
+2.675781E+02,-3.935842E-06,+2.113931E-06,-1.069985E+02,+2.648709E+00
+2.678223E+02,+2.710129E-06,+1.658761E-06,-1.099584E+02,+5.492398E-01
+2.680664E+02,-7.529590E-07,-8.177331E-06,-1.017111E+02,-1.662616E+00
+2.683105E+02,+2.951328E-06,+6.464443E-06,-1.029671E+02,+1.142510E+00
+2.685547E+02,-3.701381E-06,-4.065116E-06,-1.051963E+02,-2.309395E+00
+2.687988E+02,+8.318363E-06,+2.847410E-06,-1.011180E+02,+3.298025E-01
+2.690430E+02,-6.269227E-06,+5.005504E-06,-1.019140E+02,+2.467813E+00
+2.692871E+02,-1.983302E-06,-7.922850E-06,-1.017584E+02,-1.816083E+00
+2.695312E+02,+1.299796E-05,-4.191872E-06,-9.729278E+01,-3.119712E-01
+2.697754E+02,-2.477139E-05,+9.665637E-06,-9.150552E+01,+2.769568E+00
+2.700195E+02,+2.108334E-05,-1.630315E-06,-9.349532E+01,-7.717358E-02
+2.702637E+02,-9.094671E-06,-2.358011E-06,-1.005417E+02,-2.887905E+00
+2.705078E+02,+8.525316E-06,+7.798201E-06,-9.874541E+01,+7.408836E-01
+2.707520E+02,-4.741626E-06,-5.146940E-06,-1.031003E+02,-2.315229E+00
+2.709961E+02,-4.727267E-06,-8.397499E-06,-1.003215E+02,-2.083518E+00
+2.712402E+02,+7.364807E-06,+8.376970E-06,-9.905130E+01,+8.496077E-01
+2.714844E+02,-4.820310E-06,+1.077701E-06,-1.061267E+02,+2.921635E+00
+2.717285E+02,+1.012601E-05,-7.611091E-06,-9.794620E+01,-6.445482E-01
+2.719727E+02,-1.466605E-05,+6.760294E-06,-9.583701E+01,+2.709671E+00
+2.722168E+02,+9.616583E-06,+1.465874E-06,-1.002398E+02,+1.512675E-01
+2.724609E+02,+6.270309E-06,-4.038515E-06,-1.025472E+02,-5.721948E-01
+2.727051E+02,-1.134282E-05,-4.222397E-06,-9.834197E+01,-2.785233E+00
+2.729492E+02,+1.549039E-06,+3.298173E-06,-1.087688E+02,+1.131709E+00
+2.731934E+02,-3.190213E-07,+4.983169E-06,-1.060321E+02,+1.634729E+00
+2.734375E+02,+5.816664E-06,-6.823134E-06,-1.009480E+02,-8.648576E-01
+2.736816E+02,-6.078908E-06,+3.899899E-06,-1.028264E+02,+2.571184E+00
+2.739258E+02,-9.387457E-07,-3.020304E-06,-1.099985E+02,-1.872142E+00
+2.741699E+02,+8.532905E-06,+1.759195E-07,-1.013762E+02,+2.061368E-02
+2.744141E+02,-7.905532E-06,-2.070614E-07,-1.020384E+02,-3.115407E+00
+2.746582E+02,+3.199924E-06,+2.182020E-06,-1.082389E+02,+5.984731E-01
+2.749023E+02,-6.366297E-06,-3.102050E-06,-1.029971E+02,-2.688188E+00
+2.751465E+02,+9.234761E-06,+2.177472E-06,-1.004565E+02,+2.315612E-01
+2.753906E+02,-9.687716E-07,+1.734009E-06,-1.140392E+02,+2.080286E+00
+2.756348E+02,-5.307451E-06,-3.120279E-07,-1.054873E+02,-3.082870E+00
+2.758789E+02,+4.891914E-06,-4.190952E-06,-1.038201E+02,-7.083768E-01
+2.761230E+02,-2.330167E-06,+3.368975E-06,-1.077522E+02,+2.175900E+00
+2.763672E+02,+1.163620E-06,-2.944284E-06,-1.099901E+02,-1.194423E+00
+2.766113E+02,-4.548140E-06,+4.225287E-06,-1.041410E+02,+2.392977E+00
+2.768555E+02,+7.873981E-06,-3.714518E-06,-1.012035E+02,-4.407898E-01
+2.770996E+02,-9.856546E-06,+4.956375E-06,-9.914648E+01,+2.675667E+00
+2.773438E+02,+7.040795E-06,-6.514660E-06,-1.003615E+02,-7.466040E-01
+2.775879E+02,+3.712545E-06,-4.948154E-07,-1.085301E+02,-1.325011E-01
+2.778320E+02,-6.700182E-06,+3.684029E-06,-1.023311E+02,+2.638872E+00
+2.780762E+02,-2.061734E-06,-2.854997E-06,-1.090652E+02,-2.196233E+00
+2.783203E+02,+5.712634E-06,+7.418214E-06,-1.005718E+02,+9.145660E-01
+2.785645E+02,+2.184354E-06,-3.475362E-06,-1.077341E+02,-1.009666E+00
+2.788086E+02,-8.867391E-06,-4.893385E-06,-9.988954E+01,-2.637338E+00
+2.790527E+02,+5.166027E-06,+1.173202E-06,-1.055185E+02,+2.233118E-01
+2.792969E+02,-4.568728E-06,+5.200612E-06,-1.031949E+02,+2.291604E+00
+2.795410E+02,+8.929333E-06,-6.728468E-06,-9.903072E+01,-6.457527E-01
+2.797852E+02,-5.602396E-06,+2.985398E-06,-1.039470E+02,+2.651989E+00
+2.800293E+02,+5.018692E-06,-2.494683E-06,-1.050292E+02,-4.613076E-01
+2.802734E+02,-7.338072E-06,+3.094295E-06,-1.019776E+02,+2.742540E+00
+2.805176E+02,+4.742960E-06,-1.370562E-07,-1.064754E+02,-2.888872E-02
+2.807617E+02,-1.134820E-06,+2.131976E-06,-1.123410E+02,+2.059937E+00
+2.810059E+02,-2.771430E-06,-5.317506E-06,-1.044422E+02,-2.051252E+00
+2.812500E+02,+1.209440E-06,-2.260996E-06,-1.118211E+02,-1.079609E+00
+2.814941E+02,+7.156801E-07,+8.919084E-06,-1.009657E+02,+1.490726E+00
+2.817383E+02,+6.990163E-07,-6.999647E-06,-1.030554E+02,-1.471262E+00
+2.819824E+02,+3.310311E-06,+4.906854E-06,-1.045549E+02,+9.773009E-01
+2.822266E+02,-5.167698E-06,-5.402058E-06,-1.025269E+02,-2.334025E+00
+2.824707E+02,+6.039504E-06,+1.533273E-06,-1.041087E+02,+2.486215E-01
+2.827148E+02,-7.493352E-06,+8.101650E-07,-1.024560E+02,+3.033893E+00
+2.829590E+02,+5.216886E-06,-2.163923E-06,-1.049623E+02,-3.931929E-01
+2.832031E+02,-8.331095E-06,+9.767275E-07,-1.015267E+02,+3.024887E+00
+2.834473E+02,+1.554934E-05,+3.329855E-06,-9.597103E+01,+2.109613E-01
+2.836914E+02,-1.873258E-05,-6.740647E-06,-9.401926E+01,-2.796183E+00
+2.839355E+02,+1.357086E-05,+7.230200E-06,-9.626271E+01,+4.895216E-01
+2.841797E+02,-6.702389E-06,-8.353853E-06,-9.940403E+01,-2.246945E+00
+2.844238E+02,+1.284485E-06,+8.426745E-06,-1.013871E+02,+1.419531E+00
+2.846680E+02,-1.688302E-06,-3.527581E-06,-1.081547E+02,-2.017178E+00
+2.849121E+02,+5.133426E-06,-5.710687E-06,-1.022941E+02,-8.385806E-01
+2.851562E+02,-4.221126E-06,+9.195472E-06,-9.989808E+01,+2.001146E+00
+2.854004E+02,+1.412241E-07,-6.442857E-06,-1.038163E+02,-1.548880E+00
+2.856445E+02,+4.783548E-06,+4.691634E-06,-1.034781E+02,+7.756979E-01
+2.858887E+02,-7.871221E-06,-7.398492E-06,-9.932952E+01,-2.387143E+00
+2.861328E+02,+4.893880E-06,+4.073674E-06,-1.039206E+02,+6.941882E-01
+2.863770E+02,-2.438091E-06,-1.525039E-06,-1.108249E+02,-2.582630E+00
+2.866211E+02,-2.262152E-06,+7.896686E-06,-1.017086E+02,+1.849793E+00
+2.868652E+02,+9.225391E-06,-7.524555E-06,-9.848548E+01,-6.842022E-01
+2.871094E+02,-1.120579E-05,+9.025242E-07,-9.898307E+01,+3.061225E+00
+2.873535E+02,-3.047177E-06,-4.617802E-06,-1.051415E+02,-2.154083E+00
+2.875977E+02,+8.383904E-06,+1.067332E-05,-9.734688E+01,+9.049588E-01
+2.878418E+02,-1.940215E-06,-9.750937E-06,-1.000504E+02,-1.767208E+00
+2.880859E+02,+2.546112E-06,+4.869496E-06,-1.052007E+02,+1.089021E+00
+2.883301E+02,-4.069318E-06,+4.616005E-07,-1.077540E+02,+3.028641E+00
+2.885742E+02,-3.241254E-06,-6.296471E-06,-1.029972E+02,-2.046192E+00
+2.888184E+02,+7.353802E-06,+1.083591E-05,-9.765748E+01,+9.745426E-01
+2.890625E+02,+6.601343E-07,-1.001576E-05,-9.996750E+01,-1.504982E+00
+2.893066E+02,-4.576955E-06,+2.537490E-06,-1.056245E+02,+2.635373E+00
+2.895508E+02,-5.319343E-06,+5.930250E-06,-1.019748E+02,+2.301943E+00
+2.897949E+02,+1.015967E-06,-6.294291E-06,-1.039094E+02,-1.410766E+00
+2.900391E+02,+3.202668E-06,+2.535370E-06,-1.077767E+02,+6.696244E-01
+2.902832E+02,+2.770202E-06,+7.060067E-06,-1.024019E+02,+1.196879E+00
+2.905273E+02,-2.380508E-06,-1.285656E-05,-9.767111E+01,-1.753882E+00
+2.907715E+02,-1.582997E-06,+9.236393E-06,-1.005642E+02,+1.740534E+00
+2.910156E+02,+4.825246E-06,-4.462996E-06,-1.036450E+02,-7.464170E-01
+2.912598E+02,-1.102880E-05,-3.800256E-07,-9.914428E+01,-3.107149E+00
+2.915039E+02,+9.193719E-06,+5.721325E-06,-9.930858E+01,+5.566612E-01
+2.917480E+02,-2.853143E-06,-4.336132E-06,-1.056956E+02,-2.152770E+00
+2.919922E+02,-4.520151E-06,-2.233129E-06,-1.059485E+02,-2.682725E+00
+2.922363E+02,+3.467578E-06,+4.068146E-06,-1.054403E+02,+8.649262E-01
+2.924805E+02,+2.799754E-06,+4.038554E-06,-1.061711E+02,+9.646106E-01
+2.927246E+02,-6.325979E-06,-6.490560E-06,-1.008542E+02,-2.343354E+00
+2.929688E+02,+2.898514E-06,+4.916844E-06,-1.048709E+02,+1.038128E+00
+2.932129E+02,+5.371594E-06,-8.361187E-07,-1.052940E+02,-1.544164E-01
+2.934570E+02,-3.474257E-06,-1.986368E-06,-1.079544E+02,-2.622213E+00
+2.937012E+02,-7.008411E-06,-1.481179E-06,-1.028978E+02,-2.933314E+00
+2.939453E+02,+9.616176E-06,+5.852175E-06,-9.897159E+01,+5.467017E-01
+2.941895E+02,-1.129881E-05,-6.558597E-07,-9.892474E+01,-3.083611E+00
+2.944336E+02,+8.008550E-06,-2.300792E-06,-1.015845E+02,-2.797576E-01
+2.946777E+02,-2.316883E-06,+2.805158E-06,-1.087822E+02,+2.261153E+00
+2.949219E+02,-2.515946E-07,-2.867482E-06,-1.108167E+02,-1.658313E+00
+2.951660E+02,+4.633327E-06,+1.813053E-06,-1.060634E+02,+3.729900E-01
+2.954102E+02,-7.540576E-06,+6.306594E-07,-1.024216E+02,+3.058151E+00
+2.956543E+02,-1.548885E-06,-3.731454E-07,-1.159546E+02,-2.905185E+00
+2.958984E+02,+6.110843E-06,+1.585271E-06,-1.039951E+02,+2.538241E-01
+2.961426E+02,+3.738761E-06,+5.178571E-06,-1.038938E+02,+9.454786E-01
+2.963867E+02,-1.078631E-05,-4.485102E-06,-9.864992E+01,-2.747528E+00
+2.966309E+02,+2.313177E-06,+8.066511E-07,-1.122174E+02,+3.355341E-01
+2.968750E+02,+1.047242E-05,-1.622641E-06,-9.949603E+01,-1.537219E-01
+2.971191E+02,-2.274574E-06,+6.019941E-06,-1.038286E+02,+1.932054E+00
+2.973633E+02,-9.812880E-06,-6.950512E-06,-9.839825E+01,-2.525315E+00
+2.976074E+02,+1.008313E-05,+6.978496E-06,-9.822842E+01,+6.054016E-01
+2.978516E+02,-5.703692E-06,-5.263350E-06,-1.022015E+02,-2.396324E+00
+2.980957E+02,-2.879518E-06,+4.538983E-06,-1.053919E+02,+2.136125E+00
+2.983398E+02,+1.031871E-05,+1.956630E-08,-9.972748E+01,+1.896193E-03
+2.985840E+02,-6.157952E-06,-2.403038E-06,-1.035957E+02,-2.769534E+00
+2.988281E+02,+7.592758E-07,-2.455560E-06,-1.118004E+02,-1.270915E+00
+2.990723E+02,-2.795614E-06,+1.875757E-06,-1.094562E+02,+2.550621E+00
+2.993164E+02,-4.355007E-06,+1.192429E-06,-1.069063E+02,+2.874336E+00
+2.995605E+02,-6.265758E-06,+1.003178E-05,-9.854194E+01,+2.129101E+00
+2.998047E+02,+1.371103E-05,-1.041017E-06,-9.723364E+01,-7.578014E-02
+3.000488E+02,-1.401824E-06,+2.582239E-06,-1.106384E+02,+2.068150E+00
+3.002930E+02,+3.796038E-08,+7.337781E-06,-1.026886E+02,+1.565623E+00
+3.005371E+02,+1.750324E-05,+2.068683E-06,-9.507739E+01,+1.176428E-01
+3.007812E+02,+1.216945E-05,-3.067851E-05,-8.962866E+01,-1.193158E+00
+3.010254E+02,-4.734221E-05,+1.584269E-05,-8.603404E+01,+2.818665E+00
+3.012695E+02,+2.516165E-05,+7.692726E-06,-9.159714E+01,+2.967074E-01
+3.015137E+02,+2.978570E-06,-1.648456E-05,-9.551894E+01,-1.392037E+00
+3.017578E+02,-1.128982E-05,+8.155163E-06,-9.712273E+01,+2.516026E+00
+3.020020E+02,+1.738286E-06,+9.628986E-06,-1.001891E+02,+1.392194E+00
+3.022461E+02,+1.065707E-06,-3.028359E-06,-1.098688E+02,-1.232422E+00
+3.024902E+02,-1.490089E-06,+6.200855E-06,-1.039072E+02,+1.806628E+00
+3.027344E+02,+5.566213E-06,-1.750416E-06,-1.046793E+02,-3.046801E-01
+3.029785E+02,-2.574661E-06,+3.712030E-06,-1.069020E+02,+2.177213E+00
+3.032227E+02,+3.156520E-06,+1.356997E-05,-9.711957E+01,+1.342250E+00
+3.034668E+02,+1.091389E-05,-1.688153E-06,-9.913773E+01,-1.534631E-01
+3.037109E+02,-3.303405E-06,-8.828192E-06,-1.005135E+02,-1.928855E+00
+3.039551E+02,-5.044966E-06,+6.753488E-07,-1.058657E+02,+3.008518E+00
+3.041992E+02,+9.260767E-08,+1.890919E-05,-9.446644E+01,+1.565899E+00
+3.044434E+02,+2.312654E-05,+6.474900E-06,-9.239005E+01,+2.729874E-01
+3.046875E+02,-1.003938E-05,-9.284859E-06,-9.728164E+01,-2.395220E+00
+3.049316E+02,+1.929928E-06,+8.864629E-06,-1.008457E+02,+1.356430E+00
+3.051758E+02,+2.124192E-05,+3.347675E-05,-8.803572E+01,+1.005375E+00
+3.054199E+02,+2.769828E-05,-7.968166E-06,-9.080563E+01,-2.801135E-01
+3.056641E+02,-7.852130E-06,-1.538035E-05,-9.525476E+01,-2.042832E+00
+3.059082E+02,-5.637042E-07,+5.144288E-05,-8.577297E+01,+1.581754E+00
+3.061523E+02,+8.434714E-05,+2.939316E-05,-8.098084E+01,+3.353187E-01
+3.063965E+02,+4.429540E-05,-5.320467E-05,-8.319409E+01,-8.765221E-01
+3.066406E+02,-3.969468E-05,+3.468925E-05,-8.556110E+01,+2.423385E+00
+3.068848E+02,+1.547040E-04,+2.515666E-04,-7.059389E+01,+1.019448E+00
+3.071289E+02,+6.347459E-04,-1.594912E-05,-6.394526E+01,-2.512150E-02
+3.073730E+02,+6.207039E-04,-8.747834E-04,-5.939106E+01,-9.536887E-01
+3.076172E+02,-4.941447E-04,-1.455341E-03,-5.626684E+01,-1.898121E+00
+3.078613E+02,-1.755478E-03,-6.369552E-04,-5.457496E+01,-2.793526E+00
+3.081055E+02,-2.109443E-03,+1.325360E-03,-5.207165E+01,+2.580625E+00
+3.083496E+02,-1.544582E-04,+2.470341E-03,-5.212792E+01,+1.633240E+00
+3.085938E+02,+9.434223E-03,+1.879164E-03,-4.033690E+01,+1.966126E-01
+3.088379E+02,-1.223352E-02,-5.536615E-03,-3.743973E+01,-2.716597E+00
+3.090820E+02,+5.493118E-03,+4.706193E-03,-4.281311E+01,+7.083960E-01
+3.093262E+02,+3.190478E-03,-1.946638E-03,-4.854849E+01,-5.478419E-01
+3.095703E+02,-4.643334E-03,-1.133280E-03,-4.641211E+01,-2.902207E+00
+3.098145E+02,+1.663867E-03,+1.302886E-03,-5.350085E+01,+6.643180E-01
+3.100586E+02,+2.441714E-04,-3.363127E-04,-6.762643E+01,-9.428167E-01
+3.103027E+02,-1.217759E-04,-2.513374E-04,-7.107906E+01,-2.021976E+00
+3.105469E+02,-1.747761E-04,+1.222799E-04,-7.341998E+01,+2.531110E+00
+3.107910E+02,+9.327420E-05,+1.150918E-04,-7.658641E+01,+8.897260E-01
+3.110352E+02,+7.639212E-05,-8.186364E-05,-7.901792E+01,-8.199583E-01
+3.112793E+02,-5.739574E-05,-5.897312E-05,-8.169277E+01,-2.342640E+00
+3.115234E+02,-4.408965E-05,+4.345398E-05,-8.416558E+01,+2.363456E+00
+3.117676E+02,+2.389841E-05,+2.306785E-05,-8.957322E+01,+7.677158E-01
+3.120117E+02,+2.718663E-05,-2.587072E-05,-8.851272E+01,-7.606016E-01
+3.122559E+02,-3.860905E-05,-1.707405E-06,-8.825774E+01,-3.097399E+00
+3.125000E+02,+4.830045E-06,+4.999273E-05,-8.598151E+01,+1.474480E+00
+3.127441E+02,+4.588208E-05,-4.114306E-05,-8.420455E+01,-7.309961E-01
+3.129883E+02,-1.916025E-05,+2.566134E-06,-9.427477E+01,+3.008455E+00
+3.132324E+02,-5.803642E-06,-1.188359E-05,-9.757206E+01,-2.025100E+00
+3.134766E+02,+1.105739E-05,+1.430014E-05,-9.485771E+01,+9.125892E-01
+3.137207E+02,-3.674181E-06,-4.363870E-06,-1.048754E+02,-2.270601E+00
+3.139648E+02,+3.190641E-06,-3.640495E-06,-1.063017E+02,-8.511567E-01
+3.142090E+02,-3.641466E-06,-9.160025E-06,-1.001248E+02,-1.949179E+00
+3.144531E+02,-1.936031E-06,+1.235045E-05,-9.806091E+01,+1.726289E+00
+3.146973E+02,+1.477853E-05,-5.378942E-06,-9.606709E+01,-3.490658E-01
+3.149414E+02,+1.002704E-06,-7.516099E-06,-1.024035E+02,-1.438172E+00
+3.151855E+02,-1.114470E-05,-1.618869E-05,-9.413100E+01,-2.173712E+00
+3.154297E+02,-9.321669E-06,+5.282508E-06,-9.940064E+01,+2.626025E+00
+3.156738E+02,+3.123597E-06,+3.681833E-06,-1.063241E+02,+8.672429E-01
+3.159180E+02,-6.141665E-06,+4.709333E-06,-1.022259E+02,+2.487436E+00
+3.161621E+02,+1.126882E-05,+4.545656E-06,-9.830769E+01,+3.834198E-01
+3.164062E+02,-2.028535E-05,-1.354439E-05,-9.225523E+01,-2.552880E+00
+3.166504E+02,+2.043904E-06,+3.040307E-05,-9.032207E+01,+1.503670E+00
+3.168945E+02,+3.534234E-05,-1.425265E-05,-8.837968E+01,-3.833258E-01
+3.171387E+02,-1.979950E-05,-1.647325E-05,-9.178232E+01,-2.447640E+00
+3.173828E+02,-3.797851E-06,+9.812506E-06,-9.955817E+01,+1.940082E+00
+3.176270E+02,+8.159343E-06,+6.142323E-06,-9.981703E+01,+6.452883E-01
+3.178711E+02,-4.859608E-06,-1.635988E-05,-9.535717E+01,-1.859539E+00
+3.181152E+02,+5.325730E-07,+1.203544E-05,-9.838226E+01,+1.526575E+00
+3.183594E+02,+9.065915E-07,-7.760420E-06,-1.021434E+02,-1.454501E+00
+3.186035E+02,+2.272447E-06,+2.488549E-06,-1.094474E+02,+8.307571E-01
+3.188477E+02,-1.018350E-05,-2.582816E-06,-9.957130E+01,-2.893203E+00
+3.190918E+02,+5.984637E-06,-3.765413E-07,-1.044421E+02,-6.283516E-02
+3.193359E+02,+2.734967E-06,+4.053718E-06,-1.062137E+02,+9.772658E-01
+3.195801E+02,+1.522117E-06,-1.744574E-06,-1.127080E+02,-8.533917E-01
+3.198242E+02,-8.929749E-06,-9.926512E-07,-1.009299E+02,-3.030885E+00
+3.200684E+02,+1.649975E-06,-2.727023E-07,-1.155334E+02,-1.637959E-01
+3.203125E+02,+1.709597E-07,+2.888863E-06,-1.107703E+02,+1.511686E+00
+3.205566E+02,+6.141186E-06,-6.842395E-06,-1.007298E+02,-8.393531E-01
+3.208008E+02,-2.682171E-06,+2.295983E-06,-1.090429E+02,+2.433616E+00
+3.210449E+02,-6.478772E-06,+3.361402E-06,-1.027349E+02,+2.662992E+00
+3.212891E+02,+8.694458E-06,-3.335286E-06,-1.006189E+02,-3.662982E-01
+3.215332E+02,-4.642513E-06,-8.224338E-07,-1.065307E+02,-2.966259E+00
+3.217773E+02,-9.077422E-07,+1.727837E-06,-1.141914E+02,+2.054528E+00
+3.220215E+02,+5.627364E-06,-5.298566E-06,-1.022372E+02,-7.553139E-01
+3.222656E+02,-7.102964E-06,+5.464306E-06,-1.009523E+02,+2.485854E+00
+3.225098E+02,+2.077058E-06,+2.113963E-08,-1.136506E+02,+1.017733E-02
+3.227539E+02,-3.231367E-06,-2.591500E-06,-1.076554E+02,-2.465644E+00
+3.229980E+02,+2.385085E-06,+3.683958E-06,-1.071534E+02,+9.962337E-01
+3.232422E+02,+6.498155E-06,-1.030535E-05,-9.828490E+01,-1.008208E+00
+3.234863E+02,-6.698398E-06,+8.709679E-06,-9.918196E+01,+2.226394E+00
+3.237305E+02,+2.000948E-09,+9.530093E-07,-1.204180E+02,+1.568697E+00
+3.239746E+02,-2.578199E-06,-5.967863E-06,-1.037404E+02,-1.978593E+00
+3.242188E+02,+5.947603E-06,+5.388180E-06,-1.019107E+02,+7.360880E-01
+3.244629E+02,-6.918038E-06,-8.349012E-06,-9.929721E+01,-2.262738E+00
+3.247070E+02,+6.426887E-06,+8.748227E-06,-9.928720E+01,+9.371916E-01
+3.249512E+02,-6.698600E-06,-1.168781E-06,-1.033501E+02,-2.968850E+00
+3.251953E+02,+5.583681E-06,-6.415887E-06,-1.014061E+02,-8.546403E-01
+3.254395E+02,-3.372069E-06,-2.102649E-07,-1.094252E+02,-3.079319E+00
+3.256836E+02,-2.215572E-06,+9.162402E-06,-1.005130E+02,+1.808053E+00
+3.259277E+02,+4.277413E-06,-3.790352E-06,-1.048594E+02,-7.251001E-01
+3.261719E+02,+8.545001E-07,-1.104607E-07,-1.212938E+02,-1.285564E-01
+3.264160E+02,-2.213581E-06,-6.818237E-06,-1.028914E+02,-1.884717E+00
+3.266602E+02,-8.114804E-07,+9.304851E-06,-1.005929E+02,+1.657787E+00
+3.269043E+02,-5.629171E-06,-7.010587E-06,-1.009240E+02,-2.247335E+00
+3.271484E+02,+1.225624E-05,+2.983091E-06,-9.798291E+01,+2.387514E-01
+3.273926E+02,-1.234010E-05,+1.079590E-06,-9.814052E+01,+3.054328E+00
+3.276367E+02,+2.586798E-06,-3.925197E-06,-1.065563E+02,-9.881037E-01
+3.278809E+02,+6.840424E-06,+9.485480E-06,-9.864022E+01,+9.460184E-01
+3.281250E+02,-8.487356E-06,-8.057267E-06,-9.863422E+01,-2.382185E+00
+3.283691E+02,+4.752243E-06,+9.345884E-07,-1.062972E+02,+1.941845E-01
+3.286133E+02,-4.593747E-06,-2.823954E-06,-1.053645E+02,-2.590406E+00
+3.288574E+02,+3.517903E-06,+3.609794E-06,-1.059506E+02,+7.982897E-01
+3.291016E+02,+4.859690E-07,+4.581845E-06,-1.067306E+02,+1.465127E+00
+3.293457E+02,+4.244293E-07,-6.365533E-06,-1.039040E+02,-1.504219E+00
+3.295898E+02,-4.641015E-07,-1.282928E-06,-1.173018E+02,-1.917902E+00
+3.298340E+02,-2.498391E-06,+1.448092E-06,-1.107889E+02,+2.616301E+00
+3.300781E+02,+1.875783E-06,+7.051650E-06,-1.027373E+02,+1.310811E+00
+3.303223E+02,-6.367051E-06,-8.348174E-06,-9.957695E+01,-2.222368E+00
+3.305664E+02,+5.894708E-06,+3.333707E-06,-1.033855E+02,+5.146976E-01
+3.308105E+02,-1.105972E-06,-3.414843E-06,-1.088994E+02,-1.884008E+00
+3.310547E+02,-5.080986E-07,+8.150791E-07,-1.203503E+02,+2.128225E+00
+3.312988E+02,-1.960564E-06,+3.022925E-06,-1.088666E+02,+2.146162E+00
+3.315430E+02,+4.927305E-06,+1.961849E-06,-1.055087E+02,+3.789181E-01
+3.317871E+02,-2.383760E-06,-5.654705E-06,-1.042414E+02,-1.969744E+00
+3.320312E+02,-9.641963E-06,+5.228894E-06,-9.919702E+01,+2.644676E+00
+3.322754E+02,+8.196685E-06,-1.499978E-06,-1.015842E+02,-1.809955E-01
+3.325195E+02,+7.821938E-06,+9.910557E-07,-1.020646E+02,+1.260305E-01
+3.327637E+02,-1.186401E-05,-3.313808E-06,-9.818912E+01,-2.869218E+00
+3.330078E+02,+2.741802E-06,+5.553098E-06,-1.041618E+02,+1.112167E+00
+3.332520E+02,-1.980435E-06,-4.366985E-06,-1.063841E+02,-1.996558E+00
+3.334961E+02,+8.717624E-06,-1.182177E-06,-1.011129E+02,-1.347855E-01
+3.337402E+02,-1.140632E-05,+1.407936E-06,-9.879142E+01,+3.018779E+00
+3.339844E+02,+4.180250E-06,+6.445262E-06,-1.022903E+02,+9.954219E-01
+3.342285E+02,+6.297089E-07,-7.484829E-06,-1.024857E+02,-1.486863E+00
+3.344727E+02,+6.258720E-06,+4.525566E-06,-1.022437E+02,+6.260496E-01
+3.347168E+02,-1.101467E-05,-1.127810E-06,-9.911528E+01,-3.039557E+00
+3.349609E+02,+5.760632E-06,+5.474450E-07,-1.047515E+02,+9.474757E-02
+3.352051E+02,-2.467244E-06,+9.360679E-07,-1.115717E+02,+2.778972E+00
+3.354492E+02,-2.441628E-07,-4.574417E-06,-1.067809E+02,-1.624121E+00
+3.356934E+02,+3.420991E-06,+6.908201E-06,-1.022602E+02,+1.110990E+00
+3.359375E+02,-4.064375E-06,-2.530159E-06,-1.063977E+02,-2.584778E+00
+3.361816E+02,+3.766605E-06,-2.119696E-06,-1.072861E+02,-5.125872E-01
+3.364258E+02,-1.662819E-06,+3.317067E-06,-1.086113E+02,+2.035477E+00
+3.366699E+02,-1.293570E-07,-4.061509E-06,-1.078218E+02,-1.602635E+00
+3.369141E+02,-4.352105E-06,+3.931050E-06,-1.046352E+02,+2.406983E+00
+3.371582E+02,+8.370510E-06,-2.179142E-06,-1.012602E+02,-2.546825E-01
+3.374023E+02,-4.915465E-06,+1.776577E-06,-1.056355E+02,+2.794775E+00
+3.376465E+02,+3.513055E-06,+5.744922E-06,-1.034346E+02,+1.021959E+00
+3.378906E+02,-6.660493E-06,-7.081799E-06,-1.002450E+02,-2.325547E+00
+3.381348E+02,+5.436780E-06,+2.460323E-06,-1.044841E+02,+4.249585E-01
+3.383789E+02,-3.096527E-06,-4.240845E-06,-1.055951E+02,-2.201483E+00
+3.386230E+02,+5.556791E-06,+2.033482E-06,-1.045577E+02,+3.508088E-01
+3.388672E+02,+5.334057E-07,+7.953769E-06,-1.019691E+02,+1.503833E+00
+3.391113E+02,-4.733679E-06,-6.304269E-06,-1.020655E+02,-2.214853E+00
+3.393555E+02,-1.643759E-06,+1.688426E-07,-1.156377E+02,+3.039234E+00
+3.395996E+02,+3.290443E-06,+4.277919E-06,-1.053569E+02,+9.151395E-01
+3.398438E+02,+3.573825E-06,-8.168846E-06,-1.009962E+02,-1.158391E+00
+3.400879E+02,-5.876329E-06,+1.055002E-05,-9.836140E+01,+2.078995E+00
+3.403320E+02,+3.082915E-06,-1.255195E-05,-9.777138E+01,-1.329952E+00
+3.405762E+02,+8.940507E-10,+9.759367E-06,-1.002116E+02,+1.570705E+00
+3.408203E+02,-1.740374E-06,-9.707480E-07,-1.140107E+02,-2.632795E+00
+3.410645E+02,+3.170545E-06,-3.443955E-06,-1.065929E+02,-8.267097E-01
+3.413086E+02,+1.069546E-06,+8.263628E-06,-1.015844E+02,+1.442084E+00
+3.415527E+02,-2.370661E-07,-9.847547E-06,-1.001309E+02,-1.594865E+00
+3.417969E+02,-2.791459E-06,+3.770102E-06,-1.065746E+02,+2.208138E+00
+3.420410E+02,-1.567262E-06,+4.577953E-06,-1.063052E+02,+1.900640E+00
+3.422852E+02,+1.133361E-06,-1.316124E-05,-9.758198E+01,-1.484895E+00
+3.425293E+02,+3.135117E-06,+1.210399E-05,-9.805943E+01,+1.317351E+00
+3.427734E+02,-4.997916E-07,+1.701617E-06,-1.150234E+02,+1.856478E+00
+3.430176E+02,+1.169768E-06,-1.096706E-05,-9.914906E+01,-1.464536E+00
+3.432617E+02,+5.072243E-06,+3.934493E-06,-1.038502E+02,+6.597416E-01
+3.435059E+02,-1.501781E-05,+3.728461E-06,-9.620811E+01,+2.898243E+00
+3.437500E+02,+1.232567E-05,-3.485770E-06,-9.784964E+01,-2.756085E-01
+3.439941E+02,+3.080433E-08,+1.551251E-06,-1.161846E+02,+1.550941E+00
+3.442383E+02,-6.553854E-06,-5.371246E-06,-1.014386E+02,-2.455041E+00
+3.444824E+02,+1.823640E-06,+7.427559E-06,-1.023289E+02,+1.330035E+00
+3.447266E+02,+3.799108E-06,-4.571239E-08,-1.084057E+02,-1.203182E-02
+3.449707E+02,-1.346468E-06,-5.919077E-06,-1.043358E+02,-1.794469E+00
+3.452148E+02,+3.833828E-06,+3.902514E-06,-1.052393E+02,+7.942762E-01
+3.454590E+02,-1.293939E-05,+3.849283E-06,-9.739345E+01,+2.852444E+00
+3.457031E+02,+8.955641E-06,-9.914796E-06,-9.748345E+01,-8.361830E-01
+3.459473E+02,+7.578573E-06,+3.922397E-06,-1.013775E+02,+4.776000E-01
+3.461914E+02,-1.058138E-05,+7.144188E-06,-9.787799E+01,+2.547729E+00
+3.464355E+02,-3.887818E-06,-8.694826E-06,-1.004232E+02,-1.991271E+00
+3.466797E+02,+1.811693E-05,-5.916488E-06,-9.439820E+01,-3.156533E-01
+3.469238E+02,-2.778100E-05,+4.578053E-06,-9.100868E+01,+2.978270E+00
+3.471680E+02,+2.378836E-05,+8.375449E-06,-9.196519E+01,+3.385282E-01
+3.474121E+02,-6.802495E-06,-4.999826E-06,-1.014708E+02,-2.507762E+00
+3.476562E+02,+4.748958E-06,+4.932668E-06,-1.032898E+02,+8.043711E-01
+3.479004E+02,-8.180835E-06,-6.004534E-06,-9.987244E+01,-2.508426E+00
+3.481445E+02,-2.149112E-06,+2.434303E-06,-1.097697E+02,+2.294052E+00
+3.483887E+02,+1.180182E-05,-3.285272E-07,-9.855766E+01,-2.782981E-02
+3.486328E+02,-1.122170E-05,-2.406958E-07,-9.899683E+01,-3.120147E+00
+3.488770E+02,+1.057407E-05,-3.362828E-06,-9.909674E+01,-3.079113E-01
+3.491211E+02,-6.514871E-06,+4.959134E-06,-1.017369E+02,+2.490961E+00
+3.493652E+02,+7.271285E-07,-7.127052E-06,-1.028968E+02,-1.469124E+00
+3.496094E+02,+1.967486E-07,+5.794201E-06,-1.047351E+02,+1.536853E+00
+3.498535E+02,+5.980262E-07,-3.682385E-06,-1.085644E+02,-1.409800E+00
+3.500977E+02,-2.348469E-06,+5.071367E-06,-1.050537E+02,+2.004478E+00
+3.503418E+02,+5.943151E-06,-3.681309E-06,-1.031093E+02,-5.545769E-01
+3.505859E+02,-4.019258E-06,-1.119807E-06,-1.075924E+02,-2.869873E+00
+3.508301E+02,-2.677351E-06,+1.756776E-06,-1.098909E+02,+2.560898E+00
+3.510742E+02,+5.813402E-06,-3.242447E-06,-1.035351E+02,-5.087768E-01
+3.513184E+02,-7.046400E-06,+8.471528E-06,-9.915715E+01,+2.264614E+00
+3.515625E+02,+7.298888E-06,-8.099002E-06,-9.924936E+01,-8.373141E-01
+3.518066E+02,-9.037905E-06,+1.814015E-06,-1.007071E+02,+2.943513E+00
+3.520508E+02,+1.011576E-05,-4.961857E-06,-9.896371E+01,-4.560249E-01
+3.522949E+02,-6.571953E-06,+7.429112E-06,-1.000708E+02,+2.295050E+00
+3.525391E+02,+1.765464E-06,+4.880936E-07,-1.147430E+02,+2.697302E-01
+3.527832E+02,+4.302727E-06,-3.380735E-06,-1.052371E+02,-6.659722E-01
+3.530273E+02,-5.727125E-06,+2.169059E-07,-1.048350E+02,+3.103737E+00
+3.532715E+02,+3.627806E-07,-4.907060E-07,-1.242899E+02,-9.341763E-01
+3.535156E+02,+4.133632E-07,-1.048157E-06,-1.189637E+02,-1.195151E+00
+3.537598E+02,-2.301415E-06,+8.218663E-07,-1.122388E+02,+2.798595E+00
+3.540039E+02,+4.897964E-06,+5.081606E-06,-1.030266E+02,+8.037979E-01
+3.542480E+02,+1.925093E-07,-6.115721E-06,-1.042667E+02,-1.539329E+00
+3.544922E+02,-9.381299E-07,-2.552610E-06,-1.113101E+02,-1.922991E+00
+3.547363E+02,-2.064495E-06,+5.626436E-06,-1.044468E+02,+1.922471E+00
+3.549805E+02,-2.756317E-06,+1.659299E-06,-1.098504E+02,+2.599705E+00
+3.552246E+02,+7.244652E-06,-1.071623E-05,-9.776445E+01,-9.763290E-01
+3.554688E+02,-3.681183E-06,+1.065884E-05,-9.895644E+01,+1.903335E+00
+3.557129E+02,-5.026008E-06,-3.168319E-06,-1.045224E+02,-2.579131E+00
+3.559570E+02,+1.189640E-06,+2.666409E-06,-1.106931E+02,+1.151142E+00
+3.562012E+02,+8.595237E-06,-9.101876E-06,-9.804870E+01,-8.140187E-01
+3.564453E+02,-3.995747E-06,+7.484788E-06,-1.014274E+02,+2.061155E+00
+3.566895E+02,+1.395176E-06,-1.126282E-06,-1.149281E+02,-6.791573E-01
+3.569336E+02,-9.964744E-06,+3.998043E-06,-9.938244E+01,+2.760036E+00
+3.571777E+02,+6.490808E-06,-3.935729E-06,-1.023942E+02,-5.450787E-01
+3.574219E+02,+3.407993E-06,-4.186670E-06,-1.053547E+02,-8.875706E-01
+3.576660E+02,-4.739672E-06,+5.518781E-06,-1.027637E+02,+2.280392E+00
+3.579102E+02,+2.572887E-06,-4.168343E-06,-1.061988E+02,-1.017793E+00
+3.581543E+02,+2.450061E-07,+1.716047E-06,-1.152218E+02,+1.428981E+00
+3.583984E+02,-3.060517E-06,+6.600444E-06,-1.027628E+02,+2.004971E+00
+3.586426E+02,+1.808385E-06,-1.281268E-05,-9.776154E+01,-1.430582E+00
+3.588867E+02,-1.804571E-06,+9.193382E-06,-1.005663E+02,+1.764622E+00
+3.591309E+02,+4.983409E-06,-4.127097E-06,-1.037812E+02,-6.916817E-01
+3.593750E+02,-8.794563E-06,+4.887485E-06,-9.994683E+01,+2.634354E+00
+3.596191E+02,+7.546065E-06,-4.713217E-06,-1.010151E+02,-5.583063E-01
+3.598633E+02,-6.578215E-07,-8.460820E-07,-1.193984E+02,-2.231661E+00
+3.601074E+02,-1.388738E-06,+4.845832E-06,-1.059498E+02,+1.849900E+00
+3.603516E+02,+9.733020E-07,-1.722587E-06,-1.140731E+02,-1.056492E+00
+3.605957E+02,-7.208367E-06,-9.350766E-07,-1.027708E+02,-3.012592E+00
+3.608398E+02,+1.356455E-05,-5.942933E-06,-9.658931E+01,-4.129327E-01
+3.610840E+02,-7.364509E-06,+1.532359E-05,-9.539030E+01,+2.018804E+00
+3.613281E+02,-6.057007E-06,-1.420001E-05,-9.622826E+01,-1.973979E+00
+3.615723E+02,+6.047429E-06,+2.124846E-06,-1.038630E+02,+3.378891E-01
+3.618164E+02,-9.086773E-08,+3.873440E-06,-1.082357E+02,+1.594251E+00
+3.620605E+02,-3.140052E-06,-4.456769E-07,-1.099746E+02,-3.000601E+00
+3.623047E+02,+3.773695E-06,-5.586608E-06,-1.034246E+02,-9.767104E-01
+3.625488E+02,-1.975061E-06,+8.111772E-06,-1.015676E+02,+1.809630E+00
+3.627930E+02,+1.668737E-06,+1.781599E-06,-1.122484E+02,+8.180970E-01
+3.630371E+02,+1.885227E-06,-6.595294E-06,-1.032742E+02,-1.292377E+00
+3.632812E+02,-1.023589E-05,+2.618188E-07,-9.979465E+01,+3.116020E+00
+3.635254E+02,+1.106252E-05,+1.401487E-06,-9.905376E+01,+1.260166E-01
+3.637695E+02,-4.167369E-06,+2.827629E-06,-1.059581E+02,+2.545431E+00
+3.640137E+02,-5.039790E-06,-4.621205E-06,-1.033017E+02,-2.399495E+00
+3.642578E+02,+3.859253E-06,+2.772117E-06,-1.064631E+02,+6.229053E-01
+3.645020E+02,+4.148712E-06,-6.138824E-07,-1.075477E+02,-1.469034E-01
+3.647461E+02,-2.669168E-06,+3.732601E-06,-1.067661E+02,+2.191582E+00
+3.649902E+02,-2.073386E-06,-5.250735E-06,-1.049663E+02,-1.946877E+00
+3.652344E+02,-3.967931E-06,+8.300424E-06,-1.007242E+02,+2.016722E+00
+3.654785E+02,+4.705630E-06,-8.963998E-06,-9.989292E+01,-1.087390E+00
+3.657227E+02,+6.833468E-06,-2.703163E-06,-1.026758E+02,-3.766877E-01
+3.659668E+02,-6.983930E-06,+5.400499E-06,-1.010824E+02,+2.483361E+00
+3.662109E+02,-1.350465E-06,+3.412032E-06,-1.087077E+02,+1.947672E+00
+3.664551E+02,+5.132140E-06,-4.677718E-06,-1.031677E+02,-7.391083E-01
+3.666992E+02,-4.431166E-06,+2.843737E-06,-1.055717E+02,+2.571033E+00
+3.669434E+02,+4.830385E-06,-5.571710E-07,-1.062630E+02,-1.148396E-01
+3.671875E+02,-8.339700E-06,+1.405676E-06,-1.014553E+02,+2.974610E+00
+3.674316E+02,+1.898163E-06,-7.929404E-06,-1.017732E+02,-1.335835E+00
+3.676758E+02,+4.473879E-06,+7.758473E-06,-1.009577E+02,+1.047727E+00
+3.679199E+02,+8.276388E-07,+9.090363E-07,-1.182064E+02,+8.322335E-01
+3.681641E+02,-7.444743E-06,-2.755275E-07,-1.025571E+02,-3.104600E+00
+3.684082E+02,+6.521059E-06,-5.651623E-08,-1.037133E+02,-8.666509E-03
+3.686523E+02,+4.949270E-07,-7.332020E-06,-1.026758E+02,-1.503396E+00
+3.688965E+02,-4.006908E-06,+1.011121E-05,-9.927045E+01,+1.948095E+00
+3.691406E+02,+6.909005E-06,-1.065266E-05,-9.792599E+01,-9.954264E-01
+3.693848E+02,-6.355638E-06,+9.097733E-06,-9.909520E+01,+2.180579E+00
+3.696289E+02,-1.859048E-07,-5.564051E-07,-1.246326E+02,-1.893253E+00
+3.698730E+02,-5.795426E-07,-3.941381E-06,-1.079941E+02,-1.716791E+00
+3.701172E+02,+4.955559E-07,+1.586657E-06,-1.155861E+02,+1.268069E+00
+3.703613E+02,+1.217057E-05,+5.467264E-06,-9.749547E+01,+4.222052E-01
+3.706055E+02,-1.483427E-05,-8.084856E-06,-9.544514E+01,-2.642587E+00
+3.708496E+02,+6.640728E-06,+1.981435E-06,-1.031853E+02,+2.899664E-01
+3.710938E+02,-1.602278E-06,+6.259139E-06,-1.037941E+02,+1.821405E+00
+3.713379E+02,-2.102802E-06,-7.695728E-06,-1.019623E+02,-1.837528E+00
+3.715820E+02,+5.413680E-06,+5.521502E-06,-1.022334E+02,+7.952579E-01
+3.718262E+02,-3.531779E-06,-7.585120E-06,-1.015486E+02,-2.006563E+00
+3.720703E+02,+2.223020E-06,+6.224629E-06,-1.035964E+02,+1.227781E+00
+3.723145E+02,-5.307416E-06,+1.002704E-06,-1.053500E+02,+2.954868E+00
+3.725586E+02,+2.585698E-06,-2.664799E-06,-1.086053E+02,-8.004625E-01
+3.728027E+02,+2.079174E-06,-2.392015E-06,-1.099806E+02,-8.552526E-01
+3.730469E+02,-3.984149E-06,+7.236194E-06,-1.016599E+02,+2.074090E+00
+3.732910E+02,+2.048113E-06,-6.859558E-06,-1.029032E+02,-1.280645E+00
+3.735352E+02,+6.843753E-06,-1.525787E-06,-1.030834E+02,-2.193585E-01
+3.737793E+02,-6.318277E-06,+1.225586E-05,-9.720956E+01,+2.046792E+00
+3.740234E+02,+2.975009E-06,-1.205598E-05,-9.811923E+01,-1.328864E+00
+3.742676E+02,-2.616233E-06,+4.530488E-06,-1.056273E+02,+2.094487E+00
+3.745117E+02,-3.053237E-06,-2.074194E-06,-1.086568E+02,-2.544866E+00
+3.747559E+02,+3.067024E-06,+3.000020E-06,-1.073502E+02,+7.743547E-01
+3.750000E+02,+4.860177E-06,-1.715968E-06,-1.057568E+02,-3.394045E-01
+3.752441E+02,-8.348644E-06,+1.157269E-06,-1.014850E+02,+3.003853E+00
+3.754883E+02,+5.452924E-06,+3.638231E-07,-1.052481E+02,+6.662200E-02
+3.757324E+02,-1.086717E-06,-5.603051E-06,-1.048711E+02,-1.762369E+00
+3.759766E+02,+5.252094E-07,+7.263836E-06,-1.027540E+02,+1.498617E+00
+3.762207E+02,-1.437916E-06,-4.633192E-06,-1.062830E+02,-1.871722E+00
+3.764648E+02,+3.267443E-06,+3.522094E-06,-1.063674E+02,+8.228869E-01
+3.767090E+02,-6.790294E-07,-5.259767E-06,-1.055089E+02,-1.699185E+00
+3.769531E+02,-1.211441E-06,+4.863974E-06,-1.059988E+02,+1.814894E+00
+3.771973E+02,-5.650129E-06,-3.305358E-06,-1.036806E+02,-2.612271E+00
+3.774414E+02,+9.092841E-06,+5.942836E-07,-1.008075E+02,+6.526449E-02
+3.776855E+02,-2.293369E-06,+2.652103E-06,-1.091034E+02,+2.283783E+00
+3.779297E+02,+1.885381E-06,-2.152897E-06,-1.108674E+02,-8.515465E-01
+3.781738E+02,-2.464770E-06,+3.565948E-06,-1.072605E+02,+2.175589E+00
+3.784180E+02,-1.731154E-07,-8.603541E-06,-1.013047E+02,-1.590915E+00
+3.786621E+02,-5.239616E-06,+4.444788E-06,-1.032597E+02,+2.438084E+00
+3.789062E+02,+9.568897E-06,+1.033601E-06,-1.003324E+02,+1.075995E-01
+3.791504E+02,-1.049960E-05,+3.865523E-06,-9.902451E+01,+2.788833E+00
+3.793945E+02,+1.150850E-05,-7.034251E-06,-9.740105E+01,-5.486303E-01
+3.796387E+02,-6.217496E-06,+1.632730E-06,-1.038381E+02,+2.884789E+00
+3.798828E+02,+1.706599E-06,+5.516797E-06,-1.047694E+02,+1.270787E+00
+3.801270E+02,-5.972852E-06,-5.016775E-06,-1.021579E+02,-2.442974E+00
+3.803711E+02,+1.123739E-05,-2.111713E-06,-9.883598E+01,-1.857521E-01
+3.806152E+02,-5.496969E-06,-7.661363E-07,-1.051140E+02,-3.003110E+00
+3.808594E+02,-4.700545E-06,+2.672634E-06,-1.053405E+02,+2.624597E+00
+3.811035E+02,+6.090294E-06,+5.137131E-06,-1.019735E+02,+7.007053E-01
+3.813477E+02,-1.626016E-06,-8.860642E-06,-1.009068E+02,-1.752287E+00
+3.815918E+02,-5.340052E-07,-7.772743E-07,-1.205094E+02,-2.172760E+00
+3.818359E+02,+4.938162E-07,+7.743425E-06,-1.022037E+02,+1.507110E+00
+3.820801E+02,+9.585405E-07,+1.682455E-06,-1.142603E+02,+1.052934E+00
+3.823242E+02,-1.510243E-06,-7.605971E-06,-1.022090E+02,-1.766807E+00
+3.825684E+02,-1.825945E-06,-9.615379E-07,-1.137073E+02,-2.656894E+00
+3.828125E+02,+3.450272E-06,+3.510063E-06,-1.061574E+02,+7.939882E-01
+3.830566E+02,+8.996325E-08,+5.537653E-06,-1.051323E+02,+1.554552E+00
+3.833008E+02,-5.837233E-06,-6.745178E-06,-1.009925E+02,-2.284160E+00
+3.835449E+02,+7.522524E-06,+3.681741E-06,-1.015401E+02,+4.551551E-01
+3.837891E+02,-1.578241E-06,-9.389079E-06,-1.004265E+02,-1.737333E+00
+3.840332E+02,-3.131907E-06,+6.997819E-06,-1.023078E+02,+1.991615E+00
+3.842773E+02,+4.008943E-06,+5.797888E-08,-1.079385E+02,+1.446138E-02
+3.845215E+02,-9.250799E-06,-1.593054E-06,-1.005495E+02,-2.971058E+00
+3.847656E+02,+1.160637E-05,+1.095689E-07,-9.870569E+01,+9.440130E-03
+3.850098E+02,-7.792862E-06,+4.790033E-06,-1.007741E+02,+2.590457E+00
+3.852539E+02,-4.376656E-07,-5.045282E-06,-1.059097E+02,-1.657327E+00
+3.854980E+02,+8.745966E-06,+2.803491E-06,-1.007391E+02,+3.101988E-01
+3.857422E+02,-1.893810E-06,-3.112310E-06,-1.087703E+02,-2.117435E+00
+3.859863E+02,-6.523785E-06,-1.398230E-06,-1.035150E+02,-2.930459E+00
+3.862305E+02,+2.036675E-07,+2.053166E-06,-1.137090E+02,+1.471923E+00
+3.864746E+02,+4.555501E-06,+6.251907E-08,-1.068285E+02,+1.372300E-02
+3.867188E+02,-2.119845E-06,+4.955818E-06,-1.053680E+02,+1.974993E+00
+3.869629E+02,-4.819917E-06,-7.559567E-06,-1.009486E+02,-2.138399E+00
+3.872070E+02,+1.043130E-05,+1.229855E-06,-9.957328E+01,+1.173587E-01
+3.874512E+02,-8.984931E-06,+7.728147E-06,-9.852469E+01,+2.431251E+00
+3.876953E+02,+4.063475E-06,-1.118890E-05,-9.848621E+01,-1.222437E+00
+3.879395E+02,+3.901277E-06,+3.135493E-06,-1.060117E+02,+6.769987E-01
+3.881836E+02,-1.155227E-05,+6.152049E-06,-9.766236E+01,+2.652253E+00
+3.884277E+02,+1.130870E-05,-2.669148E-06,-9.869630E+01,-2.317841E-01
+3.886719E+02,-2.535930E-06,-3.681911E-06,-1.069924E+02,-2.173935E+00
+3.889160E+02,-5.938931E-06,+1.546062E-06,-1.042411E+02,+2.886919E+00
+3.891602E+02,+7.213428E-06,+3.216504E-07,-1.028285E+02,+4.456098E-02
+3.894043E+02,-7.565637E-06,-5.896555E-06,-1.003617E+02,-2.479548E+00
+3.896484E+02,+8.106716E-06,+1.149936E-05,-9.703435E+01,+9.567419E-01
+3.898926E+02,-4.552112E-06,-6.251031E-06,-1.022332E+02,-2.200211E+00
+3.901367E+02,-3.795384E-06,+3.186152E-06,-1.060983E+02,+2.443237E+00
+3.903809E+02,+3.833333E-06,-6.975351E-06,-1.019825E+02,-1.068295E+00
+3.906250E+02,+4.926091E-06,+4.952878E-06,-1.031160E+02,+7.881098E-01
+3.908691E+02,-6.109034E-06,+1.263535E-06,-1.040986E+02,+2.937638E+00
+3.911133E+02,+3.731351E-07,-6.439231E-07,-1.225659E+02,-1.045608E+00
+3.913574E+02,+3.175766E-06,+2.596486E-07,-1.099341E+02,+8.157792E-02
+3.916016E+02,-4.723708E-06,-3.786316E-06,-1.043593E+02,-2.465904E+00
+3.918457E+02,+7.084649E-06,-3.272947E-06,-1.021535E+02,-4.327694E-01
+3.920898E+02,-1.001093E-05,+1.101825E-05,-9.654389E+01,+2.308330E+00
+3.923340E+02,+6.014895E-06,-4.011276E-06,-1.028175E+02,-5.881575E-01
+3.925781E+02,+1.261165E-06,-7.145156E-06,-1.027865E+02,-1.396090E+00
+3.928223E+02,-2.753749E-07,+2.366865E-06,-1.124581E+02,+1.686621E+00
+3.930664E+02,+1.071999E-07,+3.211341E-06,-1.098614E+02,+1.537427E+00
+3.933105E+02,-1.982566E-07,-5.033633E-06,-1.059556E+02,-1.610162E+00
+3.935547E+02,+1.034391E-06,+2.123178E-06,-1.125353E+02,+1.117449E+00
+3.937988E+02,-6.411030E-06,-5.490544E-06,-1.014723E+02,-2.433383E+00
+3.940430E+02,-1.228483E-05,-5.964108E-06,-9.729350E+01,-2.689624E+00
+3.942871E+02,+5.450635E-06,+9.213828E-06,-9.940800E+01,+1.036598E+00
+3.945312E+02,-7.946997E-06,+1.240017E-05,-9.663703E+01,+2.140732E+00
+3.947754E+02,+1.003326E-05,+5.889182E-06,-9.868546E+01,+5.307807E-01
+3.950195E+02,+3.557975E-06,-7.069925E-06,-1.020313E+02,-1.104548E+00
+3.952637E+02,+2.896512E-06,+1.199582E-05,-9.817329E+01,+1.333871E+00
+3.955078E+02,-4.397250E-06,-1.066950E-05,-9.875581E+01,-1.961718E+00
+3.957520E+02,+1.404232E-05,-4.363510E-06,-9.665089E+01,-3.012805E-01
+3.959961E+02,-4.573596E-06,+9.512449E-07,-1.066109E+02,+2.936530E+00
+3.962402E+02,-2.919618E-06,+1.012390E-06,-1.102004E+02,+2.807812E+00
+3.964844E+02,-3.534518E-06,+1.650381E-06,-1.081768E+02,+2.704747E+00
+3.967285E+02,+8.758095E-06,+4.594029E-07,-1.011399E+02,+5.240663E-02
+3.969727E+02,-8.863749E-06,-1.517082E-06,-1.009222E+02,-2.972080E+00
+3.972168E+02,+9.064315E-06,-1.057779E-05,-9.712083E+01,-8.622988E-01
+3.974609E+02,-6.374657E-06,+1.293535E-05,-9.682021E+01,+2.028675E+00
+3.977051E+02,+3.537850E-06,-6.863932E-06,-1.022454E+02,-1.094884E+00
+3.979492E+02,+4.111328E-07,+1.156753E-06,-1.182186E+02,+1.229301E+00
+3.981934E+02,-1.630190E-06,+1.534943E-07,-1.157169E+02,+3.047712E+00
+3.984375E+02,-2.183172E-06,+2.043870E-08,-1.132179E+02,+3.132231E+00
+3.986816E+02,+1.170846E-06,+4.237794E-07,-1.180954E+02,+3.472745E-01
+3.989258E+02,+4.732758E-06,-6.471639E-06,-1.019192E+02,-9.393660E-01
+3.991699E+02,-8.593369E-06,+1.228348E-05,-9.648339E+01,+2.181245E+00
+3.994141E+02,+5.173974E-06,-1.159594E-05,-9.792538E+01,-1.151116E+00
+3.996582E+02,-1.055148E-06,+5.932847E-06,-1.043995E+02,+1.746804E+00
+3.999023E+02,-2.753191E-06,-2.430886E-06,-1.087001E+02,-2.418287E+00
+4.001465E+02,+1.929498E-06,+6.021715E-06,-1.039811E+02,+1.260709E+00
+4.003906E+02,+4.398941E-08,-7.153165E-06,-1.029099E+02,-1.564647E+00
+4.006348E+02,+4.043119E-06,+2.190813E-06,-1.067476E+02,+4.965740E-01
+4.008789E+02,-9.085108E-06,-3.896807E-07,-1.008254E+02,-3.098727E+00
+4.011230E+02,+8.824720E-06,-2.343710E-07,-1.010829E+02,-2.655222E-02
+4.013672E+02,-7.550563E-06,+1.305335E-06,-1.023125E+02,+2.970406E+00
+4.016113E+02,+4.949778E-06,-1.269843E-06,-1.058315E+02,-2.511295E-01
+4.018555E+02,+1.222978E-06,+7.215760E-06,-1.027114E+02,+1.402905E+00
+4.020996E+02,-3.455272E-06,-8.948731E-06,-1.003612E+02,-1.939279E+00
+4.023438E+02,-1.000191E-06,+2.682440E-06,-1.108640E+02,+1.927695E+00
+4.025879E+02,+1.079100E-05,-3.292683E-07,-9.933472E+01,-3.050375E-02
+4.028320E+02,-1.989579E-05,-1.926664E-06,-9.398424E+01,-3.045056E+00
+4.030762E+02,+1.360779E-05,+5.365654E-06,-9.669662E+01,+3.755895E-01
+4.033203E+02,-7.341579E-07,-5.051483E-06,-1.058408E+02,-1.715121E+00
+4.035645E+02,+8.917378E-07,+1.837958E-06,-1.137952E+02,+1.119076E+00
+4.038086E+02,-6.918724E-06,+1.032022E-06,-1.031039E+02,+2.993521E+00
+4.040527E+02,+7.130330E-06,-3.472616E-06,-1.020134E+02,-4.532101E-01
+4.042969E+02,-3.662875E-07,+1.048654E-05,-9.958206E+01,+1.605711E+00
+4.045410E+02,-2.125765E-06,-1.712984E-05,-9.525856E+01,-1.694262E+00
+4.047852E+02,-2.722444E-08,+1.561157E-05,-9.613106E+01,+1.572540E+00
+4.050293E+02,-6.262801E-07,-1.013562E-05,-9.986645E+01,-1.632508E+00
+4.052734E+02,+6.786761E-07,+1.003421E-05,-9.995052E+01,+1.503263E+00
+4.055176E+02,+3.015974E-06,-9.156973E-06,-1.003177E+02,-1.252623E+00
+4.057617E+02,-6.980413E-06,-2.747623E-07,-1.031157E+02,-3.102251E+00
+4.060059E+02,+3.209778E-06,+4.284590E-06,-1.054272E+02,+9.278429E-01
+4.062500E+02,+8.643688E-06,+1.773119E-06,-1.010870E+02,+2.023277E-01
+4.064941E+02,-9.249430E-06,-5.190779E-06,-9.948862E+01,-2.630191E+00
+4.067383E+02,-3.896188E-06,+3.478599E-06,-1.056414E+02,+2.412758E+00
+4.069824E+02,+3.258213E-06,-3.647008E-06,-1.062130E+02,-8.416434E-01
+4.072266E+02,+3.612117E-06,+1.553695E-06,-1.081075E+02,+4.062112E-01
+4.074707E+02,+3.040220E-06,+4.844305E-06,-1.048532E+02,+1.010339E+00
+4.077148E+02,-5.084483E-06,-4.317627E-06,-1.035170E+02,-2.437577E+00
+4.079590E+02,+7.531821E-07,+9.999429E-07,-1.180488E+02,+9.252344E-01
+4.082031E+02,+1.145474E-06,-5.665627E-06,-1.047610E+02,-1.371306E+00
+4.084473E+02,+1.315964E-06,+9.043811E-06,-1.007820E+02,+1.426301E+00
+4.086914E+02,-4.907104E-06,-5.515656E-06,-1.026359E+02,-2.297874E+00
+4.089355E+02,+6.302959E-06,+1.270718E-06,-1.038361E+02,+1.989399E-01
+4.091797E+02,-8.703387E-06,+2.819426E-06,-1.007728E+02,+2.828315E+00
+4.094238E+02,+3.926069E-06,-2.889067E-06,-1.062414E+02,-6.343948E-01
+4.096680E+02,+4.851227E-06,-2.839344E-06,-1.050036E+02,-5.295284E-01
+4.099121E+02,-9.555376E-06,+5.525660E-06,-9.914217E+01,+2.617299E+00
+4.101562E+02,+8.736819E-06,-3.030767E-06,-1.006794E+02,-3.339069E-01
+4.104004E+02,-2.745759E-07,+1.118822E-06,-1.187708E+02,+1.811455E+00
+4.106445E+02,-7.331219E-06,-3.939380E-06,-1.015948E+02,-2.648519E+00
+4.108887E+02,+6.221780E-06,+3.498449E-06,-1.029286E+02,+5.122305E-01
+4.111328E+02,+1.191016E-06,+1.050247E-06,-1.159833E+02,+7.226730E-01
+4.113770E+02,-2.413677E-06,-3.260209E-07,-1.122679E+02,-3.007333E+00
+4.116211E+02,-4.336719E-07,+2.407187E-07,-1.260904E+02,+2.634864E+00
+4.118652E+02,-2.286818E-06,-5.127158E-06,-1.050145E+02,-1.990336E+00
+4.121094E+02,+2.473176E-06,+4.786682E-06,-1.053717E+02,+1.093895E+00
+4.123535E+02,-1.925343E-06,+3.750260E-06,-1.075028E+02,+2.045098E+00
+4.125977E+02,+2.717439E-06,-9.563070E-06,-1.000508E+02,-1.293935E+00
+4.128418E+02,-6.330009E-07,+1.469943E-06,-1.159152E+02,+1.977425E+00
+4.130859E+02,+5.558805E-06,+6.000965E-06,-1.017450E+02,+8.236294E-01
+4.133301E+02,-8.156337E-06,-6.198796E-06,-9.979013E+01,-2.491724E+00
+4.135742E+02,+1.320250E-07,+7.007238E-06,-1.030875E+02,+1.551957E+00
+4.138184E+02,+1.949156E-06,-5.754778E-06,-1.043278E+02,-1.244222E+00
+4.140625E+02,+5.560044E-08,+1.594367E-06,-1.159430E+02,+1.535937E+00
+4.143066E+02,+6.685362E-07,+8.093453E-08,-1.234343E+02,+1.204760E-01
+4.145508E+02,+2.106319E-07,+2.728530E-06,-1.112556E+02,+1.493753E+00
+4.147949E+02,-2.763963E-06,-6.892858E-06,-1.025845E+02,-1.952155E+00
+4.150391E+02,+1.217456E-06,+5.023758E-06,-1.057316E+02,+1.333040E+00
+4.152832E+02,+7.788562E-06,-7.242925E-07,-1.021335E+02,-9.272771E-02
+4.155273E+02,-1.142984E-05,-2.436085E-06,-9.864627E+01,-2.931601E+00
+4.157715E+02,+3.300413E-06,+7.946936E-06,-1.013049E+02,+1.177165E+00
+4.160156E+02,+7.589416E-07,-1.002405E-05,-9.995431E+01,-1.495228E+00
+4.162598E+02,-2.808127E-06,+6.093012E-06,-1.034669E+02,+2.002658E+00
+4.165039E+02,+5.339176E-06,-1.904592E-06,-1.049303E+02,-3.426490E-01
+4.167480E+02,+1.102713E-06,+2.636694E-06,-1.108788E+02,+1.174684E+00
+4.169922E+02,-4.744396E-06,-1.848096E-06,-1.058629E+02,-2.770143E+00
+4.172363E+02,+2.185926E-06,-3.377102E-06,-1.079094E+02,-9.963366E-01
+4.174805E+02,-2.235142E-06,+2.793942E-06,-1.089272E+02,+2.245535E+00
+4.177246E+02,+2.597396E-06,+1.823326E-06,-1.099693E+02,+6.120552E-01
+4.179688E+02,-1.209627E-06,-5.833989E-06,-1.044979E+02,-1.775241E+00
+4.182129E+02,-3.196336E-06,+5.475951E-06,-1.039575E+02,+2.099147E+00
+4.184570E+02,+1.122672E-06,-3.301938E-07,-1.186346E+02,-2.860482E-01
+4.187012E+02,+4.676452E-06,-7.045759E-06,-1.014562E+02,-9.848325E-01
+4.189453E+02,-3.907815E-06,+9.411684E-06,-9.983590E+01,+1.964345E+00
+4.191895E+02,+4.153989E-06,-5.962374E-06,-1.027732E+02,-9.622883E-01
+4.194336E+02,-2.144658E-06,+1.160340E-06,-1.122578E+02,+2.645657E+00
+4.196777E+02,-5.199523E-06,+4.081930E-06,-1.035955E+02,+2.476029E+00
+4.199219E+02,+2.492022E-06,+1.377925E-06,-1.109104E+02,+5.050934E-01
+4.201660E+02,+2.668010E-06,-1.006124E-05,-9.965183E+01,-1.311585E+00
+4.204102E+02,-2.442231E-08,+5.937605E-06,-1.045277E+02,+1.574909E+00
+4.206543E+02,-2.326061E-06,+1.770620E-06,-1.106825E+02,+2.490956E+00
+4.208984E+02,+3.906335E-06,+1.218251E-06,-1.077615E+02,+3.023067E-01
+4.211426E+02,-1.993292E-06,-3.908741E-06,-1.071554E+02,-2.042378E+00
+4.213867E+02,-3.192024E-06,-2.329744E-06,-1.080641E+02,-2.511104E+00
+4.216309E+02,+2.700016E-06,+1.118664E-07,-1.113652E+02,+4.140807E-02
+4.218750E+02,-3.048427E-06,+2.627676E-06,-1.079055E+02,+2.430186E+00
+4.221191E+02,+1.617755E-06,+1.134634E-06,-1.140843E+02,+6.116405E-01
+4.223633E+02,-2.717737E-06,+2.626974E-06,-1.084506E+02,+2.373175E+00
+4.226074E+02,+5.429445E-06,-3.076522E-07,-1.052910E+02,-5.660314E-02
+4.228516E+02,+1.956100E-06,-6.165803E-06,-1.037837E+02,-1.263590E+00
+4.230957E+02,+2.997516E-06,+5.101317E-06,-1.045583E+02,+1.039547E+00
+4.233398E+02,-1.097804E-05,-4.762844E-06,-9.844051E+01,-2.732248E+00
+4.235840E+02,+1.485737E-06,+1.749169E-06,-1.127844E+02,+8.666529E-01
+4.238281E+02,-2.887697E-06,+7.125376E-06,-1.022834E+02,+1.955837E+00
+4.240723E+02,+1.123086E-05,-1.754488E-05,-9.362556E+01,-1.001397E+00
+4.243164E+02,-8.462593E-06,+1.846617E-05,-9.384454E+01,+2.000511E+00
+4.245605E+02,+7.595203E-06,-6.825323E-06,-9.981831E+01,-7.320610E-01
+4.248047E+02,-8.617410E-06,+2.219939E-06,-1.010134E+02,+2.889464E+00
+4.250488E+02,+1.835090E-06,-4.071620E-06,-1.070015E+02,-1.147358E+00
+4.252930E+02,+7.458443E-08,+1.614324E-06,-1.158309E+02,+1.524628E+00
+4.255371E+02,+1.952336E-06,+1.693106E-06,-1.117534E+02,+7.144068E-01
+4.257812E+02,-9.959862E-07,-3.534653E-06,-1.087012E+02,-1.845453E+00
+4.260254E+02,-1.638369E-06,+3.616011E-06,-1.080245E+02,+1.996215E+00
+4.262695E+02,+6.898523E-06,-1.602536E-06,-1.029966E+02,-2.282530E-01
+4.265137E+02,-6.507573E-06,-2.615950E-06,-1.030811E+02,-2.759376E+00
+4.267578E+02,+2.457019E-06,+5.988612E-06,-1.037778E+02,+1.181458E+00
+4.270020E+02,+2.275122E-06,-2.472448E-06,-1.094734E+02,-8.269378E-01
+4.272461E+02,-6.836856E-06,+1.610360E-06,-1.030684E+02,+2.910268E+00
+4.274902E+02,+2.276435E-06,-1.894970E-07,-1.128249E+02,-8.305141E-02
+4.277344E+02,-2.594858E-07,-5.410646E-06,-1.053250E+02,-1.618718E+00
+4.279785E+02,+5.562814E-06,+7.184723E-06,-1.008320E+02,+9.119513E-01
+4.282227E+02,-1.349988E-07,-7.857097E-06,-1.020935E+02,-1.587976E+00
+4.284668E+02,-5.794656E-06,+5.289699E-06,-1.021071E+02,+2.401719E+00
+4.287109E+02,+2.192959E-06,-4.333631E-07,-1.130130E+02,-1.951019E-01
+4.289551E+02,-2.967943E-06,+5.093453E-06,-1.045902E+02,+2.098396E+00
+4.291992E+02,+6.279267E-06,-5.850725E-06,-1.013277E+02,-7.500837E-01
+4.294434E+02,-3.577727E-06,-1.647461E-06,-1.080927E+02,-2.710060E+00
+4.296875E+02,-6.758074E-07,+2.126851E-06,-1.130275E+02,+1.878457E+00
+4.299316E+02,+1.595067E-06,-2.142807E-06,-1.114655E+02,-9.309004E-01
+4.301758E+02,+3.876493E-06,+4.548120E-06,-1.044718E+02,+8.649518E-01
+4.304199E+02,-6.302353E-06,+1.321519E-06,-1.038231E+02,+2.934901E+00
+4.306641E+02,+6.301698E-06,-6.678335E-06,-1.007411E+02,-8.144067E-01
+4.309082E+02,-7.218082E-06,+6.446757E-06,-1.002844E+02,+2.412581E+00
+4.311523E+02,+3.084156E-06,-2.368877E-06,-1.082034E+02,-6.549719E-01
+4.313965E+02,-1.993138E-06,-6.215145E-06,-1.037058E+02,-1.881126E+00
+4.316406E+02,+3.852132E-06,+6.217605E-06,-1.027167E+02,+1.016124E+00
+4.318848E+02,-5.547811E-07,+2.955189E-06,-1.104379E+02,+1.756368E+00
+4.321289E+02,-4.138136E-06,-1.874662E-06,-1.068532E+02,-2.716229E+00
+4.323730E+02,+4.775590E-06,-7.911375E-06,-1.006856E+02,-1.027708E+00
+4.326172E+02,+8.380210E-08,+8.150078E-06,-1.017763E+02,+1.560514E+00
+4.328613E+02,-5.995570E-06,-1.570246E-06,-1.041553E+02,-2.885445E+00
+4.331055E+02,+8.543154E-06,+1.660690E-06,-1.012066E+02,+1.919941E-01
+4.333496E+02,-2.819301E-06,-6.154594E-06,-1.033887E+02,-2.000350E+00
+4.335938E+02,-2.593629E-06,+3.131476E-06,-1.078165E+02,+2.262524E+00
+4.338379E+02,+3.245443E-06,+1.843817E-06,-1.085597E+02,+5.166520E-01
+4.340820E+02,-4.676029E-06,-1.960797E-06,-1.058990E+02,-2.744535E+00
+4.343262E+02,+3.090949E-06,+3.453589E-06,-1.066794E+02,+8.407527E-01
+4.345703E+02,+4.083082E-06,-9.545391E-07,-1.075491E+02,-2.296546E-01
+4.348145E+02,-5.530118E-06,-5.959653E-06,-1.017980E+02,-2.318828E+00
+4.350586E+02,-4.912899E-06,+1.147898E-05,-9.807144E+01,+1.975198E+00
+4.353027E+02,+1.271578E-05,-9.208850E-06,-9.608193E+01,-6.267880E-01
+4.355469E+02,-8.374415E-06,-1.063900E-06,-1.014714E+02,-3.015228E+00
+4.357910E+02,+1.439382E-06,-4.239837E-07,-1.164751E+02,-2.864580E-01
+4.360352E+02,-7.810523E-07,+6.260008E-06,-1.040014E+02,+1.694923E+00
+4.362793E+02,+3.257773E-06,-4.606075E-07,-1.096556E+02,-1.404563E-01
+4.365234E+02,-1.335311E-06,-5.401818E-06,-1.050916E+02,-1.813135E+00
+4.367676E+02,+4.581591E-06,+1.325817E-05,-9.706041E+01,+1.238076E+00
+4.370117E+02,-8.776074E-06,-2.100178E-05,-9.285591E+01,-1.966615E+00
+4.372559E+02,+3.641590E-06,+1.393287E-05,-9.683221E+01,+1.315148E+00
+4.375000E+02,-3.121819E-08,-4.609512E-06,-1.067267E+02,-1.577569E+00
+4.377441E+02,-4.342461E-06,+5.511632E-06,-1.030773E+02,+2.238098E+00
+4.379883E+02,+9.694332E-06,-1.052425E-05,-9.688798E+01,-8.264224E-01
+4.382324E+02,-4.334088E-06,+1.076412E-05,-9.870792E+01,+1.953578E+00
+4.384766E+02,-1.517624E-06,-6.418841E-06,-1.036146E+02,-1.802966E+00
+4.387207E+02,-3.196311E-06,+2.971735E-06,-1.072016E+02,+2.392588E+00
+4.389648E+02,+7.935533E-06,-2.342833E-07,-1.020047E+02,-2.951475E-02
+4.392090E+02,-4.385569E-06,-1.671796E-06,-1.065702E+02,-2.777394E+00
+4.394531E+02,-2.976719E-06,-6.934074E-07,-1.102958E+02,-2.912730E+00
+4.396973E+02,+2.517534E-06,+4.320497E-06,-1.060198E+02,+1.043198E+00
+4.399414E+02,+6.590862E-07,+3.061065E-07,-1.227729E+02,+4.347978E-01
+4.401855E+02,+4.364119E-06,-2.120178E-06,-1.062818E+02,-4.522397E-01
+4.404297E+02,-3.941797E-06,-4.091244E-06,-1.049112E+02,-2.337593E+00
+4.406738E+02,+5.177182E-06,+2.439668E-06,-1.048472E+02,+4.403718E-01
+4.409180E+02,-8.491221E-06,-4.898979E-06,-1.001727E+02,-2.618297E+00
+4.411621E+02,+9.187179E-07,+6.773186E-06,-1.033050E+02,+1.435979E+00
+4.414062E+02,+3.456317E-06,-3.178949E-06,-1.065656E+02,-7.436204E-01
+4.416504E+02,-7.520800E-07,+3.110264E-06,-1.098973E+02,+1.808048E+00
+4.418945E+02,-3.105401E-06,+6.415130E-07,-1.099762E+02,+2.937878E+00
+4.421387E+02,+6.678154E-06,-3.328142E-06,-1.025435E+02,-4.623369E-01
+4.423828E+02,-9.811635E-06,+3.564863E-06,-9.962668E+01,+2.793092E+00
+4.426270E+02,+7.886458E-06,-5.342465E-06,-1.004221E+02,-5.954121E-01
+4.428711E+02,-2.412062E-06,+3.846545E-06,-1.068584E+02,+2.130885E+00
+4.431152E+02,+4.698132E-06,-4.618833E-06,-1.036245E+02,-7.768872E-01
+4.433594E+02,-8.971123E-06,+7.564023E-06,-9.861080E+01,+2.441087E+00
+4.436035E+02,+5.000603E-06,-6.720166E-06,-1.015387E+02,-9.310697E-01
+4.438477E+02,-2.214640E-06,+2.643344E-06,-1.092475E+02,+2.268175E+00
+4.440918E+02,+3.279151E-06,+2.743379E-06,-1.073805E+02,+6.966704E-01
+4.443359E+02,+7.532084E-07,-7.866533E-06,-1.020447E+02,-1.475339E+00
+4.445801E+02,-4.948269E-06,+8.351634E-06,-1.002579E+02,+2.105676E+00
+4.448242E+02,+4.876018E-06,-4.453069E-06,-1.036046E+02,-7.400926E-01
+4.450684E+02,-5.893321E-06,+7.455865E-06,-1.004421E+02,+2.239673E+00
+4.453125E+02,+9.325908E-06,-1.114257E-05,-9.675452E+01,-8.739201E-01
+4.455566E+02,-1.116238E-05,+2.942019E-06,-9.875319E+01,+2.883888E+00
+4.458008E+02,+5.909987E-06,+4.674682E-06,-1.024580E+02,+6.692168E-01
+4.460449E+02,+5.736316E-07,-4.165251E-06,-1.075256E+02,-1.433939E+00
+4.462891E+02,-4.892264E-07,+2.365561E-07,-1.252973E+02,+2.691207E+00
+4.465332E+02,-3.829765E-06,+2.248850E-06,-1.070500E+02,+2.610636E+00
+4.467773E+02,+7.876458E-06,-1.706617E-07,-1.020713E+02,-2.166393E-02
+4.470215E+02,-1.065768E-05,-4.742996E-06,-9.866199E+01,-2.722879E+00
+4.472656E+02,+5.611051E-06,+3.863986E-06,-1.033335E+02,+6.030600E-01
+4.475098E+02,+5.841378E-06,+8.649373E-06,-9.962839E+01,+9.768043E-01
+4.477539E+02,-7.723556E-06,-1.596588E-05,-9.502293E+01,-2.021363E+00
+4.479980E+02,+1.961584E-06,+7.261609E-06,-1.024735E+02,+1.306963E+00
+4.482422E+02,-1.160476E-06,+4.019269E-06,-1.075693E+02,+1.851880E+00
+4.484863E+02,+3.310595E-06,-6.179846E-06,-1.030847E+02,-1.078992E+00
+4.487305E+02,-3.514263E-06,-5.099195E-06,-1.041621E+02,-2.174223E+00
+4.489746E+02,+5.209681E-07,+1.173761E-05,-9.859986E+01,+1.526441E+00
+4.492188E+02,-6.002397E-07,-2.726190E-06,-1.110833E+02,-1.787514E+00
+4.494629E+02,+5.201911E-06,-3.784162E-06,-1.038321E+02,-6.289162E-01
+4.497070E+02,-7.667801E-06,+4.457770E-06,-1.010421E+02,+2.614990E+00
+4.499512E+02,+1.691534E-06,-9.485370E-07,-1.142470E+02,-5.110633E-01
+4.501953E+02,-1.155578E-06,-2.375096E-06,-1.115637E+02,-2.023618E+00
+4.504395E+02,+1.093610E-05,+1.476810E-06,-9.914427E+01,+1.342280E-01
+4.506836E+02,-1.008079E-05,-4.324970E-06,-9.919635E+01,-2.736313E+00
+4.509277E+02,+4.582973E-06,+8.811558E-06,-1.000592E+02,+1.091191E+00
+4.511719E+02,-3.948192E-06,-8.082185E-06,-1.009200E+02,-2.025206E+00
+4.514160E+02,-7.630493E-06,+1.097792E-05,-9.747780E+01,+2.178210E+00
+4.516602E+02,+2.793662E-05,-1.139719E-06,-9.106930E+01,-4.077397E-02
+4.519043E+02,-1.849257E-05,-2.016845E-05,-9.125668E+01,-2.312874E+00
+4.521484E+02,+9.135978E-07,+7.418904E-06,-1.025278E+02,+1.448269E+00
+4.523926E+02,-3.483024E-06,+9.775257E-06,-9.967836E+01,+1.913082E+00
+4.526367E+02,-2.578979E-06,-6.025603E-06,-1.036694E+02,-1.975208E+00
+4.528809E+02,+8.584737E-06,-2.182294E-06,-1.010535E+02,-2.489336E-01
+4.531250E+02,-9.334662E-06,+3.679750E-06,-9.997072E+01,+2.766094E+00
+4.533691E+02,+5.981055E-06,+5.036789E-06,-1.021366E+02,+6.999038E-01
+4.536133E+02,+1.616762E-06,-1.001774E-06,-1.144160E+02,-5.547196E-01
+4.538574E+02,-7.543958E-07,-9.497113E-06,-1.004208E+02,-1.650064E+00
+4.541016E+02,-1.001240E-06,+7.641337E-06,-1.022627E+02,+1.701084E+00
+4.543457E+02,-6.389421E-06,-4.252670E-06,-1.022981E+02,-2.554343E+00
+4.545898E+02,+4.367889E-06,+4.320605E-06,-1.042313E+02,+7.799560E-01
+4.548340E+02,+3.951531E-06,-1.607180E-06,-1.073999E+02,-3.862889E-01
+4.550781E+02,+9.460580E-07,-2.311803E-06,-1.120485E+02,-1.182359E+00
+4.553223E+02,-1.196203E-06,+7.408151E-06,-1.024940E+02,+1.730886E+00
+4.555664E+02,-3.343275E-07,-2.363082E-06,-1.124444E+02,-1.711343E+00
+4.558105E+02,+1.593399E-07,-1.214080E-05,-9.831430E+01,-1.557673E+00
+4.560547E+02,-1.703281E-06,+1.217529E-05,-9.820624E+01,+1.709791E+00
+4.562988E+02,-2.432673E-06,-1.049274E-05,-9.935484E+01,-1.798615E+00
+4.565430E+02,-4.244102E-06,+8.694965E-06,-1.002866E+02,+2.024887E+00
+4.567871E+02,+3.712329E-06,-6.457408E-06,-1.025587E+02,-1.049041E+00
+4.570312E+02,+1.265598E-06,+1.112787E-05,-9.901595E+01,+1.457551E+00
+4.572754E+02,-4.371147E-06,-2.252841E-07,-1.071766E+02,-3.090099E+00
+4.575195E+02,+1.046544E-05,-1.081422E-05,-9.644984E+01,-8.017871E-01
+4.577637E+02,-8.710132E-06,+1.352475E-05,-9.587061E+01,+2.142952E+00
+4.580078E+02,+2.134741E-06,-5.231620E-06,-1.049584E+02,-1.183373E+00
+4.582520E+02,-2.493103E-06,-2.611142E-06,-1.088493E+02,-2.333073E+00
+4.584961E+02,+3.537816E-06,+3.969433E-06,-1.054864E+02,+8.428283E-01
+4.587402E+02,+3.448454E-06,-5.168506E-06,-1.041335E+02,-9.824210E-01
+4.589844E+02,-4.448880E-06,+5.744365E-06,-1.027745E+02,+2.229780E+00
+4.592285E+02,+2.838547E-06,-1.052750E-05,-9.924870E+01,-1.307428E+00
+4.594727E+02,-3.372089E-06,+7.230058E-06,-1.019624E+02,+2.007203E+00
+4.597168E+02,+4.277616E-06,+3.759995E-06,-1.048898E+02,+7.210871E-01
+4.599609E+02,-3.392599E-06,-3.677774E-06,-1.060144E+02,-2.315883E+00
+4.602051E+02,+2.344246E-06,-8.426087E-06,-1.011637E+02,-1.299446E+00
+4.604492E+02,-1.049837E-06,+2.259996E-05,-9.290849E+01,+1.617216E+00
+4.606934E+02,+2.462161E-06,-1.690437E-05,-9.534885E+01,-1.426161E+00
+4.609375E+02,-3.102556E-06,-7.392474E-06,-1.019196E+02,-1.968162E+00
+4.611816E+02,-3.805794E-07,+1.893326E-05,-9.445374E+01,+1.590895E+00
+4.614258E+02,+3.103971E-06,-9.654662E-06,-9.987808E+01,-1.259734E+00
+4.616699E+02,-5.059089E-07,+5.214321E-06,-1.056153E+02,+1.667516E+00
+4.619141E+02,-1.250793E-06,-6.366668E-06,-1.037573E+02,-1.764785E+00
+4.621582E+02,+3.565260E-06,-1.142018E-06,-1.085340E+02,-3.099918E-01
+4.624023E+02,-8.719979E-07,+4.463587E-06,-1.068437E+02,+1.763725E+00
+4.626465E+02,-8.749100E-06,-7.238998E-07,-1.011311E+02,-3.059041E+00
+4.628906E+02,+9.772877E-06,-2.004869E-06,-1.000205E+02,-2.023389E-01
+4.631348E+02,+1.403905E-06,-4.634329E-06,-1.062990E+02,-1.276648E+00
+4.633789E+02,-4.026801E-06,+7.718353E-06,-1.012040E+02,+2.051667E+00
+4.636230E+02,-5.068219E-06,-1.947215E-08,-1.059028E+02,-3.137751E+00
+4.638672E+02,+5.323598E-06,-2.276180E-06,-1.047467E+02,-4.040406E-01
+4.641113E+02,+3.022302E-06,-2.483684E-06,-1.081522E+02,-6.878843E-01
+4.643555E+02,-6.085553E-06,+8.429932E-08,-1.043132E+02,+3.127741E+00
+4.645996E+02,-2.343660E-06,+4.569318E-06,-1.057887E+02,+2.044720E+00
+4.648438E+02,+6.001365E-06,-1.782076E-06,-1.040680E+02,-2.886518E-01
+4.650879E+02,-9.335756E-08,+6.861233E-07,-1.231923E+02,+1.706031E+00
+4.653320E+02,-3.377770E-07,-5.318813E-06,-1.054662E+02,-1.634217E+00
+4.655762E+02,-1.614239E-06,+6.778696E-06,-1.031375E+02,+1.804576E+00
+4.658203E+02,+4.374318E-06,-8.503151E-07,-1.070207E+02,-1.919937E-01
+4.660645E+02,-5.539330E-06,-6.020516E-06,-1.017437E+02,-2.314593E+00
+4.663086E+02,+1.516346E-06,+7.775500E-06,-1.020233E+02,+1.378198E+00
+4.665527E+02,+4.109201E-07,-4.908535E-06,-1.061506E+02,-1.487276E+00
+4.667969E+02,+5.178161E-07,+4.894006E-08,-1.256779E+02,+9.423251E-02
+4.670410E+02,-6.276606E-06,-9.091424E-08,-1.040446E+02,-3.127109E+00
+4.672852E+02,+5.254619E-06,+3.619237E-06,-1.039030E+02,+6.031508E-01
+4.675293E+02,+3.306534E-06,-3.528800E-06,-1.063105E+02,-8.179039E-01
+4.677734E+02,-1.915671E-07,+2.585683E-06,-1.117247E+02,+1.644749E+00
+4.680176E+02,-9.807176E-06,-5.919917E-07,-1.001533E+02,-3.081303E+00
+4.682617E+02,+9.066610E-06,+4.469165E-06,-9.990647E+01,+4.579721E-01
+4.685059E+02,+5.454786E-06,-8.724233E-06,-9.975240E+01,-1.012021E+00
+4.687500E+02,-1.083319E-05,+6.055745E-06,-9.812394E+01,+2.631866E+00
+4.689941E+02,+3.403531E-06,-3.165118E-06,-1.066551E+02,-7.491184E-01
+4.692383E+02,+5.432317E-06,+6.950416E-07,-1.052298E+02,+1.272543E-01
+4.694824E+02,-7.069582E-06,-9.481252E-08,-1.030113E+02,-3.128182E+00
+4.697266E+02,+3.190887E-06,-2.773403E-07,-1.098891E+02,-8.669850E-02
+4.699707E+02,-2.914050E-06,-7.613062E-07,-1.104233E+02,-2.886051E+00
+4.702148E+02,+1.227665E-06,-4.312741E-07,-1.177130E+02,-3.378290E-01
+4.704590E+02,+5.670053E-06,+5.762606E-06,-1.018471E+02,+7.934934E-01
+4.707031E+02,-8.349166E-06,-6.553459E-06,-9.948244E+01,-2.476112E+00
+4.709473E+02,+3.706118E-06,-2.424942E-06,-1.070740E+02,-5.793976E-01
+4.711914E+02,-3.608503E-06,+5.666316E-06,-1.034555E+02,+2.137860E+00
+4.714355E+02,+9.554847E-06,-5.675087E-07,-1.003802E+02,-5.932516E-02
+4.716797E+02,-8.087062E-06,-3.729400E-07,-1.018350E+02,-3.095510E+00
+4.719238E+02,-1.136344E-06,-5.251762E-08,-1.188805E+02,-3.095409E+00
+4.721680E+02,+5.381297E-06,-1.241274E-07,-1.053800E+02,-2.306236E-02
+4.724121E+02,-6.554478E-06,+6.004304E-07,-1.036329E+02,+3.050241E+00
+4.726562E+02,+8.166572E-06,-1.398057E-06,-1.016338E+02,-1.695491E-01
+4.729004E+02,-6.355822E-06,+1.128260E-06,-1.038018E+02,+2.965907E+00
+4.731445E+02,+4.828469E-06,-5.529630E-06,-1.026848E+02,-8.529871E-01
+4.733887E+02,-5.910558E-06,+5.364326E-06,-1.019579E+02,+2.404603E+00
+4.736328E+02,-8.076276E-07,-4.801328E-07,-1.205414E+02,-2.605229E+00
+4.738770E+02,+6.629130E-06,-6.419943E-06,-1.006976E+02,-7.693688E-01
+4.741211E+02,+2.938800E-07,+1.463612E-05,-9.668973E+01,+1.550720E+00
+4.743652E+02,-8.466833E-07,-9.503449E-06,-1.004080E+02,-1.659654E+00
+4.746094E+02,-3.737698E-06,-1.326777E-06,-1.080325E+02,-2.800496E+00
+4.748535E+02,+1.559828E-06,+5.100987E-07,-1.156972E+02,+3.160601E-01
+4.750977E+02,+1.519052E-06,+4.467505E-06,-1.065236E+02,+1.243038E+00
+4.753418E+02,-4.678323E-06,-6.261182E-06,-1.021404E+02,-2.212500E+00
+4.755859E+02,+5.918890E-07,+8.930438E-06,-1.009635E+02,+1.504615E+00
+4.758301E+02,+4.615922E-06,-4.685060E-06,-1.036395E+02,-7.928314E-01
+4.760742E+02,-1.718831E-06,-3.232267E-06,-1.087283E+02,-2.059537E+00
+4.763184E+02,+6.332991E-07,+2.158961E-06,-1.129566E+02,+1.285465E+00
+4.765625E+02,+4.319035E-07,-3.383667E-06,-1.093421E+02,-1.443839E+00
+4.768066E+02,-5.750861E-06,+4.358110E-06,-1.028345E+02,+2.493106E+00
+4.770508E+02,+3.563322E-06,-1.619429E-06,-1.081475E+02,-4.265663E-01
+4.772949E+02,+3.449649E-06,+5.608443E-06,-1.036296E+02,+1.019361E+00
+4.775391E+02,-1.274819E-06,-8.483691E-07,-1.162988E+02,-2.554411E+00
+4.777832E+02,-2.108598E-06,-1.168316E-05,-9.850959E+01,-1.749356E+00
+4.780273E+02,-4.273022E-07,+1.280288E-05,-9.784901E+01,+1.604159E+00
+4.782715E+02,-6.223413E-06,-1.301296E-05,-9.681794E+01,-2.016891E+00
+4.785156E+02,+1.127784E-05,+1.019236E-05,-9.636249E+01,+7.348835E-01
+4.787598E+02,-2.523037E-06,+1.148544E-06,-1.111436E+02,+2.714404E+00
+4.790039E+02,-2.373140E-06,-5.700679E-06,-1.041874E+02,-1.965267E+00
+4.792480E+02,-3.394722E-06,+5.236829E-06,-1.040951E+02,+2.145933E+00
+4.794922E+02,+9.881437E-06,-3.431727E-06,-9.960905E+01,-3.342587E-01
+4.797363E+02,-7.807291E-06,+4.183561E-08,-1.021499E+02,+3.136234E+00
+4.799805E+02,-2.637190E-07,+6.460315E-06,-1.037877E+02,+1.611595E+00
+4.802246E+02,+7.449228E-06,-8.718834E-06,-9.881044E+01,-8.637629E-01
+4.804688E+02,-9.124366E-06,-4.435550E-07,-1.007857E+02,-3.093019E+00
+4.807129E+02,+6.535509E-06,+2.461863E-06,-1.031181E+02,+3.602517E-01
+4.809570E+02,-8.813674E-06,+3.668274E-06,-1.004031E+02,+2.747197E+00
+4.812012E+02,+8.383211E-06,-7.994566E-06,-9.872276E+01,-7.616726E-01
+4.814453E+02,-3.411576E-06,+5.168944E-06,-1.041616E+02,+2.154179E+00
+4.816895E+02,+2.292542E-06,+6.497496E-06,-1.032355E+02,+1.231598E+00
+4.819336E+02,-2.453266E-08,-1.048541E-05,-9.958827E+01,-1.573136E+00
+4.821777E+02,-4.890563E-06,-6.487335E-07,-1.061371E+02,-3.009712E+00
+4.824219E+02,+7.871892E-06,+1.182648E-05,-9.695009E+01,+9.835217E-01
+4.826660E+02,-7.660033E-06,-8.465587E-06,-9.884914E+01,-2.306281E+00
+4.829102E+02,+1.755587E-06,+5.566202E-07,-1.146956E+02,+3.070305E-01
+4.831543E+02,+2.306408E-06,-6.099729E-07,-1.124477E+02,-2.585493E-01
+4.833984E+02,-3.918095E-06,+1.819983E-06,-1.072900E+02,+2.706740E+00
+4.836426E+02,+1.733072E-06,-3.919384E-07,-1.150070E+02,-2.224111E-01
+4.838867E+02,+3.929221E-06,+3.078087E-06,-1.060357E+02,+6.645265E-01
+4.841309E+02,-3.661158E-06,-5.639411E-06,-1.034479E+02,-2.146616E+00
+4.843750E+02,+8.976647E-07,-6.013261E-07,-1.193278E+02,-5.902228E-01
+4.846191E+02,-3.538838E-06,+6.246001E-06,-1.028789E+02,+2.086277E+00
+4.848633E+02,+1.273698E-05,+2.111681E-07,-9.789748E+01,+1.657762E-02
+4.851074E+02,-1.317543E-05,-8.363606E-06,-9.613426E+01,-2.575986E+00
+4.853516E+02,+1.450994E-06,+1.441019E-05,-9.678279E+01,+1.470442E+00
+4.855957E+02,+9.634344E-07,-1.289816E-05,-9.776528E+01,-1.496239E+00
+4.858398E+02,+1.652285E-06,+6.297113E-06,-1.037280E+02,+1.314193E+00
+4.860840E+02,+2.813186E-06,-8.537580E-06,-1.009257E+02,-1.252494E+00
+4.863281E+02,-4.164906E-06,+8.758931E-06,-1.002657E+02,+2.014656E+00
+4.865723E+02,-7.606963E-07,-7.332272E-06,-1.026487E+02,-1.674173E+00
+4.868164E+02,+2.107143E-06,+6.775542E-06,-1.029802E+02,+1.269285E+00
+4.870605E+02,+1.234059E-07,-1.772678E-06,-1.150064E+02,-1.501293E+00
+4.873047E+02,+1.975592E-07,+8.472149E-09,-1.340781E+02,+4.285784E-02
+4.875488E+02,-3.781779E-06,-2.162771E-06,-1.072172E+02,-2.622097E+00
+4.877930E+02,+2.074145E-06,+4.662956E-06,-1.058427E+02,+1.152264E+00
+4.880371E+02,+5.768168E-06,-2.822098E-06,-1.038472E+02,-4.550138E-01
+4.882812E+02,-6.225128E-06,+1.260197E-06,-1.039426E+02,+2.941855E+00
+4.885254E+02,+7.167349E-06,+2.172000E-07,-1.028888E+02,+3.029482E-02
+4.887695E+02,-7.350166E-06,+1.266809E-06,-1.025469E+02,+2.970918E+00
+4.890137E+02,+1.253198E-06,-4.321309E-06,-1.069370E+02,-1.288535E+00
+4.892578E+02,-7.381308E-08,+3.041673E-06,-1.103352E+02,+1.595059E+00
+4.895020E+02,+3.245804E-06,-5.081037E-06,-1.043947E+02,-1.002330E+00
+4.897461E+02,-3.485205E-06,+3.567081E-06,-1.060431E+02,+2.344585E+00
+4.899902E+02,-4.799624E-06,+3.121079E-06,-1.048442E+02,+2.565024E+00
+4.902344E+02,+1.165703E-05,-6.490572E-06,-9.749546E+01,-5.080448E-01
+4.904785E+02,-9.644494E-06,+1.014567E-05,-9.707854E+01,+2.330875E+00
+4.907227E+02,+5.110550E-06,-8.200636E-06,-1.002980E+02,-1.013500E+00
+4.909668E+02,-3.697967E-06,+3.652178E-06,-1.056842E+02,+2.362424E+00
+4.912109E+02,+7.668375E-06,-2.035184E-06,-1.020103E+02,-2.594192E-01
+4.914551E+02,-1.147678E-05,-1.772052E-06,-9.870128E+01,-2.988399E+00
+4.916992E+02,+1.009477E-05,+7.359691E-06,-9.806683E+01,+6.299643E-01
+4.919434E+02,-7.972754E-07,-9.248181E-06,-1.006467E+02,-1.656793E+00
+4.921875E+02,-7.639850E-06,+8.512596E-06,-9.883287E+01,+2.302215E+00
+4.924316E+02,+7.923966E-06,-8.311175E-06,-9.879871E+01,-8.092437E-01
+4.926758E+02,-5.899125E-06,+4.748028E-06,-1.024152E+02,+2.463889E+00
+4.929199E+02,+7.254154E-06,+2.224975E-06,-1.023978E+02,+2.976081E-01
+4.931641E+02,-1.153052E-05,-9.756866E-06,-9.641781E+01,-2.439322E+00
+4.934082E+02,+6.977206E-06,+8.547523E-06,-9.914561E+01,+8.862047E-01
+4.936523E+02,+4.439146E-06,+9.321996E-07,-1.068666E+02,+2.069877E-01
+4.938965E+02,-4.891257E-06,-5.206354E-06,-1.029217E+02,-2.325000E+00
+4.941406E+02,+4.668263E-06,+7.722557E-06,-1.008921E+02,+1.027077E+00
+4.943848E+02,-6.953871E-06,-5.069678E-06,-1.013043E+02,-2.511639E+00
+4.946289E+02,+2.404279E-06,-3.698361E-08,-1.123793E+02,-1.538120E-02
+4.948730E+02,-2.224448E-06,-4.898516E-06,-1.053845E+02,-1.997060E+00
+4.951172E+02,+3.422222E-06,+9.507624E-06,-9.990947E+01,+1.225289E+00
+4.953613E+02,+1.468977E-06,-4.874181E-06,-1.058644E+02,-1.278075E+00
+4.956055E+02,-5.327461E-08,-5.260672E-06,-1.055787E+02,-1.580923E+00
+4.958496E+02,-7.364668E-06,+1.422928E-05,-9.590556E+01,+2.048402E+00
+4.960938E+02,+9.141449E-06,-1.402935E-05,-9.552239E+01,-9.933009E-01
+4.963379E+02,-4.422622E-06,+6.037546E-06,-1.025172E+02,+2.203016E+00
+4.965820E+02,+3.277261E-06,-5.821169E-07,-1.095549E+02,-1.757896E-01
+4.968262E+02,-4.403751E-06,-5.036095E-06,-1.034916E+02,-2.289308E+00
+4.970703E+02,+5.129283E-06,+1.077022E-05,-9.846773E+01,+1.126331E+00
+4.973145E+02,-4.088371E-06,-8.062915E-06,-1.008764E+02,-2.040075E+00
+4.975586E+02,-7.835828E-08,+4.747466E-06,-1.064696E+02,+1.587300E+00
+4.978027E+02,+2.074275E-06,-4.901940E-06,-1.054773E+02,-1.170490E+00
+4.980469E+02,-7.910777E-07,+2.007510E-06,-1.133200E+02,+1.946171E+00
+4.982910E+02,-4.922074E-06,+5.779095E-06,-1.023939E+02,+2.276278E+00
+4.985352E+02,+6.690451E-06,-6.546993E-06,-1.005737E+02,-7.745613E-01
+4.987793E+02,-3.399196E-06,-4.794338E-06,-1.046167E+02,-2.187539E+00
+4.990234E+02,+9.565452E-06,+1.317414E-05,-9.576663E+01,+9.427819E-01
+4.992676E+02,-9.013541E-06,-1.113507E-05,-9.687751E+01,-2.251287E+00
+4.995117E+02,-1.141067E-06,+3.659766E-07,-1.184285E+02,+2.831226E+00
+4.997559E+02,+5.574796E-06,+4.194099E-06,-1.031275E+02,+6.449921E-01
+5.000000E+02,-7.258991E-06,+3.218270E-06,-1.020031E+02,+2.724283E+00
+5.002441E+02,+4.366124E-06,-8.726186E-06,-1.002132E+02,-1.106871E+00
+5.004883E+02,-8.689499E-07,+5.893382E-06,-1.044993E+02,+1.717187E+00
+5.007324E+02,+1.973733E-06,-2.602724E-06,-1.097184E+02,-9.219832E-01
+5.009766E+02,-2.477593E-06,+4.392861E-06,-1.059456E+02,+2.084328E+00
+5.012207E+02,+3.542319E-06,-6.565403E-06,-1.025452E+02,-1.076017E+00
+5.014648E+02,-1.260996E-06,+2.516300E-06,-1.110117E+02,+2.035348E+00
+5.017090E+02,-2.089136E-06,+2.402987E-06,-1.099401E+02,+2.286441E+00
+5.019531E+02,-7.286743E-07,-5.877216E-07,-1.205731E+02,-2.462863E+00
+5.021973E+02,+2.637182E-06,-5.349916E-06,-1.044884E+02,-1.112814E+00
+5.024414E+02,+1.094104E-06,-1.425216E-06,-1.149103E+02,-9.160781E-01
+5.026855E+02,-3.438967E-06,+1.262003E-05,-9.766771E+01,+1.836837E+00
+5.029297E+02,+1.310560E-06,-1.262828E-05,-9.792659E+01,-1.467387E+00
+5.031738E+02,+3.595827E-06,+1.016161E-05,-9.934837E+01,+1.230684E+00
+5.034180E+02,-6.408255E-06,-7.152133E-06,-1.003518E+02,-2.301393E+00
+5.036621E+02,+4.001831E-06,+3.840931E-06,-1.051191E+02,+7.648853E-01
+5.039062E+02,-2.413879E-06,-4.133383E-06,-1.063994E+02,-2.099365E+00
+5.041504E+02,+1.103481E-06,+7.992378E-06,-1.018645E+02,+1.433597E+00
+5.043945E+02,+3.444760E-06,-6.094816E-06,-1.030969E+02,-1.056362E+00
+5.046387E+02,-5.507661E-06,-5.067241E-06,-1.025172E+02,-2.397818E+00
+5.048828E+02,+2.592636E-06,+5.345789E-06,-1.045224E+02,+1.119231E+00
+5.051270E+02,-2.259067E-06,+6.802769E-06,-1.028920E+02,+1.891419E+00
+5.053711E+02,+3.531943E-06,-1.260745E-05,-9.765933E+01,-1.297651E+00
+5.056152E+02,-1.218989E-06,+1.770553E-06,-1.133528E+02,+2.173748E+00
+5.058594E+02,+7.072262E-07,+6.477951E-06,-1.037198E+02,+1.462053E+00
+5.061035E+02,-4.538021E-06,+2.043470E-06,-1.060609E+02,+2.718489E+00
+5.063477E+02,+2.806252E-06,-4.067117E-06,-1.061232E+02,-9.668230E-01
+5.065918E+02,+1.221640E-06,-1.569640E-06,-1.140273E+02,-9.094321E-01
+5.068359E+02,-5.556423E-06,-2.059908E-06,-1.045448E+02,-2.786575E+00
+5.070801E+02,+7.155892E-06,+5.970129E-06,-1.006123E+02,+6.953059E-01
+5.073242E+02,-6.362690E-07,-2.665111E-06,-1.112450E+02,-1.805150E+00
+5.075684E+02,-3.640183E-06,-1.480721E-06,-1.081126E+02,-2.755263E+00
+5.078125E+02,+3.794164E-06,+2.262342E-06,-1.070966E+02,+5.376715E-01
+5.080566E+02,-4.599091E-06,-4.966433E-06,-1.033897E+02,-2.317811E+00
+5.083008E+02,+2.098921E-06,+3.786418E-06,-1.072717E+02,+1.064636E+00
+5.085449E+02,+1.627695E-06,+6.591833E-06,-1.033628E+02,+1.328713E+00
+5.087891E+02,-2.247318E-06,-1.147818E-05,-9.863916E+01,-1.764141E+00
+5.090332E+02,+1.335314E-06,+5.716279E-06,-1.046270E+02,+1.341313E+00
+5.092773E+02,-6.305801E-06,+1.679835E-06,-1.037074E+02,+2.881244E+00
+5.095215E+02,+1.506657E-05,-3.050132E-06,-9.626527E+01,-1.997442E-01
+5.097656E+02,-1.376444E-05,+2.211728E-07,-9.722371E+01,+3.125526E+00
+5.100098E+02,+3.336853E-06,-1.251703E-07,-1.095271E+02,-3.749390E-02
+5.102539E+02,+9.537953E-07,+2.476025E-06,-1.115240E+02,+1.203103E+00
+5.104980E+02,+9.006220E-07,-4.080718E-06,-1.075787E+02,-1.353577E+00
+5.107422E+02,-2.191841E-06,+4.490295E-06,-1.060264E+02,+2.024902E+00
+5.109863E+02,+3.474765E-06,-5.667877E-06,-1.035459E+02,-1.020827E+00
+5.112305E+02,-2.531347E-06,+2.704426E-06,-1.086259E+02,+2.323149E+00
+5.114746E+02,-3.363966E-08,+3.542389E-07,-1.289751E+02,+1.665476E+00
+5.117188E+02,-3.782312E-07,+1.508575E-06,-1.161639E+02,+1.816453E+00
+5.119629E+02,-3.255667E-06,-2.730205E-07,-1.097168E+02,-3.057928E+00
+5.122070E+02,+8.934111E-06,-3.736176E-07,-1.009714E+02,-4.179487E-02
+5.124512E+02,-8.981735E-06,-2.226002E-06,-1.006739E+02,-2.898651E+00
+5.126953E+02,+7.697248E-06,+7.899403E-06,-9.914894E+01,+7.983589E-01
+5.129395E+02,-3.554717E-06,-8.763294E-06,-1.004851E+02,-1.956153E+00
+5.131836E+02,-6.896859E-06,+1.245639E-06,-1.030876E+02,+2.962909E+00
+5.134277E+02,+7.112980E-06,-2.723592E-07,-1.029526E+02,-3.827175E-02
+5.136719E+02,-6.082371E-07,+2.943429E-06,-1.104413E+02,+1.774571E+00
+5.139160E+02,+1.766734E-06,-1.721205E-06,-1.121582E+02,-7.723457E-01
+5.141602E+02,-2.115341E-06,+5.649423E-06,-1.043901E+02,+1.929071E+00
+5.144043E+02,+1.388184E-06,-7.177543E-06,-1.027210E+02,-1.379748E+00
+5.146484E+02,-2.002265E-06,-1.079549E-06,-1.128613E+02,-2.647107E+00
+5.148926E+02,+2.598007E-06,+5.096680E-06,-1.048511E+02,+1.099383E+00
+5.151367E+02,-5.386992E-06,-1.223049E-06,-1.051548E+02,-2.918340E+00
+5.153809E+02,+2.573292E-06,+1.402038E-06,-1.106613E+02,+4.988748E-01
+5.156250E+02,+1.236335E-06,-3.128104E-06,-1.094640E+02,-1.194405E+00
+5.158691E+02,+1.120796E-06,-2.851300E-07,-1.187371E+02,-2.491152E-01
+5.161133E+02,-2.057488E-06,+2.601614E-07,-1.136644E+02,+3.015814E+00
+5.163574E+02,+5.820141E-07,+3.161467E-06,-1.098575E+02,+1.388739E+00
+5.166016E+02,+3.060557E-06,+3.417060E-06,-1.067689E+02,+8.403789E-01
+5.168457E+02,-3.724841E-06,-9.304651E-06,-9.998046E+01,-1.951579E+00
+5.170898E+02,-4.395026E-06,+5.097049E-06,-1.034394E+02,+2.282370E+00
+5.173340E+02,+9.648731E-06,-3.499085E-06,-9.977400E+01,-3.478971E-01
+5.175781E+02,-4.217269E-06,+3.871729E-06,-1.048445E+02,+2.398886E+00
+5.178223E+02,-2.483179E-06,-4.205685E-06,-1.062244E+02,-2.104152E+00
+5.180664E+02,-7.594571E-08,+9.294493E-06,-1.006352E+02,+1.578967E+00
+5.183105E+02,+3.570110E-06,-5.310023E-06,-1.038783E+02,-9.788803E-01
+5.185547E+02,+9.213791E-08,-3.787692E-06,-1.084299E+02,-1.546476E+00
+5.187988E+02,-2.246989E-06,+1.776912E-06,-1.108585E+02,+2.472488E+00
+5.190430E+02,+1.120562E-06,+6.397505E-06,-1.037486E+02,+1.397399E+00
+5.192871E+02,-1.507324E-06,-7.371207E-06,-1.024713E+02,-1.772503E+00
+5.195312E+02,-3.856182E-07,+5.044200E-06,-1.059188E+02,+1.647096E+00
+5.197754E+02,-2.122485E-06,-9.774738E-06,-9.999780E+01,-1.784617E+00
+5.200195E+02,+1.164738E-05,+7.150471E-06,-9.728645E+01,+5.505865E-01
+5.202637E+02,-9.857269E-06,+1.658124E-06,-1.000037E+02,+2.974939E+00
+5.205078E+02,+2.047352E-06,+4.112310E-06,-1.067566E+02,+1.108863E+00
+5.207520E+02,-4.896874E-07,-6.762681E-06,-1.033749E+02,-1.643080E+00
+5.209961E+02,-4.393749E-06,-2.879459E-07,-1.071247E+02,-3.076151E+00
+5.212402E+02,+1.278281E-05,+4.252713E-07,-9.786267E+01,+3.325673E-02
+5.214844E+02,-1.216364E-05,+3.336821E-07,-9.829547E+01,+3.114167E+00
+5.217285E+02,+5.488650E-06,+2.022200E-06,-1.046579E+02,+3.530009E-01
+5.219727E+02,-3.979511E-06,+3.015189E-06,-1.060331E+02,+2.493196E+00
+5.222168E+02,+8.706143E-06,-1.128235E-05,-9.692315E+01,-9.135758E-01
+5.224609E+02,-1.014934E-05,+1.081440E-05,-9.657655E+01,+2.324481E+00
+5.227051E+02,+7.830661E-06,-5.542316E-06,-1.003604E+02,-6.159225E-01
+5.229492E+02,-5.377445E-06,+6.222265E-07,-1.053307E+02,+3.026395E+00
+5.231934E+02,+8.148110E-07,+4.801288E-06,-1.062495E+02,+1.402691E+00
+5.234375E+02,+7.471170E-06,-1.353008E-06,-1.023921E+02,-1.791555E-01
+5.236816E+02,-1.064661E-05,-8.175823E-06,-9.744259E+01,-2.486716E+00
+5.239258E+02,+5.379178E-06,+8.017928E-06,-1.003048E+02,+9.798729E-01
+5.241699E+02,-1.150343E-06,-3.627388E-06,-1.083919E+02,-1.877891E+00
+5.244141E+02,-1.261742E-06,+6.821861E-06,-1.031759E+02,+1.753685E+00
+5.246582E+02,+3.583294E-07,-9.613612E-06,-1.003362E+02,-1.533540E+00
+5.249023E+02,+3.920839E-06,+5.556879E-06,-1.033487E+02,+9.563332E-01
+5.251465E+02,+5.808074E-08,-4.930086E-07,-1.260831E+02,-1.453528E+00
+5.253906E+02,-6.893110E-06,-2.232833E-06,-1.027984E+02,-2.828336E+00
+5.256348E+02,+4.724316E-06,+1.614289E-06,-1.060336E+02,+3.292596E-01
+5.258789E+02,+2.155664E-06,+7.970493E-08,-1.133224E+02,+3.695781E-02
+5.261230E+02,-2.246393E-06,+3.603081E-06,-1.074404E+02,+2.128291E+00
+5.263672E+02,+3.364506E-06,-9.159951E-06,-1.002125E+02,-1.218788E+00
+5.266113E+02,-8.132733E-06,+1.277657E-05,-9.639441E+01,+2.137647E+00
+5.268555E+02,+4.656043E-06,-9.753230E-06,-9.932542E+01,-1.125404E+00
+5.270996E+02,-2.607183E-06,-1.883893E-06,-1.098521E+02,-2.515874E+00
+5.273438E+02,+2.701640E-06,+6.393560E-06,-1.031717E+02,+1.170997E+00
+5.275879E+02,+1.404059E-06,-4.369657E-06,-1.067643E+02,-1.259896E+00
+5.278320E+02,+2.024308E-06,+4.804679E-06,-1.056571E+02,+1.172047E+00
+5.280762E+02,-6.275456E-06,-1.459509E-06,-1.038183E+02,-2.913081E+00
+5.283203E+02,+3.562553E-06,-1.640588E-06,-1.081295E+02,-4.315589E-01
+5.285645E+02,+3.257007E-07,+4.606092E-06,-1.067117E+02,+1.500203E+00
+5.288086E+02,+1.898284E-06,-8.566581E-06,-1.011357E+02,-1.352728E+00
+5.290527E+02,-3.916140E-06,+4.485114E-06,-1.045035E+02,+2.288573E+00
+5.292969E+02,-4.877212E-07,+6.227405E-07,-1.220365E+02,+2.235200E+00
+5.295410E+02,+7.559160E-06,-4.402726E-06,-1.011620E+02,-5.274045E-01
+5.297852E+02,-8.536720E-06,+1.778226E-07,-1.013723E+02,+3.120765E+00
+5.300293E+02,-1.360020E-06,+6.306884E-06,-1.038063E+02,+1.783185E+00
+5.302734E+02,+8.395994E-06,-5.216258E-06,-1.001010E+02,-5.559193E-01
+5.305176E+02,-9.265770E-06,+4.198612E-06,-9.985131E+01,+2.716138E+00
+5.307617E+02,+7.383989E-06,-5.906963E-07,-1.026065E+02,-7.982692E-02
+5.310059E+02,-5.675241E-06,-6.364201E-06,-1.013840E+02,-2.299031E+00
+5.312500E+02,+4.198454E-06,+6.408263E-06,-1.023141E+02,+9.908004E-01
+5.314941E+02,+1.971685E-06,-1.608542E-06,-1.118876E+02,-6.843136E-01
+5.317383E+02,-5.614212E-07,-7.795383E-07,-1.203486E+02,-2.194949E+00
+5.319824E+02,-4.431271E-06,+1.239752E-06,-1.067421E+02,+2.868794E+00
+5.322266E+02,+7.662718E-06,-1.199370E-06,-1.022072E+02,-1.552604E-01
+5.324707E+02,-9.349906E-06,+2.516700E-06,-1.002801E+02,+2.878656E+00
+5.327148E+02,+4.386060E-06,-5.309158E-06,-1.032400E+02,-8.803236E-01
+5.329590E+02,-3.750618E-06,+2.852382E-06,-1.065358E+02,+2.491399E+00
+5.332031E+02,+7.218182E-06,+2.936983E-06,-1.021661E+02,+3.864291E-01
+5.334473E+02,-2.909838E-06,-3.184479E-06,-1.073030E+02,-2.311160E+00
+5.336914E+02,-8.308764E-06,+6.601841E-06,-9.948386E+01,+2.470176E+00
+5.339355E+02,+1.262651E-05,-1.700809E-05,-9.348041E+01,-9.321882E-01
+5.341797E+02,-8.621003E-06,+1.374873E-05,-9.579468E+01,+2.130861E+00
+5.344238E+02,+6.861384E-06,-3.020666E-06,-1.025024E+02,-4.147092E-01
+5.346680E+02,-9.524339E-06,-6.129507E-07,-1.004053E+02,-3.077325E+00
+5.349121E+02,+1.048462E-05,+2.003214E-06,-9.943323E+01,+1.887869E-01
+5.351562E+02,-7.450501E-06,-2.469848E-06,-1.021035E+02,-2.821492E+00
+5.354004E+02,+6.101559E-06,-3.171650E-06,-1.032525E+02,-4.793695E-01
+5.356445E+02,-5.162209E-06,+9.285082E-06,-9.947456E+01,+2.078210E+00
+5.358887E+02,+2.472405E-06,-3.895127E-06,-1.067193E+02,-1.005221E+00
+5.361328E+02,+3.290312E-07,-4.550466E-06,-1.068162E+02,-1.498615E+00
+5.363770E+02,+1.939333E-06,+5.771230E-06,-1.043100E+02,+1.246617E+00
+5.366211E+02,-1.161076E-05,-2.530304E-06,-9.850128E+01,-2.927020E+00
+5.368652E+02,+1.493393E-05,-1.668907E-06,-9.646262E+01,-1.112910E-01
+5.371094E+02,-1.035995E-05,+1.132260E-06,-9.964127E+01,+3.032733E+00
+5.373535E+02,+4.881710E-06,-3.081309E-06,-1.047722E+02,-5.630415E-01
+5.375977E+02,+5.647221E-06,+4.179170E-06,-1.030666E+02,+6.370962E-01
+5.378418E+02,-1.136242E-05,+2.794402E-06,-9.863554E+01,+2.900445E+00
+5.380859E+02,+4.843666E-07,-7.017230E-06,-1.030560E+02,-1.501880E+00
+5.383301E+02,+7.548458E-06,+2.002994E-06,-1.021473E+02,+2.593741E-01
+5.385742E+02,-4.078982E-06,+3.344531E-06,-1.055558E+02,+2.454809E+00
+5.388184E+02,+5.095889E-07,-2.176016E-06,-1.130149E+02,-1.340757E+00
+5.390625E+02,-5.824643E-09,+8.050392E-07,-1.218834E+02,+1.578031E+00
+5.393066E+02,+6.193720E-06,+6.817600E-07,-1.041087E+02,+1.096314E-01
+5.395508E+02,-1.821911E-05,-3.730774E-06,-9.461106E+01,-2.939612E+00
+5.397949E+02,+1.655255E-05,+4.362405E-06,-9.533107E+01,+2.576893E-01
+5.400391E+02,-8.186630E-06,-5.035287E-06,-1.003445E+02,-2.590172E+00
+5.402832E+02,+4.771347E-06,+9.324752E-06,-9.959727E+01,+1.097844E+00
+5.405273E+02,+1.311197E-06,-9.421283E-06,-1.004345E+02,-1.432511E+00
+5.407715E+02,-4.013902E-06,+4.590435E-06,-1.042965E+02,+2.289289E+00
+5.410156E+02,-1.037068E-07,-6.054321E-06,-1.043574E+02,-1.587924E+00
+5.412598E+02,+1.867610E-06,+3.623612E-06,-1.077941E+02,+1.094905E+00
+5.415039E+02,-3.945212E-06,+5.879282E-06,-1.029990E+02,+2.161818E+00
+5.417480E+02,+6.743693E-06,-7.000403E-06,-1.002465E+02,-8.040738E-01
+5.419922E+02,-5.109835E-06,+7.740493E-07,-1.057333E+02,+2.991253E+00
+5.422363E+02,-3.109801E-08,+2.039902E-06,-1.138068E+02,+1.586040E+00
+5.424805E+02,+5.274180E-06,-3.462206E-06,-1.040007E+02,-5.808923E-01
+5.427246E+02,-6.044507E-06,+8.864746E-06,-9.938850E+01,+2.169243E+00
+5.429688E+02,+2.603488E-06,-8.877021E-06,-1.006763E+02,-1.285512E+00
+5.432129E+02,-4.320699E-06,+6.909651E-06,-1.017776E+02,+2.129621E+00
+5.434570E+02,+5.588965E-06,-7.161959E-06,-1.008339E+02,-9.081411E-01
+5.437012E+02,-1.857426E-07,+7.480954E-06,-1.025182E+02,+1.595620E+00
+5.439453E+02,+2.437194E-06,-1.008971E-05,-9.967614E+01,-1.333784E+00
+5.441895E+02,-1.177156E-05,+5.996007E-06,-9.758150E+01,+2.670482E+00
+5.444336E+02,+1.139229E-05,+3.345893E-06,-9.850845E+01,+2.856652E-01
+5.446777E+02,-1.420445E-06,-6.416521E-06,-1.036462E+02,-1.788656E+00
+5.449219E+02,-7.587976E-06,+1.675570E-06,-1.021907E+02,+2.924261E+00
+5.451660E+02,+2.927163E-06,+5.259341E-08,-1.106697E+02,+1.796543E-02
+5.454102E+02,+5.192853E-06,+6.594558E-06,-1.015210E+02,+9.037578E-01
+5.456543E+02,-6.049314E-07,-3.926385E-06,-1.080183E+02,-1.723663E+00
+5.458984E+02,-4.868754E-06,-8.160723E-07,-1.061313E+02,-2.975522E+00
+5.461426E+02,+3.763483E-06,+9.439100E-07,-1.082233E+02,+2.457386E-01
+5.463867E+02,-2.451403E-06,-1.085185E-05,-9.907378E+01,-1.792965E+00
+5.466309E+02,+1.250384E-06,+1.453238E-05,-9.672123E+01,+1.484967E+00
+5.468750E+02,-2.467977E-06,+3.428845E-07,-1.120702E+02,+3.003543E+00
+5.471191E+02,+3.564708E-06,-1.428548E-05,-9.663977E+01,-1.326257E+00
+5.473633E+02,-1.262258E-06,+1.346702E-05,-9.737659E+01,+1.664253E+00
+5.476074E+02,-1.708466E-06,+1.558197E-06,-1.127190E+02,+2.402163E+00
+5.478516E+02,+1.878443E-06,-5.778414E-06,-1.043275E+02,-1.256493E+00
+5.480957E+02,+1.579534E-06,-9.639548E-07,-1.146545E+02,-5.479425E-01
+5.483398E+02,+3.116527E-06,+2.906624E-06,-1.074086E+02,+7.505630E-01
+5.485840E+02,-6.633213E-06,-3.782916E-06,-1.023426E+02,-2.623298E+00
+5.488281E+02,-1.941505E-06,+3.805718E-06,-1.073867E+02,+2.042535E+00
+5.490723E+02,+3.338823E-06,-2.409775E-06,-1.077071E+02,-6.251705E-01
+5.493164E+02,+7.127132E-06,-2.384895E-06,-1.024808E+02,-3.229099E-01
+5.495605E+02,-1.048597E-05,+5.367197E-06,-9.857728E+01,+2.668514E+00
+5.498047E+02,+8.150691E-06,+1.868372E-07,-1.017738E+02,+2.291885E-02
+5.500488E+02,-8.120704E-06,-2.843666E-06,-1.013058E+02,-2.804762E+00
+5.502930E+02,+1.879557E-06,-3.313465E-06,-1.083828E+02,-1.054807E+00
+5.505371E+02,+7.844226E-06,+9.181039E-06,-9.836173E+01,+8.637567E-01
+5.507812E+02,-8.289239E-06,-9.326814E-06,-9.807709E+01,-2.297363E+00
+5.510254E+02,+2.686473E-06,+9.220203E-06,-1.003513E+02,+1.287277E+00
+5.512695E+02,-3.103386E-06,-8.122895E-06,-1.012141E+02,-1.935737E+00
+5.515137E+02,+1.158290E-05,+5.723673E-06,-9.777481E+01,+4.589555E-01
+5.517578E+02,-1.469314E-05,-5.048759E-06,-9.617302E+01,-2.810619E+00
+5.520020E+02,+3.279083E-06,+5.163787E-06,-1.042693E+02,+1.005028E+00
+5.522461E+02,+9.793424E-06,-4.054642E-06,-9.949422E+01,-3.925311E-01
+5.524902E+02,-1.079010E-05,+7.553304E-07,-9.931825E+01,+3.071704E+00
+5.527344E+02,+3.807542E-06,+1.144799E-06,-1.080112E+02,+2.920677E-01
+5.529785E+02,-1.189363E-06,-6.875680E-07,-1.172415E+02,-2.617434E+00
+5.532227E+02,+8.367872E-06,-5.438664E-08,-1.015475E+02,-6.499367E-03
+5.534668E+02,-1.412814E-05,-1.361531E-06,-9.695815E+01,-3.045519E+00
+5.537109E+02,+1.060622E-05,+3.274472E-06,-9.909340E+01,+2.994478E-01
+5.539551E+02,-5.999148E-06,-2.012691E-06,-1.039750E+02,-2.817897E+00
+5.541992E+02,+5.771536E-06,+6.915957E-06,-1.009076E+02,+8.753555E-01
+5.544434E+02,-3.005572E-06,-9.369172E-06,-1.001406E+02,-1.881219E+00
+5.546875E+02,+1.830991E-06,+7.363680E-08,-1.147393E+02,+4.019525E-02
+5.549316E+02,+3.206033E-07,+5.098753E-06,-1.058336E+02,+1.508000E+00
+5.551758E+02,-3.897280E-06,-1.273356E-06,-1.077443E+02,-2.825797E+00
+5.554199E+02,+3.972069E-06,-1.322912E-06,-1.075628E+02,-3.214989E-01
+5.556641E+02,-5.838189E-06,+3.294992E-06,-1.034735E+02,+2.627772E+00
+5.559082E+02,+5.018924E-06,-6.538175E-07,-1.059147E+02,-1.295410E-01
+5.561523E+02,+1.420571E-06,-5.963830E-06,-1.042498E+02,-1.336956E+00
+5.563965E+02,-1.746909E-06,+3.439811E-06,-1.082728E+02,+2.040704E+00
+5.566406E+02,-1.826016E-06,+1.315005E-06,-1.129554E+02,+2.517471E+00
+5.568848E+02,-3.038228E-07,-4.272332E-06,-1.073648E+02,-1.641791E+00
+5.571289E+02,+1.992532E-06,+4.239118E-06,-1.065876E+02,+1.131407E+00
+5.573730E+02,-3.176531E-06,-2.040261E-06,-1.084609E+02,-2.570655E+00
+5.576172E+02,+5.365352E-06,+8.085994E-06,-1.002609E+02,+9.849639E-01
+5.578613E+02,+2.930157E-08,-1.442681E-05,-9.681657E+01,-1.568765E+00
+5.581055E+02,-3.305716E-06,+1.042484E-05,-9.922250E+01,+1.877866E+00
+5.583496E+02,+2.037553E-06,-6.156841E-07,-1.134384E+02,-2.934450E-01
+5.585938E+02,-6.874384E-07,-3.518712E-06,-1.089096E+02,-1.763733E+00
+5.588379E+02,-2.759578E-06,-2.627120E-06,-1.083812E+02,-2.380779E+00
+5.590820E+02,+1.617776E-06,+4.417717E-06,-1.065495E+02,+1.219761E+00
+5.593262E+02,-9.839174E-07,-2.346428E-07,-1.199006E+02,-2.907487E+00
+5.595703E+02,+7.420772E-06,-3.914482E-06,-1.015248E+02,-4.854074E-01
+5.598145E+02,-6.317944E-06,+5.786645E-06,-1.013429E+02,+2.400059E+00
+5.600586E+02,+2.415200E-06,-3.119965E-06,-1.080779E+02,-9.120416E-01
+5.603027E+02,-5.175959E-06,+3.428388E-07,-1.057012E+02,+3.075453E+00
+5.605469E+02,+6.832171E-06,+1.093989E-06,-1.031989E+02,+1.587753E-01
+5.607910E+02,-3.911851E-06,-3.901379E-06,-1.051537E+02,-2.357535E+00
+5.610352E+02,-1.603517E-07,+4.372999E-06,-1.071786E+02,+1.607448E+00
+5.612793E+02,+2.384728E-06,-8.486383E-07,-1.119334E+02,-3.418891E-01
+5.615234E+02,+3.485595E-07,+3.675177E-07,-1.259081E+02,+8.118671E-01
+5.617676E+02,-3.029641E-06,-3.812210E-07,-1.103040E+02,-3.016420E+00
+5.620117E+02,+3.578542E-06,-1.304916E-06,-1.083837E+02,-3.496662E-01
+5.622559E+02,-3.746960E-06,-5.619449E-06,-1.034086E+02,-2.158880E+00
+5.625000E+02,+8.242627E-07,+8.047924E-06,-1.018410E+02,+1.468733E+00
+5.627441E+02,-1.845883E-07,-9.121756E-07,-1.206241E+02,-1.770460E+00
+5.629883E+02,+5.357366E-06,+2.749063E-06,-1.044059E+02,+4.741020E-01
+5.632324E+02,-8.723153E-06,-8.740978E-06,-9.816735E+01,-2.355174E+00
+5.634766E+02,+5.233127E-06,+3.786650E-06,-1.037961E+02,+6.263849E-01
+5.637207E+02,+1.697205E-07,-2.440833E-06,-1.122283E+02,-1.501374E+00
+5.639648E+02,-6.634869E-06,+5.392699E-06,-1.013607E+02,+2.459106E+00
+5.642090E+02,+9.085584E-06,-4.899631E-06,-9.972429E+01,-4.945720E-01
+5.644531E+02,-5.344363E-06,+7.746055E-06,-1.005275E+02,+2.174743E+00
+5.646973E+02,+3.259493E-06,-8.619719E-06,-1.007097E+02,-1.209272E+00
+5.649414E+02,-7.027662E-07,+2.215640E-06,-1.126737E+02,+1.877943E+00
+5.651855E+02,-1.725479E-06,+1.427232E-06,-1.129979E+02,+2.450514E+00
+5.654297E+02,+4.604954E-06,-5.823126E-06,-1.025873E+02,-9.016876E-01
+5.656738E+02,-5.703321E-06,+1.313251E-05,-9.688266E+01,+1.980510E+00
+5.659180E+02,+2.170525E-06,-1.282590E-05,-9.771561E+01,-1.403155E+00
+5.661621E+02,+8.999084E-08,+6.400487E-06,-1.038749E+02,+1.556737E+00
+5.664062E+02,+6.351504E-07,-5.166262E-07,-1.217372E+02,-6.828536E-01
+5.666504E+02,-1.486601E-06,-8.499705E-07,-1.153277E+02,-2.622201E+00
+5.668945E+02,-5.072142E-06,-3.347343E-06,-1.043260E+02,-2.558257E+00
+5.671387E+02,+7.957847E-06,+5.775484E-06,-1.001465E+02,+6.278059E-01
+5.673828E+02,-3.459331E-06,-2.839705E-06,-1.069830E+02,-2.454247E+00
+5.676270E+02,+6.059909E-06,-3.944604E-06,-1.028165E+02,-5.770319E-01
+5.678711E+02,-1.174986E-05,+4.952300E-06,-9.788921E+01,+2.742709E+00
+5.681152E+02,+9.718899E-06,+7.445479E-07,-1.002222E+02,+7.645892E-02
+5.683594E+02,-1.569076E-06,+2.130885E-07,-1.160078E+02,+3.006613E+00
+5.686035E+02,-5.397725E-06,-3.000548E-06,-1.041863E+02,-2.634238E+00
+5.688477E+02,+2.980986E-06,-2.453996E-06,-1.082657E+02,-6.887378E-01
+5.690918E+02,+5.150406E-07,+8.184938E-06,-1.017225E+02,+1.507954E+00
+5.693359E+02,-4.063005E-06,-1.302520E-05,-9.730104E+01,-1.873166E+00
+5.695801E+02,+9.022488E-06,+1.761617E-05,-9.407008E+01,+1.097460E+00
+5.698242E+02,-8.374756E-06,-1.248276E-05,-9.645976E+01,-2.161728E+00
+5.700684E+02,+7.391666E-06,-6.174987E-07,-1.025949E+02,-8.334632E-02
+5.703125E+02,-5.565680E-06,+7.466247E-06,-1.006187E+02,+2.211376E+00
+5.705566E+02,+2.615145E-06,-9.927579E-06,-9.977177E+01,-1.313225E+00
+5.708008E+02,-2.349346E-06,+4.816183E-06,-1.054189E+02,+2.024638E+00
+5.710449E+02,-2.479764E-07,+4.758191E-06,-1.064394E+02,+1.622865E+00
+5.712891E+02,-4.328869E-06,-2.887832E-07,-1.072532E+02,-3.074980E+00
+5.715332E+02,+7.827916E-06,-5.773415E-06,-1.002407E+02,-6.354800E-01
+5.717773E+02,-1.533406E-06,-1.085119E-06,-1.145237E+02,-2.525749E+00
+5.720215E+02,-3.127967E-06,+5.677416E-06,-1.037657E+02,+2.074368E+00
+5.722656E+02,+1.002103E-06,+3.042773E-06,-1.098874E+02,+1.252645E+00
+5.725098E+02,-1.157147E-06,-1.078434E-05,-9.929442E+01,-1.677686E+00
+5.727539E+02,+3.990866E-06,+5.845588E-06,-1.030018E+02,+9.717659E-01
+5.729980E+02,+6.272346E-07,-9.155759E-07,-1.190949E+02,-9.701602E-01
+5.732422E+02,-4.838525E-06,+6.428617E-06,-1.018884E+02,+2.215994E+00
+5.734863E+02,+2.703360E-06,-1.124186E-05,-9.873909E+01,-1.334805E+00
+5.737305E+02,-3.951731E-06,+4.954840E-06,-1.039613E+02,+2.244041E+00
+5.739746E+02,+3.279504E-06,+7.096501E-07,-1.094851E+02,+2.131038E-01
+5.742188E+02,+3.931394E-06,+8.540906E-06,-1.005353E+02,+1.139409E+00
+5.744629E+02,-1.003937E-05,-1.183372E-05,-9.618297E+01,-2.274343E+00
+5.747070E+02,+6.840577E-06,+9.577651E-08,-1.032973E+02,+1.400032E-02
+5.749512E+02,-2.874808E-06,+8.323810E-06,-1.011042E+02,+1.903342E+00
+5.751953E+02,+5.535629E-06,-4.841150E-06,-1.026696E+02,-7.185715E-01
+5.754395E+02,-4.202470E-06,+1.733246E-06,-1.068477E+02,+2.750413E+00
+5.756836E+02,+5.499516E-07,-3.190582E-06,-1.097954E+02,-1.400106E+00
+5.759277E+02,-3.688021E-06,+2.677061E-06,-1.068260E+02,+2.513708E+00
+5.761719E+02,+1.751709E-06,-2.276274E-06,-1.108355E+02,-9.148995E-01
+5.764160E+02,+3.304205E-06,+5.444213E-06,-1.039193E+02,+1.025304E+00
+5.766602E+02,-1.066370E-06,-5.606848E-06,-1.048713E+02,-1.758742E+00
+5.769043E+02,+2.689351E-06,+1.978618E-06,-1.095282E+02,+6.343012E-01
+5.771484E+02,-8.232059E-06,-3.436952E-06,-1.009920E+02,-2.746085E+00
+5.773926E+02,+5.825284E-06,-1.582484E-06,-1.043844E+02,-2.652564E-01
+5.776367E+02,-8.105492E-07,+1.338027E-05,-9.745480E+01,+1.631300E+00
+5.778809E+02,-3.872595E-06,-4.100031E-06,-1.049747E+02,-2.327675E+00
+5.781250E+02,+4.633031E-06,-1.006110E-05,-9.911189E+01,-1.139253E+00
+5.783691E+02,+2.817888E-06,+8.798695E-06,-1.006876E+02,+1.260856E+00
+5.786133E+02,-7.046530E-06,-1.326803E-06,-1.028892E+02,-2.955480E+00
+5.788574E+02,+5.061837E-06,-9.668598E-07,-1.057582E+02,-1.887363E-01
+5.791016E+02,-2.627735E-06,+7.722797E-07,-1.112486E+02,+2.855746E+00
+5.793457E+02,-3.967806E-06,-4.907345E-06,-1.039984E+02,-2.250726E+00
+5.795898E+02,+6.375801E-06,+5.518656E-06,-1.014809E+02,+7.134600E-01
+5.798340E+02,-1.333688E-06,+1.386649E-06,-1.143162E+02,+2.336729E+00
+5.800781E+02,-4.649311E-07,-6.052263E-07,-1.223473E+02,-2.225840E+00
+5.803223E+02,+4.003989E-06,-3.183003E-06,-1.058231E+02,-6.716590E-01
+5.805664E+02,-1.794468E-06,+9.419475E-07,-1.138644E+02,+2.658210E+00
+5.808105E+02,-4.859836E-06,-2.544146E-06,-1.052157E+02,-2.659319E+00
+5.810547E+02,+1.515728E-06,+4.720638E-06,-1.060939E+02,+1.260109E+00
+5.812988E+02,+3.482101E-06,+3.057481E-06,-1.066810E+02,+7.205585E-01
+5.815430E+02,+1.570086E-07,-6.818439E-06,-1.033240E+02,-1.547773E+00
+5.817871E+02,-3.107085E-06,+4.298635E-06,-1.055080E+02,+2.196666E+00
+5.820312E+02,+4.543224E-06,-2.535013E-06,-1.056756E+02,-5.089468E-01
+5.822754E+02,-4.702776E-06,+3.665830E-06,-1.044911E+02,+2.479475E+00
+5.825195E+02,+8.725064E-07,-4.568744E-06,-1.066485E+02,-1.382096E+00
+5.827637E+02,+1.946252E-06,+4.001504E-07,-1.140362E+02,+2.027748E-01
+5.830078E+02,+4.006365E-06,+2.981682E-06,-1.060308E+02,+6.398021E-01
+5.832520E+02,-8.905411E-06,-1.755861E-06,-1.008413E+02,-2.946922E+00
+5.834961E+02,+1.032739E-05,-1.723177E-06,-9.960094E+01,-1.653319E-01
+5.837402E+02,-8.940586E-06,+1.430702E-06,-1.008629E+02,+2.982915E+00
+5.839844E+02,+3.825301E-06,+3.160660E-07,-1.083171E+02,+8.243789E-02
+5.842285E+02,+1.231411E-06,-2.091446E-06,-1.122985E+02,-1.038664E+00
+5.844727E+02,-5.512215E-06,+3.757658E-06,-1.035160E+02,+2.543257E+00
+5.847168E+02,+6.768316E-06,+1.947322E-06,-1.030450E+02,+2.801450E-01
+5.849609E+02,+1.244856E-06,-7.115787E-06,-1.028246E+02,-1.397606E+00
+5.852051E+02,-8.032625E-06,+1.801275E-06,-1.016898E+02,+2.920997E+00
+5.854492E+02,+3.849002E-06,+1.762262E-06,-1.074665E+02,+4.293620E-01
+5.856934E+02,+2.121306E-06,-1.978808E-06,-1.107491E+02,-7.506574E-01
+5.859375E+02,+1.909357E-06,+5.843431E-06,-1.042261E+02,+1.254980E+00
+5.861816E+02,-1.069396E-05,-7.552597E-06,-9.765983E+01,-2.526685E+00
+5.864258E+02,+1.357908E-05,+4.009623E-06,-9.697954E+01,+2.871203E-01
+5.866699E+02,-9.581486E-06,-8.142916E-06,-9.801035E+01,-2.437180E+00
+5.869141E+02,+2.067429E-06,+6.836036E-06,-1.029238E+02,+1.277111E+00
+5.871582E+02,+4.721855E-07,-2.795228E-07,-1.252130E+02,-5.344990E-01
+5.874023E+02,-9.144140E-07,+6.750914E-06,-1.033338E+02,+1.705427E+00
+5.876465E+02,+1.984304E-06,-5.709310E-06,-1.043731E+02,-1.236300E+00
+5.878906E+02,-6.299025E-06,-1.547110E-06,-1.037601E+02,-2.900749E+00
+5.881348E+02,+8.292185E-06,+3.769871E-06,-1.008107E+02,+4.266970E-01
+5.883789E+02,+2.229490E-07,-4.244633E-06,-1.074312E+02,-1.518320E+00
+5.886230E+02,-4.088316E-06,-1.198925E-06,-1.074108E+02,-2.856334E+00
+5.888672E+02,-7.792676E-07,+3.719844E-07,-1.212748E+02,+2.696228E+00
+5.891113E+02,+6.464436E-07,+5.416297E-06,-1.052645E+02,+1.452007E+00
+5.893555E+02,+5.603461E-06,-1.267460E-06,-1.048142E+02,-2.224491E-01
+5.895996E+02,-4.628488E-06,-6.626917E-06,-1.018483E+02,-2.180473E+00
+5.898438E+02,-3.626650E-06,+7.103506E-06,-1.019646E+02,+2.042843E+00
+5.900879E+02,+9.283041E-06,-1.052837E-06,-1.005907E+02,-1.129325E-01
+5.903320E+02,-4.923322E-06,+9.524300E-07,-1.059953E+02,+2.950500E+00
+5.905762E+02,-6.875885E-06,-4.322369E-06,-1.018071E+02,-2.580389E+00
+5.908203E+02,+1.081841E-05,+5.129051E-06,-9.843616E+01,+4.427170E-01
+5.910645E+02,+1.903709E-07,-5.261026E-06,-1.055729E+02,-1.534627E+00
+5.913086E+02,-2.498687E-06,+1.185223E-06,-1.111644E+02,+2.698684E+00
+5.915527E+02,-5.839102E-06,+1.499202E-06,-1.043958E+02,+2.890269E+00
+5.917969E+02,+7.436168E-06,-5.982728E-07,-1.025450E+02,-8.028153E-02
+5.920410E+02,-7.205889E-06,-1.106541E-06,-1.027450E+02,-2.989222E+00
+5.922852E+02,+6.448790E-06,+3.592482E-06,-1.026366E+02,+5.082614E-01
+5.925293E+02,-1.659414E-06,-5.881252E-06,-1.042779E+02,-1.845801E+00
+5.927734E+02,+3.144885E-07,+4.359930E-06,-1.071879E+02,+1.498789E+00
+5.930176E+02,+9.546241E-07,-2.019050E-06,-1.130209E+02,-1.129138E+00
+5.932617E+02,-1.037142E-06,+6.510804E-06,-1.036185E+02,+1.728765E+00
+5.935059E+02,-6.103370E-06,-7.028272E-06,-1.006224E+02,-2.285878E+00
+5.937500E+02,+1.264615E-05,+1.483638E-06,-9.790146E+01,+1.167854E-01
+5.939941E+02,-5.118862E-06,-9.407563E-07,-1.056723E+02,-2.959839E+00
+5.942383E+02,-3.580713E-06,-3.721559E-06,-1.057395E+02,-2.336909E+00
+5.944824E+02,+3.069632E-06,+9.080271E-06,-1.003681E+02,+1.244802E+00
+5.947266E+02,-3.129989E-06,-1.133594E-05,-9.859177E+01,-1.840196E+00
+5.949707E+02,+6.827058E-06,+9.411620E-06,-9.869064E+01,+9.432352E-01
+5.952148E+02,-1.023843E-05,+2.216238E-07,-9.979330E+01,+3.119950E+00
+5.954590E+02,+8.329414E-06,-6.901775E-06,-9.931763E+01,-6.919399E-01
+5.957031E+02,-1.338555E-06,+6.872205E-06,-1.030964E+02,+1.763166E+00
+5.959473E+02,-1.771520E-06,-8.445818E-06,-1.012802E+02,-1.777550E+00
+5.961914E+02,+2.516461E-06,+3.803317E-06,-1.068198E+02,+9.862754E-01
+5.964355E+02,-3.910263E-06,-9.666207E-07,-1.078983E+02,-2.899250E+00
+5.966797E+02,+3.498921E-06,+3.157604E-06,-1.065340E+02,+7.341674E-01
+5.969238E+02,+1.047337E-06,-2.846179E-06,-1.103632E+02,-1.218194E+00
+5.971680E+02,-7.210103E-06,-9.499169E-07,-1.027664E+02,-3.010599E+00
+5.974121E+02,+2.571856E-06,+1.583869E-06,-1.103986E+02,+5.519899E-01
+5.976562E+02,+7.295742E-06,-5.938935E-07,-1.027099E+02,-8.122367E-02
+5.979004E+02,-6.164437E-06,-4.527143E-07,-1.041788E+02,-3.068285E+00
+5.981445E+02,-1.777420E-06,+6.879905E-07,-1.143979E+02,+2.772280E+00
+5.983887E+02,+3.044408E-06,-2.335539E-06,-1.083200E+02,-6.543913E-01
+5.986328E+02,-1.534394E-06,+9.447904E-07,-1.148852E+02,+2.589679E+00
+5.988770E+02,+1.511669E-06,+1.294436E-06,-1.140223E+02,+7.081377E-01
+5.991211E+02,+1.454662E-06,+1.611548E-06,-1.132669E+02,+8.365197E-01
+5.993652E+02,-2.790106E-06,-6.831542E-06,-1.026396E+02,-1.958536E+00
+5.996094E+02,-7.972255E-06,+6.764121E-06,-9.961339E+01,+2.437995E+00
+5.998535E+02,+7.257336E-06,-5.438468E-06,-1.008489E+02,-6.431011E-01
+6.000977E+02,+5.271167E-06,+5.913289E-06,-1.020237E+02,+8.427472E-01
+6.003418E+02,-3.064250E-06,-7.798433E-06,-1.015363E+02,-1.945194E+00
+6.005859E+02,-4.724066E-06,+3.785374E-06,-1.043597E+02,+2.466062E+00
+6.008301E+02,+4.612720E-06,+3.802325E-06,-1.044691E+02,+6.893911E-01
+6.010742E+02,-2.467392E-06,-6.431349E-07,-1.118698E+02,-2.886612E+00
+6.013184E+02,-2.457158E-06,-8.192040E-06,-1.013580E+02,-1.862202E+00
+6.015625E+02,+1.350004E-06,+3.319160E-06,-1.089146E+02,+1.184501E+00
+6.018066E+02,+2.781462E-08,+3.780495E-06,-1.084488E+02,+1.563439E+00
+6.020508E+02,+1.681496E-06,+1.640823E-06,-1.125808E+02,+7.731563E-01
+6.022949E+02,+8.893185E-07,-9.480388E-06,-1.004254E+02,-1.477264E+00
+6.025391E+02,-7.781641E-06,+5.680555E-06,-1.003235E+02,+2.511019E+00
+6.027832E+02,+7.366129E-06,+1.125894E-06,-1.025549E+02,+1.516735E-01
+6.030273E+02,-5.174390E-06,-2.442277E-06,-1.048493E+02,-2.700600E+00
+6.032715E+02,+3.866795E-06,+8.168049E-06,-1.008794E+02,+1.128650E+00
+6.035156E+02,-5.982693E-06,-8.579543E-06,-9.960977E+01,-2.179722E+00
+6.037598E+02,+7.326844E-06,+3.486474E-06,-1.018152E+02,+4.441411E-01
+6.040039E+02,-1.141668E-06,-4.417330E-06,-1.068160E+02,-1.823714E+00
+6.042480E+02,-1.986803E-06,+4.850537E-06,-1.056106E+02,+1.959555E+00
+6.044922E+02,-4.684618E-06,-6.826065E-06,-1.016405E+02,-2.172257E+00
+6.047363E+02,+5.070639E-06,+6.097922E-06,-1.020138E+02,+8.771200E-01
+6.049805E+02,-3.941764E-06,+9.405561E-07,-1.078457E+02,+2.907360E+00
+6.052246E+02,+3.752194E-06,+4.261504E-06,-1.049161E+02,+8.488678E-01
+6.054688E+02,-4.685978E-06,-5.144617E-06,-1.031493E+02,-2.309574E+00
+6.057129E+02,+1.692094E-06,-6.182820E-06,-1.038626E+02,-1.303661E+00
+6.059570E+02,-1.102240E-06,+7.910993E-06,-1.019519E+02,+1.709235E+00
+6.062012E+02,+5.863145E-06,-5.156048E-06,-1.021495E+02,-7.213165E-01
+6.064453E+02,-2.393500E-06,+7.792355E-06,-1.017751E+02,+1.868809E+00
+6.066895E+02,-3.490307E-06,-9.555428E-06,-9.985108E+01,-1.921009E+00
+6.069336E+02,+2.707033E-07,+9.366071E-07,-1.202204E+02,+1.289438E+00
+6.071777E+02,-2.189476E-06,+1.006064E-05,-9.974651E+01,+1.785083E+00
+6.074219E+02,+5.098672E-06,-1.110920E-05,-9.825618E+01,-1.140517E+00
+6.076660E+02,-5.984325E-06,+3.432773E-06,-1.032243E+02,+2.620790E+00
+6.079102E+02,+3.459140E-06,+4.889598E-06,-1.044522E+02,+9.550887E-01
+6.081543E+02,-8.164703E-06,-5.639938E-06,-1.000669E+02,-2.537088E+00
+6.083984E+02,+3.064885E-06,+1.162409E-05,-9.840094E+01,+1.312997E+00
+6.086426E+02,+1.773507E-06,-2.650618E-06,-1.099263E+02,-9.811166E-01
+6.088867E+02,+4.793701E-06,-7.003885E-06,-1.014246E+02,-9.705935E-01
+6.091309E+02,-8.414816E-06,+6.176949E-07,-1.014758E+02,+3.068318E+00
+6.093750E+02,+7.748400E-06,+1.222280E-05,-9.678951E+01,+1.005801E+00
+6.096191E+02,-3.225093E-06,-1.307673E-05,-9.741357E+01,-1.812599E+00
+6.098633E+02,+2.577017E-06,-3.242834E-06,-1.076556E+02,-8.993074E-01
+6.101074E+02,-1.056921E-05,+6.950951E-06,-9.795815E+01,+2.559851E+00
+6.103516E+02,+6.575013E-06,+1.388078E-05,-9.627259E+01,+1.128428E+00
+6.105957E+02,-2.296910E-06,-1.842856E-05,-9.462322E+01,-1.694795E+00
+6.108398E+02,+1.390549E-06,+6.586627E-06,-1.034374E+02,+1.362734E+00
+6.110840E+02,+8.522074E-07,+1.429588E-05,-9.688038E+01,+1.511255E+00
+6.113281E+02,+4.123361E-06,-2.679203E-05,-9.133821E+01,-1.418092E+00
+6.115723E+02,-1.131539E-05,+6.414854E-06,-9.771629E+01,+2.625856E+00
+6.118164E+02,-3.257203E-06,+4.181536E-06,-1.055138E+02,+2.232569E+00
+6.120605E+02,-7.701468E-06,+1.020635E-05,-9.786530E+01,+2.217220E+00
+6.123047E+02,-3.219352E-06,+1.318167E-05,-9.734898E+01,+1.810336E+00
+6.125488E+02,+2.083210E-05,-7.844542E-06,-9.304945E+01,-3.601379E-01
+6.127930E+02,-6.572584E-06,-5.153454E-07,-1.036187E+02,-3.063344E+00
+6.130371E+02,-7.234198E-07,-4.841262E-06,-1.062049E+02,-1.719127E+00
+6.132812E+02,-1.406737E-05,+2.069027E-05,-9.203441E+01,+2.167906E+00
+6.135254E+02,+2.178975E-06,-8.847127E-06,-1.008082E+02,-1.329311E+00
+6.137695E+02,+9.623922E-06,+1.497143E-05,-9.499265E+01,+9.994858E-01
+6.140137E+02,-2.004782E-05,+1.374930E-05,-9.228443E+01,+2.540444E+00
+6.142578E+02,+1.801636E-05,+1.986330E-05,-9.143187E+01,+8.341176E-01
+6.145020E+02,-1.943381E-06,+6.918230E-06,-1.028703E+02,+1.844646E+00
+6.147461E+02,+7.917748E-06,+3.075854E-05,-8.996204E+01,+1.318850E+00
+6.149902E+02,+2.941333E-05,+6.154251E-05,-8.332302E+01,+1.124956E+00
+6.152344E+02,+1.183410E-04,+2.764964E-05,-7.830646E+01,+2.295263E-01
+6.154785E+02,+1.509305E-04,-6.563571E-05,-7.567222E+01,-4.102041E-01
+6.157227E+02,+4.763100E-05,-2.038327E-04,-7.358362E+01,-1.341239E+00
+6.159668E+02,-1.057146E-04,-1.917778E-04,-7.319173E+01,-2.074587E+00
+6.162109E+02,-2.147878E-04,-2.471360E-05,-7.330269E+01,-3.027036E+00
+6.164551E+02,-1.417397E-04,+8.292690E-05,-7.569167E+01,+2.612227E+00
+6.166992E+02,-2.356942E-05,+1.414426E-04,-7.686945E+01,+1.735915E+00
+6.169434E+02,+7.602024E-06,+3.648510E-05,-8.857312E+01,+1.365376E+00
+6.171875E+02,+1.422189E-05,+7.817606E-05,-8.199712E+01,+1.390843E+00
+6.174316E+02,-9.400681E-05,+4.706865E-04,-6.637550E+01,+1.767925E+00
+6.176758E+02,+8.169804E-04,-6.637360E-04,-5.955459E+01,-6.822718E-01
+6.179199E+02,-6.988352E-04,-1.948251E-04,-6.278744E+01,-2.869711E+00
+6.181641E+02,-1.876500E-04,+7.325202E-04,-6.242757E+01,+1.821574E+00
+6.184082E+02,+6.239874E-04,-5.140143E-04,-6.184707E+01,-6.890603E-01
+6.186523E+02,-4.258702E-04,+7.774822E-05,-6.727206E+01,+2.961018E+00
+6.188965E+02,+2.575355E-05,+6.514515E-05,-8.309172E+01,+1.194326E+00
+6.191406E+02,+1.165190E-04,+4.307147E-04,-6.700947E+01,+1.306595E+00
+6.193848E+02,+5.770407E-04,-1.904643E-04,-6.432677E+01,-3.188115E-01
+6.196289E+02,+1.931616E-04,-6.415651E-04,-6.347834E+01,-1.278350E+00
+6.198730E+02,-4.528203E-04,-6.812756E-04,-6.174455E+01,-2.157412E+00
+6.201172E+02,-1.043967E-03,-1.633973E-05,-5.962521E+01,-3.125942E+00
+6.203613E+02,-5.718367E-04,+9.930336E-04,-5.881698E+01,+2.093268E+00
+6.206055E+02,+6.397332E-04,+9.843395E-04,-5.860693E+01,+9.944836E-01
+6.208496E+02,+1.123447E-03,-2.287704E-04,-5.881249E+01,-2.008860E-01
+6.210938E+02,+3.766337E-05,-1.112924E-03,-5.906572E+01,-1.536967E+00
+6.213379E+02,-1.533735E-03,-8.353271E-04,-5.515684E+01,-2.642877E+00
+6.215820E+02,+1.531190E-03,+3.700296E-03,-4.794884E+01,+1.178449E+00
+6.218262E+02,-1.281940E-04,-3.598432E-03,-4.887223E+01,-1.606406E+00
+6.220703E+02,-1.037901E-03,+1.200819E-03,-5.598737E+01,+2.283549E+00
+6.223145E+02,+6.872853E-04,+3.115453E-04,-6.244566E+01,+4.255934E-01
+6.225586E+02,+1.058474E-04,-3.818822E-04,-6.803996E+01,-1.300411E+00
+6.228027E+02,-2.118380E-04,-4.872876E-05,-7.325600E+01,-2.915497E+00
+6.230469E+02,-2.806654E-05,+1.354032E-04,-7.718472E+01,+1.775183E+00
+6.232910E+02,+1.145419E-04,+1.228253E-05,-7.877106E+01,+1.068236E-01
+6.235352E+02,-1.835789E-05,-8.513679E-05,-8.120029E+01,-1.783173E+00
+6.237793E+02,-5.991807E-05,+2.854963E-06,-8.443900E+01,+3.093981E+00
+6.240234E+02,+7.496362E-07,+5.270750E-05,-8.556168E+01,+1.556575E+00
+6.242676E+02,+4.632179E-05,-2.412597E-06,-8.667252E+01,-5.203639E-02
+6.245117E+02,-1.283647E-05,-3.416310E-05,-8.875531E+01,-1.930216E+00
+6.247559E+02,-2.380363E-05,+1.667519E-05,-9.073311E+01,+2.530510E+00
+6.250000E+02,+2.218263E-05,+1.880028E-05,-9.072876E+01,+7.030542E-01
+6.252441E+02,+1.929455E-05,-1.706231E-05,-9.178223E+01,-7.240772E-01
+6.254883E+02,-1.926238E-05,-1.354798E-05,-9.256030E+01,-2.528629E+00
+6.257324E+02,-8.995888E-06,+1.569974E-05,-9.484911E+01,+2.091123E+00
+6.259766E+02,+5.280242E-06,+2.015533E-06,-1.049562E+02,+3.646423E-01
+6.262207E+02,+1.310837E-05,-8.949620E-06,-9.598728E+01,-5.990483E-01
+6.264648E+02,-8.902940E-06,-5.790795E-07,-1.009910E+02,-3.076641E+00
+6.267090E+02,+1.830577E-06,+1.079611E-05,-9.921156E+01,+1.402835E+00
+6.269531E+02,+9.398509E-06,-9.700729E-06,-9.738889E+01,-8.012205E-01
+6.271973E+02,-4.387721E-07,-1.289308E-05,-9.778784E+01,-1.604815E+00
+6.274414E+02,-5.185429E-06,+5.640689E-06,-1.023132E+02,+2.314167E+00
+6.276855E+02,-1.948956E-05,-3.130009E-06,-9.409336E+01,-2.982353E+00
+6.279297E+02,+9.400716E-06,+2.821351E-06,-1.001622E+02,+2.915677E-01
+6.281738E+02,-5.142710E-06,+2.070197E-05,-9.341971E+01,+1.814284E+00
+6.284180E+02,+2.383842E-05,-7.562863E-06,-9.203796E+01,-3.072112E-01
+6.286621E+02,-1.518307E-05,-1.269511E-05,-9.407056E+01,-2.445203E+00
+6.289062E+02,+1.152608E-06,-2.223332E-06,-1.120261E+02,-1.092525E+00
+6.291504E+02,-4.634869E-06,+1.478624E-05,-9.619582E+01,+1.874554E+00
+6.293945E+02,+1.522566E-05,-7.827777E-06,-9.532991E+01,-4.748777E-01
+6.296387E+02,-1.317078E-05,-8.586555E-06,-9.606955E+01,-2.563855E+00
+6.298828E+02,+4.331291E-06,+1.665009E-05,-9.528729E+01,+1.316301E+00
+6.301270E+02,+1.053476E-06,-1.133154E-05,-9.887685E+01,-1.478094E+00
+6.303711E+02,-8.337183E-06,-1.694409E-06,-1.014038E+02,-2.941088E+00
+6.306152E+02,+1.013497E-05,+5.639861E-06,-9.871194E+01,+5.078011E-01
+6.308594E+02,-4.867160E-06,-7.509724E-07,-1.061523E+02,-2.988506E+00
+6.311035E+02,+2.604174E-06,+4.297455E-07,-1.115699E+02,+1.635478E-01
+6.313477E+02,+5.400831E-08,+1.610555E-06,-1.158556E+02,+1.537275E+00
+6.315918E+02,+6.469726E-07,-4.589121E-06,-1.066799E+02,-1.430740E+00
+6.318359E+02,-1.052255E-06,+3.896104E-06,-1.078816E+02,+1.834582E+00
+6.320801E+02,-2.851610E-06,-8.504659E-06,-1.009441E+02,-1.894316E+00
+6.323242E+02,+5.235698E-06,+8.645717E-06,-9.990715E+01,+1.026282E+00
+6.325684E+02,-1.294748E-06,-3.537539E-06,-1.084800E+02,-1.921655E+00
+6.328125E+02,+3.162370E-06,+2.050434E-06,-1.084756E+02,+5.752392E-01
+6.330566E+02,-8.702666E-06,-7.414070E-06,-9.883708E+01,-2.435979E+00
+6.333008E+02,-2.082691E-07,+8.287200E-06,-1.016291E+02,+1.595922E+00
+6.335449E+02,+4.013821E-06,-1.999783E-06,-1.069659E+02,-4.622261E-01
+6.337891E+02,+2.833098E-06,-7.285058E-07,-1.106767E+02,-2.516883E-01
+6.340332E+02,-6.871046E-06,-8.402826E-07,-1.031951E+02,-3.019904E+00
+6.342773E+02,+5.506824E-06,+2.357603E-06,-1.044511E+02,+4.045137E-01
+6.345215E+02,-8.314024E-07,-4.290245E-06,-1.071902E+02,-1.762213E+00
+6.347656E+02,+2.215332E-06,+2.684469E-06,-1.091671E+02,+8.808532E-01
+6.350098E+02,-2.655706E-06,+1.471084E-07,-1.115031E+02,+3.086256E+00
+6.352539E+02,+1.424250E-06,-5.134761E-08,-1.169226E+02,-3.603677E-02
+6.354980E+02,+1.277128E-07,-1.438183E-06,-1.168096E+02,-1.482227E+00
+6.357422E+02,-3.812874E-06,-9.996074E-07,-1.080863E+02,-2.885196E+00
+6.359863E+02,+2.338309E-06,+3.337142E-06,-1.077978E+02,+9.596061E-01
+6.362305E+02,-3.958241E-06,-6.702625E-07,-1.079272E+02,-2.973850E+00
+6.364746E+02,+4.675070E-06,-6.363000E-06,-1.020520E+02,-9.371417E-01
+6.367188E+02,+4.689099E-08,+3.848407E-06,-1.082937E+02,+1.558612E+00
+6.369629E+02,+3.902398E-06,+6.933379E-06,-1.019859E+02,+1.058147E+00
+6.372070E+02,-1.121535E-05,-6.586041E-06,-9.771703E+01,-2.610612E+00
+6.374512E+02,+7.752131E-06,-1.852353E-06,-1.019704E+02,-2.345496E-01
+6.376953E+02,-1.835041E-06,+3.041834E-06,-1.089894E+02,+2.113615E+00
+6.379395E+02,-1.634263E-06,-3.168113E-06,-1.089593E+02,-2.047041E+00
+6.381836E+02,+4.395850E-06,+5.558776E-06,-1.029909E+02,+9.016936E-01
+6.384277E+02,-9.262773E-07,-5.612539E-06,-1.049001E+02,-1.734359E+00
+6.386719E+02,+2.360782E-07,+6.045954E-06,-1.043641E+02,+1.531769E+00
+6.389160E+02,-3.220607E-06,-6.637398E-06,-1.026418E+02,-2.022551E+00
+6.391602E+02,-4.872894E-07,+3.564207E-06,-1.088803E+02,+1.706671E+00
+6.394043E+02,+4.616846E-07,+2.123457E-06,-1.132585E+02,+1.356707E+00
+6.396484E+02,-1.074675E-06,-9.153423E-06,-1.007089E+02,-1.687668E+00
+6.398926E+02,+3.653432E-06,+7.814943E-06,-1.012831E+02,+1.133491E+00
+6.401367E+02,+1.785144E-06,-5.541167E-06,-1.046991E+02,-1.259135E+00
+6.403809E+02,-6.702845E-06,+8.218324E-06,-9.948967E+01,+2.254976E+00
+6.406250E+02,+3.463878E-06,-3.792876E-06,-1.057865E+02,-8.307040E-01
+6.408691E+02,+5.351471E-06,-2.369413E-06,-1.046531E+02,-4.168162E-01
+6.411133E+02,-8.108300E-06,-4.507100E-07,-1.018080E+02,-3.086064E+00
+6.413574E+02,+7.134224E-06,+2.459095E-06,-1.024455E+02,+3.319364E-01
+6.416016E+02,-1.032962E-05,-4.008943E-06,-9.910898E+01,-2.771385E+00
+6.418457E+02,+6.022037E-06,+1.748873E-06,-1.040535E+02,+2.826375E-01
+6.420898E+02,+1.012516E-06,+4.190717E-06,-1.073078E+02,+1.333730E+00
+6.423340E+02,-2.995655E-06,-1.842674E-06,-1.090765E+02,-2.590133E+00
+6.425781E+02,+3.399268E-06,-4.401960E-06,-1.050959E+02,-9.132274E-01
+6.428223E+02,-5.798875E-06,+1.030115E-06,-1.045982E+02,+2.965786E+00
+6.430664E+02,+4.051265E-06,+6.608284E-06,-1.022125E+02,+1.020830E+00
+6.433105E+02,-2.435137E-06,-7.470736E-06,-1.020942E+02,-1.885893E+00
+6.435547E+02,+5.146536E-06,+2.652607E-06,-1.047466E+02,+4.759043E-01
+6.437988E+02,-4.632271E-06,-2.508898E-06,-1.055670E+02,-2.645211E+00
+6.440430E+02,+3.165030E-06,+3.629498E-06,-1.063469E+02,+8.536512E-01
+6.442871E+02,-5.599992E-06,+5.012057E-06,-1.024810E+02,+2.411541E+00
+6.445312E+02,+4.465947E-06,-1.118928E-05,-9.838199E+01,-1.191043E+00
+6.447754E+02,+9.357801E-07,+8.366813E-06,-1.014948E+02,+1.459415E+00
+6.450195E+02,-8.961445E-06,-5.742471E-06,-9.945833E+01,-2.571714E+00
+6.452637E+02,+8.180156E-06,+5.108468E-06,-1.003146E+02,+5.582362E-01
+6.455078E+02,+6.345720E-07,-4.508950E-06,-1.068333E+02,-1.430979E+00
+6.457520E+02,-9.631379E-06,+2.446112E-06,-1.000548E+02,+2.892878E+00
+6.459961E+02,+1.501667E-05,+1.539663E-06,-9.642311E+01,+1.021732E-01
+6.462402E+02,-1.542390E-05,-5.351556E-06,-9.574245E+01,-2.807624E+00
+6.464844E+02,+7.468700E-06,+6.118934E-06,-1.003048E+02,+6.863853E-01
+6.467285E+02,+4.290204E-07,-3.025415E-06,-1.102978E+02,-1.429930E+00
+6.469727E+02,-4.068132E-06,-5.301762E-06,-1.035010E+02,-2.225288E+00
+6.472168E+02,+1.464591E-07,+1.207780E-05,-9.835960E+01,+1.558671E+00
+6.474609E+02,+9.578064E-06,-5.936190E-06,-9.896272E+01,-5.548291E-01
+6.477051E+02,-8.622076E-06,+1.409999E-06,-1.011731E+02,+2.979494E+00
+6.479492E+02,-1.722797E-06,-4.159339E-06,-1.069319E+02,-1.963484E+00
+6.481934E+02,+1.263792E-06,+2.011665E-06,-1.124841E+02,+1.009876E+00
+6.484375E+02,+1.914231E-06,+4.747602E-06,-1.058163E+02,+1.187535E+00
+6.486816E+02,+2.593362E-06,-2.529854E-06,-1.088188E+02,-7.730026E-01
+6.489258E+02,-3.716627E-06,-1.737302E-06,-1.077388E+02,-2.704330E+00
+6.491699E+02,+2.943640E-07,+2.945923E-06,-1.105724E+02,+1.471204E+00
+6.494141E+02,+6.421706E-06,-1.534585E-06,-1.036058E+02,-2.345694E-01
+6.496582E+02,-1.360781E-05,-2.726335E-06,-9.715332E+01,-2.943860E+00
+6.499023E+02,+8.717171E-06,+2.972878E-06,-1.007147E+02,+3.286678E-01
+6.501465E+02,-2.741907E-06,+3.975747E-06,-1.063219E+02,+2.174548E+00
+6.503906E+02,+1.060043E-06,-2.774895E-06,-1.105435E+02,-1.205892E+00
+6.506348E+02,+5.054987E-06,-4.173825E-06,-1.036680E+02,-6.902073E-01
+6.508789E+02,-4.166240E-06,+5.433611E-06,-1.032900E+02,+2.224934E+00
+6.511230E+02,-7.859633E-07,-3.978452E-06,-1.078394E+02,-1.765840E+00
+6.513672E+02,+1.236658E-07,+5.202062E-06,-1.056740E+02,+1.547028E+00
+6.516113E+02,+3.207543E-06,-7.041759E-06,-1.022276E+02,-1.143375E+00
+6.518555E+02,-1.601512E-06,+7.365596E-06,-1.024552E+02,+1.784895E+00
+6.520996E+02,-7.363403E-06,-4.458983E-06,-1.013017E+02,-2.597095E+00
+6.523438E+02,+1.215829E-05,+2.251164E-06,-9.815616E+01,+1.830813E-01
+6.525879E+02,-5.271535E-06,+5.192065E-07,-1.055193E+02,+3.043417E+00
+6.528320E+02,-1.186780E-06,-9.008191E-07,-1.165366E+02,-2.492328E+00
+6.530762E+02,+2.025804E-06,+1.345772E-06,-1.122805E+02,+5.863728E-01
+6.533203E+02,-2.163888E-06,-1.621471E-06,-1.113599E+02,-2.498519E+00
+6.535645E+02,-7.591331E-08,+1.096512E-06,-1.191790E+02,+1.639918E+00
+6.538086E+02,+8.825572E-06,+7.374680E-07,-1.010549E+02,+8.336669E-02
+6.540527E+02,-1.163087E-05,-8.149389E-06,-9.695316E+01,-2.530418E+00
+6.542969E+02,+7.030077E-06,+1.013946E-05,-9.817498E+01,+9.645552E-01
+6.545410E+02,-3.268877E-07,-1.351992E-06,-1.171338E+02,-1.808026E+00
+6.547852E+02,+2.069287E-06,-4.702133E-06,-1.057853E+02,-1.156227E+00
+6.550293E+02,-5.530396E-06,+5.591702E-06,-1.020864E+02,+2.350682E+00
+6.552734E+02,+9.367204E-07,-4.323583E-06,-1.070839E+02,-1.357440E+00
+6.555176E+02,+3.163479E-06,-1.778525E-06,-1.088039E+02,-5.121655E-01
+6.557617E+02,-2.957494E-06,-2.422449E-07,-1.105525E+02,-3.059866E+00
+6.560059E+02,+2.587348E-06,+6.765843E-06,-1.028008E+02,+1.205542E+00
+6.562500E+02,-4.836145E-06,-7.607983E-06,-1.009007E+02,-2.137030E+00
+6.564941E+02,+4.965349E-06,-7.830845E-07,-1.059743E+02,-1.564215E-01
+6.567383E+02,-1.332758E-06,+9.090340E-06,-1.007360E+02,+1.716372E+00
+6.569824E+02,-1.703232E-06,-5.896667E-06,-1.042399E+02,-1.851989E+00
+6.572266E+02,+1.738679E-06,+5.609120E-07,-1.147656E+02,+3.120671E-01
+6.574707E+02,+1.132772E-06,-4.737647E-07,-1.182171E+02,-3.961267E-01
+6.577148E+02,-7.107713E-06,+1.939128E-06,-1.026536E+02,+2.875254E+00
+6.579590E+02,+1.025125E-05,+7.040207E-07,-9.976402E+01,+6.856889E-02
+6.582031E+02,-5.777219E-06,+6.739778E-07,-1.047069E+02,+3.025456E+00
+6.584473E+02,-1.420693E-06,-5.655544E-06,-1.046848E+02,-1.816908E+00
+6.586914E+02,+3.425925E-06,-5.541854E-07,-1.091923E+02,-1.603731E-01
+6.589355E+02,+1.557312E-07,+6.085075E-06,-1.043118E+02,+1.545210E+00
+6.591797E+02,+2.483142E-07,-1.710004E-06,-1.152494E+02,-1.426592E+00
+6.594238E+02,-2.848738E-06,-2.214327E-06,-1.088544E+02,-2.480847E+00
+6.596680E+02,+1.801737E-06,+3.540931E-06,-1.080177E+02,+1.100109E+00
+6.599121E+02,-2.794985E-07,-8.380107E-07,-1.210769E+02,-1.892720E+00
+6.601562E+02,+3.458804E-06,-7.808563E-06,-1.013705E+02,-1.153821E+00
+6.604004E+02,-1.382989E-06,+8.084193E-06,-1.017220E+02,+1.740229E+00
+6.606445E+02,-5.282477E-06,+2.819840E-06,-1.044544E+02,+2.651264E+00
+6.608887E+02,+1.927143E-06,-9.451593E-06,-1.003130E+02,-1.369657E+00
+6.611328E+02,+9.031213E-06,+1.041222E-05,-9.721298E+01,+8.563062E-01
+6.613770E+02,-1.019094E-05,-9.747368E-06,-9.701439E+01,-2.378438E+00
+6.616211E+02,+5.262216E-06,+4.345688E-06,-1.033184E+02,+6.902927E-01
+6.618652E+02,-6.572854E-06,+2.855826E-06,-1.028939E+02,+2.731713E+00
+6.621094E+02,+4.769766E-06,-3.842476E-06,-1.042579E+02,-6.781403E-01
+6.623535E+02,+6.822285E-07,+2.158215E-06,-1.129045E+02,+1.264628E+00
+6.625977E+02,-2.540888E-06,-3.688524E-06,-1.069764E+02,-2.174009E+00
+6.628418E+02,+2.659650E-06,+2.148409E-06,-1.093221E+02,+6.794661E-01
+6.630859E+02,+1.494861E-07,+2.352072E-06,-1.125535E+02,+1.507327E+00
+6.633301E+02,+2.381222E-06,-6.130759E-06,-1.036395E+02,-1.200325E+00
+6.635742E+02,-8.152182E-06,+6.517453E-06,-9.962831E+01,+2.467173E+00
+6.638184E+02,+7.736616E-06,-7.895404E-06,-9.912955E+01,-7.955557E-01
+6.640625E+02,-5.986909E-06,+6.200994E-06,-1.012904E+02,+2.338631E+00
+6.643066E+02,-6.300161E-07,+3.731839E-07,-1.227068E+02,+2.606824E+00
+6.645508E+02,+5.324923E-06,-3.524107E-06,-1.038961E+02,-5.846353E-01
+6.647949E+02,-4.394706E-06,+3.765693E-06,-1.047504E+02,+2.433124E+00
+6.650391E+02,+3.142564E-06,-5.445281E-06,-1.040311E+02,-1.047372E+00
+6.652832E+02,+2.732764E-07,+2.058789E-06,-1.136519E+02,+1.438831E+00
+6.655273E+02,-5.147223E-06,+4.706397E-06,-1.031297E+02,+2.400902E+00
+6.657715E+02,+3.935806E-06,-1.008350E-05,-9.931192E+01,-1.198661E+00
+6.660156E+02,+1.514673E-06,+1.180045E-05,-9.849106E+01,+1.443137E+00
+6.662598E+02,-3.287211E-06,-3.749055E-06,-1.060448E+02,-2.290651E+00
+6.665039E+02,+1.105538E-06,-2.417004E-07,-1.189258E+02,-2.152402E-01
+6.667480E+02,-2.935207E-06,-2.567773E-06,-1.081790E+02,-2.422866E+00
+6.669922E+02,+5.444429E-06,+2.552833E-06,-1.044179E+02,+4.384505E-01
+6.672363E+02,-1.303087E-05,-3.917793E-06,-9.732471E+01,-2.849535E+00
+6.674805E+02,+1.282088E-05,+8.587242E-06,-9.623212E+01,+5.901586E-01
+6.677246E+02,-6.393105E-06,-3.941784E-06,-1.024865E+02,-2.589080E+00
+6.679688E+02,+3.310586E-07,+5.015986E-06,-1.059740E+02,+1.504891E+00
+6.682129E+02,+6.674751E-06,-3.081693E-06,-1.026721E+02,-4.325361E-01
+6.684570E+02,-3.537205E-06,+3.648518E-06,-1.058799E+02,+2.340705E+00
+6.687012E+02,+1.490842E-06,+1.371264E-06,-1.138690E+02,+7.436429E-01
+6.689453E+02,+1.135890E-05,-1.317006E-05,-9.519310E+01,-8.591022E-01
+6.691895E+02,+2.068586E-06,+5.520640E-06,-1.045896E+02,+1.212288E+00
+6.694336E+02,-1.790672E-05,+1.391897E-06,-9.491352E+01,+3.064018E+00
+6.696777E+02,+5.187349E-06,-1.033356E-05,-9.873898E+01,-1.105558E+00
+6.699219E+02,+3.173527E-06,+5.713753E-06,-1.036939E+02,+1.063802E+00
+6.701660E+02,-6.792271E-06,+1.040572E-06,-1.032590E+02,+2.989575E+00
+6.704102E+02,+6.256984E-07,-2.755195E-06,-1.109786E+02,-1.347486E+00
+6.706543E+02,+4.601634E-06,+1.027822E-05,-9.896823E+01,+1.149851E+00
+6.708984E+02,-2.088615E-06,-1.238834E-05,-9.801802E+01,-1.737821E+00
+6.711426E+02,+2.336680E-07,+4.133718E-06,-1.076593E+02,+1.514329E+00
+6.713867E+02,-4.308807E-06,+3.984231E-06,-1.046294E+02,+2.395313E+00
+6.716309E+02,+6.920873E-06,-6.310860E-07,-1.031608E+02,-9.093442E-02
+6.718750E+02,-2.452298E-06,-6.789803E-06,-1.028304E+02,-1.917391E+00
+6.721191E+02,+3.142945E-06,+3.443549E-06,-1.066282E+02,+8.310060E-01
+6.723633E+02,-6.495769E-06,+4.282585E-06,-1.021799E+02,+2.558716E+00
+6.726074E+02,+1.987218E-06,-7.930332E-07,-1.133933E+02,-3.797018E-01
+6.728516E+02,-2.651921E-06,-7.333177E-06,-1.021604E+02,-1.917797E+00
+6.730957E+02,+2.959402E-06,+9.867883E-06,-9.974149E+01,+1.279429E+00
+6.733398E+02,+1.740964E-07,-8.042661E-06,-1.018900E+02,-1.549153E+00
+6.735840E+02,+2.980768E-06,+4.880959E-06,-1.048534E+02,+1.022551E+00
+6.738281E+02,-8.911803E-07,-5.119718E-06,-1.056854E+02,-1.743138E+00
+6.740723E+02,-6.678474E-06,+5.703503E-06,-1.011277E+02,+2.434773E+00
+6.743164E+02,+5.332745E-06,-5.921115E-06,-1.019724E+02,-8.376323E-01
+6.745605E+02,-4.645962E-06,+7.815341E-06,-1.008268E+02,+2.107137E+00
+6.748047E+02,+1.517810E-06,-6.477452E-06,-1.035398E+02,-1.340627E+00
+6.750488E+02,+4.484393E-06,+1.734717E-06,-1.063603E+02,+3.691054E-01
+6.752930E+02,-4.237550E-06,+2.027824E-06,-1.065622E+02,+2.695263E+00
+6.755371E+02,+2.229765E-06,+2.898992E-07,-1.129620E+02,+1.292881E-01
+6.757812E+02,-1.945114E-06,-5.059007E-06,-1.053199E+02,-1.937857E+00
+6.760254E+02,+7.720784E-07,+4.516709E-06,-1.067785E+02,+1.401494E+00
+6.762695E+02,+3.592782E-06,+4.227209E-06,-1.051177E+02,+8.663498E-01
+6.765137E+02,-9.881252E-06,-8.666334E-06,-9.762596E+01,-2.421604E+00
+6.767578E+02,+1.430739E-05,+1.040937E-06,-9.686586E+01,+7.262725E-02
+6.770020E+02,-1.144023E-05,+4.204882E-06,-9.828098E+01,+2.789367E+00
+6.772461E+02,+1.915460E-06,+2.683618E-06,-1.096374E+02,+9.508949E-01
+6.774902E+02,+4.938256E-06,-8.929368E-07,-1.059888E+02,-1.788874E-01
+6.777344E+02,+1.030356E-08,-1.113117E-05,-9.906918E+01,-1.569871E+00
+6.779785E+02,-2.979925E-06,+6.910072E-06,-1.024696E+02,+1.977944E+00
+6.782227E+02,-6.769795E-06,+4.441669E-06,-1.018337E+02,+2.560941E+00
+6.784668E+02,+6.933561E-06,-4.649820E-06,-1.015680E+02,-5.907381E-01
+6.787109E+02,+2.234570E-06,+6.246484E-06,-1.035643E+02,+1.227250E+00
+6.789551E+02,-6.208158E-06,-7.186978E-06,-1.004482E+02,-2.283251E+00
+6.791992E+02,+7.277756E-06,+1.600059E-06,-1.025550E+02,+2.164130E-01
+6.794434E+02,-1.767202E-06,+1.856534E-06,-1.118245E+02,+2.331548E+00
+6.796875E+02,-4.033757E-06,-4.684690E-06,-1.041774E+02,-2.281671E+00
+6.799316E+02,-1.461489E-06,+5.406670E-06,-1.050351E+02,+1.834799E+00
+6.801758E+02,+2.494405E-06,-8.213211E-07,-1.116136E+02,-3.180850E-01
+6.804199E+02,+6.053855E-06,-3.434873E-06,-1.031473E+02,-5.160934E-01
+6.806641E+02,-7.094168E-06,+3.883619E-06,-1.018436E+02,+2.640718E+00
+6.809082E+02,+4.694140E-06,-1.093598E-06,-1.063393E+02,-2.288883E-01
+6.811523E+02,-6.316340E-06,-2.657644E-06,-1.032828E+02,-2.743321E+00
+6.813965E+02,+5.525446E-06,+2.789844E-06,-1.041665E+02,+4.675666E-01
+6.816406E+02,-4.643343E-06,-9.956812E-08,-1.066614E+02,-3.120153E+00
+6.818848E+02,+5.363067E-06,-1.151748E-06,-1.052159E+02,-2.115424E-01
+6.821289E+02,-5.394653E-06,+3.528922E-06,-1.038137E+02,+2.562304E+00
+6.823730E+02,+3.335601E-06,-3.194792E-06,-1.067095E+02,-7.638394E-01
+6.826172E+02,-1.078443E-08,-5.157105E-06,-1.057519E+02,-1.572887E+00
+6.828613E+02,+7.610928E-07,+1.120415E-05,-9.899243E+01,+1.502971E+00
+6.831055E+02,-2.645941E-06,-5.689219E-06,-1.040485E+02,-2.006120E+00
+6.833496E+02,-7.786358E-08,+2.324332E-06,-1.126692E+02,+1.604283E+00
+6.835938E+02,+7.853431E-06,-8.855542E-07,-1.020439E+02,-1.122859E-01
+6.838379E+02,-1.078527E-05,-2.616758E-06,-9.909496E+01,-2.903569E+00
+6.840820E+02,+4.960308E-06,-1.953291E-07,-1.060831E+02,-3.935808E-02
+6.843262E+02,-3.307444E-06,+1.462718E-06,-1.088343E+02,+2.725202E+00
+6.845703E+02,+2.014054E-06,-3.635856E-07,-1.137793E+02,-1.786007E-01
+6.848145E+02,+4.315624E-06,+2.178644E-06,-1.063132E+02,+4.675018E-01
+6.850586E+02,-4.640054E-06,-2.644693E-07,-1.066555E+02,-3.084657E+00
+6.853027E+02,+1.945687E-06,-9.816210E-07,-1.132337E+02,-4.672501E-01
+6.855469E+02,-8.469222E-06,+2.520371E-06,-1.010746E+02,+2.852347E+00
+6.857910E+02,+1.402136E-05,-4.728911E-06,-9.659633E+01,-3.252846E-01
+6.860352E+02,-5.421692E-06,+3.519680E-06,-1.037900E+02,+2.565791E+00
+6.862793E+02,-3.975583E-06,+1.863512E-06,-1.071494E+02,+2.703265E+00
+6.865234E+02,+5.631171E-06,-7.330413E-06,-1.006831E+02,-9.157531E-01
+6.867676E+02,-6.031028E-07,+7.921379E-06,-1.019989E+02,+1.646786E+00
+6.870117E+02,-3.952040E-06,-6.120443E-06,-1.027508E+02,-2.144151E+00
+6.872559E+02,+7.076185E-07,-3.310009E-06,-1.094093E+02,-1.360185E+00
+6.875000E+02,+1.248845E-06,+1.117319E-05,-9.898254E+01,+1.459487E+00
+6.877441E+02,+3.925532E-06,-4.180414E-06,-1.048299E+02,-8.168316E-01
+6.879883E+02,-4.989514E-06,-1.237412E-06,-1.057796E+02,-2.898495E+00
+6.882324E+02,-3.184732E-07,-1.364201E-06,-1.170720E+02,-1.800139E+00
+6.884766E+02,+5.752626E-06,-2.710087E-07,-1.047931E+02,-4.707563E-02
+6.887207E+02,-1.194487E-05,+4.816951E-06,-9.780198E+01,+2.758275E+00
+6.889648E+02,+1.007347E-05,-5.506156E-06,-9.880109E+01,-5.002289E-01
+6.892090E+02,-3.305351E-07,+1.350786E-06,-1.171357E+02,+1.810779E+00
+6.894531E+02,+7.154562E-07,+3.184907E-06,-1.097243E+02,+1.349825E+00
+6.896973E+02,-2.633548E-06,-3.533868E-06,-1.071167E+02,-2.211238E+00
+6.899414E+02,-1.911866E-06,+1.073431E-06,-1.131808E+02,+2.629996E+00
+6.901855E+02,+6.230102E-06,+6.713027E-06,-1.007635E+02,+8.226922E-01
+6.904297E+02,-9.542043E-06,-1.155069E-05,-9.648843E+01,-2.261251E+00
+6.906738E+02,+9.998812E-06,+6.921660E-06,-9.830074E+01,+6.055045E-01
+6.909180E+02,-6.021920E-06,-9.003973E-07,-1.043093E+02,-2.993172E+00
+6.911621E+02,-3.941907E-08,-5.377418E-06,-1.053883E+02,-1.578127E+00
+6.914062E+02,+9.303558E-06,+4.872690E-06,-9.957427E+01,+4.824625E-01
+6.916504E+02,-1.710128E-05,+4.399989E-06,-9.506104E+01,+2.889765E+00
+6.918945E+02,+1.257682E-05,-6.529646E-06,-9.697209E+01,-4.788744E-01
+6.921387E+02,-4.617698E-06,-2.634775E-06,-1.054875E+02,-2.623085E+00
+6.923828E+02,+3.719518E-06,+1.015468E-05,-9.931991E+01,+1.219687E+00
+6.926270E+02,-1.689785E-06,-1.103590E-05,-9.904320E+01,-1.722733E+00
+6.928711E+02,-5.640274E-06,+8.896940E-06,-9.954802E+01,+2.135810E+00
+6.931152E+02,+9.798627E-06,-3.572179E-06,-9.963477E+01,-3.495858E-01
+6.933594E+02,-4.594109E-06,-5.284446E-06,-1.030953E+02,-2.286426E+00
+6.936035E+02,+3.348794E-06,+7.596969E-06,-1.016160E+02,+1.155614E+00
+6.938477E+02,-7.787333E-06,+3.362439E-06,-1.014298E+02,+2.733991E+00
+6.940918E+02,+6.342179E-06,-8.084282E-06,-9.976424E+01,-9.055737E-01
+6.943359E+02,-1.767593E-06,-1.110250E-06,-1.136081E+02,-2.580757E+00
+6.945801E+02,-4.943855E-06,+1.414340E-06,-1.057770E+02,+2.862954E+00
+6.948242E+02,+6.664765E-06,+3.614595E-06,-1.024045E+02,+4.969463E-01
+6.950684E+02,+1.329158E-07,-2.444189E-06,-1.122245E+02,-1.516469E+00
+6.953125E+02,-4.882640E-06,+3.513612E-06,-1.044146E+02,+2.517825E+00
+6.955566E+02,+2.973305E-06,-5.928306E-06,-1.035669E+02,-1.105914E+00
+6.958008E+02,+7.955206E-07,+6.274665E-06,-1.039789E+02,+1.444686E+00
+6.960449E+02,+3.146569E-06,-5.464073E-06,-1.040059E+02,-1.048312E+00
+6.962891E+02,-7.133207E-06,-7.985903E-07,-1.028802E+02,-3.030103E+00
+6.965332E+02,+5.058587E-06,+7.614073E-06,-1.007798E+02,+9.843830E-01
+6.967773E+02,-2.705419E-06,-3.625491E-06,-1.068902E+02,-2.211875E+00
+6.970215E+02,+6.286114E-06,-7.854299E-06,-9.994797E+01,-8.958477E-01
+6.972656E+02,-5.407882E-06,+8.908934E-06,-9.964113E+01,+2.116360E+00
+6.975098E+02,-4.071715E-06,-3.848030E-07,-1.077658E+02,-3.047366E+00
+6.977539E+02,+8.089381E-06,-6.197743E-07,-1.018163E+02,-7.646640E-02
+6.979980E+02,-4.772119E-06,-6.509664E-06,-1.018609E+02,-2.203382E+00
+6.982422E+02,+2.325746E-06,+8.927423E-06,-1.007003E+02,+1.315944E+00
+6.984863E+02,-1.889092E-06,-3.007392E-06,-1.089918E+02,-2.131657E+00
+6.987305E+02,+6.921371E-07,+3.381973E-06,-1.092384E+02,+1.368929E+00
+6.989746E+02,+4.892559E-07,-8.943815E-06,-1.009566E+02,-1.516147E+00
+6.992188E+02,-4.265993E-06,+9.197039E-07,-1.072023E+02,+2.929253E+00
+6.994629E+02,+5.485964E-06,+8.482139E-06,-9.991219E+01,+9.966975E-01
+6.997070E+02,-1.279521E-06,-4.030791E-06,-1.074752E+02,-1.878172E+00
+6.999512E+02,-9.904996E-07,-6.899840E-06,-1.031346E+02,-1.713376E+00
+7.001953E+02,-9.489987E-07,+4.589619E-06,-1.065826E+02,+1.774694E+00
+7.004395E+02,+2.137366E-06,+6.213498E-06,-1.036476E+02,+1.239488E+00
+7.006836E+02,-1.545458E-06,-1.345883E-06,-1.137677E+02,-2.425110E+00
+7.009277E+02,+1.077816E-06,-8.107642E-06,-1.017460E+02,-1.438633E+00
+7.011719E+02,-4.121744E-07,+9.596150E-06,-1.003501E+02,+1.613722E+00
+7.014160E+02,+2.653367E-06,-9.900438E-06,-9.978566E+01,-1.308945E+00
+7.016602E+02,+8.101950E-07,+2.554838E-06,-1.114366E+02,+1.263706E+00
+7.019043E+02,-3.797276E-06,+7.892978E-07,-1.082269E+02,+2.936652E+00
+7.021484E+02,-2.588774E-06,+1.100741E-06,-1.110164E+02,+2.739554E+00
+7.023926E+02,+3.893741E-06,-3.384687E-06,-1.057484E+02,-7.155717E-01
+7.026367E+02,-1.336417E-06,+3.999010E-06,-1.075012E+02,+1.893315E+00
+7.028809E+02,-4.735756E-06,+8.244101E-07,-1.063626E+02,+2.969238E+00
+7.031250E+02,+2.416348E-06,+8.299864E-07,-1.118525E+02,+3.308617E-01
+7.033691E+02,+4.712073E-06,+1.031927E-06,-1.063323E+02,+2.155928E-01
+7.036133E+02,-8.591308E-06,-9.717113E-06,-9.774089E+01,-2.294781E+00
+7.038574E+02,+9.463301E-06,+9.963534E-06,-9.723938E+01,+8.111420E-01
+7.041016E+02,-3.706785E-06,-7.697067E-06,-1.013677E+02,-2.019603E+00
+7.043457E+02,-2.035907E-06,+4.863974E-06,-1.055591E+02,+1.967207E+00
+7.045898E+02,+2.374890E-06,-3.899043E-07,-1.123716E+02,-1.627261E-01
+7.048340E+02,-3.878602E-06,+3.508315E-07,-1.081911E+02,+3.051385E+00
+7.050781E+02,+6.365388E-06,-3.237516E-06,-1.029243E+02,-4.705139E-01
+7.053223E+02,-3.866237E-06,+1.321694E-05,-9.722081E+01,+1.855378E+00
+7.055664E+02,+4.078054E-06,-1.403369E-05,-9.670449E+01,-1.287995E+00
+7.058105E+02,-8.516241E-06,+3.992081E-06,-1.005324E+02,+2.703247E+00
+7.060547E+02,+8.138376E-06,+1.960238E-06,-1.015443E+02,+2.363613E-01
+7.062988E+02,-4.870057E-06,-6.436171E-06,-1.018614E+02,-2.218553E+00
+7.065430E+02,+4.091248E-06,+9.114573E-06,-1.000081E+02,+1.148883E+00
+7.067871E+02,-2.019660E-06,-7.575450E-06,-1.021136E+02,-1.831342E+00
+7.070312E+02,+4.452333E-06,+5.500546E-06,-1.030034E+02,+8.903289E-01
+7.072754E+02,-6.322453E-06,+8.088936E-07,-1.039118E+02,+3.014344E+00
+7.075195E+02,+1.601720E-06,-3.598037E-06,-1.080935E+02,-1.151971E+00
+7.077637E+02,-1.657323E-06,+5.441749E-06,-1.049000E+02,+1.866428E+00
+7.080078E+02,+2.891905E-06,-1.377011E-05,-9.703381E+01,-1.363791E+00
+7.082520E+02,-2.128922E-06,+1.216501E-05,-9.816674E+01,+1.744046E+00
+7.084961E+02,+2.278290E-06,-5.739635E-06,-1.041869E+02,-1.192931E+00
+7.087402E+02,+1.894633E-06,+3.085482E-06,-1.088240E+02,+1.020112E+00
+7.089844E+02,-7.021831E-06,+1.237469E-07,-1.030696E+02,+3.123971E+00
+7.092285E+02,+4.474618E-06,-1.586199E-06,-1.064708E+02,-3.406675E-01
+7.094727E+02,-1.305000E-06,+1.460919E-06,-1.141597E+02,+2.299883E+00
+7.097168E+02,+4.807830E-06,-3.229744E-06,-1.047435E+02,-5.915257E-01
+7.099609E+02,-5.929680E-06,+6.999665E-06,-1.007491E+02,+2.273626E+00
+7.102051E+02,+1.708718E-06,-3.952490E-06,-1.073185E+02,-1.162747E+00
+7.104492E+02,+3.095755E-06,-3.483166E-06,-1.066322E+02,-8.442170E-01
+7.106934E+02,-2.415282E-06,+4.611354E-06,-1.056706E+02,+2.053277E+00
+7.109375E+02,-1.063313E-06,-3.482630E-06,-1.087748E+02,-1.867126E+00
+7.111816E+02,-3.809437E-06,+3.404172E-06,-1.058336E+02,+2.412316E+00
+7.114258E+02,+5.346737E-06,-1.112758E-06,-1.052541E+02,-2.051900E-01
+7.116699E+02,-1.217420E-06,-3.122204E-07,-1.180145E+02,-2.890543E+00
+7.119141E+02,+3.368171E-06,+2.533137E-06,-1.075052E+02,+6.448317E-01
+7.121582E+02,-3.254443E-06,-2.684802E-06,-1.074959E+02,-2.451813E+00
+7.124023E+02,+8.704753E-07,-3.573601E-06,-1.086876E+02,-1.331864E+00
+7.126465E+02,-7.925447E-07,+4.046777E-06,-1.076944E+02,+1.764194E+00
+7.128906E+02,-3.175222E-06,-2.725346E-06,-1.075673E+02,-2.432290E+00
+7.131348E+02,+5.371714E-06,+5.553959E-06,-1.022401E+02,+8.020771E-01
+7.133789E+02,-3.211801E-06,-2.229564E-06,-1.081569E+02,-2.534784E+00
+7.136230E+02,+6.510853E-06,-4.522145E-06,-1.020176E+02,-6.070622E-01
+7.138672E+02,-1.000918E-05,+5.027527E-06,-9.901496E+01,+2.676114E+00
+7.141113E+02,+6.744250E-06,-9.479575E-07,-1.033364E+02,-1.396430E-01
+7.143555E+02,-5.106091E-07,-5.121328E-06,-1.057694E+02,-1.670170E+00
+7.145996E+02,-6.383922E-06,+9.937489E-06,-9.855400E+01,+2.141816E+00
+7.148438E+02,+5.250507E-06,-6.962256E-06,-1.011895E+02,-9.246517E-01
+7.150879E+02,+1.120598E-06,+5.777304E-06,-1.046051E+02,+1.379210E+00
+7.153320E+02,-3.185644E-06,-1.007002E-05,-9.952516E+01,-1.877184E+00
+7.155762E+02,+3.114120E-06,+4.992743E-06,-1.046061E+02,+1.013111E+00
+7.158203E+02,-5.423108E-06,+7.873354E-06,-1.003905E+02,+2.173961E+00
+7.160645E+02,+8.726925E-06,-1.022108E-05,-9.743211E+01,-8.640908E-01
+7.163086E+02,-4.356297E-06,+5.376558E-06,-1.031980E+02,+2.251750E+00
+7.165527E+02,-1.020078E-06,-5.706821E-06,-1.047355E+02,-1.747675E+00
+7.167969E+02,+3.805026E-06,+9.650323E-06,-9.968159E+01,+1.195222E+00
+7.170410E+02,-2.205857E-06,-9.744708E-06,-1.000076E+02,-1.793409E+00
+7.172852E+02,+8.307877E-07,-9.832381E-07,-1.178069E+02,-8.692409E-01
+7.175293E+02,-4.435214E-06,+8.659516E-06,-1.002384E+02,+2.044139E+00
+7.177734E+02,-8.960477E-07,-1.798219E-06,-1.139400E+02,-2.033081E+00
+7.180176E+02,+3.921934E-06,-2.132688E-06,-1.070049E+02,-4.980590E-01
+7.182617E+02,-1.703945E-06,+3.089822E-06,-1.090482E+02,+2.074768E+00
+7.185059E+02,+1.742878E-06,-4.620863E-06,-1.061279E+02,-1.210119E+00
+7.187500E+02,+1.144332E-06,+2.202336E-06,-1.121043E+02,+1.091592E+00
+7.189941E+02,+6.758004E-06,-2.859261E-06,-1.026885E+02,-4.002538E-01
+7.192383E+02,-1.056644E-05,+5.149443E-06,-9.859597E+01,+2.688125E+00
+7.194824E+02,-1.225903E-06,-3.932951E-06,-1.077029E+02,-1.872953E+00
+7.197266E+02,+7.468479E-06,+3.131728E-08,-1.025353E+02,+4.193236E-03
+7.199707E+02,-7.730097E-06,+3.405554E-06,-1.014659E+02,+2.726619E+00
+7.202148E+02,+4.605989E-06,-2.629610E-07,-1.067194E+02,-5.702919E-02
+7.204590E+02,+1.584264E-06,-8.947936E-06,-1.008315E+02,-1.395559E+00
+7.207031E+02,-3.653135E-06,+9.322806E-06,-9.998872E+01,+1.944256E+00
+7.209473E+02,+1.040484E-06,+1.317661E-06,-1.154993E+02,+9.024019E-01
+7.211914E+02,+6.023909E-06,-5.172885E-06,-1.020034E+02,-7.095380E-01
+7.214355E+02,-1.244046E-05,+4.277346E-06,-9.761802E+01,+2.810429E+00
+7.216797E+02,+1.367634E-05,-4.475778E-06,-9.683872E+01,-3.162785E-01
+7.219238E+02,-9.174749E-06,-4.252051E-06,-9.990311E+01,-2.707609E+00
+7.221680E+02,+4.014186E-06,+8.566481E-06,-1.004819E+02,+1.132589E+00
+7.224121E+02,-3.675723E-07,+9.547523E-07,-1.198019E+02,+1.938298E+00
+7.226562E+02,-9.712652E-06,-4.826833E-06,-9.929467E+01,-2.680377E+00
+7.229004E+02,+1.445942E-05,-3.531382E-07,-9.679440E+01,-2.441785E-02
+7.231445E+02,-5.137598E-06,+9.751216E-07,-1.056311E+02,+2.954023E+00
+7.233887E+02,-2.409040E-06,+1.279078E-06,-1.112846E+02,+2.653493E+00
+7.236328E+02,+1.400822E-06,-3.159263E-06,-1.092288E+02,-1.153443E+00
+7.238770E+02,+3.304521E-06,+1.670648E-06,-1.086293E+02,+4.680890E-01
+7.241211E+02,-2.267236E-06,+3.554341E-08,-1.128890E+02,+3.125917E+00
+7.243652E+02,+1.175223E-07,+6.014790E-06,-1.044139E+02,+1.551260E+00
+7.246094E+02,-5.669607E-06,-6.728813E-06,-1.011114E+02,-2.270971E+00
+7.248535E+02,+7.897935E-06,+1.877593E-06,-1.018110E+02,+2.333996E-01
+7.250977E+02,-2.660941E-06,-2.427274E-06,-1.088698E+02,-2.402085E+00
+7.253418E+02,+1.356173E-06,+1.284096E-06,-1.145741E+02,+7.581061E-01
+7.255859E+02,-1.769053E-06,-2.281296E-06,-1.107915E+02,-2.230393E+00
+7.258301E+02,+3.013468E-08,+6.734846E-06,-1.034334E+02,+1.566322E+00
+7.260742E+02,-5.688592E-06,-9.006717E-06,-9.945077E+01,-2.134124E+00
+7.263184E+02,+6.623808E-06,+7.203179E-06,-1.001881E+02,+8.272752E-01
+7.265625E+02,+2.672277E-06,+2.086794E-06,-1.093946E+02,+6.629887E-01
+7.268066E+02,-3.736554E-06,-8.270688E-06,-1.008425E+02,-1.995132E+00
+7.270508E+02,-2.356506E-07,+7.505258E-06,-1.024884E+02,+1.602184E+00
+7.272949E+02,-2.092967E-06,-7.345986E-06,-1.023400E+02,-1.848355E+00
+7.275391E+02,+6.842798E-06,+2.289622E-06,-1.028344E+02,+3.228930E-01
+7.277832E+02,-1.278512E-06,+3.980590E-06,-1.075747E+02,+1.881575E+00
+7.280273E+02,-4.203140E-06,-1.771375E-06,-1.068185E+02,-2.742741E+00
+7.282715E+02,-2.176752E-06,-1.955114E-06,-1.106749E+02,-2.409784E+00
+7.285156E+02,+5.681087E-06,+1.007552E-06,-1.047769E+02,+1.755269E-01
+7.287598E+02,-2.007451E-06,-3.785855E-06,-1.073607E+02,-2.058350E+00
+7.290039E+02,+3.044232E-08,+6.415833E-06,-1.038548E+02,+1.566051E+00
+7.292480E+02,-5.507429E-07,-3.989764E-06,-1.078991E+02,-1.707968E+00
+7.294922E+02,-1.869714E-06,+1.140559E-06,-1.131906E+02,+2.593840E+00
+7.297363E+02,+3.510641E-06,-1.496659E-06,-1.083670E+02,-4.029889E-01
+7.299805E+02,+3.365431E-06,+4.270886E-06,-1.052920E+02,+9.034193E-01
+7.302246E+02,-6.840365E-06,-2.068916E-06,-1.029183E+02,-2.847883E+00
+7.304688E+02,+6.332940E-07,-3.642052E-06,-1.086437E+02,-1.398634E+00
+7.307129E+02,-3.438852E-06,+7.043715E-06,-1.021155E+02,+2.024972E+00
+7.309570E+02,+3.839897E-06,-5.631102E-06,-1.033298E+02,-9.723157E-01
+7.312012E+02,+3.938298E-07,+1.700905E-06,-1.151596E+02,+1.343265E+00
+7.314453E+02,+2.746464E-06,+1.355989E-06,-1.102771E+02,+4.586124E-01
+7.316895E+02,-1.115149E-06,-2.300348E-06,-1.118474E+02,-2.022189E+00
+7.319336E+02,+2.713658E-06,-1.579804E-06,-1.100613E+02,-5.272043E-01
+7.321777E+02,-1.148716E-05,+4.548680E-06,-9.816316E+01,+2.764557E+00
+7.324219E+02,+1.191953E-05,-5.022014E-06,-9.776515E+01,-3.987549E-01
+7.326660E+02,-3.892185E-06,+5.215557E-06,-1.037313E+02,+2.211902E+00
+7.329102E+02,-5.960852E-07,-3.255600E-06,-1.096042E+02,-1.751886E+00
+7.331543E+02,-1.759100E-06,+2.444503E-06,-1.104239E+02,+2.194565E+00
+7.333984E+02,-1.689252E-06,-2.203474E-06,-1.111301E+02,-2.224857E+00
+7.336426E+02,+4.744526E-06,+6.033875E-07,-1.064065E+02,+1.264965E-01
+7.338867E+02,-2.592599E-06,-5.285344E-07,-1.115485E+02,-2.940486E+00
+7.341309E+02,+3.436386E-06,+1.781130E-06,-1.082445E+02,+4.781919E-01
+7.343750E+02,-7.544329E-06,-3.809570E-07,-1.024365E+02,-3.091140E+00
+7.346191E+02,+1.459252E-05,+1.072645E-06,-9.669399E+01,+7.337452E-02
+7.348633E+02,-1.763595E-05,-3.435274E-06,-9.491029E+01,-2.949214E+00
+7.351074E+02,+1.169958E-05,+2.993108E-06,-9.836127E+01,+2.504586E-01
+7.353516E+02,-6.694623E-06,-3.723643E-06,-1.023148E+02,-2.633991E+00
+7.355957E+02,+6.833147E-06,+3.223791E-06,-1.024348E+02,+4.408237E-01
+7.358398E+02,-8.591002E-06,+3.516712E-06,-1.006463E+02,+2.753053E+00
+7.360840E+02,+1.473020E-05,-5.703167E-06,-9.602921E+01,-3.694017E-01
+7.363281E+02,-1.614282E-05,+2.806776E-06,-9.571107E+01,+2.969442E+00
+7.365723E+02,+8.584876E-06,-2.156601E-06,-1.010596E+02,-2.461166E-01
+7.368164E+02,-4.224028E-06,+5.207170E-06,-1.034720E+02,+2.252326E+00
+7.370605E+02,+1.547605E-06,-9.515698E-06,-1.003178E+02,-1.409571E+00
+7.373047E+02,+1.642086E-06,+6.564285E-06,-1.033926E+02,+1.325672E+00
+7.375488E+02,-1.081921E-06,+5.005260E-07,-1.184738E+02,+2.708288E+00
+7.377930E+02,-7.244612E-07,-6.388760E-06,-1.038362E+02,-1.683710E+00
+7.380371E+02,+6.092144E-07,+5.613810E-06,-1.049640E+02,+1.462699E+00
+7.382812E+02,-1.436457E-07,+3.143531E-06,-1.100426E+02,+1.616460E+00
+7.385254E+02,-8.303270E-07,-4.952145E-06,-1.059837E+02,-1.736921E+00
+7.387695E+02,+3.183603E-06,+4.160582E-06,-1.056152E+02,+9.176492E-01
+7.390137E+02,-2.304603E-06,-6.036337E-06,-1.037936E+02,-1.935505E+00
+7.392578E+02,-2.335927E-06,+4.729416E-06,-1.055558E+02,+2.029564E+00
+7.395020E+02,+4.445308E-06,-5.282619E-06,-1.032178E+02,-8.712595E-01
+7.397461E+02,+1.410071E-06,+3.647597E-06,-1.081550E+02,+1.201916E+00
+7.399902E+02,-3.843763E-06,+2.147589E-06,-1.071250E+02,+2.632079E+00
+7.402344E+02,-2.733733E-06,-1.010372E-05,-9.960354E+01,-1.835037E+00
+7.404785E+02,+3.154309E-06,+1.536650E-05,-9.608926E+01,+1.368337E+00
+7.407227E+02,-1.063847E-07,-4.419472E-06,-1.070901E+02,-1.594863E+00
+7.409668E+02,+5.971277E-06,-7.706552E-06,-1.002206E+02,-9.115917E-01
+7.412109E+02,-9.880871E-06,+6.631304E-06,-9.848919E+01,+2.550510E+00
+7.414551E+02,+2.436332E-06,-7.365583E-06,-1.022049E+02,-1.251352E+00
+7.416992E+02,+1.167131E-05,+7.671989E-06,-9.709789E+01,+5.815159E-01
+7.419434E+02,-1.698081E-05,-1.549348E-06,-9.536483E+01,-3.050603E+00
+7.421875E+02,+7.478241E-06,-2.045115E-06,-1.022108E+02,-2.669483E-01
+7.424316E+02,+2.797381E-06,-1.222549E-07,-1.110567E+02,-4.367557E-02
+7.426758E+02,-5.654501E-06,-1.958667E-08,-1.049521E+02,-3.138129E+00
+7.429199E+02,+1.271093E-06,-5.779700E-08,-1.179075E+02,-4.543900E-02
+7.431641E+02,+6.923195E-06,+3.547894E-06,-1.021811E+02,+4.735697E-01
+7.434082E+02,-4.290076E-06,-4.727067E-06,-1.038987E+02,-2.307770E+00
+7.436523E+02,-8.997113E-06,+7.392832E-06,-9.867734E+01,+2.453766E+00
+7.438965E+02,+1.103698E-05,-1.221621E-05,-9.566949E+01,-8.360673E-01
+7.441406E+02,-7.458249E-06,+1.622317E-05,-9.496459E+01,+2.001711E+00
+7.443848E+02,+5.259947E-06,-1.918617E-05,-9.402551E+01,-1.303218E+00
+7.446289E+02,-2.303382E-06,+1.481552E-05,-9.648193E+01,+1.725032E+00
+7.448730E+02,+1.127631E-05,-5.876861E-07,-9.894489E+01,-5.206978E-02
+7.451172E+02,-1.433836E-05,-9.792441E-06,-9.520741E+01,-2.542399E+00
+7.453613E+02,+2.118798E-06,+2.438227E-06,-1.098154E+02,+8.553796E-01
+7.456055E+02,-1.731776E-06,+3.779032E-06,-1.076245E+02,+2.000497E+00
+7.458496E+02,+5.897098E-06,+4.296796E-06,-1.027378E+02,+6.296828E-01
+7.460938E+02,-2.708481E-06,-4.980859E-06,-1.049289E+02,-2.068850E+00
+7.463379E+02,+2.147213E-06,-3.691900E-06,-1.073896E+02,-1.044015E+00
+7.465820E+02,-1.316565E-05,+5.774869E-06,-9.684694E+01,+2.728233E+00
+7.468262E+02,+1.789328E-05,-1.378239E-06,-9.492051E+01,-7.687372E-02
+7.470703E+02,-9.014729E-06,-7.279712E-06,-9.872055E+01,-2.462274E+00
+7.473145E+02,-3.301802E-06,+5.449419E-06,-1.039149E+02,+2.115543E+00
+7.475586E+02,+2.705335E-06,+1.305088E-05,-9.750449E+01,+1.366400E+00
+7.478027E+02,-6.157930E-06,-1.823005E-06,-1.038465E+02,-2.853771E+00
+7.480469E+02,+1.999292E-05,-6.717410E-07,-9.397758E+01,-3.358630E-02
+7.482910E+02,+2.483961E-06,-1.607490E-06,-1.105779E+02,-5.743675E-01
+7.485352E+02,-7.134121E-06,-1.426817E-05,-9.594353E+01,-2.034446E+00
+7.487793E+02,-2.890919E-06,+1.416704E-06,-1.098445E+02,+2.685934E+00
+7.490234E+02,-4.297132E-06,-1.867681E-06,-1.065849E+02,-2.731590E+00
+7.492676E+02,+7.049467E-06,+9.552254E-06,-9.850964E+01,+9.350261E-01
+7.495117E+02,-8.888649E-06,-3.750077E-06,-1.003119E+02,-2.742355E+00
+7.497559E+02,+3.375675E-06,-9.249558E-07,-1.091184E+02,-2.674420E-01
+7.500000E+02,-1.905836E-06,+7.696028E-07,-1.137422E+02,+2.757803E+00
+7.502441E+02,-1.105940E-06,+3.801234E-06,-1.080486E+02,+1.853923E+00
+7.504883E+02,+9.765345E-06,-8.882987E-06,-9.758778E+01,-7.381178E-01
+7.507324E+02,-8.740249E-06,+9.934661E-06,-9.756740E+01,+2.292323E+00
+7.509766E+02,-5.377727E-06,-3.126370E-06,-1.041235E+02,-2.614995E+00
+7.512207E+02,+6.528098E-06,-6.031039E-06,-1.010243E+02,-7.458413E-01
+7.514648E+02,+2.713711E-06,+1.070716E-05,-9.913613E+01,+1.322575E+00
+7.517090E+02,-1.547076E-06,-5.355809E-06,-1.050755E+02,-1.852001E+00
+7.519531E+02,+1.332259E-06,-7.666541E-06,-1.021788E+02,-1.398739E+00
+7.521973E+02,-6.332024E-06,+9.060634E-06,-9.912965E+01,+2.180750E+00
+7.524414E+02,+6.881203E-06,+3.391320E-06,-1.023024E+02,+4.579018E-01
+7.526855E+02,-3.657767E-06,-4.453502E-06,-1.047869E+02,-2.258405E+00
+7.529297E+02,+3.179366E-06,+5.010601E-06,-1.045328E+02,+1.005375E+00
+7.531738E+02,-1.694785E-06,-4.923954E-06,-1.056675E+02,-1.902287E+00
+7.534180E+02,-1.010345E-07,-4.286728E-06,-1.073551E+02,-1.594361E+00
+7.536621E+02,+1.499404E-06,+5.857798E-06,-1.043697E+02,+1.320210E+00
+7.539062E+02,-4.699421E-06,-2.205496E-06,-1.056946E+02,-2.702795E+00
+7.541504E+02,+3.737385E-06,-6.515167E-07,-1.084186E+02,-1.725899E-01
+7.543945E+02,-3.451697E-06,-1.297902E-07,-1.092332E+02,-3.104008E+00
+7.546387E+02,+7.345070E-06,+3.528936E-06,-1.017781E+02,+4.478854E-01
+7.548828E+02,-3.576992E-06,+5.522539E-07,-1.088273E+02,+2.988411E+00
+7.551270E+02,-6.602905E-07,-3.620876E-06,-1.086817E+02,-1.751171E+00
+7.553711E+02,+5.998028E-07,-1.142356E-06,-1.177865E+02,-1.087304E+00
+7.556152E+02,+1.188372E-06,-3.365176E-06,-1.089494E+02,-1.231328E+00
+7.558594E+02,-6.024732E-06,+1.795067E-06,-1.040319E+02,+2.852018E+00
+7.561035E+02,+9.064282E-07,+9.279664E-06,-1.006081E+02,+1.473426E+00
+7.563477E+02,+1.409387E-05,-9.553938E-06,-9.537729E+01,-5.957247E-01
+7.565918E+02,-2.705581E-05,+5.819398E-06,-9.115838E+01,+2.929732E+00
+7.568359E+02,+2.327792E-05,+5.161050E-07,-9.265898E+01,+2.216780E-02
+7.570801E+02,-1.596131E-06,-8.097022E-06,-1.016679E+02,-1.765427E+00
+7.573242E+02,-1.025183E-05,+5.029199E-06,-9.884747E+01,+2.685521E+00
+7.575684E+02,-7.491366E-06,-7.312867E-08,-1.025084E+02,-3.131831E+00
+7.578125E+02,+1.766761E-05,+9.973024E-06,-9.385518E+01,+5.138927E-01
+7.580566E+02,-3.589997E-08,-7.771903E-06,-1.021894E+02,-1.575415E+00
+7.583008E+02,-5.009214E-06,-4.714435E-06,-1.032497E+02,-2.386501E+00
+7.585449E+02,-3.850010E-06,+1.723912E-06,-1.074972E+02,+2.720596E+00
+7.587891E+02,-1.063557E-06,+8.064410E-06,-1.017937E+02,+1.701922E+00
+7.590332E+02,+1.593867E-05,-3.823619E-06,-9.570795E+01,-2.354464E-01
+7.592773E+02,+3.855852E-06,-7.891696E-06,-1.011268E+02,-1.116313E+00
+7.595215E+02,-1.539734E-05,-2.499107E-05,-9.064678E+01,-2.122980E+00
+7.597656E+02,-3.386314E-05,+3.084975E-05,-8.678107E+01,+2.402726E+00
+7.600098E+02,+3.351417E-05,+1.260401E-05,-8.892091E+01,+3.597171E-01
+7.602539E+02,+2.375756E-07,-2.678975E-05,-9.144028E+01,-1.561928E+00
+7.604980E+02,-1.627025E-05,+4.562623E-05,-8.629585E+01,+1.913338E+00
+7.607422E+02,+2.586558E-05,-3.770181E-05,-8.679759E+01,-9.694898E-01
+7.609863E+02,+5.312622E-06,+1.045652E-06,-1.053288E+02,+1.943400E-01
+7.612305E+02,-3.023969E-05,-3.640878E-06,-9.032594E+01,-3.021769E+00
+7.614746E+02,+1.474160E-05,+1.780050E-05,-9.272319E+01,+8.791209E-01
+7.617188E+02,+7.996990E-08,-4.531928E-06,-1.068730E+02,-1.553152E+00
+7.619629E+02,-1.032474E-06,-7.087788E-06,-1.028986E+02,-1.715448E+00
+7.622070E+02,-3.157298E-07,+5.034896E-06,-1.059431E+02,+1.633423E+00
+7.624512E+02,+9.137132E-06,+3.890254E-07,-1.007759E+02,+4.255062E-02
+7.626953E+02,+3.385732E-07,-2.757707E-06,-1.111241E+02,-1.448634E+00
+7.629395E+02,-1.129317E-05,-1.795405E-05,-9.346900E+01,-2.132270E+00
+7.631836E+02,-1.802758E-05,+1.281337E-05,-9.310535E+01,+2.523678E+00
+7.634277E+02,+7.028074E-06,+2.752271E-05,-9.093184E+01,+1.320784E+00
+7.636719E+02,+7.906619E-06,-3.409885E-06,-1.012994E+02,-4.071692E-01
+7.639160E+02,+2.336940E-05,+1.278417E-05,-9.149009E+01,+5.005734E-01
+7.641602E+02,+1.587766E-05,-3.925930E-05,-8.746324E+01,-1.186476E+00
+7.644043E+02,-1.776046E-05,-6.956200E-06,-9.439110E+01,-2.768290E+00
+7.646484E+02,-1.500179E-05,+1.239241E-05,-9.421790E+01,+2.451161E+00
+7.648926E+02,-3.243853E-06,-6.380918E-06,-1.029040E+02,-2.041116E+00
+7.651367E+02,+9.642637E-06,+6.184665E-06,-9.881965E+01,+5.702968E-01
+7.653809E+02,-4.785720E-06,+3.704560E-07,-1.063751E+02,+3.064338E+00
+7.656250E+02,+3.623112E-06,+3.980063E-06,-1.053808E+02,+8.323113E-01
+7.658691E+02,-2.273493E-06,-7.964950E-06,-1.016362E+02,-1.848840E+00
+7.661133E+02,-1.200013E-06,-2.094984E-06,-1.123441E+02,-2.090978E+00
+7.663574E+02,-1.049096E-06,-3.778280E-06,-1.081316E+02,-1.841638E+00
+7.666016E+02,-6.676619E-06,+1.177265E-05,-9.737140E+01,+2.086696E+00
+7.668457E+02,-1.952184E-06,+4.976251E-06,-1.054403E+02,+1.944647E+00
+7.670898E+02,+1.262924E-05,-5.766447E-06,-9.715005E+01,-4.283246E-01
+7.673340E+02,-5.918640E-06,+3.507353E-06,-1.032485E+02,+2.606636E+00
+7.675781E+02,+9.438049E-06,-3.679909E-06,-9.988774E+01,-3.717705E-01
+7.678223E+02,+2.076945E-06,-3.088578E-06,-1.085846E+02,-9.787937E-01
+7.680664E+02,-1.058959E-05,+7.744322E-07,-9.947926E+01,+3.068591E+00
+7.683105E+02,+4.190895E-06,-3.745570E-06,-1.050041E+02,-7.293457E-01
+7.685547E+02,-7.830039E-06,-5.232016E-06,-1.005216E+02,-2.552531E+00
+7.687988E+02,+1.326210E-06,+1.132764E-05,-9.885809E+01,+1.454250E+00
+7.690430E+02,+1.307771E-06,-1.132235E-06,-1.152401E+02,-7.135811E-01
+7.692871E+02,-7.971044E-06,-2.677213E-06,-1.015055E+02,-2.817563E+00
+7.695312E+02,+1.070736E-05,+3.212559E-06,-9.903201E+01,+2.914869E-01
+7.697754E+02,-5.478228E-06,+3.045197E-06,-1.040578E+02,+2.634252E+00
+7.700195E+02,+6.042699E-06,-9.551234E-07,-1.042682E+02,-1.567654E-01
+7.702637E+02,-6.126850E-06,+5.872786E-07,-1.042155E+02,+3.046031E+00
+7.705078E+02,+2.245562E-06,-8.052623E-07,-1.124481E+02,-3.443172E-01
+7.707520E+02,+1.616170E-06,-9.172101E-07,-1.146177E+02,-5.161953E-01
+7.709961E+02,-2.405203E-06,-2.772504E-06,-1.087057E+02,-2.285374E+00
+7.712402E+02,+6.382966E-06,-6.301486E-07,-1.038574E+02,-9.840461E-02
+7.714844E+02,-9.605204E-06,+1.367814E-05,-9.553849E+01,+2.183017E+00
+7.717285E+02,+6.918717E-06,-1.346417E-05,-9.639876E+01,-1.096121E+00
+7.719727E+02,+6.068755E-06,+7.220008E-06,-1.005081E+02,+8.718160E-01
+7.722168E+02,-4.581932E-06,-9.736681E-07,-1.065872E+02,-2.932206E+00
+7.724609E+02,-2.799483E-06,-5.552052E-06,-1.041271E+02,-2.037818E+00
+7.727051E+02,-6.910864E-06,+3.296077E-06,-1.023192E+02,+2.696562E+00
+7.729492E+02,+9.615670E-06,-2.188787E-06,-1.001210E+02,-2.238135E-01
+7.731934E+02,+4.493176E-07,-2.151598E-06,-1.131594E+02,-1.364925E+00
+7.734375E+02,-5.423438E-06,+4.340650E-06,-1.031646E+02,+2.466638E+00
+7.736816E+02,+4.809479E-06,-1.864482E-06,-1.057500E+02,-3.698305E-01
+7.739258E+02,-5.214899E-06,-3.180377E-06,-1.042818E+02,-2.593952E+00
+7.741699E+02,+3.765828E-06,+6.293571E-06,-1.026929E+02,+1.031583E+00
+7.744141E+02,-9.515859E-07,-1.405086E-06,-1.154064E+02,-2.166086E+00
+7.746582E+02,+1.675062E-06,-3.148661E-06,-1.089552E+02,-1.081884E+00
+7.749023E+02,-4.532407E-06,+6.404261E-06,-1.021072E+02,+2.186683E+00
+7.751465E+02,+4.388295E-06,-3.761696E-06,-1.047616E+02,-7.086657E-01
+7.753906E+02,+4.107693E-07,-2.591448E-06,-1.116214E+02,-1.413595E+00
+7.756348E+02,-2.126869E-06,-6.105747E-07,-1.131013E+02,-2.862034E+00
+7.758789E+02,-3.705354E-06,+3.608609E-06,-1.057265E+02,+2.369421E+00
+7.761230E+02,+5.278776E-06,+3.177148E-06,-1.042068E+02,+5.417949E-01
+7.763672E+02,-2.764263E-06,-5.746138E-06,-1.039084E+02,-2.019181E+00
+7.766113E+02,+5.098375E-06,+5.385476E-06,-1.025966E+02,+8.127764E-01
+7.768555E+02,-4.002170E-06,-5.012176E-06,-1.038574E+02,-2.244616E+00
+7.770996E+02,-3.531656E-06,+4.697690E-06,-1.046167E+02,+2.215439E+00
+7.773438E+02,+5.448396E-06,-4.525548E-06,-1.029959E+02,-6.931350E-01
+7.775879E+02,+8.281030E-07,+2.417930E-06,-1.118494E+02,+1.240833E+00
+7.778320E+02,-6.529583E-07,+5.303129E-07,-1.215022E+02,+2.459475E+00
+7.780762E+02,-5.109931E-06,-3.712478E-06,-1.039909E+02,-2.513288E+00
+7.783203E+02,+3.802757E-06,+3.891587E-06,-1.052863E+02,+7.969425E-01
+7.785645E+02,+2.340295E-06,+9.054740E-07,-1.120088E+02,+3.691677E-01
+7.788086E+02,-5.708083E-07,-4.241400E-06,-1.073719E+02,-1.704573E+00
+7.790527E+02,-4.906096E-06,-8.588244E-07,-1.060542E+02,-2.968296E+00
+7.792969E+02,+3.475937E-06,-1.275673E-07,-1.091727E+02,-3.668365E-02
+7.795410E+02,-2.245069E-06,+4.433673E-06,-1.060734E+02,+2.039525E+00
+7.797852E+02,-5.614599E-06,-3.973112E-06,-1.032505E+02,-2.525758E+00
+7.800293E+02,+1.457477E-05,+1.444772E-05,-9.375552E+01,+7.810204E-01
+7.802734E+02,-1.078636E-05,-1.725462E-05,-9.382928E+01,-2.129488E+00
+7.805176E+02,+8.169838E-06,+2.512249E-06,-1.013633E+02,+2.983259E-01
+7.807617E+02,-7.173172E-06,+4.098691E-06,-1.016587E+02,+2.622474E+00
+7.810059E+02,-3.150825E-07,+1.029291E-06,-1.193602E+02,+1.867855E+00
+7.812500E+02,+9.565742E-06,-3.149129E-06,-9.993874E+01,-3.180341E-01
+7.814941E+02,-8.585692E-06,-3.644954E-06,-1.006048E+02,-2.740113E+00
+7.817383E+02,+6.991128E-06,+8.104766E-06,-9.940955E+01,+8.590357E-01
+7.819824E+02,-8.269241E-06,-8.179827E-06,-9.868735E+01,-2.361630E+00
+7.822266E+02,+4.601464E-06,+9.437908E-06,-9.957631E+01,+1.117157E+00
+7.824707E+02,-4.062917E-06,-9.204731E-06,-9.994672E+01,-1.986471E+00
+7.827148E+02,+1.939674E-06,+4.247365E-06,-1.066150E+02,+1.142404E+00
+7.829590E+02,+3.542267E-06,+4.077659E-06,-1.053499E+02,+8.555450E-01
+7.832031E+02,-4.046329E-06,-9.039328E-06,-1.000841E+02,-1.991683E+00
+7.834473E+02,+3.170596E-06,+8.782391E-06,-1.005957E+02,+1.224340E+00
+7.836914E+02,+7.005303E-07,-3.870250E-06,-1.081052E+02,-1.391731E+00
+7.839355E+02,-9.959793E-06,+9.001042E-07,-9.999966E+01,+3.051464E+00
+7.841797E+02,+1.048861E-05,-1.575145E-06,-9.948878E+01,-1.490628E-01
+7.844238E+02,-3.013451E-06,+2.289018E-06,-1.084404E+02,+2.491976E+00
+7.846680E+02,-2.056250E-06,+9.233208E-07,-1.129408E+02,+2.719544E+00
+7.849121E+02,+7.640720E-06,-7.576576E-06,-9.936347E+01,-7.811829E-01
+7.851562E+02,-9.271512E-06,+2.849645E-06,-1.002650E+02,+2.843402E+00
+7.854004E+02,+7.993509E-06,+5.660695E-06,-1.001800E+02,+6.161826E-01
+7.856445E+02,-1.768675E-06,-3.867637E-06,-1.074264E+02,-1.999705E+00
+7.858887E+02,-8.349476E-06,-2.440981E-07,-1.015631E+02,-3.112366E+00
+7.861328E+02,+7.318692E-06,-4.288653E-07,-1.026964E+02,-5.853169E-02
+7.863770E+02,-1.281736E-06,-1.565677E-06,-1.138783E+02,-2.256804E+00
+7.866211E+02,-1.491983E-06,+5.021705E-06,-1.056156E+02,+1.859597E+00
+7.868652E+02,+5.856507E-06,-8.429904E-06,-9.977316E+01,-9.636161E-01
+7.871094E+02,-5.481967E-06,+1.441464E-05,-9.623727E+01,+1.934210E+00
+7.873535E+02,+2.053838E-06,-1.045642E-05,-9.944794E+01,-1.376847E+00
+7.875977E+02,+6.203833E-07,+2.843122E-06,-1.107221E+02,+1.355959E+00
+7.878418E+02,-7.347177E-06,-2.539243E-06,-1.021876E+02,-2.808836E+00
+7.880859E+02,+6.903079E-06,-2.541003E-08,-1.032191E+02,-3.680954E-03
+7.883301E+02,+2.914325E-06,+1.470062E-06,-1.097247E+02,+4.671822E-01
+7.885742E+02,-8.684531E-06,+2.704319E-06,-1.008231E+02,+2.839715E+00
+7.888184E+02,+7.440191E-06,-5.164230E-06,-1.008605E+02,-6.067547E-01
+7.890625E+02,-5.091159E-06,+3.032391E-06,-1.045450E+02,+2.604401E+00
+7.893066E+02,+6.839728E-06,-7.408636E-07,-1.032486E+02,-1.078970E-01
+7.895508E+02,-6.413591E-06,-2.841746E-06,-1.030795E+02,-2.724507E+00
+7.897949E+02,-3.595255E-07,+4.114705E-06,-1.076802E+02,+1.657951E+00
+7.900391E+02,+4.869014E-06,-1.269613E-07,-1.062482E+02,-2.606945E-02
+7.902832E+02,-7.270097E-06,+8.938759E-07,-1.027040E+02,+3.019254E+00
+7.905273E+02,+1.210465E-05,-2.310747E-07,-9.833938E+01,-1.908744E-02
+7.907715E+02,-1.323324E-05,-7.120792E-06,-9.646230E+01,-2.647932E+00
+7.910156E+02,+8.369252E-06,+6.285474E-06,-9.960381E+01,+6.441535E-01
+7.912598E+02,-4.045848E-06,+2.927387E-06,-1.060313E+02,+2.515233E+00
+7.915039E+02,+4.156590E-06,-6.149184E-06,-1.025893E+02,-9.763888E-01
+7.917480E+02,-4.316653E-06,-1.212658E-06,-1.069672E+02,-2.867726E+00
+7.919922E+02,-2.441281E-06,+5.888127E-06,-1.039115E+02,+1.963834E+00
+7.922363E+02,+7.238339E-06,+2.764243E-08,-1.028072E+02,+3.818873E-03
+7.924805E+02,-6.532794E-06,-3.769421E-06,-1.024500E+02,-2.618257E+00
+7.927246E+02,+1.741248E-06,-6.580553E-07,-1.146030E+02,-3.613296E-01
+7.929688E+02,+2.973548E-06,+5.250433E-06,-1.043879E+02,+1.055492E+00
+7.932129E+02,-2.485772E-06,-4.900988E-06,-1.052001E+02,-2.040186E+00
+7.934570E+02,+4.773594E-06,-5.421102E-07,-1.063674E+02,-1.130799E-01
+7.937012E+02,-7.605839E-06,+4.828586E-06,-1.009064E+02,+2.575940E+00
+7.939453E+02,+4.190152E-06,-4.193490E-06,-1.045416E+02,-7.857963E-01
+7.941895E+02,-4.427382E-06,+2.564166E-06,-1.058209E+02,+2.616637E+00
+7.944336E+02,+7.542751E-06,-4.378531E-06,-1.011882E+02,-5.259543E-01
+7.946777E+02,+7.167884E-07,+7.054693E-06,-1.029858E+02,+1.469539E+00
+7.949219E+02,-1.097693E-05,-4.699069E-06,-9.845959E+01,-2.737111E+00
+7.951660E+02,+8.333759E-06,+2.721661E-07,-1.015786E+02,+3.264666E-02
+7.954102E+02,+2.205288E-06,+2.628210E-06,-1.092919E+02,+8.726740E-01
+7.956543E+02,-5.627182E-06,-9.037770E-08,-1.049931E+02,-3.125533E+00
+7.958984E+02,+2.809586E-06,-2.617144E-06,-1.083141E+02,-7.499512E-01
+7.961426E+02,-2.503436E-06,+1.632849E-07,-1.120108E+02,+3.076461E+00
+7.963867E+02,-4.102230E-07,+2.973568E-06,-1.104526E+02,+1.707887E+00
+7.966309E+02,+4.473202E-06,-7.685626E-06,-1.010194E+02,-1.043701E+00
+7.968750E+02,+9.892751E-07,+8.575058E-06,-1.012778E+02,+1.455938E+00
+7.971191E+02,-5.808952E-06,-7.046684E-06,-1.007884E+02,-2.260211E+00
+7.973633E+02,+3.434766E-06,+7.993162E-06,-1.012097E+02,+1.164940E+00
+7.976074E+02,-2.866711E-06,-3.706562E-06,-1.065843E+02,-2.229115E+00
+7.978516E+02,-1.916952E-06,-2.202891E-06,-1.106918E+02,-2.286900E+00
+7.980957E+02,+5.798153E-06,+3.424209E-06,-1.034348E+02,+5.334561E-01
+7.983398E+02,+1.631918E-06,-2.670282E-06,-1.100906E+02,-1.022225E+00
+7.985840E+02,-3.102004E-06,-3.381857E-06,-1.067655E+02,-2.313060E+00
+7.988281E+02,-8.435456E-06,+1.100452E-05,-9.716119E+01,+2.224802E+00
+7.990723E+02,+8.034139E-06,-9.411597E-06,-9.814953E+01,-8.641914E-01
+7.993164E+02,+5.973735E-06,+1.170220E-06,-1.043115E+02,+1.934445E-01
+7.995605E+02,-1.022934E-05,+2.264095E-06,-9.959534E+01,+2.923771E+00
+7.998047E+02,+4.986604E-06,+1.168980E-07,-1.060415E+02,+2.343812E-02
+8.000488E+02,+1.190428E-06,-4.601238E-06,-1.064611E+02,-1.317629E+00
+8.002930E+02,-3.277749E-06,+2.719513E-06,-1.074138E+02,+2.449009E+00
+8.005371E+02,-1.354866E-06,+3.603370E-06,-1.082915E+02,+1.930443E+00
+8.007812E+02,+5.541318E-08,-2.120571E-06,-1.134680E+02,-1.544671E+00
+8.010254E+02,+6.888847E-06,+1.180132E-06,-1.031115E+02,+1.696636E-01
+8.012695E+02,-6.740605E-06,-3.078177E-06,-1.026034E+02,-2.713212E+00
+8.015137E+02,+8.066386E-08,+1.849279E-06,-1.146517E+02,+1.527205E+00
+8.017578E+02,+1.491545E-06,-1.168310E-06,-1.144495E+02,-6.644676E-01
+8.020020E+02,+2.905356E-06,+2.213163E-06,-1.087487E+02,+6.509805E-01
+8.022461E+02,-3.263827E-06,-1.866567E-06,-1.084965E+02,-2.622095E+00
+8.024902E+02,+1.574280E-06,+3.015806E-06,-1.093654E+02,+1.089696E+00
+8.027344E+02,-2.144842E-06,-3.687893E-06,-1.073991E+02,-2.097569E+00
+8.029785E+02,+3.725959E-06,-2.137833E-07,-1.085610E+02,-5.731390E-02
+8.032227E+02,-1.160946E-05,+2.457243E-06,-9.851343E+01,+2.933012E+00
+8.034668E+02,+1.142944E-05,+1.186292E-06,-9.879296E+01,+1.034224E-01
+8.037109E+02,-4.245509E-06,-5.643278E-06,-1.030215E+02,-2.215776E+00
+8.039551E+02,+3.812259E-06,+5.539420E-06,-1.034468E+02,+9.680302E-01
+8.041992E+02,-2.232769E-06,-3.624478E-06,-1.074179E+02,-2.122916E+00
+8.044434E+02,+3.179804E-06,-6.802449E-07,-1.097577E+02,-2.107500E-01
+8.046875E+02,-5.804547E-06,+5.091339E-06,-1.022465E+02,+2.421558E+00
+8.049316E+02,+2.264834E-06,-2.876789E-06,-1.087272E+02,-9.038607E-01
+8.051758E+02,+5.762662E-06,-7.757095E-07,-1.047095E+02,-1.338053E-01
+8.054199E+02,-4.132656E-06,+3.314704E-06,-1.055182E+02,+2.465587E+00
+8.056641E+02,-4.555541E-06,-2.450193E-06,-1.057257E+02,-2.648126E+00
+8.059082E+02,+1.082967E-06,-5.943451E-06,-1.043774E+02,-1.390562E+00
+8.061523E+02,+5.996709E-06,+1.066455E-05,-9.824798E+01,+1.058556E+00
+8.063965E+02,-5.067707E-06,-6.482856E-06,-1.016935E+02,-2.234284E+00
+8.066406E+02,+4.742291E-06,+7.892696E-06,-1.007169E+02,+1.029755E+00
+8.068848E+02,-6.344259E-06,-1.267752E-05,-9.696870E+01,-2.034791E+00
+8.071289E+02,+4.465034E-06,+9.125391E-06,-9.986282E+01,+1.115747E+00
+8.073730E+02,-2.517308E-06,-3.744627E-06,-1.069124E+02,-2.162651E+00
+8.076172E+02,+2.611863E-06,+8.164737E-06,-1.013380E+02,+1.261188E+00
+8.078613E+02,+8.505383E-07,-8.166708E-06,-1.017122E+02,-1.467023E+00
+8.081055E+02,-5.274190E-06,-3.134288E-06,-1.042434E+02,-2.605398E+00
+8.083496E+02,+3.227734E-06,+8.813481E-06,-1.005505E+02,+1.219739E+00
+8.085938E+02,-1.064110E-06,-6.288820E-06,-1.039060E+02,-1.738415E+00
+8.088379E+02,+1.302636E-06,+1.234310E-06,-1.149209E+02,+7.584721E-01
+8.090820E+02,+5.311802E-06,+4.458872E-06,-1.031788E+02,+6.983240E-01
+8.093262E+02,-1.208753E-05,-8.242569E-06,-9.669488E+01,-2.543113E+00
+8.095703E+02,+9.754865E-06,+8.971945E-06,-9.755344E+01,+7.436150E-01
+8.098145E+02,-3.351360E-06,-2.269471E-06,-1.078563E+02,-2.546348E+00
+8.100586E+02,-1.693819E-06,-6.061858E-06,-1.040214E+02,-1.843269E+00
+8.103027E+02,+2.757059E-06,+1.411282E-06,-1.101804E+02,+4.731061E-01
+8.105469E+02,-1.717168E-07,+1.831000E-06,-1.147082E+02,+1.664306E+00
+8.107910E+02,-3.542430E-06,+2.190684E-06,-1.076075E+02,+2.587744E+00
+8.110352E+02,+6.715716E-06,-6.156138E-07,-1.034218E+02,-9.141216E-02
+8.112793E+02,-6.231212E-06,+7.684762E-07,-1.040430E+02,+3.018885E+00
+8.115234E+02,+5.560267E-06,-5.296802E-06,-1.022935E+02,-7.611362E-01
+8.117676E+02,-4.543823E-06,+5.756556E-06,-1.026934E+02,+2.238997E+00
+8.120117E+02,-6.303795E-07,-3.812429E-07,-1.226542E+02,-2.597664E+00
+8.122559E+02,+6.629991E-06,-5.675583E-07,-1.035380E+02,-8.539650E-02
+8.125000E+02,-1.096731E-05,-3.686398E-06,-9.873312E+01,-2.817331E+00
+8.127441E+02,+9.189213E-06,+2.686153E-06,-1.003783E+02,+2.843923E-01
+8.129883E+02,-3.382137E-06,+1.494787E-06,-1.086413E+02,+2.725441E+00
+8.132324E+02,+8.821635E-07,-4.503608E-06,-1.067653E+02,-1.377366E+00
+8.134766E+02,-3.880923E-06,+5.214433E-06,-1.037415E+02,+2.210617E+00
+8.137207E+02,+6.090634E-06,-6.935258E-06,-1.006959E+02,-8.501494E-01
+8.139648E+02,-3.543877E-06,+7.696171E-06,-1.014394E+02,+2.002325E+00
+8.142090E+02,+2.177934E-06,-6.800665E-07,-1.128351E+02,-3.026599E-01
+8.144531E+02,+2.664929E-07,-4.504127E-06,-1.069126E+02,-1.511699E+00
+8.146973E+02,-1.740893E-06,+7.735364E-07,-1.144020E+02,+2.723461E+00
+8.149414E+02,-1.656368E-06,+6.026423E-06,-1.040825E+02,+1.839024E+00
+8.151855E+02,-5.834247E-07,-8.942726E-06,-1.009522E+02,-1.635944E+00
+8.154297E+02,+6.064862E-06,+4.273495E-06,-1.025928E+02,+6.138278E-01
+8.156738E+02,+1.060300E-06,+2.489426E-06,-1.113540E+02,+1.168145E+00
+8.159180E+02,-4.428967E-06,-3.483648E-06,-1.049823E+02,-2.475101E+00
+8.161621E+02,+1.469033E-06,+1.715013E-06,-1.129249E+02,+8.624988E-01
+8.164062E+02,-6.486755E-06,-2.102286E-06,-1.033257E+02,-2.828185E+00
+8.166504E+02,+5.284290E-06,+6.812814E-07,-1.054687E+02,+1.282185E-01
+8.168945E+02,+3.778465E-06,-2.160685E-06,-1.072250E+02,-5.194577E-01
+8.171387E+02,-8.032149E-06,+6.392547E-06,-9.977242E+01,+2.469375E+00
+8.173828E+02,+4.375466E-06,-4.656377E-06,-1.038906E+02,-8.164904E-01
+8.176270E+02,+5.228225E-06,-1.544808E-06,-1.052694E+02,-2.872999E-01
+8.178711E+02,-1.286067E-05,+2.339734E-06,-9.767331E+01,+2.961632E+00
+8.181152E+02,+1.079930E-05,-1.769835E-06,-9.921699E+01,-1.624402E-01
+8.183594E+02,-4.667609E-06,+6.425536E-06,-1.020015E+02,+2.199032E+00
+8.186035E+02,-1.711064E-06,-5.719507E-06,-1.044806E+02,-1.861485E+00
+8.188477E+02,+1.197181E-05,+2.023269E-06,-9.831450E+01,+1.674208E-01
+8.190918E+02,-1.387689E-05,-1.993732E-06,-9.706542E+01,-2.998896E+00
+8.193359E+02,+5.936978E-06,-6.925835E-07,-1.044700E+02,-1.161310E-01
+8.195801E+02,-3.998216E-06,+4.327791E-07,-1.079121E+02,+3.033769E+00
+8.198242E+02,-1.514809E-06,+5.245867E-06,-1.052558E+02,+1.851912E+00
+8.200684E+02,+1.183450E-05,-4.316611E-06,-9.799454E+01,-3.497526E-01
+8.203125E+02,-1.052015E-05,+2.674160E-06,-9.928764E+01,+2.892671E+00
+8.205566E+02,+1.906593E-06,-2.309172E-06,-1.104733E+02,-8.806033E-01
+8.208008E+02,+4.742813E-06,-2.403358E-06,-1.054867E+02,-4.690225E-01
+8.210449E+02,-4.797338E-06,+3.497761E-06,-1.045286E+02,+2.511599E+00
+8.212891E+02,+1.247014E-06,+3.925122E-07,-1.176723E+02,+3.049439E-01
+8.215332E+02,-2.116110E-06,-4.439586E-06,-1.061640E+02,-2.015587E+00
+8.217773E+02,+3.359637E-06,+2.335119E-06,-1.077625E+02,+6.073968E-01
+8.220215E+02,+1.143494E-06,-9.044524E-08,-1.188082E+02,-7.893115E-02
+8.222656E+02,-4.681233E-06,-4.248043E-07,-1.065572E+02,-3.051094E+00
+8.225098E+02,-1.879800E-07,+3.797801E-06,-1.083987E+02,+1.620253E+00
+8.227539E+02,+4.747359E-06,-6.507915E-06,-1.018782E+02,-9.405614E-01
+8.229980E+02,-2.033164E-06,+6.860291E-06,-1.029075E+02,+1.858917E+00
+8.232422E+02,-2.610230E-06,-7.100596E-06,-1.024236E+02,-1.923070E+00
+8.234863E+02,+1.898644E-06,+1.032786E-05,-9.957544E+01,+1.388989E+00
+8.237305E+02,+3.634585E-06,-1.057901E-05,-9.902654E+01,-1.239865E+00
+8.239746E+02,-3.717188E-06,+6.350890E-06,-1.026639E+02,+2.100338E+00
+8.242188E+02,+2.770566E-06,-4.586161E-06,-1.054198E+02,-1.027357E+00
+8.244629E+02,-6.677478E-06,+8.612214E-07,-1.034361E+02,+3.013327E+00
+8.247070E+02,+8.357184E-06,+3.725054E-06,-1.007718E+02,+4.192979E-01
+8.249512E+02,-5.105625E-06,-2.704984E-06,-1.047646E+02,-2.654387E+00
+8.251953E+02,+1.473059E-06,+5.688860E-07,-1.160318E+02,+3.685479E-01
+8.254395E+02,-8.528127E-07,+4.799042E-06,-1.062419E+02,+1.746665E+00
+8.256836E+02,-7.207918E-07,-7.746948E-06,-1.021800E+02,-1.663571E+00
+8.259277E+02,-2.622305E-06,+3.203326E-06,-1.076605E+02,+2.256788E+00
+8.261719E+02,+6.602539E-06,-5.528697E-06,-1.012983E+02,-6.971095E-01
+8.264160E+02,-3.190129E-06,+9.248308E-06,-1.001905E+02,+1.902958E+00
+8.266602E+02,+2.333521E-06,-3.913354E-06,-1.068278E+02,-1.033104E+00
+8.269043E+02,-4.782981E-06,+4.574888E-06,-1.035846E+02,+2.378428E+00
+8.271484E+02,+1.141376E-06,-1.067974E-05,-9.937946E+01,-1.464327E+00
+8.273926E+02,+1.001728E-06,+6.550914E-06,-1.035736E+02,+1.419057E+00
+8.276367E+02,+3.356848E-06,-3.543218E-06,-1.062301E+02,-8.124015E-01
+8.278809E+02,-5.047582E-06,+3.909198E-06,-1.038977E+02,+2.482614E+00
+8.281250E+02,+2.673520E-06,-1.826141E-06,-1.097953E+02,-5.992575E-01
+8.283691E+02,-3.593962E-07,+2.617776E-06,-1.115602E+02,+1.707234E+00
+8.286133E+02,+3.366709E-06,-1.787737E-06,-1.083771E+02,-4.881424E-01
+8.288574E+02,-6.158397E-06,-2.037999E-07,-1.042059E+02,-3.108512E+00
+8.291016E+02,-2.259257E-06,-9.882199E-07,-1.121604E+02,-2.729258E+00
+8.293457E+02,+9.573748E-06,-1.553690E-06,-1.002655E+02,-1.608839E-01
+8.295898E+02,-2.577123E-06,+7.553737E-06,-1.019586E+02,+1.899585E+00
+8.298340E+02,-4.334865E-06,-2.349891E-06,-1.061416E+02,-2.644842E+00
+8.300781E+02,+5.261253E-06,-7.305481E-06,-1.009124E+02,-9.466555E-01
+8.303223E+02,-2.268049E-06,+8.878829E-06,-1.007584E+02,+1.820893E+00
+8.305664E+02,-3.201673E-06,-4.826044E-06,-1.047442E+02,-2.156545E+00
+8.308105E+02,+1.594795E-06,+7.586798E-07,-1.150599E+02,+4.440376E-01
+8.310547E+02,-2.805521E-07,-3.509738E-07,-1.269488E+02,-2.245143E+00
+8.312988E+02,+2.748614E-06,+1.602572E-06,-1.099469E+02,+5.278610E-01
+8.315430E+02,-3.435181E-06,-2.249181E-06,-1.077316E+02,-2.561886E+00
+8.317871E+02,+5.390295E-06,-3.682318E-07,-1.053475E+02,-6.820788E-02
+8.320312E+02,-6.861787E-06,+4.684847E-06,-1.016095E+02,+2.542542E+00
+8.322754E+02,-5.138873E-07,-6.653628E-06,-1.035130E+02,-1.647877E+00
+8.325195E+02,+4.782106E-06,+7.352796E-06,-1.011389E+02,+9.941546E-01
+8.327637E+02,-8.284155E-07,-1.238948E-06,-1.165340E+02,-2.160167E+00
+8.330078E+02,+5.998019E-07,-9.829232E-06,-1.001335E+02,-1.509850E+00
+8.332520E+02,+1.870161E-06,+1.070004E-05,-9.928161E+01,+1.397763E+00
+8.334961E+02,-5.333780E-06,-3.161541E-06,-1.041516E+02,-2.606529E+00
+8.337402E+02,+3.782028E-06,+1.084122E-06,-1.081026E+02,+2.791655E-01
+8.339844E+02,-5.076011E-06,+1.996804E-06,-1.052647E+02,+2.766806E+00
+8.342285E+02,+5.846919E-06,-8.390879E-06,-9.980496E+01,-9.622089E-01
+8.344727E+02,-6.677637E-06,+7.068468E-06,-1.002432E+02,+2.327770E+00
+8.347168E+02,+8.659577E-06,-1.430323E-06,-1.011332E+02,-1.636944E-01
+8.349609E+02,-1.529847E-06,+1.210921E-06,-1.141944E+02,+2.472037E+00
+8.352051E+02,-4.092859E-06,-2.596620E-06,-1.062904E+02,-2.576243E+00
+8.354492E+02,+1.559537E-06,-3.237225E-06,-1.088901E+02,-1.121854E+00
+8.356934E+02,-3.418108E-06,+6.161428E-06,-1.030411E+02,+2.077286E+00
+8.359375E+02,+8.273743E-06,-1.247558E-07,-1.016450E+02,-1.507738E-02
+8.361816E+02,-1.004751E-05,+1.863901E-06,-9.981189E+01,+2.958169E+00
+8.364258E+02,+7.093620E-06,-9.463480E-06,-9.854254E+01,-9.275651E-01
+8.366699E+02,+3.510377E-06,+1.715889E-06,-1.081625E+02,+4.546513E-01
+8.369141E+02,-1.134988E-05,+9.159670E-06,-9.672192E+01,+2.462581E+00
+8.371582E+02,+9.181626E-06,-5.180602E-06,-9.954126E+01,-5.137070E-01
+8.374023E+02,-5.903915E-06,-8.033036E-07,-1.044975E+02,-3.006360E+00
+8.376465E+02,+2.887062E-06,-2.230660E-07,-1.107650E+02,-7.711080E-02
+8.378906E+02,+6.163314E-06,+5.390325E-06,-1.017365E+02,+7.185933E-01
+8.381348E+02,-9.515345E-06,-3.517323E-06,-9.987529E+01,-2.787523E+00
+8.383789E+02,+3.024070E-06,-6.212884E-06,-1.032107E+02,-1.117811E+00
+8.386230E+02,+1.172766E-06,+1.177150E-05,-9.854047E+01,+1.471496E+00
+8.388672E+02,+8.965489E-07,-6.455017E-06,-1.037191E+02,-1.432787E+00
+8.391113E+02,-5.747058E-06,-6.288175E-06,-1.013924E+02,-2.311264E+00
+8.393555E+02,+6.911050E-07,+1.152554E-05,-9.875119E+01,+1.510905E+00
+8.395996E+02,+5.654792E-06,-5.684083E-06,-1.019189E+02,-7.879813E-01
+8.398438E+02,-1.726835E-06,-3.256492E-07,-1.151032E+02,-2.955200E+00
+8.400879E+02,-2.347696E-06,+4.432073E-07,-1.124351E+02,+2.955005E+00
+8.403320E+02,+4.333566E-06,-7.441450E-07,-1.071369E+02,-1.700580E-01
+8.405762E+02,-2.549294E-06,+4.302701E-06,-1.060185E+02,+2.105673E+00
+8.408203E+02,+2.529173E-06,-4.173681E-06,-1.062312E+02,-1.025990E+00
+8.410645E+02,-1.192841E-06,+7.094105E-07,-1.171531E+02,+2.605062E+00
+8.413086E+02,-8.166384E-07,-2.770478E-06,-1.107871E+02,-1.857443E+00
+8.415527E+02,-3.897203E-06,+1.039999E-05,-9.908868E+01,+1.929332E+00
+8.417969E+02,+3.157955E-06,-1.327941E-05,-9.729752E+01,-1.337325E+00
+8.420410E+02,-5.988375E-07,+1.612010E-05,-9.584665E+01,+1.607928E+00
+8.422852E+02,-7.700927E-07,-1.748731E-05,-9.513713E+01,-1.614805E+00
+8.425293E+02,+4.834432E-06,+8.924359E-06,-9.987096E+01,+1.074339E+00
+8.427734E+02,-5.824781E-06,-5.056330E-07,-1.046618E+02,-3.055002E+00
+8.430176E+02,+3.017966E-06,-3.442045E-06,-1.067870E+02,-8.509508E-01
+8.432617E+02,-2.946531E-06,+4.015069E-06,-1.060550E+02,+2.203893E+00
+8.435059E+02,+1.294819E-05,+3.686538E-06,-9.741731E+01,+2.773752E-01
+8.437500E+02,-1.716276E-05,-9.896542E-06,-9.406158E+01,-2.618535E+00
+8.439941E+02,+9.935920E-06,+5.683904E-06,-9.882631E+01,+5.196190E-01
+8.442383E+02,-5.179218E-06,-5.880353E-07,-1.056591E+02,-3.028539E+00
+8.444824E+02,+1.376015E-06,+3.062117E-06,-1.094808E+02,+1.148469E+00
+8.447266E+02,-2.390540E-07,-3.394621E-06,-1.093627E+02,-1.641102E+00
+8.449707E+02,+3.884039E-06,-5.039349E-06,-1.039275E+02,-9.141518E-01
+8.452148E+02,-4.138270E-06,+4.644607E-06,-1.041232E+02,+2.298608E+00
+8.454590E+02,+2.268691E-06,+2.617976E-06,-1.092079E+02,+8.567541E-01
+8.457031E+02,-2.006919E-06,-8.300574E-07,-1.132636E+02,-2.749419E+00
+8.459473E+02,-1.864975E-06,-4.466929E-06,-1.063020E+02,-1.966303E+00
+8.461914E+02,+6.037385E-06,+1.308814E-06,-1.041836E+02,+2.134816E-01
+8.464355E+02,-7.064691E-06,+5.392138E-06,-1.010246E+02,+2.489664E+00
+8.466797E+02,+6.710482E-06,-3.547814E-06,-1.023945E+02,-4.863411E-01
+8.469238E+02,+9.861215E-08,+5.293932E-07,-1.253763E+02,+1.386633E+00
+8.471680E+02,-3.685208E-06,-4.337405E-06,-1.048954E+02,-2.275078E+00
+8.474121E+02,-9.964472E-07,+6.673233E-06,-1.034175E+02,+1.719021E+00
+8.476562E+02,+7.753973E-06,-3.065199E-06,-1.015789E+02,-3.764540E-01
+8.479004E+02,-6.558188E-06,-2.917841E-06,-1.028799E+02,-2.722975E+00
+8.481445E+02,-2.430887E-06,+5.715327E-06,-1.041370E+02,+1.972944E+00
+8.483887E+02,+8.521592E-06,-8.043798E-06,-9.862266E+01,-7.565632E-01
+8.486328E+02,-9.359758E-06,+5.064653E-06,-9.945940E+01,+2.645601E+00
+8.488770E+02,+3.855336E-06,+2.631084E-06,-1.066182E+02,+5.988519E-01
+8.491211E+02,-3.297925E-06,-4.016714E-06,-1.056847E+02,-2.258242E+00
+8.493652E+02,+8.764931E-06,+3.586209E-06,-1.004728E+02,+3.883730E-01
+8.496094E+02,-1.098217E-05,-4.844333E-06,-9.841409E+01,-2.726157E+00
+8.498535E+02,+9.853347E-06,+7.204539E-06,-9.826832E+01,+6.313450E-01
+8.500977E+02,-5.347551E-06,-5.141273E-06,-1.025941E+02,-2.375858E+00
+8.503418E+02,-3.079303E-06,-3.657210E-06,-1.064098E+02,-2.270617E+00
+8.505859E+02,+5.543801E-06,+8.829021E-06,-9.963829E+01,+1.010110E+00
+8.508301E+02,+1.711328E-06,-1.063615E-05,-9.935332E+01,-1.411266E+00
+8.510742E+02,-2.924093E-06,+1.059733E-05,-9.917740E+01,+1.840024E+00
+8.513184E+02,-2.103464E-06,-7.208871E-06,-1.024878E+02,-1.854702E+00
+8.515625E+02,+7.136535E-06,-1.655400E-06,-1.027026E+02,-2.279303E-01
+8.518066E+02,-1.063672E-05,+7.778775E-06,-9.760327E+01,+2.510159E+00
+8.520508E+02,+3.837663E-06,-4.277686E-06,-1.048114E+02,-8.395662E-01
+8.522949E+02,+3.195610E-06,+7.284556E-06,-1.019876E+02,+1.157394E+00
+8.525391E+02,-2.656639E-06,-1.444430E-05,-9.666159E+01,-1.752687E+00
+8.527832E+02,+4.720102E-06,+6.949977E-06,-1.015131E+02,+9.741987E-01
+8.530273E+02,-9.586897E-07,+5.261713E-06,-1.054356E+02,+1.751020E+00
+8.532715E+02,-5.962430E-06,-8.875383E-06,-9.941866E+01,-2.162340E+00
+8.535156E+02,+4.548411E-06,+7.145965E-06,-1.014416E+02,+1.003970E+00
+8.537598E+02,-2.716512E-07,-2.433301E-06,-1.122223E+02,-1.681975E+00
+8.540039E+02,-1.692456E-06,+5.027936E-08,-1.154258E+02,+3.111893E+00
+8.542480E+02,-3.094711E-06,-1.982756E-06,-1.086939E+02,-2.571789E+00
+8.544922E+02,+3.684334E-06,+2.066642E-06,-1.074848E+02,+5.111938E-01
+8.547363E+02,-4.765118E-07,-2.063510E-06,-1.134822E+02,-1.797741E+00
+8.549805E+02,-1.079623E-07,+2.597890E-06,-1.117001E+02,+1.612330E+00
+8.552246E+02,-3.813954E-06,-5.655296E-07,-1.082780E+02,-2.994386E+00
+8.554688E+02,+1.227875E-05,+2.116433E-07,-9.821563E+01,+1.723485E-02
+8.557129E+02,-1.156771E-05,+9.042247E-07,-9.870859E+01,+3.063583E+00
+8.559570E+02,+6.149587E-06,+1.189651E-06,-1.040635E+02,+1.910918E-01
+8.562012E+02,-1.043165E-05,-1.140127E-05,-9.621950E+01,-2.311813E+00
+8.564453E+02,+1.049919E-05,+1.463949E-05,-9.488722E+01,+9.486312E-01
+8.566895E+02,+2.053437E-06,-8.498766E-06,-1.011665E+02,-1.333724E+00
+8.569336E+02,-2.673212E-06,+2.944245E-06,-1.080094E+02,+2.307984E+00
+8.571777E+02,-4.949686E-06,+2.943162E-06,-1.047936E+02,+2.605142E+00
+8.574219E+02,-5.209648E-07,-5.090561E-06,-1.058194E+02,-1.672781E+00
+8.576660E+02,+4.327300E-06,+3.016106E-06,-1.055560E+02,+6.087062E-01
+8.579102E+02,+1.771006E-07,-3.680403E-06,-1.086720E+02,-1.522714E+00
+8.581543E+02,-3.507581E-06,+3.639487E-06,-1.059263E+02,+2.337740E+00
+8.583984E+02,+1.966094E-06,-3.865552E-06,-1.072566E+02,-1.100277E+00
+8.586426E+02,+2.769329E-07,+1.929548E-06,-1.142023E+02,+1.428248E+00
+8.588867E+02,-2.205001E-06,+5.589670E-06,-1.044241E+02,+1.946533E+00
+8.591309E+02,+5.814305E-06,-9.441705E-06,-9.910265E+01,-1.018832E+00
+8.593750E+02,-1.796829E-06,+7.985896E-06,-1.017390E+02,+1.792111E+00
+8.596191E+02,-8.965325E-07,-5.212683E-06,-1.055322E+02,-1.741120E+00
+8.598633E+02,-1.394851E-06,+1.895180E-06,-1.125670E+02,+2.205276E+00
+8.601074E+02,-1.635756E-06,+2.404302E-06,-1.107282E+02,+2.168209E+00
+8.603516E+02,+2.405334E-06,-2.487197E-07,-1.123303E+02,-1.030372E-01
+8.605957E+02,+3.924743E-06,-7.296751E-06,-1.016338E+02,-1.077309E+00
+8.608398E+02,-6.872455E-06,+3.883880E-06,-1.020541E+02,+2.627202E+00
+8.610840E+02,-7.648151E-07,+4.756059E-06,-1.063442E+02,+1.730240E+00
+8.613281E+02,+1.488964E-06,-5.709649E-06,-1.045821E+02,-1.315698E+00
+8.615723E+02,+3.045237E-06,+5.174875E-06,-1.044306E+02,+1.038901E+00
+8.618164E+02,-2.752969E-07,-5.671932E-06,-1.049152E+02,-1.619295E+00
+8.620605E+02,+5.097074E-07,+1.118185E-06,-1.182098E+02,+1.143101E+00
+8.623047E+02,-3.944200E-06,+6.386289E-06,-1.024917E+02,+2.124060E+00
+8.625488E+02,+4.903294E-07,-4.422002E-06,-1.070345E+02,-1.460363E+00
+8.627930E+02,+8.578858E-06,-4.718018E-06,-1.001838E+02,-5.028116E-01
+8.630371E+02,-1.033701E-05,+1.059723E-05,-9.659248E+01,+2.343765E+00
+8.632812E+02,+2.855753E-06,-1.066373E-05,-9.914101E+01,-1.309136E+00
+8.635254E+02,+4.837153E-06,+3.638146E-06,-1.043611E+02,+6.448601E-01
+8.637695E+02,-1.055029E-05,+2.303914E-06,-9.933239E+01,+2.926594E+00
+8.640137E+02,+1.194501E-05,+1.775632E-06,-9.836135E+01,+1.475699E-01
+8.642578E+02,-2.619030E-06,-4.861156E-06,-1.051584E+02,-2.064974E+00
+8.645020E+02,-7.605951E-06,+4.082232E-07,-1.023644E+02,+3.087973E+00
+8.647461E+02,+1.523791E-06,+3.155121E-06,-1.091092E+02,+1.120875E+00
+8.649902E+02,+6.408689E-06,-2.718120E-06,-1.031462E+02,-4.011339E-01
+8.652344E+02,-8.745531E-07,+5.377770E-06,-1.052746E+02,+1.732009E+00
+8.654785E+02,-8.960105E-06,-9.387139E-06,-9.773653E+01,-2.332924E+00
+8.657227E+02,+1.187208E-05,+5.328755E-06,-9.771236E+01,+4.218952E-01
+8.659668E+02,-4.034727E-06,+4.320211E-06,-1.045664E+02,+2.322038E+00
+8.662109E+02,-5.959000E-06,-7.316067E-06,-1.005044E+02,-2.254322E+00
+8.664551E+02,+5.286369E-06,+1.590069E-06,-1.051607E+02,+2.921782E-01
+8.666992E+02,+2.956936E-06,+3.935743E-06,-1.061558E+02,+9.264618E-01
+8.669434E+02,+1.987621E-06,-5.058767E-06,-1.052956E+02,-1.196420E+00
+8.671875E+02,-9.629846E-06,+1.743689E-07,-1.003262E+02,+3.123487E+00
+8.674316E+02,+3.844734E-06,+3.836510E-06,-1.053017E+02,+7.843275E-01
+8.676758E+02,+1.022040E-06,-5.719804E-07,-1.186273E+02,-5.102187E-01
+8.679199E+02,-2.488868E-06,-1.475030E-06,-1.107727E+02,-2.606594E+00
+8.681641E+02,+2.093551E-06,-9.095682E-07,-1.128314E+02,-4.098576E-01
+8.684082E+02,+1.802026E-06,+1.959033E-06,-1.114965E+02,+8.271193E-01
+8.686523E+02,-1.664137E-06,+3.257356E-07,-1.154129E+02,+2.948298E+00
+8.688965E+02,+4.286982E-06,+1.363808E-06,-1.069383E+02,+3.080038E-01
+8.691406E+02,-5.532968E-06,-5.445196E-06,-1.021994E+02,-2.364190E+00
+8.693848E+02,+4.298885E-07,+4.958134E-06,-1.060611E+02,+1.484309E+00
+8.696289E+02,-1.914719E-07,-3.650266E-06,-1.087416E+02,-1.623202E+00
+8.698730E+02,-3.840915E-07,+4.336075E-06,-1.072241E+02,+1.659146E+00
+8.701172E+02,+4.343698E-07,-6.770904E-06,-1.033692E+02,-1.506732E+00
+8.703613E+02,+3.962351E-06,+9.369054E-06,-9.985146E+01,+1.170690E+00
+8.706055E+02,-1.572476E-06,-3.220920E-06,-1.089120E+02,-2.024965E+00
+8.708496E+02,-4.419745E-06,-6.016151E-06,-1.025393E+02,-2.204399E+00
+8.710938E+02,+1.051774E-06,+6.436893E-06,-1.037120E+02,+1.408830E+00
+8.713379E+02,+6.343930E-06,-5.563897E-06,-1.014751E+02,-7.199857E-01
+8.715820E+02,-9.612805E-06,+4.275493E-06,-9.955908E+01,+2.723096E+00
+8.718262E+02,+4.419238E-06,-6.141538E-06,-1.024224E+02,-9.470596E-01
+8.720703E+02,+8.355914E-06,+1.020427E-05,-9.759579E+01,+8.846580E-01
+8.723145E+02,-7.754829E-06,-1.171047E-05,-9.704933E+01,-2.155710E+00
+8.725586E+02,-6.671108E-07,+1.063612E-05,-9.944728E+01,+1.633435E+00
+8.728027E+02,-8.409854E-06,-5.004732E-06,-1.001876E+02,-2.604782E+00
+8.730469E+02,+1.702741E-05,+2.713417E-06,-9.526811E+01,+1.580271E-01
+8.732910E+02,-8.274142E-06,-4.301397E-06,-1.006066E+02,-2.662184E+00
+8.735352E+02,-2.232500E-06,+7.304429E-06,-1.023404E+02,+1.867416E+00
+8.737793E+02,+9.046308E-06,-4.771000E-06,-9.980476E+01,-4.853245E-01
+8.740234E+02,-9.419763E-06,-2.639949E-07,-1.005158E+02,-3.113574E+00
+8.742676E+02,+1.649926E-06,-3.751686E-06,-1.077476E+02,-1.156472E+00
+8.745117E+02,+4.106764E-06,+1.438720E-05,-9.650029E+01,+1.292745E+00
+8.747559E+02,-2.655209E-06,-1.811337E-05,-9.474768E+01,-1.716348E+00
+8.750000E+02,+6.318581E-07,+1.046249E-05,-9.959149E+01,+1.510477E+00
+8.752441E+02,-2.922247E-06,-6.951440E-06,-1.024518E+02,-1.968747E+00
+8.754883E+02,+8.908592E-06,+3.928628E-06,-1.002320E+02,+4.153386E-01
+8.757324E+02,-3.725766E-06,+4.241737E-06,-1.049657E+02,+2.291525E+00
+8.759766E+02,-7.135545E-06,-7.795640E-06,-9.951994E+01,-2.312014E+00
+8.762207E+02,+2.310736E-06,+2.959703E-06,-1.085080E+02,+9.079149E-01
+8.764648E+02,+2.757384E-06,+6.047891E-06,-1.035477E+02,+1.143026E+00
+8.767090E+02,+3.077030E-06,-4.677041E-06,-1.050386E+02,-9.888869E-01
+8.769531E+02,-6.923851E-06,-3.990240E-06,-1.019476E+02,-2.618779E+00
+8.771973E+02,+6.149072E-06,+3.501291E-06,-1.030042E+02,+5.176167E-01
+8.774414E+02,-2.285760E-06,-2.408695E-07,-1.127714E+02,-3.036602E+00
+8.776855E+02,-4.186506E-06,+1.091452E-06,-1.072774E+02,+2.886562E+00
+8.779297E+02,+1.923897E-06,-4.250382E-06,-1.066220E+02,-1.145748E+00
+8.781738E+02,-1.653068E-06,+6.522858E-06,-1.034409E+02,+1.818998E+00
+8.784180E+02,+7.300700E-06,-4.041358E-06,-1.015719E+02,-5.055705E-01
+8.786621E+02,-4.749731E-06,+2.944646E-06,-1.050542E+02,+2.586626E+00
+8.789062E+02,-6.260979E-07,-5.625270E-06,-1.049437E+02,-1.681641E+00
+8.791504E+02,+6.940611E-06,+3.933766E-06,-1.019622E+02,+5.156312E-01
+8.793945E+02,-7.509158E-06,+6.690155E-07,-1.024538E+02,+3.052734E+00
+8.796387E+02,-1.167841E-06,-2.638912E-06,-1.107947E+02,-1.987435E+00
+8.798828E+02,+4.778165E-06,+1.502299E-06,-1.060054E+02,+3.046233E-01
+8.801270E+02,-6.275229E-08,-8.316603E-07,-1.215764E+02,-1.646108E+00
+8.803711E+02,-5.337434E-07,-1.439617E-07,-1.251484E+02,-2.878141E+00
+8.806152E+02,-3.551941E-06,+3.276987E-06,-1.063162E+02,+2.396436E+00
+8.808594E+02,+3.286570E-06,-6.734769E-06,-1.025058E+02,-1.116794E+00
+8.811035E+02,-2.586620E-08,+6.969618E-06,-1.031358E+02,+1.574508E+00
+8.813477E+02,+1.665691E-06,-4.203237E-06,-1.068948E+02,-1.193494E+00
+8.815918E+02,-3.591242E-06,-1.135331E-06,-1.084814E+02,-2.835396E+00
+8.818359E+02,+2.588745E-06,+8.018081E-06,-1.014880E+02,+1.258498E+00
+8.820801E+02,-3.222504E-06,-6.645681E-06,-1.026321E+02,-2.022293E+00
+8.823242E+02,-1.395312E-06,+3.621381E-06,-1.082214E+02,+1.938565E+00
+8.825684E+02,+9.970292E-06,-5.348524E-06,-9.892744E+01,-4.923776E-01
+8.828125E+02,-1.328511E-05,+4.147370E-06,-9.712882E+01,+2.838998E+00
+8.830566E+02,+8.690228E-06,-1.587539E-06,-1.010768E+02,-1.806885E-01
+8.833008E+02,-2.517185E-06,-5.852660E-07,-1.117530E+02,-2.913143E+00
+8.835449E+02,+1.709979E-06,-1.081720E-06,-1.138784E+02,-5.640404E-01
+8.837891E+02,-4.423310E-06,+3.551396E-06,-1.049244E+02,+2.465097E+00
+8.840332E+02,+3.585983E-06,-5.671247E-06,-1.034657E+02,-1.006958E+00
+8.842773E+02,+5.059908E-06,+5.807018E-06,-1.022677E+02,+8.540410E-01
+8.845215E+02,-1.092444E-05,+2.766453E-06,-9.896208E+01,+2.893572E+00
+8.847656E+02,+4.182654E-06,-7.563058E-06,-1.012671E+02,-1.065624E+00
+8.850098E+02,+3.844056E-07,-2.742280E-06,-1.111533E+02,-1.431526E+00
+8.852539E+02,+1.925098E-06,+8.741363E-06,-1.009627E+02,+1.354028E+00
+8.854980E+02,-4.578941E-06,-3.416704E-08,-1.067845E+02,-3.134131E+00
+8.857422E+02,+7.488808E-06,-6.815900E-06,-9.989112E+01,-7.383918E-01
+8.859863E+02,-7.729032E-06,+4.892621E-06,-1.007740E+02,+2.577248E+00
+8.862305E+02,+6.476512E-06,+1.255565E-06,-1.036129E+02,+1.914890E-01
+8.864746E+02,-3.136899E-06,-5.750916E-06,-1.036741E+02,-2.070148E+00
+8.867188E+02,+4.428135E-06,+4.260330E-06,-1.042298E+02,+7.660871E-01
+8.869629E+02,-4.889127E-06,-6.904484E-07,-1.061296E+02,-3.001299E+00
+8.872070E+02,-6.517699E-06,-4.188207E-06,-1.022169E+02,-2.570444E+00
+8.874512E+02,+3.012676E-06,+7.577037E-06,-1.017726E+02,+1.192355E+00
+8.876953E+02,+8.031861E-06,-3.232698E-06,-1.012516E+02,-3.826462E-01
+8.879395E+02,+4.203144E-06,+1.694283E-06,-1.068746E+02,+3.831749E-01
+8.881836E+02,-2.072132E-05,-5.257169E-06,-9.340073E+01,-2.893127E+00
+8.884277E+02,+1.739219E-05,+5.257074E-06,-9.481322E+01,+2.935346E-01
+8.886719E+02,-1.949137E-06,-3.190582E-06,-1.085453E+02,-2.119194E+00
+8.889160E+02,-6.858088E-06,+1.283026E-06,-1.031265E+02,+2.956648E+00
+8.891602E+02,+4.760894E-06,-1.188628E-06,-1.061836E+02,-2.446632E-01
+8.894043E+02,+2.657452E-06,+1.739044E-06,-1.099627E+02,+5.794642E-01
+8.896484E+02,-8.614608E-06,-6.500862E-06,-9.933776E+01,-2.495133E+00
+8.898926E+02,+1.019774E-06,+1.056009E-05,-9.948633E+01,+1.474526E+00
+8.901367E+02,+1.061428E-05,-6.086061E-06,-9.824770E+01,-5.206193E-01
+8.903809E+02,-8.247959E-06,+6.774173E-06,-9.943407E+01,+2.453989E+00
+8.906250E+02,-1.482822E-07,-6.363628E-06,-1.039236E+02,-1.594094E+00
+8.908691E+02,-1.382349E-07,-1.119909E-06,-1.189507E+02,-1.693609E+00
+8.911133E+02,+2.293389E-07,+2.643506E-06,-1.115238E+02,+1.484257E+00
+8.913574E+02,+3.279480E-06,+3.680086E-06,-1.061443E+02,+8.428967E-01
+8.916016E+02,-2.379803E-06,-1.007335E-05,-9.970066E+01,-1.802790E+00
+8.918457E+02,+8.960207E-07,+1.329430E-05,-9.750701E+01,+1.503499E+00
+8.920898E+02,+1.390025E-06,-7.252089E-06,-1.026340E+02,-1.381421E+00
+8.923340E+02,-3.049785E-06,-4.713941E-06,-1.050138E+02,-2.145040E+00
+8.925781E+02,+3.959293E-06,+7.070433E-06,-1.018265E+02,+1.060324E+00
+8.928223E+02,-6.838824E-06,-2.323610E-06,-1.028259E+02,-2.814063E+00
+8.930664E+02,+6.937679E-06,-8.283927E-07,-1.031142E+02,-1.188422E-01
+8.933105E+02,-3.178137E-06,+3.376136E-06,-1.066758E+02,+2.325994E+00
+8.935547E+02,-3.400409E-06,-3.982860E-06,-1.056184E+02,-2.277470E+00
+8.937988E+02,+6.146163E-06,+1.261552E-06,-1.040487E+02,+2.024466E-01
+8.940430E+02,+9.404143E-07,-1.852617E-06,-1.136486E+02,-1.101076E+00
+8.942871E+02,-9.360931E-06,+1.102278E-05,-9.679587E+01,+2.274846E+00
+8.945312E+02,+7.983749E-06,-1.456752E-05,-9.559165E+01,-1.069450E+00
+8.947754E+02,+1.839676E-06,+3.983013E-06,-1.071560E+02,+1.138107E+00
+8.950195E+02,-3.687643E-06,+4.648743E-07,-1.085965E+02,+3.016191E+00
+8.952637E+02,+2.070468E-06,+8.459636E-06,-1.012003E+02,+1.330768E+00
+8.955078E+02,-7.622580E-06,-1.290279E-05,-9.648618E+01,-2.104401E+00
+8.957520E+02,+7.781741E-06,+7.558780E-06,-9.929259E+01,+7.708651E-01
+8.959961E+02,-1.985355E-06,-2.476438E-07,-1.139762E+02,-3.017498E+00
+8.962402E+02,+8.800337E-07,-4.730444E-06,-1.063542E+02,-1.386863E+00
+8.964844E+02,-3.968337E-07,+6.700251E-06,-1.034630E+02,+1.629954E+00
+8.967285E+02,-3.884122E-06,-3.536187E-06,-1.055923E+02,-2.403050E+00
+8.969727E+02,+5.883886E-06,-3.604074E-06,-1.032231E+02,-5.495840E-01
+8.972168E+02,-4.989296E-06,+3.388044E-06,-1.043923E+02,+2.545057E+00
+8.974609E+02,+4.564944E-06,-3.169030E-07,-1.067904E+02,-6.930981E-02
+8.977051E+02,-7.151764E-08,+1.738559E-06,-1.151889E+02,+1.611909E+00
+8.979492E+02,-1.473996E-06,-3.758212E-06,-1.078790E+02,-1.944566E+00
+8.981934E+02,-8.545183E-07,+6.190687E-06,-1.040833E+02,+1.707962E+00
+8.984375E+02,-3.015935E-06,-2.327256E-06,-1.083827E+02,-2.484377E+00
+8.986816E+02,+3.334310E-06,+4.980433E-07,-1.094440E+02,+1.482730E-01
+8.989258E+02,-2.205064E-06,-1.058322E-06,-1.122313E+02,-2.694113E+00
+8.991699E+02,+9.907528E-06,-4.374584E-06,-9.930717E+01,-4.157976E-01
+8.994141E+02,-1.179533E-05,+2.207360E-06,-9.841631E+01,+2.956594E+00
+8.996582E+02,+4.512902E-06,+8.015124E-06,-1.007259E+02,+1.057990E+00
+8.999023E+02,-3.740549E-06,-7.469987E-06,-1.015619E+02,-2.035038E+00
+9.001465E+02,+9.321942E-07,-6.186174E-06,-1.040740E+02,-1.421232E+00
+9.003906E+02,+4.631566E-06,+1.385577E-05,-9.670737E+01,+1.248203E+00
+9.006348E+02,-6.978980E-07,-7.111372E-06,-1.029193E+02,-1.668621E+00
+9.008789E+02,-5.277101E-06,-2.673468E-06,-1.045599E+02,-2.672666E+00
+9.011230E+02,+4.985205E-06,+7.095161E-06,-1.012382E+02,+9.583139E-01
+9.013672E+02,-1.804147E-06,-9.772113E-06,-1.000547E+02,-1.753363E+00
+9.016113E+02,+5.928328E-06,+5.984736E-06,-1.014897E+02,+7.901331E-01
+9.018555E+02,-5.100904E-06,+9.798324E-07,-1.056897E+02,+2.951814E+00
+9.020996E+02,-4.250553E-06,+3.497942E-06,-1.051852E+02,+2.453021E+00
+9.023438E+02,+3.680971E-06,-2.721582E-06,-1.067868E+02,-6.366601E-01
+9.025879E+02,+4.658127E-06,-5.716954E-06,-1.026455E+02,-8.871008E-01
+9.028320E+02,-5.726746E-06,+1.587143E-06,-1.045205E+02,+2.871233E+00
+9.030762E+02,+1.373036E-06,+5.699230E-06,-1.046387E+02,+1.334385E+00
+9.033203E+02,+1.440983E-06,-2.724528E-06,-1.102230E+02,-1.084303E+00
+9.035645E+02,-7.484349E-06,-2.186273E-06,-1.021613E+02,-2.857388E+00
+9.038086E+02,+7.141413E-06,+2.383976E-06,-1.024655E+02,+3.221922E-01
+9.040527E+02,-2.010212E-06,+2.661877E-06,-1.095364E+02,+2.217608E+00
+9.042969E+02,+4.220343E-06,-4.488409E-06,-1.042071E+02,-8.161696E-01
+9.045410E+02,-4.401906E-06,+2.560948E-06,-1.058611E+02,+2.614677E+00
+9.047852E+02,-1.030425E-06,-4.579664E-06,-1.065688E+02,-1.792111E+00
+9.050293E+02,+8.061364E-06,+1.814767E-06,-1.016571E+02,+2.214278E-01
+9.052734E+02,-7.379320E-06,+3.393177E-06,-1.018067E+02,+2.710600E+00
+9.055176E+02,+1.302142E-06,-4.234200E-06,-1.070721E+02,-1.272446E+00
+9.057617E+02,-6.214708E-07,+3.511115E-06,-1.089571E+02,+1.745983E+00
+9.060059E+02,+7.034333E-06,-3.157822E-06,-1.022582E+02,-4.219519E-01
+9.062500E+02,-8.917579E-06,+2.663341E-06,-1.006240E+02,+2.851364E+00
+9.064941E+02,+9.584179E-07,+1.111063E-06,-1.166695E+02,+8.590249E-01
+9.067383E+02,+5.225183E-06,+1.660666E-06,-1.052201E+02,+3.077240E-01
+9.069824E+02,-2.964170E-06,-8.329972E-06,-1.010693E+02,-1.912668E+00
+9.072266E+02,-1.093318E-06,+2.628833E-07,-1.189810E+02,+2.905627E+00
+9.074707E+02,-1.940340E-06,+6.814599E-06,-1.029926E+02,+1.848188E+00
+9.077148E+02,+9.566332E-06,+1.732708E-06,-1.002449E+02,+1.791831E-01
+9.079590E+02,-8.905841E-06,-5.142862E-06,-9.975666E+01,-2.617904E+00
+9.082031E+02,+4.555736E-06,-3.488549E-06,-1.048248E+02,-6.535044E-01
+9.084473E+02,-2.864289E-06,+5.926299E-06,-1.036326E+02,+2.021010E+00
+9.086914E+02,+2.129088E-06,-1.078978E-06,-1.124434E+02,-4.690566E-01
+9.089355E+02,-2.163932E-06,+3.186483E-06,-1.082868E+02,+2.167356E+00
+9.091797E+02,+1.645456E-06,-4.440984E-06,-1.064917E+02,-1.215962E+00
+9.094238E+02,-3.088133E-07,+4.065855E-07,-1.258390E+02,+2.220368E+00
+9.096680E+02,+1.424271E-06,-9.700016E-07,-1.152732E+02,-5.978953E-01
+9.099121E+02,-5.238273E-06,-8.218187E-07,-1.055106E+02,-2.985974E+00
+9.101562E+02,+4.883600E-06,-2.152388E-07,-1.062168E+02,-4.404529E-02
+9.104004E+02,-2.679885E-06,+2.353304E-06,-1.089552E+02,+2.420989E+00
+9.106445E+02,+2.016001E-06,+3.474056E-06,-1.079228E+02,+1.044987E+00
+9.108887E+02,+2.389352E-06,-4.067846E-06,-1.065255E+02,-1.039712E+00
+9.111328E+02,-6.893361E-06,+1.012147E-06,-1.031387E+02,+2.995805E+00
+9.113770E+02,+4.063302E-06,-2.894490E-06,-1.060400E+02,-6.189661E-01
+9.116211E+02,-2.052793E-06,+3.351675E-07,-1.136388E+02,+2.979747E+00
+9.118652E+02,+5.122006E-06,+4.201229E-06,-1.035768E+02,+6.869559E-01
+9.121094E+02,-4.112915E-06,-3.954808E-06,-1.048736E+02,-2.375790E+00
+9.123535E+02,+2.863649E-06,-1.563351E-06,-1.097287E+02,-4.997129E-01
+9.125977E+02,-4.981756E-06,+2.456426E-06,-1.051072E+02,+2.683493E+00
+9.128418E+02,+5.055255E-06,+4.408321E-06,-1.034689E+02,+7.171439E-01
+9.130859E+02,-3.648584E-06,-8.540908E-06,-1.006419E+02,-1.974520E+00
+9.133301E+02,+3.251484E-06,+4.152131E-06,-1.055576E+02,+9.064530E-01
+9.135742E+02,-9.588590E-07,+1.584590E-07,-1.202479E+02,+2.977815E+00
+9.138184E+02,-2.104104E-06,-1.316671E-06,-1.121036E+02,-2.582445E+00
+9.140625E+02,+1.594907E-06,+2.824009E-06,-1.097804E+02,+1.056687E+00
+9.143066E+02,+1.113314E-06,-4.086428E-06,-1.074622E+02,-1.304810E+00
+9.145508E+02,-3.782298E-06,+5.061401E-07,-1.083678E+02,+3.008565E+00
+9.147949E+02,+7.111588E-07,+6.276975E-06,-1.039896E+02,+1.457981E+00
+9.150391E+02,+7.058913E-06,-3.834316E-06,-1.019024E+02,-4.975981E-01
+9.152832E+02,-4.914402E-06,+4.962577E-07,-1.061265E+02,+3.040954E+00
+9.155273E+02,-2.530825E-06,-2.329730E-06,-1.092691E+02,-2.397544E+00
+9.157715E+02,+7.183105E-06,-4.760577E-06,-1.012924E+02,-5.852837E-01
+9.160156E+02,-5.690295E-06,+6.576464E-06,-1.012131E+02,+2.284078E+00
+9.162598E+02,-2.933393E-06,-3.467142E-06,-1.068559E+02,-2.272996E+00
+9.165039E+02,-6.833537E-09,-1.217042E-06,-1.182938E+02,-1.576411E+00
+9.167480E+02,+5.694242E-06,+7.156538E-06,-1.007758E+02,+8.987013E-01
+9.169922E+02,-2.918014E-06,-7.008834E-06,-1.023929E+02,-1.965304E+00
+9.172363E+02,-9.660207E-09,-5.368545E-07,-1.254015E+02,-1.588788E+00
+9.174805E+02,-2.503373E-06,+5.502789E-06,-1.043714E+02,+1.997741E+00
+9.177246E+02,+5.917169E-07,-2.206033E-06,-1.128260E+02,-1.308738E+00
+9.179688E+02,+2.726194E-06,+2.728114E-06,-1.082755E+02,+7.857502E-01
+9.182129E+02,-2.636696E-08,-1.225713E-05,-9.823220E+01,-1.572948E+00
+9.184570E+02,-6.557818E-06,+1.616521E-05,-9.516671E+01,+1.956185E+00
+9.187012E+02,+2.296684E-06,-4.677159E-06,-1.056622E+02,-1.114340E+00
+9.189453E+02,+1.053908E-05,-4.654648E-06,-9.877005E+01,-4.158934E-01
+9.191895E+02,-1.052954E-05,+1.038760E-06,-9.950974E+01,+3.043259E+00
+9.194336E+02,+2.465381E-06,+1.089776E-05,-9.903648E+01,+1.348313E+00
+9.196777E+02,+6.882501E-06,-2.013405E-05,-9.344143E+01,-1.241415E+00
+9.199219E+02,-1.177789E-05,+1.153329E-05,-9.565854E+01,+2.366687E+00
+9.201660E+02,+6.379625E-06,-5.096418E-06,-1.017605E+02,-6.740445E-01
+9.204102E+02,+6.582977E-07,+1.418495E-06,-1.161163E+02,+1.136294E+00
+9.206543E+02,-9.242766E-06,+1.499026E-06,-1.005712E+02,+2.980809E+00
+9.208984E+02,+6.715372E-06,-4.802365E-07,-1.034364E+02,-7.139147E-02
+9.211426E+02,-1.823958E-06,+8.719624E-06,-1.010041E+02,+1.777002E+00
+9.213867E+02,-2.376617E-06,-1.972181E-05,-9.403845E+01,-1.690725E+00
+9.216309E+02,+5.363146E-06,+7.731965E-06,-1.005283E+02,+9.643563E-01
+9.218750E+02,-1.361288E-05,-2.493694E-06,-9.717766E+01,-2.960415E+00
+9.221191E+02,+1.196692E-05,+5.839615E-06,-9.751271E+01,+4.539853E-01
+9.223633E+02,-9.498934E-06,-2.458677E-07,-1.004436E+02,-3.115715E+00
+9.226074E+02,-5.057244E-06,-2.088023E-06,-1.052381E+02,-2.750034E+00
+9.228516E+02,-1.347168E-05,+4.976565E-07,-9.740564E+01,+3.104669E+00
+9.230957E+02,+6.105691E-06,+7.387425E-06,-1.003690E+02,+8.801057E-01
+9.233398E+02,-7.214455E-06,+1.913957E-05,-9.378438E+01,+1.931266E+00
+9.235840E+02,+5.952684E-06,+2.202748E-05,-9.283459E+01,+1.306862E+00
+9.238281E+02,+3.501902E-05,+2.770123E-06,-8.908683E+01,+7.893901E-02
+9.240723E+02,+2.143472E-05,-2.577788E-05,-8.949255E+01,-8.771314E-01
+9.243164E+02,-3.490944E-06,-1.903513E-05,-9.426522E+01,-1.752176E+00
+9.245605E+02,-2.847949E-06,-1.557284E-05,-9.600977E+01,-1.751677E+00
+9.248047E+02,-3.759586E-05,+4.171206E-06,-8.844406E+01,+3.031096E+00
+9.250488E+02,+3.538843E-06,-5.920186E-06,-1.032265E+02,-1.032026E+00
+9.252930E+02,-1.079660E-05,+2.591026E-05,-9.103524E+01,+1.965609E+00
+9.255371E+02,+2.386566E-06,-2.534069E-06,-1.091660E+02,-8.153656E-01
+9.257812E+02,+1.065720E-05,+2.143162E-05,-9.241929E+01,+1.109339E+00
+9.260254E+02,+7.979547E-07,-2.176273E-05,-9.323990E+01,-1.534147E+00
+9.262695E+02,+3.995953E-05,-4.751013E-06,-8.790663E+01,-1.183401E-01
+9.265137E+02,-9.409040E-05,+2.440166E-05,-8.024640E+01,+2.887840E+00
+9.267578E+02,+6.934359E-05,+9.986482E-06,-8.309073E+01,+1.430311E-01
+9.270020E+02,-9.464047E-06,-2.771214E-05,-9.066750E+01,-1.899890E+00
+9.272461E+02,-2.507382E-05,+8.694777E-05,-8.086790E+01,+1.851557E+00
+9.274902E+02,+1.165183E-04,+7.216910E-06,-7.865549E+01,+6.185899E-02
+9.277344E+02,+6.733161E-05,-8.855052E-05,-7.907464E+01,-9.206882E-01
+9.279785E+02,-4.075345E-05,-1.123270E-04,-7.845326E+01,-1.918838E+00
+9.282227E+02,-1.047278E-04,-4.579746E-05,-7.883880E+01,-2.729350E+00
+9.284668E+02,-7.870203E-05,+5.700571E-05,-8.024860E+01,+2.514728E+00
+9.287109E+02,-4.101992E-06,+9.996422E-05,-7.999580E+01,+1.611808E+00
+9.289551E+02,+6.853892E-05,+1.616899E-05,-8.304604E+01,+2.316738E-01
+9.291992E+02,+2.130023E-05,-5.032397E-05,-8.524881E+01,-1.170399E+00
+9.294434E+02,-5.073886E-05,-2.631250E-05,-8.485880E+01,-2.663187E+00
+9.296875E+02,-2.257102E-05,+7.890894E-05,-8.171593E+01,+1.849396E+00
+9.299316E+02,+8.265443E-05,+1.977470E-05,-8.141295E+01,+2.348315E-01
+9.301758E+02,+8.176607E-05,-8.676419E-05,-7.847292E+01,-8.150465E-01
+9.304199E+02,-2.942242E-04,-3.450439E-05,-7.056711E+01,-3.024853E+00
+9.306641E+02,+2.347506E-04,+1.933239E-04,-7.033942E+01,+6.889241E-01
+9.309082E+02,+4.707118E-06,-2.025171E-04,-7.386842E+01,-1.547557E+00
+9.311523E+02,-1.225529E-04,+7.278816E-05,-7.692133E+01,+2.605646E+00
+9.313965E+02,+7.680707E-05,+3.463297E-05,-8.148817E+01,+4.236093E-01
+9.316406E+02,+9.294542E-06,-3.240811E-05,-8.944363E+01,-1.291496E+00
+9.318848E+02,-2.613255E-05,-2.205553E-05,-8.932053E+01,-2.440600E+00
+9.321289E+02,-1.122518E-05,+3.077160E-05,-8.969443E+01,+1.920586E+00
+9.323730E+02,+2.252664E-05,+4.044781E-06,-9.280827E+01,+1.776623E-01
+9.326172E+02,-1.037413E-05,-1.284982E-05,-9.564250E+01,-2.249995E+00
+9.328613E+02,-1.274330E-07,+1.979816E-06,-1.140495E+02,+1.635074E+00
+9.331055E+02,+4.857658E-06,+8.009111E-06,-1.005679E+02,+1.025599E+00
+9.333496E+02,+2.389005E-06,-4.899896E-06,-1.052701E+02,-1.117148E+00
+9.335938E+02,-6.796947E-06,-3.371668E-06,-1.023983E+02,-2.681105E+00
+9.338379E+02,+3.705391E-06,-2.685450E-07,-1.086006E+02,-7.234765E-02
+9.340820E+02,+2.633780E-06,+4.791453E-06,-1.052440E+02,+1.068197E+00
+9.343262E+02,-3.639877E-06,-2.686706E-07,-1.087547E+02,-3.067913E+00
+9.345703E+02,+5.197175E-06,-2.925076E-06,-1.044896E+02,-5.126328E-01
+9.348145E+02,-4.773560E-06,+1.075276E-06,-1.062082E+02,+2.920034E+00
+9.350586E+02,-4.135395E-06,+8.026107E-06,-1.008874E+02,+2.046564E+00
+9.353027E+02,+1.520521E-05,-1.292122E-05,-9.399947E+01,-7.043713E-01
+9.355469E+02,-8.191551E-06,+6.369330E-06,-9.967906E+01,+2.480692E+00
+9.357910E+02,-1.310908E-07,-9.904437E-06,-1.000826E+02,-1.584031E+00
+9.360352E+02,-2.944831E-06,-8.677423E-07,-1.102572E+02,-2.855036E+00
+9.362793E+02,-7.881798E-06,+2.864102E-06,-1.015289E+02,+2.793046E+00
+9.365234E+02,-5.978624E-06,+9.715015E-06,-9.885637E+01,+2.122463E+00
+9.367676E+02,+8.182724E-06,+4.709234E-06,-1.004996E+02,+5.222170E-01
+9.370117E+02,+1.195739E-05,+4.209568E-06,-9.793985E+01,+3.384976E-01
+9.372559E+02,-4.535872E-06,-1.046663E-05,-9.885641E+01,-1.979731E+00
+9.375000E+02,+5.629869E-06,-5.275965E-06,-1.022525E+02,-7.529587E-01
+9.377441E+02,-8.684089E-06,+5.235700E-06,-9.987897E+01,+2.599038E+00
+9.379883E+02,+2.299022E-07,+4.773538E-06,-1.064131E+02,+1.522672E+00
+9.382324E+02,+9.563839E-06,-6.587574E-06,-9.870107E+01,-6.031697E-01
+9.384766E+02,-1.079050E-05,-8.322634E-06,-9.731186E+01,-2.484603E+00
+9.387207E+02,-6.630318E-07,+1.518076E-05,-9.636585E+01,+1.614444E+00
+9.389648E+02,+1.179274E-05,-1.035011E-06,-9.853438E+01,-8.754246E-02
+9.392090E+02,-5.333553E-07,-7.787349E-06,-1.021519E+02,-1.639179E+00
+9.394531E+02,-1.443610E-05,-1.223051E-06,-9.677994E+01,-3.057073E+00
+9.396973E+02,+8.658743E-06,+9.283767E-06,-9.792737E+01,+8.202189E-01
+9.399414E+02,+1.651004E-07,-8.736030E-06,-1.011722E+02,-1.551900E+00
+9.401855E+02,-4.905570E-06,+1.749371E-06,-1.056663E+02,+2.799042E+00
+9.404297E+02,+4.944772E-06,+3.213744E-06,-1.045868E+02,+5.763243E-01
+9.406738E+02,+1.150221E-07,+3.008498E-07,-1.298405E+02,+1.205620E+00
+9.409180E+02,-1.677668E-06,-4.678640E-06,-1.060723E+02,-1.915094E+00
+9.411621E+02,-8.219057E-07,+7.091445E-06,-1.029274E+02,+1.686182E+00
+9.414062E+02,+4.664715E-06,-3.154152E-06,-1.049883E+02,-5.945548E-01
+9.416504E+02,-4.902337E-06,-5.500091E-06,-1.026533E+02,-2.298795E+00
+9.418945E+02,-1.301247E-06,+2.969005E-06,-1.097847E+02,+1.983859E+00
+9.421387E+02,+6.233868E-06,+2.064557E-06,-1.036529E+02,+3.198148E-01
+9.423828E+02,-2.655618E-06,+2.513929E-06,-1.087380E+02,+2.383596E+00
+9.426270E+02,-3.733405E-06,-2.583143E-06,-1.068590E+02,-2.536324E+00
+9.428711E+02,+5.702300E-06,-3.976790E-06,-1.031577E+02,-6.089796E-01
+9.431152E+02,-6.931585E-06,+1.545262E-06,-1.029727E+02,+2.922249E+00
+9.433594E+02,+8.138628E-06,+1.645351E-06,-1.016150E+02,+1.994771E-01
+9.436035E+02,-7.953116E-06,-3.778578E-07,-1.019795E+02,-3.094118E+00
+9.438477E+02,+8.313852E-06,+7.583812E-06,-9.897449E+01,+7.395092E-01
+9.440918E+02,-4.969098E-06,-1.216775E-05,-9.762592E+01,-1.958508E+00
+9.443359E+02,+5.044795E-06,+8.095219E-06,-1.004104E+02,+1.013505E+00
+9.445801E+02,-4.047472E-06,-3.349647E-06,-1.055906E+02,-2.450253E+00
+9.448242E+02,-1.266832E-06,-1.964408E-07,-1.178424E+02,-2.987753E+00
+9.450684E+02,+5.464841E-06,+1.222782E-06,-1.050363E+02,+2.201284E-01
+9.453125E+02,-7.734910E-06,-9.796148E-07,-1.021618E+02,-3.015615E+00
+9.455566E+02,+4.722379E-06,-4.451604E-06,-1.037554E+02,-7.558912E-01
+9.458008E+02,-4.430462E-06,+7.049089E-06,-1.015915E+02,+2.131920E+00
+9.460449E+02,+4.685497E-06,-1.323256E-07,-1.065814E+02,-2.823402E-02
+9.462891E+02,-3.448728E-06,-8.436801E-06,-1.008054E+02,-1.958842E+00
+9.465332E+02,+1.509347E-06,+9.832946E-06,-1.000452E+02,+1.418486E+00
+9.467773E+02,+8.552508E-08,+2.998280E-06,-1.104590E+02,+1.542279E+00
+9.470215E+02,-1.702790E-06,-5.433647E-06,-1.048913E+02,-1.874482E+00
+9.472656E+02,+8.000446E-06,-1.031567E-05,-9.768478E+01,-9.111351E-01
+9.475098E+02,-7.539135E-06,+1.049792E-05,-9.777167E+01,+2.193603E+00
+9.477539E+02,+2.410761E-08,+4.699460E-06,-1.065589E+02,+1.565667E+00
+9.479980E+02,+1.804244E-06,-9.062543E-06,-1.006862E+02,-1.374278E+00
+9.482422E+02,-1.499875E-06,+7.952659E-06,-1.018380E+02,+1.757207E+00
+9.484863E+02,+4.461137E-06,-9.338007E-06,-9.970210E+01,-1.125115E+00
+9.487305E+02,-5.515554E-06,-1.200907E-06,-1.049671E+02,-2.927208E+00
+9.489746E+02,+4.385415E-06,+1.086766E-05,-9.862210E+01,+1.187251E+00
+9.492188E+02,-6.156109E-06,-3.365882E-06,-1.030780E+02,-2.641244E+00
+9.494629E+02,+7.025953E-06,-2.382764E-06,-1.025931E+02,-3.269652E-01
+9.497070E+02,-3.016776E-06,-1.297982E-06,-1.096715E+02,-2.735280E+00
+9.499512E+02,+1.529040E-06,-1.921891E-07,-1.162435E+02,-1.250369E-01
+9.501953E+02,+1.119175E-06,+6.230306E-06,-1.039719E+02,+1.393058E+00
+9.504395E+02,-7.371430E-06,+1.066131E-06,-1.025591E+02,+2.997958E+00
+9.506836E+02,+7.818334E-06,-1.227318E-05,-9.674162E+01,-1.003596E+00
+9.509277E+02,+3.775716E-07,+8.353552E-06,-1.015537E+02,+1.525628E+00
+9.511719E+02,-7.270924E-06,+1.011940E-06,-1.026849E+02,+3.003305E+00
+9.514160E+02,+8.338542E-06,-5.108141E-06,-1.001943E+02,-5.496284E-01
+9.516602E+02,-7.716922E-06,+2.680366E-06,-1.017564E+02,+2.807293E+00
+9.519043E+02,+2.441246E-06,+2.898781E-07,-1.121870E+02,+1.181884E-01
+9.521484E+02,+3.939377E-06,-3.753829E-06,-1.052856E+02,-7.612845E-01
+9.523926E+02,-3.946119E-06,+7.696696E-06,-1.012603E+02,+2.044555E+00
+9.526367E+02,+4.692090E-06,-2.602032E-06,-1.054081E+02,-5.063352E-01
+9.528809E+02,-7.918401E-06,-1.666488E-06,-1.018390E+02,-2.934162E+00
+9.531250E+02,+7.838809E-06,-7.230944E-06,-9.944112E+01,-7.450832E-01
+9.533691E+02,-2.844232E-06,+1.341155E-05,-9.725936E+01,+1.779773E+00
+9.536133E+02,+3.958362E-07,-9.678080E-06,-1.002770E+02,-1.529919E+00
+9.538574E+02,-7.581486E-06,+5.000522E-06,-1.008363E+02,+2.558519E+00
+9.541016E+02,+1.008400E-05,-2.796425E-06,-9.960558E+01,-2.705154E-01
+9.543457E+02,+3.794598E-07,+1.758694E-06,-1.148986E+02,+1.358292E+00
+9.545898E+02,-3.390143E-06,-3.187453E-06,-1.066448E+02,-2.387000E+00
+9.548340E+02,-2.883032E-06,+3.706709E-06,-1.065656E+02,+2.231845E+00
+9.550781E+02,-1.467206E-06,-2.220147E-06,-1.114986E+02,-2.154768E+00
+9.553223E+02,+7.758416E-06,+8.855019E-07,-1.021483E+02,+1.136426E-01
+9.555664E+02,-3.340820E-06,+7.879273E-07,-1.092878E+02,+2.909977E+00
+9.558105E+02,-2.617079E-06,-4.247742E-06,-1.060393E+02,-2.122978E+00
+9.560547E+02,+1.775677E-07,+2.637553E-06,-1.115563E+02,+1.503575E+00
+9.562988E+02,+3.937234E-06,+5.263428E-07,-1.080192E+02,+1.328954E-01
+9.565430E+02,-2.992088E-06,+4.190320E-06,-1.057657E+02,+2.190888E+00
+9.567871E+02,+2.155023E-06,-6.574739E-06,-1.031992E+02,-1.254058E+00
+9.570312E+02,-2.065180E-06,+1.338159E-06,-1.121784E+02,+2.566651E+00
+9.572754E+02,-2.120368E-06,+8.069027E-07,-1.128844E+02,+2.777966E+00
+9.575195E+02,+5.132596E-06,-2.629297E-06,-1.047812E+02,-4.734188E-01
+9.577637E+02,-3.053379E-06,+9.600629E-06,-9.993554E+01,+1.878720E+00
+9.580078E+02,+3.285130E-06,-1.223292E-05,-9.794697E+01,-1.308438E+00
+9.582520E+02,-5.317927E-06,+7.484459E-06,-1.007419E+02,+2.188554E+00
+9.584961E+02,+1.425023E-06,-1.546316E-07,-1.168727E+02,-1.080887E-01
+9.587402E+02,+4.581195E-06,-4.946013E-06,-1.034246E+02,-8.236717E-01
+9.589844E+02,-1.482561E-06,+5.269505E-06,-1.052338E+02,+1.845054E+00
+9.592285E+02,-3.538746E-06,-2.618614E-06,-1.071265E+02,-2.504533E+00
+9.594727E+02,+5.017394E-07,-2.125034E-07,-1.252739E+02,-4.006278E-01
+9.597168E+02,+5.049733E-07,+2.722310E-06,-1.111543E+02,+1.387387E+00
+9.599609E+02,+1.147545E-06,-3.107541E-06,-1.095965E+02,-1.217052E+00
+9.602051E+02,-3.134970E-06,+1.636358E-06,-1.090289E+02,+2.660525E+00
+9.604492E+02,+4.272663E-06,+1.766542E-06,-1.067007E+02,+3.920490E-01
+9.606934E+02,-3.526031E-06,-5.539191E-06,-1.036537E+02,-2.137666E+00
+9.609375E+02,+2.577930E-07,-1.621958E-07,-1.303262E+02,-5.615928E-01
+9.611816E+02,+8.935968E-07,+8.490472E-06,-1.013735E+02,+1.465935E+00
+9.614258E+02,-3.333330E-06,-1.066657E-05,-9.903484E+01,-1.873684E+00
+9.616699E+02,+9.632628E-06,+1.031071E-05,-9.700932E+01,+8.193856E-01
+9.619141E+02,-4.925538E-06,-6.824715E-09,-1.061509E+02,-3.140207E+00
+9.621582E+02,-7.986267E-06,-5.076735E-06,-1.004792E+02,-2.575348E+00
+9.624023E+02,+9.366250E-06,+1.456789E-06,-1.004649E+02,+1.542996E-01
+9.626465E+02,-3.562545E-06,-1.721217E-06,-1.080537E+02,-2.691522E+00
+9.628906E+02,+3.401163E-06,-2.489400E-06,-1.075043E+02,-6.318331E-01
+9.631348E+02,+1.865830E-06,+7.780346E-07,-1.138863E+02,+3.950676E-01
+9.633789E+02,-7.751614E-06,+6.361130E-06,-9.997611E+01,+2.454404E+00
+9.636230E+02,+3.959558E-06,-3.131664E-07,-1.080200E+02,-7.892694E-02
+9.638672E+02,-1.113830E-06,-5.172819E-06,-1.055286E+02,-1.782882E+00
+9.641113E+02,+5.878414E-06,+4.456195E-06,-1.026429E+02,+6.486402E-01
+9.643555E+02,-6.696696E-06,-5.594853E-06,-1.011834E+02,-2.445598E+00
+9.645996E+02,+6.493028E-07,-3.088209E-07,-1.228654E+02,-4.439534E-01
+9.648438E+02,+3.362060E-06,+5.562391E-06,-1.037424E+02,+1.027128E+00
+9.650879E+02,-3.183281E-06,-1.270708E-06,-1.093004E+02,-2.761792E+00
+9.653320E+02,+2.119057E-06,-5.646048E-07,-1.131793E+02,-2.603922E-01
+9.655762E+02,-2.814263E-06,+3.400768E-07,-1.109497E+02,+3.021335E+00
+9.658203E+02,+4.372906E-06,+6.008547E-07,-1.071034E+02,+1.365489E-01
+9.660645E+02,-5.727270E-06,-4.404626E-06,-1.028231E+02,-2.486003E+00
+9.663086E+02,-7.676070E-07,+3.773865E-06,-1.082882E+02,+1.771460E+00
+9.665527E+02,+9.719159E-06,-3.431059E-06,-9.973736E+01,-3.393628E-01
+9.667969E+02,-6.838427E-06,+5.480845E-06,-1.011462E+02,+2.465951E+00
+9.670410E+02,+9.041974E-08,-3.260534E-06,-1.097309E+02,-1.543072E+00
+9.672852E+02,+6.326424E-06,+3.165891E-06,-1.030063E+02,+4.639862E-01
+9.675293E+02,-1.012397E-05,-4.443514E-06,-9.912788E+01,-2.727999E+00
+9.677734E+02,+5.050835E-06,+1.201205E-06,-1.056938E+02,+2.334856E-01
+9.680176E+02,-1.122478E-06,-1.421335E-06,-1.148411E+02,-2.239247E+00
+9.682617E+02,+4.259757E-06,+2.918490E-06,-1.057409E+02,+6.006767E-01
+9.685059E+02,-5.927299E-06,+1.121498E-06,-1.043901E+02,+2.954594E+00
+9.687500E+02,+6.643538E-07,-5.592418E-06,-1.049871E+02,-1.452555E+00
+9.689941E+02,+2.476851E-06,+8.772294E-06,-1.008046E+02,+1.295610E+00
+9.692383E+02,-1.736711E-06,-1.013424E-05,-9.975847E+01,-1.740518E+00
+9.694824E+02,+3.816977E-06,+6.133623E-06,-1.028241E+02,+1.014138E+00
+9.697266E+02,-7.005443E-06,+3.107673E-07,-1.030827E+02,+3.097261E+00
+9.699707E+02,+7.680497E-06,-3.251658E-06,-1.015762E+02,-4.004855E-01
+9.702148E+02,-2.928438E-06,+2.542655E-06,-1.082273E+02,+2.426591E+00
+9.704590E+02,-3.484195E-06,+1.397406E-06,-1.085102E+02,+2.760164E+00
+9.707031E+02,+3.035806E-06,+1.479621E-06,-1.094289E+02,+4.535086E-01
+9.709473E+02,+1.895927E-06,-6.933709E-06,-1.028675E+02,-1.303885E+00
+9.711914E+02,-9.017793E-07,+1.311940E-06,-1.159613E+02,+2.172991E+00
+9.714355E+02,-1.685459E-06,+2.514397E-06,-1.103796E+02,+2.161326E+00
+9.716797E+02,-6.132641E-07,-2.064009E-07,-1.237810E+02,-2.816940E+00
+9.719238E+02,+9.021380E-07,-2.116846E-06,-1.127614E+02,-1.167935E+00
+9.721680E+02,+2.891103E-06,+5.480033E-06,-1.041579E+02,+1.085336E+00
+9.724121E+02,-2.657667E-06,-4.114950E-06,-1.061986E+02,-2.144253E+00
+9.726562E+02,+9.508772E-07,-7.699779E-06,-1.022047E+02,-1.447924E+00
+9.729004E+02,-1.524531E-06,+1.290983E-05,-9.772144E+01,+1.688343E+00
+9.731445E+02,-5.824239E-06,-1.726161E-06,-1.043296E+02,-2.853465E+00
+9.733887E+02,+1.198978E-05,-4.045461E-06,-9.795554E+01,-3.254142E-01
+9.736328E+02,-3.683069E-06,+5.261099E-07,-1.085881E+02,+2.999707E+00
+9.738770E+02,-4.255260E-06,-2.061705E-06,-1.065057E+02,-2.690416E+00
+9.741211E+02,-1.449993E-06,+3.054237E-06,-1.094192E+02,+2.014039E+00
+9.743652E+02,+1.019361E-05,-9.193499E-07,-9.979826E+01,-8.994552E-02
+9.746094E+02,-7.139866E-06,-1.850295E-06,-1.026439E+02,-2.888021E+00
+9.748535E+02,+1.872764E-07,+5.545629E-06,-1.051160E+02,+1.537039E+00
+9.750977E+02,+1.404665E-06,-9.298767E-06,-1.005335E+02,-1.420871E+00
+9.753418E+02,+1.348126E-06,+7.746613E-06,-1.020882E+02,+1.398494E+00
+9.755859E+02,-6.075662E-06,+6.799135E-07,-1.042741E+02,+3.030149E+00
+9.758301E+02,+6.207994E-06,-2.989616E-06,-1.032352E+02,-4.487994E-01
+9.760742E+02,-8.931394E-06,-5.469919E-07,-1.009654E+02,-3.080425E+00
+9.763184E+02,+1.095042E-05,-3.221836E-07,-9.920763E+01,-2.941355E-02
+9.765625E+02,-6.622988E-06,+4.775802E-06,-1.017606E+02,+2.516849E+00
+9.768066E+02,+3.604502E-06,-3.045839E-06,-1.065229E+02,-7.015898E-01
+9.770508E+02,-3.019301E-06,-1.997542E-06,-1.088252E+02,-2.557112E+00
+9.772949E+02,+2.842310E-06,+3.663174E-06,-1.066761E+02,+9.109152E-01
+9.775391E+02,-6.400836E-07,+2.107037E-06,-1.131432E+02,+1.865721E+00
+9.777832E+02,+1.795036E-06,-9.542285E-06,-1.002559E+02,-1.384856E+00
+9.780273E+02,-4.995683E-06,+7.431233E-06,-1.009593E+02,+2.162658E+00
+9.782715E+02,+7.610308E-06,-2.604060E-06,-1.018911E+02,-3.296871E-01
+9.785156E+02,-7.662245E-06,+4.946813E-06,-1.007998E+02,+2.568311E+00
+9.787598E+02,+3.352082E-06,-1.013510E-05,-9.943260E+01,-1.251382E+00
+9.790039E+02,-3.035879E-06,+7.901958E-06,-1.014474E+02,+1.937602E+00
+9.792480E+02,+2.563721E-06,-1.774068E-06,-1.101234E+02,-6.053296E-01
+9.794922E+02,+3.450470E-06,-1.980415E-06,-1.080058E+02,-5.210487E-01
+9.797363E+02,-6.786643E-06,+1.707742E-06,-1.031003E+02,+2.895078E+00
+9.799805E+02,+8.172437E-06,-5.487158E-07,-1.017334E+02,-6.704163E-02
+9.802246E+02,-8.166863E-06,+4.701166E-06,-1.005159E+02,+2.619278E+00
+9.804688E+02,+5.436091E-06,-3.672920E-06,-1.036611E+02,-5.941992E-01
+9.807129E+02,-2.597663E-06,+2.547162E-06,-1.087825E+02,+2.366010E+00
+9.809570E+02,+2.832926E-06,-9.046566E-06,-1.004641E+02,-1.267320E+00
+9.812012E+02,-4.958261E-06,+5.176858E-06,-1.028917E+02,+2.334630E+00
+9.814453E+02,+1.982741E-06,+2.801542E-06,-1.092886E+02,+9.548997E-01
+9.816895E+02,+8.589113E-07,-6.087005E-06,-1.042263E+02,-1.430616E+00
+9.819336E+02,+2.854762E-06,+6.783111E-06,-1.026632E+02,+1.172435E+00
+9.821777E+02,-8.885652E-08,-3.721843E-06,-1.085824E+02,-1.594666E+00
+9.824219E+02,-6.534373E-06,+7.620842E-06,-9.996646E+01,+2.279591E+00
+9.826660E+02,+1.306154E-06,-1.125340E-05,-9.891621E+01,-1.455246E+00
+9.829102E+02,+5.137889E-06,+5.570358E-06,-1.024089E+02,+8.257627E-01
+9.831543E+02,-2.147490E-06,-2.779725E-06,-1.090873E+02,-2.228577E+00
+9.833984E+02,-2.664286E-06,+6.135621E-07,-1.112640E+02,+2.915247E+00
+9.836426E+02,+2.157010E-06,+5.508231E-07,-1.130486E+02,+2.500210E-01
+9.838867E+02,+7.092730E-07,+1.145310E-06,-1.174117E+02,+1.016317E+00
+9.841309E+02,-1.534051E-07,+1.725260E-06,-1.152287E+02,+1.659480E+00
+9.843750E+02,-3.196872E-06,-6.147231E-06,-1.031868E+02,-2.050355E+00
+9.846191E+02,+4.102429E-06,+6.437393E-06,-1.023456E+02,+1.003414E+00
+9.848633E+02,-1.744823E-06,-4.200569E-07,-1.149203E+02,-2.905344E+00
+9.851074E+02,+1.165421E-06,-4.677288E-06,-1.063385E+02,-1.326603E+00
+9.853516E+02,-1.227383E-06,+3.607776E-06,-1.083796E+02,+1.898718E+00
+9.855957E+02,+1.192205E-06,-2.776171E-06,-1.103960E+02,-1.165169E+00
+9.858398E+02,-3.120567E-06,-3.650294E-06,-1.063709E+02,-2.278117E+00
+9.860840E+02,-2.383888E-07,+1.252484E-05,-9.804298E+01,+1.589827E+00
+9.863281E+02,+2.204985E-06,-1.084708E-05,-9.911789E+01,-1.370250E+00
+9.865723E+02,+1.434170E-06,+1.001818E-06,-1.151421E+02,+6.097420E-01
+9.868164E+02,-2.018932E-06,+3.914935E-06,-1.071214E+02,+2.046925E+00
+9.870605E+02,+1.110019E-06,-5.719366E-06,-1.046925E+02,-1.379099E+00
+9.873047E+02,-1.768676E-06,+5.269582E-06,-1.051009E+02,+1.894620E+00
+9.875488E+02,-4.410153E-08,+6.505627E-06,-1.037340E+02,+1.577575E+00
+9.877930E+02,+9.039446E-07,-1.375195E-05,-9.721399E+01,-1.505159E+00
+9.880371E+02,+5.538908E-06,+8.644720E-06,-9.977116E+01,+1.000967E+00
+9.882812E+02,-6.771643E-06,-7.097098E-07,-1.033387E+02,-3.037168E+00
+9.885254E+02,+4.257788E-07,-4.877101E-06,-1.062038E+02,-1.483716E+00
+9.887695E+02,+2.496528E-06,+7.003017E-06,-1.025747E+02,+1.228349E+00
+9.890137E+02,+1.126374E-06,-6.969099E-06,-1.030245E+02,-1.410558E+00
+9.892578E+02,-4.792030E-06,+5.592387E-06,-1.026569E+02,+2.279274E+00
+9.895020E+02,+3.921490E-06,+1.194687E-06,-1.077455E+02,+2.957186E-01
+9.897461E+02,-3.409794E-06,-5.516149E-06,-1.037619E+02,-2.124453E+00
+9.899902E+02,+4.337163E-07,+2.214859E-06,-1.129297E+02,+1.377422E+00
+9.902344E+02,+1.828520E-07,+1.503108E-06,-1.163964E+02,+1.449742E+00
+9.904785E+02,+3.361302E-06,+8.253779E-07,-1.092156E+02,+2.407889E-01
+9.907227E+02,-3.493601E-06,-5.845320E-06,-1.033373E+02,-2.109504E+00
+9.909668E+02,-1.452723E-06,-1.781236E-07,-1.166915E+02,-3.019588E+00
+9.912109E+02,+5.202278E-06,+1.279542E-05,-9.719452E+01,+1.184636E+00
+9.914551E+02,+3.742077E-06,-1.885783E-05,-9.432243E+01,-1.374905E+00
+9.916992E+02,-1.023252E-05,+1.459336E-05,-9.498023E+01,+2.182311E+00
+9.919434E+02,+3.983672E-06,-4.602159E-06,-1.043122E+02,-8.573096E-01
+9.921875E+02,-2.813790E-06,+3.248872E-06,-1.073347E+02,+2.284553E+00
+9.924316E+02,+6.264626E-06,-9.522926E-06,-9.886285E+01,-9.889247E-01
+9.926758E+02,-6.221027E-06,+5.563709E-06,-1.015704E+02,+2.411914E+00
+9.929199E+02,+5.634743E-06,+3.764207E-06,-1.033800E+02,+5.889494E-01
+9.931641E+02,+1.589758E-06,-7.853150E-06,-1.019247E+02,-1.371060E+00
+9.934082E+02,-5.937030E-06,+5.504995E-06,-1.018341E+02,+2.393935E+00
+9.936523E+02,+1.387739E-07,-1.867772E-06,-1.145496E+02,-1.496633E+00
+9.938965E+02,-1.671070E-06,+3.387954E-06,-1.084555E+02,+2.029020E+00
+9.941406E+02,+6.478627E-06,-4.797953E-06,-1.018713E+02,-6.374461E-01
+9.943848E+02,-4.356689E-06,+4.277068E-06,-1.042859E+02,+2.365416E+00
+9.946289E+02,-1.178747E-06,-9.850668E-07,-1.162712E+02,-2.445465E+00
+9.948730E+02,+3.910242E-06,+7.016681E-07,-1.080183E+02,+1.775540E-01
+9.951172E+02,+3.810648E-07,-3.085831E-06,-1.101468E+02,-1.447930E+00
+9.953613E+02,-6.576223E-06,-2.247203E-06,-1.031608E+02,-2.812316E+00
+9.956055E+02,+4.861228E-06,+9.477642E-06,-9.945168E+01,+1.096870E+00
+9.958496E+02,+1.334808E-06,-6.930164E-06,-1.030269E+02,-1.380518E+00
+9.960938E+02,-1.879669E-07,-2.324862E-06,-1.126438E+02,-1.651472E+00
+9.963379E+02,-4.398604E-06,+6.357187E-06,-1.022358E+02,+2.176072E+00
+9.965820E+02,+2.389844E-06,-4.413595E-06,-1.059875E+02,-1.074523E+00
+9.968262E+02,+2.274134E-06,-3.113629E-06,-1.082780E+02,-9.399703E-01
+9.970703E+02,+1.837424E-06,+9.333793E-06,-1.004337E+02,+1.376425E+00
+9.973145E+02,-6.147402E-06,-3.587491E-06,-1.029533E+02,-2.613335E+00
+9.975586E+02,+1.003293E-06,-6.547229E-06,-1.035780E+02,-1.418740E+00
+9.978027E+02,-1.412589E-06,+9.940257E-06,-9.996522E+01,+1.711959E+00
+9.980469E+02,+7.483670E-06,-5.163020E-07,-1.024971E+02,-6.888133E-02
+9.982910E+02,-3.521027E-06,-6.746891E-06,-1.023719E+02,-2.051790E+00
+9.985352E+02,-3.971405E-06,+3.163365E-06,-1.058873E+02,+2.468968E+00
+9.987793E+02,+2.477097E-06,-3.715333E-06,-1.070028E+02,-9.827548E-01
+9.990234E+02,+4.831712E-06,+3.584275E-06,-1.044138E+02,+6.382471E-01
+9.992676E+02,-5.434192E-06,+9.153605E-07,-1.051758E+02,+2.974715E+00
+9.995117E+02,+2.098090E-06,-6.741700E-06,-1.030231E+02,-1.269086E+00
+9.997559E+02,-5.329191E-06,+8.946667E-06,-9.964798E+01,+2.108020E+00
