FFT Length,8192
Record Length,4096
FFT Sample Rate,+2.000000E+03,
Delta Frequency,+2.441406E-01,
Start Frequency,+0.000000E+00,
Stop Frequency,+1.000000E+03,
Vertical Units,F1:,Real part,Vrms,Imaginary part,Vrms,Magnitude,dBV,
Model,SDS814X HD
Serial Number,SDS08A0X807112
Software Version,3.8.12.1.1.3.8
SourceF1:
Frequency,Real part,Imaginary part,Magnitude,Angle
+0.000000E+00,-3.759101E-04,+0.000000E+00,-6.849832E+01,+3.141593E+00
+2.441406E-01,+2.604857E-04,-1.276722E-05,-7.167390E+01,-4.897395E-02
+4.882812E-01,+4.522324E-07,+7.152689E-06,-1.028933E+02,+1.507655E+00
+7.324219E-01,+6.722697E-06,-3.622134E-06,-1.023422E+02,-4.941974E-01
+9.765625E-01,-6.586812E-06,+8.000166E-06,-9.969041E+01,+2.259604E+00
+1.220703E+00,+3.094335E-06,-1.388541E-05,-9.693833E+01,-1.351531E+00
+1.464844E+00,+1.071956E-05,+1.222323E-05,-9.577876E+01,+8.508444E-01
+1.708984E+00,-1.078866E-05,+2.178596E-06,-9.916707E+01,+2.942338E+00
+1.953125E+00,+3.818363E-07,-3.241226E-05,-8.978522E+01,-1.559016E+00
+2.197266E+00,+7.278715E-07,+5.136905E-05,-8.578510E+01,+1.556628E+00
+2.441406E+00,-5.509344E-07,-3.181635E-05,-8.994569E+01,-1.588111E+00
+2.685547E+00,+8.235163E-06,+1.030205E-05,-9.759575E+01,+8.964389E-01
+2.929688E+00,-1.303560E-05,-2.398635E-06,-9.755276E+01,-2.959622E+00
+3.173828E+00,+1.289340E-05,-6.631535E-06,-9.677332E+01,-4.750502E-01
+3.417969E+00,-7.778021E-06,-3.179719E-07,-1.021754E+02,-3.100734E+00
+3.662109E+00,+2.171583E-06,+1.525823E-05,-9.624283E+01,+1.429424E+00
+3.906250E+00,-5.095414E-06,-1.180055E-05,-9.781947E+01,-1.978408E+00
+4.150391E+00,+4.527609E-06,-3.720109E-07,-1.068534E+02,-8.198081E-02
+4.394531E+00,-5.332078E-06,-3.122987E-06,-1.041812E+02,-2.611756E+00
+4.638672E+00,+1.551692E-05,+4.360864E-06,-9.585374E+01,+2.739722E-01
+4.882812E+00,-1.735089E-05,+3.975818E-07,-9.521129E+01,+3.118682E+00
+5.126953E+00,+5.376824E-06,-3.461807E-06,-1.038834E+02,-5.720317E-01
+5.371094E+00,-2.667168E-06,+1.431383E-05,-9.673665E+01,+1.755019E+00
+5.615234E+00,+6.953121E-06,-1.430289E-05,-9.597019E+01,-1.118303E+00
+5.859375E+00,-9.894715E-06,-7.884058E-07,-1.000645E+02,-3.062081E+00
+6.103516E+00,+1.252565E-06,+1.080911E-05,-9.926627E+01,+1.455430E+00
+6.347656E+00,+8.198498E-06,-4.330740E-06,-1.006565E+02,-4.859803E-01
+6.591797E+00,-7.139012E-06,+5.466499E-07,-1.029018E+02,+3.065170E+00
+6.835938E+00,+4.485437E-06,+9.787078E-06,-9.935894E+01,+1.141060E+00
+7.080078E+00,-4.359115E-07,-1.677926E-05,-9.550162E+01,-1.596770E+00
+7.324219E+00,-2.184863E-06,+1.698275E-05,-9.532855E+01,+1.698745E+00
+7.568359E+00,+8.306002E-06,-1.031896E-05,-9.755795E+01,-8.930588E-01
+7.812500E+00,+2.650720E-06,+1.006012E-05,-9.965643E+01,+1.313164E+00
+8.056641E+00,+4.103598E-06,-1.775441E-05,-9.478786E+01,-1.343654E+00
+8.300781E+00,-3.875382E-06,+4.261635E-06,-1.047912E+02,+2.308762E+00
+8.544922E+00,-4.522376E-06,-1.098523E-05,-9.850389E+01,-1.961329E+00
+8.789062E+00,-1.079437E-05,+1.137781E-05,-9.609113E+01,+2.329887E+00
+9.033203E+00,+9.703635E-06,-1.460936E-07,-1.002603E+02,-1.505441E-02
+9.277344E+00,+2.862787E-06,+8.001234E-07,-1.105376E+02,+2.725367E-01
+9.521484E+00,-5.508066E-06,-4.242740E-07,-1.051543E+02,-3.064717E+00
+9.765625E+00,+6.407040E-06,-9.088848E-07,-1.037803E+02,-1.409170E-01
+1.000977E+01,-1.546972E-05,-3.925402E-07,-9.620755E+01,-3.116223E+00
+1.025391E+01,+1.606252E-05,+1.344097E-06,-9.585342E+01,+8.348460E-02
+1.049805E+01,-7.785989E-06,-5.012711E-06,-1.006677E+02,-2.569580E+00
+1.074219E+01,+1.311127E-06,+8.013562E-07,-1.162686E+02,+5.486115E-01
+1.098633E+01,-5.092059E-06,-1.599316E-05,-9.550198E+01,-1.879038E+00
+1.123047E+01,-7.367314E-06,+2.779101E-05,-9.082695E+01,+1.829933E+00
+1.147461E+01,+1.065915E-06,-4.749645E-06,-1.062534E+02,-1.350034E+00
+1.171875E+01,+5.678433E-06,+8.622084E-06,-9.972305E+01,+9.884049E-01
+1.196289E+01,+4.493805E-06,+6.317625E-06,-1.022108E+02,+9.525185E-01
+1.220703E+01,+1.952687E-05,-9.822916E-06,-9.320764E+01,-4.660816E-01
+1.245117E+01,-6.291892E-06,-2.473681E-05,-9.186088E+01,-1.819868E+00
+1.269531E+01,-1.607502E-05,+9.607988E-06,-9.455040E+01,+2.602868E+00
+1.293945E+01,-1.149792E-05,+3.990690E-07,-9.878239E+01,+3.106899E+00
+1.318359E+01,+1.865890E-05,+8.361027E-06,-9.378760E+01,+4.212715E-01
+1.342773E+01,-6.985499E-06,-6.427890E-06,-1.004520E+02,-2.397742E+00
+1.367188E+01,+4.448939E-06,+1.014631E-05,-9.911012E+01,+1.157565E+00
+1.391602E+01,-6.884563E-06,+1.711147E-06,-1.029821E+02,+2.897981E+00
+1.416016E+01,+8.147107E-06,-1.110549E-05,-9.721916E+01,-9.378672E-01
+1.440430E+01,-5.622590E-06,+1.314150E-05,-9.689705E+01,+1.975078E+00
+1.464844E+01,+1.063037E-05,-1.075736E-05,-9.640685E+01,-7.913358E-01
+1.489258E+01,-6.100888E-06,-1.224323E-05,-9.727885E+01,-2.033089E+00
+1.513672E+01,-1.603443E-05,+2.305703E-05,-9.103072E+01,+2.178445E+00
+1.538086E+01,+2.061844E-05,-4.103242E-06,-9.354620E+01,-1.964419E-01
+1.562500E+01,-4.771562E-06,-8.370835E-06,-1.003227E+02,-2.088881E+00
+1.586914E+01,-8.488092E-08,-7.334039E-06,-1.026926E+02,-1.582369E+00
+1.611328E+01,-1.460193E-05,+2.429123E-05,-9.095132E+01,+2.112038E+00
+1.635742E+01,+1.901325E-05,-4.880484E-06,-9.414175E+01,-2.512638E-01
+1.660156E+01,+4.571860E-06,-1.425063E-05,-9.649786E+01,-1.260351E+00
+1.684570E+01,-1.944316E-05,+3.503158E-06,-9.408592E+01,+2.963331E+00
+1.708984E+01,+1.245673E-05,+1.669341E-06,-9.801461E+01,+1.332175E-01
+1.733398E+01,+2.063053E-06,-1.449087E-07,-1.136884E+02,-7.012476E-02
+1.757812E+01,-1.153675E-05,-7.021174E-06,-9.738991E+01,-2.594880E+00
+1.782227E+01,+4.050130E-06,+1.795746E-05,-9.469962E+01,+1.348968E+00
+1.806641E+01,+5.512695E-07,-7.024733E-06,-1.030407E+02,-1.492481E+00
+1.831055E+01,+4.368895E-06,-6.964735E-06,-1.017009E+02,-1.010553E+00
+1.855469E+01,-6.714762E-06,+7.351511E-07,-1.034076E+02,+3.032544E+00
+1.879883E+01,+5.446486E-06,+7.725887E-06,-1.004889E+02,+9.567454E-01
+1.904297E+01,-3.858128E-06,-5.982562E-06,-1.029520E+02,-2.143575E+00
+1.928711E+01,+2.323336E-06,-3.809304E-07,-1.125626E+02,-1.625125E-01
+1.953125E+01,-1.287177E-06,+6.273074E-06,-1.038713E+02,+1.773178E+00
+1.977539E+01,-4.099856E-07,-3.595748E-06,-1.088281E+02,-1.684326E+00
+2.001953E+01,+2.279686E-06,-3.398186E-06,-1.077612E+02,-9.799006E-01
+2.026367E+01,-1.894082E-06,+9.118015E-06,-1.006185E+02,+1.775613E+00
+2.050781E+01,+3.366230E-06,-9.142184E-06,-1.002268E+02,-1.217993E+00
+2.075195E+01,-4.491273E-06,-1.680095E-06,-1.063838E+02,-2.783629E+00
+2.099609E+01,-5.302752E-07,+9.241201E-06,-1.006712E+02,+1.628115E+00
+2.124023E+01,+4.618852E-07,-2.035318E-06,-1.136093E+02,-1.347641E+00
+2.148438E+01,+6.300663E-06,-7.181392E-07,-1.039562E+02,-1.134886E-01
+2.172852E+01,-9.387431E-06,-8.513183E-06,-9.794259E+01,-2.404995E+00
+2.197266E+01,+1.023455E-05,+7.449572E-06,-9.795223E+01,+6.291966E-01
+2.221680E+01,-9.385582E-07,+6.717257E-06,-1.033722E+02,+1.709621E+00
+2.246094E+01,-6.421503E-06,-8.531333E-06,-9.943022E+01,-2.216021E+00
+2.270508E+01,+2.424662E-06,+1.744396E-06,-1.104954E+02,+6.236534E-01
+2.294922E+01,-2.866441E-06,-2.988295E-06,-1.076583E+02,-2.335385E+00
+2.319336E+01,+4.876495E-06,+2.348161E-06,-1.053322E+02,+4.487597E-01
+2.343750E+01,+1.006774E-06,+3.946996E-06,-1.078009E+02,+1.321048E+00
+2.368164E+01,-2.147834E-06,-3.030286E-06,-1.086025E+02,-2.187397E+00
+2.392578E+01,-3.642871E-06,-9.106166E-06,-1.001686E+02,-1.951341E+00
+2.416992E+01,+5.746037E-06,+6.170007E-06,-1.014822E+02,+8.209630E-01
+2.441406E+01,+1.293775E-06,+5.897650E-06,-1.043823E+02,+1.354846E+00
+2.465820E+01,-1.053538E-05,-2.020076E-06,-9.939019E+01,-2.952150E+00
+2.490234E+01,+1.094200E-05,-5.595768E-06,-9.820908E+01,-4.727281E-01
+2.514648E+01,-5.344286E-06,+3.015025E-06,-1.042421E+02,+2.627944E+00
+2.539062E+01,-1.240433E-06,-2.201764E-06,-1.119474E+02,-2.083855E+00
+2.563477E+01,-1.387090E-06,+6.198412E-06,-1.039422E+02,+1.790951E+00
+2.587891E+01,+7.957449E-06,-5.623657E-06,-1.002252E+02,-6.152191E-01
+2.612305E+01,-8.332213E-06,-2.699511E-06,-1.011513E+02,-2.828279E+00
+2.636719E+01,-8.585641E-07,+1.177248E-05,-9.855960E+01,+1.643597E+00
+2.661133E+01,+6.740179E-06,-9.479989E-06,-9.868702E+01,-9.527324E-01
+2.685547E+01,-1.981902E-06,+5.608703E-06,-1.045117E+02,+1.910463E+00
+2.709961E+01,-1.038599E-06,-1.357028E-06,-1.153458E+02,-2.224048E+00
+2.734375E+01,+2.278159E-06,-4.536125E-06,-1.058895E+02,-1.105370E+00
+2.758789E+01,-8.457057E-06,+2.264603E-06,-1.011549E+02,+2.879954E+00
+2.783203E+01,+1.597195E-05,+3.111046E-06,-9.577112E+01,+1.923731E-01
+2.807617E+01,-1.084356E-05,-2.385924E-06,-9.909123E+01,-2.925012E+00
+2.832031E+01,-1.568632E-06,+2.801782E-06,-1.098672E+02,+2.081185E+00
+2.856445E+01,+2.004208E-06,+2.637452E-06,-1.095967E+02,+9.209872E-01
+2.880859E+01,+3.255238E-06,-8.499724E-06,-1.008175E+02,-1.205047E+00
+2.905273E+01,+1.744465E-06,+3.032245E-06,-1.091230E+02,+1.048733E+00
+2.929688E+01,-6.116339E-06,-5.730249E-07,-1.042322E+02,-3.048178E+00
+2.954102E+01,+6.417321E-06,+6.044871E-06,-1.010945E+02,+7.555206E-01
+2.978516E+01,-5.509576E-06,-7.861348E-06,-1.003548E+02,-2.182088E+00
+3.002930E+01,-4.156550E-08,-2.168995E-07,-1.331182E+02,-1.760136E+00
+3.027344E+01,+3.943465E-06,+6.766949E-06,-1.021224E+02,+1.043154E+00
+3.051758E+01,+3.884905E-06,-8.691572E-06,-1.004270E+02,-1.150462E+00
+3.076172E+01,-1.089114E-05,+6.523459E-06,-9.792709E+01,+2.601932E+00
+3.100586E+01,+8.497912E-06,-6.976361E-06,-9.917632E+01,-6.873855E-01
+3.125000E+01,-4.868195E-06,+9.625317E-06,-9.934248E+01,+2.039049E+00
+3.149414E+01,-1.468688E-07,-8.170834E-07,-1.216166E+02,-1.748645E+00
+3.173828E+01,+3.204176E-06,-1.051757E-05,-9.917625E+01,-1.275079E+00
+3.198242E+01,-4.071374E-06,+6.444425E-06,-1.023577E+02,+2.134247E+00
+3.222656E+01,+3.067249E-06,-2.090173E-06,-1.086085E+02,-5.981665E-01
+3.247070E+01,-1.205280E-06,-1.265154E-07,-1.183307E+02,-3.037008E+00
+3.271484E+01,+3.049598E-06,+7.976600E-06,-1.013712E+02,+1.205625E+00
+3.295898E+01,-6.188094E-06,-3.458429E-06,-1.029884E+02,-2.631954E+00
+3.320312E+01,+3.474063E-06,-5.323137E-06,-1.039357E+02,-9.925713E-01
+3.344727E+01,-2.876180E-06,+3.696183E-06,-1.065888E+02,+2.232070E+00
+3.369141E+01,+6.049656E-07,+2.669205E-06,-1.112548E+02,+1.347915E+00
+3.393555E+01,+9.997351E-06,-4.922973E-06,-9.905939E+01,-4.575715E-01
+3.417969E+01,-9.445949E-06,+7.021267E-06,-9.858475E+01,+2.502387E+00
+3.442383E+01,+6.349560E-07,-9.921337E-06,-1.000508E+02,-1.506884E+00
+3.466797E+01,-9.623388E-07,+4.974160E-06,-1.059060E+02,+1.761903E+00
+3.491211E+01,+1.517842E-06,+3.529826E-07,-1.161467E+02,+2.284941E-01
+3.515625E+01,-1.074641E-06,+6.812944E-06,-1.032266E+02,+1.727243E+00
+3.540039E+01,+5.181661E-06,-1.408570E-05,-9.647323E+01,-1.218294E+00
+3.564453E+01,-2.893665E-06,+5.828908E-06,-1.037315E+02,+2.031587E+00
+3.588867E+01,+5.276318E-06,-4.778696E-08,-1.055530E+02,-9.056630E-03
+3.613281E+01,-1.269523E-05,-2.164938E-06,-9.780270E+01,-2.972686E+00
+3.637695E+01,+6.027266E-06,+3.729202E-06,-1.029900E+02,+5.540720E-01
+3.662109E+01,+2.673861E-06,+4.977658E-07,-1.113093E+02,+1.840531E-01
+3.686523E+01,-1.987597E-06,-2.350574E-06,-1.102339E+02,-2.272718E+00
+3.710938E+01,-1.138643E-06,+3.684845E-06,-1.082755E+02,+1.870496E+00
+3.735352E+01,+6.833689E-06,-1.309052E-06,-1.031504E+02,-1.892658E-01
+3.759766E+01,-9.614666E-06,-2.073149E-07,-1.003393E+02,-3.120034E+00
+3.784180E+01,+8.783310E-06,-1.483666E-06,-1.010046E+02,-1.673391E-01
+3.808594E+01,-7.592789E-06,-1.353371E-06,-1.022561E+02,-2.965201E+00
+3.833008E+01,+3.934689E-06,+2.429487E-06,-1.066991E+02,+5.531541E-01
+3.857422E+01,-5.647934E-07,+2.271347E-06,-1.126138E+02,+1.814514E+00
+3.881836E+01,-3.164576E-07,-4.652042E-06,-1.066271E+02,-1.638717E+00
+3.906250E+01,-5.735166E-06,+2.693487E-06,-1.039635E+02,+2.702523E+00
+3.930664E+01,+1.033019E-05,-5.391279E-06,-9.867168E+01,-4.810101E-01
+3.955078E+01,-2.778125E-06,+8.177601E-06,-1.012731E+02,+1.898287E+00
+3.979492E+01,-8.254166E-06,-6.199226E-06,-9.972398E+01,-2.497425E+00
+4.003906E+01,+5.298730E-06,-6.072194E-06,-1.018743E+02,-8.533148E-01
+4.028320E+01,+8.352390E-07,+8.381974E-06,-1.014902E+02,+1.471477E+00
+4.052734E+01,-8.168689E-06,-1.571301E-07,-1.017553E+02,-3.122359E+00
+4.077148E+01,+1.056324E-05,+6.869333E-06,-9.799232E+01,+5.765901E-01
+4.101562E+01,-5.198369E-06,-6.813915E-06,-1.013399E+02,-2.222506E+00
+4.125977E+01,+1.720447E-06,-3.483063E-06,-1.082126E+02,-1.112003E+00
+4.150391E+01,-2.831057E-06,+1.083836E-05,-9.901408E+01,+1.826295E+00
+4.174805E+01,-3.202891E-07,-5.868378E-06,-1.046167E+02,-1.625321E+00
+4.199219E+01,+1.391270E-06,+3.781418E-06,-1.078955E+02,+1.218245E+00
+4.223633E+01,-1.285045E-06,-1.498625E-06,-1.140925E+02,-2.279619E+00
+4.248047E+01,+1.070857E-05,-2.279045E-06,-9.921299E+01,-2.096959E-01
+4.272461E+01,-1.122413E-05,+8.879190E-06,-9.688625E+01,+2.472314E+00
+4.296875E+01,+7.813606E-06,-3.337725E-08,-1.021429E+02,-4.271657E-03
+4.321289E+01,+4.609397E-06,-6.364715E-06,-1.020932E+02,-9.440055E-01
+4.345703E+01,-4.544834E-06,-1.770297E-06,-1.062362E+02,-2.770154E+00
+4.370117E+01,+3.474827E-06,+9.597684E-07,-1.088620E+02,+2.694871E-01
+4.394531E+01,-2.055481E-06,-2.613215E-06,-1.095648E+02,-2.237296E+00
+4.418945E+01,+1.526108E-06,-5.730977E-06,-1.045379E+02,-1.310545E+00
+4.443359E+01,-4.206663E-06,+2.227572E-06,-1.064478E+02,+2.654598E+00
+4.467773E+01,-2.284593E-07,-9.966539E-07,-1.198067E+02,-1.796130E+00
+4.492188E+01,+4.389012E-06,+8.660870E-07,-1.069868E+02,+1.948277E-01
+4.516602E+01,-1.016998E-05,+8.407162E-06,-9.759179E+01,+2.450803E+00
+4.541016E+01,+6.943029E-06,-8.711624E-06,-9.906235E+01,-8.978968E-01
+4.565430E+01,-5.055403E-07,+3.936193E-06,-1.080274E+02,+1.698531E+00
+4.589844E+01,-2.839701E-06,-7.035576E-06,-1.023985E+02,-1.954420E+00
+4.614258E+01,+1.613889E-06,+5.850635E-06,-1.043374E+02,+1.301641E+00
+4.638672E+01,-6.109544E-07,-6.425114E-07,-1.210453E+02,-2.331024E+00
+4.663086E+01,+1.737929E-06,+2.113431E-06,-1.112569E+02,+8.825895E-01
+4.687500E+01,-3.273006E-06,-5.685973E-07,-1.095719E+02,-2.969586E+00
+4.711914E+01,-1.334999E-06,+1.366503E-06,-1.143776E+02,+2.344533E+00
+4.736328E+01,+7.304769E-06,-3.449553E-06,-1.018536E+02,-4.411883E-01
+4.760742E+01,-2.874841E-06,-2.807532E-06,-1.079191E+02,-2.368039E+00
+4.785156E+01,-4.162041E-06,+3.072018E-06,-1.057252E+02,+2.505749E+00
+4.809570E+01,+2.070145E-06,-1.310028E-06,-1.122173E+02,-5.642025E-01
+4.833984E+01,+1.830406E-06,+7.684961E-06,-1.020475E+02,+1.336973E+00
+4.858398E+01,-9.069174E-06,-6.782677E-06,-9.891927E+01,-2.499448E+00
+4.882812E+01,+1.160209E-05,+1.415291E-06,-9.864513E+01,+1.213861E-01
+4.907227E+01,-9.443525E-06,+1.068142E-06,-1.004421E+02,+3.028963E+00
+4.931641E+01,+8.073876E-06,+7.485192E-07,-1.018212E+02,+9.244454E-02
+4.956055E+01,-2.897351E-06,-4.929424E-06,-1.048553E+02,-2.102172E+00
+4.980469E+01,-1.138811E-06,+5.782205E-06,-1.045929E+02,+1.765258E+00
+5.004883E+01,+4.543496E-06,-7.102950E-06,-1.014816E+02,-1.001722E+00
+5.029297E+01,-7.370106E-06,+7.934942E-06,-9.930770E+01,+2.319306E+00
+5.053711E+01,+4.088593E-06,-5.921131E-06,-1.028587E+02,-9.664687E-01
+5.078125E+01,-2.181066E-06,+5.017819E-06,-1.052381E+02,+1.980824E+00
+5.102539E+01,+3.841221E-06,-1.300194E-07,-1.083056E+02,-3.383554E-02
+5.126953E+01,+8.940366E-07,-4.446360E-06,-1.068678E+02,-1.372371E+00
+5.151367E+01,-6.276711E-06,+4.679872E-06,-1.021255E+02,+2.500918E+00
+5.175781E+01,+6.052011E-06,-4.245361E-06,-1.026241E+02,-6.117182E-01
+5.200195E+01,-4.883058E-06,+3.593319E-06,-1.043467E+02,+2.507193E+00
+5.224609E+01,+6.418641E-06,-3.770120E-06,-1.025639E+02,-5.310814E-01
+5.249023E+01,-8.219278E-06,+7.373862E-07,-1.016685E+02,+3.052118E+00
+5.273438E+01,-1.080606E-06,+3.012356E-06,-1.098962E+02,+1.915223E+00
+5.297852E+01,+9.783393E-06,-2.030240E-06,-1.000071E+02,-2.046148E-01
+5.322266E+01,-1.157937E-05,-1.622399E-06,-9.864188E+01,-3.002388E+00
+5.346680E+01,+9.556961E-06,+3.071611E-06,-9.996667E+01,+3.109728E-01
+5.371094E+01,-1.222399E-06,-2.490038E-06,-1.111382E+02,-2.027150E+00
+5.395508E+01,-9.577253E-07,+5.191570E-06,-1.055487E+02,+1.753222E+00
+5.419922E+01,-3.686481E-06,-8.792570E-06,-1.004144E+02,-1.967806E+00
+5.444336E+01,+6.869054E-06,+7.832449E-06,-9.964445E+01,+8.508350E-01
+5.468750E+01,-2.232896E-06,-2.440218E-06,-1.096096E+02,-2.311859E+00
+5.493164E+01,-5.359140E-06,-1.058139E-06,-1.052520E+02,-2.946655E+00
+5.517578E+01,+5.225648E-07,+3.164412E-06,-1.098773E+02,+1.407135E+00
+5.541992E+01,-2.209110E-08,-3.617623E-06,-1.088314E+02,-1.576903E+00
+5.566406E+01,+9.582673E-06,-6.732077E-07,-1.003489E+02,-7.013737E-02
+5.590820E+01,-8.095392E-06,-2.395556E-06,-1.014707E+02,-2.853887E+00
+5.615234E+01,+2.366346E-06,+1.491989E-05,-9.641679E+01,+1.413503E+00
+5.639648E+01,-1.694693E-06,-1.187761E-05,-9.841790E+01,-1.712519E+00
+5.664062E+01,+7.955588E-07,+1.711647E-06,-1.144823E+02,+1.135710E+00
+5.688477E+01,+1.708838E-06,-1.118370E-06,-1.137977E+02,-5.795059E-01
+5.712891E+01,-2.325071E-06,+4.110143E-06,-1.065171E+02,+2.085607E+00
+5.737305E+01,-2.509674E-06,-6.299819E-06,-1.033737E+02,-1.949899E+00
+5.761719E+01,+6.238123E-06,+2.865896E-06,-1.032673E+02,+4.306570E-01
+5.786133E+01,-7.286288E-06,-1.268357E-06,-1.026202E+02,-2.969245E+00
+5.810547E+01,+1.011259E-05,+4.056850E-06,-9.925467E+01,+3.815130E-01
+5.834961E+01,-3.233466E-06,+1.153064E-06,-1.092868E+02,+2.799047E+00
+5.859375E+01,-1.079777E-05,-6.755949E-06,-9.789856E+01,-2.582505E+00
+5.883789E+01,+1.179913E-05,+2.662760E-06,-9.834726E+01,+2.219561E-01
+5.908203E+01,-3.298530E-06,+1.669563E-06,-1.086430E+02,+2.673034E+00
+5.932617E+01,-5.973892E-08,-2.181001E-06,-1.132236E+02,-1.598180E+00
+5.957031E+01,+3.528058E-07,+3.352974E-06,-1.094436E+02,+1.465960E+00
+5.981445E+01,-3.139311E-06,-2.715885E-06,-1.076368E+02,-2.428385E+00
+6.005859E+01,+6.845881E-06,+2.226641E-06,-1.028547E+02,+3.144604E-01
+6.030273E+01,-7.416089E-06,-4.368306E-06,-1.013030E+02,-2.609278E+00
+6.054688E+01,+3.370339E-06,+1.598132E-06,-1.085657E+02,+4.427753E-01
+6.079102E+01,-1.694232E-06,+3.320336E-06,-1.085714E+02,+2.042617E+00
+6.103516E+01,+4.432451E-06,-3.011207E-07,-1.070471E+02,-6.783127E-02
+6.127930E+01,+6.452618E-07,-5.157436E-06,-1.056839E+02,-1.446330E+00
+6.152344E+01,-1.234988E-05,+1.619270E-06,-9.809272E+01,+3.011220E+00
+6.176758E+01,+1.298275E-05,+5.255134E-06,-9.707372E+01,+3.846188E-01
+6.201172E+01,-3.169144E-06,-2.492305E-06,-1.078901E+02,-2.475182E+00
+6.225586E+01,-8.100823E-07,-2.130508E-06,-1.128439E+02,-1.934144E+00
+6.250000E+01,-1.326048E-06,+3.352462E-06,-1.088614E+02,+1.947456E+00
+6.274414E+01,+1.200257E-06,-4.953570E-06,-1.058539E+02,-1.333076E+00
+6.298828E+01,+3.041224E-06,+3.884642E-06,-1.061369E+02,+9.065796E-01
+6.323242E+01,-6.608346E-06,+6.407556E-08,-1.035977E+02,+3.131897E+00
+6.347656E+01,+5.620358E-06,+3.127781E-06,-1.038330E+02,+5.078270E-01
+6.372070E+01,-8.280307E-08,-9.632231E-06,-1.003251E+02,-1.579393E+00
+6.396484E+01,+6.628829E-07,+4.738339E-06,-1.064033E+02,+1.431801E+00
+6.420898E+01,-7.054639E-06,+5.324361E-06,-1.010726E+02,+2.495070E+00
+6.445312E+01,+1.727569E-06,-5.103805E-06,-1.053710E+02,-1.244415E+00
+6.469727E+01,+5.356339E-06,-8.019109E-08,-1.054217E+02,-1.497013E-02
+6.494141E+01,-5.470688E-06,-3.684522E-07,-1.052195E+02,-3.074344E+00
+6.518555E+01,+4.835089E-06,-4.677034E-06,-1.034436E+02,-7.687835E-01
+6.542969E+01,-1.241763E-06,+1.171922E-05,-9.857354E+01,+1.676362E+00
+6.567383E+01,+1.742776E-06,-1.071508E-05,-9.928669E+01,-1.409561E+00
+6.591797E+01,-2.600055E-06,+8.657337E-06,-1.008773E+02,+1.862556E+00
+6.616211E+01,+2.394781E-07,-4.614356E-06,-1.067061E+02,-1.518944E+00
+6.640625E+01,+1.561843E-06,+1.174540E-06,-1.141806E+02,+6.447939E-01
+6.665039E+01,-1.994231E-06,-3.802408E-06,-1.073435E+02,-2.053824E+00
+6.689453E+01,-3.349254E-06,+6.383892E-06,-1.028423E+02,+2.053962E+00
+6.713867E+01,+8.609150E-06,-4.455144E-06,-1.002703E+02,-4.775411E-01
+6.738281E+01,-4.201373E-06,+4.156424E-06,-1.045683E+02,+2.361573E+00
+6.762695E+01,-6.070082E-06,-4.235052E-06,-1.026137E+02,-2.532417E+00
+6.787109E+01,+1.039214E-05,+2.827700E-06,-9.935571E+01,+2.656681E-01
+6.811523E+01,-5.562534E-06,-2.999863E-06,-1.039858E+02,-2.647003E+00
+6.835938E+01,+2.760762E-06,+4.658400E-06,-1.053280E+02,+1.035805E+00
+6.860352E+01,-4.461494E-06,-3.824638E-06,-1.046177E+02,-2.432902E+00
+6.884766E+01,+6.145579E-06,-3.282973E-06,-1.031385E+02,-4.906324E-01
+6.909180E+01,-5.985612E-06,+1.073624E-05,-9.820751E+01,+2.079391E+00
+6.933594E+01,+3.291699E-06,-1.131137E-05,-9.857666E+01,-1.287609E+00
+6.958008E+01,+2.099899E-06,+8.971424E-06,-1.007111E+02,+1.340870E+00
+6.982422E+01,-4.789962E-06,-8.146404E-06,-1.004911E+02,-2.102334E+00
+7.006836E+01,+5.956022E-07,+3.281787E-06,-1.095370E+02,+1.391263E+00
+7.031250E+01,+4.598138E-07,+1.790742E-06,-1.146620E+02,+1.319454E+00
+7.055664E+01,-7.090183E-07,-3.968287E-06,-1.078915E+02,-1.747602E+00
+7.080078E+01,+5.341857E-06,+5.302587E-06,-1.024678E+02,+7.817090E-01
+7.104492E+01,-7.156181E-06,-8.182910E-06,-9.927489E+01,-2.289359E+00
+7.128906E+01,+7.450837E-06,+8.414121E-06,-9.898553E+01,+8.460414E-01
+7.153320E+01,-1.586044E-06,-2.063301E-06,-1.116924E+02,-2.226154E+00
+7.177734E+01,-1.011359E-06,+2.234309E-06,-1.122076E+02,+1.995851E+00
+7.202148E+01,-7.037209E-06,-7.149592E-06,-9.997234E+01,-2.348273E+00
+7.226562E+01,+1.095723E-05,+5.851616E-06,-9.811627E+01,+4.905085E-01
+7.250977E+01,-1.108905E-05,-5.029144E-06,-9.828978E+01,-2.715812E+00
+7.275391E+01,+1.095390E-05,+4.159736E-06,-9.862357E+01,+3.629279E-01
+7.299805E+01,-3.503864E-06,-9.633990E-07,-1.087926E+02,-2.873270E+00
+7.324219E+01,-9.397044E-07,+3.027995E-06,-1.099776E+02,+1.871711E+00
+7.348633E+01,-5.328796E-07,-5.611507E-06,-1.049794E+02,-1.665474E+00
+7.373047E+01,+6.848290E-07,+2.245271E-06,-1.125883E+02,+1.274750E+00
+7.397461E+01,-5.926531E-07,-5.434181E-07,-1.218940E+02,-2.399505E+00
+7.421875E+01,-4.681167E-06,-3.676938E-07,-1.065662E+02,-3.063206E+00
+7.446289E+01,+5.345975E-06,+5.543031E-06,-1.022691E+02,+8.034929E-01
+7.470703E+01,-4.323937E-06,-8.088704E-06,-1.007508E+02,-2.061712E+00
+7.495117E+01,+8.533635E-06,+7.646137E-06,-9.881781E+01,+7.306007E-01
+7.519531E+01,-2.162534E-06,-1.003537E-05,-9.977220E+01,-1.783042E+00
+7.543945E+01,-2.473086E-06,+1.018924E-05,-9.958858E+01,+1.808907E+00
+7.568359E+01,+4.931163E-07,-3.473636E-06,-1.090977E+02,-1.429779E+00
+7.592773E+01,-9.650499E-07,-4.553192E-06,-1.066428E+02,-1.779656E+00
+7.617188E+01,-3.017779E-06,+7.655519E-07,-1.101354E+02,+2.893153E+00
+7.641602E+01,+1.280892E-06,+1.988106E-06,-1.125234E+02,+9.984545E-01
+7.666016E+01,+9.261962E-07,-3.803323E-06,-1.081465E+02,-1.331923E+00
+7.690430E+01,+8.930959E-06,+1.133078E-05,-9.681626E+01,+9.032898E-01
+7.714844E+01,-9.151074E-06,-9.543189E-06,-9.757423E+01,-2.335222E+00
+7.739258E+01,-4.454406E-06,+3.226811E-06,-1.051922E+02,+2.514672E+00
+7.763672E+01,+9.558028E-06,-2.069766E-06,-1.001936E+02,-2.132547E-01
+7.788086E+01,-6.605168E-06,-2.396280E-07,-1.035966E+02,-3.105330E+00
+7.812500E+01,+3.433380E-06,+4.891590E-06,-1.044714E+02,+9.588000E-01
+7.836914E+01,-2.049997E-06,-3.375798E-06,-1.080692E+02,-2.116539E+00
+7.861328E+01,+3.826820E-06,-1.720669E-06,-1.075436E+02,-4.225497E-01
+7.885742E+01,-7.421521E-06,+4.008969E-06,-1.014782E+02,+2.646319E+00
+7.910156E+01,+4.917330E-06,-4.751615E-06,-1.033014E+02,-7.682609E-01
+7.934570E+01,+4.314175E-06,+2.966788E-06,-1.056203E+02,+6.024121E-01
+7.958984E+01,-3.550812E-06,+4.300884E-06,-1.050716E+02,+2.260953E+00
+7.983398E+01,-6.301987E-06,-1.147078E-05,-9.766258E+01,-2.073175E+00
+8.007812E+01,+9.798738E-06,+1.279066E-05,-9.585667E+01,+9.170799E-01
+8.032227E+01,-5.293670E-06,-1.085954E-05,-9.835788E+01,-2.024367E+00
+8.056641E+01,-3.510314E-06,+5.238694E-06,-1.040049E+02,+2.161154E+00
+8.081055E+01,+7.109713E-06,-4.294714E-06,-1.016120E+02,-5.434016E-01
+8.105469E+01,-4.920631E-06,+6.861793E-06,-1.014693E+02,+2.192911E+00
+8.129883E+01,+1.665137E-06,-5.499965E-06,-1.048119E+02,-1.276815E+00
+8.154297E+01,+3.075792E-06,+7.867985E-06,-1.014651E+02,+1.198138E+00
+8.178711E+01,-6.141128E-06,-8.126917E-06,-9.983969E+01,-2.217906E+00
+8.203125E+01,+7.290490E-06,+4.296738E-06,-1.014501E+02,+5.325607E-01
+8.227539E+01,-7.644111E-06,-4.253803E-06,-1.011618E+02,-2.633787E+00
+8.251953E+01,+4.761724E-06,+3.454433E-06,-1.046083E+02,+6.276086E-01
+8.276367E+01,-1.860992E-07,-2.588581E-06,-1.117164E+02,-1.642565E+00
+8.300781E+01,+3.763225E-09,+7.189831E-06,-1.028656E+02,+1.570273E+00
+8.325195E+01,-2.330729E-06,-8.597849E-06,-1.010042E+02,-1.835517E+00
+8.349609E+01,+1.744251E-06,-1.468344E-07,-1.151372E+02,-8.398394E-02
+8.374023E+01,-3.269251E-06,+9.331009E-06,-1.000986E+02,+1.907796E+00
+8.398438E+01,+6.771554E-06,-7.019856E-06,-1.002167E+02,-8.034003E-01
+8.422852E+01,-6.527335E-06,-4.915220E-07,-1.036807E+02,-3.066432E+00
+8.447266E+01,+1.949157E-06,+3.414780E-06,-1.081079E+02,+1.052124E+00
+8.471680E+01,+9.177265E-07,-3.666569E-06,-1.084509E+02,-1.325539E+00
+8.496094E+01,-4.047576E-07,+3.236149E-06,-1.097320E+02,+1.695224E+00
+8.520508E+01,-2.489581E-06,-3.785928E-06,-1.068758E+02,-2.152487E+00
+8.544922E+01,+4.166762E-06,+3.978579E-06,-1.047898E+02,+7.622991E-01
+8.569336E+01,+1.714103E-06,-5.713212E-06,-1.044881E+02,-1.279317E+00
+8.593750E+01,-8.113776E-06,+5.813908E-06,-1.000159E+02,+2.519847E+00
+8.618164E+01,+3.400987E-06,-1.245390E-06,-1.088214E+02,-3.510200E-01
+8.642578E+01,+2.764140E-06,+1.072467E-06,-1.105598E+02,+3.701129E-01
+8.666992E+01,+1.940314E-06,-1.848802E-06,-1.114370E+02,-7.612516E-01
+8.691406E+01,-1.025312E-05,+3.796465E-06,-9.922488E+01,+2.786972E+00
+8.715820E+01,+6.174729E-06,-4.498500E-06,-1.023386E+02,-6.296208E-01
+8.740234E+01,+8.121217E-06,-1.836163E-06,-1.015911E+02,-2.223561E-01
+8.764648E+01,-1.088273E-05,+4.853815E-06,-9.847732E+01,+2.722061E+00
+8.789062E+01,+5.579131E-06,-9.853259E-06,-9.892067E+01,-1.055584E+00
+8.813477E+01,-4.590475E-06,+7.034109E-06,-1.015150E+02,+2.148999E+00
+8.837891E+01,+1.855726E-06,+1.034575E-05,-9.956723E+01,+1.393313E+00
+8.862305E+01,-4.946624E-06,-9.417259E-06,-9.946331E+01,-2.054457E+00
+8.886719E+01,+1.024618E-05,-1.947453E-06,-9.963464E+01,-1.878259E-01
+8.911133E+01,-6.836922E-06,-1.146751E-06,-1.031823E+02,-2.975410E+00
+8.935547E+01,+3.866489E-06,+1.099137E-05,-9.867229E+01,+1.232541E+00
+8.959961E+01,-6.233596E-06,-1.301764E-05,-9.681275E+01,-2.017387E+00
+8.984375E+01,+4.429849E-06,+1.099201E-05,-9.852486E+01,+1.187701E+00
+9.008789E+01,+2.564036E-06,-6.740671E-06,-1.028391E+02,-1.207315E+00
+9.033203E+01,-3.448593E-06,-5.628051E-06,-1.036084E+02,-2.120539E+00
+9.057617E+01,+1.172884E-06,+1.282860E-05,-9.780026E+01,+1.479622E+00
+9.082031E+01,+1.023235E-06,-7.090592E-06,-1.028968E+02,-1.427477E+00
+9.106445E+01,-3.305585E-07,+1.155554E-06,-1.184026E+02,+1.849416E+00
+9.130859E+01,-7.311072E-06,-3.320054E-06,-1.019061E+02,-2.715323E+00
+9.155273E+01,+9.401658E-06,+1.050517E-05,-9.701694E+01,+8.407753E-01
+9.179688E+01,-1.560341E-06,-1.227995E-05,-9.814651E+01,-1.697183E+00
+9.204102E+01,-4.026328E-06,+6.828152E-06,-1.020180E+02,+2.103582E+00
+9.228516E+01,-3.659537E-07,-2.493900E-06,-1.119699E+02,-1.716496E+00
+9.252930E+01,+8.731859E-06,-1.336690E-06,-1.010773E+02,-1.519027E-01
+9.277344E+01,-1.174116E-05,-6.062912E-08,-9.860566E+01,-3.136429E+00
+9.301758E+01,+9.751711E-06,+7.117871E-06,-9.836362E+01,+6.305190E-01
+9.326172E+01,-3.650598E-06,-6.734838E-06,-1.023147E+02,-2.067513E+00
+9.350586E+01,-8.464639E-06,+6.217672E-06,-9.957387E+01,+2.508055E+00
+9.375000E+01,+1.199290E-05,-3.784523E-06,-9.800925E+01,-3.056735E-01
+9.399414E+01,+4.066296E-06,-6.553595E-06,-1.022560E+02,-1.015463E+00
+9.423828E+01,-1.652967E-05,+1.143316E-05,-9.393676E+01,+2.536476E+00
+9.448242E+01,+1.175752E-05,-7.381823E-06,-9.715050E+01,-5.606378E-01
+9.472656E+01,-1.206093E-06,+1.032915E-06,-1.159833E+02,+2.433387E+00
+9.497070E+01,-7.362581E-06,+6.113000E-06,-1.003822E+02,+2.448659E+00
+9.521484E+01,+7.132155E-06,-6.299369E-06,-1.004311E+02,-7.234751E-01
+9.545898E+01,-7.609087E-08,-3.455777E-07,-1.290235E+02,-1.787523E+00
+9.570312E+01,+3.579824E-06,+8.113645E-06,-1.010432E+02,+1.155276E+00
+9.594727E+01,-7.841277E-06,-9.739512E-06,-9.805920E+01,-2.248639E+00
+9.619141E+01,+2.047344E-06,-5.450720E-06,-1.046978E+02,-1.211491E+00
+9.643555E+01,+3.364405E-06,+1.855125E-05,-9.449200E+01,+1.391389E+00
+9.667969E+01,-6.062520E-06,-1.119262E-05,-9.790407E+01,-2.067209E+00
+9.692383E+01,+4.911457E-06,+6.032452E-08,-1.061751E+02,+1.228179E-02
+9.716797E+01,-2.317205E-06,+3.765640E-06,-1.070886E+02,+2.122430E+00
+9.741211E+01,+2.511878E-06,-1.110150E-05,-9.887553E+01,-1.348278E+00
+9.765625E+01,-6.932829E-07,+1.261451E-05,-9.796950E+01,+1.625700E+00
+9.790039E+01,+2.397994E-07,-2.837680E-06,-1.109098E+02,-1.486491E+00
+9.814453E+01,-1.705881E-06,+4.377365E-06,-1.065617E+02,+1.942396E+00
+9.838867E+01,-2.228820E-06,-1.365331E-05,-9.718102E+01,-1.732613E+00
+9.863281E+01,+4.021259E-06,+1.249932E-05,-9.763454E+01,+1.259536E+00
+9.887695E+01,+7.097319E-06,-5.290399E-06,-1.010590E+02,-6.405558E-01
+9.912109E+01,-1.859217E-05,+4.447375E-07,-9.461091E+01,+3.117676E+00
+9.936523E+01,+1.450967E-05,+1.684057E-06,-9.670874E+01,+1.155475E-01
+9.960938E+01,-3.658254E-06,-1.722162E-06,-1.078652E+02,-2.701609E+00
+9.985352E+01,-1.624490E-06,-5.237321E-07,-1.153562E+02,-2.829716E+00
+1.000977E+02,-1.239217E-06,+7.434360E-06,-1.024561E+02,+1.735965E+00
+1.003418E+02,+5.696691E-06,-9.847482E-06,-9.887981E+01,-1.046342E+00
+1.005859E+02,+1.193659E-07,+4.072698E-06,-1.077986E+02,+1.541496E+00
+1.008301E+02,-3.576171E-06,+1.030431E-06,-1.085853E+02,+2.861054E+00
+1.010742E+02,-7.035560E-07,-7.204728E-06,-1.028064E+02,-1.668140E+00
+1.013184E+02,-1.248263E-06,+9.863569E-06,-1.000503E+02,+1.696680E+00
+1.015625E+02,+1.801508E-06,-7.105677E-06,-1.026973E+02,-1.322497E+00
+1.018066E+02,+2.687611E-06,+4.696954E-06,-1.053336E+02,+1.051067E+00
+1.020508E+02,-5.612275E-06,-1.003808E-06,-1.048805E+02,-2.964605E+00
+1.022949E+02,+5.526084E-06,-3.794268E-06,-1.034742E+02,-6.016831E-01
+1.025391E+02,-1.654488E-06,-2.011009E-07,-1.155630E+02,-3.020637E+00
+1.027832E+02,+5.128337E-06,+7.111290E-06,-1.011424E+02,+9.460135E-01
+1.030273E+02,-4.302406E-06,-7.045669E-06,-1.016652E+02,-2.119007E+00
+1.032715E+02,-1.041888E-05,+9.434512E-06,-9.704294E+01,+2.405736E+00
+1.035156E+02,+9.977173E-06,-8.232301E-06,-9.776466E+01,-6.898676E-01
+1.037598E+02,+2.394915E-06,-1.352235E-06,-1.112124E+02,-5.140040E-01
+1.040039E+02,+1.389402E-07,+3.892003E-06,-1.081910E+02,+1.535113E+00
+1.042480E+02,-8.752739E-06,+8.630480E-07,-1.011151E+02,+3.043307E+00
+1.044922E+02,+1.009673E-05,+6.693043E-07,-9.989735E+01,+6.619238E-02
+1.047363E+02,-5.102843E-06,-7.147181E-06,-1.011283E+02,-2.190834E+00
+1.049805E+02,+2.993797E-06,+6.078208E-06,-1.033812E+02,+1.113130E+00
+1.052246E+02,-4.879676E-06,-8.069048E-07,-1.061150E+02,-2.977715E+00
+1.054688E+02,+2.408835E-06,+9.731853E-07,-1.117072E+02,+3.839555E-01
+1.057129E+02,+4.872556E-06,-1.022446E-05,-9.891837E+01,-1.126077E+00
+1.059570E+02,-9.139501E-06,+1.539403E-05,-9.494164E+01,+2.106574E+00
+1.062012E+02,+3.838533E-06,-1.099779E-05,-9.867466E+01,-1.234988E+00
+1.064453E+02,+3.339239E-06,+7.080669E-06,-1.021264E+02,+1.130126E+00
+1.066895E+02,-5.005075E-06,-3.756950E-06,-1.040710E+02,-2.497690E+00
+1.069336E+02,+3.819574E-06,+2.895714E-06,-1.063876E+02,+6.486807E-01
+1.071777E+02,+7.914541E-07,-5.986224E-06,-1.043817E+02,-1.439346E+00
+1.074219E+02,-3.306942E-06,+5.013975E-06,-1.044278E+02,+2.153852E+00
+1.076660E+02,+9.664509E-07,+5.610981E-07,-1.190349E+02,+5.260146E-01
+1.079102E+02,+3.973421E-07,-1.475949E-06,-1.163147E+02,-1.307820E+00
+1.081543E+02,+1.369457E-06,-3.800483E-06,-1.078730E+02,-1.224942E+00
+1.083984E+02,-2.350476E-06,+5.194847E-06,-1.048797E+02,+1.995697E+00
+1.086426E+02,-6.044822E-06,-4.438025E-06,-1.024999E+02,-2.508289E+00
+1.088867E+02,+8.764307E-06,+2.164304E-06,-1.008886E+02,+2.421016E-01
+1.091309E+02,-3.533560E-06,+4.170844E-06,-1.052459E+02,+2.273666E+00
+1.093750E+02,+3.251876E-06,-7.043355E-06,-1.022052E+02,-1.138260E+00
+1.096191E+02,+6.631323E-06,+9.217283E-06,-9.889637E+01,+9.471393E-01
+1.098633E+02,-1.846151E-05,-1.464671E-05,-9.255431E+01,-2.470911E+00
+1.101074E+02,+1.192333E-05,+9.570015E-06,-9.631247E+01,+6.763422E-01
+1.103516E+02,+3.513436E-06,+6.918345E-06,-1.022035E+02,+1.100894E+00
+1.105957E+02,-7.425646E-06,-1.294265E-05,-9.652373E+01,-2.091679E+00
+1.108398E+02,-1.265637E-06,+6.955799E-06,-1.030116E+02,+1.750782E+00
+1.110840E+02,+7.628979E-07,-7.673833E-06,-1.022570E+02,-1.471706E+00
+1.113281E+02,+4.980996E-06,+7.464693E-06,-1.009403E+02,+9.823734E-01
+1.115723E+02,-2.903371E-06,+1.618292E-06,-1.095670E+02,+2.633098E+00
+1.118164E+02,-2.423448E-06,-6.571712E-06,-1.030927E+02,-1.924094E+00
+1.120605E+02,+5.879830E-06,+3.938011E-06,-1.030033E+02,+5.901335E-01
+1.123047E+02,-4.606381E-06,-2.995851E-06,-1.052008E+02,-2.564958E+00
+1.125488E+02,+1.225975E-06,+4.209387E-06,-1.071620E+02,+1.287388E+00
+1.127930E+02,-1.747732E-06,-4.287724E-06,-1.066879E+02,-1.957848E+00
+1.130371E+02,+1.792530E-06,+3.425190E-06,-1.082550E+02,+1.088654E+00
+1.132812E+02,+2.694862E-06,-1.970334E-06,-1.095294E+02,-6.313241E-01
+1.135254E+02,-4.880041E-06,+1.769120E-06,-1.056953E+02,+2.793807E+00
+1.137695E+02,+2.701166E-06,-4.796056E-06,-1.051858E+02,-1.057871E+00
+1.140137E+02,-3.644302E-07,+9.828461E-06,-1.001443E+02,+1.607858E+00
+1.142578E+02,-1.439486E-06,-1.186637E-05,-9.845020E+01,-1.691514E+00
+1.145020E+02,+3.120952E-06,+9.296882E-06,-1.001695E+02,+1.246918E+00
+1.147461E+02,-4.189705E-06,-3.510401E-06,-1.052467E+02,-2.444187E+00
+1.149902E+02,+6.339738E-06,+3.037773E-06,-1.030609E+02,+4.468402E-01
+1.152344E+02,-1.157210E-05,-6.945252E-06,-9.739571E+01,-2.601047E+00
+1.154785E+02,+5.833526E-06,+5.773268E-06,-1.017159E+02,+7.802066E-01
+1.157227E+02,+2.667810E-06,-1.593042E-06,-1.101525E+02,-5.383099E-01
+1.159668E+02,+2.335103E-06,-1.936617E-06,-1.103606E+02,-6.923826E-01
+1.162109E+02,-3.989521E-06,+4.227328E-06,-1.047126E+02,+2.327261E+00
+1.164551E+02,-3.651437E-07,-1.570222E-06,-1.158521E+02,-1.799278E+00
+1.166992E+02,-3.696464E-06,-4.514914E-07,-1.085800E+02,-3.020053E+00
+1.169434E+02,+8.544341E-06,-1.398995E-06,-1.012515E+02,-1.622935E-01
+1.171875E+02,-4.094794E-06,-1.367221E-09,-1.077554E+02,-3.141259E+00
+1.174316E+02,-4.480997E-07,+2.655269E-06,-1.113959E+02,+1.737980E+00
+1.176758E+02,+4.847972E-08,-4.792224E-06,-1.063888E+02,-1.560680E+00
+1.179199E+02,+2.567155E-06,+1.943157E-06,-1.098438E+02,+6.479216E-01
+1.181641E+02,-1.872945E-06,+1.830318E-06,-1.116380E+02,+2.367705E+00
+1.184082E+02,-3.907158E-06,+2.970820E-06,-1.061813E+02,+2.491498E+00
+1.186523E+02,+3.013222E-06,-5.513441E-07,-1.102764E+02,-1.809730E-01
+1.188965E+02,+2.261682E-06,-1.285647E-06,-1.116953E+02,-5.168958E-01
+1.191406E+02,-4.343418E-06,-5.955230E-06,-1.026496E+02,-2.200947E+00
+1.193848E+02,+9.216308E-06,+1.706447E-06,-1.005625E+02,+1.830817E-01
+1.196289E+02,-1.056954E-05,+3.930289E-06,-9.895641E+01,+2.785586E+00
+1.198730E+02,+2.093491E-06,-2.539082E-07,-1.135192E+02,-1.206951E-01
+1.201172E+02,+1.828580E-06,-3.511486E-06,-1.080481E+02,-1.090693E+00
+1.203613E+02,-4.850582E-06,+4.003427E-06,-1.040279E+02,+2.451584E+00
+1.206055E+02,+5.992762E-06,-2.573295E-06,-1.037125E+02,-4.055919E-01
+1.208496E+02,+1.881820E-07,+5.650411E-06,-1.049536E+02,+1.537505E+00
+1.210938E+02,+1.364845E-06,-6.502515E-07,-1.164099E+02,-4.446135E-01
+1.213379E+02,-1.960558E-06,-1.052452E-05,-9.940781E+01,-1.754970E+00
+1.215820E+02,+3.747924E-06,+6.582282E-06,-1.024129E+02,+1.053184E+00
+1.218262E+02,-9.660925E-06,-1.422729E-06,-1.002064E+02,-2.995377E+00
+1.220703E+02,+2.272656E-06,+2.903973E-06,-1.086652E+02,+9.067541E-01
+1.223145E+02,+6.648504E-06,+1.622726E-06,-1.032942E+02,+2.393934E-01
+1.225586E+02,-7.696650E-06,-7.324704E-06,-9.947346E+01,-2.380951E+00
+1.228027E+02,+2.053992E-06,+8.847345E-06,-1.008358E+02,+1.342678E+00
+1.230469E+02,+6.607684E-06,-3.938602E-06,-1.022787E+02,-5.375203E-01
+1.232910E+02,-5.665960E-06,-2.149513E-07,-1.049283E+02,-3.103673E+00
+1.235352E+02,+3.533143E-07,-1.254047E-06,-1.177020E+02,-1.296176E+00
+1.237793E+02,+2.808860E-06,+2.917338E-06,-1.078514E+02,+8.043401E-01
+1.240234E+02,-5.947635E-06,-1.717608E-06,-1.041652E+02,-2.860453E+00
+1.242676E+02,-7.879682E-07,-2.883973E-06,-1.104875E+02,-1.837510E+00
+1.245117E+02,+1.007763E-05,+7.135312E-06,-9.816811E+01,+6.160979E-01
+1.247559E+02,-8.492209E-06,-3.999358E-06,-1.005496E+02,-2.701458E+00
+1.250000E+02,+7.961336E-06,-3.557896E-06,-1.011895E+02,-4.202703E-01
+1.252441E+02,-8.608247E-06,+2.222452E-06,-1.010215E+02,+2.888933E+00
+1.254883E+02,+2.736671E-06,+6.771724E-06,-1.027290E+02,+1.186733E+00
+1.257324E+02,+4.928554E-06,-7.786663E-06,-1.007098E+02,-1.006502E+00
+1.259766E+02,-1.093798E-05,+2.731509E-07,-9.921855E+01,+3.116625E+00
+1.262207E+02,+1.114659E-05,-1.816530E-07,-9.905601E+01,-1.629529E-02
+1.264648E+02,-5.638226E-06,+3.447664E-06,-1.035976E+02,+2.592775E+00
+1.267090E+02,+3.587697E-06,-9.882640E-07,-1.085861E+02,-2.687930E-01
+1.269531E+02,-8.336497E-06,+2.598674E-06,-1.011776E+02,+2.839416E+00
+1.271973E+02,+1.140359E-05,+2.317521E-07,-9.885738E+01,+2.031994E-02
+1.274414E+02,-5.975333E-06,-9.804787E-06,-9.879958E+01,-2.118121E+00
+1.276855E+02,+3.546769E-06,+1.079903E-05,-9.888742E+01,+1.253461E+00
+1.279297E+02,-4.097481E-06,-6.834298E-06,-1.019725E+02,-2.110882E+00
+1.281738E+02,+8.495784E-07,-4.229912E-07,-1.204542E+02,-4.619531E-01
+1.284180E+02,-2.262732E-06,+7.590134E-06,-1.020252E+02,+1.860523E+00
+1.286621E+02,+2.955457E-06,-4.259195E-06,-1.057064E+02,-9.641758E-01
+1.289062E+02,+2.879798E-07,+2.228378E-06,-1.129683E+02,+1.442276E+00
+1.291504E+02,+7.398169E-07,-7.072465E-06,-1.029613E+02,-1.466570E+00
+1.293945E+02,-2.213340E-06,+4.690413E-06,-1.057027E+02,+2.011701E+00
+1.296387E+02,+5.945754E-06,+4.529159E-06,-1.025286E+02,+6.509768E-01
+1.298828E+02,-9.513164E-06,-7.319226E-06,-9.841422E+01,-2.485804E+00
+1.301270E+02,+1.021553E-05,+4.692605E-06,-9.898330E+01,+4.306104E-01
+1.303711E+02,-1.507620E-05,-5.368865E-06,-9.591562E+01,-2.799480E+00
+1.306152E+02,+1.383640E-05,+8.376688E-06,-9.582337E+01,+5.443877E-01
+1.308594E+02,+9.853742E-07,-1.101619E-05,-9.912476E+01,-1.481586E+00
+1.311035E+02,-7.037372E-06,+1.317984E-05,-9.651242E+01,+2.061234E+00
+1.313477E+02,-2.889070E-07,-5.630133E-06,-1.049782E+02,-1.622066E+00
+1.315918E+02,+9.665971E-07,-2.008490E-06,-1.130379E+02,-1.122256E+00
+1.318359E+02,+2.786275E-06,+1.119055E-08,-1.110995E+02,+4.016290E-03
+1.320801E+02,+3.671792E-06,+1.484009E-06,-1.080453E+02,+3.840915E-01
+1.323242E+02,-6.931563E-06,-3.137608E-06,-1.023739E+02,-2.716533E+00
+1.325684E+02,-5.621680E-07,+5.397409E-07,-1.221656E+02,+2.376545E+00
+1.328125E+02,+4.830926E-06,+3.525980E-06,-1.044648E+02,+6.304972E-01
+1.330566E+02,-5.178618E-07,-4.599163E-06,-1.066917E+02,-1.682923E+00
+1.333008E+02,-2.726340E-06,+5.933203E-06,-1.037022E+02,+2.001527E+00
+1.335449E+02,+2.780584E-06,-4.666379E-06,-1.053008E+02,-1.033415E+00
+1.337891E+02,-3.962453E-06,-8.402753E-08,-1.080388E+02,-3.120390E+00
+1.340332E+02,-1.531277E-06,+7.225889E-06,-1.026314E+02,+1.779622E+00
+1.342773E+02,+9.151358E-06,-9.899081E-06,-9.740551E+01,-8.246276E-01
+1.345215E+02,-1.063125E-05,+1.977703E-06,-9.932056E+01,+2.957668E+00
+1.347656E+02,+6.521218E-06,+1.594507E-06,-1.034612E+02,+2.398055E-01
+1.350098E+02,-3.880738E-06,-7.150064E-07,-1.080767E+02,-2.959391E+00
+1.352539E+02,+7.991310E-07,+3.336198E-06,-1.092927E+02,+1.335693E+00
+1.354980E+02,+2.777078E-06,+2.777060E-06,-1.081180E+02,+7.853950E-01
+1.357422E+02,+3.852261E-07,-1.038188E-05,-9.966850E+01,-1.533708E+00
+1.359863E+02,+2.267710E-06,+7.614017E-06,-1.019986E+02,+1.281328E+00
+1.362305E+02,-5.997728E-06,-5.296570E-06,-1.019364E+02,-2.418196E+00
+1.364746E+02,+7.334682E-07,+5.828235E-06,-1.046210E+02,+1.445607E+00
+1.367188E+02,+2.813413E-06,-4.316249E-06,-1.057601E+02,-9.931433E-01
+1.369629E+02,-1.816072E-06,+3.872447E-06,-1.073769E+02,+2.009315E+00
+1.372070E+02,-8.257651E-07,-4.667899E-06,-1.064837E+02,-1.745888E+00
+1.374512E+02,+4.352572E-06,+2.914681E-06,-1.056161E+02,+5.900621E-01
+1.376953E+02,-3.610333E-06,-8.413681E-07,-1.086194E+02,-2.912635E+00
+1.379395E+02,-1.687082E-06,-3.080560E-06,-1.090882E+02,-2.071837E+00
+1.381836E+02,+1.870176E-06,+6.266344E-06,-1.036892E+02,+1.280764E+00
+1.384277E+02,+5.425981E-06,-2.721365E-06,-1.043360E+02,-4.648816E-01
+1.386719E+02,-9.810348E-06,+1.120756E-06,-1.001100E+02,+3.027843E+00
+1.389160E+02,+6.356511E-06,-4.555924E-06,-1.021352E+02,-6.218684E-01
+1.391602E+02,-3.847608E-06,+8.094036E-06,-1.009519E+02,+2.014541E+00
+1.394043E+02,+7.254841E-06,-7.210204E-06,-9.980386E+01,-7.823123E-01
+1.396484E+02,-3.175565E-06,+3.536711E-06,-1.064604E+02,+2.302443E+00
+1.398926E+02,-2.728563E-06,-6.994573E-06,-1.024896E+02,-1.942737E+00
+1.401367E+02,+4.133798E-07,+8.770778E-06,-1.011296E+02,+1.523700E+00
+1.403809E+02,-1.193541E-06,-5.481062E-06,-1.050215E+02,-1.785206E+00
+1.406250E+02,+3.263122E-06,+2.757359E-06,-1.073871E+02,+7.015879E-01
+1.408691E+02,-4.037769E-06,-9.584461E-07,-1.076391E+02,-2.908536E+00
+1.411133E+02,+2.210482E-06,+4.608128E-06,-1.058301E+02,+1.123527E+00
+1.413574E+02,+2.601383E-06,-6.563853E-06,-1.030232E+02,-1.193467E+00
+1.416016E+02,-6.905950E-07,+4.861449E-06,-1.061779E+02,+1.711908E+00
+1.418457E+02,-2.012226E-06,-7.786997E-06,-1.018919E+02,-1.823673E+00
+1.420898E+02,+5.588699E-07,+7.460393E-06,-1.025205E+02,+1.496024E+00
+1.423340E+02,-3.849721E-06,-2.982692E-06,-1.062494E+02,-2.482419E+00
+1.425781E+02,+3.398108E-06,-7.777840E-07,-1.091535E+02,-2.250114E-01
+1.428223E+02,+7.756734E-07,+3.606660E-06,-1.086615E+02,+1.358956E+00
+1.430664E+02,+2.244092E-06,-4.278776E-06,-1.063183E+02,-1.087765E+00
+1.433105E+02,-6.549440E-06,+3.206324E-06,-1.027429E+02,+2.686334E+00
+1.435547E+02,+8.421061E-06,+1.697440E-06,-1.013197E+02,+1.989055E-01
+1.437988E+02,-9.493802E-06,-4.057385E-06,-9.972264E+01,-2.737715E+00
+1.440430E+02,+4.792986E-06,-6.805319E-07,-1.063012E+02,-1.410422E-01
+1.442871E+02,+1.218390E-06,-3.779028E-07,-1.178854E+02,-3.007568E-01
+1.445312E+02,+2.611339E-06,+4.009847E-06,-1.064020E+02,+9.935558E-01
+1.447754E+02,-4.161996E-06,+6.282898E-07,-1.075161E+02,+2.991765E+00
+1.450195E+02,-3.013934E-06,-3.767298E-06,-1.063309E+02,-2.245553E+00
+1.452637E+02,+5.159564E-06,+3.565278E-06,-1.040525E+02,+6.046627E-01
+1.455078E+02,-9.264841E-06,-3.910427E-06,-9.995126E+01,-2.742205E+00
+1.457520E+02,+1.204856E-05,+2.169310E-06,-9.824274E+01,+1.781386E-01
+1.459961E+02,-2.956533E-06,-4.506049E-07,-1.104846E+02,-2.990347E+00
+1.462402E+02,-2.698592E-06,-4.407183E-06,-1.057340E+02,-2.120223E+00
+1.464844E+02,-2.701949E-06,+7.207450E-06,-1.022733E+02,+1.929464E+00
+1.467285E+02,+1.084573E-05,-2.626536E-06,-9.904731E+01,-2.375981E-01
+1.469727E+02,-1.286752E-05,-1.085028E-06,-9.777933E+01,-3.057469E+00
+1.472168E+02,+5.515526E-06,+2.403917E-07,-1.051600E+02,+4.355698E-02
+1.474609E+02,+8.797231E-07,+2.045090E-06,-1.130484E+02,+1.164560E+00
+1.477051E+02,-3.136695E-07,-1.470503E-06,-1.164574E+02,-1.780954E+00
+1.479492E+02,-1.148119E-06,+5.160579E-06,-1.055362E+02,+1.789710E+00
+1.481934E+02,+1.231311E-07,-6.066613E-06,-1.043393E+02,-1.550503E+00
+1.484375E+02,+1.355675E-06,-6.802719E-07,-1.163815E+02,-4.650832E-01
+1.486816E+02,-1.917779E-07,-2.107001E-06,-1.134909E+02,-1.661566E+00
+1.489258E+02,-8.209216E-06,+1.032974E-05,-9.759215E+01,+2.242307E+00
+1.491699E+02,+1.058630E-05,-1.123619E-05,-9.622837E+01,-8.151703E-01
+1.494141E+02,+1.027567E-06,+7.279651E-06,-1.026721E+02,+1.430567E+00
+1.496582E+02,-4.250751E-06,-2.315440E-06,-1.063023E+02,-2.642817E+00
+1.499023E+02,-6.093205E-06,-5.816988E-07,-1.042637E+02,-3.046414E+00
+1.501465E+02,+7.442934E-06,-5.308935E-06,-1.007789E+02,-6.195867E-01
+1.503906E+02,-4.479391E-07,+9.358574E-06,-1.005659E+02,+1.618624E+00
+1.506348E+02,-4.509593E-06,-5.245269E-06,-1.032012E+02,-2.280921E+00
+1.508789E+02,+3.347564E-06,+2.927977E-06,-1.070379E+02,+7.186368E-01
+1.511230E+02,-6.978889E-07,-5.040864E-07,-1.213009E+02,-2.516055E+00
+1.513672E+02,+4.365387E-06,-5.551055E-06,-1.030215E+02,-9.043990E-01
+1.516113E+02,-3.860629E-06,+1.038619E-05,-9.910881E+01,+1.926677E+00
+1.518555E+02,-2.688438E-06,-3.493388E-06,-1.071149E+02,-2.226711E+00
+1.520996E+02,+6.412247E-06,+3.544476E-08,-1.038597E+02,+5.527610E-03
+1.523438E+02,-4.278444E-06,-7.141641E-06,-1.015922E+02,-2.110542E+00
+1.525879E+02,-4.499770E-06,+2.087349E-06,-1.060898E+02,+2.707257E+00
+1.528320E+02,+8.189197E-06,+5.544411E-06,-1.000965E+02,+5.951496E-01
+1.530762E+02,-4.503220E-06,-2.429001E-06,-1.058205E+02,-2.646930E+00
+1.533203E+02,+1.734545E-06,+5.001031E-06,-1.055255E+02,+1.236942E+00
+1.535645E+02,+4.942962E-06,-5.061019E-06,-1.030062E+02,-7.971986E-01
+1.538086E+02,-3.873854E-06,-6.085837E-06,-1.028363E+02,-2.137648E+00
+1.540527E+02,-3.740491E-06,+9.265352E-06,-1.000070E+02,+1.954495E+00
+1.542969E+02,+5.971925E-07,-4.457532E-06,-1.069408E+02,-1.437616E+00
+1.545410E+02,+2.591106E-06,+4.925715E-06,-1.050897E+02,+1.086537E+00
+1.547852E+02,-1.892625E-06,-4.789900E-06,-1.057634E+02,-1.947096E+00
+1.550293E+02,-2.192743E-06,+3.380560E-06,-1.078951E+02,+2.146210E+00
+1.552734E+02,+5.385927E-06,-2.912163E-06,-1.042610E+02,-4.956740E-01
+1.555176E+02,-1.645450E-06,-1.309973E-06,-1.135423E+02,-2.469223E+00
+1.557617E+02,+1.816513E-06,+4.680516E-06,-1.059848E+02,+1.200590E+00
+1.560059E+02,-4.824687E-06,-6.885789E-06,-1.015063E+02,-2.181974E+00
+1.562500E+02,+7.165369E-06,+5.979869E-06,-1.005997E+02,+6.954567E-01
+1.564941E+02,-1.155590E-05,-3.883871E-06,-9.827913E+01,-2.817359E+00
+1.567383E+02,+9.051419E-06,+7.740611E-06,-9.848186E+01,+7.074949E-01
+1.569824E+02,+2.237385E-06,-6.448647E-06,-1.033170E+02,-1.236838E+00
+1.572266E+02,-6.454149E-06,+6.932673E-07,-1.037534E+02,+3.034589E+00
+1.574707E+02,+2.524609E-06,+5.356115E-06,-1.045517E+02,+1.130330E+00
+1.577148E+02,+1.595234E-06,-3.680376E-06,-1.079345E+02,-1.161796E+00
+1.579590E+02,-4.434624E-06,-6.397289E-06,-1.021759E+02,-2.176946E+00
+1.582031E+02,+2.918315E-06,+8.947321E-06,-1.005271E+02,+1.255510E+00
+1.584473E+02,+1.636679E-07,-8.254624E-06,-1.016644E+02,-1.550972E+00
+1.586914E+02,-3.438055E-06,+9.769294E-06,-9.969566E+01,+1.909185E+00
+1.589355E+02,+4.207483E-06,-5.687443E-06,-1.030060E+02,-9.338652E-01
+1.591797E+02,-8.012400E-07,-2.364407E-06,-1.120534E+02,-1.897527E+00
+1.594238E+02,+2.894895E-06,+2.499828E-06,-1.083477E+02,+7.122967E-01
+1.596680E+02,-2.588358E-06,+7.213286E-06,-1.023113E+02,+1.915317E+00
+1.599121E+02,-1.305315E-06,-1.839319E-05,-9.468504E+01,-1.641645E+00
+1.601562E+02,-3.094230E-06,+1.574321E-05,-9.589352E+01,+1.764866E+00
+1.604004E+02,+2.967914E-06,-7.157900E-06,-1.022153E+02,-1.177738E+00
+1.606445E+02,+4.213283E-06,+4.241413E-06,-1.044683E+02,+7.887252E-01
+1.608887E+02,-8.658984E-06,+3.043829E-06,-1.007447E+02,+2.803562E+00
+1.611328E+02,+8.412841E-06,-7.433337E-06,-9.899525E+01,-7.236634E-01
+1.613770E+02,+4.557041E-07,+1.114763E-05,-9.904910E+01,+1.529940E+00
+1.616211E+02,-2.141722E-06,-1.040559E-05,-9.947447E+01,-1.773786E+00
+1.618652E+02,-5.710157E-06,+2.592997E-06,-1.040528E+02,+2.715332E+00
+1.621094E+02,+6.231754E-06,-4.176087E-06,-1.024969E+02,-5.903966E-01
+1.623535E+02,-3.682884E-06,+6.070803E-06,-1.029741E+02,+2.116095E+00
+1.625977E+02,+1.063736E-05,-3.866410E-06,-9.892442E+01,-3.486280E-01
+1.628418E+02,-1.797380E-05,+7.750182E-06,-9.416663E+01,+2.734488E+00
+1.630859E+02,+1.302347E-05,-1.329779E-05,-9.460370E+01,-7.958197E-01
+1.633301E+02,-5.148013E-06,+1.175177E-05,-9.783554E+01,+1.983679E+00
+1.635742E+02,+6.935285E-06,-6.257710E-06,-1.005920E+02,-7.340845E-01
+1.638184E+02,-9.466202E-06,+5.052580E-06,-9.938783E+01,+2.651311E+00
+1.640625E+02,+7.214139E-06,-6.491946E-06,-1.002600E+02,-7.327554E-01
+1.643066E+02,-6.840192E-06,+4.930782E-06,-1.014813E+02,+2.517007E+00
+1.645508E+02,+2.736622E-06,-2.506857E-06,-1.086096E+02,-7.416069E-01
+1.647949E+02,+5.790301E-06,+5.730402E-06,-1.017806E+02,+7.801989E-01
+1.650391E+02,-1.014061E-05,-1.275026E-05,-9.576097E+01,-2.242681E+00
+1.652832E+02,+7.169106E-06,+8.485214E-06,-9.908703E+01,+8.692741E-01
+1.655273E+02,-3.114815E-06,+3.039454E-06,-1.072261E+02,+2.368439E+00
+1.657715E+02,+5.087937E-06,-5.594915E-06,-1.024268E+02,-8.328198E-01
+1.660156E+02,-1.934224E-06,+5.591195E-06,-1.045590E+02,+1.903851E+00
+1.662598E+02,-4.405038E-06,-5.553231E-06,-1.029893E+02,-2.241401E+00
+1.665039E+02,+3.424685E-06,-3.834646E-06,-1.057785E+02,-8.418119E-01
+1.667480E+02,+1.363145E-07,+1.206721E-05,-9.836731E+01,+1.559501E+00
+1.669922E+02,-2.603962E-06,-4.050604E-06,-1.063474E+02,-2.142134E+00
+1.672363E+02,-1.286915E-07,-2.385552E-06,-1.124356E+02,-1.624690E+00
+1.674805E+02,+2.489874E-06,-4.941164E-06,-1.051407E+02,-1.104030E+00
+1.677246E+02,+1.712770E-06,+1.586728E-06,-1.126350E+02,+7.472162E-01
+1.679688E+02,-3.876535E-06,+5.483776E-06,-1.034583E+02,+2.186145E+00
+1.682129E+02,-3.164617E-06,+3.256124E-06,-1.068577E+02,+2.341944E+00
+1.684570E+02,+1.156810E-05,-7.933235E-06,-9.706069E+01,-6.011221E-01
+1.687012E+02,-6.920354E-06,+9.630953E-07,-1.031141E+02,+3.003312E+00
+1.689453E+02,+2.837780E-07,+2.908033E-06,-1.106869E+02,+1.473520E+00
+1.691895E+02,+2.817538E-06,-1.520971E-06,-1.098920E+02,-4.949960E-01
+1.694336E+02,-9.491981E-06,-5.134400E-07,-1.004402E+02,-3.087553E+00
+1.696777E+02,+7.310970E-06,-5.358543E-07,-1.026972E+02,-7.316373E-02
+1.699219E+02,+4.638387E-07,+2.455463E-06,-1.120451E+02,+1.384096E+00
+1.701660E+02,+3.387192E-07,-1.315251E-06,-1.173409E+02,-1.318741E+00
+1.704102E+02,-7.363286E-07,-2.973951E-06,-1.102749E+02,-1.813508E+00
+1.706543E+02,-3.528411E-06,+2.890125E-06,-1.068188E+02,+2.455313E+00
+1.708984E+02,+1.703084E-06,-6.007928E-07,-1.148659E+02,-3.391382E-01
+1.711426E+02,+3.829515E-06,+2.032033E-07,-1.083249E+02,+5.301268E-02
+1.713867E+02,-3.870134E-06,+3.180328E-06,-1.060046E+02,+2.453722E+00
+1.716309E+02,+1.558493E-06,-2.257363E-06,-1.112352E+02,-9.665396E-01
+1.718750E+02,-1.077912E-07,-5.896908E-06,-1.045861E+02,-1.589074E+00
+1.721191E+02,-6.797358E-06,+1.156415E-05,-9.744888E+01,+2.102194E+00
+1.723633E+02,+5.193251E-06,-9.944377E-06,-9.900110E+01,-1.089523E+00
+1.726074E+02,+9.222659E-06,+7.095507E-06,-9.868370E+01,+6.557742E-01
+1.728516E+02,-1.576162E-05,-5.617036E-06,-9.552873E+01,-2.799251E+00
+1.730957E+02,+1.562010E-05,+2.270752E-06,-9.603550E+01,+1.443624E-01
+1.733398E+02,-8.650963E-06,+9.713825E-07,-1.012043E+02,+3.029775E+00
+1.735840E+02,-1.010981E-06,-6.334281E-06,-1.038568E+02,-1.729066E+00
+1.738281E+02,-1.012776E-06,+9.775975E-06,-1.001504E+02,+1.674027E+00
+1.740723E+02,+1.962018E-06,-7.288518E-06,-1.024434E+02,-1.307837E+00
+1.743164E+02,+3.968453E-06,-3.433642E-07,-1.079952E+02,-8.630849E-02
+1.745605E+02,-5.668750E-06,+3.492089E-06,-1.035331E+02,+2.589474E+00
+1.748047E+02,+5.008430E-06,+4.231251E-07,-1.059751E+02,+8.428245E-02
+1.750488E+02,-3.259051E-06,-4.967716E-07,-1.096384E+02,-2.990329E+00
+1.752930E+02,-1.248199E-06,+1.373620E-07,-1.180220E+02,+3.031986E+00
+1.755371E+02,+6.042440E-07,-2.039070E-06,-1.134458E+02,-1.282707E+00
+1.757812E+02,+4.214264E-06,+2.121247E-06,-1.065248E+02,+4.663235E-01
+1.760254E+02,-1.654769E-06,+3.683155E-06,-1.078771E+02,+1.993052E+00
+1.762695E+02,-3.541473E-06,-8.103226E-06,-1.010677E+02,-1.982825E+00
+1.765137E+02,+3.803037E-06,+1.208410E-06,-1.079797E+02,+3.076594E-01
+1.767578E+02,-5.767597E-06,+2.024455E-06,-1.042755E+02,+2.804023E+00
+1.770020E+02,+4.350477E-06,-2.618827E-06,-1.058863E+02,-5.418618E-01
+1.772461E+02,+2.837406E-07,+6.973572E-06,-1.031237E+02,+1.530131E+00
+1.774902E+02,-1.209646E-06,-5.079433E-06,-1.056441E+02,-1.804587E+00
+1.777344E+02,+5.512030E-08,+3.349777E-06,-1.094985E+02,+1.554343E+00
+1.779785E+02,+2.221649E-06,-3.710857E-06,-1.072802E+02,-1.031341E+00
+1.782227E+02,+1.039384E-06,+2.367078E-06,-1.117500E+02,+1.157044E+00
+1.784668E+02,-6.442159E-06,-3.917141E-06,-1.024530E+02,-2.595277E+00
+1.787109E+02,+1.862933E-06,+2.617410E-06,-1.098626E+02,+9.522302E-01
+1.789551E+02,+5.409910E-06,+4.901548E-06,-1.027334E+02,+7.361373E-01
+1.791992E+02,-6.221704E-06,-1.003344E-05,-9.855801E+01,-2.125862E+00
+1.794434E+02,+3.543365E-06,+8.621139E-06,-1.006108E+02,+1.180836E+00
+1.796875E+02,-2.333673E-06,-6.066702E-06,-1.037416E+02,-1.938017E+00
+1.799316E+02,+1.393025E-06,+4.206890E-06,-1.070689E+02,+1.251031E+00
+1.801758E+02,-3.084982E-06,-1.314530E-06,-1.094904E+02,-2.738786E+00
+1.804199E+02,+5.023134E-06,-1.582401E-06,-1.055696E+02,-3.051813E-01
+1.806641E+02,-2.696567E-06,+2.556813E-06,-1.085984E+02,+2.382791E+00
+1.809082E+02,+3.800943E-06,-1.887269E-06,-1.074451E+02,-4.608649E-01
+1.811523E+02,-1.233493E-06,+3.495621E-06,-1.086199E+02,+1.910024E+00
+1.813965E+02,-3.113981E-06,-3.401243E-06,-1.067233E+02,-2.312132E+00
+1.816406E+02,-3.091815E-07,-1.795815E-06,-1.147879E+02,-1.741293E+00
+1.818848E+02,-1.866119E-06,+7.967362E-06,-1.017418E+02,+1.800869E+00
+1.821289E+02,+1.168969E-06,-4.994256E-06,-1.057989E+02,-1.340873E+00
+1.823730E+02,+5.891165E-06,+2.361551E-07,-1.045890E+02,+4.006488E-02
+1.826172E+02,-3.984516E-06,-3.163125E-06,-1.058701E+02,-2.470610E+00
+1.828613E+02,-2.589279E-06,+2.586954E-06,-1.087300E+02,+2.356644E+00
+1.831055E+02,+4.375357E-06,+4.243323E-06,-1.043005E+02,+7.700799E-01
+1.833496E+02,-3.083628E-06,-5.273876E-06,-1.042803E+02,-2.099889E+00
+1.835938E+02,+1.206278E-06,+5.939532E-07,-1.174283E+02,+4.575370E-01
+1.838379E+02,+1.837216E-06,-1.047846E-06,-1.134937E+02,-5.183287E-01
+1.840820E+02,+2.772776E-06,+1.581172E-07,-1.111276E+02,+5.696320E-02
+1.843262E+02,-9.279960E-06,+3.531780E-06,-1.000616E+02,+2.777938E+00
+1.845703E+02,+2.167117E-06,-1.939368E-06,-1.107276E+02,-7.299942E-01
+1.848145E+02,-4.469662E-07,-8.881866E-08,-1.268263E+02,-2.945433E+00
+1.850586E+02,+9.715995E-06,+2.642993E-06,-9.994022E+01,+2.655982E-01
+1.853027E+02,-1.032461E-05,-4.087437E-06,-9.909020E+01,-2.764632E+00
+1.855469E+02,+4.283751E-06,-2.524187E-06,-1.060692E+02,-5.324752E-01
+1.857910E+02,-2.257452E-06,+1.047896E-05,-9.939662E+01,+1.782981E+00
+1.860352E+02,+4.782622E-06,-1.160324E-05,-9.802695E+01,-1.179834E+00
+1.862793E+02,-5.495631E-06,+5.335873E-06,-1.023156E+02,+2.370943E+00
+1.865234E+02,-1.634820E-07,+4.554133E-06,-1.068263E+02,+1.606678E+00
+1.867676E+02,+5.785527E-06,-9.917919E-06,-9.879961E+01,-1.042716E+00
+1.870117E+02,-4.671282E-06,+8.962523E-06,-9.990771E+01,+2.051261E+00
+1.872559E+02,+2.856974E-06,-3.975691E-06,-1.062036E+02,-9.476888E-01
+1.875000E+02,-1.468668E-06,-9.087466E-07,-1.152538E+02,-2.587496E+00
+1.877441E+02,+3.227954E-06,+5.715799E-06,-1.036562E+02,+1.056705E+00
+1.879883E+02,-9.180289E-06,-7.228105E-06,-9.864793E+01,-2.474613E+00
+1.882324E+02,+7.906000E-06,+1.405913E-06,-1.019057E+02,+1.759889E-01
+1.884766E+02,-6.411359E-06,+4.306993E-06,-1.022435E+02,+2.550062E+00
+1.887207E+02,+6.097188E-06,-1.111158E-06,-1.041555E+02,-1.802629E-01
+1.889648E+02,+6.785970E-07,-1.753799E-06,-1.145145E+02,-1.201608E+00
+1.892090E+02,+7.754855E-09,-3.506847E-07,-1.290995E+02,-1.548687E+00
+1.894531E+02,-7.345418E-06,-5.884687E-08,-1.026794E+02,-3.133581E+00
+1.896973E+02,+7.936421E-06,-1.889908E-06,-1.017680E+02,-2.337771E-01
+1.899414E+02,-4.243930E-06,+1.012818E-05,-9.918685E+01,+1.967592E+00
+1.901855E+02,+1.562563E-06,-1.016555E-05,-9.975597E+01,-1.418278E+00
+1.904297E+02,+8.660236E-07,-1.242217E-06,-1.163958E+02,-9.619790E-01
+1.906738E+02,+1.543589E-06,+7.364678E-06,-1.024702E+02,+1.364193E+00
+1.909180E+02,-8.242405E-06,-6.206584E-06,-9.972818E+01,-2.496170E+00
+1.911621E+02,+4.378083E-06,+7.332024E-07,-1.070542E+02,+1.659313E-01
+1.914062E+02,+4.406436E-06,+7.390491E-06,-1.013056E+02,+1.033153E+00
+1.916504E+02,-1.985695E-06,-6.776457E-06,-1.030222E+02,-1.855845E+00
+1.918945E+02,-1.142314E-06,+1.940922E-06,-1.129482E+02,+2.102748E+00
+1.921387E+02,-1.276151E-06,-5.676649E-06,-1.047040E+02,-1.791927E+00
+1.923828E+02,+6.169259E-06,+1.069776E-05,-9.816725E+01,+1.047695E+00
+1.926270E+02,-7.493196E-06,-1.162764E-05,-9.718171E+01,-2.143246E+00
+1.928711E+02,+1.442409E-06,+1.427845E-05,-9.686229E+01,+1.470118E+00
+1.931152E+02,+4.688642E-06,-1.384940E-05,-9.670014E+01,-1.244363E+00
+1.933594E+02,-1.708784E-05,+8.377702E-06,-9.441075E+01,+2.685757E+00
+1.936035E+02,+1.679778E-05,-5.037347E-06,-9.512099E+01,-2.913483E-01
+1.938477E+02,+4.631741E-07,+1.231600E-06,-1.176161E+02,+1.211083E+00
+1.940918E+02,-3.662278E-07,+1.448692E-06,-1.165114E+02,+1.818408E+00
+1.943359E+02,-1.966119E-06,+3.571121E-06,-1.077941E+02,+2.074070E+00
+1.945801E+02,+1.965616E-06,-4.443186E-06,-1.062699E+02,-1.154290E+00
+1.948242E+02,-8.902058E-06,+1.249218E-06,-1.009255E+02,+3.002174E+00
+1.950684E+02,+4.681179E-06,+7.404216E-07,-1.064856E+02,+1.568703E-01
+1.953125E+02,+2.130016E-06,+1.696006E-06,-1.112998E+02,+6.724446E-01
+1.955566E+02,-2.260951E-06,-3.851305E-06,-1.070018E+02,-2.101647E+00
+1.958008E+02,+7.717597E-06,+1.151242E-06,-1.021548E+02,+1.480791E-01
+1.960449E+02,-9.712900E-06,-2.453426E-07,-1.002503E+02,-3.116338E+00
+1.962891E+02,+7.832837E-06,-3.945582E-06,-1.011396E+02,-4.666218E-01
+1.965332E+02,-4.295003E-06,+8.850968E-06,-1.001418E+02,+2.022581E+00
+1.967773E+02,-5.608543E-07,-9.868379E-06,-1.001011E+02,-1.627569E+00
+1.970215E+02,-1.143009E-06,-1.036331E-06,-1.162334E+02,-2.405105E+00
+1.972656E+02,+5.904731E-06,+1.323983E-05,-9.677452E+01,+1.151289E+00
+1.975098E+02,-8.168556E-06,-8.540122E-06,-9.854931E+01,-2.333960E+00
+1.977539E+02,+3.031768E-06,+2.415445E-08,-1.103658E+02,+7.966947E-03
+1.979980E+02,+6.289626E-06,-1.935379E-07,-1.040234E+02,-3.076127E-02
+1.982422E+02,-8.760396E-06,+5.826426E-06,-9.955885E+01,+2.554684E+00
+1.984863E+02,+6.835508E-06,-6.048959E-06,-1.007928E+02,-7.244275E-01
+1.987305E+02,-6.662865E-06,-1.070510E-06,-1.034161E+02,-2.982286E+00
+1.989746E+02,+5.979778E-06,+4.007685E-06,-1.028551E+02,+5.904492E-01
+1.992188E+02,+8.706649E-07,-5.407941E-06,-1.052282E+02,-1.411169E+00
+1.994629E+02,-6.738727E-06,+7.192459E-06,-1.001259E+02,+2.323637E+00
+1.997070E+02,+6.822384E-06,-7.584562E-06,-9.982673E+01,-8.382524E-01
+1.999512E+02,-7.864886E-06,+6.479549E-06,-9.983631E+01,+2.452473E+00
+2.001953E+02,+9.374012E-06,-1.835670E-06,-1.003981E+02,-1.933783E-01
+2.004395E+02,-9.798979E-06,-8.010465E-07,-1.001475E+02,-3.060026E+00
+2.006836E+02,+6.797708E-06,-1.306128E-06,-1.031953E+02,-1.898289E-01
+2.009277E+02,+6.345188E-07,+3.073653E-06,-1.100657E+02,+1.367218E+00
+2.011719E+02,-8.205345E-06,-4.727869E-06,-1.004730E+02,-2.618862E+00
+2.014160E+02,+8.738850E-06,+8.633734E-07,-1.011287E+02,+9.847757E-02
+2.016602E+02,-7.096384E-06,+5.410124E-06,-1.009893E+02,+2.490217E+00
+2.019043E+02,+3.879162E-06,-9.320606E-06,-9.991734E+01,-1.176410E+00
+2.021484E+02,+6.986301E-07,+7.889475E-06,-1.020251E+02,+1.482475E+00
+2.023926E+02,+3.073375E-06,-9.791258E-07,-1.098279E+02,-3.084172E-01
+2.026367E+02,-1.007996E-05,-8.442373E-07,-9.990047E+01,-3.058034E+00
+2.028809E+02,+9.135370E-06,+3.977194E-06,-1.000317E+02,+4.106146E-01
+2.031250E+02,-4.204807E-06,-5.970383E-06,-1.027306E+02,-2.184387E+00
+2.033691E+02,+7.425234E-07,-5.080723E-09,-1.225856E+02,-6.842402E-03
+2.036133E+02,+1.276260E-06,+3.929184E-06,-1.076783E+02,+1.256731E+00
+2.038574E+02,+1.587060E-06,-2.029249E-06,-1.117805E+02,-9.070705E-01
+2.041016E+02,-4.902756E-06,-3.645179E-07,-1.061673E+02,-3.067380E+00
+2.043457E+02,+2.751562E-06,+3.371057E-06,-1.072273E+02,+8.862363E-01
+2.045898E+02,+2.791874E-06,-3.417458E-06,-1.071055E+02,-8.858082E-01
+2.048340E+02,-1.050057E-05,-3.077430E-06,-9.921788E+01,-2.856503E+00
+2.050781E+02,+1.275209E-05,-2.292080E-07,-9.788697E+01,-1.797223E-02
+2.053223E+02,-7.484810E-06,+1.093409E-05,-9.755533E+01,+2.171070E+00
+2.055664E+02,+6.080086E-06,-8.473898E-06,-9.963474E+01,-9.484167E-01
+2.058105E+02,-6.241289E-06,+6.329738E-07,-1.040501E+02,+3.040521E+00
+2.060547E+02,+4.727296E-06,+9.304210E-07,-1.063427E+02,+1.943349E-01
+2.062988E+02,-3.813703E-06,-9.157748E-07,-1.081296E+02,-2.905927E+00
+2.065430E+02,-1.753009E-06,+7.949410E-07,-1.143121E+02,+2.715855E+00
+2.067871E+02,+7.718460E-06,-2.866801E-08,-1.022493E+02,-3.714197E-03
+2.070312E+02,-8.407889E-06,-2.650553E-06,-1.010948E+02,-2.836208E+00
+2.072754E+02,+8.413585E-06,+4.651761E-06,-1.003420E+02,+5.050569E-01
+2.075195E+02,-8.678139E-06,-4.821816E-06,-1.000630E+02,-2.634439E+00
+2.077637E+02,+5.636204E-06,+5.572035E-06,-1.020194E+02,+7.796730E-01
+2.080078E+02,+1.181010E-06,-7.722822E-06,-1.021441E+02,-1.419047E+00
+2.082520E+02,+6.275434E-07,+6.912849E-06,-1.031712E+02,+1.480265E+00
+2.084961E+02,-9.809559E-06,-3.917209E-06,-9.952445E+01,-2.761668E+00
+2.087402E+02,+7.561373E-06,-1.229629E-06,-1.023146E+02,-1.612086E-01
+2.089844E+02,+5.150143E-08,+7.207705E-06,-1.028438E+02,+1.563651E+00
+2.092285E+02,-3.049001E-06,-6.794734E-06,-1.025598E+02,-1.992594E+00
+2.094727E+02,+2.964455E-06,+3.795024E-06,-1.063470E+02,+9.076599E-01
+2.097168E+02,-2.821104E-06,+1.881514E-06,-1.093935E+02,+2.553399E+00
+2.099609E+02,+2.895613E-06,-5.155779E-06,-1.045635E+02,-1.059072E+00
+2.102051E+02,-5.509303E-06,-5.268451E-08,-1.051777E+02,-3.132030E+00
+2.104492E+02,+1.040071E-05,+3.227817E-07,-9.965456E+01,+3.102461E-02
+2.106934E+02,-7.925834E-06,+9.364197E-06,-9.822443E+01,+2.273195E+00
+2.109375E+02,+2.406827E-06,-1.702628E-05,-9.529168E+01,-1.430367E+00
+2.111816E+02,-1.264490E-06,+1.288744E-05,-9.775505E+01,+1.668601E+00
+2.114258E+02,+6.859987E-07,-5.836193E-07,-1.209087E+02,-7.049343E-01
+2.116699E+02,-3.314380E-06,-2.904902E-06,-1.071167E+02,-2.421940E+00
+2.119141E+02,+6.413879E-06,-1.543228E-06,-1.036132E+02,-2.361195E-01
+2.121582E+02,-6.894696E-06,+7.907989E-07,-1.031729E+02,+3.027395E+00
+2.124023E+02,+4.982528E-06,-1.321345E-06,-1.057558E+02,-2.592286E-01
+2.126465E+02,+2.849684E-06,+1.949782E-06,-1.092364E+02,+6.000497E-01
+2.128906E+02,-5.733890E-06,+1.217334E-06,-1.046395E+02,+2.932394E+00
+2.131348E+02,-3.187108E-06,+4.970332E-07,-1.098277E+02,+2.986888E+00
+2.133789E+02,+8.121549E-06,-7.216743E-06,-9.927967E+01,-7.264764E-01
+2.136230E+02,-1.247151E-06,+6.984951E-06,-1.029804E+02,+1.747483E+00
+2.138672E+02,-3.859041E-06,+3.019270E-06,-1.061964E+02,+2.477683E+00
+2.141113E+02,-2.227996E-06,-1.053953E-05,-9.935371E+01,-1.779124E+00
+2.143555E+02,+8.439755E-06,+9.382197E-06,-9.797906E+01,+8.382300E-01
+2.145996E+02,-1.004173E-05,-5.286750E-06,-9.890131E+01,-2.656988E+00
+2.148438E+02,+7.254910E-06,+5.328610E-06,-1.009137E+02,+6.334962E-01
+2.150879E+02,-6.176176E-06,-4.653654E-06,-1.022329E+02,-2.495865E+00
+2.153320E+02,+4.717187E-06,-3.737387E-06,-1.044105E+02,-6.700230E-01
+2.155762E+02,-4.893101E-07,+9.063491E-06,-1.008414E+02,+1.624731E+00
+2.158203E+02,-3.714596E-07,-5.550789E-06,-1.050935E+02,-1.637617E+00
+2.160645E+02,+3.059901E-06,-9.362248E-07,-1.098972E+02,-2.969209E-01
+2.163086E+02,-3.761761E-06,+4.488757E-06,-1.046471E+02,+2.268306E+00
+2.165527E+02,+2.352081E-07,+1.963723E-06,-1.140765E+02,+1.451588E+00
+2.167969E+02,+1.236749E-06,-1.009745E-05,-9.985110E+01,-1.448922E+00
+2.170410E+02,+1.877637E-06,+1.309762E-05,-9.756781E+01,+1.428409E+00
+2.172852E+02,-2.994636E-06,-7.952555E-06,-1.014140E+02,-1.930936E+00
+2.175293E+02,-2.526051E-06,-5.359800E-07,-1.117599E+02,-2.932513E+00
+2.177734E+02,+3.871415E-06,+2.727895E-06,-1.064919E+02,+6.138232E-01
+2.180176E+02,+5.515098E-07,+1.183758E-06,-1.176816E+02,+1.134801E+00
+2.182617E+02,+1.348023E-06,-5.488041E-06,-1.049572E+02,-1.329936E+00
+2.185059E+02,-7.671798E-06,+3.647930E-06,-1.014168E+02,+2.697737E+00
+2.187500E+02,+7.180028E-06,+3.210714E-06,-1.020858E+02,+4.205005E-01
+2.189941E+02,-7.057069E-06,-6.465927E-06,-1.003806E+02,-2.399880E+00
+2.192383E+02,+5.583377E-06,+7.974128E-06,-1.002337E+02,+9.599452E-01
+2.194824E+02,+2.226264E-06,-1.214131E-05,-9.817107E+01,-1.389448E+00
+2.197266E+02,-2.995636E-06,+7.391567E-06,-1.019648E+02,+1.955844E+00
+2.199707E+02,+1.903606E-07,+7.027157E-06,-1.030612E+02,+1.543714E+00
+2.202148E+02,+3.582170E-07,-6.737782E-06,-1.034174E+02,-1.517681E+00
+2.204590E+02,-1.564932E-06,-3.601946E-06,-1.081183E+02,-1.980659E+00
+2.207031E+02,-2.423238E-07,+6.652171E-06,-1.035350E+02,+1.607208E+00
+2.209473E+02,+3.350141E-06,-6.083647E-06,-1.031664E+02,-1.067431E+00
+2.211914E+02,-4.988296E-06,-6.492419E-07,-1.059680E+02,-3.012167E+00
+2.214355E+02,+8.041985E-06,+3.423542E-06,-1.011694E+02,+4.024706E-01
+2.216797E+02,-1.268176E-05,-4.373643E-07,-9.793124E+01,-3.107119E+00
+2.219238E+02,+1.160165E-05,+2.948113E-06,-9.843785E+01,+2.488445E-01
+2.221680E+02,-5.018003E-06,-3.895857E-06,-1.039407E+02,-2.481424E+00
+2.224121E+02,-5.325531E-07,+4.677137E-06,-1.065445E+02,+1.684171E+00
+2.226562E+02,+4.956852E-06,-4.392169E-06,-1.035792E+02,-7.250713E-01
+2.229004E+02,-4.580346E-06,+1.345783E-06,-1.064224E+02,+2.855818E+00
+2.231445E+02,-4.908916E-07,+3.205423E-06,-1.097816E+02,+1.722760E+00
+2.233887E+02,+4.161420E-06,-3.216937E-06,-1.055805E+02,-6.580833E-01
+2.236328E+02,-4.748870E-06,-2.650404E-06,-1.052905E+02,-2.632542E+00
+2.238770E+02,+8.825145E-06,+1.163001E-06,-1.010108E+02,+1.310276E-01
+2.241211E+02,-8.250448E-06,-1.705308E-06,-1.014888E+02,-2.937770E+00
+2.243652E+02,-1.918827E-06,+7.733014E-06,-1.019735E+02,+1.814018E+00
+2.246094E+02,+6.928611E-06,-3.187876E-06,-1.023531E+02,-4.312240E-01
+2.248535E+02,-3.147798E-06,+2.766980E-06,-1.075536E+02,+2.420490E+00
+2.250977E+02,+3.718610E-06,-9.770763E-06,-9.961396E+01,-1.207138E+00
+2.253418E+02,-1.266157E-05,+5.891852E-06,-9.709901E+01,+2.706061E+00
+2.255859E+02,+1.940001E-05,+1.204360E-06,-9.422726E+01,+6.200082E-02
+2.258301E+02,-1.526174E-05,-5.448982E-06,-9.580685E+01,-2.798664E+00
+2.260742E+02,+2.065529E-06,+7.760373E-06,-1.019051E+02,+1.310664E+00
+2.263184E+02,+6.836099E-06,-4.387324E-06,-1.018058E+02,-5.705804E-01
+2.265625E+02,-7.388055E-06,-2.462993E-07,-1.026246E+02,-3.108268E+00
+2.268066E+02,+4.580051E-06,-6.470412E-07,-1.066968E+02,-1.403450E-01
+2.270508E+02,-2.748885E-06,+6.198029E-06,-1.033751E+02,+1.988240E+00
+2.272949E+02,+6.812464E-06,-3.265304E-06,-1.024358E+02,-4.469617E-01
+2.275391E+02,-5.077114E-06,-1.350679E-06,-1.055907E+02,-2.881582E+00
+2.277832E+02,-5.426962E-06,-2.805958E-06,-1.042800E+02,-2.664406E+00
+2.280273E+02,+1.249666E-05,+2.125880E-06,-9.794022E+01,+1.685028E-01
+2.282715E+02,-6.302605E-06,+4.083547E-07,-1.039914E+02,+3.076892E+00
+2.285156E+02,-3.665221E-06,-8.464934E-07,-1.084923E+02,-2.914619E+00
+2.287598E+02,+7.382604E-07,+2.298029E-06,-1.123463E+02,+1.259953E+00
+2.290039E+02,+6.013553E-06,-1.338765E-06,-1.042073E+02,-2.190524E-01
+2.292480E+02,-3.184439E-06,-1.551687E-07,-1.099290E+02,-3.092904E+00
+2.294922E+02,-3.237012E-06,-2.397510E-06,-1.078978E+02,-2.504099E+00
+2.297363E+02,+4.482444E-06,+6.429852E-06,-1.021158E+02,+9.619989E-01
+2.299805E+02,-2.731801E-06,-7.039655E-06,-1.024398E+02,-1.940966E+00
+2.302246E+02,+1.583925E-06,+3.983235E-06,-1.073577E+02,+1.192319E+00
+2.304688E+02,+3.260698E-07,+3.383964E-06,-1.093713E+02,+1.474735E+00
+2.307129E+02,-3.319771E-07,-4.003854E-06,-1.079207E+02,-1.653521E+00
+2.309570E+02,-5.704458E-07,-5.113445E-06,-1.057720E+02,-1.681895E+00
+2.312012E+02,-2.408908E-06,+5.029433E-06,-1.050727E+02,+2.017472E+00
+2.314453E+02,+3.524610E-06,+5.056667E-06,-1.042030E+02,+9.620717E-01
+2.316895E+02,+5.379304E-06,-6.588852E-06,-1.014056E+02,-8.861200E-01
+2.319336E+02,-1.162813E-05,+3.923597E-06,-9.822152E+01,+2.816166E+00
+2.321777E+02,+6.495167E-06,-8.366522E-06,-9.950062E+01,-9.106569E-01
+2.324219E+02,-1.272161E-07,+6.343002E-06,-1.039524E+02,+1.590850E+00
+2.326660E+02,-1.561247E-06,+2.488970E-07,-1.160216E+02,+2.983501E+00
+2.329102E+02,-9.362973E-07,-2.099368E-06,-1.127704E+02,-1.990311E+00
+2.331543E+02,+5.798568E-06,-1.242728E-06,-1.045386E+02,-2.111226E-01
+2.333984E+02,-9.696229E-06,+1.912424E-06,-1.001022E+02,+2.946858E+00
+2.336426E+02,+6.403633E-06,+3.211982E-06,-1.028969E+02,+4.649168E-01
+2.338867E+02,+2.680758E-06,-4.394836E-06,-1.057674E+02,-1.023072E+00
+2.341309E+02,-7.640771E-06,+3.560152E-06,-1.014840E+02,+2.705561E+00
+2.343750E+02,+4.590433E-06,-7.718858E-06,-1.009338E+02,-1.034280E+00
+2.346191E+02,+3.131713E-06,+1.131453E-05,-9.860668E+01,+1.300770E+00
+2.348633E+02,-7.294060E-06,-6.429452E-06,-1.002438E+02,-2.419113E+00
+2.351074E+02,+4.570280E-06,-4.808745E-07,-1.067533E+02,-1.048320E-01
+2.353516E+02,+1.731034E-06,+5.932495E-07,-1.147516E+02,+3.301693E-01
+2.355957E+02,-6.319941E-06,-1.251225E-06,-1.038188E+02,-2.946140E+00
+2.358398E+02,+7.891617E-06,+7.048735E-07,-1.020222E+02,+8.908287E-02
+2.360840E+02,-8.293149E-06,+4.365231E-06,-1.005635E+02,+2.657075E+00
+2.363281E+02,+6.521396E-06,-6.218148E-06,-1.009048E+02,-7.615989E-01
+2.365723E+02,-3.962853E-06,+3.877129E-06,-1.051235E+02,+2.367128E+00
+2.368164E+02,-9.694035E-08,-1.438365E-06,-1.168229E+02,-1.638091E+00
+2.370605E+02,+2.809876E-06,+1.778249E-06,-1.095634E+02,+5.642293E-01
+2.373047E+02,-5.578423E-07,-2.735359E-06,-1.110827E+02,-1.771975E+00
+2.375488E+02,-1.935346E-06,+3.905401E-06,-1.072130E+02,+2.030883E+00
+2.377930E+02,+4.352422E-06,-4.444044E-06,-1.041237E+02,-7.958136E-01
+2.380371E+02,-4.833352E-06,-1.202226E-07,-1.063123E+02,-3.116724E+00
+2.382812E+02,+2.831167E-06,+3.887440E-06,-1.063587E+02,+9.413379E-01
+2.385254E+02,-2.602781E-07,-4.353310E-06,-1.072081E+02,-1.630514E+00
+2.387695E+02,-4.859624E-06,+6.143347E-06,-1.021214E+02,+2.240049E+00
+2.390137E+02,+2.489730E-06,-7.861660E-06,-1.016746E+02,-1.264096E+00
+2.392578E+02,+2.915056E-06,+6.978246E-06,-1.024265E+02,+1.175095E+00
+2.395020E+02,+7.991296E-07,-5.942834E-06,-1.044423E+02,-1.437129E+00
+2.397461E+02,-3.649303E-06,+4.210402E-06,-1.050801E+02,+2.284926E+00
+2.399902E+02,-5.839890E-07,-4.421847E-06,-1.070128E+02,-1.702105E+00
+2.402344E+02,+2.214497E-06,+5.334101E-06,-1.047682E+02,+1.177291E+00
+2.404785E+02,+8.483800E-07,+2.534199E-06,-1.114619E+02,+1.247751E+00
+2.407227E+02,-1.620549E-06,-1.398743E-05,-9.702733E+01,-1.686140E+00
+2.409668E+02,-3.200197E-06,+1.657311E-05,-9.545293E+01,+1.761544E+00
+2.412109E+02,+4.711218E-06,-7.997531E-06,-1.006471E+02,-1.038442E+00
+2.414551E+02,+7.592866E-07,-4.588922E-06,-1.066485E+02,-1.406821E+00
+2.416992E+02,-4.566373E-06,+7.885276E-06,-1.008077E+02,+2.095707E+00
+2.419434E+02,+8.091092E-07,-2.665984E-06,-1.111002E+02,-1.276137E+00
+2.421875E+02,-3.037926E-07,+3.012684E-06,-1.103770E+02,+1.671294E+00
+2.424316E+02,+4.718671E-06,-1.698856E-06,-1.059943E+02,-3.455808E-01
+2.426758E+02,-4.452301E-06,-5.518565E-06,-1.029863E+02,-2.249661E+00
+2.429199E+02,-2.677388E-07,+6.538928E-06,-1.036826E+02,+1.611719E+00
+2.431641E+02,+3.745843E-06,-9.076237E-06,-1.001588E+02,-1.179382E+00
+2.434082E+02,+2.451868E-06,+6.945760E-06,-1.026556E+02,+1.231449E+00
+2.436523E+02,-6.563200E-06,+1.711319E-06,-1.033720E+02,+2.886527E+00
+2.438965E+02,+5.008103E-06,+1.128118E-06,-1.057916E+02,+2.215605E-01
+2.441406E+02,-6.543780E-06,-2.973801E-06,-1.028681E+02,-2.715047E+00
+2.443848E+02,-1.987862E-06,-1.376556E-07,-1.140115E+02,-3.072455E+00
+2.446289E+02,+8.172789E-06,+3.017349E-07,-1.017467E+02,+3.690270E-02
+2.448730E+02,+3.398370E-07,-1.513265E-06,-1.161880E+02,-1.349889E+00
+2.451172E+02,-6.020278E-06,+3.744940E-08,-1.044075E+02,+3.135372E+00
+2.453613E+02,+5.922680E-06,+4.110635E-06,-1.028420E+02,+6.067213E-01
+2.456055E+02,-4.537922E-06,-1.055193E-06,-1.066342E+02,-2.913125E+00
+2.458496E+02,+4.583754E-07,-2.428704E-06,-1.121405E+02,-1.384258E+00
+2.460938E+02,-4.930867E-07,+5.614979E-07,-1.225304E+02,+2.291415E+00
+2.463379E+02,+2.290736E-06,-1.920322E-06,-1.104890E+02,-6.976619E-01
+2.465820E+02,+2.116790E-06,-1.333951E-06,-1.120341E+02,-5.623130E-01
+2.468262E+02,-5.431935E-06,+4.238412E-06,-1.032358E+02,+2.478994E+00
+2.470703E+02,-7.650351E-07,+3.400137E-06,-1.091556E+02,+1.792112E+00
+2.473145E+02,+2.087755E-06,+5.716445E-07,-1.132924E+02,+2.672579E-01
+2.475586E+02,+1.077012E-05,-8.403185E-06,-9.729066E+01,-6.625701E-01
+2.478027E+02,-1.146492E-05,+1.502461E-06,-9.873863E+01,+3.011287E+00
+2.480469E+02,-1.960324E-06,+5.256619E-06,-1.050204E+02,+1.927746E+00
+2.482910E+02,+2.472753E-06,-8.078168E-06,-1.014648E+02,-1.273750E+00
+2.485352E+02,-8.047291E-08,+6.690069E-06,-1.034908E+02,+1.582824E+00
+2.487793E+02,+4.331039E-06,+1.847584E-07,-1.072603E+02,+4.263330E-02
+2.490234E+02,-4.419601E-06,-4.558507E-07,-1.070464E+02,-3.038813E+00
+2.492676E+02,+2.355010E-06,-7.815862E-07,-1.121063E+02,-3.204440E-01
+2.495117E+02,-1.358098E-06,-1.440997E-06,-1.140661E+02,-2.326587E+00
+2.497559E+02,+4.748617E-06,-7.929834E-07,-1.063492E+02,-1.654657E-01
+2.500000E+02,-7.843562E-06,+1.827392E-06,-1.018802E+02,+2.912696E+00
+2.502441E+02,+4.652682E-06,+2.872498E-06,-1.052435E+02,+5.531048E-01
+2.504883E+02,-4.283646E-06,-1.559626E-06,-1.068231E+02,-2.792423E+00
+2.507324E+02,+3.273689E-06,-5.511446E-06,-1.038623E+02,-1.034815E+00
+2.509766E+02,+5.243376E-06,+8.395868E-06,-1.000885E+02,+1.012543E+00
+2.512207E+02,-1.070657E-05,-3.265409E-06,-9.902071E+01,-2.845563E+00
+2.514648E+02,+5.980401E-06,-1.909516E-06,-1.040438E+02,-3.090639E-01
+2.517090E+02,+3.723225E-07,+6.762430E-07,-1.222481E+02,+1.067512E+00
+2.519531E+02,-8.918815E-07,-2.825106E-06,-1.105667E+02,-1.876592E+00
+2.521973E+02,+2.588465E-06,+8.414211E-06,-1.011070E+02,+1.272354E+00
+2.524414E+02,-5.466346E-06,-4.481901E-06,-1.030130E+02,-2.454830E+00
+2.526855E+02,+8.809656E-07,+1.198786E-06,-1.165498E+02,+9.370416E-01
+2.529297E+02,+5.538387E-06,-3.495084E-06,-1.036765E+02,-5.629490E-01
+2.531738E+02,-3.738104E-06,+3.548352E-06,-1.057570E+02,+2.382230E+00
+2.534180E+02,-3.448878E-06,-4.231004E-06,-1.052584E+02,-2.254704E+00
+2.536621E+02,+5.718040E-06,+9.256561E-07,-1.047427E+02,+1.604912E-01
+2.539062E+02,-1.159286E-06,+5.124045E-06,-1.055909E+02,+1.793295E+00
+2.541504E+02,+1.440321E-06,-8.714262E-06,-1.010783E+02,-1.406994E+00
+2.543945E+02,-5.940842E-06,+8.108881E-06,-9.995474E+01,+2.203090E+00
+2.546387E+02,+1.089178E-06,-1.969692E-06,-1.129533E+02,-1.065677E+00
+2.548828E+02,+5.465878E-06,-5.437828E-06,-1.022588E+02,-7.828257E-01
+2.551270E+02,-1.069129E-06,+6.839707E-06,-1.031944E+02,+1.725854E+00
+2.553711E+02,-6.547592E-06,+4.510389E-06,-1.019918E+02,+2.538381E+00
+2.556152E+02,+7.186571E-06,-1.250416E-05,-9.681934E+01,-1.049162E+00
+2.558594E+02,-2.072647E-06,+8.190306E-06,-1.014644E+02,+1.818654E+00
+2.561035E+02,-4.646440E-07,-2.541530E-06,-1.117553E+02,-1.751620E+00
+2.563477E+02,+3.414227E-06,+2.398827E-06,-1.075917E+02,+6.124670E-01
+2.565918E+02,-5.763151E-06,-3.878084E-06,-1.031647E+02,-2.549280E+00
+2.568359E+02,+2.087704E-06,+8.745405E-07,-1.129045E+02,+3.966931E-01
+2.570801E+02,+3.269621E-06,+1.289929E-06,-1.090818E+02,+3.757729E-01
+2.573242E+02,-6.244947E-06,-7.425807E-06,-1.002622E+02,-2.270030E+00
+2.575684E+02,+5.045123E-06,+1.553602E-05,-9.573780E+01,+1.256802E+00
+2.578125E+02,-5.600110E-06,-7.678112E-06,-1.004424E+02,-2.200957E+00
+2.580566E+02,+5.128617E-06,-2.158463E-06,-1.050918E+02,-3.983643E-01
+2.583008E+02,+4.428830E-06,-4.553467E-08,-1.070738E+02,-1.028106E-02
+2.585449E+02,-4.533235E-06,+3.924236E-06,-1.044430E+02,+2.428078E+00
+2.587891E+02,-4.202383E-06,-3.785420E-06,-1.049499E+02,-2.408347E+00
+2.590332E+02,+4.529311E-06,-7.476147E-07,-1.067626E+02,-1.635864E-01
+2.592773E+02,-6.316842E-07,-1.300290E-07,-1.238098E+02,-2.938583E+00
+2.595215E+02,-3.796589E-06,+5.175709E-06,-1.038508E+02,+2.203680E+00
+2.597656E+02,+8.703097E-06,-5.566604E-06,-9.971709E+01,-5.690378E-01
+2.600098E+02,-8.416730E-06,+7.581918E-06,-9.891682E+01,+2.408327E+00
+2.602539E+02,+3.856874E-06,-8.490028E-06,-1.006070E+02,-1.144387E+00
+2.604980E+02,+3.930612E-07,+2.173368E-06,-1.131176E+02,+1.391877E+00
+2.607422E+02,-1.326303E-06,+2.592954E-06,-1.107148E+02,+2.043604E+00
+2.609863E+02,+2.594985E-06,-9.967412E-07,-1.111196E+02,-3.667272E-01
+2.612305E+02,-6.117714E-06,-2.634457E-07,-1.042602E+02,-3.098557E+00
+2.614746E+02,+4.124043E-06,+1.674839E-07,-1.076864E+02,+4.058928E-02
+2.617188E+02,+3.352986E-06,-7.292070E-07,-1.092907E+02,-2.141453E-01
+2.619629E+02,-3.393940E-06,+6.652413E-07,-1.092222E+02,+2.948038E+00
+2.622070E+02,-5.273387E-06,+1.311866E-07,-1.055555E+02,+3.116721E+00
+2.624512E+02,+1.091889E-05,-3.114156E-06,-9.889679E+01,-2.778316E-01
+2.626953E+02,-1.049880E-05,+2.035772E-06,-9.941692E+01,+2.950064E+00
+2.629395E+02,+5.351485E-06,+8.848321E-07,-1.053134E+02,+1.638608E-01
+2.631836E+02,+2.355529E-06,+3.247963E-06,-1.079323E+02,+9.433355E-01
+2.634277E+02,-9.948682E-06,-5.119290E-06,-9.902454E+01,-2.666358E+00
+2.636719E+02,+1.654891E-05,-1.053307E-06,-9.560706E+01,-6.356237E-02
+2.639160E+02,-1.035916E-05,+5.251382E-06,-9.870023E+01,+2.672415E+00
+2.641602E+02,-2.226587E-06,-4.753204E-06,-1.055987E+02,-2.008878E+00
+2.644043E+02,+6.764288E-06,+4.866175E-06,-1.015842E+02,+6.236226E-01
+2.646484E+02,-3.511039E-06,-3.659069E-06,-1.058979E+02,-2.335552E+00
+2.648926E+02,-2.180797E-06,+1.670709E-06,-1.112222E+02,+2.487867E+00
+2.651367E+02,+5.256157E-06,-6.195632E-06,-1.018037E+02,-8.672522E-01
+2.653809E+02,-8.703164E-06,+7.444464E-06,-9.882182E+01,+2.433987E+00
+2.656250E+02,+5.950315E-06,+8.149046E-07,-1.044285E+02,+1.361048E-01
+2.658691E+02,+2.328480E-06,-4.767653E-06,-1.055049E+02,-1.116479E+00
+2.661133E+02,-5.518462E-06,+3.686493E-06,-1.035612E+02,+2.552648E+00
+2.663574E+02,+3.304326E-06,-5.958194E-06,-1.033331E+02,-1.064440E+00
+2.666016E+02,+3.116089E-06,+2.641915E-06,-1.077755E+02,+7.032332E-01
+2.668457E+02,-6.785112E-06,+2.169408E-06,-1.029462E+02,+2.832134E+00
+2.670898E+02,+7.608861E-06,-1.383928E-06,-1.022323E+02,-1.799170E-01
+2.673340E+02,-2.501328E-06,+4.379117E-06,-1.059460E+02,+2.089766E+00
+2.675781E+02,-7.781337E-06,-7.680713E-06,-9.922478E+01,-2.362702E+00
+2.678223E+02,+6.347097E-06,+1.947501E-06,-1.035577E+02,+2.977141E-01
+2.680664E+02,-9.648767E-07,+6.261690E-06,-1.039642E+02,+1.723686E+00
+2.683105E+02,-3.383339E-06,-5.740061E-06,-1.035266E+02,-2.103404E+00
+2.685547E+02,+1.185570E-05,-1.156585E-06,-9.848032E+01,-9.724747E-02
+2.687988E+02,-7.127106E-06,+1.270199E-06,-1.028059E+02,+2.965224E+00
+2.690430E+02,-1.016241E-06,-5.640024E-07,-1.186939E+02,-2.634928E+00
+2.692871E+02,-2.161497E-06,+4.588117E-06,-1.058968E+02,+2.011064E+00
+2.695312E+02,+4.251362E-06,-2.467583E-06,-1.061685E+02,-5.258992E-01
+2.697754E+02,-1.027618E-05,-8.881892E-06,-9.734032E+01,-2.428844E+00
+2.700195E+02,+1.327851E-05,+1.017922E-05,-9.552942E+01,+6.540366E-01
+2.702637E+02,-7.809033E-06,+3.574863E-06,-1.013218E+02,+2.712283E+00
+2.705078E+02,+5.455753E-06,-7.200916E-06,-1.008821E+02,-9.224191E-01
+2.707520E+02,-1.072183E-05,-3.821353E-07,-9.938911E+01,-3.105967E+00
+2.709961E+02,+1.457000E-05,-5.272192E-07,-9.672513E+01,-3.616948E-02
+2.712402E+02,-4.202733E-06,+1.268714E-05,-9.748055E+01,+1.890679E+00
+2.714844E+02,-2.598811E-06,-1.686199E-05,-9.535987E+01,-1.723715E+00
+2.717285E+02,-7.879769E-07,+9.132224E-06,-1.007563E+02,+1.656868E+00
+2.719727E+02,+2.705045E-07,-6.449886E-06,-1.038013E+02,-1.528881E+00
+2.722168E+02,-1.875512E-06,+6.645054E-06,-1.032172E+02,+1.845883E+00
+2.724609E+02,+7.250854E-06,-7.720718E-06,-9.950067E+01,-8.167716E-01
+2.727051E+02,-5.739345E-06,+5.356896E-06,-1.021016E+02,+2.390647E+00
+2.729492E+02,-2.362142E-06,+2.023840E-07,-1.125021E+02,+3.056123E+00
+2.731934E+02,+2.496436E-06,+2.481312E-07,-1.120109E+02,+9.906878E-02
+2.734375E+02,+1.948869E-06,-5.585159E-07,-1.138615E+02,-2.791042E-01
+2.736816E+02,+2.207311E-06,+1.627702E-06,-1.112369E+02,+6.353974E-01
+2.739258E+02,-7.301626E-06,-6.169210E-06,-1.003918E+02,-2.440062E+00
+2.741699E+02,+8.974853E-06,+5.854663E-06,-9.939964E+01,+5.780190E-01
+2.744141E+02,-1.071731E-05,-1.231599E-06,-9.934131E+01,-3.027178E+00
+2.746582E+02,+4.395639E-06,-1.251296E-06,-1.068012E+02,-2.773318E-01
+2.749023E+02,+5.936992E-07,+1.515051E-06,-1.157711E+02,+1.197320E+00
+2.751465E+02,+7.452638E-07,+2.852895E-06,-1.106076E+02,+1.315276E+00
+2.753906E+02,-7.285086E-08,-7.464085E-06,-1.025401E+02,-1.580556E+00
+2.756348E+02,-4.794174E-06,+5.150400E-06,-1.030530E+02,+2.320389E+00
+2.758789E+02,+7.097404E-06,-3.941901E-06,-1.018104E+02,-5.069799E-01
+2.761230E+02,-1.746331E-06,+2.769955E-06,-1.096971E+02,+2.133308E+00
+2.763672E+02,+2.193446E-06,-4.551379E-07,-1.129944E+02,-2.045956E-01
+2.766113E+02,-3.673424E-06,-4.908603E-06,-1.042495E+02,-2.213250E+00
+2.768555E+02,-3.989493E-06,+1.058485E-05,-9.892943E+01,+1.931237E+00
+2.770996E+02,+7.250775E-06,-5.509225E-06,-1.008131E+02,-6.497512E-01
+2.773438E+02,-5.384395E-06,+2.320710E-06,-1.046373E+02,+2.734645E+00
+2.775879E+02,+3.792665E-06,-2.131828E-06,-1.072287E+02,-5.120797E-01
+2.778320E+02,-2.281767E-07,-2.096750E-06,-1.135179E+02,-1.679194E+00
+2.780762E+02,-2.686113E-06,+5.181629E-08,-1.114159E+02,+3.122305E+00
+2.783203E+02,+2.995961E-06,+7.406920E-06,-1.019492E+02,+1.186433E+00
+2.785645E+02,-5.367884E-07,-8.517915E-06,-1.013761E+02,-1.633732E+00
+2.788086E+02,-3.212643E-06,+4.330067E-07,-1.097846E+02,+3.007618E+00
+2.790527E+02,+2.784015E-06,-7.403763E-07,-1.108098E+02,-2.599223E-01
+2.792969E+02,-2.849104E-06,+6.142006E-06,-1.033874E+02,+2.005126E+00
+2.795410E+02,+7.029826E-06,-6.033779E-07,-1.030292E+02,-8.562130E-02
+2.797852E+02,-1.275814E-05,-4.946373E-06,-9.727609E+01,-2.771731E+00
+2.800293E+02,+1.333852E-05,+4.936397E-06,-9.694038E+01,+3.544555E-01
+2.802734E+02,-5.864869E-06,-1.094133E-06,-1.044863E+02,-2.957156E+00
+2.805176E+02,-5.370639E-06,+1.424914E-06,-1.051041E+02,+2.882252E+00
+2.807617E+02,+5.604050E-06,-1.710823E-06,-1.046430E+02,-2.962968E-01
+2.810059E+02,+3.290257E-06,+1.056575E-06,-1.092292E+02,+3.107206E-01
+2.812500E+02,-2.858376E-06,-4.452198E-06,-1.055296E+02,-2.141537E+00
+2.814941E+02,+1.325744E-07,+6.499561E-06,-1.037405E+02,+1.550402E+00
+2.817383E+02,-4.970076E-06,-6.782992E-06,-1.015052E+02,-2.203150E+00
+2.819824E+02,+4.461525E-06,+7.247693E-06,-1.014006E+02,+1.019001E+00
+2.822266E+02,+3.632097E-06,-7.450480E-06,-1.016303E+02,-1.117200E+00
+2.824707E+02,-6.276981E-06,+2.698492E-06,-1.033085E+02,+2.735577E+00
+2.827148E+02,+2.725684E-06,+6.324972E-06,-1.032391E+02,+1.163905E+00
+2.829590E+02,+6.585985E-06,-5.178036E-06,-1.015374E+02,-6.662822E-01
+2.832031E+02,-1.060046E-05,+1.977263E-06,-9.934498E+01,+2.957186E+00
+2.834473E+02,+5.302376E-06,-3.175289E-06,-1.041796E+02,-5.395681E-01
+2.836914E+02,-5.740966E-06,-4.580686E-06,-1.026808E+02,-2.468137E+00
+2.839355E+02,+7.240650E-06,+1.197208E-05,-9.708281E+01,+1.026859E+00
+2.841797E+02,-5.376140E-06,-9.392173E-06,-9.931385E+01,-2.090679E+00
+2.844238E+02,+6.217458E-06,+2.882875E-06,-1.032820E+02,+4.341671E-01
+2.846680E+02,-5.978353E-06,+1.542341E-06,-1.041885E+02,+2.889110E+00
+2.849121E+02,+6.777620E-06,+1.988736E-06,-1.030198E+02,+2.854156E-01
+2.851562E+02,-7.582568E-06,-3.531939E-06,-1.015509E+02,-2.705680E+00
+2.854004E+02,+2.197760E-06,-3.525262E-06,-1.076302E+02,-1.013326E+00
+2.856445E+02,+9.609728E-07,+8.133213E-06,-1.017345E+02,+1.453187E+00
+2.858887E+02,+1.837359E-06,-5.460958E-06,-1.047889E+02,-1.246240E+00
+2.861328E+02,+5.126652E-07,+5.434269E-06,-1.052587E+02,+1.476735E+00
+2.863770E+02,+1.484992E-08,-7.050249E-06,-1.030359E+02,-1.568690E+00
+2.866211E+02,-9.380383E-06,+8.808830E-07,-1.005175E+02,+3.047960E+00
+2.868652E+02,+1.108542E-05,+7.879869E-06,-9.732878E+01,+6.179585E-01
+2.871094E+02,-3.340879E-06,-7.663994E-06,-1.015553E+02,-1.981879E+00
+2.873535E+02,-2.956560E-06,+3.729520E-06,-1.064492E+02,+2.241098E+00
+2.875977E+02,+2.332631E-06,-3.145523E-06,-1.081430E+02,-9.327112E-01
+2.878418E+02,+6.583210E-07,+3.038374E-06,-1.101479E+02,+1.357426E+00
+2.880859E+02,+1.863515E-06,-1.360687E-06,-1.127375E+02,-6.306904E-01
+2.883301E+02,-4.020592E-06,-2.087696E-06,-1.068775E+02,-2.662663E+00
+2.885742E+02,+1.197405E-06,-2.300227E-06,-1.117232E+02,-1.090837E+00
+2.888184E+02,-1.237569E-06,+6.899269E-06,-1.030864E+02,+1.748286E+00
+2.890625E+02,+9.048110E-06,-1.282362E-06,-1.007825E+02,-1.407894E-01
+2.893066E+02,-7.062294E-06,-1.347620E-06,-1.028658E+02,-2.953040E+00
+2.895508E+02,-5.618511E-06,+3.679496E-06,-1.034576E+02,+2.561789E+00
+2.897949E+02,+6.134742E-06,-7.303509E-06,-1.004107E+02,-8.721530E-01
+2.900391E+02,+3.610481E-06,+6.320367E-06,-1.027587E+02,+1.051788E+00
+2.902832E+02,-6.847072E-06,-4.288185E-06,-1.018528E+02,-2.582073E+00
+2.905273E+02,+5.898727E-06,+6.902437E-07,-1.045258E+02,+1.164860E-01
+2.907715E+02,-6.101556E-06,+5.403665E-06,-1.017764E+02,+2.416779E+00
+2.910156E+02,+4.861775E-06,-1.001326E-05,-9.906921E+01,-1.118789E+00
+2.912598E+02,-3.404067E-06,+9.060150E-06,-1.002838E+02,+1.930197E+00
+2.915039E+02,+1.891910E-08,-5.649194E-07,-1.249554E+02,-1.537319E+00
+2.917480E+02,+3.336596E-06,-1.828772E-06,-1.083931E+02,-5.013796E-01
+2.919922E+02,-4.393451E-06,-3.139302E-06,-1.053525E+02,-2.521174E+00
+2.922363E+02,+2.849370E-06,-2.146507E-06,-1.089529E+02,-6.456269E-01
+2.924805E+02,+6.632612E-06,+9.356303E-06,-9.880969E+01,+9.541273E-01
+2.927246E+02,-8.401466E-06,-6.184334E-06,-9.963249E+01,-2.507046E+00
+2.929688E+02,+2.743761E-06,-7.240455E-06,-1.022219E+02,-1.208568E+00
+2.932129E+02,+9.338844E-07,+1.797795E-05,-9.489349E+01,+1.518897E+00
+2.934570E+02,-3.263239E-06,-1.936285E-05,-9.413898E+01,-1.737758E+00
+2.937012E+02,+2.214944E-06,+1.649029E-05,-9.557778E+01,+1.437277E+00
+2.939453E+02,-1.584070E-06,-1.106073E-05,-9.903615E+01,-1.713045E+00
+2.941895E+02,+2.712671E-06,+9.098647E-06,-1.004506E+02,+1.281047E+00
+2.944336E+02,-7.544496E-06,-7.672062E-06,-9.936367E+01,-2.347811E+00
+2.946777E+02,+9.240875E-06,+4.025577E-06,-9.993111E+01,+4.108375E-01
+2.949219E+02,-3.693273E-06,-5.742070E-07,-1.085480E+02,-2.987354E+00
+2.951660E+02,+1.258921E-06,-2.848894E-06,-1.101318E+02,-1.154700E+00
+2.954102E+02,-1.289531E-06,+1.580481E-06,-1.138082E+02,+2.255164E+00
+2.956543E+02,+1.320337E-06,+3.464393E-06,-1.086185E+02,+1.206674E+00
+2.958984E+02,-1.719057E-06,-1.391891E-06,-1.131047E+02,-2.460975E+00
+2.961426E+02,+3.558139E-06,-3.233904E-06,-1.063604E+02,-7.376968E-01
+2.963867E+02,-4.084546E-06,-4.612182E-07,-1.077221E+02,-3.029151E+00
+2.966309E+02,+3.228462E-06,+4.314756E-06,-1.053700E+02,+9.284241E-01
+2.968750E+02,-3.309957E-06,-6.919824E-06,-1.023033E+02,-2.016958E+00
+2.971191E+02,+1.050387E-06,+4.553117E-06,-1.066086E+02,+1.344067E+00
+2.973633E+02,+2.499356E-06,+7.020184E-07,-1.117136E+02,+2.738243E-01
+2.976074E+02,-4.484454E-06,-2.678540E-06,-1.056408E+02,-2.603165E+00
+2.978516E+02,+1.731762E-06,-3.070287E-06,-1.090568E+02,-1.057238E+00
+2.980957E+02,+5.518272E-07,+1.141976E-05,-9.883673E+01,+1.522512E+00
+2.983398E+02,+4.408811E-07,-1.023326E-05,-9.979167E+01,-1.527740E+00
+2.985840E+02,+8.369598E-07,+5.533999E-06,-1.050410E+02,+1.420694E+00
+2.988281E+02,-1.208107E-08,-5.478907E-06,-1.052261E+02,-1.573001E+00
+2.990723E+02,+4.195727E-07,+7.691343E-06,-1.022671E+02,+1.516299E+00
+2.993164E+02,-5.461189E-06,-1.227264E-05,-9.743661E+01,-1.989475E+00
+2.995605E+02,+6.671908E-06,+1.292536E-05,-9.674526E+01,+1.094283E+00
+2.998047E+02,-3.079499E-06,-1.112610E-05,-9.875256E+01,-1.840818E+00
+3.000488E+02,-8.464610E-07,+1.213089E-05,-9.830105E+01,+1.640461E+00
+3.002930E+02,+1.881425E-07,-4.896749E-06,-1.061954E+02,-1.532393E+00
+3.005371E+02,+1.717818E-06,-3.991172E-06,-1.072399E+02,-1.164357E+00
+3.007812E+02,-1.961283E-06,+5.188609E-06,-1.051190E+02,+1.932193E+00
+3.010254E+02,+3.743995E-06,-5.256607E-06,-1.038039E+02,-9.518991E-01
+3.012695E+02,-2.645965E-06,+1.990526E-06,-1.096006E+02,+2.496629E+00
+3.015137E+02,-3.062215E-07,+8.172759E-07,-1.211821E+02,+1.929291E+00
+3.017578E+02,-1.980241E-06,-2.242523E-06,-1.104816E+02,-2.294163E+00
+3.020020E+02,-9.842688E-07,+5.084256E-06,-1.057157E+02,+1.762022E+00
+3.022461E+02,+9.207007E-06,-1.118644E-06,-1.006540E+02,-1.209066E-01
+3.024902E+02,-6.653922E-06,-7.829241E-07,-1.034787E+02,-3.024468E+00
+3.027344E+02,+7.371232E-07,-5.377568E-06,-1.053074E+02,-1.434572E+00
+3.029785E+02,+4.229030E-07,+5.839628E-06,-1.046496E+02,+1.498503E+00
+3.032227E+02,-1.424630E-07,-7.362718E-07,-1.224996E+02,-1.761927E+00
+3.034668E+02,-4.129945E-06,-5.768301E-06,-1.029818E+02,-2.192162E+00
+3.037109E+02,+7.386262E-06,+1.048188E-05,-9.784028E+01,+9.569433E-01
+3.039551E+02,-2.507053E-06,-1.732027E-05,-9.513885E+01,-1.714545E+00
+3.041992E+02,-4.250880E-06,+1.441505E-05,-9.646153E+01,+1.857560E+00
+3.044434E+02,+2.657708E-08,-1.921680E-08,-1.496834E+02,-6.260349E-01
+3.046875E+02,+5.467025E-06,-1.907108E-06,-1.047463E+02,-3.356396E-01
+3.049316E+02,+2.139799E-06,-5.348264E-06,-1.047909E+02,-1.190211E+00
+3.051758E+02,-1.046126E-05,+1.194562E-05,-9.598366E+01,+2.290045E+00
+3.054199E+02,+8.351505E-06,-1.507726E-05,-9.527139E+01,-1.064953E+00
+3.056641E+02,-5.962596E-06,+6.992866E-06,-1.007339E+02,+2.276838E+00
+3.059082E+02,+3.579909E-06,+2.235739E-06,-1.074923E+02,+5.582569E-01
+3.061523E+02,-2.672983E-06,-2.126618E-06,-1.093303E+02,-2.469542E+00
+3.063965E+02,+5.115364E-06,+4.926234E-06,-1.029727E+02,+7.665658E-01
+3.066406E+02,-6.145762E-06,-4.501165E-07,-1.042053E+02,-3.068483E+00
+3.068848E+02,+6.389554E-06,-1.239397E-05,-9.711221E+01,-1.094796E+00
+3.071289E+02,-5.625230E-06,+8.682451E-06,-9.970502E+01,+2.145683E+00
+3.073730E+02,-9.262353E-07,-2.763051E-06,-1.107097E+02,-1.894246E+00
+3.076172E+02,+3.582880E-06,+6.016500E-06,-1.030949E+02,+1.033685E+00
+3.078613E+02,-4.569712E-07,-4.390776E-06,-1.071024E+02,-1.674498E+00
+3.081055E+02,-6.096379E-07,-3.922279E-07,-1.227943E+02,-2.569886E+00
+3.083496E+02,+4.088735E-06,+2.849195E-06,-1.060492E+02,+6.086022E-01
+3.085938E+02,-5.125692E-06,-2.403466E-07,-1.057954E+02,-3.094736E+00
+3.088379E+02,+3.158007E-06,-2.711349E-06,-1.076134E+02,-7.094445E-01
+3.090820E+02,-7.430071E-06,-2.015776E-06,-1.022717E+02,-2.876670E+00
+3.093262E+02,+6.622966E-06,+4.159742E-06,-1.021348E+02,+5.608100E-01
+3.095703E+02,+4.343518E-06,-2.427935E-06,-1.060623E+02,-5.097107E-01
+3.098145E+02,-4.434690E-06,+7.490905E-06,-1.012044E+02,+2.105320E+00
+3.100586E+02,-3.772798E-06,-8.227120E-06,-1.008661E+02,-2.000763E+00
+3.103027E+02,-5.770216E-07,-4.450400E-07,-1.227489E+02,-2.484617E+00
+3.105469E+02,+9.551692E-07,-2.151355E-06,-1.125644E+02,-1.152956E+00
+3.107910E+02,+5.207905E-06,+1.114822E-05,-9.819859E+01,+1.133771E+00
+3.110352E+02,-2.048581E-06,-4.363391E-06,-1.063384E+02,-2.009742E+00
+3.112793E+02,-3.215299E-06,-1.966180E-06,-1.084759E+02,-2.592755E+00
+3.115234E+02,+3.992316E-06,-9.268759E-07,-1.077475E+02,-2.281236E-01
+3.117676E+02,+7.010147E-07,+2.446520E-06,-1.118863E+02,+1.291738E+00
+3.120117E+02,-7.084028E-06,-1.747133E-06,-1.027380E+02,-2.899788E+00
+3.122559E+02,+5.288694E-06,+4.390860E-06,-1.032560E+02,+6.929072E-01
+3.125000E+02,+4.161487E-06,-6.439402E-06,-1.023074E+02,-9.970593E-01
+3.127441E+02,-6.502008E-06,+3.891758E-06,-1.024092E+02,+2.602242E+00
+3.129883E+02,-8.709562E-07,-6.375366E-06,-1.038296E+02,-1.706569E+00
+3.132324E+02,+4.742381E-06,+8.570635E-06,-1.001797E+02,+1.065401E+00
+3.134766E+02,-2.317139E-06,-2.109449E-06,-1.100794E+02,-2.403079E+00
+3.137207E+02,-4.440281E-06,-4.360352E-06,-1.041197E+02,-2.365276E+00
+3.139648E+02,+1.044157E-05,+3.953539E-06,-9.904285E+01,+3.619534E-01
+3.142090E+02,-8.191031E-06,+6.756787E-07,-1.017038E+02,+3.059289E+00
+3.144531E+02,+6.748784E-07,-3.168464E-06,-1.097903E+02,-1.360934E+00
+3.146973E+02,+1.737883E-06,+7.549312E-06,-1.022176E+02,+1.344534E+00
+3.149414E+02,+5.922292E-07,-5.353940E-06,-1.053737E+02,-1.460629E+00
+3.151855E+02,-1.388957E-06,-4.862536E-06,-1.059221E+02,-1.849032E+00
+3.154297E+02,+1.224860E-06,+9.303770E-06,-1.005522E+02,+1.439897E+00
+3.156738E+02,+3.347513E-06,-9.831079E-06,-9.967155E+01,-1.242607E+00
+3.159180E+02,-1.241241E-05,+8.786627E-06,-9.635876E+01,+2.525591E+00
+3.161621E+02,+8.263011E-06,-3.934490E-06,-1.007698E+02,-4.443918E-01
+3.164062E+02,+4.021519E-06,-9.901155E-07,-1.076566E+02,-2.414031E-01
+3.166504E+02,-3.930729E-06,+7.304759E-06,-1.016235E+02,+2.064461E+00
+3.168945E+02,-2.261013E-06,-1.029880E-05,-9.953983E+01,-1.786909E+00
+3.171387E+02,+7.348455E-06,+1.009332E-05,-9.807224E+01,+9.414908E-01
+3.173828E+02,-4.355069E-06,-9.733554E-06,-9.944206E+01,-1.991510E+00
+3.176270E+02,-6.091948E-06,+3.648315E-06,-1.029738E+02,+2.602001E+00
+3.178711E+02,+1.047052E-05,+1.950535E-06,-9.945248E+01,+1.841771E-01
+3.181152E+02,-7.718535E-06,-3.198629E-06,-1.015610E+02,-2.748727E+00
+3.183594E+02,+3.213597E-06,+3.242665E-06,-1.068106E+02,+7.899005E-01
+3.186035E+02,-6.806860E-07,+5.766568E-07,-1.209916E+02,+2.438744E+00
+3.188477E+02,+4.750603E-06,+1.258190E-06,-1.061706E+02,+2.589041E-01
+3.190918E+02,-8.101166E-06,-5.523963E-06,-1.001708E+02,-2.543137E+00
+3.193359E+02,+3.610461E-06,+6.968466E-06,-1.021046E+02,+1.092763E+00
+3.195801E+02,+7.000610E-06,-7.221994E-06,-9.994966E+01,-8.009625E-01
+3.198242E+02,-1.107911E-05,+5.157231E-06,-9.825813E+01,+2.705931E+00
+3.200684E+02,+7.111628E-06,-2.630974E-06,-1.024035E+02,-3.543393E-01
+3.203125E+02,+3.442075E-07,+1.352143E-06,-1.171069E+02,+1.321526E+00
+3.205566E+02,-3.594989E-06,-1.305320E-06,-1.083482E+02,-2.793300E+00
+3.208008E+02,-7.058775E-06,+3.260217E-06,-1.021857E+02,+2.708914E+00
+3.210449E+02,+9.055403E-06,-4.583367E-06,-9.987131E+01,-4.685533E-01
+3.212891E+02,+7.107187E-07,-2.159407E-07,-1.225826E+02,-2.949708E-01
+3.215332E+02,-2.475082E-06,+4.859726E-06,-1.052662E+02,+2.041860E+00
+3.217773E+02,-2.336114E-06,-4.749973E-06,-1.055254E+02,-2.027875E+00
+3.220215E+02,+6.656013E-06,+1.324436E-06,-1.033671E+02,+1.964178E-01
+3.222656E+02,-2.525800E-06,+4.070946E-06,-1.063917E+02,+2.126114E+00
+3.225098E+02,-3.351570E-06,-6.634453E-06,-1.025768E+02,-2.038577E+00
+3.227539E+02,+6.436231E-06,+6.989534E-06,-1.004441E+02,+8.265869E-01
+3.229980E+02,-8.863063E-06,-4.446586E-06,-1.000733E+02,-2.676587E+00
+3.232422E+02,+1.113570E-05,+2.270215E-06,-9.888879E+01,+2.011123E-01
+3.234863E+02,-6.769978E-06,-5.646255E-06,-1.010951E+02,-2.446453E+00
+3.237305E+02,-1.054927E-06,+8.899176E-06,-1.009524E+02,+1.688788E+00
+3.239746E+02,+3.511637E-06,-9.229925E-06,-1.001089E+02,-1.207246E+00
+3.242188E+02,-5.006279E-06,+5.997225E-06,-1.021446E+02,+2.266380E+00
+3.244629E+02,+5.972343E-06,-4.432114E-07,-1.044532E+02,-7.407486E-02
+3.247070E+02,-5.254285E-06,+7.503127E-07,-1.055021E+02,+2.999752E+00
+3.249512E+02,+9.131427E-06,-2.482345E-06,-1.004796E+02,-2.654320E-01
+3.251953E+02,-8.745837E-06,-4.877240E-06,-9.998798E+01,-2.632884E+00
+3.254395E+02,+2.111844E-06,+1.196187E-05,-9.831071E+01,+1.396049E+00
+3.256836E+02,-1.361015E-06,-1.327365E-05,-9.749477E+01,-1.672974E+00
+3.259277E+02,+7.639027E-06,+1.218729E-05,-9.684272E+01,+1.010902E+00
+3.261719E+02,-9.134087E-06,-7.001728E-06,-9.877930E+01,-2.487584E+00
+3.264160E+02,+8.362391E-07,-3.451369E-06,-1.089924E+02,-1.333085E+00
+3.266602E+02,+3.174818E-06,+7.349224E-06,-1.019321E+02,+1.163017E+00
+3.269043E+02,+1.862517E-06,-3.742987E-06,-1.075749E+02,-1.109069E+00
+3.271484E+02,-4.973017E-06,+9.758000E-07,-1.059035E+02,+2.947835E+00
+3.273926E+02,+7.112466E-06,+6.398641E-07,-1.029246E+02,+8.972221E-02
+3.276367E+02,-7.988915E-06,-1.735709E-06,-1.017499E+02,-2.927653E+00
+3.278809E+02,+6.527125E-06,+2.630126E-06,-1.030521E+02,+3.830496E-01
+3.281250E+02,-4.484609E-06,-5.201323E-06,-1.032638E+02,-2.282334E+00
+3.283691E+02,+1.156071E-06,+5.825485E-06,-1.045256E+02,+1.374891E+00
+3.286133E+02,+1.636635E-06,-2.456514E-06,-1.105983E+02,-9.830873E-01
+3.288574E+02,-1.191577E-06,+1.213075E-06,-1.153889E+02,+2.347255E+00
+3.291016E+02,+8.559365E-07,+2.301845E-06,-1.121960E+02,+1.214792E+00
+3.293457E+02,-2.429018E-06,-7.099443E-06,-1.024947E+02,-1.900454E+00
+3.295898E+02,+5.818868E-06,+4.357639E-06,-1.027697E+02,+6.427845E-01
+3.298340E+02,-7.889850E-06,+1.281673E-07,-1.020575E+02,+3.125350E+00
+3.300781E+02,+2.436870E-06,-3.838728E-06,-1.068457E+02,-1.005172E+00
+3.303223E+02,+2.499664E-06,+6.605987E-06,-1.030201E+02,+1.209054E+00
+3.305664E+02,-3.750764E-06,-4.802107E-06,-1.043029E+02,-2.233885E+00
+3.308105E+02,+5.927860E-06,-1.618980E-06,-1.042296E+02,-2.666118E-01
+3.310547E+02,-4.101754E-06,+5.695846E-06,-1.030744E+02,+2.194906E+00
+3.312988E+02,-2.904982E-06,-5.814421E-06,-1.037421E+02,-2.034137E+00
+3.315430E+02,+5.873598E-06,+3.383807E-06,-1.033772E+02,+5.226640E-01
+3.317871E+02,-8.979482E-07,-2.732282E-06,-1.108241E+02,-1.888321E+00
+3.320312E+02,+1.628979E-06,+2.665080E-06,-1.101072E+02,+1.022160E+00
+3.322754E+02,-9.749654E-06,-1.700040E-07,-1.002189E+02,-3.124157E+00
+3.325195E+02,+1.151179E-05,-1.664481E-06,-9.868729E+01,-1.435940E-01
+3.327637E+02,-4.279941E-06,-3.202945E-06,-1.054399E+02,-2.499141E+00
+3.330078E+02,+2.954592E-06,+6.169967E-06,-1.032977E+02,+1.124198E+00
+3.332520E+02,-4.670151E-06,-1.140352E-06,-1.063619E+02,-2.902100E+00
+3.334961E+02,-2.445955E-06,-4.288858E-06,-1.061302E+02,-2.089095E+00
+3.337402E+02,+4.375415E-06,+2.190347E-06,-1.062084E+02,+4.641300E-01
+3.339844E+02,-2.144121E-06,+3.766712E-06,-1.072618E+02,+2.088283E+00
+3.342285E+02,-6.407155E-07,-2.512184E-06,-1.117253E+02,-1.820516E+00
+3.344727E+02,+5.009770E-06,-3.706154E-06,-1.041080E+02,-6.369315E-01
+3.347168E+02,-3.748341E-06,+5.813387E-06,-1.032016E+02,+2.143492E+00
+3.349609E+02,-5.789651E-07,-7.827158E-06,-1.021042E+02,-1.644631E+00
+3.352051E+02,+4.166803E-07,+4.695381E-06,-1.065325E+02,+1.482286E+00
+3.354492E+02,+3.257658E-06,+1.438498E-07,-1.097334E+02,+4.412875E-02
+3.356934E+02,-8.216733E-06,+2.228194E-06,-1.013979E+02,+2.876784E+00
+3.359375E+02,+1.121491E-05,+1.709483E-07,-9.900307E+01,+1.524177E-02
+3.361816E+02,-8.712041E-06,-8.505827E-06,-9.829009E+01,-2.368171E+00
+3.364258E+02,+4.310763E-06,+9.142014E-06,-9.990723E+01,+1.130180E+00
+3.366699E+02,-2.324675E-06,-2.768667E-06,-1.088374E+02,-2.269243E+00
+3.369141E+02,-3.146939E-06,-7.630741E-08,-1.100397E+02,-3.117349E+00
+3.371582E+02,+7.892030E-06,-2.666348E-06,-1.015868E+02,-3.258129E-01
+3.374023E+02,-7.031294E-06,+7.547443E-07,-1.030095E+02,+3.034661E+00
+3.376465E+02,+2.820199E-06,+1.026968E-06,-1.104536E+02,+3.492222E-01
+3.378906E+02,+2.493811E-06,+2.453581E-06,-1.091225E+02,+7.772667E-01
+3.381348E+02,-7.347829E-06,-4.760966E-06,-1.011545E+02,-2.566666E+00
+3.383789E+02,+7.801788E-06,+4.268202E-06,-1.010190E+02,+5.005985E-01
+3.386230E+02,-6.154571E-06,+1.233097E-08,-1.042160E+02,+3.139589E+00
+3.388672E+02,-1.913342E-07,+4.171118E-07,-1.267656E+02,+2.000872E+00
+3.391113E+02,+9.694011E-06,-2.888682E-06,-9.990047E+01,-2.896083E-01
+3.393555E+02,-9.368065E-06,+3.647657E-06,-9.995395E+01,+2.770282E+00
+3.395996E+02,-4.597534E-06,-5.728984E-06,-1.026794E+02,-2.247062E+00
+3.398438E+02,+1.779604E-05,+9.330329E-07,-9.498161E+01,+5.238127E-02
+3.400879E+02,-1.383338E-05,+1.110987E-06,-9.715351E+01,+3.061453E+00
+3.403320E+02,+8.933506E-07,+3.339269E-06,-1.092268E+02,+1.309389E+00
+3.405762E+02,+1.594818E-06,+9.172581E-10,-1.159458E+02,+5.751490E-04
+3.408203E+02,+5.805268E-07,-5.938361E-06,-1.044854E+02,-1.473347E+00
+3.410645E+02,+1.545585E-06,+8.611007E-06,-1.011612E+02,+1.393198E+00
+3.413086E+02,-4.013596E-06,-8.146453E-06,-1.008369E+02,-2.028571E+00
+3.415527E+02,+3.542315E-06,+1.349267E-06,-1.084259E+02,+3.639331E-01
+3.417969E+02,-3.090636E-06,+6.923983E-06,-1.024038E+02,+1.990625E+00
+3.420410E+02,+6.564421E-06,-1.674040E-06,-1.033824E+02,-2.496950E-01
+3.422852E+02,-1.048744E-05,-6.264004E-06,-9.826160E+01,-2.603171E+00
+3.425293E+02,+6.354684E-06,-9.529849E-07,-1.038415E+02,-1.488564E-01
+3.427734E+02,+4.091636E-06,+4.934588E-06,-1.038625E+02,+8.785173E-01
+3.430176E+02,-9.364260E-06,+1.024667E-06,-1.005188E+02,+3.032603E+00
+3.432617E+02,+2.507179E-06,+3.826298E-06,-1.067930E+02,+9.907398E-01
+3.435059E+02,-1.232532E-07,-8.844652E-06,-1.010655E+02,-1.584731E+00
+3.437500E+02,+2.980294E-06,+1.897990E-06,-1.090363E+02,+5.670729E-01
+3.439941E+02,-2.875723E-06,+2.842020E-06,-1.078657E+02,+2.362089E+00
+3.442383E+02,+1.936342E-06,-4.997341E-06,-1.054177E+02,-1.201134E+00
+3.444824E+02,+4.271849E-07,+1.068737E-05,-9.941565E+01,+1.530847E+00
+3.447266E+02,-1.699984E-06,-6.402866E-06,-1.035767E+02,-1.830313E+00
+3.449707E+02,+1.576951E-06,-3.622008E-06,-1.080672E+02,-1.160166E+00
+3.452148E+02,-1.090386E-06,+4.480866E-06,-1.067229E+02,+1.809500E+00
+3.454590E+02,+6.739859E-07,+3.238562E-07,-1.225248E+02,+4.479334E-01
+3.457031E+02,+2.160201E-07,-4.705732E-06,-1.065383E+02,-1.524923E+00
+3.459473E+02,-5.951033E-06,+6.867775E-06,-1.008312E+02,+2.284801E+00
+3.461914E+02,+1.048785E-05,-2.308271E-06,-9.938084E+01,-2.166362E-01
+3.464355E+02,+2.047234E-06,-7.479820E-06,-1.022084E+02,-1.303638E+00
+3.466797E+02,-1.462942E-05,+9.047583E-06,-9.528886E+01,+2.587717E+00
+3.469238E+02,+1.071454E-05,-2.646976E-06,-9.914325E+01,-2.421957E-01
+3.471680E+02,-1.358638E-05,-7.194860E-06,-9.626434E+01,-2.654574E+00
+3.474121E+02,+1.081120E-05,+2.247352E-05,-9.206252E+01,+1.122412E+00
+3.476562E+02,+8.174943E-06,-1.732564E-05,-9.435325E+01,-1.129929E+00
+3.479004E+02,-1.418718E-05,-4.104083E-06,-9.661305E+01,-2.859998E+00
+3.481445E+02,+9.265477E-07,+1.862863E-05,-9.458565E+01,+1.521099E+00
+3.483887E+02,+1.298227E-05,-3.200833E-05,-8.923333E+01,-1.185480E+00
+3.486328E+02,+6.284083E-08,+3.301746E-05,-8.962511E+01,+1.568893E+00
+3.488770E+02,-1.814020E-05,-4.674670E-06,-9.454793E+01,-2.889383E+00
+3.491211E+02,+9.713380E-06,-1.334196E-05,-9.564861E+01,-9.415032E-01
+3.493652E+02,-1.423232E-06,+7.499988E-06,-1.023451E+02,+1.758331E+00
+3.496094E+02,-4.085568E-07,-5.204698E-06,-1.056454E+02,-1.649133E+00
+3.498535E+02,+5.937186E-06,+4.215264E-06,-1.027557E+02,+6.173905E-01
+3.500977E+02,-5.876502E-06,-2.202878E-06,-1.040466E+02,-2.782943E+00
+3.503418E+02,+1.796263E-06,+4.146456E-06,-1.068995E+02,+1.161997E+00
+3.505859E+02,+5.178485E-06,-3.065123E-06,-1.044115E+02,-5.344391E-01
+3.508301E+02,-8.906546E-06,-2.082237E-06,-1.007747E+02,-2.911930E+00
+3.510742E+02,+5.860286E-06,+5.118937E-06,-1.021791E+02,+7.179776E-01
+3.513184E+02,-4.250418E-06,+4.358746E-08,-1.074309E+02,+3.131338E+00
+3.515625E+02,+2.357110E-06,-5.015717E-06,-1.051267E+02,-1.131481E+00
+3.518066E+02,+3.532572E-06,+5.065321E-06,-1.041866E+02,+9.618152E-01
+3.520508E+02,-2.854317E-06,-2.610369E-06,-1.082504E+02,-2.400806E+00
+3.522949E+02,-2.679265E-06,-2.831804E-07,-1.113914E+02,-3.036290E+00
+3.525391E+02,+2.639530E-06,+2.822974E-06,-1.082576E+02,+8.189679E-01
+3.527832E+02,+4.837344E-07,-3.415487E-06,-1.092447E+02,-1.430102E+00
+3.530273E+02,-3.903829E-06,+1.126011E-06,-1.078231E+02,+2.860777E+00
+3.532715E+02,+2.575568E-06,-4.949586E-07,-1.116250E+02,-1.898599E-01
+3.535156E+02,+6.701775E-06,+2.833682E-06,-1.027619E+02,+4.000275E-01
+3.537598E+02,-8.649356E-06,-7.599190E-06,-9.877590E+01,-2.420736E+00
+3.540039E+02,+3.019153E-06,+9.073996E-06,-1.003880E+02,+1.249593E+00
+3.542480E+02,+2.389745E-06,-3.270288E-06,-1.078501E+02,-9.397330E-01
+3.544922E+02,-2.506019E-06,-6.924462E-06,-1.026577E+02,-1.918040E+00
+3.547363E+02,-2.146991E-06,+9.643728E-06,-1.001050E+02,+1.789855E+00
+3.549805E+02,+7.377952E-06,-3.028395E-06,-1.019651E+02,-3.894958E-01
+3.552246E+02,-4.125680E-06,+1.025012E-06,-1.074300E+02,+2.898077E+00
+3.554688E+02,-4.440524E-06,+3.467926E-06,-1.049833E+02,+2.478562E+00
+3.557129E+02,+1.049587E-06,-8.111534E-06,-1.017458E+02,-1.442117E+00
+3.559570E+02,+1.354092E-05,-4.910321E-07,-9.736133E+01,-3.624694E-02
+3.562012E+02,-1.348554E-05,+7.682952E-06,-9.618186E+01,+2.623737E+00
+3.564453E+02,+4.312091E-06,-3.579471E-06,-1.050298E+02,-6.928276E-01
+3.566895E+02,-6.339886E-06,-4.798920E-06,-1.019912E+02,-2.493664E+00
+3.569336E+02,+1.741983E-06,+5.967192E-06,-1.041294E+02,+1.286763E+00
+3.571777E+02,+9.480344E-06,-2.090588E-06,-1.002573E+02,-2.170445E-01
+3.574219E+02,-7.706753E-06,+2.159307E-07,-1.022592E+02,+3.113582E+00
+3.576660E+02,+3.280077E-06,-3.385609E-06,-1.065323E+02,-8.012289E-01
+3.579102E+02,-8.712230E-06,+1.052479E-05,-9.728916E+01,+2.262249E+00
+3.581543E+02,+8.918503E-06,-2.318176E-06,-1.007102E+02,-2.543013E-01
+3.583984E+02,+2.262145E-06,-6.587441E-06,-1.031415E+02,-1.240011E+00
+3.586426E+02,-9.388256E-06,+1.049287E-06,-1.004944E+02,+3.030289E+00
+3.588867E+02,+1.538222E-05,+6.772716E-06,-9.549008E+01,+4.147541E-01
+3.591309E+02,-1.532797E-05,-8.266626E-06,-9.518151E+01,-2.646989E+00
+3.593750E+02,+1.002215E-05,+4.760210E-06,-9.909731E+01,+4.434230E-01
+3.596191E+02,-6.148051E-06,-5.137448E-06,-1.019252E+02,-2.445505E+00
+3.598633E+02,+7.683689E-06,+3.817410E-06,-1.013305E+02,+4.611004E-01
+3.601074E+02,-6.307395E-06,+5.090991E-06,-1.018243E+02,+2.462509E+00
+3.603516E+02,-1.357599E-06,-8.445155E-06,-1.013570E+02,-1.730187E+00
+3.605957E+02,+6.754661E-06,+2.318571E-06,-1.029242E+02,+3.306533E-01
+3.608398E+02,-6.557393E-06,+9.711054E-07,-1.035712E+02,+2.994568E+00
+3.610840E+02,+4.753374E-06,-2.344503E-06,-1.055143E+02,-4.582164E-01
+3.613281E+02,+4.819960E-06,-1.275996E-06,-1.060450E+02,-2.587950E-01
+3.615723E+02,-9.639364E-06,+3.206170E-06,-9.986334E+01,+2.820491E+00
+3.618164E+02,+6.907153E-06,-9.818285E-07,-1.031271E+02,-1.412007E-01
+3.620605E+02,-4.525287E-06,-1.772010E-06,-1.062675E+02,-2.768366E+00
+3.623047E+02,-3.333569E-06,+6.817575E-06,-1.023964E+02,+2.025578E+00
+3.625488E+02,+8.346161E-06,-1.143967E-05,-9.697833E+01,-9.404922E-01
+3.627930E+02,-7.267256E-06,+3.695028E-06,-1.017740E+02,+2.671209E+00
+3.630371E+02,+2.918685E-06,+3.014391E-06,-1.075436E+02,+8.015276E-01
+3.632812E+02,+9.828306E-07,-5.329860E-06,-1.053205E+02,-1.388444E+00
+3.635254E+02,+1.818391E-06,+8.167509E-06,-1.015481E+02,+1.351732E+00
+3.637695E+02,+3.248621E-06,-7.001057E-06,-1.022498E+02,-1.136346E+00
+3.640137E+02,-1.172211E-05,+1.190961E-06,-9.857529E+01,+3.040340E+00
+3.642578E+02,+5.578316E-06,-1.704883E-06,-1.046821E+02,-2.966110E-01
+3.645020E+02,-5.062850E-07,+1.757898E-06,-1.147541E+02,+1.851213E+00
+3.647461E+02,-1.642314E-07,-8.544055E-07,-1.212092E+02,-1.760697E+00
+3.649902E+02,+2.970341E-06,+1.364733E-06,-1.097121E+02,+4.306875E-01
+3.652344E+02,-8.399543E-06,-1.906403E-06,-1.012967E+02,-2.918409E+00
+3.654785E+02,+1.044996E-05,-2.156906E-06,-9.943652E+01,-2.035449E-01
+3.657227E+02,-9.287637E-06,+2.608879E-06,-1.003121E+02,+2.867751E+00
+3.659668E+02,+9.023271E-06,+1.249572E-06,-1.008102E+02,+1.376081E-01
+3.662109E+02,-3.679806E-06,-9.734733E-07,-1.083897E+02,-2.882972E+00
+3.664551E+02,-1.041129E-05,-3.233827E-06,-9.924992E+01,-2.840433E+00
+3.666992E+02,+3.782533E-06,+5.356075E-06,-1.036658E+02,+9.559123E-01
+3.669434E+02,+4.016455E-06,-6.705610E-07,-1.078037E+02,-1.654277E-01
+3.671875E+02,+3.130958E-06,-6.917088E-07,-1.098795E+02,-2.174330E-01
+3.674316E+02,-6.489828E-07,-7.597812E-07,-1.200068E+02,-2.277707E+00
+3.676758E+02,-7.096489E-06,+5.672878E-06,-1.008333E+02,+2.467222E+00
+3.679199E+02,-1.023327E-06,-5.913249E-06,-1.044353E+02,-1.742156E+00
+3.681641E+02,+1.246534E-05,+1.120677E-06,-9.805096E+01,+8.966243E-02
+3.684082E+02,-1.181289E-05,+3.412111E-06,-9.820486E+01,+2.860400E+00
+3.686523E+02,+8.629026E-06,-3.476345E-06,-1.006276E+02,-3.829750E-01
+3.688965E+02,+8.277715E-07,+3.470884E-06,-1.089510E+02,+1.336679E+00
+3.691406E+02,-1.119908E-05,-4.763065E-06,-9.829427E+01,-2.739460E+00
+3.693848E+02,+1.401283E-05,+3.282324E-08,-9.706947E+01,+2.342367E-03
+3.696289E+02,-1.413665E-05,+7.594334E-06,-9.589191E+01,+2.648623E+00
+3.698730E+02,+1.077693E-05,-7.162738E-06,-9.776123E+01,-5.865957E-01
+3.701172E+02,+1.000275E-06,+1.869906E-06,-1.134707E+02,+1.079594E+00
+3.703613E+02,-1.307489E-05,+1.263820E-06,-9.763084E+01,+3.045232E+00
+3.706055E+02,+1.729093E-05,-1.440771E-06,-9.521358E+01,-8.313321E-02
+3.708496E+02,-1.268562E-05,-4.122059E-06,-9.749785E+01,-2.827415E+00
+3.710938E+02,+5.446736E-06,+5.448780E-06,-1.022653E+02,+7.855857E-01
+3.713379E+02,+3.738341E-06,-3.520698E-06,-1.057888E+02,-7.554247E-01
+3.715820E+02,-1.128692E-05,+3.251837E-06,-9.860219E+01,+2.861083E+00
+3.718262E+02,+1.068453E-05,-5.428666E-06,-9.842755E+01,-4.700957E-01
+3.720703E+02,-7.338499E-06,+5.223075E-06,-1.009080E+02,+2.523033E+00
+3.723145E+02,+1.061704E-05,-2.298834E-06,-9.928096E+01,-2.132315E-01
+3.725586E+02,-8.117045E-06,+9.910448E-07,-1.017478E+02,+3.020100E+00
+3.728027E+02,-5.448066E-06,-5.512621E-06,-1.022134E+02,-2.350305E+00
+3.730469E+02,+7.651004E-06,+6.783646E-06,-9.980652E+01,+7.253817E-01
+3.732910E+02,+9.397103E-07,+9.449583E-07,-1.175056E+02,+7.881827E-01
+3.735352E+02,-8.593274E-07,-6.820756E-06,-1.032550E+02,-1.696123E+00
+3.737793E+02,-7.222683E-06,-3.174469E-06,-1.020590E+02,-2.727493E+00
+3.740234E+02,+1.018636E-05,+8.346989E-06,-9.760865E+01,+6.864754E-01
+3.742676E+02,-7.247486E-06,-5.318281E-06,-1.009253E+02,-2.508534E+00
+3.745117E+02,+2.743311E-06,+3.505772E-06,-1.070298E+02,+9.068097E-01
+3.747559E+02,-2.859361E-06,+1.810522E-06,-1.094104E+02,+2.577125E+00
+3.750000E+02,+4.085741E-07,-7.213089E-06,-1.028237E+02,-1.514213E+00
+3.752441E+02,-1.435196E-06,+3.026484E-06,-1.095003E+02,+2.013602E+00
+3.754883E+02,+5.194400E-06,+3.638704E-06,-1.039554E+02,+6.110650E-01
+3.757324E+02,-5.872588E-06,-6.809556E-06,-1.009228E+02,-2.282448E+00
+3.759766E+02,+6.296411E-06,+4.200944E-06,-1.024190E+02,+5.883693E-01
+3.762207E+02,-1.508941E-05,-1.073853E-05,-9.464698E+01,-2.523084E+00
+3.764648E+02,+1.115501E-05,+1.528603E-05,-9.445999E+01,+9.403807E-01
+3.767090E+02,-2.620550E-06,-4.637673E-06,-1.054706E+02,-2.085126E+00
+3.769531E+02,+1.816152E-07,-2.075095E-06,-1.136261E+02,-1.483497E+00
+3.771973E+02,-1.071998E-07,+3.632657E-06,-1.087917E+02,+1.600298E+00
+3.774414E+02,-2.083227E-06,-6.037618E-06,-1.038942E+02,-1.903047E+00
+3.776855E+02,-7.865640E-06,+9.263825E-06,-9.830659E+01,+2.274751E+00
+3.779297E+02,+1.043441E-05,-1.595699E-06,-9.953025E+01,-1.517510E-01
+3.781738E+02,-8.099494E-06,-6.083943E-06,-9.988784E+01,-2.497355E+00
+3.784180E+02,+8.512962E-06,+4.891687E-06,-1.001593E+02,+5.215459E-01
+3.786621E+02,-4.832234E-06,+4.333114E-06,-1.037545E+02,+2.410598E+00
+3.789062E+02,-1.878420E-06,-2.160959E-06,-1.108628E+02,-2.286362E+00
+3.791504E+02,+2.694136E-06,-6.382171E-07,-1.111545E+02,-2.326034E-01
+3.793945E+02,-2.292312E-06,+6.190267E-06,-1.036077E+02,+1.925448E+00
+3.796387E+02,+2.585020E-06,-5.675291E-06,-1.041015E+02,-1.143389E+00
+3.798828E+02,+5.873233E-06,+1.401876E-06,-1.043818E+02,+2.343051E-01
+3.801270E+02,-5.916580E-06,+1.754318E-06,-1.041926E+02,+2.853342E+00
+3.803711E+02,-3.830621E-07,+1.033678E-06,-1.191534E+02,+1.925688E+00
+3.806152E+02,+5.842295E-07,+6.065592E-07,-1.214921E+02,+8.041480E-01
+3.808594E+02,+3.641036E-06,-6.229308E-06,-1.028348E+02,-1.041851E+00
+3.811035E+02,-3.531279E-06,+3.415210E-06,-1.061738E+02,+2.372902E+00
+3.813477E+02,-5.586771E-06,+4.475361E-06,-1.029038E+02,+2.466203E+00
+3.815918E+02,+9.006627E-06,-2.713461E-06,-1.005314E+02,-2.926250E-01
+3.818359E+02,+3.117142E-07,+7.223932E-06,-1.028165E+02,+1.527673E+00
+3.820801E+02,+5.109468E-07,-1.177868E-05,-9.856990E+01,-1.527445E+00
+3.823242E+02,-1.594599E-06,+3.644958E-06,-1.080056E+02,+1.983190E+00
+3.825684E+02,+3.227392E-06,+1.565873E-06,-1.089049E+02,+4.517232E-01
+3.828125E+02,-6.439118E-06,+1.043316E-07,-1.038223E+02,+3.125391E+00
+3.830566E+02,+5.865800E-06,+5.958277E-06,-1.015547E+02,+7.932191E-01
+3.833008E+02,-6.983367E-06,-9.374118E-06,-9.864417E+01,-2.211066E+00
+3.835449E+02,+9.564734E-06,+2.748230E-06,-1.000420E+02,+2.797923E-01
+3.837891E+02,-7.771597E-06,-5.233525E-06,-1.005657E+02,-2.548931E+00
+3.840332E+02,+5.095923E-06,+8.315010E-06,-1.002178E+02,+1.020976E+00
+3.842773E+02,-3.285755E-06,+6.114655E-06,-1.031709E+02,+2.063881E+00
+3.845215E+02,+7.464116E-06,-1.422175E-05,-9.588428E+01,-1.087476E+00
+3.847656E+02,-1.071050E-05,+2.587706E-06,-9.915742E+01,+2.904531E+00
+3.850098E+02,+3.089297E-06,+9.651267E-06,-9.988469E+01,+1.261010E+00
+3.852539E+02,-3.579939E-06,+9.933664E-07,-1.086003E+02,+2.870921E+00
+3.854980E+02,+9.669834E-06,-8.255955E-06,-9.791380E+01,-7.066871E-01
+3.857422E+02,+5.629097E-06,+6.501838E-06,-1.013100E+02,+8.572178E-01
+3.859863E+02,-1.123235E-05,-5.789486E-06,-9.796738E+01,-2.665678E+00
+3.862305E+02,+1.564058E-06,-4.069252E-06,-1.072113E+02,-1.203845E+00
+3.864746E+02,-5.495182E-06,+2.113228E-05,-9.321690E+01,+1.825199E+00
+3.867188E+02,+4.922211E-05,-2.080301E-05,-8.544305E+01,-3.998662E-01
+3.869629E+02,-8.991724E-05,-3.585882E-05,-8.028215E+01,-2.762123E+00
+3.872070E+02,+4.268719E-05,+8.087650E-05,-8.077628E+01,+1.085151E+00
+3.874512E+02,+2.656068E-05,-3.322565E-05,-8.742462E+01,-8.964196E-01
+3.876953E+02,-1.719878E-05,-1.226120E-05,-9.350533E+01,-2.522254E+00
+3.879395E+02,-1.040467E-05,+2.898758E-06,-9.933078E+01,+2.869881E+00
+3.881836E+02,+1.199972E-05,+1.249944E-05,-9.522546E+01,+8.057930E-01
+3.884277E+02,+1.030390E-05,-2.081681E-06,-9.956623E+01,-1.993452E-01
+3.886719E+02,-1.402552E-05,-1.918466E-05,-9.248131E+01,-2.202078E+00
+3.889160E+02,+1.573440E-05,+2.540209E-05,-9.049228E+01,+1.016224E+00
+3.891602E+02,-4.359889E-06,-8.988832E-05,-8.091573E+01,-1.619262E+00
+3.894043E+02,-7.356596E-05,+5.909047E-05,-8.050433E+01,+2.464885E+00
+3.896484E+02,+1.317403E-05,+6.463641E-05,-8.361369E+01,+1.369733E+00
+3.898926E+02,+4.942013E-05,-1.645825E-06,-8.611710E+01,-3.329042E-02
+3.901367E+02,+1.272079E-05,-1.808308E-05,-9.310855E+01,-9.577495E-01
+3.903809E+02,+6.458116E-06,-3.807277E-06,-1.025024E+02,-5.326881E-01
+3.906250E+02,+4.700903E-06,-3.262889E-05,-8.963873E+01,-1.427709E+00
+3.908691E+02,-2.680426E-05,+2.595246E-05,-8.856361E+01,+2.372339E+00
+3.911133E+02,+1.843123E-05,+1.011915E-05,-9.354472E+01,+5.020918E-01
+3.913574E+02,+1.640262E-05,-1.200810E-05,-9.383797E+01,-6.319358E-01
+3.916016E+02,+1.462727E-05,-2.882864E-05,-8.980864E+01,-1.101257E+00
+3.918457E+02,-4.052889E-05,-8.208092E-06,-8.767014E+01,-2.941771E+00
+3.920898E+02,-1.292583E-06,+1.449438E-05,-9.674161E+01,+1.659739E+00
+3.923340E+02,+2.745145E-06,+1.673364E-05,-9.541286E+01,+1.408195E+00
+3.925781E+02,+2.695557E-05,-3.019147E-06,-9.133289E+01,-1.115397E-01
+3.928223E+02,+2.068113E-06,-2.846277E-05,-9.089159E+01,-1.498263E+00
+3.930664E+02,-2.267243E-05,-1.688796E-05,-9.097321E+01,-2.501384E+00
+3.933105E+02,-2.676134E-05,+1.417360E-05,-9.037602E+01,+2.654523E+00
+3.935547E+02,-4.054109E-06,+2.766298E-05,-9.106973E+01,+1.716314E+00
+3.937988E+02,+2.632489E-05,-7.274646E-06,-9.127308E+01,-2.696125E-01
+3.940430E+02,-8.734095E-06,+5.584373E-06,-9.968713E+01,+2.572722E+00
+3.942871E+02,+6.278556E-06,-3.019611E-06,-1.031392E+02,-4.482839E-01
+3.945312E+02,+9.990243E-07,-2.097315E-06,-1.126786E+02,-1.126259E+00
+3.947754E+02,-1.943103E-06,+4.847035E-06,-1.056432E+02,+1.952065E+00
+3.950195E+02,+7.729193E-07,-5.244309E-06,-1.055129E+02,-1.424467E+00
+3.952637E+02,+4.895791E-06,-4.485228E-06,-1.035570E+02,-7.416607E-01
+3.955078E+02,-2.194364E-05,+1.872889E-05,-9.079723E+01,+2.435070E+00
+3.957520E+02,+2.973241E-05,+9.712623E-06,-9.009505E+01,+3.157396E-01
+3.959961E+02,-8.075418E-06,-2.162560E-05,-9.273372E+01,-1.928181E+00
+3.962402E+02,-6.843309E-06,+1.129652E-05,-9.758348E+01,+2.115461E+00
+3.964844E+02,+1.090845E-05,+6.696025E-06,-9.785603E+01,+5.505326E-01
+3.967285E+02,+2.724019E-06,+1.514258E-06,-1.101264E+02,+5.073547E-01
+3.969727E+02,+1.194328E-05,+3.173535E-06,-9.816124E+01,+2.597158E-01
+3.972168E+02,+3.693239E-06,-5.941906E-06,-1.031028E+02,-1.014676E+00
+3.974609E+02,-1.122469E-05,-5.328401E-06,-9.811393E+01,-2.698386E+00
+3.977051E+02,+1.675132E-05,+3.894395E-05,-8.745395E+01,+1.164581E+00
+3.979492E+02,+3.811023E-05,-7.958291E-06,-8.819380E+01,-2.058646E-01
+3.981934E+02,+1.947976E-05,-3.954505E-05,-8.711467E+01,-1.113089E+00
+3.984375E+02,-4.308625E-05,-1.656304E-05,-8.671466E+01,-2.774593E+00
+3.986816E+02,-5.712700E-05,+7.374574E-05,-8.060385E+01,+2.229887E+00
+3.989258E+02,+1.178400E-04,+1.395540E-04,-7.476753E+01,+8.695598E-01
+3.991699E+02,+2.309328E-04,+8.201318E-06,-7.272482E+01,+3.549896E-02
+3.994141E+02,+2.633508E-04,-2.209249E-04,-6.927524E+01,-6.980141E-01
+3.996582E+02,+7.279761E-09,-4.458458E-04,-6.701630E+01,-1.570780E+00
+3.999023E+02,-3.488987E-04,-2.960087E-04,-6.679124E+01,-2.438023E+00
+4.001465E+02,-4.645715E-04,-5.499867E-05,-6.659850E+01,-3.023755E+00
+4.003906E+02,-8.893239E-04,+1.849561E-03,-5.375535E+01,+2.018991E+00
+4.006348E+02,+2.812651E-03,-2.083597E-03,-4.911779E+01,-6.375836E-01
+4.008789E+02,-1.612329E-03,-4.370429E-04,-5.554300E+01,-2.876890E+00
+4.011230E+02,-9.969813E-04,-1.484428E-04,-5.993103E+01,-2.993786E+00
+4.013672E+02,-1.168271E-03,+6.606529E-04,-5.744409E+01,+2.626930E+00
+4.016113E+02,-7.168464E-04,+1.437506E-03,-5.588331E+01,+2.033382E+00
+4.018555E+02,-1.082310E-03,+5.915505E-03,-4.441716E+01,+1.751756E+00
+4.020996E+02,+1.020888E-02,-1.007959E-02,-3.686514E+01,-7.790258E-01
+4.023438E+02,-8.109594E-03,+4.037587E-03,-4.085828E+01,+2.679644E+00
+4.025879E+02,+1.766490E-03,+7.429590E-04,-5.435041E+01,+3.981250E-01
+4.028320E+02,+5.185564E-04,-7.224981E-04,-6.101876E+01,-9.482718E-01
+4.030762E+02,-2.715352E-04,-4.009039E-04,-6.629940E+01,-2.166130E+00
+4.033203E+02,-2.600629E-04,+8.279863E-05,-7.127912E+01,+2.833361E+00
+4.035645E+02,+6.916848E-05,+1.196278E-04,-7.719078E+01,+1.046563E+00
+4.038086E+02,+1.131549E-04,+1.524346E-05,-7.884843E+01,+1.339071E-01
+4.040527E+02,+2.721080E-05,-2.576572E-04,-7.173099E+01,-1.465578E+00
+4.042969E+02,-1.806802E-04,+7.651324E-05,-7.414544E+01,+2.741016E+00
+4.045410E+02,+1.059847E-05,+2.072024E-05,-9.266277E+01,+1.097989E+00
+4.047852E+02,+1.048787E-05,+2.516773E-05,-9.128772E+01,+1.175961E+00
+4.050293E+02,+2.599834E-05,-6.254381E-06,-9.145675E+01,-2.360824E-01
+4.052734E+02,+1.531554E-06,-4.842680E-05,-8.629395E+01,-1.539181E+00
+4.055176E+02,-3.328828E-05,-1.393092E-05,-8.885329E+01,-2.745246E+00
+4.057617E+02,-2.801455E-05,+4.840600E-05,-8.504739E+01,+2.095438E+00
+4.060059E+02,+5.542825E-05,-4.292941E-06,-8.509940E+01,-7.729612E-02
+4.062500E+02,-3.389199E-05,-3.164807E-05,-8.667508E+01,-2.390419E+00
+4.064941E+02,+9.119041E-06,+4.174505E-06,-9.997474E+01,+4.293041E-01
+4.067383E+02,-1.190403E-05,+5.074995E-06,-9.776085E+01,+2.738600E+00
+4.069824E+02,+1.514100E-06,-2.571961E-06,-1.105025E+02,-1.038731E+00
+4.072266E+02,+1.095727E-05,-7.410679E-06,-9.757012E+01,-5.946597E-01
+4.074707E+02,-9.588795E-06,-1.707268E-05,-9.416324E+01,-2.082536E+00
+4.077148E+02,-2.767090E-05,-3.146422E-06,-9.110374E+01,-3.028370E+00
+4.079590E+02,+8.198755E-06,+2.508931E-05,-9.156959E+01,+1.254953E+00
+4.082031E+02,-1.658214E-05,-6.634129E-06,-9.496238E+01,-2.761020E+00
+4.084473E+02,+1.430954E-05,+2.419102E-05,-9.102390E+01,+1.036633E+00
+4.086914E+02,+1.310021E-05,-2.508869E-05,-9.096336E+01,-1.089581E+00
+4.089355E+02,-1.457297E-05,-1.575998E-07,-9.672852E+01,-3.130779E+00
+4.091797E+02,-7.049316E-06,+1.408977E-05,-9.605173E+01,+2.034696E+00
+4.094238E+02,+1.461823E-05,+1.245328E-07,-9.670178E+01,+8.518800E-03
+4.096680E+02,+4.111514E-06,-9.147909E-06,-9.997451E+01,-1.148401E+00
+4.099121E+02,-8.467840E-06,-5.145154E-06,-1.000799E+02,-2.595596E+00
+4.101562E+02,-6.065662E-06,+2.132373E-06,-1.038364E+02,+2.803539E+00
+4.104004E+02,+1.537879E-06,+5.615993E-06,-1.046974E+02,+1.303510E+00
+4.106445E+02,+1.324055E-06,-5.127864E-06,-1.055210E+02,-1.318108E+00
+4.108887E+02,-4.405898E-06,+3.075639E-06,-1.053953E+02,+2.532161E+00
+4.111328E+02,+9.214284E-06,-1.336363E-06,-1.006204E+02,-1.440275E-01
+4.113770E+02,-2.609496E-06,+9.047043E-07,-1.111759E+02,+2.807863E+00
+4.116211E+02,-1.348904E-06,-6.024992E-06,-1.041885E+02,-1.791049E+00
+4.118652E+02,-6.464667E-06,+3.762922E-06,-1.025219E+02,+2.614458E+00
+4.121094E+02,-1.153275E-06,-2.748855E-06,-1.105128E+02,-1.968039E+00
+4.123535E+02,+3.532169E-07,+7.591509E-06,-1.023840E+02,+1.524302E+00
+4.125977E+02,+2.147186E-06,-7.186464E-06,-1.024983E+02,-1.280457E+00
+4.128418E+02,+3.933103E-06,+9.384517E-07,-1.078648E+02,+2.342240E-01
+4.130859E+02,-1.588604E-05,-9.500846E-06,-9.465172E+01,-2.602599E+00
+4.133301E+02,+1.280265E-05,+1.814225E-05,-9.307110E+01,+9.562675E-01
+4.135742E+02,-5.406421E-06,-5.301509E-06,-1.024158E+02,-2.365992E+00
+4.138184E+02,+6.509953E-06,+3.051174E-06,-1.028660E+02,+4.382904E-01
+4.140625E+02,-3.997501E-06,-9.389727E-06,-9.982353E+01,-1.973286E+00
+4.143066E+02,-2.264289E-06,+7.701645E-07,-1.124259E+02,+2.813733E+00
+4.145508E+02,-1.362247E-05,-2.442452E-07,-9.731349E+01,-3.123665E+00
+4.147949E+02,+2.347923E-05,+5.677654E-06,-9.233952E+01,+2.372614E-01
+4.150391E+02,-1.495738E-05,-2.465428E-07,-9.650171E+01,-3.125111E+00
+4.152832E+02,+4.298588E-06,+3.605078E-07,-1.073030E+02,+8.367076E-02
+4.155273E+02,-3.630311E-06,+5.341232E-06,-1.037978E+02,+2.167752E+00
+4.157715E+02,+5.860567E-06,-1.151835E-05,-9.777235E+01,-1.100132E+00
+4.160156E+02,-2.148599E-07,+4.420506E-06,-1.070803E+02,+1.619363E+00
+4.162598E+02,-1.107591E-05,-7.067089E-06,-9.762910E+01,-2.573657E+00
+4.165039E+02,+8.903457E-06,+1.644081E-05,-9.456464E+01,+1.074467E+00
+4.167480E+02,-2.044300E-06,-1.562632E-05,-9.604916E+01,-1.700882E+00
+4.169922E+02,-1.132723E-05,+2.091054E-05,-9.247524E+01,+2.067245E+00
+4.172363E+02,+2.222470E-05,-2.163172E-05,-9.016884E+01,-7.718779E-01
+4.174805E+02,-1.956605E-05,+1.257708E-05,-9.266792E+01,+2.570295E+00
+4.177246E+02,+8.369687E-06,-4.174628E-07,-1.015350E+02,-4.983665E-02
+4.179688E+02,-7.583709E-07,+4.922068E-07,-1.208757E+02,+2.565898E+00
+4.182129E+02,-9.680322E-07,-5.649243E-06,-1.048345E+02,-1.740504E+00
+4.184570E+02,+8.881473E-06,-3.102254E-06,-1.005303E+02,-3.360466E-01
+4.187012E+02,-2.051356E-05,+9.906812E-06,-9.284874E+01,+2.691686E+00
+4.189453E+02,+1.689152E-05,+1.041406E-06,-9.543015E+01,+6.157464E-02
+4.191895E+02,-5.836534E-06,-4.640657E-06,-1.025492E+02,-2.469844E+00
+4.194336E+02,+1.433694E-06,-1.350838E-06,-1.141114E+02,-7.556511E-01
+4.196777E+02,-3.767215E-06,-1.008080E-06,-1.081792E+02,-2.880126E+00
+4.199219E+02,+5.314142E-06,+9.611656E-06,-9.918565E+01,+1.065741E+00
+4.201660E+02,-4.399674E-06,-7.847273E-06,-1.009185E+02,-2.081789E+00
+4.204102E+02,-5.052540E-07,-8.139536E-07,-1.203725E+02,-2.126327E+00
+4.206543E+02,+1.212354E-06,+3.087078E-06,-1.095861E+02,+1.196582E+00
+4.208984E+02,-2.969429E-06,-1.087740E-07,-1.105407E+02,-3.104978E+00
+4.211426E+02,+3.013492E-06,+3.974226E-06,-1.060423E+02,+9.220306E-01
+4.213867E+02,+2.343040E-06,-7.364377E-06,-1.022385E+02,-1.262765E+00
+4.216309E+02,-5.246948E-06,+4.794268E-06,-1.029658E+02,+2.401246E+00
+4.218750E+02,+3.876013E-06,+1.981904E-06,-1.072236E+02,+4.726668E-01
+4.221191E+02,+2.478829E-06,-2.857575E-06,-1.084435E+02,-8.562534E-01
+4.223633E+02,-6.336270E-06,+8.243059E-06,-9.966190E+01,+2.226146E+00
+4.226074E+02,+1.346036E-06,-9.881295E-06,-1.000239E+02,-1.435409E+00
+4.228516E+02,+3.893972E-06,+2.886934E-06,-1.062898E+02,+6.379649E-01
+4.230957E+02,-3.165335E-06,+3.584024E-06,-1.064084E+02,+2.294240E+00
+4.233398E+02,-8.513576E-07,-9.544884E-06,-1.003702E+02,-1.659756E+00
+4.235840E+02,+4.577113E-06,+1.332060E-05,-9.702484E+01,+1.239824E+00
+4.238281E+02,-4.845546E-06,-9.996117E-06,-9.908679E+01,-2.022164E+00
+4.240723E+02,-1.011083E-06,+5.003805E-06,-1.058402E+02,+1.770175E+00
+4.243164E+02,+7.613494E-06,+1.135777E-06,-1.022727E+02,+1.480874E-01
+4.245605E+02,-2.763538E-06,-6.598509E-06,-1.029092E+02,-1.967414E+00
+4.248047E+02,-2.986347E-06,+3.601599E-06,-1.065976E+02,+2.263074E+00
+4.250488E+02,+4.456913E-06,+1.101348E-06,-1.067619E+02,+2.422568E-01
+4.252930E+02,+1.091699E-06,-2.879425E-06,-1.102306E+02,-1.208403E+00
+4.255371E+02,-1.276430E-05,+5.097998E-06,-9.723729E+01,+2.761608E+00
+4.257812E+02,+1.046822E-05,+6.678300E-07,-9.958490E+01,+6.370962E-02
+4.260254E+02,-1.113573E-06,-3.778464E-06,-1.080920E+02,-1.857398E+00
+4.262695E+02,+2.409297E-07,+2.948385E-06,-1.105794E+02,+1.489262E+00
+4.265137E+02,+1.055214E-06,+1.824834E-06,-1.135228E+02,+1.046521E+00
+4.267578E+02,-1.736661E-07,-4.798990E-06,-1.063713E+02,-1.606969E+00
+4.270020E+02,-8.559506E-07,-1.103652E-06,-1.170981E+02,-2.230457E+00
+4.272461E+02,-3.853604E-06,+3.751039E-06,-1.053879E+02,+2.369681E+00
+4.274902E+02,+2.197424E-06,+7.702845E-07,-1.126584E+02,+3.371557E-01
+4.277344E+02,-1.474106E-06,-1.144480E-06,-1.145807E+02,-2.481416E+00
+4.279785E+02,+8.098684E-06,-3.310999E-06,-1.011605E+02,-3.880967E-01
+4.282227E+02,-7.130982E-06,+5.088753E-06,-1.011494E+02,+2.521790E+00
+4.284668E+02,-2.011259E-06,+1.072303E-07,-1.139183E+02,+3.088328E+00
+4.287109E+02,+9.047315E-06,-2.438105E-06,-1.005651E+02,-2.632307E-01
+4.289551E+02,-8.552001E-06,-2.201895E-06,-1.010799E+02,-2.889595E+00
+4.291992E+02,+4.681611E-06,+4.255306E-06,-1.039767E+02,+7.377327E-01
+4.294434E+02,+5.492465E-07,-3.308879E-06,-1.094883E+02,-1.406304E+00
+4.296875E+02,-4.845670E-06,+3.509866E-06,-1.044612E+02,+2.514724E+00
+4.299316E+02,+3.957651E-06,-3.336626E-06,-1.057193E+02,-7.004643E-01
+4.301758E+02,-5.159471E-06,+3.632244E-06,-1.039997E+02,+2.528190E+00
+4.304199E+02,+1.067802E-06,-3.213196E-06,-1.094063E+02,-1.249960E+00
+4.306641E+02,+7.231184E-06,+8.444799E-06,-9.907965E+01,+8.626628E-01
+4.309082E+02,-4.278642E-06,-8.301035E-06,-1.005941E+02,-2.046715E+00
+4.311523E+02,+9.599072E-07,+1.123294E-05,-9.895853E+01,+1.485549E+00
+4.313965E+02,+3.986080E-06,-1.417594E-05,-9.663848E+01,-1.296688E+00
+4.316406E+02,-4.250059E-06,+8.362592E-06,-1.005554E+02,+2.041000E+00
+4.318848E+02,-8.323975E-07,-3.226934E-06,-1.095444E+02,-1.823246E+00
+4.321289E+02,+5.237981E-07,-2.933727E-06,-1.105153E+02,-1.394114E+00
+4.323730E+02,+2.108687E-06,+9.281559E-06,-1.004290E+02,+1.347397E+00
+4.326172E+02,+1.731906E-06,-7.947067E-06,-1.017943E+02,-1.356221E+00
+4.328613E+02,-4.143152E-06,-1.292735E-06,-1.072499E+02,-2.839148E+00
+4.331055E+02,+5.010114E-06,+1.084172E-05,-9.845746E+01,+1.137914E+00
+4.333496E+02,-6.073138E-06,-8.660326E-06,-9.951231E+01,-2.182367E+00
+4.335938E+02,+2.505820E-06,+3.158892E-06,-1.078894E+02,+9.001792E-01
+4.338379E+02,+4.276058E-06,+5.376174E-06,-1.032617E+02,+8.988838E-01
+4.340820E+02,+1.697808E-06,-8.757951E-06,-1.009917E+02,-1.379313E+00
+4.343262E+02,-5.044009E-07,+2.733878E-07,-1.248259E+02,+2.644908E+00
+4.345703E+02,-5.573277E-06,-5.365395E-07,-1.050377E+02,-3.045618E+00
+4.348145E+02,-3.898430E-06,+4.104530E-06,-1.049424E+02,+2.330447E+00
+4.350586E+02,+1.604090E-05,+3.771205E-06,-9.566178E+01,+2.309061E-01
+4.353027E+02,-6.997463E-06,-1.008424E-05,-9.822012E+01,-2.177417E+00
+4.355469E+02,-4.183264E-06,+5.470627E-06,-1.032397E+02,+2.223625E+00
+4.357910E+02,-4.204363E-06,-5.486289E-07,-1.074527E+02,-3.011836E+00
+4.360352E+02,+1.598635E-05,-3.520040E-06,-9.571939E+01,-2.167318E-01
+4.362793E+02,-8.898362E-06,+6.135135E-07,-1.009932E+02,+3.072755E+00
+4.365234E+02,+1.865494E-06,+3.598997E-06,-1.078429E+02,+1.092587E+00
+4.367676E+02,+1.224729E-06,-5.125948E-06,-1.055634E+02,-1.336266E+00
+4.370117E+02,-1.952297E-06,-2.351440E-07,-1.141265E+02,-3.021725E+00
+4.372559E+02,-3.090198E-06,+3.749135E-06,-1.062699E+02,+2.260146E+00
+4.375000E+02,+4.321383E-06,-1.811621E-06,-1.065844E+02,-3.969670E-01
+4.377441E+02,-3.214581E-06,+7.373354E-07,-1.096348E+02,+2.916121E+00
+4.379883E+02,+1.873204E-06,-3.339506E-06,-1.083383E+02,-1.059606E+00
+4.382324E+02,-6.810439E-06,+2.121405E-09,-1.033365E+02,+3.141281E+00
+4.384766E+02,+1.129081E-05,+4.133376E-06,-9.839929E+01,+3.509304E-01
+4.387207E+02,-5.669519E-06,-4.046221E-06,-1.031412E+02,-2.521745E+00
+4.389648E+02,+2.123869E-07,-1.953610E-06,-1.141322E+02,-1.462507E+00
+4.392090E+02,-1.658200E-06,+1.031605E-05,-9.961894E+01,+1.730173E+00
+4.394531E+02,+2.640212E-06,-1.045108E-05,-9.934810E+01,-1.323348E+00
+4.396973E+02,+3.312836E-06,+1.739235E-06,-1.085388E+02,+4.834459E-01
+4.399414E+02,-8.472885E-06,+3.932386E-06,-1.005922E+02,+2.707064E+00
+4.401855E+02,+5.839652E-06,-1.301653E-06,-1.044617E+02,-2.193139E-01
+4.404297E+02,-3.459665E-06,-5.189823E-06,-1.041001E+02,-2.158770E+00
+4.406738E+02,+2.278713E-06,+1.042992E-05,-9.943188E+01,+1.355698E+00
+4.409180E+02,-7.017023E-07,-1.180241E-05,-9.854527E+01,-1.630181E+00
+4.411621E+02,-3.854831E-06,+5.400888E-06,-1.035626E+02,+2.190684E+00
+4.414062E+02,+7.342431E-06,-1.416299E-06,-1.025246E+02,-1.905521E-01
+4.416504E+02,-3.424720E-06,-7.345683E-07,-1.091122E+02,-2.930304E+00
+4.418945E+02,-3.564223E-06,+1.424209E-06,-1.083174E+02,+2.761445E+00
+4.421387E+02,+5.396753E-06,+7.050366E-06,-1.010329E+02,+9.174758E-01
+4.423828E+02,-2.372718E-06,-1.384116E-05,-9.705077E+01,-1.740571E+00
+4.426270E+02,-2.044052E-06,+9.080454E-06,-1.006232E+02,+1.792210E+00
+4.428711E+02,+1.057016E-06,+4.041449E-07,-1.189258E+02,+3.651947E-01
+4.431152E+02,+2.242298E-06,-5.278998E-06,-1.048286E+02,-1.169130E+00
+4.433594E+02,+5.631877E-07,+5.173456E-06,-1.056732E+02,+1.462362E+00
+4.436035E+02,-3.620384E-06,-6.738178E-06,-1.023277E+02,-2.063832E+00
+4.438477E+02,+5.648826E-06,+1.000238E-05,-9.879568E+01,+1.056700E+00
+4.440918E+02,-8.882371E-06,-8.735630E-06,-9.809087E+01,-2.364523E+00
+4.443359E+02,+5.726563E-06,+4.818069E-06,-1.025176E+02,+6.994534E-01
+4.445801E+02,-1.860344E-06,+3.004057E-06,-1.090360E+02,+2.125270E+00
+4.448242E+02,+6.778926E-06,-7.019184E-06,-1.002126E+02,-8.028088E-01
+4.450684E+02,-6.640299E-06,-2.401798E-06,-1.030223E+02,-2.794533E+00
+4.453125E+02,+2.781763E-06,+1.081466E-05,-9.904151E+01,+1.319033E+00
+4.455566E+02,-2.568398E-06,-6.702568E-06,-1.028802E+02,-1.936733E+00
+4.458008E+02,+7.264176E-07,-8.134652E-06,-1.017587E+02,-1.481733E+00
+4.460449E+02,+1.138378E-06,+8.568806E-06,-1.012656E+02,+1.438718E+00
+4.462891E+02,-1.729937E-06,+1.837489E-06,-1.119593E+02,+2.326056E+00
+4.465332E+02,+2.631423E-06,-1.689870E-06,-1.100966E+02,-5.708645E-01
+4.467773E+02,-5.117424E-06,-4.342253E-06,-1.034637E+02,-2.437957E+00
+4.470215E+02,+4.111273E-06,+4.538545E-06,-1.042596E+02,+8.347547E-01
+4.472656E+02,-1.389716E-07,-1.658947E-06,-1.155730E+02,-1.654372E+00
+4.475098E+02,-5.248854E-06,-8.988145E-09,-1.055987E+02,-3.139880E+00
+4.477539E+02,+1.070305E-05,-2.415500E-06,-9.919410E+01,-2.219648E-01
+4.479980E+02,-1.313650E-05,+5.622553E-06,-9.689986E+01,+2.737175E+00
+4.482422E+02,+5.623345E-06,-5.801379E-06,-1.018523E+02,-8.009802E-01
+4.484863E+02,-2.966933E-07,-1.530579E-06,-1.161427E+02,-1.762266E+00
+4.487305E+02,+5.353834E-06,+9.538247E-06,-9.922118E+01,+1.059318E+00
+4.489746E+02,-7.362128E-06,-8.840861E-06,-9.878238E+01,-2.265184E+00
+4.492188E+02,+1.978507E-06,+4.907130E-06,-1.055293E+02,+1.187543E+00
+4.494629E+02,-2.480845E-06,+8.584705E-07,-1.116168E+02,+2.808450E+00
+4.497070E+02,+6.972337E-06,-6.748115E-06,-1.002618E+02,-7.690574E-01
+4.499512E+02,-7.662656E-06,+7.187184E-06,-9.957142E+01,+2.388202E+00
+4.501953E+02,+6.500482E-06,-2.661937E-06,-1.030678E+02,-3.886678E-01
+4.504395E+02,-7.794708E-06,+1.047148E-06,-1.020863E+02,+3.008051E+00
+4.506836E+02,+6.770959E-06,-5.087993E-06,-1.014428E+02,-6.444243E-01
+4.509277E+02,-8.825560E-06,+6.106199E-06,-9.938638E+01,+2.536340E+00
+4.511719E+02,+6.201197E-06,-3.874557E-06,-1.027191E+02,-5.584612E-01
+4.514160E+02,+3.946830E-06,+5.858542E-06,-1.030190E+02,+9.779485E-01
+4.516602E+02,-4.720266E-06,-4.887443E-06,-1.033566E+02,-2.338796E+00
+4.519043E+02,-2.076520E-06,-2.236516E-06,-1.103087E+02,-2.319116E+00
+4.521484E+02,+5.270229E-06,+1.002976E-05,-9.891532E+01,+1.086989E+00
+4.523926E+02,-6.164028E-06,-1.206081E-05,-9.736462E+01,-2.043268E+00
+4.526367E+02,+6.377794E-06,+1.147733E-05,-9.763450E+01,+1.063598E+00
+4.528809E+02,-2.510034E-06,-1.189658E-05,-9.830240E+01,-1.778734E+00
+4.531250E+02,-8.158337E-07,+8.690770E-06,-1.011807E+02,+1.664396E+00
+4.533691E+02,-7.454414E-06,-2.167081E-06,-1.021994E+02,-2.858679E+00
+4.536133E+02,+7.912248E-06,-1.466797E-06,-1.018873E+02,-1.833022E-01
+4.538574E+02,+3.122127E-06,-8.759499E-07,-1.097819E+02,-2.735297E-01
+4.541016E+02,-3.060144E-06,+5.658199E-06,-1.038321E+02,+2.066575E+00
+4.543457E+02,+1.638550E-06,-7.143346E-06,-1.026993E+02,-1.345316E+00
+4.545898E+02,-1.082114E-05,+3.445976E-06,-9.889505E+01,+2.833298E+00
+4.548340E+02,+9.810567E-06,+3.220494E-06,-9.972166E+01,+3.171847E-01
+4.550781E+02,-3.268614E-06,-2.062324E-06,-1.082574E+02,-2.578728E+00
+4.553223E+02,+2.715886E-06,-2.413393E-06,-1.087941E+02,-7.264926E-01
+4.555664E+02,+2.309913E-06,+6.023228E-06,-1.038075E+02,+1.204594E+00
+4.558105E+02,-2.875535E-06,-6.786220E-06,-1.026503E+02,-1.971592E+00
+4.560547E+02,-6.735198E-08,+2.086359E-06,-1.136077E+02,+1.603067E+00
+4.562988E+02,-1.855879E-06,-6.603923E-07,-1.141112E+02,-2.799726E+00
+4.565430E+02,+9.295555E-07,+2.536961E-06,-1.113666E+02,+1.219582E+00
+4.567871E+02,-2.220631E-06,-1.496620E-06,-1.114442E+02,-2.548557E+00
+4.570312E+02,+1.703207E-06,+1.940352E-06,-1.117614E+02,+8.503926E-01
+4.572754E+02,+2.226428E-06,-2.253908E-07,-1.130035E+02,-1.008905E-01
+4.575195E+02,+2.234535E-06,+3.160510E-06,-1.082443E+02,+9.553764E-01
+4.577637E+02,-5.893169E-06,-8.605249E-06,-9.963452E+01,-2.171271E+00
+4.580078E+02,+3.250999E-06,+6.339258E-06,-1.029452E+02,+1.096933E+00
+4.582520E+02,-2.983152E-06,-3.928020E-07,-1.104318E+02,-3.010672E+00
+4.584961E+02,+3.952774E-06,-2.768367E-06,-1.063286E+02,-6.109679E-01
+4.587402E+02,-1.377164E-06,+1.228314E-06,-1.146784E+02,+2.413262E+00
+4.589844E+02,+2.991670E-06,+1.258745E-06,-1.097738E+02,+3.982654E-01
+4.592285E+02,-7.397332E-06,-1.886522E-06,-1.023448E+02,-2.891888E+00
+4.594727E+02,+2.715480E-06,-7.350603E-07,-1.110160E+02,-2.643573E-01
+4.597168E+02,+3.658489E-06,+7.589470E-06,-1.014884E+02,+1.121613E+00
+4.599609E+02,+6.116416E-07,-8.352597E-06,-1.015403E+02,-1.497699E+00
+4.602051E+02,-3.474982E-06,+3.053095E-06,-1.066965E+02,+2.420731E+00
+4.604492E+02,+3.170289E-07,-2.782805E-06,-1.110543E+02,-1.457361E+00
+4.606934E+02,+9.967342E-07,+6.443899E-06,-1.037143E+02,+1.417334E+00
+4.609375E+02,-2.708728E-06,-4.473288E-06,-1.056308E+02,-2.115275E+00
+4.611816E+02,+3.974715E-06,-1.642515E-06,-1.073292E+02,-3.918685E-01
+4.614258E+02,-4.493411E-06,+2.902903E-06,-1.054337E+02,+2.568009E+00
+4.616699E+02,+6.572473E-06,-5.644646E-06,-1.012459E+02,-7.095988E-01
+4.619141E+02,-5.622420E-06,+7.917036E-06,-1.002553E+02,+2.188313E+00
+4.621582E+02,+4.186652E-06,-3.474135E-06,-1.052874E+02,-6.926567E-01
+4.624023E+02,-4.535294E-06,+7.812848E-07,-1.067409E+02,+2.970999E+00
+4.626465E+02,+3.575853E-07,+5.800476E-07,-1.233318E+02,+1.018350E+00
+4.628906E+02,-3.157263E-06,+2.641736E-06,-1.077091E+02,+2.444861E+00
+4.631348E+02,+7.070192E-06,-1.623316E-06,-1.027883E+02,-2.256885E-01
+4.633789E+02,-1.752162E-06,+2.323621E-06,-1.107215E+02,+2.216894E+00
+4.636230E+02,+1.024972E-06,-4.417162E-06,-1.068694E+02,-1.342788E+00
+4.638672E+02,-2.238108E-06,-2.006807E-06,-1.104400E+02,-2.410630E+00
+4.641113E+02,+4.233263E-06,+3.900798E-06,-1.047969E+02,+7.445478E-01
+4.643555E+02,-9.313500E-07,+5.269706E-06,-1.054307E+02,+1.745726E+00
+4.645996E+02,-1.568449E-06,-1.099026E-05,-9.909227E+01,-1.712552E+00
+4.648438E+02,-6.732747E-07,+7.683388E-06,-1.022557E+02,+1.658200E+00
+4.650879E+02,+4.937822E-07,-7.225237E-06,-1.028027E+02,-1.502561E+00
+4.653320E+02,-1.225844E-06,+7.610469E-06,-1.022605E+02,+1.730498E+00
+4.655762E+02,+1.801700E-06,-2.666675E-06,-1.098475E+02,-9.766103E-01
+4.658203E+02,+3.020744E-06,-2.829512E-07,-1.103598E+02,-9.339685E-02
+4.660645E+02,-2.552099E-06,-7.239251E-07,-1.115260E+02,-2.865194E+00
+4.663086E+02,-3.773597E-06,-2.300366E-06,-1.070926E+02,-2.594148E+00
+4.665527E+02,+8.265858E-06,+2.968654E-06,-1.011274E+02,+3.447998E-01
+4.667969E+02,-5.737264E-06,+4.644370E-06,-1.026371E+02,+2.461080E+00
+4.670410E+02,+1.816525E-06,-6.230247E-06,-1.037556E+02,-1.287095E+00
+4.672852E+02,-2.043304E-06,-2.812342E-06,-1.091778E+02,-2.199119E+00
+4.675293E+02,+2.382592E-06,+8.496888E-06,-1.010861E+02,+1.297410E+00
+4.677734E+02,-3.067022E-07,+6.607543E-07,-1.227518E+02,+2.005371E+00
+4.680176E+02,+1.500403E-06,-1.030677E-05,-9.964647E+01,-1.426237E+00
+4.682617E+02,-5.290699E-06,+5.064625E-06,-1.027050E+02,+2.378023E+00
+4.685059E+02,+5.822556E-06,+6.244823E-07,-1.046481E+02,+1.068438E-01
+4.687500E+02,-6.041977E-06,-4.451417E-07,-1.043529E+02,-3.068051E+00
+4.689941E+02,+3.849971E-06,-3.824790E-06,-1.053090E+02,-7.821172E-01
+4.692383E+02,+7.530645E-07,+4.382988E-06,-1.070382E+02,+1.400642E+00
+4.694824E+02,+1.753046E-06,-4.442233E-06,-1.064194E+02,-1.194926E+00
+4.697266E+02,-7.658259E-06,+1.061623E-05,-9.766107E+01,+2.195723E+00
+4.699707E+02,+1.160718E-05,-9.239759E-06,-9.657380E+01,-6.723207E-01
+4.702148E+02,-9.512597E-06,+4.640143E-07,-1.004237E+02,+3.092852E+00
+4.704590E+02,-1.872194E-07,+1.606515E-06,-1.158237E+02,+1.686811E+00
+4.707031E+02,+8.732566E-06,-2.487275E-06,-1.008384E+02,-2.774796E-01
+4.709473E+02,-6.254674E-06,+3.711856E-06,-1.027655E+02,+2.606001E+00
+4.711914E+02,-3.560410E-06,-3.334849E-06,-1.062346E+02,-2.388895E+00
+4.714355E+02,+9.681977E-06,+2.752310E-07,-1.002772E+02,+2.841949E-02
+4.716797E+02,-1.279444E-05,+4.952648E-06,-9.725319E+01,+2.772262E+00
+4.719238E+02,+1.094105E-05,-5.643200E-06,-9.819437E+01,-4.761935E-01
+4.721680E+02,-4.141823E-06,+1.059560E-06,-1.073809E+02,+2.891144E+00
+4.724121E+02,+2.911193E-06,+3.314172E-06,-1.071088E+02,+8.500398E-01
+4.726562E+02,-1.027782E-05,-4.455539E-06,-9.901407E+01,-2.732536E+00
+4.729004E+02,+7.721210E-06,+2.897736E-06,-1.016740E+02,+3.590298E-01
+4.731445E+02,+5.057342E-07,-8.886891E-08,-1.257895E+02,-1.739467E-01
+4.733887E+02,-4.576349E-06,+2.653246E-06,-1.055311E+02,+2.616178E+00
+4.736328E+02,+6.393462E-06,+4.823832E-08,-1.038850E+02,+7.544803E-03
+4.738770E+02,+1.758083E-07,-5.030663E-06,-1.059622E+02,-1.535863E+00
+4.741211E+02,+4.352426E-07,+4.701762E-06,-1.065177E+02,+1.478489E+00
+4.743652E+02,-3.428088E-06,-3.459340E-06,-1.062491E+02,-2.351657E+00
+4.746094E+02,+3.031738E-06,-2.623519E-06,-1.079387E+02,-7.133391E-01
+4.748535E+02,-9.752783E-07,+6.881508E-06,-1.031600E+02,+1.711583E+00
+4.750977E+02,-6.760205E-07,-8.251016E-06,-1.016408E+02,-1.652545E+00
+4.753418E+02,+3.262665E-06,+5.084051E-06,-1.043780E+02,+1.000246E+00
+4.755859E+02,-7.420317E-06,+1.057744E-06,-1.025042E+02,+3.000000E+00
+4.758301E+02,+3.775634E-06,-8.604043E-06,-1.005411E+02,-1.157278E+00
+4.760742E+02,+5.442056E-07,+8.931745E-06,-1.009652E+02,+1.509942E+00
+4.763184E+02,+3.329587E-07,-3.761261E-06,-1.084594E+02,-1.482503E+00
+4.765625E+02,+1.006194E-06,+5.130976E-06,-1.056321E+02,+1.377152E+00
+4.768066E+02,-1.849601E-06,-7.213959E-06,-1.025600E+02,-1.821782E+00
+4.770508E+02,-2.008333E-06,+4.564250E-06,-1.060440E+02,+1.985315E+00
+4.772949E+02,+8.091499E-07,-4.353254E-06,-1.070762E+02,-1.387021E+00
+4.775391E+02,+3.355566E-06,+1.134985E-06,-1.090143E+02,+3.261595E-01
+4.777832E+02,-5.474212E-06,+2.574994E-06,-1.043655E+02,+2.701916E+00
+4.780273E+02,+3.046842E-06,-1.234306E-06,-1.096630E+02,-3.849038E-01
+4.782715E+02,+2.055160E-06,+5.499299E-06,-1.046261E+02,+1.213154E+00
+4.785156E+02,-3.620429E-06,-1.079665E-05,-9.887143E+01,-1.894342E+00
+4.787598E+02,+5.565484E-06,+4.885287E-06,-1.026090E+02,+7.204040E-01
+4.790039E+02,-3.221383E-06,-1.426451E-06,-1.090616E+02,-2.724736E+00
+4.792480E+02,-5.902939E-06,+1.279479E-06,-1.043792E+02,+2.928142E+00
+4.794922E+02,+2.438141E-06,+1.002551E-06,-1.115804E+02,+3.901195E-01
+4.797363E+02,+9.236632E-06,-8.614398E-07,-1.006521E+02,-9.299441E-02
+4.799805E+02,-8.605953E-06,+2.971508E-08,-1.013040E+02,+3.138140E+00
+4.802246E+02,-1.006677E-06,-2.564092E-06,-1.111987E+02,-1.944912E+00
+4.804688E+02,+1.575169E-06,+1.817623E-06,-1.123770E+02,+8.567383E-01
+4.807129E+02,+2.937237E-06,+4.420780E-06,-1.055020E+02,+9.843536E-01
+4.809570E+02,-1.170357E-06,-6.457321E-06,-1.036586E+02,-1.750095E+00
+4.812012E+02,-6.039940E-07,+6.131429E-06,-1.042068E+02,+1.668987E+00
+4.814453E+02,-6.087911E-06,-3.514474E-07,-1.042962E+02,-3.083928E+00
+4.816895E+02,+8.899057E-06,-4.689393E-06,-9.994890E+01,-4.849775E-01
+4.819336E+02,-5.415767E-06,-6.385049E-07,-1.052668E+02,-3.024237E+00
+4.821777E+02,+2.426328E-06,+4.485748E-06,-1.058488E+02,+1.074969E+00
+4.824219E+02,+4.427650E-06,-6.978268E-06,-1.016558E+02,-1.005401E+00
+4.826660E+02,-3.029031E-06,+1.504438E-06,-1.094164E+02,+2.680610E+00
+4.829102E+02,-4.204278E-06,+6.803560E-06,-1.019406E+02,+2.124312E+00
+4.831543E+02,-1.454971E-06,-6.889223E-06,-1.030471E+02,-1.778933E+00
+4.833984E+02,+5.778863E-06,+5.924622E-06,-1.016433E+02,+7.978519E-01
+4.836426E+02,-1.616315E-06,-3.521228E-07,-1.156281E+02,-2.927089E+00
+4.838867E+02,-1.945990E-06,+6.107547E-07,-1.138092E+02,+2.837476E+00
+4.841309E+02,-2.765479E-06,-9.800026E-06,-9.984270E+01,-1.845836E+00
+4.843750E+02,+2.905754E-06,+1.096518E-05,-9.890495E+01,+1.311752E+00
+4.846191E+02,+1.611233E-06,-3.453651E-06,-1.083792E+02,-1.134281E+00
+4.848633E+02,+6.074641E-06,-2.821214E-06,-1.034814E+02,-4.347846E-01
+4.851074E+02,-9.948569E-06,+3.702152E-06,-9.948154E+01,+2.785341E+00
+4.853516E+02,-2.778583E-08,-2.603764E-07,-1.316388E+02,-1.677108E+00
+4.855957E+02,+6.582693E-06,+2.759224E-06,-1.029290E+02,+3.969167E-01
+4.858398E+02,-7.676967E-06,-1.022510E-05,-9.786513E+01,-2.214807E+00
+4.860840E+02,+1.205500E-05,+1.092120E-05,-9.577417E+01,+7.360914E-01
+4.863281E+02,-1.635297E-05,-3.625270E-06,-9.551971E+01,-2.923432E+00
+4.865723E+02,+1.200730E-05,-2.934508E-06,-9.815915E+01,-2.396952E-01
+4.868164E+02,-5.435777E-06,+8.285953E-07,-1.051950E+02,+2.990324E+00
+4.870605E+02,-1.059460E-06,+3.038010E-06,-1.098498E+02,+1.906344E+00
+4.873047E+02,+5.515573E-06,-3.214607E-06,-1.038982E+02,-5.276942E-01
+4.875488E+02,-3.485538E-06,+4.015144E-06,-1.054867E+02,+2.285704E+00
+4.877930E+02,+7.393395E-07,-1.200691E-07,-1.225101E+02,-1.609949E-01
+4.880371E+02,-9.407518E-07,-3.296500E-06,-1.092989E+02,-1.848786E+00
+4.882812E+02,-7.071053E-08,+8.296646E-07,-1.215905E+02,+1.655819E+00
+4.885254E+02,+7.081918E-06,-2.681177E-06,-1.024152E+02,-3.619184E-01
+4.887695E+02,-1.333515E-05,+3.890857E-06,-9.714522E+01,+2.857699E+00
+4.890137E+02,+1.484104E-05,+1.685950E-06,-9.651503E+01,+1.131155E-01
+4.892578E+02,-1.649914E-05,-5.898892E-06,-9.512836E+01,-2.798228E+00
+4.895020E+02,+8.712356E-06,+8.906608E-06,-9.809016E+01,+7.964228E-01
+4.897461E+02,+5.359790E-06,-2.979910E-06,-1.042473E+02,-5.074190E-01
+4.899902E+02,-9.135179E-06,-4.449518E-06,-9.986111E+01,-2.688338E+00
+4.902344E+02,+2.075252E-06,+1.275808E-06,-1.122663E+02,+5.512109E-01
+4.904785E+02,+5.360346E-06,+3.202909E-07,-1.054007E+02,+5.968094E-02
+4.907227E+02,-7.846676E-06,+6.597076E-06,-9.978432E+01,+2.442494E+00
+4.909668E+02,+4.073846E-06,-8.048294E-06,-1.008953E+02,-1.102221E+00
+4.912109E+02,+5.061087E-06,+2.170646E-06,-1.051818E+02,+4.051604E-01
+4.914551E+02,-4.851092E-06,+9.067398E-07,-1.061341E+02,+2.956810E+00
+4.916992E+02,+1.845588E-06,-4.744826E-06,-1.058637E+02,-1.199836E+00
+4.919434E+02,-1.107091E-05,+6.953620E-06,-9.767213E+01,+2.580768E+00
+4.921875E+02,+1.113896E-05,-1.828867E-06,-9.894759E+01,-1.627345E-01
+4.924316E+02,+2.419607E-06,-6.841150E-06,-1.027855E+02,-1.230843E+00
+4.926758E+02,-6.233002E-06,+1.288371E-05,-9.688584E+01,+2.021391E+00
+4.929199E+02,+3.124143E-06,-5.401403E-06,-1.040966E+02,-1.046414E+00
+4.931641E+02,+7.807599E-07,-3.550962E-06,-1.087880E+02,-1.354367E+00
+4.934082E+02,-2.491305E-06,+2.914202E-06,-1.083271E+02,+2.278119E+00
+4.936523E+02,-3.851027E-07,+1.123718E-06,-1.185046E+02,+1.900957E+00
+4.938965E+02,-4.466840E-06,-1.336509E-06,-1.066276E+02,-2.850864E+00
+4.941406E+02,+9.984399E-06,+3.103190E-07,-1.000094E+02,+3.107039E-02
+4.943848E+02,-3.880109E-06,-3.709850E-06,-1.054033E+02,-2.378623E+00
+4.946289E+02,-6.581505E-07,+4.489335E-06,-1.068640E+02,+1.716362E+00
+4.948730E+02,-5.564135E-06,-5.729271E-08,-1.050916E+02,-3.131296E+00
+4.951172E+02,+1.121765E-05,+1.066804E-06,-9.896286E+01,+9.481530E-02
+4.953613E+02,-2.045798E-06,-5.247256E-06,-1.049868E+02,-1.942548E+00
+4.956055E+02,-7.637895E-06,+2.875305E-06,-1.017649E+02,+2.781549E+00
+4.958496E+02,+6.737771E-07,-2.560698E-06,-1.115421E+02,-1.313506E+00
+4.960938E+02,+3.589844E-06,+9.833638E-06,-9.960239E+01,+1.220771E+00
+4.963379E+02,+5.819127E-06,-6.893702E-06,-1.008945E+02,-8.697245E-01
+4.965820E+02,-8.038959E-06,-1.453120E-06,-1.017564E+02,-2.962764E+00
+4.968262E+02,-8.495443E-07,+6.044240E-07,-1.196375E+02,+2.523211E+00
+4.970703E+02,+9.298157E-06,+5.639271E-06,-9.927173E+01,+5.451804E-01
+4.973145E+02,-2.288261E-06,-1.250057E-05,-9.791826E+01,-1.751844E+00
+4.975586E+02,-9.787024E-06,+9.186796E-06,-9.744286E+01,+2.387819E+00
+4.978027E+02,+5.502262E-06,-3.750814E-06,-1.035317E+02,-5.983286E-01
+4.980469E+02,+2.612011E-07,+6.072979E-06,-1.043239E+02,+1.527812E+00
+4.982910E+02,+5.807850E-06,-2.877764E-06,-1.037662E+02,-4.600376E-01
+4.985352E+02,-1.344077E-05,+2.698456E-06,-9.725990E+01,+2.943460E+00
+4.987793E+02,+1.283876E-05,-4.606048E-06,-9.730371E+01,-3.444583E-01
+4.990234E+02,-1.651607E-06,-3.282118E-06,-1.086966E+02,-2.037012E+00
+4.992676E+02,-8.210788E-06,+1.231687E-05,-9.659313E+01,+2.158773E+00
+4.995117E+02,+7.618871E-06,-1.227484E-05,-9.680438E+01,-1.015302E+00
+4.997559E+02,-4.509130E-06,+3.465633E-06,-1.049022E+02,+2.486305E+00
+5.000000E+02,-1.538473E-06,+1.177768E-06,-1.142550E+02,+2.488218E+00
+5.002441E+02,+1.349916E-05,+7.069936E-07,-9.738197E+01,+5.232533E-02
+5.004883E+02,-1.136203E-05,+2.939403E-07,-9.888798E+01,+3.115728E+00
+5.007324E+02,-9.711245E-08,-4.804400E-06,-1.063654E+02,-1.591007E+00
+5.009766E+02,+5.255199E-06,+3.935909E-06,-1.036544E+02,+6.428322E-01
+5.012207E+02,-3.195933E-06,+3.536376E-07,-1.098552E+02,+3.031389E+00
+5.014648E+02,-1.993568E-06,-5.687237E-06,-1.043987E+02,-1.907946E+00
+5.017090E+02,+3.918009E-06,+7.972045E-06,-1.010290E+02,+1.113997E+00
+5.019531E+02,+2.678623E-07,-3.507713E-06,-1.090743E+02,-1.494580E+00
+5.021973E+02,-6.689572E-06,+1.532344E-06,-1.032699E+02,+2.916413E+00
+5.024414E+02,+8.053074E-06,+1.696570E-06,-1.016922E+02,+2.076373E-01
+5.026855E+02,-4.072950E-06,-8.373926E-06,-1.006192E+02,-2.023492E+00
+5.029297E+02,+4.096273E-07,+7.147024E-06,-1.029033E+02,+1.513545E+00
+5.031738E+02,-2.041335E-06,-3.185611E-06,-1.084420E+02,-2.140676E+00
+5.034180E+02,-3.306101E-07,+3.117573E-06,-1.100751E+02,+1.676449E+00
+5.036621E+02,+7.113654E-06,-2.845274E-06,-1.023136E+02,-3.804837E-01
+5.039062E+02,-2.537642E-06,-2.672641E-06,-1.086702E+02,-2.330290E+00
+5.041504E+02,+2.720307E-06,+5.255954E-06,-1.045562E+02,+1.093194E+00
+5.043945E+02,-1.016177E-05,+2.871851E-06,-9.952689E+01,+2.866162E+00
+5.046387E+02,+8.318078E-06,-5.963533E-06,-9.979829E+01,-6.220025E-01
+5.048828E+02,-3.924979E-06,+3.445775E-06,-1.056417E+02,+2.421117E+00
+5.051270E+02,+1.240767E-06,-4.754366E-06,-1.061720E+02,-1.315516E+00
+5.053711E+02,+8.407068E-07,-3.919067E-06,-1.079410E+02,-1.359482E+00
+5.056152E+02,+2.488152E-06,+7.312650E-06,-1.022427E+02,+1.242831E+00
+5.058594E+02,-6.967350E-06,+2.951365E-06,-1.024219E+02,+2.740909E+00
+5.061035E+02,+8.626638E-06,-7.685324E-06,-9.874574E+01,-7.277551E-01
+5.063477E+02,-8.192608E-06,+1.050782E-05,-9.750720E+01,+2.233016E+00
+5.065918E+02,-5.494456E-07,-9.612442E-06,-1.003292E+02,-1.627894E+00
+5.068359E+02,+4.776153E-06,+1.626496E-06,-1.059419E+02,+3.282272E-01
+5.070801E+02,+4.657691E-06,+3.483178E-06,-1.047074E+02,+6.421133E-01
+5.073242E+02,-5.930264E-06,-2.969453E-06,-1.035669E+02,-2.677362E+00
+5.075684E+02,-1.333431E-07,-2.879036E-06,-1.108057E+02,-1.617078E+00
+5.078125E+02,+9.324496E-08,+3.807895E-06,-1.083837E+02,+1.546314E+00
+5.080566E+02,+6.384692E-06,+1.473541E-06,-1.036718E+02,+2.268212E-01
+5.083008E+02,-7.018601E-06,-5.512685E-06,-1.009881E+02,-2.475793E+00
+5.085449E+02,-5.083828E-06,+2.470852E-06,-1.049552E+02,+2.689190E+00
+5.087891E+02,+4.180553E-06,+2.407661E-06,-1.063313E+02,+5.225249E-01
+5.090332E+02,+6.306519E-06,-6.867357E-06,-1.006082E+02,-8.279445E-01
+5.092773E+02,-2.951586E-06,+5.324041E-06,-1.043113E+02,+2.077003E+00
+5.095215E+02,-4.888874E-06,+3.161793E-07,-1.061977E+02,+3.077009E+00
+5.097656E+02,+6.088553E-06,+2.498482E-06,-1.036338E+02,+3.894030E-01
+5.100098E+02,-1.874568E-06,-3.106795E-06,-1.088054E+02,-2.113695E+00
+5.102539E+02,+2.034949E-07,-1.841548E-06,-1.146436E+02,-1.460741E+00
+5.104980E+02,-5.253086E-06,+2.669403E-06,-1.045941E+02,+2.671439E+00
+5.107422E+02,+6.614232E-06,-3.203092E-06,-1.026754E+02,-4.509868E-01
+5.109863E+02,+5.246612E-07,+2.397978E-06,-1.122000E+02,+1.355397E+00
+5.112305E+02,-7.530001E-06,+2.828563E-06,-1.018908E+02,+2.782262E+00
+5.114746E+02,+1.079719E-05,-5.786617E-06,-9.823723E+01,-4.919825E-01
+5.117188E+02,-1.050499E-05,+3.035992E-06,-9.922370E+01,+2.860254E+00
+5.119629E+02,-2.887161E-07,-4.395205E-06,-1.071217E+02,-1.636391E+00
+5.122070E+02,+7.920474E-06,+9.766115E-06,-9.801038E+01,+8.893744E-01
+5.124512E+02,-5.526412E-06,-5.074256E-06,-1.024957E+02,-2.398822E+00
+5.126953E+02,+3.946904E-06,+2.966952E-07,-1.080504E+02,+7.503054E-02
+5.129395E+02,-2.771208E-06,-1.992254E-06,-1.093372E+02,-2.518287E+00
+5.131836E+02,-6.568928E-07,-5.043457E-07,-1.216376E+02,-2.486812E+00
+5.134277E+02,+1.128118E-06,-2.214282E-07,-1.187887E+02,-1.938171E-01
+5.136719E+02,+2.664339E-06,+3.327104E-06,-1.074069E+02,+8.955689E-01
+5.139160E+02,-2.956707E-06,-2.222449E-06,-1.086387E+02,-2.497028E+00
+5.141602E+02,+9.437130E-07,-1.229143E-06,-1.161954E+02,-9.160120E-01
+5.144043E+02,-4.935401E-06,+3.496795E-06,-1.043669E+02,+2.525176E+00
+5.146484E+02,+8.199130E-06,+2.422967E-06,-1.013610E+02,+2.873371E-01
+5.148926E+02,-1.385627E-06,-8.637374E-06,-1.011620E+02,-1.729863E+00
+5.151367E+02,-4.957696E-06,+2.789786E-06,-1.048997E+02,+2.629037E+00
+5.153809E+02,-1.270497E-06,+1.358222E-06,-1.146106E+02,+2.322835E+00
+5.156250E+02,+7.635791E-06,+5.927266E-06,-1.002948E+02,+6.600891E-01
+5.158691E+02,-1.276786E-06,-1.038583E-05,-9.960603E+01,-1.693118E+00
+5.161133E+02,-6.719385E-06,+2.842319E-06,-1.027385E+02,+2.741415E+00
+5.163574E+02,-1.320966E-06,+5.360306E-06,-1.051602E+02,+1.812417E+00
+5.166016E+02,+7.464218E-06,-5.788451E-06,-1.004953E+02,-6.596181E-01
+5.168457E+02,+4.084708E-08,+6.650272E-06,-1.035430E+02,+1.564654E+00
+5.170898E+02,-5.607462E-06,-2.000119E-06,-1.045046E+02,-2.798971E+00
+5.173340E+02,+4.678413E-06,-6.206611E-06,-1.021889E+02,-9.248811E-01
+5.175781E+02,-6.884421E-07,+9.987464E-06,-9.999031E+01,+1.639618E+00
+5.178223E+02,-6.243540E-06,-1.244615E-05,-9.712448E+01,-2.035758E+00
+5.180664E+02,+8.728526E-06,+1.008222E-05,-9.749974E+01,+8.572383E-01
+5.183105E+02,-4.005375E-06,-6.811784E-06,-1.020451E+02,-2.102351E+00
+5.185547E+02,+2.014297E-06,+2.834725E-06,-1.091746E+02,+9.530054E-01
+5.187988E+02,-5.889350E-06,-2.309771E-06,-1.039773E+02,-2.767833E+00
+5.190430E+02,+2.933782E-06,+8.759008E-06,-1.006891E+02,+1.247596E+00
+5.192871E+02,+4.663689E-06,-4.845644E-06,-1.034457E+02,-8.045302E-01
+5.195312E+02,-4.489622E-06,-4.637846E-06,-1.038021E+02,-2.339957E+00
+5.197754E+02,+3.077065E-06,-6.636121E-08,-1.102353E+02,-2.156306E-02
+5.200195E+02,-2.661888E-06,+9.661619E-06,-9.998126E+01,+1.839638E+00
+5.202637E+02,+5.376783E-06,-6.285332E-06,-1.016485E+02,-8.631472E-01
+5.205078E+02,-1.366461E-05,-3.604014E-07,-9.728503E+01,-3.115224E+00
+5.207520E+02,+1.345365E-05,+1.307608E-06,-9.738236E+01,+9.688922E-02
+5.209961E+02,-5.444172E-06,-3.974616E-06,-1.034259E+02,-2.510971E+00
+5.212402E+02,+2.054313E-06,+8.507129E-06,-1.011582E+02,+1.333851E+00
+5.214844E+02,-4.931005E-06,-6.379644E-06,-1.018699E+02,-2.228811E+00
+5.217285E+02,+2.714732E-06,+9.792760E-07,-1.107942E+02,+3.461987E-01
+5.219727E+02,+3.930888E-06,+3.653168E-07,-1.080728E+02,+9.266873E-02
+5.222168E+02,-4.940188E-06,+1.880429E-06,-1.055375E+02,+2.777887E+00
+5.224609E+02,-4.434852E-07,-2.126266E-06,-1.132627E+02,-1.776423E+00
+5.227051E+02,+3.417091E-06,-7.203271E-07,-1.091380E+02,-2.077595E-01
+5.229492E+02,-5.900120E-06,+3.930706E-06,-1.029876E+02,+2.553908E+00
+5.231934E+02,+1.143830E-05,+3.202878E-06,-9.850494E+01,+2.730211E-01
+5.234375E+02,-7.927189E-06,-1.346871E-05,-9.612172E+01,-2.102764E+00
+5.236816E+02,+2.776182E-07,+1.139910E-05,-9.886002E+01,+1.546447E+00
+5.239258E+02,+4.193820E-06,-5.342558E-06,-1.033601E+02,-9.052792E-01
+5.241699E+02,-7.264873E-07,+1.502947E-06,-1.155492E+02,+2.021056E+00
+5.244141E+02,-7.783245E-06,+1.007263E-07,-1.021761E+02,+3.128652E+00
+5.246582E+02,+3.975601E-06,+3.140150E-06,-1.059064E+02,+6.685245E-01
+5.249023E+02,+3.669290E-06,-1.108074E-06,-1.083293E+02,-2.932779E-01
+5.251465E+02,-3.348850E-06,-4.589003E-06,-1.049115E+02,-2.201215E+00
+5.253906E+02,+1.466676E-07,+3.163365E-06,-1.099877E+02,+1.524465E+00
+5.256348E+02,+6.057089E-06,-2.452401E-06,-1.036955E+02,-3.847071E-01
+5.258789E+02,-6.502281E-06,+6.626919E-06,-1.006451E+02,+2.346702E+00
+5.261230E+02,+2.978416E-06,-2.312426E-06,-1.084715E+02,-6.601808E-01
+5.263672E+02,-2.273843E-06,-6.621979E-06,-1.030962E+02,-1.901560E+00
+5.266113E+02,-1.100725E-06,+4.722304E-06,-1.062872E+02,+1.799798E+00
+5.268555E+02,+3.227217E-06,-4.741107E-07,-1.097307E+02,-1.458666E-01
+5.270996E+02,-1.631547E-06,+3.467506E-06,-1.083311E+02,+2.010587E+00
+5.273438E+02,+1.380506E-06,-5.290118E-06,-1.052446E+02,-1.315530E+00
+5.275879E+02,-4.926381E-06,+4.246770E-06,-1.037362E+02,+2.430146E+00
+5.278320E+02,+8.920424E-06,+1.490598E-08,-1.009923E+02,+1.670993E-03
+5.280762E+02,-8.007030E-06,-1.877988E-06,-1.016980E+02,-2.911214E+00
+5.283203E+02,+4.957104E-06,-5.091273E-06,-1.029676E+02,-7.987497E-01
+5.285645E+02,+4.034017E-06,+7.198990E-06,-1.016686E+02,+1.060035E+00
+5.288086E+02,-1.237743E-05,+4.566451E-06,-9.759319E+01,+2.788151E+00
+5.290527E+02,+9.626900E-06,-8.022746E-06,-9.803986E+01,-6.947584E-01
+5.292969E+02,-4.962499E-06,-1.192544E-06,-1.058422E+02,-2.905753E+00
+5.295410E+02,-3.698621E-07,+3.736576E-06,-1.085082E+02,+1.669459E+00
+5.297852E+02,+3.975580E-06,-2.726233E-06,-1.063381E+02,-6.010945E-01
+5.300293E+02,+1.328641E-06,+1.261276E-06,-1.147416E+02,+7.593933E-01
+5.302734E+02,-2.259178E-06,+1.768550E-06,-1.108451E+02,+2.477410E+00
+5.305176E+02,-2.122264E-06,-1.663798E-06,-1.113833E+02,-2.476701E+00
+5.307617E+02,+1.947677E-06,-2.801721E-06,-1.093393E+02,-9.633180E-01
+5.310059E+02,-2.222148E-06,+7.037331E-06,-1.026391E+02,+1.876654E+00
+5.312500E+02,+4.367135E-06,-7.189324E-06,-1.015022E+02,-1.024919E+00
+5.314941E+02,-2.791425E-06,+7.970172E-07,-1.107431E+02,+2.863469E+00
+5.317383E+02,-1.482573E-06,+4.277940E-06,-1.068827E+02,+1.904405E+00
+5.319824E+02,+1.660359E-06,+1.852664E-06,-1.120837E+02,+8.400840E-01
+5.322266E+02,+3.184240E-06,-3.162870E-06,-1.069587E+02,-7.820314E-01
+5.324707E+02,-2.162504E-06,+1.132730E-06,-1.122479E+02,+2.659083E+00
+5.327148E+02,-9.352975E-07,-6.219920E-06,-1.040272E+02,-1.720049E+00
+5.329590E+02,+2.045361E-06,+4.431379E-06,-1.062305E+02,+1.138368E+00
+5.332031E+02,-3.114087E-06,+2.795093E-06,-1.075671E+02,+2.410125E+00
+5.334473E+02,-8.305353E-07,-5.367926E-06,-1.053011E+02,-1.724301E+00
+5.336914E+02,+3.421409E-07,+9.019719E-06,-1.008899E+02,+1.532882E+00
+5.339355E+02,+2.566090E-06,-6.310153E-06,-1.033345E+02,-1.184561E+00
+5.341797E+02,+3.813266E-06,+2.622135E-07,-1.083536E+02,+6.865542E-02
+5.344238E+02,+2.377381E-06,-4.082382E-06,-1.065135E+02,-1.043455E+00
+5.346680E+02,-6.657800E-06,+7.991186E-06,-9.965832E+01,+2.265422E+00
+5.349121E+02,-6.433958E-06,-4.083376E-06,-1.023605E+02,-2.576077E+00
+5.351562E+02,+9.264727E-06,-5.176169E-06,-9.948354E+01,-5.094953E-01
+5.354004E+02,-9.725267E-06,+5.882588E-06,-9.888786E+01,+2.597595E+00
+5.356445E+02,+1.287176E-05,-1.923107E-06,-9.771136E+01,-1.483080E-01
+5.358887E+02,-4.341354E-06,+3.557895E-06,-1.050161E+02,+2.455053E+00
+5.361328E+02,+5.454317E-07,-5.218029E-06,-1.056027E+02,-1.466646E+00
+5.363770E+02,-4.511934E-06,+2.398654E-07,-1.069005E+02,+3.088480E+00
+5.366211E+02,+3.722860E-06,+2.899253E-06,-1.065237E+02,+6.616613E-01
+5.368652E+02,-5.454311E-06,+1.778650E-06,-1.048263E+02,+2.826366E+00
+5.371094E+02,+8.199996E-06,+2.266135E-07,-1.017204E+02,+2.762877E-02
+5.373535E+02,-3.022779E-06,-4.617876E-06,-1.051624E+02,-2.150386E+00
+5.375977E+02,+9.003752E-08,+4.102907E-06,-1.077361E+02,+1.548855E+00
+5.378418E+02,-5.490503E-06,-5.586364E-06,-1.021216E+02,-2.347540E+00
+5.380859E+02,+5.277926E-06,+5.382253E-06,-1.024546E+02,+7.951845E-01
+5.383301E+02,+1.445462E-06,-4.419951E-06,-1.066504E+02,-1.254728E+00
+5.385742E+02,-2.852523E-06,+1.174069E-06,-1.102158E+02,+2.751135E+00
+5.388184E+02,+1.698421E-07,+9.935291E-07,-1.199313E+02,+1.401485E+00
+5.390625E+02,+2.058735E-06,+4.171682E-07,-1.135532E+02,+1.999263E-01
+5.393066E+02,-1.813391E-06,-2.129894E-06,-1.110652E+02,-2.276103E+00
+5.395508E+02,+4.303539E-07,+3.985909E-06,-1.079391E+02,+1.463244E+00
+5.397949E+02,-1.289727E-07,-7.497782E-06,-1.025001E+02,-1.587996E+00
+5.400391E+02,+3.132228E-07,+9.092054E-06,-1.008216E+02,+1.536360E+00
+5.402832E+02,-1.151436E-06,-2.337356E-06,-1.116819E+02,-2.028525E+00
+5.405273E+02,+4.447031E-06,-1.001935E-06,-1.068235E+02,-2.216040E-01
+5.407715E+02,-6.244361E-06,-6.116442E-07,-1.040488E+02,-3.043953E+00
+5.410156E+02,+2.363166E-06,-1.398249E-06,-1.112265E+02,-5.342827E-01
+5.412598E+02,+3.834093E-06,+4.040040E-06,-1.050833E+02,+8.115471E-01
+5.415039E+02,-3.451562E-06,-4.863173E-06,-1.044899E+02,-2.188026E+00
+5.417480E+02,-3.074414E-06,-3.794064E-06,-1.062257E+02,-2.251800E+00
+5.419922E+02,+9.460890E-07,+5.165256E-06,-1.055949E+02,+1.389640E+00
+5.422363E+02,+6.814157E-07,+8.414098E-07,-1.193096E+02,+8.900782E-01
+5.424805E+02,+2.713671E-06,+3.058567E-06,-1.077679E+02,+8.450782E-01
+5.427246E+02,-2.271192E-06,-6.351919E-07,-1.125479E+02,-2.868887E+00
+5.429688E+02,+3.190777E-06,-9.212516E-06,-1.002204E+02,-1.237375E+00
+5.432129E+02,-2.191116E-06,+1.015914E-05,-9.966539E+01,+1.783222E+00
+5.434570E+02,+4.509709E-07,-5.780834E-06,-1.047338E+02,-1.492943E+00
+5.437012E+02,-3.123459E-06,+5.045949E-06,-1.045324E+02,+2.125072E+00
+5.439453E+02,+3.351007E-06,-8.496901E-06,-1.007870E+02,-1.195144E+00
+5.441895E+02,+6.898051E-07,+5.577652E-06,-1.050050E+02,+1.447748E+00
+5.444336E+02,-3.743923E-06,+4.598572E-06,-1.045390E+02,+2.254105E+00
+5.446777E+02,+9.026539E-07,-6.885943E-06,-1.031667E+02,-1.440453E+00
+5.449219E+02,+3.582207E-06,-5.004389E-07,-1.088330E+02,-1.388029E-01
+5.451660E+02,-1.287946E-06,+1.860538E-06,-1.129070E+02,+2.176298E+00
+5.454102E+02,-1.500721E-06,+2.596268E-06,-1.104611E+02,+2.094905E+00
+5.456543E+02,+3.280903E-07,-5.313159E-06,-1.054764E+02,-1.509124E+00
+5.458984E+02,+7.639582E-07,+4.854856E-06,-1.061702E+02,+1.414717E+00
+5.461426E+02,-5.120759E-06,+8.317346E-07,-1.057002E+02,+2.980575E+00
+5.463867E+02,+7.574531E-06,-5.806455E-06,-1.004054E+02,-6.540257E-01
+5.466309E+02,-4.560220E-06,+7.570698E-06,-1.010729E+02,+2.112943E+00
+5.468750E+02,-7.547226E-07,-8.241710E-06,-1.016434E+02,-1.662115E+00
+5.471191E+02,+1.803808E-06,+6.275699E-06,-1.037020E+02,+1.290914E+00
+5.473633E+02,+1.660127E-06,-4.825066E-06,-1.058440E+02,-1.239420E+00
+5.476074E+02,+5.371981E-07,+5.087215E-06,-1.058222E+02,+1.465589E+00
+5.478516E+02,-1.002247E-05,-4.837329E-06,-9.907105E+01,-2.691922E+00
+5.480957E+02,+1.528287E-05,+3.237545E-06,-9.612525E+01,+2.087553E-01
+5.483398E+02,-1.809248E-05,+3.126301E-06,-9.472226E+01,+2.970487E+00
+5.485840E+02,+1.842333E-05,-1.139140E-05,-9.328658E+01,-5.537769E-01
+5.488281E+02,-1.064995E-05,+8.180256E-06,-9.743913E+01,+2.486606E+00
+5.490723E+02,+1.501525E-06,-4.744894E-07,-1.160560E+02,-3.060749E-01
+5.493164E+02,+2.168624E-06,+2.802215E-06,-1.090117E+02,+9.121761E-01
+5.495605E+02,-2.648710E-06,-5.900358E-06,-1.037851E+02,-1.992741E+00
+5.498047E+02,+3.048161E-06,+3.653345E-06,-1.064516E+02,+8.754596E-01
+5.500488E+02,-1.802465E-06,-1.497059E-07,-1.148528E+02,-3.058727E+00
+5.502930E+02,-1.756067E-07,-3.209167E-07,-1.287346E+02,-2.071490E+00
+5.505371E+02,+2.116989E-06,-2.970694E-06,-1.087593E+02,-9.516478E-01
+5.507812E+02,-7.882563E-07,+6.227916E-06,-1.040441E+02,+1.696695E+00
+5.510254E+02,-3.881731E-06,-6.363012E-06,-1.025527E+02,-2.118570E+00
+5.512695E+02,+1.716197E-06,+4.481010E-06,-1.063780E+02,+1.205036E+00
+5.515137E+02,+3.295251E-06,+1.303888E-06,-1.090105E+02,+3.767827E-01
+5.517578E+02,-7.255012E-06,-9.439552E-07,-1.027143E+02,-3.012209E+00
+5.520020E+02,+6.893442E-07,-6.400441E-06,-1.038257E+02,-1.463507E+00
+5.522461E+02,+1.307174E-05,+4.621934E-06,-9.716173E+01,+3.398625E-01
+5.524902E+02,-9.891883E-06,+4.085201E-07,-1.000870E+02,+3.100317E+00
+5.527344E+02,-1.659084E-06,+2.936159E-06,-1.094410E+02,+2.085123E+00
+5.529785E+02,+4.259994E-06,-5.702906E-06,-1.029524E+02,-9.292267E-01
+5.532227E+02,-2.159163E-06,-1.115355E-06,-1.122871E+02,-2.664778E+00
+5.534668E+02,+1.661199E-06,+3.700638E-06,-1.078372E+02,+1.148861E+00
+5.537109E+02,-5.936703E-06,+5.151894E-06,-1.020911E+02,+2.426853E+00
+5.539551E+02,+5.926941E-06,-5.921980E-06,-1.015367E+02,-7.849795E-01
+5.541992E+02,+2.015724E-06,+7.985573E-07,-1.132782E+02,+3.771952E-01
+5.544434E+02,-2.224451E-06,-1.625153E-06,-1.111980E+02,-2.510633E+00
+5.546875E+02,-9.113901E-07,+5.608633E-06,-1.049097E+02,+1.731886E+00
+5.549316E+02,-1.706709E-06,-1.050653E-05,-9.945770E+01,-1.731832E+00
+5.551758E+02,+2.695443E-07,+1.327202E-05,-9.753946E+01,+1.550490E+00
+5.554199E+02,+3.248772E-06,-1.212125E-05,-9.802776E+01,-1.308928E+00
+5.556641E+02,-2.051715E-06,+9.445549E-06,-1.002952E+02,+1.784689E+00
+5.559082E+02,+1.165618E-07,-8.739128E-06,-1.011699E+02,-1.557459E+00
+5.561523E+02,+1.214030E-06,+1.097588E-05,-9.913840E+01,+1.460635E+00
+5.563965E+02,-4.443912E-06,-7.970252E-06,-1.007949E+02,-2.079427E+00
+5.566406E+02,+4.630622E-06,-1.407134E-07,-1.066832E+02,-3.037823E-02
+5.568848E+02,+1.315793E-06,+3.654598E-06,-1.082139E+02,+1.225207E+00
+5.571289E+02,-1.667666E-06,-7.564548E-06,-1.022182E+02,-1.787784E+00
+5.573730E+02,-3.778501E-06,+9.578900E-06,-9.974562E+01,+1.946518E+00
+5.576172E+02,+1.923672E-06,-5.038737E-06,-1.053627E+02,-1.206098E+00
+5.578613E+02,+7.280790E-07,+7.582718E-06,-1.023636E+02,+1.475072E+00
+5.581055E+02,-4.528451E-06,-6.816470E-06,-1.017411E+02,-2.157186E+00
+5.583496E+02,+1.084737E-05,-2.218541E-06,-9.911554E+01,-2.017412E-01
+5.585938E+02,-6.151254E-06,+2.146829E-06,-1.037215E+02,+2.805803E+00
+5.588379E+02,-1.225749E-06,+8.855302E-06,-1.009735E+02,+1.708342E+00
+5.590820E+02,+1.414269E-06,-1.393146E-05,-9.707554E+01,-1.469627E+00
+5.593262E+02,+1.935614E-06,+3.388828E-06,-1.081728E+02,+1.051841E+00
+5.595703E+02,-3.501986E-06,+8.615517E-06,-1.006303E+02,+1.956871E+00
+5.598145E+02,-1.415897E-06,-1.210887E-05,-9.827895E+01,-1.687198E+00
+5.600586E+02,+6.883733E-06,+1.134279E-05,-9.754376E+01,+1.025332E+00
+5.603027E+02,-4.023515E-06,-4.898066E-06,-1.039599E+02,-2.258480E+00
+5.605469E+02,+3.745884E-06,-4.947269E-06,-1.041446E+02,-9.227272E-01
+5.607910E+02,-2.985582E-06,+9.321472E-06,-1.001862E+02,+1.880763E+00
+5.610352E+02,-6.461081E-06,-5.913203E-06,-1.011514E+02,-2.400441E+00
+5.612793E+02,+5.391370E-06,+5.045139E-06,-1.026344E+02,+7.522354E-01
+5.615234E+02,+5.471663E-06,-6.986124E-06,-1.010378E+02,-9.063720E-01
+5.617676E+02,-5.890901E-06,+5.556614E-06,-1.018324E+02,+2.385388E+00
+5.620117E+02,-1.477677E-07,-5.181148E-06,-1.057079E+02,-1.599309E+00
+5.622559E+02,+4.202124E-06,+3.199756E-06,-1.055445E+02,+6.507962E-01
+5.625000E+02,-4.004157E-06,-7.089096E-07,-1.078157E+02,-2.966365E+00
+5.627441E+02,-1.299451E-06,-1.415260E-06,-1.143279E+02,-2.313561E+00
+5.629883E+02,+6.088139E-06,+6.277515E-06,-1.011649E+02,+8.007116E-01
+5.632324E+02,-5.089074E-06,-6.869238E-06,-1.013617E+02,-2.208416E+00
+5.634766E+02,+1.157928E-06,+5.044633E-06,-1.057204E+02,+1.345168E+00
+5.637207E+02,-1.017489E-07,-5.298070E-06,-1.055160E+02,-1.589999E+00
+5.639648E+02,+1.896768E-06,+5.016882E-06,-1.054111E+02,+1.209331E+00
+5.642090E+02,-2.644535E-06,-1.612145E-06,-1.101806E+02,-2.594134E+00
+5.644531E+02,+2.550562E-06,-1.076439E-06,-1.111554E+02,-3.993607E-01
+5.646973E+02,-2.200248E-06,+1.497526E-06,-1.114974E+02,+2.543994E+00
+5.649414E+02,-2.279037E-06,-1.174372E-06,-1.118223E+02,-2.665786E+00
+5.651855E+02,+8.504276E-06,-3.353204E-06,-1.007797E+02,-3.755797E-01
+5.654297E+02,-5.278314E-06,+5.930888E-06,-1.020041E+02,+2.298043E+00
+5.656738E+02,-1.309995E-06,+5.942563E-07,-1.168419E+02,+2.715722E+00
+5.659180E+02,+3.282221E-06,-7.776118E-06,-1.014727E+02,-1.171393E+00
+5.661621E+02,+9.917342E-07,+5.166127E-06,-1.055795E+02,+1.381135E+00
+5.664062E+02,-6.176315E-06,-7.145003E-07,-1.041277E+02,-3.026421E+00
+5.666504E+02,+6.863320E-06,+2.023336E-07,-1.032655E+02,+2.947189E-02
+5.668945E+02,-3.489676E-06,+3.860124E-06,-1.056738E+02,+2.305835E+00
+5.671387E+02,-1.209589E-06,-7.100372E-06,-1.028501E+02,-1.739532E+00
+5.673828E+02,+1.549252E-06,+2.765377E-06,-1.099794E+02,+1.060132E+00
+5.676270E+02,+2.013090E-08,-7.208214E-07,-1.228401E+02,-1.542876E+00
+5.678711E+02,+1.245835E-06,+3.142073E-06,-1.094215E+02,+1.193310E+00
+5.681152E+02,-5.597301E-06,-3.928694E-06,-1.033008E+02,-2.529599E+00
+5.683594E+02,+7.802848E-06,+6.458847E-06,-9.988847E+01,+6.914371E-01
+5.686035E+02,-2.877603E-06,-6.986895E-06,-1.024338E+02,-1.961482E+00
+5.688477E+02,+3.408809E-07,+5.079516E-06,-1.058640E+02,+1.503788E+00
+5.690918E+02,-2.923605E-06,-7.255877E-06,-1.021328E+02,-1.953825E+00
+5.693359E+02,+9.879565E-07,+4.460183E-06,-1.068049E+02,+1.352810E+00
+5.695801E+02,-1.163608E-06,+1.186531E-06,-1.155880E+02,+2.346441E+00
+5.698242E+02,+8.305901E-06,-7.736845E-07,-1.015747E+02,-9.288076E-02
+5.700684E+02,-1.072037E-05,-2.759196E-06,-9.911724E+01,-2.889681E+00
+5.703125E+02,+5.851524E-06,+6.876298E-06,-1.008872E+02,+8.657393E-01
+5.705566E+02,+2.308418E-07,-7.162197E-06,-1.028946E+02,-1.538577E+00
+5.708008E+02,-2.631355E-06,+9.994698E-07,-1.110111E+02,+2.778594E+00
+5.710449E+02,+1.193141E-06,+1.481807E-06,-1.144137E+02,+8.928968E-01
+5.712891E+02,+4.259399E-07,+3.549213E-06,-1.089353E+02,+1.451358E+00
+5.715332E+02,+1.305143E-06,-1.161010E-05,-9.864874E+01,-1.458852E+00
+5.717773E+02,-2.556642E-06,+8.784491E-06,-1.007726E+02,+1.854013E+00
+5.720215E+02,-2.734876E-06,+1.692774E-06,-1.098527E+02,+2.587350E+00
+5.722656E+02,+4.622656E-06,-8.773208E-06,-1.000728E+02,-1.085856E+00
+5.725098E+02,+3.980779E-07,+8.714827E-06,-1.011858E+02,+1.525150E+00
+5.727539E+02,-2.940525E-06,+1.364625E-06,-1.097844E+02,+2.707096E+00
+5.729980E+02,+2.188008E-06,-3.309030E-06,-1.080308E+02,-9.865716E-01
+5.732422E+02,+1.211255E-06,-3.497768E-06,-1.086323E+02,-1.237427E+00
+5.734863E+02,-1.371363E-06,+1.874406E-06,-1.126809E+02,+2.202434E+00
+5.737305E+02,-5.550653E-06,+3.047203E-06,-1.039691E+02,+2.639532E+00
+5.739746E+02,+9.073421E-06,-1.843451E-06,-1.006689E+02,-2.004422E-01
+5.742188E+02,-6.054215E-06,+1.907096E-07,-1.043545E+02,+3.110103E+00
+5.744629E+02,+4.767631E-06,-1.546745E-06,-1.059993E+02,-3.137129E-01
+5.747070E+02,+9.033645E-07,-6.554466E-07,-1.190459E+02,-6.276762E-01
+5.749512E+02,-5.823583E-06,+1.693057E-06,-1.043438E+02,+2.858667E+00
+5.751953E+02,-4.931263E-06,-2.130917E-06,-1.053973E+02,-2.733703E+00
+5.754395E+02,+1.042150E-05,+3.728607E-06,-9.911828E+01,+3.435890E-01
+5.756836E+02,+6.005336E-07,-5.766663E-06,-1.047347E+02,-1.467031E+00
+5.759277E+02,-1.032382E-05,+8.051675E-06,-9.765961E+01,+2.479221E+00
+5.761719E+02,+7.643897E-06,-6.012406E-06,-1.002421E+02,-6.664937E-01
+5.764160E+02,+1.041345E-06,-3.951659E-08,-1.196419E+02,-3.792944E-02
+5.766602E+02,+8.466939E-07,+3.801377E-06,-1.081909E+02,+1.351640E+00
+5.769043E+02,-6.808430E-06,-4.516955E-06,-1.017550E+02,-2.555830E+00
+5.771484E+02,+1.575023E-06,+2.618207E-06,-1.102985E+02,+1.029227E+00
+5.773926E+02,+5.931722E-07,+2.538723E-06,-1.116768E+02,+1.341264E+00
+5.776367E+02,+5.817204E-06,-5.717399E-06,-1.017699E+02,-7.767457E-01
+5.778809E+02,-1.379822E-05,+4.665188E-06,-9.673347E+01,+2.815557E+00
+5.781250E+02,+9.827426E-06,-1.814128E-06,-1.000057E+02,-1.825435E-01
+5.783691E+02,+5.861789E-06,+1.948927E-06,-1.041840E+02,+3.209822E-01
+5.786133E+02,-8.963467E-06,-4.155452E-06,-1.001050E+02,-2.707488E+00
+5.788574E+02,-3.695963E-07,+3.837276E-06,-1.082794E+02,+1.666817E+00
+5.791016E+02,+7.537007E-07,-2.484380E-06,-1.117133E+02,-1.276245E+00
+5.793457E+02,+4.154370E-06,+1.572260E-06,-1.070486E+02,+3.618000E-01
+5.795898E+02,-3.455422E-06,+1.799771E-06,-1.081875E+02,+2.661401E+00
+5.798340E+02,+4.300675E-06,-1.056098E-05,-9.885956E+01,-1.184079E+00
+5.800781E+02,-3.775042E-06,+1.499944E-05,-9.621177E+01,+1.817354E+00
+5.803223E+02,+1.157230E-06,-4.862605E-06,-1.060234E+02,-1.337157E+00
+5.805664E+02,-4.263311E-06,-4.940744E-06,-1.037073E+02,-2.282725E+00
+5.808105E+02,+5.336803E-06,-1.203956E-07,-1.054522E+02,-2.255568E-02
+5.810547E+02,-3.501410E-06,+8.247329E-06,-1.009540E+02,+1.972286E+00
+5.812988E+02,+6.180800E-07,-9.949943E-06,-1.000269E+02,-1.508757E+00
+5.815430E+02,+3.917019E-06,+5.099693E-06,-1.038353E+02,+9.158183E-01
+5.817871E+02,-3.240128E-06,+2.295268E-06,-1.080226E+02,+2.525259E+00
+5.820312E+02,-2.994422E-07,-1.742118E-07,-1.292076E+02,-2.614672E+00
+5.822754E+02,-2.212848E-06,-4.399802E-06,-1.061520E+02,-2.036795E+00
+5.825195E+02,+2.355550E-06,+2.194723E-06,-1.098441E+02,+7.500685E-01
+5.827637E+02,+4.059810E-06,-1.122015E-06,-1.075102E+02,-2.696407E-01
+5.830078E+02,-7.457980E-06,+1.478972E-07,-1.025459E+02,+3.121764E+00
+5.832520E+02,+8.513266E-06,+2.192842E-06,-1.011191E+02,+2.520994E-01
+5.834961E+02,-6.993896E-06,-2.567497E-06,-1.025565E+02,-2.789761E+00
+5.837402E+02,-4.006131E-06,+2.068118E-06,-1.069194E+02,+2.665039E+00
+5.839844E+02,+9.992900E-06,+3.274343E-06,-9.956326E+01,+3.166422E-01
+5.842285E+02,-4.127394E-06,-4.754284E-06,-1.040188E+02,-2.285729E+00
+5.844727E+02,+1.904106E-06,-3.155510E-06,-1.086701E+02,-1.027864E+00
+5.847168E+02,-1.991025E-06,+9.657332E-06,-1.001221E+02,+1.774115E+00
+5.849609E+02,+5.744064E-06,-6.966125E-06,-1.008873E+02,-8.812517E-01
+5.852051E+02,-1.247868E-05,-2.095204E-06,-9.795589E+01,-2.975242E+00
+5.854492E+02,+7.511282E-06,+5.919499E-06,-1.003877E+02,+6.674309E-01
+5.856934E+02,+2.397732E-06,-4.111313E-06,-1.064489E+02,-1.042819E+00
+5.859375E+02,-3.976105E-06,+6.495739E-06,-1.023654E+02,+2.120072E+00
+5.861816E+02,+2.762129E-07,-8.924507E-06,-1.009842E+02,-1.539856E+00
+5.864258E+02,-1.692213E-06,+4.258156E-06,-1.067787E+02,+1.949064E+00
+5.866699E+02,+4.695703E-06,+1.863323E-06,-1.059309E+02,+3.777572E-01
+5.869141E+02,+3.917893E-07,-6.424267E-06,-1.038274E+02,-1.509886E+00
+5.871582E+02,-6.068125E-06,+7.444159E-06,-1.003509E+02,+2.254709E+00
+5.874023E+02,+2.624928E-06,-1.606130E-06,-1.102365E+02,-5.491058E-01
+5.876465E+02,+3.445929E-06,+1.466900E-06,-1.085306E+02,+4.024556E-01
+5.878906E+02,-5.794457E-06,-7.110037E-06,-1.007506E+02,-2.254598E+00
+5.881348E+02,+3.521428E-06,-7.186986E-07,-1.088884E+02,-2.013280E-01
+5.883789E+02,+4.893800E-06,+1.298576E-05,-9.715390E+01,+1.210397E+00
+5.886230E+02,-1.212466E-05,-4.393728E-06,-9.779076E+01,-2.793932E+00
+5.888672E+02,+1.238440E-05,-8.402966E-06,-9.649784E+01,-5.961585E-01
+5.891113E+02,-1.269686E-05,+4.817807E-06,-9.734189E+01,+2.778927E+00
+5.893555E+02,+1.362890E-05,+3.956118E-06,-9.695946E+01,+2.825104E-01
+5.895996E+02,-6.959709E-06,-9.269213E-06,-9.871743E+01,-2.214836E+00
+5.898438E+02,-4.588795E-06,+5.047276E-06,-1.033225E+02,+2.308651E+00
+5.900879E+02,+6.872288E-06,+3.177247E-06,-1.024167E+02,+4.330579E-01
+5.903320E+02,-1.171356E-06,-2.526196E-06,-1.111049E+02,-2.004971E+00
+5.905762E+02,-3.265486E-06,+1.832319E-06,-1.085323E+02,+2.630255E+00
+5.908203E+02,+3.429044E-06,-2.342801E-06,-1.076328E+02,-5.993770E-01
+5.910645E+02,+3.823524E-06,+3.669540E-06,-1.055153E+02,+7.648508E-01
+5.913086E+02,-9.081251E-06,-8.982915E-06,-9.787381E+01,-2.361638E+00
+5.915527E+02,+6.619724E-06,+1.364817E-05,-9.638096E+01,+1.119199E+00
+5.917969E+02,-7.829459E-07,-1.195354E-05,-9.843147E+01,-1.636202E+00
+5.920410E+02,-6.406685E-06,+2.523773E-06,-1.032408E+02,+2.766332E+00
+5.922852E+02,+6.073192E-06,+7.049183E-06,-1.006261E+02,+8.596376E-01
+5.925293E+02,+5.497539E-06,-7.752321E-06,-1.004421E+02,-9.539574E-01
+5.927734E+02,-4.278791E-06,+3.981843E-06,-1.046644E+02,+2.392126E+00
+5.930176E+02,-1.044749E-05,-2.314937E-06,-9.941161E+01,-2.923537E+00
+5.932617E+02,+1.573757E-05,-4.771746E-06,-9.567928E+01,-2.943966E-01
+5.935059E+02,-1.223679E-05,+1.000375E-05,-9.602383E+01,+2.456263E+00
+5.937500E+02,+6.885534E-06,-4.532425E-06,-1.016779E+02,-5.821552E-01
+5.939941E+02,-3.179877E-06,+2.268373E-06,-1.081653E+02,+2.521961E+00
+5.942383E+02,-1.187034E-06,-9.906017E-07,-1.162154E+02,-2.446155E+00
+5.944824E+02,+5.869511E-06,-2.449091E-06,-1.039309E+02,-3.952934E-01
+5.947266E+02,-6.059737E-06,+2.946914E-06,-1.034290E+02,+2.688956E+00
+5.949707E+02,+3.893462E-06,+1.383112E-06,-1.076771E+02,+3.413350E-01
+5.952148E+02,+2.207184E-06,-8.171830E-06,-1.014478E+02,-1.306994E+00
+5.954590E+02,-2.801589E-06,+5.485287E-06,-1.042093E+02,+2.043004E+00
+5.957031E+02,-7.224294E-06,+2.545510E-06,-1.023158E+02,+2.802822E+00
+5.959473E+02,+1.486104E-05,-3.347234E-06,-9.634410E+01,-2.215385E-01
+5.961914E+02,-1.330348E-05,+1.720451E-06,-9.744866E+01,+3.012983E+00
+5.964355E+02,+9.698485E-06,-2.981160E-06,-9.987383E+01,-2.982173E-01
+5.966797E+02,-8.489092E-06,+5.079091E-06,-1.000939E+02,+2.602418E+00
+5.969238E+02,+7.895989E-06,-6.083123E-06,-1.000283E+02,-6.564339E-01
+5.971680E+02,-6.475465E-06,+3.245832E-06,-1.028011E+02,+2.676945E+00
+5.974121E+02,+3.312188E-06,+1.699044E-06,-1.085832E+02,+4.739676E-01
+5.976562E+02,+1.171075E-06,-5.571557E-06,-1.048927E+02,-1.363624E+00
+5.979004E+02,-3.940593E-06,+2.291890E-06,-1.068233E+02,+2.614805E+00
+5.981445E+02,+7.213977E-06,+3.189988E-06,-1.020609E+02,+4.163448E-01
+5.983887E+02,-4.668163E-06,-5.302686E-07,-1.065614E+02,-3.028485E+00
+5.986328E+02,-3.849929E-06,+4.685942E-07,-1.082271E+02,+3.020473E+00
+5.988770E+02,+6.840112E-06,-1.076603E-06,-1.031925E+02,-1.561147E-01
+5.991211E+02,-3.228668E-06,-3.794373E-06,-1.060517E+02,-2.275818E+00
+5.993652E+02,-1.548841E-07,+2.285731E-06,-1.127996E+02,+1.638454E+00
+5.996094E+02,-8.346578E-07,-1.282762E-07,-1.214684E+02,-2.989099E+00
+5.998535E+02,-1.822044E-06,-1.865572E-06,-1.116748E+02,-2.344391E+00
+6.000977E+02,+6.438838E-06,+5.323217E-06,-1.015617E+02,+6.908319E-01
+6.003418E+02,-6.461407E-06,-5.649595E-06,-1.013272E+02,-2.423125E+00
+6.005859E+02,+9.576781E-06,+1.037056E-05,-9.700573E+01,+8.251711E-01
+6.008301E+02,-1.206063E-05,-9.919680E-06,-9.612862E+01,-2.453291E+00
+6.010742E+02,+5.239333E-06,-2.566294E-06,-1.046806E+02,-4.554650E-01
+6.013184E+02,+6.415800E-06,+5.261969E-06,-1.016209E+02,+6.869120E-01
+6.015625E+02,-8.381634E-06,+2.137948E-06,-1.012597E+02,+2.891843E+00
+6.018066E+02,+4.530902E-06,-1.324052E-06,-1.065204E+02,-2.843105E-01
+6.020508E+02,-4.244244E-06,-4.087871E-06,-1.045937E+02,-2.374960E+00
+6.022949E+02,+2.040535E-06,-4.674676E-07,-1.135830E+02,-2.252045E-01
+6.025391E+02,+1.873473E-06,+8.043947E-06,-1.016612E+02,+1.341971E+00
+6.027832E+02,-5.401605E-06,-7.249043E-06,-1.008764E+02,-2.211185E+00
+6.030273E+02,+5.491384E-06,+1.494716E-06,-1.048960E+02,+2.657547E-01
+6.032715E+02,-2.016678E-06,+2.048819E-06,-1.108278E+02,+2.348289E+00
+6.035156E+02,+4.179012E-07,+1.567264E-06,-1.157989E+02,+1.310215E+00
+6.037598E+02,+1.966289E-06,-1.234305E-05,-9.806271E+01,-1.412820E+00
+6.040039E+02,-3.861269E-06,+1.249187E-05,-9.767116E+01,+1.870583E+00
+6.042480E+02,-6.410732E-09,-4.811430E-07,-1.263538E+02,-1.584119E+00
+6.044922E+02,-3.444164E-08,-3.405287E-06,-1.093565E+02,-1.580910E+00
+6.047363E+02,+2.148973E-06,+4.275597E-06,-1.064019E+02,+1.105060E+00
+6.049805E+02,+5.620737E-06,-3.904941E-06,-1.032937E+02,-6.071858E-01
+6.052246E+02,-6.948664E-06,-2.017420E-06,-1.028105E+02,-2.859029E+00
+6.054688E+02,-2.063062E-06,-9.336337E-07,-1.129006E+02,-2.716622E+00
+6.057129E+02,+3.464156E-06,+4.373179E-06,-1.050689E+02,+9.008684E-01
+6.059570E+02,-2.252931E-06,-2.489984E-06,-1.094786E+02,-2.306256E+00
+6.062012E+02,+1.434556E-06,+2.171696E-06,-1.116914E+02,+9.870266E-01
+6.064453E+02,+2.896435E-06,+2.275583E-06,-1.086750E+02,+6.659292E-01
+6.066895E+02,-4.385772E-06,-4.780894E-06,-1.037580E+02,-2.313117E+00
+6.069336E+02,+3.020972E-06,+2.081907E-06,-1.087094E+02,+6.034080E-01
+6.071777E+02,-2.152282E-06,-4.705381E-06,-1.057230E+02,-1.999794E+00
+6.074219E+02,-5.173866E-06,+8.546294E-06,-1.000083E+02,+2.115172E+00
+6.076660E+02,+1.052380E-05,-3.429144E-06,-9.911831E+01,-3.149973E-01
+6.079102E+02,-1.846217E-06,-2.185976E-06,-1.108688E+02,-2.272132E+00
+6.081543E+02,-2.441261E-06,-2.192438E-06,-1.096792E+02,-2.409842E+00
+6.083984E+02,-1.941314E-06,+3.195177E-06,-1.085456E+02,+2.116768E+00
+6.086426E+02,+3.696928E-06,+6.947985E-06,-1.020802E+02,+1.081810E+00
+6.088867E+02,-4.212877E-06,-1.284803E-05,-9.737976E+01,-1.887650E+00
+6.091309E+02,+1.262817E-06,+7.195526E-06,-1.027270E+02,+1.397065E+00
+6.093750E+02,+3.083908E-06,+7.929765E-07,-1.099399E+02,+2.516814E-01
+6.096191E+02,-4.556742E-06,-4.810558E-06,-1.035748E+02,-2.329105E+00
+6.098633E+02,+3.451907E-06,+3.256969E-06,-1.064736E+02,+7.563497E-01
+6.101074E+02,-1.928737E-06,-2.084980E-06,-1.109328E+02,-2.317287E+00
+6.103516E+02,-2.432791E-06,+1.200875E-06,-1.113309E+02,+2.683062E+00
+6.105957E+02,+3.815368E-06,+3.043104E-06,-1.062310E+02,+6.732703E-01
+6.108398E+02,+2.481460E-06,-4.077605E-06,-1.064236E+02,-1.024108E+00
+6.110840E+02,-5.361990E-06,-5.468126E-07,-1.053685E+02,-3.039965E+00
+6.113281E+02,+2.683981E-07,+5.556951E-06,-1.050931E+02,+1.522534E+00
+6.115723E+02,-4.610479E-06,-5.432242E-06,-1.029443E+02,-2.274550E+00
+6.118164E+02,+9.908263E-06,+4.415370E-06,-9.929337E+01,+4.192098E-01
+6.120605E+02,-8.290218E-07,-5.288744E-06,-1.054275E+02,-1.726283E+00
+6.123047E+02,-1.091785E-06,+4.794005E-06,-1.061664E+02,+1.794717E+00
+6.125488E+02,-1.159498E-06,-4.868568E-06,-1.060124E+02,-1.804601E+00
+6.127930E+02,-7.111189E-06,+2.788094E-06,-1.023402E+02,+2.767940E+00
+6.130371E+02,+1.341399E-05,+2.091873E-06,-9.734448E+01,+1.547011E-01
+6.132812E+02,-9.297722E-06,-2.052684E-06,-1.004258E+02,-2.924305E+00
+6.135254E+02,+3.963809E-06,-3.426787E-06,-1.056138E+02,-7.128628E-01
+6.137695E+02,-4.552726E-06,+7.534984E-06,-1.011068E+02,+2.114307E+00
+6.140137E+02,+2.100363E-06,-7.489470E-06,-1.021822E+02,-1.297378E+00
+6.142578E+02,+5.019456E-06,+5.272879E-06,-1.027574E+02,+8.100157E-01
+6.145020E+02,-7.477080E-06,-7.152707E-07,-1.024858E+02,-3.046221E+00
+6.147461E+02,+5.481425E-06,-5.229635E-06,-1.024113E+02,-7.618951E-01
+6.149902E+02,-3.296590E-06,+3.498807E-06,-1.063622E+02,+2.326445E+00
+6.152344E+02,+1.098524E-07,+6.036715E-06,-1.043825E+02,+1.552601E+00
+6.154785E+02,-3.063253E-06,-7.214711E-06,-1.021158E+02,-1.972315E+00
+6.157227E+02,+6.282596E-06,+3.466571E-06,-1.028829E+02,+5.042039E-01
+6.159668E+02,-3.644216E-06,-4.941967E-06,-1.042362E+02,-2.206186E+00
+6.162109E+02,+3.816100E-06,+3.517445E-06,-1.056968E+02,+7.446962E-01
+6.164551E+02,-3.682230E-06,+3.512768E-07,-1.086384E+02,+3.046483E+00
+6.166992E+02,-1.336709E-06,-2.174939E-06,-1.118594E+02,-2.121879E+00
+6.169434E+02,+1.563244E-06,+2.091979E-06,-1.116621E+02,+9.290537E-01
+6.171875E+02,+1.140585E-06,-5.686308E-06,-1.047321E+02,-1.372839E+00
+6.174316E+02,-2.186423E-06,+1.106420E-05,-9.895524E+01,+1.765895E+00
+6.176758E+02,+3.151553E-06,-2.668883E-06,-1.076814E+02,-7.026607E-01
+6.179199E+02,-1.620573E-06,-6.943204E-06,-1.029384E+02,-1.800095E+00
+6.181641E+02,-2.483235E-06,+8.030293E-06,-1.015088E+02,+1.870703E+00
+6.184082E+02,+6.911331E-06,-2.989347E-06,-1.024640E+02,-4.082299E-01
+6.186523E+02,-5.131311E-06,-5.528183E-06,-1.024496E+02,-2.318980E+00
+6.188965E+02,-2.231137E-06,+5.745109E-06,-1.042040E+02,+1.941223E+00
+6.191406E+02,+2.242531E-06,+2.145132E-06,-1.101635E+02,+7.632034E-01
+6.193848E+02,+2.182000E-06,-4.960576E-06,-1.053212E+02,-1.156400E+00
+6.196289E+02,-6.486015E-07,+5.292794E-07,-1.215439E+02,+2.457152E+00
+6.198730E+02,-3.070764E-06,+4.359610E-06,-1.054613E+02,+2.184447E+00
+6.201172E+02,+5.202851E-06,-5.776396E-07,-1.056220E+02,-1.105708E-01
+6.203613E+02,-3.867359E-06,-9.682584E-06,-9.963734E+01,-1.950797E+00
+6.206055E+02,-6.673012E-08,+9.457813E-06,-1.004840E+02,+1.577852E+00
+6.208496E+02,+5.903924E-07,-3.016829E-06,-1.102458E+02,-1.377539E+00
+6.210938E+02,-1.992455E-06,+1.672550E-06,-1.116958E+02,+2.443260E+00
+6.213379E+02,+1.553641E-06,-1.942396E-06,-1.120854E+02,-8.961421E-01
+6.215820E+02,+5.884400E-06,-1.043442E-06,-1.044715E+02,-1.754992E-01
+6.218262E+02,-6.522465E-06,+5.500227E-06,-1.013790E+02,+2.441016E+00
+6.220703E+02,+1.581562E-06,-2.174037E-06,-1.114100E+02,-9.418664E-01
+6.223145E+02,+1.842840E-06,-4.272111E-06,-1.066460E+02,-1.163547E+00
+6.225586E+02,-2.455043E-06,+3.563908E-06,-1.072749E+02,+2.174008E+00
+6.228027E+02,+1.445805E-06,+2.772578E-06,-1.100977E+02,+1.090124E+00
+6.230469E+02,-5.113061E-06,-6.300869E-06,-1.018148E+02,-2.252501E+00
+6.232910E+02,+6.311119E-06,+5.005108E-06,-1.018788E+02,+6.704960E-01
+6.235352E+02,-2.839928E-06,-1.022659E-06,-1.104043E+02,-2.795948E+00
+6.237793E+02,+1.413134E-06,-6.139682E-06,-1.040129E+02,-1.344572E+00
+6.240234E+02,+2.476696E-06,+8.316732E-06,-1.012319E+02,+1.281362E+00
+6.242676E+02,-3.067316E-06,+3.980203E-07,-1.101923E+02,+3.012552E+00
+6.245117E+02,+1.132711E-06,-5.349732E-06,-1.052429E+02,-1.362146E+00
+6.247559E+02,-6.233039E-06,+3.167852E-06,-1.031081E+02,+2.671378E+00
+6.250000E+02,+7.214982E-06,-1.582581E-06,-1.026312E+02,-2.159269E-01
+6.252441E+02,+1.811115E-06,+3.278019E-07,-1.147011E+02,+1.790561E-01
+6.254883E+02,-8.776615E-06,-1.081146E-06,-1.010680E+02,-3.019025E+00
+6.257324E+02,+6.261704E-06,+5.694090E-06,-1.014490E+02,+7.379577E-01
+6.259766E+02,+4.240495E-06,-6.552986E-06,-1.021522E+02,-9.964563E-01
+6.262207E+02,-1.232120E-05,-3.558996E-06,-9.783891E+01,-2.860395E+00
+6.264648E+02,+7.672395E-06,+9.566475E-06,-9.822800E+01,+8.948318E-01
+6.267090E+02,-1.256833E-06,-3.201090E-06,-1.092714E+02,-1.944930E+00
+6.269531E+02,+3.870346E-06,-5.335190E-06,-1.036207E+02,-9.432015E-01
+6.271973E+02,-4.780272E-06,+1.184991E-05,-9.787090E+01,+1.954232E+00
+6.274414E+02,+2.268788E-06,-7.498030E-06,-1.021206E+02,-1.276970E+00
+6.276855E+02,-1.864239E-06,+1.838472E-06,-1.116397E+02,+2.363153E+00
+6.279297E+02,+2.251558E-06,-2.292569E-06,-1.098609E+02,-7.944231E-01
+6.281738E+02,-2.894100E-06,+1.897129E-07,-1.107511E+02,+3.076135E+00
+6.284180E+02,+8.298708E-06,+4.911039E-06,-1.003158E+02,+5.343561E-01
+6.286621E+02,-9.264956E-06,-7.216448E-06,-9.860384E+01,-2.479852E+00
+6.289062E+02,+3.721377E-06,+1.372286E-06,-1.080322E+02,+3.532867E-01
+6.291504E+02,+5.791126E-07,+2.118230E-06,-1.131675E+02,+1.303923E+00
+6.293945E+02,-4.783225E-06,-4.022153E-06,-1.040830E+02,-2.442413E+00
+6.296387E+02,+3.425951E-06,+7.138730E-06,-1.020274E+02,+1.123349E+00
+6.298828E+02,+1.029846E-06,-3.325941E-06,-1.091641E+02,-1.270519E+00
+6.301270E+02,+3.036650E-06,-1.358414E-06,-1.095599E+02,-4.206393E-01
+6.303711E+02,-1.021061E-05,+4.010097E-06,-9.919600E+01,+2.767362E+00
+6.306152E+02,+3.775919E-06,-4.413974E-06,-1.047185E+02,-8.631487E-01
+6.308594E+02,+3.566383E-06,+2.114730E-06,-1.076469E+02,+5.352284E-01
+6.311035E+02,+3.420208E-06,-4.324746E-06,-1.051711E+02,-9.016622E-01
+6.313477E+02,-6.061889E-06,+6.215228E-06,-1.012277E+02,+2.343705E+00
+6.315918E+02,+5.569070E-06,+1.744942E-06,-1.046776E+02,+3.036384E-01
+6.318359E+02,-7.377630E-06,-6.479569E-06,-1.001586E+02,-2.420912E+00
+6.320801E+02,+6.018520E-06,+2.833699E-06,-1.035406E+02,+4.400403E-01
+6.323242E+02,-3.252664E-07,-4.826327E-07,-1.247014E+02,-2.163819E+00
+6.325684E+02,-4.127916E-06,+4.807998E-07,-1.076269E+02,+3.025640E+00
+6.328125E+02,-4.434547E-07,-5.155901E-06,-1.057219E+02,-1.656594E+00
+6.330566E+02,+7.216704E-06,+4.040545E-06,-1.016490E+02,+5.104030E-01
+6.333008E+02,-4.677172E-06,-3.032694E-06,-1.050761E+02,-2.566340E+00
+6.335449E+02,-2.542455E-06,+1.059520E-05,-9.925468E+01,+1.806306E+00
+6.337891E+02,+6.344622E-06,-6.702216E-06,-1.006969E+02,-8.127998E-01
+6.340332E+02,-6.336889E-06,-1.945217E-06,-1.035714E+02,-2.843756E+00
+6.342773E+02,+1.075279E-06,+1.553034E-06,-1.144756E+02,+9.652072E-01
+6.345215E+02,+6.390595E-06,-2.384297E-06,-1.033232E+02,-3.570993E-01
+6.347656E+02,-1.017718E-05,+3.322980E-06,-9.940750E+01,+2.825993E+00
+6.350098E+02,+1.072930E-05,-6.495938E-06,-9.803230E+01,-5.444091E-01
+6.352539E+02,-8.644187E-06,+8.293931E-06,-9.843114E+01,+2.376870E+00
+6.354980E+02,+5.176751E-06,-5.222045E-06,-1.026706E+02,-7.897538E-01
+6.357422E+02,-3.809130E-06,+2.376810E-06,-1.069554E+02,+2.583729E+00
+6.359863E+02,+1.800612E-08,-2.022463E-06,-1.138820E+02,-1.561893E+00
+6.362305E+02,+5.884408E-06,+6.416753E-06,-1.012032E+02,+8.286471E-01
+6.364746E+02,-4.493695E-06,-6.281573E-06,-1.022438E+02,-2.191768E+00
+6.367188E+02,-6.249736E-07,+2.635260E-07,-1.233721E+02,+2.742555E+00
+6.369629E+02,-1.645207E-06,+2.314480E-07,-1.155905E+02,+3.001830E+00
+6.372070E+02,+2.394727E-06,-6.992924E-08,-1.124112E+02,-2.919304E-02
+6.374512E+02,+3.332945E-07,+1.747950E-06,-1.149943E+02,+1.382381E+00
+6.376953E+02,+6.838157E-08,-3.367347E-06,-1.094525E+02,-1.550492E+00
+6.379395E+02,+7.418700E-06,+5.123509E-06,-1.008998E+02,+6.044035E-01
+6.381836E+02,-1.197827E-05,-4.239976E-06,-9.791946E+01,-2.801383E+00
+6.384277E+02,+3.016216E-06,+3.057499E-06,-1.073410E+02,+7.921950E-01
+6.386719E+02,+3.369481E-06,-4.202229E-06,-1.053742E+02,-8.949394E-01
+6.389160E+02,-4.694734E-06,+2.648289E-06,-1.053680E+02,+2.627990E+00
+6.391602E+02,+2.675162E-06,-2.596500E-08,-1.114526E+02,-9.705652E-03
+6.394043E+02,+5.068286E-06,+7.498994E-07,-1.058087E+02,+1.468934E-01
+6.396484E+02,-9.286096E-06,+5.308541E-07,-1.006292E+02,+3.084488E+00
+6.398926E+02,+4.832024E-06,-4.904724E-06,-1.032418E+02,-7.928646E-01
+6.401367E+02,-1.322059E-06,+9.045081E-06,-1.007799E+02,+1.715932E+00
+6.403809E+02,-8.062942E-07,-1.049718E-05,-9.955299E+01,-1.647456E+00
+6.406250E+02,+9.097298E-07,+1.027525E-05,-9.973024E+01,+1.482491E+00
+6.408691E+02,+6.065395E-06,-1.343878E-05,-9.662761E+01,-1.146832E+00
+6.411133E+02,-8.092838E-06,+1.055854E-05,-9.752084E+01,+2.224757E+00
+6.413574E+02,+1.332008E-06,-3.195766E-06,-1.092128E+02,-1.175888E+00
+6.416016E+02,+2.488893E-06,+3.310961E-06,-1.076556E+02,+9.261997E-01
+6.418457E+02,-5.251160E-07,-4.261176E-06,-1.073439E+02,-1.693411E+00
+6.420898E+02,+8.196267E-10,-1.633624E-06,-1.157370E+02,-1.570295E+00
+6.423340E+02,-1.837087E-06,+4.258589E-06,-1.066735E+02,+1.978062E+00
+6.425781E+02,-1.407946E-06,+7.244047E-07,-1.160083E+02,+2.666403E+00
+6.428223E+02,+4.652096E-06,+3.140808E-07,-1.066273E+02,+6.741152E-02
+6.430664E+02,-8.237622E-06,-7.503747E-06,-9.906002E+01,-2.402781E+00
+6.433105E+02,+1.064369E-05,+9.294770E-06,-9.699663E+01,+7.178470E-01
+6.435547E+02,-3.057611E-06,-5.843296E-06,-1.036158E+02,-2.052885E+00
+6.437988E+02,-9.176272E-06,+1.885058E-06,-1.005672E+02,+2.938984E+00
+6.440430E+02,+6.689728E-06,+9.275915E-07,-1.034091E+02,+1.377805E-01
+6.442871E+02,+6.599438E-06,+9.759159E-07,-1.035159E+02,+1.468146E-01
+6.445312E+02,-6.836157E-06,-3.695190E-06,-1.021905E+02,-2.646044E+00
+6.447754E+02,+8.528515E-07,+2.230438E-06,-1.124396E+02,+1.205580E+00
+6.450195E+02,-3.038101E-06,-1.356868E-06,-1.095581E+02,-2.721555E+00
+6.452637E+02,+6.709434E-06,-1.565113E-06,-1.032362E+02,-2.291723E-01
+6.455078E+02,-2.924243E-06,+3.286438E-06,-1.071328E+02,+2.297942E+00
+6.457520E+02,-5.646927E-06,-3.097726E-06,-1.038212E+02,-2.639849E+00
+6.459961E+02,+3.752612E-06,+1.086224E-05,-9.879195E+01,+1.238160E+00
+6.462402E+02,-2.557084E-07,-1.426353E-05,-9.691406E+01,-1.588722E+00
+6.464844E+02,+4.503495E-06,+1.003711E-05,-9.917125E+01,+1.149037E+00
+6.467285E+02,-7.456483E-06,-6.199103E-06,-1.002674E+02,-2.448014E+00
+6.469727E+02,+8.965499E-06,-5.880482E-07,-1.009299E+02,-6.549631E-02
+6.472168E+02,-1.372303E-05,+1.121444E-06,-9.722210E+01,+3.060054E+00
+6.474609E+02,+1.243016E-05,+2.833145E-06,-9.789052E+01,+2.240969E-01
+6.477051E+02,+3.887687E-06,-4.422047E-06,-1.046006E+02,-8.496150E-01
+6.479492E+02,-1.030878E-05,+8.511737E-06,-9.747826E+01,+2.451389E+00
+6.481934E+02,-1.826474E-06,-7.508533E-06,-1.022392E+02,-1.809415E+00
+6.484375E+02,+5.917264E-06,+4.074487E-06,-1.028722E+02,+6.030177E-01
+6.486816E+02,-3.025509E-06,-1.037823E-06,-1.099009E+02,-2.811146E+00
+6.489258E+02,+4.980329E-07,+7.240319E-07,-1.211224E+02,+9.682642E-01
+6.491699E+02,+4.737922E-06,-3.204134E-06,-1.048526E+02,-5.946245E-01
+6.494141E+02,-6.925852E-06,+5.791706E-06,-1.008878E+02,+2.445139E+00
+6.496582E+02,+4.958997E-06,-7.136997E-06,-1.012189E+02,-9.635489E-01
+6.499023E+02,+2.350625E-07,+1.706361E-06,-1.152769E+02,+1.433901E+00
+6.501465E+02,-4.979334E-06,-2.758042E-06,-1.048945E+02,-2.635762E+00
+6.503906E+02,+6.709432E-06,+8.196163E-06,-9.950032E+01,+8.848125E-01
+6.506348E+02,-5.184993E-06,-6.984214E-06,-1.012111E+02,-2.209408E+00
+6.508789E+02,+2.721711E-06,+5.457272E-06,-1.042958E+02,+1.108164E+00
+6.511230E+02,-7.342405E-07,-4.227013E-06,-1.073502E+02,-1.742782E+00
+6.513672E+02,-5.423437E-06,+1.857834E-06,-1.048326E+02,+2.811564E+00
+6.516113E+02,+3.595233E-06,-1.280079E-06,-1.083671E+02,-3.420535E-01
+6.518555E+02,+3.117924E-06,+7.681258E-06,-1.016290E+02,+1.185203E+00
+6.520996E+02,-2.477422E-08,-4.866413E-06,-1.062557E+02,-1.575887E+00
+6.523438E+02,-4.430145E-06,-8.821975E-06,-1.001120E+02,-2.036180E+00
+6.525879E+02,+8.395197E-07,+1.290921E-05,-9.776368E+01,+1.505855E+00
+6.528320E+02,+4.738739E-06,-4.585983E-06,-1.036164E+02,-7.690178E-01
+6.530762E+02,-3.010818E-06,-2.663845E-07,-1.103924E+02,-3.053347E+00
+6.533203E+02,-7.924042E-07,-1.021054E-06,-1.177716E+02,-2.230771E+00
+6.535645E+02,+2.154535E-07,-1.210290E-06,-1.182067E+02,-1.394624E+00
+6.538086E+02,+1.305670E-07,+2.947156E-06,-1.106034E+02,+1.526523E+00
+6.540527E+02,+3.645074E-06,-3.125556E-06,-1.063722E+02,-7.088171E-01
+6.542969E+02,+7.859047E-07,+6.477995E-06,-1.037077E+02,+1.450067E+00
+6.545410E+02,-9.181346E-06,-7.844583E-06,-9.836140E+01,-2.434547E+00
+6.547852E+02,+6.498771E-06,+4.495470E-06,-1.020451E+02,+6.051619E-01
+6.550293E+02,+1.953923E-06,+1.328926E-06,-1.125307E+02,+5.972669E-01
+6.552734E+02,-7.039197E-06,-4.514743E-06,-1.015532E+02,-2.571307E+00
+6.555176E+02,+1.654952E-06,+2.749338E-06,-1.098726E+02,+1.028947E+00
+6.557617E+02,+7.127536E-07,-4.036732E-06,-1.077461E+02,-1.396031E+00
+6.560059E+02,+6.180012E-06,+3.525127E-06,-1.029569E+02,+5.183763E-01
+6.562500E+02,-3.110880E-06,+3.263563E-06,-1.069190E+02,+2.332247E+00
+6.564941E+02,-3.235212E-06,-2.216178E-06,-1.081310E+02,-2.540993E+00
+6.567383E+02,+5.409670E-06,+9.808961E-07,-1.051961E+02,+1.793738E-01
+6.569824E+02,-6.302924E-06,-3.850642E-06,-1.026317E+02,-2.593176E+00
+6.572266E+02,+1.011211E-07,-6.534363E-06,-1.036949E+02,-1.555322E+00
+6.574707E+02,+5.581387E-06,+1.727880E-05,-9.481870E+01,+1.258357E+00
+6.577148E+02,+3.050525E-07,-1.077875E-05,-9.934516E+01,-1.542503E+00
+6.579590E+02,-8.150446E-06,+1.544534E-06,-1.016231E+02,+2.954310E+00
+6.582031E+02,+5.139908E-06,+5.688049E-07,-1.057280E+02,+1.102159E-01
+6.584473E+02,+4.772121E-06,-3.489856E-06,-1.045652E+02,-6.314259E-01
+6.586914E+02,-7.001379E-06,+7.610224E-06,-9.970880E+01,+2.314550E+00
+6.589355E+02,+2.374512E-06,-5.165522E-06,-1.049052E+02,-1.139918E+00
+6.591797E+02,-1.612913E-06,+4.498294E-07,-1.155225E+02,+2.869611E+00
+6.594238E+02,+1.341749E-06,-1.792636E-07,-1.173697E+02,-1.328178E-01
+6.596680E+02,+6.013927E-07,+1.750914E-06,-1.146504E+02,+1.239948E+00
+6.599121E+02,+2.386949E-06,-8.791355E-07,-1.118907E+02,-3.528920E-01
+6.601562E+02,-5.871835E-06,-4.126368E-06,-1.028815E+02,-2.529031E+00
+6.604004E+02,+4.046321E-06,+1.258434E-05,-9.757611E+01,+1.259701E+00
+6.606445E+02,-1.800622E-07,-1.156882E-05,-9.873317E+01,-1.586360E+00
+6.608887E+02,-4.407280E-06,-3.713376E-07,-1.070859E+02,-3.057536E+00
+6.611328E+02,+1.075949E-05,+1.351613E-06,-9.929617E+01,+1.249660E-01
+6.613770E+02,-1.324835E-05,+6.062390E-06,-9.673109E+01,+2.712440E+00
+6.616211E+02,+9.791357E-06,-7.641786E-06,-9.811726E+01,-6.627138E-01
+6.618652E+02,-4.702852E-06,+3.902873E-06,-1.042772E+02,+2.448887E+00
+6.621094E+02,+1.177475E-06,+3.240358E-06,-1.092495E+02,+1.222254E+00
+6.623535E+02,+4.206446E-07,-5.440363E-06,-1.052616E+02,-1.493631E+00
+6.625977E+02,+4.445531E-06,-1.737733E-06,-1.064240E+02,-3.726321E-01
+6.628418E+02,-8.641002E-06,+3.435251E-06,-1.006315E+02,+2.763198E+00
+6.630859E+02,+3.045311E-06,+3.162252E-06,-1.071503E+02,+8.042345E-01
+6.633301E+02,-2.018503E-07,-5.251494E-06,-1.055879E+02,-1.609214E+00
+6.635742E+02,+5.793238E-06,+8.074901E-06,-1.000539E+02,+9.484628E-01
+6.638184E+02,-1.060818E-05,-6.144135E-06,-9.823088E+01,-2.616616E+00
+6.640625E+02,+6.336899E-06,+1.680300E-07,-1.039594E+02,+2.650992E-02
+6.643066E+02,+2.772211E-06,-5.303329E-06,-1.044599E+02,-1.089130E+00
+6.645508E+02,-1.439041E-06,+5.712462E-06,-1.045963E+02,+1.817574E+00
+6.647949E+02,+2.345036E-06,+1.496231E-06,-1.111138E+02,+5.679227E-01
+6.650391E+02,-1.126142E-05,-4.772820E-06,-9.825070E+01,-2.740721E+00
+6.652832E+02,+1.423840E-05,+5.323453E-06,-9.636254E+01,+3.577883E-01
+6.655273E+02,-1.327025E-05,-3.069299E-06,-9.731609E+01,-2.914298E+00
+6.657715E+02,+8.923097E-06,-1.481468E-06,-1.008716E+02,-1.645255E-01
+6.660156E+02,-6.131208E-06,+8.913907E-06,-9.931631E+01,+2.173304E+00
+6.662598E+02,+6.078601E-06,-1.319672E-05,-9.675506E+01,-1.139151E+00
+6.665039E+02,-3.802282E-06,+6.319592E-06,-1.026444E+02,+2.112440E+00
+6.667480E+02,+3.285630E-06,-9.577346E-07,-1.093135E+02,-2.836331E-01
+6.669922E+02,+2.196492E-06,-1.836494E-06,-1.108633E+02,-6.963706E-01
+6.672363E+02,-3.757487E-06,-2.132791E-06,-1.072891E+02,-2.625329E+00
+6.674805E+02,-2.830564E-06,+1.341000E-05,-9.726212E+01,+1.778821E+00
+6.677246E+02,+4.522520E-06,-9.682799E-06,-9.942297E+01,-1.133840E+00
+6.679688E+02,-5.555979E-06,-1.710790E-06,-1.047114E+02,-2.842887E+00
+6.682129E+02,+4.149558E-06,+1.825762E-06,-1.068714E+02,+4.144982E-01
+6.684570E+02,+3.566906E-07,-4.613534E-07,-1.246842E+02,-9.126496E-01
+6.687012E+02,-5.842286E-06,+4.486743E-06,-1.026549E+02,+2.486685E+00
+6.689453E+02,+1.055697E-05,-6.511044E-07,-9.951273E+01,-6.159728E-02
+6.691895E+02,-4.699807E-06,-1.005317E-05,-9.909550E+01,-2.008103E+00
+6.694336E+02,-2.429806E-06,+5.936222E-06,-1.038571E+02,+1.959310E+00
+6.696777E+02,+8.783240E-07,+1.720402E-06,-1.142815E+02,+1.098757E+00
+6.699219E+02,+6.072268E-06,+1.842196E-06,-1.039506E+02,+2.945535E-01
+6.701660E+02,-1.366225E-05,+3.532838E-07,-9.728665E+01,+3.115740E+00
+6.704102E+02,+1.372041E-05,-7.263616E-06,-9.617965E+01,-4.868917E-01
+6.706543E+02,-8.949443E-06,+7.262287E-06,-9.876693E+01,+2.459891E+00
+6.708984E+02,+4.980448E-06,-5.675377E-06,-1.024401E+02,-8.505219E-01
+6.711426E+02,-7.728528E-06,+5.023898E-06,-1.007074E+02,+2.565185E+00
+6.713867E+02,+7.913960E-06,+8.075857E-08,-1.020317E+02,+1.020422E-02
+6.716309E+02,+1.530621E-06,-4.563658E-06,-1.063508E+02,-1.247193E+00
+6.718750E+02,-3.007103E-06,-1.700982E-07,-1.104232E+02,-3.085087E+00
+6.721191E+02,-2.436435E-06,-2.673896E-06,-1.088319E+02,-2.309761E+00
+6.723633E+02,+3.465878E-06,+9.154985E-06,-1.001852E+02,+1.208892E+00
+6.726074E+02,-3.432914E-06,-6.500523E-06,-1.026727E+02,-2.056669E+00
+6.728516E+02,+2.015203E-06,+6.411761E-06,-1.034513E+02,+1.266274E+00
+6.730957E+02,-4.316356E-07,-6.906038E-06,-1.031985E+02,-1.633216E+00
+6.733398E+02,+2.475805E-06,+5.237355E-06,-1.047419E+02,+1.129210E+00
+6.735840E+02,-4.455632E-06,-5.847864E-06,-1.026720E+02,-2.221886E+00
+6.738281E+02,+1.744792E-06,+1.294334E-05,-9.768086E+01,+1.436802E+00
+6.740723E+02,+1.235054E-09,-1.727871E-05,-9.524978E+01,-1.570725E+00
+6.743164E+02,+1.465288E-06,+5.949418E-06,-1.042548E+02,+1.329312E+00
+6.745605E+02,-8.393177E-07,+3.939487E-06,-1.078984E+02,+1.780710E+00
+6.748047E+02,+2.529052E-06,+5.696101E-08,-1.119386E+02,+2.251886E-02
+6.750488E+02,-4.207589E-06,-2.305151E-06,-1.063794E+02,-2.640397E+00
+6.752930E+02,+3.915253E-06,+5.925882E-07,-1.080464E+02,+1.502136E-01
+6.755371E+02,-8.944364E-06,-5.874520E-06,-9.941151E+01,-2.560463E+00
+6.757812E+02,+5.686304E-06,+1.026266E-05,-9.861205E+01,+1.064829E+00
+6.760254E+02,+8.550052E-07,-8.529990E-06,-1.013376E+02,-1.470895E+00
+6.762695E+02,-1.083009E-06,+5.219303E-06,-1.054647E+02,+1.775393E+00
+6.765137E+02,+4.824512E-06,-1.529030E-06,-1.059153E+02,-3.069152E-01
+6.767578E+02,-2.508168E-06,-5.401733E-06,-1.045014E+02,-2.005500E+00
+6.770020E+02,-6.103589E-06,+5.824995E-06,-1.014762E+02,+2.379545E+00
+6.772461E+02,+2.110236E-06,-1.510105E-06,-1.117176E+02,-6.211255E-01
+6.774902E+02,+7.108877E-06,+9.387904E-06,-9.858021E+01,+9.226791E-01
+6.777344E+02,-5.648825E-06,-1.421483E-05,-9.630838E+01,-1.949050E+00
+6.779785E+02,-1.906847E-06,+8.433361E-06,-1.012634E+02,+1.793165E+00
+6.782227E+02,+4.962227E-07,-9.424207E-07,-1.194524E+02,-1.086142E+00
+6.784668E+02,+7.744718E-06,-1.906603E-06,-1.019643E+02,-2.413812E-01
+6.787109E+02,-9.913992E-06,-7.449059E-06,-9.813112E+01,-2.497216E+00
+6.789551E+02,+8.550827E-06,+1.560548E-05,-9.499424E+01,+1.069538E+00
+6.791992E+02,-7.233461E-06,-1.184710E-05,-9.715171E+01,-2.118950E+00
+6.794434E+02,+7.180885E-06,+1.334201E-06,-1.027290E+02,+1.837042E-01
+6.796875E+02,-5.090331E-06,+9.467823E-06,-9.937225E+01,+2.064105E+00
+6.799316E+02,-4.957049E-06,-1.396171E-05,-9.658562E+01,-1.911959E+00
+6.801758E+02,+3.979812E-06,+1.191891E-05,-9.801620E+01,+1.248529E+00
+6.804199E+02,+7.922646E-06,-4.257778E-06,-1.009207E+02,-4.931326E-01
+6.806641E+02,-6.454081E-06,-2.243175E-06,-1.033080E+02,-2.807094E+00
+6.809082E+02,+5.101304E-06,+2.998118E-06,-1.045578E+02,+5.313382E-01
+6.811523E+02,-1.299390E-05,-1.523947E-06,-9.766588E+01,-3.024844E+00
+6.813965E+02,+1.249879E-05,+5.840772E-07,-9.805317E+01,+4.669674E-02
+6.816406E+02,-6.062363E-06,+1.112458E-06,-1.042033E+02,+2.960109E+00
+6.818848E+02,+1.903859E-06,-3.782444E-06,-1.074638E+02,-1.104480E+00
+6.821289E+02,+1.080845E-07,+1.392951E-06,-1.170952E+02,+1.493358E+00
+6.823730E+02,-2.640745E-06,+3.126329E-06,-1.077605E+02,+2.272193E+00
+6.826172E+02,+3.302247E-06,-3.334309E-06,-1.065713E+02,-7.902293E-01
+6.828613E+02,+1.539562E-06,-1.413893E-06,-1.135958E+02,-7.428741E-01
+6.831055E+02,-3.782458E-06,+5.243201E-06,-1.037884E+02,+2.195743E+00
+6.833496E+02,-2.456250E-06,-1.086834E-06,-1.114180E+02,-2.725012E+00
+6.835938E+02,+3.432714E-06,-2.640408E-06,-1.072688E+02,-6.556697E-01
+6.838379E+02,+2.387702E-06,+2.650391E-06,-1.089532E+02,+8.374915E-01
+6.840820E+02,-4.561374E-06,+1.188570E-06,-1.065328E+02,+2.886688E+00
+6.843262E+02,+2.303855E-06,-3.381663E-06,-1.077616E+02,-9.727458E-01
+6.845703E+02,+2.568457E-06,+4.420739E-07,-1.116798E+02,+1.704465E-01
+6.848145E+02,-2.396177E-06,+2.141642E-06,-1.098597E+02,+2.412228E+00
+6.850586E+02,-6.245657E-06,+2.489121E-06,-1.034482E+02,+2.762349E+00
+6.853027E+02,+9.802803E-06,-6.409805E-06,-9.862708E+01,-5.790943E-01
+6.855469E+02,-3.073199E-09,-1.415770E-06,-1.169801E+02,-1.572967E+00
+6.857910E+02,-6.354531E-06,+6.755460E-06,-1.006542E+02,+2.325622E+00
+6.860352E+02,+1.228436E-06,-2.757107E-07,-1.179995E+02,-2.207818E-01
+6.862793E+02,-2.221604E-07,-3.961282E-06,-1.080296E+02,-1.626821E+00
+6.865234E+02,+6.376516E-06,+2.223192E-07,-1.039031E+02,+3.485119E-02
+6.867676E+02,-4.719740E-06,+4.626704E-06,-1.035969E+02,+2.366148E+00
+6.870117E+02,-1.930756E-06,-6.570578E-06,-1.032882E+02,-1.856600E+00
+6.872559E+02,+4.498339E-06,+7.566503E-06,-1.011077E+02,+1.034425E+00
+6.875000E+02,-6.664094E-06,-8.093970E-06,-9.958914E+01,-2.259608E+00
+6.877441E+02,+2.378656E-06,+4.670153E-06,-1.056117E+02,+1.099711E+00
+6.879883E+02,+6.564228E-06,+2.394861E-06,-1.031136E+02,+3.498294E-01
+6.882324E+02,-7.130594E-06,-7.372239E-06,-9.978004E+01,-2.339534E+00
+6.884766E+02,+6.725374E-06,+6.280460E-06,-1.007225E+02,+7.512027E-01
+6.887207E+02,-9.097616E-06,+2.222781E-06,-1.005696E+02,+2.901962E+00
+6.889648E+02,+7.541593E-06,-7.857078E-06,-9.925881E+01,-8.058831E-01
+6.892090E+02,-3.997182E-06,+1.017886E-06,-1.076920E+02,+2.892241E+00
+6.894531E+02,+9.913819E-07,+6.396171E-06,-1.037785E+02,+1.417024E+00
+6.896973E+02,+1.142868E-06,-1.382876E-06,-1.149235E+02,-8.801383E-01
+6.899414E+02,-2.257334E-06,-5.576103E-06,-1.044143E+02,-1.955453E+00
+6.901855E+02,+3.977765E-06,+4.323574E-06,-1.046198E+02,+8.270312E-01
+6.904297E+02,-9.762521E-07,-3.673762E-06,-1.084014E+02,-1.830530E+00
+6.906738E+02,-6.554156E-06,+7.657100E-06,-9.993157E+01,+2.278739E+00
+6.909180E+02,+6.792507E-06,-7.683720E-06,-9.978076E+01,-8.468845E-01
+6.911621E+02,+3.233324E-06,+4.856692E-06,-1.046799E+02,+9.834312E-01
+6.914062E+02,-6.502493E-06,-6.325229E-06,-1.008465E+02,-2.370013E+00
+6.916504E+02,+4.430916E-07,+5.441269E-06,-1.052573E+02,+1.489544E+00
+6.918945E+02,+1.714092E-06,-2.120817E-06,-1.112866E+02,-8.910618E-01
+6.921387E+02,+2.835204E-06,+7.788013E-07,-1.106324E+02,+2.680777E-01
+6.923828E+02,-7.823839E-06,+1.027329E-06,-1.020574E+02,+3.011032E+00
+6.926270E+02,+3.541234E-06,+1.989657E-06,-1.078254E+02,+5.118988E-01
+6.928711E+02,+2.410615E-06,-6.196873E-06,-1.035446E+02,-1.199804E+00
+6.931152E+02,+8.234377E-08,+6.460242E-06,-1.037943E+02,+1.558051E+00
+6.933594E+02,-4.657199E-07,-6.884869E-06,-1.032223E+02,-1.638337E+00
+6.936035E+02,-4.031627E-06,+6.836910E-06,-1.020068E+02,+2.103597E+00
+6.938477E+02,+5.623829E-06,-5.045723E-06,-1.024346E+02,-7.312684E-01
+6.940918E+02,-2.389186E-06,+4.811734E-06,-1.053969E+02,+2.031667E+00
+6.943359E+02,+3.598273E-07,-3.388079E-06,-1.093522E+02,-1.464989E+00
+6.945801E+02,+6.344048E-06,+2.241754E-07,-1.039473E+02,+3.532165E-02
+6.948242E+02,-8.146423E-06,-5.865935E-07,-1.017582E+02,-3.069710E+00
+6.950684E+02,+1.896427E-06,-2.632147E-06,-1.097779E+02,-9.464528E-01
+6.953125E+02,-2.444727E-06,+6.770277E-06,-1.028556E+02,+1.917323E+00
+6.955566E+02,+7.987289E-07,-5.147351E-06,-1.056650E+02,-1.416851E+00
+6.958008E+02,+3.415011E-06,+4.305794E-06,-1.051996E+02,+9.002647E-01
+6.960449E+02,-6.099845E-06,-2.487641E-06,-1.036255E+02,-2.754363E+00
+6.962891E+02,+3.991715E-06,-1.653394E-06,-1.072891E+02,-3.926930E-01
+6.965332E+02,+4.383330E-06,-7.421134E-07,-1.070412E+02,-1.677132E-01
+6.967773E+02,-3.698315E-06,+9.375426E-06,-9.993208E+01,+1.946525E+00
+6.970215E+02,+1.905645E-06,-8.254816E-06,-1.014404E+02,-1.343918E+00
+6.972656E+02,-5.144990E-06,-1.410881E-06,-1.054574E+02,-2.873948E+00
+6.975098E+02,+1.904401E-06,+9.802748E-07,-1.133841E+02,+4.753713E-01
+6.977539E+02,+2.694789E-06,-8.275618E-07,-1.109981E+02,-2.979551E-01
+6.979980E+02,-2.911010E-06,+3.287846E-06,-1.071480E+02,+2.295478E+00
+6.982422E+02,+3.346339E-06,+8.233646E-07,-1.092533E+02,+2.412570E-01
+6.984863E+02,-1.535703E-06,-1.375368E-06,-1.137161E+02,-2.411217E+00
+6.987305E+02,+8.518754E-07,+2.654709E-06,-1.110940E+02,+1.260284E+00
+6.989746E+02,-5.852054E-06,-8.694647E-06,-9.959225E+01,-2.163215E+00
+6.992188E+02,+2.659885E-06,+1.355059E-05,-9.719664E+01,+1.376968E+00
+6.994629E+02,+1.274640E-06,-1.357363E-05,-9.730795E+01,-1.477165E+00
+6.997070E+02,+2.753356E-06,+9.957762E-07,-1.106689E+02,+3.470235E-01
+6.999512E+02,-3.109667E-07,+6.655833E-06,-1.035265E+02,+1.617483E+00
+7.001953E+02,-4.601167E-06,+1.873810E-06,-1.060762E+02,+2.754855E+00
+7.004395E+02,+1.968755E-06,-8.330052E-06,-1.013510E+02,-1.338711E+00
+7.006836E+02,+6.473199E-06,+2.399608E-06,-1.032184E+02,+3.549945E-01
+7.009277E+02,-3.006893E-06,+2.112141E-06,-1.086958E+02,+2.529236E+00
+7.011719E+02,-8.771351E-06,+8.528175E-07,-1.010978E+02,+3.044670E+00
+7.014160E+02,+9.859325E-06,-2.269722E-06,-9.989879E+01,-2.262685E-01
+7.016602E+02,-4.601434E-06,-1.874103E-06,-1.060756E+02,-2.754820E+00
+7.019043E+02,+2.930707E-06,+4.900531E-06,-1.048673E+02,+1.031820E+00
+7.021484E+02,-5.988300E-06,-2.603450E-06,-1.037021E+02,-2.731488E+00
+7.023926E+02,+3.979138E-06,-5.990424E-06,-1.028635E+02,-9.844689E-01
+7.026367E+02,-2.271992E-06,+9.866696E-06,-9.989219E+01,+1.797120E+00
+7.028809E+02,+1.709395E-06,-2.044505E-06,-1.114862E+02,-8.744318E-01
+7.031250E+02,+4.989881E-06,-1.501164E-06,-1.056619E+02,-2.922288E-01
+7.033691E+02,-1.106566E-05,+3.322187E-06,-9.874565E+01,+2.849930E+00
+7.036133E+02,+1.262189E-05,-3.521110E-06,-9.765204E+01,-2.720520E-01
+7.038574E+02,-5.381175E-06,-2.067344E-06,-1.047846E+02,-2.774797E+00
+7.041016E+02,-4.258197E-06,+1.836311E-06,-1.066747E+02,+2.734447E+00
+7.043457E+02,+4.574346E-06,-2.884607E-06,-1.053394E+02,-5.626200E-01
+7.045898E+02,-6.890200E-06,+5.030426E-06,-1.013799E+02,+2.510960E+00
+7.048340E+02,+9.463449E-06,+3.127691E-06,-1.000288E+02,+3.192004E-01
+7.050781E+02,-3.576471E-06,-1.185046E-05,-9.814671E+01,-1.863904E+00
+7.053223E+02,+2.349031E-07,+1.010705E-05,-9.990517E+01,+1.547559E+00
+7.055664E+02,+2.038898E-07,-4.498401E-06,-1.069299E+02,-1.525502E+00
+7.058105E+02,+4.523654E-06,+3.162903E-06,-1.051617E+02,+6.101835E-01
+7.060547E+02,-6.900178E-06,-6.853497E-06,-1.002419E+02,-2.359589E+00
+7.062988E+02,-3.932045E-06,+2.642275E-06,-1.064893E+02,+2.549917E+00
+7.065430E+02,+7.638048E-06,+6.914238E-06,-9.974094E+01,+7.357005E-01
+7.067871E+02,-4.192148E-06,-4.592476E-06,-1.041268E+02,-2.310655E+00
+7.070312E+02,+1.230216E-06,+6.194106E-07,-1.172191E+02,+4.664416E-01
+7.072754E+02,+1.448534E-06,-9.007334E-06,-1.007972E+02,-1.411344E+00
+7.075195E+02,-2.273420E-07,+1.435509E-05,-9.685880E+01,+1.586632E+00
+7.077637E+02,-5.915617E-06,-7.354903E-06,-1.005018E+02,-2.248159E+00
+7.080078E+02,+1.137617E-05,+1.698415E-06,-9.878434E+01,+1.482013E-01
+7.082520E+02,-1.110151E-05,-3.892670E-06,-9.858875E+01,-2.804345E+00
+7.084961E+02,+3.655662E-06,+6.783951E-06,-1.022632E+02,+1.076539E+00
+7.087402E+02,+8.490937E-06,-4.342663E-06,-1.004118E+02,-4.727630E-01
+7.089844E+02,-1.363014E-05,-1.343538E-06,-9.726800E+01,-3.043339E+00
+7.092285E+02,+1.156638E-05,+3.294168E-06,-9.839734E+01,+2.774593E-01
+7.094727E+02,-4.876260E-06,-3.526396E-06,-1.044113E+02,-2.515481E+00
+7.097168E+02,-3.644448E-06,+5.058536E-06,-1.041038E+02,+2.195119E+00
+7.099609E+02,+2.474472E-06,-1.373533E-06,-1.109639E+02,-5.067360E-01
+7.102051E+02,-5.482260E-07,+1.939628E-07,-1.247086E+02,+2.801536E+00
+7.104492E+02,-2.711548E-06,-2.397653E-06,-1.088269E+02,-2.417555E+00
+7.106934E+02,+6.754868E-06,+2.377859E-06,-1.029003E+02,+3.384747E-01
+7.109375E+02,-3.729457E-06,-4.275128E-06,-1.049234E+02,-2.288130E+00
+7.111816E+02,+7.391656E-06,+6.002927E-06,-1.004253E+02,+6.820889E-01
+7.114258E+02,-8.526805E-06,-5.636658E-06,-9.980974E+01,-2.557487E+00
+7.116699E+02,+6.515214E-08,+1.995623E-06,-1.139938E+02,+1.538160E+00
+7.119141E+02,-3.161849E-06,+1.192162E-06,-1.094239E+02,+2.781030E+00
+7.121582E+02,+1.091496E-05,-3.068769E-07,-9.923613E+01,-2.810785E-02
+7.124023E+02,-8.971369E-06,-3.002824E-07,-1.009380E+02,-3.108134E+00
+7.126465E+02,+6.347496E-06,-2.553978E-06,-1.032963E+02,-3.825391E-01
+7.128906E+02,-6.380697E-06,+6.790093E-06,-1.006139E+02,+2.325121E+00
+7.131348E+02,+1.034277E-06,-5.343724E-06,-1.052834E+02,-1.379610E+00
+7.133789E+02,+2.776950E-06,+3.278151E-06,-1.073382E+02,+8.679831E-01
+7.136230E+02,-2.481177E-06,+4.743056E-08,-1.121053E+02,+3.122479E+00
+7.138672E+02,+1.411038E-06,-7.397652E-06,-1.024629E+02,-1.382319E+00
+7.141113E+02,+4.616140E-06,+5.256075E-06,-1.031038E+02,+8.501294E-01
+7.143555E+02,-4.486838E-06,+1.857957E-06,-1.062739E+02,+2.748999E+00
+7.145996E+02,-2.185070E-06,-7.828027E-07,-1.126863E+02,-2.797586E+00
+7.148438E+02,+1.674243E-06,-1.149326E-06,-1.138468E+02,-6.015910E-01
+7.150879E+02,+2.006268E-06,-2.197368E-06,-1.105288E+02,-8.308274E-01
+7.153320E+02,-4.218611E-06,+6.235675E-06,-1.024657E+02,+2.165595E+00
+7.155762E+02,+2.525974E-06,-5.468569E-06,-1.044026E+02,-1.138084E+00
+7.158203E+02,+5.973170E-09,+3.512586E-06,-1.090874E+02,+1.569096E+00
+7.160645E+02,+1.573564E-06,-8.008469E-06,-1.017645E+02,-1.376780E+00
+7.163086E+02,-1.149107E-06,+1.577061E-05,-9.602003E+01,+1.643532E+00
+7.165527E+02,-3.203695E-06,-8.691378E-06,-1.006649E+02,-1.923950E+00
+7.167969E+02,+2.930702E-06,-1.130745E-05,-9.865035E+01,-1.317193E+00
+7.170410E+02,+3.714982E-06,+1.905288E-05,-9.423874E+01,+1.378230E+00
+7.172852E+02,-4.012190E-06,-7.332090E-06,-1.015579E+02,-2.071495E+00
+7.175293E+02,-2.551631E-06,-3.503351E-06,-1.072621E+02,-2.200290E+00
+7.177734E+02,+7.738288E-06,+3.663174E-06,-1.013490E+02,+4.421282E-01
+7.180176E+02,-1.011795E-05,+5.608078E-07,-9.988483E+01,+3.086222E+00
+7.182617E+02,+5.270315E-06,-4.899092E-06,-1.028586E+02,-7.489104E-01
+7.185059E+02,+2.824021E-06,+6.626704E-06,-1.028493E+02,+1.167946E+00
+7.187500E+02,-5.493568E-06,-6.933831E-06,-1.010648E+02,-2.240815E+00
+7.189941E+02,-1.053795E-06,+6.323539E-06,-1.038618E+02,+1.735925E+00
+7.192383E+02,+6.191661E-06,-8.678165E-07,-1.040794E+02,-1.392518E-01
+7.194824E+02,-5.074077E-06,-2.669747E-06,-1.048315E+02,-2.657241E+00
+7.197266E+02,+1.096196E-05,+1.201745E-06,-9.915035E+01,+1.091926E-01
+7.199707E+02,-1.425197E-05,-2.810938E-06,-9.675676E+01,-2.946861E+00
+7.202148E+02,+3.777346E-06,+2.593019E-06,-1.067794E+02,+6.015848E-01
+7.204590E+02,+4.065811E-06,+2.930213E-06,-1.060003E+02,+6.244813E-01
+7.207031E+02,-3.450627E-07,+1.936696E-06,-1.141230E+02,+1.747117E+00
+7.209473E+02,+3.140167E-06,-1.059616E-05,-9.913145E+01,-1.282692E+00
+7.211914E+02,-1.060824E-05,+3.128932E-06,-9.912484E+01,+2.854773E+00
+7.214355E+02,+8.347555E-06,+7.500430E-06,-9.899843E+01,+7.319958E-01
+7.216797E+02,-2.830917E-06,-6.948139E-06,-1.024956E+02,-1.957696E+00
+7.219238E+02,+2.041109E-06,+4.303027E-06,-1.064432E+02,+1.127885E+00
+7.221680E+02,+1.196831E-06,-5.938368E-07,-1.174835E+02,-4.605824E-01
+7.224121E+02,-4.150193E-06,-4.148597E-06,-1.046300E+02,-2.356387E+00
+7.226562E+02,+6.106456E-07,+3.102413E-07,-1.232870E+02,+4.700705E-01
+7.229004E+02,-1.851376E-06,+8.768335E-06,-1.009522E+02,+1.778883E+00
+7.231445E+02,+4.587284E-06,-9.342397E-06,-9.965277E+01,-1.114360E+00
+7.233887E+02,-3.216041E-06,+9.223627E-06,-1.002037E+02,+1.906290E+00
+7.236328E+02,+1.185840E-06,-7.811442E-06,-1.020464E+02,-1.420139E+00
+7.238770E+02,+1.213572E-06,+2.249078E-06,-1.118501E+02,+1.075983E+00
+7.241211E+02,+3.040969E-06,-8.499404E-07,-1.100131E+02,-2.725418E-01
+7.243652E+02,-3.747945E-06,+4.247747E-06,-1.049362E+02,+2.293767E+00
+7.246094E+02,+8.206965E-08,-8.828136E-06,-1.010822E+02,-1.561500E+00
+7.248535E+02,-3.361406E-06,+1.383028E-06,-1.087904E+02,+2.751260E+00
+7.250977E+02,+2.884262E-06,+8.452123E-06,-1.009823E+02,+1.241940E+00
+7.253418E+02,+2.014816E-06,-6.131708E-06,-1.038031E+02,-1.253321E+00
+7.255859E+02,+7.763074E-07,+5.789001E-06,-1.046705E+02,+1.437491E+00
+7.258301E+02,-4.743379E-06,-6.682420E-06,-1.017293E+02,-2.188089E+00
+7.260742E+02,+3.495337E-06,-1.062890E-06,-1.087461E+02,-2.952030E-01
+7.263184E+02,-2.122281E-06,+3.703476E-06,-1.073946E+02,+2.091165E+00
+7.265625E+02,+3.244961E-06,-1.571641E-06,-1.088606E+02,-4.510354E-01
+7.268066E+02,-3.669032E-06,+3.688091E-06,-1.056761E+02,+2.353604E+00
+7.270508E+02,+3.208397E-06,-1.088401E-06,-1.094012E+02,-3.270528E-01
+7.272949E+02,-1.620266E-06,-6.447823E-06,-1.035458E+02,-1.816988E+00
+7.275391E+02,+9.233952E-07,+8.747682E-06,-1.011140E+02,+1.465627E+00
+7.277832E+02,+1.792743E-07,-4.251310E-06,-1.074218E+02,-1.528652E+00
+7.280273E+02,-6.592011E-07,-1.528172E-07,-1.233923E+02,-2.913795E+00
+7.282715E+02,-2.119078E-06,+5.386048E-07,-1.132052E+02,+2.892694E+00
+7.285156E+02,+2.639136E-06,+2.132355E-06,-1.093885E+02,+6.795847E-01
+7.287598E+02,+4.689676E-06,-2.370786E-06,-1.055888E+02,-4.680641E-01
+7.290039E+02,-1.154236E-05,-3.003376E-06,-9.846958E+01,-2.887033E+00
+7.292480E+02,+1.310199E-05,+3.757045E-06,-9.731007E+01,+2.792603E-01
+7.294922E+02,-1.630564E-05,-1.943589E-06,-9.569197E+01,-3.022955E+00
+7.297363E+02,+1.414599E-05,+1.322856E-06,-9.694952E+01,+9.324343E-02
+7.299805E+02,-3.247179E-06,-1.267688E-06,-1.091538E+02,-2.769392E+00
+7.302246E+02,-3.664466E-06,+4.620656E-06,-1.045869E+02,+2.241292E+00
+7.304688E+02,+4.782581E-06,-6.712783E-06,-1.016791E+02,-9.517577E-01
+7.307129E+02,-1.020799E-07,+3.338785E-06,-1.095242E+02,+1.601361E+00
+7.309570E+02,-5.894884E-06,-8.368385E-07,-1.045038E+02,-3.000575E+00
+7.312012E+02,+4.175032E-06,+2.040075E-06,-1.066569E+02,+4.545160E-01
+7.314453E+02,+4.698621E-06,-3.825184E-06,-1.043523E+02,-6.832843E-01
+7.316895E+02,-1.201236E-05,+2.640434E-06,-9.820251E+01,+2.925224E+00
+7.319336E+02,+1.162186E-05,-8.231776E-07,-9.867275E+01,-7.071204E-02
+7.321777E+02,-8.707400E-06,+1.570001E-06,-1.010633E+02,+2.963203E+00
+7.324219E+02,+5.876345E-06,-2.553775E-06,-1.038665E+02,-4.099616E-01
+7.326660E+02,-1.942910E-06,+2.074168E-06,-1.109275E+02,+2.323531E+00
+7.329102E+02,-3.326111E-06,-2.707905E-06,-1.073528E+02,-2.458292E+00
+7.331543E+02,+8.275311E-06,+2.100525E-06,-1.013731E+02,+2.485805E-01
+7.333984E+02,-5.490363E-06,+1.444292E-06,-1.049174E+02,+2.884361E+00
+7.336426E+02,-1.677647E-06,-2.212534E-06,-1.111296E+02,-2.219555E+00
+7.338867E+02,+2.810524E-07,+4.449599E-06,-1.070163E+02,+1.507717E+00
+7.341309E+02,+7.586906E-06,-8.596823E-06,-9.881184E+01,-8.477206E-01
+7.343750E+02,-8.612132E-06,+7.266112E-06,-9.896316E+01,+2.440764E+00
+7.346191E+02,+3.539735E-06,-7.523899E-06,-1.016028E+02,-1.131054E+00
+7.348633E+02,+3.329272E-06,+4.333841E-06,-1.052482E+02,+9.157464E-01
+7.351074E+02,-8.943261E-06,+7.366878E-07,-1.009407E+02,+3.059405E+00
+7.353516E+02,+7.249131E-06,-3.349718E-06,-1.019538E+02,-4.328586E-01
+7.355957E+02,-2.910149E-06,+4.075247E-06,-1.060073E+02,+2.190925E+00
+7.358398E+02,+2.839011E-06,+7.841498E-07,-1.106174E+02,+2.694865E-01
+7.360840E+02,-1.612946E-06,-9.327480E-07,-1.145947E+02,-2.617290E+00
+7.363281E+02,-2.639070E-06,-7.045259E-06,-1.024718E+02,-1.929206E+00
+7.365723E+02,+2.867096E-06,+1.298843E-05,-9.752224E+01,+1.353538E+00
+7.368164E+02,-8.217814E-07,-1.255057E-05,-9.800815E+01,-1.636181E+00
+7.370605E+02,-5.135044E-06,+6.820680E-06,-1.013733E+02,+2.216128E+00
+7.373047E+02,+3.198790E-06,-3.777315E-06,-1.061083E+02,-8.681384E-01
+7.375488E+02,+8.850167E-06,+2.407746E-06,-1.007509E+02,+2.656277E-01
+7.377930E+02,-1.121241E-05,+1.544208E-06,-9.892442E+01,+3.004730E+00
+7.380371E+02,+5.449021E-06,+1.119365E-07,-1.052718E+02,+2.053962E-02
+7.382812E+02,-6.111759E-06,-3.203510E-06,-1.032225E+02,-2.658808E+00
+7.385254E+02,+8.859636E-06,+6.261512E-07,-1.010300E+02,+7.055728E-02
+7.387695E+02,-6.485153E-06,+1.519775E-06,-1.035294E+02,+2.911400E+00
+7.390137E+02,+3.444223E-06,-3.282930E-06,-1.064512E+02,-7.614264E-01
+7.392578E+02,-3.959482E-06,+4.598525E-06,-1.043387E+02,+2.281661E+00
+7.395020E+02,+8.095823E-06,-5.889807E-06,-9.998993E+01,-6.289527E-01
+7.397461E+02,-6.540965E-06,+9.346861E-06,-9.885563E+01,+2.181390E+00
+7.399902E+02,-1.596782E-06,-1.066477E-05,-9.934468E+01,-1.719417E+00
+7.402344E+02,+2.849175E-06,+1.337316E-06,-1.100409E+02,+4.388444E-01
+7.404785E+02,+4.368697E-06,+6.140966E-06,-1.024567E+02,+9.524587E-01
+7.407227E+02,-1.171690E-05,-1.501193E-06,-9.855304E+01,-3.014165E+00
+7.409668E+02,+6.351227E-06,-2.590705E-06,-1.032744E+02,-3.873034E-01
+7.412109E+02,-2.179126E-07,+3.976510E-06,-1.079969E+02,+1.625541E+00
+7.414551E+02,+4.009149E-06,-4.076030E-06,-1.048562E+02,-7.936701E-01
+7.416992E+02,-1.934848E-06,+3.864952E-06,-1.072859E+02,+2.034935E+00
+7.419434E+02,-4.610311E-06,-8.110760E-07,-1.065930E+02,-2.967448E+00
+7.421875E+02,+4.995788E-06,-8.035681E-06,-1.004803E+02,-1.014573E+00
+7.424316E+02,-5.380406E-07,+9.386552E-06,-1.005356E+02,+1.628054E+00
+7.426758E+02,-6.391362E-06,-6.933476E-06,-1.005099E+02,-2.315532E+00
+7.429199E+02,+8.668122E-06,+4.934433E-06,-1.000224E+02,+5.175114E-01
+7.431641E+02,-6.761269E-06,+4.068177E-06,-1.020576E+02,+2.599933E+00
+7.434082E+02,+5.761697E-06,-8.529501E-06,-9.974901E+01,-9.767017E-01
+7.436523E+02,-2.619610E-06,+2.643001E-06,-1.085862E+02,+2.351750E+00
+7.438965E+02,-1.405140E-06,+5.909166E-06,-1.043306E+02,+1.804250E+00
+7.441406E+02,-1.003553E-06,-4.194338E-06,-1.073050E+02,-1.805645E+00
+7.443848E+02,+7.591386E-07,-3.117619E-06,-1.098734E+02,-1.331945E+00
+7.446289E+02,+4.155876E-08,+2.109472E-06,-1.135148E+02,+1.551098E+00
+7.448730E+02,+4.209763E-06,+3.917773E-06,-1.048055E+02,+7.494876E-01
+7.451172E+02,-2.809260E-07,-9.159053E-06,-1.007589E+02,-1.601459E+00
+7.453613E+02,-1.103567E-05,+9.417835E-06,-9.676785E+01,+2.435128E+00
+7.456055E+02,+1.274718E-05,-3.514547E-06,-9.757353E+01,-2.690278E-01
+7.458496E+02,-7.503432E-06,-1.941473E-08,-1.024948E+02,-3.139005E+00
+7.460938E+02,+3.876058E-06,+1.098349E-06,-1.078968E+02,+2.761288E-01
+7.463379E+02,-1.169225E-06,-2.871585E-06,-1.101714E+02,-1.957469E+00
+7.465820E+02,-3.371034E-06,+5.061469E-06,-1.043201E+02,+2.158350E+00
+7.468262E+02,+6.342387E-06,-5.980973E-06,-1.011920E+02,-7.560790E-01
+7.470703E+02,-1.166058E-06,+2.528928E-06,-1.111041E+02,+2.002832E+00
+7.473145E+02,-4.686071E-06,+2.698772E-06,-1.053398E+02,+2.619072E+00
+7.475586E+02,+6.572936E-06,-7.733825E-06,-9.987097E+01,-8.663634E-01
+7.478027E+02,-5.529654E-06,+6.687942E-06,-1.012317E+02,+2.261672E+00
+7.480469E+02,-9.458263E-07,+3.806036E-06,-1.081303E+02,+1.814369E+00
+7.482910E+02,+3.945492E-06,-8.210526E-06,-1.008103E+02,-1.122837E+00
+7.485352E+02,-2.376462E-07,+4.878785E-06,-1.062235E+02,+1.619468E+00
+7.487793E+02,-1.199563E-06,-2.849848E-07,-1.181811E+02,-2.908343E+00
+7.490234E+02,-8.306602E-07,-1.944468E-06,-1.134960E+02,-1.974522E+00
+7.492676E+02,-2.100094E-07,-1.664994E-06,-1.155032E+02,-1.696266E+00
+7.495117E+02,+6.242822E-06,+7.716702E-06,-1.000647E+02,+8.905908E-01
+7.497559E+02,-8.622404E-06,-6.330392E-06,-9.941499E+01,-2.508294E+00
+7.500000E+02,+7.217015E-06,-1.246063E-06,-1.027053E+02,-1.709707E-01
+7.502441E+02,-4.701559E-06,+3.152321E-06,-1.049428E+02,+2.550952E+00
+7.504883E+02,+1.052993E-06,+1.251964E-06,-1.157248E+02,+8.715076E-01
+7.507324E+02,-1.503061E-06,-3.081084E-06,-1.092988E+02,-2.024665E+00
+7.509766E+02,+3.190788E-06,+2.707442E-06,-1.075668E+02,+7.036334E-01
+7.512207E+02,-2.103317E-06,-2.158848E-06,-1.104170E+02,-2.343166E+00
+7.514648E+02,-3.336529E-06,+5.209452E-06,-1.041713E+02,+2.140447E+00
+7.517090E+02,+5.589883E-06,-9.434848E-06,-9.919868E+01,-1.035931E+00
+7.519531E+02,-7.846691E-06,+6.563249E-06,-9.980274E+01,+2.445027E+00
+7.521973E+02,+1.274299E-05,-3.775529E-06,-9.752914E+01,-2.880430E-01
+7.524414E+02,-4.799330E-06,+4.315264E-06,-1.038033E+02,+2.409254E+00
+7.526855E+02,+9.936451E-07,-2.055144E-06,-1.128308E+02,-1.120442E+00
+7.529297E+02,-7.000463E-06,+4.476363E-06,-1.016087E+02,+2.572678E+00
+7.531738E+02,+6.058577E-06,-9.000987E-06,-9.929134E+01,-9.783521E-01
+7.534180E+02,-4.083965E-06,+7.565321E-06,-1.013128E+02,+2.065796E+00
+7.536621E+02,+2.614880E-06,+2.895167E-06,-1.081760E+02,+8.362226E-01
+7.539062E+02,-2.850739E-06,-1.089867E-05,-9.896512E+01,-1.826632E+00
+7.541504E+02,+7.185257E-06,+5.687053E-06,-1.007587E+02,+6.695298E-01
+7.543945E+02,-2.212439E-06,+4.808215E-06,-1.055263E+02,+2.002048E+00
+7.546387E+02,-2.398387E-06,-5.413484E-06,-1.045521E+02,-1.987847E+00
+7.548828E+02,+1.579551E-06,-1.332352E-06,-1.136956E+02,-7.007086E-01
+7.551270E+02,-1.731043E-06,+2.741819E-06,-1.097823E+02,+2.133948E+00
+7.553711E+02,-1.063864E-06,-6.173723E-06,-1.040620E+02,-1.741442E+00
+7.556152E+02,+3.832858E-06,+1.058477E-05,-9.897127E+01,+1.223374E+00
+7.558594E+02,-5.485965E-06,-4.900963E-06,-1.026668E+02,-2.412456E+00
+7.561035E+02,+4.182511E-06,+7.936421E-07,-1.074176E+02,+1.875231E-01
+7.563477E+02,+6.366344E-07,-2.660652E-06,-1.112585E+02,-1.335935E+00
+7.565918E+02,-1.578542E-06,+2.726232E-06,-1.100331E+02,+2.095646E+00
+7.568359E+02,+2.907411E-06,-3.830306E-06,-1.063593E+02,-9.215255E-01
+7.570801E+02,-2.588931E-06,+3.392609E-06,-1.073963E+02,+2.222635E+00
+7.573242E+02,+1.568922E-06,-4.706266E-06,-1.060888E+02,-1.249014E+00
+7.575684E+02,-9.305906E-08,+6.451522E-06,-1.038059E+02,+1.585220E+00
+7.578125E+02,-2.653825E-06,-1.472592E-06,-1.103568E+02,-2.635000E+00
+7.580566E+02,+1.474784E-06,+8.390988E-07,-1.154075E+02,+5.172863E-01
+7.583008E+02,-2.522887E-06,-5.527455E-06,-1.043277E+02,-1.998983E+00
+7.585449E+02,+5.325187E-06,+1.712603E-06,-1.050459E+02,+3.111575E-01
+7.587891E+02,-3.769434E-06,+3.463671E-06,-1.058160E+02,+2.398442E+00
+7.590332E+02,+1.440882E-06,-4.155530E-07,-1.164804E+02,-2.807826E-01
+7.592773E+02,-2.878210E-06,-3.237479E-06,-1.072664E+02,-2.297517E+00
+7.595215E+02,+3.511035E-06,-2.246143E-06,-1.076014E+02,-5.691274E-01
+7.597656E+02,-5.360323E-06,+7.047029E-06,-1.010572E+02,+2.221079E+00
+7.600098E+02,+7.885681E-06,+4.662666E-06,-1.007611E+02,+5.339850E-01
+7.602539E+02,-2.882204E-06,-1.134133E-05,-9.863493E+01,-1.819661E+00
+7.604980E+02,-3.564571E-06,+1.762601E-06,-1.080099E+02,+2.682373E+00
+7.607422E+02,+4.354121E-06,+6.439161E-06,-1.021881E+02,+9.762269E-01
+7.609863E+02,-3.987097E-06,-6.996160E-06,-1.018813E+02,-2.088788E+00
+7.612305E+02,+9.235605E-06,+6.029004E-06,-9.914905E+01,+5.783412E-01
+7.614746E+02,-1.105364E-05,-4.929007E-06,-9.834228E+01,-2.722139E+00
+7.617188E+02,+5.349376E-06,+4.863376E-06,-1.028176E+02,+7.378464E-01
+7.619629E+02,+1.751450E-06,-4.120160E-06,-1.069803E+02,-1.168847E+00
+7.622070E+02,-2.401235E-06,+4.919608E-06,-1.052334E+02,+2.024874E+00
+7.624512E+02,-5.053374E-07,-7.152782E-06,-1.028889E+02,-1.641328E+00
+7.626953E+02,+3.293560E-06,+4.826503E-06,-1.046670E+02,+9.719868E-01
+7.629395E+02,-3.985961E-06,-2.332632E-06,-1.067103E+02,-2.612118E+00
+7.631836E+02,+3.674158E-06,+2.821016E-07,-1.086713E+02,+7.662959E-02
+7.634277E+02,+1.438436E-06,-2.133470E-06,-1.117909E+02,-9.775800E-01
+7.636719E+02,-4.696791E-06,+7.298751E-06,-1.012302E+02,+2.142593E+00
+7.639160E+02,+4.107666E-06,-1.630640E-06,-1.070926E+02,-3.778958E-01
+7.641602E+02,+3.165744E-06,-6.162457E-06,-1.031878E+02,-1.096237E+00
+7.644043E+02,-5.051929E-06,+3.194098E-06,-1.044704E+02,+2.577795E+00
+7.646484E+02,-2.043599E-06,-3.597686E-06,-1.076651E+02,-2.087378E+00
+7.648926E+02,+1.685645E-06,+3.401443E-06,-1.084130E+02,+1.110701E+00
+7.651367E+02,+4.599179E-06,-1.280104E-06,-1.064223E+02,-2.714624E-01
+7.653809E+02,-3.277337E-07,-2.551809E-06,-1.117920E+02,-1.698529E+00
+7.656250E+02,-2.478103E-06,-7.630317E-07,-1.117242E+02,-2.842895E+00
+7.658691E+02,-9.353345E-06,+2.999623E-06,-1.001555E+02,+2.831254E+00
+7.661133E+02,+1.713247E-05,+2.747400E-06,-9.521333E+01,+1.590084E-01
+7.663574E+02,-5.668897E-06,-1.159468E-05,-9.778396E+01,-2.025542E+00
+7.666016E+02,-5.793206E-06,+1.369410E-05,-9.655432E+01,+1.971009E+00
+7.668457E+02,-4.727712E-06,-8.454768E-06,-1.002764E+02,-2.080658E+00
+7.670898E+02,+7.271488E-06,-5.869551E-07,-1.027393E+02,-8.054546E-02
+7.673340E+02,-1.519787E-06,+6.592187E-06,-1.033945E+02,+1.797381E+00
+7.675781E+02,+2.532035E-06,-8.686984E-06,-1.008685E+02,-1.287179E+00
+7.678223E+02,-5.741947E-06,+1.477170E-06,-1.045405E+02,+2.889793E+00
+7.680664E+02,-1.517082E-07,+1.020598E-06,-1.197280E+02,+1.718362E+00
+7.683105E+02,+1.070381E-06,+5.580740E-06,-1.049093E+02,+1.381299E+00
+7.685547E+02,+3.587564E-06,-5.464522E-07,-1.088044E+02,-1.511566E-01
+7.687988E+02,-2.923329E-06,-3.299248E-06,-1.071151E+02,-2.295856E+00
+7.690430E+02,-1.796261E-06,-2.427692E-06,-1.103999E+02,-2.207805E+00
+7.692871E+02,+1.544075E-06,+1.389199E-06,-1.136512E+02,+7.326475E-01
+7.695312E+02,-4.037906E-06,+9.676716E-06,-9.958830E+01,+1.966110E+00
+7.697754E+02,+8.990160E-06,-9.312683E-06,-9.775858E+01,-8.030178E-01
+7.700195E+02,-6.284355E-06,+2.846878E-06,-1.032241E+02,+2.716238E+00
+7.702637E+02,+5.591795E-06,+1.462134E-06,-1.047617E+02,+2.557524E-01
+7.705078E+02,-7.415914E-06,-1.250676E-06,-1.024749E+02,-2.974517E+00
+7.707520E+02,+7.523675E-06,+6.961503E-07,-1.024344E+02,+9.226524E-02
+7.709961E+02,-1.167519E-05,+1.245586E-06,-9.860558E+01,+3.035308E+00
+7.712402E+02,+1.045409E-05,-6.992155E-07,-9.959489E+01,-6.678491E-02
+7.714844E+02,+1.052564E-07,+3.380984E-08,-1.391286E+02,+3.108038E-01
+7.717285E+02,-1.655516E-06,+3.645467E-06,-1.079506E+02,+1.997079E+00
+7.719727E+02,-1.661671E-06,-4.620688E-06,-1.061777E+02,-1.916011E+00
+7.722168E+02,+2.328194E-06,+5.256369E-07,-1.124437E+02,+2.220474E-01
+7.724609E+02,-1.907158E-06,-9.954224E-07,-1.133460E+02,-2.660547E+00
+7.727051E+02,+3.785363E-07,-2.466807E-07,-1.269007E+02,-5.775481E-01
+7.729492E+02,+7.244298E-06,+5.332709E-06,-1.009196E+02,+6.345618E-01
+7.731934E+02,-7.510004E-06,-1.419523E-05,-9.588541E+01,-2.057414E+00
+7.734375E+02,+2.836680E-06,+6.012232E-06,-1.035464E+02,+1.129947E+00
+7.736816E+02,-1.705837E-06,+8.955269E-06,-1.008036E+02,+1.759025E+00
+7.739258E+02,+3.894025E-06,-3.580849E-06,-1.055306E+02,-7.435254E-01
+7.741699E+02,-9.653919E-07,-5.785154E-06,-1.046344E+02,-1.736147E+00
+7.744141E+02,-4.925726E-06,-2.658837E-06,-1.050401E+02,-2.646625E+00
+7.746582E+02,+4.335666E-06,+1.054338E-05,-9.886188E+01,+1.180654E+00
+7.749023E+02,-1.800983E-06,-1.541301E-05,-9.618336E+01,-1.687117E+00
+7.751465E+02,-3.051515E-06,+1.480615E-05,-9.641049E+01,+1.774048E+00
+7.753906E+02,+7.198527E-06,-4.498181E-06,-1.014235E+02,-5.585096E-01
+7.756348E+02,-4.041969E-06,-9.885179E-07,-1.076159E+02,-2.901737E+00
+7.758789E+02,+2.575297E-06,-2.879104E-06,-1.082619E+02,-8.410403E-01
+7.761230E+02,-8.685796E-06,+3.564647E-06,-1.005478E+02,+2.752153E+00
+7.763672E+02,+2.978217E-06,-1.604297E-06,-1.094144E+02,-4.941083E-01
+7.766113E+02,+4.209011E-06,+1.785869E-06,-1.067975E+02,+4.012747E-01
+7.768555E+02,-5.126783E-06,-3.520303E-06,-1.041255E+02,-2.539883E+00
+7.770996E+02,+4.225890E-06,+2.750259E-06,-1.059479E+02,+5.769458E-01
+7.773438E+02,+6.231185E-07,-5.049036E-06,-1.058702E+02,-1.448004E+00
+7.775879E+02,-1.147424E-06,+9.139247E-06,-1.007139E+02,+1.695692E+00
+7.778320E+02,-5.670604E-06,-1.096893E-05,-9.816807E+01,-2.047927E+00
+7.780762E+02,+6.574811E-06,+3.645336E-06,-1.024782E+02,+5.062454E-01
+7.783203E+02,-6.193051E-06,+5.934854E-06,-1.013326E+02,+2.377481E+00
+7.785645E+02,+4.271425E-06,-8.060271E-06,-1.007981E+02,-1.083488E+00
+7.788086E+02,-5.338572E-06,+1.161968E-05,-9.786436E+01,+2.001475E+00
+7.790527E+02,+1.122648E-06,-5.625248E-06,-1.048275E+02,-1.373811E+00
+7.792969E+02,+2.625058E-07,-3.559920E-06,-1.089476E+02,-1.497190E+00
+7.795410E+02,+5.462600E-06,+6.068624E-06,-1.017608E+02,+8.379049E-01
+7.797852E+02,-4.199893E-07,-3.349366E-06,-1.094330E+02,-1.695539E+00
+7.800293E+02,-7.703138E-06,-1.385308E-06,-1.021284E+02,-2.963658E+00
+7.802734E+02,+5.214959E-06,+2.185455E-06,-1.049523E+02,+3.968408E-01
+7.805176E+02,-3.994064E-06,-1.096887E-06,-1.076559E+02,-2.873571E+00
+7.807617E+02,+3.692305E-06,+6.517732E-07,-1.085208E+02,+1.747221E-01
+7.810059E+02,-5.080061E-06,+7.835512E-07,-1.057805E+02,+2.988558E+00
+7.812500E+02,+5.921692E-06,+4.615623E-06,-1.024895E+02,+6.620800E-01
+7.814941E+02,-4.027014E-06,-7.095570E-06,-1.017676E+02,-2.087006E+00
+7.817383E+02,+8.320426E-07,+2.048756E-06,-1.131072E+02,+1.185024E+00
+7.819824E+02,+2.933140E-06,+1.981701E-06,-1.090203E+02,+5.941785E-01
+7.822266E+02,+2.557288E-06,+1.491859E-07,-1.118297E+02,+5.827148E-02
+7.824707E+02,-5.603929E-06,-1.641534E-06,-1.046726E+02,-2.856639E+00
+7.827148E+02,+1.727798E-06,-2.891429E-06,-1.094517E+02,-1.032174E+00
+7.829590E+02,-7.274450E-06,+4.163825E-06,-1.015332E+02,+2.621722E+00
+7.832031E+02,+8.432145E-06,+2.324294E-06,-1.011632E+02,+2.689675E-01
+7.834473E+02,-3.739418E-07,-1.587516E-06,-1.157511E+02,-1.802131E+00
+7.836914E+02,+5.562768E-07,+2.566555E-06,-1.116136E+02,+1.357357E+00
+7.839355E+02,-6.459223E-06,-4.261404E-06,-1.022271E+02,-2.558401E+00
+7.841797E+02,+3.859707E-06,+2.246093E-06,-1.070023E+02,+5.270294E-01
+7.844238E+02,+1.402565E-06,+6.546998E-07,-1.162055E+02,+4.367264E-01
+7.846680E+02,-2.150991E-06,-2.969206E-06,-1.087151E+02,-2.197733E+00
+7.849121E+02,+2.197850E-06,-2.357771E-06,-1.098340E+02,-8.204879E-01
+7.851562E+02,-5.343226E-06,+6.713874E-06,-1.013297E+02,+2.243001E+00
+7.854004E+02,+6.206269E-06,+3.252554E-06,-1.030895E+02,+4.827220E-01
+7.856445E+02,-1.620380E-06,+1.159633E-06,-1.140117E+02,+2.520437E+00
+7.858887E+02,+2.701481E-06,-1.173229E-05,-9.838798E+01,-1.344481E+00
+7.861328E+02,-2.257571E-06,+2.488165E-06,-1.094740E+02,+2.307643E+00
+7.863770E+02,-5.201661E-06,+9.362798E-06,-9.940364E+01,+2.077904E+00
+7.866211E+02,+5.361251E-06,+7.838711E-07,-1.053228E+02,+1.451818E-01
+7.868652E+02,+8.596257E-06,-1.158724E-05,-9.681603E+01,-9.325169E-01
+7.871094E+02,-7.962614E-06,-1.297765E-06,-1.018650E+02,-2.980031E+00
+7.873535E+02,+1.354318E-06,+7.439200E-06,-1.024279E+02,+1.390717E+00
+7.875977E+02,-1.034963E-05,-2.321210E-06,-9.948837E+01,-2.920964E+00
+7.878418E+02,+1.488346E-05,+5.095908E-06,-9.606450E+01,+3.298769E-01
+7.880859E+02,-6.108121E-06,-1.846466E-05,-9.422218E+01,-1.890266E+00
+7.883301E+02,+1.835505E-06,+1.463944E-05,-9.662177E+01,+1.446066E+00
+7.885742E+02,-1.136190E-05,-2.371100E-06,-9.870584E+01,-2.935857E+00
+7.888184E+02,+4.900655E-07,-3.629532E-07,-1.242957E+02,-6.374720E-01
+7.890625E+02,+5.011751E-06,+2.620811E-05,-9.147530E+01,+1.381848E+00
+7.893066E+02,+1.668594E-05,-3.666976E-05,-8.789657E+01,-1.143765E+00
+7.895508E+02,-3.156692E-05,+1.090906E-06,-9.001018E+01,+3.107048E+00
+7.897949E+02,+1.732534E-06,+2.961136E-05,-9.055599E+01,+1.512354E+00
+7.900391E+02,+2.704374E-05,+6.407440E-06,-9.112148E+01,+2.326390E-01
+7.902832E+02,+2.524360E-05,-3.441618E-05,-8.739520E+01,-9.379518E-01
+7.905273E+02,-5.972862E-05,-4.080146E-05,-8.281310E+01,-2.542290E+00
+7.907715E+02,-5.817370E-05,+8.640069E-05,-7.964600E+01,+2.163378E+00
+7.910156E+02,+1.761563E-04,+1.122762E-04,-7.360145E+01,+5.674430E-01
+7.912598E+02,-5.791730E-05,-4.166631E-04,-6.752119E+01,-1.708914E+00
+7.915039E+02,-1.931557E-04,+3.669696E-04,-6.764532E+01,+2.055304E+00
+7.917480E+02,+1.870556E-04,-5.191972E-06,-7.455724E+01,-2.774918E-02
+7.919922E+02,+2.852076E-05,-1.012124E-04,-7.956348E+01,-1.296127E+00
+7.922363E+02,-6.042829E-05,-6.492210E-05,-8.104221E+01,-2.320360E+00
+7.924805E+02,-8.424497E-05,+2.830968E-05,-8.102447E+01,+2.817408E+00
+7.927246E+02,-9.134717E-05,+4.218370E-05,-7.994658E+01,+2.708973E+00
+7.929688E+02,+4.337684E-05,+2.592628E-04,-7.160530E+01,+1.405023E+00
+7.932129E+02,+2.175921E-04,+9.395590E-06,-7.323904E+01,+4.315302E-02
+7.934570E+02,+1.689279E-04,-1.610837E-04,-7.263726E+01,-7.616334E-01
+7.937012E+02,-8.645595E-05,-1.567130E-04,-7.494394E+01,-2.074931E+00
+7.939453E+02,-1.252542E-04,+2.809577E-05,-7.783096E+01,+2.920935E+00
+7.941895E+02,+4.239084E-05,+2.588863E-05,-8.607795E+01,+5.482593E-01
+7.944336E+02,+1.635657E-05,-2.295547E-05,-9.099911E+01,-9.517072E-01
+7.946777E+02,-2.047201E-05,-4.218455E-05,-8.657845E+01,-2.022612E+00
+7.949219E+02,-1.261736E-05,-2.018722E-05,-9.246631E+01,-2.129408E+00
+7.951660E+02,-6.664386E-05,+7.846315E-06,-8.346501E+01,+3.024397E+00
+7.954102E+02,-7.754039E-06,+2.979008E-05,-9.023387E+01,+1.825435E+00
+7.956543E+02,+2.070374E-06,+2.331012E-05,-9.261498E+01,+1.482210E+00
+7.958984E+02,+4.080687E-05,-2.368031E-07,-8.778519E+01,-5.802955E-03
+7.961426E+02,-6.795035E-06,-3.746766E-05,-8.838632E+01,-1.750204E+00
+7.963867E+02,-3.823272E-05,-2.060052E-05,-8.724430E+01,-2.647374E+00
+7.966309E+02,-4.645652E-05,+1.670481E-05,-8.613098E+01,+2.796409E+00
+7.968750E+02,-1.545481E-05,+6.011317E-05,-8.414264E+01,+1.822441E+00
+7.971191E+02,+2.837883E-05,+1.872690E-05,-8.937021E+01,+5.832962E-01
+7.973633E+02,+2.086501E-05,+1.412901E-05,-9.197242E+01,+5.952340E-01
+7.976074E+02,+1.893346E-05,+2.619264E-06,-9.437306E+01,+1.374679E-01
+7.978516E+02,+5.766272E-06,-1.074293E-05,-9.827805E+01,-1.078182E+00
+7.980957E+02,+6.621179E-06,-4.764669E-06,-1.017690E+02,-6.237664E-01
+7.983398E+02,+3.141212E-06,-9.934258E-06,-9.964343E+01,-1.264544E+00
+7.985840E+02,-1.697940E-05,+1.366311E-06,-9.537352E+01,+3.061297E+00
+7.988281E+02,+3.226280E-06,+3.188370E-05,-8.988438E+01,+1.469951E+00
+7.990723E+02,+2.941104E-05,+1.289372E-06,-9.062145E+01,+4.381168E-02
+7.993164E+02,+1.313942E-05,-2.232705E-05,-9.173186E+01,-1.038877E+00
+7.995605E+02,-7.062770E-06,-4.424681E-06,-1.015826E+02,-2.581930E+00
+7.998047E+02,-2.909659E-05,+1.048556E-05,-9.019289E+01,+2.795709E+00
+8.000488E+02,+3.037994E-05,+4.183679E-05,-8.572959E+01,+9.427323E-01
+8.002930E+02,+5.477559E-05,+8.161199E-06,-8.513290E+01,+1.479053E-01
+8.005371E+02,+4.762195E-05,-2.772746E-05,-8.517604E+01,-5.272591E-01
+8.007812E+02,+3.488932E-05,-2.776783E-05,-8.701514E+01,-6.722258E-01
+8.010254E+02,+1.463123E-05,-5.891440E-05,-8.433565E+01,-1.327374E+00
+8.012695E+02,+7.923484E-05,-7.429487E-05,-7.928196E+01,-7.532333E-01
+8.015137E+02,-5.525598E-05,-1.636675E-04,-7.525197E+01,-1.896392E+00
+8.017578E+02,-1.519530E-04,-7.440169E-05,-7.543250E+01,-2.686270E+00
+8.020020E+02,-1.556072E-04,+3.484134E-06,-7.615723E+01,+3.119206E+00
+8.022461E+02,-1.097859E-04,+1.576518E-04,-7.432891E+01,+2.179090E+00
+8.024902E+02,+1.721031E-04,+4.766191E-05,-7.496330E+01,+2.701672E-01
+8.027344E+02,-3.235135E-04,-2.119636E-05,-6.978355E+01,-3.076167E+00
+8.029785E+02,+2.399848E-04,+2.286650E-04,-6.959080E+01,+7.612487E-01
+8.032227E+02,+1.251215E-04,-1.140166E-04,-7.542797E+01,-7.389944E-01
+8.034668E+02,-4.391107E-05,-2.616805E-04,-7.152398E+01,-1.737051E+00
+8.037109E+02,-3.919427E-04,+5.667935E-04,-6.323421E+01,+2.175801E+00
+8.039551E+02,+8.001423E-04,-6.326274E-04,-5.982781E+01,-6.690097E-01
+8.041992E+02,-8.967646E-04,-3.165583E-04,-6.043642E+01,-2.802247E+00
+8.044434E+02,-5.412020E-04,+4.099332E-04,-6.336351E+01,+2.493341E+00
+8.046875E+02,-2.628508E-04,+9.317261E-04,-6.028166E+01,+1.845762E+00
+8.049316E+02,+7.207538E-04,+9.407235E-04,-5.852495E+01,+9.170268E-01
+8.051758E+02,+1.301133E-03,+7.187283E-05,-5.770034E+01,+5.518259E-02
+8.054199E+02,+9.721039E-04,-1.063596E-03,-5.682726E+01,-8.303118E-01
+8.056641E+02,-2.724504E-04,-1.449073E-03,-5.662732E+01,-1.756644E+00
+8.059082E+02,-1.342430E-03,-7.859875E-04,-5.616203E+01,-2.611906E+00
+8.061523E+02,-3.726724E-03,+1.587612E-03,-4.784918E+01,+2.738869E+00
+8.063965E+02,+7.631445E-03,+1.992119E-03,-4.206157E+01,+2.553428E-01
+8.066406E+02,-4.570445E-03,-3.761103E-03,-4.455500E+01,-2.453032E+00
+8.068848E+02,-2.167310E-04,+2.106482E-03,-5.348312E+01,+1.673323E+00
+8.071289E+02,+9.220083E-04,+2.045464E-04,-6.049665E+01,+2.183131E-01
+8.073730E+02,+2.341304E-04,-4.695749E-04,-6.560166E+01,-1.108269E+00
+8.076172E+02,-2.451630E-04,-2.029419E-04,-6.994432E+01,-2.450139E+00
+8.078613E+02,-1.452434E-04,+1.110507E-04,-7.475890E+01,+2.488823E+00
+8.081055E+02,+8.308205E-07,+1.444514E-04,-7.680542E+01,+1.565045E+00
+8.083496E+02,+1.526567E-04,-6.900291E-06,-7.631682E+01,-4.517062E-02
+8.085938E+02,+8.974608E-06,-1.136049E-04,-7.886504E+01,-1.491962E+00
+8.088379E+02,-8.831036E-05,-2.270706E-05,-8.080173E+01,-2.889917E+00
+8.090820E+02,-4.134442E-05,+4.517022E-05,-8.426003E+01,+2.312002E+00
+8.093262E+02,+3.427732E-05,+6.300487E-05,-8.288652E+01,+1.072539E+00
+8.095703E+02,+5.407221E-05,-2.966716E-05,-8.419765E+01,-5.018123E-01
+8.098145E+02,-2.839780E-05,-5.002510E-05,-8.480310E+01,-2.087105E+00
+8.100586E+02,-3.156723E-05,+7.582321E-06,-8.977167E+01,+2.905862E+00
+8.103027E+02,-5.434769E-06,+4.290716E-05,-8.728028E+01,+1.696789E+00
+8.105469E+02,+4.254764E-05,+1.896758E-06,-8.741386E+01,+4.455012E-02
+8.107910E+02,-8.910781E-06,-3.730073E-05,-8.832462E+01,-1.805292E+00
+8.110352E+02,-2.859403E-05,-5.363998E-06,-9.072429E+01,-2.956156E+00
+8.112793E+02,-7.261265E-06,+1.920042E-05,-9.375324E+01,+1.932354E+00
+8.115234E+02,+8.994964E-06,+2.796139E-05,-9.064116E+01,+1.259559E+00
+8.117676E+02,+1.475349E-05,-1.936979E-06,-9.654788E+01,-1.305429E-01
+8.120117E+02,+1.226885E-05,-1.690352E-05,-9.360261E+01,-9.429532E-01
+8.122559E+02,-5.632738E-06,-1.655097E-05,-9.514758E+01,-1.898828E+00
+8.125000E+02,-1.854317E-05,+4.437095E-06,-9.439452E+01,+2.906724E+00
+8.127441E+02,-4.089775E-06,+2.517251E-05,-9.186832E+01,+1.731859E+00
+8.129883E+02,+3.245487E-05,-4.879179E-06,-8.967734E+01,-1.492198E-01
+8.132324E+02,-1.345775E-05,-3.114097E-05,-8.938973E+01,-1.978712E+00
+8.134766E+02,-1.162820E-05,+1.996424E-05,-9.272633E+01,+2.098212E+00
+8.137207E+02,+3.577771E-06,+2.935631E-06,-1.066921E+02,+6.871282E-01
+8.139648E+02,+8.516993E-07,+1.334890E-06,-1.160079E+02,+1.002882E+00
+8.142090E+02,+1.087287E-05,-4.780164E-06,-9.850568E+01,-4.142064E-01
+8.144531E+02,-1.014456E-05,-9.632538E-06,-9.708414E+01,-2.382078E+00
+8.146973E+02,-1.397593E-05,+3.443119E-06,-9.683649E+01,+2.900042E+00
+8.149414E+02,+1.204752E-05,+2.099371E-05,-9.232192E+01,+1.049816E+00
+8.151855E+02,+2.779842E-06,-1.297887E-05,-9.754047E+01,-1.359802E+00
+8.154297E+02,+2.354259E-06,-1.927823E-07,-1.125339E+02,-8.170433E-02
+8.156738E+02,+3.482878E-06,-3.883678E-06,-1.056522E+02,-8.397526E-01
+8.159180E+02,-8.184604E-06,-2.030510E-06,-1.014806E+02,-2.898413E+00
+8.161621E+02,-2.874531E-06,+7.991611E-07,-1.105053E+02,+2.870426E+00
+8.164062E+02,-3.948900E-06,+3.714691E-08,-1.080701E+02,+3.132186E+00
+8.166504E+02,+6.836570E-06,+8.401229E-06,-9.930630E+01,+8.877223E-01
+8.168945E+02,-3.245818E-06,-7.590616E-06,-1.016652E+02,-1.974875E+00
+8.171387E+02,+9.820987E-06,+1.789096E-07,-1.001555E+02,+1.821505E-02
+8.173828E+02,-1.255151E-05,-8.474747E-06,-9.639479E+01,-2.547708E+00
+8.176270E+02,+4.013149E-06,+2.731315E-05,-9.117980E+01,+1.424909E+00
+8.178711E+02,+2.409420E-06,-2.457215E-05,-9.214958E+01,-1.473054E+00
+8.181152E+02,-6.648457E-06,+8.397794E-06,-9.940342E+01,+2.240450E+00
+8.183594E+02,-2.379632E-06,-2.146062E-06,-1.098850E+02,-2.407758E+00
+8.186035E+02,+1.126111E-05,+4.456218E-06,-9.833657E+01,+3.768090E-01
+8.188477E+02,-7.218927E-06,-7.233581E-06,-9.981143E+01,-2.355181E+00
+8.190918E+02,-2.761609E-06,+1.877546E-05,-9.443523E+01,+1.716835E+00
+8.193359E+02,+9.831356E-06,-2.287526E-05,-9.207655E+01,-1.164883E+00
+8.195801E+02,-1.702962E-05,+1.175754E-05,-9.368305E+01,+2.537327E+00
+8.198242E+02,+2.525152E-05,+3.890036E-06,-9.185239E+01,+1.528500E-01
+8.200684E+02,-1.727488E-05,-1.246004E-05,-9.343256E+01,-2.516726E+00
+8.203125E+02,-2.907355E-07,+7.347325E-06,-1.026706E+02,+1.610346E+00
+8.205566E+02,+5.137201E-06,-9.178289E-07,-1.056490E+02,-1.767978E-01
+8.208008E+02,-5.061803E-06,-2.170285E-06,-1.051810E+02,-2.736544E+00
+8.210449E+02,+7.914587E-06,+3.216505E-06,-1.013676E+02,+3.860133E-01
+8.212891E+02,-8.849066E-06,+2.001733E-06,-1.008453E+02,+2.919128E+00
+8.215332E+02,+6.286254E-06,-2.320323E-06,-1.034774E+02,-3.535974E-01
+8.217773E+02,-4.318981E-06,+3.764762E-06,-1.048377E+02,+2.424647E+00
+8.220215E+02,+3.177792E-06,-3.111819E-06,-1.070373E+02,-7.749093E-01
+8.222656E+02,-4.930832E-06,-7.765930E-06,-1.007251E+02,-2.136505E+00
+8.225098E+02,+1.151960E-06,+1.488673E-05,-9.651809E+01,+1.493569E+00
+8.227539E+02,+1.011042E-05,-5.124238E-06,-9.891170E+01,-4.690946E-01
+8.229980E+02,-1.392003E-05,-6.909205E-06,-9.617075E+01,-2.680870E+00
+8.232422E+02,+3.156076E-07,+3.431626E-06,-1.092534E+02,+1.479084E+00
+8.234863E+02,+1.159508E-05,+5.991355E-06,-9.768678E+01,+4.769304E-01
+8.237305E+02,-9.658770E-06,-5.567913E-06,-9.905552E+01,-2.618660E+00
+8.239746E+02,+6.564152E-06,+4.970396E-06,-1.016882E+02,+6.480952E-01
+8.242188E+02,-4.521796E-06,-8.320668E-06,-1.004730E+02,-2.068590E+00
+8.244629E+02,+4.807537E-06,+6.202812E-06,-1.021051E+02,+9.114503E-01
+8.247070E+02,-2.587883E-06,+4.367924E-07,-1.116191E+02,+2.974385E+00
+8.249512E+02,-2.390505E-06,-1.039233E-06,-1.116784E+02,-2.731507E+00
+8.251953E+02,+5.445707E-07,-1.697608E-06,-1.149779E+02,-1.260380E+00
+8.254395E+02,-1.513377E-06,+7.032684E-06,-1.028610E+02,+1.782756E+00
+8.256836E+02,+3.301783E-06,-5.905614E-06,-1.033934E+02,-1.060999E+00
+8.259277E+02,+2.471962E-06,-1.129906E-06,-1.113152E+02,-4.287333E-01
+8.261719E+02,-7.009650E-07,+5.202229E-06,-1.055981E+02,+1.704733E+00
+8.264160E+02,-6.481712E-06,-5.578662E-06,-1.013588E+02,-2.430933E+00
+8.266602E+02,+7.312686E-06,+1.851035E-06,-1.024487E+02,+2.479192E-01
+8.269043E+02,-3.142863E-06,+2.139274E-06,-1.084001E+02,+2.543953E+00
+8.271484E+02,+3.762090E-07,+1.989933E-06,-1.138707E+02,+1.383946E+00
+8.273926E+02,-3.422004E-06,-5.342890E-06,-1.039516E+02,-2.140449E+00
+8.276367E+02,+6.543964E-06,+7.911114E-06,-9.977121E+01,+8.796968E-01
+8.278809E+02,-4.074424E-06,-1.128409E-05,-9.841843E+01,-1.917305E+00
+8.281250E+02,+7.452934E-07,+9.795031E-06,-1.001548E+02,+1.494854E+00
+8.283691E+02,+4.092011E-06,-5.157991E-06,-1.036302E+02,-9.001331E-01
+8.286133E+02,-2.128665E-06,-1.560122E-06,-1.115707E+02,-2.509119E+00
+8.288574E+02,+3.937676E-06,+6.303618E-06,-1.025774E+02,+1.012435E+00
+8.291016E+02,-9.443510E-06,-9.385056E-06,-9.751392E+01,-2.359299E+00
+8.293457E+02,+5.892151E-06,+1.011849E-05,-9.862958E+01,+1.043482E+00
+8.295898E+02,-6.871586E-06,-1.075904E-05,-9.787878E+01,-2.139173E+00
+8.298340E+02,+7.856525E-06,+6.429020E-06,-9.986922E+01,+6.858022E-01
+8.300781E+02,-7.363610E-07,+5.139921E-07,-1.209344E+02,+2.532199E+00
+8.303223E+02,-2.415033E-06,-2.863590E-06,-1.085286E+02,-2.271422E+00
+8.305664E+02,-5.054362E-06,+1.024969E-06,-1.057516E+02,+2.941517E+00
+8.308105E+02,+5.849897E-06,+9.903291E-07,-1.045343E+02,+1.677000E-01
+8.310547E+02,+4.447846E-06,-5.245797E-06,-1.032512E+02,-8.675299E-01
+8.312988E+02,-1.446193E-05,+1.105964E-05,-9.479565E+01,+2.488723E+00
+8.315430E+02,+1.145050E-05,-1.266058E-05,-9.535504E+01,-8.355440E-01
+8.317871E+02,-4.513210E-06,+1.106572E-05,-9.845214E+01,+1.958056E+00
+8.320312E+02,+9.407661E-07,-4.747114E-06,-1.063041E+02,-1.375155E+00
+8.322754E+02,+4.241092E-06,+5.142898E-06,-1.035226E+02,+8.812045E-01
+8.325195E+02,-1.027531E-05,-7.460278E-06,-9.792533E+01,-2.513604E+00
+8.327637E+02,+4.227399E-06,+2.843432E-06,-1.058576E+02,+5.921126E-01
+8.330078E+02,+1.516824E-06,+3.150731E-06,-1.091265E+02,+1.122123E+00
+8.332520E+02,-9.206398E-07,+1.421072E-06,-1.154257E+02,+2.145658E+00
+8.334961E+02,+6.400866E-06,-4.620753E-06,-1.020536E+02,-6.252699E-01
+8.337402E+02,-8.308189E-06,+3.082634E-06,-1.010497E+02,+2.786302E+00
+8.339844E+02,+6.436249E-06,-2.424175E-07,-1.038212E+02,-3.764661E-02
+8.342285E+02,+7.247949E-07,+4.050663E-06,-1.077126E+02,+1.393738E+00
+8.344727E+02,-7.272139E-06,-7.032244E-06,-9.989969E+01,-2.372964E+00
+8.347168E+02,+8.458115E-06,+3.564517E-06,-1.007445E+02,+3.988443E-01
+8.349609E+02,-1.386764E-06,+5.018397E-06,-1.056691E+02,+1.840404E+00
+8.352051E+02,-6.239136E-06,-8.418804E-06,-9.959386E+01,-2.208574E+00
+8.354492E+02,+6.556091E-06,+4.447162E-06,-1.020232E+02,+5.960306E-01
+8.356934E+02,-2.121695E-06,-3.050166E-06,-1.085996E+02,-2.178563E+00
+8.359375E+02,-1.602251E-06,+4.391070E-06,-1.066057E+02,+1.920673E+00
+8.361816E+02,+8.466238E-06,+2.511007E-06,-1.010800E+02,+2.883261E-01
+8.364258E+02,-5.662572E-06,-5.463082E-06,-1.020824E+02,-2.374123E+00
+8.366699E+02,-3.647655E-06,+9.169335E-07,-1.084936E+02,+2.895319E+00
+8.369141E+02,+1.099479E-05,+8.044724E-08,-9.917603E+01,+7.316720E-03
+8.371582E+02,-6.170255E-06,-3.975257E-06,-1.026861E+02,-2.569262E+00
+8.374023E+02,-3.217611E-06,+5.030924E-06,-1.044778E+02,+2.139802E+00
+8.376465E+02,+9.071804E-06,-6.179700E-06,-9.919063E+01,-5.979958E-01
+8.378906E+02,-2.839138E-06,+2.443515E-06,-1.085290E+02,+2.430946E+00
+8.381348E+02,-4.157508E-06,+3.597068E-06,-1.051965E+02,+2.428341E+00
+8.383789E+02,-1.038060E-06,-6.945047E-06,-1.030705E+02,-1.719166E+00
+8.386230E+02,+1.233210E-05,+5.820176E-06,-9.730592E+01,+4.409597E-01
+8.388672E+02,-1.764528E-05,-3.028817E-06,-9.494132E+01,-2.971599E+00
+8.391113E+02,+9.464720E-06,-5.211712E-06,-9.932770E+01,-5.033392E-01
+8.393555E+02,+1.774646E-07,+1.130089E-05,-9.893668E+01,+1.555094E+00
+8.395996E+02,+1.225569E-06,-9.498071E-06,-1.003756E+02,-1.442472E+00
+8.398438E+02,-3.911269E-06,+3.239389E-06,-1.058852E+02,+2.449880E+00
+8.400879E+02,-1.586776E-07,-2.396497E-06,-1.123895E+02,-1.636912E+00
+8.403320E+02,-1.525980E-06,+4.198954E-06,-1.069984E+02,+1.919375E+00
+8.405762E+02,+2.459617E-06,-6.615230E-06,-1.030267E+02,-1.214824E+00
+8.408203E+02,+1.532470E-06,+7.438317E-06,-1.023900E+02,+1.367615E+00
+8.410645E+02,-2.794522E-06,-3.312693E-06,-1.072623E+02,-2.271552E+00
+8.413086E+02,-9.882709E-08,+2.128471E-06,-1.134293E+02,+1.617194E+00
+8.415527E+02,+1.153890E-07,-8.914839E-06,-1.009970E+02,-1.557854E+00
+8.417969E+02,+4.896351E-07,+9.027294E-06,-1.008761E+02,+1.516610E+00
+8.420410E+02,-2.936912E-06,-5.364161E-06,-1.042713E+02,-2.071723E+00
+8.422852E+02,+6.836836E-06,+7.528155E-06,-9.985414E+01,+8.334863E-01
+8.425293E+02,-5.875415E-06,-6.027695E-07,-1.045738E+02,-3.039359E+00
+8.427734E+02,+5.481294E-06,-2.353960E-06,-1.044872E+02,-4.056366E-01
+8.430176E+02,-5.608836E-06,-3.848871E-06,-1.033467E+02,-2.540178E+00
+8.432617E+02,+1.344645E-06,+2.372764E-06,-1.112854E+02,+1.055222E+00
+8.435059E+02,-2.782726E-06,+6.754199E-07,-1.108620E+02,+2.903479E+00
+8.437500E+02,+6.193030E-06,-6.115071E-07,-1.041198E+02,-9.842213E-02
+8.439941E+02,-3.593672E-06,+2.393166E-07,-1.088700E+02,+3.075097E+00
+8.442383E+02,+4.460314E-06,+1.364138E-07,-1.070086E+02,+3.057437E-02
+8.444824E+02,-5.678464E-06,-4.116677E-06,-1.030811E+02,-2.514309E+00
+8.447266E+02,-4.068939E-06,+4.795037E-06,-1.040287E+02,+2.274462E+00
+8.449707E+02,+8.851243E-06,+2.174853E-06,-1.008053E+02,+2.409384E-01
+8.452148E+02,+5.371923E-07,-4.246926E-06,-1.073696E+02,-1.444975E+00
+8.454590E+02,-1.770694E-07,-3.866274E-06,-1.082450E+02,-1.616563E+00
+8.457031E+02,-7.259757E-06,+8.300487E-06,-9.915059E+01,+2.289410E+00
+8.459473E+02,+6.888615E-06,-2.366475E-06,-1.027529E+02,-3.309031E-01
+8.461914E+02,-4.590551E-09,-2.563831E-06,-1.118222E+02,-1.572587E+00
+8.464355E+02,-9.961203E-06,+2.978900E-06,-9.966177E+01,+2.851007E+00
+8.466797E+02,+8.557886E-06,-1.469944E-06,-1.012264E+02,-1.701049E-01
+8.469238E+02,+2.786702E-07,-1.946323E-06,-1.141276E+02,-1.428585E+00
+8.471680E+02,+1.876140E-07,+5.954491E-06,-1.044988E+02,+1.539299E+00
+8.474121E+02,-2.370740E-06,-6.503764E-06,-1.031949E+02,-1.920346E+00
+8.476562E+02,-2.158224E-06,+7.889431E-07,-1.127734E+02,+2.791131E+00
+8.479004E+02,+4.429437E-06,+1.720594E-06,-1.064627E+02,+3.705060E-01
+8.481445E+02,+1.818955E-06,-8.451366E-07,-1.139547E+02,-4.349514E-01
+8.483887E+02,-6.075910E-06,-1.862413E-06,-1.039378E+02,-2.844161E+00
+8.486328E+02,+3.043933E-06,+4.308235E-06,-1.055554E+02,+9.556958E-01
+8.488770E+02,-6.654450E-07,-3.723495E-08,-1.235242E+02,-3.085696E+00
+8.491211E+02,-2.993370E-06,-2.927512E-06,-1.075620E+02,-2.367317E+00
+8.493652E+02,+8.807533E-06,+3.739233E-06,-1.003832E+02,+4.014889E-01
+8.496094E+02,-5.213365E-06,-1.227098E-05,-9.750175E+01,-1.972543E+00
+8.498535E+02,-3.371008E-06,+1.323358E-05,-9.729341E+01,+1.820223E+00
+8.500977E+02,+3.041904E-06,-6.709722E-06,-1.026541E+02,-1.145154E+00
+8.503418E+02,-2.145931E-06,+7.334302E-06,-1.023361E+02,+1.855440E+00
+8.505859E+02,-2.365691E-07,-7.132046E-06,-1.029309E+02,-1.603954E+00
+8.508301E+02,+3.765600E-06,+6.906219E-06,-1.020848E+02,+1.071609E+00
+8.510742E+02,-4.644469E-06,-4.225869E-06,-1.040418E+02,-2.403350E+00
+8.513184E+02,+8.809930E-06,+3.097018E-07,-1.010952E+02,+3.513925E-02
+8.515625E+02,-8.522231E-06,-7.232533E-06,-9.903306E+01,-2.437873E+00
+8.518066E+02,-1.373582E-06,+8.690455E-06,-1.011120E+02,+1.727556E+00
+8.520508E+02,+5.875204E-06,-2.083860E-07,-1.046141E+02,-3.545386E-02
+8.522949E+02,-3.907382E-06,-2.332907E-06,-1.068382E+02,-2.603344E+00
+8.525391E+02,-1.940147E-06,-1.291747E-06,-1.126498E+02,-2.554191E+00
+8.527832E+02,+7.354197E-06,+3.472502E-06,-1.017952E+02,+4.411447E-01
+8.530273E+02,-2.847064E-06,-2.520069E-06,-1.083994E+02,-2.417045E+00
+8.532715E+02,-1.001809E-06,+2.836663E-06,-1.104334E+02,+1.910287E+00
+8.535156E+02,-5.516441E-06,-6.737050E-06,-1.012022E+02,-2.256909E+00
+8.537598E+02,+9.257267E-06,+8.838148E-06,-9.785660E+01,+7.622407E-01
+8.540039E+02,-5.910081E-06,-4.492886E-06,-1.025873E+02,-2.491591E+00
+8.542480E+02,+4.090236E-07,+2.665837E-06,-1.113823E+02,+1.418552E+00
+8.544922E+02,-1.175042E-06,-4.540252E-06,-1.065768E+02,-1.824045E+00
+8.547363E+02,+4.905110E-06,+3.249071E-06,-1.046072E+02,+5.850324E-01
+8.549805E+02,+1.958919E-06,-2.012764E-06,-1.110300E+02,-7.989547E-01
+8.552246E+02,-7.617727E-06,-6.571601E-07,-1.023313E+02,-3.055538E+00
+8.554688E+02,+3.674892E-06,+5.856463E-06,-1.032055E+02,+1.010406E+00
+8.557129E+02,-4.322368E-06,-6.145697E-06,-1.024832E+02,-2.183744E+00
+8.559570E+02,+1.209977E-05,-1.014517E-07,-9.834415E+01,-8.384400E-03
+8.562012E+02,-1.584837E-05,+7.722219E-06,-9.507514E+01,+2.688192E+00
+8.564453E+02,+5.512829E-06,-6.434530E-06,-1.014391E+02,-8.623925E-01
+8.566895E+02,+4.101261E-06,+3.449184E-06,-1.054186E+02,+6.992491E-01
+8.569336E+02,+4.141120E-08,-5.980399E-06,-1.044652E+02,-1.563872E+00
+8.571777E+02,-2.584930E-07,+2.022365E-06,-1.138124E+02,+1.697924E+00
+8.574219E+02,-2.786389E-06,-1.096551E-07,-1.110924E+02,-3.102259E+00
+8.576660E+02,-4.953368E-09,+5.003369E-06,-1.060147E+02,+1.571786E+00
+8.579102E+02,-1.198445E-06,-4.006639E-06,-1.075722E+02,-1.861441E+00
+8.581543E+02,+4.052411E-06,+5.620737E-06,-1.031863E+02,+9.461314E-01
+8.583984E+02,-4.759440E-06,-3.909463E-06,-1.042095E+02,-2.453931E+00
+8.586426E+02,+5.315219E-06,-2.620432E-06,-1.045447E+02,-4.580363E-01
+8.588867E+02,-2.479805E-06,+5.079127E-06,-1.049557E+02,+2.024987E+00
+8.591309E+02,-7.068106E-06,-7.804370E-06,-9.955200E+01,-2.306730E+00
+8.593750E+02,+1.094849E-05,+6.240562E-06,-9.799111E+01,+5.180633E-01
+8.596191E+02,-6.273586E-06,-1.579794E-06,-1.037827E+02,-2.894905E+00
+8.598633E+02,+3.736146E-06,+5.846033E-07,-1.084465E+02,+1.552137E-01
+8.601074E+02,+2.236232E-06,-1.078467E-06,-1.121015E+02,-4.493632E-01
+8.603516E+02,-8.479061E-06,+1.644672E-06,-1.012727E+02,+2.950003E+00
+8.605957E+02,+3.944623E-06,+1.143804E-06,-1.077293E+02,+2.822255E-01
+8.608398E+02,+1.241056E-06,-5.018427E-06,-1.057309E+02,-1.328361E+00
+8.610840E+02,+1.968286E-06,+4.918032E-06,-1.055189E+02,+1.190102E+00
+8.613281E+02,-6.783308E-06,+9.181209E-07,-1.032923E+02,+3.007060E+00
+8.615723E+02,+8.800905E-06,-9.203986E-06,-9.790031E+01,-8.077818E-01
+8.618164E+02,-8.169488E-06,+1.016776E-05,-9.769234E+01,+2.247649E+00
+8.620605E+02,+6.653365E-06,-3.109757E-06,-1.026811E+02,-4.372260E-01
+8.623047E+02,-3.130759E-06,+1.572050E-06,-1.091105E+02,+2.676242E+00
+8.625488E+02,-1.774874E-06,-4.288028E-06,-1.066681E+02,-1.963240E+00
+8.627930E+02,+1.135915E-06,+1.608991E-06,-1.141126E+02,+9.560682E-01
+8.630371E+02,+3.553927E-06,+2.987470E-06,-1.066644E+02,+6.990179E-01
+8.632812E+02,-5.654999E-06,+5.386577E-07,-1.049121E+02,+3.046626E+00
+8.635254E+02,+3.885553E-06,-4.977684E-06,-1.039930E+02,-9.080005E-01
+8.637695E+02,-1.777077E-06,+1.068379E-06,-1.136659E+02,+2.600291E+00
+8.640137E+02,+4.432804E-06,-8.393567E-07,-1.069134E+02,-1.871357E-01
+8.642578E+02,-6.559507E-06,+2.973234E-06,-1.028511E+02,+2.716022E+00
+8.645020E+02,+4.649924E-06,-9.661943E-07,-1.064675E+02,-2.048718E-01
+8.647461E+02,-5.496093E-06,+3.780164E-06,-1.035167E+02,+2.539108E+00
+8.649902E+02,+5.344955E-06,-5.963441E-06,-1.019293E+02,-8.400364E-01
+8.652344E+02,+3.201607E-06,+5.609158E-06,-1.037973E+02,+1.052138E+00
+8.654785E+02,-3.210238E-06,-3.677982E-06,-1.062282E+02,-2.288393E+00
+8.657227E+02,-1.064835E-05,-9.370264E-07,-9.942085E+01,-3.053821E+00
+8.659668E+02,+1.160576E-05,+1.722038E-06,-9.861195E+01,+1.473032E-01
+8.662109E+02,+4.192500E-06,+8.342266E-07,-1.073819E+02,+1.964153E-01
+8.664551E+02,-1.071091E-05,+3.999278E-07,-9.939742E+01,+3.104272E+00
+8.666992E+02,+2.919068E-06,-5.305109E-06,-1.043575E+02,-1.067771E+00
+8.669434E+02,+4.397417E-06,+9.165096E-06,-9.985748E+01,+1.123439E+00
+8.671875E+02,-1.607485E-06,-8.169191E-06,-1.015914E+02,-1.765088E+00
+8.674316E+02,-4.844790E-06,+1.512880E-07,-1.062903E+02,+3.110376E+00
+8.676758E+02,+2.070295E-06,+1.200161E-05,-9.828787E+01,+1.399976E+00
+8.679199E+02,+4.561666E-06,-1.544193E-05,-9.586262E+01,-1.283558E+00
+8.681641E+02,-3.156606E-06,+6.895920E-06,-1.024020E+02,+2.000076E+00
+8.684082E+02,+2.493869E-06,-1.118453E-06,-1.112666E+02,-4.215899E-01
+8.686523E+02,-7.417962E-06,+7.607675E-07,-1.025489E+02,+3.039392E+00
+8.688965E+02,+1.221605E-05,+8.625572E-07,-9.823978E+01,+7.049152E-02
+8.691406E+02,-9.765941E-06,+2.006077E-06,-1.000262E+02,+2.938995E+00
+8.693848E+02,+7.258729E-06,-4.176596E-06,-1.015408E+02,-5.221270E-01
+8.696289E+02,-9.753777E-06,+8.615597E-07,-1.001828E+02,+3.053490E+00
+8.698730E+02,+6.119659E-06,-2.801952E-07,-1.042564E+02,-4.575413E-02
+8.701172E+02,+1.966480E-06,-3.486172E-06,-1.079533E+02,-1.057207E+00
+8.703613E+02,-6.397024E-06,+6.263042E-06,-1.009611E+02,+2.366777E+00
+8.706055E+02,+9.621468E-06,+7.109419E-09,-1.003352E+02,+7.389120E-04
+8.708496E+02,-1.030972E-05,-6.584193E-06,-9.824947E+01,-2.573245E+00
+8.710938E+02,+3.759712E-06,+4.134873E-06,-1.050539E+02,+8.328837E-01
+8.713379E+02,+8.666976E-07,+3.170572E-06,-1.096643E+02,+1.303958E+00
+8.715820E+02,+1.309434E-06,-3.930969E-06,-1.076530E+02,-1.249249E+00
+8.718262E+02,+3.080386E-07,+4.596871E-07,-1.251400E+02,+9.804172E-01
+8.720703E+02,-4.407033E-07,+3.905604E-06,-1.081113E+02,+1.683160E+00
+8.723145E+02,-1.147727E-06,-2.534610E-06,-1.111117E+02,-1.995994E+00
+8.725586E+02,-2.067785E-06,-3.859965E-06,-1.071726E+02,-2.062595E+00
+8.728027E+02,+1.056625E-06,-4.229042E-06,-1.072122E+02,-1.325959E+00
+8.730469E+02,+6.835995E-07,+9.244419E-06,-1.006587E+02,+1.496983E+00
+8.732910E+02,-2.017263E-07,-3.053101E-08,-1.338064E+02,-2.991384E+00
+8.735352E+02,-7.882403E-08,-4.154987E-06,-1.076270E+02,-1.589765E+00
+8.737793E+02,+5.687095E-06,+6.832703E-06,-1.010221E+02,+8.766477E-01
+8.740234E+02,-9.071332E-06,-1.086211E-05,-9.698373E+01,-2.266597E+00
+8.742676E+02,+7.330228E-06,+6.784140E-06,-1.000106E+02,+7.467273E-01
+8.745117E+02,-6.995062E-06,+1.797421E-06,-1.028265E+02,+2.890078E+00
+8.747559E+02,+4.436620E-06,-5.725460E-06,-1.028013E+02,-9.115530E-01
+8.750000E+02,+1.042174E-06,+2.310923E-06,-1.119203E+02,+1.147130E+00
+8.752441E+02,-1.342198E-06,+7.543067E-06,-1.023137E+02,+1.746891E+00
+8.754883E+02,-2.757956E-07,-8.533318E-06,-1.013731E+02,-1.603105E+00
+8.757324E+02,-3.928372E-06,-3.432379E-06,-1.056522E+02,-2.423476E+00
+8.759766E+02,+6.102366E-06,+7.544800E-06,-1.002612E+02,+8.907020E-01
+8.762207E+02,+1.792095E-06,-4.444484E-06,-1.063893E+02,-1.187519E+00
+8.764648E+02,-8.553096E-06,+5.709413E-06,-9.975708E+01,+2.552995E+00
+8.767090E+02,+8.181400E-06,-5.149774E-06,-1.002940E+02,-5.617922E-01
+8.769531E+02,-3.936155E-07,-1.571989E-06,-1.158069E+02,-1.816145E+00
+8.771973E+02,-5.123386E-06,+6.166930E-06,-1.019192E+02,+2.264028E+00
+8.774414E+02,+3.334663E-06,-5.395204E-06,-1.039547E+02,-1.017189E+00
+8.776855E+02,-2.966956E-06,-4.189476E-07,-1.104680E+02,-3.001316E+00
+8.779297E+02,-3.802567E-06,+2.730274E-06,-1.065928E+02,+2.518883E+00
+8.781738E+02,+1.051454E-05,-3.764440E-06,-9.904041E+01,-3.438038E-01
+8.784180E+02,-6.747051E-06,+7.477589E-06,-9.993803E+01,+2.304882E+00
+8.786621E+02,+4.196138E-06,-4.671326E-06,-1.040419E+02,-8.389348E-01
+8.789062E+02,-3.024847E-06,+2.882022E-08,-1.103855E+02,+3.132065E+00
+8.791504E+02,+3.793366E-06,+1.767759E-06,-1.075660E+02,+4.360905E-01
+8.793945E+02,-4.538000E-06,-3.372972E-06,-1.049525E+02,-2.502411E+00
+8.796387E+02,-1.962664E-07,+5.749683E-06,-1.048021E+02,+1.604918E+00
+8.798828E+02,+2.551235E-06,-8.186507E-06,-1.013355E+02,-1.268696E+00
+8.801270E+02,+2.430999E-07,+1.751192E-06,-1.150504E+02,+1.432858E+00
+8.803711E+02,-9.190760E-06,+8.661773E-06,-9.797249E+01,+2.385817E+00
+8.806152E+02,+1.252112E-05,-8.311920E-06,-9.646149E+01,-5.860376E-01
+8.808594E+02,-3.022746E-06,-2.888573E-06,-1.075744E+02,-2.378888E+00
+8.811035E+02,-1.776802E-06,+7.670432E-06,-1.020766E+02,+1.798425E+00
+8.813477E+02,-3.925024E-06,-5.358269E-06,-1.035540E+02,-2.203014E+00
+8.815918E+02,+7.180699E-06,+3.859912E-06,-1.017743E+02,+4.932266E-01
+8.818359E+02,-4.179970E-06,-6.427882E-06,-1.023070E+02,-2.147373E+00
+8.820801E+02,+1.375688E-06,+1.066937E-05,-9.936562E+01,+1.442566E+00
+8.823242E+02,-5.132465E-06,-1.057852E-05,-9.859344E+01,-2.022516E+00
+8.825684E+02,+5.674042E-06,+1.027628E-05,-9.860760E+01,+1.066304E+00
+8.828125E+02,+1.610045E-06,-7.394519E-06,-1.024206E+02,-1.356408E+00
+8.830566E+02,-5.468376E-06,+8.015890E-06,-1.002615E+02,+2.169470E+00
+8.833008E+02,+3.627142E-06,-1.023855E-05,-9.928177E+01,-1.230329E+00
+8.835449E+02,-1.739322E-06,+3.515101E-06,-1.081301E+02,+2.030287E+00
+8.837891E+02,+1.504771E-06,-3.177126E-06,-1.090804E+02,-1.128469E+00
+8.840332E+02,-1.280521E-06,+1.029548E-05,-9.968040E+01,+1.694538E+00
+8.842773E+02,+3.630234E-06,-5.516684E-06,-1.036039E+02,-9.887854E-01
+8.845215E+02,-4.159524E-06,-4.847925E-06,-1.038930E+02,-2.279917E+00
+8.847656E+02,-2.199403E-07,+6.154224E-06,-1.042110E+02,+1.606519E+00
+8.850098E+02,+9.378024E-07,+5.182897E-07,-1.194002E+02,+5.048862E-01
+8.852539E+02,-2.370157E-06,-1.094801E-05,-9.901437E+01,-1.783998E+00
+8.854980E+02,+2.472629E-06,+1.225249E-05,-9.806215E+01,+1.371665E+00
+8.857422E+02,-2.832846E-07,-2.750803E-06,-1.111650E+02,-1.673417E+00
+8.859863E+02,-2.563717E-06,+4.277524E-07,-1.117033E+02,+2.976267E+00
+8.862305E+02,+8.706830E-06,-5.238412E-06,-9.986111E+01,-5.416274E-01
+8.864746E+02,-1.005027E-05,+4.815457E-06,-9.905891E+01,+2.694774E+00
+8.867188E+02,+5.458390E-06,-2.427985E-06,-1.044746E+02,-4.185354E-01
+8.869629E+02,-9.611285E-07,+2.667713E-06,-1.109472E+02,+1.916601E+00
+8.872070E+02,-1.713849E-06,-1.484123E-06,-1.128905E+02,-2.427906E+00
+8.874512E+02,+6.588672E-06,-9.067252E-07,-1.035426E+02,-1.367598E-01
+8.876953E+02,-8.098486E-06,+2.270684E-06,-1.015033E+02,+2.868228E+00
+8.879395E+02,-1.045412E-06,-1.041389E-06,-1.166207E+02,-2.358122E+00
+8.881836E+02,+8.228439E-06,-2.490157E-08,-1.016936E+02,-3.026272E-03
+8.884277E+02,-5.245994E-06,-5.251328E-06,-1.025887E+02,-2.355686E+00
+8.886719E+02,-1.901875E-06,+7.534029E-06,-1.021912E+02,+1.818068E+00
+8.889160E+02,+2.261999E-06,-3.678637E-06,-1.072934E+02,-1.019492E+00
+8.891602E+02,+2.671037E-06,+1.744281E-06,-1.099238E+02,+5.785060E-01
+8.894043E+02,-5.143138E-06,+3.774862E-06,-1.039039E+02,+2.508436E+00
+8.896484E+02,+4.002236E-06,-8.155549E-06,-1.008338E+02,-1.114586E+00
+8.898926E+02,-9.852889E-06,+6.750671E-06,-9.845725E+01,+2.540905E+00
+8.901367E+02,+1.575521E-05,-7.421138E-06,-9.518127E+01,-4.402022E-01
+8.903809E+02,-6.031398E-06,+7.367551E-06,-1.004259E+02,+2.256802E+00
+8.906250E+02,-1.132656E-06,-7.168299E-06,-1.027846E+02,-1.727510E+00
+8.908691E+02,+8.472643E-07,+9.585386E-06,-1.003340E+02,+1.482634E+00
+8.911133E+02,-3.919922E-06,-8.953085E-06,-1.001989E+02,-1.983483E+00
+8.913574E+02,+2.085541E-07,+7.481809E-06,-1.025165E+02,+1.542929E+00
+8.916016E+02,+5.521449E-06,-1.321545E-06,-1.049170E+02,-2.349279E-01
+8.918457E+02,-2.199138E-06,-5.829472E-06,-1.041096E+02,-1.931533E+00
+8.920898E+02,-3.822036E-07,+7.431144E-06,-1.025674E+02,+1.622184E+00
+8.923340E+02,-2.992620E-06,-3.746037E-06,-1.063849E+02,-2.244852E+00
+8.925781E+02,+3.035804E-06,-5.045277E-06,-1.046003E+02,-1.029119E+00
+8.928223E+02,+4.962038E-07,+7.325549E-06,-1.026833E+02,+1.503164E+00
+8.930664E+02,-7.009988E-07,-4.625960E-06,-1.065974E+02,-1.721188E+00
+8.933105E+02,-8.556614E-08,+5.848593E-06,-1.046580E+02,+1.585425E+00
+8.935547E+02,+3.150656E-06,-6.401280E-06,-1.029326E+02,-1.113415E+00
+8.937988E+02,-7.076904E-06,+4.542860E-06,-1.015046E+02,+2.570913E+00
+8.940430E+02,+6.238254E-06,-2.194632E-06,-1.035920E+02,-3.382795E-01
+8.942871E+02,-5.812914E-06,-8.793587E-07,-1.046139E+02,-2.991454E+00
+8.945312E+02,+5.185321E-06,+4.946644E-06,-1.028940E+02,+7.618456E-01
+8.947754E+02,+3.532719E-08,-1.367853E-06,-1.172763E+02,-1.544975E+00
+8.950195E+02,-3.334406E-06,-4.436835E-06,-1.051140E+02,-2.215275E+00
+8.952637E+02,+3.903708E-06,-2.397762E-06,-1.067803E+02,-5.508147E-01
+8.955078E+02,-3.031445E-06,+5.942167E-06,-1.035165E+02,+2.042537E+00
+8.957520E+02,-2.391715E-06,+6.940256E-07,-1.120747E+02,+2.859170E+00
+8.959961E+02,+5.234956E-06,+4.798409E-06,-1.029732E+02,+7.419162E-01
+8.962402E+02,-5.896943E-06,-1.034035E-05,-9.848640E+01,-2.089080E+00
+8.964844E+02,+7.166484E-06,+5.433856E-06,-1.009213E+02,+6.487487E-01
+8.967285E+02,-3.036694E-06,-3.596529E-06,-1.065450E+02,-2.271996E+00
+8.969727E+02,-2.763089E-06,+1.544308E-07,-1.111586E+02,+3.085760E+00
+8.972168E+02,+4.755126E-06,+4.982504E-06,-1.032389E+02,+8.087444E-01
+8.974609E+02,-1.052434E-06,-3.372849E-06,-1.090366E+02,-1.873254E+00
+8.977051E+02,-2.226022E-06,+2.227650E-06,-1.100359E+02,+2.355829E+00
+8.979492E+02,+8.500497E-07,-5.518497E-06,-1.050617E+02,-1.417961E+00
+8.981934E+02,+1.251129E-06,+4.681518E-06,-1.062927E+02,+1.309651E+00
+8.984375E+02,-1.028489E-06,+9.893321E-07,-1.169110E+02,+2.375598E+00
+8.986816E+02,-1.626116E-06,-6.620922E-06,-1.033273E+02,-1.811632E+00
+8.989258E+02,+4.615853E-06,+9.172307E-06,-9.977006E+01,+1.104562E+00
+8.991699E+02,-4.541739E-06,-1.631609E-06,-1.063284E+02,-2.796703E+00
+8.994141E+02,+2.572633E-06,-6.174987E-06,-1.034922E+02,-1.176044E+00
+8.996582E+02,-1.128565E-06,+2.305542E-06,-1.118117E+02,+2.026010E+00
+8.999023E+02,+5.607224E-06,+5.506962E-06,-1.020924E+02,+7.763773E-01
+9.001465E+02,-1.160677E-05,-1.149434E-05,-9.573753E+01,-2.361061E+00
+9.003906E+02,+6.446661E-06,+1.148130E-05,-9.761002E+01,+1.059173E+00
+9.006348E+02,+2.901244E-06,-7.187123E-06,-1.022133E+02,-1.187128E+00
+9.008789E+02,-7.758792E-06,+3.964943E-06,-1.011965E+02,+2.669163E+00
+9.011230E+02,+4.772210E-06,-2.643241E-06,-1.052636E+02,-5.058188E-01
+9.013672E+02,+4.281835E-06,+4.378627E-06,-1.042589E+02,+7.965740E-01
+9.016113E+02,-5.664541E-06,-1.205033E-06,-1.047445E+02,-2.931985E+00
+9.018555E+02,+1.063617E-06,-4.014730E-06,-1.076323E+02,-1.311817E+00
+9.020996E+02,-2.419345E-07,+1.535537E-06,-1.161683E+02,+1.727069E+00
+9.023438E+02,+1.544242E-06,+2.523888E-06,-1.105776E+02,+1.021709E+00
+9.025879E+02,-4.617308E-06,+7.800049E-07,-1.065900E+02,+2.974242E+00
+9.028320E+02,+3.372178E-06,-3.190522E-06,-1.066653E+02,-7.577251E-01
+9.030762E+02,+4.682287E-06,-2.919003E-06,-1.051649E+02,-5.574579E-01
+9.033203E+02,-3.168280E-06,+2.040380E-06,-1.084768E+02,+2.569445E+00
+9.035645E+02,-2.916168E-06,+1.836620E-06,-1.092529E+02,+2.579545E+00
+9.038086E+02,+6.813087E-06,+3.115185E-06,-1.025086E+02,+4.288546E-01
+9.040527E+02,-4.973112E-06,-8.334111E-06,-1.002600E+02,-2.108799E+00
+9.042969E+02,-5.269914E-06,+5.939607E-06,-1.020031E+02,+2.296522E+00
+9.045410E+02,+5.984359E-06,-5.370775E-07,-1.044248E+02,-8.950707E-02
+9.047852E+02,-3.961813E-06,+1.360496E-06,-1.075580E+02,+2.810808E+00
+9.050293E+02,+6.540450E-06,+3.909745E-06,-1.023610E+02,+5.387850E-01
+9.052734E+02,-6.292328E-06,-1.565744E-05,-9.545538E+01,-1.952918E+00
+9.055176E+02,+9.311928E-07,+1.406493E-05,-9.701825E+01,+1.504686E+00
+9.057617E+02,+4.877802E-06,-5.450766E-06,-1.027161E+02,-8.408151E-01
+9.060059E+02,-3.748193E-07,+4.001560E-06,-1.079175E+02,+1.664192E+00
+9.062500E+02,+2.397687E-06,-5.578119E-06,-1.043339E+02,-1.164835E+00
+9.064941E+02,-3.823356E-06,+5.831722E-06,-1.031312E+02,+2.151108E+00
+9.067383E+02,-6.590996E-06,-4.483356E-06,-1.019694E+02,-2.544263E+00
+9.069824E+02,+6.658736E-06,+2.112134E-06,-1.031158E+02,+3.071587E-01
+9.072266E+02,-1.798032E-06,-2.219163E-06,-1.108844E+02,-2.251744E+00
+9.074707E+02,+2.497950E-06,+3.785171E-07,-1.119497E+02,+1.503870E-01
+9.077148E+02,+1.474343E-06,+4.001628E-06,-1.074025E+02,+1.217793E+00
+9.079590E+02,-2.883814E-06,-4.154660E-06,-1.059214E+02,-2.177562E+00
+9.082031E+02,+1.270022E-06,-1.178161E-06,-1.152273E+02,-7.478935E-01
+9.084473E+02,-8.038532E-06,+3.561125E-06,-1.011182E+02,+2.724569E+00
+9.086914E+02,+1.117263E-05,+1.793312E-06,-9.892642E+01,+1.591519E-01
+9.089355E+02,-2.616819E-06,-1.545007E-06,-1.103457E+02,-2.608252E+00
+9.091797E+02,-6.313070E-06,-5.619945E-06,-1.014607E+02,-2.414214E+00
+9.094238E+02,+6.402733E-06,+6.477181E-06,-1.008119E+02,+7.911783E-01
+9.096680E+02,+2.647773E-06,-6.191328E-06,-1.034349E+02,-1.166676E+00
+9.099121E+02,-5.975957E-06,+7.358788E-06,-1.004642E+02,+2.252862E+00
+9.101562E+02,-2.218244E-06,-6.773965E-06,-1.029408E+02,-1.887257E+00
+9.104004E+02,+4.267889E-06,+1.518898E-06,-1.068778E+02,+3.419122E-01
+9.106445E+02,-2.134386E-06,+7.973385E-06,-1.016666E+02,+1.832353E+00
+9.108887E+02,+4.806304E-06,-9.206329E-06,-9.967152E+01,-1.089653E+00
+9.111328E+02,-3.573803E-07,+3.235124E-07,-1.263380E+02,+2.405894E+00
+9.113770E+02,-4.279257E-06,+1.939957E-06,-1.065609E+02,+2.715965E+00
+9.116211E+02,+9.491882E-07,+1.713459E-06,-1.141602E+02,+1.064918E+00
+9.118652E+02,-1.659996E-06,-2.119105E-07,-1.155277E+02,-3.014622E+00
+9.121094E+02,+2.035322E-06,-5.408055E-06,-1.047639E+02,-1.210843E+00
+9.123535E+02,+8.462445E-07,+6.174451E-06,-1.041072E+02,+1.434589E+00
+9.125977E+02,-2.424523E-06,-7.039911E-06,-1.025619E+02,-1.902471E+00
+9.128418E+02,+3.095429E-06,+1.057534E-05,-9.915712E+01,+1.286048E+00
+9.130859E+02,-1.025314E-06,-6.356541E-06,-1.038240E+02,-1.730719E+00
+9.133301E+02,-4.865488E-06,+1.176391E-06,-1.060107E+02,+2.904363E+00
+9.135742E+02,+5.414720E-06,+9.935138E-07,-1.051847E+02,+1.814654E-01
+9.138184E+02,-2.196120E-06,-3.039126E-06,-1.085204E+02,-2.196540E+00
+9.140625E+02,+8.294651E-06,+2.241303E-06,-1.013180E+02,+2.639082E-01
+9.143066E+02,-1.090457E-05,+8.081819E-07,-9.922403E+01,+3.067614E+00
+9.145508E+02,+3.646693E-06,-5.948603E-06,-1.031261E+02,-1.020849E+00
+9.147949E+02,+1.372308E-06,+1.254660E-05,-9.797783E+01,+1.461853E+00
+9.150391E+02,-2.194035E-06,-1.342778E-05,-9.732549E+01,-1.732760E+00
+9.152832E+02,-3.991439E-06,+9.109017E-06,-1.000478E+02,+1.983782E+00
+9.155273E+02,+1.073626E-05,-4.999496E-06,-9.853059E+01,-4.358038E-01
+9.157715E+02,-1.004525E-05,-2.602378E-06,-9.967867E+01,-2.888100E+00
+9.160156E+02,+3.018744E-06,+3.867573E-06,-1.061851E+02,+9.080426E-01
+9.162598E+02,+4.633806E-06,+6.928021E-07,-1.065852E+02,+1.484111E-01
+9.165039E+02,-4.477280E-06,-2.650701E-06,-1.056748E+02,-2.607051E+00
+9.167480E+02,-2.731898E-06,+3.151253E-06,-1.075961E+02,+2.285034E+00
+9.169922E+02,+4.306557E-06,+2.223196E-07,-1.073058E+02,+5.157774E-02
+9.172363E+02,-3.081232E-07,+8.161233E-07,-1.211862E+02,+1.931796E+00
+9.174805E+02,+2.857225E-06,-3.458738E-06,-1.069623E+02,-8.803487E-01
+9.177246E+02,-7.211172E-06,-4.000664E-06,-1.016745E+02,-2.635082E+00
+9.179688E+02,+4.640992E-06,+1.004968E-05,-9.911740E+01,+1.138169E+00
+9.182129E+02,+1.785210E-06,-8.441862E-06,-1.012812E+02,-1.362396E+00
+9.184570E+02,-4.178165E-07,+7.234388E-06,-1.027975E+02,+1.628486E+00
+9.187012E+02,-6.292871E-06,-7.128051E-06,-1.004379E+02,-2.294045E+00
+9.189453E+02,+2.773880E-06,+7.445750E-06,-1.019974E+02,+1.214179E+00
+9.191895E+02,-2.527768E-06,-3.905503E-06,-1.066469E+02,-2.145224E+00
+9.194336E+02,+9.676701E-06,-5.483791E-07,-1.002715E+02,-5.660951E-02
+9.196777E+02,-7.880818E-06,+1.151880E-06,-1.019768E+02,+2.996458E+00
+9.199219E+02,+6.031104E-06,-2.579055E-06,-1.036627E+02,-4.040925E-01
+9.201660E+02,-5.360388E-06,-7.481610E-07,-1.053323E+02,-3.002916E+00
+9.204102E+02,-1.292264E-06,+2.338143E-06,-1.114649E+02,+2.075701E+00
+9.206543E+02,+6.221274E-06,+2.595411E-06,-1.034256E+02,+3.952312E-01
+9.208984E+02,-7.158704E-06,-4.415095E-06,-1.015033E+02,-2.588952E+00
+9.211426E+02,+1.532237E-06,+2.435623E-06,-1.108197E+02,+1.009258E+00
+9.213867E+02,+6.876201E-06,+2.933970E-06,-1.025266E+02,+4.032968E-01
+9.216309E+02,-4.690808E-06,-6.728127E-06,-1.017217E+02,-2.179636E+00
+9.218750E+02,-1.619051E-06,+6.916605E-06,-1.029705E+02,+1.800738E+00
+9.221191E+02,-3.010798E-06,-3.786404E-07,-1.103582E+02,-3.016489E+00
+9.223633E+02,+8.702115E-06,-9.670225E-06,-9.771497E+01,-8.380433E-01
+9.226074E+02,-6.032327E-06,+5.036105E-06,-1.020935E+02,+2.445958E+00
+9.228516E+02,+2.974415E-06,+4.074309E-06,-1.059436E+02,+9.401916E-01
+9.230957E+02,-6.279833E-06,-1.721791E-06,-1.037263E+02,-2.873991E+00
+9.233398E+02,+2.497372E-06,-1.539451E-07,-1.120339E+02,-6.156496E-02
+9.235840E+02,+2.502387E-06,+7.821928E-07,-1.116281E+02,+3.029566E-01
+9.238281E+02,+2.237110E-06,+3.066144E-06,-1.084146E+02,+9.404687E-01
+9.240723E+02,+9.955997E-07,-7.207242E-06,-1.027625E+02,-1.433526E+00
+9.243164E+02,-1.061983E-05,+1.055226E-06,-9.943497E+01,+3.042554E+00
+9.245605E+02,+1.037115E-05,+1.796908E-06,-9.955501E+01,+1.715571E-01
+9.248047E+02,-4.372424E-07,+2.489405E-06,-1.119461E+02,+1.744664E+00
+9.250488E+02,-4.288921E-06,-2.846898E-06,-1.057676E+02,-2.555592E+00
+9.252930E+02,+2.630130E-06,+2.239034E-06,-1.092333E+02,+7.052492E-01
+9.255371E+02,-8.078589E-06,-7.034051E-06,-9.940280E+01,-2.425202E+00
+9.257812E+02,+1.177784E-05,+5.093551E-06,-9.783408E+01,+4.081799E-01
+9.260254E+02,-3.465211E-06,+4.631616E-06,-1.047548E+02,+2.213122E+00
+9.262695E+02,-5.555611E-06,-9.258867E-06,-9.933334E+01,-2.111239E+00
+9.265137E+02,+9.762010E-06,+9.642225E-06,-9.725220E+01,+7.792251E-01
+9.267578E+02,-6.838543E-06,-3.708032E-06,-1.021814E+02,-2.644738E+00
+9.270020E+02,-3.567687E-06,-6.225661E-06,-1.028830E+02,-2.091173E+00
+9.272461E+02,+7.140308E-06,+1.016215E-05,-9.811766E+01,+9.583026E-01
+9.274902E+02,-1.754533E-06,-9.788525E-06,-1.000483E+02,-1.748157E+00
+9.277344E+02,-3.328733E-07,+3.859873E-06,-1.082364E+02,+1.656823E+00
+9.279785E+02,+9.188272E-07,+3.319229E-06,-1.092586E+02,+1.300739E+00
+9.282227E+02,-1.481298E-06,-1.121241E-06,-1.146200E+02,-2.493670E+00
+9.284668E+02,-3.713727E-06,+1.974080E-06,-1.075230E+02,+2.653015E+00
+9.287109E+02,+6.335097E-06,-5.980437E-06,-1.011976E+02,-7.566082E-01
+9.289551E+02,-6.594688E-07,+5.931093E-06,-1.044839E+02,+1.681530E+00
+9.291992E+02,-3.661884E-06,-4.526045E-06,-1.046987E+02,-2.251043E+00
+9.294434E+02,+5.186763E-07,+4.648770E-06,-1.065995E+02,+1.459683E+00
+9.296875E+02,+2.173758E-06,-9.385867E-06,-1.003236E+02,-1.343210E+00
+9.299316E+02,-7.159820E-07,+1.093188E-05,-9.920752E+01,+1.636198E+00
+9.301758E+02,-1.470223E-06,-6.171267E-06,-1.039528E+02,-1.804674E+00
+9.304199E+02,+4.536426E-06,-1.991587E-06,-1.061003E+02,-4.136865E-01
+9.306641E+02,-4.450616E-07,+7.836511E-06,-1.021036E+02,+1.627529E+00
+9.309082E+02,-3.313850E-06,-5.132425E-06,-1.042802E+02,-2.144121E+00
+9.311523E+02,+4.664654E-09,+1.259082E-06,-1.179989E+02,+1.567092E+00
+9.313965E+02,+1.290454E-06,+5.088582E-09,-1.177851E+02,+3.943228E-03
+9.316406E+02,+3.675105E-06,+8.323790E-07,-1.084773E+02,+2.227334E-01
+9.318848E+02,-5.920706E-06,-4.232808E-06,-1.027596E+02,-2.520926E+00
+9.321289E+02,-1.089613E-06,+1.125442E-05,-9.893302E+01,+1.667312E+00
+9.323730E+02,+2.027600E-06,-1.386753E-05,-9.706816E+01,-1.425613E+00
+9.326172E+02,+1.802216E-06,+8.871191E-06,-1.008647E+02,+1.370370E+00
+9.328613E+02,-1.881402E-06,-4.333305E-06,-1.065136E+02,-1.980410E+00
+9.331055E+02,+3.328706E-06,-4.955158E-06,-1.044814E+02,-9.792718E-01
+9.333496E+02,-4.462979E-06,+1.061691E-05,-9.877335E+01,+1.968735E+00
+9.335938E+02,+2.782273E-06,-3.746876E-06,-1.066194E+02,-9.320751E-01
+9.338379E+02,-3.932799E-06,-2.571354E-06,-1.065602E+02,-2.562535E+00
+9.340820E+02,+6.963408E-06,+2.056145E-06,-1.027805E+02,+2.871195E-01
+9.343262E+02,-2.545755E-06,+3.206158E-06,-1.077572E+02,+2.241881E+00
+9.345703E+02,-2.562702E-06,-4.406189E-06,-1.058533E+02,-2.097587E+00
+9.348145E+02,+8.338218E-08,-1.680517E-07,-1.345353E+02,-1.110218E+00
+9.350586E+02,+5.365506E-06,+3.284292E-06,-1.040258E+02,+5.492780E-01
+9.353027E+02,-8.050073E-06,-2.769125E-06,-1.013983E+02,-2.810284E+00
+9.355469E+02,+1.130138E-05,+8.524742E-07,-9.891273E+01,+7.528841E-02
+9.357910E+02,-1.339271E-05,-3.220737E-06,-9.721847E+01,-2.905590E+00
+9.360352E+02,+8.040316E-06,+6.171804E-06,-9.988270E+01,+6.546748E-01
+9.362793E+02,+3.804454E-07,-1.461223E-06,-1.164208E+02,-1.316090E+00
+9.365234E+02,-3.542357E-06,+9.202959E-07,-1.087305E+02,+2.887414E+00
+9.367676E+02,+2.943925E-06,-5.709393E-06,-1.038443E+02,-1.094724E+00
+9.370117E+02,-5.875714E-07,+3.005094E-06,-1.102799E+02,+1.763885E+00
+9.372559E+02,-4.985340E-06,+1.114011E-07,-1.060439E+02,+3.119251E+00
+9.375000E+02,+7.393277E-06,-3.087007E-06,-1.019253E+02,-3.955371E-01
+9.377441E+02,-2.486070E-06,+5.727187E-06,-1.040914E+02,+1.980335E+00
+9.379883E+02,-6.852742E-06,-7.727094E-07,-1.032278E+02,-3.029308E+00
+9.382324E+02,+1.266298E-05,+3.843311E-06,-9.756660E+01,+2.946717E-01
+9.384766E+02,-8.468402E-06,-8.203627E-06,-9.856943E+01,-2.372075E+00
+9.387207E+02,+6.025104E-06,-2.649657E-07,-1.043923E+02,-4.394864E-02
+9.389648E+02,-4.732599E-06,+3.779383E-06,-1.043556E+02,+2.467715E+00
+9.392090E+02,+6.998354E-07,-6.606996E-06,-1.035515E+02,-1.465266E+00
+9.394531E+02,+2.922205E-06,+3.852938E-06,-1.063107E+02,+9.219183E-01
+9.396973E+02,-6.258615E-06,+8.716246E-06,-9.938762E+01,+2.193527E+00
+9.399414E+02,+3.205777E-06,-1.295754E-05,-9.749153E+01,-1.328260E+00
+9.401855E+02,-1.915556E-06,+1.122578E-05,-9.887102E+01,+1.739807E+00
+9.404297E+02,+3.367410E-06,-1.019467E-05,-9.938281E+01,-1.251769E+00
+9.406738E+02,-2.366776E-06,+6.041753E-06,-1.037567E+02,+1.944159E+00
+9.409180E+02,-2.249518E-06,-2.181172E-06,-1.100798E+02,-2.371619E+00
+9.411621E+02,+8.355410E-06,+4.216382E-06,-1.005754E+02,+4.673439E-01
+9.414062E+02,-2.444427E-06,+1.087357E-06,-1.114523E+02,+2.723046E+00
+9.416504E+02,-3.546874E-06,-1.587207E-05,-9.577570E+01,-1.790651E+00
+9.418945E+02,+2.833613E-06,+1.773759E-05,-9.491266E+01,+1.412383E+00
+9.421387E+02,-5.662310E-06,-6.944631E-06,-1.009534E+02,-2.254828E+00
+9.423828E+02,+8.705968E-06,+2.255480E-06,-1.009215E+02,+2.534994E-01
+9.426270E+02,-6.409729E-06,-6.974077E-07,-1.038121E+02,-3.033214E+00
+9.428711E+02,+6.948854E-07,-4.152086E-06,-1.075147E+02,-1.404975E+00
+9.431152E+02,+9.722088E-07,+4.633119E-06,-1.064954E+02,+1.363958E+00
+9.433594E+02,+1.746720E-06,-1.690458E-06,-1.122851E+02,-7.690307E-01
+9.436035E+02,-4.715190E-06,-5.005680E-06,-1.032523E+02,-2.326320E+00
+9.438477E+02,+2.221474E-06,+7.894293E-06,-1.017228E+02,+1.296488E+00
+9.440918E+02,-3.479528E-06,+1.236754E-06,-1.086529E+02,+2.800082E+00
+9.443359E+02,+1.250055E-05,-8.954959E-06,-9.626251E+01,-6.216251E-01
+9.445801E+02,-1.277014E-05,+7.296589E-06,-9.664909E+01,+2.622484E+00
+9.448242E+02,+9.484786E-06,-2.861325E-06,-1.000812E+02,-2.929930E-01
+9.450684E+02,-7.361886E-06,-1.782812E-06,-1.024127E+02,-2.903999E+00
+9.453125E+02,+3.701777E-06,+9.466291E-06,-9.985841E+01,+1.198031E+00
+9.455566E+02,-7.329680E-06,-1.093233E-05,-9.761352E+01,-2.161420E+00
+9.458008E+02,+1.020723E-05,+4.614044E-06,-9.901436E+01,+4.245464E-01
+9.460449E+02,-1.073716E-06,+2.905232E-07,-1.190754E+02,+2.877343E+00
+9.462891E+02,-2.594055E-06,-5.834995E-06,-1.038959E+02,-1.989124E+00
+9.465332E+02,-5.894363E-06,+5.873221E-06,-1.015965E+02,+2.357991E+00
+9.467773E+02,+1.159568E-05,-4.231044E-06,-9.817125E+01,-3.498700E-01
+9.470215E+02,-1.266385E-05,+1.437481E-06,-9.789308E+01,+3.028566E+00
+9.472656E+02,+9.929329E-06,+8.013592E-06,-9.788321E+01,+6.790327E-01
+9.475098E+02,-8.192928E-06,-7.363240E-06,-9.915991E+01,-2.409479E+00
+9.477539E+02,+5.020856E-06,+1.619823E-06,-1.055544E+02,+3.120767E-01
+9.479980E+02,+4.930313E-06,-3.684545E-06,-1.042155E+02,-6.417867E-01
+9.482422E+02,-9.185665E-06,+9.073428E-07,-1.006956E+02,+3.043134E+00
+9.484863E+02,+7.524856E-06,+5.351537E-06,-1.006924E+02,+6.181908E-01
+9.487305E+02,-7.258622E-06,-7.420496E-06,-9.967577E+01,-2.345167E+00
+9.489746E+02,+5.257807E-06,+7.251004E-06,-1.009571E+02,+9.434133E-01
+9.492188E+02,-6.214349E-06,+4.107530E-07,-1.041132E+02,+3.075591E+00
+9.494629E+02,+5.719318E-06,-7.979445E-06,-1.001600E+02,-9.489128E-01
+9.497070E+02,+4.340451E-06,+4.679070E-06,-1.039005E+02,+8.229234E-01
+9.499512E+02,-1.498629E-05,-4.644274E-06,-9.608786E+01,-2.841077E+00
+9.501953E+02,+1.322010E-05,+6.656299E-06,-9.659402E+01,+4.664425E-01
+9.504395E+02,-3.665263E-07,+2.213073E-06,-1.129826E+02,+1.734925E+00
+9.506836E+02,-5.471692E-06,-2.193613E-06,-1.045903E+02,-2.760309E+00
+9.509277E+02,+7.000845E-06,-1.253142E-05,-9.686031E+01,-1.061326E+00
+9.511719E+02,-1.240343E-05,+1.242198E-05,-9.511237E+01,+2.355448E+00
+9.514160E+02,+9.005398E-06,+4.040060E-06,-1.001136E+02,+4.217111E-01
+9.516602E+02,-5.086943E-07,-1.006119E-05,-9.993592E+01,-1.621313E+00
+9.519043E+02,-7.433929E-06,+1.798491E-06,-1.023286E+02,+2.904223E+00
+9.521484E+02,+1.473140E-05,+3.104259E-06,-9.644643E+01,+2.076855E-01
+9.523926E+02,-1.291379E-05,-4.337696E-06,-9.731465E+01,-2.817537E+00
+9.526367E+02,+2.082514E-06,+5.970841E-06,-1.039807E+02,+1.235208E+00
+9.528809E+02,+2.572080E-06,-2.969441E-06,-1.081154E+02,-8.569818E-01
+9.531250E+02,-5.664631E-08,-6.542228E-07,-1.236530E+02,-1.657167E+00
+9.533691E+02,-4.415594E-07,-2.483677E-07,-1.259064E+02,-2.629220E+00
+9.536133E+02,-3.860333E-06,+8.428568E-07,-1.080653E+02,+2.926628E+00
+9.538574E+02,+8.612028E-06,+4.705948E-06,-1.001632E+02,+5.001051E-01
+9.541016E+02,-7.754269E-06,-4.450922E-06,-1.009724E+02,-2.620513E+00
+9.543457E+02,+7.056261E-06,-3.244323E-06,-1.021956E+02,-4.309566E-01
+9.545898E+02,-5.629316E-06,+1.811761E-06,-1.045628E+02,+2.830218E+00
+9.548340E+02,-1.845366E-06,+1.733876E-06,-1.119303E+02,+2.387333E+00
+9.550781E+02,+8.223608E-06,+5.678867E-06,-1.000053E+02,+6.043600E-01
+9.553223E+02,-1.127197E-05,-8.693884E-06,-9.693274E+01,-2.484608E+00
+9.555664E+02,+1.600976E-05,+3.800830E-07,-9.590987E+01,+2.373625E-02
+9.558105E+02,-1.538609E-05,+1.999187E-06,-9.618472E+01,+3.012382E+00
+9.560547E+02,+6.043005E-06,+2.111317E-07,-1.043696E+02,+3.492399E-02
+9.562988E+02,-1.200236E-06,+2.209714E-07,-1.182699E+02,+2.959525E+00
+9.565430E+02,-5.896228E-08,+5.439299E-06,-1.052886E+02,+1.581636E+00
+9.567871E+02,+2.499732E-06,-9.534799E-06,-1.001251E+02,-1.314397E+00
+9.570312E+02,-5.319238E-06,+3.039542E-06,-1.042559E+02,+2.622450E+00
+9.572754E+02,+4.414595E-06,+2.403191E-06,-1.059750E+02,+4.985135E-01
+9.575195E+02,+1.182587E-06,-2.112236E-06,-1.123210E+02,-1.060403E+00
+9.577637E+02,-1.752666E-06,+2.518194E-06,-1.102626E+02,+2.178833E+00
+9.580078E+02,-8.837907E-07,-6.791948E-06,-1.032872E+02,-1.700193E+00
+9.582520E+02,+3.978728E-06,+1.008954E-05,-9.929485E+01,+1.195177E+00
+9.584961E+02,-5.445557E-06,-6.061199E-06,-1.017788E+02,-2.302743E+00
+9.587402E+02,+2.680832E-06,-1.339124E-06,-1.104672E+02,-4.632619E-01
+9.589844E+02,+3.234229E-07,+2.360911E-06,-1.124577E+02,+1.434653E+00
+9.592285E+02,-4.786613E-06,-3.169270E-07,-1.063804E+02,-3.075478E+00
+9.594727E+02,+3.827930E-06,+1.077118E-07,-1.083373E+02,+2.813098E-02
+9.597168E+02,+8.813649E-07,+2.570054E-06,-1.113183E+02,+1.240428E+00
+9.599609E+02,-9.391421E-07,-1.295584E-07,-1.204635E+02,-3.004504E+00
+9.602051E+02,+9.306038E-07,-6.349233E-06,-1.038533E+02,-1.425263E+00
+9.604492E+02,-3.106803E-06,+6.577304E-06,-1.027644E+02,+2.012082E+00
+9.606934E+02,+9.941687E-06,-3.526330E-06,-9.953613E+01,-3.408569E-01
+9.609375E+02,-9.685081E-06,+1.831696E-06,-1.001253E+02,+2.954675E+00
+9.611816E+02,-2.222081E-06,+3.520803E-07,-1.129571E+02,+2.984453E+00
+9.614258E+02,+6.024130E-06,-5.907978E-07,-1.043605E+02,-9.775925E-02
+9.616699E+02,-3.155738E-07,-1.162827E-06,-1.183811E+02,-1.835799E+00
+9.619141E+02,-1.478680E-06,+1.949382E-07,-1.165277E+02,+3.010516E+00
+9.621582E+02,+6.497383E-06,+2.469724E-06,-1.031591E+02,+3.632436E-01
+9.624023E+02,-1.113894E-05,-2.708525E-06,-9.881364E+01,-2.903064E+00
+9.626465E+02,+6.326604E-07,+1.679465E-06,-1.149203E+02,+1.210533E+00
+9.628906E+02,+5.959846E-06,-2.624971E-07,-1.044869E+02,-4.401583E-02
+9.631348E+02,-2.292935E-06,+6.591032E-07,-1.124474E+02,+2.861689E+00
+9.633789E+02,+2.486653E-06,-1.723419E-06,-1.103841E+02,-6.060582E-01
+9.636230E+02,-1.504015E-06,+2.445344E-06,-1.108398E+02,+2.122210E+00
+9.638672E+02,-3.804082E-06,-1.409476E-07,-1.083890E+02,-3.104558E+00
+9.641113E+02,+4.659392E-06,-4.619444E-06,-1.036603E+02,-7.810929E-01
+9.643555E+02,-3.141201E-06,+4.405391E-06,-1.053351E+02,+2.190217E+00
+9.645996E+02,+6.716810E-06,+8.347367E-07,-1.033902E+02,+1.236418E-01
+9.648438E+02,-9.367524E-06,-5.654707E-06,-9.921811E+01,-2.598494E+00
+9.650879E+02,+6.762253E-06,+8.129889E-06,-9.951469E+01,+8.769773E-01
+9.653320E+02,-1.709854E-06,-1.358775E-05,-9.726882E+01,-1.695976E+00
+9.655762E+02,-3.953282E-06,+1.402504E-05,-9.672988E+01,+1.845541E+00
+9.658203E+02,+7.186901E-06,-5.123842E-06,-1.010843E+02,-6.193590E-01
+9.660645E+02,-8.711905E-06,-1.524591E-06,-1.010667E+02,-2.968346E+00
+9.663086E+02,+1.070992E-05,+1.692596E-06,-9.929714E+01,+1.567436E-01
+9.665527E+02,-5.051814E-06,+2.975865E-06,-1.046374E+02,+2.609250E+00
+9.667969E+02,-1.314618E-06,-8.344112E-06,-1.014659E+02,-1.727062E+00
+9.670410E+02,-6.495925E-07,+6.334140E-06,-1.039208E+02,+1.672993E+00
+9.672852E+02,+3.725720E-06,-6.856641E-07,-1.084311E+02,-1.819988E-01
+9.675293E+02,-1.930234E-06,+3.002976E-06,-1.089471E+02,+2.142075E+00
+9.677734E+02,-3.955024E-06,-3.639875E-06,-1.053924E+02,-2.397666E+00
+9.680176E+02,+6.422921E-06,+3.608991E-06,-1.026537E+02,+5.119278E-01
+9.682617E+02,-1.035387E-06,-7.715875E-06,-1.021748E+02,-1.704189E+00
+9.685059E+02,-7.856582E-06,+8.052216E-06,-9.897690E+01,+2.343898E+00
+9.687500E+02,+1.072368E-05,-5.174795E-06,-9.848397E+01,-4.495966E-01
+9.689941E+02,-5.415097E-06,-2.935092E-06,-1.042093E+02,-2.644897E+00
+9.692383E+02,+1.132112E-06,+4.370681E-06,-1.069070E+02,+1.317343E+00
+9.694824E+02,-6.226853E-07,+3.949840E-06,-1.079618E+02,+1.727158E+00
+9.697266E+02,-2.768535E-06,-4.835792E-06,-1.050794E+02,-2.090756E+00
+9.699707E+02,+6.697815E-06,+4.618357E-07,-1.034607E+02,+6.884422E-02
+9.702148E+02,-5.434772E-06,+1.350675E-06,-1.050361E+02,+2.898003E+00
+9.704590E+02,+4.143784E-06,-1.726035E-06,-1.069572E+02,-3.946797E-01
+9.707031E+02,+8.922029E-08,+2.440568E-06,-1.122444E+02,+1.534255E+00
+9.709473E+02,-6.170465E-06,-7.461450E-06,-1.002804E+02,-2.261773E+00
+9.711914E+02,+5.300110E-06,+1.228406E-05,-9.747173E+01,+1.163465E+00
+9.714355E+02,-3.260471E-06,-9.431378E-06,-1.000182E+02,-1.903639E+00
+9.716797E+02,+1.792149E-06,+5.648295E-06,-1.045451E+02,+1.263553E+00
+9.719238E+02,+5.207133E-06,-7.674847E-06,-1.006541E+02,-9.746685E-01
+9.721680E+02,-1.685081E-06,+1.178968E-05,-9.848213E+01,+1.712763E+00
+9.724121E+02,-9.951260E-06,-1.100090E-05,-9.657484E+01,-2.306139E+00
+9.726562E+02,+6.866938E-06,+6.272655E-06,-1.006298E+02,+7.402005E-01
+9.729004E+02,+4.247402E-06,-5.465787E-06,-1.031953E+02,-9.101825E-01
+9.731445E+02,-9.380538E-06,+4.585997E-06,-9.962470E+01,+2.686877E+00
+9.733887E+02,+5.162864E-06,-4.319597E-06,-1.034377E+02,-6.967024E-01
+9.736328E+02,-1.414238E-06,+8.323920E-06,-1.014698E+02,+1.739090E+00
+9.738770E+02,+1.653234E-06,-4.130405E-06,-1.070348E+02,-1.190066E+00
+9.741211E+02,-3.660718E-06,-5.071596E-06,-1.040758E+02,-2.196009E+00
+9.743652E+02,+8.296670E-06,+5.690913E-06,-9.994728E+01,+6.012187E-01
+9.746094E+02,-8.699163E-06,-5.406396E-06,-9.979206E+01,-2.585525E+00
+9.748535E+02,+5.645378E-06,+7.639062E-06,-1.004467E+02,+9.343630E-01
+9.750977E+02,-1.295104E-06,-8.511724E-06,-1.013002E+02,-1.721793E+00
+9.753418E+02,-9.647092E-07,+7.327568E-06,-1.026262E+02,+1.701698E+00
+9.755859E+02,+3.002332E-06,-2.190559E-06,-1.085973E+02,-6.303292E-01
+9.758301E+02,-5.167617E-06,-1.473033E-06,-1.053949E+02,-2.863907E+00
+9.760742E+02,+1.369361E-06,-3.303464E-07,-1.170240E+02,-2.367184E-01
+9.763184E+02,+8.038874E-07,+3.530674E-06,-1.088233E+02,+1.346926E+00
+9.765625E+02,+1.704791E-06,-5.887913E-06,-1.042511E+02,-1.288962E+00
+9.768066E+02,-3.053119E-06,+5.721405E-06,-1.037617E+02,+2.060985E+00
+9.770508E+02,+1.760337E-06,-9.333141E-06,-1.004476E+02,-1.384375E+00
+9.772949E+02,+4.413123E-06,+1.104154E-05,-9.849577E+01,+1.190563E+00
+9.775391E+02,-8.478230E-06,+2.052570E-07,-1.014314E+02,+3.117388E+00
+9.777832E+02,+4.253060E-06,-9.368810E-06,-9.975255E+01,-1.144655E+00
+9.780273E+02,-1.484970E-06,+7.840508E-06,-1.019601E+02,+1.757976E+00
+9.782715E+02,+2.780007E-06,-1.699704E-06,-1.097398E+02,-5.487616E-01
+9.785156E+02,-2.824161E-06,+3.430499E-07,-1.109186E+02,+3.020715E+00
+9.787598E+02,+5.925259E-06,-2.669315E-06,-1.037434E+02,-4.232677E-01
+9.790039E+02,-3.919732E-06,-4.106081E-06,-1.049182E+02,-2.332980E+00
+9.792480E+02,-4.063917E-06,+9.261492E-06,-9.990164E+01,+1.984295E+00
+9.794922E+02,+4.267333E-06,-6.505259E-06,-1.021804E+02,-9.902272E-01
+9.797363E+02,-8.703664E-07,-1.674362E-06,-1.144843E+02,-2.050174E+00
+9.799805E+02,-7.003645E-06,+1.203073E-05,-9.712669E+01,+2.097985E+00
+9.802246E+02,+7.742369E-06,-1.404592E-05,-9.589675E+01,-1.067018E+00
+9.804688E+02,+7.314658E-06,+1.051837E-05,-9.784784E+01,+9.631526E-01
+9.807129E+02,-1.201019E-05,-6.742076E-06,-9.721931E+01,-2.630067E+00
+9.809570E+02,-4.080552E-07,+3.252030E-06,-1.096891E+02,+1.695621E+00
+9.812012E+02,+5.997976E-06,-1.742502E-06,-1.040880E+02,-2.827324E-01
+9.814453E+02,-2.148798E-06,-9.048695E-07,-1.126471E+02,-2.743026E+00
+9.816895E+02,-6.676371E-07,+4.821726E-06,-1.062535E+02,+1.708386E+00
+9.819336E+02,+1.053594E-06,-6.514117E-06,-1.036107E+02,-1.410445E+00
+9.821777E+02,+1.787435E-06,+4.719004E-06,-1.059408E+02,+1.208721E+00
+9.824219E+02,-5.270468E-06,-1.478120E-06,-1.052342E+02,-2.868164E+00
+9.826660E+02,-7.129102E-07,+1.086291E-06,-1.177256E+02,+2.151573E+00
+9.829102E+02,+9.885104E-06,-4.467699E-07,-1.000915E+02,-4.516554E-02
+9.831543E+02,-4.082041E-06,-2.529190E-07,-1.077658E+02,-3.079713E+00
+9.833984E+02,-2.156948E-06,-1.168443E-06,-1.122057E+02,-2.645135E+00
+9.836426E+02,-4.906006E-07,+1.311094E-06,-1.170782E+02,+1.928858E+00
+9.838867E+02,+2.176011E-07,+1.515586E-06,-1.162998E+02,+1.428195E+00
+9.841309E+02,-2.082405E-06,-7.772041E-06,-1.018882E+02,-1.832583E+00
+9.843750E+02,+3.460887E-06,+5.672223E-06,-1.035505E+02,+1.022950E+00
+9.846191E+02,-1.771980E-06,+3.769429E-07,-1.148386E+02,+2.931993E+00
+9.848633E+02,+4.081389E-06,+5.939443E-06,-1.028454E+02,+9.687351E-01
+9.851074E+02,-9.433308E-06,-8.779405E-06,-9.779721E+01,-2.392083E+00
+9.853516E+02,+1.405644E-05,+1.878909E-06,-9.696558E+01,+1.328812E-01
+9.855957E+02,-1.229538E-05,-2.127567E-06,-9.807703E+01,-2.970251E+00
+9.858398E+02,+1.860348E-06,+3.748879E-06,-1.075659E+02,+1.110160E+00
+9.860840E+02,+6.551009E-06,-3.869104E-06,-1.023743E+02,-5.334879E-01
+9.863281E+02,-6.100915E-06,+6.981324E-06,-1.006570E+02,+2.288998E+00
+9.865723E+02,+5.461761E-06,-5.460537E-06,-1.022440E+02,-7.852861E-01
+9.868164E+02,-8.821320E-06,+5.770923E-06,-9.954211E+01,+2.562269E+00
+9.870605E+02,+8.996803E-06,-7.772871E-06,-9.849673E+01,-7.125425E-01
+9.873047E+02,-5.393235E-06,+1.591053E-06,-1.050006E+02,+2.854721E+00
+9.875488E+02,+8.441834E-08,+2.322855E-06,-1.126738E+02,+1.534470E+00
+9.877930E+02,+1.147571E-06,+1.611752E-06,-1.140731E+02,+9.520605E-01
+9.880371E+02,+1.740574E-06,-1.937999E-06,-1.116842E+02,-8.390158E-01
+9.882812E+02,-1.002999E-07,-5.529869E-07,-1.250051E+02,-1.750224E+00
+9.885254E+02,-2.008182E-06,+7.862992E-07,-1.133245E+02,+2.768394E+00
+9.887695E+02,-2.556718E-06,-3.478295E-06,-1.072966E+02,-2.204660E+00
+9.890137E+02,+3.778362E-06,+7.917334E-06,-1.011373E+02,+1.125533E+00
+9.892578E+02,+3.174999E-06,-5.598063E-06,-1.038280E+02,-1.054874E+00
+9.895020E+02,-2.475788E-06,+1.205977E-06,-1.112011E+02,+2.688312E+00
+9.897461E+02,-2.058017E-06,-4.859438E-06,-1.055518E+02,-1.971404E+00
+9.899902E+02,-4.479105E-06,+7.846567E-06,-1.008815E+02,+2.089496E+00
+9.902344E+02,+7.968086E-06,-5.032799E-06,-1.005149E+02,-5.633453E-01
+9.904785E+02,+1.303325E-06,+6.503972E-06,-1.035654E+02,+1.373027E+00
+9.907227E+02,-1.082089E-05,-6.843591E-06,-9.785351E+01,-2.577660E+00
+9.909668E+02,+1.021829E-05,+3.343702E-06,-9.937065E+01,+3.162448E-01
+9.912109E+02,-1.702334E-06,-2.074042E-06,-1.114269E+02,-2.258081E+00
+9.914551E+02,+8.914282E-07,-1.033950E-06,-1.172962E+02,-8.592862E-01
+9.916992E+02,-7.036087E-06,+2.020926E-06,-1.027091E+02,+2.861899E+00
+9.919434E+02,+1.022406E-06,+4.822499E-06,-1.061436E+02,+1.361882E+00
+9.921875E+02,+8.250041E-06,-5.322567E-06,-1.001595E+02,-5.729626E-01
+9.924316E+02,-4.607882E-06,-7.873138E-07,-1.066050E+02,-2.972364E+00
+9.926758E+02,-5.258441E-07,-1.376103E-06,-1.166351E+02,-1.935799E+00
+9.929199E+02,-2.170366E-06,+3.301664E-06,-1.080656E+02,+2.152325E+00
+9.931641E+02,+1.661413E-06,+2.129716E-06,-1.113692E+02,+9.083014E-01
+9.934082E+02,+3.748707E-06,-6.304282E-06,-1.026924E+02,-1.034336E+00
+9.936523E+02,-5.990351E-06,+4.706221E-06,-1.023633E+02,+2.475673E+00
+9.938965E+02,+4.173834E-06,+2.941642E-06,-1.058379E+02,+6.139280E-01
+9.941406E+02,-2.399436E-06,-7.744546E-06,-1.018220E+02,-1.871240E+00
+9.943848E+02,+1.986859E-07,+3.076291E-06,-1.102214E+02,+1.506300E+00
+9.946289E+02,+2.962753E-06,+4.318500E-06,-1.056182E+02,+9.694870E-01
+9.948730E+02,-2.069734E-06,-3.826989E-06,-1.072286E+02,-2.066569E+00
+9.951172E+02,+1.985263E-06,-6.162689E-06,-1.037758E+02,-1.259151E+00
+9.953613E+02,-4.352927E-07,+9.537439E-06,-1.004023E+02,+1.616405E+00
+9.956055E+02,-7.224190E-06,-2.171508E-06,-1.024485E+02,-2.849596E+00
+9.958496E+02,+6.977659E-06,+6.799180E-07,-1.030848E+02,+9.713548E-02
+9.960938E+02,-1.743572E-06,+3.445724E-07,-1.150048E+02,+2.946482E+00
+9.963379E+02,+8.165729E-07,-8.371220E-06,-1.015031E+02,-1.473559E+00
+9.965820E+02,+1.448531E-06,+9.510126E-06,-1.003367E+02,+1.419644E+00
+9.968262E+02,+1.893895E-06,-2.382509E-06,-1.103324E+02,-8.991628E-01
+9.970703E+02,-6.638641E-06,+5.744837E-06,-1.011309E+02,+2.428247E+00
+9.973145E+02,+6.249222E-06,-1.403375E-05,-9.627090E+01,-1.151858E+00
+9.975586E+02,-7.440735E-06,+4.257613E-06,-1.013376E+02,+2.621863E+00
+9.978027E+02,+6.917291E-06,+1.001805E-05,-9.829121E+01,+9.664864E-01
+9.980469E+02,-1.760773E-06,-9.302203E-06,-1.004754E+02,-1.757869E+00
+9.982910E+02,-9.234354E-09,+4.143460E-06,-1.076527E+02,+1.573025E+00
+9.985352E+02,+8.404468E-07,+3.643929E-07,-1.207617E+02,+4.091074E-01
+9.987793E+02,-1.887472E-07,-3.698931E-06,-1.086272E+02,-1.621780E+00
+9.990234E+02,-4.089010E-06,+1.422348E-06,-1.072716E+02,+2.806838E+00
+9.992676E+02,+2.954581E-06,+8.251600E-07,-1.102639E+02,+2.723424E-01
+9.995117E+02,-2.743177E-06,-3.266496E-06,-1.074005E+02,-2.269334E+00
+9.997559E+02,+4.017727E-06,+6.643443E-06,-1.021984E+02,+1.026880E+00
