FFT Length,8192
Record Length,4096
FFT Sample Rate,+2.000000E+03,
Delta Frequency,+2.441406E-01,
Start Frequency,+0.000000E+00,
Stop Frequency,+1.000000E+03,
Vertical Units,F1:,Real part,Vrms,Imaginary part,Vrms,Magnitude,dBV,
Model,SDS814X HD
Serial Number,SDS08A0X807112
Software Version,3.8.12.1.1.3.8
SourceF1:
Frequency,Real part,Imaginary part,Magnitude,Angle
+0.000000E+00,-5.177652E-04,+0.000000E+00,-6.571735E+01,+3.141593E+00
+2.441406E-01,+3.591064E-04,+2.301744E-05,-6.887773E+01,+6.400885E-02
+4.882812E-01,+5.066376E-06,-3.170573E-05,-8.986774E+01,-1.412342E+00
+7.324219E-01,-1.156722E-06,+2.040454E-05,-9.379153E+01,+1.627425E+00
+9.765625E-01,+1.172617E-05,+7.953943E-07,-9.859695E+01,+6.772696E-02
+1.220703E+00,-1.678310E-05,-5.731098E-06,-9.502354E+01,-2.812528E+00
+1.464844E+00,+4.976504E-06,+9.701776E-06,-9.924854E+01,+1.096844E+00
+1.708984E+00,+2.227095E-06,-4.237490E-06,-1.063986E+02,-1.086903E+00
+1.953125E+00,+2.223694E-06,-1.038065E-05,-9.948066E+01,-1.359770E+00
+2.197266E+00,+1.273429E-06,+1.111864E-05,-9.902237E+01,+1.456762E+00
+2.441406E+00,-4.568568E-06,-8.976275E-06,-9.993768E+01,-2.041586E+00
+2.685547E+00,+9.798606E-06,+8.353878E-06,-9.780415E+01,+7.059771E-01
+2.929688E+00,-1.820532E-05,-2.751772E-06,-9.469792E+01,-2.991576E+00
+3.173828E+00,+1.587552E-05,-3.954875E-06,-9.572395E+01,-2.441483E-01
+3.417969E+00,-5.115011E-06,+3.983204E-06,-1.037645E+02,+2.479958E+00
+3.662109E+00,-4.304279E-06,-2.521692E-06,-1.060405E+02,-2.611637E+00
+3.906250E+00,+8.634148E-06,-4.603768E-07,-1.012633E+02,-5.327002E-02
+4.150391E+00,-1.029480E-05,+5.916162E-06,-9.850831E+01,+2.620003E+00
+4.394531E+00,+1.132492E-05,-7.863745E-07,-9.889841E+01,-6.932626E-02
+4.638672E+00,-2.569562E-06,-2.129057E-06,-1.095329E+02,-2.449673E+00
+4.882812E+00,+4.091588E-07,-3.462400E-06,-1.091522E+02,-1.453170E+00
+5.126953E+00,-3.578193E-06,-2.216512E-06,-1.075163E+02,-2.586994E+00
+5.371094E+00,+2.042437E-06,+6.819612E-06,-1.029517E+02,+1.279803E+00
+5.615234E+00,+2.586297E-06,-3.109668E-06,-1.078624E+02,-8.770254E-01
+5.859375E+00,-1.190065E-05,+2.852538E-06,-9.824597E+01,+2.906335E+00
+6.103516E+00,+9.745540E-06,-5.890111E-06,-9.887164E+01,-5.436415E-01
+6.347656E+00,-1.477759E-06,+1.058973E-05,-9.941855E+01,+1.709448E+00
+6.591797E+00,+3.329789E-07,-1.086240E-05,-9.927740E+01,-1.540152E+00
+6.835938E+00,-4.719559E-06,+4.160836E-06,-1.040245E+02,+2.419028E+00
+7.080078E+00,+9.564038E-06,-3.379618E-06,-9.987616E+01,-3.396715E-01
+7.324219E+00,-9.178496E-06,+6.296325E-06,-9.906969E+01,+2.540334E+00
+7.568359E+00,+1.282300E-06,-3.051864E-06,-1.096026E+02,-1.173024E+00
+7.812500E+00,+7.075439E-06,-3.279819E-06,-1.021596E+02,-4.340647E-01
+8.056641E+00,+1.077420E-06,+2.557126E-06,-1.111352E+02,+1.172030E+00
+8.300781E+00,-1.259302E-05,-1.631282E-07,-9.799667E+01,-3.128639E+00
+8.544922E+00,+1.214110E-05,+3.156564E-06,-9.803078E+01,+2.543586E-01
+8.789062E+00,-3.525584E-06,-7.256149E-06,-1.018654E+02,-2.023080E+00
+9.033203E+00,-5.960614E-06,-4.033638E-07,-1.044743E+02,-3.074024E+00
+9.277344E+00,+3.899387E-06,+8.236369E-06,-1.008070E+02,+1.128626E+00
+9.521484E+00,+2.241087E-06,+7.306566E-07,-1.125521E+02,+3.151612E-01
+9.765625E+00,-5.536511E-06,-6.775769E-06,-1.011598E+02,-2.255880E+00
+1.000977E+01,+5.602631E-06,+2.275728E-06,-1.043689E+02,+3.858304E-01
+1.025391E+01,+1.121262E-06,-7.811905E-07,-1.172874E+02,-6.085120E-01
+1.049805E+01,-3.695195E-06,+5.545425E-06,-1.035256E+02,+2.158580E+00
+1.074219E+01,-3.873748E-06,-9.329588E-06,-9.991199E+01,-1.964347E+00
+1.098633E+01,+1.136686E-05,+4.395071E-06,-9.828209E+01,+3.689508E-01
+1.123047E+01,-1.132428E-05,+2.602449E-06,-9.869627E+01,+2.915703E+00
+1.147461E+01,+8.109928E-06,-1.735125E-06,-1.016253E+02,-2.107731E-01
+1.171875E+01,-4.805993E-06,-8.864716E-06,-9.992761E+01,-2.067592E+00
+1.196289E+01,-7.243498E-07,+1.097589E-05,-9.917233E+01,+1.636695E+00
+1.220703E+01,+3.866650E-06,-3.701439E-06,-1.054285E+02,-7.635717E-01
+1.245117E+01,+1.908176E-06,+1.674371E-06,-1.119080E+02,+7.202283E-01
+1.269531E+01,-8.908410E-06,+3.760197E-07,-1.009963E+02,+3.099408E+00
+1.293945E+01,+8.845196E-07,-3.180778E-06,-1.096258E+02,-1.299566E+00
+1.318359E+01,+7.886482E-06,-8.814557E-07,-1.020084E+02,-1.113060E-01
+1.342773E+01,-5.487494E-06,+7.177372E-06,-1.008817E+02,+2.223548E+00
+1.367188E+01,+1.433130E-06,-6.445921E-06,-1.036048E+02,-1.352023E+00
+1.391602E+01,+2.545651E-06,-2.333609E-06,-1.092350E+02,-7.419677E-01
+1.416016E+01,-7.353669E-06,+6.482549E-06,-1.001728E+02,+2.419071E+00
+1.440430E+01,+1.097386E-05,+3.403283E-06,-9.879401E+01,+3.007209E-01
+1.464844E+01,-1.320949E-05,-1.048393E-05,-9.546066E+01,-2.470726E+00
+1.489258E+01,+1.122491E-05,+4.900376E-06,-9.823874E+01,+4.116234E-01
+1.513672E+01,-7.721549E-06,+2.730464E-07,-1.022405E+02,+3.106246E+00
+1.538086E+01,+8.653682E-06,+4.349810E-06,-1.002776E+02,+4.657688E-01
+1.562500E+01,-1.163987E-05,-4.473631E-06,-9.808270E+01,-2.774662E+00
+1.586914E+01,+7.549787E-06,-7.014855E-06,-9.973845E+01,-7.486866E-01
+1.611328E+01,+3.143802E-06,+1.215755E-05,-9.802197E+01,+1.317751E+00
+1.635742E+01,-1.034804E-05,-1.351298E-05,-9.538078E+01,-2.224324E+00
+1.660156E+01,+4.914595E-06,+1.120527E-05,-9.824745E+01,+1.157466E+00
+1.684570E+01,+5.482093E-06,+6.217273E-07,-1.051656E+02,+1.129281E-01
+1.708984E+01,-7.309930E-06,-9.717598E-06,-9.830130E+01,-2.215727E+00
+1.733398E+01,+4.235947E-06,+7.998345E-06,-1.008663E+02,+1.083748E+00
+1.757812E+01,-2.850353E-06,+7.741402E-07,-1.105929E+02,+2.876395E+00
+1.782227E+01,+3.529026E-06,-9.460831E-06,-9.991565E+01,-1.213768E+00
+1.806641E+01,-6.073905E-06,+1.198385E-05,-9.743510E+01,+2.039901E+00
+1.831055E+01,+5.287013E-07,-3.843294E-06,-1.082245E+02,-1.434090E+00
+1.855469E+01,+6.316095E-06,-4.769087E-06,-1.020317E+02,-6.467374E-01
+1.879883E+01,-3.130348E-07,+9.556734E-06,-1.003892E+02,+1.603540E+00
+1.904297E+01,-5.982193E-06,-1.089236E-05,-9.811268E+01,-2.073033E+00
+1.928711E+01,+1.728481E-06,+1.410045E-06,-1.130313E+02,+6.842839E-01
+1.953125E+01,+1.780263E-06,+1.530680E-06,-1.125867E+02,+7.101594E-01
+1.977539E+01,-3.399279E-06,+6.607998E-06,-1.025790E+02,+2.045912E+00
+2.001953E+01,+7.938535E-06,-5.207567E-06,-1.004509E+02,-5.805718E-01
+2.026367E+01,-8.707851E-06,-4.522164E-07,-1.011901E+02,-3.089707E+00
+2.050781E+01,+5.077253E-06,-3.544024E-07,-1.058663E+02,-6.968896E-02
+2.075195E+01,-3.803749E-06,+2.745026E-06,-1.065751E+02,+2.516475E+00
+2.099609E+01,+6.828816E-06,+2.104140E-07,-1.033090E+02,+3.080292E-02
+2.124023E+01,-7.568928E-06,-5.228795E-06,-1.007248E+02,-2.537052E+00
+2.148438E+01,-1.400306E-06,+5.551157E-06,-1.048444E+02,+1.817896E+00
+2.172852E+01,+4.582403E-06,-3.329112E-07,-1.067553E+02,-7.252251E-02
+2.197266E+01,-2.765932E-06,+3.863196E-06,-1.064638E+02,+2.192160E+00
+2.221680E+01,+8.113525E-06,-1.257200E-05,-9.649976E+01,-9.976866E-01
+2.246094E+01,-8.652844E-06,+1.230567E-05,-9.645313E+01,+2.183639E+00
+2.270508E+01,+1.131886E-06,-8.602065E-06,-1.012334E+02,-1.439965E+00
+2.294922E+01,+4.865904E-06,+3.486891E-06,-1.044569E+02,+6.217781E-01
+2.319336E+01,-4.469215E-06,+2.656084E-06,-1.056818E+02,+2.605370E+00
+2.343750E+01,+3.187718E-06,-5.608096E-06,-1.038078E+02,-1.053926E+00
+2.368164E+01,-3.163955E-06,+3.093792E-06,-1.070814E+02,+2.367406E+00
+2.392578E+01,+2.586261E-07,-1.117626E-06,-1.188075E+02,-1.343392E+00
+2.416992E+01,-1.734349E-07,+6.817982E-06,-1.033241E+02,+1.596229E+00
+2.441406E+01,-7.615811E-07,-6.716375E-06,-1.034018E+02,-1.683706E+00
+2.465820E+01,+6.829750E-06,+1.490428E-06,-1.031099E+02,+2.148574E-01
+2.490234E+01,-6.562832E-06,-4.493967E-07,-1.036379E+02,-3.073223E+00
+2.514648E+01,-1.010080E-06,+1.278705E-06,-1.157588E+02,+2.239363E+00
+2.539062E+01,+8.382312E-06,-3.810033E-06,-1.007171E+02,-4.266167E-01
+2.563477E+01,-5.423276E-06,+7.631763E-06,-1.005722E+02,+2.188614E+00
+2.587891E+01,-3.918981E-06,-6.739776E-06,-1.021622E+02,-2.097480E+00
+2.612305E+01,+4.632324E-06,+6.752890E-06,-1.017354E+02,+9.695442E-01
+2.636719E+01,-3.504314E-06,-1.058132E-05,-9.905723E+01,-1.890607E+00
+2.661133E+01,+2.153951E-06,+9.494092E-06,-1.002330E+02,+1.347700E+00
+2.685547E+01,+1.374087E-06,-7.522434E-06,-1.023303E+02,-1.390123E+00
+2.709961E+01,-3.484042E-06,+5.740477E-06,-1.034590E+02,+2.116292E+00
+2.734375E+01,+1.049551E-05,-7.824917E-08,-9.957969E+01,-7.455354E-03
+2.758789E+01,-1.292663E-05,-1.893558E-06,-9.767809E+01,-2.996142E+00
+2.783203E+01,+7.018884E-06,+5.870444E-06,-1.007713E+02,+6.965328E-01
+2.807617E+01,-5.001049E-06,-1.227165E-05,-9.755466E+01,-1.957776E+00
+2.832031E+01,+8.674454E-06,+9.095674E-06,-9.801405E+01,+8.090975E-01
+2.856445E+01,-8.447363E-06,-2.483812E-06,-1.011055E+02,-2.855618E+00
+2.880859E+01,+3.308245E-06,+1.644432E-06,-1.086491E+02,+4.613016E-01
+2.905273E+01,-5.291117E-06,-8.917333E-07,-1.054074E+02,-2.974628E+00
+2.929688E+01,+7.234036E-06,-2.695967E-06,-1.022476E+02,-3.567335E-01
+2.954102E+01,-1.355031E-06,+3.774633E-06,-1.079361E+02,+1.915452E+00
+2.978516E+01,-2.992062E-06,+2.285978E-06,-1.084838E+02,+2.489183E+00
+3.002930E+01,+4.952627E-06,-1.035933E-05,-9.879939E+01,-1.124835E+00
+3.027344E+01,-3.838150E-06,+9.608511E-06,-9.970393E+01,+1.950831E+00
+3.051758E+01,+1.105443E-06,-3.347390E-06,-1.090563E+02,-1.251832E+00
+3.076172E+01,+1.699886E-06,-3.290988E-06,-1.086264E+02,-1.094014E+00
+3.100586E+01,-2.707341E-06,+1.186762E-05,-9.829239E+01,+1.795086E+00
+3.125000E+01,-4.390261E-07,-1.178464E-05,-9.856765E+01,-1.608033E+00
+3.149414E+01,+3.189056E-06,+6.416362E-06,-1.028955E+02,+1.109536E+00
+3.173828E+01,-5.184552E-06,-2.393000E-06,-1.048670E+02,-2.709164E+00
+3.198242E+01,+9.006309E-06,+3.606588E-07,-1.009021E+02,+4.002374E-02
+3.222656E+01,-6.629755E-06,+2.562477E-06,-1.029654E+02,+2.772768E+00
+3.247070E+01,+3.632165E-06,-1.248513E-05,-9.771931E+01,-1.287691E+00
+3.271484E+01,-5.137011E-06,+1.631759E-05,-9.533647E+01,+1.875788E+00
+3.295898E+01,+7.429611E-06,-1.158035E-05,-9.722841E+01,-1.000370E+00
+3.320312E+01,-7.546941E-06,+9.403632E-06,-9.837482E+01,+2.247094E+00
+3.344727E+01,+7.047836E-06,-1.008409E-05,-9.819986E+01,-9.608048E-01
+3.369141E+01,-9.695961E-06,+1.265597E-05,-9.594849E+01,+2.224533E+00
+3.393555E+01,+8.676903E-06,-1.131666E-05,-9.691743E+01,-9.166692E-01
+3.417969E+01,+1.391954E-06,-1.638902E-06,-1.133503E+02,-8.666965E-01
+3.442383E+01,-9.294507E-06,+5.830106E-06,-9.919453E+01,+2.581367E+00
+3.466797E+01,+4.705238E-06,+1.202019E-06,-1.062738E+02,+2.501146E-01
+3.491211E+01,+2.704379E-06,-4.328419E-06,-1.058421E+02,-1.012344E+00
+3.515625E+01,-1.602083E-06,+1.018405E-05,-9.973542E+01,+1.726831E+00
+3.540039E+01,+2.534367E-06,-8.152885E-06,-1.013732E+02,-1.269411E+00
+3.564453E+01,-1.116062E-05,-5.388692E-06,-9.813615E+01,-2.691774E+00
+3.588867E+01,+1.393283E-05,+1.090247E-05,-9.504472E+01,+6.639799E-01
+3.613281E+01,-7.049132E-06,-6.110168E-06,-1.006036E+02,-2.427428E+00
+3.637695E+01,-1.005652E-06,+1.876666E-06,-1.134359E+02,+2.062728E+00
+3.662109E+01,+8.019897E-06,-5.795996E-06,-1.000916E+02,-6.258003E-01
+3.686523E+01,-7.565402E-06,+7.897846E-06,-9.922227E+01,+2.334699E+00
+3.710938E+01,+4.821869E-06,-1.275177E-06,-1.060421E+02,-2.585383E-01
+3.735352E+01,-9.171719E-06,-2.702068E-06,-1.003895E+02,-2.855089E+00
+3.759766E+01,+7.596477E-06,-5.802963E-07,-1.023625E+02,-7.624212E-02
+3.784180E+01,+3.263212E-06,-4.398831E-07,-1.096489E+02,-1.339930E-01
+3.808594E+01,-6.302320E-06,+5.358625E-06,-1.016473E+02,+2.436946E+00
+3.833008E+01,-7.795279E-07,-3.640197E-06,-1.085828E+02,-1.781755E+00
+3.857422E+01,+8.983036E-06,-4.590272E-07,-1.009202E+02,-5.105494E-02
+3.881836E+01,-5.554850E-06,+2.404823E-07,-1.050984E+02,+3.098327E+00
+3.906250E+01,-5.247633E-06,-1.137315E-07,-1.055987E+02,-3.119923E+00
+3.930664E+01,+7.035038E-06,+6.592034E-06,-1.003177E+02,+7.529005E-01
+3.955078E+01,-3.798423E-06,-1.776119E-05,-9.481633E+01,-1.781483E+00
+3.979492E+01,-3.010420E-06,+1.469924E-05,-9.647566E+01,+1.772804E+00
+4.003906E+01,+6.427159E-06,-9.616156E-07,-1.037435E+02,-1.485159E-01
+4.028320E+01,+2.543478E-06,-3.003615E-06,-1.080992E+02,-8.681597E-01
+4.052734E+01,-5.858429E-06,+1.996632E-06,-1.041671E+02,+2.813125E+00
+4.077148E+01,-7.253494E-07,-1.273903E-06,-1.166777E+02,-2.088405E+00
+4.101562E+01,+4.819989E-06,-4.455654E-06,-1.036567E+02,-7.461396E-01
+4.125977E+01,-5.571941E-06,+4.736842E-06,-1.027177E+02,+2.437027E+00
+4.150391E+01,+1.273837E-06,+1.251859E-06,-1.149623E+02,+7.766968E-01
+4.174805E+01,+5.487371E-06,-3.527240E-06,-1.037107E+02,-5.712916E-01
+4.199219E+01,-8.488173E-06,+1.798738E-06,-1.012329E+02,+2.932771E+00
+4.223633E+01,+9.416874E-06,+8.277286E-07,-1.004884E+02,+8.767312E-02
+4.248047E+01,-1.180558E-05,-1.746727E-06,-9.846420E+01,-2.994701E+00
+4.272461E+01,+9.471210E-06,+3.846909E-06,-9.980873E+01,+3.858129E-01
+4.296875E+01,+3.286077E-07,-5.647922E-06,-1.049475E+02,-1.512680E+00
+4.321289E+01,-3.533345E-06,+2.572801E-06,-1.071888E+02,+2.512223E+00
+4.345703E+01,-2.054737E-06,-1.042144E-06,-1.127507E+02,-2.672209E+00
+4.370117E+01,-8.351685E-07,-3.675289E-07,-1.207957E+02,-2.727031E+00
+4.394531E+01,+4.271412E-06,-2.169406E-06,-1.063919E+02,-4.699393E-01
+4.418945E+01,+1.546755E-06,+4.005824E-06,-1.073426E+02,+1.202307E+00
+4.443359E+01,-3.366950E-06,-1.286261E-06,-1.088636E+02,-2.776677E+00
+4.467773E+01,+1.353376E-06,+5.033529E-06,-1.056594E+02,+1.308136E+00
+4.492188E+01,-3.311330E-06,-8.113496E-06,-1.011467E+02,-1.958288E+00
+4.516602E+01,+1.370569E-06,+1.116191E-06,-1.150524E+02,+6.834599E-01
+4.541016E+01,+6.260517E-06,+5.976204E-06,-1.012547E+02,+7.621679E-01
+4.565430E+01,-9.139541E-06,-2.162985E-06,-1.005448E+02,-2.909206E+00
+4.589844E+01,+7.347335E-06,-2.550174E-06,-1.021834E+02,-3.340786E-01
+4.614258E+01,-9.819832E-06,+4.103767E-07,-1.001503E+02,+3.099826E+00
+4.638672E+01,+8.496095E-06,+9.943213E-07,-1.013565E+02,+1.165028E-01
+4.663086E+01,-2.980727E-06,-5.520724E-06,-1.040491E+02,-2.065865E+00
+4.687500E+01,+2.525284E-06,+3.130961E-06,-1.079102E+02,+8.920727E-01
+4.711914E+01,-2.187202E-06,+6.609031E-06,-1.031459E+02,+1.890393E+00
+4.736328E+01,-1.192987E-06,-7.239140E-06,-1.026899E+02,-1.734125E+00
+4.760742E+01,-3.087113E-07,+7.301059E-06,-1.027245E+02,+1.613054E+00
+4.785156E+01,+4.846994E-06,-3.523517E-06,-1.044480E+02,-6.285845E-01
+4.809570E+01,-5.963504E-06,-1.032497E-06,-1.043617E+02,-2.970156E+00
+4.833984E+01,+7.177463E-07,-3.780573E-06,-1.082951E+02,-1.383178E+00
+4.858398E+01,-4.228671E-07,+7.905371E-06,-1.020291E+02,+1.624236E+00
+4.882812E+01,+7.412029E-06,-7.961625E-06,-9.926921E+01,-8.211321E-01
+4.907227E+01,-8.741402E-06,+6.724878E-06,-9.914938E+01,+2.485845E+00
+4.931641E+01,+3.978219E-06,-3.308572E-06,-1.057230E+02,-6.937568E-01
+4.956055E+01,+5.478223E-06,-7.347589E-07,-1.051498E+02,-1.333279E-01
+4.980469E+01,-4.958605E-06,+8.724658E-07,-1.059604E+02,+2.967426E+00
+5.004883E+01,-4.677770E-06,+1.713696E-06,-1.060523E+02,+2.790428E+00
+5.029297E+01,+5.800682E-06,-3.089153E-07,-1.047181E+02,-5.320474E-02
+5.053711E+01,-6.547318E-06,+1.556738E-06,-1.034399E+02,+2.908160E+00
+5.078125E+01,+4.457078E-06,-6.054511E-06,-1.024778E+02,-9.362129E-01
+5.102539E+01,+1.765576E-06,+5.617481E-06,-1.046000E+02,+1.266272E+00
+5.126953E+01,-5.618401E-07,-1.891822E-06,-1.140953E+02,-1.859484E+00
+5.151367E+01,+1.475098E-06,+1.321224E-06,-1.140654E+02,+7.304264E-01
+5.175781E+01,-5.597253E-06,-1.408700E-06,-1.047738E+02,-2.895036E+00
+5.200195E+01,+6.213673E-06,+5.162528E-07,-1.041032E+02,+8.289298E-02
+5.224609E+01,-8.924547E-06,-4.563595E-07,-1.009769E+02,-3.090502E+00
+5.249023E+01,+1.277017E-05,+5.672659E-07,-9.786751E+01,+4.439198E-02
+5.273438E+01,-3.724913E-06,-4.938200E-06,-1.041725E+02,-2.217048E+00
+5.297852E+01,-9.997399E-06,+7.323230E-07,-9.997902E+01,+3.068472E+00
+5.322266E+01,+1.278762E-05,+2.420502E-06,-9.771133E+01,+1.870716E-01
+5.346680E+01,-9.345084E-06,-5.224219E-06,-9.940728E+01,-2.631840E+00
+5.371094E+01,-4.401652E-07,+5.619907E-06,-1.049789E+02,+1.648959E+00
+5.395508E+01,+1.724995E-06,+1.902259E-06,-1.118084E+02,+8.342293E-01
+5.419922E+01,-7.201246E-06,-2.617968E-07,-1.028461E+02,-3.105254E+00
+5.444336E+01,+8.675924E-06,+3.985251E-06,-1.004023E+02,+4.305988E-01
+5.468750E+01,-3.568965E-06,-2.059748E-06,-1.077006E+02,-2.618161E+00
+5.493164E+01,+5.438495E-06,-1.872983E-06,-1.048036E+02,-3.316716E-01
+5.517578E+01,+3.611397E-06,+7.672224E-06,-1.014324E+02,+1.130854E+00
+5.541992E+01,-4.941261E-06,-1.676345E-05,-9.515089E+01,-1.857442E+00
+5.566406E+01,-2.726469E-06,+1.645981E-05,-9.555396E+01,+1.734950E+00
+5.590820E+01,+2.077553E-05,-1.059619E-05,-9.264480E+01,-4.716409E-01
+5.615234E+01,-2.531577E-05,-9.592852E-06,-9.134949E+01,-2.779383E+00
+5.639648E+01,+4.692852E-06,+1.864074E-05,-9.432385E+01,+1.324169E+00
+5.664062E+01,+8.598128E-07,-9.904511E-06,-1.000507E+02,-1.484203E+00
+5.688477E+01,+3.512917E-06,+1.480622E-05,-9.635327E+01,+1.337844E+00
+5.712891E+01,+7.068180E-06,-1.697939E-05,-9.470750E+01,-1.176335E+00
+5.737305E+01,-7.961937E-06,-1.268395E-05,-9.649220E+01,-2.131348E+00
+5.761719E+01,-1.136544E-05,+7.642777E-06,-9.726801E+01,+2.549592E+00
+5.786133E+01,-5.483373E-06,-5.316646E-07,-1.051784E+02,-3.044935E+00
+5.810547E+01,-9.895633E-06,+1.938968E-05,-9.324329E+01,+2.042694E+00
+5.834961E+01,+1.860387E-05,+1.186542E-05,-9.312568E+01,+5.677460E-01
+5.859375E+01,+3.477012E-06,-4.073290E-06,-1.054240E+02,-8.642086E-01
+5.883789E+01,+1.368833E-05,-3.088169E-06,-9.705738E+01,-2.218911E-01
+5.908203E+01,+3.462644E-06,-3.744073E-06,-1.058489E+02,-8.244293E-01
+5.932617E+01,-4.047675E-06,-9.483473E-06,-9.973385E+01,-1.974202E+00
+5.957031E+01,-1.655262E-06,+2.046312E-06,-1.115944E+02,+2.250941E+00
+5.981445E+01,-4.801387E-06,-9.919956E-06,-9.915572E+01,-2.021573E+00
+6.005859E+01,-6.550011E-06,+3.804715E-06,-1.024125E+02,+2.615357E+00
+6.030273E+01,+4.881043E-06,-1.087975E-06,-1.060192E+02,-2.193130E-01
+6.054688E+01,-9.101496E-06,+6.911169E-06,-9.884052E+01,+2.492138E+00
+6.079102E+01,+1.084762E-05,+6.982302E-07,-9.927536E+01,+6.427848E-02
+6.103516E+01,-9.458874E-06,-2.034266E-06,-1.002868E+02,-2.929755E+00
+6.127930E+01,+7.158275E-06,+5.779480E-06,-1.007241E+02,+6.792275E-01
+6.152344E+01,+3.481717E-07,-1.016796E-05,-9.985023E+01,-1.536568E+00
+6.176758E+01,-2.698175E-06,+8.456879E-06,-1.010348E+02,+1.879638E+00
+6.201172E+01,+3.865840E-06,-1.792126E-06,-1.074097E+02,-4.340895E-01
+6.225586E+01,-4.868612E-06,-4.305425E-06,-1.037428E+02,-2.417507E+00
+6.250000E+01,+1.151532E-05,+4.126291E-06,-9.824985E+01,+3.440768E-01
+6.274414E+01,-1.268904E-05,+2.799738E-07,-9.792931E+01,+3.119532E+00
+6.298828E+01,+1.644373E-06,-1.098735E-06,-1.140769E+02,-5.890486E-01
+6.323242E+01,+5.634727E-06,-1.641019E-06,-1.046290E+02,-2.833946E-01
+6.347656E+01,-3.580177E-06,+2.465805E-06,-1.072359E+02,+2.538465E+00
+6.372070E+01,+6.776736E-07,-5.113003E-06,-1.057508E+02,-1.439025E+00
+6.396484E+01,-4.683818E-06,+5.581747E-06,-1.027495E+02,+2.268947E+00
+6.420898E+01,+7.041206E-06,-1.293711E-07,-1.030456E+02,-1.837136E-02
+6.445312E+01,-4.727045E-06,-2.873081E-06,-1.051429E+02,-2.595460E+00
+6.469727E+01,+3.649653E-06,+4.687100E-06,-1.045236E+02,+9.092044E-01
+6.494141E+01,-2.912139E-06,-5.848953E-06,-1.036967E+02,-2.032755E+00
+6.518555E+01,+2.361161E-06,+3.473950E-06,-1.075342E+02,+9.738411E-01
+6.542969E+01,+9.228340E-07,+3.316686E-06,-1.092621E+02,+1.299421E+00
+6.567383E+01,-2.454866E-06,-6.269139E-06,-1.034363E+02,-1.944023E+00
+6.591797E+01,+2.827868E-06,-5.575617E-07,-1.108052E+02,-1.946699E-01
+6.616211E+01,+1.036042E-06,+6.529149E-06,-1.035949E+02,+1.413429E+00
+6.640625E+01,-7.715658E-06,-6.314228E-06,-1.000261E+02,-2.455753E+00
+6.665039E+01,+5.632918E-06,+6.179573E-06,-1.015542E+02,+8.316429E-01
+6.689453E+01,-2.137435E-06,-4.707059E-06,-1.057308E+02,-1.997047E+00
+6.713867E+01,-1.705338E-06,+3.708730E-06,-1.077825E+02,+2.001784E+00
+6.738281E+01,+8.738294E-06,-4.356182E-06,-1.002075E+02,-4.624600E-01
+6.762695E+01,-5.818391E-06,+1.684047E-06,-1.043546E+02,+2.859856E+00
+6.787109E+01,+2.848887E-06,-5.474944E-06,-1.041918E+02,-1.091002E+00
+6.811523E+01,-4.579783E-06,+5.973976E-06,-1.024670E+02,+2.224851E+00
+6.835938E+01,+5.195189E-06,+3.177121E-06,-1.043081E+02,+5.488694E-01
+6.860352E+01,-3.457597E-06,-3.714080E-08,-1.092240E+02,-3.130851E+00
+6.884766E+01,-3.559491E-06,-1.319093E-05,-9.728924E+01,-1.834363E+00
+6.909180E+01,+1.436767E-05,+1.629568E-05,-9.326077E+01,+8.481925E-01
+6.933594E+01,-1.192791E-05,-1.011812E-05,-9.611452E+01,-2.438102E+00
+6.958008E+01,-3.928261E-07,+2.933894E-06,-1.105740E+02,+1.703897E+00
+6.982422E+01,+2.216221E-06,-1.197128E-06,-1.119759E+02,-4.952620E-01
+7.006836E+01,+5.832778E-06,-4.818014E-07,-1.046530E+02,-8.241529E-02
+7.031250E+01,-7.493862E-06,-3.558281E-06,-1.016229E+02,-2.698286E+00
+7.055664E+01,+3.987224E-06,+8.469441E-06,-1.005735E+02,+1.130799E+00
+7.080078E+01,+1.675242E-06,-7.121589E-06,-1.027146E+02,-1.339762E+00
+7.104492E+01,-3.347286E-06,+3.569120E-06,-1.062082E+02,+2.324132E+00
+7.128906E+01,-3.999107E-06,+6.196609E-07,-1.078577E+02,+2.987865E+00
+7.153320E+01,+2.357498E-06,-7.280662E-06,-1.023236E+02,-1.257648E+00
+7.177734E+01,+2.421974E-06,+4.478291E-06,-1.058635E+02,+1.075024E+00
+7.202148E+01,-6.651898E-06,+1.002384E-06,-1.034436E+02,+2.992027E+00
+7.226562E+01,+2.614805E-06,+2.844336E-07,-1.116001E+02,+1.083521E-01
+7.250977E+01,+2.109354E-06,-5.125782E-07,-1.132678E+02,-2.383820E-01
+7.275391E+01,+3.682497E-06,+1.642639E-06,-1.078891E+02,+4.195781E-01
+7.299805E+01,-5.423759E-06,+4.680443E-06,-1.028968E+02,+2.429627E+00
+7.324219E+01,+2.517658E-06,-1.028640E-05,-9.950206E+01,-1.330759E+00
+7.348633E+01,-4.868442E-07,+6.619733E-06,-1.035598E+02,+1.644209E+00
+7.373047E+01,-8.334471E-07,-5.405787E-06,-1.052408E+02,-1.723769E+00
+7.397461E+01,+5.625927E-07,+6.836110E-06,-1.032745E+02,+1.488684E+00
+7.421875E+01,+2.878624E-06,-3.052815E-06,-1.075434E+02,-8.147572E-01
+7.446289E+01,-5.766951E-06,-3.064968E-07,-1.047688E+02,-3.088495E+00
+7.470703E+01,+1.134634E-06,-2.727784E-06,-1.105908E+02,-1.176612E+00
+7.495117E+01,+4.214843E-06,+1.024939E-06,-1.072549E+02,+2.385436E-01
+7.519531E+01,+3.062536E-07,+7.019124E-06,-1.030661E+02,+1.527193E+00
+7.543945E+01,-3.616437E-06,-1.167752E-05,-9.825524E+01,-1.871121E+00
+7.568359E+01,-2.281059E-06,+9.113709E-06,-1.005422E+02,+1.816047E+00
+7.592773E+01,+4.185070E-06,-7.576651E-06,-1.012540E+02,-1.066140E+00
+7.617188E+01,-1.403584E-06,+1.078002E-05,-9.927460E+01,+1.700270E+00
+7.641602E+01,+1.855674E-06,-8.911782E-06,-1.008164E+02,-1.365503E+00
+7.666016E+01,-1.736277E-06,-1.740787E-06,-1.121860E+02,-2.354897E+00
+7.690430E+01,-5.235025E-08,+4.912240E-06,-1.061739E+02,+1.581453E+00
+7.714844E+01,-2.180120E-06,+1.228770E-07,-1.132166E+02,+3.085290E+00
+7.739258E+01,+2.862285E-06,-1.831436E-06,-1.093754E+02,-5.692075E-01
+7.763672E+01,-1.580686E-06,-4.064901E-06,-1.072074E+02,-1.941664E+00
+7.788086E+01,+6.086871E-06,+8.877660E-06,-9.936057E+01,+9.697737E-01
+7.812500E+01,-7.109928E-06,-7.439976E-06,-9.975086E+01,-2.333514E+00
+7.836914E+01,+1.896610E-06,+4.716222E-06,-1.058771E+02,+1.188441E+00
+7.861328E+01,-9.812827E-07,-6.177884E-07,-1.187141E+02,-2.579712E+00
+7.885742E+01,+6.795420E-07,-3.391604E-06,-1.092210E+02,-1.373055E+00
+7.910156E+01,-2.948843E-06,+1.239224E-06,-1.099007E+02,+2.743760E+00
+7.934570E+01,+3.947081E-06,+1.929000E-06,-1.071443E+02,+4.545794E-01
+7.958984E+01,+7.393718E-07,-2.696756E-06,-1.110684E+02,-1.303201E+00
+7.983398E+01,-5.696502E-06,+6.773123E-06,-1.010610E+02,+2.270069E+00
+8.007812E+01,+4.194711E-06,-4.647272E-06,-1.040679E+02,-8.365368E-01
+8.032227E+01,+1.708548E-06,-8.531569E-06,-1.012086E+02,-1.373149E+00
+8.056641E+01,-7.395781E-06,+1.022583E-05,-9.797879E+01,+2.196953E+00
+8.081055E+01,+3.978877E-06,+5.867818E-07,-1.079113E+02,+1.464188E-01
+8.105469E+01,+2.757545E-06,-3.256044E-06,-1.073979E+02,-8.681045E-01
+8.129883E+01,-1.876817E-06,-2.860802E-06,-1.093157E+02,-2.151410E+00
+8.154297E+01,-5.002540E-06,+6.186992E-06,-1.019857E+02,+2.250734E+00
+8.178711E+01,+7.972722E-06,-4.355928E-06,-1.008334E+02,-5.000396E-01
+8.203125E+01,-6.257112E-06,+2.788449E-06,-1.032858E+02,+2.722366E+00
+8.227539E+01,+5.845869E-07,-1.870764E-06,-1.141550E+02,-1.267925E+00
+8.251953E+01,-7.604490E-07,-1.847833E-07,-1.221294E+02,-2.903220E+00
+8.276367E+01,+3.600135E-06,+9.471006E-07,-1.085830E+02,+2.572449E-01
+8.300781E+01,-3.262513E-06,+5.724320E-06,-1.036239E+02,+2.088819E+00
+8.325195E+01,+9.944245E-07,-6.104995E-06,-1.041726E+02,-1.409327E+00
+8.349609E+01,+9.765129E-07,+1.684081E-07,-1.200792E+02,+1.707788E-01
+8.374023E+01,-1.181083E-06,-2.368486E-06,-1.115461E+02,-2.033376E+00
+8.398438E+01,-1.454145E-06,+1.047879E-05,-9.951094E+01,+1.708686E+00
+8.422852E+01,+7.891180E-07,-9.760320E-06,-1.001824E+02,-1.490122E+00
+8.447266E+01,-4.681335E-06,+7.275928E-06,-1.012579E+02,+2.142518E+00
+8.471680E+01,+7.766312E-06,-5.297432E-06,-1.005365E+02,-5.986140E-01
+8.496094E+01,-4.049653E-06,+5.949760E-06,-1.028568E+02,+2.168411E+00
+8.520508E+01,+5.045118E-06,-7.683093E-06,-1.007323E+02,-9.897591E-01
+8.544922E+01,-8.111582E-06,+7.927786E-06,-9.890598E+01,+2.367653E+00
+8.569336E+01,+8.484598E-06,+1.321066E-06,-1.013233E+02,+1.544615E-01
+8.593750E+01,-4.886538E-06,-9.298786E-06,-9.957245E+01,-2.054637E+00
+8.618164E+01,+2.192204E-06,+5.909881E-06,-1.040086E+02,+1.215591E+00
+8.642578E+01,-2.140378E-06,+1.985070E-06,-1.106947E+02,+2.393823E+00
+8.666992E+01,+5.634330E-06,-9.302711E-07,-1.048663E+02,-1.636314E-01
+8.691406E+01,-6.521322E-06,+1.032791E-06,-1.036057E+02,+2.984526E+00
+8.715820E+01,+5.214085E-06,-1.132508E-06,-1.054562E+02,-2.138796E-01
+8.740234E+01,-1.622502E-06,+6.290149E-06,-1.037470E+02,+1.823237E+00
+8.764648E+01,-8.644984E-07,-1.188681E-05,-9.847579E+01,-1.643396E+00
+8.789062E+01,+4.917639E-06,+8.843442E-06,-9.989745E+01,+1.063299E+00
+8.813477E+01,-1.023403E-06,+2.296940E-07,-1.195856E+02,+2.920810E+00
+8.837891E+01,-1.494524E-06,-3.383842E-06,-1.086379E+02,-1.986697E+00
+8.862305E+01,+3.523646E-06,+2.444323E-06,-1.073540E+02,+6.064793E-01
+8.886719E+01,-1.672730E-06,-1.776336E-06,-1.122523E+02,-2.326164E+00
+8.911133E+01,+6.788411E-07,-7.535820E-07,-1.198771E+02,-8.375288E-01
+8.935547E+01,+1.328841E-06,+3.077957E-06,-1.094925E+02,+1.163241E+00
+8.959961E+01,+1.598038E-06,-7.882828E-06,-1.018914E+02,-1.370783E+00
+8.984375E+01,-3.264222E-06,+7.186200E-06,-1.020554E+02,+1.997166E+00
+9.008789E+01,+3.487286E-06,-8.966467E-08,-1.091474E+02,-2.570621E-02
+9.033203E+01,+3.963413E-07,-5.956006E-06,-1.044817E+02,-1.504349E+00
+9.057617E+01,+1.557530E-06,-2.787011E-06,-1.099168E+02,-1.061181E+00
+9.082031E+01,-4.325180E-07,+5.634322E-06,-1.049576E+02,+1.647411E+00
+9.106445E+01,+6.860967E-06,-6.530631E-06,-1.004710E+02,-7.607358E-01
+9.130859E+01,-1.133987E-05,-3.599868E-06,-9.849084E+01,-2.834202E+00
+9.155273E+01,+2.781660E-06,+5.709113E-06,-1.039436E+02,+1.117416E+00
+9.179688E+01,+4.865095E-06,-8.750461E-06,-9.998961E+01,-1.063372E+00
+9.204102E+01,-1.229945E-05,-6.472536E-07,-9.819028E+01,-3.089016E+00
+9.228516E+01,+3.792328E-06,+6.884536E-06,-1.020916E+02,+1.067303E+00
+9.252930E+01,+4.816628E-06,-9.823117E-06,-9.921929E+01,-1.114910E+00
+9.277344E+01,-1.670997E-05,+6.425318E-06,-9.494162E+01,+2.774502E+00
+9.301758E+01,+5.239550E-06,-7.826014E-07,-1.055183E+02,-1.482681E-01
+9.326172E+01,-7.259728E-06,+1.553318E-06,-1.025872E+02,+2.930807E+00
+9.350586E+01,-1.148968E-06,-2.992784E-07,-1.185088E+02,-2.886779E+00
+9.375000E+01,+2.027432E-06,+1.359427E-05,-9.723734E+01,+1.422749E+00
+9.399414E+01,+6.168333E-06,+1.573720E-06,-1.039228E+02,+2.498000E-01
+9.423828E+01,-9.497083E-09,-5.635316E-06,-1.049816E+02,-1.572482E+00
+9.448242E+01,+3.597702E-06,-1.128148E-06,-1.084722E+02,-3.038636E-01
+9.472656E+01,+1.802619E-06,+6.210893E-06,-1.037857E+02,+1.288322E+00
+9.497070E+01,-1.264140E-06,-4.608790E-06,-1.064132E+02,-1.838501E+00
+9.521484E+01,+7.044545E-06,+3.784558E-09,-1.030429E+02,+5.372323E-04
+9.545898E+01,-4.991982E-06,-5.476452E-06,-1.026034E+02,-2.309948E+00
+9.570312E+01,+1.891015E-06,-1.691982E-06,-1.119120E+02,-7.299058E-01
+9.594727E+01,-5.592202E-06,+9.329497E-06,-9.926971E+01,+2.110783E+00
+9.619141E+01,-2.397064E-06,-1.053006E-05,-9.933197E+01,-1.794622E+00
+9.643555E+01,+4.703129E-06,+8.730392E-06,-1.000727E+02,+1.076664E+00
+9.667969E+01,-4.325014E-06,-1.482588E-06,-1.067977E+02,-2.811352E+00
+9.692383E+01,+7.287753E-06,+2.492976E-06,-1.022675E+02,+3.295996E-01
+9.716797E+01,-6.952219E-06,-3.014089E-06,-1.024095E+02,-2.732508E+00
+9.741211E+01,+9.083702E-06,-7.489415E-07,-1.008053E+02,-8.226287E-02
+9.765625E+01,-7.475128E-06,-3.962314E-06,-1.014522E+02,-2.654182E+00
+9.790039E+01,+3.792602E-06,+5.176028E-06,-1.038537E+02,+9.384436E-01
+9.814453E+01,+1.775541E-06,+2.707122E-06,-1.097960E+02,+9.903001E-01
+9.838867E+01,-3.130383E-06,-5.002219E-06,-1.045815E+02,-2.129970E+00
+9.863281E+01,-7.424182E-07,+8.290895E-07,-1.190708E+02,+2.301099E+00
+9.887695E+01,-5.625017E-06,-5.416558E-07,-1.049574E+02,-3.045594E+00
+9.912109E+01,+1.162085E-05,-3.305512E-06,-9.835735E+01,-2.771273E-01
+9.936523E+01,-6.709216E-06,+5.740715E-06,-1.010808E+02,+2.433830E+00
+9.960938E+01,+3.962432E-06,+2.844787E-06,-1.062354E+02,+6.226649E-01
+9.985352E+01,-6.978930E-07,-7.183318E-06,-1.028327E+02,-1.667647E+00
+1.000977E+02,-4.875564E-06,+7.343724E-06,-1.010957E+02,+2.156888E+00
+1.003418E+02,+6.468199E-06,-1.037579E-05,-9.825375E+01,-1.013353E+00
+1.005859E+02,-6.723059E-06,+6.461292E-06,-1.006074E+02,+2.376046E+00
+1.008301E+02,+7.884696E-06,-1.461169E-06,-1.019177E+02,-1.832383E-01
+1.010742E+02,-7.727353E-06,+2.963077E-06,-1.016436E+02,+2.775432E+00
+1.013184E+02,+5.913104E-06,-5.377082E-07,-1.045279E+02,-9.068559E-02
+1.015625E+02,-6.034724E-06,-4.896239E-06,-1.021903E+02,-2.459973E+00
+1.018066E+02,+9.143159E-06,+2.412151E-06,-1.004859E+02,+2.579431E-01
+1.020508E+02,-8.911213E-06,-1.894833E-06,-1.008092E+02,-2.932078E+00
+1.022949E+02,+1.495322E-06,+7.161726E-06,-1.027143E+02,+1.364960E+00
+1.025391E+02,+2.839849E-06,-8.622435E-06,-1.008401E+02,-1.252630E+00
+1.027832E+02,+2.965935E-06,+6.969069E-06,-1.024136E+02,+1.168430E+00
+1.030273E+02,-3.934912E-06,-8.270385E-06,-1.007633E+02,-2.014884E+00
+1.032715E+02,+2.038861E-06,+8.466114E-06,-1.012015E+02,+1.334471E+00
+1.035156E+02,-7.176431E-06,-6.460152E-06,-1.003042E+02,-2.408673E+00
+1.037598E+02,+7.498841E-06,+2.374349E-06,-1.020852E+02,+3.066419E-01
+1.040039E+02,-2.361034E-06,+1.823740E-07,-1.125121E+02,+3.064502E+00
+1.042480E+02,+1.411096E-06,-3.286282E-08,-1.170065E+02,-2.328465E-02
+1.044922E+02,+1.641247E-06,+4.975416E-06,-1.056148E+02,+1.252165E+00
+1.047363E+02,-6.110231E-06,-6.441689E-06,-1.010331E+02,-2.329794E+00
+1.049805E+02,+7.698113E-06,+2.646208E-06,-1.017873E+02,+3.310940E-01
+1.052246E+02,-1.016080E-05,-4.067394E-06,-9.921596E+01,-2.760826E+00
+1.054688E+02,+6.438305E-06,+2.804990E-06,-1.030698E+02,+4.108752E-01
+1.057129E+02,-2.092272E-06,+1.002771E-06,-1.126896E+02,+2.694663E+00
+1.059570E+02,+2.931565E-06,-2.538272E-06,-1.082284E+02,-7.136196E-01
+1.062012E+02,-4.787735E-08,+3.759985E-07,-1.284264E+02,+1.697449E+00
+1.064453E+02,+2.139144E-06,+4.721598E-06,-1.057074E+02,+1.145405E+00
+1.066895E+02,-7.801396E-06,-3.984237E-06,-1.011500E+02,-2.669415E+00
+1.069336E+02,+6.058311E-06,-1.549425E-07,-1.043501E+02,-2.556962E-02
+1.071777E+02,+3.708346E-07,+3.445514E-06,-1.092049E+02,+1.463581E+00
+1.074219E+02,-5.421598E-06,-7.050952E-06,-1.010177E+02,-2.226295E+00
+1.076660E+02,+7.461839E-08,-1.751503E-06,-1.151239E+02,-1.528220E+00
+1.079102E+02,+1.970466E-06,+9.167643E-06,-1.005587E+02,+1.359080E+00
+1.081543E+02,+1.304161E-06,-5.220885E-06,-1.053822E+02,-1.326009E+00
+1.083984E+02,-2.807653E-06,+3.906754E-06,-1.063553E+02,+2.193941E+00
+1.086426E+02,+5.750301E-06,-3.314553E-07,-1.047918E+02,-5.757766E-02
+1.088867E+02,-3.742508E-07,-1.933191E-06,-1.141147E+02,-1.762023E+00
+1.091309E+02,-6.293564E-06,+9.258164E-07,-1.039291E+02,+2.995535E+00
+1.093750E+02,+8.190865E-07,-2.138237E-06,-1.128042E+02,-1.204973E+00
+1.096191E+02,+1.720983E-06,+1.048971E-06,-1.139125E+02,+5.473891E-01
+1.098633E+02,+1.698345E-06,+8.965008E-08,-1.153874E+02,+5.273779E-02
+1.101074E+02,-3.062997E-06,+2.470691E-06,-1.081005E+02,+2.462825E+00
+1.103516E+02,+4.167914E-06,-7.405858E-06,-1.014135E+02,-1.058190E+00
+1.105957E+02,-4.686267E-06,+1.229415E-05,-9.761684E+01,+1.934973E+00
+1.108398E+02,+3.762082E-06,-8.858168E-06,-1.003329E+02,-1.169178E+00
+1.110840E+02,-9.154846E-07,+6.476004E-07,-1.190049E+02,+2.525927E+00
+1.113281E+02,-2.723391E-06,+1.322818E-06,-1.103779E+02,+2.689430E+00
+1.115723E+02,+5.327825E-06,-6.404520E-07,-1.054067E+02,-1.196349E-01
+1.118164E+02,-3.436036E-06,-9.934041E-06,-9.956671E+01,-1.903800E+00
+1.120605E+02,-8.320308E-06,+2.050832E-05,-9.309964E+01,+1.956210E+00
+1.123047E+02,+1.261447E-05,-1.240999E-05,-9.504272E+01,-7.772273E-01
+1.125488E+02,-1.951871E-06,+9.572101E-07,-1.132550E+02,+2.685649E+00
+1.127930E+02,-7.036456E-06,+4.153475E-06,-1.017546E+02,+2.608351E+00
+1.130371E+02,+6.185661E-06,-2.709715E-06,-1.034099E+02,-4.128837E-01
+1.132812E+02,-4.218584E-06,-4.320471E-06,-1.043815E+02,-2.344263E+00
+1.135254E+02,+7.420650E-06,+6.292737E-06,-1.002381E+02,+7.033338E-01
+1.137695E+02,-4.317939E-06,-3.502452E-06,-1.050988E+02,-2.460096E+00
+1.140137E+02,-2.157268E-06,+6.265645E-06,-1.035742E+02,+1.902385E+00
+1.142578E+02,+3.122776E-06,-1.135665E-05,-9.857845E+01,-1.302455E+00
+1.145020E+02,-3.529799E-06,+8.644894E-06,-1.005952E+02,+1.958446E+00
+1.147461E+02,+1.921329E-06,-9.064765E-07,-1.134552E+02,-4.408314E-01
+1.149902E+02,-1.195246E-06,+1.780874E-06,-1.133723E+02,+2.161901E+00
+1.152344E+02,+3.812381E-06,-2.760115E-06,-1.065458E+02,-6.266440E-01
+1.154785E+02,-4.880521E-06,-1.884934E-06,-1.056269E+02,-2.773025E+00
+1.157227E+02,+2.697114E-06,-4.063266E-06,-1.062370E+02,-9.847950E-01
+1.159668E+02,-2.906778E-07,+1.153480E-05,-9.875703E+01,+1.595991E+00
+1.162109E+02,+5.198409E-07,-9.546152E-06,-1.003906E+02,-1.516394E+00
+1.164551E+02,-4.761813E-06,+7.426050E-06,-1.010890E+02,+2.140982E+00
+1.166992E+02,+3.426486E-06,-5.500427E-06,-1.037680E+02,-1.013673E+00
+1.169434E+02,-3.329982E-06,+3.066861E-06,-1.068836E+02,+2.397304E+00
+1.171875E+02,+3.758779E-06,+4.233156E-06,-1.049420E+02,+8.446857E-01
+1.174316E+02,+4.075935E-06,-7.069804E-06,-1.017656E+02,-1.047815E+00
+1.176758E+02,-6.667044E-06,+8.732819E-06,-9.918251E+01,+2.222848E+00
+1.179199E+02,+5.926612E-06,-8.574694E-06,-9.963970E+01,-9.660180E-01
+1.181641E+02,-3.920109E-06,+1.800093E-06,-1.073031E+02,+2.711119E+00
+1.184082E+02,+1.301094E-06,-3.074701E-06,-1.095286E+02,-1.170484E+00
+1.186523E+02,-4.547348E-06,+4.029547E-06,-1.043279E+02,+2.416493E+00
+1.188965E+02,+6.032696E-06,+1.085840E-06,-1.042513E+02,+1.780857E-01
+1.191406E+02,+2.033395E-06,-2.184064E-06,-1.105037E+02,-8.211081E-01
+1.193848E+02,-7.589753E-06,-4.084891E-07,-1.023829E+02,-3.087823E+00
+1.196289E+02,+4.291181E-06,+7.254814E-07,-1.072261E+02,+1.674797E-01
+1.198730E+02,-2.127926E-07,+6.191758E-08,-1.330879E+02,+2.858435E+00
+1.201172E+02,-3.577031E-06,+4.377933E-06,-1.049537E+02,+2.255853E+00
+1.203613E+02,+4.983003E-06,-5.158572E-06,-1.028869E+02,-8.027082E-01
+1.206055E+02,-7.275741E-07,+2.428617E-06,-1.119195E+02,+1.861871E+00
+1.208496E+02,-2.371573E-06,-1.513381E-06,-1.110157E+02,-2.573605E+00
+1.210938E+02,+9.985080E-06,-1.340282E-07,-1.000122E+02,-1.342204E-02
+1.213379E+02,-1.575659E-05,-1.047832E-07,-9.605056E+01,-3.134943E+00
+1.215820E+02,+9.260168E-06,-1.588302E-06,-1.005417E+02,-1.698669E-01
+1.218262E+02,+2.886164E-06,+3.765389E-06,-1.064766E+02,+9.168197E-01
+1.220703E+02,-9.445792E-06,-3.636452E-06,-9.989502E+01,-2.774100E+00
+1.223145E+02,+7.216136E-06,+1.093423E-06,-1.027353E+02,+1.503808E-01
+1.225586E+02,-7.393890E-06,-2.035449E-07,-1.026192E+02,-3.114071E+00
+1.228027E+02,+1.083435E-05,+2.466986E-06,-9.908441E+01,+2.238832E-01
+1.230469E+02,-1.442244E-05,+1.089932E-06,-9.679449E+01,+3.066164E+00
+1.232910E+02,+9.355229E-06,-7.544039E-06,-9.840334E+01,-6.786301E-01
+1.235352E+02,+1.143252E-06,+1.443674E-05,-9.678346E+01,+1.491771E+00
+1.237793E+02,-4.074922E-06,-1.694649E-05,-9.517429E+01,-1.806774E+00
+1.240234E+02,+6.616512E-06,+7.781466E-06,-9.981593E+01,+8.661332E-01
+1.242676E+02,-5.125606E-06,+4.560202E-07,-1.057709E+02,+3.052857E+00
+1.245117E+02,-3.648667E-06,-2.356323E-06,-1.072434E+02,-2.568173E+00
+1.247559E+02,+4.264660E-06,+3.303110E-06,-1.053614E+02,+6.590167E-01
+1.250000E+02,-1.058451E-06,-1.534780E-06,-1.145894E+02,-2.174538E+00
+1.252441E+02,+7.412726E-06,+2.612372E-06,-1.020920E+02,+3.388266E-01
+1.254883E+02,-9.101895E-06,-3.879593E-06,-1.000924E+02,-2.738672E+00
+1.257324E+02,+3.134325E-06,-1.442774E-06,-1.092425E+02,-4.313979E-01
+1.259766E+02,-3.746923E-06,+5.120078E-06,-1.039518E+02,+2.202554E+00
+1.262207E+02,+7.472606E-06,-6.685523E-06,-9.997678E+01,-7.298630E-01
+1.264648E+02,-4.091974E-06,+5.784755E-06,-1.029923E+02,+2.186453E+00
+1.267090E+02,-6.147794E-07,-1.272974E-07,-1.240433E+02,-2.937416E+00
+1.269531E+02,-5.027309E-06,+5.521428E-07,-1.059212E+02,+3.032202E+00
+1.271973E+02,+1.120269E-05,-3.057437E-06,-9.870155E+01,-2.664312E-01
+1.274414E+02,-8.035430E-06,+9.195714E-08,-1.018993E+02,+3.130149E+00
+1.276855E+02,+1.605726E-06,+3.147831E-06,-1.090353E+02,+1.099097E+00
+1.279297E+02,+1.186657E-06,-5.617753E-06,-1.048192E+02,-1.362623E+00
+1.281738E+02,+1.141435E-06,+8.385598E-06,-1.014496E+02,+1.435509E+00
+1.284180E+02,+9.566644E-07,-9.843823E-06,-1.000959E+02,-1.473916E+00
+1.286621E+02,-4.290405E-06,+7.590570E-06,-1.011905E+02,+2.085256E+00
+1.289062E+02,+2.799913E-06,+9.583842E-07,-1.105759E+02,+3.297904E-01
+1.291504E+02,+7.541106E-07,-4.926188E-06,-1.060492E+02,-1.418894E+00
+1.293945E+02,-1.804484E-06,+2.372064E-06,-1.105145E+02,+2.221125E+00
+1.296387E+02,-1.057153E-06,-9.104542E-07,-1.171075E+02,-2.430614E+00
+1.298828E+02,+3.150053E-06,-3.742831E-06,-1.062103E+02,-8.711857E-01
+1.301270E+02,-5.243389E-06,+5.128893E-06,-1.026923E+02,+2.367233E+00
+1.303711E+02,+8.179240E-06,-2.485424E-06,-1.013622E+02,-2.950033E-01
+1.306152E+02,-4.722154E-06,+2.554833E-06,-1.054022E+02,+2.645661E+00
+1.308594E+02,-4.227292E-06,-1.987159E-06,-1.066117E+02,-2.702168E+00
+1.311035E+02,+8.899289E-06,+1.580353E-06,-1.008781E+02,+1.757497E-01
+1.313477E+02,-1.844157E-06,-6.056313E-06,-1.039707E+02,-1.866378E+00
+1.315918E+02,-1.844243E-06,+6.559172E-06,-1.033326E+02,+1.844890E+00
+1.318359E+02,+2.366719E-07,-2.676064E-06,-1.114162E+02,-1.482586E+00
+1.320801E+02,-4.766977E-06,+1.593920E-06,-1.059749E+02,+2.818912E+00
+1.323242E+02,+9.652310E-06,-3.971380E-06,-9.962817E+01,-3.903323E-01
+1.325684E+02,-6.985172E-06,+2.135697E-07,-1.031124E+02,+3.111027E+00
+1.328125E+02,-5.438627E-07,+7.471952E-06,-1.025084E+02,+1.643455E+00
+1.330566E+02,-1.793172E-06,-6.756236E-06,-1.031103E+02,-1.830225E+00
+1.333008E+02,+8.624641E-06,-2.470029E-07,-1.012816E+02,-2.863139E-02
+1.335449E+02,-9.621179E-06,+4.146376E-06,-9.959557E+01,+2.734682E+00
+1.337891E+02,+7.965666E-06,+6.608920E-07,-1.019458E+02,+8.277799E-02
+1.340332E+02,-4.316510E-06,-5.807566E-06,-1.028100E+02,-2.209968E+00
+1.342773E+02,+1.712718E-06,+3.641451E-06,-1.079066E+02,+1.131157E+00
+1.345215E+02,+1.278566E-07,-1.571934E-06,-1.160427E+02,-1.489638E+00
+1.347656E+02,+1.220489E-06,-1.337944E-06,-1.148417E+02,-8.312749E-01
+1.350098E+02,-3.796107E-06,+5.296213E-06,-1.037202E+02,+2.192682E+00
+1.352539E+02,+1.397075E-06,-2.479166E-06,-1.109162E+02,-1.057628E+00
+1.354980E+02,-1.129538E-06,-2.655948E-06,-1.107936E+02,-1.972909E+00
+1.357422E+02,+6.014428E-06,+5.059615E-06,-1.020920E+02,+6.993901E-01
+1.359863E+02,-6.892640E-06,-5.897679E-06,-1.008465E+02,-2.433828E+00
+1.362305E+02,-7.293701E-07,+5.478415E-06,-1.051506E+02,+1.703153E+00
+1.364746E+02,+6.704417E-06,-2.802936E-06,-1.027732E+02,-3.959889E-01
+1.367188E+02,-2.760097E-06,+3.111858E-07,-1.111267E+02,+3.029322E+00
+1.369629E+02,-2.357482E-06,-1.888748E-06,-1.103976E+02,-2.466138E+00
+1.372070E+02,-3.564568E-07,-4.862642E-06,-1.062393E+02,-1.643971E+00
+1.374512E+02,+2.419534E-06,+1.347437E-05,-9.727200E+01,+1.393124E+00
+1.376953E+02,-2.181902E-06,-1.292231E-05,-9.765111E+01,-1.738066E+00
+1.379395E+02,+3.819248E-06,+9.074572E-06,-1.001352E+02,+1.172426E+00
+1.381836E+02,-5.802828E-09,-7.249490E-06,-1.027938E+02,-1.571597E+00
+1.384277E+02,-1.875015E-06,+4.796376E-06,-1.057641E+02,+1.943454E+00
+1.386719E+02,-4.869494E-06,+2.784948E-06,-1.050213E+02,+2.622078E+00
+1.389160E+02,+6.283802E-06,-8.363269E-06,-9.960862E+01,-9.264272E-01
+1.391602E+02,-1.717804E-06,+6.822127E-06,-1.030546E+02,+1.817467E+00
+1.394043E+02,-7.905770E-06,-5.441778E-06,-1.003567E+02,-2.538742E+00
+1.396484E+02,+9.508009E-06,+6.721270E-06,-9.867812E+01,+6.153460E-01
+1.398926E+02,-2.609343E-06,-2.251996E-07,-1.116372E+02,-3.055501E+00
+1.401367E+02,-4.863250E-07,-5.543827E-06,-1.050905E+02,-1.658296E+00
+1.403809E+02,+4.320644E-06,+1.811481E-07,-1.072814E+02,+4.190164E-02
+1.406250E+02,-1.619256E-06,+2.397436E-07,-1.157195E+02,+2.994603E+00
+1.408691E+02,-4.117626E-06,+1.717819E-06,-1.070102E+02,+2.746358E+00
+1.411133E+02,+2.240186E-06,+8.420533E-07,-1.124204E+02,+3.595467E-01
+1.413574E+02,+8.195863E-07,+8.972202E-07,-1.183070E+02,+8.305873E-01
+1.416016E+02,+4.899732E-07,+1.902278E-07,-1.255868E+02,+3.703286E-01
+1.418457E+02,-2.936485E-06,-3.283240E-06,-1.071214E+02,-2.300501E+00
+1.420898E+02,-1.850015E-08,+2.049158E-06,-1.137681E+02,+1.579824E+00
+1.423340E+02,+2.282257E-06,-2.993990E-06,-1.084855E+02,-9.194826E-01
+1.425781E+02,+2.557312E-06,+2.715449E-06,-1.085656E+02,+8.153806E-01
+1.428223E+02,-7.704029E-06,+1.062900E-06,-1.021838E+02,+3.004491E+00
+1.430664E+02,+5.599823E-06,-2.101418E-06,-1.044643E+02,-3.590031E-01
+1.433105E+02,-5.008620E-07,+1.037306E-06,-1.187717E+02,+2.020629E+00
+1.435547E+02,-2.557925E-07,-2.877468E-06,-1.107856E+02,-1.659458E+00
+1.437988E+02,+2.365888E-06,+2.883278E-06,-1.085665E+02,+8.836470E-01
+1.440430E+02,-1.165180E-05,+3.479505E-06,-9.830116E+01,+2.851399E+00
+1.442871E+02,+1.310223E-05,-6.746230E-06,-9.663181E+01,-4.754899E-01
+1.445312E+02,-6.831161E-06,+3.507547E-06,-1.022939E+02,+2.667233E+00
+1.447754E+02,+1.044324E-06,-8.811696E-07,-1.172884E+02,-7.008661E-01
+1.450195E+02,+2.825482E-06,+1.194793E-06,-1.102637E+02,+4.000595E-01
+1.452637E+02,-1.394873E-06,-1.041717E-06,-1.151844E+02,-2.500131E+00
+1.455078E+02,-2.437736E-06,+2.581969E-06,-1.089931E+02,+2.327469E+00
+1.457520E+02,+2.727680E-06,-5.462292E-06,-1.042856E+02,-1.107656E+00
+1.459961E+02,-2.244014E-06,+6.015278E-06,-1.038490E+02,+1.927858E+00
+1.462402E+02,+4.422650E-06,-8.787654E-06,-1.001420E+02,-1.104528E+00
+1.464844E+02,-1.002309E-05,+1.215382E-05,-9.605238E+01,+2.260410E+00
+1.467285E+02,+1.172925E-05,-4.766430E-06,-9.795082E+01,-3.859867E-01
+1.469727E+02,-6.111635E-06,-3.662364E-06,-1.029444E+02,-2.601729E+00
+1.472168E+02,+7.853580E-06,+1.436223E-06,-1.019558E+02,+1.808763E-01
+1.474609E+02,-1.112647E-05,+4.836292E-06,-9.832127E+01,+2.731564E+00
+1.477051E+02,+5.946770E-06,-6.606178E-06,-1.010234E+02,-8.378800E-01
+1.479492E+02,-4.346465E-06,+4.933137E-06,-1.036424E+02,+2.293057E+00
+1.481934E+02,+6.686676E-06,-3.976521E-06,-1.021807E+02,-5.365083E-01
+1.484375E+02,-2.939265E-06,+1.129608E-06,-1.100369E+02,+2.774679E+00
+1.486816E+02,-7.340850E-06,+1.478359E-06,-1.025124E+02,+2.942863E+00
+1.489258E+02,+9.255263E-06,-3.386628E-06,-1.001265E+02,-3.507810E-01
+1.491699E+02,+1.118859E-07,+9.181374E-06,-1.007412E+02,+1.558611E+00
+1.494141E+02,-3.989693E-06,-8.150872E-06,-1.008431E+02,-2.025993E+00
+1.496582E+02,+1.366186E-06,+3.938143E-06,-1.076006E+02,+1.236876E+00
+1.499023E+02,+2.283348E-07,-2.267592E-06,-1.128449E+02,-1.470440E+00
+1.501465E+02,-3.140492E-06,+2.039050E-06,-1.085324E+02,+2.565726E+00
+1.503906E+02,+4.324570E-06,-2.306215E-06,-1.061942E+02,-4.899173E-01
+1.506348E+02,+2.480037E-06,-6.010508E-07,-1.118630E+02,-2.377711E-01
+1.508789E+02,-9.443227E-06,+1.541496E-06,-1.003834E+02,+2.979782E+00
+1.511230E+02,+1.315091E-05,-3.149251E-06,-9.737871E+01,-2.350439E-01
+1.513672E+02,-1.511999E-05,+6.549991E-06,-9.566204E+01,+2.732796E+00
+1.516113E+02,+1.136962E-05,-5.622380E-06,-9.793499E+01,-4.592451E-01
+1.518555E+02,-5.222756E-06,+5.912225E-06,-1.020599E+02,+2.294354E+00
+1.520996E+02,+3.395658E-06,-4.001756E-06,-1.055996E+02,-8.671493E-01
+1.523438E+02,-7.301645E-06,-1.364359E-07,-1.027301E+02,-3.122909E+00
+1.525879E+02,+9.918737E-06,-3.774777E-06,-9.948345E+01,-3.636453E-01
+1.528320E+02,-3.886333E-06,+8.731954E-06,-1.003929E+02,+1.989543E+00
+1.530762E+02,+4.390889E-06,-1.137043E-06,-1.068671E+02,-2.533890E-01
+1.533203E+02,-1.365458E-05,-3.770310E-06,-9.697533E+01,-2.872185E+00
+1.535645E+02,+1.021503E-05,-3.470636E-06,-9.934076E+01,-3.275214E-01
+1.538086E+02,+4.396016E-07,+3.878172E-06,-1.081720E+02,+1.457925E+00
+1.540527E+02,-3.292430E-06,+7.430407E-06,-1.018012E+02,+1.987899E+00
+1.542969E+02,+4.726393E-06,-1.415575E-05,-9.652233E+01,-1.248549E+00
+1.545410E+02,-4.438058E-06,+9.199589E-06,-9.981596E+01,+2.020280E+00
+1.547852E+02,-5.022807E-07,-2.034620E-06,-1.135734E+02,-1.812824E+00
+1.550293E+02,+5.870542E-06,-1.062935E-06,-1.044863E+02,-1.791219E-01
+1.552734E+02,-4.785934E-06,+2.885375E-09,-1.064007E+02,+3.140990E+00
+1.555176E+02,-2.822524E-06,-3.293542E-06,-1.072552E+02,-2.279333E+00
+1.557617E+02,+6.916399E-06,+4.562503E-06,-1.016334E+02,+5.831393E-01
+1.560059E+02,-2.624436E-06,+2.164993E-06,-1.093648E+02,+2.451830E+00
+1.562500E+02,-2.214790E-06,-7.172510E-07,-1.126602E+02,-2.828405E+00
+1.564941E+02,+6.032664E-06,-4.516266E-06,-1.024573E+02,-6.426272E-01
+1.567383E+02,-4.861752E-06,+1.600306E-06,-1.058174E+02,+2.823601E+00
+1.569824E+02,-7.700788E-06,+6.730626E-06,-9.980453E+01,+2.423319E+00
+1.572266E+02,+1.295416E-05,-6.155573E-06,-9.686763E+01,-4.435960E-01
+1.574707E+02,-6.822646E-06,-1.388979E-06,-1.031446E+02,-2.940754E+00
+1.577148E+02,+6.846068E-06,-3.155243E-07,-1.032820E+02,-4.605581E-02
+1.579590E+02,-5.530229E-06,+9.910840E-06,-9.890057E+01,+2.079759E+00
+1.582031E+02,+2.964953E-06,-1.691471E-05,-9.530328E+01,-1.397271E+00
+1.584473E+02,-1.788297E-06,+8.111017E-06,-1.016124E+02,+1.787802E+00
+1.586914E+02,-3.907743E-06,+4.878643E-06,-1.040814E+02,+2.246140E+00
+1.589355E+02,+9.870764E-06,-4.687311E-06,-9.922985E+01,-4.433407E-01
+1.591797E+02,-7.679339E-06,+8.310821E-06,-9.892648E+01,+2.316723E+00
+1.594238E+02,-5.298813E-06,-1.212998E-05,-9.756432E+01,-1.982649E+00
+1.596680E+02,+1.466748E-05,+4.296262E-07,-9.666917E+01,+2.928270E-02
+1.599121E+02,-6.944460E-06,+6.296974E-06,-1.005612E+02,+2.405054E+00
+1.601562E+02,-9.243010E-06,-6.770232E-06,-9.881837E+01,-2.509405E+00
+1.604004E+02,+1.414286E-05,+1.227560E-05,-9.455051E+01,+7.148354E-01
+1.606445E+02,-5.980131E-06,-1.486863E-05,-9.590340E+01,-1.953196E+00
+1.608887E+02,+2.400498E-06,+1.260362E-05,-9.783534E+01,+1.382589E+00
+1.611328E+02,-2.719453E-06,-7.003540E-06,-1.024837E+02,-1.941173E+00
+1.613770E+02,-4.679464E-07,-6.514709E-09,-1.265952E+02,-3.127672E+00
+1.616211E+02,+6.294422E-06,+1.227135E-06,-1.038589E+02,+1.925408E-01
+1.618652E+02,-9.989950E-06,-3.722767E-07,-1.000027E+02,-3.104345E+00
+1.621094E+02,+3.080581E-06,+2.953903E-06,-1.073956E+02,+7.644088E-01
+1.623535E+02,+8.380328E-06,-4.756983E-06,-1.003218E+02,-5.162831E-01
+1.625977E+02,-7.997135E-06,+3.312889E-06,-1.012535E+02,+2.748854E+00
+1.628418E+02,+2.215750E-06,-1.852042E-06,-1.107885E+02,-6.962237E-01
+1.630859E+02,+2.846495E-06,-1.332454E-06,-1.100533E+02,-4.378063E-01
+1.633301E+02,-3.204455E-06,+5.804837E-06,-1.035690E+02,+2.075198E+00
+1.635742E+02,-5.936283E-06,-4.798204E-06,-1.023461E+02,-2.461821E+00
+1.638184E+02,+7.196315E-06,-1.133943E-07,-1.028567E+02,-1.575597E-02
+1.640625E+02,+2.546726E-07,+2.873999E-06,-1.107963E+02,+1.482414E+00
+1.643066E+02,-7.335305E-06,-5.058759E-06,-1.010019E+02,-2.537850E+00
+1.645508E+02,+1.148984E-05,+2.228212E-06,-9.863338E+01,+1.915513E-01
+1.647949E+02,-7.049824E-06,+5.101340E-06,-1.012077E+02,+2.515195E+00
+1.650391E+02,+1.833702E-08,-5.148107E-06,-1.057670E+02,-1.567234E+00
+1.652832E+02,-7.954854E-07,-6.668316E-07,-1.196760E+02,-2.443948E+00
+1.655273E+02,+8.007564E-06,+3.128763E-06,-1.013130E+02,+3.724860E-01
+1.657715E+02,-1.189504E-05,-3.601593E-06,-9.811174E+01,-2.847586E+00
+1.660156E+02,+9.030461E-06,+2.543198E-06,-1.005543E+02,+2.745143E-01
+1.662598E+02,-2.748287E-06,-2.721298E-06,-1.082511E+02,-2.361129E+00
+1.665039E+02,-2.183966E-06,+1.022850E-06,-1.123538E+02,+2.703588E+00
+1.667480E+02,+3.242772E-06,-1.969546E-06,-1.084180E+02,-5.458172E-01
+1.669922E+02,+1.827836E-06,+9.482724E-06,-1.003029E+02,+1.380377E+00
+1.672363E+02,-4.549599E-06,-8.428759E-06,-1.003743E+02,-2.065752E+00
+1.674805E+02,-1.539976E-06,+3.211425E-06,-1.089672E+02,+2.017935E+00
+1.677246E+02,+1.971129E-06,-4.243780E-06,-1.065965E+02,-1.135970E+00
+1.679688E+02,+1.969563E-06,+6.359357E-06,-1.035339E+02,+1.270454E+00
+1.682129E+02,-3.369084E-06,-4.788895E-06,-1.046491E+02,-2.183881E+00
+1.684570E+02,+4.228773E-06,-1.572609E-06,-1.069132E+02,-3.560351E-01
+1.687012E+02,-2.029896E-06,+2.808277E-06,-1.092057E+02,+2.196678E+00
+1.689453E+02,-1.521205E-06,+1.264237E-06,-1.140756E+02,+2.448188E+00
+1.691895E+02,+1.154998E-06,-2.078198E-06,-1.124773E+02,-1.063535E+00
+1.694336E+02,+2.578957E-06,+8.294066E-07,-1.113437E+02,+3.111586E-01
+1.696777E+02,-1.929514E-06,-3.474024E-06,-1.080157E+02,-2.077785E+00
+1.699219E+02,-2.327451E-06,+4.047886E-06,-1.066150E+02,+2.092615E+00
+1.701660E+02,+1.009846E-06,+3.038560E-06,-1.098916E+02,+1.249937E+00
+1.704102E+02,+1.191423E-06,-6.796436E-06,-1.032229E+02,-1.397258E+00
+1.706543E+02,-2.816979E-06,+3.618537E-06,-1.067718E+02,+2.232280E+00
+1.708984E+02,+7.234669E-06,-2.241384E-06,-1.024136E+02,-3.004337E-01
+1.711426E+02,-7.620406E-06,+2.193431E-07,-1.023568E+02,+3.112817E+00
+1.713867E+02,-2.739060E-06,+2.429826E-06,-1.087268E+02,+2.415949E+00
+1.716309E+02,+7.353005E-06,+2.570601E-06,-1.021699E+02,+3.363172E-01
+1.718750E+02,-4.965837E-06,-5.203314E-06,-1.028622E+02,-2.332846E+00
+1.721191E+02,+2.598597E-06,-6.593292E-07,-1.114343E+02,-2.484815E-01
+1.723633E+02,+5.682011E-06,-2.158753E-06,-1.043244E+02,-3.630838E-01
+1.726074E+02,-8.642243E-06,+8.113963E-06,-9.852248E+01,+2.387712E+00
+1.728516E+02,+3.140559E-06,-5.203631E-06,-1.043249E+02,-1.027784E+00
+1.730957E+02,+2.058099E-06,+3.564109E-06,-1.077112E+02,+1.047122E+00
+1.733398E+02,-4.010767E-06,-2.978770E-06,-1.060277E+02,-2.502784E+00
+1.735840E+02,+1.193229E-06,-6.679198E-07,-1.172818E+02,-5.103042E-01
+1.738281E+02,-2.663840E-06,-5.785700E-06,-1.039179E+02,-2.002280E+00
+1.740723E+02,+5.201603E-06,+1.926450E-05,-9.399924E+01,+1.307076E+00
+1.743164E+02,-4.388077E-06,-1.102303E-05,-9.851513E+01,-1.949649E+00
+1.745605E+02,+3.519562E-06,-2.682172E-06,-1.070816E+02,-6.511847E-01
+1.748047E+02,+5.050170E-07,-1.907097E-06,-1.140982E+02,-1.311929E+00
+1.750488E+02,-3.353537E-06,+2.251056E-06,-1.078745E+02,+2.550425E+00
+1.752930E+02,+1.320372E-06,+4.447648E-06,-1.066706E+02,+1.282214E+00
+1.755371E+02,+2.813646E-06,-4.162741E-06,-1.059782E+02,-9.764204E-01
+1.757812E+02,-9.377731E-06,+9.483249E-07,-1.005139E+02,+3.040810E+00
+1.760254E+02,+1.235751E-05,-2.676530E-06,-9.796228E+01,-2.132967E-01
+1.762695E+02,-8.548113E-06,+2.944046E-06,-1.008758E+02,+2.809907E+00
+1.765137E+02,+2.237527E-06,+3.457549E-06,-1.077054E+02,+9.964324E-01
+1.767578E+02,+1.358624E-06,-3.483810E-06,-1.085441E+02,-1.198956E+00
+1.770020E+02,-4.160481E-06,-2.594544E-06,-1.061904E+02,-2.583989E+00
+1.772461E+02,+7.166765E-06,+5.555509E-06,-1.008499E+02,+6.594205E-01
+1.774902E+02,-5.631075E-06,+1.536333E-07,-1.049849E+02,+3.114316E+00
+1.777344E+02,+2.432677E-06,-2.667197E-06,-1.088499E+02,-8.313514E-01
+1.779785E+02,-3.051257E-06,-2.485748E-06,-1.080997E+02,-2.457974E+00
+1.782227E+02,+2.322214E-06,+2.182218E-06,-1.099333E+02,+7.543286E-01
+1.784668E+02,+3.463605E-06,-1.861588E-06,-1.081073E+02,-4.931734E-01
+1.787109E+02,-9.929558E-06,+2.851688E-06,-9.971721E+01,+2.861928E+00
+1.789551E+02,+9.522236E-06,-1.195637E-06,-1.003573E+02,-1.249089E-01
+1.791992E+02,+4.909544E-07,+4.660587E-06,-1.065833E+02,+1.465842E+00
+1.794434E+02,-6.315044E-06,-8.484712E-06,-9.951286E+01,-2.210630E+00
+1.796875E+02,+2.879256E-06,+8.612523E-06,-1.008373E+02,+1.248167E+00
+1.799316E+02,-3.041705E-06,-9.453544E-06,-1.000603E+02,-1.882088E+00
+1.801758E+02,+2.583763E-06,+1.491812E-05,-9.639736E+01,+1.399301E+00
+1.804199E+02,+5.280399E-06,-1.102922E-05,-9.825282E+01,-1.124281E+00
+1.806641E+02,-7.850049E-06,-2.692996E-06,-1.016193E+02,-2.811119E+00
+1.809082E+02,-6.338780E-07,+8.397034E-06,-1.014928E+02,+1.646142E+00
+1.811523E+02,+7.511748E-06,-3.242619E-06,-1.017431E+02,-4.075091E-01
+1.813965E+02,-5.231801E-06,-8.256435E-07,-1.055201E+02,-2.985071E+00
+1.816406E+02,+1.524812E-06,-2.766278E-06,-1.100098E+02,-1.067021E+00
+1.818848E+02,+2.501236E-06,+5.220379E-06,-1.047485E+02,+1.123984E+00
+1.821289E+02,-5.295082E-06,-3.692900E-06,-1.038012E+02,-2.532600E+00
+1.823730E+02,+3.555223E-08,+1.586294E-06,-1.159901E+02,+1.548388E+00
+1.826172E+02,+5.922942E-06,+7.849902E-07,-1.044736E+02,+1.317659E-01
+1.828613E+02,-2.503192E-06,-4.525252E-06,-1.057278E+02,-2.076063E+00
+1.831055E+02,-4.775223E-06,+9.390498E-06,-9.954739E+01,+2.041234E+00
+1.833496E+02,+7.415274E-06,-6.304967E-06,-1.002347E+02,-7.046494E-01
+1.835938E+02,-5.495337E-06,-6.221330E-06,-1.016176E+02,-2.294311E+00
+1.838379E+02,+3.707045E-06,+1.286291E-05,-9.746670E+01,+1.290203E+00
+1.840820E+02,+1.172717E-07,-4.889442E-06,-1.062123E+02,-1.546816E+00
+1.843262E+02,-3.633304E-06,-6.120382E-06,-1.029533E+02,-2.106526E+00
+1.845703E+02,+9.039671E-07,+4.092813E-06,-1.075527E+02,+1.353419E+00
+1.848145E+02,+4.491025E-06,+5.258674E-06,-1.032036E+02,+8.639717E-01
+1.850586E+02,-4.930604E-06,-4.461266E-06,-1.035444E+02,-2.406126E+00
+1.853027E+02,+3.009358E-06,+1.842311E-07,-1.104143E+02,+6.114309E-02
+1.855469E+02,-3.677142E-06,-1.626048E-07,-1.086813E+02,-3.097401E+00
+1.857910E+02,-1.750600E-06,+6.323351E-07,-1.146037E+02,+2.794966E+00
+1.860352E+02,+1.156768E-05,+2.610756E-06,-9.851930E+01,+2.219750E-01
+1.862793E+02,-6.216307E-06,-6.313523E-06,-1.010511E+02,-2.348436E+00
+1.865234E+02,-4.449183E-06,+3.563882E-06,-1.048816E+02,+2.466230E+00
+1.867676E+02,+1.183065E-06,-4.670647E-06,-1.063424E+02,-1.322716E+00
+1.870117E+02,+1.799322E-06,+9.610297E-06,-1.001956E+02,+1.385711E+00
+1.872559E+02,-5.033270E-08,-3.546818E-06,-1.090023E+02,-1.584986E+00
+1.875000E+02,+3.323618E-06,-7.257436E-06,-1.019575E+02,-1.141342E+00
+1.877441E+02,-1.035937E-06,+9.575469E-06,-1.003263E+02,+1.678564E+00
+1.879883E+02,+1.237969E-07,-1.082479E-06,-1.192552E+02,-1.456927E+00
+1.882324E+02,-1.189023E-06,-7.105730E-06,-1.028479E+02,-1.736593E+00
+1.884766E+02,+9.314183E-07,+2.199938E-06,-1.124357E+02,+1.170295E+00
+1.887207E+02,-6.142329E-06,+6.298137E-06,-1.011129E+02,+2.343671E+00
+1.889648E+02,+7.211303E-06,-8.596436E-06,-9.899969E+01,-8.727986E-01
+1.892090E+02,-7.212574E-07,+9.265917E-06,-1.006360E+02,+1.648479E+00
+1.894531E+02,-5.393107E-06,-7.796467E-06,-1.004638E+02,-2.175955E+00
+1.896973E+02,+4.639554E-06,+2.896165E-06,-1.052414E+02,+5.580480E-01
+1.899414E+02,+9.320734E-07,-1.559540E-06,-1.148136E+02,-1.032100E+00
+1.901855E+02,-1.237790E-06,-6.895194E-07,-1.169733E+02,-2.633348E+00
+1.904297E+02,-4.792575E-06,+8.192474E-06,-1.004535E+02,+2.100111E+00
+1.906738E+02,+4.285319E-06,-6.681547E-06,-1.020061E+02,-1.000514E+00
+1.909180E+02,+6.927054E-06,-3.133794E-07,-1.031802E+02,-4.520909E-02
+1.911621E+02,-1.328432E-05,+1.151915E-06,-9.750069E+01,+3.055097E+00
+1.914062E+02,+1.094355E-05,-3.190216E-06,-9.886262E+01,-2.836550E-01
+1.916504E+02,-5.395637E-06,+6.001297E-06,-1.018623E+02,+2.303102E+00
+1.918945E+02,+3.569129E-06,-5.329425E-06,-1.038572E+02,-9.806949E-01
+1.921387E+02,-3.119437E-06,+1.801668E-06,-1.088683E+02,+2.617835E+00
+1.923828E+02,+1.248040E-06,+5.050445E-06,-1.056760E+02,+1.328535E+00
+1.926270E+02,-2.807949E-06,-1.202799E-05,-9.816567E+01,-1.800140E+00
+1.928711E+02,-1.483231E-06,+1.068801E-05,-9.933922E+01,+1.708691E+00
+1.931152E+02,+6.262602E-06,-5.447670E-06,-1.016180E+02,-7.159190E-01
+1.933594E+02,-2.172921E-06,+2.969397E-06,-1.086842E+02,+2.202529E+00
+1.936035E+02,-4.329562E-07,+5.699703E-07,-1.229046E+02,+2.220421E+00
+1.938477E+02,+1.108831E-07,-1.730080E-06,-1.152209E+02,-1.506793E+00
+1.940918E+02,+5.532355E-07,+2.585583E-06,-1.115544E+02,+1.360005E+00
+1.943359E+02,-6.875926E-06,-9.671160E-06,-9.851367E+01,-2.188848E+00
+1.945801E+02,+1.363825E-05,+7.181481E-06,-9.624199E+01,+4.846764E-01
+1.948242E+02,-1.066363E-05,+1.308410E-06,-9.937700E+01,+3.019505E+00
+1.950684E+02,+4.666889E-06,-2.438392E-06,-1.055712E+02,-4.814755E-01
+1.953125E+02,-3.291471E-06,+2.200446E-06,-1.080477E+02,+2.552302E+00
+1.955566E+02,+1.867614E-06,+2.478705E-07,-1.144984E+02,+1.319493E-01
+1.958008E+02,+4.961460E-06,-2.964228E-06,-1.047622E+02,-5.385430E-01
+1.960449E+02,-7.499737E-06,+1.524125E-06,-1.023233E+02,+2.941099E+00
+1.962891E+02,+4.359008E-06,-4.082220E-06,-1.044775E+02,-7.526198E-01
+1.965332E+02,-4.028502E-06,+8.480615E-06,-1.005478E+02,+2.014265E+00
+1.967773E+02,+3.713510E-06,-9.637212E-06,-9.971974E+01,-1.203000E+00
+1.970215E+02,-3.435474E-06,+6.837246E-06,-1.023247E+02,+2.036414E+00
+1.972656E+02,+3.445385E-06,-1.491826E-06,-1.085090E+02,-4.086209E-01
+1.975098E+02,-1.171612E-06,-9.865322E-07,-1.162969E+02,-2.441744E+00
+1.977539E+02,+1.022855E-06,+7.617427E-08,-1.197797E+02,+7.433501E-02
+1.979980E+02,-4.960250E-06,-3.070162E-06,-1.046814E+02,-2.587353E+00
+1.982422E+02,+5.253272E-06,+7.532918E-06,-1.007396E+02,+9.618340E-01
+1.984863E+02,+1.597603E-06,-6.565315E-06,-1.034050E+02,-1.332096E+00
+1.987305E+02,-8.309679E-06,+5.593051E-06,-9.998557E+01,+2.549165E+00
+1.989746E+02,+4.942548E-06,-6.701835E-06,-1.015900E+02,-9.353487E-01
+1.992188E+02,-7.780097E-07,+3.637939E-06,-1.085887E+02,+1.781483E+00
+1.994629E+02,+2.028489E-06,+1.063998E-06,-1.128010E+02,+4.830763E-01
+1.997070E+02,-1.448407E-06,-4.773612E-06,-1.060406E+02,-1.865387E+00
+1.999512E+02,-7.100804E-07,+4.517700E-06,-1.067957E+02,+1.726698E+00
+2.001953E+02,-6.433649E-07,+1.041641E-06,-1.182422E+02,+2.124090E+00
+2.004395E+02,+5.027727E-06,-3.643347E-06,-1.041395E+02,-6.270793E-01
+2.006836E+02,-4.114152E-06,+2.810075E-06,-1.060515E+02,+2.542349E+00
+2.009277E+02,+6.443270E-07,-6.606556E-06,-1.035594E+02,-1.473575E+00
+2.011719E+02,-6.558954E-06,+4.875129E-06,-1.017531E+02,+2.502407E+00
+2.014160E+02,+8.355971E-06,+1.493953E-06,-1.014234E+02,+1.769194E-01
+2.016602E+02,-2.580919E-06,-3.284876E-06,-1.075817E+02,-2.236755E+00
+2.019043E+02,+9.859344E-07,+2.462993E-06,-1.115253E+02,+1.190032E+00
+2.021484E+02,-2.877592E-06,+3.638686E-06,-1.066715E+02,+2.239923E+00
+2.023926E+02,+6.868183E-06,-1.419093E-06,-1.030816E+02,-2.037513E-01
+2.026367E+02,-6.550943E-06,-9.978251E-06,-9.846245E+01,-2.151743E+00
+2.028809E+02,+3.396221E-06,+8.395990E-06,-1.008604E+02,+1.186412E+00
+2.031250E+02,-3.682233E-06,+5.795354E-08,-1.086767E+02,+3.125855E+00
+2.033691E+02,+6.861061E-08,-2.053980E-06,-1.137432E+02,-1.537405E+00
+2.036133E+02,+7.266765E-06,+3.511047E-06,-1.018620E+02,+4.500892E-01
+2.038574E+02,-5.683519E-06,-4.956013E-06,-1.024516E+02,-2.424466E+00
+2.041016E+02,-5.088582E-06,+3.160869E-06,-1.044509E+02,+2.585753E+00
+2.043457E+02,+1.083596E-05,-1.072422E-06,-9.926032E+01,-9.864756E-02
+2.045898E+02,-1.047789E-05,+3.747020E-07,-9.958897E+01,+3.105847E+00
+2.048340E+02,+5.515206E-06,-4.010469E-06,-1.033253E+02,-6.287264E-01
+2.050781E+02,+3.179122E-07,+5.991370E-06,-1.044373E+02,+1.517784E+00
+2.053223E+02,-5.488520E-07,-2.098626E-06,-1.132740E+02,-1.826596E+00
+2.055664E+02,-4.135154E-06,-4.409285E-06,-1.043722E+02,-2.324122E+00
+2.058105E+02,+4.151995E-06,+9.621313E-06,-9.959363E+01,+1.163398E+00
+2.060547E+02,+3.267253E-06,-1.668206E-06,-1.087102E+02,-4.720787E-01
+2.062988E+02,-1.249098E-05,-9.283146E-06,-9.615823E+01,-2.502465E+00
+2.065430E+02,+1.847611E-05,+1.192748E-05,-9.315485E+01,+5.732493E-01
+2.067871E+02,-1.461731E-05,-8.446228E-06,-9.545148E+01,-2.617639E+00
+2.070312E+02,+1.242819E-06,-1.198611E-06,-1.152560E+02,-7.672930E-01
+2.072754E+02,+1.062878E-05,+6.458627E-06,-9.810553E+01,+5.460288E-01
+2.075195E+02,-7.254372E-06,-2.604000E-06,-1.022616E+02,-2.796962E+00
+2.077637E+02,-3.739524E-06,-4.752625E-06,-1.043686E+02,-2.237457E+00
+2.080078E+02,-1.203713E-06,+7.969114E-06,-1.018738E+02,+1.720710E+00
+2.082520E+02,+1.095743E-05,-2.489446E-06,-9.898726E+01,-2.234004E-01
+2.084961E+02,-9.074845E-06,+1.877883E-09,-1.008432E+02,+3.141386E+00
+2.087402E+02,+6.654150E-06,+2.682433E-06,-1.028842E+02,+3.831947E-01
+2.089844E+02,-3.758319E-06,-8.748041E-07,-1.082710E+02,-2.912900E+00
+2.092285E+02,-1.623389E-06,-7.790884E-06,-1.019837E+02,-1.776227E+00
+2.094727E+02,+1.900304E-06,+3.371380E-06,-1.082457E+02,+1.057528E+00
+2.097168E+02,-6.842006E-08,+1.402266E-06,-1.170531E+02,+1.619550E+00
+2.099609E+02,-3.511970E-06,-5.549818E-07,-1.089819E+02,-2.984863E+00
+2.102051E+02,+4.453765E-06,+7.548175E-06,-1.011458E+02,+1.037729E+00
+2.104492E+02,+3.215064E-06,-1.106946E-05,-9.876575E+01,-1.288129E+00
+2.106934E+02,-8.443355E-06,+7.884841E-06,-9.874646E+01,+2.390387E+00
+2.109375E+02,+1.412829E-06,-5.329474E-06,-1.051714E+02,-1.311660E+00
+2.111816E+02,+1.865049E-06,+1.994439E-06,-1.112748E+02,+8.189107E-01
+2.114258E+02,+2.790090E-06,+1.990864E-06,-1.093003E+02,+6.197610E-01
+2.116699E+02,+4.655282E-07,-1.179764E-06,-1.179356E+02,-1.194959E+00
+2.119141E+02,-6.066733E-06,-8.030279E-07,-1.042655E+02,-3.009992E+00
+2.121582E+02,+6.305512E-06,+3.184748E-06,-1.030188E+02,+4.676983E-01
+2.124023E+02,-2.912755E-06,-4.411201E-06,-1.055373E+02,-2.154385E+00
+2.126465E+02,+1.931165E-06,+4.179842E-06,-1.067365E+02,+1.137993E+00
+2.128906E+02,-2.200321E-06,-5.549950E-06,-1.044802E+02,-1.948245E+00
+2.131348E+02,+1.308711E-07,+6.453743E-06,-1.038020E+02,+1.550521E+00
+2.133789E+02,-5.777194E-06,-3.346840E-06,-1.035089E+02,-2.616518E+00
+2.136230E+02,+1.239581E-05,+1.353585E-06,-9.808303E+01,+1.087660E-01
+2.138672E+02,-3.215207E-06,-1.428590E-06,-1.090733E+02,-2.723470E+00
+2.141113E+02,-4.648637E-06,+1.097645E-06,-1.064179E+02,+2.909718E+00
+2.143555E+02,-3.148189E-06,-8.153095E-07,-1.097569E+02,-2.888183E+00
+2.145996E+02,+1.287867E-05,-8.552288E-07,-9.778347E+01,-6.630926E-02
+2.148438E+02,-1.013976E-05,+3.866476E-06,-9.928986E+01,+2.777294E+00
+2.150879E+02,+6.501236E-07,-4.587708E-06,-1.066817E+02,-1.430024E+00
+2.153320E+02,+3.736888E-07,+1.341558E-06,-1.171233E+02,+1.299134E+00
+2.155762E+02,-9.456173E-07,+1.657251E-06,-1.143882E+02,+2.089313E+00
+2.158203E+02,+6.673742E-06,-3.782921E-06,-1.023026E+02,-5.156777E-01
+2.160645E+02,-7.204385E-06,+6.801136E-06,-1.000807E+02,+2.384979E+00
+2.163086E+02,+4.377292E-06,-1.084714E-05,-9.863847E+01,-1.187239E+00
+2.165527E+02,-1.211284E-06,+1.152925E-05,-9.871631E+01,+1.675474E+00
+2.167969E+02,-3.286179E-06,-2.133472E-06,-1.081387E+02,-2.565762E+00
+2.170410E+02,+4.176960E-06,-9.367946E-06,-9.977962E+01,-1.151376E+00
+2.172852E+02,-2.722423E-06,+8.548440E-06,-1.009427E+02,+1.879111E+00
+2.175293E+02,+7.121603E-06,-1.891590E-06,-1.026524E+02,-2.596183E-01
+2.177734E+02,-6.381642E-06,+4.597079E-07,-1.038789E+02,+3.069681E+00
+2.180176E+02,+1.077112E-07,+9.532393E-07,-1.203609E+02,+1.458279E+00
+2.182617E+02,+4.062089E-07,-5.727535E-07,-1.230711E+02,-9.539085E-01
+2.185059E+02,+9.247290E-06,-6.875835E-07,-1.006558E+02,-7.421856E-02
+2.187500E+02,-1.694062E-05,-1.842511E-06,-9.537034E+01,-3.033256E+00
+2.189941E+02,+8.307533E-06,+3.567008E-06,-1.008757E+02,+4.055665E-01
+2.192383E+02,+2.954124E-06,+7.600268E-07,-1.103131E+02,+2.518153E-01
+2.194824E+02,-6.479562E-06,-2.774782E-06,-1.030378E+02,-2.736984E+00
+2.197266E+02,+8.462479E-06,-4.205290E-06,-1.004916E+02,-4.611914E-01
+2.199707E+02,-4.069720E-06,+6.873536E-06,-1.019512E+02,+2.105376E+00
+2.202148E+02,-3.971070E-06,-4.852012E-06,-1.040548E+02,-2.256679E+00
+2.204590E+02,+8.802847E-06,+3.232560E-06,-1.005582E+02,+3.519303E-01
+2.207031E+02,-8.620656E-06,-2.711460E-06,-1.008795E+02,-2.836859E+00
+2.209473E+02,+3.974253E-06,+6.371778E-06,-1.024876E+02,+1.013113E+00
+2.211914E+02,-1.652997E-06,-8.597565E-07,-1.145947E+02,-2.661979E+00
+2.214355E+02,+3.785603E-06,-9.789318E-06,-9.957970E+01,-1.201801E+00
+2.216797E+02,-3.894209E-06,+8.470185E-06,-1.006094E+02,+2.001733E+00
+2.219238E+02,+2.582545E-06,-7.014482E-06,-1.025280E+02,-1.218024E+00
+2.221680E+02,-5.884535E-06,+7.709266E-06,-1.002659E+02,+2.222759E+00
+2.224121E+02,+6.188253E-06,+1.819910E-07,-1.041649E+02,+2.940063E-02
+2.226562E+02,-4.890266E-06,-1.011528E-05,-9.898825E+01,-2.021119E+00
+2.229004E+02,+5.909003E-06,+9.554445E-06,-9.898927E+01,+1.016917E+00
+2.231445E+02,-2.592908E-06,-5.023540E-06,-1.049541E+02,-2.047282E+00
+2.233887E+02,+3.770563E-06,+5.266223E-06,-1.037727E+02,+9.494191E-01
+2.236328E+02,-3.577260E-06,-2.450766E-06,-1.072577E+02,-2.540940E+00
+2.238770E+02,-4.089020E-06,-5.047423E-06,-1.037472E+02,-2.251678E+00
+2.241211E+02,+5.661056E-06,+3.468822E-06,-1.035576E+02,+5.497431E-01
+2.243652E+02,+4.373421E-06,-3.155996E-06,-1.053630E+02,-6.250964E-01
+2.246094E+02,-1.283263E-05,+7.874765E-06,-9.644571E+01,+2.591196E+00
+2.248535E+02,+8.425414E-06,-1.324366E-06,-1.013822E+02,-1.559114E-01
+2.250977E+02,+1.531433E-06,-6.869162E-06,-1.030513E+02,-1.351440E+00
+2.253418E+02,-8.442930E-06,+7.911863E-06,-9.873283E+01,+2.388655E+00
+2.255859E+02,+9.535795E-06,-8.870066E-06,-9.770550E+01,-7.492446E-01
+2.258301E+02,-3.770797E-06,+7.462173E-06,-1.015550E+02,+2.038692E+00
+2.260742E+02,-1.245708E-06,-3.855244E-06,-1.078477E+02,-1.883327E+00
+2.263184E+02,+1.907704E-06,+6.080779E-06,-1.039131E+02,+1.266794E+00
+2.265625E+02,-2.097632E-06,-7.735882E-06,-1.019217E+02,-1.835585E+00
+2.268066E+02,-2.500898E-07,+3.082317E-06,-1.101940E+02,+1.651756E+00
+2.270508E+02,+8.909917E-07,-1.800736E-06,-1.139399E+02,-1.111323E+00
+2.272949E+02,+1.764924E-06,+4.405778E-06,-1.064732E+02,+1.189779E+00
+2.275391E+02,+1.547072E-06,-2.060304E-07,-1.161334E+02,-1.323953E-01
+2.277832E+02,-4.092957E-06,-1.151817E-05,-9.825591E+01,-1.912227E+00
+2.280273E+02,-2.968430E-06,+1.083763E-05,-9.898714E+01,+1.838140E+00
+2.282715E+02,+7.785027E-07,-1.554373E-06,-1.151969E+02,-1.106471E+00
+2.285156E+02,+4.814440E-06,-6.076575E-07,-1.062804E+02,-1.255517E-01
+2.287598E+02,-2.906130E-08,-2.585875E-06,-1.117473E+02,-1.582034E+00
+2.290039E+02,+5.924936E-06,+5.607533E-07,-1.045076E+02,+9.436185E-02
+2.292480E+02,-1.434389E-05,+6.374795E-06,-9.608385E+01,+2.723384E+00
+2.294922E+02,+1.240840E-05,-7.861568E-06,-9.666003E+01,-5.647370E-01
+2.297363E+02,-5.778011E-06,+4.584310E-06,-1.026439E+02,+2.470885E+00
+2.299805E+02,-5.412321E-06,-1.557048E-06,-1.049870E+02,-2.861471E+00
+2.302246E+02,+8.222498E-06,+2.335719E-06,-1.013629E+02,+2.767736E-01
+2.304688E+02,-4.245283E-06,-8.341864E-06,-1.005745E+02,-2.041549E+00
+2.307129E+02,+5.553077E-06,+1.025642E-05,-9.866363E+01,+1.074561E+00
+2.309570E+02,-6.532008E-06,-5.419732E-06,-1.014242E+02,-2.448991E+00
+2.312012E+02,+1.443700E-06,+1.385695E-06,-1.139746E+02,+7.649003E-01
+2.314453E+02,+2.556761E-06,-1.684822E-08,-1.118460E+02,-6.589578E-03
+2.316895E+02,-3.118082E-06,-2.363766E-06,-1.081503E+02,-2.492938E+00
+2.319336E+02,+4.094676E-06,+4.520244E-06,-1.042947E+02,+8.347570E-01
+2.321777E+02,-3.906654E-06,-6.906287E-06,-1.020094E+02,-2.085588E+00
+2.324219E+02,+2.978783E-06,+1.007539E-05,-9.957084E+01,+1.283336E+00
+2.326660E+02,-6.317396E-06,-8.593185E-06,-9.944039E+01,-2.204734E+00
+2.329102E+02,+7.128363E-06,+2.377539E-06,-1.024821E+02,+3.219295E-01
+2.331543E+02,-4.340209E-06,+2.973808E-06,-1.055782E+02,+2.540885E+00
+2.333984E+02,+1.320291E-06,-1.549064E-06,-1.138271E+02,-8.649598E-01
+2.336426E+02,-3.155374E-06,-6.079675E-06,-1.032865E+02,-2.049531E+00
+2.338867E+02,+6.585966E-06,+8.336269E-06,-9.947427E+01,+9.021596E-01
+2.341309E+02,-5.873937E-06,-5.107911E-06,-1.021757E+02,-2.425836E+00
+2.343750E+02,+4.093220E-06,+4.573496E-06,-1.042399E+02,+8.407575E-01
+2.346191E+02,+6.192874E-07,-3.621434E-06,-1.086972E+02,-1.401428E+00
+2.348633E+02,+8.539171E-07,+2.398718E-06,-1.118822E+02,+1.228796E+00
+2.351074E+02,-9.065757E-06,-4.761826E-06,-9.979378E+01,-2.657946E+00
+2.353516E+02,+5.571636E-06,+8.438413E-06,-9.990337E+01,+9.872348E-01
+2.355957E+02,-2.429665E-06,-6.477042E-06,-1.032007E+02,-1.929672E+00
+2.358398E+02,+3.804957E-06,-8.276170E-07,-1.081923E+02,-2.141742E-01
+2.360840E+02,-1.325713E-06,+3.775711E-06,-1.079551E+02,+1.908465E+00
+2.363281E+02,-1.330515E-06,-7.584970E-07,-1.162975E+02,-2.623465E+00
+2.365723E+02,+5.082878E-06,-1.534948E-06,-1.054988E+02,-2.932759E-01
+2.368164E+02,-1.667178E-06,+4.478942E-06,-1.064130E+02,+1.927133E+00
+2.370605E+02,-2.748156E-06,-5.582996E-06,-1.041204E+02,-2.028214E+00
+2.373047E+02,-4.528589E-06,+2.989580E-06,-1.053098E+02,+2.558110E+00
+2.375488E+02,+6.539841E-06,+2.334515E-06,-1.031678E+02,+3.428690E-01
+2.377930E+02,-5.409562E-07,-8.819726E-06,-1.010746E+02,-1.632054E+00
+2.380371E+02,-5.816612E-06,+4.752701E-06,-1.024856E+02,+2.456517E+00
+2.382812E+02,+1.055855E-05,+4.363859E-07,-9.952050E+01,+4.130659E-02
+2.385254E+02,-6.260966E-06,+4.673871E-06,-1.021435E+02,+2.500329E+00
+2.387695E+02,-1.626045E-06,-6.052801E-06,-1.040582E+02,-1.833243E+00
+2.390137E+02,+2.475853E-06,+4.081451E-06,-1.064229E+02,+1.025530E+00
+2.392578E+02,+2.075450E-06,+1.120309E-06,-1.125472E+02,+4.949715E-01
+2.395020E+02,-4.418750E-06,-6.305423E-06,-1.022707E+02,-2.182049E+00
+2.397461E+02,+6.325807E-06,+5.917179E-06,-1.012477E+02,+7.520341E-01
+2.399902E+02,-6.791553E-06,-4.733057E-06,-1.016414E+02,-2.532948E+00
+2.402344E+02,+1.848140E-06,+5.226918E-07,-1.143311E+02,+2.756223E-01
+2.404785E+02,+7.707429E-07,+1.356202E-06,-1.161380E+02,+1.054004E+00
+2.407227E+02,+3.863516E-06,+3.022254E-06,-1.061869E+02,+6.638267E-01
+2.409668E+02,-1.092403E-05,-6.430362E-06,-9.794028E+01,-2.609565E+00
+2.412109E+02,+7.143643E-06,+8.613805E-06,-9.902294E+01,+8.784283E-01
+2.414551E+02,+4.322239E-06,-4.281559E-06,-1.043164E+02,-7.806700E-01
+2.416992E+02,-8.675375E-06,-2.100843E-06,-1.009867E+02,-2.904005E+00
+2.419434E+02,+7.259850E-06,+6.837168E-07,-1.027431E+02,+9.390087E-02
+2.421875E+02,-4.054777E-06,+1.013880E-06,-1.075773E+02,+2.896571E+00
+2.424316E+02,-8.054272E-07,-1.208397E-06,-1.167594E+02,-2.158701E+00
+2.426758E+02,+1.519626E-07,+3.263546E-06,-1.097168E+02,+1.524266E+00
+2.429199E+02,+1.530583E-06,-4.761575E-06,-1.060179E+02,-1.259784E+00
+2.431641E+02,+3.544828E-06,+8.980150E-06,-1.003054E+02,+1.194832E+00
+2.434082E+02,-1.093097E-06,-1.057773E-05,-9.946602E+01,-1.673770E+00
+2.436523E+02,-7.839321E-06,+7.401101E-06,-9.934677E+01,+2.384940E+00
+2.438965E+02,+9.129881E-06,-4.316975E-06,-9.991438E+01,-4.416847E-01
+2.441406E+02,-4.147585E-06,-2.971637E-06,-1.058447E+02,-2.519896E+00
+2.443848E+02,-5.752467E-06,+7.432846E-06,-1.005385E+02,+2.229434E+00
+2.446289E+02,+1.168235E-05,+2.467696E-07,-9.864746E+01,+2.112014E-02
+2.448730E+02,-4.955261E-06,-1.134651E-05,-9.814464E+01,-1.982553E+00
+2.451172E+02,-1.271161E-06,+1.497074E-05,-9.646393E+01,+1.655503E+00
+2.453613E+02,+2.876866E-07,-7.294107E-06,-1.027338E+02,-1.531376E+00
+2.456055E+02,+2.476672E-06,-3.432144E-06,-1.074682E+02,-9.457133E-01
+2.458496E+02,-2.769196E-06,+1.073919E-05,-9.910100E+01,+1.823158E+00
+2.460938E+02,-1.229128E-06,-1.142438E-05,-9.879337E+01,-1.677972E+00
+2.463379E+02,+8.615043E-06,+8.300672E-06,-9.844299E+01,+7.668157E-01
+2.465820E+02,-8.873673E-06,-5.927646E-06,-9.943556E+01,-2.552665E+00
+2.468262E+02,-9.482569E-07,+7.671862E-06,-1.022361E+02,+1.693774E+00
+2.470703E+02,+5.309891E-06,-7.472629E-06,-1.007554E+02,-9.530058E-01
+2.473145E+02,-7.892521E-07,+5.734371E-06,-1.047488E+02,+1.707572E+00
+2.475586E+02,-3.569440E-06,-8.132594E-06,-1.010303E+02,-1.984386E+00
+2.478027E+02,+5.100253E-06,+2.110064E-06,-1.051620E+02,+3.922755E-01
+2.480469E+02,-4.595364E-06,+8.290046E-06,-1.004652E+02,+2.076952E+00
+2.482910E+02,+4.690959E-06,-6.513369E-06,-1.019092E+02,-9.466385E-01
+2.485352E+02,-3.298084E-06,+1.391881E-06,-1.089229E+02,+2.742243E+00
+2.487793E+02,+6.547447E-07,-1.911370E-06,-1.138912E+02,-1.240772E+00
+2.490234E+02,+1.364300E-06,+1.229022E-06,-1.147214E+02,+7.332815E-01
+2.492676E+02,-2.297417E-06,+2.315974E-06,-1.097298E+02,+2.352172E+00
+2.495117E+02,-1.470070E-06,-3.212157E-06,-1.090382E+02,-2.000000E+00
+2.497559E+02,+6.027598E-06,-9.450976E-07,-1.042916E+02,-1.555288E-01
+2.500000E+02,-1.120372E-06,+2.224936E-06,-1.120722E+02,+2.037282E+00
+2.502441E+02,-4.422139E-06,-2.094403E-06,-1.062084E+02,-2.699273E+00
+2.504883E+02,-5.622877E-07,+5.001794E-06,-1.059629E+02,+1.682743E+00
+2.507324E+02,+9.429781E-06,-5.568983E-06,-9.921057E+01,-5.334598E-01
+2.509766E+02,-8.204049E-06,+4.102920E-06,-1.007500E+02,+2.677858E+00
+2.512207E+02,-5.067262E-07,-4.084072E-06,-1.077118E+02,-1.694239E+00
+2.514648E+02,+1.221052E-06,+3.226353E-06,-1.092444E+02,+1.208994E+00
+2.517090E+02,-3.274157E-07,+3.500312E-06,-1.090800E+02,+1.664064E+00
+2.519531E+02,+6.344865E-06,-8.288603E-06,-9.962740E+01,-9.174534E-01
+2.521973E+02,-4.555365E-06,+6.727910E-06,-1.018035E+02,+2.165977E+00
+2.524414E+02,-3.233417E-06,-6.162489E-06,-1.031487E+02,-2.054003E+00
+2.526855E+02,+5.268623E-06,+5.429365E-06,-1.024233E+02,+8.004224E-01
+2.529297E+02,-4.796906E-07,-5.252914E-06,-1.055559E+02,-1.661863E+00
+2.531738E+02,-7.467300E-06,+5.024983E-06,-1.009146E+02,+2.549265E+00
+2.534180E+02,+9.598023E-06,-1.818947E-06,-1.002031E+02,-1.872915E-01
+2.536621E+02,-3.494099E-06,+4.968923E-06,-1.043299E+02,+2.183660E+00
+2.539062E+02,-7.562745E-07,-6.552885E-06,-1.036139E+02,-1.685699E+00
+2.541504E+02,-1.686181E-06,+3.665418E-06,-1.078839E+02,+2.001955E+00
+2.543945E+02,+4.846974E-06,-7.009840E-06,-1.013888E+02,-9.658297E-01
+2.546387E+02,-3.995434E-06,+4.286520E-06,-1.046423E+02,+2.321062E+00
+2.548828E+02,+1.624610E-06,+5.613334E-07,-1.152952E+02,+3.326772E-01
+2.551270E+02,+5.158655E-06,+1.449967E-06,-1.054190E+02,+2.740049E-01
+2.553711E+02,-9.800680E-06,-2.301676E-06,-9.994172E+01,-2.910924E+00
+2.556152E+02,+6.875297E-06,+5.296603E-06,-1.012307E+02,+6.564183E-01
+2.558594E+02,-2.494829E-06,-8.549468E-06,-1.010063E+02,-1.854723E+00
+2.561035E+02,+5.306189E-07,+2.015479E-06,-1.136214E+02,+1.313366E+00
+2.563477E+02,+1.049897E-06,+7.739838E-06,-1.021462E+02,+1.435971E+00
+2.565918E+02,-1.849311E-06,-1.263762E-05,-9.787468E+01,-1.716099E+00
+2.568359E+02,-1.384368E-06,+1.174741E-05,-9.854126E+01,+1.688100E+00
+2.570801E+02,+2.552654E-06,-1.046110E-05,-9.935726E+01,-1.331460E+00
+2.573242E+02,+2.558976E-06,+1.013351E-05,-9.961633E+01,+1.323442E+00
+2.575684E+02,-7.918361E-06,-4.845760E-06,-1.006458E+02,-2.592422E+00
+2.578125E+02,+7.088572E-06,-5.022173E-06,-1.012222E+02,-6.164004E-01
+2.580566E+02,-4.155642E-06,+5.831252E-06,-1.029011E+02,+2.189962E+00
+2.583008E+02,+5.630653E-06,+3.107672E-06,-1.038340E+02,+5.043164E-01
+2.585449E+02,-3.696124E-06,-7.776076E-06,-1.013001E+02,-2.014506E+00
+2.587891E+02,-3.410873E-06,+2.830043E-06,-1.070679E+02,+2.448995E+00
+2.590332E+02,+2.389293E-06,-2.218564E-06,-1.097344E+02,-7.483634E-01
+2.592773E+02,+2.479346E-06,+5.377703E-06,-1.045510E+02,+1.138798E+00
+2.595215E+02,+1.479232E-06,-9.188230E-07,-1.151822E+02,-5.558250E-01
+2.597656E+02,-9.575158E-06,-1.623550E-06,-1.002540E+02,-2.973632E+00
+2.600098E+02,+1.084960E-05,-1.939539E-06,-9.915511E+01,-1.768974E-01
+2.602539E+02,-4.313517E-06,+1.236360E-06,-1.069605E+02,+2.862452E+00
+2.604980E+02,+2.491134E-06,+1.630011E-06,-1.105244E+02,+5.794095E-01
+2.607422E+02,-7.181340E-06,+1.285646E-06,-1.027389E+02,+2.964443E+00
+2.609863E+02,+8.596624E-06,-2.844082E-06,-1.008624E+02,-3.195022E-01
+2.612305E+02,-7.886367E-06,-3.266500E-06,-1.013748E+02,-2.748909E+00
+2.614746E+02,+5.546274E-06,+2.810768E-06,-1.041272E+02,+4.690607E-01
+2.617188E+02,+8.946426E-07,-1.747961E-07,-1.208043E+02,-1.929502E-01
+2.619629E+02,-5.266464E-06,+6.525979E-06,-1.015290E+02,+2.249791E+00
+2.622070E+02,+3.493732E-06,-9.318415E-06,-1.000419E+02,-1.212089E+00
+2.624512E+02,-3.689383E-06,+2.897063E-06,-1.065749E+02,+2.475915E+00
+2.626953E+02,+5.213796E-06,-8.019767E-08,-1.056559E+02,-1.538061E-02
+2.629395E+02,-5.529167E-06,-3.922329E-07,-1.051250E+02,-3.070772E+00
+2.631836E+02,+4.856838E-06,+3.728535E-06,-1.042607E+02,+6.547256E-01
+2.634277E+02,-4.467076E-06,-3.729712E-06,-1.047024E+02,-2.445911E+00
+2.636719E+02,+6.612514E-06,+3.069870E-06,-1.027450E+02,+4.346422E-01
+2.639160E+02,-3.071073E-06,-1.338322E-06,-1.094991E+02,-2.730624E+00
+2.641602E+02,-5.500600E-06,-2.890315E-06,-1.041329E+02,-2.657789E+00
+2.644043E+02,+7.383297E-06,+1.953569E-06,-1.023411E+02,+2.586655E-01
+2.646484E+02,-6.493684E-06,-1.521587E-06,-1.035181E+02,-2.911427E+00
+2.648926E+02,+2.715293E-06,+6.102077E-06,-1.035059E+02,+1.152126E+00
+2.651367E+02,+8.216061E-06,-6.772662E-06,-9.945492E+01,-6.893952E-01
+2.653809E+02,-1.128575E-05,+7.564087E-06,-9.733807E+01,+2.551125E+00
+2.656250E+02,+2.447585E-06,-1.002876E-05,-9.972379E+01,-1.331419E+00
+2.658691E+02,+3.686822E-07,+3.899602E-06,-1.081409E+02,+1.476533E+00
+2.661133E+02,+2.297442E-06,+2.955937E-06,-1.085338E+02,+9.100947E-01
+2.663574E+02,-2.938179E-06,-2.347175E-06,-1.084949E+02,-2.467551E+00
+2.666016E+02,+1.035570E-06,-1.035572E-06,-1.166861E+02,-7.853991E-01
+2.668457E+02,-4.294982E-07,+7.873261E-07,-1.209455E+02,+2.070189E+00
+2.670898E+02,-2.862437E-06,+7.842195E-07,-1.105510E+02,+2.874185E+00
+2.673340E+02,+7.342519E-06,-2.935743E-06,-1.020390E+02,-3.803579E-01
+2.675781E+02,-9.903169E-06,+3.979801E-06,-9.943432E+01,+2.759474E+00
+2.678223E+02,+1.044379E-05,-2.709126E-06,-9.934002E+01,-2.538066E-01
+2.680664E+02,-7.901073E-06,+5.187096E-06,-1.004899E+02,+2.560658E+00
+2.683105E+02,+6.602397E-06,-6.682506E-06,-1.005430E+02,-7.914283E-01
+2.685547E+02,-2.935207E-06,+3.473163E-06,-1.068449E+02,+2.272445E+00
+2.687988E+02,-2.201901E-06,-7.241546E-07,-1.126980E+02,-2.823858E+00
+2.690430E+02,+7.438829E-07,+1.679878E-06,-1.147168E+02,+1.153930E+00
+2.692871E+02,+2.135860E-06,+1.549581E-06,-1.115720E+02,+6.276404E-01
+2.695312E+02,-1.943951E-06,-1.276684E-06,-1.126689E+02,-2.560489E+00
+2.697754E+02,-6.684697E-08,-3.765924E-06,-1.084812E+02,-1.588545E+00
+2.700195E+02,+2.565496E-07,-7.440151E-07,-1.220805E+02,-1.238746E+00
+2.702637E+02,-1.945245E-06,+2.624475E-06,-1.097176E+02,+2.208638E+00
+2.705078E+02,+2.440067E-06,+1.338752E-06,-1.111091E+02,+5.018089E-01
+2.707520E+02,+6.998983E-06,+2.418410E-06,-1.026095E+02,+3.326936E-01
+2.709961E+02,-1.445171E-05,-4.108899E-06,-9.646401E+01,-2.864583E+00
+2.712402E+02,+8.792989E-06,-9.595038E-07,-1.010659E+02,-1.086914E-01
+2.714844E+02,-1.978695E-06,+5.688121E-06,-1.044045E+02,+1.905567E+00
+2.717285E+02,-3.947844E-06,-1.388382E-05,-9.681214E+01,-1.847833E+00
+2.719727E+02,+1.390687E-05,+1.611256E-05,-9.343887E+01,+8.587418E-01
+2.722168E+02,-8.345115E-06,-5.420696E-06,-1.000426E+02,-2.565523E+00
+2.724609E+02,-1.295678E-05,+6.780574E-07,-9.773818E+01,+3.089308E+00
+2.727051E+02,+1.735602E-05,-2.220502E-06,-9.514049E+01,-1.272472E-01
+2.729492E+02,-7.825196E-06,+1.837707E-06,-1.018969E+02,+2.910928E+00
+2.731934E+02,-1.024182E-06,+2.304301E-07,-1.195780E+02,+2.920288E+00
+2.734375E+02,+5.675859E-06,-1.640011E-06,-1.045711E+02,-2.812841E-01
+2.736816E+02,-1.715944E-06,+1.405984E-06,-1.130792E+02,+2.455155E+00
+2.739258E+02,+3.392764E-06,-7.566783E-07,-1.091781E+02,-2.194358E-01
+2.741699E+02,-7.681731E-06,+1.141798E-06,-1.021959E+02,+2.994035E+00
+2.744141E+02,-1.626113E-07,+6.314715E-07,-1.237141E+02,+1.822832E+00
+2.746582E+02,+8.830612E-06,-6.178592E-06,-9.934963E+01,-6.105103E-01
+2.749023E+02,-1.043940E-05,+9.560719E-06,-9.698128E+01,+2.400100E+00
+2.751465E+02,+5.996688E-06,-9.561866E-07,-1.043327E+02,-1.581213E-01
+2.753906E+02,-2.175102E-06,-2.309129E-06,-1.099727E+02,-2.326315E+00
+2.756348E+02,+2.482801E-06,-2.765668E-06,-1.085970E+02,-8.392412E-01
+2.758789E+02,+2.964548E-07,+2.028266E-06,-1.137657E+02,+1.425662E+00
+2.761230E+02,-2.824897E-07,-1.949304E-06,-1.141122E+02,-1.714713E+00
+2.763672E+02,-3.270848E-06,-1.313351E-06,-1.090576E+02,-2.759766E+00
+2.766113E+02,+2.111410E-06,+6.227182E-06,-1.036416E+02,+1.243898E+00
+2.768555E+02,+3.714589E-06,-2.441653E-06,-1.070422E+02,-5.815001E-01
+2.770996E+02,-5.845598E-06,-3.014221E-06,-1.036395E+02,-2.665512E+00
+2.773438E+02,+7.162013E-07,+7.834977E-06,-1.020831E+02,+1.479639E+00
+2.775879E+02,+5.249659E-06,-7.378838E-06,-1.008615E+02,-9.524284E-01
+2.778320E+02,-2.791357E-07,+2.612562E-06,-1.116094E+02,+1.677236E+00
+2.780762E+02,-7.068090E-06,-1.207112E-06,-1.028891E+02,-2.972441E+00
+2.783203E+02,+3.916751E-06,+3.001593E-06,-1.061349E+02,+6.538817E-01
+2.785645E+02,-2.477125E-08,-6.158042E-06,-1.042111E+02,-1.574819E+00
+2.788086E+02,-9.018992E-07,+5.213672E-06,-1.055291E+02,+1.742088E+00
+2.790527E+02,+3.408564E-06,-1.918838E-06,-1.081530E+02,-5.127283E-01
+2.792969E+02,-3.221229E-06,+2.676007E-06,-1.075604E+02,+2.448386E+00
+2.795410E+02,+6.098061E-06,-4.510292E-06,-1.024011E+02,-6.368294E-01
+2.797852E+02,-1.010175E-05,+6.043837E-07,-9.989655E+01,+3.081834E+00
+2.800293E+02,+6.689664E-06,+3.006993E-06,-1.026927E+02,+4.224366E-01
+2.802734E+02,-8.515918E-07,-5.275169E-07,-1.199849E+02,-2.586996E+00
+2.805176E+02,-4.103597E-06,+1.114278E-06,-1.074277E+02,+2.876449E+00
+2.807617E+02,+4.156879E-06,-4.331251E-06,-1.044322E+02,-8.059382E-01
+2.810059E+02,+1.164561E-06,+6.967851E-06,-1.030184E+02,+1.405194E+00
+2.812500E+02,+4.684790E-07,-3.152952E-06,-1.099308E+02,-1.423291E+00
+2.814941E+02,-2.864396E-06,-4.563467E-06,-1.053715E+02,-2.131320E+00
+2.817383E+02,+5.049805E-07,+9.518698E-07,-1.193514E+02,+1.083036E+00
+2.819824E+02,-1.303429E-06,+5.626865E-06,-1.047677E+02,+1.798425E+00
+2.822266E+02,-2.482543E-07,-5.332096E-06,-1.054526E+02,-1.617321E+00
+2.824707E+02,+7.984140E-06,+3.505995E-06,-1.011897E+02,+4.137693E-01
+2.827148E+02,-1.133412E-05,-9.737137E-07,-9.888031E+01,-3.055893E+00
+2.829590E+02,+6.808121E-06,-3.812503E-06,-1.021548E+02,-5.104833E-01
+2.832031E+02,+1.383776E-06,+5.480272E-06,-1.049555E+02,+1.323465E+00
+2.834473E+02,-1.284426E-06,-1.699171E-06,-1.134324E+02,-2.218071E+00
+2.836914E+02,-3.261493E-06,-9.487710E-07,-1.093789E+02,-2.858505E+00
+2.839355E+02,+1.370321E-06,-3.029983E-06,-1.095630E+02,-1.146070E+00
+2.841797E+02,-1.967929E-06,+2.580511E-06,-1.097750E+02,+2.222321E+00
+2.844238E+02,+5.122236E-06,+3.962086E-06,-1.037742E+02,+6.583767E-01
+2.846680E+02,-1.131326E-06,-4.168519E-06,-1.072917E+02,-1.835810E+00
+2.849121E+02,-9.464139E-07,+2.581018E-06,-1.112163E+02,+1.922255E+00
+2.851562E+02,-2.186253E-06,-3.965439E-06,-1.068815E+02,-2.074658E+00
+2.854004E+02,+4.454273E-06,+3.840649E-06,-1.046104E+02,+7.115569E-01
+2.856445E+02,-4.939567E-06,+2.361998E-06,-1.052319E+02,+2.695554E+00
+2.858887E+02,+1.177673E-06,-9.793884E-06,-1.001186E+02,-1.451125E+00
+2.861328E+02,+1.728371E-06,+9.366801E-06,-1.004228E+02,+1.388328E+00
+2.863770E+02,+1.820296E-07,-4.001756E-06,-1.079460E+02,-1.525340E+00
+2.866211E+02,+4.052526E-06,-3.229571E-06,-1.057101E+02,-6.728649E-01
+2.868652E+02,-4.965965E-06,+8.337560E-06,-1.002606E+02,+2.107984E+00
+2.871094E+02,-1.941086E-06,-8.331642E-06,-1.013558E+02,-1.799691E+00
+2.873535E+02,+5.513102E-06,+3.306111E-06,-1.038379E+02,+5.401860E-01
+2.875977E+02,-7.425469E-06,-3.785585E-06,-1.015821E+02,-2.670127E+00
+2.878418E+02,+8.445327E-06,+8.131245E-06,-9.861885E+01,+7.664531E-01
+2.880859E+02,-6.768945E-06,-1.074327E-05,-9.792537E+01,-2.133029E+00
+2.883301E+02,+7.804111E-07,+1.129265E-05,-9.892339E+01,+1.501798E+00
+2.885742E+02,+3.189817E-06,-5.988310E-06,-1.033691E+02,-1.081352E+00
+2.888184E+02,+1.440714E-06,+3.533204E-06,-1.083686E+02,+1.183615E+00
+2.890625E+02,-6.549940E-06,-8.857782E-06,-9.915917E+01,-2.207515E+00
+2.893066E+02,+7.493366E-06,+1.043164E-05,-9.782596E+01,+9.478737E-01
+2.895508E+02,-2.653989E-06,-3.791123E-06,-1.066926E+02,-2.181558E+00
+2.897949E+02,-6.501231E-06,-3.083115E-06,-1.028591E+02,-2.698768E+00
+2.900391E+02,+7.958833E-06,+5.427285E-06,-1.003246E+02,+5.984883E-01
+2.902832E+02,-3.632134E-06,-8.476940E-06,-1.007032E+02,-1.975604E+00
+2.905273E+02,-5.350963E-07,+6.314267E-06,-1.039625E+02,+1.655338E+00
+2.907715E+02,+1.336627E-06,+3.350153E-07,-1.172152E+02,+2.455830E-01
+2.910156E+02,+4.700873E-06,-2.956411E-06,-1.051091E+02,-5.614038E-01
+2.912598E+02,-4.214583E-06,+5.267421E-06,-1.034191E+02,+2.245612E+00
+2.915039E+02,-3.097100E-06,-5.815996E-06,-1.036233E+02,-2.060116E+00
+2.917480E+02,+3.741056E-06,+3.266194E-06,-1.060794E+02,+7.177343E-01
+2.919922E+02,+1.369603E-06,-6.692027E-06,-1.033106E+02,-1.368922E+00
+2.922363E+02,-9.318371E-06,+1.249658E-05,-9.614400E+01,+2.211523E+00
+2.924805E+02,+8.691120E-06,-1.552817E-05,-9.499408E+01,-1.060536E+00
+2.927246E+02,-2.754677E-06,+9.107001E-06,-1.004323E+02,+1.864526E+00
+2.929688E+02,+4.640624E-06,-1.511985E-06,-1.062303E+02,-3.149689E-01
+2.932129E+02,-6.131868E-06,+4.563998E-06,-1.023336E+02,+2.501745E+00
+2.934570E+02,+1.816947E-06,-3.896295E-06,-1.073324E+02,-1.134448E+00
+2.937012E+02,+1.173185E-06,+2.284863E-06,-1.118066E+02,+1.096439E+00
+2.939453E+02,+5.619742E-07,-5.427972E-06,-1.052609E+02,-1.467631E+00
+2.941895E+02,-1.505705E-06,-1.756672E-06,-1.127140E+02,-2.279418E+00
+2.944336E+02,+1.215728E-06,+4.774761E-06,-1.061482E+02,+1.321478E+00
+2.946777E+02,-5.087785E-06,+6.576450E-06,-1.016030E+02,+2.229254E+00
+2.949219E+02,+3.819676E-06,-9.012771E-06,-1.001854E+02,-1.169937E+00
+2.951660E+02,+1.710951E-06,+3.903071E-06,-1.074085E+02,+1.157664E+00
+2.954102E+02,-3.461573E-06,-2.059326E-06,-1.078986E+02,-2.604924E+00
+2.956543E+02,+4.455080E-07,-1.630002E-06,-1.154434E+02,-1.303995E+00
+2.958984E+02,+1.259579E-06,+2.557963E-06,-1.108992E+02,+1.113235E+00
+2.961426E+02,-4.626817E-06,-3.903771E-06,-1.043596E+02,-2.440752E+00
+2.963867E+02,+1.013040E-05,+9.846799E-06,-9.699873E+01,+7.712028E-01
+2.966309E+02,-4.992596E-06,-8.224600E-06,-1.003353E+02,-2.116370E+00
+2.968750E+02,-5.355078E-06,-7.553936E-07,-1.053391E+02,-3.001456E+00
+2.971191E+02,+1.008781E-05,+2.600957E-06,-9.964455E+01,+2.523360E-01
+2.973633E+02,-9.341790E-06,+5.756156E-07,-1.005749E+02,+3.080053E+00
+2.976074E+02,+6.186648E-06,-1.061149E-06,-1.040450E+02,-1.698695E-01
+2.978516E+02,-4.283198E-06,+1.684676E-06,-1.067399E+02,+2.766856E+00
+2.980957E+02,+4.783351E-07,-1.309343E-06,-1.171149E+02,-1.220535E+00
+2.983398E+02,+7.941486E-06,-4.808260E-07,-1.019861E+02,-6.047228E-02
+2.985840E+02,-1.495688E-05,-9.306289E-07,-9.648640E+01,-3.079452E+00
+2.988281E+02,+7.014210E-06,+3.781443E-06,-1.019724E+02,+4.944453E-01
+2.990723E+02,+4.420592E-07,-3.899170E-06,-1.081251E+02,-1.457906E+00
+2.993164E+02,+2.602578E-06,-3.751220E-08,-1.116910E+02,-1.441248E-02
+2.995605E+02,-2.120357E-06,+5.516220E-06,-1.045687E+02,+1.937770E+00
+2.998047E+02,+1.821497E-06,-5.848766E-06,-1.042567E+02,-1.268884E+00
+3.000488E+02,-3.364881E-06,+3.838282E-06,-1.058411E+02,+2.290568E+00
+3.002930E+02,+6.482333E-07,-3.188309E-06,-1.097529E+02,-1.370215E+00
+3.005371E+02,+3.863903E-06,+5.463351E-06,-1.034894E+02,+9.552274E-01
+3.007812E+02,-7.658015E-06,-5.209817E-06,-1.006658E+02,-2.544205E+00
+3.010254E+02,+8.635665E-06,+3.240156E-07,-1.012680E+02,+3.750304E-02
+3.012695E+02,-7.359972E-06,+1.564912E-06,-1.024704E+02,+2.932088E+00
+3.015137E+02,+2.996647E-06,-1.373704E-06,-1.096389E+02,-4.298286E-01
+3.017578E+02,-1.936889E-06,+8.869997E-07,-1.134311E+02,+2.712147E+00
+3.020020E+02,+1.773809E-06,+2.332616E-07,-1.149474E+02,+1.307529E-01
+3.022461E+02,+2.024287E-06,+2.189640E-06,-1.105099E+02,+8.246176E-01
+3.024902E+02,-3.273447E-06,-3.920917E-06,-1.058354E+02,-2.266439E+00
+3.027344E+02,+4.357744E-06,+1.736925E-06,-1.065744E+02,+3.792847E-01
+3.029785E+02,-8.412013E-06,+1.728847E-06,-1.013223E+02,+2.938894E+00
+3.032227E+02,+6.413395E-06,-3.631845E-06,-1.026503E+02,-5.152643E-01
+3.034668E+02,+3.280604E-06,+4.647641E-06,-1.048995E+02,+9.561454E-01
+3.037109E+02,-1.168694E-05,+1.378278E-07,-9.864539E+01,+3.129800E+00
+3.039551E+02,+1.193540E-05,-7.665105E-06,-9.696356E+01,-5.708836E-01
+3.041992E+02,-7.874015E-06,+6.422265E-06,-9.986129E+01,+2.457395E+00
+3.044434E+02,+6.053608E-06,-7.805980E-07,-1.042881E+02,-1.282399E-01
+3.046875E+02,-2.134336E-06,-2.858863E-06,-1.089522E+02,-2.212097E+00
+3.049316E+02,+1.390456E-06,+6.516469E-06,-1.035264E+02,+1.360573E+00
+3.051758E+02,-2.229418E-06,-8.300808E-06,-1.013151E+02,-1.833183E+00
+3.054199E+02,-2.899533E-06,+5.667150E-06,-1.039229E+02,+2.043711E+00
+3.056641E+02,+1.425723E-06,+2.424453E-07,-1.167955E+02,+1.684396E-01
+3.059082E+02,+2.530126E-06,-4.348440E-06,-1.059670E+02,-1.043832E+00
+3.061523E+02,+2.821105E-07,+6.222609E-06,-1.041116E+02,+1.525491E+00
+3.063965E+02,-5.844846E-07,-6.087379E-06,-1.042715E+02,-1.666519E+00
+3.066406E+02,+3.853528E-06,+7.214734E-06,-1.017456E+02,+1.080227E+00
+3.068848E+02,-1.427201E-05,-7.645336E-06,-9.581465E+01,-2.649804E+00
+3.071289E+02,+1.370200E-05,+5.835296E-06,-9.654048E+01,+4.026090E-01
+3.073730E+02,-5.942107E-06,-1.306331E-06,-1.043162E+02,-2.925192E+00
+3.076172E+02,+1.079137E-05,-5.979537E-06,-9.817561E+01,-5.059884E-01
+3.078613E+02,-8.436732E-06,+6.625180E-06,-9.939033E+01,+2.475893E+00
+3.081055E+02,-7.545207E-06,-3.730883E-07,-1.024360E+02,-3.092186E+00
+3.083496E+02,+1.374331E-05,-3.190245E-06,-9.701024E+01,-2.280912E-01
+3.085938E+02,-9.765442E-06,+8.555885E-06,-9.773228E+01,+2.422118E+00
+3.088379E+02,+2.850139E-06,-1.105201E-05,-9.885155E+01,-1.318411E+00
+3.090820E+02,+1.698220E-06,+7.253650E-06,-1.025571E+02,+1.340819E+00
+3.093262E+02,-9.152888E-07,+2.198193E-06,-1.124643E+02,+1.965345E+00
+3.095703E+02,-2.030348E-06,-1.113733E-05,-9.892239E+01,-1.751117E+00
+3.098145E+02,+7.408132E-07,+7.449986E-06,-1.025142E+02,+1.471684E+00
+3.100586E+02,+9.091371E-06,+1.012970E-06,-1.007738E+02,+1.109633E-01
+3.103027E+02,-9.528484E-06,-6.425728E-07,-1.003998E+02,-3.074258E+00
+3.105469E+02,-2.371276E-06,-5.991673E-06,-1.038171E+02,-1.947644E+00
+3.107910E+02,+1.392239E-05,+8.109115E-06,-9.585710E+01,+5.274161E-01
+3.110352E+02,-1.791388E-05,-3.562881E-06,-9.476772E+01,-2.945265E+00
+3.112793E+02,+1.339351E-05,+3.483770E-06,-9.717780E+01,+2.544699E-01
+3.115234E+02,-3.783582E-06,-4.229727E-06,-1.049206E+02,-2.300576E+00
+3.117676E+02,+6.787683E-07,-1.630475E-06,-1.150596E+02,-1.176317E+00
+3.120117E+02,-6.900885E-06,+2.946318E-06,-1.024947E+02,+2.738073E+00
+3.122559E+02,+7.020716E-06,+4.387976E-06,-1.016403E+02,+5.586022E-01
+3.125000E+02,-1.535329E-06,-6.814058E-06,-1.031168E+02,-1.792413E+00
+3.127441E+02,-8.921744E-07,-2.694209E-06,-1.109395E+02,-1.890576E+00
+3.129883E+02,+7.118852E-07,+9.995650E-06,-9.998180E+01,+1.499697E+00
+3.132324E+02,+1.430548E-06,-8.039082E-06,-1.017605E+02,-1.394691E+00
+3.134766E+02,+2.952229E-07,+6.451168E-06,-1.037981E+02,+1.525066E+00
+3.137207E+02,+1.402973E-06,-9.364100E-06,-1.004743E+02,-1.422078E+00
+3.139648E+02,-3.528595E-06,+7.471328E-06,-1.016576E+02,+2.012027E+00
+3.142090E+02,-1.143936E-06,+2.579469E-06,-1.109896E+02,+1.988213E+00
+3.144531E+02,+4.994027E-06,-8.197581E-06,-1.003555E+02,-1.023634E+00
+3.146973E+02,-4.676998E-06,+5.726716E-06,-1.026225E+02,+2.255636E+00
+3.149414E+02,+4.088327E-06,-4.917334E-06,-1.038833E+02,-8.771934E-01
+3.151855E+02,-3.041316E-06,+5.267757E-06,-1.043181E+02,+2.094392E+00
+3.154297E+02,+3.345207E-06,+1.898162E-06,-1.082993E+02,+5.161247E-01
+3.156738E+02,-2.458308E-06,-8.439482E-06,-1.011200E+02,-1.854240E+00
+3.159180E+02,-7.400523E-07,+5.593010E-06,-1.049717E+02,+1.702349E+00
+3.161621E+02,-4.961930E-07,-2.213552E-06,-1.128853E+02,-1.791312E+00
+3.164062E+02,+6.927502E-06,+1.571486E-06,-1.029705E+02,+2.230721E-01
+3.166504E+02,-1.133057E-05,-1.057306E-06,-9.887732E+01,-3.048548E+00
+3.168945E+02,+1.094873E-05,-6.372659E-06,-9.794564E+01,-5.271128E-01
+3.171387E+02,-7.529655E-06,+1.306498E-05,-9.643230E+01,+2.093625E+00
+3.173828E+02,+3.852460E-06,-1.209918E-05,-9.792549E+01,-1.262539E+00
+3.176270E+02,-1.045401E-06,+5.490413E-06,-1.050532E+02,+1.758949E+00
+3.178711E+02,-7.118376E-07,+1.017610E-06,-1.181185E+02,+2.181199E+00
+3.181152E+02,+5.695526E-07,-6.515246E-07,-1.212559E+02,-8.524284E-01
+3.183594E+02,+6.259782E-06,-1.666379E-06,-1.037715E+02,-2.601703E-01
+3.186035E+02,-9.684141E-06,+2.588637E-06,-9.997905E+01,+2.880393E+00
+3.188477E+02,+2.253654E-06,-2.001992E-06,-1.104158E+02,-7.263310E-01
+3.190918E+02,+3.381382E-06,-2.928925E-06,-1.069870E+02,-7.138194E-01
+3.193359E+02,-3.514059E-06,+2.981431E-06,-1.067290E+02,+2.438011E+00
+3.195801E+02,-2.335833E-07,+2.665091E-06,-1.114525E+02,+1.658219E+00
+3.198242E+02,+5.399190E-06,-3.465776E-06,-1.038549E+02,-5.706647E-01
+3.200684E+02,-7.433800E-06,-2.575000E-06,-1.020837E+02,-2.808137E+00
+3.203125E+02,+3.992503E-06,+5.085936E-06,-1.037875E+02,+9.052635E-01
+3.205566E+02,+2.080339E-06,-4.124798E-06,-1.067077E+02,-1.103675E+00
+3.208008E+02,-2.095755E-06,-8.421970E-07,-1.129230E+02,-2.759485E+00
+3.210449E+02,-1.818314E-07,+4.368586E-06,-1.071857E+02,+1.612395E+00
+3.212891E+02,+1.182453E-06,+1.206158E-06,-1.154470E+02,+7.953220E-01
+3.215332E+02,-3.664213E-06,-1.329569E-06,-1.081832E+02,-2.793514E+00
+3.217773E+02,+3.358381E-06,-2.073881E-06,-1.080744E+02,-5.532054E-01
+3.220215E+02,-1.121377E-06,-5.463042E-06,-1.050721E+02,-1.773250E+00
+3.222656E+02,+9.652271E-07,+1.135620E-05,-9.886407E+01,+1.486005E+00
+3.225098E+02,-5.956962E-06,-5.090454E-06,-1.021185E+02,-2.434470E+00
+3.227539E+02,+4.536948E-06,-1.128100E-06,-1.066042E+02,-2.437052E-01
+3.229980E+02,+2.204904E-06,-4.684284E-07,-1.129405E+02,-2.093360E-01
+3.232422E+02,-3.146639E-06,+1.077532E-06,-1.095615E+02,+2.811669E+00
+3.234863E+02,+5.829868E-06,-1.927242E-06,-1.042364E+02,-3.192711E-01
+3.237305E+02,-4.040258E-06,+1.644692E-06,-1.072059E+02,+2.755001E+00
+3.239746E+02,-5.720075E-06,-2.837810E-06,-1.038963E+02,-2.681059E+00
+3.242188E+02,+6.830924E-06,+6.130829E-06,-1.007444E+02,+7.314382E-01
+3.244629E+02,+1.875735E-06,-4.447821E-06,-1.063262E+02,-1.171707E+00
+3.247070E+02,-5.319764E-06,+1.095348E-07,-1.054803E+02,+3.121005E+00
+3.249512E+02,+2.137002E-06,-1.869246E-08,-1.134036E+02,-8.746827E-03
+3.251953E+02,-7.964676E-06,+5.175442E-06,-1.004469E+02,+2.565358E+00
+3.254395E+02,+1.035827E-05,-5.745379E-06,-9.852933E+01,-5.064184E-01
+3.256836E+02,-2.182182E-06,-2.403937E-07,-1.131698E+02,-3.031873E+00
+3.259277E+02,+1.070758E-06,+8.314693E-07,-1.173569E+02,+6.602613E-01
+3.261719E+02,-4.811542E-06,+5.270066E-06,-1.029307E+02,+2.310745E+00
+3.264160E+02,+3.572738E-07,-1.135231E-05,-9.889401E+01,-1.539335E+00
+3.266602E+02,+3.437330E-06,+7.057186E-06,-1.021028E+02,+1.117548E+00
+3.269043E+02,-2.021030E-06,+5.294208E-06,-1.049332E+02,+1.935466E+00
+3.271484E+02,-5.184692E-08,-5.226419E-06,-1.056355E+02,-1.580716E+00
+3.273926E+02,+3.242183E-06,-5.335501E-06,-1.040917E+02,-1.024762E+00
+3.276367E+02,-4.661203E-06,+9.976474E-06,-9.916294E+01,+2.007877E+00
+3.278809E+02,+3.843659E-06,-6.836181E-06,-1.021107E+02,-1.058595E+00
+3.281250E+02,-6.445762E-06,-2.011130E-07,-1.038103E+02,-3.110402E+00
+3.283691E+02,+6.297746E-06,+6.012447E-06,-1.012027E+02,+7.622264E-01
+3.286133E+02,-1.593900E-06,-1.381521E-06,-1.135173E+02,-2.427452E+00
+3.288574E+02,-3.852043E-06,-1.103016E-05,-9.864859E+01,-1.906783E+00
+3.291016E+02,+5.605938E-06,+8.879111E-06,-9.957561E+01,+1.007635E+00
+3.293457E+02,-3.059204E-06,+1.282929E-06,-1.095842E+02,+2.744503E+00
+3.295898E+02,+7.347815E-07,-2.112301E-06,-1.130088E+02,-1.236031E+00
+3.298340E+02,-1.597344E-06,+2.732231E-06,-1.099928E+02,+2.099838E+00
+3.300781E+02,+2.269066E-06,-3.168295E-06,-1.081853E+02,-9.492943E-01
+3.303223E+02,-6.924484E-07,+1.457229E-06,-1.158453E+02,+2.014393E+00
+3.305664E+02,+1.728313E-06,+2.434542E-06,-1.104993E+02,+9.534482E-01
+3.308105E+02,-2.731156E-06,-1.912481E-06,-1.095402E+02,-2.530702E+00
+3.310547E+02,+2.896953E-06,-4.957882E-07,-1.106358E+02,-1.694992E-01
+3.312988E+02,-5.248586E-06,-3.650568E-06,-1.038855E+02,-2.533870E+00
+3.315430E+02,-5.195055E-07,+7.401894E-06,-1.025918E+02,+1.640867E+00
+3.317871E+02,+7.994464E-06,-3.514837E-06,-1.011767E+02,-4.142210E-01
+3.320312E+02,-6.134109E-06,-2.026544E-07,-1.042402E+02,-3.108567E+00
+3.322754E+02,+3.458211E-06,+8.349382E-08,-1.092204E+02,+2.413895E-02
+3.325195E+02,-3.880152E-06,-3.167109E-06,-1.060057E+02,-2.457031E+00
+3.327637E+02,-1.572007E-06,+3.832723E-06,-1.076546E+02,+1.960025E+00
+3.330078E+02,+5.864450E-06,+1.496058E-06,-1.043616E+02,+2.497787E-01
+3.332520E+02,-6.995122E-06,-3.752596E-06,-1.020057E+02,-2.649205E+00
+3.334961E+02,+8.828057E-06,+1.935981E-07,-1.010806E+02,+2.192635E-02
+3.337402E+02,-4.239256E-06,+3.654977E-06,-1.050404E+02,+2.430073E+00
+3.339844E+02,-2.353371E-07,-3.672012E-06,-1.086841E+02,-1.634798E+00
+3.342285E+02,+2.225871E-06,+7.085145E-06,-1.025842E+02,+1.266400E+00
+3.344727E+02,-9.707203E-06,-6.804059E-06,-9.852246E+01,-2.530244E+00
+3.347168E+02,+1.142239E-05,+7.047928E-06,-9.744379E+01,+5.528455E-01
+3.349609E+02,-2.499973E-06,-1.061062E-05,-9.925055E+01,-1.802187E+00
+3.352051E+02,-1.523645E-06,+5.905875E-06,-1.042945E+02,+1.823279E+00
+3.354492E+02,-1.919183E-06,-2.868878E-06,-1.092395E+02,-2.160389E+00
+3.356934E+02,+4.931143E-06,+5.238714E-06,-1.028600E+02,+8.156323E-01
+3.359375E+02,-3.616231E-07,-2.361402E-06,-1.124359E+02,-1.722755E+00
+3.361816E+02,-9.305058E-06,+3.584606E-06,-1.000247E+02,+2.773882E+00
+3.364258E+02,+8.018130E-06,-9.327006E-06,-9.820209E+01,-8.607161E-01
+3.366699E+02,-3.336422E-06,+1.770437E-06,-1.084569E+02,+2.653735E+00
+3.369141E+02,+9.912705E-06,+1.396762E-05,-9.532605E+01,+9.535953E-01
+3.371582E+02,-1.164026E-05,-1.780364E-05,-9.344415E+01,-2.149848E+00
+3.374023E+02,+2.728975E-06,+9.822219E-06,-9.983287E+01,+1.299795E+00
+3.376465E+02,+1.769178E-06,-2.597668E-06,-1.100534E+02,-9.728926E-01
+3.378906E+02,+6.617221E-07,+1.547125E-06,-1.154799E+02,+1.166632E+00
+3.381348E+02,-2.983651E-06,+2.559081E-06,-1.081104E+02,+2.432645E+00
+3.383789E+02,+5.454100E-07,-6.071175E-06,-1.042996E+02,-1.481201E+00
+3.386230E+02,+3.014979E-06,+3.464657E-06,-1.067584E+02,+8.546857E-01
+3.388672E+02,-3.049244E-06,-2.702948E-07,-1.102822E+02,-3.053180E+00
+3.391113E+02,+2.581706E-06,-1.423287E-06,-1.106093E+02,-5.038385E-01
+3.393555E+02,-1.351518E-07,+1.657662E-06,-1.155813E+02,+1.652148E+00
+3.395996E+02,-7.193711E-07,-2.013755E-06,-1.133983E+02,-1.913896E+00
+3.398438E+02,-9.363528E-07,+2.301980E-06,-1.120930E+02,+1.957116E+00
+3.400879E+02,-4.137174E-08,+1.883170E-06,-1.145001E+02,+1.592762E+00
+3.403320E+02,+3.767591E-06,-1.519367E-06,-1.078243E+02,-3.833246E-01
+3.405762E+02,-7.862870E-07,-4.688452E-06,-1.064590E+02,-1.736957E+00
+3.408203E+02,-1.435821E-06,+4.711383E-06,-1.061513E+02,+1.866610E+00
+3.410645E+02,-1.642431E-06,+2.996497E-06,-1.093269E+02,+2.072193E+00
+3.413086E+02,-1.855953E-06,-5.522423E-06,-1.046927E+02,-1.895013E+00
+3.415527E+02,+1.010984E-05,+4.498209E-06,-9.912067E+01,+4.186328E-01
+3.417969E+02,-8.413959E-06,-6.688340E-06,-9.937310E+01,-2.469963E+00
+3.420410E+02,+1.316591E-06,+2.477396E-06,-1.110397E+02,+1.082313E+00
+3.422852E+02,+3.869666E-06,-9.423076E-08,-1.082440E+02,-2.434633E-02
+3.425293E+02,-9.461349E-06,+3.452319E-06,-9.993810E+01,+2.791718E+00
+3.427734E+02,+8.873384E-06,-1.119129E-06,-1.009697E+02,-1.254596E-01
+3.430176E+02,+2.445479E-08,+2.221610E-07,-1.330143E+02,+1.461161E+00
+3.432617E+02,-4.090203E-06,-3.975270E-08,-1.077647E+02,-3.131874E+00
+3.435059E+02,-5.811901E-07,-5.553708E-06,-1.050610E+02,-1.675066E+00
+3.437500E+02,+1.237290E-06,+9.162271E-06,-1.006814E+02,+1.436566E+00
+3.439941E+02,+4.486129E-06,-7.450332E-06,-1.012129E+02,-1.028806E+00
+3.442383E+02,-2.996230E-06,+1.397840E-06,-1.096133E+02,+2.705075E+00
+3.444824E+02,-1.662759E-06,+2.125253E-06,-1.113778E+02,+2.234702E+00
+3.447266E+02,+7.311192E-07,-5.738991E-09,-1.227200E+02,-7.849435E-03
+3.449707E+02,+1.906823E-06,-7.570823E-07,-1.137581E+02,-3.779508E-01
+3.452148E+02,+1.098256E-06,+1.576156E-06,-1.143292E+02,+9.622253E-01
+3.454590E+02,+5.498604E-07,-6.596400E-06,-1.035838E+02,-1.487631E+00
+3.457031E+02,-5.918308E-06,+6.534820E-06,-1.010941E+02,+2.306728E+00
+3.459473E+02,+3.695887E-06,+5.920342E-07,-1.085356E+02,+1.588379E-01
+3.461914E+02,-1.525011E-06,-3.079634E-06,-1.092776E+02,-2.030590E+00
+3.464355E+02,+9.865298E-07,-1.897572E-06,-1.133970E+02,-1.091363E+00
+3.466797E+02,-3.984416E-07,+4.945278E-06,-1.060881E+02,+1.651193E+00
+3.469238E+02,-1.757969E-07,-7.355068E-06,-1.026658E+02,-1.594693E+00
+3.471680E+02,+3.158709E-06,+1.082330E-05,-9.895782E+01,+1.286839E+00
+3.474121E+02,+1.222470E-06,-1.140797E-05,-9.880624E+01,-1.464044E+00
+3.476562E+02,-3.058144E-06,+4.795238E-06,-1.049017E+02,+2.138509E+00
+3.479004E+02,+1.389769E-06,+2.394089E-06,-1.111559E+02,+1.044838E+00
+3.481445E+02,-3.620665E-06,-5.270423E-06,-1.038842E+02,-2.172729E+00
+3.483887E+02,+6.912621E-06,+1.021740E-05,-9.817643E+01,+9.759799E-01
+3.486328E+02,-5.276860E-06,-8.865199E-06,-9.972907E+01,-2.107703E+00
+3.488770E+02,-4.192853E-06,-7.301065E-07,-1.074201E+02,-2.969190E+00
+3.491211E+02,+4.486577E-06,+1.356867E-06,-1.065816E+02,+2.936828E-01
+3.493652E+02,+1.013485E-05,-4.186363E-07,-9.987625E+01,-4.128316E-02
+3.496094E+02,-2.446022E-05,+1.031207E-05,-9.152032E+01,+2.742618E+00
+3.498535E+02,+2.095247E-05,-1.864351E-05,-9.104254E+01,-7.271511E-01
+3.500977E+02,-1.801282E-05,+2.992593E-06,-9.477012E+01,+2.976959E+00
+3.503418E+02,+1.720329E-05,+1.618329E-05,-9.253481E+01,+7.548565E-01
+3.505859E+02,-7.709188E-06,-7.559591E-06,-9.933380E+01,-2.365992E+00
+3.508301E+02,+7.864937E-06,-3.007182E-06,-1.014935E+02,-3.652015E-01
+3.510742E+02,-9.593224E-06,-2.643834E-06,-1.000428E+02,-2.872674E+00
+3.513184E+02,+8.408653E-06,+2.238526E-06,-1.012081E+02,+2.601825E-01
+3.515625E+02,-8.542330E-06,+4.698440E-06,-1.002206E+02,+2.638735E+00
+3.518066E+02,+1.019987E-05,-4.387676E-06,-9.909074E+01,-4.062412E-01
+3.520508E+02,-7.603059E-06,-1.391181E-06,-1.022372E+02,-2.960618E+00
+3.522949E+02,-2.138985E-06,+3.702577E-06,-1.073792E+02,+2.094659E+00
+3.525391E+02,+7.211344E-07,-1.899734E-06,-1.138415E+02,-1.208001E+00
+3.527832E+02,+5.579039E-06,+1.033641E-06,-1.049222E+02,+1.831950E-01
+3.530273E+02,-2.903221E-06,-5.299052E-06,-1.043760E+02,-2.072007E+00
+3.532715E+02,+1.151164E-06,+5.346598E-06,-1.052417E+02,+1.358726E+00
+3.535156E+02,-6.495744E-06,-1.468282E-06,-1.035310E+02,-2.919291E+00
+3.537598E+02,+9.708328E-06,+2.985438E-06,-9.986470E+01,+2.983351E-01
+3.540039E+02,-2.997564E-06,-1.465629E-06,-1.095337E+02,-2.686832E+00
+3.542480E+02,-4.268622E-06,-8.571765E-06,-1.003765E+02,-2.032832E+00
+3.544922E+02,+2.807213E-06,+9.509035E-06,-1.000744E+02,+1.283735E+00
+3.547363E+02,-3.474690E-06,-5.848843E-07,-1.090603E+02,-2.974829E+00
+3.549805E+02,+3.503394E-06,-6.293289E-06,-1.028501E+02,-1.062833E+00
+3.552246E+02,+3.764038E-06,+4.051985E-06,-1.051447E+02,+8.222222E-01
+3.554688E+02,-4.429190E-06,-2.798301E-06,-1.056149E+02,-2.578128E+00
+3.557129E+02,-4.882430E-07,+5.278257E-06,-1.055132E+02,+1.663035E+00
+3.559570E+02,-2.942585E-06,+1.454355E-06,-1.096762E+02,+2.682560E+00
+3.562012E+02,+1.210239E-05,-4.358439E-06,-9.781297E+01,-3.456711E-01
+3.564453E+02,-1.422027E-05,-1.257551E-06,-9.690802E+01,-3.053388E+00
+3.566895E+02,+3.735948E-06,-1.131353E-06,-1.081709E+02,-2.940500E-01
+3.569336E+02,+6.322631E-06,+2.337915E-06,-1.034255E+02,+3.541769E-01
+3.571777E+02,-3.087308E-07,+1.552673E-06,-1.160100E+02,+1.767075E+00
+3.574219E+02,-1.466523E-05,+6.416820E-07,-9.666592E+01,+3.097865E+00
+3.576660E+02,+1.067989E-05,-2.965357E-06,-9.910613E+01,-2.708357E-01
+3.579102E+02,+1.117119E-06,-8.791114E-07,-1.169448E+02,-6.667299E-01
+3.581543E+02,+1.573686E-07,+1.708349E-06,-1.153118E+02,+1.478938E+00
+3.583984E+02,-3.843567E-06,+1.500612E-06,-1.076892E+02,+2.769371E+00
+3.586426E+02,+2.175448E-06,-3.191334E-06,-1.082631E+02,-9.724761E-01
+3.588867E+02,-1.757716E-06,+3.145321E-06,-1.088664E+02,+2.080397E+00
+3.591309E+02,-6.603960E-07,-1.511922E-06,-1.156511E+02,-1.982612E+00
+3.593750E+02,+1.655000E-06,+2.987752E-06,-1.093309E+02,+1.064942E+00
+3.596191E+02,+1.283959E-06,-4.932849E-06,-1.058533E+02,-1.316159E+00
+3.598633E+02,-2.032410E-06,+4.358255E-07,-1.136445E+02,+2.930354E+00
+3.601074E+02,+2.392235E-06,+5.493380E-06,-1.044491E+02,+1.160086E+00
+3.603516E+02,-1.894264E-06,-1.482400E-06,-1.123764E+02,-2.477569E+00
+3.605957E+02,-3.647189E-06,-8.380312E-06,-1.007815E+02,-1.981282E+00
+3.608398E+02,+1.912893E-06,+1.063585E-05,-9.932631E+01,+1.392845E+00
+3.610840E+02,+2.510205E-06,-6.493671E-06,-1.031454E+02,-1.201928E+00
+3.613281E+02,+2.119805E-07,+1.062687E-06,-1.193024E+02,+1.373905E+00
+3.615723E+02,-2.182338E-07,+2.802454E-06,-1.110230E+02,+1.648512E+00
+3.618164E+02,-1.963191E-06,-1.786361E-06,-1.115211E+02,-2.403320E+00
+3.620605E+02,+5.314755E-06,+2.598117E-06,-1.045597E+02,+4.546878E-01
+3.623047E+02,-8.168498E-06,-2.476732E-06,-1.013752E+02,-2.847198E+00
+3.625488E+02,+2.072586E-06,-1.542249E-06,-1.117560E+02,-6.397262E-01
+3.627930E+02,+3.239022E-06,+1.475074E-06,-1.089732E+02,+4.273416E-01
+3.630371E+02,-8.372832E-08,+3.578403E-06,-1.089238E+02,+1.594190E+00
+3.632812E+02,+1.578612E-07,-1.365725E-06,-1.172351E+02,-1.455719E+00
+3.635254E+02,-3.475701E-06,-6.044751E-06,-1.031319E+02,-2.092627E+00
+3.637695E+02,-8.481978E-07,+8.332297E-06,-1.015399E+02,+1.672243E+00
+3.640137E+02,+4.951097E-06,-6.876724E-06,-1.014386E+02,-9.467871E-01
+3.642578E+02,-3.673862E-06,-5.980073E-07,-1.085840E+02,-2.980234E+00
+3.645020E+02,+1.789834E-08,+8.532250E-06,-1.013787E+02,+1.568699E+00
+3.647461E+02,+2.137955E-06,-2.623165E-06,-1.094112E+02,-8.869583E-01
+3.649902E+02,-2.098068E-06,-2.482548E-06,-1.097613E+02,-2.272455E+00
+3.652344E+02,-2.350700E-06,+3.020050E-06,-1.083427E+02,+2.232205E+00
+3.654785E+02,+6.852232E-06,-4.217372E-06,-1.018883E+02,-5.517200E-01
+3.657227E+02,-5.473159E-06,+2.027375E-07,-1.052293E+02,+3.104568E+00
+3.659668E+02,+4.822461E-06,+7.728004E-06,-1.008104E+02,+1.012899E+00
+3.662109E+02,-5.800515E-06,-6.366108E-06,-1.012975E+02,-2.309741E+00
+3.664551E+02,+7.741167E-06,-2.927341E-06,-1.016434E+02,-3.615316E-01
+3.666992E+02,-7.201179E-06,+2.994375E-06,-1.021593E+02,+2.747525E+00
+3.669434E+02,-1.575477E-06,+6.772131E-07,-1.153154E+02,+2.735624E+00
+3.671875E+02,+6.937585E-06,+3.950037E-06,-1.019564E+02,+5.175912E-01
+3.674316E+02,-5.890035E-06,-2.594930E-06,-1.038272E+02,-2.726614E+00
+3.676758E+02,+4.253401E-06,-1.732890E-06,-1.067583E+02,-3.868804E-01
+3.679199E+02,-7.058891E-07,-1.972827E-06,-1.135750E+02,-1.914408E+00
+3.681641E+02,-2.717173E-06,+3.392805E-06,-1.072367E+02,+2.246063E+00
+3.684082E+02,+2.098478E-06,+5.318509E-06,-1.048558E+02,+1.194987E+00
+3.686523E+02,+4.653283E-06,-1.262749E-05,-9.742066E+01,-1.217733E+00
+3.688965E+02,-6.539954E-06,+1.098540E-05,-9.786614E+01,+2.107776E+00
+3.691406E+02,-1.406563E-07,-2.684084E-06,-1.114122E+02,-1.623152E+00
+3.693848E+02,+3.387297E-06,-3.293862E-06,-1.065124E+02,-7.714142E-01
+3.696289E+02,+1.408792E-06,+2.318453E-06,-1.113313E+02,+1.024776E+00
+3.698730E+02,-3.670396E-06,-3.825895E-07,-1.086588E+02,-3.037731E+00
+3.701172E+02,+1.649251E-06,+5.841802E-07,-1.151409E+02,+3.404199E-01
+3.703613E+02,-4.239750E-06,+1.805296E-06,-1.067296E+02,+2.739043E+00
+3.706055E+02,+9.650499E-06,-1.196968E-06,-1.002427E+02,-1.234015E-01
+3.708496E+02,-8.782288E-06,-1.733585E-06,-1.009618E+02,-2.946702E+00
+3.710938E+02,+6.963360E-06,+1.960818E-06,-1.028122E+02,+2.744832E-01
+3.713379E+02,-8.530613E-06,+6.743873E-07,-1.013533E+02,+3.062702E+00
+3.715820E+02,+7.809710E-06,-4.782633E-06,-1.007642E+02,-5.494841E-01
+3.718262E+02,-3.008971E-06,+2.415489E-06,-1.082715E+02,+2.465170E+00
+3.720703E+02,+1.443905E-06,-3.584707E-07,-1.165495E+02,-2.433449E-01
+3.723145E+02,-2.230679E-07,+4.168701E-06,-1.075876E+02,+1.624256E+00
+3.725586E+02,-2.290540E-06,-3.955786E-06,-1.067996E+02,-2.095658E+00
+3.728027E+02,+2.794526E-08,+4.787999E-07,-1.263821E+02,+1.512497E+00
+3.730469E+02,+3.936213E-06,+4.387187E-07,-1.080448E+02,+1.109990E-01
+3.732910E+02,-1.839071E-07,-7.698508E-07,-1.220308E+02,-1.805288E+00
+3.735352E+02,-1.901410E-06,-2.658702E-07,-1.143344E+02,-3.002666E+00
+3.737793E+02,-3.713149E-06,+4.210150E-06,-1.050151E+02,+2.293550E+00
+3.740234E+02,+1.308765E-06,-6.349834E-06,-1.037641E+02,-1.367533E+00
+3.742676E+02,+5.794623E-06,+4.262283E-06,-1.028613E+02,+6.341941E-01
+3.745117E+02,+9.978505E-07,+3.174440E-06,-1.095574E+02,+1.266237E+00
+3.747559E+02,-6.609191E-06,-6.290893E-06,-1.007958E+02,-2.380864E+00
+3.750000E+02,+4.943749E-06,+4.939549E-06,-1.031123E+02,+7.849732E-01
+3.752441E+02,-2.638666E-07,-8.352462E-06,-1.015594E+02,-1.602377E+00
+3.754883E+02,-6.831094E-06,+5.814378E-06,-1.009436E+02,+2.436424E+00
+3.757324E+02,+6.606978E-06,-1.018086E-07,-1.035989E+02,-1.540804E-02
+3.759766E+02,-1.585078E-06,+9.263892E-07,-1.147228E+02,+2.612690E+00
+3.762207E+02,+3.582343E-06,-3.596997E-07,-1.088731E+02,-1.000736E-01
+3.764648E+02,-4.970014E-06,+1.199563E-06,-1.058270E+02,+2.904762E+00
+3.767090E+02,+4.277746E-07,-7.173026E-06,-1.028705E+02,-1.511230E+00
+3.769531E+02,+2.191962E-06,+9.175934E-06,-1.005060E+02,+1.336309E+00
+3.771973E+02,+5.991879E-06,-8.012450E-06,-9.999557E+01,-9.286911E-01
+3.774414E+02,-1.114860E-05,+2.078455E-06,-9.890721E+01,+2.957277E+00
+3.776855E+02,+3.238390E-06,+2.793461E-06,-1.073777E+02,+7.117682E-01
+3.779297E+02,-1.394636E-06,+1.849176E-06,-1.127047E+02,+2.216976E+00
+3.781738E+02,+4.437641E-06,-6.809559E-06,-1.018004E+02,-9.932423E-01
+3.784180E+02,+1.973491E-07,+6.720728E-06,-1.034479E+02,+1.541440E+00
+3.786621E+02,-2.786382E-06,-5.399512E-06,-1.043275E+02,-2.047196E+00
+3.789062E+02,+6.812319E-07,+5.191081E-06,-1.056207E+02,+1.440311E+00
+3.791504E+02,+1.331218E-06,-4.218904E-06,-1.070838E+02,-1.265148E+00
+3.793945E+02,-9.174914E-07,-3.767711E-06,-1.082283E+02,-1.809662E+00
+3.796387E+02,-1.961287E-06,+8.419158E-06,-1.012651E+02,+1.799670E+00
+3.798828E+02,+5.432432E-06,-3.765067E-06,-1.035965E+02,-6.060612E-01
+3.801270E+02,-2.824666E-06,-2.554198E-07,-1.109453E+02,-3.051413E+00
+3.803711E+02,+3.303041E-06,-5.109273E-06,-1.043163E+02,-9.968999E-01
+3.806152E+02,-8.984505E-06,+7.647759E-06,-9.856331E+01,+2.436393E+00
+3.808594E+02,+4.422785E-06,-8.346757E-07,-1.069341E+02,-1.865279E-01
+3.811035E+02,+1.170843E-06,-8.089452E-06,-1.017516E+02,-1.427058E+00
+3.813477E+02,-4.611072E-06,+1.005243E-05,-9.912526E+01,+2.000864E+00
+3.815918E+02,+5.782221E-06,-5.800974E-07,-1.047146E+02,-9.998975E-02
+3.818359E+02,-3.380993E-06,-7.966484E-06,-1.012554E+02,-1.972160E+00
+3.820801E+02,+5.819289E-06,+8.553498E-06,-9.970509E+01,+9.733871E-01
+3.823242E+02,-1.536219E-06,-7.251744E-06,-1.026005E+02,-1.779551E+00
+3.825684E+02,-4.261283E-06,+2.860862E-06,-1.057933E+02,+2.550347E+00
+3.828125E+02,-1.830663E-06,-1.198342E-07,-1.147293E+02,-3.076226E+00
+3.830566E+02,+7.173403E-06,-1.708374E-06,-1.026459E+02,-2.337986E-01
+3.833008E+02,-4.381248E-06,+6.518738E-06,-1.020979E+02,+2.162551E+00
+3.835449E+02,+2.101411E-06,-1.226129E-05,-9.810355E+01,-1.401060E+00
+3.837891E+02,-3.037297E-06,+8.158674E-06,-1.012039E+02,+1.927179E+00
+3.840332E+02,+1.303254E-06,-1.246978E-07,-1.176598E+02,-9.539147E-02
+3.842773E+02,+2.729962E-06,-2.314978E-06,-1.089239E+02,-7.033254E-01
+3.845215E+02,-4.175360E-06,+2.975024E-06,-1.058030E+02,+2.522514E+00
+3.847656E+02,+5.948491E-07,-4.579695E-07,-1.224904E+02,-6.561109E-01
+3.850098E+02,-3.402546E-07,-6.135083E-06,-1.042303E+02,-1.626200E+00
+3.852539E+02,+1.990890E-06,+9.240843E-06,-1.004887E+02,+1.358595E+00
+3.854980E+02,-3.304026E-06,-7.473039E-06,-1.017546E+02,-1.987083E+00
+3.857422E+02,+2.178494E-06,+5.427902E-08,-1.132342E+02,+2.491069E-02
+3.859863E+02,+5.960450E-06,+5.603548E-06,-1.017440E+02,+7.545447E-01
+3.862305E+02,-1.168522E-05,-3.407121E-06,-9.829291E+01,-2.857883E+00
+3.864746E+02,+3.740840E-06,-1.867526E-06,-1.075742E+02,-4.630285E-01
+3.867188E+02,+2.986235E-06,+8.808766E-06,-1.006292E+02,+1.243948E+00
+3.869629E+02,+1.544166E-06,-6.329141E-06,-1.037220E+02,-1.331494E+00
+3.872070E+02,-1.949774E-06,-3.848915E-06,-1.073012E+02,-2.039692E+00
+3.874512E+02,-9.083263E-07,+1.259455E-06,-1.161775E+02,+2.195613E+00
+3.876953E+02,-5.796263E-06,+4.876071E-06,-1.024129E+02,+2.442204E+00
+3.879395E+02,+3.776510E-06,-4.933122E-06,-1.041344E+02,-9.174225E-01
+3.881836E+02,+2.485580E-06,+6.103445E-06,-1.036221E+02,+1.184062E+00
+3.884277E+02,+5.051728E-06,-5.987937E-06,-1.021201E+02,-8.699999E-01
+3.886719E+02,-1.006222E-05,+1.251024E-06,-9.987950E+01,+3.017899E+00
+3.889160E+02,+4.194199E-06,+1.592968E-06,-1.069618E+02,+3.629746E-01
+3.891602E+02,+9.665416E-07,+2.283262E-06,-1.121130E+02,+1.170353E+00
+3.894043E+02,-2.313252E-06,-8.301324E-06,-1.012923E+02,-1.842563E+00
+3.896484E+02,-3.982813E-06,+9.509882E-06,-9.973464E+01,+1.967410E+00
+3.898926E+02,+1.148253E-05,-7.168935E-06,-9.736975E+01,-5.581202E-01
+3.901367E+02,-9.056167E-06,+6.199919E-06,-9.919182E+01,+2.541272E+00
+3.903809E+02,-5.585315E-08,-5.613195E-06,-1.050154E+02,-1.580746E+00
+3.906250E+02,+6.551405E-06,+1.745580E-06,-1.033754E+02,+2.603942E-01
+3.908691E+02,-8.472920E-06,+1.349426E-06,-1.013306E+02,+2.983656E+00
+3.911133E+02,+4.181792E-06,-2.616672E-06,-1.061378E+02,-5.591239E-01
+3.913574E+02,-6.761809E-07,+1.033505E-06,-1.181663E+02,+2.150160E+00
+3.916016E+02,+1.807826E-06,-2.724195E-07,-1.147594E+02,-1.495637E-01
+3.918457E+02,-1.282511E-06,+5.581904E-06,-1.048409E+02,+1.796639E+00
+3.920898E+02,-1.611409E-06,-2.246996E-06,-1.111659E+02,-2.192933E+00
+3.923340E+02,-4.399849E-06,-6.454566E-06,-1.021453E+02,-2.169110E+00
+3.925781E+02,+6.119146E-06,+2.440373E-06,-1.036252E+02,+3.794796E-01
+3.928223E+02,+3.296548E-07,+6.673418E-06,-1.035024E+02,+1.521438E+00
+3.930664E+02,+1.800448E-06,-6.863036E-06,-1.029806E+02,-1.314238E+00
+3.933105E+02,+1.619681E-06,+3.820066E-06,-1.076406E+02,+1.169779E+00
+3.935547E+02,-1.047752E-05,+5.585135E-07,-9.958251E+01,+3.088337E+00
+3.937988E+02,-4.739933E-07,-5.879054E-06,-1.045857E+02,-1.651246E+00
+3.940430E+02,+1.133500E-05,+7.552166E-06,-9.731615E+01,+5.877278E-01
+3.942871E+02,-4.806812E-06,-3.318449E-06,-1.046702E+02,-2.537363E+00
+3.945312E+02,-1.356260E-06,-4.000535E-06,-1.074851E+02,-1.897656E+00
+3.947754E+02,+1.995403E-06,+7.433301E-06,-1.022742E+02,+1.308538E+00
+3.950195E+02,-2.766596E-06,-4.637381E-06,-1.053522E+02,-2.108702E+00
+3.952637E+02,+2.217448E-07,+6.942862E-06,-1.031648E+02,+1.538869E+00
+3.955078E+02,+1.872578E-06,-1.794431E-06,-1.117221E+02,-7.640905E-01
+3.957520E+02,-2.148498E-06,-3.072679E-06,-1.085210E+02,-2.181003E+00
+3.959961E+02,+1.402724E-06,-4.125715E-06,-1.072150E+02,-1.243062E+00
+3.962402E+02,-1.698422E-06,+5.374773E-06,-1.049794E+02,+1.876866E+00
+3.964844E+02,+3.859678E-06,-3.874841E-06,-1.052416E+02,-7.873586E-01
+3.967285E+02,+1.072843E-06,+8.044582E-06,-1.018134E+02,+1.438216E+00
+3.969727E+02,-5.717983E-06,-7.521322E-06,-1.004932E+02,-2.220817E+00
+3.972168E+02,-1.629809E-06,-1.409116E-07,-1.157249E+02,-3.055348E+00
+3.974609E+02,+9.357953E-06,+9.437415E-06,-9.752921E+01,+7.896259E-01
+3.977051E+02,-5.051479E-06,-6.322791E-06,-1.018379E+02,-2.244886E+00
+3.979492E+02,+1.263989E-06,-5.705867E-07,-1.171597E+02,-4.240322E-01
+3.981934E+02,+5.760218E-06,-7.901522E-08,-1.047904E+02,-1.371654E-02
+3.984375E+02,-7.633999E-06,-5.404840E-07,-1.023232E+02,-3.070911E+00
+3.986816E+02,-2.794800E-06,+8.827403E-07,-1.106600E+02,+2.835658E+00
+3.989258E+02,+1.013088E-06,-6.331354E-06,-1.038603E+02,-1.412130E+00
+3.991699E+02,-2.751285E-06,+1.111090E-05,-9.882657E+01,+1.813534E+00
+3.994141E+02,+7.875251E-06,-4.779486E-06,-1.007128E+02,-5.454772E-01
+3.996582E+02,+1.091782E-06,-2.194194E-08,-1.192355E+02,-2.009466E-02
+3.999023E+02,-5.349592E-06,+4.556314E-06,-1.030647E+02,+2.436105E+00
+4.001465E+02,-3.844563E-07,-1.592470E-06,-1.157125E+02,-1.807685E+00
+4.003906E+02,+3.241032E-06,+1.131113E-06,-1.092872E+02,+3.357817E-01
+4.006348E+02,+4.068659E-06,-8.430530E-06,-1.005736E+02,-1.121157E+00
+4.008789E+02,-5.920422E-06,+2.713693E-06,-1.037248E+02,+2.711807E+00
+4.011230E+02,-8.551062E-06,+8.828287E-06,-9.820853E+01,+2.340245E+00
+4.013672E+02,+1.910873E-05,-3.561744E-06,-9.422704E+01,-1.842788E-01
+4.016113E+02,-9.229324E-06,-1.344142E-05,-9.575359E+01,-2.172495E+00
+4.018555E+02,-1.971061E-06,+1.332486E-05,-9.741273E+01,+1.717655E+00
+4.020996E+02,+4.816229E-06,+4.406097E-06,-1.037049E+02,+7.409558E-01
+4.023438E+02,-4.237745E-06,-9.102874E-06,-9.996449E+01,-2.006497E+00
+4.025879E+02,+4.376103E-06,-2.836088E-06,-1.056553E+02,-5.750280E-01
+4.028320E+02,-6.162679E-08,+1.383989E-05,-9.717726E+01,+1.575249E+00
+4.030762E+02,-6.954249E-06,-1.815986E-05,-9.422345E+01,-1.936515E+00
+4.033203E+02,+6.629518E-06,+1.626897E-05,-9.510562E+01,+1.183846E+00
+4.035645E+02,-4.329758E-06,-8.106459E-06,-1.007334E+02,-2.061360E+00
+4.038086E+02,+2.177298E-06,+2.327008E-06,-1.099329E+02,+8.186229E-01
+4.040527E+02,+1.742398E-06,+3.075369E-06,-1.090330E+02,+1.055324E+00
+4.042969E+02,-1.456394E-06,-8.081492E-06,-1.017114E+02,-1.749096E+00
+4.045410E+02,+1.533659E-06,+1.805472E-06,-1.125089E+02,+8.666213E-01
+4.047852E+02,-2.053126E-06,+6.729200E-06,-1.030542E+02,+1.866932E+00
+4.050293E+02,+2.430285E-06,-6.720061E-06,-1.029187E+02,-1.223784E+00
+4.052734E+02,-2.134556E-06,+5.108381E-06,-1.051354E+02,+1.966598E+00
+4.055176E+02,+2.178468E-06,-6.035641E-06,-1.038537E+02,-1.224414E+00
+4.057617E+02,+1.632526E-06,+6.888239E-06,-1.030005E+02,+1.338088E+00
+4.060059E+02,-6.472347E-06,-5.741934E-06,-1.012574E+02,-2.415923E+00
+4.062500E+02,+2.298766E-06,+1.235553E-06,-1.116679E+02,+4.931844E-01
+4.064941E+02,+1.003871E-05,+1.531164E-08,-9.996643E+01,+1.525259E-03
+4.067383E+02,-1.362536E-05,+2.343848E-06,-9.718639E+01,+2.971239E+00
+4.069824E+02,+8.603538E-06,-7.445142E-07,-1.012741E+02,-8.632079E-02
+4.072266E+02,-3.608681E-06,-2.066118E-06,-1.076217E+02,-2.621608E+00
+4.074707E+02,-4.986037E-06,+4.777849E-06,-1.032159E+02,+2.377513E+00
+4.077148E+02,+7.765252E-06,-9.317384E-06,-9.832350E+01,-8.760096E-01
+4.079590E+02,-9.294939E-07,+9.317631E-06,-1.005709E+02,+1.670224E+00
+4.082031E+02,-3.775396E-07,-3.938073E-06,-1.080546E+02,-1.666373E+00
+4.084473E+02,-5.760659E-07,-1.905195E-06,-1.140213E+02,-1.864422E+00
+4.086914E+02,-2.341963E-06,+2.706741E-06,-1.089241E+02,+2.284068E+00
+4.089355E+02,+4.408604E-06,-1.682123E-06,-1.065237E+02,-3.645047E-01
+4.091797E+02,+5.848765E-07,-1.589205E-06,-1.154247E+02,-1.218150E+00
+4.094238E+02,-2.214693E-06,+6.810305E-06,-1.029001E+02,+1.885207E+00
+4.096680E+02,-2.577795E-06,-7.207771E-06,-1.023212E+02,-1.914262E+00
+4.099121E+02,-1.513654E-06,-1.107820E-06,-1.145365E+02,-2.509786E+00
+4.101562E+02,+1.076199E-05,+9.063738E-06,-9.703397E+01,+6.999476E-01
+4.104004E+02,-7.350846E-06,-3.257603E-06,-1.018945E+02,-2.724441E+00
+4.106445E+02,-4.295854E-06,-4.048092E-06,-1.045790E+02,-2.385880E+00
+4.108887E+02,+9.367477E-06,-4.957221E-07,-1.005554E+02,-5.287017E-02
+4.111328E+02,-3.110553E-06,-8.596778E-09,-1.101432E+02,-3.138829E+00
+4.113770E+02,-1.624771E-06,+3.927065E-06,-1.074324E+02,+1.963088E+00
+4.116211E+02,+4.745622E-06,-3.569289E-06,-1.045271E+02,-6.448581E-01
+4.118652E+02,-5.952896E-06,+4.177944E-07,-1.044841E+02,+3.071524E+00
+4.121094E+02,+4.282221E-07,-5.012481E-07,-1.236189E+02,-8.638045E-01
+4.123535E+02,+1.320174E-06,+2.770888E-06,-1.102592E+02,+1.126170E+00
+4.125977E+02,-2.857100E-06,-1.530088E-06,-1.097864E+02,-2.649920E+00
+4.128418E+02,+8.845450E-07,-8.978964E-07,-1.179897E+02,-7.928885E-01
+4.130859E+02,+3.487885E-06,-1.658482E-06,-1.082635E+02,-4.438545E-01
+4.133301E+02,+2.821660E-06,-1.871199E-06,-1.094070E+02,-5.855677E-01
+4.135742E+02,-8.088593E-06,+1.285800E-05,-9.636852E+01,+2.132318E+00
+4.138184E+02,+7.187205E-06,-1.630276E-05,-9.498344E+01,-1.155571E+00
+4.140625E+02,-6.925961E-06,+6.388935E-06,-1.005165E+02,+2.396505E+00
+4.143066E+02,+6.698494E-06,+5.675246E-06,-1.011307E+02,+7.028908E-01
+4.145508E+02,-2.662843E-06,-9.671074E-06,-9.997314E+01,-1.839479E+00
+4.147949E+02,-3.290018E-06,+2.378201E-06,-1.078304E+02,+2.515693E+00
+4.150391E+02,+3.862792E-06,+5.304363E-06,-1.036595E+02,+9.413747E-01
+4.152832E+02,-5.457530E-06,-8.789246E-06,-9.970473E+01,-2.126465E+00
+4.155273E+02,+4.079129E-06,+1.181138E-05,-9.806464E+01,+1.238265E+00
+4.157715E+02,-5.694271E-07,-1.091846E-05,-9.922498E+01,-1.622902E+00
+4.160156E+02,+3.047070E-06,+6.853634E-06,-1.024982E+02,+1.152449E+00
+4.162598E+02,+2.086122E-07,-5.657424E-06,-1.049417E+02,-1.533939E+00
+4.165039E+02,-7.737208E-06,+4.131533E-06,-1.011388E+02,+2.651130E+00
+4.167480E+02,+3.737344E-06,-4.385420E-07,-1.084893E+02,-1.168064E-01
+4.169922E+02,-3.218712E-06,-4.187229E-06,-1.055450E+02,-2.226157E+00
+4.172363E+02,+4.874224E-06,+6.502334E-06,-1.018020E+02,+9.275440E-01
+4.174805E+02,+9.790481E-07,-1.453916E-06,-1.151252E+02,-9.781556E-01
+4.177246E+02,-1.872386E-06,-7.217461E-06,-1.025494E+02,-1.824625E+00
+4.179688E+02,+1.346538E-06,+9.112152E-06,-1.007138E+02,+1.424084E+00
+4.182129E+02,-1.886601E-06,-6.455770E-06,-1.034451E+02,-1.855114E+00
+4.184570E+02,+1.831900E-06,-4.299447E-07,-1.145091E+02,-2.305265E-01
+4.187012E+02,-3.224136E-06,+3.097531E-06,-1.069919E+02,+2.376219E+00
+4.189453E+02,-1.578751E-06,-1.265878E-06,-1.138776E+02,-2.465742E+00
+4.191895E+02,+2.131795E-06,+1.662554E-06,-1.113616E+02,+6.623547E-01
+4.194336E+02,-1.401352E-06,+1.978189E-06,-1.123084E+02,+2.187139E+00
+4.196777E+02,+8.395727E-06,-9.504288E-06,-9.793661E+01,-8.472499E-01
+4.199219E+02,-1.168384E-05,+1.102213E-05,-9.588382E+01,+2.385329E+00
+4.201660E+02,+2.656841E-06,-4.852850E-06,-1.051415E+02,-1.069890E+00
+4.204102E+02,+5.967474E-06,+2.236911E-06,-1.039132E+02,+3.586396E-01
+4.206543E+02,-4.088514E-06,-6.936623E-06,-1.018821E+02,-2.103393E+00
+4.208984E+02,+3.090903E-06,+8.245182E-06,-1.011049E+02,+1.212136E+00
+4.211426E+02,-1.628358E-06,-5.518480E-06,-1.048010E+02,-1.857727E+00
+4.213867E+02,-7.494045E-06,+2.746311E-06,-1.019584E+02,+2.790325E+00
+4.216309E+02,+6.347809E-06,-5.458834E-06,-1.015432E+02,-7.102455E-01
+4.218750E+02,-1.863675E-06,+5.776928E-06,-1.043361E+02,+1.882862E+00
+4.221191E+02,-2.478542E-06,-3.892522E-06,-1.067172E+02,-2.137796E+00
+4.223633E+02,+1.861052E-06,+4.806931E-06,-1.057561E+02,+1.201408E+00
+4.226074E+02,-1.127406E-06,-2.430404E-07,-1.187611E+02,-2.929267E+00
+4.228516E+02,-2.339644E-06,-9.815739E-06,-9.992155E+01,-1.804787E+00
+4.230957E+02,+7.351934E-06,+1.273210E-05,-9.665230E+01,+1.047136E+00
+4.233398E+02,-2.500878E-07,-2.472877E-06,-1.120918E+02,-1.671586E+00
+4.235840E+02,-1.158548E-05,+4.424430E-07,-9.871539E+01,+3.103422E+00
+4.238281E+02,+1.212878E-05,-4.780992E-06,-9.769640E+01,-3.754839E-01
+4.240723E+02,-1.029483E-05,+8.238482E-06,-9.759811E+01,+2.466697E+00
+4.243164E+02,+1.056769E-05,-6.285616E-06,-9.820491E+01,-5.365841E-01
+4.245605E+02,-9.956470E-06,+5.297935E-07,-1.000256E+02,+3.088432E+00
+4.248047E+02,+5.393217E-06,+1.121359E-05,-9.810141E+01,+1.122502E+00
+4.250488E+02,-6.332031E-06,-1.251091E-05,-9.706378E+01,-2.039329E+00
+4.252930E+02,+1.465466E-05,+2.068314E-09,-9.668049E+01,+1.411370E-04
+4.255371E+02,-1.521521E-05,+2.977051E-06,-9.619128E+01,+2.948371E+00
+4.257812E+02,+8.284858E-06,+6.128492E-06,-9.973886E+01,+6.368906E-01
+4.260254E+02,-2.713559E-06,-7.017132E-06,-1.024716E+02,-1.939789E+00
+4.262695E+02,-5.268220E-07,+2.472897E-06,-1.119431E+02,+1.780697E+00
+4.265137E+02,+6.191130E-06,-2.831951E-06,-1.033395E+02,-4.290079E-01
+4.267578E+02,-6.062359E-06,+7.399866E-06,-1.003853E+02,+2.257167E+00
+4.270020E+02,+2.294386E-06,-7.941226E-06,-1.016541E+02,-1.289535E+00
+4.272461E+02,+3.759852E-06,+4.109579E-06,-1.050829E+02,+8.298100E-01
+4.274902E+02,-7.157705E-06,+2.467903E-06,-1.024167E+02,+2.809567E+00
+4.277344E+02,+3.701425E-06,-5.950467E-06,-1.030884E+02,-1.014329E+00
+4.279785E+02,-2.343823E-06,+3.970026E-06,-1.067255E+02,+2.104112E+00
+4.282227E+02,-2.685122E-06,-5.696144E-07,-1.112295E+02,-2.932554E+00
+4.284668E+02,+4.275798E-06,+6.283808E-06,-1.023831E+02,+9.733141E-01
+4.287109E+02,+7.790527E-06,-1.236183E-05,-9.670587E+01,-1.008461E+00
+4.289551E+02,-1.274888E-05,+4.437843E-06,-9.739384E+01,+2.806614E+00
+4.291992E+02,+3.165028E-06,+3.632501E-06,-1.063428E+02,+8.540610E-01
+4.294434E+02,+7.005067E-06,+9.653418E-07,-1.030101E+02,+1.369437E-01
+4.296875E+02,+1.194085E-06,-6.296872E-06,-1.038641E+02,-1.383390E+00
+4.299316E+02,-8.033676E-06,+7.649858E-06,-9.909882E+01,+2.380662E+00
+4.301758E+02,+2.024567E-06,-3.249823E-06,-1.083386E+02,-1.013653E+00
+4.304199E+02,-1.205259E-06,-4.682538E-06,-1.063118E+02,-1.822722E+00
+4.306641E+02,+5.836175E-06,+5.445307E-06,-1.019578E+02,+7.507651E-01
+4.309082E+02,-8.499074E-06,-1.971569E-06,-1.011849E+02,-2.913650E+00
+4.311523E+02,+6.785911E-06,+2.396933E-07,-1.033624E+02,+3.530753E-02
+4.313965E+02,+1.973011E-07,-3.195635E-07,-1.285063E+02,-1.017675E+00
+4.316406E+02,-5.531169E-06,+2.362113E-06,-1.044161E+02,+2.737983E+00
+4.318848E+02,+6.903935E-06,-5.625938E-06,-1.010064E+02,-6.837537E-01
+4.321289E+02,-3.669022E-06,+7.950151E-06,-1.011539E+02,+2.003175E+00
+4.323730E+02,+3.029204E-06,-8.435101E-07,-1.100491E+02,-2.715794E-01
+4.326172E+02,-4.151583E-06,-4.122739E-06,-1.046556E+02,-2.359680E+00
+4.328613E+02,-2.317297E-06,+1.314168E-07,-1.126864E+02,+3.084942E+00
+4.331055E+02,+4.958617E-06,-1.379174E-06,-1.057692E+02,-2.712801E-01
+4.333496E+02,+3.026464E-06,+3.417021E-06,-1.068120E+02,+8.459368E-01
+4.335938E+02,-6.340106E-06,-5.897875E-07,-1.039207E+02,-3.048835E+00
+4.338379E+02,+1.797418E-06,+2.694496E-06,-1.097918E+02,+9.825143E-01
+4.340820E+02,+3.768818E-06,-2.176346E-06,-1.072261E+02,-5.236818E-01
+4.343262E+02,-6.827860E-06,-4.539707E-06,-1.017245E+02,-2.554828E+00
+4.345703E+02,+1.173912E-05,+5.705908E-06,-9.768622E+01,+4.524329E-01
+4.348145E+02,-1.076045E-05,-4.506743E-07,-9.935577E+01,-3.099735E+00
+4.350586E+02,+6.593300E-06,-5.498881E-06,-1.013248E+02,-6.951377E-01
+4.353027E+02,-8.031326E-06,+6.716557E-06,-9.960133E+01,+2.445109E+00
+4.355469E+02,+8.212701E-06,-5.370570E-06,-1.001641E+02,-5.791363E-01
+4.357910E+02,-2.985393E-06,+3.488268E-06,-1.067612E+02,+2.278670E+00
+4.360352E+02,-1.628278E-06,+1.120396E-06,-1.140820E+02,+2.538907E+00
+4.362793E+02,-5.293797E-07,-1.848892E-07,-1.250248E+02,-2.805581E+00
+4.365234E+02,+8.425066E-06,-3.484418E-06,-1.008028E+02,-3.921561E-01
+4.367676E+02,-8.032897E-06,-3.143655E-07,-1.018959E+02,-3.102478E+00
+4.370117E+02,+2.180843E-06,+5.022318E-06,-1.052317E+02,+1.161134E+00
+4.372559E+02,+1.056576E-06,-3.414086E-06,-1.089373E+02,-1.270669E+00
+4.375000E+02,+1.656884E-06,+5.486560E-07,-1.151623E+02,+3.197728E-01
+4.377441E+02,-2.812587E-06,-5.883043E-07,-1.108319E+02,-2.935397E+00
+4.379883E+02,-1.319638E-06,-1.083167E-06,-1.153541E+02,-2.454293E+00
+4.382324E+02,+4.812222E-07,+4.967171E-06,-1.060372E+02,+1.474217E+00
+4.384766E+02,+6.443814E-06,-7.382388E-06,-1.001763E+02,-8.531779E-01
+4.387207E+02,-4.560596E-06,+6.646903E-06,-1.018722E+02,+2.172148E+00
+4.389648E+02,+4.227772E-06,-4.840856E-06,-1.038397E+02,-8.529004E-01
+4.392090E+02,-9.010441E-06,+2.573065E-06,-1.005646E+02,+2.863431E+00
+4.394531E+02,+5.583878E-06,-7.181847E-06,-1.008219E+02,-9.099270E-01
+4.396973E+02,+4.810698E-06,+8.334722E-06,-1.003334E+02,+1.047320E+00
+4.399414E+02,-7.412187E-06,-4.168735E-06,-1.014075E+02,-2.629267E+00
+4.401855E+02,+2.583639E-06,+2.081346E-06,-1.095832E+02,+6.781383E-01
+4.404297E+02,-2.250543E-06,+2.429924E-06,-1.095981E+02,+2.317888E+00
+4.406738E+02,-7.680547E-07,-2.782666E-06,-1.107919E+02,-1.840105E+00
+4.409180E+02,+1.044788E-06,-6.930625E-08,-1.196004E+02,-6.623821E-02
+4.411621E+02,+9.257344E-07,+3.940059E-06,-1.078566E+02,+1.340028E+00
+4.414062E+02,+2.234488E-06,+8.122977E-06,-1.014889E+02,+1.302354E+00
+4.416504E+02,+6.606226E-06,-9.671317E-06,-9.862720E+01,-9.715207E-01
+4.418945E+02,+7.587882E-06,+5.927222E-07,-1.023712E+02,+7.795601E-02
+4.421387E+02,-2.713079E-06,-1.298819E-05,-9.754355E+01,-1.776723E+00
+4.423828E+02,-6.084393E-06,-2.195987E-06,-1.037839E+02,-2.795222E+00
+4.426270E+02,+9.296389E-07,+1.424328E-06,-1.153866E+02,+9.925353E-01
+4.428711E+02,-1.463564E-05,-4.382218E-07,-9.668787E+01,-3.111660E+00
+4.431152E+02,+8.452755E-06,+1.537544E-06,-1.013187E+02,+1.799313E-01
+4.433594E+02,-5.939859E-06,-6.003424E-06,-1.014677E+02,-2.350872E+00
+4.436035E+02,-5.216825E-07,+1.945498E-05,-9.421626E+01,+1.597605E+00
+4.438477E+02,-3.234955E-06,-1.452297E-05,-9.654858E+01,-1.789966E+00
+4.440918E+02,+9.053580E-06,+6.865456E-06,-9.889068E+01,+6.488008E-01
+4.443359E+02,-8.240016E-06,+3.786476E-06,-1.008494E+02,+2.710848E+00
+4.445801E+02,+5.304347E-06,-5.554569E-06,-1.022923E+02,-8.084371E-01
+4.448242E+02,+9.056414E-07,+3.406675E-06,-1.090568E+02,+1.310963E+00
+4.450684E+02,-5.512038E-06,-2.799684E-06,-1.041770E+02,-2.671628E+00
+4.453125E+02,+5.424901E-06,+8.836801E-07,-1.051984E+02,+1.614751E-01
+4.455566E+02,-4.966113E-06,+8.628404E-06,-1.000388E+02,+2.093047E+00
+4.458008E+02,+7.059974E-06,-1.060937E-05,-9.789409E+01,-9.836386E-01
+4.460449E+02,-2.468219E-06,+6.619344E-06,-1.030183E+02,+1.927707E+00
+4.462891E+02,-2.417118E-06,-3.587062E-06,-1.072794E+02,-2.163751E+00
+4.465332E+02,+4.922503E-07,-1.527100E-06,-1.158933E+02,-1.258969E+00
+4.467773E+02,+2.936562E-06,+5.473354E-06,-1.041363E+02,+1.078362E+00
+4.470215E+02,-2.299413E-06,-1.209745E-05,-9.819199E+01,-1.758630E+00
+4.472656E+02,+4.228688E-06,+1.238861E-05,-9.766092E+01,+1.241860E+00
+4.475098E+02,-6.286301E-07,-2.141367E-06,-1.130272E+02,-1.856339E+00
+4.477539E+02,-4.655714E-06,-4.829083E-06,-1.034683E+02,-2.337918E+00
+4.479980E+02,+2.589189E-06,+8.310933E-06,-1.012047E+02,+1.268786E+00
+4.482422E+02,+2.629558E-06,-1.044805E-05,-9.935256E+01,-1.324238E+00
+4.484863E+02,-7.977677E-06,+2.944347E-06,-1.014079E+02,+2.788028E+00
+4.487305E+02,+8.251860E-06,+8.194410E-06,-9.868890E+01,+7.819050E-01
+4.489746E+02,-6.593895E-06,-8.937364E-06,-9.908840E+01,-2.206437E+00
+4.492188E+02,+8.179710E-06,+6.826392E-07,-1.017151E+02,+8.326224E-02
+4.494629E+02,-6.566812E-06,-6.346586E-07,-1.036125E+02,-3.045245E+00
+4.497070E+02,-7.484661E-07,-1.648917E-06,-1.148424E+02,-1.996900E+00
+4.499512E+02,+4.931835E-06,+2.522613E-06,-1.051305E+02,+4.728020E-01
+4.501953E+02,-5.656543E-06,+1.680526E-06,-1.045816E+02,+2.852804E+00
+4.504395E+02,+3.985367E-06,+1.121066E-07,-1.079872E+02,+2.812215E-02
+4.506836E+02,-2.858261E-06,-7.855509E-06,-1.015565E+02,-1.919760E+00
+4.509277E+02,+1.838857E-06,+8.957767E-06,-1.007767E+02,+1.368328E+00
+4.511719E+02,-3.987526E-06,-7.681454E-06,-1.012549E+02,-2.049615E+00
+4.514160E+02,+9.308323E-06,+7.527201E-06,-9.843742E+01,+6.799948E-01
+4.516602E+02,-1.162523E-05,-7.885995E-06,-9.704796E+01,-2.545544E+00
+4.519043E+02,+6.167988E-06,+7.830826E-06,-1.000276E+02,+9.036283E-01
+4.521484E+02,-5.662835E-06,-7.105234E-06,-1.008327E+02,-2.243702E+00
+4.523926E+02,+5.432933E-06,+2.852627E-06,-1.042419E+02,+4.834956E-01
+4.526367E+02,-1.619156E-06,+4.873320E-06,-1.057887E+02,+1.891571E+00
+4.528809E+02,+1.031115E-06,-9.937277E-07,-1.168810E+02,-7.669358E-01
+4.531250E+02,-9.293627E-07,-1.086746E-05,-9.924580E+01,-1.656107E+00
+4.533691E+02,-3.154209E-06,+7.154837E-06,-1.021367E+02,+1.986015E+00
+4.536133E+02,+1.107175E-05,-1.178520E-05,-9.582571E+01,-8.166018E-01
+4.538574E+02,-1.526409E-05,+3.773730E-06,-9.606892E+01,+2.899223E+00
+4.541016E+02,+6.523107E-06,-8.004381E-06,-9.972157E+01,-8.870105E-01
+4.543457E+02,-1.662166E-05,-2.604442E-06,-9.548118E+01,-2.986167E+00
+4.545898E+02,-9.351782E-06,-5.709197E-06,-9.920635E+01,-2.593493E+00
+4.548340E+02,-1.777872E-05,+6.508623E-06,-9.445578E+01,+2.790656E+00
+4.550781E+02,-2.014034E-05,+1.833382E-05,-9.129735E+01,+2.403114E+00
+4.553223E+02,-1.362946E-05,+1.897788E-05,-9.262869E+01,+2.193617E+00
+4.555664E+02,+1.044096E-06,+6.145185E-05,-8.422805E+01,+1.553807E+00
+4.558105E+02,+3.950303E-05,+3.236322E-05,-8.583714E+01,+6.863746E-01
+4.560547E+02,+7.014789E-05,+1.936404E-05,-8.276077E+01,+2.693384E-01
+4.562988E+02,+6.701405E-05,-2.753358E-05,-8.279926E+01,-3.898356E-01
+4.565430E+02,+2.955348E-05,-8.766331E-05,-8.067615E+01,-1.245637E+00
+4.567871E+02,-3.712092E-05,-6.902128E-05,-8.211697E+01,-2.064239E+00
+4.570312E+02,-7.089014E-05,-3.370470E-05,-8.210320E+01,-2.697778E+00
+4.572754E+02,-5.780329E-05,+5.573307E-05,-8.190616E+01,+2.374426E+00
+4.575195E+02,+1.466988E-05,+7.612762E-05,-8.221081E+01,+1.380429E+00
+4.577637E+02,+1.020490E-04,-5.319764E-05,-7.877982E+01,-4.805382E-01
+4.580078E+02,-1.113990E-04,-1.143733E-05,-7.901683E+01,-3.039281E+00
+4.582520E+02,+4.611145E-05,-5.724377E-06,-8.665740E+01,-1.235103E-01
+4.584961E+02,-1.300963E-05,+2.426377E-05,-9.120341E+01,+2.062963E+00
+4.587402E+02,+2.164541E-06,-2.256382E-06,-1.100982E+02,-8.061693E-01
+4.589844E+02,-1.360050E-05,-7.698078E-06,-9.612194E+01,-2.626538E+00
+4.592285E+02,+2.261273E-06,+8.468875E-06,-1.011444E+02,+1.309874E+00
+4.594727E+02,+2.551836E-06,+4.388335E-06,-1.058890E+02,+1.044088E+00
+4.597168E+02,-4.904410E-07,+4.626421E-06,-1.066466E+02,+1.676411E+00
+4.599609E+02,+6.941478E-06,+7.326006E-06,-9.992020E+01,+8.123429E-01
+4.602051E+02,+9.120088E-06,-8.050486E-07,-1.007663E+02,-8.804381E-02
+4.604492E+02,+6.344921E-06,-1.740828E-05,-9.464318E+01,-1.221283E+00
+4.606934E+02,-8.382071E-06,+8.043716E-07,-1.014932E+02,+3.045922E+00
+4.609375E+02,+3.056366E-06,+1.970614E-07,-1.102779E+02,+6.438657E-02
+4.611816E+02,-6.633786E-06,-1.319651E-05,-9.661235E+01,-2.036596E+00
+4.614258E+02,-1.347294E-05,+4.211191E-07,-9.740651E+01,+3.110346E+00
+4.616699E+02,-4.799622E-06,+5.289653E-06,-1.029229E+02,+2.307663E+00
+4.619141E+02,+3.829735E-06,+2.379692E-05,-9.235854E+01,+1.411230E+00
+4.621582E+02,+7.609136E-06,-1.891382E-05,-9.381291E+01,-1.188304E+00
+4.624023E+02,-4.060170E-06,+7.810510E-06,-1.011076E+02,+2.050185E+00
+4.626465E+02,-2.621160E-06,+1.827959E-06,-1.099089E+02,+2.532624E+00
+4.628906E+02,+5.028860E-06,-4.044566E-06,-1.038041E+02,-6.773398E-01
+4.631348E+02,+3.246682E-06,+5.622508E-06,-1.037517E+02,+1.047127E+00
+4.633789E+02,-8.074939E-06,-5.035381E-06,-1.004306E+02,-2.584014E+00
+4.636230E+02,+2.802337E-06,+3.878536E-06,-1.064024E+02,+9.451126E-01
+4.638672E+02,-1.831696E-06,+7.577576E-07,-1.140568E+02,+2.749339E+00
+4.641113E+02,+1.320826E-06,+1.533886E-06,-1.138749E+02,+8.598948E-01
+4.643555E+02,+4.250586E-06,-2.822386E-06,-1.058447E+02,-5.861538E-01
+4.645996E+02,-7.150888E-06,+4.988201E-06,-1.011909E+02,+2.532504E+00
+4.648438E+02,+7.252011E-06,-1.615986E-06,-1.025804E+02,-2.192507E-01
+4.650879E+02,-2.299469E-06,+2.258336E-06,-1.098348E+02,+2.365219E+00
+4.653320E+02,+9.936352E-07,+1.702681E-07,-1.199298E+02,+1.697104E-01
+4.655762E+02,+1.613190E-06,-3.582691E-06,-1.081141E+02,-1.147715E+00
+4.658203E+02,-2.194529E-06,+3.145620E-06,-1.083236E+02,+2.179941E+00
+4.660645E+02,+7.048004E-06,-2.168417E-06,-1.026459E+02,-2.984731E-01
+4.663086E+02,-4.155459E-06,+5.234315E-06,-1.035002E+02,+2.241799E+00
+4.665527E+02,+3.734582E-06,-4.145894E-06,-1.050674E+02,-8.375447E-01
+4.667969E+02,-2.461130E-06,+7.705883E-07,-1.117712E+02,+2.838158E+00
+4.670410E+02,+2.134666E-06,-1.895407E-06,-1.108888E+02,-7.260994E-01
+4.672852E+02,-4.627372E-06,+1.737597E-06,-1.061204E+02,+2.782380E+00
+4.675293E+02,+9.120026E-06,-3.151108E-06,-1.003103E+02,-3.326739E-01
+4.677734E+02,-7.283486E-06,-2.560519E-06,-1.022471E+02,-2.803536E+00
+4.680176E+02,+3.958239E-06,+9.793427E-06,-9.952419E+01,+1.186698E+00
+4.682617E+02,-4.296932E-06,-8.702084E-06,-1.002600E+02,-2.029457E+00
+4.685059E+02,+3.137392E-06,+4.435552E-06,-1.052992E+02,+9.551688E-01
+4.687500E+02,-2.748107E-06,-5.692850E-06,-1.039837E+02,-2.020532E+00
+4.689941E+02,+5.289168E-06,+1.358528E-05,-9.672569E+01,+1.199521E+00
+4.692383E+02,-1.025082E-05,-1.278624E-05,-9.570947E+01,-2.246578E+00
+4.694824E+02,+1.537155E-05,+5.116058E-06,-9.580939E+01,+3.212943E-01
+4.697266E+02,-6.070014E-06,-2.890932E-06,-1.034484E+02,-2.697113E+00
+4.699707E+02,-8.099074E-06,+3.770509E-06,-1.009793E+02,+2.705884E+00
+4.702148E+02,+8.854129E-06,-5.903337E-06,-9.945981E+01,-5.880483E-01
+4.704590E+02,-1.191611E-06,+7.305170E-06,-1.026133E+02,+1.732491E+00
+4.707031E+02,-3.404545E-06,-7.401831E-06,-1.017798E+02,-2.001902E+00
+4.709473E+02,+5.928269E-06,+2.104188E-06,-1.040261E+02,+3.410701E-01
+4.711914E+02,+1.979330E-06,+4.898450E-06,-1.055420E+02,+1.186784E+00
+4.714355E+02,-7.578429E-06,-3.543549E-06,-1.015497E+02,-2.704213E+00
+4.716797E+02,+3.497226E-06,+1.706055E-06,-1.081984E+02,+4.538651E-01
+4.719238E+02,+9.015059E-07,-6.794482E-06,-1.032811E+02,-1.438885E+00
+4.721680E+02,-8.788451E-08,+4.916491E-06,-1.061655E+02,+1.588670E+00
+4.724121E+02,-4.356686E-07,-4.084039E-06,-1.077291E+02,-1.677070E+00
+4.726562E+02,-6.625542E-07,+6.248431E-06,-1.040360E+02,+1.676437E+00
+4.729004E+02,+4.417101E-06,-4.943135E-06,-1.035709E+02,-8.415379E-01
+4.731445E+02,-3.851167E-07,+6.801559E-07,-1.221401E+02,+2.086006E+00
+4.733887E+02,-5.391068E-06,+3.380507E-06,-1.039264E+02,+2.581516E+00
+4.736328E+02,+4.042449E-06,-5.015749E-06,-1.038196E+02,-8.924371E-01
+4.738770E+02,-8.391027E-06,+1.541955E-06,-1.013795E+02,+2.959858E+00
+4.741211E+02,+1.098190E-05,-9.501154E-07,-9.915406E+01,-8.630161E-02
+4.743652E+02,-5.159162E-07,+9.525714E-07,-1.193049E+02,+2.067170E+00
+4.746094E+02,-4.618640E-06,-9.059046E-07,-1.065458E+02,-2.947910E+00
+4.748535E+02,+2.137734E-06,-2.443732E-06,-1.097709E+02,-8.520896E-01
+4.750977E+02,+1.612254E-06,+5.660741E-06,-1.046038E+02,+1.293330E+00
+4.753418E+02,-8.674247E-07,-7.932450E-06,-1.019602E+02,-1.679715E+00
+4.755859E+02,-3.491030E-06,+2.917326E-06,-1.068407E+02,+2.445481E+00
+4.758301E+02,+1.054032E-06,+5.064197E-06,-1.057256E+02,+1.365592E+00
+4.760742E+02,+6.475644E-06,-8.460856E-06,-9.944927E+01,-9.175339E-01
+4.763184E+02,-6.665778E-06,+8.559565E-06,-9.929228E+01,+2.232446E+00
+4.765625E+02,-8.992110E-07,-9.395288E-06,-1.005022E+02,-1.666214E+00
+4.768066E+02,-1.873651E-07,+4.641666E-06,-1.066595E+02,+1.611140E+00
+4.770508E+02,+6.712691E-06,-4.214704E-06,-1.020187E+02,-5.606612E-01
+4.772949E+02,-6.000740E-06,+6.002033E-06,-1.014247E+02,+2.356087E+00
+4.775391E+02,-4.102191E-07,-7.051553E-06,-1.030196E+02,-1.628905E+00
+4.777832E+02,+5.438252E-06,+5.369516E-06,-1.023354E+02,+7.790384E-01
+4.780273E+02,-9.625142E-06,-5.203533E-06,-9.921833E+01,-2.645980E+00
+4.782715E+02,+6.720497E-06,+2.297746E-06,-1.029718E+02,+3.294417E-01
+4.785156E+02,+3.659565E-06,+1.053662E-06,-1.083855E+02,+2.803376E-01
+4.787598E+02,-1.372608E-05,+2.701800E-06,-9.708398E+01,+2.947240E+00
+4.790039E+02,+5.247133E-06,-7.897054E-06,-1.004626E+02,-9.843356E-01
+4.792480E+02,-9.248578E-07,+6.165517E-06,-1.041040E+02,+1.719691E+00
+4.794922E+02,+5.377341E-06,+1.954174E-07,-1.053829E+02,+3.632492E-02
+4.797363E+02,-9.024750E-06,-5.365707E-06,-9.957673E+01,-2.605187E+00
+4.799805E+02,+1.083368E-05,+1.222147E-05,-9.573923E+01,+8.455198E-01
+4.802246E+02,-7.475096E-06,-5.560895E-06,-1.006148E+02,-2.501992E+00
+4.804688E+02,+9.459021E-06,-4.441254E-08,-1.004830E+02,-4.695223E-03
+4.807129E+02,-8.514288E-06,-2.192795E-06,-1.011181E+02,-2.889527E+00
+4.809570E+02,+7.497094E-06,-6.300498E-06,-1.001817E+02,-6.988896E-01
+4.812012E+02,-7.851342E-06,+4.198587E-06,-1.010088E+02,+2.650525E+00
+4.814453E+02,+7.885879E-06,+3.122270E-06,-1.014306E+02,+3.769943E-01
+4.816895E+02,-4.891934E-06,+5.548716E-07,-1.061549E+02,+3.028650E+00
+4.819336E+02,-2.276061E-06,-8.047790E-06,-1.015523E+02,-1.846416E+00
+4.821777E+02,-5.894406E-07,+5.141273E-06,-1.057219E+02,+1.684947E+00
+4.824219E+02,-1.526233E-07,-2.332372E-06,-1.126255E+02,-1.636140E+00
+4.826660E+02,+3.646935E-06,-9.527893E-07,-1.084747E+02,-2.555456E-01
+4.829102E+02,-3.627800E-06,+9.008559E-06,-1.002542E+02,+1.953633E+00
+4.831543E+02,+4.452027E-06,-8.434647E-06,-1.004113E+02,-1.085136E+00
+4.833984E+02,-7.149380E-06,+1.272322E-06,-1.027792E+02,+2.965474E+00
+4.836426E+02,+2.979606E-06,-4.711466E-06,-1.050758E+02,-1.006882E+00
+4.838867E+02,-5.851089E-07,+7.169523E-06,-1.028614E+02,+1.652226E+00
+4.841309E+02,+5.903904E-06,-5.299807E-06,-1.020105E+02,-7.315309E-01
+4.843750E+02,-8.094204E-06,+8.393696E-07,-1.017901E+02,+3.038262E+00
+4.846191E+02,-9.740719E-07,+2.546944E-06,-1.112868E+02,+1.936080E+00
+4.848633E+02,+6.124365E-06,-4.689638E-07,-1.042334E+02,-7.642432E-02
+4.851074E+02,-1.241093E-05,+1.140566E-06,-9.808739E+01,+3.049950E+00
+4.853516E+02,+1.351709E-05,+3.664454E-06,-9.707434E+01,+2.647349E-01
+4.855957E+02,-4.499194E-06,-9.396706E-06,-9.964407E+01,-2.017345E+00
+4.858398E+02,-5.281334E-06,+7.517874E-06,-1.007360E+02,+2.183201E+00
+4.860840E+02,+8.863378E-06,+1.587275E-06,-1.009109E+02,+1.772040E-01
+4.863281E+02,-9.135370E-06,-9.952822E-06,-9.738705E+01,-2.313396E+00
+4.865723E+02,+1.893643E-06,+7.156327E-06,-1.026123E+02,+1.312114E+00
+4.868164E+02,+1.409234E-06,+8.743014E-07,-1.156061E+02,+5.552909E-01
+4.870605E+02,+1.304761E-06,-4.358579E-06,-1.068404E+02,-1.279932E+00
+4.873047E+02,-5.100278E-06,+1.436702E-06,-1.055165E+02,+2.867017E+00
+4.875488E+02,+4.705752E-06,+7.399175E-06,-1.011412E+02,+1.004338E+00
+4.877930E+02,-1.708994E-06,-1.127644E-05,-9.885794E+01,-1.721206E+00
+4.880371E+02,-6.923039E-06,+7.105521E-06,-1.000693E+02,+2.343187E+00
+4.882812E+02,+9.838479E-06,+3.985869E-07,-1.001343E+02,+4.049091E-02
+4.885254E+02,-6.640770E-06,-1.833768E-06,-1.032365E+02,-2.872169E+00
+4.887695E+02,+5.689322E-06,+6.221053E-07,-1.048472E+02,+1.089134E-01
+4.890137E+02,-4.741818E-06,+5.306455E-06,-1.029548E+02,+2.300061E+00
+4.892578E+02,+1.891065E-06,-8.525029E-06,-1.011775E+02,-1.352506E+00
+4.895020E+02,-9.379227E-06,+5.187880E-06,-9.939740E+01,+2.636354E+00
+4.897461E+02,+1.017249E-05,+1.600543E-06,-9.974525E+01,+1.560608E-01
+4.899902E+02,-2.502700E-08,-3.255707E-06,-1.097468E+02,-1.578483E+00
+4.902344E+02,-5.628592E-06,+2.141462E-06,-1.044049E+02,+2.778043E+00
+4.904785E+02,+3.889071E-06,+4.436411E-06,-1.045834E+02,+8.510464E-01
+4.907227E+02,-2.225525E-06,-7.796441E-06,-1.018219E+02,-1.848855E+00
+4.909668E+02,+2.546918E-06,+8.117107E-06,-1.014042E+02,+1.266753E+00
+4.912109E+02,-3.108684E-06,-3.233329E-06,-1.069641E+02,-2.336543E+00
+4.914551E+02,+3.481224E-06,+4.265013E-06,-1.051842E+02,+8.862381E-01
+4.916992E+02,-3.106550E-06,-8.858868E-06,-1.005488E+02,-1.908069E+00
+4.919434E+02,+1.563571E-06,+9.022578E-06,-1.007649E+02,+1.399205E+00
+4.921875E+02,+1.638103E-06,+3.293199E-06,-1.086875E+02,+1.109215E+00
+4.924316E+02,-1.557577E-06,-1.049659E-05,-9.948444E+01,-1.718110E+00
+4.926758E+02,-2.732119E-07,+6.578256E-06,-1.036303E+02,+1.612305E+00
+4.929199E+02,+9.623184E-07,-5.168589E-06,-1.055846E+02,-1.386718E+00
+4.931641E+02,-7.654697E-07,+8.246518E-06,-1.016373E+02,+1.663355E+00
+4.934082E+02,+2.609348E-06,-6.054951E-06,-1.036180E+02,-1.163901E+00
+4.936523E+02,-5.215953E-06,+5.504612E-06,-1.024028E+02,+2.329275E+00
+4.938965E+02,+2.892288E-07,-1.719354E-06,-1.151715E+02,-1.404137E+00
+4.941406E+02,+5.025894E-06,-3.578528E-06,-1.041947E+02,-6.187465E-01
+4.943848E+02,-1.123617E-06,+5.389693E-06,-1.051840E+02,+1.776328E+00
+4.946289E+02,+4.131656E-09,+2.463338E-06,-1.121695E+02,+1.569119E+00
+4.948730E+02,+4.564535E-07,-5.887732E-06,-1.045750E+02,-1.493425E+00
+4.951172E+02,-1.454248E-06,+3.008414E-06,-1.095213E+02,+2.021070E+00
+4.953613E+02,+1.232944E-06,+1.959985E-06,-1.127070E+02,+1.009284E+00
+4.956055E+02,+2.314349E-06,+4.344565E-06,-1.061562E+02,+1.081332E+00
+4.958496E+02,+9.928849E-07,-1.319294E-05,-9.756863E+01,-1.495679E+00
+4.960938E+02,-2.186802E-06,+1.013657E-05,-9.968462E+01,+1.783274E+00
+4.963379E+02,-7.031749E-07,-2.099820E-06,-1.130948E+02,-1.893933E+00
+4.965820E+02,+5.480922E-06,+1.735998E-06,-1.048077E+02,+3.067381E-01
+4.968262E+02,-1.235906E-05,-2.973664E-06,-9.791589E+01,-2.905475E+00
+4.970703E+02,+1.345080E-05,+2.392416E-06,-9.728977E+01,+1.760234E-01
+4.973145E+02,-6.707138E-06,+7.916188E-07,-1.034092E+02,+3.024110E+00
+4.975586E+02,+1.908960E-06,+5.289990E-06,-1.049993E+02,+1.224477E+00
+4.978027E+02,+2.586052E-06,-7.158845E-06,-1.023705E+02,-1.224145E+00
+4.980469E+02,+1.362612E-07,-9.912892E-07,-1.199947E+02,-1.434194E+00
+4.982910E+02,-2.232716E-06,+6.322947E-06,-1.034713E+02,+1.910242E+00
+4.985352E+02,+5.572520E-06,-3.723299E-06,-1.034760E+02,-5.890314E-01
+4.987793E+02,-7.739818E-06,+5.976135E-06,-1.001946E+02,+2.484079E+00
+4.990234E+02,+9.589704E-06,-6.327333E-06,-9.879433E+01,-5.832371E-01
+4.992676E+02,-5.287518E-06,+2.084688E-07,-1.055282E+02,+3.102186E+00
+4.995117E+02,+2.381321E-06,+3.215209E-06,-1.079566E+02,+9.333109E-01
+4.997559E+02,-9.539082E-07,+3.562901E-06,-1.086633E+02,+1.832394E+00
+5.000000E+02,+7.591826E-06,-6.902320E-06,-9.977663E+01,-7.378627E-01
+5.002441E+02,-5.892281E-06,+8.390463E-06,-9.978319E+01,+2.183037E+00
+5.004883E+02,-1.609120E-06,-1.191578E-05,-9.839906E+01,-1.705025E+00
+5.007324E+02,+3.826590E-06,+1.218250E-05,-9.787663E+01,+1.266449E+00
+5.009766E+02,-4.035303E-07,-5.654956E-06,-1.049294E+02,-1.642034E+00
+5.012207E+02,+9.692317E-06,-3.612985E-06,-9.970638E+01,-3.568124E-01
+5.014648E+02,-1.041148E-05,+7.992538E-06,-9.763766E+01,+2.486881E+00
+5.017090E+02,+7.197876E-06,-4.529365E-06,-1.014072E+02,-5.616598E-01
+5.019531E+02,-1.968543E-06,-4.054467E-07,-1.139367E+02,-2.938470E+00
+5.021973E+02,-1.531055E-06,-2.625333E-06,-1.103449E+02,-2.098760E+00
+5.024414E+02,+6.065862E-06,-9.688010E-07,-1.042328E+02,-1.583761E-01
+5.026855E+02,-3.155481E-06,+4.543115E-06,-1.051432E+02,+2.177864E+00
+5.029297E+02,+2.772287E-06,-4.165057E-06,-1.060148E+02,-9.835283E-01
+5.031738E+02,-3.195507E-06,-5.439084E-07,-1.097852E+02,-2.972998E+00
+5.034180E+02,+6.173561E-06,+5.213312E-06,-1.018514E+02,+7.012678E-01
+5.036621E+02,-5.122191E-06,-4.532183E-08,-1.058105E+02,-3.132745E+00
+5.039062E+02,-1.112852E-06,-2.758727E-06,-1.105311E+02,-1.954224E+00
+5.041504E+02,+4.908240E-06,-1.304646E-06,-1.058850E+02,-2.597999E-01
+5.043945E+02,+9.486217E-07,-1.681823E-06,-1.142848E+02,-1.057235E+00
+5.046387E+02,+1.504019E-06,+5.770844E-06,-1.044898E+02,+1.315844E+00
+5.048828E+02,-6.541470E-06,-4.052593E-06,-1.022757E+02,-2.586941E+00
+5.051270E+02,+7.086902E-06,+6.350661E-06,-1.004309E+02,+7.306631E-01
+5.053711E+02,+3.801761E-06,-2.102955E-06,-1.072409E+02,-5.052608E-01
+5.056152E+02,+4.914208E-06,-7.673303E-07,-1.060663E+02,-1.548945E-01
+5.058594E+02,+4.777601E-06,-6.901205E-06,-1.015211E+02,-9.652670E-01
+5.061035E+02,-7.287184E-06,+8.071255E-06,-9.927205E+01,+2.305187E+00
+5.063477E+02,+4.273139E-06,-4.704509E-06,-1.039370E+02,-8.334105E-01
+5.065918E+02,+7.020323E-07,-5.979759E-06,-1.044069E+02,-1.453930E+00
+5.068359E+02,+1.214655E-05,+1.501953E-05,-9.428146E+01,+8.907628E-01
+5.070801E+02,+7.954141E-06,-2.522162E-05,-9.155275E+01,-1.265299E+00
+5.073242E+02,-1.160509E-05,-2.899398E-06,-9.844407E+01,-2.896766E+00
+5.075684E+02,-3.196830E-07,+5.267987E-06,-1.055511E+02,+1.631406E+00
+5.078125E+02,-4.406596E-06,+7.285054E-06,-1.013972E+02,+2.114798E+00
+5.080566E+02,+1.987152E-05,-1.448677E-05,-9.218429E+01,-6.299393E-01
+5.083008E+02,-3.394641E-06,+8.042966E-06,-1.011797E+02,+1.970177E+00
+5.085449E+02,+3.426763E-06,-2.303093E-06,-1.076835E+02,-5.917479E-01
+5.087891E+02,+1.955697E-05,-1.170968E-05,-9.284338E+01,-5.394980E-01
+5.090332E+02,+1.214542E-05,-4.460031E-06,-9.776237E+01,-3.519317E-01
+5.092773E+02,+7.558175E-05,-3.987653E-06,-8.241959E+01,-5.271060E-02
+5.095215E+02,+1.512532E-04,-4.459882E-04,-6.654072E+01,-1.243827E+00
+5.097656E+02,-9.225798E-04,+4.960843E-04,-5.959694E+01,+2.648231E+00
+5.100098E+02,+6.155509E-04,+1.005727E-04,-6.410030E+01,+1.619554E-01
+5.102539E+02,+4.268410E-05,-7.964372E-05,-8.088042E+01,-1.078813E+00
+5.104980E+02,+1.539174E-05,-3.374442E-05,-8.861510E+01,-1.142859E+00
+5.107422E+02,-9.885390E-06,-1.484868E-05,-9.497293E+01,-2.158158E+00
+5.109863E+02,+1.391290E-05,-1.217000E-05,-9.466384E+01,-7.186758E-01
+5.112305E+02,+1.701526E-05,-1.107634E-05,-9.384888E+01,-5.770537E-01
+5.114746E+02,+2.377199E-06,-1.830615E-05,-9.467544E+01,-1.441661E+00
+5.117188E+02,+6.583628E-06,-2.161893E-05,-9.291815E+01,-1.275188E+00
+5.119629E+02,-2.923018E-05,-3.840433E-05,-8.632775E+01,-2.221374E+00
+5.122070E+02,+5.269003E-05,+7.145356E-05,-8.103371E+01,+9.354065E-01
+5.124512E+02,+2.095786E-05,-9.244864E-05,-8.046434E+01,-1.347867E+00
+5.126953E+02,-2.608168E-06,-2.504497E-05,-9.197874E+01,-1.674562E+00
+5.129395E+02,+1.634463E-05,-2.904727E-05,-8.954329E+01,-1.058262E+00
+5.131836E+02,+4.037623E-05,-3.372403E-05,-8.557904E+01,-6.958652E-01
+5.134277E+02,+1.490489E-05,+7.349275E-05,-8.250006E+01,+1.370703E+00
+5.136719E+02,+3.045043E-03,+3.164189E-03,-4.714794E+01,+8.045843E-01
+5.139160E+02,-6.571820E-03,-1.360464E-02,-3.641541E+01,-2.020798E+00
+5.141602E+02,-1.440274E-03,+1.292967E-02,-3.771469E+01,+1.681732E+00
+5.144043E+02,+3.623848E-03,+3.681646E-04,-4.877201E+01,+1.012475E-01
+5.146484E+02,+1.354623E-03,-9.025172E-04,-5.576830E+01,-5.877140E-01
+5.148926E+02,+3.731159E-04,-7.969155E-04,-6.111096E+01,-1.132911E+00
+5.151367E+02,-2.272575E-05,-5.050233E-04,-6.592499E+01,-1.615765E+00
+5.153809E+02,-1.253415E-04,-2.519686E-04,-7.101282E+01,-2.032401E+00
+5.156250E+02,-1.530259E-04,-1.920733E-04,-7.219617E+01,-2.243525E+00
+5.158691E+02,-9.180601E-05,+4.955833E-05,-7.963197E+01,+2.646602E+00
+5.161133E+02,-1.872282E-05,-3.156027E-05,-8.870763E+01,-2.106231E+00
+5.163574E+02,-2.734512E-05,-2.094052E-05,-8.925820E+01,-2.488065E+00
+5.166016E+02,-2.040916E-05,-2.030734E-05,-9.081487E+01,-2.358695E+00
+5.168457E+02,-1.831111E-05,-4.473903E-06,-9.449390E+01,-2.901960E+00
+5.170898E+02,-8.415160E-06,-8.219451E-06,-9.858945E+01,-2.367959E+00
+5.173340E+02,-1.406669E-05,-3.313946E-06,-9.680157E+01,-2.910223E+00
+5.175781E+02,-4.069001E-07,-1.044743E-05,-9.961323E+01,-1.609724E+00
+5.178223E+02,-5.119000E-06,-1.147449E-06,-1.056034E+02,-2.921083E+00
+5.180664E+02,+6.169051E-06,-1.942741E-05,-9.381448E+01,-1.263323E+00
+5.183105E+02,-3.822091E-05,-1.268054E-05,-8.790047E+01,-2.821250E+00
+5.185547E+02,-6.353755E-06,+1.307951E-05,-9.674805E+01,+2.023003E+00
+5.187988E+02,+4.710560E-08,+1.157118E-05,-9.873238E+01,+1.566725E+00
+5.190430E+02,+5.038706E-06,-8.319391E-07,-1.058368E+02,-1.636334E-01
+5.192871E+02,+1.552289E-06,-8.935755E-06,-1.008483E+02,-1.398796E+00
+5.195312E+02,-2.357567E-07,+4.892851E-07,-1.253021E+02,+2.019810E+00
+5.197754E+02,-3.730337E-06,-8.632790E-06,-1.005335E+02,-1.978676E+00
+5.200195E+02,-3.387828E-06,-2.327635E-06,-1.077224E+02,-2.539605E+00
+5.202637E+02,-9.750019E-06,+8.242150E-07,-1.001890E+02,+3.057258E+00
+5.205078E+02,+6.197303E-06,+2.645781E-06,-1.034288E+02,+4.034997E-01
+5.207520E+02,+5.314821E-06,-6.675778E-06,-1.013779E+02,-8.984164E-01
+5.209961E+02,-8.753859E-06,-1.475743E-05,-9.531045E+01,-2.106188E+00
+5.212402E+02,-1.314339E-05,+2.416414E-06,-9.748148E+01,+2.959773E+00
+5.214844E+02,-9.956809E-06,+1.016569E-05,-9.693620E+01,+2.345814E+00
+5.217285E+02,+7.572835E-06,-1.978794E-06,-1.021280E+02,-2.555868E-01
+5.219727E+02,-5.062383E-06,+6.891375E-06,-1.013597E+02,+2.204366E+00
+5.222168E+02,+4.605107E-06,-3.844707E-06,-1.044383E+02,-6.956497E-01
+5.224609E+02,+4.579756E-06,+3.220976E-07,-1.067617E+02,+7.021512E-02
+5.227051E+02,-8.627286E-06,-9.303257E-07,-1.012323E+02,-3.034173E+00
+5.229492E+02,+3.883132E-06,-3.247213E-06,-1.059137E+02,-6.964486E-01
+5.231934E+02,-6.762862E-06,-2.968894E-06,-1.026320E+02,-2.727924E+00
+5.234375E+02,+1.595521E-06,+1.313665E-06,-1.136943E+02,+6.888147E-01
+5.236816E+02,-4.417199E-06,+6.082358E-06,-1.024790E+02,+2.198911E+00
+5.239258E+02,-4.281944E-06,-1.009908E-05,-9.919639E+01,-1.971814E+00
+5.241699E+02,+2.677553E-06,+1.239013E-05,-9.794025E+01,+1.357965E+00
+5.244141E+02,-2.710043E-06,-6.871557E-06,-1.026310E+02,-1.946453E+00
+5.246582E+02,+1.018685E-06,+1.482860E-06,-1.148991E+02,+9.688668E-01
+5.249023E+02,-3.785300E-06,-2.067177E-06,-1.073045E+02,-2.641744E+00
+5.251465E+02,+5.303459E-06,-1.366271E-07,-1.055059E+02,-2.575619E-02
+5.253906E+02,-7.399943E-06,-7.321092E-07,-1.025731E+02,-3.042979E+00
+5.256348E+02,-2.045141E-06,+5.080019E-06,-1.052303E+02,+1.953529E+00
+5.258789E+02,+1.910200E-06,-3.535613E-06,-1.079184E+02,-1.075451E+00
+5.261230E+02,+1.278624E-06,+2.073565E-06,-1.122661E+02,+1.018238E+00
+5.263672E+02,-1.455993E-06,-8.725218E-07,-1.154043E+02,-2.601716E+00
+5.266113E+02,-8.156002E-06,+5.293474E-06,-1.002438E+02,+2.565901E+00
+5.268555E+02,+7.608438E-06,-5.333809E-06,-1.006380E+02,-6.114227E-01
+5.270996E+02,-4.840999E-06,+4.324265E-06,-1.037536E+02,+2.412514E+00
+5.273438E+02,+8.167511E-07,+1.765711E-06,-1.142196E+02,+1.137545E+00
+5.275879E+02,-1.488869E-06,-7.562388E-06,-1.022617E+02,-1.765188E+00
+5.278320E+02,-9.664923E-07,+9.947065E-06,-1.000053E+02,+1.667656E+00
+5.280762E+02,+1.730066E-06,-3.847455E-06,-1.074968E+02,-1.148221E+00
+5.283203E+02,-1.608614E-06,-3.420446E-06,-1.084506E+02,-2.010397E+00
+5.285645E+02,+3.917557E-06,+9.291989E-06,-9.992729E+01,+1.171804E+00
+5.288086E+02,-7.114821E-06,-1.086061E-05,-9.773210E+01,-2.150751E+00
+5.290527E+02,-4.474680E-07,+9.384855E-06,-1.005416E+02,+1.618440E+00
+5.292969E+02,+7.025610E-06,+5.744919E-07,-1.030374E+02,+8.158957E-02
+5.295410E+02,-4.115762E-06,-3.259793E-06,-1.055963E+02,-2.471733E+00
+5.297852E+02,-6.199529E-06,+2.187571E-06,-1.036432E+02,+2.802372E+00
+5.300293E+02,+9.325995E-06,-1.372097E-07,-1.006052E+02,-1.471154E-02
+5.302734E+02,-7.168299E-06,-1.727151E-07,-1.028892E+02,-3.117503E+00
+5.305176E+02,+7.438402E-06,+6.683834E-06,-9.999985E+01,+7.320178E-01
+5.307617E+02,-8.026697E-06,-1.058408E-05,-9.753377E+01,-2.219636E+00
+5.310059E+02,-6.261634E-06,+8.061212E-06,-9.982169E+01,+2.231205E+00
+5.312500E+02,+1.298346E-05,-6.620828E-06,-9.672833E+01,-4.715704E-01
+5.314941E+02,-3.683218E-06,+4.437214E-06,-1.047814E+02,+2.263608E+00
+5.317383E+02,-1.785450E-06,+3.368422E-06,-1.083761E+02,+2.058198E+00
+5.319824E+02,-3.628914E-06,-3.506225E-06,-1.059410E+02,-2.373388E+00
+5.322266E+02,+1.868126E-06,+1.379285E-06,-1.126822E+02,+6.359875E-01
+5.324707E+02,+4.297355E-06,+1.337186E-06,-1.069346E+02,+3.016681E-01
+5.327148E+02,-2.536485E-06,-6.911785E-07,-1.116043E+02,-2.875557E+00
+5.329590E+02,-1.726236E-06,+5.109470E-06,-1.053631E+02,+1.896607E+00
+5.332031E+02,+1.857035E-06,-4.327763E-06,-1.065408E+02,-1.165460E+00
+5.334473E+02,-1.943640E-06,+7.271291E-08,-1.142216E+02,+3.104199E+00
+5.336914E+02,+7.329496E-07,-6.772217E-07,-1.200181E+02,-7.459002E-01
+5.339355E+02,+4.214045E-06,+7.987443E-06,-1.008854E+02,+1.085326E+00
+5.341797E+02,-9.224917E-06,-8.291786E-06,-9.812895E+01,-2.409415E+00
+5.344238E+02,+7.705454E-06,+7.617430E-06,-9.930335E+01,+7.796537E-01
+5.346680E+02,-2.458951E-06,-2.254515E-06,-1.095353E+02,-2.399540E+00
+5.349121E+02,-1.906015E-06,-4.233788E-06,-1.066639E+02,-1.993809E+00
+5.351562E+02,+4.090672E-06,+7.806081E-06,-1.010976E+02,+1.088105E+00
+5.354004E+02,-3.054359E-06,-6.145386E-06,-1.032703E+02,-2.032054E+00
+5.356445E+02,+2.675349E-06,+7.479905E-06,-1.019993E+02,+1.227304E+00
+5.358887E+02,-2.036789E-06,-2.758716E-06,-1.092963E+02,-2.206774E+00
+5.361328E+02,-2.482452E-06,-4.689171E-06,-1.055051E+02,-2.057687E+00
+5.363770E+02,+9.120544E-06,+5.511030E-06,-9.944791E+01,+5.435339E-01
+5.366211E+02,-9.609313E-06,-3.324112E-07,-1.003410E+02,-3.107014E+00
+5.368652E+02,+7.926718E-06,+1.782554E-06,-1.018039E+02,+2.211995E-01
+5.371094E+02,-3.746584E-07,-2.826658E-06,-1.108989E+02,-1.702573E+00
+5.373535E+02,-3.471903E-06,+4.930839E-06,-1.043929E+02,+2.184282E+00
+5.375977E+02,-4.034335E-06,-2.599285E-07,-1.078666E+02,-3.077252E+00
+5.378418E+02,+1.268980E-05,-7.041336E-06,-9.676518E+01,-5.065833E-01
+5.380859E+02,-1.065131E-05,+2.824071E-06,-9.915688E+01,+2.882418E+00
+5.383301E+02,+4.329012E-06,+5.470803E-06,-1.031274E+02,+9.013867E-01
+5.385742E+02,+2.940071E-06,-4.301783E-06,-1.056624E+02,-9.712614E-01
+5.388184E+02,-5.633114E-06,+7.542697E-06,-1.005245E+02,+2.212266E+00
+5.390625E+02,+4.120759E-06,-8.073249E-06,-1.008535E+02,-1.098846E+00
+5.393066E+02,-3.049634E-06,+5.797204E-06,-1.036746E+02,+2.055068E+00
+5.395508E+02,+3.088375E-06,-5.712476E-06,-1.037499E+02,-1.075170E+00
+5.397949E+02,-6.473607E-09,+5.239612E-06,-1.056140E+02,+1.572032E+00
+5.400391E+02,+3.429677E-06,-2.625911E-06,-1.072913E+02,-6.534382E-01
+5.402832E+02,-4.803211E-06,+5.710958E-07,-1.063084E+02,+3.023249E+00
+5.405273E+02,+3.783534E-06,-4.432607E-06,-1.046899E+02,-8.642341E-01
+5.407715E+02,-6.179215E-06,+5.091449E-06,-1.019310E+02,+2.452410E+00
+5.410156E+02,+3.516922E-06,-3.531008E-06,-1.060490E+02,-7.873967E-01
+5.412598E+02,+6.134421E-06,+5.413732E-06,-1.017432E+02,+7.230717E-01
+5.415039E+02,-1.670033E-06,-1.081432E-06,-1.140247E+02,-2.566941E+00
+5.417480E+02,-1.794951E-06,+2.888577E-06,-1.093683E+02,+2.126800E+00
+5.419922E+02,-4.279371E-06,-5.299495E-06,-1.033350E+02,-2.250097E+00
+5.422363E+02,+6.237781E-06,-1.874685E-06,-1.037238E+02,-2.919495E-01
+5.424805E+02,-4.907492E-06,+4.749896E-06,-1.033120E+02,+2.372512E+00
+5.427246E+02,+4.465673E-06,+4.934338E-07,-1.069496E+02,+1.100484E-01
+5.429688E+02,+5.539914E-06,-1.326300E-07,-1.051274E+02,-2.393624E-02
+5.432129E+02,-7.090533E-06,-6.190013E-06,-1.005261E+02,-2.423898E+00
+5.434570E+02,+1.598833E-09,+6.606154E-06,-1.036010E+02,+1.570554E+00
+5.437012E+02,+3.337712E-07,-2.482470E-06,-1.120245E+02,-1.437147E+00
+5.439453E+02,+7.241332E-06,-1.257318E-06,-1.026746E+02,-1.719168E-01
+5.441895E+02,-1.452862E-06,+5.425961E-06,-1.050098E+02,+1.832420E+00
+5.444336E+02,-5.080235E-06,-6.178554E-06,-1.019393E+02,-2.258950E+00
+5.446777E+02,-9.614904E-07,+2.881696E-06,-1.103486E+02,+1.892836E+00
+5.449219E+02,+5.438753E-06,-7.774732E-06,-1.004563E+02,-9.603776E-01
+5.451660E+02,-1.682943E-06,+6.916788E-06,-1.029521E+02,+1.809471E+00
+5.454102E+02,-2.653220E-06,+4.326379E-06,-1.058910E+02,+2.120913E+00
+5.456543E+02,+5.188896E-06,-7.472961E-06,-1.008213E+02,-9.638683E-01
+5.458984E+02,-4.965787E-06,+4.593158E-06,-1.033955E+02,+2.395157E+00
+5.461426E+02,+3.589842E-06,-8.427764E-06,-1.007616E+02,-1.168118E+00
+5.463867E+02,+1.452814E-06,+6.765090E-06,-1.031987E+02,+1.359258E+00
+5.466309E+02,-2.064886E-06,+4.396010E-06,-1.062730E+02,+2.009926E+00
+5.468750E+02,-2.863833E-06,-7.144611E-06,-1.022733E+02,-1.952025E+00
+5.471191E+02,+9.454043E-06,+2.554694E-06,-1.001816E+02,+2.639191E-01
+5.473633E+02,-6.872899E-06,-5.591833E-06,-1.010510E+02,-2.458610E+00
+5.476074E+02,+2.479861E-06,+4.839733E-06,-1.052911E+02,+1.097281E+00
+5.478516E+02,-3.721344E-06,+4.443560E-07,-1.085245E+02,+3.022748E+00
+5.480957E+02,+5.193687E-06,+2.959916E-06,-1.044690E+02,+5.179980E-01
+5.483398E+02,-2.187331E-06,-5.135679E-06,-1.050641E+02,-1.973436E+00
+5.485840E+02,+2.832639E-06,+1.586224E-06,-1.097716E+02,+5.104740E-01
+5.488281E+02,-1.146922E-06,-2.321737E-06,-1.117354E+02,-2.029627E+00
+5.490723E+02,+6.369476E-06,+1.970770E-06,-1.035209E+02,+3.000659E-01
+5.493164E+02,-5.898554E-06,+3.903373E-07,-1.045661E+02,+3.075514E+00
+5.495605E+02,+1.725912E-06,-9.977991E-06,-9.989111E+01,-1.399519E+00
+5.498047E+02,-8.675261E-06,+6.055167E-06,-9.951072E+01,+2.532223E+00
+5.500488E+02,+1.371598E-05,-2.075179E-06,-9.715717E+01,-1.501577E-01
+5.502930E+02,-9.733655E-06,+1.920947E-06,-1.000686E+02,+2.946745E+00
+5.505371E+02,+3.242351E-06,-3.085662E-06,-1.069823E+02,-7.606421E-01
+5.507812E+02,-3.101766E-06,+2.051958E-06,-1.085913E+02,+2.557144E+00
+5.510254E+02,+9.198239E-07,+2.256780E-08,-1.207233E+02,+2.453000E-02
+5.512695E+02,-7.828721E-06,-1.327418E-06,-1.020031E+02,-2.973633E+00
+5.515137E+02,+1.682967E-05,+1.489576E-06,-9.544460E+01,+8.827889E-02
+5.517578E+02,-5.123893E-06,-2.182447E-06,-1.050840E+02,-2.738930E+00
+5.520020E+02,-7.035877E-06,-3.074025E-06,-1.022949E+02,-2.729680E+00
+5.522461E+02,-7.201381E-07,+6.320824E-06,-1.039285E+02,+1.684238E+00
+5.524902E+02,+4.257181E-06,-3.218482E-06,-1.054543E+02,-6.473380E-01
+5.527344E+02,-9.784267E-07,+1.670031E-06,-1.142640E+02,+2.100764E+00
+5.529785E+02,+1.583128E-06,-4.401738E-06,-1.065992E+02,-1.225542E+00
+5.532227E+02,-8.109616E-07,+1.739490E-06,-1.143374E+02,+2.007046E+00
+5.534668E+02,-7.804942E-07,+5.075212E-06,-1.057894E+02,+1.723386E+00
+5.537109E+02,+1.333300E-06,-8.520360E-06,-1.012858E+02,-1.415571E+00
+5.539551E+02,-5.599653E-06,+7.550616E-06,-1.005370E+02,+2.208910E+00
+5.541992E+02,+3.701487E-06,-5.231302E-06,-1.038650E+02,-9.550110E-01
+5.544434E+02,+1.897736E-06,+4.951899E-06,-1.055094E+02,+1.204826E+00
+5.546875E+02,-5.958725E-06,-6.992598E-06,-1.007364E+02,-2.276536E+00
+5.549316E+02,+4.891818E-06,+1.884031E-06,-1.056099E+02,+3.676301E-01
+5.551758E+02,-7.547198E-07,+3.715199E-07,-1.215019E+02,+2.684155E+00
+5.554199E+02,+3.824243E-07,+6.150144E-06,-1.042055E+02,+1.508695E+00
+5.556641E+02,-4.718253E-06,-1.150003E-05,-9.811036E+01,-1.960135E+00
+5.559082E+02,+2.341483E-06,+1.269651E-05,-9.778107E+01,+1.388426E+00
+5.561523E+02,+1.945120E-06,-8.549004E-06,-1.011425E+02,-1.347079E+00
+5.563965E+02,+5.901719E-07,+1.863652E-06,-1.141777E+02,+1.264112E+00
+5.566406E+02,-4.740089E-07,+1.518983E-06,-1.159654E+02,+1.873277E+00
+5.568848E+02,-6.018071E-06,-7.758399E-06,-1.001588E+02,-2.230534E+00
+5.571289E+02,+2.226838E-06,+5.750418E-06,-1.041992E+02,+1.201331E+00
+5.573730E+02,+3.862650E-06,+7.069790E-06,-1.018774E+02,+1.070752E+00
+5.576172E+02,-6.444572E-06,-1.290820E-05,-9.681615E+01,-2.033853E+00
+5.578613E+02,+4.528397E-06,+9.962650E-06,-9.921685E+01,+1.144175E+00
+5.581055E+02,-1.179096E-06,-5.958354E-06,-1.043307E+02,-1.766162E+00
+5.583496E+02,-1.830902E-06,+3.609268E-06,-1.078571E+02,+2.040249E+00
+5.585938E+02,+2.833943E-06,-1.981291E-06,-1.092239E+02,-6.101409E-01
+5.588379E+02,-5.514833E-07,+1.019534E-06,-1.187174E+02,+2.066639E+00
+5.590820E+02,-1.606056E-06,-1.043378E-06,-1.143556E+02,-2.565462E+00
+5.593262E+02,+3.142038E-06,-4.065315E-07,-1.099837E+02,-1.286698E-01
+5.595703E+02,-3.082461E-06,-1.694083E-06,-1.090758E+02,-2.639066E+00
+5.598145E+02,-1.264748E-06,+3.389549E-06,-1.088311E+02,+1.927928E+00
+5.600586E+02,-1.472354E-06,+1.643839E-06,-1.131247E+02,+2.301220E+00
+5.603027E+02,+3.219410E-06,-1.517811E-07,-1.098348E+02,-4.711073E-02
+5.605469E+02,-1.649026E-06,-3.679303E-06,-1.078897E+02,-1.992144E+00
+5.607910E+02,-1.684629E-06,-1.057889E-06,-1.140262E+02,-2.580863E+00
+5.610352E+02,+1.796542E-06,+5.727093E-06,-1.044337E+02,+1.266826E+00
+5.612793E+02,+1.524314E-06,-2.443705E-06,-1.108117E+02,-1.013081E+00
+5.615234E+02,-1.744358E-06,-4.506600E-08,-1.151644E+02,-3.115763E+00
+5.617676E+02,-3.439044E-06,+3.072356E-07,-1.092367E+02,+3.052492E+00
+5.620117E+02,+1.839423E-06,+1.819836E-06,-1.117423E+02,+7.800457E-01
+5.622559E+02,+3.533153E-06,+3.565617E-07,-1.089928E+02,+1.005783E-01
+5.625000E+02,-4.253347E-06,-5.904946E-06,-1.027606E+02,-2.195019E+00
+5.627441E+02,+1.967937E-06,+6.010731E-06,-1.039792E+02,+1.254392E+00
+5.629883E+02,+2.418499E-06,+1.364208E-06,-1.111293E+02,+5.135829E-01
+5.632324E+02,-4.561192E-06,-5.767073E-06,-1.026709E+02,-2.239965E+00
+5.634766E+02,+1.829464E-06,+1.238095E-06,-1.131160E+02,+5.949529E-01
+5.637207E+02,-4.935880E-06,+1.027101E-06,-1.059486E+02,+2.936432E+00
+5.639648E+02,+7.334880E-06,+6.395214E-06,-1.002365E+02,+7.170663E-01
+5.642090E+02,-4.969734E-07,-4.178434E-06,-1.075187E+02,-1.689178E+00
+5.644531E+02,-2.815536E-06,-5.510066E-06,-1.041694E+02,-2.043190E+00
+5.646973E+02,-1.327482E-06,+9.928019E-06,-9.998579E+01,+1.703719E+00
+5.649414E+02,-2.846607E-07,-6.535121E-06,-1.036867E+02,-1.614327E+00
+5.651855E+02,+2.665251E-06,+4.975489E-07,-1.113365E+02,+1.845556E-01
+5.654297E+02,-3.292501E-06,+6.234918E-07,-1.094965E+02,+2.954442E+00
+5.656738E+02,+3.375068E-06,+8.174504E-06,-1.010672E+02,+1.179238E+00
+5.659180E+02,+4.184482E-06,-8.293433E-06,-1.006404E+02,-1.103512E+00
+5.661621E+02,-4.103753E-06,+8.605418E-07,-1.075495E+02,+2.934891E+00
+5.664062E+02,-2.364075E-06,-9.102190E-07,-1.119264E+02,-2.774065E+00
+5.666504E+02,+1.745990E-06,+2.026415E-06,-1.114540E+02,+8.595976E-01
+5.668945E+02,-1.563349E-06,+6.819737E-06,-1.031022E+02,+1.796142E+00
+5.671387E+02,+6.914423E-06,-1.078462E-05,-9.784845E+01,-1.000677E+00
+5.673828E+02,-7.234200E-06,+7.185859E-06,-9.983092E+01,+2.359547E+00
+5.676270E+02,+7.950017E-07,-2.465574E-06,-1.117321E+02,-1.258881E+00
+5.678711E+02,+4.766477E-06,-2.024934E-06,-1.057155E+02,-4.017252E-01
+5.681152E+02,-4.492568E-06,+5.096730E-06,-1.033574E+02,+2.293274E+00
+5.683594E+02,+8.369884E-07,-8.775042E-06,-1.010957E+02,-1.475701E+00
+5.686035E+02,+1.753668E-06,+4.515257E-06,-1.062962E+02,+1.200341E+00
+5.688477E+02,-3.439379E-06,+1.843543E-06,-1.081736E+02,+2.649553E+00
+5.690918E+02,+1.783868E-06,-2.248027E-06,-1.108429E+02,-9.000155E-01
+5.693359E+02,-1.332749E-06,+1.259408E-05,-9.794831E+01,+1.676227E+00
+5.695801E+02,+1.154489E-05,-1.406657E-05,-9.479972E+01,-8.835409E-01
+5.698242E+02,-1.973180E-05,-1.679337E-06,-9.406532E+01,-3.056689E+00
+5.700684E+02,+1.523344E-05,+2.099416E-05,-9.172105E+01,+9.430924E-01
+5.703125E+02,+3.553297E-06,-2.257437E-05,-9.282140E+01,-1.414673E+00
+5.705566E+02,-1.271388E-05,+2.997632E-06,-9.767948E+01,+2.910045E+00
+5.708008E+02,-2.884409E-06,-4.016285E-07,-1.107155E+02,-3.003241E+00
+5.710449E+02,+9.722434E-06,+4.337223E-06,-9.945627E+01,+4.196099E-01
+5.712891E+02,-9.292830E-06,+1.078582E-05,-9.693167E+01,+2.281974E+00
+5.715332E+02,+2.299996E-05,-5.848690E-06,-9.249333E+01,-2.490134E-01
+5.717773E+02,-9.089737E-06,-3.742628E-06,-1.001489E+02,-2.751005E+00
+5.720215E+02,-4.941154E-06,-1.014555E-05,-9.895011E+01,-2.024012E+00
+5.722656E+02,-6.355456E-06,+4.386180E-06,-1.022453E+02,+2.537512E+00
+5.725098E+02,+6.074455E-06,-2.718524E-06,-1.035370E+02,-4.208012E-01
+5.727539E+02,-5.830170E-06,+9.116377E-06,-9.931446E+01,+2.139774E+00
+5.729980E+02,-1.838230E-07,-2.088880E-06,-1.135682E+02,-1.658571E+00
+5.732422E+02,+2.641849E-06,+3.222599E-06,-1.076034E+02,+8.841053E-01
+5.734863E+02,+1.244739E-06,+3.416085E-06,-1.087880E+02,+1.221372E+00
+5.737305E+02,+1.002235E-06,-9.116710E-06,-1.007511E+02,-1.461302E+00
+5.739746E+02,+1.387850E-06,+1.139167E-05,-9.880426E+01,+1.449564E+00
+5.742188E+02,+6.226074E-06,-8.900059E-06,-9.928210E+01,-9.603696E-01
+5.744629E+02,-5.410389E-06,-1.172526E-06,-1.051361E+02,-2.928175E+00
+5.747070E+02,-1.041856E-06,+5.031012E-07,-1.187336E+02,+2.691727E+00
+5.749512E+02,+4.585290E-07,+3.086080E-06,-1.101170E+02,+1.423296E+00
+5.751953E+02,-3.874396E-06,-3.718343E-06,-1.054005E+02,-2.376745E+00
+5.754395E+02,+7.812514E-06,+5.637465E-06,-1.003238E+02,+6.250722E-01
+5.756836E+02,-4.679983E-06,-2.994684E-06,-1.051046E+02,-2.572356E+00
+5.759277E+02,+1.720583E-06,+1.407817E-06,-1.130607E+02,+6.857530E-01
+5.761719E+02,-3.471890E-06,-5.150755E-06,-1.041359E+02,-2.163896E+00
+5.764160E+02,+5.712142E-06,+2.946299E-06,-1.038395E+02,+4.762044E-01
+5.766602E+02,-5.649273E-06,+4.343407E-06,-1.029431E+02,+2.486140E+00
+5.769043E+02,+6.329406E-06,-4.496687E-06,-1.021982E+02,-6.177009E-01
+5.771484E+02,+1.195633E-06,+1.025758E-06,-1.160525E+02,+7.090743E-01
+5.773926E+02,-7.255413E-06,-2.852969E-06,-1.021624E+02,-2.766945E+00
+5.776367E+02,-7.764104E-07,+3.569686E-06,-1.087467E+02,+1.784962E+00
+5.778809E+02,+6.248627E-06,-6.310080E-06,-1.010313E+02,-7.902913E-01
+5.781250E+02,+4.649973E-06,+6.484791E-06,-1.019603E+02,+9.487134E-01
+5.783691E+02,-1.389447E-05,-1.476785E-06,-9.709438E+01,-3.035704E+00
+5.786133E+02,+6.036889E-06,-6.733931E-09,-1.043837E+02,-1.115463E-03
+5.788574E+02,+2.280305E-06,+3.245266E-07,-1.127531E+02,+1.413679E-01
+5.791016E+02,+9.263684E-07,-3.040302E-06,-1.099561E+02,-1.275037E+00
+5.793457E+02,+4.923405E-06,+3.518786E-06,-1.043626E+02,+6.205276E-01
+5.795898E+02,-1.353099E-05,-9.582817E-06,-9.560797E+01,-2.525376E+00
+5.798340E+02,+1.169675E-05,+1.208971E-05,-9.548252E+01,+8.019172E-01
+5.800781E+02,-6.315003E-06,-2.852114E-06,-1.031863E+02,-2.717375E+00
+5.803223E+02,-4.334183E-07,-4.576017E-06,-1.067515E+02,-1.665230E+00
+5.805664E+02,+4.231222E-06,+4.193764E-06,-1.044988E+02,+7.809522E-01
+5.808105E+02,-2.101473E-06,-7.225816E-06,-1.024696E+02,-1.853818E+00
+5.810547E+02,+9.422515E-08,+6.236760E-06,-1.040998E+02,+1.555689E+00
+5.812988E+02,-4.894656E-06,+5.024033E-06,-1.030805E+02,+2.343152E+00
+5.815430E+02,+7.960403E-06,-1.109456E-05,-9.729420E+01,-9.484181E-01
+5.817871E+02,-4.997206E-06,+7.848756E-06,-1.006261E+02,+2.137756E+00
+5.820312E+02,+2.020501E-06,-3.915001E-06,-1.071198E+02,-1.094358E+00
+5.822754E+02,-6.826807E-07,+3.195667E-06,-1.097150E+02,+1.781260E+00
+5.825195E+02,-1.137015E-06,-2.651818E-06,-1.107962E+02,-1.975854E+00
+5.827637E+02,+2.385936E-06,-1.091263E-06,-1.116219E+02,-4.289683E-01
+5.830078E+02,+5.347572E-06,+1.604795E-06,-1.050624E+02,+2.915465E-01
+5.832520E+02,-6.638620E-06,-1.878589E-06,-1.032239E+02,-2.865824E+00
+5.834961E+02,+1.058424E-06,+2.122504E-06,-1.124986E+02,+1.108215E+00
+5.837402E+02,-9.359080E-07,+4.907862E-06,-1.060270E+02,+1.759230E+00
+5.839844E+02,+7.964000E-07,-1.146647E-05,-9.879050E+01,-1.501453E+00
+5.842285E+02,-5.539201E-07,+4.507721E-06,-1.068558E+02,+1.693066E+00
+5.844727E+02,+3.456822E-06,+2.771140E-08,-1.092262E+02,+8.016267E-03
+5.847168E+02,-4.050738E-06,+6.423978E-06,-1.023901E+02,+2.133388E+00
+5.849609E+02,+2.629237E-08,-1.233315E-05,-9.817850E+01,-1.568664E+00
+5.852051E+02,+3.548177E-06,+5.047746E-06,-1.041943E+02,+9.581112E-01
+5.854492E+02,-1.048539E-05,-1.072213E-06,-9.954314E+01,-3.039689E+00
+5.856934E+02,+9.300526E-06,+4.114808E-06,-9.985348E+01,+4.165388E-01
+5.859375E+02,+2.523343E-06,-3.467299E-06,-1.073543E+02,-9.416850E-01
+5.861816E+02,-9.206679E-06,+8.026760E-07,-1.006851E+02,+3.054628E+00
+5.864258E+02,+3.658569E-06,+2.498577E-06,-1.070712E+02,+5.991831E-01
+5.866699E+02,+4.702245E-06,-7.436473E-06,-1.011119E+02,-1.006949E+00
+5.869141E+02,-1.046092E-05,+1.053016E-05,-9.656956E+01,+2.352896E+00
+5.871582E+02,+1.617258E-05,-3.809422E-06,-9.558990E+01,-2.313314E-01
+5.874023E+02,-1.298290E-05,-6.617450E-06,-9.672955E+01,-2.670211E+00
+5.876465E+02,-2.041410E-06,+2.027600E-06,-1.108205E+02,+2.359589E+00
+5.878906E+02,+3.139227E-06,+1.897282E-06,-1.087113E+02,+5.436328E-01
+5.881348E+02,+5.651412E-06,+6.028578E-06,-1.016569E+02,+8.176786E-01
+5.883789E+02,-3.951270E-06,-5.254630E-06,-1.036428E+02,-2.215550E+00
+5.886230E+02,-4.367284E-06,+9.009102E-07,-1.070148E+02,+2.938160E+00
+5.888672E+02,+3.461226E-06,-2.177029E-06,-1.077678E+02,-5.614534E-01
+5.891113E+02,+3.762799E-06,-5.435315E-07,-1.084001E+02,-1.434565E-01
+5.893555E+02,+1.174530E-06,+3.801892E-07,-1.181700E+02,+3.130508E-01
+5.895996E+02,-6.785770E-06,+3.221166E-06,-1.024855E+02,+2.698394E+00
+5.898438E+02,+9.726242E-07,+2.754267E-08,-1.202376E+02,+2.831032E-02
+5.900879E+02,-1.684498E-07,-2.498837E-06,-1.120255E+02,-1.638106E+00
+5.903320E+02,+5.742393E-06,-3.312225E-07,-1.048037E+02,-5.761639E-02
+5.905762E+02,-8.536055E-06,-1.080185E-06,-1.013059E+02,-3.015718E+00
+5.908203E+02,+4.323265E-06,+9.024836E-08,-1.072819E+02,+2.087201E-02
+5.910645E+02,-3.849735E-06,+5.918655E-06,-1.030233E+02,+2.147481E+00
+5.913086E+02,+3.298723E-06,-4.814157E-06,-1.046778E+02,-9.700636E-01
+5.915527E+02,-1.728119E-06,+1.393321E-06,-1.130735E+02,+2.463044E+00
+5.917969E+02,-1.427368E-07,-6.291915E-07,-1.238064E+02,-1.793878E+00
+5.920410E+02,+2.862897E-06,-8.182243E-06,-1.012410E+02,-1.234218E+00
+5.922852E+02,+2.177260E-06,+1.461370E-05,-9.660945E+01,+1.422897E+00
+5.925293E+02,-5.500793E-06,-5.239205E-06,-1.023876E+02,-2.380546E+00
+5.927734E+02,+1.553637E-06,-4.720436E-06,-1.060737E+02,-1.252834E+00
+5.930176E+02,+5.707021E-07,+4.262944E-06,-1.073287E+02,+1.437713E+00
+5.932617E+02,-1.240187E-07,+6.703247E-07,-1.233281E+02,+1.753740E+00
+5.935059E+02,-3.259074E-06,+6.120334E-07,-1.095876E+02,+2.955961E+00
+5.937500E+02,-1.550721E-06,-4.465820E-06,-1.065076E+02,-1.905012E+00
+5.939941E+02,+6.672849E-06,+1.877617E-06,-1.031828E+02,+2.742893E-01
+5.942383E+02,-8.461127E-06,+5.536597E-06,-9.990359E+01,+2.562161E+00
+5.944824E+02,+9.145604E-06,-6.366675E-06,-9.905960E+01,-6.081347E-01
+5.947266E+02,-6.905474E-06,-6.477609E-07,-1.031781E+02,-3.048062E+00
+5.949707E+02,+7.108186E-06,+7.943780E-06,-9.944508E+01,+8.408551E-01
+5.952148E+02,-2.672145E-06,-7.344173E-06,-1.021412E+02,-1.919752E+00
+5.954590E+02,-8.790315E-06,+4.437981E-06,-1.001338E+02,+2.674055E+00
+5.957031E+02,+1.118453E-05,-1.422847E-06,-9.895792E+01,-1.265359E-01
+5.959473E+02,-1.631511E-06,-2.639439E-06,-1.101644E+02,-2.124439E+00
+5.961914E+02,-2.523499E-06,-1.173286E-06,-1.111100E+02,-2.706381E+00
+5.964355E+02,-3.303572E-06,+3.950077E-06,-1.057648E+02,+2.267301E+00
+5.966797E+02,-1.515690E-07,+4.903531E-06,-1.061857E+02,+1.601697E+00
+5.969238E+02,+3.972206E-06,-7.204216E-06,-1.016954E+02,-1.066900E+00
+5.971680E+02,-2.907731E-06,+3.998521E-07,-1.106476E+02,+3.004936E+00
+5.974121E+02,+4.267416E-06,+3.356082E-06,-1.053056E+02,+6.664199E-01
+5.976562E+02,-4.453514E-06,+2.804955E-07,-1.070088E+02,+3.078693E+00
+5.979004E+02,+4.518699E-06,+4.401031E-07,-1.068587E+02,+9.708975E-02
+5.981445E+02,-1.388156E-06,-2.727938E-06,-1.102832E+02,-2.041512E+00
+5.983887E+02,-4.921837E-06,+2.923723E-06,-1.048449E+02,+2.605574E+00
+5.986328E+02,+5.180099E-06,-6.187315E-06,-1.018631E+02,-8.737729E-01
+5.988770E+02,-1.480147E-06,+6.183920E-06,-1.039328E+02,+1.805731E+00
+5.991211E+02,+1.570476E-06,+2.730425E-06,-1.100342E+02,+1.048829E+00
+5.993652E+02,-4.599939E-06,-4.675603E-06,-1.036632E+02,-2.348037E+00
+5.996094E+02,+7.556663E-06,+4.704963E-06,-1.010106E+02,+5.568892E-01
+5.998535E+02,-9.202802E-06,-2.479607E-06,-1.004172E+02,-2.878402E+00
+6.000977E+02,+3.229886E-06,-4.218516E-06,-1.054932E+02,-9.173573E-01
+6.003418E+02,+8.561566E-06,+3.774426E-06,-1.005776E+02,+4.152246E-01
+6.005859E+02,-9.488755E-06,+1.105350E-06,-1.003973E+02,+3.025625E+00
+6.008301E+02,+3.577687E-06,-1.655733E-06,-1.080851E+02,-4.334425E-01
+6.010742E+02,-6.003239E-07,+2.063962E-06,-1.133533E+02,+1.853847E+00
+6.013184E+02,+1.412613E-06,-3.727119E-06,-1.079896E+02,-1.208515E+00
+6.015625E+02,-1.450494E-06,+4.269819E-06,-1.069175E+02,+1.898273E+00
+6.018066E+02,+3.765772E-06,+2.453592E-07,-1.084645E+02,+6.506311E-02
+6.020508E+02,-5.299149E-06,-3.297699E-06,-1.040943E+02,-2.584932E+00
+6.022949E+02,+5.245718E-06,+7.697940E-06,-1.006160E+02,+9.726326E-01
+6.025391E+02,-6.097480E-07,-1.579519E-05,-9.602303E+01,-1.609380E+00
+6.027832E+02,-7.506927E-06,+1.273960E-05,-9.660248E+01,+2.103281E+00
+6.030273E+02,+1.069320E-05,-1.249924E-06,-9.935891E+01,-1.163616E-01
+6.032715E+02,-2.693990E-06,-3.102600E-06,-1.077253E+02,-2.285820E+00
+6.035156E+02,-4.408399E-06,+9.012607E-06,-9.997139E+01,+2.025716E+00
+6.037598E+02,+3.454784E-06,-1.265218E-05,-9.764438E+01,-1.304236E+00
+6.040039E+02,+1.970863E-06,+7.301355E-06,-1.024265E+02,+1.307149E+00
+6.042480E+02,-2.989959E-06,-8.067239E-06,-1.013065E+02,-1.925730E+00
+6.044922E+02,+2.398117E-06,+1.090954E-05,-9.903893E+01,+1.354419E+00
+6.047363E+02,-3.619726E-07,-8.613882E-06,-1.012884E+02,-1.612794E+00
+6.049805E+02,+3.529223E-08,+5.153127E-06,-1.057584E+02,+1.563948E+00
+6.052246E+02,-1.661804E-06,-3.723821E-06,-1.077915E+02,-1.990538E+00
+6.054688E+02,+4.359493E-06,+5.072592E-07,-1.071529E+02,+1.158365E-01
+6.057129E+02,-1.826924E-06,-4.734398E-07,-1.144833E+02,-2.888025E+00
+6.059570E+02,+3.013820E-07,+1.799174E-06,-1.147784E+02,+1.404826E+00
+6.062012E+02,-3.336810E-06,-5.313195E-07,-1.094246E+02,-2.983688E+00
+6.064453E+02,-4.794268E-07,-5.911398E-06,-1.045377E+02,-1.651721E+00
+6.066895E+02,+1.183874E-05,+5.420380E-06,-9.770737E+01,+4.293636E-01
+6.069336E+02,-1.534821E-05,-2.280419E-06,-9.618401E+01,-2.994093E+00
+6.071777E+02,+5.166594E-06,-1.578659E-06,-1.053483E+02,-2.965418E-01
+6.074219E+02,-2.782197E-06,+3.366708E-06,-1.071953E+02,+2.261420E+00
+6.076660E+02,+2.260048E-06,-2.665299E-06,-1.091323E+02,-8.674918E-01
+6.079102E+02,-3.310420E-06,+8.097723E-06,-1.011616E+02,+1.958873E+00
+6.081543E+02,+1.280285E-06,-4.846847E-06,-1.059979E+02,-1.312547E+00
+6.083984E+02,+3.453866E-06,-5.732044E-06,-1.034886E+02,-1.028501E+00
+6.086426E+02,-1.519034E-06,+1.048523E-05,-9.949823E+01,+1.714669E+00
+6.088867E+02,+3.328474E-06,-5.636539E-06,-1.036806E+02,-1.037379E+00
+6.091309E+02,-8.072087E-06,+1.466466E-06,-1.017193E+02,+2.961881E+00
+6.093750E+02,+9.512873E-06,-2.564232E-07,-1.004306E+02,-2.694887E-02
+6.096191E+02,-2.884043E-06,-2.189805E-07,-1.107750E+02,-3.065810E+00
+6.098633E+02,-2.407596E-06,-7.884867E-07,-1.119258E+02,-2.825102E+00
+6.101074E+02,+8.889100E-07,-5.328468E-06,-1.053487E+02,-1.405496E+00
+6.103516E+02,+6.004112E-06,+1.266615E-05,-9.706680E+01,+1.128141E+00
+6.105957E+02,-1.004020E-05,-6.527541E-06,-9.843407E+01,-2.565119E+00
+6.108398E+02,+3.955897E-06,-5.551785E-07,-1.079704E+02,-1.394314E-01
+6.110840E+02,+2.847368E-06,-2.067385E-07,-1.108883E+02,-7.247967E-02
+6.113281E+02,-3.333176E-06,-3.099666E-06,-1.068365E+02,-2.392478E+00
+6.115723E+02,+4.935805E-06,+8.194101E-06,-1.003855E+02,+1.028643E+00
+6.118164E+02,-6.991112E-06,-9.165697E-06,-9.876522E+01,-2.222406E+00
+6.120605E+02,+3.334003E-06,+7.600063E-06,-1.016193E+02,+1.157395E+00
+6.123047E+02,+4.541397E-06,-1.199210E-05,-9.784006E+01,-1.208787E+00
+6.125488E+02,-1.058265E-05,+1.316051E-05,-9.544864E+01,+2.248045E+00
+6.127930E+02,+1.040782E-05,-6.331895E-06,-9.828521E+01,-5.465577E-01
+6.130371E+02,-1.422805E-06,-1.476477E-07,-1.168906E+02,-3.038191E+00
+6.132812E+02,-7.233890E-06,+5.646211E-06,-1.007464E+02,+2.478842E+00
+6.135254E+02,+8.650421E-06,-4.563601E-06,-1.001929E+02,-4.854504E-01
+6.137695E+02,-5.251526E-06,-2.060534E-06,-1.049724E+02,-2.767682E+00
+6.140137E+02,+2.376284E-06,+3.401430E-06,-1.076406E+02,+9.610016E-01
+6.142578E+02,-3.258116E-06,-4.809298E-07,-1.096471E+02,-2.995041E+00
+6.145020E+02,+3.111204E-06,-1.574052E-07,-1.101303E+02,-5.054992E-02
+6.147461E+02,-1.100129E-06,-3.332759E-07,-1.187898E+02,-2.847438E+00
+6.149902E+02,+1.137789E-06,+1.974181E-07,-1.187499E+02,+1.717998E-01
+6.152344E+02,+2.750232E-06,-7.397412E-06,-1.020561E+02,-1.214849E+00
+6.154785E+02,-8.902970E-06,+3.900263E-06,-1.002468E+02,+2.728691E+00
+6.157227E+02,+2.767029E-06,+7.322428E-06,-1.021272E+02,+1.209500E+00
+6.159668E+02,+8.623510E-06,-6.128267E-06,-9.951089E+01,-6.178355E-01
+6.162109E+02,-1.233004E-05,-1.565407E-06,-9.811127E+01,-3.015310E+00
+6.164551E+02,+1.146954E-05,+4.119111E-06,-9.828223E+01,+3.447896E-01
+6.166992E+02,-5.356429E-06,+7.433549E-07,-1.053396E+02,+3.003695E+00
+6.169434E+02,-2.980445E-06,-5.948553E-06,-1.035391E+02,-2.035273E+00
+6.171875E+02,+1.218197E-06,+6.813350E-06,-1.031961E+02,+1.393870E+00
+6.174316E+02,+3.634785E-06,-2.380854E-06,-1.072400E+02,-5.798956E-01
+6.176758E+02,-4.452964E-06,-1.491181E-06,-1.065654E+02,-2.818456E+00
+6.179199E+02,+8.105617E-06,-1.855466E-06,-1.016025E+02,-2.250340E-01
+6.181641E+02,-1.094247E-05,+3.636684E-06,-9.876270E+01,+2.820731E+00
+6.184082E+02,+9.087235E-06,+9.871420E-07,-1.007804E+02,+1.082052E-01
+6.186523E+02,-7.721688E-06,-3.598930E-06,-1.013920E+02,-2.705447E+00
+6.188965E+02,-7.747453E-08,-9.470207E-07,-1.204438E+02,-1.652423E+00
+6.191406E+02,+3.214371E-06,+3.576030E-06,-1.063601E+02,+8.386081E-01
+6.193848E+02,+6.049528E-07,-4.281161E-06,-1.072829E+02,-1.430420E+00
+6.196289E+02,+1.057545E-06,+3.391642E-06,-1.089888E+02,+1.268541E+00
+6.198730E+02,-6.829667E-06,-7.755297E-07,-1.032564E+02,-3.028524E+00
+6.201172E+02,+9.662696E-06,-9.552003E-08,-1.002976E+02,-9.885120E-03
+6.203613E+02,-3.064002E-06,-7.324572E-07,-1.100329E+02,-2.906944E+00
+6.206055E+02,-3.769928E-06,-2.381432E-06,-1.070151E+02,-2.578196E+00
+6.208496E+02,+4.083925E-06,+6.215451E-06,-1.025719E+02,+9.894739E-01
+6.210938E+02,-1.246596E-06,-3.381140E-06,-1.088652E+02,-1.924024E+00
+6.213379E+02,-4.806933E-06,+1.505104E-06,-1.059565E+02,+2.838151E+00
+6.215820E+02,+3.350024E-06,-4.782355E-06,-1.046733E+02,-9.597371E-01
+6.218262E+02,+8.294404E-07,+9.152239E-06,-1.007339E+02,+1.480416E+00
+6.220703E+02,-1.816556E-06,-7.460119E-06,-1.022949E+02,-1.809650E+00
+6.223145E+02,+6.764617E-06,-2.558945E-06,-1.028143E+02,-3.616464E-01
+6.225586E+02,-1.186583E-05,+5.325884E-06,-9.771695E+01,+2.719702E+00
+6.228027E+02,+2.143344E-06,+4.854410E-06,-1.055038E+02,+1.155012E+00
+6.230469E+02,+1.066309E-05,-9.121565E-06,-9.705745E+01,-7.076401E-01
+6.232910E+02,-6.773259E-06,+7.125637E-06,-1.001479E+02,+2.330847E+00
+6.235352E+02,-1.904651E-06,-8.259209E-06,-1.014362E+02,-1.797443E+00
+6.237793E+02,+1.609301E-06,+8.199480E-06,-1.015601E+02,+1.376991E+00
+6.240234E+02,-3.166834E-07,-5.624351E-06,-1.049848E+02,-1.627043E+00
+6.242676E+02,+1.567135E-06,+2.511241E-06,-1.105738E+02,+1.012882E+00
+6.245117E+02,-2.343233E-06,-2.159484E-08,-1.126033E+02,-3.132377E+00
+6.247559E+02,+7.022508E-07,+1.779061E-06,-1.143673E+02,+1.194840E+00
+6.250000E+02,-7.223643E-07,-2.413476E-06,-1.119745E+02,-1.861615E+00
+6.252441E+02,+1.867321E-06,-1.275973E-06,-1.129115E+02,-5.994414E-01
+6.254883E+02,+1.441375E-06,-3.358336E-06,-1.087432E+02,-1.165379E+00
+6.257324E+02,-7.141793E-06,+1.069777E-05,-9.781340E+01,+2.159442E+00
+6.259766E+02,+5.833055E-06,-5.988852E-06,-1.015558E+02,-7.985760E-01
+6.262207E+02,+1.604671E-06,+4.847263E-07,-1.155130E+02,+2.933567E-01
+6.264648E+02,-4.459673E-06,-4.759984E-07,-1.069647E+02,-3.035261E+00
+6.267090E+02,+3.378957E-06,+2.554210E-06,-1.074615E+02,+6.472770E-01
+6.269531E+02,-3.776084E-06,-1.553358E-06,-1.077802E+02,-2.751325E+00
+6.271973E+02,-3.046623E-06,-2.115634E-07,-1.103027E+02,-3.072262E+00
+6.274414E+02,+7.557677E-06,+4.482540E-06,-1.011232E+02,+5.353386E-01
+6.276855E+02,-2.134252E-06,-1.171938E-05,-9.848021E+01,-1.750935E+00
+6.279297E+02,-1.180971E-06,+8.700556E-06,-1.011298E+02,+1.705707E+00
+6.281738E+02,+4.637775E-06,+4.761888E-07,-1.066283E+02,+1.023176E-01
+6.284180E+02,-4.053129E-06,-3.106639E-06,-1.058371E+02,-2.487628E+00
+6.286621E+02,-1.602827E-06,+5.589414E-06,-1.047095E+02,+1.850064E+00
+6.289062E+02,+2.024016E-06,-5.061556E-06,-1.052701E+02,-1.190393E+00
+6.291504E+02,-1.615132E-06,+1.406428E-06,-1.133850E+02,+2.425157E+00
+6.293945E+02,-1.195406E-06,-1.903847E-06,-1.129640E+02,-2.131471E+00
+6.296387E+02,+2.704359E-06,-2.932815E-07,-1.113079E+02,-1.080255E-01
+6.298828E+02,-4.747576E-06,+7.468631E-06,-1.010613E+02,+2.137031E+00
+6.301270E+02,+8.216622E-06,-8.264644E-06,-9.867046E+01,-7.883119E-01
+6.303711E+02,-4.466360E-06,+5.896523E-06,-1.026188E+02,+2.219053E+00
+6.306152E+02,-2.399502E-06,-3.249377E-06,-1.078738E+02,-2.206864E+00
+6.308594E+02,+1.708363E-06,+8.925227E-07,-1.143003E+02,+4.814405E-01
+6.311035E+02,+3.143722E-06,-2.386404E-06,-1.080749E+02,-6.493007E-01
+6.313477E+02,+6.457421E-07,+2.859163E-06,-1.106592E+02,+1.348673E+00
+6.315918E+02,-4.615028E-06,+3.147989E-06,-1.050573E+02,+2.542970E+00
+6.318359E+02,+9.748464E-07,-1.075212E-06,-1.167646E+02,-8.343164E-01
+6.320801E+02,+8.483161E-06,-2.790784E-06,-1.009826E+02,-3.178268E-01
+6.323242E+02,-1.053016E-05,-4.383009E-07,-9.954379E+01,-3.099993E+00
+6.325684E+02,+6.507178E-06,+3.909540E-07,-1.037165E+02,+6.000829E-02
+6.328125E+02,-4.847797E-06,-2.807183E-06,-1.050333E+02,-2.616710E+00
+6.330566E+02,+4.160468E-06,+1.022969E-05,-9.913796E+01,+1.184523E+00
+6.333008E+02,-7.191458E-06,-1.169117E-05,-9.724918E+01,-2.122258E+00
+6.335449E+02,+9.959968E-06,+9.470612E-06,-9.723784E+01,+7.602186E-01
+6.337891E+02,-1.134524E-05,-7.210194E-06,-9.743039E+01,-2.575460E+00
+6.340332E+02,+1.283545E-05,+6.316932E-06,-9.688983E+01,+4.573456E-01
+6.342773E+02,-8.214939E-06,-5.229478E-06,-1.002304E+02,-2.574708E+00
+6.345215E+02,+2.376863E-06,+2.225931E-06,-1.097452E+02,+7.526184E-01
+6.347656E+02,+4.874261E-07,-1.298311E-06,-1.171598E+02,-1.211648E+00
+6.350098E+02,-4.221385E-07,+2.585984E-06,-1.116333E+02,+1.732610E+00
+6.352539E+02,+4.641782E-06,-3.196430E-06,-1.049807E+02,-6.030483E-01
+6.354980E+02,-3.792815E-06,+8.727699E-07,-1.081967E+02,+2.915418E+00
+6.357422E+02,-7.280545E-06,+7.910608E-06,-9.937103E+01,+2.314743E+00
+6.359863E+02,+1.287288E-05,-9.815823E-06,-9.581596E+01,-6.514655E-01
+6.362305E+02,-9.672141E-06,+3.230230E-07,-1.002847E+02,+3.108208E+00
+6.364746E+02,+6.039510E-06,+2.941725E-07,-1.043697E+02,+4.866954E-02
+6.367188E+02,-3.448711E-06,+6.992449E-07,-1.090719E+02,+2.941549E+00
+6.369629E+02,+4.708134E-06,-8.431320E-07,-1.064059E+02,-1.772015E-01
+6.372070E+02,-7.348100E-06,-1.474676E-07,-1.026748E+02,-3.121526E+00
+6.374512E+02,+3.599843E-06,+9.852297E-06,-9.958502E+01,+1.220485E+00
+6.376953E+02,-1.101704E-06,-1.144683E-05,-9.878625E+01,-1.666746E+00
+6.379395E+02,+2.448081E-06,+6.720469E-06,-1.029109E+02,+1.221464E+00
+6.381836E+02,-1.728840E-06,-7.017970E-06,-1.028199E+02,-1.812332E+00
+6.384277E+02,+1.425100E-07,+6.046369E-06,-1.043677E+02,+1.547231E+00
+6.386719E+02,+5.607124E-06,-1.714482E-06,-1.046370E+02,-2.967405E-01
+6.389160E+02,-4.905533E-06,+2.662967E-06,-1.050646E+02,+2.644256E+00
+6.391602E+02,-3.427878E-06,-7.305864E-06,-1.018625E+02,-2.009498E+00
+6.394043E+02,+5.746041E-06,+5.847630E-06,-1.017255E+02,+7.941604E-01
+6.396484E+02,-5.886364E-06,-4.445086E-06,-1.026434E+02,-2.494804E+00
+6.398926E+02,+3.375616E-06,+1.991412E-06,-1.081359E+02,+5.329898E-01
+6.401367E+02,+5.852425E-06,+3.126274E-06,-1.035631E+02,+4.906197E-01
+6.403809E+02,-1.001176E-05,-1.952914E-07,-9.998814E+01,-3.122089E+00
+6.406250E+02,+4.593577E-06,-5.351302E-06,-1.030332E+02,-8.614437E-01
+6.408691E+02,+5.645619E-06,+3.203396E-06,-1.037536E+02,+5.161135E-01
+6.411133E+02,-9.645213E-06,+5.089916E-06,-9.924682E+01,+2.656020E+00
+6.413574E+02,+8.594491E-06,-6.680841E-06,-9.926286E+01,-6.607703E-01
+6.416016E+02,-4.077876E-06,-5.028577E-06,-1.037762E+02,-2.252173E+00
+6.418457E+02,-6.160955E-06,+8.801264E-06,-9.937720E+01,+2.181528E+00
+6.420898E+02,+1.220721E-05,-1.210041E-07,-9.826725E+01,-9.912191E-03
+6.423340E+02,-7.715162E-06,-5.854136E-06,-1.002782E+02,-2.492494E+00
+6.425781E+02,+2.810482E-06,+7.012238E-06,-1.024359E+02,+1.189603E+00
+6.428223E+02,-6.331335E-06,-6.412705E-06,-1.009040E+02,-2.349810E+00
+6.430664E+02,+1.096788E-05,+2.795903E-06,-9.892412E+01,+2.496015E-01
+6.433105E+02,-7.953745E-06,-1.468402E-07,-1.019871E+02,-3.123133E+00
+6.435547E+02,+1.634015E-06,+1.043564E-07,-1.157172E+02,+6.377841E-02
+6.437988E+02,+5.223211E-06,-6.326528E-07,-1.055780E+02,-1.205362E-01
+6.440430E+02,-7.739685E-06,-2.388715E-06,-1.018304E+02,-2.842235E+00
+6.442871E+02,-1.171908E-06,+3.849270E-06,-1.079075E+02,+1.866330E+00
+6.445312E+02,+5.230928E-06,-8.379119E-10,-1.056284E+02,-1.601842E-04
+6.447754E+02,-2.623611E-06,-5.048516E-06,-1.048985E+02,-2.050063E+00
+6.450195E+02,+5.665208E-06,+2.778250E-06,-1.039997E+02,+4.559427E-01
+6.452637E+02,-3.712349E-06,+2.976107E-06,-1.064515E+02,+2.465830E+00
+6.455078E+02,-1.280314E-06,+4.144777E-08,-1.178491E+02,+3.109231E+00
+6.457520E+02,+4.745546E-07,-1.905100E-06,-1.141402E+02,-1.326668E+00
+6.459961E+02,+2.637471E-06,+6.824600E-07,-1.112948E+02,+2.532019E-01
+6.462402E+02,-7.892208E-06,-2.490312E-06,-1.016438E+02,-2.835940E+00
+6.464844E+02,+9.097691E-06,-6.947581E-07,-1.007961E+02,-7.621849E-02
+6.467285E+02,-5.510056E-06,-1.737430E-06,-1.047652E+02,-2.836141E+00
+6.469727E+02,+4.582350E-06,+7.071558E-06,-1.014871E+02,+9.958303E-01
+6.472168E+02,-1.107461E-06,-3.718031E-06,-1.082246E+02,-1.860291E+00
+6.474609E+02,-1.583702E-06,-2.171650E-06,-1.114121E+02,-2.200892E+00
+6.477051E+02,+2.596159E-06,+5.137819E-06,-1.047968E+02,+1.102915E+00
+6.479492E+02,-6.800492E-06,-7.142685E-06,-1.001205E+02,-2.331657E+00
+6.481934E+02,+7.551261E-06,+6.721879E-06,-9.990527E+01,+7.273556E-01
+6.484375E+02,-9.039190E-06,-6.951665E-07,-1.008518E+02,-3.064838E+00
+6.486816E+02,+6.540764E-06,-4.683267E-06,-1.018900E+02,-6.213918E-01
+6.489258E+02,-5.241569E-08,+2.022166E-06,-1.138808E+02,+1.596711E+00
+6.491699E+02,-2.921640E-06,+1.655280E-06,-1.094785E+02,+2.626126E+00
+6.494141E+02,+3.923276E-06,-3.401668E-06,-1.056922E+02,-7.143083E-01
+6.496582E+02,-1.214084E-06,+2.266137E-06,-1.117984E+02,+2.062634E+00
+6.499023E+02,-3.333356E-06,-5.348039E-07,-1.094320E+02,-2.982508E+00
+6.501465E+02,-1.694594E-06,-5.712006E-07,-1.149513E+02,-2.816481E+00
+6.503906E+02,+1.386232E-05,+4.205466E-06,-9.678091E+01,+2.945491E-01
+6.506348E+02,-1.661618E-05,-3.530457E-06,-9.539761E+01,-2.932235E+00
+6.508789E+02,+9.719154E-06,+2.002722E-06,-1.000668E+02,+2.032149E-01
+6.511230E+02,-8.494774E-06,-6.219050E-06,-9.955312E+01,-2.509644E+00
+6.513672E+02,+4.091210E-06,+7.031406E-06,-1.017928E+02,+1.043831E+00
+6.516113E+02,+2.017724E-06,-3.208525E-06,-1.084267E+02,-1.009424E+00
+6.518555E+02,+4.023125E-06,-7.213302E-07,-1.077713E+02,-1.774109E-01
+6.520996E+02,-3.836672E-06,-1.356125E-07,-1.083155E+02,-3.106261E+00
+6.523438E+02,-6.938315E-06,+2.532423E-06,-1.026318E+02,+2.791626E+00
+6.525879E+02,+1.097956E-05,+2.200258E-06,-9.901730E+01,+1.977761E-01
+6.528320E+02,-5.049360E-06,-6.823502E-06,-1.014233E+02,-2.207864E+00
+6.530762E+02,-8.003612E-06,+7.368833E-06,-9.926804E+01,+2.397464E+00
+6.533203E+02,+1.067652E-05,-4.078351E-06,-9.883987E+01,-3.648869E-01
+6.535645E+02,-4.294262E-06,-5.204324E-06,-1.034174E+02,-2.260676E+00
+6.538086E+02,+2.743481E-07,+1.309148E-05,-9.765832E+01,+1.549843E+00
+6.540527E+02,+1.277117E-06,-9.598067E-06,-1.002801E+02,-1.438514E+00
+6.542969E+02,-1.307864E-07,+3.423259E-06,-1.093049E+02,+1.608983E+00
+6.545410E+02,-1.111350E-06,-6.978396E-06,-1.030161E+02,-1.728726E+00
+6.547852E+02,+2.677245E-06,+7.020022E-06,-1.024835E+02,+1.206450E+00
+6.550293E+02,-1.586519E-06,-1.063891E-06,-1.143784E+02,-2.550884E+00
+6.552734E+02,-1.455611E-07,-1.606434E-06,-1.158472E+02,-1.661161E+00
+6.555176E+02,-4.727232E-06,+3.479812E-06,-1.046274E+02,+2.507034E+00
+6.557617E+02,+5.180013E-06,-2.635286E-06,-1.047138E+02,-4.706160E-01
+6.560059E+02,+2.209009E-06,+3.872905E-06,-1.070160E+02,+1.052445E+00
+6.562500E+02,-8.027295E-06,-3.588621E-06,-1.011173E+02,-2.721193E+00
+6.564941E+02,+5.012170E-06,-4.009769E-06,-1.038510E+02,-6.747450E-01
+6.567383E+02,-1.546598E-06,+6.195119E-06,-1.038964E+02,+1.815444E+00
+6.569824E+02,+2.485969E-06,-1.884701E-06,-1.101179E+02,-6.486873E-01
+6.572266E+02,-4.838732E-06,+3.472771E-06,-1.045010E+02,+2.519084E+00
+6.574707E+02,+8.400360E-06,-6.748310E-06,-9.935146E+01,-6.767716E-01
+6.577148E+02,-8.021026E-06,+7.617374E-06,-9.912357E+01,+2.382000E+00
+6.579590E+02,+5.017674E-06,-4.315090E-06,-1.035855E+02,-7.102585E-01
+6.582031E+02,-5.077172E-06,+7.384320E-07,-1.057967E+02,+2.997164E+00
+6.584473E+02,+9.219753E-06,-5.483827E-06,-9.939014E+01,-5.365806E-01
+6.586914E+02,-1.193230E-05,+8.262037E-06,-9.676457E+01,+2.535979E+00
+6.589355E+02,+6.533232E-06,-2.003226E-06,-1.033072E+02,-2.975200E-01
+6.591797E+02,+1.381607E-06,+3.355958E-06,-1.088037E+02,+1.180255E+00
+6.594238E+02,-4.658039E-06,-1.063644E-05,-9.870210E+01,-1.983569E+00
+6.596680E+02,+6.481434E-06,+1.005190E-05,-9.844513E+01,+9.980877E-01
+6.599121E+02,-7.280350E-06,-7.423263E-06,-9.966141E+01,-2.346475E+00
+6.601562E+02,+2.742017E-06,+1.041818E-05,-9.935329E+01,+1.313438E+00
+6.604004E+02,+4.159252E-06,-1.084966E-05,-9.869620E+01,-1.204723E+00
+6.606445E+02,-4.805113E-06,+6.078339E-06,-1.022159E+02,+2.239737E+00
+6.608887E+02,-4.066278E-06,+9.102505E-07,-1.076037E+02,+2.921370E+00
+6.611328E+02,+5.094456E-06,-2.834064E-06,-1.046871E+02,-5.076700E-01
+6.613770E+02,+5.394771E-06,+7.805975E-07,-1.052705E+02,+1.436979E-01
+6.616211E+02,-6.184071E-06,-4.669476E-06,-1.022151E+02,-2.494848E+00
+6.618652E+02,-1.122366E-06,+4.733620E-06,-1.062586E+02,+1.803602E+00
+6.621094E+02,+9.208881E-07,+2.572632E-06,-1.112688E+02,+1.227052E+00
+6.623535E+02,+1.475854E-06,-3.152623E-06,-1.091660E+02,-1.132964E+00
+6.625977E+02,+3.162676E-06,-2.877526E-06,-1.073796E+02,-7.382246E-01
+6.628418E+02,-6.537122E-06,+7.621234E-06,-9.996466E+01,+2.279773E+00
+6.630859E+02,-2.700494E-06,-4.184168E-06,-1.060555E+02,-2.143936E+00
+6.633301E+02,+1.233817E-05,+9.967916E-07,-9.814674E+01,+8.061418E-02
+6.635742E+02,-5.974141E-06,+8.321398E-07,-1.043910E+02,+3.003193E+00
+6.638184E+02,+1.875280E-06,+8.475415E-07,-1.137315E+02,+4.244783E-01
+6.640625E+02,-9.101895E-06,-3.500954E-06,-1.002181E+02,-2.774397E+00
+6.643066E+02,+1.152914E-05,-3.422429E-06,-9.839729E+01,-2.885646E-01
+6.645508E+02,-4.641654E-06,+6.837912E-06,-1.016557E+02,+2.167160E+00
+6.647949E+02,-7.409435E-07,-4.291310E-06,-1.072206E+02,-1.741772E+00
+6.650391E+02,-8.949577E-07,+4.776467E-06,-1.062680E+02,+1.756017E+00
+6.652832E+02,+7.475047E-06,-7.699171E-06,-9.938722E+01,-8.001671E-01
+6.655273E+02,-1.189471E-05,+1.411634E-05,-9.467558E+01,+2.270990E+00
+6.657715E+02,+6.386710E-06,-1.732365E-05,-9.467375E+01,-1.217587E+00
+6.660156E+02,+7.559923E-07,+1.042796E-05,-9.961325E+01,+1.498426E+00
+6.662598E+02,-3.495711E-06,+2.222686E-06,-1.076547E+02,+2.575242E+00
+6.665039E+02,+1.031252E-05,-1.094368E-05,-9.645676E+01,-8.150824E-01
+6.667480E+02,-9.211357E-06,+7.719088E-06,-9.840332E+01,+2.444108E+00
+6.669922E+02,-1.799915E-06,-1.019314E-06,-1.136869E+02,-2.626312E+00
+6.672363E+02,+7.235027E-06,+2.617672E-06,-1.022769E+02,+3.471529E-01
+6.674805E+02,-4.015397E-06,-1.647140E-06,-1.072500E+02,-2.752319E+00
+6.677246E+02,+1.814161E-06,-4.782227E-06,-1.058235E+02,-1.208213E+00
+6.679688E+02,-1.268564E-06,+3.770121E-06,-1.080071E+02,+1.895375E+00
+6.682129E+02,-1.213630E-06,-8.459212E-07,-1.165986E+02,-2.532871E+00
+6.684570E+02,+6.925125E-07,+7.130510E-06,-1.028968E+02,+1.473980E+00
+6.687012E+02,+4.633901E-06,-1.230068E-05,-9.762506E+01,-1.210520E+00
+6.689453E+02,-1.037993E-05,+4.379634E-06,-9.896455E+01,+2.742323E+00
+6.691895E+02,+1.036729E-05,+4.457502E-06,-9.895000E+01,+4.060628E-01
+6.694336E+02,-3.072191E-06,-1.623160E-06,-1.091818E+02,-2.655531E+00
+6.696777E+02,-4.001538E-06,+1.055129E-06,-1.076635E+02,+2.883780E+00
+6.699219E+02,+3.577486E-06,-7.873872E-06,-1.012612E+02,-1.144332E+00
+6.701660E+02,-2.344822E-06,+9.641306E-06,-1.000677E+02,+1.809370E+00
+6.704102E+02,+5.140304E-06,-7.781124E-06,-1.006064E+02,-9.869972E-01
+6.706543E+02,-3.866467E-06,+3.914116E-06,-1.051899E+02,+2.350070E+00
+6.708984E+02,+2.407389E-06,-9.136576E-08,-1.123628E+02,-3.793402E-02
+6.711426E+02,-3.411126E-07,+9.850123E-07,-1.196393E+02,+1.904174E+00
+6.713867E+02,+1.804446E-06,-5.192711E-07,-1.145276E+02,-2.802020E-01
+6.716309E+02,-4.736938E-06,+4.037933E-06,-1.041180E+02,+2.435687E+00
+6.718750E+02,+7.271763E-07,-9.912228E-06,-1.000533E+02,-1.497566E+00
+6.721191E+02,+3.131899E-06,+5.049378E-06,-1.045216E+02,+1.015617E+00
+6.723633E+02,-3.152997E-06,+1.470544E-06,-1.091708E+02,+2.705188E+00
+6.726074E+02,+3.915099E-06,-9.757229E-07,-1.078834E+02,-2.442449E-01
+6.728516E+02,-5.447977E-06,-2.236451E-06,-1.045989E+02,-2.752059E+00
+6.730957E+02,+7.113580E-06,+4.065607E-07,-1.029441E+02,+5.709065E-02
+6.733398E+02,-3.149052E-06,+4.608345E-06,-1.050650E+02,+2.170251E+00
+6.735840E+02,-2.868443E-07,-1.668003E-06,-1.154295E+02,-1.741099E+00
+6.738281E+02,-7.782623E-06,-4.476516E-06,-1.009362E+02,-2.619613E+00
+6.740723E+02,+1.183590E-05,+7.026829E-07,-9.852069E+01,+5.929915E-02
+6.743164E+02,-1.914699E-06,+1.618497E-06,-1.120165E+02,+2.439833E+00
+6.745605E+02,-5.164952E-06,-1.144672E-06,-1.055304E+02,-2.923495E+00
+6.748047E+02,+2.629599E-06,+1.521419E-06,-1.103482E+02,+5.245165E-01
+6.750488E+02,+1.405921E-06,-3.102189E-06,-1.093553E+02,-1.145282E+00
+6.752930E+02,+5.783833E-07,+7.180658E-06,-1.028486E+02,+1.490422E+00
+6.755371E+02,-6.264887E-06,-5.580409E-06,-1.015249E+02,-2.413915E+00
+6.757812E+02,+1.050883E-05,-4.245354E-06,-9.891237E+01,-3.839324E-01
+6.760254E+02,-9.066882E-06,+1.200531E-05,-9.645247E+01,+2.217642E+00
+6.762695E+02,+1.582431E-07,-8.447245E-06,-1.014642E+02,-1.552065E+00
+6.765137E+02,+1.762968E-06,-6.534252E-07,-1.145161E+02,-3.549420E-01
+6.767578E+02,+3.829298E-06,-8.228100E-07,-1.081416E+02,-2.116541E-01
+6.770020E+02,-5.403479E-06,+7.557268E-06,-1.006394E+02,+2.191522E+00
+6.772461E+02,+1.707119E-06,-8.892043E-06,-1.008628E+02,-1.381121E+00
+6.774902E+02,+3.310229E-06,+9.444077E-06,-9.999358E+01,+1.233669E+00
+6.777344E+02,-3.970096E-06,-5.146670E-06,-1.037417E+02,-2.227848E+00
+6.779785E+02,+2.601575E-06,-1.362694E-06,-1.106423E+02,-4.825026E-01
+6.782227E+02,-3.007894E-06,-8.429801E-07,-1.101064E+02,-2.868347E+00
+6.784668E+02,+4.617182E-06,+1.387394E-06,-1.063370E+02,+2.919017E-01
+6.787109E+02,-2.848357E-06,+2.823835E-06,-1.079352E+02,+2.360518E+00
+6.789551E+02,-5.363582E-06,-5.815285E-06,-1.020353E+02,-2.315810E+00
+6.791992E+02,+6.257966E-06,+1.201129E-06,-1.039142E+02,+1.896298E-01
+6.794434E+02,+3.935780E-06,+6.061927E-06,-1.028202E+02,+9.949399E-01
+6.796875E+02,-1.049052E-05,-1.155782E-05,-9.613262E+01,-2.307825E+00
+6.799316E+02,+5.960077E-06,+1.396265E-05,-9.637370E+01,+1.167352E+00
+6.801758E+02,+2.389178E-06,-6.446715E-06,-1.032543E+02,-1.215885E+00
+6.804199E+02,-5.485567E-06,-2.406082E-06,-1.044514E+02,-2.728242E+00
+6.806641E+02,+1.886488E-06,+5.377042E-06,-1.048850E+02,+1.233372E+00
+6.809082E+02,+1.610741E-06,-3.676216E-06,-1.079293E+02,-1.157839E+00
+6.811523E+02,-4.352903E-07,-1.020333E-07,-1.269921E+02,-2.911347E+00
+6.813965E+02,-1.605109E-06,-5.252872E-06,-1.052044E+02,-1.867353E+00
+6.816406E+02,+2.174308E-06,+1.157029E-05,-9.858239E+01,+1.385041E+00
+6.818848E+02,-6.563110E-06,-8.258481E-06,-9.953595E+01,-2.242304E+00
+6.821289E+02,+1.041612E-05,+5.520194E-06,-9.857085E+01,+4.873325E-01
+6.823730E+02,-5.819899E-06,-9.093049E-06,-9.933470E+01,-2.140137E+00
+6.826172E+02,-3.161509E-06,+9.207982E-06,-1.002327E+02,+1.901530E+00
+6.828613E+02,+8.426589E-06,-5.226089E-06,-1.000736E+02,-5.551332E-01
+6.831055E+02,-1.104779E-05,+2.236191E-06,-9.896011E+01,+2.941880E+00
+6.833496E+02,+7.343929E-06,+2.835686E-06,-1.020779E+02,+3.684897E-01
+6.835938E+02,-1.212972E-06,-4.101144E-06,-1.073777E+02,-1.858363E+00
+6.838379E+02,+2.997035E-06,+4.308540E-07,-1.103773E+02,+1.427818E-01
+6.840820E+02,-5.017146E-06,+1.228005E-06,-1.057382E+02,+2.901550E+00
+6.843262E+02,+9.327175E-07,-5.365880E-06,-1.052779E+02,-1.398692E+00
+6.845703E+02,+2.221986E-06,+8.326158E-06,-1.012923E+02,+1.310006E+00
+6.848145E+02,-4.915810E-06,+4.224622E-08,-1.061678E+02,+3.132999E+00
+6.850586E+02,+6.056466E-06,-1.042967E-05,-9.837260E+01,-1.044692E+00
+6.853027E+02,-1.462953E-06,+1.242571E-05,-9.805379E+01,+1.687993E+00
+6.855469E+02,-3.640460E-06,-9.897124E-06,-9.953872E+01,-1.923266E+00
+6.857910E+02,+2.273693E-06,+9.442621E-06,-1.002534E+02,+1.334504E+00
+6.860352E+02,-9.291699E-07,-9.320937E-06,-1.005679E+02,-1.670154E+00
+6.862793E+02,-3.010004E-06,+1.818990E-06,-1.090767E+02,+2.598007E+00
+6.865234E+02,+7.042370E-07,+7.704833E-06,-1.022286E+02,+1.479648E+00
+6.867676E+02,+8.924464E-06,-3.052361E-06,-1.005079E+02,-3.295497E-01
+6.870117E+02,-5.727536E-06,-1.709661E-07,-1.048368E+02,-3.111752E+00
+6.872559E+02,-2.936624E-06,-5.121974E-06,-1.045769E+02,-2.091381E+00
+6.875000E+02,+5.575678E-06,+6.702721E-06,-1.011910E+02,+8.769324E-01
+6.877441E+02,-4.333207E-06,-8.783244E-06,-1.001808E+02,-2.029109E+00
+6.879883E+02,+4.773623E-06,+2.752964E-06,-1.051761E+02,+5.231134E-01
+6.882324E+02,-7.324762E-06,+4.893342E-06,-1.011015E+02,+2.552630E+00
+6.884766E+02,+4.122634E-06,-6.360751E-07,-1.075943E+02,-1.530814E-01
+6.887207E+02,-4.764316E-06,+1.798052E-07,-1.064338E+02,+3.103871E+00
+6.889648E+02,+8.141653E-06,-4.770638E-07,-1.017709E+02,-5.852852E-02
+6.892090E+02,-2.755246E-06,-4.328622E-06,-1.057958E+02,-2.137635E+00
+6.894531E+02,-1.180234E-06,+4.320482E-06,-1.069768E+02,+1.837462E+00
+6.896973E+02,+4.149630E-06,+6.851778E-07,-1.075230E+02,+1.636413E-01
+6.899414E+02,-5.384892E-06,-2.886277E-07,-1.053640E+02,-3.088044E+00
+6.901855E+02,-6.439916E-06,-1.294880E-06,-1.036503E+02,-2.943167E+00
+6.904297E+02,+1.299559E-05,-2.524967E-06,-9.756316E+01,-1.919032E-01
+6.906738E+02,-2.073358E-06,+7.424275E-06,-1.022608E+02,+1.843125E+00
+6.909180E+02,-9.395683E-06,-8.885575E-06,-9.776680E+01,-2.384091E+00
+6.911621E+02,+8.204008E-06,+1.984242E-06,-1.014726E+02,+2.373053E-01
+6.914062E+02,-5.082191E-06,+3.800619E-06,-1.039498E+02,+2.499481E+00
+6.916504E+02,+3.418723E-06,+2.829826E-06,-1.070563E+02,+6.914303E-01
+6.918945E+02,+2.749313E-06,-8.013517E-06,-1.014403E+02,-1.240296E+00
+6.921387E+02,-3.764703E-06,+5.322516E-06,-1.037159E+02,+2.186416E+00
+6.923828E+02,+1.084704E-06,-1.778876E-06,-1.136241E+02,-1.023224E+00
+6.926270E+02,-1.903585E-06,+2.223143E-06,-1.106722E+02,+2.278913E+00
+6.928711E+02,+2.284180E-06,-3.606678E-06,-1.073932E+02,-1.006237E+00
+6.931152E+02,+1.704856E-06,+1.081487E-06,-1.138975E+02,+5.652997E-01
+6.933594E+02,-6.665087E-06,+1.153576E-06,-1.033957E+02,+2.970213E+00
+6.936035E+02,+4.578131E-06,-1.814900E-06,-1.061523E+02,-3.774233E-01
+6.938477E+02,-5.729803E-07,+3.722135E-06,-1.084824E+02,+1.723536E+00
+6.940918E+02,+2.435673E-06,+7.391798E-07,-1.118850E+02,+2.946470E-01
+6.943359E+02,-4.547495E-06,+1.272963E-06,-1.065169E+02,+2.868652E+00
+6.945801E+02,+4.020284E-06,-8.219505E-06,-1.007716E+02,-1.115894E+00
+6.948242E+02,+2.304990E-06,+1.710753E-06,-1.108409E+02,+6.384873E-01
+6.950684E+02,-5.723350E-06,+8.747852E-06,-9.961452E+01,+2.150159E+00
+6.953125E+02,+4.237726E-06,-1.241640E-05,-9.764156E+01,-1.241892E+00
+6.955566E+02,-6.995490E-06,+8.025586E-06,-9.945590E+01,+2.287725E+00
+6.958008E+02,+7.547632E-06,-2.544120E-06,-1.019764E+02,-3.251145E-01
+6.960449E+02,-1.833179E-07,+2.544437E-06,-1.118657E+02,+1.642719E+00
+6.962891E+02,-5.588871E-06,-3.023137E-06,-1.039389E+02,-2.645747E+00
+6.965332E+02,+2.257932E-06,-9.605280E-07,-1.122034E+02,-4.022109E-01
+6.967773E+02,+3.579740E-06,+4.508930E-06,-1.047958E+02,+8.997723E-01
+6.970215E+02,-3.445268E-06,-9.598424E-07,-1.089309E+02,-2.869885E+00
+6.972656E+02,-2.113833E-07,-1.998171E-06,-1.139390E+02,-1.676193E+00
+6.975098E+02,+2.873039E-06,+9.140311E-07,-1.104145E+02,+3.080156E-01
+6.977539E+02,-3.426202E-06,+4.735409E-06,-1.046645E+02,+2.197139E+00
+6.979980E+02,+1.527953E-06,-1.002795E-05,-9.987608E+01,-1.419590E+00
+6.982422E+02,+1.525031E-06,+7.052103E-06,-1.028351E+02,+1.357824E+00
+6.984863E+02,+1.685183E-07,-1.545446E-06,-1.161676E+02,-1.462184E+00
+6.987305E+02,-2.014925E-06,-1.117187E-06,-1.127507E+02,-2.635335E+00
+6.989746E+02,-1.033660E-08,-2.856834E-06,-1.108822E+02,-1.574414E+00
+6.992188E+02,+7.316995E-07,+6.651571E-06,-1.034893E+02,+1.461233E+00
+6.994629E+02,+9.138509E-07,-8.476786E-07,-1.180864E+02,-7.478506E-01
+6.997070E+02,+1.057147E-06,-6.023178E-06,-1.042717E+02,-1.397053E+00
+6.999512E+02,-2.567632E-06,+9.140208E-06,-1.004510E+02,+1.844654E+00
+7.001953E+02,+3.835196E-06,-8.914756E-06,-1.002603E+02,-1.164523E+00
+7.004395E+02,-6.091708E-06,+2.998790E-06,-1.033628E+02,+2.684145E+00
+7.006836E+02,+5.286852E-06,-2.879258E-07,-1.055232E+02,-5.440698E-02
+7.009277E+02,-2.068680E-06,+1.251495E-07,-1.136703E+02,+3.081169E+00
+7.011719E+02,+3.837935E-07,+6.177459E-06,-1.041671E+02,+1.508748E+00
+7.014160E+02,-3.340608E-06,-5.642793E-06,-1.036652E+02,-2.105322E+00
+7.016602E+02,+7.005609E-06,-4.587236E-07,-1.030725E+02,-6.538614E-02
+7.019043E+02,-7.457063E-06,+2.195868E-06,-1.021875E+02,+2.855219E+00
+7.021484E+02,+6.110795E-06,-1.141976E-08,-1.042780E+02,-1.868782E-03
+7.023926E+02,+2.850616E-06,-3.817503E-06,-1.064399E+02,-9.293960E-01
+7.026367E+02,-7.995193E-06,-2.023331E-07,-1.019406E+02,-3.116291E+00
+7.028809E+02,+5.305472E-06,+4.597469E-06,-1.030729E+02,+7.140254E-01
+7.031250E+02,-8.855579E-06,-5.424092E-06,-9.967212E+01,-2.592029E+00
+7.033691E+02,+1.085397E-05,+4.256578E-06,-9.866693E+01,+3.737363E-01
+7.036133E+02,-7.958444E-06,+2.486401E-06,-1.015790E+02,+2.838778E+00
+7.038574E+02,+2.567921E-06,-3.153787E-06,-1.078145E+02,-8.874360E-01
+7.041016E+02,+3.442553E-06,-1.641086E-06,-1.083731E+02,-4.448395E-01
+7.043457E+02,-2.286876E-06,-2.392499E-06,-1.096043E+02,-2.333626E+00
+7.045898E+02,+1.167955E-07,+4.823793E-06,-1.063297E+02,+1.546589E+00
+7.048340E+02,+1.574354E-06,-1.636566E-06,-1.128761E+02,-8.047707E-01
+7.050781E+02,-3.925426E-06,-3.609923E-06,-1.054606E+02,-2.398040E+00
+7.053223E+02,+4.736589E-06,+6.731385E-06,-1.016911E+02,+9.576199E-01
+7.055664E+02,-2.253956E-06,-3.755357E-06,-1.071708E+02,-2.111361E+00
+7.058105E+02,+1.755923E-06,+3.654344E-06,-1.078416E+02,+1.122868E+00
+7.060547E+02,-1.617031E-06,-6.750439E-06,-1.031710E+02,-1.805911E+00
+7.062988E+02,-3.266159E-06,+5.549367E-06,-1.038234E+02,+2.102765E+00
+7.065430E+02,+1.520718E-06,-2.644806E-06,-1.103116E+02,-1.048975E+00
+7.067871E+02,+2.144337E-06,+4.318824E-06,-1.063357E+02,+1.109945E+00
+7.070312E+02,+2.331990E-06,-9.001255E-06,-1.006318E+02,-1.317296E+00
+7.072754E+02,-4.694745E-06,+7.199683E-06,-1.013150E+02,+2.148630E+00
+7.075195E+02,+1.672339E-06,-5.778821E-06,-1.044139E+02,-1.289101E+00
+7.077637E+02,-9.034638E-06,+5.693435E-06,-9.942944E+01,+2.579278E+00
+7.080078E+02,+1.874926E-05,-4.600809E-06,-9.428638E+01,-2.406315E-01
+7.082520E+02,-1.016738E-05,+5.821633E-06,-9.862434E+01,+2.621579E+00
+7.084961E+02,+3.467847E-07,-4.103862E-06,-1.077052E+02,-1.486495E+00
+7.087402E+02,-4.645090E-06,+1.355523E-06,-1.063052E+02,+2.857659E+00
+7.089844E+02,+1.205790E-05,-2.370170E-06,-9.820992E+01,-1.940911E-01
+7.092285E+02,-8.489178E-06,+2.470222E-06,-1.010697E+02,+2.858427E+00
+7.094727E+02,-4.169173E-06,+5.404092E-07,-1.075266E+02,+3.012691E+00
+7.097168E+02,+7.103925E-06,-6.228485E-06,-1.004934E+02,-7.198298E-01
+7.099609E+02,-4.262806E-06,+1.001458E-05,-9.926416E+01,+1.973226E+00
+7.102051E+02,+7.191611E-06,-7.243168E-06,-9.982204E+01,-7.889699E-01
+7.104492E+02,-6.771507E-06,-1.413842E-06,-1.032010E+02,-2.935757E+00
+7.106934E+02,-9.610500E-07,+7.630461E-06,-1.022806E+02,+1.696086E+00
+7.109375E+02,+1.832036E-06,-3.488319E-06,-1.080898E+02,-1.087199E+00
+7.111816E+02,+3.418512E-06,-4.101659E-06,-1.054501E+02,-8.759915E-01
+7.114258E+02,-3.326605E-06,+1.953410E-06,-1.082734E+02,+2.610632E+00
+7.116699E+02,+5.082727E-06,+1.430038E-06,-1.055472E+02,+2.742625E-01
+7.119141E+02,-4.206395E-06,-1.968830E-06,-1.066615E+02,-2.703825E+00
+7.121582E+02,-7.289986E-06,+1.826056E-06,-1.024812E+02,+2.896154E+00
+7.124023E+02,+1.212239E-05,+2.258081E-06,-9.818009E+01,+1.841629E-01
+7.126465E+02,-1.268521E-05,-3.178761E-06,-9.766956E+01,-2.896061E+00
+7.128906E+02,+1.310509E-05,+1.664179E-06,-9.758172E+01,+1.263111E-01
+7.131348E+02,-8.532095E-06,-8.652180E-06,-9.830746E+01,-2.349206E+00
+7.133789E+02,+7.714490E-06,+1.139263E-05,-9.722838E+01,+9.755729E-01
+7.136230E+02,-1.220612E-05,-2.365247E-06,-9.810836E+01,-2.950189E+00
+7.138672E+02,+1.218478E-05,-2.619427E-06,-9.808743E+01,-2.117525E-01
+7.141113E+02,-7.105093E-06,-7.086239E-07,-1.029256E+02,-3.042187E+00
+7.143555E+02,+3.844873E-06,+8.649978E-06,-1.004767E+02,+1.152530E+00
+7.145996E+02,-5.969373E-06,-7.949894E-06,-1.000509E+02,-2.214857E+00
+7.148438E+02,+3.096423E-06,+1.366024E-06,-1.094105E+02,+4.154800E-01
+7.150879E+02,+3.385544E-06,-1.735519E-06,-1.083941E+02,-4.736975E-01
+7.153320E+02,+6.327226E-07,-3.196829E-06,-1.097387E+02,-1.375400E+00
+7.155762E+02,-8.864273E-06,+1.012749E-05,-9.741982E+01,+2.289779E+00
+7.158203E+02,+1.083620E-05,-6.514030E-06,-9.796272E+01,-5.412543E-01
+7.160645E+02,-9.145010E-06,+3.241463E-06,-1.002623E+02,+2.800958E+00
+7.163086E+02,+6.941644E-06,-9.321642E-06,-9.869411E+01,-9.307085E-01
+7.165527E+02,-5.079521E-06,+9.493442E-06,-9.935815E+01,+2.062094E+00
+7.167969E+02,-9.707729E-07,-1.368208E-06,-1.155061E+02,-2.187884E+00
+7.170410E+02,+3.196857E-06,+3.280680E-06,-1.067814E+02,+7.983380E-01
+7.172852E+02,+4.526888E-06,-6.218181E-06,-1.022798E+02,-9.415191E-01
+7.175293E+02,-1.195378E-05,+4.413799E-06,-9.789482E+01,+2.787883E+00
+7.177734E+02,+5.585635E-06,+1.620018E-06,-1.047078E+02,+2.822878E-01
+7.180176E+02,+6.455042E-06,-1.316243E-05,-9.667729E+01,-1.114847E+00
+7.182617E+02,-6.950778E-06,+1.538236E-05,-9.545261E+01,+1.995202E+00
+7.185059E+02,+7.346767E-06,-6.735658E-06,-1.000286E+02,-7.420303E-01
+7.187500E+02,-7.899053E-06,+2.765631E-06,-1.015463E+02,+2.804809E+00
+7.189941E+02,-2.898994E-06,-3.922462E-06,-1.062361E+02,-2.207269E+00
+7.192383E+02,+5.124072E-06,+9.929707E-06,-9.903593E+01,+1.094404E+00
+7.194824E+02,+3.017020E-06,-1.290273E-05,-9.755518E+01,-1.341095E+00
+7.197266E+02,-6.407333E-06,+4.154330E-06,-1.023424E+02,+2.566363E+00
+7.199707E+02,+6.064725E-06,-9.635454E-07,-1.042355E+02,-1.575601E-01
+7.202148E+02,-3.996034E-06,+6.050821E-06,-1.027917E+02,+2.154456E+00
+7.204590E+02,+2.852321E-06,-3.953407E-06,-1.062406E+02,-9.457964E-01
+7.207031E+02,-3.925648E-06,-4.601210E-06,-1.043673E+02,-2.277132E+00
+7.209473E+02,+3.355674E-06,+9.779134E-06,-9.971055E+01,+1.240240E+00
+7.211914E+02,-1.745002E-06,-6.171051E-06,-1.038587E+02,-1.846374E+00
+7.214355E+02,+9.325976E-07,+1.461893E-07,-1.205007E+02,+1.554897E-01
+7.216797E+02,+1.003799E-06,+2.259857E-06,-1.121363E+02,+1.152787E+00
+7.219238E+02,-1.765688E-06,-2.357221E-06,-1.106177E+02,-2.213692E+00
+7.221680E+02,+1.675293E-06,-3.926579E-06,-1.073934E+02,-1.167525E+00
+7.224121E+02,-3.659867E-06,+1.158335E-05,-9.831006E+01,+1.876830E+00
+7.226562E+02,-2.641365E-07,-7.505838E-06,-1.024866E+02,-1.605973E+00
+7.229004E+02,+3.496929E-06,+1.377290E-06,-1.085000E+02,+3.751995E-01
+7.231445E+02,-1.524693E-06,+1.613678E-06,-1.130727E+02,+2.327848E+00
+7.233887E+02,+4.866492E-06,-3.158755E-06,-1.047288E+02,-5.757299E-01
+7.236328E+02,-5.223024E-06,+2.025752E-06,-1.050330E+02,+2.771604E+00
+7.238770E+02,+1.549237E-06,-2.563604E-06,-1.104710E+02,-1.027206E+00
+7.241211E+02,-3.014060E-06,+8.135881E-06,-1.012334E+02,+1.925585E+00
+7.243652E+02,+8.619812E-06,-1.197613E-05,-9.662083E+01,-9.469383E-01
+7.246094E+02,-1.042204E-05,+1.069449E-05,-9.651712E+01,+2.343293E+00
+7.248535E+02,+8.772428E-06,-3.378090E-06,-1.005371E+02,-3.675789E-01
+7.250977E+02,-7.098085E-06,-3.348290E-06,-1.021046E+02,-2.700826E+00
+7.253418E+02,+3.142994E-06,+1.090581E-07,-1.100479E+02,+3.468489E-02
+7.255859E+02,-1.334422E-06,+2.843217E-06,-1.100592E+02,+2.009613E+00
+7.258301E+02,-2.956543E-06,-2.963905E-08,-1.105839E+02,-3.131568E+00
+7.260742E+02,+5.883943E-06,-1.053455E-06,-1.044696E+02,-1.771618E-01
+7.263184E+02,+2.965959E-06,+4.126373E-06,-1.058798E+02,+9.475765E-01
+7.265625E+02,-7.453988E-06,-9.228906E-06,-9.851599E+01,-2.250202E+00
+7.268066E+02,+4.644826E-06,+5.406730E-06,-1.029408E+02,+8.610531E-01
+7.270508E+02,-3.690575E-06,+7.423133E-06,-1.016290E+02,+2.032179E+00
+7.272949E+02,+3.265487E-06,-1.486486E-05,-9.635210E+01,-1.354553E+00
+7.275391E+02,+6.217165E-07,+1.726130E-05,-9.525290E+01,+1.534794E+00
+7.277832E+02,+2.616775E-08,-1.218086E-05,-9.828642E+01,-1.568648E+00
+7.280273E+02,-5.741664E-06,+2.259097E-06,-1.041941E+02,+2.766740E+00
+7.282715E+02,+1.951384E-06,+2.018698E-06,-1.110331E+02,+8.023517E-01
+7.285156E+02,+5.293912E-06,-1.935387E-06,-1.049797E+02,-3.504929E-01
+7.287598E+02,-3.475673E-06,-2.535015E-06,-1.073267E+02,-2.511433E+00
+7.290039E+02,+4.777421E-06,+7.265196E-06,-1.012144E+02,+9.891135E-01
+7.292480E+02,-8.766202E-06,-6.591586E-06,-9.919751E+01,-2.496856E+00
+7.294922E+02,+2.874860E-06,+3.507633E-06,-1.068680E+02,+8.842172E-01
+7.297363E+02,+3.260915E-07,-5.222454E-06,-1.056256E+02,-1.508437E+00
+7.299805E+02,+8.495387E-07,+6.949376E-06,-1.030967E+02,+1.449153E+00
+7.302246E+02,+1.676242E-06,-2.473538E-06,-1.104924E+02,-9.752149E-01
+7.304688E+02,+3.295290E-06,+2.921106E-06,-1.071238E+02,+7.252776E-01
+7.307129E+02,-6.181041E-06,-1.101595E-05,-9.797086E+01,-2.082121E+00
+7.309570E+02,-2.211054E-06,+1.129011E-05,-9.878259E+01,+1.764189E+00
+7.312012E+02,+3.447902E-06,-2.865242E-06,-1.069685E+02,-6.933658E-01
+7.314453E+02,+3.398398E-07,-7.409188E-07,-1.217754E+02,-1.140753E+00
+7.316895E+02,+1.026338E-06,-1.046506E-06,-1.166786E+02,-7.951273E-01
+7.319336E+02,+1.399467E-06,+7.028124E-07,-1.161040E+02,+4.654060E-01
+7.321777E+02,-5.802619E-06,-7.830172E-07,-1.046491E+02,-3.007461E+00
+7.324219E+02,+6.173369E-06,+2.800585E-06,-1.033768E+02,+4.258899E-01
+7.326660E+02,-2.240504E-06,-1.392967E-06,-1.115738E+02,-2.585355E+00
+7.329102E+02,+2.200869E-06,-3.768289E-06,-1.072025E+02,-1.042187E+00
+7.331543E+02,-3.801866E-06,+2.339539E-06,-1.070054E+02,+2.589951E+00
+7.333984E+02,+6.303941E-06,+7.507685E-07,-1.039466E+02,+1.185368E-01
+7.336426E+02,-7.790833E-06,+1.808210E-06,-1.019405E+02,+2.913536E+00
+7.338867E+02,-1.755332E-08,-2.708047E-06,-1.113467E+02,-1.577278E+00
+7.341309E+02,+6.253049E-06,+1.074079E-06,-1.039519E+02,+1.701088E-01
+7.343750E+02,-3.675726E-07,-2.076827E-06,-1.135180E+02,-1.745970E+00
+7.346191E+02,-3.401382E-06,+3.962137E-06,-1.056435E+02,+2.280188E+00
+7.348633E+02,+2.955486E-06,-4.353713E-06,-1.055768E+02,-9.744115E-01
+7.351074E+02,-8.835143E-06,+7.277303E-06,-9.882666E+01,+2.452580E+00
+7.353516E+02,+1.097633E-05,-4.117466E-06,-9.861908E+01,-3.588779E-01
+7.355957E+02,-3.938923E-06,-2.743218E-06,-1.063751E+02,-2.533261E+00
+7.358398E+02,-2.294022E-06,+4.762256E-07,-1.126048E+02,+2.936906E+00
+7.360840E+02,+3.798115E-06,+3.019897E-07,-1.083813E+02,+7.934348E-02
+7.363281E+02,-7.447596E-07,+2.176449E-06,-1.127641E+02,+1.900497E+00
+7.365723E+02,-5.612295E-07,-3.346042E-06,-1.093889E+02,-1.736979E+00
+7.368164E+02,-3.332475E-06,-1.098746E-06,-1.090965E+02,-2.823108E+00
+7.370605E+02,+3.766580E-06,+8.693120E-06,-1.004693E+02,+1.161931E+00
+7.373047E+02,-8.853035E-07,-1.015012E-05,-9.983766E+01,-1.657797E+00
+7.375488E+02,+4.335497E-06,+7.261834E-06,-1.014551E+02,+1.032567E+00
+7.377930E+02,-6.776425E-06,-3.972933E-06,-1.020969E+02,-2.611317E+00
+7.380371E+02,+4.303816E-06,-1.328774E-06,-1.069275E+02,-2.994587E-01
+7.382812E+02,-5.982823E-06,-1.373632E-06,-1.042388E+02,-2.915908E+00
+7.385254E+02,+1.673595E-06,+1.324573E-05,-9.748970E+01,+1.445113E+00
+7.387695E+02,+8.414189E-06,-1.414494E-05,-9.567226E+01,-1.034168E+00
+7.390137E+02,-9.579989E-06,+1.980280E-06,-1.001910E+02,+2.937753E+00
+7.392578E+02,+5.470220E-06,+6.953494E-06,-1.010638E+02,+9.042262E-01
+7.395020E+02,-1.674174E-06,-8.071394E-06,-1.016781E+02,-1.775317E+00
+7.397461E+02,-1.455038E-06,-1.401948E-06,-1.138906E+02,-2.374775E+00
+7.399902E+02,+5.341050E-07,+9.803683E-06,-1.001593E+02,+1.516370E+00
+7.402344E+02,+4.397462E-07,-7.649982E-06,-1.023125E+02,-1.513376E+00
+7.404785E+02,+5.668071E-06,+2.649103E-06,-1.040733E+02,+4.372070E-01
+7.407227E+02,-1.182377E-05,+1.109742E-06,-9.850678E+01,+3.048010E+00
+7.409668E+02,+8.227111E-06,-4.274328E-06,-1.006573E+02,-4.791585E-01
+7.412109E+02,-1.057634E-06,+7.904408E-06,-1.019656E+02,+1.703809E+00
+7.414551E+02,+2.076987E-06,-5.457121E-06,-1.046732E+02,-1.207124E+00
+7.416992E+02,-2.017477E-06,-2.285243E-06,-1.103186E+02,-2.294043E+00
+7.419434E+02,-6.900792E-06,+7.049574E-06,-1.001181E+02,+2.345530E+00
+7.421875E+02,+6.153335E-06,-9.135221E-06,-9.916083E+01,-9.780204E-01
+7.424316E+02,-2.423716E-06,+5.103905E-06,-1.049588E+02,+2.014143E+00
+7.426758E+02,+3.570571E-06,+4.097571E-06,-1.052960E+02,+8.540162E-01
+7.429199E+02,+2.657957E-06,-1.288846E-05,-9.761509E+01,-1.367420E+00
+7.431641E+02,-4.303740E-06,+8.235117E-06,-1.006379E+02,+2.052366E+00
+7.434082E+02,-5.517627E-06,+5.703846E-06,-1.020081E+02,+2.339601E+00
+7.436523E+02,+7.005407E-06,-7.177746E-06,-9.997421E+01,-7.975485E-01
+7.438965E+02,-3.538538E-06,+1.350819E-06,-1.084327E+02,+2.776922E+00
+7.441406E+02,+7.681893E-06,-1.798283E-06,-1.020589E+02,-2.299529E-01
+7.443848E+02,-1.103459E-05,+2.089742E-06,-9.899184E+01,+2.954428E+00
+7.446289E+02,+3.278019E-06,-1.482039E-06,-1.088800E+02,-4.246107E-01
+7.448730E+02,+7.027563E-06,+4.629439E-06,-1.014985E+02,+5.825050E-01
+7.451172E+02,-8.118001E-06,-3.114543E-06,-1.012146E+02,-2.775252E+00
+7.453613E+02,+6.102646E-06,-1.853398E-06,-1.039065E+02,-2.948515E-01
+7.456055E+02,-1.161715E-05,-3.901339E-07,-9.869312E+01,-3.108023E+00
+7.458496E+02,+1.309566E-05,+6.426058E-06,-9.672047E+01,+4.561809E-01
+7.460938E+02,-2.350565E-06,-8.665094E-06,-1.009362E+02,-1.835690E+00
+7.463379E+02,-7.617411E-06,+4.891920E-06,-1.008642E+02,+2.570719E+00
+7.465820E+02,+7.434697E-06,+1.078014E-06,-1.024844E+02,+1.439942E-01
+7.468262E+02,-5.771054E-06,-2.645002E-06,-1.039468E+02,-2.711840E+00
+7.470703E+02,+5.155593E-06,+7.662478E-07,-1.056595E+02,+1.475445E-01
+7.473145E+02,-4.540179E-06,+9.646974E-07,-1.066668E+02,+2.932226E+00
+7.475586E+02,+2.915539E-06,+1.647223E-06,-1.095025E+02,+5.142718E-01
+7.478027E+02,+3.680824E-06,-2.502908E-06,-1.070305E+02,-5.971669E-01
+7.480469E+02,-9.349217E-06,-5.467548E-07,-1.005697E+02,-3.083178E+00
+7.482910E+02,+1.238434E-05,+3.143100E-06,-9.787144E+01,+2.485484E-01
+7.485352E+02,-1.011893E-05,-4.750243E-06,-9.903237E+01,-2.702690E+00
+7.487793E+02,+2.378758E-06,+3.099344E-09,-1.124730E+02,+1.302924E-03
+7.490234E+02,+2.487038E-06,+1.233384E-07,-1.120757E+02,+4.955190E-02
+7.492676E+02,-8.165377E-06,+6.922727E-06,-9.940825E+01,+2.438369E+00
+7.495117E+02,+1.234260E-05,-1.982800E-06,-9.806121E+01,-1.592859E-01
+7.497559E+02,-1.062109E-05,-2.869363E-06,-9.917068E+01,-2.877734E+00
+7.500000E+02,+7.948021E-06,-5.126988E-06,-1.004839E+02,-5.728979E-01
+7.502441E+02,-4.757160E-06,+9.894973E-06,-9.918865E+01,+2.018938E+00
+7.504883E+02,+1.389219E-06,-3.208236E-06,-1.091283E+02,-1.162155E+00
+7.507324E+02,-2.777517E-06,-3.882892E-06,-1.064223E+02,-2.191731E+00
+7.509766E+02,+8.873985E-07,+3.927807E-06,-1.079008E+02,+1.348599E+00
+7.512207E+02,-2.041670E-06,+1.843808E-06,-1.112102E+02,+2.407074E+00
+7.514648E+02,+9.780391E-06,-6.188937E-06,-9.873028E+01,-5.641817E-01
+7.517090E+02,-7.459054E-06,+3.206188E-06,-1.018100E+02,+2.735631E+00
+7.519531E+02,+2.800936E-06,+3.739621E-06,-1.066095E+02,+9.279423E-01
+7.521973E+02,-3.101789E-06,-4.138244E-06,-1.057274E+02,-2.214005E+00
+7.524414E+02,-2.759135E-06,+2.639523E-06,-1.083625E+02,+2.378347E+00
+7.526855E+02,+9.349505E-06,-7.058637E-06,-9.862527E+01,-6.466771E-01
+7.529297E+02,-7.464966E-06,+5.612204E-06,-1.005937E+02,+2.496937E+00
+7.531738E+02,+2.804070E-06,+4.132566E-06,-1.060309E+02,+9.746256E-01
+7.534180E+02,+2.846600E-07,-4.307795E-06,-1.072960E+02,-1.504812E+00
+7.536621E+02,-1.326082E-06,-3.729715E-07,-1.172179E+02,-2.867418E+00
+7.539062E+02,+2.809728E-06,+8.228321E-07,-1.106694E+02,+2.848854E-01
+7.541504E+02,-2.173681E-06,-8.479068E-07,-1.126410E+02,-2.769668E+00
+7.543945E+02,-1.136692E-07,-3.707533E-06,-1.086142E+02,-1.601446E+00
+7.546387E+02,-2.105164E-06,+6.854504E-06,-1.028890E+02,+1.868774E+00
+7.548828E+02,+2.831393E-06,+1.216182E-06,-1.102246E+02,+4.057053E-01
+7.551270E+02,-1.316164E-06,-5.107124E-07,-1.170047E+02,-2.771447E+00
+7.553711E+02,+1.953068E-06,-1.017566E-05,-9.969163E+01,-1.381167E+00
+7.556152E+02,+1.470988E-06,+9.247911E-06,-1.005706E+02,+1.413056E+00
+7.558594E+02,-1.452925E-06,-3.119542E-06,-1.092656E+02,-2.006670E+00
+7.561035E+02,-9.033937E-06,-6.141099E-07,-1.008624E+02,-3.073719E+00
+7.563477E+02,+1.305401E-05,+5.947998E-06,-9.686584E+01,+4.275385E-01
+7.565918E+02,-2.917849E-06,-7.400270E-06,-1.019875E+02,-1.946370E+00
+7.568359E+02,-2.865523E-06,+4.287665E-06,-1.057520E+02,+2.159941E+00
+7.570801E+02,-3.411112E-06,-1.306576E-06,-1.087475E+02,-2.775796E+00
+7.573242E+02,+7.407929E-06,+7.546489E-07,-1.025612E+02,+1.015202E-01
+7.575684E+02,-3.421118E-06,-1.885321E-06,-1.081649E+02,-2.637918E+00
+7.578125E+02,-1.727794E-07,+2.342421E-06,-1.125831E+02,+1.644424E+00
+7.580566E+02,+1.980313E-06,-5.035579E-06,-1.053345E+02,-1.196110E+00
+7.583008E+02,-2.222702E-07,+6.293823E-06,-1.040163E+02,+1.606097E+00
+7.585449E+02,-5.030484E-06,+4.735283E-07,-1.059295E+02,+3.047737E+00
+7.587891E+02,+5.253555E-06,-3.675906E-06,-1.038603E+02,-6.105238E-01
+7.590332E+02,-9.449221E-08,+3.995567E-06,-1.079660E+02,+1.594441E+00
+7.592773E+02,+8.082918E-07,-4.919742E-06,-1.060455E+02,-1.407956E+00
+7.595215E+02,-1.759157E-06,-6.044353E-07,-1.146093E+02,-2.810636E+00
+7.597656E+02,-1.209308E-06,+9.103534E-06,-1.007398E+02,+1.702863E+00
+7.600098E+02,-1.309664E-06,-8.926437E-06,-1.008939E+02,-1.716474E+00
+7.602539E+02,+2.221212E-06,-2.362612E-06,-1.097816E+02,-8.162360E-01
+7.604980E+02,+1.572104E-06,+9.161028E-06,-1.006351E+02,+1.400844E+00
+7.607422E+02,-2.574386E-06,-5.463037E-06,-1.043804E+02,-2.011170E+00
+7.609863E+02,+1.491237E-07,+4.714193E-06,-1.065275E+02,+1.539174E+00
+7.612305E+02,+3.796720E-06,-1.077355E-05,-9.884441E+01,-1.231975E+00
+7.614746E+02,-1.029510E-06,+1.314595E-05,-9.759761E+01,+1.648951E+00
+7.617188E+02,-6.138928E-06,-9.499776E-06,-9.893021E+01,-2.144508E+00
+7.619629E+02,+1.019927E-05,+1.672602E-06,-9.971336E+01,+1.625455E-01
+7.622070E+02,-6.297306E-06,+8.947539E-07,-1.039301E+02,+3.000452E+00
+7.624512E+02,-1.396584E-06,+6.091449E-06,-1.040831E+02,+1.796171E+00
+7.626953E+02,+5.859056E-06,-7.755762E-06,-1.002466E+02,-9.238192E-01
+7.629395E+02,-8.415885E-06,+1.588819E-06,-1.013459E+02,+2.955001E+00
+7.631836E+02,+7.918637E-06,+5.401467E-06,-1.003678E+02,+5.986254E-01
+7.634277E+02,-4.858509E-07,-1.286780E-05,-9.780373E+01,-1.608536E+00
+7.636719E+02,-1.304983E-07,+1.302469E-05,-9.770422E+01,+1.580815E+00
+7.639160E+02,-5.751937E-06,-5.387097E-06,-1.020687E+02,-2.388936E+00
+7.641602E+02,+2.760757E-06,+3.526277E-06,-1.069775E+02,+9.065634E-01
+7.644043E+02,+3.716894E-06,-6.561460E-07,-1.084631E+02,-1.747305E-01
+7.646484E+02,-4.896509E-06,-6.074636E-06,-1.021555E+02,-2.249220E+00
+7.648926E+02,+1.820024E-06,+7.089274E-06,-1.027108E+02,+1.319494E+00
+7.651367E+02,+2.785624E-07,-7.922855E-06,-1.020170E+02,-1.535651E+00
+7.653809E+02,-4.186575E-07,+6.046496E-06,-1.043492E+02,+1.639926E+00
+7.656250E+02,+5.293271E-06,-1.357583E-06,-1.052489E+02,-2.510620E-01
+7.658691E+02,-7.110193E-06,-1.752248E-06,-1.027063E+02,-2.899966E+00
+7.661133E+02,-1.089018E-06,-1.035752E-06,-1.164613E+02,-2.381258E+00
+7.663574E+02,+1.108568E-05,+3.324604E-06,-9.873073E+01,+2.913657E-01
+7.666016E+02,-1.463570E-05,+8.486307E-07,-9.667715E+01,+3.083674E+00
+7.668457E+02,+6.438367E-06,-3.534644E-06,-1.026804E+02,-5.020728E-01
+7.670898E+02,+3.566916E-06,+4.094889E-06,-1.053031E+02,+8.541991E-01
+7.673340E+02,-7.463168E-06,-5.791139E-06,-1.004946E+02,-2.481682E+00
+7.675781E+02,+8.346597E-06,+4.268466E-06,-1.005608E+02,+4.727276E-01
+7.678223E+02,-6.444759E-06,-3.472992E-06,-1.027086E+02,-2.647322E+00
+7.680664E+02,+3.171620E-06,-1.083181E-06,-1.094952E+02,-3.291030E-01
+7.683105E+02,+3.641572E-07,+6.983381E-06,-1.031069E+02,+1.518697E+00
+7.685547E+02,-4.741697E-06,+1.602537E-06,-1.060116E+02,+2.815678E+00
+7.687988E+02,+9.404554E-06,-1.089684E-05,-9.683638E+01,-8.587728E-01
+7.690430E+02,-1.108566E-05,+8.939991E-06,-9.692900E+01,+2.462933E+00
+7.692871E+02,+8.368706E-06,+3.582247E-07,-1.015389E+02,+4.277915E-02
+7.695312E+02,-5.870397E-06,-7.410198E-06,-1.004880E+02,-2.240766E+00
+7.697754E+02,+5.814728E-06,+4.693321E-06,-1.025307E+02,+6.790817E-01
+7.700195E+02,-6.949770E-06,-2.228542E-06,-1.027355E+02,-2.831287E+00
+7.702637E+02,+6.203329E-06,-5.703853E-07,-1.041109E+02,-9.169044E-02
+7.705078E+02,-4.031617E-06,+3.108607E-06,-1.058641E+02,+2.484751E+00
+7.707520E+02,+9.835649E-06,-1.312140E-06,-1.000673E+02,-1.326235E-01
+7.709961E+02,-1.325442E-05,-9.433080E-07,-9.753084E+01,-3.070543E+00
+7.712402E+02,+7.791241E-06,+2.801095E-06,-1.016400E+02,+3.451293E-01
+7.714844E+02,-4.502393E-06,-2.260062E-06,-1.059552E+02,-2.676371E+00
+7.717285E+02,+5.687808E-06,-1.491803E-06,-1.046122E+02,-2.565032E-01
+7.719727E+02,-4.705116E-06,-1.227006E-06,-1.062629E+02,-2.886493E+00
+7.722168E+02,-1.875148E-06,+4.330092E-06,-1.065236E+02,+1.979466E+00
+7.724609E+02,+5.558137E-06,-1.325350E-06,-1.048612E+02,-2.340811E-01
+7.727051E+02,-7.917380E-06,-5.299456E-08,-1.020282E+02,-3.134899E+00
+7.729492E+02,+7.843871E-06,+1.618883E-06,-1.019282E+02,+2.035306E-01
+7.731934E+02,-8.191262E-06,-5.248456E-06,-1.002391E+02,-2.571756E+00
+7.734375E+02,+1.149139E-05,+4.600608E-06,-9.814691E+01,+3.808104E-01
+7.736816E+02,-5.369362E-06,-1.292400E-06,-1.051570E+02,-2.905387E+00
+7.739258E+02,-3.774498E-06,+2.424216E-06,-1.069629E+02,+2.570677E+00
+7.741699E+02,+1.127652E-06,-5.467909E-06,-1.050627E+02,-1.367417E+00
+7.744141E+02,+2.601997E-06,+3.497390E-06,-1.072120E+02,+9.311576E-01
+7.746582E+02,+1.881548E-06,-1.480900E-06,-1.124160E+02,-6.668037E-01
+7.749023E+02,-4.651852E-06,+1.909140E-07,-1.066402E+02,+3.100575E+00
+7.751465E+02,+4.685486E-06,+2.546728E-06,-1.054608E+02,+4.978666E-01
+7.753906E+02,-4.934197E-06,+7.289936E-07,-1.060419E+02,+2.994911E+00
+7.756348E+02,+2.402890E-06,-7.275023E-06,-1.023136E+02,-1.251784E+00
+7.758789E+02,+5.470151E-07,+7.667948E-07,-1.205198E+02,+9.511476E-01
+7.761230E+02,-7.273733E-06,+6.291212E-06,-1.003392E+02,+2.428499E+00
+7.763672E+02,+6.145039E-06,+2.646250E-06,-1.034907E+02,+4.066312E-01
+7.766113E+02,+2.012605E-06,-8.879899E-06,-1.008143E+02,-1.347915E+00
+7.768555E+02,-2.866574E-06,+7.723758E-06,-1.016830E+02,+1.926176E+00
+7.770996E+02,+1.358444E-07,-8.951863E-06,-1.009607E+02,-1.555622E+00
+7.773438E+02,-1.327304E-06,+7.466760E-06,-1.024023E+02,+1.746720E+00
+7.775879E+02,+7.842104E-06,+2.170060E-07,-1.021080E+02,+2.766486E-02
+7.778320E+02,-5.881098E-06,-3.083831E-06,-1.035559E+02,-2.658645E+00
+7.780762E+02,-8.369588E-06,+3.811197E-07,-1.015369E+02,+3.096088E+00
+7.783203E+02,+1.396443E-05,-3.035113E-06,-9.689908E+01,-2.140175E-01
+7.785645E+02,-6.095327E-06,+6.817461E-06,-1.007763E+02,+2.300329E+00
+7.788086E+02,-8.792516E-07,-8.958848E-08,-1.210729E+02,-3.040051E+00
+7.790527E+02,+1.247462E-06,-8.664421E-06,-1.011561E+02,-1.427804E+00
+7.792969E+02,-2.933066E-06,+3.226586E-06,-1.072093E+02,+2.308578E+00
+7.795410E+02,+6.541987E-07,+7.590118E-06,-1.023629E+02,+1.484818E+00
+7.797852E+02,+7.453826E-06,-8.735098E-06,-9.879882E+01,-8.643786E-01
+7.800293E+02,-7.680260E-06,+2.361861E-06,-1.019000E+02,+2.843248E+00
+7.802734E+02,+1.709905E-06,+2.249634E-06,-1.109774E+02,+9.208743E-01
+7.805176E+02,-5.379507E-07,-1.071756E-06,-1.184223E+02,-2.035990E+00
+7.807617E+02,+1.063751E-06,-1.683123E-07,-1.193558E+02,-1.569244E-01
+7.810059E+02,+9.502983E-07,+1.483238E-06,-1.150821E+02,+1.000993E+00
+7.812500E+02,-4.817515E-06,-1.545058E-06,-1.059183E+02,-2.831240E+00
+7.814941E+02,+4.296971E-06,+1.416961E-06,-1.068885E+02,+3.185294E-01
+7.817383E+02,+1.238840E-06,-4.589677E-06,-1.064589E+02,-1.307160E+00
+7.819824E+02,-2.375950E-06,+5.498487E-06,-1.044517E+02,+1.978674E+00
+7.822266E+02,+4.793347E-07,-3.332732E-06,-1.094551E+02,-1.427950E+00
+7.824707E+02,-1.762062E-06,+3.287752E-06,-1.085654E+02,+2.062787E+00
+7.827148E+02,+2.109908E-06,-7.018773E-06,-1.026991E+02,-1.278781E+00
+7.829590E+02,+1.686275E-06,+1.114661E-05,-9.895888E+01,+1.420653E+00
+7.832031E+02,-3.223029E-06,-7.428185E-06,-1.018332E+02,-1.980174E+00
+7.834473E+02,+6.714603E-07,+3.129969E-06,-1.098938E+02,+1.359473E+00
+7.836914E+02,-1.563087E-06,+1.716952E-06,-1.126832E+02,+2.309319E+00
+7.839355E+02,+1.713842E-06,-1.216745E-05,-9.821069E+01,-1.430862E+00
+7.841797E+02,+7.157594E-06,+1.507741E-05,-9.555083E+01,+1.127574E+00
+7.844238E+02,-9.350446E-06,-9.185310E-06,-9.764975E+01,-2.365103E+00
+7.846680E+02,-8.113456E-07,+5.091909E-06,-1.057535E+02,+1.728808E+00
+7.849121E+02,+3.834712E-06,-3.494855E-06,-1.056994E+02,-7.390634E-01
+7.851562E+02,-1.406360E-06,+4.131426E-06,-1.072018E+02,+1.898898E+00
+7.854004E+02,+2.205171E-06,+3.368541E-06,-1.079022E+02,+9.911684E-01
+7.856445E+02,-3.153713E-06,-1.207571E-05,-9.807520E+01,-1.826252E+00
+7.858887E+02,+2.544483E-06,+7.086850E-06,-1.024643E+02,+1.226088E+00
+7.861328E+02,-1.755075E-06,+1.421898E-06,-1.129225E+02,+2.460685E+00
+7.863770E+02,+6.020433E-06,-4.377796E-06,-1.025641E+02,-6.287202E-01
+7.866211E+02,-7.565523E-06,+2.708604E-06,-1.018994E+02,+2.797791E+00
+7.868652E+02,+5.406151E-06,-1.214282E-06,-1.051285E+02,-2.209443E-01
+7.871094E+02,-1.536552E-06,-4.934221E-07,-1.158428E+02,-2.830871E+00
+7.873535E+02,-4.951197E-06,-7.157003E-07,-1.060160E+02,-2.998036E+00
+7.875977E+02,+2.536529E-06,+4.490846E-06,-1.057509E+02,+1.056645E+00
+7.878418E+02,+6.357498E-06,-2.092831E-06,-1.034874E+02,-3.180179E-01
+7.880859E+02,-4.478346E-06,-3.108798E-06,-1.052695E+02,-2.534781E+00
+7.883301E+02,-2.681619E-06,+6.422304E-06,-1.031482E+02,+1.966338E+00
+7.885742E+02,+4.449854E-06,-2.114658E-06,-1.061488E+02,-4.436274E-01
+7.888184E+02,-4.391778E-06,-2.900851E-06,-1.055748E+02,-2.557859E+00
+7.890625E+02,+2.861932E-07,+3.937175E-06,-1.080734E+02,+1.498234E+00
+7.893066E+02,+1.230410E-06,-4.873491E-06,-1.059748E+02,-1.323494E+00
+7.895508E+02,-8.692069E-07,+7.060438E-06,-1.029580E+02,+1.693289E+00
+7.897949E+02,+6.603935E-06,-6.080494E-06,-1.009375E+02,-7.441551E-01
+7.900391E+02,-6.032556E-06,-4.237613E-07,-1.043686E+02,-3.071462E+00
+7.902832E+02,+6.733590E-07,+5.581362E-06,-1.050024E+02,+1.450732E+00
+7.905273E+02,-1.165660E-06,-6.966956E-06,-1.030192E+02,-1.736573E+00
+7.907715E+02,+5.614861E-06,+8.089663E-06,-1.001337E+02,+9.640557E-01
+7.910156E+02,-7.529769E-06,-7.046346E-06,-9.973268E+01,-2.389348E+00
+7.912598E+02,+7.209193E-06,+1.005472E-07,-1.028414E+02,+1.394618E-02
+7.915039E+02,-4.902639E-06,+8.124438E-07,-1.060737E+02,+2.977370E+00
+7.917480E+02,+2.165089E-06,+2.307803E-06,-1.099941E+02,+8.172937E-01
+7.919922E+02,-3.657783E-06,-3.355244E-06,-1.060841E+02,-2.399307E+00
+7.922363E+02,+3.588070E-06,+5.364478E-06,-1.038036E+02,+9.812787E-01
+7.924805E+02,+4.700423E-08,-1.312206E-07,-1.371157E+02,-1.226828E+00
+7.927246E+02,+1.218931E-06,-4.433413E-06,-1.067487E+02,-1.302484E+00
+7.929688E+02,-6.643875E-07,+3.614328E-06,-1.086951E+02,+1.752587E+00
+7.932129E+02,-6.738390E-07,-9.469839E-06,-1.004512E+02,-1.641833E+00
+7.934570E+02,-3.772812E-06,+1.517778E-05,-9.611546E+01,+1.814433E+00
+7.937012E+02,+9.914176E-06,-1.129456E-05,-9.646165E+01,-8.503920E-01
+7.939453E+02,-9.561081E-06,+1.710225E-06,-1.002531E+02,+2.964591E+00
+7.941895E+02,+3.704470E-06,+3.968426E-06,-1.053060E+02,+8.197857E-01
+7.944336E+02,+8.504384E-07,-1.748083E-06,-1.142262E+02,-1.118009E+00
+7.946777E+02,-8.010889E-09,+1.270605E-06,-1.179196E+02,+1.577101E+00
+7.949219E+02,-1.651994E-06,-1.153212E-06,-1.139158E+02,-2.532161E+00
+7.951660E+02,-2.487611E-06,-2.941549E-06,-1.082854E+02,-2.272778E+00
+7.954102E+02,+7.210087E-06,+1.478846E-06,-1.026622E+02,+2.023021E-01
+7.956543E+02,-6.904648E-06,+6.306364E-07,-1.031811E+02,+3.050510E+00
+7.958984E+02,-1.788643E-06,-1.611356E-06,-1.123689E+02,-2.408291E+00
+7.961426E+02,+1.149884E-05,+7.422884E-06,-9.727409E+01,+5.732286E-01
+7.963867E+02,-6.811904E-06,-1.159718E-05,-9.742570E+01,-2.101882E+00
+7.966309E+02,-7.120680E-06,+1.086826E-05,-9.772568E+01,+2.150805E+00
+7.968750E+02,+1.296387E-05,-8.601598E-06,-9.616096E+01,-5.858107E-01
+7.971191E+02,-4.211682E-06,+8.940730E-06,-1.001022E+02,+2.011031E+00
+7.973633E+02,-3.627958E-06,-9.311439E-06,-1.000059E+02,-1.942326E+00
+7.976074E+02,+4.917641E-06,+4.186411E-06,-1.037977E+02,+7.052511E-01
+7.978516E+02,-7.204564E-06,+2.815293E-07,-1.028412E+02,+3.102536E+00
+7.980957E+02,+3.429706E-06,-1.916666E-06,-1.081145E+02,-5.096068E-01
+7.983398E+02,+7.056092E-06,+8.671992E-07,-1.029636E+02,+1.222875E-01
+7.985840E+02,-7.050970E-06,-2.254445E-06,-1.026123E+02,-2.832130E+00
+7.988281E+02,-2.217787E-06,+3.285535E-06,-1.080373E+02,+2.164557E+00
+7.990723E+02,+4.660677E-06,+6.187508E-07,-1.065551E+02,+1.319880E-01
+7.993164E+02,-8.899803E-06,-3.634766E-06,-1.003424E+02,-2.753858E+00
+7.995605E+02,+1.453731E-05,+2.939069E-06,-9.657634E+01,+1.994853E-01
+7.998047E+02,-6.454627E-06,+8.973362E-07,-1.037194E+02,+3.003456E+00
+8.000488E+02,-1.861550E-06,-3.111861E-06,-1.088111E+02,-2.109900E+00
+8.002930E+02,+1.418371E-06,+2.369983E-06,-1.111756E+02,+1.031500E+00
+8.005371E+02,-1.057369E-06,-3.116179E-06,-1.096543E+02,-1.897921E+00
+8.007812E+02,-4.500338E-07,+5.021855E-06,-1.059480E+02,+1.660173E+00
+8.010254E+02,+1.333381E-06,-6.397680E-06,-1.036949E+02,-1.365321E+00
+8.012695E+02,+6.185375E-08,+2.543213E-06,-1.118898E+02,+1.546480E+00
+8.015137E+02,-1.501342E-06,+2.099130E-06,-1.117650E+02,+2.191665E+00
+8.017578E+02,+2.648987E-06,-3.998727E-06,-1.063814E+02,-9.857133E-01
+8.020020E+02,-2.163035E-06,+7.515057E-06,-1.021357E+02,+1.851048E+00
+8.022461E+02,-8.151461E-07,-4.239348E-06,-1.072964E+02,-1.760759E+00
+8.024902E+02,+5.700483E-06,-8.149098E-06,-1.000479E+02,-9.603904E-01
+8.027344E+02,-7.816101E-06,+7.442591E-06,-9.933735E+01,+2.380668E+00
+8.029785E+02,+6.782319E-06,-3.868125E-08,-1.033723E+02,-5.703186E-03
+8.032227E+02,-6.126580E-06,+1.240194E-06,-1.040812E+02,+2.941863E+00
+8.034668E+02,+1.214672E-06,-1.227181E-06,-1.152558E+02,-7.905207E-01
+8.037109E+02,+6.746164E-06,-3.743283E-06,-1.022532E+02,-5.065789E-01
+8.039551E+02,-8.445259E-06,+4.839866E-06,-1.002344E+02,+2.621197E+00
+8.041992E+02,+2.684782E-06,-2.710390E-06,-1.083701E+02,-7.901446E-01
+8.044434E+02,+2.473946E-06,+5.316498E-06,-1.046362E+02,+1.135264E+00
+8.046875E+02,-3.475652E-06,+4.712283E-07,-1.091002E+02,+3.006835E+00
+8.049316E+02,+2.132984E-06,-1.009732E-05,-9.972627E+01,-1.362614E+00
+8.051758E+02,-4.190435E-06,+5.202483E-06,-1.035042E+02,+2.248863E+00
+8.054199E+02,+6.141462E-06,-1.274879E-06,-1.040513E+02,-2.046786E-01
+8.056641E+02,-2.575499E-06,+2.409451E-06,-1.090523E+02,+2.389492E+00
+8.059082E+02,+8.678553E-07,+8.890290E-07,-1.181148E+02,+7.974494E-01
+8.061523E+02,-1.023759E-06,-5.059252E-07,-1.188471E+02,-2.682609E+00
+8.063965E+02,-1.098181E-06,-2.041188E-06,-1.126983E+02,-2.064388E+00
+8.066406E+02,-1.017749E-06,-4.660207E-07,-1.190205E+02,-2.712194E+00
+8.068848E+02,+2.259762E-06,+2.866973E-06,-1.087530E+02,+9.032891E-01
+8.071289E+02,-2.481993E-06,-2.016215E-06,-1.099032E+02,-2.459374E+00
+8.073730E+02,+6.775148E-07,-1.489225E-06,-1.157238E+02,-1.143838E+00
+8.076172E+02,+5.723641E-06,+1.575021E-06,-1.045296E+02,+2.685319E-01
+8.078613E+02,-6.722165E-06,+4.962513E-07,-1.034262E+02,+3.067903E+00
+8.081055E+02,+3.455069E-06,+2.995838E-06,-1.067959E+02,+7.143294E-01
+8.083496E+02,-2.585686E-06,-4.021077E-06,-1.064102E+02,-2.142258E+00
+8.085938E+02,+1.391759E-06,-5.518288E-06,-1.048961E+02,-1.323740E+00
+8.088379E+02,+2.101965E-07,+1.320837E-05,-9.758191E+01,+1.554884E+00
+8.090820E+02,+5.885760E-07,-8.500655E-06,-1.013902E+02,-1.501668E+00
+8.093262E+02,-3.246246E-06,+2.236238E-06,-1.080858E+02,+2.538376E+00
+8.095703E+02,+5.876117E-06,+3.636530E-06,-1.032100E+02,+5.541763E-01
+8.098145E+02,-8.004448E-06,-5.355475E-06,-1.003268E+02,-2.551933E+00
+8.100586E+02,+8.095868E-06,+7.404545E-07,-1.017986E+02,+9.120704E-02
+8.103027E+02,-5.735099E-06,+4.125019E-07,-1.048068E+02,+3.069790E+00
+8.105469E+02,+1.218961E-06,+1.995699E-06,-1.126212E+02,+1.022478E+00
+8.107910E+02,-6.780359E-07,-7.134986E-06,-1.028931E+02,-1.665542E+00
+8.110352E+02,+3.974475E-06,+7.853860E-06,-1.011081E+02,+1.102318E+00
+8.112793E+02,-4.576435E-06,+6.702336E-07,-1.066973E+02,+2.996173E+00
+8.115234E+02,+5.134943E-06,-2.497817E-06,-1.048669E+02,-4.527370E-01
+8.117676E+02,-2.704958E-06,-2.454391E-06,-1.087482E+02,-2.404722E+00
+8.120117E+02,-2.341581E-06,-7.060416E-07,-1.122319E+02,-2.848739E+00
+8.122559E+02,+5.771418E-07,+8.525402E-06,-1.013658E+02,+1.503203E+00
+8.125000E+02,+5.349050E-07,-7.760607E-06,-1.021815E+02,-1.501979E+00
+8.127441E+02,-2.546145E-06,+5.772571E-07,-1.116647E+02,+2.918643E+00
+8.129883E+02,+2.059955E-06,+1.457400E-06,-1.119604E+02,+6.157361E-01
+8.132324E+02,+5.917064E-06,-2.217988E-06,-1.039869E+02,-3.586356E-01
+8.134766E+02,-5.983652E-06,+4.094475E-06,-1.027927E+02,+2.541497E+00
+8.137207E+02,+3.060486E-06,-3.956901E-06,-1.060165E+02,-9.124521E-01
+8.139648E+02,-6.432584E-06,+6.261355E-06,-1.009376E+02,+2.369683E+00
+8.142090E+02,+8.405308E-06,-3.664130E-06,-1.007533E+02,-4.110923E-01
+8.144531E+02,-5.808169E-06,+2.789886E-06,-1.038176E+02,+2.693798E+00
+8.146973E+02,+3.155687E-06,-4.797094E-06,-1.048187E+02,-9.889343E-01
+8.149414E+02,-4.873075E-06,+1.212907E-06,-1.059829E+02,+2.897650E+00
+8.151855E+02,+5.542784E-06,+3.548822E-06,-1.036335E+02,+5.694975E-01
+8.154297E+02,+3.941940E-06,-3.951315E-06,-1.050652E+02,-7.865860E-01
+8.156738E+02,-8.287573E-06,+1.163683E-06,-1.015467E+02,+3.002092E+00
+8.159180E+02,-1.447213E-06,-1.932110E-06,-1.123452E+02,-2.213678E+00
+8.161621E+02,+6.241889E-06,+2.194703E-06,-1.035875E+02,+3.381073E-01
+8.164062E+02,-1.960128E-06,+3.736790E-06,-1.074944E+02,+2.053889E+00
+8.166504E+02,+1.503276E-06,-1.062330E-05,-9.938870E+01,-1.430222E+00
+8.168945E+02,-2.541720E-06,+7.625812E-06,-1.018968E+02,+1.892521E+00
+8.171387E+02,+4.657775E-06,-2.130161E-06,-1.058116E+02,-4.289365E-01
+8.173828E+02,-7.776040E-06,+3.901549E-06,-1.012097E+02,+2.676554E+00
+8.176270E+02,+7.646075E-06,-2.252072E-06,-1.019699E+02,-2.864397E-01
+8.178711E+02,-9.229034E-06,-1.601410E-06,-1.005680E+02,-2.969785E+00
+8.181152E+02,+1.207468E-05,-1.678522E-06,-9.827936E+01,-1.381266E-01
+8.183594E+02,-7.045301E-06,+6.518946E-06,-1.003559E+02,+2.394980E+00
+8.186035E+02,+1.314097E-08,-6.126416E-06,-1.042558E+02,-1.568651E+00
+8.188477E+02,-8.247359E-07,+1.580408E-06,-1.149786E+02,+2.051771E+00
+8.190918E+02,-7.475479E-07,+1.743154E-06,-1.144401E+02,+1.975922E+00
+8.193359E+02,+4.883151E-06,+1.616866E-06,-1.057742E+02,+3.197494E-01
+8.195801E+02,-4.607185E-06,-6.114670E-06,-1.023199E+02,-2.216511E+00
+8.198242E+02,+2.223965E-06,+5.781445E-06,-1.041600E+02,+1.203572E+00
+8.200684E+02,-4.928119E-06,+4.286792E-07,-1.061136E+02,+3.054825E+00
+8.203125E+02,+1.177047E-05,-2.456082E-06,-9.839903E+01,-2.057130E-01
+8.205566E+02,-1.086678E-05,-5.410447E-06,-9.831620E+01,-2.679636E+00
+8.208008E+02,+7.197309E-06,+6.893433E-06,-1.000296E+02,+7.638358E-01
+8.210449E+02,-5.349911E-06,-1.506733E-07,-1.054296E+02,-3.113436E+00
+8.212891E+02,-2.487126E-06,-2.568203E-06,-1.089342E+02,-2.340158E+00
+8.215332E+02,+1.112711E-05,+9.260270E-07,-9.904237E+01,+8.303125E-02
+8.217773E+02,-1.419025E-05,+5.397261E-06,-9.637341E+01,+2.778140E+00
+8.220215E+02,+1.028487E-05,-8.538887E-06,-9.747897E+01,-6.929088E-01
+8.222656E+02,-2.847066E-06,+6.500444E-06,-1.029790E+02,+1.983610E+00
+8.225098E+02,-2.451864E-07,-4.145885E-06,-1.076325E+02,-1.629867E+00
+8.227539E+02,+1.420948E-06,+4.179226E-06,-1.071030E+02,+1.243055E+00
+8.229980E+02,-2.853839E-06,-5.357509E-06,-1.043359E+02,-2.060245E+00
+8.232422E+02,+8.172847E-06,+1.706867E-06,-1.015671E+02,+2.058867E-01
+8.234863E+02,-1.326088E-05,+3.343827E-06,-9.728084E+01,+2.894585E+00
+8.237305E+02,+7.623307E-06,-6.748775E-06,-9.984386E+01,-7.246237E-01
+8.239746E+02,+2.309474E-07,+8.385624E-06,-1.015260E+02,+1.543262E+00
+8.242188E+02,-4.410898E-06,-5.651854E-06,-1.028904E+02,-2.233492E+00
+8.244629E+02,+6.463035E-06,-4.758254E-07,-1.037678E+02,-7.348999E-02
+8.247070E+02,+8.207960E-07,-1.762000E-06,-1.142270E+02,-1.134855E+00
+8.249512E+02,-5.052938E-06,+1.245170E-05,-9.743338E+01,+1.956295E+00
+8.251953E+02,-4.329241E-08,-9.841816E-06,-1.001384E+02,-1.575195E+00
+8.254395E+02,+3.688667E-06,+3.292937E-06,-1.061173E+02,+7.287769E-01
+8.256836E+02,-7.446487E-07,-3.954648E-06,-1.079065E+02,-1.756914E+00
+8.259277E+02,-4.780538E-06,+2.856974E-06,-1.050842E+02,+2.602921E+00
+8.261719E+02,+5.600733E-06,-2.136572E-06,-1.044450E+02,-3.644403E-01
+8.264160E+02,-2.045796E-06,-6.147981E-07,-1.134072E+02,-2.849661E+00
+8.266602E+02,+2.365384E-06,+3.970418E-06,-1.067041E+02,+1.033506E+00
+8.269043E+02,-2.013190E-06,+3.637442E-07,-1.137828E+02,+2.962841E+00
+8.271484E+02,-4.081604E-06,-2.342374E-06,-1.065470E+02,-2.620596E+00
+8.273926E+02,+5.605731E-06,-5.486819E-06,-1.021092E+02,-7.746786E-01
+8.276367E+02,+2.130822E-06,+8.033837E-06,-1.016063E+02,+1.311535E+00
+8.278809E+02,-8.126372E-06,-4.889268E-06,-1.004603E+02,-2.599957E+00
+8.281250E+02,+6.568844E-06,+5.658161E-06,-1.012399E+02,+7.110542E-01
+8.283691E+02,-7.350318E-06,-7.205142E-06,-9.974934E+01,-2.366168E+00
+8.286133E+02,+1.059497E-05,+4.593803E-06,-9.874986E+01,+4.091184E-01
+8.288574E+02,-4.339254E-06,-1.072762E-06,-1.069941E+02,-2.899230E+00
+8.291016E+02,+5.855217E-06,-3.031555E-06,-1.036177E+02,-4.777488E-01
+8.293457E+02,-9.896848E-06,+5.971154E-06,-9.874187E+01,+2.598722E+00
+8.295898E+02,-7.664666E-07,-7.181634E-06,-1.028263E+02,-1.677120E+00
+8.298340E+02,+5.775954E-06,+7.501951E-06,-1.004749E+02,+9.146636E-01
+8.300781E+02,-4.348693E-06,-8.767021E-06,-1.001876E+02,-2.031262E+00
+8.303223E+02,+5.107795E-06,+6.300384E-06,-1.018188E+02,+8.895579E-01
+8.305664E+02,-1.540613E-06,+2.117487E-06,-1.116385E+02,+2.199785E+00
+8.308105E+02,-2.025289E-06,-6.996477E-06,-1.027529E+02,-1.852567E+00
+8.310547E+02,+1.014151E-07,+7.604377E-06,-1.023780E+02,+1.557461E+00
+8.312988E+02,+6.080918E-07,-7.201006E-06,-1.028213E+02,-1.486551E+00
+8.315430E+02,+2.022492E-06,+3.299594E-06,-1.082455E+02,+1.020908E+00
+8.317871E+02,+2.233410E-06,-5.452213E-06,-1.045949E+02,-1.182013E+00
+8.320312E+02,-4.944938E-06,+1.121905E-05,-9.822984E+01,+1.985942E+00
+8.322754E+02,-1.510082E-06,-4.724054E-06,-1.060912E+02,-1.880189E+00
+8.325195E+02,+1.301942E-07,-4.272661E-06,-1.073820E+02,-1.540334E+00
+8.327637E+02,+6.023402E-06,-1.258929E-06,-1.042175E+02,-2.060403E-01
+8.330078E+02,-2.954229E-06,+1.073806E-05,-9.906462E+01,+1.839272E+00
+8.332520E+02,-2.168585E-06,-1.217056E-05,-9.815804E+01,-1.747129E+00
+8.334961E+02,+6.560220E-07,+5.723038E-06,-1.047908E+02,+1.456666E+00
+8.337402E+02,+4.531325E-07,+4.962983E-06,-1.060491E+02,+1.479746E+00
+8.339844E+02,+2.726616E-06,-8.761619E-06,-1.007469E+02,-1.269096E+00
+8.342285E+02,-4.217833E-06,+3.426564E-06,-1.052972E+02,+2.459337E+00
+8.344727E+02,-4.884715E-07,-3.892599E-06,-1.081274E+02,-1.695631E+00
+8.347168E+02,+3.724040E-06,+1.007957E-05,-9.937545E+01,+1.216888E+00
+8.349609E+02,-1.488850E-06,-1.054757E-05,-9.945126E+01,-1.711025E+00
+8.352051E+02,+4.151642E-08,+7.244958E-06,-1.027991E+02,+1.565066E+00
+8.354492E+02,+7.052838E-07,-2.074512E-06,-1.131867E+02,-1.243080E+00
+8.356934E+02,-1.162525E-06,-3.676618E-06,-1.082772E+02,-1.877043E+00
+8.359375E+02,-2.885079E-07,-8.813545E-07,-1.206549E+02,-1.887149E+00
+8.361816E+02,+3.275964E-06,+1.332652E-06,-1.090282E+02,+3.863521E-01
+8.364258E+02,-6.729171E-07,+3.146278E-06,-1.098498E+02,+1.781499E+00
+8.366699E+02,-8.675041E-06,-2.670340E-06,-1.008414E+02,-2.842978E+00
+8.369141E+02,+8.769049E-06,+3.972810E-06,-1.003302E+02,+4.253867E-01
+8.371582E+02,-1.659795E-06,-9.677834E-08,-1.155842E+02,-3.083351E+00
+8.374023E+02,-1.645326E-06,-5.510310E-06,-1.048056E+02,-1.860959E+00
+8.376465E+02,-6.693517E-07,-3.169090E-06,-1.097918E+02,-1.778950E+00
+8.378906E+02,+3.071630E-06,+1.023247E-05,-9.942569E+01,+1.279170E+00
+8.381348E+02,-4.675785E-06,-4.389780E-06,-1.038581E+02,-2.387733E+00
+8.383789E+02,+4.138519E-06,+2.470337E-07,-1.076477E+02,+5.962059E-02
+8.386230E+02,+1.244034E-07,+3.034798E-07,-1.296828E+02,+1.181765E+00
+8.388672E+02,-1.290829E-06,-4.913339E-07,-1.171950E+02,-2.777891E+00
+8.391113E+02,+1.222888E-06,+6.502762E-06,-1.035871E+02,+1.384911E+00
+8.393555E+02,-6.140710E-07,-1.345598E-05,-9.741266E+01,-1.616400E+00
+8.395996E+02,-3.596496E-06,+1.116185E-05,-9.861629E+01,+1.882506E+00
+8.398438E+02,+4.913672E-06,+8.734468E-07,-1.060368E+02,+1.759209E-01
+8.400879E+02,-6.022927E-06,-7.979379E-06,-1.000023E+02,-2.217370E+00
+8.403320E+02,+8.301404E-06,-1.637073E-06,-1.014513E+02,-1.947061E-01
+8.405762E+02,-4.453078E-06,+5.223081E-06,-1.032688E+02,+2.276784E+00
+8.408203E+02,-5.700014E-06,+2.395190E-07,-1.048748E+02,+3.099597E+00
+8.410645E+02,+4.056665E-06,-1.287404E-06,-1.074199E+02,-3.073020E-01
+8.413086E+02,+7.062168E-06,+1.777387E-06,-1.027545E+02,+2.465567E-01
+8.415527E+02,-6.161947E-06,-2.522812E-06,-1.035326E+02,-2.752994E+00
+8.417969E+02,+2.277024E-06,+5.291899E-06,-1.047901E+02,+1.164458E+00
+8.420410E+02,-4.815896E-06,-7.306852E-06,-1.011587E+02,-2.153537E+00
+8.422852E+02,+2.683121E-07,+5.346421E-06,-1.054278E+02,+1.520653E+00
+8.425293E+02,+6.796608E-06,-3.069973E-06,-1.025478E+02,-4.242600E-01
+8.427734E+02,-4.721947E-06,+2.438150E-06,-1.054911E+02,+2.664955E+00
+8.430176E+02,-3.333029E-06,-1.106027E-06,-1.090895E+02,-2.821188E+00
+8.432617E+02,+6.033649E-06,+1.239769E-07,-1.043866E+02,+2.054469E-02
+8.435059E+02,-9.844758E-06,-3.686215E-06,-9.956609E+01,-2.783318E+00
+8.437500E+02,+1.511463E-05,+6.747841E-06,-9.562273E+01,+4.198932E-01
+8.439941E+02,-9.682870E-06,-1.723101E-06,-1.001445E+02,-2.965483E+00
+8.442383E+02,+4.829288E-07,-4.035891E-06,-1.078195E+02,-1.451704E+00
+8.444824E+02,-2.245718E-06,+6.696584E-06,-1.030201E+02,+1.894363E+00
+8.447266E+02,+9.555934E-06,-3.823195E-06,-9.974969E+01,-3.805805E-01
+8.449707E+02,-9.911895E-06,-4.480330E-06,-9.926945E+01,-2.717064E+00
+8.452148E+02,+6.524680E-06,+8.745860E-06,-9.924229E+01,+9.298404E-01
+8.454590E+02,-4.369948E-06,-5.782564E-06,-1.027956E+02,-2.217943E+00
+8.457031E+02,+2.982932E-06,+2.247929E-06,-1.085539E+02,+6.457993E-01
+8.459473E+02,-5.391305E-06,-3.061402E-06,-1.041524E+02,-2.625155E+00
+8.461914E+02,+9.950950E-06,+8.187957E-06,-9.779724E+01,+6.885085E-01
+8.464355E+02,-8.832166E-06,-3.661024E-06,-1.003901E+02,-2.748640E+00
+8.466797E+02,+5.963727E-06,-2.295576E-06,-1.038896E+02,-3.674418E-01
+8.469238E+02,-5.404455E-06,-6.082388E-06,-1.017912E+02,-2.297245E+00
+8.471680E+02,+2.559562E-06,+7.184482E-06,-1.023531E+02,+1.228553E+00
+8.474121E+02,-1.212470E-08,+3.291859E-06,-1.096511E+02,+1.574479E+00
+8.476562E+02,-5.329354E-07,-9.769334E-07,-1.190713E+02,-2.070192E+00
+8.479004E+02,+8.930819E-08,-4.678525E-06,-1.065962E+02,-1.551710E+00
+8.481445E+02,+1.595025E-06,+3.959719E-06,-1.073937E+02,+1.187868E+00
+8.483887E+02,+1.360450E-06,-4.747104E-06,-1.061286E+02,-1.291692E+00
+8.486328E+02,-2.504809E-06,+3.510721E-06,-1.073051E+02,+2.190508E+00
+8.488770E+02,+3.135879E-06,+2.158012E-06,-1.083891E+02,+6.027410E-01
+8.491211E+02,-2.356879E-06,-4.606892E-06,-1.057222E+02,-2.043680E+00
+8.493652E+02,-7.621850E-07,+1.764622E-06,-1.143241E+02,+1.978518E+00
+8.496094E+02,-9.705064E-07,-1.446234E-06,-1.151806E+02,-2.161833E+00
+8.498535E+02,-5.668968E-06,+2.593998E-06,-1.041043E+02,+2.712454E+00
+8.500977E+02,+6.799789E-06,+2.091775E-06,-1.029574E+02,+2.984361E-01
+8.503418E+02,+2.129463E-06,-9.489336E-07,-1.126479E+02,-4.192064E-01
+8.505859E+02,+2.881752E-06,-9.106264E-06,-1.003987E+02,-1.264309E+00
+8.508301E+02,-5.070876E-06,+9.872831E-06,-9.909436E+01,+2.045280E+00
+8.510742E+02,-5.657438E-07,+2.017856E-06,-1.135736E+02,+1.844147E+00
+8.513184E+02,-3.193736E-06,-8.825082E-06,-1.005511E+02,-1.918027E+00
+8.515625E+02,+1.047797E-06,+5.299539E-06,-1.053487E+02,+1.375599E+00
+8.518066E+02,+1.168702E-05,+5.476611E-06,-9.778378E+01,+4.382189E-01
+8.520508E+02,-1.507557E-05,-8.988015E-06,-9.511369E+01,-2.603974E+00
+8.522949E+02,+1.037771E-05,+9.292093E-07,-9.964329E+01,+8.930080E-02
+8.525391E+02,-2.550624E-06,-1.692707E-06,-1.102822E+02,-2.555686E+00
+8.527832E+02,+5.616579E-07,+9.527980E-06,-1.004049E+02,+1.511916E+00
+8.530273E+02,-6.227071E-06,-9.374990E-06,-9.897337E+01,-2.157104E+00
+8.532715E+02,+3.284321E-06,+5.543714E-06,-1.038175E+02,+1.035954E+00
+8.535156E+02,+1.099478E-06,-4.763399E-06,-1.062162E+02,-1.343951E+00
+8.537598E+02,+2.235469E-06,+1.578190E-06,-1.112563E+02,+6.147262E-01
+8.540039E+02,+2.750849E-07,+7.852457E-06,-1.020946E+02,+1.535779E+00
+8.542480E+02,-3.432983E-06,-1.320624E-05,-9.730043E+01,-1.825119E+00
+8.544922E+02,+3.990915E-06,+8.944830E-06,-1.001801E+02,+1.151132E+00
+8.547363E+02,+1.552019E-06,+4.400665E-08,-1.161786E+02,+2.834686E-02
+8.549805E+02,-5.587085E-06,-8.296851E-06,-9.999770E+01,-2.163445E+00
+8.552246E+02,+1.580348E-06,+7.325689E-06,-1.025055E+02,+1.358325E+00
+8.554688E+02,+3.332721E-07,-4.584502E-07,-1.249316E+02,-9.422088E-01
+8.557129E+02,-1.030333E-06,+1.169234E-07,-1.196849E+02,+3.028595E+00
+8.559570E+02,+3.664767E-06,-3.834754E-06,-1.055074E+02,-8.080606E-01
+8.562012E+02,-9.806142E-06,+1.991280E-06,-9.999454E+01,+2.941252E+00
+8.564453E+02,+1.033002E-05,+4.706611E-06,-9.889877E+01,+4.275215E-01
+8.566895E+02,+3.478820E-07,-1.029791E-05,-9.974007E+01,-1.537027E+00
+8.569336E+02,-4.467839E-06,+8.486571E-06,-1.003629E+02,+2.055387E+00
+8.571777E+02,-1.769694E-07,-5.010979E-06,-1.059961E+02,-1.606098E+00
+8.574219E+02,+2.601916E-06,+2.610590E-06,-1.086694E+02,+7.870623E-01
+8.576660E+02,-5.362776E-07,-1.533439E-06,-1.157856E+02,-1.907224E+00
+8.579102E+02,-4.880986E-06,+1.371344E-06,-1.058999E+02,+2.867697E+00
+8.581543E+02,+7.551233E-06,+4.001358E-06,-1.013649E+02,+4.872764E-01
+8.583984E+02,-5.855456E-06,-1.303153E-05,-9.690141E+01,-1.993093E+00
+8.586426E+02,+6.771689E-06,+1.219318E-05,-9.711015E+01,+1.063842E+00
+8.588867E+02,-6.291091E-06,-4.980227E-06,-1.019125E+02,-2.471975E+00
+8.591309E+02,-4.472241E-06,+4.031170E-06,-1.044068E+02,+2.408018E+00
+8.593750E+02,+1.641012E-05,-2.611853E-06,-9.558911E+01,-1.578372E-01
+8.596191E+02,-1.267192E-05,-3.255040E-06,-9.766565E+01,-2.890158E+00
+8.598633E+02,+1.222421E-06,+8.012892E-06,-1.018243E+02,+1.419407E+00
+8.601074E+02,+3.964334E-06,-3.529988E-06,-1.055011E+02,-7.275063E-01
+8.603516E+02,-4.463956E-06,-2.485256E-06,-1.058330E+02,-2.633591E+00
+8.605957E+02,+5.492735E-06,-1.788189E-06,-1.047667E+02,-3.147341E-01
+8.608398E+02,-2.499961E-06,+3.624805E-06,-1.071244E+02,+2.174564E+00
+8.610840E+02,+1.888898E-06,-2.250781E-06,-1.106379E+02,-8.725947E-01
+8.613281E+02,-7.799658E-06,+9.171374E-07,-1.020988E+02,+3.024543E+00
+8.615723E+02,+1.043123E-06,-1.115446E-06,-1.163221E+02,-8.188907E-01
+8.618164E+02,+9.399550E-06,+1.074967E-06,-1.004814E+02,+1.138690E-01
+8.620605E+02,-4.007491E-06,+1.549252E-06,-1.073376E+02,+2.772701E+00
+8.623047E+02,-4.872581E-06,-1.403759E-07,-1.062412E+02,-3.112791E+00
+8.625488E+02,+6.402812E-06,-1.684986E-06,-1.035818E+02,-2.573288E-01
+8.627930E+02,-5.686863E-07,+9.236218E-07,-1.192941E+02,+2.122690E+00
+8.630371E+02,-5.327738E-06,-5.190735E-06,-1.025705E+02,-2.369219E+00
+8.632812E+02,+3.363739E-06,+5.055044E-06,-1.043335E+02,+9.836558E-01
+8.635254E+02,-1.367879E-06,-2.149799E-07,-1.171731E+02,-2.985705E+00
+8.637695E+02,+4.779706E-06,-1.207815E-06,-1.061432E+02,-2.475149E-01
+8.640137E+02,-6.640255E-06,-1.582401E-06,-1.033164E+02,-2.907652E+00
+8.642578E+02,+3.355186E-06,+2.427351E-06,-1.076575E+02,+6.262995E-01
+8.645020E+02,-7.912448E-07,+2.603550E-06,-1.113050E+02,+1.865836E+00
+8.647461E+02,+3.433755E-06,-4.499072E-06,-1.049441E+02,-9.188918E-01
+8.649902E+02,-9.138412E-06,+2.708411E-07,-1.007788E+02,+3.111964E+00
+8.652344E+02,+1.039813E-05,+4.142688E-06,-9.902107E+01,+3.791322E-01
+8.654785E+02,-8.712785E-06,+1.390967E-06,-1.010876E+02,+2.983282E+00
+8.657227E+02,+1.037374E-05,-1.120891E-05,-9.632171E+01,-8.240749E-01
+8.659668E+02,-7.182143E-06,+1.011459E-05,-9.812794E+01,+2.188254E+00
+8.662109E+02,-2.493775E-06,-2.892254E-06,-1.083612E+02,-2.282345E+00
+8.664551E+02,+4.707392E-06,-2.679613E-06,-1.053254E+02,-5.174912E-01
+8.666992E+02,-1.846468E-06,+4.241925E-06,-1.066952E+02,+1.981350E+00
+8.669434E+02,-2.139047E-06,-4.293585E-06,-1.063808E+02,-2.033000E+00
+8.671875E+02,+4.639530E-06,+6.321993E-06,-1.021118E+02,+9.376976E-01
+8.674316E+02,-1.381153E-06,-1.068902E-05,-9.934933E+01,-1.699297E+00
+8.676758E+02,-2.912156E-06,+1.306853E-05,-9.746500E+01,+1.790051E+00
+8.679199E+02,+3.630485E-06,-1.124575E-05,-9.854968E+01,-1.258527E+00
+8.681641E+02,-5.486892E-06,+5.429239E-06,-1.022488E+02,+2.361476E+00
+8.684082E+02,+3.112429E-06,-1.117559E-06,-1.096114E+02,-3.447260E-01
+8.686523E+02,-1.397189E-07,+1.772011E-06,-1.150038E+02,+1.649481E+00
+8.688965E+02,+3.814627E-06,+1.846300E-06,-1.074569E+02,+4.507703E-01
+8.691406E+02,-6.554142E-06,-1.265742E-05,-9.692147E+01,-2.048591E+00
+8.693848E+02,+6.922306E-06,+1.565183E-05,-9.533283E+01,+1.154391E+00
+8.696289E+02,-7.109933E-06,-8.058295E-06,-9.937466E+01,-2.293753E+00
+8.698730E+02,+3.206318E-06,+3.322257E-06,-1.067126E+02,+8.031550E-01
+8.701172E+02,-1.160903E-08,-6.905784E-06,-1.032157E+02,-1.572477E+00
+8.703613E+02,+2.990532E-06,+7.408299E-06,-1.019500E+02,+1.187127E+00
+8.706055E+02,-2.264331E-06,-7.169147E-07,-1.124863E+02,-2.834966E+00
+8.708496E+02,-1.742297E-07,-4.514097E-06,-1.069021E+02,-1.609374E+00
+8.710938E+02,+8.043401E-07,+8.215453E-06,-1.016659E+02,+1.473202E+00
+8.713379E+02,-1.697987E-06,-4.573853E-06,-1.062336E+02,-1.926265E+00
+8.715820E+02,-3.408763E-06,-1.509308E-06,-1.085706E+02,-2.724765E+00
+8.718262E+02,+4.820499E-06,+2.710580E-06,-1.051450E+02,+5.122397E-01
+8.720703E+02,-1.870360E-06,-3.594783E-06,-1.078461E+02,-2.050550E+00
+8.723145E+02,+1.675015E-06,+3.125185E-06,-1.090058E+02,+1.078786E+00
+8.725586E+02,-5.188739E-06,-3.208921E-06,-1.042922E+02,-2.587725E+00
+8.728027E+02,+1.423199E-06,+3.523724E-06,-1.084037E+02,+1.186940E+00
+8.730469E+02,+7.073809E-06,-1.017316E-06,-1.029180E+02,-1.428351E-01
+8.732910E+02,-8.109944E-06,+2.106204E-06,-1.015362E+02,+2.887500E+00
+8.735352E+02,+5.971613E-06,-2.648784E-06,-1.036981E+02,-4.174877E-01
+8.737793E+02,-3.614696E-06,-5.806069E-07,-1.087279E+02,-2.982329E+00
+8.740234E+02,+4.095442E-07,-7.712816E-08,-1.276026E+02,-1.861466E-01
+8.742676E+02,+1.004950E-06,+4.642338E-06,-1.064664E+02,+1.357611E+00
+8.745117E+02,+2.731830E-06,-6.407663E-06,-1.031407E+02,-1.167793E+00
+8.747559E+02,-2.791570E-06,+3.885187E-06,-1.064040E+02,+2.193841E+00
+8.750000E+02,-4.337478E-06,-2.868965E-06,-1.056792E+02,-2.557220E+00
+8.752441E+02,+6.235782E-07,+3.333797E-06,-1.093919E+02,+1.385886E+00
+8.754883E+02,+6.015051E-06,-2.833112E-06,-1.035451E+02,-4.401828E-01
+8.757324E+02,-6.815698E-06,+2.263470E-06,-1.028754E+02,+2.820956E+00
+8.759766E+02,+5.574982E-06,+1.147882E-06,-1.048948E+02,+2.030610E-01
+8.762207E+02,-5.585798E-07,-1.599322E-06,-1.154214E+02,-1.906812E+00
+8.764648E+02,-1.036577E-06,+3.447177E-06,-1.088748E+02,+1.862898E+00
+8.767090E+02,-4.111504E-06,+5.485606E-07,-1.076434E+02,+3.008955E+00
+8.769531E+02,+6.478866E-06,-5.769918E-06,-1.012339E+02,-7.275836E-01
+8.771973E+02,+7.658406E-07,-3.623748E-06,-1.086271E+02,-1.362522E+00
+8.774414E+02,-2.699281E-06,+8.134290E-06,-1.013399E+02,+1.891202E+00
+8.776855E+02,-2.553036E-06,-1.579902E-06,-1.104508E+02,-2.587440E+00
+8.779297E+02,+6.099117E-06,+1.013366E-06,-1.041764E+02,+1.646455E-01
+8.781738E+02,-6.851631E-06,-7.631574E-06,-9.978043E+01,-2.302395E+00
+8.784180E+02,+6.901744E-07,+7.984766E-06,-1.019224E+02,+1.484574E+00
+8.786621E+02,+5.685184E-06,-3.259370E-07,-1.048909E+02,-5.726826E-02
+8.789062E+02,-5.670436E-06,-3.147692E-06,-1.037611E+02,-2.634838E+00
+8.791504E+02,+1.914663E-07,+1.815312E-06,-1.147729E+02,+1.465712E+00
+8.793945E+02,+1.023507E-05,-3.328137E-06,-9.936166E+01,-3.143856E-01
+8.796387E+02,-1.183483E-05,+9.384114E-06,-9.641827E+01,+2.471182E+00
+8.798828E+02,+1.724745E-06,-1.244435E-05,-9.801792E+01,-1.433077E+00
+8.801270E+02,+1.926418E-06,+6.960036E-06,-1.028272E+02,+1.300774E+00
+8.803711E+02,+1.601366E-06,+2.131160E-06,-1.114836E+02,+9.263960E-01
+8.806152E+02,-4.709256E-06,+3.521020E-07,-1.065167E+02,+3.066963E+00
+8.808594E+02,+3.547777E-06,-3.495394E-06,-1.060547E+02,-7.779609E-01
+8.811035E+02,-4.796837E-07,-1.397707E-06,-1.166081E+02,-1.901394E+00
+8.813477E+02,-2.651484E-06,+5.000595E-06,-1.049436E+02,+2.058337E+00
+8.815918E+02,+3.081653E-06,-5.480689E-06,-1.040302E+02,-1.058578E+00
+8.818359E+02,-2.057416E-06,+2.358275E-06,-1.100902E+02,+2.288166E+00
+8.820801E+02,+2.501924E-06,+1.342783E-06,-1.109352E+02,+4.925750E-01
+8.823242E+02,+4.607515E-06,-1.761654E-06,-1.061381E+02,-3.651933E-01
+8.825684E+02,-5.915177E-06,+1.864073E-06,-1.041494E+02,+2.836310E+00
+8.828125E+02,+1.033071E-06,+1.208487E-06,-1.159728E+02,+8.634951E-01
+8.830566E+02,+1.336555E-06,+9.356602E-07,-1.157482E+02,+6.107621E-01
+8.833008E+02,-4.565445E-06,-8.892916E-06,-1.000032E+02,-2.045090E+00
+8.835449E+02,+5.911334E-06,+6.691318E-06,-1.009845E+02,+8.472098E-01
+8.837891E+02,-6.269467E-06,+1.179032E-06,-1.039044E+02,+2.955704E+00
+8.840332E+02,+6.997858E-06,-4.358752E-06,-1.016769E+02,-5.570658E-01
+8.842773E+02,-8.788475E-06,+4.346524E-06,-1.001714E+02,+2.682298E+00
+8.845215E+02,+8.764756E-06,+4.824055E-07,-1.011321E+02,+5.498377E-02
+8.847656E+02,+4.475690E-06,-1.306602E-06,-1.066276E+02,-2.840396E-01
+8.850098E+02,-1.118454E-05,-1.314926E-06,-9.896802E+01,-3.024564E+00
+8.852539E+02,+4.283263E-06,-1.006689E-06,-1.071310E+02,-2.308390E-01
+8.854980E+02,+9.127450E-07,-5.046052E-07,-1.196348E+02,-5.050238E-01
+8.857422E+02,-4.778682E-06,+2.205706E-06,-1.055751E+02,+2.709157E+00
+8.859863E+02,+9.200049E-06,-1.648779E-06,-1.005869E+02,-1.773317E-01
+8.862305E+02,-3.537376E-06,+4.670986E-06,-1.046431E+02,+2.218958E+00
+8.864746E+02,-2.972283E-06,-6.641344E-06,-1.027620E+02,-1.991605E+00
+8.867188E+02,-8.668054E-07,+4.461146E-06,-1.068501E+02,+1.762706E+00
+8.869629E+02,+1.242947E-06,-5.203905E-06,-1.054325E+02,-1.336340E+00
+8.872070E+02,+4.382855E-06,+6.530046E-06,-1.020865E+02,+9.796736E-01
+8.874512E+02,-2.428935E-06,-5.812713E-06,-1.040135E+02,-1.966609E+00
+8.876953E+02,-6.506355E-06,+7.989025E-06,-9.974051E+01,+2.254263E+00
+8.879395E+02,+1.019725E-05,-7.939518E-06,-9.777232E+01,-6.615517E-01
+8.881836E+02,-9.213612E-06,+2.673754E-06,-1.003603E+02,+2.859154E+00
+8.884277E+02,+4.896644E-06,-2.461306E-06,-1.052237E+02,-4.657667E-01
+8.886719E+02,+2.858176E-06,+1.859029E-06,-1.093460E+02,+5.766740E-01
+8.889160E+02,-1.159979E-06,+7.396410E-06,-1.025141E+02,+1.726359E+00
+8.891602E+02,-3.549243E-06,-1.021160E-05,-9.932282E+01,-1.905304E+00
+8.894043E+02,+3.582355E-06,+1.258399E-06,-1.084113E+02,+3.378121E-01
+8.896484E+02,-6.742419E-07,-2.699084E-07,-1.227782E+02,-2.760816E+00
+8.898926E+02,-5.093808E-06,+4.217718E-06,-1.035916E+02,+2.450005E+00
+8.901367E+02,+6.141231E-06,-1.725599E-06,-1.039049E+02,-2.739226E-01
+8.903809E+02,+3.188678E-06,+9.309142E-07,-1.095726E+02,+2.840494E-01
+8.906250E+02,-1.006478E-05,-2.908430E-06,-9.959560E+01,-2.860285E+00
+8.908691E+02,+5.940390E-06,+3.258980E-06,-1.033810E+02,+5.017784E-01
+8.911133E+02,-6.501735E-06,-5.432985E-06,-1.014394E+02,-2.445506E+00
+8.913574E+02,+1.154751E-05,+3.222850E-06,-9.842447E+01,+2.721691E-01
+8.916016E+02,-1.186404E-06,+2.771090E-06,-1.104160E+02,+1.975321E+00
+8.918457E+02,-6.019558E-06,-4.229818E-06,-1.026659E+02,-2.529071E+00
+8.920898E+02,-2.138428E-07,-8.362287E-07,-1.212784E+02,-1.821154E+00
+8.923340E+02,+2.122076E-07,+8.244652E-07,-1.213980E+02,+1.318876E+00
+8.925781E+02,-3.556217E-08,+3.481312E-08,-1.460614E+02,+2.366838E+00
+8.928223E+02,+1.667682E-06,+4.913764E-06,-1.056982E+02,+1.243605E+00
+8.930664E+02,+3.643698E-07,-6.318900E-06,-1.039728E+02,-1.513197E+00
+8.933105E+02,-2.599957E-06,+5.822918E-06,-1.039077E+02,+1.990739E+00
+8.935547E+02,+2.403248E-06,-6.993017E-06,-1.026219E+02,-1.239777E+00
+8.937988E+02,-6.887552E-07,+7.350693E-06,-1.026355E+02,+1.664223E+00
+8.940430E+02,+8.577518E-07,-5.344925E-06,-1.053307E+02,-1.411673E+00
+8.942871E+02,-5.053360E-06,-1.345927E-06,-1.056308E+02,-2.881293E+00
+8.945312E+02,+4.881947E-06,+5.404272E-06,-1.027540E+02,+8.361337E-01
+8.947754E+02,-6.272784E-07,-2.871496E-06,-1.106354E+02,-1.785868E+00
+8.950195E+02,-5.678095E-07,-5.122757E-06,-1.057569E+02,-1.681186E+00
+8.952637E+02,-9.102642E-07,+9.867182E-06,-1.000793E+02,+1.662788E+00
+8.955078E+02,+2.731619E-06,-4.321794E-06,-1.058270E+02,-1.007139E+00
+8.957520E+02,+3.411773E-06,-6.397959E-07,-1.091903E+02,-1.853730E-01
+8.959961E+02,-9.158370E-06,-2.689542E-06,-1.004044E+02,-2.855953E+00
+8.962402E+02,+5.780501E-06,+7.031141E-07,-1.046969E+02,+1.210409E-01
+8.964844E+02,+1.657563E-06,+6.446594E-06,-1.035354E+02,+1.319126E+00
+8.967285E+02,-8.549372E-06,-6.646385E-06,-9.930827E+01,-2.480777E+00
+8.969727E+02,+3.609692E-06,+3.282247E-07,-1.088148E+02,+9.067937E-02
+8.972168E+02,-2.433077E-06,+3.034448E-06,-1.082023E+02,+2.246645E+00
+8.974609E+02,+9.728265E-06,+2.944218E-06,-9.985867E+01,+2.938823E-01
+8.977051E+02,-6.762619E-06,-8.168641E-06,-9.949004E+01,-2.262305E+00
+8.979492E+02,+3.041514E-07,-4.759933E-07,-1.249610E+02,-1.002205E+00
+8.981934E+02,+3.203351E-06,+8.426206E-06,-1.009011E+02,+1.207505E+00
+8.984375E+02,-6.533012E-06,-1.631293E-06,-1.034351E+02,-2.896896E+00
+8.986816E+02,+4.714192E-06,-8.993751E-06,-9.986694E+01,-1.088006E+00
+8.989258E+02,-5.374353E-06,+6.109828E-06,-1.017905E+02,+2.292239E+00
+8.991699E+02,+6.765215E-06,+7.455088E-06,-9.994191E+01,+8.338734E-01
+8.994141E+02,-5.968537E-07,-1.900987E-05,-9.441614E+01,-1.602183E+00
+8.996582E+02,-5.157816E-06,+2.103752E-05,-9.328660E+01,+1.811226E+00
+8.999023E+02,+2.039968E-06,-1.031971E-05,-9.956017E+01,-1.375636E+00
+9.001465E+02,+3.403461E-06,+1.874198E-06,-1.082113E+02,+5.033606E-01
+9.003906E+02,-5.174899E-06,-4.748669E-06,-1.030689E+02,-2.399119E+00
+9.006348E+02,+4.107182E-06,+5.256222E-06,-1.035167E+02,+9.075038E-01
+9.008789E+02,-2.090860E-06,-4.256924E-07,-1.134171E+02,-2.940741E+00
+9.011230E+02,-3.815523E-06,+5.204318E-06,-1.038046E+02,+2.203423E+00
+9.013672E+02,+5.304818E-06,-1.345521E-05,-9.679472E+01,-1.195250E+00
+9.016113E+02,-3.940961E-06,+6.595281E-06,-1.022894E+02,+2.109407E+00
+9.018555E+02,+3.119284E-06,+1.196503E-06,-1.095228E+02,+3.662737E-01
+9.020996E+02,+3.149456E-06,+5.996491E-06,-1.033840E+02,+1.087180E+00
+9.023438E+02,-4.921748E-06,-9.522269E-06,-9.939690E+01,-2.047846E+00
+9.025879E+02,-4.068826E-06,+5.128890E-06,-1.036794E+02,+2.241448E+00
+9.028320E+02,+1.005635E-05,-2.551000E-06,-9.968034E+01,-2.484303E-01
+9.030762E+02,-7.704163E-06,+5.022844E-07,-1.022471E+02,+3.076488E+00
+9.033203E+02,+4.488740E-06,-2.435562E-06,-1.058368E+02,-4.971391E-01
+9.035645E+02,-3.236339E-06,+4.831928E-06,-1.047081E+02,+2.160953E+00
+9.038086E+02,-4.939664E-07,-3.329086E-06,-1.094589E+02,-1.718101E+00
+9.040527E+02,+3.341641E-06,+7.478995E-06,-1.017326E+02,+1.150604E+00
+9.042969E+02,-2.496459E-06,-1.130017E-05,-9.873135E+01,-1.788226E+00
+9.045410E+02,+3.287425E-06,+7.457403E-06,-1.017770E+02,+1.155597E+00
+9.047852E+02,+2.149837E-07,-2.664451E-06,-1.114597E+02,-1.490285E+00
+9.050293E+02,-8.707765E-06,+3.448709E-06,-1.005691E+02,+2.764496E+00
+9.052734E+02,+1.033743E-05,-4.923176E-06,-9.882397E+01,-4.444658E-01
+9.055176E+02,-1.320205E-05,+3.333498E-06,-9.731876E+01,+2.894264E+00
+9.057617E+02,+9.895075E-06,-3.146032E-06,-9.967340E+01,-3.078324E-01
+9.060059E+02,+8.303667E-06,+1.844613E-06,-1.014054E+02,+2.185948E-01
+9.062500E+02,-1.584478E-05,+9.913216E-07,-9.598531E+01,+3.079109E+00
+9.064941E+02,+5.647565E-06,-1.923116E-06,-1.044863E+02,-3.282057E-01
+9.067383E+02,-7.937342E-07,+3.804141E-06,-1.082098E+02,+1.776495E+00
+9.069824E+02,+9.081544E-07,-9.272087E-07,-1.177354E+02,-7.957795E-01
+9.072266E+02,+2.742983E-06,-4.899357E-06,-1.050131E+02,-1.060410E+00
+9.074707E+02,-2.260746E-06,+3.257316E-06,-1.080352E+02,+2.177519E+00
+9.077148E+02,-2.352371E-06,+4.630544E-06,-1.056903E+02,+2.040833E+00
+9.079590E+02,+4.401823E-06,-6.259013E-06,-1.023246E+02,-9.578741E-01
+9.082031E+02,-5.678761E-06,+4.520796E-06,-1.027831E+02,+2.469241E+00
+9.084473E+02,+5.653043E-06,-6.791423E-06,-1.010746E+02,-8.766211E-01
+9.086914E+02,-2.427735E-06,+5.983439E-06,-1.037991E+02,+1.956243E+00
+9.089355E+02,-1.493222E-07,+2.085476E-06,-1.135937E+02,+1.642275E+00
+9.091797E+02,+1.267423E-06,-7.004911E-06,-1.029520E+02,-1.391799E+00
+9.094238E+02,-4.911632E-06,+7.435929E-06,-1.010009E+02,+2.154536E+00
+9.096680E+02,+6.323590E-06,-3.422897E-06,-1.028648E+02,-4.961317E-01
+9.099121E+02,-7.859860E-06,+1.144973E-06,-1.020005E+02,+2.996937E+00
+9.101562E+02,+6.384990E-06,+2.279353E-06,-1.033759E+02,+3.428850E-01
+9.104004E+02,+5.047506E-07,-7.621476E-06,-1.023402E+02,-1.504665E+00
+9.106445E+02,-1.365459E-06,+8.425963E-06,-1.013750E+02,+1.731453E+00
+9.108887E+02,-1.083940E-06,-1.457693E-06,-1.148151E+02,-2.210188E+00
+9.111328E+02,+6.646298E-06,-5.790670E-06,-1.010955E+02,-7.167093E-01
+9.113770E+02,-1.009665E-05,+6.690009E-06,-9.833574E+01,+2.556413E+00
+9.116211E+02,+9.097222E-06,+5.192813E-07,-1.008077E+02,+5.701943E-02
+9.118652E+02,-4.824248E-06,-1.736568E-06,-1.058022E+02,-2.796067E+00
+9.121094E+02,+4.630259E-06,-3.355436E-06,-1.048548E+02,-6.270955E-01
+9.123535E+02,+1.062407E-06,+9.233526E-07,-1.170305E+02,+7.154865E-01
+9.125977E+02,-2.871898E-06,-2.120216E-06,-1.089473E+02,-2.505646E+00
+9.128418E+02,-2.646278E-06,-1.809945E-06,-1.098806E+02,-2.541714E+00
+9.130859E+02,-2.392404E-06,-6.562719E-07,-1.121082E+02,-2.873864E+00
+9.133301E+02,-1.004772E-06,+6.981641E-06,-1.030318E+02,+1.713731E+00
+9.135742E+02,+1.574131E-06,-5.742193E-07,-1.155166E+02,-3.497851E-01
+9.138184E+02,+4.194952E-06,+2.670894E-06,-1.060675E+02,+5.669631E-01
+9.140625E+02,-9.396387E-07,+2.337991E-06,-1.119729E+02,+1.952940E+00
+9.143066E+02,+2.657948E-06,-9.450370E-06,-1.001604E+02,-1.296626E+00
+9.145508E+02,-4.590613E-06,+2.699175E-06,-1.054731E+02,+2.610061E+00
+9.147949E+02,+3.250625E-06,+3.137091E-07,-1.097204E+02,+9.620938E-02
+9.150391E+02,-2.108218E-06,+7.395987E-07,-1.130176E+02,+2.804190E+00
+9.152832E+02,+1.031575E-06,-1.462148E-06,-1.149458E+02,-9.563748E-01
+9.155273E+02,-3.374577E-06,+4.746976E-06,-1.046952E+02,+2.188794E+00
+9.157715E+02,+5.704886E-06,-3.052322E-06,-1.037818E+02,-4.912824E-01
+9.160156E+02,-1.690601E-06,+5.053616E-06,-1.054673E+02,+1.893626E+00
+9.162598E+02,-2.156046E-07,-1.105916E-05,-9.912391E+01,-1.590289E+00
+9.165039E+02,+2.617785E-06,+1.027392E-05,-9.949210E+01,+1.321306E+00
+9.167480E+02,-4.456911E-07,-7.059936E-06,-1.030067E+02,-1.633842E+00
+9.169922E+02,+1.613239E-07,-1.969998E-06,-1.140817E+02,-1.489088E+00
+9.172363E+02,-5.186822E-07,+6.244053E-06,-1.040608E+02,+1.653674E+00
+9.174805E+02,-6.465018E-06,-7.932731E-06,-9.979951E+01,-2.254605E+00
+9.177246E+02,+7.508171E-06,+9.063568E-06,-9.858484E+01,+8.789824E-01
+9.179688E+02,-3.946238E-06,-1.690610E-06,-1.073445E+02,-2.736837E+00
+9.182129E+02,+4.154599E-06,-5.051778E-07,-1.075657E+02,-1.210008E-01
+9.184570E+02,-5.016996E-06,-4.652828E-06,-1.032958E+02,-2.393837E+00
+9.187012E+02,+2.859653E-06,+6.850179E-06,-1.025883E+02,+1.175332E+00
+9.189453E+02,+1.975684E-06,-6.067132E-06,-1.039026E+02,-1.255988E+00
+9.191895E+02,-9.079284E-07,+3.971231E-06,-1.078002E+02,+1.795560E+00
+9.194336E+02,-1.712889E-06,+2.887422E-06,-1.094803E+02,+2.106219E+00
+9.196777E+02,-3.862363E-06,-1.039156E-05,-9.910439E+01,-1.926655E+00
+9.199219E+02,+8.553312E-06,+1.059801E-05,-9.731709E+01,+8.917607E-01
+9.201660E+02,-5.378218E-06,-7.768541E-06,-1.004927E+02,-2.176341E+00
+9.204102E+02,+4.181984E-06,-2.274049E-06,-1.064473E+02,-4.980497E-01
+9.206543E+02,-3.069955E-06,+1.118117E-05,-9.871461E+01,+1.838758E+00
+9.208984E+02,+5.203051E-07,-8.105788E-06,-1.018062E+02,-1.506695E+00
+9.211426E+02,-3.127341E-06,+1.236349E-06,-1.094658E+02,+2.765114E+00
+9.213867E+02,+9.189768E-06,+2.022909E-06,-1.005284E+02,+2.166707E-01
+9.216309E+02,-4.934185E-06,-3.399342E-06,-1.044489E+02,-2.538330E+00
+9.218750E+02,-5.815391E-06,-1.238685E-06,-1.045157E+02,-2.931728E+00
+9.221191E+02,+5.220417E-06,+4.816075E-06,-1.029716E+02,+7.451327E-01
+9.223633E+02,-2.056777E-06,-4.322319E-06,-1.063992E+02,-2.014938E+00
+9.226074E+02,+4.271174E-06,+5.592737E-06,-1.030521E+02,+9.185846E-01
+9.228516E+02,-2.856582E-06,-7.160520E-06,-1.022597E+02,-1.950384E+00
+9.230957E+02,-2.687984E-06,+5.325250E-06,-1.044875E+02,+2.038246E+00
+9.233398E+02,+5.695888E-06,-1.821441E-06,-1.044659E+02,-3.095050E-01
+9.235840E+02,-3.393536E-06,-2.072263E-06,-1.080106E+02,-2.593379E+00
+9.238281E+02,+5.219746E-06,+4.414037E-06,-1.033041E+02,+7.019587E-01
+9.240723E+02,-9.921294E-06,-5.985454E-06,-9.872061E+01,-2.598755E+00
+9.243164E+02,+6.496255E-06,+7.338342E-06,-1.001749E+02,+8.461913E-01
+9.245605E+02,-7.136686E-06,-6.273272E-06,-1.004438E+02,-2.420492E+00
+9.248047E+02,+1.120761E-05,+2.402648E-06,-9.881461E+01,+2.111800E-01
+9.250488E+02,-4.018010E-06,-1.643743E-06,-1.072477E+02,-2.753271E+00
+9.252930E+02,-3.099392E-06,+4.614336E-07,-1.100793E+02,+2.993799E+00
+9.255371E+02,-1.526241E-06,+3.718007E-06,-1.079175E+02,+1.960321E+00
+9.257812E+02,+7.853806E-06,-6.550699E-06,-9.980493E+01,-6.951785E-01
+9.260254E+02,-5.552579E-06,+3.585950E-06,-1.035962E+02,+2.568164E+00
+9.262695E+02,-1.288558E-06,+4.505137E-07,-1.172971E+02,+2.805251E+00
+9.265137E+02,+2.404938E-07,-1.915063E-06,-1.142884E+02,-1.445870E+00
+9.267578E+02,+2.977858E-06,-1.527023E-06,-1.095080E+02,-4.738290E-01
+9.270020E+02,-6.475700E-06,+5.312480E-06,-1.015393E+02,+2.454553E+00
+9.272461E+02,+1.010579E-05,-5.002367E-06,-9.895682E+01,-4.596397E-01
+9.274902E+02,-5.164728E-06,+7.128966E-06,-1.011072E+02,+2.197758E+00
+9.277344E+02,-1.791629E-07,-9.356735E-06,-1.005759E+02,-1.589942E+00
+9.279785E+02,-2.463422E-07,+2.985873E-06,-1.104691E+02,+1.653112E+00
+9.282227E+02,-1.282824E-06,+2.514655E-07,-1.176729E+02,+2.948022E+00
+9.284668E+02,+1.444322E-06,+2.745774E-06,-1.101658E+02,+1.086553E+00
+9.287109E+02,+3.465934E-06,+1.895439E-06,-1.080673E+02,+5.004421E-01
+9.289551E+02,-7.779737E-06,-4.730116E-06,-1.008145E+02,-2.595308E+00
+9.291992E+02,+8.778211E-06,-1.470507E-06,-1.010117E+02,-1.659767E-01
+9.294434E+02,-7.079301E-06,+2.970754E-07,-1.029926E+02,+3.099653E+00
+9.296875E+02,+1.573978E-07,+2.286142E-06,-1.127974E+02,+1.502056E+00
+9.299316E+02,+5.051640E-07,-3.389964E-06,-1.093007E+02,-1.422867E+00
+9.301758E+02,+3.195340E-06,+2.447823E-07,-1.098842E+02,+7.645671E-02
+9.304199E+02,-9.090213E-07,+7.424216E-06,-1.025224E+02,+1.692630E+00
+9.306641E+02,-5.148064E-06,-7.723994E-06,-1.006468E+02,-2.158686E+00
+9.309082E+02,+3.541354E-06,+3.346499E-06,-1.062451E+02,+7.571161E-01
+9.311523E+02,-4.231632E-08,-2.840545E-06,-1.109310E+02,-1.585692E+00
+9.313965E+02,+3.622331E-06,+6.280223E-06,-1.027932E+02,+1.047622E+00
+9.316406E+02,-4.025613E-06,-3.370947E-07,-1.078730E+02,-3.058050E+00
+9.318848E+02,+3.782571E-07,-5.644958E-06,-1.049473E+02,-1.503888E+00
+9.321289E+02,-3.650572E-07,+3.625458E-06,-1.087689E+02,+1.671151E+00
+9.323730E+02,-1.880769E-06,-7.765675E-06,-1.019489E+02,-1.808411E+00
+9.326172E+02,+5.827067E-06,+1.103523E-05,-9.807625E+01,+1.084967E+00
+9.328613E+02,-9.937020E-06,-4.684596E-06,-9.918329E+01,-2.701062E+00
+9.331055E+02,+1.199348E-05,-2.454010E-06,-9.824297E+01,-2.018262E-01
+9.333496E+02,-6.943748E-06,+2.364502E-06,-1.026917E+02,+2.813386E+00
+9.335938E+02,+1.156812E-08,-3.493352E-07,-1.291304E+02,-1.537694E+00
+9.338379E+02,-4.397962E-06,+3.120180E-06,-1.053644E+02,+2.524546E+00
+9.340820E+02,+6.203983E-06,-4.778931E-06,-1.021234E+02,-6.563674E-01
+9.343262E+02,+2.299342E-08,+5.830317E-07,-1.246794E+02,+1.531379E+00
+9.345703E+02,+2.004806E-06,+3.971312E-06,-1.070354E+02,+1.103298E+00
+9.348145E+02,-9.122855E-06,+2.511138E-06,-1.004802E+02,+2.872987E+00
+9.350586E+02,+8.509385E-06,-1.141593E-05,-9.693076E+01,-9.302487E-01
+9.353027E+02,-5.047171E-06,+5.467597E-06,-1.025674E+02,+2.316231E+00
+9.355469E+02,+5.359085E-06,-2.218392E-06,-1.047313E+02,-3.924738E-01
+9.357910E+02,-1.257030E-05,+2.098983E-06,-9.789366E+01,+2.976140E+00
+9.360352E+02,+8.244906E-06,+2.816975E-06,-1.011968E+02,+3.292280E-01
+9.362793E+02,-2.776316E-06,-2.645495E-06,-1.083249E+02,-2.380319E+00
+9.365234E+02,+8.283128E-07,+6.466561E-06,-1.037159E+02,+1.443398E+00
+9.367676E+02,-1.026339E-06,-7.921629E-06,-1.019514E+02,-1.699640E+00
+9.370117E+02,+4.383342E-06,+5.943584E-06,-1.026329E+02,+9.353489E-01
+9.372559E+02,-8.858970E-06,+9.917095E-07,-1.009982E+02,+3.030113E+00
+9.375000E+02,+1.095375E-05,+1.470949E-06,-9.913113E+01,+1.334887E-01
+9.377441E+02,-4.521112E-06,-5.170248E-06,-1.032632E+02,-2.289314E+00
+9.379883E+02,+2.263659E-06,-6.209872E-07,-1.125887E+02,-2.677422E-01
+9.382324E+02,-6.839548E-07,+3.501011E-06,-1.089535E+02,+1.763726E+00
+9.384766E+02,-5.197229E-06,-1.114724E-06,-1.054892E+02,-2.930310E+00
+9.387207E+02,+8.415084E-06,+7.359224E-07,-1.014657E+02,+8.723084E-02
+9.389648E+02,-6.869099E-06,+6.036629E-06,-1.007766E+02,+2.420609E+00
+9.392090E+02,+7.805798E-06,-5.484747E-06,-1.004090E+02,-6.125026E-01
+9.394531E+02,-8.142223E-06,-1.206360E-05,-9.674020E+01,-2.164506E+00
+9.396973E+02,+3.177177E-06,+1.627361E-05,-9.560786E+01,+1.377987E+00
+9.399414E+02,+3.300913E-06,-2.624879E-07,-1.095999E+02,-7.935281E-02
+9.401855E+02,-5.989439E-06,-4.670390E-06,-1.023893E+02,-2.479309E+00
+9.404297E+02,+6.536707E-06,-5.244469E-07,-1.036649E+02,-8.005956E-02
+9.406738E+02,-7.561089E-06,+3.668509E-06,-1.015102E+02,+2.689869E+00
+9.409180E+02,+6.443274E-06,-5.050148E-06,-1.017380E+02,-6.647759E-01
+9.411621E+02,-1.357547E-06,+3.881252E-06,-1.077193E+02,+1.907266E+00
+9.414062E+02,-1.551763E-06,-1.300735E-06,-1.138723E+02,-2.443971E+00
+9.416504E+02,+4.563236E-06,+1.453553E-06,-1.063948E+02,+3.083740E-01
+9.418945E+02,-8.661663E-06,+6.959635E-07,-1.012200E+02,+3.061415E+00
+9.421387E+02,+9.031497E-06,+1.326794E-06,-1.007921E+02,+1.458640E-01
+9.423828E+02,-5.620587E-06,-7.152074E-06,-1.008227E+02,-2.236861E+00
+9.426270E+02,+1.237877E-06,+6.613777E-06,-1.034415E+02,+1.385771E+00
+9.428711E+02,+5.254805E-06,-1.222261E-06,-1.053600E+02,-2.285351E-01
+9.431152E+02,-4.502627E-06,-2.166816E-06,-1.060260E+02,-2.693070E+00
+9.433594E+02,+1.399421E-06,+4.045209E-07,-1.167325E+02,+2.813930E-01
+9.436035E+02,-4.648295E-06,+1.498671E-06,-1.062246E+02,+2.829702E+00
+9.438477E+02,+7.114052E-06,-1.159175E-06,-1.028439E+02,-1.615221E-01
+9.440918E+02,-4.214498E-07,+6.584175E-06,-1.036122E+02,+1.634719E+00
+9.443359E+02,-6.215021E-06,-8.941854E-06,-9.925977E+01,-2.178191E+00
+9.445801E+02,+9.812550E-06,+4.114404E-06,-9.946098E+01,+3.970329E-01
+9.448242E+02,-6.292708E-06,+3.536580E-06,-1.028312E+02,+2.629574E+00
+9.450684E+02,-2.939110E-06,-7.317082E-06,-1.020636E+02,-1.952748E+00
+9.453125E+02,+1.058674E-05,+4.038422E-06,-9.891476E+01,+3.644226E-01
+9.455566E+02,-6.436481E-06,-6.286851E-06,-1.009177E+02,-2.367954E+00
+9.458008E+02,-7.124778E-06,+1.157727E-05,-9.733308E+01,+2.122470E+00
+9.460449E+02,+1.534980E-05,-1.273812E-05,-9.400253E+01,-6.926821E-01
+9.462891E+02,-1.085287E-05,+1.135532E-05,-9.607781E+01,+2.333574E+00
+9.465332E+02,+1.314498E-07,-8.194059E-06,-1.017289E+02,-1.554756E+00
+9.467773E+02,+7.480872E-06,+7.001174E-06,-9.978894E+01,+7.522866E-01
+9.470215E+02,-2.904260E-06,-4.303198E-06,-1.056941E+02,-2.164483E+00
+9.472656E+02,-1.798683E-06,-1.878280E-06,-1.116985E+02,-2.334550E+00
+9.475098E+02,+3.356534E-06,+4.878125E-06,-1.045516E+02,+9.681162E-01
+9.477539E+02,-2.688962E-06,-8.962533E-06,-1.005771E+02,-1.862274E+00
+9.479980E+02,-7.096671E-07,+1.086346E-05,-9.926215E+01,+1.636030E+00
+9.482422E+02,+3.023767E-06,-5.005763E-06,-1.046596E+02,-1.027399E+00
+9.484863E+02,+5.920009E-07,-3.537534E-06,-1.089060E+02,-1.404984E+00
+9.487305E+02,-1.901931E-06,+9.782847E-06,-1.000296E+02,+1.762816E+00
+9.489746E+02,+3.924347E-06,-6.020498E-06,-1.028696E+02,-9.931350E-01
+9.492188E+02,-8.982117E-06,-3.220564E-06,-1.004072E+02,-2.797319E+00
+9.494629E+02,+7.216290E-06,+5.287535E-07,-1.028105E+02,+7.314151E-02
+9.497070E+02,+1.953081E-06,+5.028000E-07,-1.139069E+02,+2.519681E-01
+9.499512E+02,-7.233774E-06,+9.621536E-06,-9.838927E+01,+2.215469E+00
+9.501953E+02,+5.818960E-06,-1.527078E-05,-9.573396E+01,-1.206730E+00
+9.504395E+02,-5.308947E-06,+7.585629E-06,-1.006688E+02,+2.181434E+00
+9.506836E+02,+7.118636E-06,-8.355492E-08,-1.029515E+02,-1.173695E-02
+9.509277E+02,-2.021841E-06,-1.904316E-06,-1.111271E+02,-2.386120E+00
+9.511719E+02,+2.554282E-06,-1.117866E-06,-1.110936E+02,-4.125312E-01
+9.514160E+02,-5.803350E-06,+8.156077E-06,-9.999130E+01,+2.189223E+00
+9.516602E+02,+2.366705E-06,-9.792770E-06,-9.993536E+01,-1.333665E+00
+9.519043E+02,+1.161310E-06,-1.741500E-06,-1.135838E+02,-9.826707E-01
+9.521484E+02,-3.076902E-06,+1.031795E-05,-9.935814E+01,+1.860609E+00
+9.523926E+02,+2.761312E-06,-8.638498E-06,-1.008487E+02,-1.261409E+00
+9.526367E+02,+3.770073E-06,+6.584568E-06,-1.023980E+02,+1.050796E+00
+9.528809E+02,-8.334325E-06,-1.105893E-05,-9.717240E+01,-2.216616E+00
+9.531250E+02,+1.922649E-06,+7.199346E-06,-1.025549E+02,+1.309828E+00
+9.533691E+02,+1.222637E-05,-5.565677E-06,-9.743617E+01,-4.271856E-01
+9.536133E+02,-1.759001E-05,+6.447909E-06,-9.454713E+01,+2.790236E+00
+9.538574E+02,+1.520688E-05,-9.849051E-07,-9.634102E+01,-6.467675E-02
+9.541016E+02,-1.211713E-05,-6.057339E-07,-9.832116E+01,-3.091644E+00
+9.543457E+02,+2.575236E-06,-3.829508E-06,-1.067168E+02,-9.787856E-01
+9.545898E+02,+1.347647E-06,+3.211537E-06,-1.091613E+02,+1.173486E+00
+9.548340E+02,+6.024377E-06,-9.853190E-06,-9.874915E+01,-1.022027E+00
+9.550781E+02,-9.800788E-06,+1.432302E-05,-9.521140E+01,+2.170886E+00
+9.553223E+02,+3.541738E-06,-7.438521E-06,-1.016829E+02,-1.126423E+00
+9.555664E+02,+4.821554E-06,-1.684419E-06,-1.058362E+02,-3.360974E-01
+9.558105E+02,-9.201957E-06,+7.284945E-06,-9.860920E+01,+2.471950E+00
+9.560547E+02,+1.257679E-05,-4.312569E-06,-9.752582E+01,-3.303348E-01
+9.562988E+02,-1.241248E-05,-5.649136E-07,-9.811385E+01,-3.096112E+00
+9.565430E+02,+5.081169E-06,-1.559736E-06,-1.054897E+02,-2.978336E-01
+9.567871E+02,+1.724377E-06,-8.304137E-07,-1.143616E+02,-4.487977E-01
+9.570312E+02,-1.178154E-06,-2.936955E-06,-1.099940E+02,-1.952292E+00
+9.572754E+02,-3.181283E-06,+8.455624E-06,-1.008821E+02,+1.930647E+00
+9.575195E+02,-3.607556E-06,-8.589479E-06,-1.006151E+02,-1.968422E+00
+9.577637E+02,+1.141982E-05,+6.223985E-06,-9.771728E+01,+4.990087E-01
+9.580078E+02,-9.268607E-06,-6.406350E-06,-9.896373E+01,-2.536805E+00
+9.582520E+02,-1.551233E-06,+5.429497E-07,-1.156846E+02,+2.804907E+00
+9.584961E+02,+3.128565E-07,+3.939329E-06,-1.080643E+02,+1.491544E+00
+9.587402E+02,+3.803984E-07,-2.317144E-06,-1.125854E+02,-1.408081E+00
+9.589844E+02,+5.380591E-06,+2.653418E-06,-1.044380E+02,+4.581496E-01
+9.592285E+02,-2.844481E-06,-3.936744E-06,-1.062729E+02,-2.196495E+00
+9.594727E+02,+2.040104E-06,+2.506033E-06,-1.098121E+02,+8.875304E-01
+9.597168E+02,-1.936768E-06,-7.946800E-07,-1.135827E+02,-2.752228E+00
+9.599609E+02,-6.282910E-06,-1.054186E-07,-1.040356E+02,-3.124816E+00
+9.602051E+02,+9.696521E-06,-2.543954E-06,-9.997859E+01,-2.565750E-01
+9.604492E+02,-7.171869E-06,+5.927207E-07,-1.028578E+02,+3.059135E+00
+9.606934E+02,+2.096660E-06,+1.155327E-06,-1.124179E+02,+5.036352E-01
+9.609375E+02,-3.468604E-06,-3.220515E-07,-1.091596E+02,-3.049011E+00
+9.611816E+02,-1.244014E-07,+1.860305E-06,-1.145889E+02,+1.637568E+00
+9.614258E+02,+9.554185E-09,-4.033342E-06,-1.078867E+02,-1.568428E+00
+9.616699E+02,+4.786461E-06,-5.511256E-06,-1.027340E+02,-8.556664E-01
+9.619141E+02,-6.145423E-06,+8.745389E-06,-9.942151E+01,+2.183335E+00
+9.621582E+02,-1.489963E-06,+1.240326E-06,-1.142500E+02,+2.447373E+00
+9.624023E+02,+3.119477E-07,-2.638751E-06,-1.115118E+02,-1.453125E+00
+9.626465E+02,-7.819502E-07,-3.073582E-07,-1.215125E+02,-2.767078E+00
+9.628906E+02,-2.188995E-06,+5.606179E-06,-1.044104E+02,+1.943053E+00
+9.631348E+02,+7.016149E-07,-1.574276E-06,-1.152715E+02,-1.151545E+00
+9.633789E+02,+1.003181E-05,-4.322510E-06,-9.923283E+01,-4.068409E-01
+9.636230E+02,-5.294109E-06,+3.583667E-06,-1.038859E+02,+2.546528E+00
+9.638672E+02,+9.287484E-07,-7.370088E-06,-1.025821E+02,-1.445441E+00
+9.641113E+02,-8.227915E-06,+4.749532E-06,-1.004452E+02,+2.618072E+00
+9.643555E+02,+1.341114E-06,-1.110824E-05,-9.902425E+01,-1.450646E+00
+9.645996E+02,+8.887471E-07,+1.281360E-05,-9.782574E+01,+1.501548E+00
+9.648438E+02,-4.482330E-06,-2.562750E-06,-1.057416E+02,-2.622208E+00
+9.650879E+02,+1.870431E-06,+9.458641E-06,-1.003168E+02,+1.375567E+00
+9.653320E+02,-4.768976E-06,-8.737114E-06,-1.000401E+02,-2.070432E+00
+9.655762E+02,+8.758198E-06,+4.497274E-06,-1.001354E+02,+4.743837E-01
+9.658203E+02,-7.486308E-06,+1.300990E-06,-1.023854E+02,+2.969528E+00
+9.660645E+02,+6.356804E-06,-2.892619E-06,-1.031179E+02,-4.270398E-01
+9.663086E+02,-6.128953E-07,-3.215452E-07,-1.231964E+02,-2.658433E+00
+9.665527E+02,-8.067146E-06,+4.046233E-06,-1.008910E+02,+2.676690E+00
+9.667969E+02,+1.566982E-05,+4.858116E-06,-9.570014E+01,+3.006331E-01
+9.670410E+02,-1.419122E-05,-1.578647E-05,-9.346206E+01,-2.303030E+00
+9.672852E+02,+7.570334E-06,+1.236190E-05,-9.677519E+01,+1.021314E+00
+9.675293E+02,+1.033230E-05,-1.899309E-06,-9.957173E+01,-1.817930E-01
+9.677734E+02,-2.052513E-06,-6.048898E-06,-1.038932E+02,-1.897925E+00
+9.680176E+02,+1.748431E-05,-1.943398E-05,-9.165337E+01,-8.381595E-01
+9.682617E+02,-3.182607E-06,-1.392901E-05,-9.690059E+01,-1.795428E+00
+9.685059E+02,-6.329579E-06,-4.024410E-05,-8.779984E+01,-1.726798E+00
+9.687500E+02,-3.573888E-05,-2.265088E-05,-8.747066E+01,-2.576699E+00
+9.689941E+02,-4.923655E-05,-4.500371E-05,-8.351682E+01,-2.401080E+00
+9.692383E+02,-8.222422E-05,-2.268426E-05,-8.138144E+01,-2.872406E+00
+9.694824E+02,-1.477804E-04,+2.308361E-05,-7.650298E+01,+2.986643E+00
+9.697266E+02,-1.665040E-04,+1.356242E-04,-7.336134E+01,+2.458048E+00
+9.699707E+02,-9.558755E-05,+2.869274E-04,-7.038748E+01,+1.892375E+00
+9.702148E+02,+1.489094E-04,+3.907975E-04,-6.757218E+01,+1.206741E+00
+9.704590E+02,+4.386416E-04,+2.235218E-04,-6.615524E+01,+4.712801E-01
+9.707031E+02,+5.177623E-04,-1.337166E-04,-6.543698E+01,-2.527362E-01
+9.709473E+02,+3.186074E-04,-4.233489E-04,-6.551704E+01,-9.256408E-01
+9.711914E+02,-8.044143E-07,-5.445161E-04,-6.527978E+01,-1.572274E+00
+9.714355E+02,-4.110924E-04,-4.948201E-04,-6.383163E+01,-2.264033E+00
+9.716797E+02,-8.349638E-04,+1.476850E-04,-6.143286E+01,+2.966527E+00
+9.719238E+02,+3.857756E-04,+8.824032E-04,-6.032706E+01,+1.158648E+00
+9.721680E+02,+7.221959E-05,-4.831945E-04,-6.622161E+01,-1.422432E+00
+9.724121E+02,-2.961429E-05,+5.907218E-05,-8.359863E+01,+2.035502E+00
+9.726562E+02,-2.976445E-05,+1.855017E-05,-8.910084E+01,+2.584265E+00
+9.729004E+02,-5.519551E-06,+1.339054E-05,-9.678252E+01,+1.961774E+00
+9.731445E+02,-1.009624E-05,+9.105537E-06,-9.733192E+01,+2.407743E+00
+9.733887E+02,-2.571106E-06,+8.394792E-06,-1.011304E+02,+1.867999E+00
+9.736328E+02,-8.198945E-06,-3.668309E-07,-1.017162E+02,-3.096881E+00
+9.738770E+02,-8.624618E-06,+3.057977E-05,-8.995891E+01,+1.845693E+00
+9.741211E+02,-9.422565E-06,+1.305695E-05,-9.586250E+01,+2.195906E+00
+9.743652E+02,+1.798337E-05,+5.384764E-05,-8.491744E+01,+1.248475E+00
+9.746094E+02,+1.105022E-04,-5.238779E-05,-7.825208E+01,-4.427041E-01
+9.748535E+02,-8.412925E-05,-4.461216E-05,-8.042490E+01,-2.654015E+00
+9.750977E+02,-9.595204E-06,+3.385080E-05,-8.907299E+01,+1.847007E+00
+9.753418E+02,+2.318259E-05,+5.801804E-06,-9.243293E+01,+2.452286E-01
+9.755859E+02,+2.959063E-05,-3.081503E-05,-8.738696E+01,-8.056649E-01
+9.758301E+02,-1.421094E-05,-4.652294E-05,-8.625924E+01,-1.867256E+00
+9.760742E+02,-1.222402E-04,-3.516981E-06,-7.825213E+01,-3.112829E+00
+9.763184E+02,+4.756792E-05,+8.933753E-05,-7.989535E+01,+1.081526E+00
+9.765625E+02,+1.309976E-05,-9.731684E-06,-9.574614E+01,-6.389354E-01
+9.768066E+02,+7.275468E-07,-2.589934E-06,-1.114044E+02,-1.296941E+00
+9.770508E+02,+5.426807E-06,+7.390224E-06,-1.007538E+02,+9.374046E-01
+9.772949E+02,-5.865496E-06,-4.018246E-06,-1.029628E+02,-2.540961E+00
+9.775391E+02,+5.431372E-06,+2.578462E-06,-1.044191E+02,+4.432321E-01
+9.777832E+02,-4.076156E-07,+5.678849E-07,-1.231101E+02,+2.193355E+00
+9.780273E+02,-2.774323E-06,+3.452542E-07,-1.110701E+02,+3.017783E+00
+9.782715E+02,-2.361188E-06,+9.070702E-06,-1.005624E+02,+1.825454E+00
+9.785156E+02,+1.016661E-06,+1.198217E-06,-1.160742E+02,+8.671864E-01
+9.787598E+02,+6.598431E-06,+7.904140E-06,-9.974634E+01,+8.751891E-01
+9.790039E+02,+5.338423E-06,-1.132118E-05,-9.805020E+01,-1.130172E+00
+9.792480E+02,-5.730449E-06,+9.035329E-06,-9.941289E+01,+2.136003E+00
+9.794922E+02,+2.359545E-06,-7.246337E-06,-1.023600E+02,-1.256005E+00
+9.797363E+02,+6.551591E-06,+5.506670E-06,-1.013521E+02,+6.989580E-01
+9.799805E+02,-6.781863E-06,+3.213014E-06,-1.024936E+02,+2.699152E+00
+9.802246E+02,-2.684161E-06,+7.897738E-06,-1.015752E+02,+1.898413E+00
+9.804688E+02,+2.002583E-05,-1.325987E-05,-9.238931E+01,-5.848613E-01
+9.807129E+02,-1.123513E-05,+6.227197E-06,-9.782500E+01,+2.635484E+00
+9.809570E+02,+7.328316E-06,-3.641810E-06,-1.017414E+02,-4.612050E-01
+9.812012E+02,-6.257479E-06,+4.079534E-07,-1.040536E+02,+3.076490E+00
+9.814453E+02,+5.209019E-06,-9.610760E-07,-1.055195E+02,-1.824505E-01
+9.816895E+02,-1.811460E-06,-2.890935E-06,-1.093409E+02,-2.130545E+00
+9.819336E+02,+2.473249E-06,+6.099152E-06,-1.036335E+02,+1.185552E+00
+9.821777E+02,+2.582896E-07,-3.513662E-06,-1.090614E+02,-1.497418E+00
+9.824219E+02,-2.814197E-06,-2.482936E-06,-1.085125E+02,-2.418649E+00
+9.826660E+02,+4.334611E-07,+4.229044E-06,-1.074298E+02,+1.468657E+00
+9.829102E+02,-2.323954E-07,-2.563289E-06,-1.117885E+02,-1.661212E+00
+9.831543E+02,+3.790043E-06,+3.958398E-06,-1.052240E+02,+8.071223E-01
+9.833984E+02,-4.653379E-06,-5.053176E-06,-1.032616E+02,-2.315030E+00
+9.836426E+02,+3.033869E-06,+6.698252E-06,-1.026704E+02,+1.145505E+00
+9.838867E+02,+2.915048E-06,-8.000458E-06,-1.013963E+02,-1.221386E+00
+9.841309E+02,-4.087085E-06,+3.045404E-06,-1.058538E+02,+2.501216E+00
+9.843750E+02,-2.723945E-06,+2.512221E-06,-1.086229E+02,+2.396607E+00
+9.846191E+02,+3.861629E-06,+1.891192E-06,-1.073309E+02,+4.554054E-01
+9.848633E+02,+1.658818E-06,-7.354499E-07,-1.148247E+02,-4.173166E-01
+9.851074E+02,+6.702269E-08,-7.209656E-06,-1.028413E+02,-1.561500E+00
+9.853516E+02,+7.043901E-07,+1.240058E-05,-9.811717E+01,+1.514054E+00
+9.855957E+02,+2.675744E-06,-1.940853E-05,-9.415837E+01,-1.433796E+00
+9.858398E+02,-2.744019E-06,+2.109150E-05,-9.344496E+01,+1.700170E+00
+9.860840E+02,-3.302004E-06,-1.101911E-05,-9.878362E+01,-1.861943E+00
+9.863281E+02,+6.746574E-06,+3.329351E-06,-1.024718E+02,+4.584242E-01
+9.865723E+02,-1.116287E-06,-3.913434E-06,-1.078091E+02,-1.848662E+00
+9.868164E+02,-3.536316E-06,+4.688947E-06,-1.046228E+02,+2.216968E+00
+9.870605E+02,+1.065444E-06,-9.447516E-06,-1.004388E+02,-1.458496E+00
+9.873047E+02,+8.136754E-06,+1.462327E-05,-9.552769E+01,+1.063034E+00
+9.875488E+02,-4.052639E-06,-9.899424E-06,-9.941489E+01,-1.959364E+00
+9.877930E+02,-5.655619E-06,+2.443642E-06,-1.042070E+02,+2.733746E+00
+9.880371E+02,+8.009158E-06,-4.922226E-06,-1.005367E+02,-5.510674E-01
+9.882812E+02,-9.252431E-06,+6.125832E-06,-9.909624E+01,+2.556774E+00
+9.885254E+02,+9.433273E-06,-2.842426E-06,-1.001293E+02,-2.926666E-01
+9.887695E+02,+7.972642E-07,-3.605881E-06,-1.086525E+02,-1.353196E+00
+9.890137E+02,-2.706971E-06,+5.238749E-06,-1.045877E+02,+2.047731E+00
+9.892578E+02,-4.649593E-06,-1.931207E-08,-1.066516E+02,-3.137439E+00
+9.895020E+02,+3.092309E-06,-5.999061E-06,-1.034150E+02,-1.094853E+00
+9.897461E+02,+2.175493E-06,+3.907704E-07,-1.131109E+02,+1.777286E-01
+9.899902E+02,-3.451799E-06,+1.581957E-06,-1.084111E+02,+2.711859E+00
+9.902344E+02,+1.854072E-06,+6.998158E-06,-1.028057E+02,+1.311809E+00
+9.904785E+02,-3.446112E-06,-6.662228E-06,-1.024979E+02,-2.048157E+00
+9.907227E+02,+3.260178E-06,+1.596190E-06,-1.088020E+02,+4.552948E-01
+9.909668E+02,+4.969507E-06,-5.954008E-06,-1.022079E+02,-8.752820E-01
+9.912109E+02,-2.039176E-06,+6.694557E-06,-1.031002E+02,+1.866470E+00
+9.914551E+02,-5.718861E-06,-4.082178E-06,-1.030654E+02,-2.521658E+00
+9.916992E+02,+5.973352E-06,-7.735064E-07,-1.044034E+02,-1.287763E-01
+9.919434E+02,-4.895502E-06,+2.232013E-06,-1.053838E+02,+2.713817E+00
+9.921875E+02,+8.537376E-07,-2.811700E-07,-1.209263E+02,-3.181523E-01
+9.924316E+02,+1.760646E-06,+9.446168E-07,-1.139879E+02,+4.924328E-01
+9.926758E+02,-5.869934E-06,-2.799069E-06,-1.037375E+02,-2.696637E+00
+9.929199E+02,+8.527345E-06,+1.282895E-07,-1.013827E+02,+1.504335E-02
+9.931641E+02,+1.151117E-06,-2.182047E-07,-1.186243E+02,-1.873364E-01
+9.934082E+02,-1.070676E-05,+4.473332E-06,-9.870808E+01,+2.745832E+00
+9.936523E+02,+6.445930E-06,-5.705026E-06,-1.013020E+02,-7.244986E-01
+9.938965E+02,-4.111567E-06,+8.636232E-06,-1.003863E+02,+2.015128E+00
+9.941406E+02,+8.675909E-06,-4.035604E-06,-1.003831E+02,-4.353815E-01
+9.943848E+02,-3.164918E-06,-3.805399E-06,-1.061087E+02,-2.264565E+00
+9.946289E+02,-5.067473E-06,+4.719824E-06,-1.031916E+02,+2.391700E+00
+9.948730E+02,+6.456032E-06,-2.817726E-06,-1.030434E+02,-4.115276E-01
+9.951172E+02,+1.233545E-06,-2.460984E-06,-1.112044E+02,-1.106157E+00
+9.953613E+02,-3.206840E-06,+9.509676E-07,-1.095124E+02,+2.853310E+00
+9.956055E+02,+5.286420E-06,-3.965412E-07,-1.055124E+02,-7.487108E-02
+9.958496E+02,-8.260266E-06,-1.520274E-07,-1.016586E+02,-3.123190E+00
+9.960938E+02,+6.576640E-06,-3.938267E-06,-1.023090E+02,-5.395562E-01
+9.963379E+02,-4.533982E-06,+2.962381E-06,-1.053265E+02,+2.562850E+00
+9.965820E+02,-2.481342E-06,+6.555715E-08,-1.121032E+02,+3.115179E+00
+9.968262E+02,+6.343962E-07,+1.321653E-06,-1.166772E+02,+1.123275E+00
+9.970703E+02,+8.653590E-07,-1.984639E-06,-1.132905E+02,-1.159622E+00
+9.973145E+02,+1.857929E-06,-1.635773E-06,-1.121271E+02,-7.218962E-01
+9.975586E+02,-9.702888E-08,+1.124592E-06,-1.189479E+02,+1.656862E+00
+9.978027E+02,-1.512118E-06,-1.253352E-06,-1.141371E+02,-2.449493E+00
+9.980469E+02,-4.405344E-06,+1.885933E-06,-1.063896E+02,+2.737098E+00
+9.982910E+02,+8.290002E-06,-2.837681E-06,-1.011477E+02,-3.298001E-01
+9.985352E+02,-5.948562E-06,+8.536090E-06,-9.965572E+01,+2.179420E+00
+9.987793E+02,-2.008324E-06,-1.056953E-05,-9.936485E+01,-1.758569E+00
+9.990234E+02,-5.375815E-07,+6.819119E-06,-1.032985E+02,+1.649468E+00
+9.992676E+02,+6.551722E-06,-1.956147E-06,-1.033020E+02,-2.901443E-01
+9.995117E+02,-5.826534E-06,-1.143442E-06,-1.045277E+02,-2.947808E+00
+9.997559E+02,+4.397485E-06,-1.960868E-07,-1.071273E+02,-4.456115E-02
