FFT Length,8192
Record Length,4096
FFT Sample Rate,+2.000000E+03,
Delta Frequency,+2.441406E-01,
Start Frequency,+0.000000E+00,
Stop Frequency,+1.000000E+03,
Vertical Units,F1:,Real part,Vrms,Imaginary part,Vrms,Magnitude,dBV,
Model,SDS814X HD
Serial Number,SDS08A0X807112
Software Version,3.8.12.1.1.3.8
SourceF1:
Frequency,Real part,Imaginary part,Magnitude,Angle
+0.000000E+00,-4.887191E-04,+0.000000E+00,-6.621881E+01,+3.141593E+00
+2.441406E-01,+3.381151E-04,-7.719120E-06,-6.941644E+01,-2.282589E-02
+4.882812E-01,+7.508169E-07,-3.677813E-05,-8.868640E+01,-1.550384E+00
+7.324219E-01,+5.845045E-06,+3.358836E-05,-8.934666E+01,+1.398502E+00
+9.765625E-01,-5.850309E-06,-3.144717E-06,-1.035541E+02,-2.648374E+00
+1.220703E+00,+1.001801E-05,-2.559879E-06,-9.970967E+01,-2.501744E-01
+1.464844E+00,-7.463745E-06,+8.137579E-06,-9.913898E+01,+2.313030E+00
+1.708984E+00,+4.679100E-06,-6.720110E-06,-1.017358E+02,-9.625692E-01
+1.953125E+00,-8.454101E-07,-4.881215E-07,-1.202092E+02,-2.617973E+00
+2.197266E+00,-1.905235E-06,+1.326744E-06,-1.126840E+02,+2.533309E+00
+2.441406E+00,+6.749443E-06,-7.377820E-07,-1.033631E+02,-1.088778E-01
+2.685547E+00,-3.871505E-06,+2.110642E-06,-1.071123E+02,+2.642462E+00
+2.929688E+00,+2.782426E-06,+1.808378E-06,-1.095813E+02,+5.763249E-01
+3.173828E+00,-6.704148E-06,+6.370619E-07,-1.034341E+02,+3.046852E+00
+3.417969E+00,+6.298970E-06,-6.572454E-06,-1.008158E+02,-8.066424E-01
+3.662109E+00,-5.110239E-06,-1.257727E-06,-1.055758E+02,-2.900270E+00
+3.906250E+00,+6.259212E-06,+9.982873E-06,-9.857499E+01,+1.010764E+00
+4.150391E+00,-3.916700E-06,-7.390783E-06,-1.015512E+02,-2.058111E+00
+4.394531E+00,-2.771038E-07,-3.629092E-07,-1.268092E+02,-2.222921E+00
+4.638672E+00,-5.012587E-06,-2.233789E-07,-1.059901E+02,-3.097059E+00
+4.882812E+00,+1.134183E-05,+6.502172E-06,-9.767220E+01,+5.205493E-01
+5.126953E+00,-4.020022E-06,-8.861751E-06,-1.002369E+02,-1.996671E+00
+5.371094E+00,-4.788185E-06,+5.657109E-06,-1.026019E+02,+2.273198E+00
+5.615234E+00,+2.345173E-06,-7.363872E-08,-1.125922E+02,-3.138981E-02
+5.859375E+00,-3.018515E-06,-4.527445E-06,-1.052857E+02,-2.158833E+00
+6.103516E+00,+8.684350E-06,+3.954554E-06,-1.004069E+02,+4.273070E-01
+6.347656E+00,-5.269826E-06,+6.648613E-07,-1.054955E+02,+3.016092E+00
+6.591797E+00,-3.842282E-06,-2.949891E-06,-1.062958E+02,-2.486831E+00
+6.835938E+00,+8.292069E-06,-3.266373E-06,-1.010003E+02,-3.752500E-01
+7.080078E+00,-7.420317E-06,+9.658332E-06,-9.828728E+01,+2.225895E+00
+7.324219E+00,+7.569624E-06,-2.920825E-06,-1.018157E+02,-3.682587E-01
+7.568359E+00,-1.727708E-06,-4.882853E-06,-1.057142E+02,-1.910880E+00
+7.812500E+00,-8.230528E-06,+2.761480E-06,-1.012282E+02,+2.817878E+00
+8.056641E+00,+7.344831E-06,+3.974885E-07,-1.026677E+02,+5.406538E-02
+8.300781E+00,-3.637952E-06,-8.975782E-07,-1.085262E+02,-2.899698E+00
+8.544922E+00,+6.934354E-06,-2.336270E-06,-1.027129E+02,-3.249683E-01
+8.789062E+00,-5.697927E-06,+4.935760E-06,-1.024544E+02,+2.427747E+00
+9.033203E+00,-1.472785E-06,+1.298982E-07,-1.166036E+02,+3.053621E+00
+9.277344E+00,+5.583572E-06,-4.032497E-06,-1.032388E+02,-6.254753E-01
+9.521484E+00,+7.391056E-07,+1.072674E-06,-1.177034E+02,+9.674699E-01
+9.765625E+00,-8.589906E-06,+4.306908E-06,-1.003463E+02,+2.676832E+00
+1.000977E+01,+9.183899E-06,-1.454920E-05,-9.528674E+01,-1.007729E+00
+1.025391E+01,-9.446512E-06,+1.665728E-05,-9.435687E+01,+2.086681E+00
+1.049805E+01,+7.473526E-06,+1.111250E-07,-1.025285E+02,+1.486806E-02
+1.074219E+01,-2.962386E-06,-1.584381E-05,-9.585358E+01,-1.755636E+00
+1.098633E+01,+2.246271E-07,+1.370261E-05,-9.726276E+01,+1.554405E+00
+1.123047E+01,+3.541680E-06,-5.473954E-06,-1.037153E+02,-9.965288E-01
+1.147461E+01,-1.104292E-05,-1.317393E-06,-9.907695E+01,-3.022856E+00
+1.171875E+01,+1.232251E-05,+4.653257E-06,-9.760708E+01,+3.610678E-01
+1.196289E+01,-9.429165E-07,+7.018853E-07,-1.185957E+02,+2.501700E+00
+1.220703E+01,-9.216630E-06,-5.485041E-06,-9.939182E+01,-2.604766E+00
+1.245117E+01,+2.990039E-06,+6.399111E-06,-1.030200E+02,+1.133683E+00
+1.269531E+01,+2.247831E-06,-7.546494E-06,-1.020759E+02,-1.281300E+00
+1.293945E+01,-7.570926E-07,+4.541097E-06,-1.067377E+02,+1.735997E+00
+1.318359E+01,+2.195848E-06,-2.861270E-06,-1.088577E+02,-9.162280E-01
+1.342773E+01,-1.666041E-06,+7.239210E-06,-1.025820E+02,+1.796999E+00
+1.367188E+01,+3.061715E-06,-1.338921E-05,-9.724355E+01,-1.345991E+00
+1.391602E+01,-3.447670E-06,+1.080395E-05,-9.890720E+01,+1.879694E+00
+1.416016E+01,+4.142134E-06,-5.338985E-06,-1.034044E+02,-9.109693E-01
+1.440430E+01,-9.816263E-06,+2.952721E-06,-9.978490E+01,+2.849403E+00
+1.464844E+01,+7.132157E-06,-1.043284E-06,-1.028436E+02,-1.452487E-01
+1.489258E+01,+1.455544E-06,+1.479731E-06,-1.136570E+02,+7.936379E-01
+1.513672E+01,-5.708193E-06,-1.760416E-06,-1.044754E+02,-2.842446E+00
+1.538086E+01,+7.600921E-06,+3.458459E-07,-1.023737E+02,+4.546916E-02
+1.562500E+01,-6.394739E-06,-8.344884E-07,-1.038102E+02,-3.011830E+00
+1.586914E+01,+4.896145E-07,+1.055217E-06,-1.186864E+02,+1.136366E+00
+1.611328E+01,+1.860582E-06,+1.971294E-07,-1.145585E+02,+1.055566E-01
+1.635742E+01,-2.395004E-06,+1.119715E-06,-1.115553E+02,+2.704264E+00
+1.660156E+01,+3.731787E-06,-1.986812E-06,-1.074779E+02,-4.892323E-01
+1.684570E+01,-6.960098E-06,+1.628446E-06,-1.029162E+02,+2.911758E+00
+1.708984E+01,+4.967439E-06,-2.300246E-06,-1.052336E+02,-4.336654E-01
+1.733398E+01,-3.253532E-06,+6.281234E-06,-1.030069E+02,+2.048722E+00
+1.757812E+01,+4.694167E-06,-1.073283E-05,-9.862555E+01,-1.158499E+00
+1.782227E+01,+1.418097E-06,+1.449994E-05,-9.673134E+01,+1.473306E+00
+1.806641E+01,-7.011758E-06,-2.135701E-05,-9.296462E+01,-1.888021E+00
+1.831055E+01,-5.905226E-07,+2.449916E-05,-9.221445E+01,+1.594895E+00
+1.855469E+01,+7.206771E-06,-1.579023E-05,-9.521046E+01,-1.142627E+00
+1.879883E+01,-3.471842E-06,+4.254898E-06,-1.052060E+02,+2.255196E+00
+1.904297E+01,+5.200819E-06,+5.992738E-06,-1.020093E+02,+8.560283E-01
+1.928711E+01,-1.063702E-05,-8.262634E-06,-9.741322E+01,-2.481171E+00
+1.953125E+01,+4.907893E-06,+5.921426E-06,-1.022804E+02,+8.787179E-01
+1.977539E+01,+6.107396E-06,+5.781849E-06,-1.015040E+02,+7.580234E-01
+2.001953E+01,+2.859112E-06,-6.414397E-06,-1.030699E+02,-1.151496E+00
+2.026367E+01,-3.687770E-06,-5.246928E-06,-1.038584E+02,-2.183428E+00
+2.050781E+01,-3.981114E-06,+3.209004E-07,-1.079718E+02,+3.061161E+00
+2.075195E+01,-1.182994E-06,+2.434505E-06,-1.113512E+02,+2.023123E+00
+2.099609E+01,+3.585501E-06,-7.493740E-07,-1.087233E+02,-2.060354E-01
+2.124023E+01,+6.269886E-06,-2.474344E-06,-1.034262E+02,-3.758766E-01
+2.148438E+01,-6.943524E-06,-4.748752E-06,-1.015019E+02,-2.541747E+00
+2.172852E+01,-3.474968E-06,+4.424226E-06,-1.049964E+02,+2.236597E+00
+2.197266E+01,-6.193339E-06,-1.888999E-06,-1.037752E+02,-2.845551E+00
+2.221680E+01,+1.020280E-05,+3.383609E-06,-9.937245E+01,+3.202215E-01
+2.246094E+01,-1.143001E-05,-1.208688E-05,-9.557931E+01,-2.328270E+00
+2.270508E+01,+3.541709E-06,+3.115106E-05,-9.007477E+01,+1.457588E+00
+2.294922E+01,+1.451042E-05,-1.857543E-05,-9.255238E+01,-9.076480E-01
+2.319336E+01,-8.549566E-06,-4.949743E-06,-1.001057E+02,-2.616797E+00
+2.343750E+01,-6.567976E-06,+9.165043E-06,-9.895730E+01,+2.192599E+00
+2.368164E+01,+2.523092E-06,-2.701681E-06,-1.086439E+02,-8.195661E-01
+2.392578E+01,+1.010814E-06,+1.053604E-05,-9.950667E+01,+1.475150E+00
+2.416992E+01,+7.341333E-06,+1.350019E-06,-1.025401E+02,+1.818611E-01
+2.441406E+01,+1.339053E-05,-1.058927E-05,-9.535453E+01,-6.691080E-01
+2.465820E+01,-6.850642E-06,-2.269880E-05,-9.250134E+01,-1.863909E+00
+2.490234E+01,-8.528030E-06,+1.906538E-06,-1.011712E+02,+2.921648E+00
+2.514648E+01,-2.231174E-05,+3.852676E-06,-9.290173E+01,+2.970604E+00
+2.539062E+01,-4.293622E-06,+1.323918E-05,-9.712846E+01,+1.884406E+00
+2.563477E+01,+2.090857E-06,+9.917450E-06,-9.988313E+01,+1.363013E+00
+2.587891E+01,+1.410792E-05,+1.104883E-05,-9.493346E+01,+6.643913E-01
+2.612305E+01,+9.261588E-06,+9.247923E-07,-1.006232E+02,+9.952257E-02
+2.636719E+01,+3.260265E-06,-3.524866E-06,-1.063725E+02,-8.243757E-01
+2.661133E+01,+6.486770E-06,-1.515347E-05,-9.565901E+01,-1.166327E+00
+2.685547E+01,-3.817234E-06,+6.335192E-06,-1.026197E+02,+2.113084E+00
+2.709961E+01,-9.548385E-07,-1.227520E-05,-9.819322E+01,-1.648426E+00
+2.734375E+01,-1.714903E-06,+2.076928E-06,-1.113939E+02,+2.261008E+00
+2.758789E+01,+1.439843E-06,-2.367151E-06,-1.111483E+02,-1.024326E+00
+2.783203E+01,-9.945336E-06,+2.591458E-06,-9.976231E+01,+2.886691E+00
+2.807617E+01,+3.939775E-06,+3.413637E-06,-1.056583E+02,+7.139697E-01
+2.832031E+01,-2.062880E-07,-2.483701E-06,-1.120682E+02,-1.653663E+00
+2.856445E+01,-3.091845E-06,+1.928102E-06,-1.087690E+02,+2.583994E+00
+2.880859E+01,-1.870785E-06,-3.343189E-06,-1.083337E+02,-2.080966E+00
+2.905273E+01,+6.431542E-06,+1.136859E-06,-1.037001E+02,+1.749558E-01
+2.929688E+01,-2.659743E-06,+3.286034E-06,-1.074782E+02,+2.251248E+00
+2.954102E+01,+7.756174E-06,+4.420004E-07,-1.021930E+02,+5.692534E-02
+2.978516E+01,-1.193957E-05,-3.630115E-06,-9.807625E+01,-2.846433E+00
+3.002930E+01,+2.590987E-06,+7.189908E-06,-1.023353E+02,+1.224918E+00
+3.027344E+01,+5.474271E-06,-6.329971E-06,-1.015468E+02,-8.577625E-01
+3.051758E+01,-6.058974E-06,+6.370473E-06,-1.011185E+02,+2.331138E+00
+3.076172E+01,-5.877245E-08,-6.243943E-06,-1.040904E+02,-1.580209E+00
+3.100586E+01,+6.506511E-06,+6.387946E-07,-1.036914E+02,+9.786411E-02
+3.125000E+01,-7.733284E-06,+6.565266E-07,-1.022015E+02,+3.056900E+00
+3.149414E+01,+6.549099E-06,+1.833803E-06,-1.033485E+02,+2.730165E-01
+3.173828E+01,-3.528731E-06,-1.236219E-07,-1.090423E+02,-3.106574E+00
+3.198242E+01,+2.101701E-06,+4.275014E-06,-1.064411E+02,+1.113872E+00
+3.222656E+01,-4.863544E-06,-7.954001E-06,-1.006088E+02,-2.119599E+00
+3.247070E+01,+1.145746E-05,+3.005360E-06,-9.852925E+01,+2.565267E-01
+3.271484E+01,-9.025007E-06,-4.812798E-07,-1.008787E+02,-3.088316E+00
+3.295898E+01,+6.845739E-06,+1.576792E-06,-1.030671E+02,+2.263836E-01
+3.320312E+01,-7.138891E-06,-2.015961E-06,-1.025942E+02,-2.866368E+00
+3.344727E+01,+6.182540E-06,-3.048379E-06,-1.032316E+02,-4.580823E-01
+3.369141E+01,-7.285366E-06,+9.589701E-06,-9.838515E+01,+2.220481E+00
+3.393555E+01,+5.983634E-07,-5.345007E-06,-1.053869E+02,-1.459312E+00
+3.417969E+01,+5.252055E-06,+2.678917E-06,-1.045891E+02,+4.716713E-01
+3.442383E+01,-7.594048E-07,-1.105126E-05,-9.911131E+01,-1.639405E+00
+3.466797E+01,+1.491332E-06,+1.216770E-05,-9.823108E+01,+1.448840E+00
+3.491211E+01,+2.453778E-07,-2.499927E-06,-1.119998E+02,-1.472956E+00
+3.515625E+01,-3.284559E-06,-1.672887E-06,-1.086688E+02,-2.670518E+00
+3.540039E+01,-2.145960E-06,-3.939254E-06,-1.069631E+02,-2.069610E+00
+3.564453E+01,+3.120978E-06,+1.024560E-05,-9.940388E+01,+1.275110E+00
+3.588867E+01,+3.744225E-07,-1.359475E-05,-9.732928E+01,-1.543262E+00
+3.613281E+01,-7.497205E-07,+1.276258E-05,-9.786627E+01,+1.629472E+00
+3.637695E+01,+1.968237E-06,-1.006419E-05,-9.978142E+01,-1.377666E+00
+3.662109E+01,-3.682373E-06,+8.249898E-06,-1.008820E+02,+1.990614E+00
+3.686523E+01,+4.681659E-06,-2.736000E-06,-1.053160E+02,-5.288760E-01
+3.710938E+01,-1.425950E-06,-3.671579E-06,-1.080928E+02,-1.941241E+00
+3.735352E+01,-2.043289E-06,+1.479625E-06,-1.119625E+02,+2.514849E+00
+3.759766E+01,+4.142182E-06,+3.919337E-06,-1.048786E+02,+7.577621E-01
+3.784180E+01,-2.389539E-06,-2.666128E-06,-1.089218E+02,-2.301540E+00
+3.808594E+01,-1.898560E-06,-3.662280E-07,-1.142729E+02,-2.951035E+00
+3.833008E+01,+2.218365E-06,-1.612227E-06,-1.112376E+02,-6.284633E-01
+3.857422E+01,+4.629987E-07,-1.132725E-06,-1.182465E+02,-1.182772E+00
+3.881836E+01,-3.861237E-06,-5.309400E-07,-1.081841E+02,-3.004944E+00
+3.906250E+01,+3.958181E-06,+7.587641E-06,-1.013525E+02,+1.089970E+00
+3.930664E+01,+5.121241E-07,-8.120641E-06,-1.017910E+02,-1.507815E+00
+3.955078E+01,-1.655524E-06,+2.522718E-06,-1.104073E+02,+2.151550E+00
+3.979492E+01,-6.013846E-06,-1.196819E-06,-1.042483E+02,-2.945148E+00
+4.003906E+01,+7.629563E-06,-1.481826E-06,-1.021892E+02,-1.918333E-01
+4.028320E+01,-3.368415E-06,+8.865896E-06,-1.004600E+02,+1.933882E+00
+4.052734E+01,+5.953027E-07,-8.927617E-06,-1.009660E+02,-1.504214E+00
+4.077148E+01,-2.910805E-06,+5.402102E-06,-1.042417E+02,+2.065022E+00
+4.101562E+01,+5.465767E-06,-1.029405E-05,-9.866965E+01,-1.082686E+00
+4.125977E+01,+8.409829E-07,+1.217093E-05,-9.827284E+01,+1.501808E+00
+4.150391E+01,-5.827800E-06,+1.197239E-06,-1.045104E+02,+2.938976E+00
+4.174805E+01,+3.442136E-06,-5.925971E-06,-1.032822E+02,-1.044572E+00
+4.199219E+01,+3.869645E-07,-1.666225E-06,-1.153372E+02,-1.342601E+00
+4.223633E+01,-5.218301E-07,+4.321684E-06,-1.072241E+02,+1.690961E+00
+4.248047E+01,+3.535476E-07,-3.633408E-06,-1.087528E+02,-1.473797E+00
+4.272461E+01,+1.632397E-06,+3.501936E-07,-1.155481E+02,+2.113242E-01
+4.296875E+01,-9.008613E-06,+1.003529E-06,-1.008533E+02,+3.030653E+00
+4.321289E+01,+1.148445E-05,-1.076508E-06,-9.875980E+01,-9.346299E-02
+4.345703E+01,-6.273405E-06,+1.173885E-06,-1.039005E+02,+2.956611E+00
+4.370117E+01,+2.584483E-06,+2.547473E-06,-1.088044E+02,+7.781866E-01
+4.394531E+01,+1.017810E-07,-4.694289E-06,-1.065666E+02,-1.549118E+00
+4.418945E+01,-1.245312E-06,+1.488207E-06,-1.142417E+02,+2.267569E+00
+4.443359E+01,-5.798228E-07,-2.851315E-06,-1.107231E+02,-1.771414E+00
+4.467773E+01,-4.137174E-07,+8.288208E-06,-1.016200E+02,+1.620671E+00
+4.492188E+01,-7.610768E-07,-1.654549E-06,-1.147928E+02,-2.001927E+00
+4.516602E+01,+1.297229E-06,-9.742379E-06,-1.001504E+02,-1.438422E+00
+4.541016E+01,-2.620030E-06,+7.615030E-06,-1.018807E+02,+1.902170E+00
+4.565430E+01,+9.674305E-06,-2.009147E-06,-1.001042E+02,-2.047679E-01
+4.589844E+01,-1.023301E-05,-2.466939E-06,-9.955459E+01,-2.905030E+00
+4.614258E+01,+4.695549E-06,+3.276817E-06,-1.048432E+02,+6.092855E-01
+4.638672E+01,-1.825806E-06,-1.926073E-06,-1.115222E+02,-2.329476E+00
+4.663086E+01,+1.939582E-06,+6.784447E-06,-1.030285E+02,+1.292337E+00
+4.687500E+01,-3.273668E-06,-7.577785E-06,-1.016660E+02,-1.978588E+00
+4.711914E+01,+6.506456E-06,+5.721309E-06,-1.012455E+02,+7.212760E-01
+4.736328E+01,-1.204943E-05,-9.562385E-06,-9.625934E+01,-2.470769E+00
+4.760742E+01,+1.381174E-05,+2.066970E-06,-9.709884E+01,+1.485507E-01
+4.785156E+01,-9.326472E-06,+9.533326E-06,-9.749904E+01,+2.345227E+00
+4.809570E+01,+7.606454E-06,-4.376723E-06,-1.011343E+02,-5.221318E-01
+4.833984E+01,-5.498053E-06,-6.045330E-06,-1.017539E+02,-2.308820E+00
+4.858398E+01,-2.382631E-06,+9.170930E-07,-1.118589E+02,+2.774164E+00
+4.882812E+01,+2.252478E-06,+5.819704E-06,-1.040957E+02,+1.201509E+00
+4.907227E+01,-5.164099E-06,-2.520630E-06,-1.048120E+02,-2.687505E+00
+4.931641E+01,+6.536195E-06,-5.670432E-06,-1.012566E+02,-7.145911E-01
+4.956055E+01,-2.299236E-06,+8.454170E-06,-1.011487E+02,+1.836339E+00
+4.980469E+01,+6.700475E-06,-5.762743E-06,-1.010732E+02,-7.102997E-01
+5.004883E+01,-9.705041E-06,+5.243932E-06,-9.914757E+01,+2.646203E+00
+5.029297E+01,+5.578396E-06,-5.688672E-06,-1.019737E+02,-7.951853E-01
+5.053711E+01,-5.765559E-06,+6.202329E-07,-1.047332E+02,+3.034429E+00
+5.078125E+01,-2.574154E-06,+2.866120E-06,-1.082854E+02,+2.302578E+00
+5.102539E+01,+6.759307E-06,-1.015554E-06,-1.033050E+02,-1.491298E-01
+5.126953E+01,-2.177004E-06,-1.088229E-06,-1.122742E+02,-2.678045E+00
+5.151367E+01,-3.277682E-06,+2.865604E-07,-1.096556E+02,+3.054387E+00
+5.175781E+01,-1.292669E-06,+6.649087E-06,-1.033836E+02,+1.762814E+00
+5.200195E+01,+5.185191E-06,-5.036820E-06,-1.028187E+02,-7.708843E-01
+5.224609E+01,-8.690506E-06,+4.558840E-06,-1.001634E+02,+2.658477E+00
+5.249023E+01,+4.131848E-06,-2.092081E-06,-1.066859E+02,-4.686993E-01
+5.273438E+01,+3.756975E-06,+2.999886E-06,-1.063612E+02,+6.738161E-01
+5.297852E+01,+1.645211E-06,+7.836297E-07,-1.147876E+02,+4.445163E-01
+5.322266E+01,+1.993926E-06,-1.142679E-06,-1.127725E+02,-5.203900E-01
+5.346680E+01,-1.286538E-07,+6.065695E-07,-1.241513E+02,+1.779800E+00
+5.371094E+01,-5.670825E-06,-5.323960E-06,-1.021822E+02,-2.387732E+00
+5.395508E+01,+1.952945E-06,+2.519529E-06,-1.099302E+02,+9.114095E-01
+5.419922E+01,+2.888870E-06,+3.686420E-06,-1.065886E+02,+9.061034E-01
+5.444336E+01,+9.736885E-07,-1.986899E-06,-1.131017E+02,-1.115137E+00
+5.468750E+01,-6.065839E-06,-2.823579E-06,-1.034904E+02,-2.705933E+00
+5.493164E+01,+2.309785E-06,+1.733583E-06,-1.107881E+02,+6.438459E-01
+5.517578E+01,+8.900365E-06,-8.929833E-07,-1.009683E+02,-9.999645E-02
+5.541992E+01,-1.492852E-05,+5.599142E-06,-9.594806E+01,+2.782766E+00
+5.566406E+01,+8.328445E-06,-4.360858E-06,-1.005365E+02,-4.823568E-01
+5.590820E+01,-1.369923E-06,+1.516170E-06,-1.137930E+02,+2.305565E+00
+5.615234E+01,-6.938836E-07,+3.345383E-06,-1.093282E+02,+1.775312E+00
+5.639648E+01,+2.418526E-06,-7.477815E-06,-1.020924E+02,-1.257988E+00
+5.664062E+01,+3.068623E-06,+4.940287E-06,-1.047079E+02,+1.014976E+00
+5.688477E+01,-9.037699E-06,+3.152159E-06,-1.003803E+02,+2.806006E+00
+5.712891E+01,+1.230036E-05,-1.226513E-06,-9.815868E+01,-9.938513E-02
+5.737305E+01,-5.748879E-06,-2.527360E-06,-1.040409E+02,-2.727399E+00
+5.761719E+01,-5.620554E-08,+2.840085E-06,-1.109317E+02,+1.590584E+00
+5.786133E+01,+6.292563E-06,-3.715584E-06,-1.027244E+02,-5.333843E-01
+5.810547E+01,-4.985887E-06,-3.971356E-06,-1.039115E+02,-2.468978E+00
+5.834961E+01,+5.106169E-06,+8.113323E-06,-1.003669E+02,+1.009071E+00
+5.859375E+01,-2.597975E-06,-9.318726E-06,-1.002878E+02,-1.842683E+00
+5.883789E+01,+2.720954E-06,+3.419705E-06,-1.071901E+02,+8.987017E-01
+5.908203E+01,-1.946914E-06,+4.461333E-06,-1.062536E+02,+1.982281E+00
+5.932617E+01,-1.031331E-06,-4.709569E-06,-1.063369E+02,-1.786380E+00
+5.957031E+01,+6.646470E-06,-2.312057E-06,-1.030521E+02,-3.347692E-01
+5.981445E+01,-5.511154E-06,-1.633709E-06,-1.048094E+02,-2.853408E+00
+6.005859E+01,+4.167880E-07,+3.936038E-06,-1.080504E+02,+1.465299E+00
+6.030273E+01,+4.067828E-06,-1.075803E-05,-9.878497E+01,-1.209293E+00
+6.054688E+01,-7.619743E-06,+6.332997E-06,-1.000803E+02,+2.448156E+00
+6.079102E+01,-1.836961E-07,-4.800219E-06,-1.063684E+02,-1.609046E+00
+6.103516E+01,+5.521344E-06,-5.833187E-06,-1.019036E+02,-8.128555E-01
+6.127930E+01,-6.953027E-06,+8.793643E-06,-9.900758E+01,+2.239833E+00
+6.152344E+01,-9.763739E-06,-6.454225E-06,-9.863319E+01,-2.557495E+00
+6.176758E+01,-2.838080E-06,+1.270707E-06,-1.101460E+02,+2.720624E+00
+6.201172E+01,+9.593949E-06,+1.181456E-05,-9.635209E+01,+8.887542E-01
+6.225586E+01,-7.157227E-06,+1.682866E-06,-1.026714E+02,+2.910659E+00
+6.250000E+01,+1.974568E-06,-2.096839E-06,-1.108115E+02,-8.154206E-01
+6.274414E+01,+7.823885E-06,-7.416845E-07,-1.020927E+02,-9.451503E-02
+6.298828E+01,-1.012240E-05,+5.904603E-06,-9.862243E+01,+2.613528E+00
+6.323242E+01,+1.309893E-05,-2.198976E-06,-9.753459E+01,-1.663237E-01
+6.347656E+01,-4.965578E-06,+1.043560E-07,-1.060787E+02,+3.120580E+00
+6.372070E+01,+5.444537E-07,-3.535302E-06,-1.089297E+02,-1.417992E+00
+6.396484E+01,+1.898651E-06,+5.020712E-06,-1.054042E+02,+1.209255E+00
+6.420898E+01,+1.445235E-06,-5.681058E-06,-1.046391E+02,-1.321685E+00
+6.445312E+01,-2.207584E-07,-3.943436E-07,-1.268986E+02,-2.081141E+00
+6.469727E+01,-2.499583E-06,+2.701332E-06,-1.086822E+02,+2.317423E+00
+6.494141E+01,+2.833667E-06,-9.882696E-07,-1.104545E+02,-3.355696E-01
+6.518555E+01,-2.161184E-06,+2.997371E-06,-1.086471E+02,+2.195495E+00
+6.542969E+01,-5.325934E-07,-5.796409E-06,-1.047003E+02,-1.662422E+00
+6.567383E+01,+2.541841E-06,+3.444004E-07,-1.118180E+02,+1.346724E-01
+6.591797E+01,-5.292095E-06,+1.104305E-06,-1.053423E+02,+2.935874E+00
+6.616211E+01,+5.978666E-06,+1.345987E-06,-1.042532E+02,+2.214397E-01
+6.640625E+01,-4.806935E-06,-1.590449E-06,-1.059115E+02,-2.822065E+00
+6.665039E+01,+2.860185E-06,+1.140097E-06,-1.102317E+02,+3.793069E-01
+6.689453E+01,+3.107661E-06,+1.022886E-06,-1.097046E+02,+3.179808E-01
+6.713867E+01,-5.899149E-06,+1.738043E-06,-1.042227E+02,+2.855073E+00
+6.738281E+01,+3.567714E-06,-3.907234E-06,-1.055292E+02,-8.307880E-01
+6.762695E+01,-3.378972E-06,-6.514111E-07,-1.092658E+02,-2.951145E+00
+6.787109E+01,+2.669975E-06,+3.171275E-06,-1.076483E+02,+8.710091E-01
+6.811523E+01,+3.674419E-07,+1.516641E-06,-1.161346E+02,+1.333103E+00
+6.835938E+01,-1.189567E-06,-5.679965E-09,-1.184921E+02,-3.136818E+00
+6.860352E+01,-3.548088E-06,-9.959474E-06,-9.951636E+01,-1.913030E+00
+6.884766E+01,+1.221121E-05,+1.059562E-05,-9.582726E+01,+7.146781E-01
+6.909180E+01,-1.038848E-05,-3.795295E-06,-9.912486E+01,-2.791321E+00
+6.933594E+01,+2.710412E-06,-3.806319E-06,-1.066086E+02,-9.520075E-01
+6.958008E+01,-8.277267E-07,+6.930004E-06,-1.031238E+02,+1.689674E+00
+6.982422E+01,+8.542192E-07,-7.789597E-06,-1.021178E+02,-1.461571E+00
+7.006836E+01,-1.063363E-06,+1.071627E-05,-9.935658E+01,+1.669701E+00
+7.031250E+01,-3.322907E-06,-4.511336E-06,-1.050315E+02,-2.205646E+00
+7.055664E+01,+6.334075E-06,-3.193459E-06,-1.029827E+02,-4.669791E-01
+7.080078E+01,-3.712724E-06,-1.138361E-06,-1.082159E+02,-2.844082E+00
+7.104492E+01,+4.108604E-07,+2.911442E-06,-1.106322E+02,+1.430603E+00
+7.128906E+01,+8.095551E-06,-1.753602E-07,-1.018330E+02,-2.165792E-02
+7.153320E+01,-4.882606E-06,+4.034796E-07,-1.061974E+02,+3.059144E+00
+7.177734E+01,-7.075189E-06,+2.117117E-06,-1.026328E+02,+2.850842E+00
+7.202148E+01,+2.453970E-06,-7.709667E-06,-1.018402E+02,-1.262638E+00
+7.226562E+01,+1.937631E-06,+6.827850E-06,-1.029779E+02,+1.294283E+00
+7.250977E+01,+2.277271E-06,-1.291582E-06,-1.116405E+02,-5.159239E-01
+7.275391E+01,-2.978066E-06,+6.290514E-07,-1.103317E+02,+2.933424E+00
+7.299805E+01,+4.270546E-06,-2.361896E-06,-1.062313E+02,-5.051945E-01
+7.324219E+01,-6.123036E-06,+1.832562E-07,-1.042568E+02,+3.111673E+00
+7.348633E+01,+4.420373E-06,-2.210980E-06,-1.061211E+02,-4.637913E-01
+7.373047E+01,-2.559245E-06,+7.088898E-06,-1.024564E+02,+1.917256E+00
+7.397461E+01,+2.257864E-06,-4.764913E-06,-1.055592E+02,-1.128285E+00
+7.421875E+01,-3.089250E-06,+1.924012E-06,-1.087794E+02,+2.584571E+00
+7.446289E+01,+3.373522E-06,-5.276717E-06,-1.040644E+02,-1.001964E+00
+7.470703E+01,-7.184054E-06,+5.932079E-06,-1.006148E+02,+2.451359E+00
+7.495117E+01,+1.196240E-05,-4.089214E-06,-9.796368E+01,-3.293860E-01
+7.519531E+01,-6.757754E-06,+4.337986E-06,-1.019054E+02,+2.570914E+00
+7.543945E+01,+6.570772E-07,+6.193652E-07,-1.208865E+02,+7.558621E-01
+7.568359E+01,+1.051676E-06,-5.697832E-06,-1.047403E+02,-1.388276E+00
+7.592773E+01,-3.495891E-06,+3.389423E-06,-1.062508E+02,+2.371656E+00
+7.617188E+01,+1.250454E-06,+1.298805E-07,-1.180120E+02,+1.034956E-01
+7.641602E+01,+3.822510E-06,-1.318826E-07,-1.083479E+02,-3.448789E-02
+7.666016E+01,-6.095562E-06,-4.058386E-06,-1.027062E+02,-2.554195E+00
+7.690430E+01,+5.873952E-06,+4.594944E-06,-1.025479E+02,+6.638284E-01
+7.714844E+01,-4.662908E-06,-5.032073E-06,-1.032731E+02,-2.318135E+00
+7.739258E+01,+7.316034E-06,+7.913109E-06,-9.935012E+01,+8.245841E-01
+7.763672E+01,-1.401200E-05,-7.058875E-06,-9.608776E+01,-2.674931E+00
+7.788086E+01,+1.386739E-05,+5.060042E-06,-9.661726E+01,+3.498759E-01
+7.812500E+01,-5.296081E-06,-1.199553E-06,-1.053036E+02,-2.918853E+00
+7.836914E+01,-1.481719E-06,+2.593889E-07,-1.164536E+02,+2.968289E+00
+7.861328E+01,+2.367803E-06,+1.451432E-06,-1.111277E+02,+5.499140E-01
+7.885742E+01,-4.884507E-06,-1.082473E-05,-9.850678E+01,-1.994677E+00
+7.910156E+01,+7.678340E-06,+1.048238E-05,-9.772531E+01,+9.385900E-01
+7.934570E+01,-3.152333E-06,-2.123765E-06,-1.084021E+02,-2.548728E+00
+7.958984E+01,-1.418755E-06,+1.217552E-06,-1.145652E+02,+2.432367E+00
+7.983398E+01,-1.154915E-06,+1.145561E-06,-1.157739E+02,+2.360260E+00
+8.007812E+01,+1.335515E-06,-7.016697E-06,-1.029228E+02,-1.382712E+00
+8.032227E+01,-1.105927E-06,+4.638483E-06,-1.064324E+02,+1.804851E+00
+8.056641E+01,+3.474128E-06,-1.708666E-06,-1.082422E+02,-4.570870E-01
+8.081055E+01,+3.873500E-07,+2.284944E-06,-1.126994E+02,+1.402870E+00
+8.105469E+01,-6.618571E-06,+4.566528E-06,-1.018937E+02,+2.537639E+00
+8.129883E+01,+5.709273E-06,-1.085485E-05,-9.822684E+01,-1.086593E+00
+8.154297E+01,-1.946902E-06,+6.116516E-06,-1.038508E+02,+1.878959E+00
+8.178711E+01,-3.427557E-06,+2.966481E-06,-1.068723E+02,+2.428180E+00
+8.203125E+01,+6.766285E-06,-2.564537E-06,-1.028101E+02,-3.622878E-01
+8.227539E+01,-1.111211E-06,-7.053436E-06,-1.029255E+02,-1.727054E+00
+8.251953E+01,-2.121041E-06,+1.159148E-05,-9.857419E+01,+1.751777E+00
+8.276367E+01,-2.222924E-06,-3.214128E-06,-1.081610E+02,-2.175869E+00
+8.300781E+01,+6.810651E-06,-1.834091E-06,-1.030322E+02,-2.630569E-01
+8.325195E+01,-1.190107E-05,-2.077721E-06,-9.835789E+01,-2.968752E+00
+8.349609E+01,+1.578633E-05,-1.959587E-06,-9.596797E+01,-1.235001E-01
+8.374023E+01,-1.282960E-05,+8.301932E-06,-9.631675E+01,+2.567265E+00
+8.398438E+01,+3.386674E-06,-9.341498E-06,-1.000554E+02,-1.222993E+00
+8.422852E+01,+3.080045E-07,+9.181005E-06,-1.007373E+02,+1.537261E+00
+8.447266E+01,+3.323758E-06,-5.120681E-06,-1.042866E+02,-9.950644E-01
+8.471680E+01,-4.651999E-06,-7.612190E-07,-1.065324E+02,-2.979398E+00
+8.496094E+01,-3.111197E-07,+5.902798E-06,-1.045668E+02,+1.623455E+00
+8.520508E+01,+5.703359E-06,-7.653685E-06,-1.004045E+02,-9.303883E-01
+8.544922E+01,-3.671642E-06,-4.200065E-07,-1.086463E+02,-3.027696E+00
+8.569336E+01,-2.755072E-06,+8.589853E-06,-1.008950E+02,+1.881166E+00
+8.593750E+01,+6.175935E-06,-4.716042E-07,-1.041607E+02,-7.621368E-02
+8.618164E+01,-5.064530E-06,-5.304009E-06,-1.026936E+02,-2.333102E+00
+8.642578E+01,+5.731133E-06,-3.543668E-06,-1.034291E+02,-5.537806E-01
+8.666992E+01,-5.639070E-06,+6.387150E-06,-1.013909E+02,+2.294070E+00
+8.691406E+01,+3.803757E-06,+4.182715E-08,-1.083952E+02,+1.099583E-02
+8.715820E+01,-3.946356E-06,-2.642878E-06,-1.064669E+02,-2.551492E+00
+8.740234E+01,+4.493511E-06,+2.809466E-06,-1.055153E+02,+5.587628E-01
+8.764648E+01,-4.698636E-07,-2.494608E-06,-1.119086E+02,-1.756967E+00
+8.789062E+01,-5.197249E-06,+1.661322E-07,-1.056801E+02,+3.109638E+00
+8.813477E+01,+1.993746E-06,+3.085119E-06,-1.086989E+02,+9.970648E-01
+8.837891E+01,-1.491404E-06,-3.959810E-06,-1.074704E+02,-1.931000E+00
+8.862305E+01,+9.367176E-06,+2.556138E-07,-1.005646E+02,+2.728148E-02
+8.886719E+01,-6.999845E-06,+4.761269E-07,-1.030782E+02,+3.073678E+00
+8.911133E+01,-3.620690E-07,+7.315260E-07,-1.217638E+02,+2.030396E+00
+8.935547E+01,+9.030185E-07,-1.804531E-06,-1.139022E+02,-1.106815E+00
+8.959961E+01,+1.273987E-06,+7.279630E-06,-1.026268E+02,+1.397544E+00
+8.984375E+01,-3.969737E-06,-5.311500E-06,-1.035684E+02,-2.212622E+00
+9.008789E+01,+1.518728E-06,-1.320355E-06,-1.139256E+02,-7.156395E-01
+9.033203E+01,+5.088517E-06,-2.006558E-06,-1.052405E+02,-3.756095E-01
+9.057617E+01,-7.109601E-06,+9.095565E-06,-9.875249E+01,+2.234251E+00
+9.082031E+01,+7.017297E-06,-1.589208E-05,-9.520280E+01,-1.154984E+00
+9.106445E+01,-6.932923E-06,+1.181771E-05,-9.726480E+01,+2.101346E+00
+9.130859E+01,+2.237874E-06,+1.670015E-06,-1.110807E+02,+6.410972E-01
+9.155273E+01,-1.872831E-06,-1.882199E-06,-1.115180E+02,-2.353700E+00
+9.179688E+01,+6.531511E-06,+1.364164E-06,-1.035143E+02,+2.058990E-01
+9.204102E+01,-6.390926E-06,-3.785060E-06,-1.025829E+02,-2.606887E+00
+9.228516E+01,+5.560061E-07,+6.410780E-08,-1.250411E+02,+1.147936E-01
+9.252930E+01,+4.500738E-06,-9.283916E-07,-1.067534E+02,-2.034223E-01
+9.277344E+01,-7.277027E-07,+1.074271E-06,-1.177376E+02,+2.166188E+00
+9.301758E+01,-5.041751E-06,-3.519010E-07,-1.059273E+02,-3.071908E+00
+9.326172E+01,+2.362790E-06,+1.899012E-06,-1.103673E+02,+6.770026E-01
+9.350586E+01,+4.255009E-06,+2.845022E-06,-1.058171E+02,+5.893598E-01
+9.375000E+01,-4.328651E-06,-4.223898E-06,-1.043677E+02,-2.368442E+00
+9.399414E+01,+3.665103E-06,+1.202262E-07,-1.087136E+02,+3.279121E-02
+9.423828E+01,-2.551060E-06,-1.520608E-06,-1.105452E+02,-2.604069E+00
+9.448242E+01,-7.449454E-06,+1.130550E-06,-1.024586E+02,+2.990979E+00
+9.472656E+01,+1.198939E-05,+7.647175E-06,-9.694165E+01,+5.677711E-01
+9.497070E+01,-4.014995E-06,-1.029872E-05,-9.912987E+01,-1.942526E+00
+9.521484E+01,+1.076682E-06,+3.384615E-06,-1.089912E+02,+1.262808E+00
+9.545898E+01,-4.782914E-06,+2.795863E-06,-1.051296E+02,+2.612609E+00
+9.570312E+01,+1.872078E-06,-5.984594E-06,-1.040539E+02,-1.267623E+00
+9.594727E+01,+1.489254E-06,+5.937441E-06,-1.042630E+02,+1.325042E+00
+9.619141E+01,+5.175408E-06,-4.657083E-06,-1.031450E+02,-7.327313E-01
+9.643555E+01,-1.078836E-05,+6.619536E-06,-9.795319E+01,+2.591247E+00
+9.667969E+01,+1.366701E-05,-5.368526E-06,-9.666335E+01,-3.742919E-01
+9.692383E+01,-9.003302E-06,-1.427406E-06,-1.008041E+02,-2.984359E+00
+9.716797E+01,+2.702229E-06,+4.855259E-06,-1.051038E+02,+1.062933E+00
+9.741211E+01,-5.679008E-06,-4.838597E-06,-1.025443E+02,-2.435930E+00
+9.765625E+01,+5.759259E-06,+6.173555E-06,-1.014702E+02,+8.201032E-01
+9.790039E+01,-3.030299E-06,-4.798661E-06,-1.049201E+02,-2.134048E+00
+9.814453E+01,+9.247036E-07,-2.017458E-06,-1.130758E+02,-1.141019E+00
+9.838867E+01,+4.350450E-06,+4.491933E-06,-1.040778E+02,+8.013974E-01
+9.863281E+01,-7.109825E-06,-1.946643E-06,-1.026489E+02,-2.874346E+00
+9.887695E+01,+4.630549E-06,+1.910929E-06,-1.060044E+02,+3.913883E-01
+9.912109E+01,+1.391934E-06,-5.857974E-06,-1.044065E+02,-1.337509E+00
+9.936523E+01,-6.987056E-06,+9.917072E-06,-9.832188E+01,+2.184568E+00
+9.960938E+01,+7.920223E-06,-1.038358E-05,-9.768151E+01,-9.191761E-01
+9.985352E+01,-6.423524E-06,+4.982315E-06,-1.017990E+02,+2.481885E+00
+1.000977E+02,+3.478224E-06,+3.031996E-06,-1.067180E+02,+7.169626E-01
+1.003418E+02,+1.699128E-06,-2.415819E-06,-1.105932E+02,-9.578363E-01
+1.005859E+02,-3.730216E-06,-2.053843E-06,-1.074154E+02,-2.638292E+00
+1.008301E+02,+1.722933E-06,-1.142640E-06,-1.136915E+02,-5.855950E-01
+1.010742E+02,-1.674718E-06,+4.452406E-06,-1.064534E+02,+1.930564E+00
+1.013184E+02,+4.119909E-06,-3.717892E-06,-1.051150E+02,-7.341511E-01
+1.015625E+02,-3.966323E-06,+3.092921E-06,-1.059692E+02,+2.479293E+00
+1.018066E+02,+4.318430E-06,-3.613003E-06,-1.049891E+02,-6.966910E-01
+1.020508E+02,-4.930908E-06,+1.334299E-06,-1.058346E+02,+2.877323E+00
+1.022949E+02,+4.428096E-06,-1.039815E-06,-1.068426E+02,-2.306433E-01
+1.025391E+02,-4.380330E-06,+2.150376E-06,-1.062321E+02,+2.685238E+00
+1.027832E+02,+3.963381E-06,-1.082791E-06,-1.077261E+02,-2.666909E-01
+1.030273E+02,-3.431669E-06,-5.321198E-07,-1.091867E+02,-2.987756E+00
+1.032715E+02,+2.758208E-06,+1.550923E-07,-1.111738E+02,+5.617023E-02
+1.035156E+02,-2.167380E-06,+3.401280E-06,-1.078871E+02,+2.138138E+00
+1.037598E+02,-2.101720E-07,-6.687047E-06,-1.034910E+02,-1.602216E+00
+1.040039E+02,+3.225121E-06,+4.057697E-06,-1.057079E+02,+8.992246E-01
+1.042480E+02,-7.944877E-08,+1.862173E-06,-1.145917E+02,+1.613435E+00
+1.044922E+02,-6.845587E-06,-3.322378E-06,-1.023732E+02,-2.689749E+00
+1.047363E+02,+6.936234E-06,+8.651216E-06,-9.910255E+01,+8.949807E-01
+1.049805E+02,-2.064614E-06,-1.424351E-05,-9.683736E+01,-1.714745E+00
+1.052246E+02,+7.354096E-07,+1.066559E-05,-9.941970E+01,+1.501954E+00
+1.054688E+02,-6.065933E-06,-8.396712E-06,-9.969399E+01,-2.196410E+00
+1.057129E+02,+7.078197E-06,+7.859503E-06,-9.951276E+01,+8.376548E-01
+1.059570E+02,+6.609562E-07,-5.519440E-06,-1.051003E+02,-1.451613E+00
+1.062012E+02,-1.562147E-06,+2.012772E-06,-1.118765E+02,+2.230804E+00
+1.064453E+02,-6.366433E-06,+4.205264E-06,-1.023496E+02,+2.557846E+00
+1.066895E+02,+5.082972E-06,-8.754922E-06,-9.989339E+01,-1.044775E+00
+1.069336E+02,+1.121326E-06,+7.641556E-06,-1.022438E+02,+1.425096E+00
+1.071777E+02,+6.068149E-06,-4.319766E-06,-1.025584E+02,-6.186516E-01
+1.074219E+02,-1.408585E-05,+1.007174E-06,-9.700219E+01,+3.070212E+00
+1.076660E+02,+8.768518E-06,-2.035409E-06,-1.009136E+02,-2.280875E-01
+1.079102E+02,+4.475338E-07,+6.361531E-06,-1.039073E+02,+1.500562E+00
+1.081543E+02,-7.323967E-06,-7.106698E-06,-9.982359E+01,-2.371249E+00
+1.083984E+02,+9.649511E-06,+4.488168E-06,-9.945937E+01,+4.353553E-01
+1.086426E+02,-6.357904E-06,-1.181159E-06,-1.037864E+02,-2.957909E+00
+1.088867E+02,-1.089721E-06,-2.037888E-06,-1.127242E+02,-2.061841E+00
+1.091309E+02,+1.905688E-06,-1.643368E-06,-1.119844E+02,-7.116197E-01
+1.093750E+02,+5.555801E-06,-1.714459E-06,-1.047100E+02,-2.993178E-01
+1.096191E+02,-5.168700E-06,+1.355994E-05,-9.676568E+01,+1.934969E+00
+1.098633E+02,-2.486513E-06,-1.636294E-05,-9.562363E+01,-1.721603E+00
+1.101074E+02,+4.340686E-06,+1.486350E-05,-9.620215E+01,+1.286661E+00
+1.103516E+02,-4.046766E-06,-9.018064E-06,-1.001010E+02,-1.992602E+00
+1.105957E+02,+4.815126E-06,+6.289470E-06,-1.020244E+02,+9.173949E-01
+1.108398E+02,-2.936496E-06,-7.319085E-06,-1.020627E+02,-1.952346E+00
+1.110840E+02,-2.171309E-06,-7.330493E-07,-1.127968E+02,-2.816001E+00
+1.113281E+02,+5.620409E-06,+7.321086E-06,-1.006963E+02,+9.160621E-01
+1.115723E+02,-2.653447E-06,-8.680641E-06,-1.008410E+02,-1.867450E+00
+1.118164E+02,-1.168443E-07,+8.347394E-06,-1.015681E+02,+1.584793E+00
+1.120605E+02,-2.296151E-06,-3.865874E-06,-1.069428E+02,-2.106758E+00
+1.123047E+02,-2.148741E-06,+8.512689E-07,-1.127232E+02,+2.764391E+00
+1.125488E+02,+6.831089E-06,+7.101500E-07,-1.032635E+02,+1.035864E-01
+1.127930E+02,-3.755860E-06,-3.580529E-06,-1.056982E+02,-2.380089E+00
+1.130371E+02,+4.776636E-06,+4.601030E-06,-1.035669E+02,+7.666744E-01
+1.132812E+02,-2.541320E-06,+2.788515E-06,-1.084667E+02,+2.309848E+00
+1.135254E+02,-4.703417E-06,-1.071264E-05,-9.863651E+01,-1.984510E+00
+1.137695E+02,+2.068836E-06,+1.105160E-05,-9.898192E+01,+1.385740E+00
+1.140137E+02,+2.868548E-06,-1.239967E-05,-9.790538E+01,-1.343455E+00
+1.142578E+02,-2.471191E-06,+5.976479E-06,-1.037856E+02,+1.962874E+00
+1.145020E+02,+4.343374E-06,+5.715020E-06,-1.028797E+02,+9.209304E-01
+1.147461E+02,-7.652709E-06,-1.191245E-06,-1.022197E+02,-2.987169E+00
+1.149902E+02,+7.314853E-06,-6.140460E-06,-1.003995E+02,-6.983378E-01
+1.152344E+02,-5.241694E-06,+6.501166E-06,-1.015652E+02,+2.249349E+00
+1.154785E+02,+4.761527E-07,-2.050256E-06,-1.135357E+02,-1.342601E+00
+1.157227E+02,+3.418387E-06,-8.724608E-06,-1.005648E+02,-1.197370E+00
+1.159668E+02,-4.657307E-06,+1.437468E-05,-9.641452E+01,+1.884118E+00
+1.162109E+02,+1.987447E-06,-1.035127E-05,-9.954292E+01,-1.381104E+00
+1.164551E+02,+8.503031E-06,+4.347240E-06,-1.004000E+02,+4.726131E-01
+1.166992E+02,-1.152563E-05,+1.917301E-07,-9.876550E+01,+3.124959E+00
+1.169434E+02,+2.155251E-06,+1.559376E-07,-1.133074E+02,+7.222655E-02
+1.171875E+02,-4.515259E-07,-3.374926E-06,-1.093577E+02,-1.703795E+00
+1.174316E+02,+8.466970E-06,-4.766917E-07,-1.014317E+02,-5.624077E-02
+1.176758E+02,-1.337701E-05,+3.110631E-06,-9.724411E+01,+2.913117E+00
+1.179199E+02,+9.411655E-06,+5.044165E-08,-1.005266E+02,+5.359436E-03
+1.181641E+02,-3.528698E-06,+4.556916E-06,-1.047864E+02,+2.229707E+00
+1.184082E+02,+9.812776E-08,-7.716917E-06,-1.022504E+02,-1.558081E+00
+1.186523E+02,+1.779413E-06,+1.671448E-06,-1.122475E+02,+7.541220E-01
+1.188965E+02,-5.027285E-07,+5.528921E-06,-1.051114E+02,+1.661474E+00
+1.191406E+02,+9.491714E-07,-9.044048E-06,-1.008252E+02,-1.466229E+00
+1.193848E+02,-2.532610E-06,+9.144836E-06,-1.004555E+02,+1.840969E+00
+1.196289E+02,-3.795770E-07,-6.792616E-06,-1.033457E+02,-1.626619E+00
+1.198730E+02,+1.911950E-06,+1.028619E-06,-1.132665E+02,+4.935795E-01
+1.201172E+02,+1.159804E-06,+2.501962E-06,-1.111890E+02,+1.136725E+00
+1.203613E+02,+2.585745E-06,+2.244322E-06,-1.093096E+02,+7.148287E-01
+1.206055E+02,-6.998918E-06,-3.077496E-06,-1.023317E+02,-2.727329E+00
+1.208496E+02,+5.636405E-06,+9.796921E-07,-1.048507E+02,+1.720957E-01
+1.210938E+02,-8.274546E-06,-2.891602E-06,-1.011447E+02,-2.805401E+00
+1.213379E+02,+5.730308E-06,+6.019446E-07,-1.047888E+02,+1.046619E-01
+1.215820E+02,+2.917111E-06,+5.447395E-06,-1.041812E+02,+1.079149E+00
+1.218262E+02,-6.596700E-06,-7.820082E-06,-9.980177E+01,-2.271539E+00
+1.220703E+02,+5.470498E-06,+4.273728E-06,-1.031703E+02,+6.631918E-01
+1.223145E+02,-4.033444E-06,-1.164717E-06,-1.075387E+02,-2.860475E+00
+1.225586E+02,+6.100368E-06,+2.336020E-06,-1.036986E+02,+3.657057E-01
+1.228027E+02,-4.550646E-06,-4.274938E-06,-1.040912E+02,-2.387424E+00
+1.230469E+02,+5.106213E-06,+8.675638E-06,-9.994218E+01,+1.038824E+00
+1.232910E+02,-4.803947E-06,-5.724196E-06,-1.025302E+02,-2.269008E+00
+1.235352E+02,-1.627016E-06,-4.617414E-06,-1.062037E+02,-1.909577E+00
+1.237793E+02,+3.816697E-06,+1.081414E-05,-9.881032E+01,+1.231509E+00
+1.240234E+02,-5.481441E-06,-1.392245E-05,-9.649982E+01,-1.945871E+00
+1.242676E+02,+8.631294E-08,+7.460832E-06,-1.025437E+02,+1.559228E+00
+1.245117E+02,+1.089079E-05,+4.078504E-06,-9.868883E+01,+3.583244E-01
+1.247559E+02,-1.076416E-05,-5.736124E-06,-9.827484E+01,-2.651980E+00
+1.250000E+02,+1.018695E-05,+2.274986E-06,-9.962775E+01,+2.197181E-01
+1.252441E+02,-7.634397E-06,-2.396018E-06,-1.019365E+02,-2.837483E+00
+1.254883E+02,+2.183047E-06,+3.954315E-06,-1.069032E+02,+1.066368E+00
+1.257324E+02,-2.014130E-06,+6.010473E-07,-1.135478E+02,+2.851590E+00
+1.259766E+02,-1.537933E-06,-2.517538E-06,-1.106032E+02,-2.119183E+00
+1.262207E+02,+4.423008E-06,-3.243315E-06,-1.052169E+02,-6.327159E-01
+1.264648E+02,-2.521605E-06,+4.804906E-06,-1.053098E+02,+2.054085E+00
+1.267090E+02,-7.954610E-07,+1.080180E-06,-1.174484E+02,+2.205546E+00
+1.269531E+02,+3.802018E-06,-6.591377E-06,-1.023731E+02,-1.047598E+00
+1.271973E+02,+1.813705E-06,+3.515263E-06,-1.080558E+02,+1.094469E+00
+1.274414E+02,-7.189737E-06,+2.899028E-06,-1.022115E+02,+2.758316E+00
+1.276855E+02,+5.047662E-06,-1.560278E-06,-1.055419E+02,-2.997926E-01
+1.279297E+02,+8.448832E-07,-6.976969E-06,-1.030634E+02,-1.450287E+00
+1.281738E+02,-3.652521E-06,+9.848125E-06,-9.957320E+01,+1.925954E+00
+1.284180E+02,-1.491252E-06,-9.355412E-06,-1.004698E+02,-1.728866E+00
+1.286621E+02,+5.919203E-06,+6.414024E-06,-1.011818E+02,+8.254976E-01
+1.289062E+02,-8.285059E-07,+2.012797E-06,-1.132443E+02,+1.961279E+00
+1.291504E+02,-1.054557E-05,-7.097140E-07,-9.951897E+01,-3.074394E+00
+1.293945E+02,+1.507968E-05,-8.003591E-06,-9.535430E+01,-4.879465E-01
+1.296387E+02,-7.400055E-06,+8.117870E-06,-9.918434E+01,+2.309970E+00
+1.298828E+02,+8.619091E-07,-7.203186E-07,-1.189903E+02,-6.961478E-01
+1.301270E+02,-2.145783E-06,-5.607050E-06,-1.044317E+02,-1.936295E+00
+1.303711E+02,+6.349877E-06,+6.497455E-06,-1.008335E+02,+7.968847E-01
+1.306152E+02,-7.310403E-06,-2.882040E-06,-1.020938E+02,-2.766063E+00
+1.308594E+02,+5.573802E-06,+1.271033E-06,-1.048568E+02,+2.242032E-01
+1.311035E+02,-5.192398E-06,-5.694366E-06,-1.022631E+02,-2.310119E+00
+1.313477E+02,+5.540830E-06,+6.966156E-06,-1.010112E+02,+8.988709E-01
+1.315918E+02,-4.272797E-06,-1.353719E-07,-1.073814E+02,-3.109921E+00
+1.318359E+02,-2.464616E-07,-7.309397E-06,-1.027174E+02,-1.604502E+00
+1.320801E+02,+1.650295E-06,+4.441698E-06,-1.064874E+02,+1.215057E+00
+1.323242E+02,+2.618109E-06,-8.774792E-07,-1.111779E+02,-3.233915E-01
+1.325684E+02,-7.211509E-06,+5.542165E-06,-1.008238E+02,+2.486346E+00
+1.328125E+02,+5.716406E-06,-9.083242E-06,-9.938613E+01,-1.009086E+00
+1.330566E+02,+1.909675E-06,+6.198047E-06,-1.037610E+02,+1.271917E+00
+1.333008E+02,-5.348098E-06,-1.464625E-06,-1.051219E+02,-2.874287E+00
+1.335449E+02,+6.209656E-06,-1.722608E-07,-1.041353E+02,-2.773369E-02
+1.337891E+02,-4.874370E-06,-2.701630E-06,-1.050782E+02,-2.635491E+00
+1.340332E+02,+2.981257E-06,+1.028025E-06,-1.100241E+02,+3.320611E-01
+1.342773E+02,-5.394078E-06,+6.035746E-06,-1.018358E+02,+2.300114E+00
+1.345215E+02,+3.008042E-06,-7.555020E-06,-1.017962E+02,-1.191885E+00
+1.347656E+02,-2.562309E-06,+4.886528E-06,-1.051650E+02,+2.053743E+00
+1.350098E+02,+4.218478E-06,-2.467199E-06,-1.062192E+02,-5.292093E-01
+1.352539E+02,+1.463233E-06,+2.352283E-06,-1.111496E+02,+1.014323E+00
+1.354980E+02,-5.682514E-06,-1.581521E-06,-1.045852E+02,-2.870148E+00
+1.357422E+02,+2.360641E-06,-5.718953E-06,-1.041704E+02,-1.179326E+00
+1.359863E+02,-1.488345E-06,+9.131358E-06,-1.006754E+02,+1.732368E+00
+1.362305E+02,+5.827504E-06,-3.163042E-06,-1.035690E+02,-4.972817E-01
+1.364746E+02,-2.158089E-06,-1.615482E-06,-1.113864E+02,-2.499007E+00
+1.367188E+02,-6.966985E-06,+7.864071E-07,-1.030841E+02,+3.029192E+00
+1.369629E+02,+7.956856E-06,-1.922001E-07,-1.019826E+02,-2.415059E-02
+1.372070E+02,+5.617886E-07,-1.151785E-06,-1.178457E+02,-1.116993E+00
+1.374512E+02,-4.056862E-06,+2.847326E-06,-1.060968E+02,+2.529623E+00
+1.376953E+02,+1.796918E-06,-6.171038E-06,-1.038394E+02,-1.287445E+00
+1.379395E+02,-1.142729E-06,+1.004042E-05,-9.990907E+01,+1.684121E+00
+1.381836E+02,+7.459540E-07,-6.713504E-06,-1.034077E+02,-1.460138E+00
+1.384277E+02,-1.161765E-06,+2.336993E-06,-1.116677E+02,+2.032137E+00
+1.386719E+02,-3.445448E-08,-1.094339E-06,-1.192127E+02,-1.602270E+00
+1.389160E+02,-1.751922E-06,-2.166278E-07,-1.150638E+02,-3.018566E+00
+1.391602E+02,+2.458189E-06,+3.315870E-06,-1.076859E+02,+9.328603E-01
+1.394043E+02,+3.632700E-06,-5.833645E-06,-1.032580E+02,-1.013842E+00
+1.396484E+02,-9.314157E-06,+2.135773E-06,-1.003946E+02,+2.916185E+00
+1.398926E+02,+7.933038E-06,+1.179294E-06,-1.019163E+02,+1.475753E-01
+1.401367E+02,-8.005259E-06,-1.390610E-06,-1.018034E+02,-2.969597E+00
+1.403809E+02,+6.691084E-06,+3.555524E-06,-1.024099E+02,+4.884371E-01
+1.406250E+02,+6.236228E-08,-3.025478E-06,-1.103823E+02,-1.550187E+00
+1.408691E+02,-9.353201E-07,+1.694859E-06,-1.142627E+02,+2.075064E+00
+1.411133E+02,+1.617893E-06,-1.846669E-07,-1.157648E+02,-1.136485E-01
+1.413574E+02,-3.320669E-06,-5.206060E-06,-1.041873E+02,-2.138581E+00
+1.416016E+02,-1.169834E-06,+4.504657E-06,-1.066433E+02,+1.824878E+00
+1.418457E+02,+1.434354E-06,-2.638768E-06,-1.104477E+02,-1.072903E+00
+1.420898E+02,+2.716631E-06,+6.727174E-06,-1.027873E+02,+1.186993E+00
+1.423340E+02,+6.057988E-08,-8.381109E-06,-1.015337E+02,-1.563568E+00
+1.425781E+02,-6.520725E-06,+5.578461E-06,-1.013289E+02,+2.433916E+00
+1.428223E+02,+4.828622E-06,+1.236387E-06,-1.060477E+02,+2.506681E-01
+1.430664E+02,+3.263342E-06,-6.946017E-06,-1.022991E+02,-1.131587E+00
+1.433105E+02,-7.557211E-06,+4.467641E-06,-1.011311E+02,+2.607687E+00
+1.435547E+02,+5.674050E-06,-2.965925E-06,-1.038731E+02,-4.816559E-01
+1.437988E+02,-4.708008E-06,+5.363371E-06,-1.029302E+02,+2.291214E+00
+1.440430E+02,+5.769100E-06,-5.533097E-07,-1.047381E+02,-9.561671E-02
+1.442871E+02,-8.036321E-06,-4.321939E-06,-1.007956E+02,-2.648164E+00
+1.445312E+02,+1.169352E-05,+9.763768E-07,-9.861092E+01,+8.330404E-02
+1.447754E+02,-1.378203E-05,+2.484642E-06,-9.707483E+01,+2.963227E+00
+1.450195E+02,+1.302778E-05,-1.922054E-06,-9.760909E+01,-1.464784E-01
+1.452637E+02,-9.116379E-06,+2.494345E-06,-1.004900E+02,+2.874518E+00
+1.455078E+02,+7.325385E-07,-3.764575E-06,-1.083243E+02,-1.378611E+00
+1.457520E+02,+8.211107E-07,+5.904459E-06,-1.044932E+02,+1.432616E+00
+1.459961E+02,+4.480990E-06,-9.033060E-06,-9.992783E+01,-1.110301E+00
+1.462402E+02,-3.241796E-06,+6.719421E-06,-1.025446E+02,+2.020307E+00
+1.464844E+02,-4.627041E-06,+7.970262E-07,-1.065669E+02,+2.971013E+00
+1.467285E+02,+9.335283E-06,-7.855739E-06,-9.827222E+01,-6.995448E-01
+1.469727E+02,-4.877895E-06,+7.694469E-06,-1.008093E+02,+2.135804E+00
+1.472168E+02,+3.412530E-06,+1.596196E-06,-1.084792E+02,+4.375128E-01
+1.474609E+02,-3.070372E-06,-8.697745E-06,-1.007018E+02,-1.910148E+00
+1.477051E+02,-3.755753E-06,+8.853205E-06,-1.003393E+02,+1.972010E+00
+1.479492E+02,+1.771537E-06,-7.162235E-06,-1.026411E+02,-1.328319E+00
+1.481934E+02,+8.569795E-07,+1.675592E-06,-1.145075E+02,+1.098032E+00
+1.484375E+02,+1.351162E-06,+8.785943E-06,-1.010227E+02,+1.418205E+00
+1.486816E+02,+3.597815E-06,-8.106082E-06,-1.010429E+02,-1.153076E+00
+1.489258E+02,-4.220723E-06,+4.534486E-06,-1.041594E+02,+2.320373E+00
+1.491699E+02,-1.225838E-06,-6.127802E-06,-1.040835E+02,-1.768235E+00
+1.494141E+02,-1.739548E-07,+1.704593E-06,-1.153226E+02,+1.672495E+00
+1.496582E+02,+8.245660E-06,+2.210877E-06,-1.013740E+02,+2.619645E-01
+1.499023E+02,-1.382236E-05,-2.424756E-06,-9.705672E+01,-2.967937E+00
+1.501465E+02,+1.052678E-05,+1.517005E-06,-9.946483E+01,+1.431239E-01
+1.503906E+02,-3.270000E-06,-3.145188E-07,-1.096691E+02,-3.045704E+00
+1.506348E+02,-4.788715E-06,-1.324497E-06,-1.060755E+02,-2.871751E+00
+1.508789E+02,+8.773827E-06,+6.856461E-06,-9.906609E+01,+6.633381E-01
+1.511230E+02,-5.489863E-06,-7.668032E-06,-1.005092E+02,-2.192142E+00
+1.513672E+02,+1.898369E-06,+3.644200E-06,-1.077253E+02,+1.090546E+00
+1.516113E+02,+7.995131E-07,-1.689529E-06,-1.145671E+02,-1.128804E+00
+1.518555E+02,-1.955303E-06,-5.216207E-07,-1.138771E+02,-2.880892E+00
+1.520996E+02,+7.166951E-07,+6.162578E-08,-1.228613E+02,+8.577507E-02
+1.523438E+02,+1.596413E-06,+5.811703E-06,-1.043980E+02,+1.302719E+00
+1.525879E+02,+1.032502E-06,-3.044706E-06,-1.098563E+02,-1.243852E+00
+1.528320E+02,-6.386933E-06,-3.523056E-06,-1.027405E+02,-2.637519E+00
+1.530762E+02,+1.074010E-05,-8.223058E-07,-9.935445E+01,-7.641497E-02
+1.533203E+02,-8.633347E-06,+7.685596E-08,-1.012761E+02,+3.132691E+00
+1.535645E+02,-1.787011E-06,+9.172446E-06,-1.005885E+02,+1.763210E+00
+1.538086E+02,+4.054420E-06,-8.219298E-06,-1.007575E+02,-1.112539E+00
+1.540527E+02,+3.702128E-06,+4.020169E-06,-1.052480E+02,+8.265596E-01
+1.542969E+02,-7.982628E-06,-5.289557E-06,-1.003762E+02,-2.556387E+00
+1.545410E+02,+7.601563E-06,-4.466411E-07,-1.023670E+02,-5.868900E-02
+1.547852E+02,-4.796224E-06,+1.083798E-05,-9.852431E+01,+1.987428E+00
+1.550293E+02,+1.427824E-06,-1.317630E-05,-9.755342E+01,-1.462855E+00
+1.552734E+02,+4.983321E-06,+1.187765E-05,-9.780122E+01,+1.173547E+00
+1.555176E+02,-5.778575E-06,-1.099209E-05,-9.811865E+01,-2.054794E+00
+1.557617E+02,-2.992769E-06,+7.097021E-06,-1.022677E+02,+1.969863E+00
+1.560059E+02,+2.603518E-06,-1.818436E-06,-1.099632E+02,-6.096871E-01
+1.562500E+02,+4.914239E-06,+1.292435E-06,-1.058804E+02,+2.571742E-01
+1.564941E+02,-4.836147E-06,-3.518753E-06,-1.044648E+02,-2.512586E+00
+1.567383E+02,+3.091324E-06,-4.533200E-07,-1.101047E+02,-1.456049E-01
+1.569824E+02,-7.263700E-06,+6.511319E-06,-1.002155E+02,+2.410759E+00
+1.572266E+02,+8.545269E-06,-8.676641E-06,-9.828842E+01,-7.930262E-01
+1.574707E+02,+9.728491E-07,+8.759929E-06,-1.010968E+02,+1.460193E+00
+1.577148E+02,-5.754751E-06,-5.183755E-06,-1.022193E+02,-2.408348E+00
+1.579590E+02,-1.603481E-06,-4.212892E-06,-1.069208E+02,-1.934479E+00
+1.582031E+02,+8.804051E-06,+7.585847E-06,-9.869485E+01,+7.112081E-01
+1.584473E+02,-6.774946E-06,-3.375151E-06,-1.024191E+02,-2.679401E+00
+1.586914E+02,+5.609062E-06,+1.379581E-06,-1.047671E+02,+2.411688E-01
+1.589355E+02,-5.546101E-06,-2.591365E-06,-1.042627E+02,-2.704494E+00
+1.591797E+02,+9.121219E-07,+1.743534E-06,-1.141208E+02,+1.088804E+00
+1.594238E+02,-4.001031E-06,-1.489895E-06,-1.073926E+02,-2.785123E+00
+1.596680E+02,+5.439360E-06,+6.748516E-06,-1.012419E+02,+8.924025E-01
+1.599121E+02,+1.830679E-06,-8.947436E-06,-1.007879E+02,-1.368978E+00
+1.601562E+02,-2.500105E-06,+8.347463E-06,-1.011958E+02,+1.861799E+00
+1.604004E+02,-2.651798E-06,-1.435249E-06,-1.104134E+02,-2.645503E+00
+1.606445E+02,+1.900891E-06,-1.005288E-05,-9.980163E+01,-1.383914E+00
+1.608887E+02,+6.790846E-07,+1.015847E-05,-9.984407E+01,+1.504047E+00
+1.611328E+02,+4.720115E-07,-7.597118E-06,-1.023703E+02,-1.508746E+00
+1.613770E+02,-1.103770E-06,+5.922192E-06,-1.044020E+02,+1.755061E+00
+1.616211E+02,+2.554335E-06,-5.399728E-07,-1.116646E+02,-2.083276E-01
+1.618652E+02,-5.782722E-06,+1.063153E-06,-1.046130E+02,+2.959773E+00
+1.621094E+02,+9.165296E-06,-1.958545E-06,-1.005631E+02,-2.105251E-01
+1.623535E+02,-7.305981E-06,-1.842047E-06,-1.024588E+02,-2.894612E+00
+1.625977E+02,+7.167725E-06,+4.574608E-06,-1.014084E+02,+5.680516E-01
+1.628418E+02,-1.110395E-05,-3.577024E-06,-9.866165E+01,-2.829950E+00
+1.630859E+02,+7.879227E-06,-9.659329E-07,-1.020055E+02,-1.219837E-01
+1.633301E+02,-5.622420E-06,+1.621339E-06,-1.046546E+02,+2.860839E+00
+1.635742E+02,+6.427940E-06,+1.453345E-06,-1.036220E+02,+2.223594E-01
+1.638184E+02,-1.278940E-07,+2.767481E-06,-1.111490E+02,+1.616977E+00
+1.640625E+02,-4.665538E-06,-8.415509E-06,-1.003345E+02,-2.077009E+00
+1.643066E+02,+3.105464E-06,+8.622015E-07,-1.098350E+02,+2.708191E-01
+1.645508E+02,-3.761967E-06,+4.785992E-06,-1.043112E+02,+2.236965E+00
+1.647949E+02,+7.114827E-06,-3.352773E-07,-1.029471E+02,-4.708892E-02
+1.650391E+02,-4.044511E-06,-4.699316E-06,-1.041520E+02,-2.281446E+00
+1.652832E+02,-2.765422E-06,+5.573388E-06,-1.041217E+02,+2.031386E+00
+1.655273E+02,+4.585229E-06,-3.037760E-06,-1.051924E+02,-5.851194E-01
+1.657715E+02,-4.930747E-06,+4.623564E-06,-1.034018E+02,+2.388335E+00
+1.660156E+02,+3.524350E-06,-4.569210E-06,-1.047757E+02,-9.137857E-01
+1.662598E+02,+2.796616E-06,-1.199062E-06,-1.103344E+02,-4.050466E-01
+1.665039E+02,-3.599748E-06,+5.145399E-06,-1.040414E+02,+2.181257E+00
+1.667480E+02,-3.978122E-06,-7.582479E-06,-1.013478E+02,-2.053966E+00
+1.669922E+02,+3.035947E-06,+4.069853E-06,-1.058871E+02,+9.298859E-01
+1.672363E+02,+3.989774E-06,+9.107474E-07,-1.077604E+02,+2.244251E-01
+1.674805E+02,-1.671984E-06,-2.107868E-07,-1.154669E+02,-3.016184E+00
+1.677246E+02,-3.799866E-07,-2.068714E-06,-1.135419E+02,-1.752454E+00
+1.679688E+02,-1.930084E-06,+1.744652E-06,-1.116947E+02,+2.406613E+00
+1.682129E+02,-2.996915E-06,-4.112374E-06,-1.058682E+02,-2.200562E+00
+1.684570E+02,+8.375264E-06,+5.857574E-06,-9.981065E+01,+6.103163E-01
+1.687012E+02,-1.227323E-05,-3.767327E-06,-9.782977E+01,-2.843767E+00
+1.689453E+02,+1.056564E-05,+2.881655E-06,-9.921047E+01,+2.662623E-01
+1.691895E+02,-1.073381E-06,+2.741914E-06,-1.106197E+02,+1.943929E+00
+1.694336E+02,-2.998753E-07,-5.836633E-06,-1.046653E+02,-1.622129E+00
+1.696777E+02,-7.908552E-06,-5.378529E-07,-1.020180E+02,-3.073688E+00
+1.699219E+02,+1.092268E-05,+2.607420E-07,-9.923094E+01,+2.386708E-02
+1.701660E+02,-2.923283E-06,+4.138225E-06,-1.059057E+02,+2.185811E+00
+1.704102E+02,-5.287645E-06,-4.990683E-06,-1.027682E+02,-2.385078E+00
+1.706543E+02,+3.002773E-06,+6.777735E-06,-1.026000E+02,+1.153750E+00
+1.708984E+02,+5.115588E-06,-3.713905E-06,-1.039835E+02,-6.279617E-01
+1.711426E+02,-8.729207E-06,-1.970870E-06,-1.009646E+02,-2.919537E+00
+1.713867E+02,+1.085443E-05,+6.626403E-06,-9.791215E+01,+5.480893E-01
+1.716309E+02,-1.253803E-05,-9.838531E-06,-9.595168E+01,-2.476254E+00
+1.718750E+02,+7.223586E-06,+6.728586E-06,-1.001120E+02,+7.499347E-01
+1.721191E+02,-4.869040E-06,-4.367272E-06,-1.036875E+02,-2.410467E+00
+1.723633E+02,+3.303561E-06,+7.445984E-06,-1.017812E+02,+1.153219E+00
+1.726074E+02,+2.063106E-06,-6.274406E-06,-1.036027E+02,-1.253120E+00
+1.728516E+02,-3.922044E-06,-5.055440E-06,-1.038785E+02,-2.230610E+00
+1.730957E+02,+6.335369E-06,+8.207304E-06,-9.968605E+01,+9.134144E-01
+1.733398E+02,-7.913354E-06,+2.250698E-06,-1.016950E+02,+2.864492E+00
+1.735840E+02,+4.600955E-06,-3.071531E-06,-1.051423E+02,-5.886384E-01
+1.738281E+02,-4.505021E-07,-5.475787E-06,-1.052018E+02,-1.652883E+00
+1.740723E+02,-3.125551E-06,+8.504737E-06,-1.008566E+02,+1.922982E+00
+1.743164E+02,+3.120602E-06,-3.988356E-06,-1.059100E+02,-9.068621E-01
+1.745605E+02,-9.480614E-07,-2.101547E-06,-1.127447E+02,-1.994586E+00
+1.748047E+02,-1.640838E-06,+1.680712E-06,-1.125829E+02,+2.344190E+00
+1.750488E+02,+1.780073E-06,+1.370435E-06,-1.129699E+02,+6.561007E-01
+1.752930E+02,+3.338527E-06,+2.393628E-06,-1.077275E+02,+6.220255E-01
+1.755371E+02,-4.870889E-06,-6.046762E-06,-1.021976E+02,-2.248904E+00
+1.757812E+02,-1.148176E-06,+4.795110E-06,-1.061419E+02,+1.805819E+00
+1.760254E+02,+6.410847E-06,-4.337286E-06,-1.022249E+02,-5.948167E-01
+1.762695E+02,-7.346029E-06,+3.970866E-06,-1.015657E+02,+2.646037E+00
+1.765137E+02,+7.504546E-06,-4.054961E-06,-1.013810E+02,-4.953918E-01
+1.767578E+02,-7.583979E-06,+1.481687E-06,-1.022394E+02,+2.948652E+00
+1.770020E+02,+1.346258E-06,+1.517332E-06,-1.138566E+02,+8.450684E-01
+1.772461E+02,+3.998777E-07,+2.871160E-06,-1.107554E+02,+1.432413E+00
+1.774902E+02,+4.823902E-06,-3.922816E-06,-1.041275E+02,-6.827404E-01
+1.777344E+02,-1.934017E-06,-1.842623E-07,-1.142316E+02,-3.046605E+00
+1.779785E+02,+2.143286E-06,+1.946783E-06,-1.107657E+02,+7.373913E-01
+1.782227E+02,-8.497984E-06,-3.998302E-06,-1.005452E+02,-2.701822E+00
+1.784668E+02,+3.130213E-06,+4.670319E-06,-1.050017E+02,+9.803272E-01
+1.787109E+02,+1.683553E-06,-1.497231E-06,-1.129447E+02,-7.268875E-01
+1.789551E+02,+2.732120E-06,-1.336335E-06,-1.103385E+02,-4.549059E-01
+1.791992E+02,-1.534135E-06,+3.107648E-06,-1.092042E+02,+2.029362E+00
+1.794434E+02,+1.590013E-06,-2.735081E-06,-1.099962E+02,-1.044210E+00
+1.796875E+02,-9.413745E-06,+3.797296E-06,-9.987003E+01,+2.758178E+00
+1.799316E+02,+8.742335E-06,-6.044351E-06,-9.947066E+01,-6.049231E-01
+1.801758E+02,-7.202672E-06,+7.008269E-06,-9.995703E+01,+2.369874E+00
+1.804199E+02,+8.856482E-06,-7.785059E-06,-9.856847E+01,-7.211044E-01
+1.806641E+02,-1.650726E-06,+7.527967E-06,-1.022625E+02,+1.786659E+00
+1.809082E+02,+6.934955E-07,-5.454086E-06,-1.051959E+02,-1.444323E+00
+1.811523E+02,-3.128036E-06,-1.121413E-06,-1.095695E+02,-2.797362E+00
+1.813965E+02,-2.058213E-06,+9.072837E-06,-1.006272E+02,+1.793875E+00
+1.816406E+02,+4.310724E-06,-8.014344E-06,-1.008191E+02,-1.077309E+00
+1.818848E+02,-1.458439E-06,+5.218724E-06,-1.053221E+02,+1.843307E+00
+1.821289E+02,-3.820218E-06,-2.896636E-06,-1.063856E+02,-2.492840E+00
+1.823730E+02,+5.160064E-06,+1.179834E-07,-1.057446E+02,+2.286074E-02
+1.826172E+02,+4.787828E-06,-3.219878E-06,-1.047767E+02,-5.920393E-01
+1.828613E+02,-1.245226E-05,+1.520340E-06,-9.803077E+01,+3.020101E+00
+1.831055E+02,+8.892078E-06,+3.027463E-06,-1.005436E+02,+3.281575E-01
+1.833496E+02,-6.191144E-06,-2.917641E-06,-1.032936E+02,-2.701200E+00
+1.835938E+02,+5.231349E-06,+7.178132E-06,-1.010296E+02,+9.410086E-01
+1.838379E+02,-6.808712E-06,-7.192725E-06,-1.000836E+02,-2.328775E+00
+1.840820E+02,+5.283588E-06,-3.646014E-06,-1.038500E+02,-6.040264E-01
+1.843262E+02,+1.026400E-06,+5.843337E-06,-1.045348E+02,+1.396917E+00
+1.845703E+02,+3.292591E-06,+1.898043E-06,-1.084032E+02,+5.229300E-01
+1.848145E+02,-9.089204E-06,+2.137166E-07,-1.008271E+02,+3.118084E+00
+1.850586E+02,+6.413040E-06,-3.019612E-06,-1.029891E+02,-4.400609E-01
+1.853027E+02,-1.140179E-06,+1.459009E-06,-1.146487E+02,+2.234139E+00
+1.855469E+02,-5.872032E-06,+5.191025E-07,-1.045904E+02,+3.053419E+00
+1.857910E+02,+1.231757E-05,-1.514845E-06,-9.812431E+01,-1.223680E-01
+1.860352E+02,-1.069716E-05,-4.574085E-06,-9.868537E+01,-2.737524E+00
+1.862793E+02,+7.254103E-06,+4.752404E-06,-1.012374E+02,+5.799753E-01
+1.865234E+02,-2.548158E-06,+4.304636E-06,-1.060166E+02,+2.105281E+00
+1.867676E+02,-5.037705E-07,-8.181165E-06,-1.017273E+02,-1.632295E+00
+1.870117E+02,-1.191264E-06,+6.003235E-06,-1.042646E+02,+1.766688E+00
+1.872559E+02,+2.363703E-06,-3.450703E-06,-1.075710E+02,-9.702142E-01
+1.875000E+02,-1.966908E-06,-2.805414E-06,-1.093037E+02,-2.182268E+00
+1.877441E+02,+3.448320E-07,+6.221754E-06,-1.041084E+02,+1.515429E+00
+1.879883E+02,-1.306375E-06,-2.168604E-07,-1.175606E+02,-2.977091E+00
+1.882324E+02,-6.467034E-07,-2.942552E-06,-1.104207E+02,-1.787133E+00
+1.884766E+02,+3.228957E-06,+1.437950E-06,-1.090330E+02,+4.189632E-01
+1.887207E+02,+3.096562E-06,+2.737654E-06,-1.076742E+02,+7.239578E-01
+1.889648E+02,-6.801428E-06,-8.025854E-06,-9.955956E+01,-2.273802E+00
+1.892090E+02,+2.753690E-06,+5.760913E-06,-1.038965E+02,+1.124907E+00
+1.894531E+02,+2.505953E-06,-1.561244E-06,-1.105962E+02,-5.571700E-01
+1.896973E+02,-6.598210E-06,+3.039715E-06,-1.027756E+02,+2.709886E+00
+1.899414E+02,+7.032563E-06,-4.213956E-06,-1.017254E+02,-5.398357E-01
+1.901855E+02,-3.667608E-06,-1.736672E-07,-1.087026E+02,-3.094276E+00
+1.904297E+02,+1.303927E-06,-1.207277E-06,-1.150062E+02,-7.469298E-01
+1.906738E+02,+1.873756E-06,+8.021321E-06,-1.016843E+02,+1.341314E+00
+1.909180E+02,-8.187278E-07,-6.126942E-06,-1.041783E+02,-1.703637E+00
+1.911621E+02,-3.612500E-06,-8.994895E-07,-1.085826E+02,-2.897561E+00
+1.914062E+02,-3.972698E-07,+8.094845E-06,-1.018254E+02,+1.619834E+00
+1.916504E+02,+3.265499E-06,-1.331984E-05,-9.725654E+01,-1.330378E+00
+1.918945E+02,-5.159708E-07,+1.306036E-05,-9.767412E+01,+1.610282E+00
+1.921387E+02,+5.531237E-07,-8.473706E-06,-1.014201E+02,-1.505613E+00
+1.923828E+02,-4.022089E-06,+3.807707E-06,-1.051320E+02,+2.383568E+00
+1.926270E+02,+9.413767E-06,+3.996285E-07,-1.005169E+02,+4.242602E-02
+1.928711E+02,-1.225995E-05,-6.241083E-07,-9.821899E+01,-3.090730E+00
+1.931152E+02,+1.037777E-05,-2.511543E-06,-9.943073E+01,-2.374464E-01
+1.933594E+02,-5.527733E-06,-1.822742E-06,-1.047008E+02,-2.823075E+00
+1.936035E+02,+5.890458E-06,+4.759646E-07,-1.045688E+02,+8.062747E-02
+1.938477E+02,-8.530820E-06,+5.922066E-06,-9.967197E+01,+2.534772E+00
+1.940918E+02,+1.545950E-06,-2.355622E-06,-1.110024E+02,-9.900182E-01
+1.943359E+02,+6.229277E-06,-2.897152E-06,-1.032608E+02,-4.353287E-01
+1.945801E+02,-5.443472E-06,+4.243008E-06,-1.032208E+02,+2.479498E+00
+1.948242E+02,+4.095995E-06,-3.706417E-06,-1.051549E+02,-7.355091E-01
+1.950684E+02,-4.342039E-07,+9.689179E-07,-1.194795E+02,+1.992096E+00
+1.953125E+02,-3.475153E-06,+1.833494E-06,-1.081140E+02,+2.656109E+00
+1.955566E+02,-8.948293E-07,-6.113161E-06,-1.041826E+02,-1.716142E+00
+1.958008E+02,+1.160390E-06,+5.413184E-06,-1.051358E+02,+1.359628E+00
+1.960449E+02,+6.889528E-06,-4.656270E-07,-1.032164E+02,-6.748211E-02
+1.962891E+02,-7.597188E-06,+5.579801E-07,-1.023636E+02,+3.068279E+00
+1.965332E+02,+7.555935E-07,-2.407686E-06,-1.119601E+02,-1.266704E+00
+1.967773E+02,+6.963725E-07,+1.253583E-06,-1.168689E+02,+1.063736E+00
+1.970215E+02,-3.488033E-08,-4.200620E-07,-1.275039E+02,-1.653642E+00
+1.972656E+02,+3.949618E-06,+2.356711E-07,-1.080535E+02,+5.959867E-02
+1.975098E+02,-2.765986E-06,-1.026416E-06,-1.106027E+02,-2.786259E+00
+1.977539E+02,-5.732791E-06,+2.676268E-06,-1.039764E+02,+2.704827E+00
+1.979980E+02,+1.080637E-05,+2.662686E-06,-9.907043E+01,+2.415873E-01
+1.982422E+02,-6.314680E-06,-1.224918E-05,-9.721435E+01,-2.046782E+00
+1.984863E+02,-3.526152E-06,+1.128163E-05,-9.854775E+01,+1.873733E+00
+1.987305E+02,+5.930562E-06,-3.217579E-06,-1.034176E+02,-4.970993E-01
+1.989746E+02,-3.800181E-06,+1.380649E-06,-1.078655E+02,+2.793109E+00
+1.992188E+02,+4.446003E-06,+6.049174E-08,-1.070398E+02,+1.360503E-02
+1.994629E+02,-2.756909E-06,-8.419805E-07,-1.108043E+02,-2.845182E+00
+1.997070E+02,+2.886641E-07,-1.927054E-06,-1.142057E+02,-1.422106E+00
+1.999512E+02,+3.936305E-07,+3.137406E-06,-1.100008E+02,+1.445985E+00
+2.001953E+02,+4.050593E-06,-9.477443E-06,-9.973756E+01,-1.166901E+00
+2.004395E+02,-1.058039E-05,+1.123731E-05,-9.623018E+01,+2.326094E+00
+2.006836E+02,+9.414962E-06,-1.183838E-06,-1.004555E+02,-1.250836E-01
+2.009277E+02,-4.505559E-06,-6.220117E-06,-1.022922E+02,-2.197680E+00
+2.011719E+02,-8.535281E-08,+2.854059E-06,-1.108869E+02,+1.600693E+00
+2.014160E+02,+1.991053E-06,+4.186425E-06,-1.066775E+02,+1.126861E+00
+2.016602E+02,-4.030742E-06,-5.421388E-06,-1.034067E+02,-2.210117E+00
+2.019043E+02,+2.706230E-06,+4.105130E-06,-1.061662E+02,+9.879590E-01
+2.021484E+02,+5.902468E-06,-3.172556E-06,-1.034771E+02,-4.931929E-01
+2.023926E+02,-7.771167E-06,+2.028303E-06,-1.019041E+02,+2.886285E+00
+2.026367E+02,-9.385665E-07,-3.875166E-08,-1.205433E+02,-3.100328E+00
+2.028809E+02,+5.133702E-06,-6.646145E-06,-1.015165E+02,-9.130920E-01
+2.031250E+02,-3.425779E-06,+1.161879E-05,-9.833474E+01,+1.857520E+00
+2.033691E+02,-2.513799E-06,-1.127366E-05,-9.874797E+01,-1.790187E+00
+2.036133E+02,+9.067238E-06,+7.686932E-06,-9.849846E+01,+7.031980E-01
+2.038574E+02,-4.992808E-06,-2.949153E-06,-1.047333E+02,-2.608054E+00
+2.041016E+02,-3.862049E-07,+1.986821E-06,-1.138757E+02,+1.762785E+00
+2.043457E+02,-8.918148E-07,-5.174807E-06,-1.055950E+02,-1.741458E+00
+2.045898E+02,+3.509042E-06,+6.091765E-06,-1.030607E+02,+1.048188E+00
+2.048340E+02,-6.566484E-06,-6.779941E-06,-1.005019E+02,-2.340202E+00
+2.050781E+02,+4.126123E-06,+6.916590E-06,-1.018800E+02,+1.032914E+00
+2.053223E+02,+4.120892E-06,-4.496559E-06,-1.042945E+02,-8.289643E-01
+2.055664E+02,-6.548384E-06,+2.911930E-06,-1.028937E+02,+2.723172E+00
+2.058105E+02,+9.506391E-07,+1.712055E-06,-1.141625E+02,+1.063922E+00
+2.060547E+02,+2.440290E-06,-1.685135E-06,-1.105578E+02,-6.043534E-01
+2.062988E+02,-4.491777E-06,+4.068463E-07,-1.069162E+02,+3.051263E+00
+2.065430E+02,+5.865348E-06,-5.699177E-06,-1.017468E+02,-7.710301E-01
+2.067871E+02,-3.210441E-06,+5.603892E-06,-1.037975E+02,+2.091047E+00
+2.070312E+02,+2.658999E-07,-1.287392E-06,-1.176244E+02,-1.367119E+00
+2.072754E+02,-7.404294E-07,+3.454711E-06,-1.090367E+02,+1.781927E+00
+2.075195E+02,-8.029849E-07,-4.010243E-06,-1.077659E+02,-1.768416E+00
+2.077637E+02,+1.249441E-06,+3.518669E-07,-1.177342E+02,+2.745098E-01
+2.080078E+02,+4.477036E-06,-7.054552E-07,-1.068737E+02,-1.562869E-01
+2.082520E+02,-4.513988E-06,+3.129706E-06,-1.052041E+02,+2.535354E+00
+2.084961E+02,+6.123526E-07,-2.374898E-06,-1.122076E+02,-1.318449E+00
+2.087402E+02,+4.090436E-07,+1.108580E-06,-1.185503E+02,+1.217314E+00
+2.089844E+02,-4.218724E-06,-3.276780E-06,-1.054462E+02,-2.481207E+00
+2.092285E+02,+3.885616E-06,+2.452331E-06,-1.067547E+02,+5.629956E-01
+2.094727E+02,+4.591985E-07,-3.396709E-06,-1.093002E+02,-1.436422E+00
+2.097168E+02,-2.014983E-06,+4.984631E-06,-1.053900E+02,+1.954952E+00
+2.099609E+02,+4.391035E-06,+4.459553E-06,-1.040706E+02,+7.931398E-01
+2.102051E+02,-6.681178E-06,-9.112078E-06,-9.893918E+01,-2.203473E+00
+2.104492E+02,+4.812912E-06,+3.651609E-06,-1.043773E+02,+6.490529E-01
+2.106934E+02,-3.728051E-06,+2.939227E-06,-1.064710E+02,+2.473960E+00
+2.109375E+02,+1.492219E-06,-4.184119E-06,-1.070479E+02,-1.228220E+00
+2.111816E+02,+3.344154E-06,-5.018472E-06,-1.043928E+02,-9.829999E-01
+2.114258E+02,+2.696873E-06,+1.355007E-05,-9.719245E+01,+1.374334E+00
+2.116699E+02,-1.201164E-05,-1.061462E-05,-9.590152E+01,-2.417859E+00
+2.119141E+02,+7.949467E-06,+3.893684E-06,-1.010593E+02,+4.554579E-01
+2.121582E+02,-3.451893E-07,-1.701080E-06,-1.152103E+02,-1.771001E+00
+2.124023E+02,-1.534800E-06,+5.612895E-07,-1.157338E+02,+2.790993E+00
+2.126465E+02,+1.150963E-06,+1.528135E-06,-1.143653E+02,+9.252622E-01
+2.128906E+02,-1.113409E-06,+8.958244E-07,-1.168991E+02,+2.464066E+00
+2.131348E+02,+3.786151E-06,-5.400169E-06,-1.036154E+02,-9.593210E-01
+2.133789E+02,-3.706425E-06,+6.905775E-06,-1.021164E+02,+2.063382E+00
+2.136230E+02,+9.378823E-08,-2.251137E-06,-1.129444E+02,-1.529158E+00
+2.138672E+02,-3.152521E-06,-4.076407E-06,-1.057585E+02,-2.229080E+00
+2.141113E+02,+2.859585E-06,+7.184453E-06,-1.022334E+02,+1.191994E+00
+2.143555E+02,+4.724079E-06,-3.471830E-06,-1.046381E+02,-6.337813E-01
+2.145996E+02,-4.094949E-06,-5.632828E-07,-1.076736E+02,-3.004895E+00
+2.148438E+02,+1.732616E-08,+1.112742E-06,-1.190711E+02,+1.555227E+00
+2.150879E+02,+1.250468E-06,-1.944268E-06,-1.127215E+02,-9.992474E-01
+2.153320E+02,-3.848888E-06,-2.710399E-06,-1.065443E+02,-2.528051E+00
+2.155762E+02,+7.749582E-06,+5.071632E-06,-1.006663E+02,+5.794897E-01
+2.158203E+02,-6.611087E-06,+2.404373E-06,-1.030550E+02,+2.792776E+00
+2.160645E+02,+2.439423E-06,-6.314266E-06,-1.033894E+02,-1.202125E+00
+2.163086E+02,-1.750814E-06,+3.055884E-06,-1.090645E+02,+2.091075E+00
+2.165527E+02,+2.722388E-06,+4.289162E-06,-1.058824E+02,+1.005243E+00
+2.167969E+02,-5.921897E-07,-1.106676E-05,-9.910717E+01,-1.624256E+00
+2.170410E+02,+2.722714E-06,+7.939557E-06,-1.015212E+02,+1.240434E+00
+2.172852E+02,-1.156277E-05,-2.247841E-07,-9.873711E+01,-3.122155E+00
+2.175293E+02,+9.235934E-06,-4.279623E-06,-9.984566E+01,-4.339138E-01
+2.177734E+02,+4.015809E-06,+7.908591E-06,-1.010418E+02,+1.100946E+00
+2.180176E+02,-6.062874E-06,-5.086320E-06,-1.020322E+02,-2.443561E+00
+2.182617E+02,+4.251723E-07,-1.015557E-06,-1.191645E+02,-1.174309E+00
+2.185059E+02,+3.506483E-08,-1.508665E-06,-1.164258E+02,-1.547558E+00
+2.187500E+02,-5.386073E-07,+6.780017E-06,-1.033481E+02,+1.650070E+00
+2.189941E+02,+6.647766E-06,-3.776745E-06,-1.023317E+02,-5.166501E-01
+2.192383E+02,-8.669021E-06,-8.049084E-07,-1.012033E+02,-3.049009E+00
+2.194824E+02,+6.977083E-06,-3.418035E-06,-1.021923E+02,-4.555306E-01
+2.197266E+02,-5.276717E-06,+4.220991E-06,-1.034046E+02,+2.466896E+00
+2.199707E+02,-3.440604E-07,+5.443238E-06,-1.052655E+02,+1.633921E+00
+2.202148E+02,+3.437218E-06,-9.679860E-06,-9.976689E+01,-1.229595E+00
+2.204590E+02,-2.067505E-06,+4.557733E-06,-1.060124E+02,+1.996661E+00
+2.207031E+02,+2.463896E-06,-1.333003E-06,-1.110526E+02,-4.959182E-01
+2.209473E+02,-4.540020E-06,-8.736083E-07,-1.067009E+02,-2.951492E+00
+2.211914E+02,+7.804596E-06,+2.133103E-06,-1.018401E+02,+2.667978E-01
+2.214355E+02,-1.294419E-05,+2.051781E-06,-9.765074E+01,+2.984391E+00
+2.216797E+02,+8.246721E-06,-6.996668E-06,-9.931956E+01,-7.035750E-01
+2.219238E+02,+3.495894E-06,+6.227970E-06,-1.029235E+02,+1.059302E+00
+2.221680E+02,-6.952905E-07,+3.039888E-06,-1.101214E+02,+1.795651E+00
+2.224121E+02,-7.146100E-06,-1.239866E-05,-9.688683E+01,-2.093653E+00
+2.226562E+02,+4.576591E-06,+1.083831E-05,-9.858819E+01,+1.171248E+00
+2.229004E+02,+3.081414E-06,-2.684278E-06,-1.077727E+02,-7.166277E-01
+2.231445E+02,-5.333655E-06,-3.525106E-06,-1.038855E+02,-2.557581E+00
+2.233887E+02,+1.959180E-06,+3.243505E-06,-1.084288E+02,+1.027418E+00
+2.236328E+02,-2.108311E-06,-3.592930E-06,-1.076060E+02,-2.101449E+00
+2.238770E+02,+2.250343E-06,+8.050867E-06,-1.015564E+02,+1.298237E+00
+2.241211E+02,+6.895912E-07,-3.359555E-06,-1.092951E+02,-1.368346E+00
+2.243652E+02,+7.283104E-07,-1.644320E-06,-1.149023E+02,-1.153842E+00
+2.246094E+02,+2.422640E-07,-2.922239E-07,-1.284138E+02,-8.785999E-01
+2.248535E+02,-5.052352E-07,-5.173311E-06,-1.056834E+02,-1.668149E+00
+2.250977E+02,-4.952088E-06,+1.010443E-05,-9.897488E+01,+2.026485E+00
+2.253418E+02,+5.810570E-06,-8.940854E-06,-9.944234E+01,-9.944986E-01
+2.255859E+02,-1.835924E-06,+3.070681E-06,-1.089280E+02,+2.109662E+00
+2.258301E+02,-3.659537E-07,+8.232540E-07,-1.209062E+02,+1.989085E+00
+2.260742E+02,-9.908525E-07,+3.713152E-06,-1.083064E+02,+1.831569E+00
+2.263184E+02,+8.829963E-07,-6.614639E-06,-1.035132E+02,-1.438090E+00
+2.265625E+02,+3.272461E-06,+7.278416E-06,-1.019597E+02,+1.148265E+00
+2.268066E+02,-5.882691E-06,-9.266870E-06,-9.919082E+01,-2.136418E+00
+2.270508E+02,+3.097226E-06,+4.683797E-06,-1.050127E+02,+9.865433E-01
+2.272949E+02,+1.743237E-07,+1.240245E-06,-1.180449E+02,+1.431155E+00
+2.275391E+02,+9.536365E-08,-4.432451E-06,-1.070651E+02,-1.549285E+00
+2.277832E+02,-2.084080E-06,+5.454060E-06,-1.046737E+02,+1.935790E+00
+2.280273E+02,+2.811048E-06,-1.799467E-07,-1.110049E+02,-6.392688E-02
+2.282715E+02,-2.424802E-06,-5.272879E-06,-1.047259E+02,-2.001822E+00
+2.285156E+02,+1.593809E-06,+2.308677E-06,-1.110401E+02,+9.665723E-01
+2.287598E+02,+5.590672E-07,+6.528065E-07,-1.213152E+02,+8.625952E-01
+2.290039E+02,-9.759167E-07,+2.879987E-06,-1.103401E+02,+1.897514E+00
+2.292480E+02,+3.555527E-07,-3.439757E-06,-1.092233E+02,-1.467796E+00
+2.294922E+02,+2.833422E-07,-9.677441E-07,-1.199276E+02,-1.285971E+00
+2.297363E+02,-2.455287E-06,+2.417020E-07,-1.121561E+02,+3.043467E+00
+2.299805E+02,+4.375102E-06,+5.382613E-06,-1.031773E+02,+8.882864E-01
+2.302246E+02,-4.439245E-06,-9.667449E-06,-9.946282E+01,-2.001270E+00
+2.304688E+02,+4.252158E-06,+9.899608E-06,-9.935231E+01,+1.165097E+00
+2.307129E+02,-4.455495E-06,-6.013792E-06,-1.025168E+02,-2.208435E+00
+2.309570E+02,-2.239585E-06,+8.576218E-07,-1.124024E+02,+2.775881E+00
+2.312012E+02,+7.577409E-06,+1.336912E-06,-1.022765E+02,+1.746366E-01
+2.314453E+02,-3.429518E-06,-2.906950E-06,-1.069439E+02,-2.438478E+00
+2.316895E+02,-4.900686E-06,+6.270902E-06,-1.019832E+02,+2.234152E+00
+2.319336E+02,+1.125852E-05,-3.692584E-06,-9.852666E+01,-3.169261E-01
+2.321777E+02,-1.027120E-05,+6.320130E-07,-9.975117E+01,+3.080137E+00
+2.324219E+02,+4.386846E-06,-7.010241E-06,-1.016502E+02,-1.011639E+00
+2.326660E+02,+2.190237E-07,+7.348499E-06,-1.026722E+02,+1.541000E+00
+2.329102E+02,+1.191700E-06,-1.705929E-06,-1.136348E+02,-9.610351E-01
+2.331543E+02,-5.756038E-06,-1.437391E-07,-1.047948E+02,-3.116626E+00
+2.333984E+02,+2.974453E-06,+1.527691E-06,-1.095151E+02,+4.744715E-01
+2.336426E+02,+2.452718E-06,+1.292252E-06,-1.111431E+02,+4.849081E-01
+2.338867E+02,-1.802858E-06,-4.451158E-06,-1.063708E+02,-1.955632E+00
+2.341309E+02,+5.075908E-06,+5.319697E-06,-1.026709E+02,+8.088450E-01
+2.343750E+02,-9.556845E-06,-6.545112E-06,-9.872339E+01,-2.541100E+00
+2.346191E+02,+6.898345E-06,+3.652093E-06,-1.021521E+02,+4.869024E-01
+2.348633E+02,-7.784675E-06,+3.895851E-07,-1.021643E+02,+3.091589E+00
+2.351074E+02,+5.225768E-06,+1.727952E-06,-1.051864E+02,+3.193426E-01
+2.353516E+02,+1.851908E-06,-3.182631E-06,-1.086778E+02,-1.043807E+00
+2.355957E+02,-1.857382E-06,-2.929852E-06,-1.091959E+02,-2.135807E+00
+2.358398E+02,-1.556111E-06,+7.807367E-06,-1.019807E+02,+1.767531E+00
+2.360840E+02,+1.238817E-06,-6.035678E-06,-1.042063E+02,-1.368359E+00
+2.363281E+02,-8.149996E-07,+1.721174E-06,-1.144049E+02,+2.013031E+00
+2.365723E+02,-2.112291E-07,+1.736890E-06,-1.151408E+02,+1.691815E+00
+2.368164E+02,+5.493956E-07,+2.383292E-06,-1.122316E+02,+1.344234E+00
+2.370605E+02,+2.070137E-06,-7.006499E-06,-1.027265E+02,-1.283510E+00
+2.373047E+02,-3.056066E-06,-8.952020E-07,-1.099392E+02,-2.856638E+00
+2.375488E+02,+2.920671E-06,+7.289481E-06,-1.020995E+02,+1.189713E+00
+2.377930E+02,+9.143088E-08,-3.743826E-06,-1.085311E+02,-1.546379E+00
+2.380371E+02,-3.645887E-06,+2.160057E-06,-1.074573E+02,+2.606733E+00
+2.382812E+02,+2.362218E-06,-4.498359E-06,-1.058812E+02,-1.087248E+00
+2.385254E+02,-5.146706E-07,+2.064871E-06,-1.134404E+02,+1.815070E+00
+2.387695E+02,-1.567411E-06,+2.451706E-06,-1.107224E+02,+2.139623E+00
+2.390137E+02,-1.667626E-06,-1.649280E-06,-1.125955E+02,-2.361726E+00
+2.392578E+02,+4.395740E-06,+3.052173E-06,-1.054305E+02,+6.069225E-01
+2.395020E+02,+5.163840E-07,-6.116743E-06,-1.042387E+02,-1.486575E+00
+2.397461E+02,+2.576099E-06,+5.056925E-06,-1.049203E+02,+1.099641E+00
+2.399902E+02,-4.350262E-06,-6.352099E-07,-1.071381E+02,-2.996601E+00
+2.402344E+02,-2.568457E-06,+2.308528E-06,-1.092350E+02,+2.409441E+00
+2.404785E+02,+3.903097E-06,-9.628378E-06,-9.966818E+01,-1.185665E+00
+2.407227E+02,-7.484047E-06,+8.083575E-06,-9.915942E+01,+2.317702E+00
+2.409668E+02,+1.272373E-05,+1.822016E-07,-9.790681E+01,+1.431884E-02
+2.412109E+02,-8.789681E-06,-4.841961E-07,-1.011074E+02,-3.086561E+00
+2.414551E+02,+5.834763E-06,-8.363797E-06,-9.982977E+01,-9.616686E-01
+2.416992E+02,-2.178836E-06,+1.013892E-05,-9.968410E+01,+1.782475E+00
+2.419434E+02,-9.563919E-06,-3.512686E-07,-1.003814E+02,-3.104881E+00
+2.421875E+02,+1.290287E-05,-4.250003E-06,-9.733894E+01,-3.181922E-01
+2.424316E+02,-5.132002E-06,+2.781313E-06,-1.046759E+02,+2.644947E+00
+2.426758E+02,-8.551353E-07,-3.885563E-07,-1.205442E+02,-2.715102E+00
+2.429199E+02,+2.004531E-06,-3.092950E-06,-1.086696E+02,-9.957601E-01
+2.431641E+02,-3.949870E-06,+9.004701E-06,-1.001464E+02,+1.984168E+00
+2.434082E+02,+8.155643E-07,-1.038172E-05,-9.964790E+01,-1.492400E+00
+2.436523E+02,+6.321037E-06,+1.238295E-06,-1.038207E+02,+1.934507E-01
+2.438965E+02,-3.558698E-06,+3.742814E-06,-1.057393E+02,+2.330984E+00
+2.441406E+02,-2.760426E-08,-1.711099E-06,-1.153334E+02,-1.586927E+00
+2.443848E+02,+9.116459E-07,+3.480513E-06,-1.088790E+02,+1.314623E+00
+2.446289E+02,-4.119712E-06,-6.489682E-06,-1.022850E+02,-2.136419E+00
+2.448730E+02,+2.298844E-06,+6.342778E-06,-1.034184E+02,+1.223087E+00
+2.451172E+02,+7.111481E-06,+7.021471E-07,-1.029187E+02,+9.841532E-02
+2.453613E+02,-9.728710E-06,-9.823265E-06,-9.718639E+01,-2.351358E+00
+2.456055E+02,+4.986429E-06,+6.129028E-06,-1.020461E+02,+8.878320E-01
+2.458496E+02,-9.012158E-06,+3.303850E-06,-1.003558E+02,+2.790207E+00
+2.460938E+02,+9.902361E-06,-3.176548E-06,-9.965984E+01,-3.104167E-01
+2.463379E+02,-1.500994E-06,+3.190692E-06,-1.090541E+02,+2.010509E+00
+2.465820E+02,-1.000366E-06,-2.033159E-06,-1.128950E+02,-2.028044E+00
+2.468262E+02,+1.912452E-06,-2.474906E-06,-1.100954E+02,-9.129015E-01
+2.470703E+02,-2.622385E-06,-1.910954E-06,-1.097763E+02,-2.511858E+00
+2.473145E+02,-2.634595E-08,+9.072940E-06,-1.008450E+02,+1.573700E+00
+2.475586E+02,-1.410231E-06,-1.105020E-05,-9.906243E+01,-1.697731E+00
+2.478027E+02,-2.516646E-06,+6.629527E-06,-1.029857E+02,+1.933604E+00
+2.480469E+02,+1.084907E-05,-1.780437E-06,-9.917673E+01,-1.626597E-01
+2.482910E+02,-3.812941E-06,+8.061545E-06,-1.009949E+02,+2.012594E+00
+2.485352E+02,-2.030354E-06,-8.072398E-06,-1.015936E+02,-1.817203E+00
+2.487793E+02,+2.321696E-06,-5.092875E-06,-1.050407E+02,-1.143071E+00
+2.490234E+02,-1.352452E-06,+6.549452E-06,-1.034946E+02,+1.774433E+00
+2.492676E+02,-3.248595E-06,+6.711116E-07,-1.095846E+02,+2.937873E+00
+2.495117E+02,+4.136082E-06,-7.921337E-07,-1.075118E+02,-1.892266E-01
+2.497559E+02,-6.056069E-06,-6.196031E-08,-1.043557E+02,-3.131362E+00
+2.500000E+02,+3.966231E-06,-4.026911E-06,-1.049557E+02,-7.929896E-01
+2.502441E+02,+4.099147E-06,+9.731731E-06,-9.952689E+01,+1.172136E+00
+2.504883E+02,-4.103498E-06,-6.097468E-06,-1.026746E+02,-2.163160E+00
+2.507324E+02,-2.371710E-06,+9.113808E-08,-1.124924E+02,+3.103184E+00
+2.509766E+02,+2.524868E-06,-4.058681E-07,-1.118444E+02,-1.593847E-01
+2.512207E+02,+5.383086E-06,-4.248107E-06,-1.032768E+02,-6.680952E-01
+2.514648E+02,-6.671397E-06,+6.943862E-06,-1.003280E+02,+2.336185E+00
+2.517090E+02,+6.832835E-07,-2.000799E-06,-1.134969E+02,-1.241709E+00
+2.519531E+02,+1.450552E-06,-4.647753E-07,-1.163449E+02,-3.100773E-01
+2.521973E+02,+1.205226E-06,-1.767309E-06,-1.133952E+02,-9.722837E-01
+2.524414E+02,+5.676754E-07,+7.282923E-06,-1.027276E+02,+1.493008E+00
+2.526855E+02,-3.560392E-06,-8.163774E-06,-1.010060E+02,-1.982049E+00
+2.529297E+02,+7.913523E-07,+2.236925E-06,-1.124949E+02,+1.230769E+00
+2.531738E+02,-5.130959E-07,-7.321361E-07,-1.209729E+02,-2.182073E+00
+2.534180E+02,+3.097949E-06,+4.964639E-07,-1.100684E+02,+1.589046E-01
+2.536621E+02,-2.648913E-06,+4.436567E-06,-1.057349E+02,+2.109054E+00
+2.539062E+02,+4.586166E-06,-1.175891E-05,-9.797771E+01,-1.198926E+00
+2.541504E+02,-6.210682E-06,+1.757228E-05,-9.459222E+01,+1.910529E+00
+2.543945E+02,+1.739417E-06,-1.735562E-05,-9.516779E+01,-1.470908E+00
+2.546387E+02,+1.086965E-06,+1.136721E-05,-9.884739E+01,+1.475463E+00
+2.548828E+02,+1.935914E-06,-3.527600E-06,-1.079071E+02,-1.068882E+00
+2.551270E+02,-3.308568E-06,-1.634471E-06,-1.086588E+02,-2.682747E+00
+2.553711E+02,-3.440342E-06,+2.561723E-06,-1.073522E+02,+2.501548E+00
+2.556152E+02,+7.499726E-06,-6.316107E-06,-1.001710E+02,-6.999356E-01
+2.558594E+02,-3.977854E-06,+9.948131E-06,-9.940102E+01,+1.951182E+00
+2.561035E+02,+1.679135E-06,-4.656101E-06,-1.061086E+02,-1.224682E+00
+2.563477E+02,-7.729316E-07,-5.851961E-06,-1.045789E+02,-1.702117E+00
+2.565918E+02,+2.543577E-06,+9.758610E-06,-9.992677E+01,+1.315820E+00
+2.568359E+02,-2.379896E-06,-1.017739E-05,-9.961606E+01,-1.800510E+00
+2.570801E+02,-4.001362E-06,+1.048106E-05,-9.900101E+01,+1.935490E+00
+2.573242E+02,+9.393259E-06,-5.699132E-06,-9.918244E+01,-5.453503E-01
+2.575684E+02,-4.280703E-06,+1.644383E-06,-1.067719E+02,+2.774834E+00
+2.578125E+02,-5.415679E-06,-1.917148E-06,-1.048142E+02,-2.801359E+00
+2.580566E+02,+6.132798E-06,-1.299612E-07,-1.042449E+02,-2.118800E-02
+2.583008E+02,-5.381607E-06,+6.108567E-07,-1.053262E+02,+3.028568E+00
+2.585449E+02,+5.235607E-06,+5.888849E-06,-1.020698E+02,+8.440521E-01
+2.587891E+02,+3.279440E-07,-1.048879E-05,-9.958125E+01,-1.539540E+00
+2.590332E+02,-2.344666E-06,+4.966835E-06,-1.052047E+02,+2.011847E+00
+2.592773E+02,-1.267201E-07,+6.766305E-07,-1.232433E+02,+1.755933E+00
+2.595215E+02,+3.089880E-06,+1.030409E-06,-1.097432E+02,+3.218813E-01
+2.597656E+02,-6.957218E-06,-1.556272E-06,-1.029392E+02,-2.921524E+00
+2.600098E+02,+4.413706E-06,+3.856916E-07,-1.070709E+02,+8.716355E-02
+2.602539E+02,-1.163425E-06,+2.017128E-06,-1.126581E+02,+2.093962E+00
+2.604980E+02,+3.575456E-06,-7.670146E-06,-1.014500E+02,-1.134592E+00
+2.607422E+02,+6.947911E-07,+2.070003E-06,-1.132170E+02,+1.246964E+00
+2.609863E+02,-6.338303E-06,+8.557775E-06,-9.945351E+01,+2.208286E+00
+2.612305E+02,+3.903921E-06,-7.806590E-06,-1.011814E+02,-1.107085E+00
+2.614746E+02,-2.113710E-06,+2.404517E-06,-1.098930E+02,+2.291920E+00
+2.617188E+02,+3.378779E-06,-1.407784E-06,-1.087296E+02,-3.947810E-01
+2.619629E+02,-1.785315E-06,+7.932947E-06,-1.017967E+02,+1.792159E+00
+2.622070E+02,-1.369329E-06,-1.005626E-05,-9.987148E+01,-1.706131E+00
+2.624512E+02,-1.665347E-06,+4.232312E-07,-1.152981E+02,+2.892721E+00
+2.626953E+02,+1.304691E-06,+4.916841E-06,-1.058708E+02,+1.311422E+00
+2.629395E+02,-8.452324E-08,-7.634725E-07,-1.222912E+02,-1.681056E+00
+2.631836E+02,+1.156290E-05,-3.025551E-06,-9.845107E+01,-2.559226E-01
+2.634277E+02,-1.751058E-05,-4.406342E-06,-9.486734E+01,-2.895072E+00
+2.636719E+02,+6.873317E-06,+1.030536E-05,-9.814053E+01,+9.825871E-01
+2.639160E+02,-8.221866E-07,-6.721963E-06,-1.033856E+02,-1.692505E+00
+2.641602E+02,+2.245684E-06,+6.890559E-06,-1.027965E+02,+1.255744E+00
+2.644043E+02,-2.190185E-06,-8.393802E-06,-1.012348E+02,-1.826034E+00
+2.646484E+02,-1.936514E-06,+5.181646E-06,-1.051429E+02,+1.928449E+00
+2.648926E+02,+4.772196E-06,+1.526147E-06,-1.060027E+02,+3.095213E-01
+2.651367E+02,-3.235598E-06,-7.083443E-06,-1.021721E+02,-1.999277E+00
+2.653809E+02,+7.524950E-06,+5.832831E-06,-1.004265E+02,+6.593926E-01
+2.656250E+02,-1.155279E-05,-1.352881E-06,-9.868712E+01,-3.025019E+00
+2.658691E+02,+3.800865E-06,-3.472890E-06,-1.057663E+02,-7.403385E-01
+2.661133E+02,+7.140095E-06,+2.351809E-06,-1.024786E+02,+3.181889E-01
+2.663574E+02,-1.203746E-05,+4.822320E-06,-9.774290E+01,+2.760561E+00
+2.666016E+02,+7.858423E-06,-3.713444E-06,-1.012180E+02,-4.414419E-01
+2.668457E+02,-1.362221E-06,-1.464635E-06,-1.139785E+02,-2.319981E+00
+2.670898E+02,-1.022384E-06,-1.672728E-08,-1.198066E+02,-3.125233E+00
+2.673340E+02,+7.746439E-06,+1.633449E-06,-1.020290E+02,+2.078200E-01
+2.675781E+02,-1.060166E-05,+5.443947E-06,-9.847614E+01,+2.667204E+00
+2.678223E+02,+2.934672E-06,-1.108175E-05,-9.881347E+01,-1.311918E+00
+2.680664E+02,-4.371968E-06,+7.970956E-06,-1.008276E+02,+2.072477E+00
+2.683105E+02,+7.383192E-06,-3.825604E-06,-1.016023E+02,-4.780623E-01
+2.685547E+02,-4.353684E-06,+2.184598E-06,-1.062476E+02,+2.676521E+00
+2.687988E+02,+1.446028E-07,-2.961336E-06,-1.105599E+02,-1.522005E+00
+2.690430E+02,+3.032947E-06,+4.020368E-06,-1.059581E+02,+9.244882E-01
+2.692871E+02,-1.306024E-06,-1.539889E-06,-1.138966E+02,-2.274203E+00
+2.695312E+02,+6.774126E-07,-1.512195E-08,-1.233808E+02,-2.231940E-02
+2.697754E+02,-1.790695E-06,-8.995956E-08,-1.149286E+02,-3.091398E+00
+2.700195E+02,-3.253387E-07,-2.525155E-06,-1.118827E+02,-1.698930E+00
+2.702637E+02,+3.725144E-06,+3.695365E-06,-1.056016E+02,+7.813851E-01
+2.705078E+02,-5.995363E-06,-1.641135E-06,-1.041299E+02,-2.874404E+00
+2.707520E+02,+3.659098E-06,-2.239588E-06,-1.073507E+02,-5.492401E-01
+2.709961E+02,+3.722826E-06,+1.051171E-06,-1.082494E+02,+2.751944E-01
+2.712402E+02,-8.477250E-06,+3.095375E-06,-1.008913E+02,+2.791495E+00
+2.714844E+02,+3.636094E-06,-5.904551E-06,-1.031799E+02,-1.018831E+00
+2.717285E+02,+9.416628E-06,+2.075281E-05,-9.284538E+01,+1.144827E+00
+2.719727E+02,-2.616487E-05,-2.777859E-05,-8.836765E+01,-2.326288E+00
+2.722168E+02,+2.840899E-05,+1.528431E-05,-8.982682E+01,+4.935910E-01
+2.724609E+02,-1.427489E-05,-1.654896E-06,-9.685057E+01,-3.026177E+00
+2.727051E+02,+9.257968E-06,-5.382326E-06,-9.940514E+01,-5.266101E-01
+2.729492E+02,-8.785281E-06,+3.063755E-06,-1.006264E+02,+2.806043E+00
+2.731934E+02,+4.543198E-06,+2.317150E-06,-1.058486E+02,+4.716364E-01
+2.734375E+02,-1.434029E-06,-5.084278E-07,-1.163546E+02,-2.800875E+00
+2.736816E+02,-7.007990E-06,+5.167225E-07,-1.030646E+02,+3.067992E+00
+2.739258E+02,+9.483301E-06,-4.674817E-06,-9.951608E+01,-4.579937E-01
+2.741699E+02,-2.714188E-06,+6.211919E-06,-1.033767E+02,+1.982730E+00
+2.744141E+02,+6.521897E-06,-6.703244E-06,-1.005815E+02,-7.991096E-01
+2.746582E+02,-1.056777E-05,+4.031972E-06,-9.893012E+01,+2.777105E+00
+2.749023E+02,+3.960646E-06,-2.403473E-07,-1.080287E+02,-6.060953E-02
+2.751465E+02,-1.609808E-06,+2.664940E-06,-1.101352E+02,+2.114202E+00
+2.753906E+02,+4.933085E-06,-3.894454E-06,-1.040338E+02,-6.682786E-01
+2.756348E+02,-4.221269E-06,+3.622112E-06,-1.050950E+02,+2.432436E+00
+2.758789E+02,-7.667611E-07,-2.956953E-06,-1.103005E+02,-1.824516E+00
+2.761230E+02,+2.146575E-06,-3.988758E-06,-1.068787E+02,-1.077092E+00
+2.763672E+02,-1.692055E-06,+3.923899E-06,-1.073850E+02,+1.977922E+00
+2.766113E+02,+2.802155E-06,+2.958422E-06,-1.077978E+02,+8.125184E-01
+2.768555E+02,-1.754805E-06,-4.556932E-06,-1.062260E+02,-1.938379E+00
+2.770996E+02,+5.074683E-07,+4.782562E-06,-1.063582E+02,+1.465084E+00
+2.773438E+02,+3.898943E-06,+8.148202E-07,-1.079954E+02,+2.060198E-01
+2.775879E+02,-5.962335E-06,-3.882042E-06,-1.029568E+02,-2.564449E+00
+2.778320E+02,-2.594948E-06,-3.922787E-06,-1.065518E+02,-2.155218E+00
+2.780762E+02,+8.426998E-06,+9.085879E-06,-9.813701E+01,+8.230031E-01
+2.783203E+02,-1.831895E-06,-7.912706E-06,-1.018067E+02,-1.798301E+00
+2.785645E+02,-3.168331E-06,+4.700118E-06,-1.049310E+02,+2.163925E+00
+2.788086E+02,-6.140015E-07,-6.602673E-07,-1.208994E+02,-2.319903E+00
+2.790527E+02,+5.782943E-06,-3.164208E-06,-1.036196E+02,-5.006620E-01
+2.792969E+02,-3.594165E-06,+3.352932E-06,-1.061690E+02,+2.390905E+00
+2.795410E+02,+9.710211E-07,+8.726043E-07,-1.176845E+02,+7.320666E-01
+2.797852E+02,-2.905044E-06,-2.098686E-06,-1.089131E+02,-2.515972E+00
+2.800293E+02,+1.559735E-06,-8.204613E-07,-1.150781E+02,-4.842511E-01
+2.802734E+02,+2.404701E-06,-3.534446E-07,-1.122860E+02,-1.459357E-01
+2.805176E+02,-3.721344E-06,+5.865853E-06,-1.031644E+02,+2.136132E+00
+2.807617E+02,-5.144096E-07,-3.472712E-06,-1.090924E+02,-1.717856E+00
+2.810059E+02,+3.267606E-06,-3.347680E-06,-1.065987E+02,-7.975020E-01
+2.812500E+02,+4.549305E-07,+2.374449E-06,-1.123322E+02,+1.381496E+00
+2.814941E+02,+8.958404E-07,-2.775585E-06,-1.107025E+02,-1.258594E+00
+2.817383E+02,-4.717407E-06,+6.979417E-06,-1.014895E+02,+2.165166E+00
+2.819824E+02,+8.186144E-06,-7.998880E-06,-9.882745E+01,-7.738286E-01
+2.822266E+02,-1.016490E-05,+5.366728E-06,-9.879008E+01,+2.655823E+00
+2.824707E+02,+6.785006E-07,-3.639488E-06,-1.086308E+02,-1.386485E+00
+2.827148E+02,+6.284034E-06,+6.874921E-06,-1.006171E+02,+8.302718E-01
+2.829590E+02,-1.993076E-06,-8.269380E-06,-1.014053E+02,-1.807304E+00
+2.832031E+02,+1.120016E-06,+7.342173E-06,-1.025836E+02,+1.419418E+00
+2.834473E+02,+1.150080E-06,-7.142643E-06,-1.028117E+02,-1.411151E+00
+2.836914E+02,-2.493696E-06,+4.428035E-06,-1.058794E+02,+2.083688E+00
+2.839355E+02,+3.547047E-06,-1.650944E-06,-1.081511E+02,-4.356208E-01
+2.841797E+02,-6.839208E-06,+5.325437E-07,-1.032736E+02,+3.063883E+00
+2.844238E+02,+2.819709E-06,+7.626636E-07,-1.106893E+02,+2.641554E-01
+2.846680E+02,+3.121989E-06,-6.121749E-07,-1.099475E+02,-1.936282E-01
+2.849121E+02,-3.904198E-06,-5.154225E-07,-1.080943E+02,-3.010334E+00
+2.851562E+02,-3.493677E-07,-1.342343E-07,-1.285363E+02,-2.774763E+00
+2.854004E+02,+4.827085E-06,+1.028433E-06,-1.061335E+02,+2.099160E-01
+2.856445E+02,-4.010548E-06,+2.015062E-06,-1.069583E+02,+2.675994E+00
+2.858887E+02,-7.678346E-07,-6.243198E-06,-1.040267E+02,-1.693169E+00
+2.861328E+02,+4.686414E-06,+5.184120E-06,-1.031125E+02,+8.357789E-01
+2.863770E+02,-6.275498E-06,-2.365485E-06,-1.034701E+02,-2.781122E+00
+2.866211E+02,+6.148796E-06,-1.069285E-06,-1.040948E+02,-1.721796E-01
+2.868652E+02,-3.220961E-06,+4.493935E-06,-1.051470E+02,+2.192666E+00
+2.871094E+02,-1.023035E-06,-7.270010E-06,-1.026841E+02,-1.710598E+00
+2.873535E+02,+3.689209E-06,+8.230438E-06,-1.008964E+02,+1.149407E+00
+2.875977E+02,-3.489699E-06,-7.393537E-07,-1.089535E+02,-2.932813E+00
+2.878418E+02,-9.678274E-07,-7.411422E-06,-1.025285E+02,-1.700647E+00
+2.880859E+02,+6.622851E-06,+3.185857E-06,-1.026751E+02,+4.483650E-01
+2.883301E+02,-6.382897E-06,+3.048977E-06,-1.030070E+02,+2.695961E+00
+2.885742E+02,+4.120438E-06,-7.432993E-06,-1.014130E+02,-1.064624E+00
+2.888184E+02,+2.620061E-06,+3.535650E-06,-1.071297E+02,+9.330537E-01
+2.890625E+02,-7.465132E-06,+4.777056E-06,-1.010486E+02,+2.572339E+00
+2.893066E+02,+3.390914E-06,-5.320356E-07,-1.092880E+02,-1.556315E-01
+2.895508E+02,-5.225668E-06,-6.890324E-06,-1.012619E+02,-2.219656E+00
+2.897949E+02,+4.276904E-06,+3.787221E-06,-1.048632E+02,+7.247490E-01
+2.900391E+02,+5.145333E-06,+1.818738E-06,-1.052604E+02,+3.397658E-01
+2.902832E+02,-8.800853E-06,-3.917361E-06,-1.003245E+02,-2.722811E+00
+2.905273E+02,+8.665641E-06,+4.668583E-06,-1.001373E+02,+4.941621E-01
+2.907715E+02,-8.166561E-06,-3.333223E-06,-1.010900E+02,-2.754076E+00
+2.910156E+02,-3.962218E-06,+2.382506E-06,-1.067008E+02,+2.600213E+00
+2.912598E+02,+1.311257E-05,-1.901244E-06,-9.755589E+01,-1.439905E-01
+2.915039E+02,-7.470669E-06,+4.358271E-06,-1.012607E+02,+2.613480E+00
+2.917480E+02,+1.346521E-06,-9.689285E-06,-1.001911E+02,-1.432711E+00
+2.919922E+02,+1.808871E-06,+7.062378E-06,-1.027450E+02,+1.320059E+00
+2.922363E+02,+6.088208E-07,-2.309910E-06,-1.124364E+02,-1.313088E+00
+2.924805E+02,-5.566385E-06,+6.126095E-06,-1.016422E+02,+2.308362E+00
+2.927246E+02,+3.607011E-06,-7.054357E-06,-1.020222E+02,-1.098136E+00
+2.929688E+02,+2.522375E-06,-3.741630E-06,-1.069118E+02,-9.776391E-01
+2.932129E+02,-4.816366E-06,+1.109528E-05,-9.834748E+01,+1.980342E+00
+2.934570E+02,+2.895459E-06,-6.985567E-06,-1.024274E+02,-1.177860E+00
+2.937012E+02,-3.385230E-06,-5.714811E-07,-1.092862E+02,-2.974353E+00
+2.939453E+02,-9.180717E-08,-4.352458E-08,-1.398620E+02,-2.698889E+00
+2.941895E+02,+4.889296E-06,+3.330932E-06,-1.045593E+02,+5.980448E-01
+2.944336E+02,-1.924411E-06,-2.230315E-06,-1.106160E+02,-2.282699E+00
+2.946777E+02,-4.406624E-07,+5.739114E-06,-1.047976E+02,+1.647428E+00
+2.949219E+02,+1.360958E-06,-8.714140E-06,-1.010909E+02,-1.415870E+00
+2.951660E+02,-5.947394E-08,+3.738736E-06,-1.085444E+02,+1.586702E+00
+2.954102E+02,-5.770138E-06,+1.562135E-06,-1.044691E+02,+2.877203E+00
+2.956543E+02,+3.892188E-06,-8.885947E-07,-1.079755E+02,-2.244552E-01
+2.958984E+02,+4.645105E-06,-4.104948E-06,-1.041536E+02,-7.237446E-01
+2.961426E+02,-4.583832E-06,+8.288439E-06,-1.004716E+02,+2.075970E+00
+2.963867E+02,-1.672512E-06,-3.114565E-06,-1.090317E+02,-2.063601E+00
+2.966309E+02,+2.885739E-06,-3.394304E-06,-1.070227E+02,-8.662030E-01
+2.968750E+02,-9.287220E-07,+1.490849E-06,-1.151072E+02,+2.127919E+00
+2.971191E+02,+9.715175E-07,-2.971582E-06,-1.100992E+02,-1.254814E+00
+2.973633E+02,+6.955806E-07,+8.126345E-06,-1.017704E+02,+1.485409E+00
+2.976074E+02,-4.448594E-06,-6.296966E-06,-1.022591E+02,-2.185849E+00
+2.978516E+02,+5.979315E-07,-3.847754E-07,-1.229622E+02,-5.717999E-01
+2.980957E+02,+4.086950E-06,+4.253129E-06,-1.045852E+02,+8.053209E-01
+2.983398E+02,-3.141324E-06,-3.640352E-06,-1.063601E+02,-2.282742E+00
+2.985840E+02,+1.533063E-06,+8.721545E-07,-1.150711E+02,+5.172353E-01
+2.988281E+02,-3.571005E-07,-5.617267E-06,-1.049920E+02,-1.634283E+00
+2.990723E+02,+1.009787E-06,+1.564405E-05,-9.609496E+01,+1.506338E+00
+2.993164E+02,-6.492718E-06,-1.627349E-05,-9.512887E+01,-1.950419E+00
+2.995605E+02,+7.576104E-06,+8.859824E-06,-9.866800E+01,+8.633444E-01
+2.998047E+02,-3.672276E-06,-6.468455E-07,-1.085686E+02,-2.967238E+00
+3.000488E+02,+6.263323E-06,-9.535814E-07,-1.039644E+02,-1.510882E-01
+3.002930E+02,-6.764913E-06,-2.592460E-06,-1.027997E+02,-2.775634E+00
+3.005371E+02,+6.986091E-06,+1.020126E-06,-1.030237E+02,+1.449977E-01
+3.007812E+02,-1.274570E-05,+1.203903E-06,-9.785415E+01,+3.047416E+00
+3.010254E+02,+8.549892E-06,-1.993509E-07,-1.013584E+02,-2.331196E-02
+3.012695E+02,-1.424961E-06,+3.739877E-06,-1.079541E+02,+1.934833E+00
+3.015137E+02,-2.370912E-06,-9.535426E-06,-1.001527E+02,-1.814497E+00
+3.017578E+02,+3.053859E-06,+5.670836E-06,-1.038211E+02,+1.076810E+00
+3.020020E+02,+6.068469E-07,+3.351785E-06,-1.093544E+02,+1.391685E+00
+3.022461E+02,+1.732950E-06,-3.281457E-06,-1.086103E+02,-1.084919E+00
+3.024902E+02,-7.910188E-06,-3.341463E-06,-1.013232E+02,-2.741905E+00
+3.027344E+02,+8.621607E-06,+5.257579E-06,-9.991509E+01,+5.476046E-01
+3.029785E+02,-7.409623E-06,-4.248775E-06,-1.013695E+02,-2.620952E+00
+3.032227E+02,+6.840610E-06,+6.484378E-06,-1.005139E+02,+7.586704E-01
+3.034668E+02,-8.243042E-06,-5.451908E-06,-1.001023E+02,-2.557249E+00
+3.037109E+02,+6.888311E-06,+3.258974E-06,-1.023605E+02,+4.419105E-01
+3.039551E+02,+1.064380E-06,-2.760351E-06,-1.105787E+02,-1.202769E+00
+3.041992E+02,-5.237779E-06,-4.142710E-06,-1.035070E+02,-2.472408E+00
+3.044434E+02,-6.052666E-07,+8.933653E-06,-1.009595E+02,+1.638444E+00
+3.046875E+02,+2.876031E-06,-1.541509E-06,-1.097274E+02,-4.920194E-01
+3.049316E+02,+2.696286E-06,-2.013569E-06,-1.094598E+02,-6.414458E-01
+3.051758E+02,-5.808208E-06,-3.341537E-06,-1.034774E+02,-2.619523E+00
+3.054199E+02,+7.254237E-06,+7.135042E-06,-9.984923E+01,+7.771148E-01
+3.056641E+02,-3.883144E-06,-2.254078E-06,-1.069552E+02,-2.615652E+00
+3.059082E+02,-2.742366E-06,+2.221862E-07,-1.112091E+02,+3.060749E+00
+3.061523E+02,+5.581916E-07,-2.277455E-06,-1.125977E+02,-1.330440E+00
+3.063965E+02,+4.338555E-06,+4.627301E-07,-1.072040E+02,+1.062537E-01
+3.066406E+02,-5.881395E-06,-9.795690E-07,-1.044916E+02,-2.976554E+00
+3.068848E+02,+2.810761E-06,+6.619913E-06,-1.028631E+02,+1.169271E+00
+3.071289E+02,+1.554237E-06,-9.526816E-06,-1.003070E+02,-1.409078E+00
+3.073730E+02,-3.010452E-07,+3.067405E-06,-1.102229E+02,+1.668626E+00
+3.076172E+02,+2.849906E-07,+3.060143E-06,-1.102477E+02,+1.477934E+00
+3.078613E+02,-5.364907E-07,-1.915203E-06,-1.140276E+02,-1.843918E+00
+3.081055E+02,-3.592016E-06,+4.093492E-06,-1.052784E+02,+2.291037E+00
+3.083496E+02,+4.721046E-06,-5.239950E-06,-1.030325E+02,-8.374447E-01
+3.085938E+02,+4.005180E-06,+1.450269E-06,-1.074125E+02,+3.474118E-01
+3.088379E+02,-5.326279E-06,-3.807520E-07,-1.054494E+02,-3.070229E+00
+3.090820E+02,-5.965819E-06,+3.250444E-06,-1.033577E+02,+2.642716E+00
+3.093262E+02,+7.626307E-06,-2.962167E-06,-1.017435E+02,-3.704790E-01
+3.095703E+02,-2.950328E-06,+5.382935E-06,-1.042388E+02,+2.072171E+00
+3.098145E+02,+7.764276E-06,-9.297893E-06,-9.833466E+01,-8.750414E-01
+3.100586E+02,-1.009591E-05,+6.242558E-06,-9.851098E+01,+2.587807E+00
+3.103027E+02,+6.939008E-06,-6.473255E-07,-1.031364E+02,-9.301869E-02
+3.105469E+02,-9.202580E-06,+5.997983E-07,-1.007034E+02,+3.076508E+00
+3.107910E+02,+1.115773E-05,-6.290153E-06,-9.784995E+01,-5.133372E-01
+3.110352E+02,+5.053610E-07,+6.648364E-06,-1.035207E+02,+1.494929E+00
+3.112793E+02,-7.724185E-06,-3.676511E-06,-1.013561E+02,-2.697350E+00
+3.115234E+02,-4.527037E-06,+7.715679E-06,-1.009677E+02,+2.101403E+00
+3.117676E+02,+9.670047E-06,-1.205193E-05,-9.622041E+01,-8.946148E-01
+3.120117E+02,+7.284820E-07,+8.101677E-06,-1.017935E+02,+1.481120E+00
+3.122559E+02,-4.343178E-06,-3.850635E-06,-1.047249E+02,-2.416234E+00
+3.125000E+02,+8.852257E-08,+5.976124E-06,-1.044707E+02,+1.555985E+00
+3.127441E+02,+1.207826E-06,-1.095741E-05,-9.915340E+01,-1.461010E+00
+3.129883E+02,+2.457416E-06,+1.013854E-05,-9.963256E+01,+1.332999E+00
+3.132324E+02,-3.751961E-06,-3.669488E-06,-1.056000E+02,-2.367307E+00
+3.134766E+02,+3.620687E-06,+1.398057E-06,-1.082206E+02,+3.684929E-01
+3.137207E+02,-3.988615E-06,-1.995289E-06,-1.070136E+02,-2.677748E+00
+3.139648E+02,-5.139048E-07,-1.016330E-06,-1.188705E+02,-2.038952E+00
+3.142090E+02,+8.255823E-06,-8.444151E-07,-1.016196E+02,-1.019267E-01
+3.144531E+02,-7.948288E-06,+7.756638E-06,-9.908894E+01,+2.368397E+00
+3.146973E+02,+1.324220E-06,-5.391311E-06,-1.051117E+02,-1.329943E+00
+3.149414E+02,-2.198710E-06,-1.217861E-06,-1.119945E+02,-2.635762E+00
+3.151855E+02,+5.570152E-06,+1.871330E-06,-1.046182E+02,+3.241097E-01
+3.154297E+02,-5.003375E-07,-1.660954E-06,-1.152156E+02,-1.863386E+00
+3.156738E+02,+9.266144E-08,+3.760281E-07,-1.282396E+02,+1.329188E+00
+3.159180E+02,+6.749602E-08,+1.072799E-06,-1.193725E+02,+1.507963E+00
+3.161621E+02,-8.537797E-06,-3.287387E-06,-1.007727E+02,-2.774050E+00
+3.164062E+02,+9.676123E-06,+5.023063E-06,-9.924969E+01,+4.788259E-01
+3.166504E+02,-5.067162E-06,-3.121914E-06,-1.045072E+02,-2.589414E+00
+3.168945E+02,+3.117286E-07,+2.025894E-06,-1.137660E+02,+1.418122E+00
+3.171387E+02,+3.115159E-06,-4.755477E-06,-1.049055E+02,-9.908669E-01
+3.173828E+02,-5.381813E-07,+6.986290E-06,-1.030894E+02,+1.647678E+00
+3.176270E+02,-2.343088E-06,-5.285012E-06,-1.047598E+02,-1.988103E+00
+3.178711E+02,+5.616496E-06,+4.213580E-07,-1.049863E+02,+7.488124E-02
+3.181152E+02,-3.012040E-06,+1.435752E-06,-1.095336E+02,+2.696782E+00
+3.183594E+02,-4.656869E-06,+1.550978E-06,-1.061813E+02,+2.820096E+00
+3.186035E+02,+4.053089E-07,-2.361237E-06,-1.124111E+02,-1.400802E+00
+3.188477E+02,+8.652442E-06,+1.601938E-06,-1.011108E+02,+1.830700E-01
+3.190918E+02,-3.007060E-06,-3.299002E-06,-1.070058E+02,-2.309932E+00
+3.193359E+02,-6.922261E-06,+1.397295E-06,-1.030216E+02,+2.942414E+00
+3.195801E+02,+4.583956E-06,+1.158136E-06,-1.065065E+02,+2.474711E-01
+3.198242E+02,+9.812420E-07,-3.691749E-06,-1.083589E+02,-1.311010E+00
+3.200684E+02,+2.665302E-06,+1.114651E-06,-1.107851E+02,+3.961037E-01
+3.203125E+02,-6.455770E-06,+1.506572E-06,-1.035707E+02,+2.912328E+00
+3.205566E+02,+2.223046E-06,+5.472268E-06,-1.045733E+02,+1.184923E+00
+3.208008E+02,+5.015200E-07,-5.670776E-06,-1.048933E+02,-1.482586E+00
+3.210449E+02,+1.162831E-06,+3.260358E-08,-1.186863E+02,+2.803076E-02
+3.212891E+02,+2.365564E-06,-1.591244E-06,-1.109002E+02,-5.921474E-01
+3.215332E+02,-6.733043E-06,+4.535988E-06,-1.018105E+02,+2.548743E+00
+3.217773E+02,+6.041709E-07,-2.902530E-06,-1.105603E+02,-1.365574E+00
+3.220215E+02,+3.876652E-06,-1.124991E-06,-1.078797E+02,-2.824388E-01
+3.222656E+02,-7.220664E-06,+1.018640E-06,-1.027429E+02,+3.001445E+00
+3.225098E+02,+1.128366E-05,-5.076014E-06,-9.815062E+01,-4.227334E-01
+3.227539E+02,-3.169953E-06,+1.208324E-05,-9.806726E+01,+1.827358E+00
+3.229980E+02,-6.038450E-06,-5.169539E-06,-1.019937E+02,-2.433566E+00
+3.232422E+02,+2.857326E-06,-3.254774E-06,-1.072682E+02,-8.503332E-01
+3.234863E+02,-5.987813E-07,+3.706130E-07,-1.230461E+02,+2.587359E+00
+3.237305E+02,+7.204446E-06,-2.173015E-06,-1.024698E+02,-2.929436E-01
+3.239746E+02,-8.586765E-06,+6.754647E-06,-9.923149E+01,+2.475055E+00
+3.242188E+02,+2.213452E-06,-2.247104E-06,-1.100223E+02,-7.929425E-01
+3.244629E+02,-7.360879E-07,-1.257931E-07,-1.225364E+02,-2.972334E+00
+3.247070E+02,-6.938870E-08,-1.245701E-06,-1.180783E+02,-1.626441E+00
+3.249512E+02,+2.933591E-06,+1.301293E-06,-1.098719E+02,+4.175052E-01
+3.251953E+02,-3.728841E-06,-1.033850E-05,-9.917973E+01,-1.916950E+00
+3.254395E+02,+3.335269E-06,+1.345123E-05,-9.716564E+01,+1.327745E+00
+3.256836E+02,-1.634233E-06,-9.863315E-06,-1.000019E+02,-1.734993E+00
+3.259277E+02,-1.790876E-06,+1.127112E-05,-9.885238E+01,+1.728370E+00
+3.261719E+02,+5.228718E-06,-4.791029E-06,-1.029849E+02,-7.417433E-01
+3.264160E+02,-4.085821E-06,-5.262180E-07,-1.077030E+02,-3.013506E+00
+3.266602E+02,-3.932753E-06,+1.780341E-06,-1.072964E+02,+2.716499E+00
+3.269043E+02,+7.227825E-06,-8.358104E-06,-9.913286E+01,-8.577906E-01
+3.271484E+02,-5.580789E-06,+6.612293E-06,-1.012571E+02,+2.271798E+00
+3.273926E+02,+4.510688E-06,-1.451735E-06,-1.064871E+02,-3.113742E-01
+3.276367E+02,-1.759250E-06,+6.849612E-07,-1.144805E+02,+2.770302E+00
+3.278809E+02,+1.871638E-06,-1.154031E-06,-1.131562E+02,-5.525281E-01
+3.281250E+02,-1.361618E-06,+3.471478E-06,-1.085682E+02,+1.944587E+00
+3.283691E+02,-2.999356E-06,-1.679879E-06,-1.092745E+02,-2.631043E+00
+3.286133E+02,-2.632081E-06,-3.494899E-06,-1.071801E+02,-2.216292E+00
+3.288574E+02,+8.222445E-06,+3.206269E-06,-1.010853E+02,+3.718050E-01
+3.291016E+02,-4.870330E-06,+2.513204E-06,-1.052235E+02,+2.665209E+00
+3.293457E+02,-2.676902E-06,-3.396156E-06,-1.072817E+02,-2.238310E+00
+3.295898E+02,+6.052170E-06,-1.565570E-06,-1.040805E+02,-2.531304E-01
+3.298340E+02,-1.131535E-06,+9.081653E-07,-1.167672E+02,+2.465271E+00
+3.300781E+02,+3.107193E-06,+3.893816E-06,-1.060526E+02,+8.972875E-01
+3.303223E+02,-5.902701E-06,-3.066204E-07,-1.045673E+02,-3.089694E+00
+3.305664E+02,+1.022174E-06,+1.094359E-06,-1.164928E+02,+8.194900E-01
+3.308105E+02,+2.957268E-06,-9.094208E-06,-1.003882E+02,-1.256400E+00
+3.310547E+02,-4.953888E-06,+1.059202E-05,-9.864130E+01,+2.008272E+00
+3.312988E+02,+6.677594E-06,-7.315199E-06,-1.000832E+02,-8.309333E-01
+3.315430E+02,-9.289723E-06,+3.356477E-06,-1.001071E+02,+2.794877E+00
+3.317871E+02,+5.582389E-06,-5.017742E-06,-1.024918E+02,-7.321805E-01
+3.320312E+02,+1.358113E-06,+1.142170E-05,-9.878441E+01,+1.452446E+00
+3.322754E+02,-1.778196E-06,-6.133656E-06,-1.038951E+02,-1.852969E+00
+3.325195E+02,+1.793192E-06,-2.814960E-06,-1.095313E+02,-1.003598E+00
+3.327637E+02,-7.597953E-06,+1.995026E-06,-1.020965E+02,+2.884815E+00
+3.330078E+02,+8.051775E-06,+3.571044E-06,-1.011023E+02,+4.174439E-01
+3.332520E+02,+2.179427E-06,-5.145200E-06,-1.050553E+02,-1.170125E+00
+3.334961E+02,-8.124424E-06,+2.634683E-06,-1.013699E+02,+2.828001E+00
+3.337402E+02,+5.871437E-06,-1.965346E-06,-1.041639E+02,-3.230069E-01
+3.339844E+02,-5.570553E-06,+4.641405E-06,-1.027923E+02,+2.446931E+00
+3.342285E+02,+1.915961E-06,-9.648282E-06,-1.001430E+02,-1.374766E+00
+3.344727E+02,+2.551331E-06,+1.061564E-05,-9.923720E+01,+1.334933E+00
+3.347168E+02,-4.243824E-06,-7.582998E-06,-1.012198E+02,-2.081018E+00
+3.349609E+02,+4.918865E-06,+4.862563E-06,-1.032021E+02,+7.796422E-01
+3.352051E+02,+3.147528E-07,-3.547520E-06,-1.089674E+02,-1.482303E+00
+3.354492E+02,-5.431511E-06,+4.943697E-06,-1.026808E+02,+2.403177E+00
+3.356934E+02,+6.389934E-06,-2.491880E-06,-1.032753E+02,-3.718297E-01
+3.359375E+02,-4.262762E-06,-8.134426E-08,-1.074046E+02,-3.122512E+00
+3.361816E+02,+5.481314E-07,+3.151222E-07,-1.239821E+02,+5.217612E-01
+3.364258E+02,-9.900946E-07,+2.379956E-06,-1.117754E+02,+1.965031E+00
+3.366699E+02,-7.821279E-07,-4.865513E-06,-1.061466E+02,-1.730182E+00
+3.369141E+02,+5.314085E-06,+1.296114E-06,-1.052405E+02,+2.392308E-01
+3.371582E+02,-4.237424E-06,+3.109546E-06,-1.055870E+02,+2.508521E+00
+3.374023E+02,+2.080369E-06,-4.985961E-07,-1.133946E+02,-2.352302E-01
+3.376465E+02,+4.884645E-07,-6.018748E-06,-1.043814E+02,-1.489817E+00
+3.378906E+02,+9.928913E-07,+8.451722E-06,-1.014016E+02,+1.453854E+00
+3.381348E+02,-6.306514E-06,-3.630259E-06,-1.027613E+02,-2.619280E+00
+3.383789E+02,+4.030047E-06,-2.004292E-07,-1.078831E+02,-4.969277E-02
+3.386230E+02,+3.674484E-06,-6.768796E-06,-1.022681E+02,-1.073454E+00
+3.388672E+02,-1.189722E-06,+1.269306E-05,-9.789069E+01,+1.664253E+00
+3.391113E+02,-5.335432E-06,-6.397175E-06,-1.015870E+02,-2.265945E+00
+3.393555E+02,-1.026645E-06,+1.093445E-06,-1.164789E+02,+2.324697E+00
+3.395996E+02,+4.916567E-06,-2.452996E-06,-1.052014E+02,-4.627868E-01
+3.398438E+02,+9.582363E-07,+3.528531E-06,-1.087391E+02,+1.305624E+00
+3.400879E+02,-9.668495E-07,-1.843283E-06,-1.136326E+02,-2.053871E+00
+3.403320E+02,-1.441632E-06,+7.447596E-07,-1.157955E+02,+2.664747E+00
+3.405762E+02,+2.155038E-07,-2.118523E-06,-1.134346E+02,-1.469421E+00
+3.408203E+02,+6.800341E-07,+1.877192E-06,-1.139943E+02,+1.223240E+00
+3.410645E+02,-4.075381E-07,+8.282445E-07,-1.206952E+02,+2.028064E+00
+3.413086E+02,+1.029765E-06,-6.090594E-07,-1.184425E+02,-5.341128E-01
+3.415527E+02,+1.241951E-06,+1.860154E-06,-1.130080E+02,+9.821060E-01
+3.417969E+02,-4.687710E-06,-2.934829E-06,-1.051445E+02,-2.582225E+00
+3.420410E+02,+2.843463E-06,+1.857736E-06,-1.093793E+02,+5.787166E-01
+3.422852E+02,+1.228744E-06,+2.611852E-06,-1.107927E+02,+1.131068E+00
+3.425293E+02,-2.163840E-06,-9.118789E-06,-1.005633E+02,-1.803782E+00
+3.427734E+02,+2.688665E-06,+5.340226E-06,-1.044676E+02,+1.104373E+00
+3.430176E+02,+9.911869E-08,+2.374361E-06,-1.124815E+02,+1.529075E+00
+3.432617E+02,-3.641002E-06,-3.234481E-06,-1.062491E+02,-2.415252E+00
+3.435059E+02,+7.066622E-06,+2.775264E-06,-1.023928E+02,+3.742222E-01
+3.437500E+02,-8.737135E-06,-5.713035E-06,-9.962669E+01,-2.562495E+00
+3.439941E+02,+1.789455E-06,+9.761844E-06,-1.000658E+02,+1.389498E+00
+3.442383E+02,+2.188587E-06,-6.095089E-06,-1.037737E+02,-1.226061E+00
+3.444824E+02,+2.938613E-06,-5.634019E-06,-1.039386E+02,-1.090031E+00
+3.447266E+02,+2.272150E-07,+8.018847E-06,-1.019143E+02,+1.542469E+00
+3.449707E+02,-8.719628E-06,+2.327864E-06,-1.008910E+02,+2.880709E+00
+3.452148E+02,+7.439109E-06,-7.943034E-06,-9.926530E+01,-8.181468E-01
+3.454590E+02,+1.423872E-06,+2.654514E-06,-1.104221E+02,+1.078457E+00
+3.457031E+02,-2.808496E-06,+4.199375E-06,-1.059308E+02,+2.160267E+00
+3.459473E+02,-3.333299E-06,-4.875088E-06,-1.045746E+02,-2.170527E+00
+3.461914E+02,+4.571767E-06,+9.622391E-07,-1.066101E+02,+2.074463E-01
+3.464355E+02,+3.434571E-06,-2.463011E-06,-1.074805E+02,-6.221260E-01
+3.466797E+02,-6.501326E-06,+7.184325E-06,-1.002742E+02,+2.306330E+00
+3.469238E+02,-8.427615E-07,-6.270233E-06,-1.039766E+02,-1.704402E+00
+3.471680E+02,+4.693465E-06,+8.470499E-07,-1.064309E+02,+1.785524E-01
+3.474121E+02,-2.989482E-06,+2.875247E-06,-1.076437E+02,+2.375670E+00
+3.476562E+02,+1.961197E-07,-4.467648E-06,-1.069901E+02,-1.526927E+00
+3.479004E+02,+2.302722E-06,+3.633151E-06,-1.073277E+02,+1.005888E+00
+3.481445E+02,+1.528826E-06,+1.288502E-06,-1.139821E+02,+7.003021E-01
+3.483887E+02,-7.431292E-07,-9.219188E-06,-1.006780E+02,-1.651229E+00
+3.486328E+02,-2.383047E-06,+8.143512E-06,-1.014269E+02,+1.855479E+00
+3.488770E+02,-1.124398E-06,-4.540608E-06,-1.065993E+02,-1.813545E+00
+3.491211E+02,+8.509015E-07,+7.065790E-06,-1.029543E+02,+1.450948E+00
+3.493652E+02,-8.164347E-06,+1.176846E-05,-9.687921E+01,+2.177314E+00
+3.496094E+02,+1.889252E-05,-3.682636E-05,-8.766216E+01,-1.096790E+00
+3.498535E+02,-1.571966E-05,+2.797005E-05,-8.987403E+01,+2.082819E+00
+3.500977E+02,+5.008641E-06,-6.128029E-06,-1.020315E+02,-8.855754E-01
+3.503418E+02,+6.456124E-06,-7.109798E-06,-1.003512E+02,-8.335460E-01
+3.505859E+02,-1.345167E-05,+9.776060E-06,-9.558275E+01,+2.513135E+00
+3.508301E+02,+1.059434E-05,-5.969974E-06,-9.830089E+01,-5.131534E-01
+3.510742E+02,-4.436493E-06,+2.994364E-06,-1.054290E+02,+2.547885E+00
+3.513184E+02,+5.936855E-06,+3.553777E-06,-1.031989E+02,+5.393864E-01
+3.515625E+02,-7.203198E-06,-1.092356E-05,-9.766471E+01,-2.153764E+00
+3.518066E+02,+4.159918E-06,+8.920311E-06,-1.001378E+02,+1.134436E+00
+3.520508E+02,-4.109972E-06,-2.617613E-06,-1.062445E+02,-2.574487E+00
+3.522949E+02,+1.818337E-06,-3.565934E-06,-1.079528E+02,-1.099245E+00
+3.525391E+02,+3.181653E-06,+8.408509E-06,-1.009245E+02,+1.209061E+00
+3.527832E+02,+3.742214E-07,-3.902459E-06,-1.081335E+02,-1.475195E+00
+3.530273E+02,-6.712463E-06,-6.657716E-06,-1.004875E+02,-2.360289E+00
+3.532715E+02,+9.129158E-06,+6.249193E-06,-9.912240E+01,+6.002685E-01
+3.535156E+02,-2.847855E-06,+2.271369E-06,-1.087715E+02,+2.468334E+00
+3.537598E+02,-7.906265E-06,-6.442737E-06,-9.982892E+01,-2.457838E+00
+3.540039E+02,+5.103902E-06,+4.613273E-06,-1.032484E+02,+7.349500E-01
+3.542480E+02,+9.211497E-07,-2.584920E-06,-1.112319E+02,-1.228471E+00
+3.544922E+02,-4.919631E-06,-2.523815E-06,-1.051467E+02,-2.667592E+00
+3.547363E+02,+6.067882E-06,+4.655360E-06,-1.023291E+02,+6.544269E-01
+3.549805E+02,-1.205301E-06,-1.715997E-07,-1.182909E+02,-3.000172E+00
+3.552246E+02,+2.588098E-06,+3.967325E-07,-1.116395E+02,+1.521071E-01
+3.554688E+02,-1.159972E-05,+1.273226E-06,-9.865904E+01,+3.032267E+00
+3.557129E+02,+1.082843E-05,-7.309737E-06,-9.767799E+01,-5.937845E-01
+3.559570E+02,-1.951458E-06,+3.614258E-06,-1.077286E+02,+2.065878E+00
+3.562012E+02,-4.609259E-06,+2.725155E-06,-1.054255E+02,+2.607643E+00
+3.564453E+02,+8.419865E-06,-9.432193E-07,-1.014397E+02,-1.115580E-01
+3.566895E+02,-4.653726E-06,-1.926931E-06,-1.059568E+02,-2.749023E+00
+3.569336E+02,-8.669976E-07,+1.653142E-06,-1.145785E+02,+2.053815E+00
+3.571777E+02,+1.981811E-06,+2.124573E-06,-1.107359E+02,+8.201500E-01
+3.574219E+02,-1.873386E-06,-6.688475E-06,-1.031655E+02,-1.843890E+00
+3.576660E+02,+3.514119E-06,+1.755119E-06,-1.081165E+02,+4.632057E-01
+3.579102E+02,-5.750597E-06,+2.847362E-06,-1.038535E+02,+2.681839E+00
+3.581543E+02,+4.462270E-06,+1.674642E-06,-1.064366E+02,+3.590243E-01
+3.583984E+02,-4.348496E-06,-1.478836E-06,-1.067579E+02,-2.813782E+00
+3.586426E+02,+5.320588E-07,-9.498610E-07,-1.192616E+02,-1.060199E+00
+3.588867E+02,+7.631556E-06,-1.511094E-06,-1.021807E+02,-1.954775E-01
+3.591309E+02,-9.086651E-06,-2.261875E-06,-1.005708E+02,-2.897628E+00
+3.593750E+02,+2.034822E-06,+9.966257E-06,-9.985199E+01,+1.369393E+00
+3.596191E+02,+3.402147E-06,-1.018427E-05,-9.938194E+01,-1.248393E+00
+3.598633E+02,-6.992661E-06,+6.316222E-06,-1.005163E+02,+2.406977E+00
+3.601074E+02,+9.630409E-06,-6.675921E-06,-9.862289E+01,-6.061561E-01
+3.603516E+02,-8.129667E-06,+4.852916E-06,-1.004749E+02,+2.603427E+00
+3.605957E+02,+9.397043E-06,+3.195361E-06,-1.000650E+02,+3.277735E-01
+3.608398E+02,-1.173740E-05,+3.114111E-06,-9.831313E+01,+2.882252E+00
+3.610840E+02,+9.121929E-06,-1.186762E-05,-9.649655E+01,-9.154718E-01
+3.613281E+02,-7.205385E-06,+7.490687E-06,-9.966464E+01,+2.336783E+00
+3.615723E+02,+1.316011E-06,-4.810244E-06,-1.060432E+02,-1.303746E+00
+3.618164E+02,+4.892590E-06,+3.026274E-06,-1.048023E+02,+5.539422E-01
+3.620605E+02,-6.750133E-06,-2.189125E-06,-1.029794E+02,-2.827986E+00
+3.623047E+02,+4.215179E-06,+5.957282E-06,-1.027362E+02,+9.550096E-01
+3.625488E+02,+4.881477E-06,-7.147364E-06,-1.012544E+02,-9.715875E-01
+3.627930E+02,-8.593345E-06,+3.379730E-06,-1.006921E+02,+2.766879E+00
+3.630371E+02,+2.832358E-06,-1.846776E-06,-1.094185E+02,-5.777993E-01
+3.632812E+02,-2.753372E-07,-1.583182E-07,-1.299622E+02,-2.619760E+00
+3.635254E+02,-1.077358E-07,+5.799544E-06,-1.047306E+02,+1.589371E+00
+3.637695E+02,-7.886335E-07,-4.773882E-06,-1.063056E+02,-1.734515E+00
+3.640137E+02,+4.609585E-06,-3.747256E-07,-1.066982E+02,-8.111434E-02
+3.642578E+02,-5.544567E-06,+2.063795E-06,-1.045591E+02,+2.785262E+00
+3.645020E+02,+5.896162E-06,-2.316024E-06,-1.039655E+02,-3.742858E-01
+3.647461E+02,-7.220673E-06,+2.243944E-06,-1.024281E+02,+2.840288E+00
+3.649902E+02,+2.553037E-06,-1.232087E-06,-1.109496E+02,-4.496282E-01
+3.652344E+02,+8.131403E-07,+2.520567E-07,-1.213982E+02,+3.005868E-01
+3.654785E+02,-5.212403E-06,+1.155810E-06,-1.054508E+02,+2.923381E+00
+3.657227E+02,+1.109543E-05,-5.378507E-07,-9.908692E+01,-4.843704E-02
+3.659668E+02,-1.993395E-06,-3.080693E-07,-1.139056E+02,-2.988261E+00
+3.662109E+02,-6.798942E-06,+4.223017E-06,-1.019342E+02,+2.585782E+00
+3.664551E+02,+2.628234E-06,-5.314014E-06,-1.045412E+02,-1.111490E+00
+3.666992E+02,-4.288279E-06,-8.931250E-07,-1.071699E+02,-2.936257E+00
+3.669434E+02,+6.785228E-06,+6.708629E-06,-1.004074E+02,+7.797216E-01
+3.671875E+02,-3.803258E-06,-4.290794E-06,-1.048313E+02,-2.296033E+00
+3.674316E+02,+2.187318E-06,-2.500457E-06,-1.095716E+02,-8.520981E-01
+3.676758E+02,+1.194400E-06,+4.153605E-06,-1.072865E+02,+1.290794E+00
+3.679199E+02,-4.389200E-06,-9.689437E-07,-1.069456E+02,-2.924321E+00
+3.681641E+02,+6.826668E-06,+2.348140E-06,-1.028302E+02,+3.312890E-01
+3.684082E+02,-6.681626E-06,-5.313706E-06,-1.013739E+02,-2.469742E+00
+3.686523E+02,+4.417918E-06,+1.768471E-06,-1.064502E+02,+3.807607E-01
+3.688965E+02,+1.483417E-06,+2.393194E-06,-1.110084E+02,+1.015910E+00
+3.691406E+02,-9.972296E-06,-3.189636E-06,-9.960109E+01,-2.832026E+00
+3.693848E+02,+1.076618E-05,+7.658365E-07,-9.933685E+01,+7.101395E-02
+3.696289E+02,-2.461677E-06,+6.096707E-06,-1.036422E+02,+1.954550E+00
+3.698730E+02,-2.951914E-06,-3.109395E-06,-1.073560E+02,-2.330219E+00
+3.701172E+02,+2.620220E-06,-4.747540E-06,-1.053158E+02,-1.066487E+00
+3.703613E+02,-3.490393E-06,+4.713597E-06,-1.046343E+02,+2.208186E+00
+3.706055E+02,+3.152688E-06,+3.409838E-07,-1.099759E+02,+1.077377E-01
+3.708496E+02,-1.564030E-06,-3.117679E-06,-1.091485E+02,-2.035775E+00
+3.710938E+02,+8.266662E-07,+2.267246E-06,-1.123479E+02,+1.221164E+00
+3.713379E+02,+1.303378E-06,-1.791659E-06,-1.130902E+02,-9.418712E-01
+3.715820E+02,-1.388718E-06,-2.543393E-06,-1.107586E+02,-2.070571E+00
+3.718262E+02,+2.087236E-06,+1.127121E-05,-9.881416E+01,+1.387688E+00
+3.720703E+02,-4.391130E-07,-1.389076E-05,-9.714114E+01,-1.602398E+00
+3.723145E+02,-8.260886E-07,+9.637162E-06,-1.002892E+02,+1.656306E+00
+3.725586E+02,-2.134073E-06,-3.220256E-06,-1.082610E+02,-2.156050E+00
+3.728027E+02,+2.492116E-06,-3.147887E-06,-1.079264E+02,-9.011497E-01
+3.730469E+02,+5.385882E-06,+6.111547E-06,-1.017810E+02,+8.484300E-01
+3.732910E+02,-1.104727E-05,-4.007272E-06,-9.859805E+01,-2.793615E+00
+3.735352E+02,+5.259037E-06,+1.050720E-06,-1.054119E+02,+1.971967E-01
+3.737793E+02,-1.345069E-06,-4.108927E-06,-1.072833E+02,-1.887155E+00
+3.740234E+02,-2.633998E-06,+6.691590E-06,-1.028638E+02,+1.945798E+00
+3.742676E+02,+8.691259E-06,-1.088648E-06,-1.011507E+02,-1.246088E-01
+3.745117E+02,-6.949409E-06,-5.879721E-06,-1.008163E+02,-2.439382E+00
+3.747559E+02,+8.838271E-06,+1.247910E-05,-9.631076E+01,+9.545575E-01
+3.750000E+02,-8.021214E-06,-1.428794E-05,-9.571080E+01,-2.082348E+00
+3.752441E+02,+6.432803E-07,+7.723394E-06,-1.022138E+02,+1.487698E+00
+3.754883E+02,+1.549297E-06,-1.966308E-06,-1.120296E+02,-9.034635E-01
+3.757324E+02,-2.374615E-06,+1.249561E-06,-1.114266E+02,+2.657193E+00
+3.759766E+02,+1.247926E-06,-1.626403E-06,-1.137649E+02,-9.163197E-01
+3.762207E+02,+1.846935E-06,+8.400731E-07,-1.138543E+02,+4.268776E-01
+3.764648E+02,+4.486697E-06,+1.721240E-06,-1.063652E+02,+3.663167E-01
+3.767090E+02,-9.049929E-06,-7.058856E-06,-9.880319E+01,-2.479172E+00
+3.769531E+02,+4.870153E-06,+9.520875E-06,-9.941705E+01,+1.097972E+00
+3.771973E+02,+1.125147E-06,-5.748583E-06,-1.046455E+02,-1.377514E+00
+3.774414E+02,+1.028949E-06,-5.059266E-06,-1.057422E+02,-1.370154E+00
+3.776855E+02,-1.031906E-05,+8.082436E-06,-9.764954E+01,+2.477147E+00
+3.779297E+02,+1.549762E-05,+3.160411E-06,-9.601775E+01,+2.011704E-01
+3.781738E+02,-9.502081E-06,-6.122732E-06,-9.893546E+01,-2.569195E+00
+3.784180E+02,-1.344939E-06,+8.975257E-07,-1.158263E+02,+2.553127E+00
+3.786621E+02,+2.373671E-06,+3.320758E-07,-1.124074E+02,+1.389975E-01
+3.789062E+02,-2.057349E-06,+2.572588E-07,-1.136665E+02,+3.017195E+00
+3.791504E+02,+8.978418E-06,-1.892475E-06,-1.007472E+02,-2.077396E-01
+3.793945E+02,-1.011091E-05,+2.203404E-06,-9.970269E+01,+2.927024E+00
+3.796387E+02,+7.136025E-06,-9.118125E-06,-9.872691E+01,-9.067433E-01
+3.798828E+02,-9.440966E-06,+1.075306E-05,-9.688755E+01,+2.291311E+00
+3.801270E+02,+7.545733E-06,-1.935572E-07,-1.024431E+02,-2.564559E-02
+3.803711E+02,+6.666106E-07,-4.077584E-06,-1.076774E+02,-1.408748E+00
+3.806152E+02,-2.050120E-06,+9.435549E-07,-1.129300E+02,+2.710253E+00
+3.808594E+02,+2.196264E-06,-3.526427E-06,-1.076298E+02,-1.013780E+00
+3.811035E+02,-5.871301E-06,+6.927291E-06,-1.008376E+02,+2.273873E+00
+3.813477E+02,+7.087788E-06,+9.770808E-07,-1.029080E+02,+1.369907E-01
+3.815918E+02,-4.638741E-06,-1.197465E-05,-9.782753E+01,-1.940376E+00
+3.818359E+02,+2.360863E-06,+9.329334E-06,-1.003334E+02,+1.322942E+00
+3.820801E+02,-2.734738E-06,+2.460995E-06,-1.086853E+02,+2.408832E+00
+3.823242E+02,-1.366808E-06,-7.100145E-06,-1.028166E+02,-1.760974E+00
+3.825684E+02,+7.447615E-06,-1.244342E-06,-1.024401E+02,-1.655500E-01
+3.828125E+02,-6.819138E-06,+8.689762E-06,-9.913596E+01,+2.236158E+00
+3.830566E+02,+2.372313E-06,-6.005334E-06,-1.037995E+02,-1.194578E+00
+3.833008E+02,+3.748526E-07,-2.344866E-06,-1.124881E+02,-1.412277E+00
+3.835449E+02,-1.750479E-06,+3.282893E-06,-1.085882E+02,+2.060659E+00
+3.837891E+02,+2.880693E-07,+3.808485E-06,-1.083602E+02,+1.495301E+00
+3.840332E+02,+5.145536E-06,-3.078977E-06,-1.044422E+02,-5.392261E-01
+3.842773E+02,-2.283269E-06,-4.040703E-06,-1.066674E+02,-2.085134E+00
+3.845215E+02,-7.319287E-06,+4.943192E-06,-1.010787E+02,+2.547592E+00
+3.847656E+02,+7.511808E-06,-8.697413E-06,-9.879189E+01,-8.584120E-01
+3.850098E+02,-5.721012E-06,+1.109381E-05,-9.807426E+01,+2.046920E+00
+3.852539E+02,+7.970937E-06,-2.273288E-06,-1.016302E+02,-2.778215E-01
+3.854980E+02,-7.936919E-06,-2.140564E-06,-1.017020E+02,-2.878163E+00
+3.857422E+02,+7.639672E-06,+1.270615E-06,-1.022200E+02,+1.648094E-01
+3.859863E+02,-2.889866E-06,-2.270174E-06,-1.086951E+02,-2.475717E+00
+3.862305E+02,-2.867656E-06,+3.423231E-07,-1.107880E+02,+3.022781E+00
+3.864746E+02,-7.987676E-07,-5.126718E-07,-1.204534E+02,-2.570983E+00
+3.867188E+02,+3.519207E-06,+3.080560E-06,-1.066006E+02,+7.190317E-01
+3.869629E+02,-5.293611E-06,-4.893238E-06,-1.028428E+02,-2.395477E+00
+3.872070E+02,+1.564438E-06,+4.429762E-06,-1.065619E+02,+1.231304E+00
+3.874512E+02,+5.818857E-06,-2.090523E-06,-1.041760E+02,-3.449064E-01
+3.876953E+02,-1.299931E-07,-4.894478E-06,-1.062028E+02,-1.597349E+00
+3.879395E+02,-5.336844E-06,+9.951831E-06,-9.894418E+01,+2.063035E+00
+3.881836E+02,-1.187810E-06,-5.068402E-06,-1.056704E+02,-1.800998E+00
+3.884277E+02,+2.598577E-06,-2.949241E-06,-1.081105E+02,-8.485217E-01
+3.886719E+02,-6.002937E-06,+2.366623E-06,-1.038053E+02,+2.766058E+00
+3.889160E+02,+1.332193E-05,+6.089153E-06,-9.668468E+01,+4.287239E-01
+3.891602E+02,-1.235551E-05,-6.134628E-06,-9.720580E+01,-2.680741E+00
+3.894043E+02,+1.090471E-05,+1.205052E-06,-9.919501E+01,+1.100610E-01
+3.896484E+02,-1.139454E-05,-1.414681E-06,-9.879963E+01,-3.018070E+00
+3.898926E+02,+6.763149E-06,+2.747951E-06,-1.027334E+02,+3.859362E-01
+3.901367E+02,-1.596003E-06,-4.749041E-06,-1.060032E+02,-1.895007E+00
+3.903809E+02,+2.310014E-06,+2.330775E-06,-1.096784E+02,+7.898716E-01
+3.906250E+02,-4.788501E-06,+3.229472E-06,-1.047678E+02,+2.548240E+00
+3.908691E+02,+2.027492E-07,-3.293337E-06,-1.096309E+02,-1.509310E+00
+3.911133E+02,+3.810792E-06,+1.160651E-06,-1.079944E+02,+2.956438E-01
+3.913574E+02,-3.814672E-07,-9.936741E-07,-1.194581E+02,-1.937343E+00
+3.916016E+02,-1.834549E-06,+3.776377E-06,-1.075383E+02,+2.023016E+00
+3.918457E+02,-1.138290E-06,-5.283770E-06,-1.053441E+02,-1.782985E+00
+3.920898E+02,+2.105813E-07,+4.736155E-06,-1.064829E+02,+1.526363E+00
+3.923340E+02,+1.532712E-06,-2.038554E-06,-1.118676E+02,-9.261044E-01
+3.925781E+02,+2.625250E-07,+1.828853E-06,-1.146678E+02,+1.428224E+00
+3.928223E+02,-7.198443E-07,-5.374438E-06,-1.053161E+02,-1.703942E+00
+3.930664E+02,+1.640039E-06,-4.114757E-07,-1.154378E+02,-2.458198E-01
+3.933105E+02,-3.043254E-06,+4.990481E-06,-1.046640E+02,+2.118399E+00
+3.935547E+02,+3.448456E-06,+3.823338E-07,-1.091944E+02,+1.104200E-01
+3.937988E+02,-7.435099E-06,+7.078671E-07,-1.025351E+02,+3.046673E+00
+3.940430E+02,+9.017325E-06,-6.584723E-06,-9.904236E+01,-6.307279E-01
+3.942871E+02,-6.325931E-06,+7.721615E-06,-1.000156E+02,+2.257165E+00
+3.945312E+02,+2.635422E-06,-2.635136E-06,-1.085732E+02,-7.853439E-01
+3.947754E+02,-3.937333E-06,-5.366097E-06,-1.035362E+02,-2.203811E+00
+3.950195E+02,+5.973432E-06,+6.389593E-06,-1.011629E+02,+8.190472E-01
+3.952637E+02,-8.456543E-07,+3.014989E-06,-1.100854E+02,+1.844253E+00
+3.955078E+02,-6.845592E-06,-5.379854E-06,-1.012030E+02,-2.475517E+00
+3.957520E+02,+5.097791E-06,-3.350718E-06,-1.042928E+02,-5.814816E-01
+3.959961E+02,+3.585516E-06,+7.845948E-06,-1.012834E+02,+1.142145E+00
+3.962402E+02,-7.426289E-06,-3.433490E-06,-1.017432E+02,-2.708522E+00
+3.964844E+02,+5.383059E-06,-7.039249E-07,-1.053058E+02,-1.300289E-01
+3.967285E+02,+1.820593E-06,+2.788530E-06,-1.095505E+02,+9.923948E-01
+3.969727E+02,-8.065188E-06,-2.415987E-06,-1.014945E+02,-2.850542E+00
+3.972168E+02,+6.766123E-06,+2.336337E-06,-1.029040E+02,+3.324809E-01
+3.974609E+02,-1.953633E-06,+1.678402E-06,-1.117824E+02,+2.431828E+00
+3.977051E+02,+2.330697E-06,-7.345977E-06,-1.022625E+02,-1.263567E+00
+3.979492E+02,-4.107647E-06,+7.801843E-06,-1.010935E+02,+2.055416E+00
+3.981934E+02,+1.915312E-06,-6.018653E-06,-1.039911E+02,-1.262700E+00
+3.984375E+02,-1.238266E-06,-4.766675E-07,-1.175436E+02,-2.774129E+00
+3.986816E+02,+2.459208E-06,+7.357495E-06,-1.022054E+02,+1.248225E+00
+3.989258E+02,-4.503481E-06,-9.391645E-06,-9.964633E+01,-2.017926E+00
+3.991699E+02,+7.689993E-06,+1.133478E-05,-9.726736E+01,+9.746858E-01
+3.994141E+02,-9.585594E-06,-1.049102E-05,-9.694767E+01,-2.311126E+00
+3.996582E+02,+4.738761E-06,+5.458434E-06,-1.028191E+02,+8.558569E-01
+3.999023E+02,+3.454107E-06,+8.105131E-07,-1.090005E+02,+2.304821E-01
+4.001465E+02,-1.299204E-06,+7.701373E-07,-1.164187E+02,+2.606502E+00
+4.003906E+02,-4.981257E-06,+3.272310E-07,-1.060345E+02,+3.075994E+00
+4.006348E+02,+3.739806E-06,-2.834945E-06,-1.065712E+02,-6.486306E-01
+4.008789E+02,+6.173024E-08,-4.507894E-06,-1.069197E+02,-1.557103E+00
+4.011230E+02,+6.013244E-07,+8.972580E-06,-1.009222E+02,+1.503878E+00
+4.013672E+02,-3.587983E-06,-7.381290E-06,-1.017162E+02,-2.023255E+00
+4.016113E+02,+4.467043E-06,+5.883708E-06,-1.026303E+02,+9.214189E-01
+4.018555E+02,-1.845908E-06,-8.975005E-07,-1.137542E+02,-2.689037E+00
+4.020996E+02,-1.190015E-08,-3.635196E-06,-1.087894E+02,-1.574070E+00
+4.023438E+02,+1.572366E-06,+2.522987E-06,-1.105366E+02,+1.013481E+00
+4.025879E+02,+5.603865E-07,+2.087986E-06,-1.133034E+02,+1.308589E+00
+4.028320E+02,-5.060610E-06,-2.116759E-07,-1.059084E+02,-3.099789E+00
+4.030762E+02,+5.927099E-06,-5.060007E-06,-1.021657E+02,-7.066423E-01
+4.033203E+02,-6.996839E-06,+2.438002E-06,-1.026043E+02,+2.806305E+00
+4.035645E+02,+7.731721E-06,+4.826503E-06,-1.008053E+02,+5.580576E-01
+4.038086E+02,-6.850347E-06,-7.484431E-06,-9.987399E+01,-2.311989E+00
+4.040527E+02,+5.526962E-06,+6.423144E-06,-1.014385E+02,+8.602517E-01
+4.042969E+02,+1.035357E-06,-2.552663E-06,-1.111987E+02,-1.185473E+00
+4.045410E+02,-3.139212E-06,+2.574313E-07,-1.100345E+02,+3.059771E+00
+4.047852E+02,+8.073224E-07,-4.225876E-06,-1.073260E+02,-1.382028E+00
+4.050293E+02,+1.018196E-06,+6.485001E-06,-1.036560E+02,+1.415060E+00
+4.052734E+02,+2.240777E-06,-3.673339E-06,-1.073249E+02,-1.023048E+00
+4.055176E+02,-2.015715E-06,-3.871563E-06,-1.072006E+02,-2.050824E+00
+4.057617E+02,-5.769260E-06,+7.526516E-06,-1.004608E+02,+2.224790E+00
+4.060059E+02,+4.752994E-06,-2.375112E-07,-1.064498E+02,-4.992933E-02
+4.062500E+02,-9.006372E-07,-7.452145E-06,-1.024914E+02,-1.691069E+00
+4.064941E+02,+3.316008E-06,+4.690454E-06,-1.048154E+02,+9.554082E-01
+4.067383E+02,-4.617014E-06,+1.146337E-06,-1.064530E+02,+2.898228E+00
+4.069824E+02,+3.213616E-06,-1.983013E-06,-1.084589E+02,-5.528736E-01
+4.072266E+02,+8.743139E-07,+3.771900E-06,-1.082415E+02,+1.343022E+00
+4.074707E+02,-4.446825E-06,-6.679383E-06,-1.019119E+02,-2.158167E+00
+4.077148E+02,+5.717142E-06,+2.532910E-06,-1.040781E+02,+4.170490E-01
+4.079590E+02,+4.262373E-07,+5.558067E-06,-1.050761E+02,+1.494258E+00
+4.082031E+02,-2.979344E-06,-3.709614E-06,-1.064517E+02,-2.247450E+00
+4.084473E+02,-4.893001E-06,-3.076313E-06,-1.047619E+02,-2.580325E+00
+4.086914E+02,+4.351481E-06,+2.876915E-06,-1.056524E+02,+5.841630E-01
+4.089355E+02,+8.249695E-07,-3.222300E-06,-1.095610E+02,-1.320161E+00
+4.091797E+02,+5.707857E-06,+3.329614E-06,-1.035986E+02,+5.280785E-01
+4.094238E+02,-7.791233E-06,+6.881329E-07,-1.021341E+02,+3.053500E+00
+4.096680E+02,+3.268641E-06,-2.874395E-06,-1.072248E+02,-7.213085E-01
+4.099121E+02,-1.876344E-06,-1.276846E-06,-1.128811E+02,-2.544076E+00
+4.101562E+02,-9.815830E-07,+1.011051E-06,-1.170208E+02,+2.341407E+00
+4.104004E+02,+2.642017E-06,+1.864688E-06,-1.098058E+02,+6.145959E-01
+4.106445E+02,-3.968211E-06,+2.957070E-06,-1.061099E+02,+2.501177E+00
+4.108887E+02,+5.814218E-06,-7.604518E-06,-1.003794E+02,-9.180328E-01
+4.111328E+02,-3.682530E-06,+2.976118E-06,-1.064940E+02,+2.461889E+00
+4.113770E+02,+1.450917E-06,-5.284635E-08,-1.167614E+02,-3.640664E-02
+4.116211E+02,+7.139352E-07,+4.240547E-06,-1.073302E+02,+1.404001E+00
+4.118652E+02,-2.355195E-06,-7.936740E-06,-1.016406E+02,-1.859265E+00
+4.121094E+02,+5.857052E-06,+3.768364E-06,-1.031421E+02,+5.717139E-01
+4.123535E+02,-9.124379E-06,-1.047380E-06,-1.007391E+02,-3.027304E+00
+4.125977E+02,+5.949282E-06,+7.036616E-06,-1.007105E+02,+8.689352E-01
+4.128418E+02,-1.507119E-06,-9.000863E-06,-1.007942E+02,-1.736699E+00
+4.130859E+02,+2.182021E-06,+2.693271E-06,-1.092028E+02,+8.898820E-01
+4.133301E+02,-1.136111E-05,+1.748480E-06,-9.878992E+01,+2.988890E+00
+4.135742E+02,+1.299067E-05,-5.410717E-06,-9.703262E+01,-3.946559E-01
+4.138184E+02,+2.281113E-06,+4.304054E-06,-1.062473E+02,+1.083444E+00
+4.140625E+02,-1.053007E-05,+4.187380E-06,-9.891380E+01,+2.763106E+00
+4.143066E+02,+5.200273E-06,-1.011121E-05,-9.888470E+01,-1.095768E+00
+4.145508E+02,-3.225630E-06,+9.083407E-06,-1.003192E+02,+1.912018E+00
+4.147949E+02,+9.689633E-06,-6.527235E-06,-9.864887E+01,-5.928084E-01
+4.150391E+02,-1.038136E-05,+2.357212E-06,-9.945659E+01,+2.918317E+00
+4.152832E+02,+5.276620E-06,+2.524362E-06,-1.046578E+02,+4.462229E-01
+4.155273E+02,-2.013401E-06,-5.748180E-06,-1.043068E+02,-1.907709E+00
+4.157715E+02,-8.720473E-07,+8.044724E-06,-1.018391E+02,+1.678775E+00
+4.160156E+02,+8.816126E-07,-8.959079E-06,-1.009129E+02,-1.472708E+00
+4.162598E+02,-1.855872E-06,+6.899473E-06,-1.029203E+02,+1.833564E+00
+4.165039E+02,+3.372296E-06,-5.539828E-06,-1.037611E+02,-1.023978E+00
+4.167480E+02,-5.729668E-06,+4.508714E-06,-1.027443E+02,+2.474887E+00
+4.169922E+02,+6.466497E-06,-4.746706E-06,-1.019147E+02,-6.332121E-01
+4.172363E+02,-4.902973E-06,+2.112966E-06,-1.054510E+02,+2.734688E+00
+4.174805E+02,+2.052352E-06,+4.732946E-07,-1.135299E+02,+2.266485E-01
+4.177246E+02,+5.104811E-07,+3.085734E-06,-1.100956E+02,+1.406849E+00
+4.179688E+02,-2.718233E-06,-5.829756E-06,-1.038326E+02,-2.007097E+00
+4.182129E+02,+6.463802E-06,+4.565510E-06,-1.020325E+02,+6.149547E-01
+4.184570E+02,-7.994227E-06,-6.964579E-07,-1.019116E+02,-3.054692E+00
+4.187012E+02,+1.056424E-06,+5.896612E-07,-1.183454E+02,+5.090920E-01
+4.189453E+02,+5.142757E-06,-3.038789E-06,-1.044755E+02,-5.336919E-01
+4.191895E+02,-3.704579E-06,-1.922305E-06,-1.075897E+02,-2.662940E+00
+4.194336E+02,+2.608543E-07,+3.080939E-06,-1.101953E+02,+1.486331E+00
+4.196777E+02,-8.786191E-07,-3.925622E-06,-1.079095E+02,-1.790984E+00
+4.199219E+02,-1.243457E-06,+5.505135E-06,-1.049685E+02,+1.792941E+00
+4.201660E+02,+7.572264E-06,-4.217227E-06,-1.012422E+02,-5.081488E-01
+4.204102E+02,-8.704972E-06,+6.798902E-06,-9.913634E+01,+2.478522E+00
+4.206543E+02,+2.860401E-06,-4.911036E-06,-1.049080E+02,-1.043386E+00
+4.208984E+02,-8.821230E-07,+1.932041E-07,-1.208859E+02,+2.925976E+00
+4.211426E+02,-1.239041E-07,-6.376465E-07,-1.237474E+02,-1.762719E+00
+4.213867E+02,+2.090861E-06,+1.145254E-06,-1.124540E+02,+5.011086E-01
+4.216309E+02,+6.774719E-06,+9.867279E-08,-1.033813E+02,+1.456382E-02
+4.218750E+02,-1.079777E-05,+2.351275E-06,-9.913212E+01,+2.927184E+00
+4.221191E+02,+2.314268E-06,-5.383575E-06,-1.046422E+02,-1.164803E+00
+4.223633E+02,+1.473234E-06,+2.652997E-06,-1.103580E+02,+1.063886E+00
+4.226074E+02,-7.004085E-06,+3.433213E-06,-1.021578E+02,+2.685838E+00
+4.228516E+02,+6.630851E-06,-5.062353E-06,-1.015742E+02,-6.520565E-01
+4.230957E+02,+1.786147E-06,+9.669908E-07,-1.138454E+02,+4.962039E-01
+4.233398E+02,-1.510485E-06,+4.076639E-06,-1.072353E+02,+1.925635E+00
+4.235840E+02,-5.151704E-06,-6.529541E-06,-1.016005E+02,-2.238784E+00
+4.238281E+02,-4.550736E-07,+3.309756E-06,-1.095227E+02,+1.707434E+00
+4.240723E+02,+5.493386E-06,-1.059459E-06,-1.050446E+02,-1.905216E-01
+4.243164E+02,-5.023744E-07,+2.611586E-06,-1.115041E+02,+1.760839E+00
+4.245605E+02,+1.584915E-06,+2.144893E-06,-1.114798E+02,+9.344210E-01
+4.248047E+02,-3.683613E-06,-3.297911E-06,-1.061181E+02,-2.411384E+00
+4.250488E+02,+3.652869E-06,+4.215655E-06,-1.050703E+02,+8.568003E-01
+4.252930E+02,-4.937368E-06,-6.035941E-06,-1.021602E+02,-2.256414E+00
+4.255371E+02,+1.815070E-06,-1.111953E-07,-1.148059E+02,-6.118577E-02
+4.257812E+02,+3.077904E-06,+9.366468E-07,-1.098503E+02,+2.954091E-01
+4.260254E+02,-5.674769E-06,+6.749394E-06,-1.010926E+02,+2.269915E+00
+4.262695E+02,+8.492083E-07,-6.739759E-06,-1.033587E+02,-1.445457E+00
+4.265137E+02,+3.286796E-06,-3.448931E-07,-1.096170E+02,-1.045503E-01
+4.267578E+02,-3.984516E-06,+1.853281E-06,-1.071420E+02,+2.706236E+00
+4.270020E+02,+7.331795E-06,+5.344135E-07,-1.026728E+02,+7.276117E-02
+4.272461E+02,-5.049123E-06,+8.040581E-06,-1.004506E+02,+2.131518E+00
+4.274902E+02,-9.793466E-07,-1.256090E-05,-9.799327E+01,-1.648607E+00
+4.277344E+02,+2.654969E-06,+4.570062E-06,-1.055386E+02,+1.044503E+00
+4.279785E+02,-5.813210E-06,-1.079050E-06,-1.045646E+02,-2.958061E+00
+4.282227E+02,+8.262857E-06,-1.500716E-06,-1.015164E+02,-1.796635E-01
+4.284668E+02,-6.800003E-06,+7.325575E-06,-1.000042E+02,+2.319005E+00
+4.287109E+02,+5.488428E-06,-4.995280E-06,-1.025904E+02,-7.383933E-01
+4.289551E+02,-2.060826E-06,-7.646910E-06,-1.020258E+02,-1.834040E+00
+4.291992E+02,+1.777628E-06,+1.777964E-05,-9.495834E+01,+1.471146E+00
+4.294434E+02,-6.423896E-06,-9.851447E-06,-9.859123E+01,-2.148630E+00
+4.296875E+02,+9.510440E-06,-2.337973E-07,-1.004334E+02,-2.457828E-02
+4.299316E+02,-7.846070E-06,-2.096575E-06,-1.018074E+02,-2.880480E+00
+4.301758E+02,+1.915289E-06,+8.151478E-06,-1.015419E+02,+1.340020E+00
+4.304199E+02,+6.772372E-06,-6.520012E-06,-1.005367E+02,-7.664152E-01
+4.306641E+02,-1.089204E-05,+2.271261E-06,-9.907296E+01,+2.936014E+00
+4.309082E+02,+5.895803E-06,-2.115581E-06,-1.040631E+02,-3.445179E-01
+4.311523E+02,-2.307399E-06,-6.006455E-07,-1.124528E+02,-2.886932E+00
+4.313965E+02,-2.154718E-06,+3.949294E-06,-1.069380E+02,+2.070252E+00
+4.316406E+02,+4.918953E-06,-1.470525E-06,-1.057908E+02,-2.904939E-01
+4.318848E+02,-1.512755E-06,-1.593936E-06,-1.131614E+02,-2.330070E+00
+4.321289E+02,+3.929126E-06,+2.199509E-06,-1.069302E+02,+5.103331E-01
+4.323730E+02,-3.771861E-06,+5.468727E-07,-1.083785E+02,+2.997608E+00
+4.326172E+02,+4.230552E-07,+5.860296E-07,-1.228199E+02,+9.455226E-01
+4.328613E+02,-1.387746E-06,+3.470029E-06,-1.085490E+02,+1.951237E+00
+4.331055E+02,-1.291322E-06,-6.603340E-06,-1.034417E+02,-1.763915E+00
+4.333496E+02,+1.822421E-06,+1.476019E-06,-1.125965E+02,+6.807618E-01
+4.335938E+02,+3.744970E-06,-2.285347E-06,-1.071562E+02,-5.479181E-01
+4.338379E+02,-1.054137E-06,+4.870808E-06,-1.060492E+02,+1.783929E+00
+4.340820E+02,-4.904663E-06,-6.349748E-06,-1.019128E+02,-2.228492E+00
+4.343262E+02,+3.870750E-06,+6.900231E-06,-1.020345E+02,+1.059578E+00
+4.345703E+02,-4.862499E-06,+1.986869E-06,-1.055922E+02,+2.753685E+00
+4.348145E+02,+1.382119E-05,-8.613712E-06,-9.576392E+01,-5.573219E-01
+4.350586E+02,-1.367129E-05,+3.199150E-06,-9.705228E+01,+2.911724E+00
+4.353027E+02,+5.358764E-06,+6.591088E-07,-1.053535E+02,+1.223818E-01
+4.355469E+02,-1.120738E-06,+2.076412E-06,-1.125434E+02,+2.065734E+00
+4.357910E+02,+9.166631E-07,-3.983633E-06,-1.077703E+02,-1.344626E+00
+4.360352E+02,+7.747536E-07,+4.313089E-06,-1.071663E+02,+1.393063E+00
+4.362793E+02,-1.266377E-06,-8.575682E-07,-1.163094E+02,-2.546345E+00
+4.365234E+02,+3.266950E-06,-3.203200E-06,-1.067916E+02,-7.755455E-01
+4.367676E+02,-4.925620E-06,+2.691343E-06,-1.050162E+02,+2.641520E+00
+4.370117E+02,+3.343667E-06,+2.657370E-06,-1.073893E+02,+6.715299E-01
+4.372559E+02,+1.001079E-06,-6.345363E-06,-1.038441E+02,-1.414321E+00
+4.375000E+02,-6.636360E-06,+2.070419E-06,-1.031580E+02,+2.839181E+00
+4.377441E+02,+1.158997E-05,+1.836304E-06,-9.861068E+01,+1.571330E-01
+4.379883E+02,-6.914299E-06,+1.778279E-06,-1.029269E+02,+2.889860E+00
+4.382324E+02,-1.167246E-06,-8.719534E-06,-1.011130E+02,-1.703871E+00
+4.384766E+02,-2.427420E-06,+9.010754E-06,-1.006005E+02,+1.833941E+00
+4.387207E+02,+4.433823E-06,-8.388581E-06,-1.004563E+02,-1.084567E+00
+4.389648E+02,+5.272869E-06,+1.035915E-05,-9.869296E+01,+1.099970E+00
+4.392090E+02,-6.563966E-06,-7.342789E-06,-1.001322E+02,-2.300250E+00
+4.394531E+02,+2.538849E-06,+6.179513E-06,-1.035035E+02,+1.180972E+00
+4.396973E+02,-3.477229E-06,-7.658212E-06,-1.015034E+02,-1.997015E+00
+4.399414E+02,+3.053602E-06,+8.965421E-06,-1.004719E+02,+1.242522E+00
+4.401855E+02,-2.090120E-07,-8.467653E-06,-1.014421E+02,-1.595475E+00
+4.404297E+02,-1.694358E-06,-1.574807E-06,-1.127158E+02,-2.392747E+00
+4.406738E+02,+4.456234E-06,+8.236174E-06,-1.005704E+02,+1.074846E+00
+4.409180E+02,-4.507383E-06,-6.742267E-06,-1.018194E+02,-2.160085E+00
+4.411621E+02,+2.670292E-06,+1.900578E-06,-1.096889E+02,+6.185677E-01
+4.414062E+02,-4.238399E-06,+5.187167E-06,-1.034804E+02,+2.255873E+00
+4.416504E+02,+6.489268E-06,-1.040805E-05,-9.822643E+01,-1.013287E+00
+4.418945E+02,-4.601906E-06,+9.391536E-06,-9.961068E+01,+2.026417E+00
+4.421387E+02,+4.898463E-06,-7.906841E-06,-1.006292E+02,-1.016146E+00
+4.423828E+02,-5.485016E-06,+7.538101E-06,-1.006094E+02,+2.199832E+00
+4.426270E+02,+3.107560E-06,-5.432001E-06,-1.040712E+02,-1.051156E+00
+4.428711E+02,-1.185377E-06,+4.203204E-06,-1.071960E+02,+1.845675E+00
+4.431152E+02,-2.238773E-06,-4.320160E-06,-1.062569E+02,-2.048910E+00
+4.433594E+02,+4.938855E-06,+7.574811E-06,-1.008741E+02,+9.930091E-01
+4.436035E+02,-5.329475E-06,-1.314460E-05,-9.696407E+01,-1.955992E+00
+4.438477E+02,+4.950582E-06,+1.298161E-05,-9.714375E+01,+1.206467E+00
+4.440918E+02,+2.230425E-06,-4.266164E-06,-1.063498E+02,-1.089062E+00
+4.443359E+02,-7.160003E-06,-1.000857E-07,-1.029009E+02,-3.127615E+00
+4.445801E+02,+6.134321E-06,-3.264126E-06,-1.031619E+02,-4.890035E-01
+4.448242E+02,+1.492103E-06,-1.300302E-06,-1.140703E+02,-7.168191E-01
+4.450684E+02,-7.461763E-06,+5.023642E-06,-1.009197E+02,+2.549045E+00
+4.453125E+02,+6.903927E-06,-3.593590E-06,-1.021768E+02,-4.799238E-01
+4.455566E+02,-3.124586E-06,-3.286973E-06,-1.068682E+02,-2.330873E+00
+4.458008E+02,+1.217664E-06,+6.055922E-06,-1.041843E+02,+1.372372E+00
+4.460449E+02,+2.615727E-06,-7.487668E-06,-1.020130E+02,-1.234711E+00
+4.462891E+02,-7.764063E-06,+2.835354E-06,-1.016545E+02,+2.791451E+00
+4.465332E+02,+5.427758E-06,+1.255402E-06,-1.050813E+02,+2.272960E-01
+4.467773E+02,-2.590445E-06,+7.410640E-07,-1.113909E+02,+2.862959E+00
+4.470215E+02,-3.304279E-06,-1.197349E-06,-1.090827E+02,-2.793947E+00
+4.472656E+02,+4.732427E-06,-3.482768E-06,-1.046186E+02,-6.344398E-01
+4.475098E+02,-3.796263E-06,+3.138641E-06,-1.061506E+02,+2.450740E+00
+4.477539E+02,+3.202036E-06,-2.902158E-06,-1.072873E+02,-7.363110E-01
+4.479980E+02,-5.689555E-06,+4.272329E-06,-1.029565E+02,+2.497511E+00
+4.482422E+02,+5.860833E-06,-1.656170E-06,-1.043072E+02,-2.754020E-01
+4.484863E+02,-4.223849E-07,+3.284420E-06,-1.095996E+02,+1.698697E+00
+4.487305E+02,-5.208181E-06,-8.780429E-06,-9.982044E+01,-2.106170E+00
+4.489746E+02,+6.184714E-06,+9.731006E-06,-9.876334E+01,+1.004634E+00
+4.492188E+02,-8.181835E-06,-3.638483E-06,-1.009593E+02,-2.723153E+00
+4.494629E+02,+7.419696E-06,-5.218496E-06,-1.008468E+02,-6.129575E-01
+4.497070E+02,-8.079144E-06,+4.431218E-06,-1.007105E+02,+2.639920E+00
+4.499512E+02,+7.435490E-06,+7.492124E-06,-9.953043E+01,+7.891921E-01
+4.501953E+02,-9.311967E-07,-5.415086E-06,-1.052013E+02,-1.741094E+00
+4.504395E+02,-2.831189E-06,-4.086928E-06,-1.060698E+02,-2.176635E+00
+4.506836E+02,+5.686667E-07,+6.506775E-06,-1.036996E+02,+1.483622E+00
+4.509277E+02,+4.457893E-06,-7.917213E-06,-1.008326E+02,-1.057979E+00
+4.511719E+02,-5.351051E-06,+3.754602E-06,-1.036926E+02,+2.529756E+00
+4.514160E+02,+6.924658E-07,+4.100139E-06,-1.076219E+02,+1.403487E+00
+4.516602E+02,-1.598860E-06,-6.838297E-06,-1.030699E+02,-1.800480E+00
+4.519043E+02,+1.094095E-06,+6.574221E-06,-1.035245E+02,+1.405886E+00
+4.521484E+02,+3.844418E-07,-6.525893E-06,-1.036922E+02,-1.511954E+00
+4.523926E+02,+1.266793E-07,+1.982654E-06,-1.140374E+02,+1.506989E+00
+4.526367E+02,+1.594166E-06,+5.403377E-08,-1.159443E+02,+3.388172E-02
+4.528809E+02,-4.605429E-06,+4.277311E-06,-1.040334E+02,+2.393116E+00
+4.531250E+02,+6.557560E-06,-5.542980E-06,-1.013238E+02,-7.017480E-01
+4.533691E+02,-8.427999E-06,+4.412024E-06,-1.004337E+02,+2.659325E+00
+4.536133E+02,+6.560228E-06,-7.409682E-07,-1.036066E+02,-1.124719E-01
+4.538574E+02,-9.213795E-06,+1.812460E-06,-1.005463E+02,+2.947361E+00
+4.541016E+02,+1.143822E-05,+1.365328E-06,-9.877139E+01,+1.188033E-01
+4.543457E+02,-3.242969E-06,-4.629512E-06,-1.049554E+02,-2.181857E+00
+4.545898E+02,-5.951961E-06,-2.123353E-06,-1.039865E+02,-2.798918E+00
+4.548340E+02,+1.028617E-05,+8.550060E-06,-9.747369E+01,+6.934894E-01
+4.550781E+02,-4.155643E-06,+1.678174E-06,-1.069711E+02,+2.757789E+00
+4.553223E+02,+5.908193E-08,-9.718529E-06,-1.002478E+02,-1.564717E+00
+4.555664E+02,-2.116242E-06,+1.764373E-06,-1.111967E+02,+2.446621E+00
+4.558105E+02,-1.585601E-06,-1.674764E-06,-1.127417E+02,-2.328854E+00
+4.560547E+02,+2.429689E-06,+4.522276E-06,-1.057915E+02,+1.077778E+00
+4.562988E+02,+3.744384E-06,-6.611911E-06,-1.023854E+02,-1.055518E+00
+4.565430E+02,-8.820073E-06,+4.933675E-06,-9.990826E+01,+2.631585E+00
+4.567871E+02,+2.736848E-06,-9.595753E-07,-1.107515E+02,-3.372211E-01
+4.570312E+02,+7.176156E-06,+4.399223E-06,-1.014966E+02,+5.499477E-01
+4.572754E+02,-1.255662E-05,+5.899961E-07,-9.801296E+01,+3.094640E+00
+4.575195E+02,+7.235061E-06,-3.751698E-06,-1.017769E+02,-4.783725E-01
+4.577637E+02,+4.261632E-06,+1.412117E-06,-1.069560E+02,+3.199699E-01
+4.580078E+02,-5.354982E-06,-9.330555E-07,-1.052950E+02,-2.969084E+00
+4.582520E+02,+3.995713E-06,-3.787730E-06,-1.051838E+02,-7.586833E-01
+4.584961E+02,-6.675132E-06,+4.896523E-06,-1.016410E+02,+2.508705E+00
+4.587402E+02,+1.574604E-06,+2.984223E-06,-1.094367E+02,+1.085280E+00
+4.589844E+02,+6.984536E-06,-3.720658E-06,-1.020324E+02,-4.894636E-01
+4.592285E+02,-3.920014E-06,+6.278590E-07,-1.080242E+02,+2.982774E+00
+4.594727E+02,-6.501565E-06,-1.053440E-05,-9.814617E+01,-2.123749E+00
+4.597168E+02,-9.342945E-07,+1.287808E-05,-9.778018E+01,+1.643219E+00
+4.599609E+02,+1.172708E-05,+5.021182E-06,-9.788515E+01,+4.045525E-01
+4.602051E+02,-1.365707E-07,-8.164152E-06,-1.017606E+02,-1.587523E+00
+4.604492E+02,-1.525209E-05,-2.565766E-06,-9.621222E+01,-2.974929E+00
+4.606934E+02,+1.417606E-05,+4.756309E-06,-9.650560E+01,+3.237145E-01
+4.609375E+02,-8.013683E-06,-3.486460E-07,-1.019151E+02,-3.098114E+00
+4.611816E+02,+2.053012E-06,+6.240602E-07,-1.133684E+02,+2.950977E-01
+4.614258E+02,+1.463969E-06,+3.077827E-06,-1.093493E+02,+1.126818E+00
+4.616699E+02,+4.645606E-06,-2.170966E-06,-1.058013E+02,-4.371603E-01
+4.619141E+02,-4.169099E-06,-9.232375E-06,-9.988776E+01,-1.994958E+00
+4.621582E+02,-1.987965E-06,+1.249701E-05,-9.795534E+01,+1.728550E+00
+4.624023E+02,+9.396598E-07,-6.872678E-06,-1.031770E+02,-1.434915E+00
+4.626465E+02,+1.494871E-06,+3.081477E-06,-1.093070E+02,+1.119128E+00
+4.628906E+02,-2.225351E-06,+2.165284E-06,-1.101589E+02,+2.369874E+00
+4.631348E+02,+2.582721E-06,-5.786104E-06,-1.039632E+02,-1.150968E+00
+4.633789E+02,-4.628648E-07,+1.493797E-06,-1.161160E+02,+1.871272E+00
+4.636230E+02,+1.419043E-06,+3.122937E-06,-1.092936E+02,+1.144295E+00
+4.638672E+02,+3.971714E-07,+1.222674E-06,-1.178181E+02,+1.256711E+00
+4.641113E+02,-5.144862E-06,-2.097263E-06,-1.051049E+02,-2.754516E+00
+4.643555E+02,+1.563305E-06,-3.202721E-07,-1.159406E+02,-2.020725E-01
+4.645996E+02,+3.106943E-07,-2.087045E-06,-1.135142E+02,-1.423014E+00
+4.648438E+02,-2.257930E-07,+6.110524E-06,-1.042725E+02,+1.607731E+00
+4.650879E+02,+1.417467E-07,-1.919228E-06,-1.143138E+02,-1.497074E+00
+4.653320E+02,-5.025628E-06,+2.060084E-06,-1.053017E+02,+2.752568E+00
+4.655762E+02,+6.887290E-06,+6.951875E-07,-1.031950E+02,+1.005970E-01
+4.658203E+02,-5.698811E-07,+8.614107E-06,-1.012768E+02,+1.636857E+00
+4.660645E+02,+1.178833E-05,-2.242195E-06,-9.841661E+01,-1.879595E-01
+4.663086E+02,+2.049515E-06,-1.177241E-05,-9.845302E+01,-1.398429E+00
+4.665527E+02,-1.020211E-05,+1.558324E-06,-9.972604E+01,+2.990019E+00
+4.667969E+02,+5.255019E-06,-4.394632E-06,-1.032857E+02,-6.964708E-01
+4.670410E+02,-6.062332E-06,-1.914682E-06,-1.039343E+02,-2.835675E+00
+4.672852E+02,+5.787573E-06,+8.237996E-06,-9.994131E+01,+9.583635E-01
+4.675293E+02,-5.855092E-06,-5.544994E-06,-1.018689E+02,-2.383389E+00
+4.677734E+02,-1.853168E-07,+1.106185E-06,-1.190032E+02,+1.736783E+00
+4.680176E+02,+1.722634E-07,-3.166504E-06,-1.099756E+02,-1.516448E+00
+4.682617E+02,+1.384530E-06,+1.044672E-05,-9.954478E+01,+1.439032E+00
+4.685059E+02,+1.443739E-06,-9.151922E-06,-1.006630E+02,-1.414333E+00
+4.687500E+02,+4.912037E-07,+3.561061E-06,-1.088866E+02,+1.433724E+00
+4.689941E+02,-1.606705E-06,-2.571140E-06,-1.103658E+02,-2.129323E+00
+4.692383E+02,-3.155639E-06,+3.756779E-06,-1.061850E+02,+2.269447E+00
+4.694824E+02,+3.558372E-06,-3.573634E-06,-1.059460E+02,-7.875381E-01
+4.697266E+02,+1.608306E-06,+7.164380E-06,-1.026829E+02,+1.349971E+00
+4.699707E+02,-1.123152E-06,-1.058856E-05,-9.945467E+01,-1.676473E+00
+4.702148E+02,-1.306167E-06,+8.507828E-06,-1.013025E+02,+1.723132E+00
+4.704590E+02,+2.223210E-06,-6.254465E-06,-1.035595E+02,-1.229266E+00
+4.707031E+02,-1.665684E-07,-1.095759E-07,-1.340064E+02,-2.559723E+00
+4.709473E+02,-2.124323E-06,-1.476550E-06,-1.117438E+02,-2.534184E+00
+4.711914E+02,+2.152437E-06,+7.524594E-07,-1.128407E+02,+3.363049E-01
+4.714355E+02,-1.875783E-06,-2.304629E-06,-1.105405E+02,-2.253968E+00
+4.716797E+02,-2.356175E-06,+1.021902E-06,-1.118073E+02,+2.732366E+00
+4.719238E+02,-1.870994E-06,+1.699904E-06,-1.119448E+02,+2.404070E+00
+4.721680E+02,+2.007537E-06,+4.263225E-06,-1.065354E+02,+1.130702E+00
+4.724121E+02,-4.307667E-06,+1.081230E-07,-1.073124E+02,+3.116498E+00
+4.726562E+02,+9.006940E-06,-2.949958E-06,-1.004659E+02,-3.165100E-01
+4.729004E+02,-9.054113E-06,+1.370223E-06,-1.007647E+02,+2.991395E+00
+4.731445E+02,+6.803991E-06,-1.727282E-07,-1.033419E+02,-2.538086E-02
+4.733887E+02,+4.822570E-06,+8.854203E-06,-9.992875E+01,+1.072059E+00
+4.736328E+02,-5.785459E-06,-8.872544E-06,-9.950032E+01,-2.148621E+00
+4.738770E+02,+3.218616E-06,+4.309464E-07,-1.097694E+02,+1.331003E-01
+4.741211E+02,-2.158788E-06,-7.300987E-06,-1.023684E+02,-1.858289E+00
+4.743652E+02,-5.426879E-06,+7.527433E-06,-1.006493E+02,+2.195443E+00
+4.746094E+02,+3.071991E-06,-7.319982E-07,-1.100118E+02,-2.339193E-01
+4.748535E+02,+1.516539E-06,+2.529777E-06,-1.106050E+02,+1.030763E+00
+4.750977E+02,+3.961275E-06,-1.392098E-06,-1.075376E+02,-3.379453E-01
+4.753418E+02,-4.499935E-06,-1.749043E-06,-1.063248E+02,-2.770881E+00
+4.755859E+02,-9.808466E-07,+3.164847E-06,-1.095946E+02,+1.871328E+00
+4.758301E+02,+1.074799E-05,-5.176853E-06,-9.846737E+01,-4.488664E-01
+4.760742E+02,-8.804173E-06,+6.737186E-06,-9.910437E+01,+2.488418E+00
+4.763184E+02,+2.003954E-06,-4.256303E-06,-1.065498E+02,-1.130764E+00
+4.765625E+02,+5.586351E-07,+2.647479E-06,-1.113542E+02,+1.362840E+00
+4.768066E+02,+1.284219E-07,-3.584238E-06,-1.089065E+02,-1.534982E+00
+4.770508E+02,-2.124992E-07,+7.567283E-06,-1.024178E+02,+1.598870E+00
+4.772949E+02,+1.605650E-06,-4.103382E-06,-1.071184E+02,-1.197813E+00
+4.775391E+02,+9.876625E-06,-2.100600E-06,-9.991570E+01,-2.095614E-01
+4.777832E+02,-7.724332E-06,-1.232274E-06,-1.021336E+02,-2.983394E+00
+4.780273E+02,+1.624800E-05,+1.777495E-06,-9.573234E+01,+1.089645E-01
+4.782715E+02,-1.112075E-05,-6.642787E-06,-9.775214E+01,-2.603137E+00
+4.785156E+02,+1.244804E-05,-3.823825E-06,-9.770637E+01,-2.980334E-01
+4.787598E+02,-8.906691E-07,-1.609069E-05,-9.585522E+01,-1.626093E+00
+4.790039E+02,+6.077648E-06,-4.417005E-06,-1.024835E+02,-6.284622E-01
+4.792480E+02,-1.979742E-05,-1.989969E-05,-9.103510E+01,-2.353618E+00
+4.794922E+02,-1.138740E-05,-1.333998E-05,-9.511974E+01,-2.277394E+00
+4.797363E+02,-2.976887E-05,-2.492063E-06,-9.049442E+01,-3.058074E+00
+4.799805E+02,-3.702503E-05,+7.845962E-06,-8.843932E+01,+2.932772E+00
+4.802246E+02,-3.377211E-05,+3.027788E-05,-8.686700E+01,+2.410695E+00
+4.804688E+02,-1.332128E-05,+6.054854E-05,-8.415264E+01,+1.787356E+00
+4.807129E+02,+2.912734E-05,+6.245303E-05,-8.323418E+01,+1.134398E+00
+4.809570E+02,+7.683763E-05,+4.205479E-05,-8.115056E+01,+5.007836E-01
+4.812012E+02,+8.702536E-05,-2.924789E-05,-8.074232E+01,-3.242247E-01
+4.814453E+02,+4.629071E-05,-9.224660E-05,-7.972558E+01,-1.105698E+00
+4.816895E+02,-4.693101E-05,-8.541273E-05,-8.022374E+01,-2.073226E+00
+4.819336E+02,-8.997062E-05,-3.131951E-06,-8.091272E+01,-3.106796E+00
+4.821777E+02,-4.950308E-05,+5.318313E-05,-8.277449E+01,+2.320372E+00
+4.824219E+02,+3.724689E-05,+8.289128E-05,-8.083110E+01,+1.148486E+00
+4.826660E+02,+1.035624E-04,-5.809142E-05,-7.850787E+01,-5.111973E-01
+4.829102E+02,-1.227299E-04,-3.762301E-05,-7.783092E+01,-2.844136E+00
+4.831543E+02,+7.091915E-05,+2.949694E-05,-8.229178E+01,+3.941577E-01
+4.833984E+02,-2.630242E-05,+1.187146E-05,-9.079486E+01,+2.717621E+00
+4.836426E+02,-2.517704E-06,-8.607622E-06,-1.009458E+02,-1.855356E+00
+4.838867E+02,-3.310206E-07,+4.926208E-06,-1.061302E+02,+1.637891E+00
+4.841309E+02,+1.211618E-05,+7.521467E-07,-9.831598E+01,+6.199830E-02
+4.843750E+02,+1.051029E-05,-1.713218E-06,-9.945382E+01,-1.615827E-01
+4.846191E+02,+6.632594E-06,-2.580508E-06,-1.029542E+02,-3.710440E-01
+4.848633E+02,-3.021210E-06,-1.737793E-05,-9.507072E+01,-1.742929E+00
+4.851074E+02,-1.410457E-05,-1.482974E-05,-9.377931E+01,-2.331137E+00
+4.853516E+02,-1.777347E-05,+2.361127E-05,-9.058792E+01,+2.216058E+00
+4.855957E+02,+2.891752E-05,-5.639646E-06,-9.061466E+01,-1.926076E-01
+4.858398E+02,-1.087233E-05,-1.568495E-05,-9.438630E+01,-2.176923E+00
+4.860840E+02,-1.093452E-05,+8.340881E-08,-9.922375E+01,+3.133965E+00
+4.863281E+02,-1.613619E-05,+1.404204E-06,-9.581122E+01,+3.054789E+00
+4.865723E+02,+1.584831E-06,+1.759666E-05,-9.505630E+01,+1.480974E+00
+4.868164E+02,+6.668901E-06,+2.736967E-06,-1.028429E+02,+3.894460E-01
+4.870605E+02,+1.539396E-05,-1.056680E-05,-9.457634E+01,-6.015570E-01
+4.873047E+02,-2.542213E-05,+6.413355E-06,-9.162781E+01,+2.894475E+00
+4.875488E+02,+1.144950E-05,-1.363972E-06,-9.876306E+01,-1.185706E-01
+4.877930E+02,-1.269643E-06,+6.816507E-06,-1.031806E+02,+1.754946E+00
+4.880371E+02,+6.663004E-07,-5.069909E-06,-1.058256E+02,-1.440123E+00
+4.882812E+02,-3.498481E-06,+1.284986E-06,-1.085728E+02,+2.789591E+00
+4.885254E+02,-3.394210E-07,-2.465014E-06,-1.120820E+02,-1.707631E+00
+4.887695E+02,-2.700976E-06,+3.080734E-06,-1.077505E+02,+2.290606E+00
+4.890137E+02,+1.853220E-06,+6.857035E-06,-1.029711E+02,+1.306837E+00
+4.892578E+02,-8.937348E-07,-3.461087E-06,-1.089354E+02,-1.823500E+00
+4.895020E+02,+1.027330E-05,+4.262525E-06,-9.907596E+01,+3.932959E-01
+4.897461E+02,-4.322267E-06,-5.913532E-06,-1.027042E+02,-2.201968E+00
+4.899902E+02,-4.067391E-06,+1.885456E-06,-1.069683E+02,+2.707525E+00
+4.902344E+02,-9.188570E-07,+7.527374E-07,-1.185050E+02,+2.455247E+00
+4.904785E+02,+9.739872E-06,-1.184991E-06,-1.001651E+02,-1.210689E-01
+4.907227E+02,-1.211266E-05,+5.513646E-07,-9.832623E+01,+3.096104E+00
+4.909668E+02,-1.784059E-06,-1.715397E-07,-1.149319E+02,-3.045736E+00
+4.912109E+02,+1.172526E-05,+4.120299E-06,-9.811188E+01,+3.379248E-01
+4.914551E+02,-1.085860E-05,-7.392719E-06,-9.763055E+01,-2.543858E+00
+4.916992E+02,+3.529144E-06,+7.891326E-06,-1.012652E+02,+1.150258E+00
+4.919434E+02,+5.892593E-06,+5.206751E-06,-1.020878E+02,+7.236854E-01
+4.921875E+02,-9.895251E-06,-1.030331E-05,-9.690212E+01,-2.335995E+00
+4.924316E+02,+2.366946E-06,+8.430135E-06,-1.011538E+02,+1.297072E+00
+4.926758E+02,-2.166068E-06,-1.056540E-05,-9.934348E+01,-1.773009E+00
+4.929199E+02,+5.570613E-06,+9.897602E-06,-9.889430E+01,+1.058160E+00
+4.931641E+02,-3.147531E-06,-1.083860E-06,-1.095539E+02,-2.809958E+00
+4.934082E+02,-3.526980E-06,-2.007006E-06,-1.078337E+02,-2.624246E+00
+4.936523E+02,+5.493803E-06,+6.041219E-06,-1.017602E+02,+8.328195E-01
+4.938965E+02,-6.356325E-07,-2.639435E-07,-1.232450E+02,-2.748013E+00
+4.941406E+02,+9.838343E-07,+2.220608E-06,-1.122922E+02,+1.153739E+00
+4.943848E+02,-6.697300E-06,-2.503953E-06,-1.029138E+02,-2.783809E+00
+4.946289E+02,+9.044706E-06,-7.440760E-07,-1.008428E+02,-8.208164E-02
+4.948730E+02,-6.141815E-06,+2.731848E-06,-1.034501E+02,+2.723076E+00
+4.951172E+02,+1.207419E-06,-2.316548E-06,-1.116595E+02,-1.090321E+00
+4.953613E+02,+5.357926E-06,+4.879283E-06,-1.027972E+02,+7.386770E-01
+4.956055E+02,-9.451069E-06,-1.741728E-06,-1.003453E+02,-2.959348E+00
+4.958496E+02,+9.693425E-06,+2.660492E-06,-9.995503E+01,+2.678674E-01
+4.960938E+02,-7.359211E-06,-3.961333E-06,-1.015583E+02,-2.647790E+00
+4.963379E+02,+2.368196E-06,+6.732790E-06,-1.029295E+02,+1.232572E+00
+4.965820E+02,+6.147891E-06,-1.705273E-07,-1.042221E+02,-2.773041E-02
+4.968262E+02,-1.362450E-06,-1.080313E-05,-9.926048E+01,-1.696250E+00
+4.970703E+02,-1.102234E-05,+8.073653E-06,-9.728912E+01,+2.509399E+00
+4.973145E+02,+4.186487E-06,-7.083098E-07,-1.074404E+02,-1.676024E-01
+4.975586E+02,-3.828769E-06,+4.477546E-06,-1.045957E+02,+2.278246E+00
+4.978027E+02,+5.867563E-06,+2.014268E-06,-1.041470E+02,+3.306835E-01
+4.980469E+02,-3.874900E-06,+4.608554E-06,-1.044065E+02,+2.269928E+00
+4.982910E+02,-3.094839E-06,+1.024255E-05,-9.941240E+01,+1.864229E+00
+4.985352E+02,+1.634388E-05,-5.030038E-06,-9.533987E+01,-2.985633E-01
+4.987793E+02,-4.266560E-06,-1.042097E-05,-9.896880E+01,-1.959398E+00
+4.990234E+02,-5.110642E-06,+3.337588E-06,-1.042878E+02,+2.563065E+00
+4.992676E+02,-3.707091E-06,-3.026492E-06,-1.064012E+02,-2.456928E+00
+4.995117E+02,-2.235018E-06,+1.611409E-05,-9.577313E+01,+1.708617E+00
+4.997559E+02,-9.458892E-07,+4.072201E-07,-1.197448E+02,+2.735059E+00
+5.000000E+02,-2.217713E-06,-1.309955E-06,-1.117821E+02,-2.608056E+00
+5.002441E+02,+3.704265E-07,+5.912123E-06,-1.045481E+02,+1.508223E+00
+5.004883E+02,-1.769725E-05,+5.161146E-06,-9.468738E+01,+2.857827E+00
+5.007324E+02,-2.045933E-05,-1.089579E-05,-9.269781E+01,-2.652239E+00
+5.009766E+02,-1.913573E-04,+2.276827E-05,-7.430205E+01,+3.023166E+00
+5.012207E+02,+6.762912E-04,+7.460364E-04,-5.993988E+01,+8.343949E-01
+5.014648E+02,-1.695808E-04,-1.114011E-03,-5.896272E+01,-1.721862E+00
+5.017090E+02,-2.237174E-04,+2.048952E-04,-7.036063E+01,+2.400081E+00
+5.019531E+02,-3.375097E-05,+7.692199E-05,-8.151434E+01,+1.984271E+00
+5.021973E+02,+3.039956E-06,+4.691061E-05,-8.655638E+01,+1.506084E+00
+5.024414E+02,+1.607188E-05,+2.538575E-05,-9.044437E+01,+1.006389E+00
+5.026855E+02,+2.250533E-05,+6.225352E-06,-9.263409E+01,+2.698687E-01
+5.029297E+02,+1.142864E-05,-1.116699E-05,-9.592923E+01,-7.738192E-01
+5.031738E+02,-8.907295E-06,+2.529105E-06,-1.006684E+02,+2.864938E+00
+5.034180E+02,+5.233822E-06,+1.291399E-05,-9.711831E+01,+1.185744E+00
+5.036621E+02,+3.498659E-06,+1.455887E-05,-9.649361E+01,+1.334957E+00
+5.039062E+02,+2.501013E-05,+1.954947E-06,-9.201123E+01,+7.800761E-02
+5.041504E+02,+6.010918E-06,+9.696076E-06,-9.885573E+01,+1.015849E+00
+5.043945E+02,+7.028540E-06,+1.222298E-05,-9.701580E+01,+1.048942E+00
+5.046387E+02,+2.081424E-05,+3.690882E-05,-8.745816E+01,+1.057316E+00
+5.048828E+02,+3.785086E-05,+2.810867E-05,-8.653103E+01,+6.387588E-01
+5.051270E+02,+8.325520E-05,+1.042483E-05,-8.152421E+01,+1.245670E-01
+5.053711E+02,-5.426746E-03,+1.163691E-03,-4.511396E+01,+2.930356E+00
+5.056152E+02,+1.577812E-02,+3.285327E-04,-3.603701E+01,+2.081903E-02
+5.058594E+02,-1.013688E-02,-6.909387E-03,-3.822475E+01,-2.543317E+00
+5.061035E+02,-2.548794E-03,+2.832493E-03,-4.838052E+01,+2.303524E+00
+5.063477E+02,+4.813738E-05,+1.861803E-03,-5.459843E+01,+1.544947E+00
+5.065918E+02,+6.519562E-04,+8.785483E-04,-5.921944E+01,+9.323811E-01
+5.068359E+02,+6.146891E-04,+2.416031E-04,-6.360300E+01,+3.745001E-01
+5.070801E+02,+4.075727E-04,-5.216099E-05,-6.772534E+01,-1.272876E-01
+5.073242E+02,+1.934101E-04,-1.267622E-04,-7.271840E+01,-5.801665E-01
+5.075684E+02,+1.010007E-04,-8.970877E-05,-7.738766E+01,-7.262572E-01
+5.078125E+02,+4.181031E-05,-7.773483E-05,-8.108418E+01,-1.077323E+00
+5.080566E+02,+1.802252E-05,-4.437249E-05,-8.639458E+01,-1.184987E+00
+5.083008E+02,+1.298264E-05,-3.704472E-05,-8.812237E+01,-1.233713E+00
+5.085449E+02,+6.519540E-06,-2.129340E-05,-9.304594E+01,-1.273683E+00
+5.087891E+02,+5.067254E-06,-2.154309E-05,-9.309998E+01,-1.339781E+00
+5.090332E+02,+1.149196E-05,-1.988511E-05,-9.277792E+01,-1.046772E+00
+5.092773E+02,-1.277329E-05,-1.102964E-05,-9.545444E+01,-2.429318E+00
+5.095215E+02,+6.011440E-06,-9.373793E-06,-9.906559E+01,-1.000559E+00
+5.097656E+02,-6.223707E-06,+1.206755E-05,-9.734333E+01,+2.046956E+00
+5.100098E+02,+2.367696E-05,-3.212796E-05,-8.797837E+01,-9.356943E-01
+5.102539E+02,-2.088302E-05,-9.730889E-06,-9.275077E+01,-2.705537E+00
+5.104980E+02,-1.852983E-05,+8.182254E-06,-9.386894E+01,+2.725770E+00
+5.107422E+02,+2.861855E-06,+7.804039E-06,-1.016056E+02,+1.219309E+00
+5.109863E+02,+1.554247E-05,+1.613989E-05,-9.299240E+01,+8.042525E-01
+5.112305E+02,+4.052044E-06,-1.778125E-05,-9.478088E+01,-1.346739E+00
+5.114746E+02,+2.065955E-06,+4.059446E-08,-1.136959E+02,+1.964672E-02
+5.117188E+02,+4.119022E-06,-9.180472E-06,-9.994617E+01,-1.149047E+00
+5.119629E+02,+3.808816E-06,+6.068494E-06,-1.028960E+02,+1.010302E+00
+5.122070E+02,-8.346439E-06,-1.006332E-05,-9.767173E+01,-2.263204E+00
+5.124512E+02,-3.326651E-07,+3.312121E-06,-1.095543E+02,+1.670899E+00
+5.126953E+02,-4.328435E-06,-4.262223E-06,-1.043295E+02,-2.363902E+00
+5.129395E+02,+8.926228E-06,+1.187325E-05,-9.656293E+01,+9.261484E-01
+5.131836E+02,+1.143077E-05,-1.409229E-05,-9.482468E+01,-8.893019E-01
+5.134277E+02,-2.826624E-06,-1.481562E-06,-1.099205E+02,-2.658816E+00
+5.136719E+02,-3.352360E-06,-4.513274E-06,-1.050020E+02,-2.209659E+00
+5.139160E+02,-1.465679E-06,-3.008263E-06,-1.095087E+02,-2.024166E+00
+5.141602E+02,-2.518508E-06,-6.042623E-06,-1.036799E+02,-1.965693E+00
+5.144043E+02,-1.669160E-06,+8.948602E-06,-1.008164E+02,+1.755205E+00
+5.146484E+02,-1.638986E-06,-9.930463E-06,-9.994389E+01,-1.734368E+00
+5.148926E+02,-7.490708E-07,+8.406711E-06,-1.014731E+02,+1.659665E+00
+5.151367E+02,+4.127357E-06,-7.564830E-07,-1.075431E+02,-1.812731E-01
+5.153809E+02,-2.984062E-06,-1.096255E-06,-1.099540E+02,-2.789528E+00
+5.156250E+02,+2.337590E-06,-1.095853E-06,-1.117619E+02,-4.383744E-01
+5.158691E+02,-1.847726E-06,+5.740559E-06,-1.043928E+02,+1.882197E+00
+5.161133E+02,+5.943287E-07,-1.232698E-05,-9.817278E+01,-1.522620E+00
+5.163574E+02,-2.566949E-06,+4.714592E-06,-1.054036E+02,+2.069383E+00
+5.166016E+02,+8.536288E-06,+8.180277E-06,-9.854539E+01,+7.641045E-01
+5.168457E+02,-4.230544E-06,-1.040512E-05,-9.899065E+01,-1.956965E+00
+5.170898E+02,-1.508288E-06,+3.009651E-06,-1.094566E+02,+2.035364E+00
+5.173340E+02,+2.820332E-06,-6.686665E-06,-1.027847E+02,-1.171652E+00
+5.175781E+02,-1.013853E-06,+3.639689E-06,-1.084542E+02,+1.842464E+00
+5.178223E+02,+4.299673E-06,+2.293289E-06,-1.062440E+02,+4.899808E-01
+5.180664E+02,-5.329371E-06,-9.366066E-06,-9.935073E+01,-2.088116E+00
+5.183105E+02,+4.269168E-07,+4.630365E-06,-1.066509E+02,+1.478857E+00
+5.185547E+02,+3.199143E-06,-5.495778E-07,-1.097730E+02,-1.701285E-01
+5.187988E+02,-2.849499E-06,-3.986100E-06,-1.061963E+02,-2.191425E+00
+5.190430E+02,-1.876828E-06,+1.445852E-06,-1.125081E+02,+2.485182E+00
+5.192871E+02,-2.214410E-07,+4.249774E-06,-1.074209E+02,+1.622856E+00
+5.195312E+02,+2.265274E-06,-3.817483E-06,-1.070543E+02,-1.035248E+00
+5.197754E+02,-2.123104E-06,-1.102843E-06,-1.124231E+02,-2.662508E+00
+5.200195E+02,+3.283007E-06,+6.954348E-06,-1.022811E+02,+1.129733E+00
+5.202637E+02,-5.959041E-06,-1.047859E-05,-9.837701E+01,-2.087873E+00
+5.205078E+02,+4.589951E-06,+7.736455E-07,-1.066422E+02,+1.669825E-01
+5.207520E+02,-1.006698E-06,+3.740010E-06,-1.082388E+02,+1.833734E+00
+5.209961E+02,-2.120490E-06,-2.586246E-06,-1.095136E+02,-2.257560E+00
+5.212402E+02,-7.134655E-07,-4.392904E-06,-1.070319E+02,-1.731804E+00
+5.214844E+02,+2.809855E-06,+7.796262E-06,-1.016319E+02,+1.224877E+00
+5.217285E+02,-4.360906E-06,-8.881069E-06,-1.000926E+02,-2.027245E+00
+5.219727E+02,+2.752750E-06,+7.267551E-06,-1.021900E+02,+1.208722E+00
+5.222168E+02,+1.458402E-06,-3.146825E-06,-1.091975E+02,-1.136812E+00
+5.224609E+02,+7.526232E-07,+1.379138E-07,-1.223250E+02,+1.812335E-01
+5.227051E+02,-7.268093E-06,+4.068877E-06,-1.015876E+02,+2.631236E+00
+5.229492E+02,+3.741717E-06,-1.005764E-05,-9.938712E+01,-1.214634E+00
+5.231934E+02,+1.309811E-06,+1.359712E-06,-1.144801E+02,+8.040888E-01
+5.234375E+02,-2.996363E-06,+6.379098E-06,-1.030390E+02,+2.009924E+00
+5.236816E+02,-2.729373E-06,-9.301353E-06,-1.002704E+02,-1.856222E+00
+5.239258E+02,+1.624845E-06,+8.024923E-06,-1.017367E+02,+1.371022E+00
+5.241699E+02,+4.854121E-07,-3.072207E-06,-1.101439E+02,-1.414091E+00
+5.244141E+02,+2.914868E-06,+7.466881E-07,-1.104316E+02,+2.507728E-01
+5.246582E+02,-7.629571E-06,+2.810961E-06,-1.017972E+02,+2.788594E+00
+5.249023E+02,-6.874097E-07,-2.240845E-06,-1.126012E+02,-1.868447E+00
+5.251465E+02,+7.519166E-06,+1.699707E-08,-1.024766E+02,+2.260495E-03
+5.253906E+02,-5.321897E-06,-6.210846E-07,-1.054199E+02,-3.025414E+00
+5.256348E+02,+9.752446E-06,-6.758170E-06,-9.851450E+01,-6.059934E-01
+5.258789E+02,-1.482210E-05,+6.218678E-06,-9.587764E+01,+2.744344E+00
+5.261230E+02,+7.530259E-06,+2.814486E-06,-1.018959E+02,+3.576804E-01
+5.263672E+02,-7.674362E-06,-3.055280E-06,-1.016602E+02,-2.762712E+00
+5.266113E+02,+6.835704E-06,-2.534118E-06,-1.027451E+02,-3.550113E-01
+5.268555E+02,-8.016407E-06,+1.332154E-06,-1.018021E+02,+2.976919E+00
+5.270996E+02,+1.069501E-05,+8.704465E-06,-9.720901E+01,+6.831478E-01
+5.273438E+02,-5.241858E-06,-8.111931E-06,-1.003021E+02,-2.144489E+00
+5.275879E+02,-5.935091E-06,+6.052979E-06,-1.014349E+02,+2.346361E+00
+5.278320E+02,+1.654229E-05,-5.589815E-07,-9.562313E+01,-3.377821E-02
+5.280762E+02,-2.287403E-05,-1.540253E-05,-9.118924E+01,-2.548968E+00
+5.283203E+02,+1.671046E-05,+2.732686E-05,-8.988854E+01,+1.021962E+00
+5.285645E+02,+6.073471E-06,-2.427862E-05,-9.203191E+01,-1.325670E+00
+5.288086E+02,-1.788746E-05,+7.384281E-07,-9.494164E+01,+3.100334E+00
+5.290527E+02,+3.361054E-06,+1.609760E-05,-9.567947E+01,+1.364961E+00
+5.292969E+02,+2.403470E-06,-7.577693E-06,-1.019930E+02,-1.263656E+00
+5.295410E+02,+3.596235E-06,+2.168649E-06,-1.075360E+02,+5.426466E-01
+5.297852E+02,-2.617659E-06,-5.741108E-06,-1.039998E+02,-1.998587E+00
+5.300293E+02,-4.452539E-07,-7.393571E-06,-1.026072E+02,-1.630945E+00
+5.302734E+02,-5.661881E-06,+1.171718E-05,-9.771217E+01,+2.020924E+00
+5.305176E+02,-1.205727E-06,+2.423687E-06,-1.113501E+02,+2.032423E+00
+5.307617E+02,-2.911910E-06,-3.921599E-06,-1.062236E+02,-2.209500E+00
+5.310059E+02,+1.180263E-05,+1.514808E-05,-9.433249E+01,+9.088987E-01
+5.312500E+02,+2.363417E-06,-1.271179E-05,-9.776828E+01,-1.386972E+00
+5.314941E+02,-1.170788E-06,+5.803839E-06,-1.045525E+02,+1.769851E+00
+5.317383E+02,+1.759854E-07,-1.304388E-05,-9.769108E+01,-1.557305E+00
+5.319824E+02,-1.045617E-06,+3.715857E-06,-1.082679E+02,+1.845096E+00
+5.322266E+02,+1.918963E-06,-4.241495E-06,-1.066409E+02,-1.145927E+00
+5.324707E+02,-8.756517E-06,+2.129105E-06,-1.009039E+02,+2.903076E+00
+5.327148E+02,-4.211150E-06,-3.608638E-07,-1.074802E+02,-3.056109E+00
+5.329590E+02,-2.272494E-06,+3.557923E-06,-1.074902E+02,+2.139196E+00
+5.332031E+02,+6.480444E-06,+3.875995E-06,-1.024398E+02,+5.390260E-01
+5.334473E+02,+1.258003E-06,+3.186485E-06,-1.093047E+02,+1.194787E+00
+5.336914E+02,+1.751305E-06,-2.960053E-06,-1.092705E+02,-1.036542E+00
+5.339355E+02,-6.282597E-06,+3.037708E-06,-1.031248E+02,+2.691223E+00
+5.341797E+02,+3.990837E-06,-8.605093E-06,-1.004588E+02,-1.136545E+00
+5.344238E+02,+1.598602E-07,+2.159677E-06,-1.132885E+02,+1.496911E+00
+5.346680E+02,+3.728770E-06,+4.425672E-06,-1.047508E+02,+8.706540E-01
+5.349121E+02,-4.031706E-06,+6.920665E-07,-1.077641E+02,+2.971593E+00
+5.351562E+02,-3.018266E-06,-2.649570E-06,-1.079236E+02,-2.421154E+00
+5.354004E+02,+6.440606E-06,+1.941265E-06,-1.034438E+02,+2.927501E-01
+5.356445E+02,-2.576954E-06,-3.676999E-07,-1.116903E+02,-2.999861E+00
+5.358887E+02,-2.226942E-06,-3.253509E-06,-1.080842E+02,-2.171026E+00
+5.361328E+02,+4.648688E-06,+5.195748E-06,-1.031331E+02,+8.409115E-01
+5.363770E+02,-7.780801E-06,-1.227424E-07,-1.021784E+02,-3.125819E+00
+5.366211E+02,+9.200684E-06,+2.606666E-07,-1.007201E+02,+2.832365E-02
+5.368652E+02,-5.090478E-06,-6.635379E-06,-1.015527E+02,-2.225197E+00
+5.371094E+02,+5.256415E-07,+6.747366E-06,-1.033910E+02,+1.493050E+00
+5.373535E+02,+1.906338E-06,-2.705556E-06,-1.096042E+02,-9.569889E-01
+5.375977E+02,-8.008932E-06,-1.376882E-06,-1.018020E+02,-2.971339E+00
+5.378418E+02,+8.670794E-06,+6.485701E-06,-9.930899E+01,+6.422160E-01
+5.380859E+02,-7.060896E-06,-4.026161E-06,-1.018002E+02,-2.623369E+00
+5.383301E+02,+6.665721E-06,-6.506026E-07,-1.034819E+02,-9.729605E-02
+5.385742E+02,-4.171583E-06,+5.202899E-06,-1.035191E+02,+2.246622E+00
+5.388184E+02,+4.043390E-06,-1.768304E-06,-1.071050E+02,-4.122695E-01
+5.390625E+02,-2.531344E-06,-4.708947E-07,-1.117852E+02,-2.957669E+00
+5.393066E+02,+3.105015E-06,-1.054831E-07,-1.101537E+02,-3.395878E-02
+5.395508E+02,-4.707031E-06,+1.750417E-06,-1.059825E+02,+2.785566E+00
+5.397949E+02,+1.855680E-06,-3.039395E-06,-1.089683E+02,-1.022661E+00
+5.400391E+02,-3.125705E-06,+5.589166E-06,-1.038712E+02,+2.080709E+00
+5.402832E+02,+3.076358E-06,+6.434445E-07,-1.100533E+02,+2.061855E-01
+5.405273E+02,+1.974725E-06,-1.886266E-06,-1.112740E+02,-7.624911E-01
+5.407715E+02,+3.717299E-06,+7.147233E-06,-1.018775E+02,+1.091196E+00
+5.410156E+02,-3.025224E-06,-1.106192E-05,-9.881015E+01,-1.837750E+00
+5.412598E+02,+3.633205E-06,+3.821463E-06,-1.055590E+02,+8.106464E-01
+5.415039E+02,+3.279440E-06,-6.464624E-07,-1.095184E+02,-1.946304E-01
+5.417480E+02,-6.593789E-06,+4.334752E-07,-1.035986E+02,+3.075947E+00
+5.419922E+02,+2.838272E-06,+8.971339E-07,-1.105254E+02,+3.061472E-01
+5.422363E+02,+3.676394E-06,-5.943579E-06,-1.031121E+02,-1.016850E+00
+5.424805E+02,-6.284553E-06,+9.558627E-08,-1.040335E+02,+3.126384E+00
+5.427246E+02,-7.289295E-07,+6.200841E-06,-1.040914E+02,+1.687813E+00
+5.429688E+02,+6.711731E-06,-3.568226E-06,-1.023823E+02,-4.886382E-01
+5.432129E+02,-5.992487E-06,-6.964723E-06,-1.007357E+02,-2.281301E+00
+5.434570E+02,-4.331093E-08,+1.179890E-05,-9.856311E+01,+1.574467E+00
+5.437012E+02,+2.385978E-06,-1.562167E-06,-1.108974E+02,-5.796917E-01
+5.439453E+02,+9.805930E-07,-4.622816E-06,-1.065107E+02,-1.361774E+00
+5.441895E+02,-1.128944E-06,-3.083675E-06,-1.096724E+02,-1.921744E+00
+5.444336E+02,+2.332007E-06,+7.795381E-06,-1.017910E+02,+1.280117E+00
+5.446777E+02,-3.977266E-06,-7.727811E-06,-1.012184E+02,-2.046110E+00
+5.449219E+02,+1.041360E-06,+6.132470E-06,-1.041238E+02,+1.402590E+00
+5.451660E+02,+7.171917E-07,-2.367341E-06,-1.121334E+02,-1.276633E+00
+5.454102E+02,+2.680025E-07,+4.230626E-06,-1.074545E+02,+1.507533E+00
+5.456543E+02,+1.919157E-06,-7.162387E-06,-1.025977E+02,-1.308997E+00
+5.458984E+02,-5.177769E-06,+2.539113E-06,-1.047812E+02,+2.685665E+00
+5.461426E+02,+5.884557E-06,+4.199786E-06,-1.028178E+02,+6.198590E-01
+5.463867E+02,+1.446155E-07,-2.728672E-06,-1.112688E+02,-1.517847E+00
+5.466309E+02,-1.779072E-06,-3.750071E-06,-1.076376E+02,-2.013763E+00
+5.468750E+02,-1.926011E-06,+2.750823E-07,-1.142191E+02,+2.999727E+00
+5.471191E+02,+4.567183E-06,+2.834431E-06,-1.053920E+02,+5.554349E-01
+5.473633E+02,-1.105615E-05,+2.634794E-06,-9.888802E+01,+2.907646E+00
+5.476074E+02,+1.739364E-05,-3.128552E-06,-9.505391E+01,-1.779647E-01
+5.478516E+02,-1.472146E-05,-3.456030E-06,-9.640800E+01,-2.911007E+00
+5.480957E+02,+8.666419E-06,+5.568064E-06,-9.974243E+01,+5.710757E-01
+5.483398E+02,-1.815991E-06,-6.105612E-06,-1.039173E+02,-1.859893E+00
+5.485840E+02,-6.248503E-06,+6.283653E-06,-1.010497E+02,+2.353390E+00
+5.488281E+02,+1.061952E-05,-6.791551E-06,-9.798878E+01,-5.689830E-01
+5.490723E+02,-7.881205E-06,+4.559227E-06,-1.008145E+02,+2.617137E+00
+5.493164E+02,-1.160619E-06,+2.818663E-06,-1.103190E+02,+1.961401E+00
+5.495605E+02,+6.354623E-06,-5.491965E-06,-1.015155E+02,-7.127073E-01
+5.498047E+02,+8.579515E-07,+6.154446E-06,-1.041326E+02,+1.432285E+00
+5.500488E+02,-2.688111E-06,-7.497094E-06,-1.019769E+02,-1.915071E+00
+5.502930E+02,+8.436862E-09,-1.847608E-06,-1.146677E+02,-1.566230E+00
+5.505371E+02,-1.498085E-07,+7.584628E-06,-1.023996E+02,+1.590545E+00
+5.507812E+02,+2.828969E-06,-1.518344E-06,-1.098681E+02,-4.925847E-01
+5.510254E+02,-6.063685E-06,-5.303568E-06,-1.018778E+02,-2.422964E+00
+5.512695E+02,+3.888391E-06,+7.455263E-06,-1.015058E+02,+1.090047E+00
+5.515137E+02,+3.167168E-06,-1.333873E-05,-9.725951E+01,-1.337672E+00
+5.517578E+02,-8.606156E-06,+1.490698E-05,-9.528291E+01,+2.094375E+00
+5.520020E+02,+7.114576E-06,-5.630538E-06,-1.008449E+02,-6.694804E-01
+5.522461E+02,-9.288980E-06,-4.836086E-06,-9.959901E+01,-2.661581E+00
+5.524902E+02,+8.556116E-06,+7.512876E-06,-9.887226E+01,+7.205666E-01
+5.527344E+02,-1.943695E-06,-4.685282E-06,-1.058956E+02,-1.964040E+00
+5.529785E+02,+1.241123E-06,+4.445143E-07,-1.175996E+02,+3.439213E-01
+5.532227E+02,-1.715739E-06,+1.357813E-07,-1.152839E+02,+3.062618E+00
+5.534668E+02,+7.328536E-06,+1.128100E-06,-1.025980E+02,+1.527337E-01
+5.537109E+02,-1.265093E-05,-1.652354E-06,-9.788408E+01,-3.011717E+00
+5.539551E+02,+8.985548E-06,+1.420384E-06,-1.008219E+02,+1.567771E-01
+5.541992E+02,-6.681007E-06,-1.423882E-06,-1.033102E+02,-2.931610E+00
+5.544434E+02,+1.601253E-06,-4.609739E-07,-1.155650E+02,-2.803038E-01
+5.546875E+02,+3.943072E-06,-6.155353E-07,-1.079787E+02,-1.548557E-01
+5.549316E+02,-3.645472E-06,+2.914622E-06,-1.066185E+02,+2.467145E+00
+5.551758E+02,+4.066339E-06,-7.765234E-07,-1.076604E+02,-1.886920E-01
+5.554199E+02,-2.206196E-06,-3.485494E-06,-1.076914E+02,-2.135103E+00
+5.556641E+02,+6.116026E-07,+2.781770E-07,-1.234540E+02,+4.268657E-01
+5.559082E+02,-5.181791E-06,+5.400629E-06,-1.025167E+02,+2.335518E+00
+5.561523E+02,+5.226123E-06,-4.670915E-06,-1.030865E+02,-7.293585E-01
+5.563965E+02,-6.402226E-06,+3.448227E-06,-1.027672E+02,+2.647545E+00
+5.566406E+02,+1.089387E-05,-8.370685E-06,-9.724125E+01,-6.551639E-01
+5.568848E+02,-8.414234E-06,+8.229896E-06,-9.858455E+01,+2.367269E+00
+5.571289E+02,+7.723111E-06,-5.409110E-06,-1.005107E+02,-6.109807E-01
+5.573730E+02,-1.148433E-05,+3.067457E-08,-9.879785E+01,+3.138922E+00
+5.576172E+02,+3.818470E-06,+3.996724E-06,-1.051492E+02,+8.082029E-01
+5.578613E+02,+7.216916E-06,-4.664255E-06,-1.013171E+02,-5.737661E-01
+5.581055E+02,-7.832301E-06,+6.403153E-06,-9.989932E+01,+2.456253E+00
+5.583496E+02,+1.727043E-06,-3.913405E-06,-1.073761E+02,-1.155189E+00
+5.585938E+02,-3.828718E-06,-4.271169E-06,-1.048278E+02,-2.301625E+00
+5.588379E+02,+4.712597E-06,+1.001265E-05,-9.912000E+01,+1.130892E+00
+5.590820E+02,-1.850243E-06,-1.155605E-05,-9.863388E+01,-1.729559E+00
+5.593262E+02,-1.612950E-06,+9.138580E-06,-1.006492E+02,+1.745496E+00
+5.595703E+02,+5.052620E-07,-3.559115E-06,-1.088865E+02,-1.429776E+00
+5.598145E+02,+2.968681E-06,-9.181718E-07,-1.101520E+02,-2.999542E-01
+5.600586E+02,-2.726321E-06,+6.339981E-06,-1.032214E+02,+1.976912E+00
+5.603027E+02,-3.949631E-06,-2.279089E-06,-1.068207E+02,-2.618228E+00
+5.605469E+02,+7.838403E-06,-3.002236E-06,-1.015210E+02,-3.657801E-01
+5.607910E+02,+5.580830E-07,-2.629704E-06,-1.114105E+02,-1.361676E+00
+5.610352E+02,-1.024028E-05,+8.054772E-07,-9.976698E+01,+3.063097E+00
+5.612793E+02,+5.485339E-06,+2.243818E-06,-1.045440E+02,+3.882900E-01
+5.615234E+02,+7.123501E-07,+6.453896E-06,-1.037510E+02,+1.460866E+00
+5.617676E+02,-1.019104E-06,-8.562817E-06,-1.012866E+02,-1.689254E+00
+5.620117E+02,+6.801223E-06,+3.184777E-06,-1.024873E+02,+4.379391E-01
+5.622559E+02,-9.442681E-06,+1.510385E-06,-1.003884E+02,+2.982983E+00
+5.625000E+02,-1.379648E-06,-1.441571E-06,-1.139995E+02,-2.334249E+00
+5.627441E+02,+1.832805E-06,-3.886287E-06,-1.073371E+02,-1.130119E+00
+5.629883E+02,+3.888624E-06,+2.401800E-06,-1.068006E+02,+5.532949E-01
+5.632324E+02,-2.442864E-06,+6.614683E-06,-1.030345E+02,+1.924569E+00
+5.634766E+02,+1.228459E-06,-2.842218E-06,-1.101830E+02,-1.162827E+00
+5.637207E+02,-5.413165E-07,-1.033402E-05,-9.970272E+01,-1.623130E+00
+5.639648E+02,-1.014638E-07,+1.391460E-05,-9.713036E+01,+1.578088E+00
+5.642090E+02,+6.313512E-07,+1.856532E-06,-1.141507E+02,+1.242995E+00
+5.644531E+02,-8.408382E-06,-1.006867E-05,-9.764273E+01,-2.266579E+00
+5.646973E+02,+9.021501E-06,+1.560628E-06,-1.007664E+02,+1.712946E-01
+5.649414E+02,-3.632277E-06,+3.199985E-06,-1.063017E+02,+2.419383E+00
+5.651855E+02,+5.687799E-06,+7.451058E-07,-1.048272E+02,+1.302590E-01
+5.654297E+02,+1.403246E-06,+1.921298E-06,-1.124715E+02,+9.399814E-01
+5.656738E+02,-9.145218E-06,-2.421313E-06,-1.004819E+02,-2.882769E+00
+5.659180E+02,+6.615900E-06,-3.108750E-06,-1.027218E+02,-4.392714E-01
+5.661621E+02,-7.407882E-06,+2.820554E-06,-1.020182E+02,+2.777790E+00
+5.664062E+02,+8.368407E-06,-3.231501E-07,-1.015407E+02,-3.859631E-02
+5.666504E+02,-1.465632E-06,+2.656564E-06,-1.103596E+02,+2.074945E+00
+5.668945E+02,+1.579245E-06,-3.077969E-06,-1.092198E+02,-1.096739E+00
+5.671387E+02,+2.031800E-06,+1.536476E-06,-1.118782E+02,+6.474664E-01
+5.673828E+02,-2.902460E-06,-5.407034E-08,-1.107432E+02,-3.122966E+00
+5.676270E+02,-7.114207E-07,-3.835343E-06,-1.081770E+02,-1.754203E+00
+5.678711E+02,-3.650170E-06,+5.184007E-06,-1.039580E+02,+2.184283E+00
+5.681152E+02,+6.326158E-06,-5.429256E-06,-1.015803E+02,-7.092488E-01
+5.683594E+02,-5.123843E-06,-3.741589E-07,-1.057850E+02,-3.068699E+00
+5.686035E+02,-2.075538E-06,+7.991407E-07,-1.130570E+02,+2.774059E+00
+5.688477E+02,+4.531736E-06,+1.696958E-06,-1.063048E+02,+3.582979E-01
+5.690918E+02,-3.203628E-06,+3.884666E-06,-1.059596E+02,+2.260409E+00
+5.693359E+02,+6.432773E-06,-2.187453E-06,-1.033568E+02,-3.277818E-01
+5.695801E+02,-7.067084E-06,-6.660859E-06,-1.002544E+02,-2.385777E+00
+5.698242E+02,+8.656127E-07,+6.011396E-06,-1.043314E+02,+1.427784E+00
+5.700684E+02,+5.312871E-07,+2.692901E-06,-1.112298E+02,+1.376006E+00
+5.703125E+02,+2.821405E-06,+3.518422E-06,-1.069166E+02,+8.949010E-01
+5.705566E+02,-2.553008E-06,-1.105263E-05,-9.890495E+01,-1.797801E+00
+5.708008E+02,+8.913129E-07,+7.425928E-06,-1.025229E+02,+1.451341E+00
+5.710449E+02,+2.250316E-06,-5.047752E-06,-1.051508E+02,-1.151436E+00
+5.712891E+02,-3.329372E-06,+7.807632E-06,-1.014240E+02,+1.973874E+00
+5.715332E+02,+3.991758E-07,-3.848601E-07,-1.251221E+02,-7.671412E-01
+5.717773E+02,+3.935312E-06,-1.064651E-05,-9.889967E+01,-1.216738E+00
+5.720215E+02,-2.672788E-06,+6.099084E-06,-1.035318E+02,+1.983817E+00
+5.722656E+02,-3.067938E-06,+3.055905E-06,-1.072698E+02,+2.358160E+00
+5.725098E+02,+5.560376E-06,-5.538599E-06,-1.021046E+02,-7.834361E-01
+5.727539E+02,-2.854078E-06,+3.567262E-06,-1.068045E+02,+2.245583E+00
+5.729980E+02,-1.979862E-06,+4.132422E-06,-1.067785E+02,+2.017588E+00
+5.732422E+02,+4.300915E-06,-1.029469E-05,-9.904906E+01,-1.175057E+00
+5.734863E+02,-6.141786E-07,+7.980481E-06,-1.019338E+02,+1.647605E+00
+5.737305E+02,-4.816788E-07,+1.347853E-06,-1.168852E+02,+1.914019E+00
+5.739746E+02,-5.013166E-06,-6.324218E-06,-1.018624E+02,-2.241066E+00
+5.742188E+02,+1.081040E-05,-2.200522E-07,-9.932137E+01,-2.035279E-02
+5.744629E+02,-7.614674E-06,+6.346703E-06,-1.000761E+02,+2.446766E+00
+5.747070E+02,+1.356466E-06,-3.637148E-06,-1.082192E+02,-1.213826E+00
+5.749512E+02,+2.357816E-06,-5.416712E-06,-1.045717E+02,-1.160246E+00
+5.751953E+02,-3.371243E-06,+1.033797E-05,-9.927240E+01,+1.886026E+00
+5.754395E+02,+1.708889E-06,-6.712750E-06,-1.031893E+02,-1.321518E+00
+5.756836E+02,-1.385588E-06,+7.031429E-06,-1.028937E+02,+1.765360E+00
+5.759277E+02,+1.782569E-06,-1.170439E-05,-9.853344E+01,-1.419659E+00
+5.761719E+02,-1.386291E-06,+1.295904E-05,-9.769913E+01,+1.677366E+00
+5.764160E+02,+3.370758E-06,-4.971138E-06,-1.044280E+02,-9.749436E-01
+5.766602E+02,-1.143115E-06,-3.630909E-06,-1.083893E+02,-1.875801E+00
+5.769043E+02,+5.020711E-07,+1.562871E-06,-1.156950E+02,+1.259961E+00
+5.771484E+02,+3.296360E-06,+1.926163E-06,-1.083636E+02,+5.288180E-01
+5.773926E+02,-8.747565E-06,-2.969739E-06,-1.006885E+02,-2.814308E+00
+5.776367E+02,+2.464236E-06,+8.903735E-07,-1.116335E+02,+3.467222E-01
+5.778809E+02,+1.434995E-06,+2.109761E-06,-1.118640E+02,+9.735039E-01
+5.781250E+02,-1.615109E-06,+2.889685E-06,-1.096023E+02,+2.080463E+00
+5.783691E+02,+7.499676E-06,-7.801219E-06,-9.931428E+01,-8.051031E-01
+5.786133E+02,-7.647360E-06,+2.902332E-06,-1.017454E+02,+2.778864E+00
+5.788574E+02,+1.045313E-06,+3.512326E-07,-1.191505E+02,+3.241552E-01
+5.791016E+02,+2.408910E-06,+1.661629E-06,-1.106733E+02,+6.038368E-01
+5.793457E+02,+2.634825E-06,-2.310912E-06,-1.091071E+02,-7.199982E-01
+5.795898E+02,-4.249291E-06,+7.843940E-07,-1.072881E+02,+2.959053E+00
+5.798340E+02,-1.682343E-06,-1.608258E-06,-1.126626E+02,-2.378705E+00
+5.800781E+02,+6.846272E-06,-2.973439E-07,-1.032827E+02,-4.340423E-02
+5.803223E+02,-5.325340E-06,+7.220321E-06,-1.009425E+02,+2.206281E+00
+5.805664E+02,+6.224868E-06,-8.688706E-06,-9.942172E+01,-9.491270E-01
+5.808105E+02,-7.651417E-06,+3.146455E-06,-1.016466E+02,+2.751447E+00
+5.810547E+02,-1.336610E-06,-8.473863E-06,-1.013316E+02,-1.727241E+00
+5.812988E+02,+6.850672E-06,+1.093435E-05,-9.778607E+01,+1.011099E+00
+5.815430E+02,-1.655340E-06,-5.322445E-07,-1.151950E+02,-2.830501E+00
+5.817871E+02,-1.871175E-06,-1.070929E-06,-1.133272E+02,-2.621768E+00
+5.820312E+02,+3.025694E-06,-3.569020E-06,-1.065970E+02,-8.676006E-01
+5.822754E+02,-6.083801E-06,+1.501908E-06,-1.040596E+02,+2.899562E+00
+5.825195E+02,+6.127605E-06,-3.267932E-06,-1.031671E+02,-4.899415E-01
+5.827637E+02,-4.618320E-06,+3.789649E-06,-1.044745E+02,+2.454435E+00
+5.830078E+02,+2.258432E-06,+5.435070E-06,-1.046042E+02,+1.176975E+00
+5.832520E+02,+4.496446E-06,-1.126409E-05,-9.832394E+01,-1.190993E+00
+5.834961E+02,-6.925990E-06,+7.640717E-06,-9.973263E+01,+2.307168E+00
+5.837402E+02,+6.575758E-06,-7.410908E-06,-1.000806E+02,-8.450378E-01
+5.839844E+02,-6.692622E-06,+6.137466E-06,-1.008376E+02,+2.399437E+00
+5.842285E+02,+1.205167E-06,+3.319220E-06,-1.090415E+02,+1.222510E+00
+5.844727E+02,+5.461184E-09,-6.767007E-06,-1.033921E+02,-1.569989E+00
+5.847168E+02,+2.055260E-06,+4.361208E-06,-1.063369E+02,+1.130404E+00
+5.849609E+02,-9.236593E-07,-4.801208E-06,-1.062152E+02,-1.760855E+00
+5.852051E+02,+2.178939E-06,+4.920040E-06,-1.053828E+02,+1.153888E+00
+5.854492E+02,-1.641782E-06,-9.461558E-06,-1.003519E+02,-1.742607E+00
+5.856934E+02,-4.001561E-06,+9.954189E-06,-9.938931E+01,+1.953024E+00
+5.859375E+02,+4.554787E-06,-3.534605E-06,-1.047834E+02,-6.599469E-01
+5.861816E+02,-9.220842E-07,+3.837718E-06,-1.080748E+02,+1.806595E+00
+5.864258E+02,+4.550059E-06,-7.191295E-06,-1.014016E+02,-1.006667E+00
+5.866699E+02,-7.215790E-06,+6.423122E-06,-1.003001E+02,+2.414247E+00
+5.869141E+02,-7.048924E-07,-5.427325E-06,-1.052356E+02,-1.699952E+00
+5.871582E+02,+3.136763E-06,+9.475750E-08,-1.100664E+02,+3.019951E-02
+5.874023E+02,+2.697998E-06,+4.946682E-06,-1.049827E+02,+1.071480E+00
+5.876465E+02,-4.572869E-06,-3.042007E-06,-1.052050E+02,-2.554586E+00
+5.878906E+02,-2.432304E-06,-2.719179E-06,-1.087582E+02,-2.300564E+00
+5.881348E+02,+5.504560E-06,-1.288758E-07,-1.051832E+02,-2.340828E-02
+5.883789E+02,-4.349222E-07,+3.145639E-06,-1.099636E+02,+1.708187E+00
+5.886230E+02,-3.585240E-06,-7.434260E-07,-1.087268E+02,-2.937133E+00
+5.888672E+02,+5.537056E-06,+4.361112E-06,-1.030383E+02,+6.671482E-01
+5.891113E+02,-6.352960E-06,-6.427364E-06,-1.008793E+02,-2.350373E+00
+5.893555E+02,+4.734051E-06,+5.968229E-06,-1.023634E+02,+9.002101E-01
+5.895996E+02,-5.638638E-06,-6.409251E-06,-1.013744E+02,-2.292319E+00
+5.898438E+02,+4.588534E-06,+1.367645E-06,-1.063969E+02,+2.896733E-01
+5.900879E+02,-1.290527E-06,-1.852601E-06,-1.129263E+02,-2.179239E+00
+5.903320E+02,-1.337078E-06,+1.192367E-05,-9.841753E+01,+1.682466E+00
+5.905762E+02,+4.702656E-06,-1.181109E-05,-9.791513E+01,-1.191881E+00
+5.908203E+02,-1.034023E-05,+5.473507E-06,-9.863661E+01,+2.654749E+00
+5.910645E+02,+8.007197E-06,-5.502240E-06,-1.002507E+02,-6.020576E-01
+5.913086E+02,-7.727251E-07,+4.094536E-06,-1.076039E+02,+1.757324E+00
+5.915527E+02,+4.876206E-06,-1.396156E-06,-1.058962E+02,-2.788597E-01
+5.917969E+02,-1.224994E-05,+3.690895E-06,-9.785995E+01,+2.848945E+00
+5.920410E+02,+8.666959E-06,-8.431713E-06,-9.835023E+01,-7.716410E-01
+5.922852E+02,-4.556777E-06,+1.166255E-05,-9.804711E+01,+1.943276E+00
+5.925293E+02,+6.417114E-06,-5.988391E-06,-1.011328E+02,-7.508528E-01
+5.927734E+02,-8.022617E-06,-3.451344E-06,-1.011762E+02,-2.735324E+00
+5.930176E+02,+1.576639E-06,+5.277211E-06,-1.051806E+02,+1.280474E+00
+5.932617E+02,+2.390941E-06,+1.536508E-06,-1.109273E+02,+5.711821E-01
+5.935059E+02,+4.682715E-06,-1.683897E-06,-1.060619E+02,-3.452000E-01
+5.937500E+02,-7.132840E-06,-2.875710E-06,-1.022807E+02,-2.758361E+00
+5.939941E+02,-8.214776E-08,-9.650424E-07,-1.202777E+02,-1.655715E+00
+5.942383E+02,+4.708546E-06,+9.996696E-07,-1.063508E+02,+2.092032E-01
+5.944824E+02,-4.176707E-06,+3.828545E-06,-1.049346E+02,+2.399659E+00
+5.947266E+02,+3.375231E-07,+3.813115E-07,-1.258616E+02,+8.462389E-01
+5.949707E+02,+5.563978E-06,-6.987069E-07,-1.050243E+02,-1.249229E-01
+5.952148E+02,-1.020046E-05,-4.154469E-06,-9.916107E+01,-2.754824E+00
+5.954590E+02,+7.467549E-06,+4.959164E-06,-1.009497E+02,+5.862203E-01
+5.957031E+02,-4.008160E-06,-2.970726E-06,-1.060396E+02,-2.503767E+00
+5.959473E+02,+4.111008E-06,+5.390022E-06,-1.033769E+02,+9.192122E-01
+5.961914E+02,+3.324525E-06,-1.413200E-06,-1.088440E+02,-4.019412E-01
+5.964355E+02,-3.242745E-06,-4.715759E-06,-1.048474E+02,-2.173179E+00
+5.966797E+02,+2.877860E-06,+1.784191E-06,-1.094061E+02,+5.549751E-01
+5.969238E+02,-4.614623E-06,-5.306499E-07,-1.066602E+02,-3.027102E+00
+5.971680E+02,+5.087110E-07,-3.328296E-06,-1.094553E+02,-1.419126E+00
+5.974121E+02,-8.597523E-08,+1.557400E-06,-1.161388E+02,+1.625945E+00
+5.976562E+02,-4.038201E-06,-4.688495E-07,-1.078181E+02,-3.026007E+00
+5.979004E+02,+7.094772E-06,-3.261787E-06,-1.021485E+02,-4.309283E-01
+5.981445E+02,-5.172710E-06,+8.498278E-06,-1.000446E+02,+2.117572E+00
+5.983887E+02,+1.515273E-06,-6.077662E-07,-1.157423E+02,-3.814486E-01
+5.986328E+02,-4.747736E-06,-1.512031E-06,-1.060507E+02,-2.833274E+00
+5.988770E+02,+8.011736E-06,+3.421433E-06,-1.011979E+02,+4.036079E-01
+5.991211E+02,-2.243991E-06,-6.454008E-06,-1.033078E+02,-1.905411E+00
+5.993652E+02,-3.312856E-06,+5.782776E-06,-1.035247E+02,+2.091038E+00
+5.996094E+02,+2.057224E-06,-5.671954E-06,-1.043886E+02,-1.222852E+00
+5.998535E+02,-1.782275E-06,+3.960413E-06,-1.072443E+02,+1.993669E+00
+6.000977E+02,+4.620682E-06,-1.641309E-06,-1.061898E+02,-3.413079E-01
+6.003418E+02,-4.415201E-06,+2.461940E-06,-1.059252E+02,+2.632929E+00
+6.005859E+02,+3.689584E-06,-2.979890E-06,-1.064796E+02,-6.793878E-01
+6.008301E+02,-2.733629E-06,+1.604916E-07,-1.112503E+02,+3.082950E+00
+6.010742E+02,-1.621549E-06,+2.478179E-06,-1.105696E+02,+2.150210E+00
+6.013184E+02,+5.398209E-06,-2.882099E-07,-1.053426E+02,-5.333927E-02
+6.015625E+02,-3.298942E-06,-5.276114E-06,-1.041206E+02,-2.129582E+00
+6.018066E+02,+5.503464E-07,+6.480019E-06,-1.037373E+02,+1.486070E+00
+6.020508E+02,+3.800014E-06,-4.364426E-06,-1.047511E+02,-8.544189E-01
+6.022949E+02,-8.985565E-06,+7.128691E-06,-9.880881E+01,+2.470920E+00
+6.025391E+02,+1.069999E-05,-6.431575E-06,-9.807280E+01,-5.412149E-01
+6.027832E+02,-7.551573E-06,+4.434513E-06,-1.011525E+02,+2.610615E+00
+6.030273E+02,+4.027871E-06,-3.123132E-06,-1.058540E+02,-6.595477E-01
+6.032715E+02,-1.537385E-06,-2.514473E-06,-1.106117E+02,-2.119566E+00
+6.035156E+02,+1.095024E-06,-8.956694E-07,-1.169869E+02,-6.855874E-01
+6.037598E+02,-4.914922E-06,+8.435000E-06,-1.002088E+02,+2.098385E+00
+6.040039E+02,+2.580308E-06,-3.371093E-06,-1.074419E+02,-9.174982E-01
+6.042480E+02,+3.880792E-06,-4.246717E-06,-1.048024E+02,-8.303908E-01
+6.044922E+02,+1.000925E-06,+3.535832E-06,-1.086954E+02,+1.294933E+00
+6.047363E+02,-8.482924E-06,+1.389094E-06,-1.013142E+02,+2.979281E+00
+6.049805E+02,+6.386586E-06,-2.827443E-06,-1.031173E+02,-4.167800E-01
+6.052246E+02,-4.575358E-07,+4.997269E-06,-1.059891E+02,+1.662099E+00
+6.054688E+02,-1.343551E-06,-7.809896E-06,-1.020204E+02,-1.741161E+00
+6.057129E+02,+5.262897E-06,+2.981197E-06,-1.043669E+02,+5.153893E-01
+6.059570E+02,-5.045947E-06,+8.465136E-06,-1.001269E+02,+2.108333E+00
+6.062012E+02,-1.614276E-06,-9.292436E-06,-1.005083E+02,-1.742799E+00
+6.064453E+02,+7.591457E-06,-1.439056E-06,-1.022402E+02,-1.873397E-01
+6.066895E+02,-9.294496E-06,+7.902051E-06,-9.827309E+01,+2.436990E+00
+6.069336E+02,+3.944575E-06,-9.156559E-06,-1.000260E+02,-1.164030E+00
+6.071777E+02,-2.232066E-07,+5.731845E-06,-1.048275E+02,+1.609718E+00
+6.074219E+02,+2.869293E-06,-2.458085E-06,-1.084542E+02,-7.083631E-01
+6.076660E+02,-7.721023E-07,+3.094473E-06,-1.099260E+02,+1.815314E+00
+6.079102E+02,-5.101772E-06,-3.723945E-06,-1.039907E+02,-2.511060E+00
+6.081543E+02,+3.977125E-06,+1.461179E-06,-1.074587E+02,+3.520873E-01
+6.083984E+02,-9.433037E-07,+1.610954E-06,-1.145780E+02,+2.100528E+00
+6.086426E+02,+1.459486E-06,-6.551419E-07,-1.159188E+02,-4.219266E-01
+6.088867E+02,+8.163987E-07,-5.545064E-06,-1.050287E+02,-1.424617E+00
+6.091309E+02,-3.103831E-07,+8.001442E-06,-1.019301E+02,+1.609568E+00
+6.093750E+02,-6.166957E-06,-2.881059E-06,-1.033412E+02,-2.704547E+00
+6.096191E+02,+6.889496E-06,-2.818779E-06,-1.025641E+02,-3.883621E-01
+6.098633E+02,-1.075291E-06,+3.999529E-06,-1.076567E+02,+1.833440E+00
+6.101074E+02,-3.004721E-06,-9.148841E-07,-1.100589E+02,-2.846029E+00
+6.103516E+02,+7.357849E-06,-1.944542E-06,-1.023718E+02,-2.583741E-01
+6.105957E+02,-5.262481E-06,-4.315860E-06,-1.033423E+02,-2.454704E+00
+6.108398E+02,-3.401385E-06,+8.244849E-06,-1.009938E+02,+1.962072E+00
+6.110840E+02,+1.035829E-05,+1.675922E-06,-9.958202E+01,+1.604052E-01
+6.113281E+02,-8.218723E-06,-6.128933E-06,-9.978351E+01,-2.500831E+00
+6.115723E+02,-2.720206E-08,+4.103897E-06,-1.077359E+02,+1.577425E+00
+6.118164E+02,+1.615411E-06,-6.973899E-06,-1.029035E+02,-1.343174E+00
+6.120605E+02,+2.671861E-06,+3.509925E-06,-1.071089E+02,+9.201464E-01
+6.123047E+02,-8.675353E-06,+6.370742E-07,-1.012109E+02,+3.068289E+00
+6.125488E+02,+1.180030E-05,+1.672975E-06,-9.847572E+01,+1.408354E-01
+6.127930E+02,-6.200350E-06,-2.160243E-06,-1.036541E+02,-2.806338E+00
+6.130371E+02,-3.911701E-06,+5.515001E-06,-1.033993E+02,+2.187726E+00
+6.132812E+02,+6.447481E-06,-7.811790E-06,-9.988878E+01,-8.807866E-01
+6.135254E+02,-2.207599E-06,+1.494064E-07,-1.131017E+02,+3.074018E+00
+6.137695E+02,-1.035809E-07,-3.401605E-07,-1.289812E+02,-1.866382E+00
+6.140137E+02,+3.476838E-06,+4.753503E-06,-1.045987E+02,+9.392886E-01
+6.142578E+02,-2.024648E-06,-5.922140E-06,-1.040704E+02,-1.900217E+00
+6.145020E+02,-5.955153E-06,+5.411154E-06,-1.018880E+02,+2.404019E+00
+6.147461E+02,+9.092202E-06,+1.140479E-06,-1.007588E+02,+1.247831E-01
+6.149902E+02,-7.775879E-06,-2.783509E-06,-1.016614E+02,-2.797838E+00
+6.152344E+02,+6.439646E-06,-1.735207E-06,-1.035184E+02,-2.632056E-01
+6.154785E+02,-6.269492E-06,+2.005982E-06,-1.036321E+02,+2.831927E+00
+6.157227E+02,+8.115275E-06,-4.412708E-07,-1.018011E+02,-5.432184E-02
+6.159668E+02,-4.702305E-06,-2.715057E-06,-1.053043E+02,-2.617965E+00
+6.162109E+02,-1.868621E-06,+8.320813E-06,-1.013830E+02,+1.791703E+00
+6.164551E+02,+5.930110E-07,-1.241997E-05,-9.810770E+01,-1.523086E+00
+6.166992E+02,+2.253179E-06,+8.333457E-06,-1.012771E+02,+1.306733E+00
+6.169434E+02,-1.141550E-06,-3.449793E-06,-1.087929E+02,-1.890359E+00
+6.171875E+02,-1.561280E-06,+1.266608E-06,-1.139342E+02,+2.460022E+00
+6.174316E+02,+2.034079E-06,+2.518540E-06,-1.097962E+02,+8.914127E-01
+6.176758E+02,-8.436281E-07,+6.863920E-07,-1.192707E+02,+2.458602E+00
+6.179199E+02,-7.474820E-07,-5.647708E-06,-1.048871E+02,-1.702383E+00
+6.181641E+02,+9.399676E-07,-4.373121E-07,-1.196868E+02,-4.354563E-01
+6.184082E+02,-1.326458E-07,+3.484147E-06,-1.091518E+02,+1.608849E+00
+6.186523E+02,-1.206307E-06,+3.493692E-07,-1.180210E+02,+2.859687E+00
+6.188965E+02,+2.146408E-06,-8.841584E-07,-1.126851E+02,-3.907438E-01
+6.191406E+02,+1.198527E-06,+2.971366E-06,-1.098862E+02,+1.187398E+00
+6.193848E+02,-3.374751E-06,-6.358011E-06,-1.028556E+02,-2.058769E+00
+6.196289E+02,-9.976220E-07,+1.233336E-06,-1.159923E+02,+2.250929E+00
+6.198730E+02,+1.405879E-06,+4.621238E-06,-1.063204E+02,+1.275471E+00
+6.201172E+02,+3.129867E-06,-2.409924E-06,-1.080677E+02,-6.561639E-01
+6.203613E+02,-2.732415E-06,+3.364736E-08,-1.112684E+02,+3.129279E+00
+6.206055E+02,-3.862056E-06,+2.586063E-06,-1.066548E+02,+2.551557E+00
+6.208496E+02,+8.485989E-06,-5.834938E-06,-9.974455E+01,-6.023530E-01
+6.210938E+02,-5.570964E-06,+3.004446E-06,-1.039726E+02,+2.646998E+00
+6.213379E+02,-1.227295E-06,-1.499478E-06,-1.142543E+02,-2.256706E+00
+6.215820E+02,-3.864901E-08,+1.230480E-06,-1.181942E+02,+1.602196E+00
+6.218262E+02,+1.590298E-06,-1.252612E-06,-1.138742E+02,-6.671702E-01
+6.220703E+02,+6.978009E-07,+3.643238E-06,-1.086138E+02,+1.381555E+00
+6.223145E+02,+5.379725E-06,-1.293170E-06,-1.051408E+02,-2.359029E-01
+6.225586E+02,-6.177641E-06,+6.054067E-07,-1.041420E+02,+3.043905E+00
+6.228027E+02,-5.991706E-07,-3.206091E-07,-1.233555E+02,-2.650270E+00
+6.230469E+02,+8.421425E-07,-3.426622E-06,-1.090480E+02,-1.329808E+00
+6.232910E+02,-1.321311E-06,+4.802234E-06,-1.060542E+02,+1.839297E+00
+6.235352E+02,-1.124116E-06,-8.462032E-07,-1.170340E+02,-2.496320E+00
+6.237793E+02,+4.164667E-06,-3.759493E-06,-1.050199E+02,-7.343112E-01
+6.240234E+02,+1.804267E-07,+3.609939E-06,-1.088392E+02,+1.520857E+00
+6.242676E+02,-4.910432E-06,-6.440406E-06,-1.018316E+02,-2.222213E+00
+6.245117E+02,+3.355188E-06,+1.116054E-05,-9.867053E+01,+1.278762E+00
+6.247559E+02,+1.988648E-06,-8.357239E-06,-1.013195E+02,-1.337186E+00
+6.250000E+02,-5.231119E-06,-9.628673E-07,-1.054834E+02,-2.959565E+00
+6.252441E+02,+1.023254E-05,+5.548632E-06,-9.868086E+01,+4.968764E-01
+6.254883E+02,-1.290744E-05,-2.115769E-06,-9.766805E+01,-2.979119E+00
+6.257324E+02,+6.479026E-06,+5.706685E-06,-1.012759E+02,+7.221020E-01
+6.259766E+02,+1.970546E-06,-1.215952E-05,-9.818909E+01,-1.410135E+00
+6.262207E+02,-8.216864E-06,+7.927437E-06,-9.884853E+01,+2.374120E+00
+6.264648E+02,+7.215497E-06,-4.972599E-06,-1.011469E+02,-6.034105E-01
+6.267090E+02,-4.720517E-06,+7.499692E-06,-1.010497E+02,+2.132574E+00
+6.269531E+02,+3.832925E-06,-5.320326E-06,-1.036656E+02,-9.464898E-01
+6.271973E+02,-2.926194E-06,+5.416599E-06,-1.042134E+02,+2.066105E+00
+6.274414E+02,-3.072182E-07,-2.968068E-06,-1.105042E+02,-1.673937E+00
+6.276855E+02,+4.039186E-06,-5.848501E-06,-1.029654E+02,-9.663824E-01
+6.279297E+02,-2.994062E-07,+1.009667E-05,-9.991263E+01,+1.600442E+00
+6.281738E+02,+2.652789E-07,-5.776585E-06,-1.047574E+02,-1.524905E+00
+6.284180E+02,-4.535042E-06,-1.412597E-07,-1.068642E+02,-3.110454E+00
+6.286621E+02,+3.790752E-06,-1.192068E-06,-1.080159E+02,-3.046764E-01
+6.289062E+02,-4.056988E-06,-4.060574E-07,-1.077926E+02,-3.041837E+00
+6.291504E+02,+1.220296E-06,+6.277819E-06,-1.038828E+02,+1.378808E+00
+6.293945E+02,+1.055246E-06,-5.674440E-06,-1.047739E+02,-1.386932E+00
+6.296387E+02,+3.041334E-06,+4.395898E-06,-1.054404E+02,+9.655561E-01
+6.298828E+02,+8.812206E-07,-2.976946E-06,-1.101598E+02,-1.283000E+00
+6.301270E+02,-5.989692E-06,+2.549418E-06,-1.037288E+02,+2.739185E+00
+6.303711E+02,+1.733510E-06,-1.309054E-06,-1.132618E+02,-6.467870E-01
+6.306152E+02,+1.376054E-06,-8.643721E-07,-1.157829E+02,-5.608631E-01
+6.308594E+02,-4.050110E-06,+7.851625E-07,-1.076904E+02,+2.950106E+00
+6.311035E+02,+8.699581E-06,-3.100192E-06,-1.006908E+02,-3.423304E-01
+6.313477E+02,-7.225859E-06,+4.947798E-06,-1.011524E+02,+2.541185E+00
+6.315918E+02,-1.507966E-06,-1.430283E-06,-1.136455E+02,-2.382627E+00
+6.318359E+02,+3.888430E-06,+4.531742E-06,-1.044786E+02,+8.616514E-01
+6.320801E+02,-1.428485E-06,-8.446937E-06,-1.013436E+02,-1.738324E+00
+6.323242E+02,+4.355982E-06,+1.649731E-06,-1.066362E+02,+3.620347E-01
+6.325684E+02,-2.044846E-06,+1.824356E-06,-1.112438E+02,+2.413119E+00
+6.328125E+02,-6.708693E-06,+1.192937E-06,-1.033320E+02,+2.965612E+00
+6.330566E+02,+6.478150E-06,-2.498888E-06,-1.031686E+02,-3.681541E-01
+6.333008E+02,+1.813351E-06,+3.596769E-06,-1.078982E+02,+1.103825E+00
+6.335449E+02,-6.318485E-06,-3.030902E-06,-1.030883E+02,-2.694326E+00
+6.337891E+02,+6.229285E-06,+2.627739E-06,-1.034000E+02,+3.991880E-01
+6.340332E+02,-3.087591E-06,-2.994388E-06,-1.073284E+02,-2.371518E+00
+6.342773E+02,+1.215613E-06,+2.073136E-06,-1.123840E+02,+1.040464E+00
+6.345215E+02,-4.883698E-06,-2.349621E-06,-1.053208E+02,-2.693167E+00
+6.347656E+02,+1.261732E-05,+2.971547E-06,-9.774621E+01,+2.312983E-01
+6.350098E+02,-1.466068E-05,-3.156310E-06,-9.648015E+01,-2.929538E+00
+6.352539E+02,+8.706497E-06,-5.638630E-07,-1.011850E+02,-6.467315E-02
+6.354980E+02,-2.852800E-06,+1.106517E-05,-9.884135E+01,+1.823119E+00
+6.357422E+02,+2.348539E-06,-1.378621E-05,-9.708686E+01,-1.402062E+00
+6.359863E+02,-9.002848E-06,+4.318218E-06,-1.000131E+02,+2.694357E+00
+6.362305E+02,+1.001298E-05,+4.266323E-06,-9.926423E+01,+4.027843E-01
+6.364746E+02,+2.249429E-06,-7.837024E-06,-1.017732E+02,-1.291284E+00
+6.367188E+02,-1.088230E-05,+7.536260E-06,-9.756417E+01,+2.535902E+00
+6.369629E+02,+9.187966E-06,-1.224675E-06,-1.006591E+02,-1.325101E-01
+6.372070E+02,-6.045856E-06,-6.854049E-06,-1.007816E+02,-2.293625E+00
+6.374512E+02,+9.720137E-06,+1.406113E-05,-9.534325E+01,+9.659485E-01
+6.376953E+02,-1.183177E-05,-1.552610E-05,-9.419018E+01,-2.221969E+00
+6.379395E+02,+5.093776E-06,+7.967160E-06,-1.004855E+02,+1.001947E+00
+6.381836E+02,+4.461101E-06,-4.238742E-06,-1.042172E+02,-7.598448E-01
+6.384277E+02,-7.043032E-06,+5.869992E-06,-1.007541E+02,+2.446787E+00
+6.386719E+02,+6.228151E-06,-5.605396E-06,-1.015360E+02,-7.328205E-01
+6.389160E+02,-6.794764E-06,+1.311882E-06,-1.031976E+02,+2.950867E+00
+6.391602E+02,+2.720389E-06,+7.566518E-07,-1.109838E+02,+2.712840E-01
+6.394043E+02,+5.783590E-06,+2.382822E-06,-1.040751E+02,+3.908057E-01
+6.396484E+02,-6.986286E-06,-1.002565E-06,-1.030265E+02,-2.999061E+00
+6.398926E+02,+1.108557E-06,-3.937051E-06,-1.077652E+02,-1.296332E+00
+6.401367E+02,-2.704267E-06,+6.612728E-06,-1.029208E+02,+1.958993E+00
+6.403809E+02,+6.564504E-06,-3.027668E-06,-1.028183E+02,-4.321437E-01
+6.406250E+02,-7.644529E-06,+3.940481E-06,-1.013097E+02,+2.665650E+00
+6.408691E+02,+6.872457E-06,-7.787634E-06,-9.967068E+01,-8.477437E-01
+6.411133E+02,-1.026112E-07,-1.792245E-06,-1.149178E+02,-1.627987E+00
+6.413574E+02,-2.889589E-06,+1.353856E-05,-9.717508E+01,+1.781075E+00
+6.416016E+02,+6.406082E-06,-1.373296E-05,-9.638968E+01,-1.134326E+00
+6.418457E+02,-7.032803E-06,+4.095529E-06,-1.017892E+02,+2.614255E+00
+6.420898E+02,-1.678085E-06,+4.727478E-07,-1.151720E+02,+2.866991E+00
+6.423340E+02,+4.525640E-06,-1.974734E-06,-1.061295E+02,-4.114394E-01
+6.425781E+02,-2.903170E-06,+5.914787E-06,-1.036238E+02,+2.027083E+00
+6.428223E+02,+8.310267E-06,-2.361555E-06,-1.012704E+02,-2.768743E-01
+6.430664E+02,-1.571978E-05,-2.652691E-06,-9.594913E+01,-2.974419E+00
+6.433105E+02,+1.648355E-05,+7.298015E-07,-9.565048E+01,+4.424563E-02
+6.435547E+02,-8.113137E-06,+5.217008E-06,-1.003133E+02,+2.570131E+00
+6.437988E+02,+1.365381E-06,-1.117972E-05,-9.896709E+01,-1.449268E+00
+6.440430E+02,-5.800553E-06,+9.377857E-06,-9.915100E+01,+2.124735E+00
+6.442871E+02,+9.550015E-06,-3.812704E-06,-9.975762E+01,-3.798470E-01
+6.445312E+02,-5.965362E-07,+3.064991E-06,-1.101099E+02,+1.763022E+00
+6.447754E+02,-7.820920E-06,-4.940998E-06,-1.006763E+02,-2.578142E+00
+6.450195E+02,+5.122175E-06,+3.139164E-06,-1.044260E+02,+5.498201E-01
+6.452637E+02,-4.740432E-06,-1.235059E-06,-1.061984E+02,-2.886722E+00
+6.455078E+02,+3.772368E-06,-8.866061E-07,-1.082342E+02,-2.308370E-01
+6.457520E+02,+8.667374E-06,+8.613682E-07,-1.011996E+02,+9.905528E-02
+6.459961E+02,-1.047426E-05,+7.775646E-07,-9.957367E+01,+3.067493E+00
+6.462402E+02,-1.687239E-06,-3.066927E-06,-1.091176E+02,-2.073747E+00
+6.464844E+02,+3.157879E-06,+6.529099E-06,-1.027900E+02,+1.120304E+00
+6.467285E+02,+1.360516E-08,-4.936115E-06,-1.061323E+02,-1.568040E+00
+6.469727E+02,+2.509035E-06,+1.003334E-06,-1.113656E+02,+3.804102E-01
+6.472168E+02,-8.780427E-07,-3.311117E-07,-1.205522E+02,-2.780980E+00
+6.474609E+02,-4.034517E-06,+4.027838E-06,-1.048811E+02,+2.357023E+00
+6.477051E+02,+5.168657E-06,-3.611823E-06,-1.040055E+02,-6.099157E-01
+6.479492E+02,-3.584069E-06,+3.821895E-07,-1.088634E+02,+3.035358E+00
+6.481934E+02,-3.642230E-06,-4.293497E-06,-1.049894E+02,-2.274310E+00
+6.484375E+02,+7.682457E-06,+9.357121E-07,-1.022260E+02,+1.212016E-01
+6.486816E+02,+1.632651E-07,+7.855406E-06,-1.020948E+02,+1.550016E+00
+6.489258E+02,-4.001140E-06,-3.959746E-06,-1.049910E+02,-2.361394E+00
+6.491699E+02,+3.066978E-06,-1.892226E-06,-1.088650E+02,-5.528024E-01
+6.494141E+02,-4.663154E-06,-3.012447E-06,-1.051117E+02,-2.568027E+00
+6.496582E+02,+3.615192E-06,+5.367832E-06,-1.037796E+02,+9.780833E-01
+6.499023E+02,-3.220318E-06,+1.523993E-06,-1.089644E+02,+2.699579E+00
+6.501465E+02,+2.385874E-06,-9.176932E-06,-1.004620E+02,-1.316441E+00
+6.503906E+02,+1.128754E-06,+5.288076E-06,-1.053405E+02,+1.360500E+00
+6.506348E+02,-6.606255E-06,+1.834909E-06,-1.032781E+02,+2.870669E+00
+6.508789E+02,+8.009922E-06,-4.590152E-06,-1.006942E+02,-5.203739E-01
+6.511230E+02,-3.516392E-06,+1.094201E-05,-9.879121E+01,+1.881738E+00
+6.513672E+02,+1.278692E-06,-8.742564E-06,-1.010753E+02,-1.425565E+00
+6.516113E+02,-2.308860E-06,-4.399235E-06,-1.060758E+02,-2.054112E+00
+6.518555E+02,+1.034564E-06,+8.169489E-06,-1.016870E+02,+1.444829E+00
+6.520996E+02,+2.686409E-06,-5.885480E-06,-1.037825E+02,-1.142594E+00
+6.523438E+02,-2.160737E-06,+5.980340E-06,-1.039326E+02,+1.917508E+00
+6.525879E+02,-4.025384E-06,-3.467625E-06,-1.054932E+02,-2.430495E+00
+6.528320E+02,+2.697862E-06,+1.338799E-06,-1.104235E+02,+4.606385E-01
+6.530762E+02,+4.938491E-08,-3.086082E-06,-1.102107E+02,-1.554795E+00
+6.533203E+02,+4.734542E-06,+4.567241E-06,-1.036376E+02,+7.674143E-01
+6.535645E+02,-2.832943E-06,-4.719930E-06,-1.051851E+02,-2.111369E+00
+6.538086E+02,-5.528837E-06,+6.691579E-06,-1.012294E+02,+2.261333E+00
+6.540527E+02,+7.091301E-06,-5.248281E-06,-1.010885E+02,-6.371357E-01
+6.542969E+02,-9.283680E-06,-1.212942E-07,-1.006449E+02,-3.128528E+00
+6.545410E+02,+1.007879E-05,-4.387649E-10,-9.993183E+01,-4.353349E-05
+6.547852E+02,-1.700470E-06,+2.437651E-06,-1.105386E+02,+2.179900E+00
+6.550293E+02,-2.673621E-06,-2.151878E-06,-1.092890E+02,-2.463898E+00
+6.552734E+02,-1.159977E-06,+1.711172E-06,-1.136920E+02,+2.166525E+00
+6.555176E+02,+5.956462E-06,-2.142833E-06,-1.039717E+02,-3.453336E-01
+6.557617E+02,-9.732385E-06,+2.264998E-06,-1.000065E+02,+2.912935E+00
+6.560059E+02,+6.746383E-06,+3.133447E-06,-1.025702E+02,+4.348162E-01
+6.562500E+02,-2.482373E-06,-8.022761E-06,-1.015165E+02,-1.870869E+00
+6.564941E+02,+4.282434E-06,+3.178738E-06,-1.054601E+02,+6.385378E-01
+6.567383E+02,-2.654629E-06,+3.912590E-06,-1.065062E+02,+2.166935E+00
+6.569824E+02,-6.350416E-06,-2.562233E-06,-1.032889E+02,-2.758094E+00
+6.572266E+02,+1.017067E-05,+4.687787E-07,-9.984380E+01,+4.605864E-02
+6.574707E+02,-5.756707E-06,-2.379473E-06,-1.041115E+02,-2.749640E+00
+6.577148E+02,+2.663890E-06,+5.185647E-06,-1.046868E+02,+1.096245E+00
+6.579590E+02,-3.276150E-06,-5.708322E-06,-1.036333E+02,-2.091822E+00
+6.582031E+02,+2.247115E-06,+4.104168E-06,-1.065968E+02,+1.069859E+00
+6.584473E+02,-1.839357E-06,-3.584088E-06,-1.078971E+02,-2.044949E+00
+6.586914E+02,+3.123846E-06,+5.907715E-06,-1.035009E+02,+1.084395E+00
+6.589355E+02,-3.431494E-06,-7.866171E-06,-1.013282E+02,-1.982144E+00
+6.591797E+02,+4.705757E-06,+7.557301E-06,-1.010096E+02,+1.013869E+00
+6.594238E+02,-5.875359E-06,-5.232206E-06,-1.020834E+02,-2.414032E+00
+6.596680E+02,+2.054430E-06,+8.312380E-07,-1.130877E+02,+3.844721E-01
+6.599121E+02,+4.323529E-07,-1.997955E-06,-1.137895E+02,-1.357685E+00
+6.601562E+02,+7.670385E-06,+4.947675E-06,-1.007928E+02,+5.728776E-01
+6.604004E+02,-1.252465E-05,+6.138924E-07,-9.803427E+01,+3.092617E+00
+6.606445E+02,+3.413669E-06,-3.526422E-06,-1.061819E+02,-8.016433E-01
+6.608887E+02,+4.444260E-06,-1.473797E-06,-1.065909E+02,-3.202060E-01
+6.611328E+02,-2.179265E-06,+2.199251E-06,-1.101837E+02,+2.351630E+00
+6.613770E+02,-2.504795E-07,+6.994640E-07,-1.225807E+02,+1.914671E+00
+6.616211E+02,-1.633367E-06,-2.419881E-06,-1.106937E+02,-2.164531E+00
+6.618652E+02,+4.572179E-06,+2.270594E-06,-1.058402E+02,+4.609327E-01
+6.621094E+02,-2.273405E-06,+2.385688E-07,-1.128189E+02,+3.037036E+00
+6.623535E+02,-8.732280E-06,+1.833951E-06,-1.009900E+02,+2.934582E+00
+6.625977E+02,+1.365704E-05,-2.211310E-06,-9.718048E+01,-1.605241E-01
+6.628418E+02,-4.441873E-06,-2.793936E-07,-1.070315E+02,-3.078775E+00
+6.630859E+02,-2.827766E-06,-4.871827E-06,-1.049852E+02,-2.096704E+00
+6.633301E+02,+2.094965E-06,+8.680123E-06,-1.009836E+02,+1.333973E+00
+6.635742E+02,-2.430180E-06,-5.009000E-06,-1.050870E+02,-2.022504E+00
+6.638184E+02,-2.764311E-08,+6.753059E-06,-1.034099E+02,+1.574890E+00
+6.640625E+02,+6.451693E-06,-1.956874E-06,-1.034243E+02,-2.944923E-01
+6.643066E+02,-8.151543E-06,-1.026630E-05,-9.764864E+01,-2.241874E+00
+6.645508E+02,+2.203373E-06,+9.887723E-06,-9.988760E+01,+1.351539E+00
+6.647949E+02,+2.008488E-06,-7.891538E-06,-1.017842E+02,-1.321576E+00
+6.650391E+02,+7.507073E-06,+1.067113E-05,-9.768967E+01,+9.577292E-01
+6.652832E+02,-1.183502E-05,-7.589509E-06,-9.704063E+01,-2.571375E+00
+6.655273E+02,+4.481452E-06,+2.274320E-06,-1.059764E+02,+4.696266E-01
+6.657715E+02,-1.381336E-06,-2.170142E-06,-1.117930E+02,-2.137636E+00
+6.660156E+02,-1.913396E-06,+2.477816E-06,-1.100874E+02,+2.228361E+00
+6.662598E+02,+2.861196E-06,+2.178376E-06,-1.088834E+02,+6.507267E-01
+6.665039E+02,+3.513442E-06,-6.113227E-06,-1.030351E+02,-1.049167E+00
+6.667480E+02,-4.688430E-06,+6.809039E-06,-1.016530E+02,+2.173803E+00
+6.669922E+02,-4.668889E-07,-2.845260E-06,-1.108022E+02,-1.733440E+00
+6.672363E+02,+2.478891E-06,-4.652159E-07,-1.119645E+02,-1.855131E-01
+6.674805E+02,+3.853705E-06,+2.263817E-06,-1.069949E+02,+5.311324E-01
+6.677246E+02,-8.133109E-06,-2.949887E-06,-1.012581E+02,-2.793648E+00
+6.679688E+02,+6.219012E-06,+1.926525E-06,-1.037276E+02,+3.004049E-01
+6.682129E+02,-3.486430E-06,-2.857594E-08,-1.091521E+02,-3.133396E+00
+6.684570E+02,-1.704592E-06,-1.865119E-06,-1.119489E+02,-2.311255E+00
+6.687012E+02,+4.927323E-06,-3.334782E-06,-1.045101E+02,-5.949810E-01
+6.689453E+02,+2.020226E-07,+6.939961E-06,-1.031692E+02,+1.541695E+00
+6.691895E+02,-5.517420E-06,-4.887142E-06,-1.026499E+02,-2.416698E+00
+6.694336E+02,+6.674068E-06,+3.233563E-06,-1.025964E+02,+4.511681E-01
+6.696777E+02,-8.638098E-06,-3.877582E-06,-1.004744E+02,-2.719660E+00
+6.699219E+02,+2.513138E-06,+9.566206E-06,-1.000954E+02,+1.313892E+00
+6.701660E+02,+8.766280E-06,-9.602346E-06,-9.771977E+01,-8.308827E-01
+6.704102E+02,-6.371297E-06,-9.562309E-08,-1.039145E+02,-3.126585E+00
+6.706543E+02,+5.340994E-07,+5.109735E-06,-1.057848E+02,+1.466649E+00
+6.708984E+02,-9.412514E-07,-3.586078E-06,-1.086183E+02,-1.827480E+00
+6.711426E+02,+2.438844E-06,+3.047803E-06,-1.081710E+02,+8.959349E-01
+6.713867E+02,-2.581474E-06,-3.675685E-06,-1.069519E+02,-2.183072E+00
+6.716309E+02,+2.106646E-07,+3.882495E-06,-1.082050E+02,+1.516589E+00
+6.718750E+02,+3.040579E-06,+4.294889E-07,-1.102551E+02,+1.403240E-01
+6.721191E+02,-6.349178E-06,-7.750154E-06,-9.998367E+01,-2.257155E+00
+6.723633E+02,+9.649203E-06,+5.675035E-06,-9.902003E+01,+5.316496E-01
+6.726074E+02,-2.609712E-06,+1.960138E-06,-1.097254E+02,+2.497392E+00
+6.728516E+02,-4.041392E-06,-4.996426E-06,-1.038408E+02,-2.250914E+00
+6.730957E+02,-3.078487E-06,+6.873273E-06,-1.024627E+02,+1.991896E+00
+6.733398E+02,+5.411831E-06,-9.452981E-06,-9.925744E+01,-1.050843E+00
+6.735840E+02,+2.609284E-06,+6.194098E-06,-1.034510E+02,+1.172104E+00
+6.738281E+02,-7.379399E-06,-1.032840E-06,-1.025553E+02,-3.002533E+00
+6.740723E+02,+3.948954E-06,-1.796814E-06,-1.072532E+02,-4.270124E-01
+6.743164E+02,-2.338981E-06,+2.334476E-06,-1.096175E+02,+2.357159E+00
+6.745605E+02,+2.087916E-06,-1.609350E-06,-1.115805E+02,-6.566759E-01
+6.748047E+02,+4.071608E-06,+1.063496E-06,-1.075181E+02,+2.554898E-01
+6.750488E+02,-3.579796E-06,+1.245146E-06,-1.084268E+02,+2.806856E+00
+6.752930E+02,-1.703800E-06,-4.140314E-07,-1.151225E+02,-2.903208E+00
+6.755371E+02,+3.006259E-06,-9.615535E-07,-1.100165E+02,-3.095673E-01
+6.757812E+02,-5.456839E-06,-6.079314E-06,-1.017564E+02,-2.302288E+00
+6.760254E+02,+7.286580E-06,+1.201436E-05,-9.704567E+01,+1.025619E+00
+6.762695E+02,-5.145346E-06,-8.610574E-06,-9.997330E+01,-2.109421E+00
+6.765137E+02,+8.072738E-07,+1.688770E-06,-1.145548E+02,+1.124883E+00
+6.767578E+02,+6.943147E-06,-2.955721E-07,-1.031610E+02,-4.254465E-02
+6.770020E+02,-8.190858E-06,+1.227165E-06,-1.016370E+02,+2.992877E+00
+6.772461E+02,+6.982650E-07,+1.381445E-07,-1.229529E+02,+1.953174E-01
+6.774902E+02,+2.125964E-06,-1.128218E-06,-1.123713E+02,-4.878934E-01
+6.777344E+02,-2.255174E-06,+7.824578E-06,-1.017842E+02,+1.851408E+00
+6.779785E+02,+7.758301E-07,-8.526771E-06,-1.013485E+02,-1.480059E+00
+6.782227E+02,+3.078624E-06,-4.274475E-06,-1.055675E+02,-9.466189E-01
+6.784668E+02,-4.388351E-06,+6.018506E-06,-1.025586E+02,+2.200815E+00
+6.787109E+02,+5.058063E-06,+3.018509E-07,-1.059049E+02,+5.960649E-02
+6.789551E+02,-3.924771E-06,+1.661866E-06,-1.074075E+02,+2.741053E+00
+6.791992E+02,-5.071245E-07,-8.164833E-06,-1.017443E+02,-1.632827E+00
+6.794434E+02,-7.574042E-07,+7.671793E-06,-1.022599E+02,+1.669203E+00
+6.796875E+02,+1.003754E-05,-4.976245E-06,-9.901305E+01,-4.602528E-01
+6.799316E+02,-1.420878E-05,+5.554379E-06,-9.633128E+01,+2.768945E+00
+6.801758E+02,+6.115174E-06,-1.770367E-06,-1.039223E+02,-2.817998E-01
+6.804199E+02,-4.114333E-06,-1.724492E-06,-1.070111E+02,-2.744694E+00
+6.806641E+02,+8.754534E-06,-3.354390E-06,-1.005604E+02,-3.659056E-01
+6.809082E+02,-4.461412E-06,+7.726040E-06,-1.009911E+02,+2.094471E+00
+6.811523E+02,-4.688874E-08,-4.778308E-06,-1.064141E+02,-1.580609E+00
+6.813965E+02,-6.606417E-07,+1.771515E-06,-1.144676E+02,+1.927746E+00
+6.816406E+02,+1.547947E-06,-4.758650E-06,-1.060135E+02,-1.256301E+00
+6.818848E+02,-1.384073E-06,+7.407827E-06,-1.024572E+02,+1.755506E+00
+6.821289E+02,-1.555644E-06,-3.525186E-06,-1.082836E+02,-1.986387E+00
+6.823730E+02,+6.079433E-06,+8.845960E-07,-1.042318E+02,+1.444923E-01
+6.826172E+02,-9.164220E-06,-2.169803E-06,-1.005212E+02,-2.909105E+00
+6.828613E+02,+8.207538E-06,+9.472940E-07,-1.016583E+02,+1.149091E-01
+6.831055E+02,-4.243580E-06,-3.433290E-06,-1.052585E+02,-2.461355E+00
+6.833496E+02,+1.547356E-07,+2.635290E-06,-1.115685E+02,+1.512147E+00
+6.835938E+02,+4.259254E-06,+3.588616E-06,-1.050837E+02,+7.001505E-01
+6.838379E+02,-5.875644E-06,-2.039844E-06,-1.041247E+02,-2.807442E+00
+6.840820E+02,-2.848463E-06,+1.249207E-06,-1.101438E+02,+2.728297E+00
+6.843262E+02,+9.391685E-06,+4.946698E-06,-9.948178E+01,+4.847869E-01
+6.845703E+02,-3.579336E-06,-1.578657E-05,-9.581654E+01,-1.793760E+00
+6.848145E+02,-2.140403E-06,+1.695372E-05,-9.534602E+01,+1.696382E+00
+6.850586E+02,+1.657299E-06,-1.572721E-05,-9.601901E+01,-1.465806E+00
+6.853027E+02,-2.432111E-06,+1.197746E-05,-9.825723E+01,+1.771130E+00
+6.855469E+02,+4.862269E-06,-6.774271E-06,-1.015781E+02,-9.482532E-01
+6.857910E+02,-2.710366E-06,+1.360349E-06,-1.103637E+02,+2.676421E+00
+6.860352E+02,+4.766309E-07,+4.659643E-06,-1.065877E+02,+1.468862E+00
+6.862793E+02,-3.528373E-06,-4.156192E-06,-1.052690E+02,-2.274677E+00
+6.865234E+02,+5.485873E-06,-1.508063E-07,-1.052118E+02,-2.748302E-02
+6.867676E+02,-8.059051E-06,+4.145045E-06,-1.008550E+02,+2.666543E+00
+6.870117E+02,+8.184656E-06,-1.808069E-06,-1.015331E+02,-2.174177E-01
+6.872559E+02,+1.677035E-07,-5.517650E-06,-1.051609E+02,-1.540412E+00
+6.875000E+02,-5.954151E-06,+1.059219E-05,-9.830777E+01,+2.082902E+00
+6.877441E+02,-5.946947E-07,-8.328778E-06,-1.015663E+02,-1.642078E+00
+6.879883E+02,+8.894237E-06,+4.170871E-06,-1.001546E+02,+4.384930E-01
+6.882324E+02,-1.062299E-05,-3.107401E-06,-9.911850E+01,-2.857015E+00
+6.884766E+02,+1.015060E-05,-1.209408E-06,-9.980895E+01,-1.185874E-01
+6.887207E+02,-6.988518E-06,+7.822636E-06,-9.958477E+01,+2.299937E+00
+6.889648E+02,+1.933124E-06,-1.176023E-05,-9.847589E+01,-1.407875E+00
+6.892090E+02,-2.910783E-06,+2.480738E-06,-1.083485E+02,+2.435789E+00
+6.894531E+02,+3.565018E-06,+1.042356E-05,-9.915925E+01,+1.241252E+00
+6.896973E+02,-2.415531E-06,-1.156007E-05,-9.855519E+01,-1.776787E+00
+6.899414E+02,+4.465687E-06,+3.912541E-06,-1.045284E+02,+7.194719E-01
+6.901855E+02,-2.904889E-06,+6.848996E-06,-1.025690E+02,+1.971933E+00
+6.904297E+02,+8.426787E-07,-7.235660E-06,-1.027519E+02,-1.454857E+00
+6.906738E+02,+7.134101E-07,+3.134627E-06,-1.098570E+02,+1.347018E+00
+6.909180E+02,-1.227875E-06,-1.851588E-06,-1.130662E+02,-2.156358E+00
+6.911621E+02,-2.639508E-06,+2.336701E-07,-1.115356E+02,+3.053295E+00
+6.914062E+02,+2.762968E-07,-2.069995E-06,-1.136039E+02,-1.438104E+00
+6.916504E+02,+4.798466E-06,+3.580889E-06,-1.044553E+02,+6.411013E-01
+6.918945E+02,-4.197112E-06,-2.014940E-06,-1.066403E+02,-2.694009E+00
+6.921387E+02,+1.479818E-06,+1.207536E-06,-1.143794E+02,+6.844227E-01
+6.923828E+02,+2.350750E-06,-1.379771E-06,-1.112902E+02,-5.307682E-01
+6.926270E+02,-6.763039E-06,-3.693441E-07,-1.033842E+02,-3.087035E+00
+6.928711E+02,+9.081492E-06,+5.099577E-06,-9.964654E+01,+5.116562E-01
+6.931152E+02,-5.525949E-06,-2.884222E-06,-1.041055E+02,-2.660546E+00
+6.933594E+02,-3.498727E-06,+8.303564E-08,-1.091193E+02,+3.117864E+00
+6.936035E+02,+6.896586E-06,-6.832434E-06,-1.002574E+02,-7.807254E-01
+6.938477E+02,-3.163084E-07,+8.167844E-06,-1.017513E+02,+1.609503E+00
+6.940918E+02,-4.244915E-06,+2.936565E-06,-1.057442E+02,+2.536402E+00
+6.943359E+02,+4.276037E-07,-1.040095E-05,-9.965120E+01,-1.529707E+00
+6.945801E+02,+5.409739E-06,+6.452717E-06,-1.014934E+02,+8.730953E-01
+6.948242E+02,-5.159400E-06,+4.175616E-06,-1.035600E+02,+2.461193E+00
+6.950684E+02,+5.480900E-06,-1.273276E-05,-9.716330E+01,-1.164313E+00
+6.953125E+02,-7.499701E-06,+9.288129E-06,-9.846140E+01,+2.250064E+00
+6.955566E+02,+3.174800E-06,-1.074681E-06,-1.094945E+02,-3.263965E-01
+6.958008E+02,+9.750638E-07,+1.269302E-06,-1.159144E+02,+9.157557E-01
+6.960449E+02,-2.088513E-06,-6.083174E-06,-1.038335E+02,-1.901513E+00
+6.962891E+02,-5.371243E-07,+6.281521E-06,-1.040071E+02,+1.656097E+00
+6.965332E+02,+6.065004E-06,-1.109694E-07,-1.043419E+02,-1.829464E-02
+6.967773E+02,-1.731514E-06,-6.376185E-07,-1.146792E+02,-2.788759E+00
+6.970215E+02,-8.516558E-06,-2.791406E-07,-1.013901E+02,-3.108828E+00
+6.972656E+02,+6.630768E-06,-7.657524E-07,-1.035112E+02,-1.149754E-01
+6.975098E+02,+2.732125E-06,-2.084064E-06,-1.092783E+02,-6.516426E-01
+6.977539E+02,-4.058171E-06,+6.016660E-06,-1.027845E+02,+2.164195E+00
+6.979980E+02,+1.036992E-06,-1.117675E-05,-9.899646E+01,-1.478280E+00
+6.982422E+02,-5.870438E-07,+8.850681E-06,-1.010414E+02,+1.637027E+00
+6.984863E+02,+5.103267E-06,-4.723436E-07,-1.058060E+02,-9.229415E-02
+6.987305E+02,-7.458561E-06,+1.039850E-06,-1.024633E+02,+3.003069E+00
+6.989746E+02,+2.208492E-06,-5.798542E-06,-1.041453E+02,-1.206889E+00
+6.992188E+02,+7.188873E-07,+4.284843E-06,-1.072407E+02,+1.404570E+00
+6.994629E+02,+4.049946E-06,-2.808417E-06,-1.061459E+02,-6.063134E-01
+6.997070E+02,-5.163631E-06,+5.588211E-06,-1.023739E+02,+2.316726E+00
+6.999512E+02,-1.343806E-06,-3.353871E-06,-1.088425E+02,-1.951883E+00
+7.001953E+02,+3.297994E-06,-3.869103E-08,-1.096344E+02,-1.173115E-02
+7.004395E+02,+9.148535E-07,-1.763694E-06,-1.140367E+02,-1.092289E+00
+7.006836E+02,-4.140930E-06,+5.343117E-06,-1.034012E+02,+2.230108E+00
+7.009277E+02,+5.609448E-06,-6.969352E-06,-1.009671E+02,-8.930907E-01
+7.011719E+02,-1.543099E-06,+4.439496E-06,-1.065580E+02,+1.905317E+00
+7.014160E+02,-3.238279E-06,-3.206479E-06,-1.068261E+02,-2.361129E+00
+7.016602E+02,+1.938013E-06,+1.084499E-06,-1.130697E+02,+5.101788E-01
+7.019043E+02,+1.400532E-06,+3.533470E-06,-1.084023E+02,+1.193431E+00
+7.021484E+02,-4.807117E-06,-5.885124E-06,-1.023850E+02,-2.255713E+00
+7.023926E+02,+9.111620E-06,+5.662034E-06,-9.938999E+01,+5.560122E-01
+7.026367E+02,-3.720863E-06,-4.825132E-06,-1.043031E+02,-2.227692E+00
+7.028809E+02,-8.609214E-06,+5.262924E-06,-9.992180E+01,+2.592896E+00
+7.031250E+02,+7.393464E-06,-2.609808E-06,-1.021131E+02,-3.393347E-01
+7.033691E+02,+4.720210E-06,-2.149967E-06,-1.057020E+02,-4.274028E-01
+7.036133E+02,-5.858082E-06,+4.263994E-06,-1.027985E+02,+2.512398E+00
+7.038574E+02,+2.614133E-06,-7.241604E-06,-1.022713E+02,-1.224366E+00
+7.041016E+02,-1.913875E-06,+4.901635E-06,-1.055769E+02,+1.943049E+00
+7.043457E+02,-7.110534E-06,-5.064803E-07,-1.029400E+02,-3.070483E+00
+7.045898E+02,+1.066444E-05,+4.381740E-07,-9.943391E+01,+4.106428E-02
+7.048340E+02,+1.528381E-07,+1.661759E-06,-1.155521E+02,+1.479081E+00
+7.050781E+02,-8.347515E-06,-3.321175E-06,-1.009307E+02,-2.762929E+00
+7.053223E+02,+6.755778E-06,+7.033490E-06,-1.002177E+02,+8.055352E-01
+7.055664E+02,-4.045056E-06,-6.867088E-06,-1.019709E+02,-2.103125E+00
+7.058105E+02,+5.662318E-07,+6.047671E-06,-1.043303E+02,+1.477440E+00
+7.060547E+02,+5.831042E-06,-7.492259E-06,-1.004511E+02,-9.094430E-01
+7.062988E+02,-5.323898E-06,-1.653938E-06,-1.050753E+02,-2.840382E+00
+7.065430E+02,-3.018760E-08,+3.137898E-06,-1.100668E+02,+1.580416E+00
+7.067871E+02,+6.563946E-06,+6.069116E-06,-1.009735E+02,+7.462487E-01
+7.070312E+02,-1.230311E-05,-1.062289E-05,-9.578047E+01,-2.429353E+00
+7.072754E+02,+9.852161E-06,+3.962858E-06,-9.947809E+01,+3.824293E-01
+7.075195E+02,-3.446571E-06,+5.985048E-06,-1.032148E+02,+2.093279E+00
+7.077637E+02,-2.022056E-08,-4.849412E-06,-1.062861E+02,-1.574966E+00
+7.080078E+02,-1.648767E-06,+9.384007E-07,-1.144381E+02,+2.624164E+00
+7.082520E+02,+2.099057E-06,-4.068171E-08,-1.135579E+02,-1.937852E-02
+7.084961E+02,-8.817830E-07,-6.704179E-07,-1.191115E+02,-2.491533E+00
+7.087402E+02,+1.147989E-06,-2.209189E-06,-1.120772E+02,-1.091558E+00
+7.089844E+02,+3.545278E-06,+4.515956E-06,-1.048198E+02,+9.052343E-01
+7.092285E+02,-4.826027E-06,-1.995975E-06,-1.056424E+02,-2.749430E+00
+7.094727E+02,-1.215916E-06,-4.536048E-06,-1.065651E+02,-1.832695E+00
+7.097168E+02,+2.358965E-06,+1.755616E-06,-1.106314E+02,+6.397991E-01
+7.099609E+02,-1.289578E-06,+2.648690E-06,-1.106155E+02,+2.023888E+00
+7.102051E+02,+2.884398E-06,+4.653508E-06,-1.052324E+02,+1.015921E+00
+7.104492E+02,-4.171302E-06,-4.355195E-06,-1.043929E+02,-2.334631E+00
+7.106934E+02,+5.654013E-06,-2.010349E-06,-1.044358E+02,-3.416207E-01
+7.109375E+02,-4.971606E-06,+3.646372E-06,-1.042007E+02,+2.508775E+00
+7.111816E+02,+3.067830E-06,-6.186703E-06,-1.032160E+02,-1.110454E+00
+7.114258E+02,-6.271479E-06,+6.390754E-06,-1.009597E+02,+2.346775E+00
+7.116699E+02,+4.867509E-06,-1.144057E-06,-1.060203E+02,-2.308495E-01
+7.119141E+02,+2.925101E-06,-4.023439E-06,-1.060653E+02,-9.421687E-01
+7.121582E+02,-2.075052E-06,+5.649037E-06,-1.044108E+02,+1.922824E+00
+7.124023E+02,-3.871536E-06,-6.501301E-06,-1.024218E+02,-2.107902E+00
+7.126465E+02,+5.690224E-06,+4.308207E-06,-1.029295E+02,+6.480452E-01
+7.128906E+02,-6.338380E-06,+2.682860E-06,-1.032447E+02,+2.741186E+00
+7.131348E+02,+3.753867E-06,-3.059583E-06,-1.062981E+02,-6.838496E-01
+7.133789E+02,-3.814789E-06,-4.260803E-06,-1.048536E+02,-2.301021E+00
+7.136230E+02,+7.798881E-06,+4.323778E-06,-1.009954E+02,+5.062227E-01
+7.138672E+02,-1.941856E-06,-8.569218E-07,-1.134629E+02,-2.726006E+00
+7.141113E+02,-3.258568E-06,+6.919427E-07,-1.095479E+02,+2.932355E+00
+7.143555E+02,+2.505198E-06,+2.646250E-07,-1.119750E+02,+1.052401E-01
+7.145996E+02,-4.755813E-06,+6.974494E-07,-1.063631E+02,+2.995979E+00
+7.148438E+02,+9.023292E-07,-4.380738E-06,-1.069886E+02,-1.367661E+00
+7.150879E+02,+1.855680E-06,+2.119557E-06,-1.110039E+02,+8.516812E-01
+7.153320E+02,-1.054904E-06,+3.879224E-06,-1.079153E+02,+1.836313E+00
+7.155762E+02,+6.868336E-06,-3.746522E-06,-1.021317E+02,-4.993644E-01
+7.158203E+02,-5.980781E-06,+2.100174E-06,-1.039598E+02,+2.803890E+00
+7.160645E+02,-2.958388E-06,-5.912058E-06,-1.035947E+02,-2.034763E+00
+7.163086E+02,+1.169542E-06,+1.209978E-05,-9.830406E+01,+1.474438E+00
+7.165527E+02,+5.829571E-06,-1.262081E-05,-9.713838E+01,-1.138089E+00
+7.167969E+02,-4.991840E-06,+4.281157E-06,-1.036405E+02,+2.432685E+00
+7.170410E+02,+1.892249E-06,+1.340842E-06,-1.126934E+02,+6.164727E-01
+7.172852E+02,-3.235587E-06,-1.039827E-06,-1.093741E+02,-2.830646E+00
+7.175293E+02,+3.370245E-07,-1.988416E-06,-1.139069E+02,-1.402898E+00
+7.177734E+02,+5.182006E-06,+7.404213E-06,-1.008791E+02,+9.601559E-01
+7.180176E+02,-4.583020E-06,-8.636530E-06,-1.001957E+02,-2.058666E+00
+7.182617E+02,+4.606084E-06,+3.992284E-06,-1.042999E+02,+7.141334E-01
+7.185059E+02,-4.472250E-06,+1.966793E-06,-1.062216E+02,+2.727273E+00
+7.187500E+02,-1.160381E-06,+1.911993E-07,-1.185916E+02,+2.978287E+00
+7.189941E+02,+5.390820E-06,-6.019475E-06,-1.018512E+02,-8.404379E-01
+7.192383E+02,-9.859883E-07,+4.564905E-06,-1.066133E+02,+1.783522E+00
+7.194824E+02,-2.847326E-06,-3.112386E-06,-1.074972E+02,-2.311749E+00
+7.197266E+02,-5.411657E-06,+2.869329E-06,-1.042575E+02,+2.654068E+00
+7.199707E+02,+7.568747E-06,+9.580963E-07,-1.023505E+02,+1.259161E-01
+7.202148E+02,-8.809751E-07,-1.891388E-06,-1.136116E+02,-2.006697E+00
+7.204590E+02,+1.357501E-06,+1.863607E-06,-1.127443E+02,+9.412456E-01
+7.207031E+02,-2.067335E-06,-3.497007E-06,-1.078244E+02,-2.104700E+00
+7.209473E+02,-1.531732E-06,+5.344855E-07,-1.157973E+02,+2.805861E+00
+7.211914E+02,+3.637321E-06,-7.556370E-07,-1.086009E+02,-2.048319E-01
+7.214355E+02,-3.007844E-06,+5.907415E-06,-1.035709E+02,+2.041749E+00
+7.216797E+02,-1.122231E-08,-4.528759E-06,-1.068804E+02,-1.573274E+00
+7.219238E+02,+3.210983E-07,+5.435549E-06,-1.052800E+02,+1.511791E+00
+7.221680E+02,+1.129342E-06,-1.663274E-06,-1.139342E+02,-9.743122E-01
+7.224121E+02,-1.052618E-06,-1.058640E-05,-9.946231E+01,-1.669902E+00
+7.226562E+02,+3.144150E-06,+1.125256E-05,-9.864849E+01,+1.298329E+00
+7.229004E+02,-2.205562E-06,-2.819331E-06,-1.089234E+02,-2.234651E+00
+7.231445E+02,-3.435086E-06,-2.200012E-06,-1.077885E+02,-2.571958E+00
+7.233887E+02,+8.900561E-06,+3.521269E-06,-1.003801E+02,+3.767277E-01
+7.236328E+02,-1.016752E-05,-3.293665E-06,-9.942232E+01,-2.828320E+00
+7.238770E+02,+3.886992E-06,+2.551535E-06,-1.066516E+02,+5.808817E-01
+7.241211E+02,-2.220780E-06,-8.873234E-07,-1.124266E+02,-2.761470E+00
+7.243652E+02,+5.293655E-06,+2.542782E-07,-1.055149E+02,+4.799763E-02
+7.246094E+02,-7.211760E-06,-3.100666E-06,-1.021025E+02,-2.735540E+00
+7.248535E+02,+4.499919E-06,+5.767242E-06,-1.027156E+02,+9.082116E-01
+7.250977E+02,+3.473616E-06,-4.098146E-06,-1.053969E+02,-8.676934E-01
+7.253418E+02,-1.423105E-06,+3.401840E-06,-1.086653E+02,+1.967007E+00
+7.255859E+02,-4.464375E-06,-2.305513E-06,-1.059781E+02,-2.664892E+00
+7.258301E+02,+1.083502E-06,+1.777929E-06,-1.136301E+02,+1.023480E+00
+7.260742E+02,+3.929872E-06,-1.459884E-06,-1.075510E+02,-3.556845E-01
+7.263184E+02,-6.847148E-07,-4.329477E-06,-1.071640E+02,-1.727649E+00
+7.265625E+02,-3.243858E-07,+8.242009E-06,-1.016726E+02,+1.610134E+00
+7.268066E+02,-4.125864E-06,-9.087688E-06,-1.000170E+02,-1.996976E+00
+7.270508E+02,+6.408561E-06,+8.565233E-06,-9.941449E+01,+9.284442E-01
+7.272949E+02,-8.411078E-06,-1.351654E-06,-1.013922E+02,-2.982256E+00
+7.275391E+02,+3.586995E-06,-4.566142E-06,-1.047216E+02,-9.049202E-01
+7.277832E+02,+4.325061E-06,+5.032989E-08,-1.072796E+02,+1.163628E-02
+7.280273E+02,-2.739017E-06,+4.295363E-06,-1.058582E+02,+2.138453E+00
+7.282715E+02,-4.853558E-06,+2.765270E-06,-1.050579E+02,+2.623720E+00
+7.285156E+02,+7.894217E-06,-8.771536E-06,-9.856178E+01,-8.379917E-01
+7.287598E+02,-4.057060E-06,+8.620077E-06,-1.004208E+02,+2.010691E+00
+7.290039E+02,+3.104497E-06,-5.490576E-06,-1.040029E+02,-1.056189E+00
+7.292480E+02,-4.383803E-06,+9.048405E-07,-1.069818E+02,+2.938046E+00
+7.294922E+02,-4.049980E-06,-4.013560E-06,-1.048797E+02,-2.360711E+00
+7.297363E+02,+1.012818E-05,+6.175504E-06,-9.851653E+01,+5.475466E-01
+7.299805E+02,-4.978846E-06,+1.264077E-06,-1.057861E+02,+2.892956E+00
+7.302246E+02,+5.370041E-06,-5.276681E-06,-1.024657E+02,-7.766296E-01
+7.304688E+02,-7.417256E-06,+5.089150E-07,-1.025747E+02,+3.073088E+00
+7.307129E+02,+1.491588E-06,+1.166442E-06,-1.144546E+02,+6.636767E-01
+7.309570E+02,+1.451039E-06,+1.806160E-06,-1.127021E+02,+8.939958E-01
+7.312012E+02,+3.937784E-06,-1.753862E-06,-1.073090E+02,-4.190163E-01
+7.314453E+02,-2.191707E-08,+3.265451E-06,-1.097209E+02,+1.577508E+00
+7.316895E+02,-8.595387E-06,-3.645208E-06,-1.005964E+02,-2.740494E+00
+7.319336E+02,+7.559150E-06,+7.240216E-07,-1.023909E+02,+9.548953E-02
+7.321777E+02,-5.576086E-06,+2.227828E-06,-1.044302E+02,+2.761489E+00
+7.324219E+02,+5.981890E-06,-5.536297E-06,-1.017761E+02,-7.467314E-01
+7.326660E+02,-2.195747E-06,+5.691760E-06,-1.042925E+02,+1.938981E+00
+7.329102E+02,-7.978857E-07,-3.828296E-06,-1.081552E+02,-1.776273E+00
+7.331543E+02,-1.054164E-06,+7.350030E-07,-1.178212E+02,+2.532723E+00
+7.333984E+02,-1.144109E-06,-2.368631E-06,-1.115993E+02,-2.020772E+00
+7.336426E+02,+2.377638E-06,+7.373154E-06,-1.022173E+02,+1.258852E+00
+7.338867E+02,-2.093434E-06,-7.763611E-06,-1.018939E+02,-1.834179E+00
+7.341309E+02,+6.042731E-06,+4.415087E-06,-1.025175E+02,+6.309980E-01
+7.343750E+02,-3.405894E-06,-9.610879E-07,-1.090226E+02,-2.866560E+00
+7.346191E+02,-2.998804E-06,-7.567387E-07,-1.101929E+02,-2.894406E+00
+7.348633E+02,+4.223288E-06,-1.391898E-06,-1.070392E+02,-3.183659E-01
+7.351074E+02,+5.787052E-07,+5.932205E-06,-1.044945E+02,+1.473551E+00
+7.353516E+02,-5.976355E-06,-3.151732E-06,-1.034056E+02,-2.656292E+00
+7.355957E+02,+7.536380E-06,-5.016269E-07,-1.024375E+02,-6.646270E-02
+7.358398E+02,-5.271573E-06,-2.627093E-06,-1.045978E+02,-2.679265E+00
+7.360840E+02,+4.323298E-06,+8.232726E-06,-1.006314E+02,+1.087243E+00
+7.363281E+02,-7.600410E-06,-9.727366E-06,-9.817050E+01,-2.234057E+00
+7.365723E+02,+7.459934E-06,+4.780903E-06,-1.010509E+02,+5.699354E-01
+7.368164E+02,-7.382749E-06,-3.708429E-06,-1.016585E+02,-2.676099E+00
+7.370605E+02,+5.200784E-06,+7.090916E-06,-1.011166E+02,+9.379761E-01
+7.373047E+02,+5.539404E-06,-7.569427E-06,-1.005561E+02,-9.390369E-01
+7.375488E+02,-8.040541E-06,+3.067454E-06,-1.013042E+02,+2.777137E+00
+7.377930E+02,-4.096493E-06,-9.930052E-07,-1.075038E+02,-2.903776E+00
+7.380371E+02,+1.194159E-05,+6.131151E-07,-9.844733E+01,+5.129779E-02
+7.382812E+02,-5.780810E-06,+2.502599E-06,-1.040142E+02,+2.733037E+00
+7.385254E+02,+2.928878E-06,+7.265293E-08,-1.106633E+02,+2.480064E-02
+7.387695E+02,-6.198115E-06,-6.049561E-06,-1.012486E+02,-2.368323E+00
+7.390137E+02,+3.939133E-06,+2.291313E-06,-1.068263E+02,+5.268396E-01
+7.392578E+02,+4.161915E-06,+2.870353E-06,-1.059243E+02,+6.037604E-01
+7.395020E+02,-9.994075E-06,-9.629558E-07,-9.996502E+01,-3.045537E+00
+7.397461E+02,+5.643581E-06,+1.084127E-06,-1.048115E+02,+1.897871E-01
+7.399902E+02,+1.322717E-06,-8.533158E-06,-1.012747E+02,-1.417011E+00
+7.402344E+02,-3.143999E-06,+8.833543E-06,-1.005593E+02,+1.912732E+00
+7.404785E+02,+4.521853E-06,+2.503314E-06,-1.057327E+02,+5.056056E-01
+7.407227E+02,-8.008909E-06,-5.004144E-06,-1.004971E+02,-2.583121E+00
+7.409668E+02,+5.578271E-06,+6.591672E-07,-1.050098E+02,+1.176215E-01
+7.412109E+02,-2.028941E-06,-6.738640E-07,-1.134002E+02,-2.820929E+00
+7.414551E+02,+5.322304E-06,-4.873947E-06,-1.028331E+02,-7.414536E-01
+7.416992E+02,-1.828969E-06,+7.565940E-06,-1.021761E+02,+1.807983E+00
+7.419434E+02,-5.337665E-06,+6.424082E-07,-1.053905E+02,+3.021815E+00
+7.421875E+02,+1.646858E-06,-2.462061E-06,-1.105681E+02,-9.812534E-01
+7.424316E+02,+4.881039E-07,+3.581964E-07,-1.243587E+02,+6.330866E-01
+7.426758E+02,+4.319975E-06,-1.556947E-06,-1.067600E+02,-3.459154E-01
+7.429199E+02,-3.682901E-06,+1.429058E-06,-1.080671E+02,+2.771452E+00
+7.431641E+02,+8.107947E-07,-3.633811E-06,-1.085818E+02,-1.351267E+00
+7.434082E+02,-3.564063E-06,+2.553993E-06,-1.071612E+02,+2.519815E+00
+7.436523E+02,+4.124501E-06,+2.963467E-06,-1.058849E+02,+6.230366E-01
+7.438965E+02,-4.004392E-06,-2.422413E-06,-1.065949E+02,-2.597549E+00
+7.441406E+02,+8.696427E-06,-2.826434E-06,-1.007771E+02,-3.142418E-01
+7.443848E+02,-9.617226E-06,+9.992606E-07,-1.002924E+02,+3.038061E+00
+7.446289E+02,+2.804391E-06,+2.397113E-06,-1.086612E+02,+7.072576E-01
+7.448730E+02,+1.352259E-06,+2.936530E-06,-1.098081E+02,+1.139249E+00
+7.451172E+02,-2.310360E-06,-6.110877E-06,-1.036977E+02,-1.932259E+00
+7.453613E+02,+6.491403E-06,+3.405359E-06,-1.026974E+02,+4.831297E-01
+7.456055E+02,-9.080949E-06,-6.839588E-06,-9.888591E+01,-2.496060E+00
+7.458496E+02,+4.709827E-06,+1.202742E-05,-9.777696E+01,+1.197560E+00
+7.460938E+02,+8.320948E-07,-6.148921E-06,-1.041452E+02,-1.436290E+00
+7.463379E+02,-6.215891E-06,-6.956457E-07,-1.040759E+02,-3.030142E+00
+7.465820E+02,+1.161803E-05,-1.798225E-06,-9.859454E+01,-1.535604E-01
+7.468262E+02,-9.640765E-06,+1.123960E-06,-1.002591E+02,+3.025532E+00
+7.470703E+02,+6.207643E-06,+1.259429E-06,-1.039663E+02,+2.001667E-01
+7.473145E+02,-7.517364E-06,+1.166908E-06,-1.023753E+02,+2.987593E+00
+7.475586E+02,+7.589779E-06,+1.766084E-06,-1.021664E+02,+2.286240E-01
+7.478027E+02,-8.360434E-06,-6.513389E-06,-9.949539E+01,-2.479743E+00
+7.480469E+02,+7.237345E-06,+5.170895E-07,-1.027863E+02,+7.132620E-02
+7.482910E+02,-1.518335E-06,+4.842298E-06,-1.058917E+02,+1.874644E+00
+7.485352E+02,-1.346026E-07,-3.552965E-07,-1.284057E+02,-1.932934E+00
+7.487793E+02,-1.201114E-07,-3.303381E-06,-1.096151E+02,-1.607140E+00
+7.490234E+02,-6.159722E-06,+4.396561E-06,-1.024206E+02,+2.521692E+00
+7.492676E+02,+3.867524E-06,-1.350101E-06,-1.077519E+02,-3.358609E-01
+7.495117E+02,+2.458790E-06,-2.438923E-06,-1.092104E+02,-7.813417E-01
+7.497559E+02,+5.731665E-06,+2.711614E-06,-1.039572E+02,+4.418917E-01
+7.500000E+02,-8.746841E-06,-3.066718E-06,-1.006595E+02,-2.804376E+00
+7.502441E+02,+4.654581E-07,+4.409997E-07,-1.238602E+02,+7.584223E-01
+7.504883E+02,+1.443717E-07,+1.782803E-06,-1.149495E+02,+1.489992E+00
+7.507324E+02,+1.236712E-06,-5.763367E-07,-1.173011E+02,-4.360987E-01
+7.509766E+02,-7.695641E-07,+2.785118E-06,-1.107836E+02,+1.840383E+00
+7.512207E+02,+2.099848E-07,-5.010858E-06,-1.059941E+02,-1.528915E+00
+7.514648E+02,+4.108304E-06,-6.255147E-09,-1.077267E+02,-1.522561E-03
+7.517090E+02,-3.471807E-06,+6.834755E-06,-1.023086E+02,+2.040794E+00
+7.519531E+02,+4.242632E-07,-5.521175E-06,-1.051338E+02,-1.494104E+00
+7.521973E+02,+2.192954E-06,+3.284961E-07,-1.130830E+02,+1.486906E-01
+7.524414E+02,-5.252056E-06,+1.565591E-06,-1.052237E+02,+2.851888E+00
+7.526855E+02,+3.152433E-06,-4.391269E-06,-1.053430E+02,-9.481666E-01
+7.529297E+02,-3.465853E-06,+5.146483E-06,-1.041456E+02,+2.163474E+00
+7.531738E+02,+2.970686E-06,+1.862208E-06,-1.091035E+02,+5.599365E-01
+7.534180E+02,+6.913439E-07,-1.712884E-06,-1.146700E+02,-1.187178E+00
+7.536621E+02,+1.128333E-06,-4.312607E-06,-1.070177E+02,-1.314897E+00
+7.539062E+02,-1.070673E-06,-4.180314E-07,-1.187907E+02,-2.769356E+00
+7.541504E+02,-3.619486E-06,+1.623707E-06,-1.080307E+02,+2.719902E+00
+7.543945E+02,+9.960405E-07,+4.208555E-06,-1.072806E+02,+1.338402E+00
+7.546387E+02,+5.401520E-06,+8.695023E-07,-1.052386E+02,+1.596045E-01
+7.548828E+02,-2.584354E-06,-7.767752E-06,-1.017382E+02,-1.891979E+00
+7.551270E+02,-4.455660E-06,+7.455821E-06,-1.012239E+02,+2.109455E+00
+7.553711E+02,+1.256749E-06,-3.411799E-06,-1.087878E+02,-1.217865E+00
+7.556152E+02,+4.359059E-06,+1.484329E-06,-1.067357E+02,+3.282010E-01
+7.558594E+02,-2.715435E-09,-4.266588E-06,-1.073984E+02,-1.571433E+00
+7.561035E+02,-4.798872E-06,+3.356877E-06,-1.046473E+02,+2.531193E+00
+7.563477E+02,+2.753318E-06,+2.309463E-06,-1.088893E+02,+6.979516E-01
+7.565918E+02,+3.977625E-06,-3.821373E-06,-1.051678E+02,-7.653660E-01
+7.568359E+02,-8.274510E-06,+6.113502E-06,-9.975340E+01,+2.505275E+00
+7.570801E+02,+5.675297E-06,-5.937723E-06,-1.017092E+02,-8.079920E-01
+7.573242E+02,+9.750732E-07,-7.450499E-06,-1.024825E+02,-1.440662E+00
+7.575684E+02,-4.918898E-06,+1.977425E-05,-9.381725E+01,+1.814601E+00
+7.578125E+02,+3.398464E-06,-8.171514E-06,-1.010611E+02,-1.176666E+00
+7.580566E+02,-4.451940E-06,-1.406096E-05,-9.662480E+01,-1.877427E+00
+7.583008E+02,+6.293254E-06,+1.747220E-05,-9.462328E+01,+1.225075E+00
+7.585449E+02,-1.006565E-06,-8.942150E-06,-1.009165E+02,-1.682889E+00
+7.587891E+02,-2.800760E-06,+9.109633E-07,-1.106178E+02,+2.827129E+00
+7.590332E+02,+1.993344E-06,+3.618744E-06,-1.076780E+02,+1.067309E+00
+7.592773E+02,+9.637334E-08,-2.908767E-06,-1.107211E+02,-1.537676E+00
+7.595215E+02,-3.650001E-06,+3.825699E-06,-1.055349E+02,+2.332696E+00
+7.597656E+02,+9.388024E-06,-3.360256E-06,-1.000250E+02,-3.437220E-01
+7.600098E+02,-1.727578E-05,-2.255253E-06,-9.517786E+01,-3.011783E+00
+7.602539E+02,+1.644653E-05,+5.339974E-06,-9.524323E+01,+3.139487E-01
+7.604980E+02,-1.240732E-06,-4.425522E-07,-1.176063E+02,-2.798974E+00
+7.607422E+02,-8.988050E-06,-1.172174E-06,-1.008534E+02,-3.011910E+00
+7.609863E+02,+5.111163E-06,-4.560482E-06,-1.032862E+02,-7.285219E-01
+7.612305E+02,-2.164630E-06,+8.240868E-06,-1.013908E+02,+1.827664E+00
+7.614746E+02,+8.588265E-07,-7.737272E-06,-1.021751E+02,-1.460250E+00
+7.617188E+02,+2.669779E-06,+5.114574E-06,-1.047773E+02,+1.089708E+00
+7.619629E+02,-9.450485E-07,-2.350954E-07,-1.202301E+02,-2.897776E+00
+7.622070E+02,-1.328652E-06,-2.388957E-06,-1.112654E+02,-2.078360E+00
+7.624512E+02,+1.706019E-06,-1.802541E-06,-1.121044E+02,-8.129015E-01
+7.626953E+02,-2.151454E-06,+3.032040E-06,-1.085943E+02,+2.187918E+00
+7.629395E+02,+1.196884E-06,-3.642691E-07,-1.180542E+02,-2.954407E-01
+7.631836E+02,-6.566822E-07,-1.737908E-07,-1.233589E+02,-2.882874E+00
+7.634277E+02,-9.824581E-07,+1.669722E-06,-1.142560E+02,+2.102640E+00
+7.636719E+02,+7.815456E-06,-2.691450E-06,-1.016542E+02,-3.316551E-01
+7.639160E+02,-7.804767E-06,+2.086861E-06,-1.018529E+02,+2.880322E+00
+7.641602E+02,+4.971050E-07,-3.016987E-06,-1.102922E+02,-1.407495E+00
+7.644043E+02,-4.224451E-06,+5.402635E-06,-1.032758E+02,+2.234418E+00
+7.646484E+02,+5.732289E-06,-2.088743E-06,-1.042920E+02,-3.494294E-01
+7.648926E+02,+5.301583E-06,-6.283816E-06,-1.017010E+02,-8.699779E-01
+7.651367E+02,-7.947280E-06,+9.126778E-06,-9.834289E+01,+2.287223E+00
+7.653809E+02,+4.631971E-06,-8.437317E-06,-1.003318E+02,-1.068732E+00
+7.656250E+02,-1.572765E-06,+4.508610E-06,-1.064204E+02,+1.906434E+00
+7.658691E+02,-1.771030E-06,+3.619209E-06,-1.078954E+02,+2.025881E+00
+7.661133E+02,+5.891092E-07,-9.865026E-07,-1.187935E+02,-1.032461E+00
+7.663574E+02,+1.217171E-06,-9.304420E-06,-1.005525E+02,-1.440719E+00
+7.666016E+02,-3.457906E-07,+6.223607E-06,-1.041058E+02,+1.626300E+00
+7.668457E+02,-2.889745E-06,+1.209743E-06,-1.100815E+02,+2.745127E+00
+7.670898E+02,+3.872244E-06,+1.158523E-06,-1.078684E+02,+2.907102E-01
+7.673340E+02,-2.433700E-06,+1.537177E-07,-1.122574E+02,+3.078514E+00
+7.675781E+02,+6.571807E-06,-6.247853E-06,-1.008500E+02,-7.601334E-01
+7.678223E+02,-5.730752E-06,+3.263289E-06,-1.036160E+02,+2.623951E+00
+7.680664E+02,-4.959221E-06,-1.026974E-06,-1.059094E+02,-2.937395E+00
+7.683105E+02,+8.534872E-06,+4.115079E-06,-1.004683E+02,+4.492650E-01
+7.685547E+02,-7.755084E-06,-3.188150E-06,-1.015301E+02,-2.751550E+00
+7.687988E+02,+5.581811E-06,+5.011286E-06,-1.024973E+02,+7.315920E-01
+7.690430E+02,+1.364676E-06,-7.649498E-06,-1.021913E+02,-1.394253E+00
+7.692871E+02,-2.364493E-06,+5.120109E-06,-1.049749E+02,+2.003424E+00
+7.695312E+02,-7.467670E-07,-4.513578E-06,-1.067923E+02,-1.734760E+00
+7.697754E+02,+1.344147E-06,+8.721486E-07,-1.159051E+02,+5.755659E-01
+7.700195E+02,-7.386158E-07,+5.720779E-06,-1.047791E+02,+1.699197E+00
+7.702637E+02,+7.097610E-07,-9.037978E-06,-1.008519E+02,-1.492426E+00
+7.705078E+02,-1.658768E-06,+4.268904E-06,-1.067830E+02,+1.941411E+00
+7.707520E+02,+4.439834E-07,+4.638246E-06,-1.066333E+02,+1.475365E+00
+7.709961E+02,-2.141320E-06,-6.968227E-06,-1.027457E+02,-1.868935E+00
+7.712402E+02,+7.662422E-06,+5.666725E-06,-1.004180E+02,+6.367779E-01
+7.714844E+02,-5.283456E-06,-5.620652E-06,-1.022543E+02,-2.325281E+00
+7.717285E+02,-1.752411E-06,+3.690920E-06,-1.077744E+02,+2.014073E+00
+7.719727E+02,+1.595812E-06,+3.610120E-06,-1.080744E+02,+1.154583E+00
+7.722168E+02,+1.434016E-06,-8.093117E-06,-1.017034E+02,-1.395427E+00
+7.724609E+02,-2.134653E-06,+2.568861E-06,-1.095250E+02,+2.264140E+00
+7.727051E+02,+4.254483E-06,+1.592051E-06,-1.068539E+02,+3.580740E-01
+7.729492E+02,-8.542068E-06,-8.058416E-07,-1.013303E+02,-3.047533E+00
+7.731934E+02,+9.319911E-06,+2.456452E-06,-1.003201E+02,+2.577094E-01
+7.734375E+02,-3.275599E-06,-7.409104E-06,-1.018293E+02,-1.987065E+00
+7.736816E+02,-1.323929E-06,+5.408350E-06,-1.050860E+02,+1.810869E+00
+7.739258E+02,+5.848942E-07,-9.161258E-07,-1.192761E+02,-1.002588E+00
+7.741699E+02,-2.904865E-06,-2.406526E-07,-1.107078E+02,-3.058937E+00
+7.744141E+02,+4.609170E-06,+4.937497E-06,-1.034081E+02,+8.197764E-01
+7.746582E+02,-2.801784E-06,-4.713273E-06,-1.052194E+02,-2.107122E+00
+7.749023E+02,+4.331108E-06,-2.502058E-06,-1.060173E+02,-5.238570E-01
+7.751465E+02,-4.398777E-06,+4.316330E-06,-1.042045E+02,+2.365654E+00
+7.753906E+02,+1.196372E-06,-4.908545E-07,-1.177670E+02,-3.893419E-01
+7.756348E+02,-1.990024E-06,-7.110069E-06,-1.026350E+02,-1.843701E+00
+7.758789E+02,+1.931612E-06,+1.144991E-05,-9.870208E+01,+1.403669E+00
+7.761230E+02,+1.456614E-06,-4.202491E-06,-1.070372E+02,-1.237147E+00
+7.763672E+02,-3.976317E-06,-1.642228E-06,-1.073264E+02,-2.749928E+00
+7.766113E+02,+5.969699E-06,+1.309747E-06,-1.042768E+02,+2.159771E-01
+7.768555E+02,-1.818116E-06,-2.472084E-06,-1.102610E+02,-2.204926E+00
+7.770996E+02,-5.450954E-06,+3.780798E-06,-1.035648E+02,+2.535173E+00
+7.773438E+02,+5.501999E-06,-1.870876E-06,-1.047144E+02,-3.277705E-01
+7.775879E+02,-5.523441E-06,-5.071855E-06,-1.025002E+02,-2.398790E+00
+7.778320E+02,+8.470893E-06,+1.260112E-05,-9.637245E+01,+9.789500E-01
+7.780762E+02,-4.908206E-06,-1.176836E-05,-9.788921E+01,-1.965929E+00
+7.783203E+02,-3.259956E-06,+4.168315E-06,-1.055281E+02,+2.234515E+00
+7.785645E+02,+2.452565E-06,+2.330066E-07,-1.121686E+02,+9.472098E-02
+7.788086E+02,-1.321757E-06,-1.245214E-06,-1.148180E+02,-2.386004E+00
+7.790527E+02,+3.333505E-06,+6.822193E-07,-1.093638E+02,+2.018677E-01
+7.792969E+02,-1.141390E-06,-1.443822E-06,-1.147013E+02,-2.239739E+00
+7.795410E+02,-1.760863E-06,+1.192068E-08,-1.150853E+02,+3.134823E+00
+7.797852E+02,+6.658101E-06,+8.167064E-06,-9.954555E+01,+8.868328E-01
+7.800293E+02,-7.214563E-06,-8.539105E-06,-9.903207E+01,-2.272314E+00
+7.802734E+02,+2.817527E-09,-9.746649E-07,-1.202229E+02,-1.567906E+00
+7.805176E+02,+4.965894E-06,+4.493242E-06,-1.034824E+02,+7.354719E-01
+7.807617E+02,-1.711075E-06,+1.275069E-06,-1.134165E+02,+2.501180E+00
+7.810059E+02,-5.504211E-06,-4.244389E-06,-1.031595E+02,-2.484713E+00
+7.812500E+02,+4.229637E-06,+4.312849E-06,-1.043782E+02,+7.951388E-01
+7.814941E+02,+9.138773E-07,-3.473431E-06,-1.088941E+02,-1.313522E+00
+7.817383E+02,-5.428389E-07,-5.069453E-06,-1.058513E+02,-1.677470E+00
+7.819824E+02,+3.142985E-06,+1.278734E-05,-9.760964E+01,+1.329785E+00
+7.822266E+02,-5.608219E-06,-8.576309E-06,-9.978790E+01,-2.149922E+00
+7.824707E+02,-3.963907E-07,+1.342684E-06,-1.170776E+02,+1.857864E+00
+7.827148E+02,+4.985730E-06,-2.252934E-07,-1.060366E+02,-4.515693E-02
+7.829590E+02,-2.997867E-06,+6.458864E-07,-1.102667E+02,+2.929388E+00
+7.832031E+02,+1.733577E-06,-1.295291E-06,-1.132947E+02,-6.416929E-01
+7.834473E+02,-6.555986E-06,+2.696619E-06,-1.029884E+02,+2.751364E+00
+7.836914E+02,+7.046627E-06,-1.795518E-07,-1.030376E+02,-2.547502E-02
+7.839355E+02,+7.830851E-07,-2.767392E-06,-1.108241E+02,-1.295037E+00
+7.841797E+02,-4.121114E-06,+2.846989E-06,-1.060052E+02,+2.537048E+00
+7.844238E+02,+4.654477E-06,-9.494939E-07,-1.064655E+02,-2.012347E-01
+7.846680E+02,-5.292231E-06,-1.520027E-06,-1.051830E+02,-2.861903E+00
+7.849121E+02,+1.045685E-06,+3.271006E-06,-1.092838E+02,+1.261381E+00
+7.851562E+02,+7.623642E-07,-4.666153E-07,-1.209749E+02,-5.492425E-01
+7.854004E+02,+4.756770E-07,-4.455741E-06,-1.069724E+02,-1.464443E+00
+7.856445E+02,-3.318562E-06,+5.270104E-06,-1.041132E+02,+2.132765E+00
+7.858887E+02,+4.571769E-06,+1.646859E-06,-1.062685E+02,+3.457535E-01
+7.861328E+02,+4.860643E-08,-1.189468E-05,-9.849287E+01,-1.566710E+00
+7.863770E+02,-4.757786E-06,+7.937546E-06,-1.006732E+02,+2.110776E+00
+7.866211E+02,+6.234386E-06,+5.555305E-06,-1.015659E+02,+7.278622E-01
+7.868652E+02,-2.715255E-07,-5.824982E-06,-1.046847E+02,-1.617377E+00
+7.871094E+02,-6.882246E-06,-5.713952E-06,-1.009683E+02,-2.448680E+00
+7.873535E+02,+2.693251E-06,+8.068485E-06,-1.014054E+02,+1.248627E+00
+7.875977E+02,+5.882783E-06,+7.665286E-07,-1.045352E+02,+1.295703E-01
+7.878418E+02,-7.442433E-07,-2.128334E-06,-1.129382E+02,-1.907189E+00
+7.880859E+02,-8.691453E-06,-3.646668E-06,-1.005139E+02,-2.744331E+00
+7.883301E+02,+1.409322E-06,+4.461198E-06,-1.065978E+02,+1.264811E+00
+7.885742E+02,+1.041313E-05,+8.313235E-07,-9.962078E+01,+7.966518E-02
+7.888184E+02,-7.649051E-06,-3.722363E-06,-1.014048E+02,-2.688687E+00
+7.890625E+02,-3.366246E-06,+1.350192E-06,-1.088092E+02,+2.760141E+00
+7.893066E+02,+8.753119E-06,+1.997974E-06,-1.009362E+02,+2.244138E-01
+7.895508E+02,-3.695500E-06,+1.646006E-06,-1.078606E+02,+2.722564E+00
+7.897949E+02,-1.533740E-06,-9.806846E-06,-1.000645E+02,-1.725935E+00
+7.900391E+02,-1.330554E-07,+9.388271E-06,-1.005474E+02,+1.584968E+00
+7.902832E+02,+6.214498E-06,-5.640031E-06,-1.015224E+02,-7.369764E-01
+7.905273E+02,-9.124037E-06,+7.979455E-06,-9.832920E+01,+2.423016E+00
+7.907715E+02,+2.217170E-07,-5.625915E-06,-1.049894E+02,-1.531407E+00
+7.910156E+02,+4.373362E-06,-1.611357E-06,-1.066309E+02,-3.530143E-01
+7.912598E+02,-1.995581E-06,+3.616850E-06,-1.076792E+02,+2.074979E+00
+7.915039E+02,+8.267204E-06,+3.769842E-08,-1.016527E+02,+4.559964E-03
+7.917480E+02,-9.901347E-06,-2.355812E-06,-9.984696E+01,-2.908007E+00
+7.919922E+02,+1.639045E-06,-3.075101E-06,-1.091568E+02,-1.081095E+00
+7.922363E+02,+5.201062E-06,+7.245719E-06,-1.009935E+02,+9.482160E-01
+7.924805E+02,-6.776620E-06,-2.190113E-06,-1.029483E+02,-2.829002E+00
+7.927246E+02,+3.477129E-06,-4.708154E-06,-1.046525E+02,-9.346744E-01
+7.929688E+02,-3.008035E-07,+7.795165E-06,-1.021570E+02,+1.609366E+00
+7.932129E+02,+1.295351E-06,-7.202181E-06,-1.027125E+02,-1.392843E+00
+7.934570E+02,-1.602816E-06,+8.371047E-06,-1.013880E+02,+1.759978E+00
+7.937012E+02,+3.972270E-06,-8.566802E-06,-1.004979E+02,-1.136623E+00
+7.939453E+02,-1.087244E-06,+4.084744E-06,-1.074794E+02,+1.830937E+00
+7.941895E+02,-5.037761E-06,-5.206937E-06,-1.027991E+02,-2.339682E+00
+7.944336E+02,+1.352376E-06,+1.092406E-05,-9.916626E+01,+1.447625E+00
+7.946777E+02,+1.827848E-08,-7.769475E-06,-1.021921E+02,-1.568444E+00
+7.949219E+02,+2.125834E-06,-4.684181E-07,-1.132435E+02,-2.168799E-01
+7.951660E+02,-5.228746E-06,+5.173785E-07,-1.055897E+02,+3.042965E+00
+7.954102E+02,+7.806739E-06,+1.239164E-06,-1.020425E+02,+1.574167E-01
+7.956543E+02,-6.046347E-06,-6.243148E-07,-1.043241E+02,-3.038702E+00
+7.958984E+02,+5.626487E-06,-8.350167E-08,-1.049943E+02,-1.483973E-02
+7.961426E+02,-1.334451E-06,+4.704494E-06,-1.062137E+02,+1.847191E+00
+7.963867E+02,-5.143096E-06,-4.838813E-06,-1.030220E+02,-2.386669E+00
+7.966309E+02,+8.618680E-06,-3.732606E-06,-1.005446E+02,-4.086972E-01
+7.968750E+02,-8.967821E-06,+3.112505E-06,-1.004523E+02,+2.807526E+00
+7.971191E+02,+7.706446E-06,+8.642862E-07,-1.022086E+02,+1.116844E-01
+7.973633E+02,-9.334876E-06,+2.826832E-06,-1.002168E+02,+2.847546E+00
+7.976074E+02,+8.545068E-06,-2.252757E-06,-1.010739E+02,-2.577675E-01
+7.978516E+02,-3.927440E-06,-2.210872E-06,-1.069223E+02,-2.628877E+00
+7.980957E+02,+1.021474E-06,+2.925320E-06,-1.101769E+02,+1.234849E+00
+7.983398E+02,+2.434875E-06,+2.656411E-06,-1.088655E+02,+8.288836E-01
+7.985840E+02,-1.028279E-05,-5.323754E-06,-9.872643E+01,-2.663858E+00
+7.988281E+02,+1.758848E-05,+3.105779E-06,-9.496209E+01,+1.747786E-01
+7.990723E+02,-1.465223E-05,-7.324020E-06,-9.571333E+01,-2.678059E+00
+7.993164E+02,+5.153469E-06,+6.888877E-06,-1.013068E+02,+9.285216E-01
+7.995605E+02,+3.274917E-06,-1.824364E-06,-1.085222E+02,-5.082563E-01
+7.998047E+02,-4.466595E-06,+2.290132E-06,-1.059868E+02,+2.667818E+00
+8.000488E+02,+1.839847E-06,+2.465844E-07,-1.146270E+02,+1.332305E-01
+8.002930E+02,-4.490544E-09,+1.271305E-06,-1.179150E+02,+1.574329E+00
+8.005371E+02,-3.900546E-06,-6.991477E-06,-1.019318E+02,-2.079685E+00
+8.007812E+02,+7.317949E-06,+1.780209E-06,-1.024625E+02,+2.386309E-01
+8.010254E+02,-1.025439E-05,+4.441360E-06,-9.903513E+01,+2.732866E+00
+8.012695E+02,+1.022104E-05,-4.115580E-06,-9.915755E+01,-3.827955E-01
+8.015137E+02,-3.909168E-06,+5.623701E-06,-1.032876E+02,+2.178242E+00
+8.017578E+02,+5.750536E-07,-1.068055E-05,-9.941556E+01,-1.517007E+00
+8.020020E+02,-1.624508E-06,+1.008987E-05,-9.981114E+01,+1.730430E+00
+8.022461E+02,-5.111035E-07,-4.812036E-06,-1.063047E+02,-1.676613E+00
+8.024902E+02,-2.436340E-07,+1.118002E-06,-1.188297E+02,+1.785361E+00
+8.027344E+02,+2.549821E-06,+5.536749E-06,-1.042996E+02,+1.139223E+00
+8.029785E+02,+1.992107E-07,-1.303942E-05,-9.769382E+01,-1.555520E+00
+8.032227E+02,-2.114270E-06,+1.194208E-05,-9.832436E+01,+1.746024E+00
+8.034668E+02,-2.087225E-07,-8.314607E-06,-1.016004E+02,-1.595894E+00
+8.037109E+02,+2.064170E-06,+4.732346E-06,-1.057421E+02,+1.159492E+00
+8.039551E+02,+9.379609E-08,+2.663221E-06,-1.114865E+02,+1.535592E+00
+8.041992E+02,-3.375945E-06,-4.172429E-06,-1.054052E+02,-2.251066E+00
+8.044434E+02,+3.717239E-06,-1.282418E-06,-1.081072E+02,-3.322065E-01
+8.046875E+02,-4.861733E-06,+5.959700E-06,-1.022801E+02,+2.255078E+00
+8.049316E+02,+6.674457E-06,-5.782158E-06,-1.010801E+02,-7.138878E-01
+8.051758E+02,-4.859097E-06,+1.278679E-06,-1.059781E+02,+2.884275E+00
+8.054199E+02,+1.866339E-06,-1.938935E-06,-1.114010E+02,-8.044735E-01
+8.056641E+02,+2.775991E-07,-5.364402E-07,-1.243791E+02,-1.093260E+00
+8.059082E+02,-1.670279E-07,+6.620282E-06,-1.035797E+02,+1.596021E+00
+8.061523E+02,-1.114990E-06,-1.108489E-06,-1.160696E+02,-2.359118E+00
+8.063965E+02,+9.822543E-07,-5.444240E-07,-1.189921E+02,-5.061078E-01
+8.066406E+02,+3.187190E-06,-3.267243E-06,-1.068125E+02,-7.978004E-01
+8.068848E+02,-8.208208E-06,-1.114811E-06,-1.016357E+02,-3.006602E+00
+8.071289E+02,+4.477828E-06,+3.971690E-06,-1.044581E+02,+7.255682E-01
+8.073730E+02,+6.336504E-06,-1.982951E-06,-1.035573E+02,-3.032864E-01
+8.076172E+02,-9.072422E-06,-2.645998E-06,-1.004910E+02,-2.857811E+00
+8.078613E+02,+3.161872E-06,+4.206979E-07,-1.099249E+02,+1.322765E-01
+8.081055E+02,-3.121822E-06,+8.535322E-06,-1.008303E+02,+1.921436E+00
+8.083496E+02,+4.102396E-06,-7.272896E-06,-1.015661E+02,-1.057218E+00
+8.085938E+02,-2.966496E-06,-5.899516E-08,-1.105534E+02,-3.121708E+00
+8.088379E+02,-1.047742E-06,-9.687762E-07,-1.169116E+02,-2.395334E+00
+8.090820E+02,+6.025623E-06,+6.841123E-06,-1.008035E+02,+8.486939E-01
+8.093262E+02,-5.187361E-06,-7.304936E-06,-1.009544E+02,-2.188280E+00
+8.095703E+02,+1.186981E-06,+3.495023E-06,-1.086569E+02,+1.243398E+00
+8.098145E+02,+5.659046E-06,-1.850277E-06,-1.045040E+02,-3.160029E-01
+8.100586E+02,-8.402292E-06,+2.803289E-06,-1.010537E+02,+2.819572E+00
+8.103027E+02,+8.685637E-07,+1.759653E-06,-1.141445E+02,+1.112282E+00
+8.105469E+02,+4.490380E-06,-9.235790E-06,-9.976898E+01,-1.118255E+00
+8.107910E+02,-3.595613E-06,+1.113918E-05,-9.863249E+01,+1.883028E+00
+8.110352E+02,+6.563462E-08,-9.005050E-06,-1.009100E+02,-1.563508E+00
+8.112793E+02,+2.879369E-06,+1.970887E-06,-1.091452E+02,+6.002376E-01
+8.115234E+02,-1.178273E-06,+9.776934E-07,-1.163000E+02,+2.448962E+00
+8.117676E+02,-3.774556E-06,+2.191174E-06,-1.072014E+02,+2.615626E+00
+8.120117E+02,+8.707241E-06,-5.068337E-07,-1.011877E+02,-5.814270E-02
+8.122559E+02,-5.106835E-06,-3.250186E-06,-1.043600E+02,-2.574810E+00
+8.125000E+02,-5.084534E-06,+6.686583E-06,-1.015142E+02,+2.220926E+00
+8.127441E+02,+4.263347E-06,-8.530675E-06,-1.004120E+02,-1.107335E+00
+8.129883E+02,-9.238915E-07,+3.870261E-06,-1.080045E+02,+1.805126E+00
+8.132324E+02,+8.512080E-06,+1.049714E-06,-1.013337E+02,+1.227010E-01
+8.134766E+02,-1.603802E-05,+2.141707E-07,-9.589622E+01,+3.128239E+00
+8.137207E+02,+1.435925E-05,-6.450760E-06,-9.605898E+01,-4.222224E-01
+8.139648E+02,-6.235359E-06,+1.021449E-05,-9.844010E+01,+2.118859E+00
+8.142090E+02,-1.519132E-06,-5.545857E-06,-1.048064E+02,-1.838160E+00
+8.144531E+02,+4.379462E-06,-1.888474E-07,-1.071635E+02,-4.309446E-02
+8.146973E+02,-5.166280E-06,+2.659477E-06,-1.047156E+02,+2.666194E+00
+8.149414E+02,+4.444846E-06,+8.011095E-07,-1.069040E+02,+1.783190E-01
+8.151855E+02,-3.087734E-06,-4.439568E-06,-1.053397E+02,-2.178498E+00
+8.154297E+02,+1.595261E-06,+2.781384E-06,-1.098797E+02,+1.050053E+00
+8.156738E+02,-9.721446E-07,+4.991331E-07,-1.192292E+02,+2.667255E+00
+8.159180E+02,+2.879852E-06,-5.587565E-06,-1.040324E+02,-1.094902E+00
+8.161621E+02,-7.818774E-07,+7.983391E-06,-1.019148E+02,+1.668423E+00
+8.164062E+02,-4.431682E-06,-1.651842E-06,-1.065037E+02,-2.784809E+00
+8.166504E+02,+2.862054E-06,-2.444553E-06,-1.084872E+02,-7.068843E-01
+8.168945E+02,+2.190595E-06,-3.081504E-06,-1.084483E+02,-9.528024E-01
+8.171387E+02,-5.614311E-06,+1.005458E-05,-9.877407E+01,+2.080053E+00
+8.173828E+02,+7.760656E-06,-8.165236E-06,-9.896542E+01,-8.107966E-01
+8.176270E+02,-2.765362E-06,-2.430454E-06,-1.086792E+02,-2.420563E+00
+8.178711E+02,-2.389638E-06,+7.470412E-06,-1.021100E+02,+1.880391E+00
+8.181152E+02,+5.690928E-07,+2.374569E-06,-1.122458E+02,+1.335571E+00
+8.183594E+02,-6.842799E-07,-9.364265E-06,-1.005474E+02,-1.643740E+00
+8.186035E+02,+4.387505E-06,+1.338118E-06,-1.067694E+02,+2.960228E-01
+8.188477E+02,-2.919868E-06,+5.589638E-06,-1.040045E+02,+2.052181E+00
+8.190918E+02,-4.072154E-06,-2.478197E-06,-1.064352E+02,-2.594894E+00
+8.193359E+02,+5.240153E-06,+3.090787E-06,-1.043166E+02,+5.329063E-01
+8.195801E+02,+4.724944E-07,-3.069522E-06,-1.101569E+02,-1.418064E+00
+8.198242E+02,-4.696657E-07,-2.928729E-06,-1.105561E+02,-1.729807E+00
+8.200684E+02,-9.113286E-06,-1.695995E-06,-1.006586E+02,-2.957596E+00
+8.203125E+02,+1.328869E-05,+6.313748E-06,-9.664636E+01,+4.435477E-01
+8.205566E+02,-3.218656E-06,+1.301352E-06,-1.091890E+02,+2.757372E+00
+8.208008E+02,-4.331577E-06,-5.108730E-06,-1.034812E+02,-2.274057E+00
+8.210449E+02,-4.655444E-07,+8.809283E-07,-1.200315E+02,+2.056960E+00
+8.212891E+02,+4.644980E-06,+5.570867E-06,-1.027893E+02,+8.757837E-01
+8.215332E+02,+3.977210E-07,-9.310339E-06,-1.006128E+02,-1.528104E+00
+8.217773E+02,+8.821246E-07,+7.734141E-06,-1.021756E+02,+1.457231E+00
+8.220215E+02,-9.905843E-06,-4.681664E-06,-9.920661E+01,-2.700091E+00
+8.222656E+02,+1.029654E-05,+2.715701E-06,-9.945411E+01,+2.578764E-01
+8.225098E+02,-7.032423E-06,-1.778456E-06,-1.027887E+02,-2.893892E+00
+8.227539E+02,+5.941175E-06,+3.339364E-06,-1.033302E+02,+5.120637E-01
+8.229980E+02,+1.573905E-06,-4.562218E-06,-1.063281E+02,-1.238595E+00
+8.232422E+02,-8.194400E-06,+3.379579E-06,-1.010474E+02,+2.750421E+00
+8.234863E+02,+7.282884E-06,+2.918252E-06,-1.021073E+02,+3.811097E-01
+8.237305E+02,-2.611905E-07,-7.088179E-06,-1.029834E+02,-1.607628E+00
+8.239746E+02,-6.677287E-06,+3.926876E-06,-1.022180E+02,+2.609973E+00
+8.242188E+02,+1.465049E-06,-2.916703E-06,-1.097251E+02,-1.105313E+00
+8.244629E+02,+6.663608E-06,+1.663611E-07,-1.035231E+02,+2.496044E-02
+8.247070E+02,-5.760326E-06,+4.532044E-06,-1.026986E+02,+2.474972E+00
+8.249512E+02,-2.474975E-06,-5.675073E-06,-1.041644E+02,-1.982042E+00
+8.251953E+02,+9.781477E-06,+2.330600E-06,-9.995210E+01,+2.339054E-01
+8.254395E+02,-1.230768E-05,+5.226565E-06,-9.747643E+01,+2.740011E+00
+8.256836E+02,+1.344985E-05,-4.762976E-06,-9.691255E+01,-3.403482E-01
+8.259277E+02,-6.748543E-06,-2.951909E-06,-1.026555E+02,-2.729254E+00
+8.261719E+02,+2.521878E-07,+1.640648E-06,-1.155983E+02,+1.418278E+00
+8.264160E+02,+7.747989E-07,+3.779275E-06,-1.082730E+02,+1.368586E+00
+8.266602E+02,-2.108659E-06,-3.944530E-06,-1.069884E+02,-2.061722E+00
+8.269043E+02,+2.347193E-06,+2.487813E-06,-1.093187E+02,+8.144737E-01
+8.271484E+02,-5.581523E-07,-3.690901E-06,-1.085592E+02,-1.720883E+00
+8.273926E+02,-9.556951E-07,+3.813056E-06,-1.081099E+02,+1.816375E+00
+8.276367E+02,-4.573791E-07,-5.070975E-06,-1.058630E+02,-1.660748E+00
+8.278809E+02,+2.126879E-06,+8.111748E-06,-1.015290E+02,+1.314371E+00
+8.281250E+02,-4.420280E-06,-5.066293E-06,-1.034480E+02,-2.288202E+00
+8.283691E+02,+2.148430E-06,+3.034058E-06,-1.085945E+02,+9.546518E-01
+8.286133E+02,+3.982750E-06,-7.276517E-06,-1.016235E+02,-1.069995E+00
+8.288574E+02,-6.721074E-06,+9.794680E-06,-9.850447E+01,+2.172198E+00
+8.291016E+02,+6.580138E-06,-9.814937E-06,-9.855018E+01,-9.801992E-01
+8.293457E+02,-4.987117E-06,+8.911517E-06,-9.981773E+01,+2.081000E+00
+8.295898E+02,+2.528988E-06,-8.056283E-06,-1.014691E+02,-1.266623E+00
+8.298340E+02,+5.238516E-06,+1.100170E-05,-9.828334E+01,+1.126406E+00
+8.300781E+02,-8.025503E-06,-1.045898E-05,-9.759953E+01,-2.225297E+00
+8.303223E+02,+5.597820E-06,+1.085188E-06,-1.048794E+02,+1.914838E-01
+8.305664E+02,-5.694893E-06,+5.979523E-06,-1.016630E+02,+2.331819E+00
+8.308105E+02,+8.169953E-06,-3.702916E-06,-1.009442E+02,-4.255417E-01
+8.310547E+02,-4.317821E-06,+3.264351E-06,-1.053314E+02,+2.494251E+00
+8.312988E+02,-7.767684E-06,-4.488955E-06,-1.009427E+02,-2.617581E+00
+8.315430E+02,+6.578730E-06,-1.702525E-06,-1.033556E+02,-2.532365E-01
+8.317871E+02,-8.887716E-07,+6.029868E-06,-1.043005E+02,+1.717137E+00
+8.320312E+02,+3.985065E-06,-6.011305E-06,-1.028386E+02,-9.853863E-01
+8.322754E+02,-2.751844E-06,+5.553307E-06,-1.041553E+02,+2.030864E+00
+8.325195E+02,-7.923859E-07,-8.356814E-06,-1.015203E+02,-1.665333E+00
+8.327637E+02,-1.016514E-06,+7.484667E-06,-1.024372E+02,+1.705783E+00
+8.330078E+02,+8.140515E-07,-2.450183E-06,-1.117613E+02,-1.250029E+00
+8.332520E+02,+4.118379E-07,+3.465074E-06,-1.091448E+02,+1.452497E+00
+8.334961E+02,+7.465374E-06,-4.231050E-06,-1.013292E+02,-5.156171E-01
+8.337402E+02,-1.400413E-05,+4.168556E-07,-9.707103E+01,+3.111835E+00
+8.339844E+02,+1.082909E-05,+9.605487E-07,-9.927412E+01,+8.846923E-02
+8.342285E+02,-8.427947E-06,-5.884836E-06,-9.976083E+01,-2.532040E+00
+8.344727E+02,+9.059790E-06,+1.037304E-05,-9.721979E+01,+8.528745E-01
+8.347168E+02,-4.154421E-06,-4.218731E-06,-1.045523E+02,-2.348514E+00
+8.349609E+02,-1.225430E-07,+5.248638E-07,-1.253686E+02,+1.800163E+00
+8.352051E+02,+7.034675E-09,-6.027118E-06,-1.043978E+02,-1.569629E+00
+8.354492E+02,-4.686925E-06,+5.196880E-06,-1.031003E+02,+2.304645E+00
+8.356934E+02,+7.277761E-06,+3.067710E-06,-1.020498E+02,+3.989180E-01
+8.359375E+02,-5.771793E-06,-3.493663E-06,-1.034180E+02,-2.597286E+00
+8.361816E+02,+2.870446E-07,-1.599851E-06,-1.157808E+02,-1.393266E+00
+8.364258E+02,+4.006509E-06,+2.446974E-06,-1.065679E+02,+5.482861E-01
+8.366699E+02,-3.091319E-06,+4.609571E-07,-1.101016E+02,+2.993570E+00
+8.369141E+02,+4.050624E-06,-1.835070E-07,-1.078407E+02,-4.527244E-02
+8.371582E+02,-2.519540E-06,-1.923070E-06,-1.099799E+02,-2.489657E+00
+8.374023E+02,+4.317423E-06,-2.464400E-06,-1.060707E+02,-5.186747E-01
+8.376465E+02,-9.514619E-06,+5.292563E-06,-9.926138E+01,+2.633959E+00
+8.378906E+02,+7.581421E-06,-2.192896E-06,-1.020560E+02,-2.815619E-01
+8.381348E+02,-4.340543E-06,-9.734748E-07,-1.070360E+02,-2.920969E+00
+8.383789E+02,+3.814899E-06,+5.242299E-06,-1.037639E+02,+9.417109E-01
+8.386230E+02,-7.268050E-06,-1.689049E-06,-1.025432E+02,-2.913252E+00
+8.388672E+02,+5.742343E-06,-6.734841E-06,-1.010606E+02,-8.647760E-01
+8.391113E+02,+5.617252E-06,+3.995580E-06,-1.032314E+02,+6.182730E-01
+8.393555E+02,-1.295188E-05,-1.660758E-06,-9.768251E+01,-3.014063E+00
+8.395996E+02,+1.143173E-05,+3.646974E-06,-9.841683E+01,+3.088157E-01
+8.398438E+02,-8.549369E-06,-4.171869E-06,-1.004337E+02,-2.687612E+00
+8.400879E+02,+4.049710E-06,+6.030630E-06,-1.027762E+02,+9.794387E-01
+8.403320E+02,-8.326980E-07,-3.155381E-06,-1.097266E+02,-1.828812E+00
+8.405762E+02,+3.601072E-06,-4.289705E-06,-1.050350E+02,-8.724483E-01
+8.408203E+02,-7.500702E-06,+5.992953E-06,-1.003538E+02,+2.467471E+00
+8.410645E+02,+4.524214E-06,-1.802024E-06,-1.062496E+02,-3.790457E-01
+8.413086E+02,+2.647617E-06,-4.431026E-07,-1.114229E+02,-1.658222E-01
+8.415527E+02,-3.469715E-06,+1.029342E-06,-1.088278E+02,+2.853199E+00
+8.417969E+02,+3.169333E-06,+1.729418E-06,-1.088487E+02,+4.995148E-01
+8.420410E+02,-3.880731E-06,-7.650935E-06,-1.013314E+02,-2.040206E+00
+8.422852E+02,+3.056199E-06,+9.157367E-06,-1.003059E+02,+1.248678E+00
+8.425293E+02,-4.786903E-06,-9.232368E-06,-9.965969E+01,-2.049127E+00
+8.427734E+02,+3.755812E-07,+1.362272E-05,-9.731142E+01,+1.543233E+00
+8.430176E+02,+2.434337E-06,-1.452676E-05,-9.663634E+01,-1.404763E+00
+8.432617E+02,+1.656744E-06,+8.139948E-06,-1.016113E+02,+1.370006E+00
+8.435059E+02,-3.846181E-06,-1.368782E-06,-1.077815E+02,-2.799688E+00
+8.437500E+02,+1.639415E-06,+1.411119E-06,-1.132985E+02,+7.106996E-01
+8.439941E+02,+2.063533E-06,-4.802156E-06,-1.056354E+02,-1.164943E+00
+8.442383E+02,+3.546048E-08,+2.897872E-06,-1.107578E+02,+1.558560E+00
+8.444824E+02,-4.198416E-06,-4.198413E-08,-1.075379E+02,-3.131593E+00
+8.447266E+02,+6.898877E-06,+2.359942E-06,-1.027438E+02,+3.295985E-01
+8.449707E+02,-8.742106E-06,-1.455957E-06,-1.010489E+02,-2.976562E+00
+8.452148E+02,+8.435914E-06,-5.107603E-06,-1.001210E+02,-5.444241E-01
+8.454590E+02,-4.404466E-06,+6.811186E-06,-1.018183E+02,+2.144814E+00
+8.457031E+02,-2.789825E-06,+1.824892E-06,-1.095415E+02,+2.562324E+00
+8.459473E+02,+1.998567E-06,-7.952213E-06,-1.017242E+02,-1.324574E+00
+8.461914E+02,+1.495540E-06,+1.920256E-06,-1.122738E+02,+9.091018E-01
+8.464355E+02,+1.019315E-06,+8.642741E-07,-1.174812E+02,+7.032716E-01
+8.466797E+02,+1.838002E-06,+5.274537E-06,-1.050586E+02,+1.235488E+00
+8.469238E+02,-4.885914E-06,+4.506626E-07,-1.061843E+02,+3.049616E+00
+8.471680E+02,-3.642767E-06,-9.130519E-06,-1.001486E+02,-1.950411E+00
+8.474121E+02,+1.339689E-05,+2.672371E-06,-9.729046E+01,+1.968926E-01
+8.476562E+02,-1.023928E-05,+7.267484E-07,-9.977280E+01,+3.070735E+00
+8.479004E+02,+5.785266E-07,-2.353028E-07,-1.240887E+02,-3.862926E-01
+8.481445E+02,+4.231863E-06,+4.828391E-06,-1.038487E+02,+8.511434E-01
+8.483887E+02,-4.177835E-06,-7.741512E-06,-1.011134E+02,-2.065671E+00
+8.486328E+02,+8.470856E-07,+6.666618E-06,-1.034523E+02,+1.444410E+00
+8.488770E+02,-3.286449E-06,-1.566589E-06,-1.087762E+02,-2.696773E+00
+8.491211E+02,+5.611794E-06,-2.919533E-06,-1.039777E+02,-4.797157E-01
+8.493652E+02,+2.878836E-06,+1.116192E-06,-1.102074E+02,+3.698785E-01
+8.496094E+02,-3.891965E-06,+5.324347E-06,-1.036155E+02,+2.202010E+00
+8.498535E+02,-6.802526E-07,-3.980127E-06,-1.078770E+02,-1.740073E+00
+8.500977E+02,-1.614797E-06,-1.936689E-06,-1.119666E+02,-2.265806E+00
+8.503418E+02,+5.525246E-08,+3.397774E-06,-1.093750E+02,+1.554536E+00
+8.505859E+02,+2.150352E-06,-4.731854E-06,-1.056840E+02,-1.144255E+00
+8.508301E+02,+5.897933E-06,+4.958957E-06,-1.022638E+02,+6.991262E-01
+8.510742E+02,-8.739202E-06,+2.046486E-06,-1.009387E+02,+2.911564E+00
+8.513184E+02,+3.816677E-06,-6.111293E-06,-1.028471E+02,-1.012536E+00
+8.515625E+02,-4.178572E-06,+2.084344E-06,-1.066144E+02,+2.678892E+00
+8.518066E+02,+8.742127E-07,+2.146886E-06,-1.126975E+02,+1.184098E+00
+8.520508E+02,+1.281075E-06,-5.485036E-06,-1.049857E+02,-1.341351E+00
+8.522949E+02,+6.884854E-06,+5.101859E-06,-1.013413E+02,+6.377332E-01
+8.525391E+02,-7.457889E-06,+6.467534E-07,-1.025151E+02,+3.055088E+00
+8.527832E+02,-1.909955E-06,-3.265073E-06,-1.084440E+02,-2.100088E+00
+8.530273E+02,+5.463071E-06,-1.825441E-06,-1.047916E+02,-3.224781E-01
+8.532715E+02,-4.811089E-06,+8.588917E-06,-1.001360E+02,+2.081399E+00
+8.535156E+02,+3.908085E-06,-1.551209E-05,-9.591933E+01,-1.323995E+00
+8.537598E+02,-1.028340E-06,+1.826264E-05,-9.475498E+01,+1.627045E+00
+8.540039E+02,-9.554384E-07,-1.241043E-05,-9.809859E+01,-1.647631E+00
+8.542480E+02,+1.027725E-07,+6.629166E-06,-1.035698E+02,+1.555295E+00
+8.544922E+02,+5.141294E-06,-3.852746E-06,-1.038430E+02,-6.430995E-01
+8.547363E+02,-9.231280E-06,+3.330417E-06,-1.001634E+02,+2.795351E+00
+8.549805E+02,+9.100499E-06,-3.259333E-06,-1.002946E+02,-3.439158E-01
+8.552246E+02,-1.885578E-06,+1.649796E-06,-1.120223E+02,+2.422788E+00
+8.554688E+02,-7.906844E-06,-7.398513E-07,-1.020021E+02,-3.048293E+00
+8.557129E+02,+5.446964E-06,+5.558620E-07,-1.052319E+02,+1.016978E-01
+8.559570E+02,+1.759409E-06,+9.454330E-07,-1.139910E+02,+4.930857E-01
+8.562012E+02,-1.386912E-06,-2.508475E-06,-1.108534E+02,-2.075856E+00
+8.564453E+02,+1.129239E-06,+3.334735E-06,-1.090673E+02,+1.244287E+00
+8.566895E+02,+6.725231E-07,-5.410651E-06,-1.052684E+02,-1.447134E+00
+8.569336E+02,-3.724127E-06,+2.612742E-06,-1.068412E+02,+2.529813E+00
+8.571777E+02,-1.501170E-06,+4.100795E-06,-1.071965E+02,+1.921713E+00
+8.574219E+02,+9.676834E-06,-4.586389E-06,-9.940527E+01,-4.425958E-01
+8.576660E+02,-8.402952E-06,+4.025374E-06,-1.006141E+02,+2.694851E+00
+8.579102E+02,+1.053469E-06,-2.395796E-06,-1.116433E+02,-1.156528E+00
+8.581543E+02,+2.237479E-07,-6.456597E-06,-1.037947E+02,-1.536156E+00
+8.583984E+02,+6.161893E-08,+9.541435E-06,-1.004075E+02,+1.564338E+00
+8.586426E+02,+4.850038E-06,-6.119022E-06,-1.021492E+02,-9.005737E-01
+8.588867E+02,-4.012427E-06,+6.189398E-06,-1.026434E+02,+2.145957E+00
+8.591309E+02,-1.340911E-06,-4.018729E-06,-1.074598E+02,-1.892846E+00
+8.593750E+02,-1.067685E-06,+6.934188E-07,-1.179028E+02,+2.565597E+00
+8.596191E+02,+6.534448E-06,+6.244771E-07,-1.036563E+02,+9.527756E-02
+8.598633E+02,-6.229373E-06,-4.535643E-06,-1.022638E+02,-2.512252E+00
+8.601074E+02,-2.250273E-06,+6.508733E-06,-1.032397E+02,+1.903663E+00
+8.603516E+02,+8.350110E-06,-9.935137E-06,-9.773578E+01,-8.718654E-01
+8.605957E+02,-3.440414E-06,+1.024022E-05,-9.932935E+01,+1.894919E+00
+8.608398E+02,-2.340581E-06,-7.698011E-07,-1.121675E+02,-2.823843E+00
+8.610840E+02,+5.466912E-06,-2.452902E-06,-1.044486E+02,-4.217569E-01
+8.613281E+02,-3.103034E-06,-1.439298E-06,-1.093180E+02,-2.707293E+00
+8.615723E+02,-3.707220E-06,+3.416094E-06,-1.059494E+02,+2.397041E+00
+8.618164E+02,+8.207548E-06,-2.749028E-07,-1.017109E+02,-3.348139E-02
+8.620605E+02,-6.561597E-06,-5.639768E-06,-1.012574E+02,-2.431602E+00
+8.623047E+02,-2.300528E-06,+1.672379E-06,-1.109209E+02,+2.513005E+00
+8.625488E+02,+6.700517E-06,+2.962371E-06,-1.027025E+02,+4.162739E-01
+8.627930E+02,+1.339024E-06,-1.493758E-06,-1.139531E+02,-8.399667E-01
+8.630371E+02,-1.073338E-05,-1.464083E-06,-9.930520E+01,-3.006025E+00
+8.632812E+02,+1.236257E-05,+4.334651E-06,-9.765427E+01,+3.372335E-01
+8.635254E+02,-8.150558E-06,-3.106696E-06,-1.011871E+02,-2.777429E+00
+8.637695E+02,+4.819369E-06,+1.816109E-06,-1.057635E+02,+3.603789E-01
+8.640137E+02,-9.034682E-06,-1.997505E-06,-1.006745E+02,-2.924000E+00
+8.642578E+02,+1.172597E-05,-1.015910E-06,-9.858455E+01,-8.642181E-02
+8.645020E+02,-7.645495E-06,+1.380999E-07,-1.023305E+02,+3.123532E+00
+8.647461E+02,-3.077027E-07,+1.363972E-06,-1.170883E+02,+1.792675E+00
+8.649902E+02,+6.476054E-06,+2.906721E-06,-1.029767E+02,+4.218900E-01
+8.652344E+02,-8.203458E-06,-3.047815E-06,-1.011585E+02,-2.785869E+00
+8.654785E+02,+1.139267E-05,+4.575356E-06,-9.821809E+01,+3.818896E-01
+8.657227E+02,-1.013342E-05,-4.875770E-06,-9.898049E+01,-2.693132E+00
+8.659668E+02,+1.976574E-06,-2.288563E-06,-1.103885E+02,-8.584167E-01
+8.662109E+02,+5.529066E-06,+6.698346E-06,-1.012241E+02,+8.807361E-01
+8.664551E+02,-4.719891E-06,-1.028984E-05,-9.892254E+01,-2.000857E+00
+8.666992E+02,-3.785703E-06,+9.428404E-06,-9.986210E+01,+1.952613E+00
+8.669434E+02,+8.891066E-06,+3.363902E-08,-1.010209E+02,+3.783445E-03
+8.671875E+02,-1.029159E-05,-5.050186E-06,-9.881334E+01,-2.685405E+00
+8.674316E+02,+7.316135E-06,+4.292238E-06,-1.014297E+02,+5.305687E-01
+8.676758E+02,+1.684121E-06,-3.132865E-06,-1.089787E+02,-1.077550E+00
+8.679199E+02,-5.782854E-06,+1.133798E-06,-1.045933E+02,+2.947986E+00
+8.681641E+02,+3.952061E-06,+8.918205E-07,-1.078478E+02,+2.219422E-01
+8.684082E+02,-1.854074E-06,+7.306053E-07,-1.140106E+02,+2.766222E+00
+8.686523E+02,+6.303695E-06,-8.869864E-06,-9.926608E+01,-9.529340E-01
+8.688965E+02,-1.259662E-05,+8.732825E-06,-9.629048E+01,+2.535399E+00
+8.691406E+02,+9.650304E-06,+3.476078E-06,-9.977937E+01,+3.457362E-01
+8.693848E+02,-2.237797E-06,-1.091809E-05,-9.905835E+01,-1.772959E+00
+8.696289E+02,-2.551792E-06,+7.428040E-06,-1.020980E+02,+1.901700E+00
+8.698730E+02,+4.811017E-06,-3.249614E-06,-1.047229E+02,-5.940605E-01
+8.701172E+02,-3.213020E-06,+2.591367E-06,-1.076856E+02,+2.462888E+00
+8.703613E+02,-1.597576E-06,-3.378937E-06,-1.085482E+02,-2.012452E+00
+8.706055E+02,+2.434969E-06,+7.026297E-06,-1.025729E+02,+1.237198E+00
+8.708496E+02,+1.567154E-06,-8.833221E-06,-1.009430E+02,-1.395208E+00
+8.710938E+02,-6.313499E-06,+2.349663E-06,-1.034312E+02,+2.785310E+00
+8.713379E+02,+4.787034E-06,+4.318775E-06,-1.038125E+02,+7.340193E-01
+8.715820E+02,-7.218986E-07,-5.145563E-06,-1.056867E+02,-1.710182E+00
+8.718262E+02,+1.117487E-06,+3.972941E-06,-1.076871E+02,+1.296606E+00
+8.720703E+02,-3.208929E-06,-6.168940E-06,-1.031558E+02,-2.050453E+00
+8.723145E+02,+4.110580E-06,+9.107392E-06,-1.000069E+02,+1.146824E+00
+8.725586E+02,-1.950569E-06,-8.587515E-06,-1.011042E+02,-1.794147E+00
+8.728027E+02,-4.494585E-06,+5.639872E-06,-1.028392E+02,+2.243663E+00
+8.730469E+02,+3.557424E-06,-2.897966E-06,-1.067668E+02,-6.835951E-01
+8.732910E+02,+4.963101E-06,+4.504426E-07,-1.060493E+02,+9.051033E-02
+8.735352E+02,-5.288734E-06,+4.179758E-06,-1.034255E+02,+2.472786E+00
+8.737793E+02,-1.154580E-06,-1.030840E-05,-9.968202E+01,-1.682335E+00
+8.740234E+02,+1.032769E-06,+9.409293E-06,-1.004769E+02,+1.461473E+00
+8.742676E+02,-4.664408E-06,-3.897213E-06,-1.043244E+02,-2.445564E+00
+8.745117E+02,+6.323467E-06,+5.532064E-06,-1.015126E+02,+7.187431E-01
+8.747559E+02,+3.762854E-06,-5.590785E-06,-1.034279E+02,-9.783903E-01
+8.750000E+02,-5.909626E-06,-4.782434E-06,-1.023811E+02,-2.461230E+00
+8.752441E+02,-4.080342E-06,+1.027242E-05,-9.913029E+01,+1.948898E+00
+8.754883E+02,+1.090606E-05,-1.447995E-06,-9.917075E+01,-1.319977E-01
+8.757324E+02,-9.791994E-06,-5.827954E-06,-9.886565E+01,-2.604728E+00
+8.759766E+02,+4.347385E-06,+8.614527E-06,-1.003100E+02,+1.103430E+00
+8.762207E+02,+2.708008E-06,-8.282412E-06,-1.011958E+02,-1.254794E+00
+8.764648E+02,-6.004891E-06,+3.687336E-06,-1.030404E+02,+2.590902E+00
+8.767090E+02,+1.458710E-06,-6.458854E-07,-1.159431E+02,-4.168323E-01
+8.769531E+02,+4.802509E-07,-1.651336E-06,-1.152907E+02,-1.287777E+00
+8.771973E+02,+7.680545E-06,+6.925477E-06,-9.970807E+01,+7.337484E-01
+8.774414E+02,-1.245077E-05,-5.859076E-06,-9.722733E+01,-2.701757E+00
+8.776855E+02,+4.361126E-06,-5.175134E-07,-1.071473E+02,-1.181128E-01
+8.779297E+02,+1.101223E-06,-2.477650E-06,-1.113363E+02,-1.152557E+00
+8.781738E+02,+3.212705E-06,+7.094537E-06,-1.021714E+02,+1.145581E+00
+8.784180E+02,-4.753796E-06,-5.437549E-07,-1.064027E+02,-3.027704E+00
+8.786621E+02,+3.966827E-06,-5.157676E-06,-1.037328E+02,-9.151757E-01
+8.789062E+02,-4.141856E-06,+4.534087E-06,-1.042351E+02,+2.311016E+00
+8.791504E+02,+1.299061E-06,-1.940936E-06,-1.126322E+02,-9.809754E-01
+8.793945E+02,+3.951150E-06,-1.486696E-06,-1.074905E+02,-3.598830E-01
+8.796387E+02,-8.443407E-06,+1.334516E-06,-1.013625E+02,+2.984835E+00
+8.798828E+02,+5.714499E-06,+1.445106E-06,-1.045912E+02,+2.476913E-01
+8.801270E+02,+2.723091E-06,-2.860194E-06,-1.080699E+02,-8.099493E-01
+8.803711E+02,-7.787887E-06,+2.798682E-06,-1.016441E+02,+2.796601E+00
+8.806152E+02,-8.715030E-08,-1.371954E-06,-1.172357E+02,-1.634234E+00
+8.808594E+02,+1.024224E-05,+1.202671E-06,-9.973263E+01,+1.168873E-01
+8.811035E+02,-3.084698E-06,+3.213037E-06,-1.070248E+02,+2.335819E+00
+8.813477E+02,-8.888048E-06,-4.826963E-06,-9.990137E+01,-2.644074E+00
+8.815918E+02,+6.998333E-06,-2.092320E-06,-1.027283E+02,-2.905153E-01
+8.818359E+02,+3.330980E-06,+4.421966E-06,-1.051358E+02,+9.251991E-01
+8.820801E+02,-4.121270E-06,-2.989343E-07,-1.076766E+02,-3.069185E+00
+8.823242E+02,-8.484615E-07,+3.156557E-06,-1.097128E+02,+1.833383E+00
+8.825684E+02,+2.299013E-07,-8.555334E-06,-1.013521E+02,-1.543931E+00
+8.828125E+02,+2.095550E-06,+7.655660E-06,-1.020066E+02,+1.303615E+00
+8.830566E+02,-2.567978E-06,-9.603126E-06,-1.000518E+02,-1.832093E+00
+8.833008E+02,+2.506801E-06,+1.023133E-05,-9.954818E+01,+1.330518E+00
+8.835449E+02,+3.083398E-06,-4.424143E-06,-1.053640E+02,-9.621217E-01
+8.837891E+02,-8.209792E-06,+1.360038E-06,-1.015958E+02,+2.977423E+00
+8.840332E+02,+5.441497E-06,-2.764866E-07,-1.052744E+02,-5.076709E-02
+8.842773E+02,-7.887432E-06,-8.258286E-07,-1.020139E+02,-3.037271E+00
+8.845215E+02,+9.434148E-06,+1.248282E-06,-1.004306E+02,+1.315512E-01
+8.847656E+02,-9.756641E-07,-2.271130E-06,-1.121396E+02,-1.976552E+00
+8.850098E+02,-1.833513E-06,+1.123921E-06,-1.133489E+02,+2.591678E+00
+8.852539E+02,+3.308698E-06,+5.608293E-07,-1.094838E+02,+1.679056E-01
+8.854980E+02,-5.344531E-06,+3.649571E-06,-1.037796E+02,+2.542462E+00
+8.857422E+02,+3.159664E-06,-4.049377E-06,-1.057871E+02,-9.081936E-01
+8.859863E+02,-4.081684E-06,+8.054104E-07,-1.076173E+02,+2.946772E+00
+8.862305E+02,+1.072710E-05,-3.199724E-06,-9.902017E+01,-2.898819E-01
+8.864746E+02,-1.041293E-05,+4.304301E-06,-9.896346E+01,+2.749621E+00
+8.867188E+02,-2.833128E-07,-1.420967E-06,-1.167790E+02,-1.767596E+00
+8.869629E+02,+4.522577E-06,-1.765826E-06,-1.062761E+02,-3.722439E-01
+8.872070E+02,-2.001752E-06,+3.341489E-06,-1.081894E+02,+2.110524E+00
+8.874512E+02,+1.532899E-06,-2.053202E-07,-1.162125E+02,-1.331500E-01
+8.876953E+02,-1.021579E-07,+1.671222E-06,-1.155231E+02,+1.631848E+00
+8.879395E+02,-6.548278E-07,-9.579928E-06,-1.003525E+02,-1.639044E+00
+8.881836E+02,-8.269927E-07,+7.409295E-06,-1.025507E+02,+1.681952E+00
+8.884277E+02,+8.094822E-07,+2.871943E-07,-1.213210E+02,+3.409336E-01
+8.886719E+02,+1.628612E-06,-5.575001E-07,-1.152824E+02,-3.298132E-01
+8.889160E+02,-2.982817E-06,-2.092441E-06,-1.087695E+02,-2.529862E+00
+8.891602E+02,+3.987755E-06,-1.863318E-07,-1.079760E+02,-4.669202E-02
+8.894043E+02,-9.897533E-07,+1.152271E-06,-1.163689E+02,+2.280469E+00
+8.896484E+02,-2.990696E-06,+5.278412E-07,-1.103513E+02,+2.966897E+00
+8.898926E+02,+9.155081E-07,-2.453683E-07,-1.204655E+02,-2.618592E-01
+8.901367E+02,+2.338097E-06,-1.265869E-06,-1.115063E+02,-4.962244E-01
+8.903809E+02,-5.568547E-06,+2.678393E-07,-1.050751E+02,+3.093531E+00
+8.906250E+02,+9.830070E-06,+9.396361E-07,-1.001094E+02,+9.529839E-02
+8.908691E+02,-5.120860E-06,-8.409270E-07,-1.056976E+02,-2.978829E+00
+8.911133E+02,-5.735032E-06,+1.052299E-06,-1.046855E+02,+2.960125E+00
+8.913574E+02,+6.089238E-06,+2.290486E-06,-1.037340E+02,+3.597813E-01
+8.916016E+02,-9.192439E-07,-5.387351E-06,-1.052479E+02,-1.739799E+00
+8.918457E+02,+9.169810E-07,+3.722325E-06,-1.083279E+02,+1.329259E+00
+8.920898E+02,-2.571533E-07,-2.140477E-06,-1.133276E+02,-1.690362E+00
+8.923340E+02,+6.155826E-07,-4.031044E-07,-1.226645E+02,-5.797659E-01
+8.925781E+02,+1.553027E-06,-3.002273E-07,-1.160171E+02,-1.909619E-01
+8.928223E+02,-3.746766E-06,+8.524919E-06,-1.006192E+02,+1.984890E+00
+8.930664E+02,-2.476108E-07,-1.161994E-05,-9.869394E+01,-1.592102E+00
+8.933105E+02,+4.213496E-06,+3.455794E-06,-1.052730E+02,+6.869209E-01
+8.935547E+02,-9.589186E-06,+7.827287E-07,-1.003355E+02,+3.060147E+00
+8.937988E+02,+8.494944E-06,+1.555903E-06,-1.012735E+02,+1.811485E-01
+8.940430E+02,-1.532711E-06,-4.233294E-06,-1.069315E+02,-1.918175E+00
+8.942871E+02,+4.741183E-07,+3.103985E-06,-1.100614E+02,+1.419223E+00
+8.945312E+02,-1.167690E-06,+3.703392E-06,-1.082164E+02,+1.876233E+00
+8.947754E+02,-2.628191E-06,-7.027448E-06,-1.024955E+02,-1.928681E+00
+8.950195E+02,-6.310407E-07,+1.789469E-06,-1.144365E+02,+1.909822E+00
+8.952637E+02,+1.004293E-05,+1.171867E-06,-9.990406E+01,+1.161604E-01
+8.955078E+02,-5.808550E-06,+2.894242E-06,-1.037555E+02,+2.679328E+00
+8.957520E+02,+1.016864E-06,-3.820901E-06,-1.080595E+02,-1.310693E+00
+8.959961E+02,-4.571398E-06,-2.506981E-06,-1.056571E+02,-2.639974E+00
+8.962402E+02,+1.613925E-06,+8.101848E-06,-1.016593E+02,+1.374166E+00
+8.964844E+02,+3.385641E-06,-8.750849E-06,-1.005532E+02,-1.201640E+00
+8.967285E+02,-3.170130E-06,+6.551993E-06,-1.027590E+02,+2.021434E+00
+8.969727E+02,-2.168894E-06,+1.806421E-08,-1.132749E+02,+3.133264E+00
+8.972168E+02,+7.727886E-06,-4.558115E-06,-1.009422E+02,-5.329057E-01
+8.974609E+02,-4.233461E-06,+2.031700E-06,-1.065659E+02,+2.694142E+00
+8.977051E+02,-2.414891E-06,-3.427444E-06,-1.075500E+02,-2.184586E+00
+8.979492E+02,+4.278274E-06,+3.860966E-06,-1.047872E+02,+7.341719E-01
+8.981934E+02,-4.584276E-06,-1.349625E-06,-1.064136E+02,-2.855278E+00
+8.984375E+02,+5.503212E-06,+1.763426E-06,-1.047632E+02,+3.100982E-01
+8.986816E+02,-6.915329E-06,-5.591638E-06,-1.010189E+02,-2.461638E+00
+8.989258E+02,+5.284642E-06,+5.434537E-06,-1.024062E+02,+7.993811E-01
+8.991699E+02,-2.218169E-06,+2.979374E-06,-1.086022E+02,+2.210773E+00
+8.994141E+02,-1.942464E-06,-8.064817E-06,-1.016232E+02,-1.807151E+00
+8.996582E+02,+3.690896E-06,+3.724955E-06,-1.056070E+02,+7.899910E-01
+8.999023E+02,+2.417268E-06,+1.068342E-06,-1.115586E+02,+4.161500E-01
+9.001465E+02,-8.515288E-06,+1.490200E-07,-1.013947E+02,+3.124094E+00
+9.003906E+02,+3.238466E-06,-1.869501E-06,-1.085441E+02,-5.235459E-01
+9.006348E+02,+5.326961E-06,+2.662083E-06,-1.045022E+02,+4.634376E-01
+9.008789E+02,-3.739875E-06,-4.710603E-06,-1.044157E+02,-2.241823E+00
+9.011230E+02,+5.365001E-07,+8.579533E-06,-1.013138E+02,+1.508345E+00
+9.013672E+02,-2.227040E-06,-1.151560E-05,-9.861481E+01,-1.761831E+00
+9.016113E+02,+2.431068E-06,+5.413034E-06,-1.045332E+02,+1.148680E+00
+9.018555E+02,-2.797538E-06,+2.771608E-06,-1.080944E+02,+2.360850E+00
+9.020996E+02,+3.530033E-06,-1.761390E-06,-1.080789E+02,-4.628254E-01
+9.023438E+02,-8.219919E-06,-1.235307E-06,-1.016057E+02,-2.992427E+00
+9.025879E+02,+1.156317E-05,-4.804313E-07,-9.873097E+01,-4.152454E-02
+9.028320E+02,-8.127754E-06,-6.165880E-07,-1.017757E+02,-3.065876E+00
+9.030762E+02,+3.285813E-06,+2.442230E-07,-1.096432E+02,+7.419008E-02
+9.033203E+02,+1.138485E-06,+6.622754E-06,-1.034528E+02,+1.400555E+00
+9.035645E+02,-5.322023E-06,-6.547183E-06,-1.014758E+02,-2.253337E+00
+9.038086E+02,+5.730641E-06,+6.897298E-07,-1.047735E+02,+1.197821E-01
+9.040527E+02,+2.308973E-06,+6.552241E-07,-1.123953E+02,+2.765040E-01
+9.042969E+02,-9.463447E-06,-4.031492E-06,-9.975475E+01,-2.738870E+00
+9.045410E+02,+4.400341E-06,+7.985979E-06,-1.008020E+02,+1.067179E+00
+9.047852E+02,-2.702395E-06,-6.772895E-06,-1.027429E+02,-1.950441E+00
+9.050293E+02,+5.696859E-06,+1.039330E-06,-1.047451E+02,+1.804546E-01
+9.052734E+02,-9.540596E-07,+6.849715E-06,-1.032031E+02,+1.709190E+00
+9.055176E+02,-4.938099E-06,-7.355074E-06,-1.010523E+02,-2.162060E+00
+9.057617E+02,+3.445411E-06,+4.168586E-06,-1.053390E+02,+8.800939E-01
+9.060059E+02,+1.179000E-06,-3.254912E-06,-1.092138E+02,-1.223275E+00
+9.062500E+02,-1.176268E-06,+7.888676E-07,-1.169769E+02,+2.550836E+00
+9.064941E+02,-3.451025E-06,-1.139654E-06,-1.087915E+02,-2.822632E+00
+9.067383E+02,-4.457364E-07,+3.581230E-06,-1.088526E+02,+1.694624E+00
+9.069824E+02,+1.065346E-05,-4.807398E-06,-9.864526E+01,-4.238948E-01
+9.072266E+02,-1.047426E-05,+8.307915E-06,-9.747799E+01,+2.471027E+00
+9.074707E+02,+2.950627E-06,-6.551693E-06,-1.028709E+02,-1.147642E+00
+9.077148E+02,+5.113463E-07,-1.411977E-06,-1.164682E+02,-1.223340E+00
+9.079590E+02,-3.135171E-06,+7.791289E-06,-1.015160E+02,+1.953365E+00
+9.082031E+02,+1.823129E-06,-3.941139E-06,-1.072454E+02,-1.137523E+00
+9.084473E+02,+6.378630E-06,-1.196806E-06,-1.037552E+02,-1.854711E-01
+9.086914E+02,-6.869352E-06,+4.195669E-07,-1.032455E+02,+3.080590E+00
+9.089355E+02,+1.058588E-06,+2.908536E-07,-1.191894E+02,+2.681394E-01
+9.091797E+02,-2.889289E-06,+1.718078E-06,-1.094693E+02,+2.605126E+00
+9.094238E+02,+6.412028E-06,-6.321602E-06,-1.009110E+02,-7.782969E-01
+9.096680E+02,-4.507148E-06,+8.667731E-06,-1.002025E+02,+2.050309E+00
+9.099121E+02,-1.504903E-06,-3.642074E-06,-1.080884E+02,-1.962630E+00
+9.101562E+02,+3.474907E-06,-7.857553E-07,-1.089646E+02,-2.223828E-01
+9.104004E+02,-2.032574E-06,+4.135921E-06,-1.067290E+02,+2.027576E+00
+9.106445E+02,+3.737683E-06,-4.710376E-06,-1.044180E+02,-9.000314E-01
+9.108887E+02,-5.120020E-06,+1.397261E-06,-1.055026E+02,+2.875179E+00
+9.111328E+02,+3.824122E-06,-3.756760E-06,-1.054156E+02,-7.765126E-01
+9.113770E+02,-1.607521E-06,+8.103299E-06,-1.016591E+02,+1.766632E+00
+9.116211E+02,-2.592497E-06,-1.567044E-06,-1.103731E+02,-2.597905E+00
+9.118652E+02,+4.612515E-06,-4.943363E-06,-1.033997E+02,-8.200068E-01
+9.121094E+02,-1.598696E-06,+3.472450E-06,-1.083524E+02,+2.002260E+00
+9.123535E+02,+1.771343E-06,-2.337124E-06,-1.106551E+02,-9.222484E-01
+9.125977E+02,-2.027709E-06,+4.016806E-06,-1.069365E+02,+2.038281E+00
+9.128418E+02,+3.108356E-06,-3.789748E-06,-1.061935E+02,-8.838584E-01
+9.130859E+02,-6.179950E-07,-6.097202E-07,-1.212281E+02,-2.362934E+00
+9.133301E+02,-1.896138E-06,+4.229550E-06,-1.066788E+02,+1.992242E+00
+9.135742E+02,+1.275006E-06,-2.957392E-06,-1.098415E+02,-1.163749E+00
+9.138184E+02,-5.931332E-06,+6.107003E-06,-1.013980E+02,+2.341603E+00
+9.140625E+02,+8.045567E-06,-8.485013E-06,-9.864147E+01,-8.119757E-01
+9.143066E+02,-5.127889E-06,+3.852676E-06,-1.038575E+02,+2.497248E+00
+9.145508E+02,+4.034738E-06,+9.830467E-07,-1.076332E+02,+2.389893E-01
+9.147949E+02,+2.037109E-06,-1.256480E-06,-1.124195E+02,-5.526779E-01
+9.150391E+02,-7.794164E-06,+7.338915E-07,-1.021263E+02,+3.047710E+00
+9.152832E+02,+6.879339E-06,-9.516875E-07,-1.031667E+02,-1.374674E-01
+9.155273E+02,-3.985500E-06,+5.944469E-07,-1.078948E+02,+2.993532E+00
+9.157715E+02,+2.841295E-07,-1.299463E-07,-1.301048E+02,-4.289483E-01
+9.160156E+02,+1.996042E-06,-1.428587E-06,-1.122004E+02,-6.211919E-01
+9.162598E+02,+2.959109E-06,+4.014259E-06,-1.060431E+02,+9.355704E-01
+9.165039E+02,+3.069330E-06,-8.789932E-06,-1.006206E+02,-1.234846E+00
+9.167480E+02,-9.226315E-06,+5.351633E-06,-9.943992E+01,+2.615979E+00
+9.169922E+02,+2.965244E-06,+3.039193E-06,-1.074402E+02,+7.977134E-01
+9.172363E+02,-2.722729E-07,-5.705987E-06,-1.048635E+02,-1.618477E+00
+9.174805E+02,+2.640654E-06,+3.336187E-06,-1.074224E+02,+9.012485E-01
+9.177246E+02,-1.577197E-06,+1.751627E-08,-1.160417E+02,+3.130487E+00
+9.179688E+02,-6.329568E-06,-9.817104E-07,-1.038693E+02,-2.987720E+00
+9.182129E+02,+8.668585E-06,-3.775271E-06,-1.004868E+02,-4.107404E-01
+9.184570E+02,-1.907475E-06,+4.375536E-06,-1.064237E+02,+1.981897E+00
+9.187012E+02,-1.679247E-06,+1.041180E-06,-1.140850E+02,+2.586577E+00
+9.189453E+02,+3.510060E-06,-5.513710E-06,-1.036935E+02,-1.003895E+00
+9.191895E+02,-2.603860E-06,+4.637464E-06,-1.054843E+02,+2.082413E+00
+9.194336E+02,-4.886645E-06,-3.578400E-06,-1.043552E+02,-2.509528E+00
+9.196777E+02,+5.990206E-06,+1.710157E-06,-1.041109E+02,+2.780943E-01
+9.199219E+02,-3.264268E-06,+3.171001E-06,-1.068381E+02,+2.370687E+00
+9.201660E+02,+2.418893E-06,-7.232976E-06,-1.023532E+02,-1.248063E+00
+9.204102E+02,-3.676247E-06,+7.738990E-06,-1.013426E+02,+2.014268E+00
+9.206543E+02,+5.619491E-06,-3.537960E-06,-1.035560E+02,-5.618913E-01
+9.208984E+02,-6.355176E-06,+2.731858E-06,-1.032011E+02,+2.735610E+00
+9.211426E+02,+4.613411E-06,-3.579512E-06,-1.046729E+02,-6.598676E-01
+9.213867E+02,-4.760466E-06,+5.563566E-06,-1.027071E+02,+2.278562E+00
+9.216309E+02,+7.485988E-06,-7.677974E-06,-9.939335E+01,-7.980582E-01
+9.218750E+02,-2.801076E-06,+2.777451E-06,-1.080798E+02,+2.360430E+00
+9.221191E+02,+1.654335E-06,+4.331935E-06,-1.066751E+02,+1.205996E+00
+9.223633E+02,-4.511742E-06,-7.144264E-06,-1.014632E+02,-2.134070E+00
+9.226074E+02,+4.855242E-06,+4.378520E-06,-1.036912E+02,+7.338158E-01
+9.228516E+02,-1.726240E-06,+1.577706E-06,-1.126209E+02,+2.401121E+00
+9.230957E+02,-2.356277E-06,-4.759012E-06,-1.054975E+02,-2.030531E+00
+9.233398E+02,+1.543449E-06,+2.585430E-06,-1.104255E+02,+1.032601E+00
+9.235840E+02,-5.101948E-07,-4.656825E-06,-1.065864E+02,-1.679920E+00
+9.238281E+02,+1.308142E-06,+6.286868E-06,-1.038472E+02,+1.365648E+00
+9.240723E+02,+2.041075E-06,-4.095035E-07,-1.136314E+02,-1.980024E-01
+9.243164E+02,-5.744907E-06,-2.880360E-06,-1.038405E+02,-2.676845E+00
+9.245605E+02,+2.828177E-06,+1.652416E-06,-1.096944E+02,+5.287722E-01
+9.248047E+02,-6.487900E-06,+1.208183E-06,-1.036099E+02,+2.957481E+00
+9.250488E+02,+1.265872E-05,-4.207305E-06,-9.749715E+01,-3.208780E-01
+9.252930E+02,-1.422472E-05,+6.352547E-07,-9.693047E+01,+3.096964E+00
+9.255371E+02,+9.533374E-06,+3.190609E-06,-9.995399E+01,+3.229601E-01
+9.257812E+02,+2.839288E-06,-7.651687E-07,-1.106313E+02,-2.632394E-01
+9.260254E+02,-7.538448E-06,-1.710703E-06,-1.022363E+02,-2.918442E+00
+9.262695E+02,+2.068107E-06,-2.115789E-07,-1.136433E+02,-1.019509E-01
+9.265137E+02,+1.022510E-06,+2.113131E-06,-1.125878E+02,+1.120124E+00
+9.267578E+02,+3.959827E-07,-1.801122E-06,-1.146841E+02,-1.354386E+00
+9.270020E+02,+6.058196E-06,-6.950268E-07,-1.042963E+02,-1.142257E-01
+9.272461E+02,-1.086698E-05,+6.156596E-06,-9.806889E+01,+2.626138E+00
+9.274902E+02,+2.946701E-06,-7.539766E-06,-1.018355E+02,-1.198228E+00
+9.277344E+02,+5.070168E-06,+2.421193E-07,-1.058897E+02,+4.771745E-02
+9.279785E+02,-6.263010E-06,+1.755355E-07,-1.040609E+02,+3.113573E+00
+9.282227E+02,+8.903988E-07,+8.791807E-06,-1.010741E+02,+1.469864E+00
+9.284668E+02,+5.280970E-06,-9.221229E-06,-9.947231E+01,-1.050695E+00
+9.287109E+02,-4.162850E-06,-3.673907E-06,-1.051107E+02,-2.418505E+00
+9.289551E+02,-1.633186E-07,+1.052605E-05,-9.955364E+01,+1.586311E+00
+9.291992E+02,+1.239154E-06,-4.312431E-06,-1.069610E+02,-1.290990E+00
+9.294434E+02,-3.137255E-06,-7.777945E-07,-1.098099E+02,-2.898571E+00
+9.296875E+02,+4.102380E-06,+8.977825E-07,-1.075361E+02,+2.154477E-01
+9.299316E+02,-1.816534E-06,-5.410089E-06,-1.048720E+02,-1.894736E+00
+9.301758E+02,+1.778359E-06,+7.102916E-06,-1.027072E+02,+1.325469E+00
+9.304199E+02,-7.025264E-06,-2.929601E-06,-1.023704E+02,-2.746510E+00
+9.306641E+02,+4.590650E-06,-2.039246E-06,-1.059804E+02,-4.180345E-01
+9.309082E+02,+1.655073E-06,+1.132862E-05,-9.882474E+01,+1.425726E+00
+9.311523E+02,-1.109053E-06,-1.450506E-05,-9.674429E+01,-1.647107E+00
+9.313965E+02,-1.337413E-06,+8.123795E-06,-1.016887E+02,+1.733962E+00
+9.316406E+02,+2.232738E-06,-6.199145E-06,-1.036236E+02,-1.225091E+00
+9.318848E+02,-2.483437E-06,+5.718292E-06,-1.041043E+02,+1.980515E+00
+9.321289E+02,-3.829904E-06,+1.021311E-06,-1.080379E+02,+2.880990E+00
+9.323730E+02,+5.198634E-06,-6.467222E-06,-1.016209E+02,-8.937162E-01
+9.326172E+02,-3.750769E-07,+2.398265E-06,-1.122971E+02,+1.725935E+00
+9.328613E+02,+1.425776E-06,+5.701041E-06,-1.046174E+02,+1.325733E+00
+9.331055E+02,-2.202048E-06,-8.209397E-06,-1.014120E+02,-1.832862E+00
+9.333496E+02,-3.209194E-06,+8.979254E-06,-1.004131E+02,+1.914049E+00
+9.335938E+02,+1.058180E-05,-8.283202E-06,-9.743316E+01,-6.641511E-01
+9.338379E+02,-8.611871E-06,+4.215127E-06,-1.003654E+02,+2.686416E+00
+9.340820E+02,+6.502222E-07,-4.390293E-07,-1.221075E+02,-5.938863E-01
+9.343262E+02,-1.688925E-06,+1.849729E-06,-1.120246E+02,+2.310784E+00
+9.345703E+02,+4.221466E-06,-2.977791E-06,-1.057368E+02,-6.143360E-01
+9.348145E+02,-1.047567E-06,+2.379161E-06,-1.117020E+02,+1.985562E+00
+9.350586E+02,-2.948859E-06,-5.593344E-06,-1.039814E+02,-2.055973E+00
+9.353027E+02,+2.645570E-06,+4.663694E-06,-1.054138E+02,+1.054791E+00
+9.355469E+02,+4.629675E-07,-1.133813E-06,-1.182395E+02,-1.183131E+00
+9.357910E+02,-1.616639E-06,+3.215617E-06,-1.088761E+02,+2.036638E+00
+9.360352E+02,+4.509480E-07,-8.709807E-07,-1.201684E+02,-1.093052E+00
+9.362793E+02,-3.038534E-06,-6.124513E-06,-1.033029E+02,-2.031340E+00
+9.365234E+02,+5.229817E-06,+8.699883E-06,-9.986999E+01,+1.029542E+00
+9.367676E+02,-2.059276E-06,-1.667337E-06,-1.115362E+02,-2.460982E+00
+9.370117E+02,-4.930473E-07,-2.072260E-06,-1.134320E+02,-1.804381E+00
+9.372559E+02,+2.565121E-06,+4.842406E-06,-1.052246E+02,+1.083656E+00
+9.375000E+02,-3.961226E-06,-7.382086E-06,-1.015375E+02,-2.063293E+00
+9.377441E+02,+2.588513E-06,-2.173685E-06,-1.094213E+02,-6.985088E-01
+9.379883E+02,+6.113495E-06,+8.021131E-06,-9.992622E+01,+9.195495E-01
+9.382324E+02,-8.784043E-06,-1.114100E-06,-1.010568E+02,-3.015434E+00
+9.384766E+02,-6.204200E-06,-2.791183E-06,-1.033458E+02,-2.718833E+00
+9.387207E+02,+1.470880E-05,-2.631768E-07,-9.664706E+01,-1.789056E-02
+9.389648E+02,-1.026032E-05,+4.897666E-07,-9.976691E+01,+3.093895E+00
+9.392090E+02,+7.493294E-06,+8.151750E-06,-9.911507E+01,+8.274605E-01
+9.394531E+02,-4.308899E-06,-1.297681E-05,-9.728242E+01,-1.891388E+00
+9.396973E+02,+9.134500E-07,+4.392872E-06,-1.069612E+02,+1.365779E+00
+9.399414E+02,+4.334010E-07,-6.502814E-07,-1.221417E+02,-9.829214E-01
+9.401855E+02,-5.354315E-06,+5.193659E-06,-1.025459E+02,+2.371424E+00
+9.404297E+02,+8.794104E-06,-2.540710E-06,-1.007680E+02,-2.812522E-01
+9.406738E+02,-1.442108E-06,-4.242418E-07,-1.164596E+02,-2.855482E+00
+9.409180E+02,-3.667620E-06,+1.037442E-07,-1.087088E+02,+3.113314E+00
+9.411621E+02,+3.464908E-06,-2.521990E-07,-1.091832E+02,-7.265849E-02
+9.414062E+02,-5.822485E-06,-2.354996E-06,-1.040398E+02,-2.757242E+00
+9.416504E+02,+4.590692E-06,+2.115683E-06,-1.059260E+02,+4.318513E-01
+9.418945E+02,-5.165356E-06,+1.270102E-06,-1.054830E+02,+2.900487E+00
+9.421387E+02,+1.474504E-05,+1.004403E-06,-9.660697E+01,+6.801298E-02
+9.423828E+02,-1.820296E-05,-7.051927E-06,-9.418987E+01,-2.771991E+00
+9.426270E+02,+2.792760E-06,+9.041036E-06,-1.004798E+02,+1.271196E+00
+9.428711E+02,+1.064772E-05,-3.453720E-06,-9.902042E+01,-3.136550E-01
+9.431152E+02,-7.437225E-06,+1.004633E-06,-1.024932E+02,+3.007324E+00
+9.433594E+02,+4.250991E-06,+3.293719E-06,-1.053881E+02,+6.591927E-01
+9.436035E+02,-2.664132E-07,-7.199745E-06,-1.028477E+02,-1.607783E+00
+9.438477E+02,-3.781711E-06,+2.027564E-06,-1.073489E+02,+2.649445E+00
+9.440918E+02,+3.443172E-06,-1.945603E-06,-1.080574E+02,-5.143330E-01
+9.443359E+02,-4.419891E-06,+9.163691E-07,-1.069090E+02,+2.937160E+00
+9.445801E+02,+3.004852E-06,+3.523702E-06,-1.066866E+02,+8.647054E-01
+9.448242E+02,+3.063165E-07,+8.017000E-07,-1.213280E+02,+1.205830E+00
+9.450684E+02,+2.986303E-06,-1.788350E-06,-1.091663E+02,-5.395740E-01
+9.453125E+02,-2.946842E-06,-1.543029E-06,-1.095606E+02,-2.659227E+00
+9.455566E+02,-1.072320E-06,-3.432889E-06,-1.088825E+02,-1.873560E+00
+9.458008E+02,-3.967403E-06,+5.967804E-06,-1.028942E+02,+2.157506E+00
+9.460449E+02,+8.726266E-06,-3.834721E-07,-1.011750E+02,-4.391633E-02
+9.462891E+02,-8.593624E-07,-1.384014E-06,-1.157610E+02,-2.126457E+00
+9.465332E+02,-3.773514E-06,+2.745250E-06,-1.066203E+02,+2.512645E+00
+9.467773E+02,+3.339371E-06,-5.936938E-06,-1.033350E+02,-1.058427E+00
+9.470215E+02,-6.759772E-06,+2.452487E-06,-1.028643E+02,+2.793555E+00
+9.472656E+02,+1.934940E-06,+8.074245E-07,-1.135695E+02,+3.953191E-01
+9.475098E+02,+5.832912E-06,+5.429835E-07,-1.046448E+02,+9.282210E-02
+9.477539E+02,-3.321485E-06,-1.300951E-06,-1.089535E+02,-2.768281E+00
+9.479980E+02,-1.434062E-06,-1.432041E-06,-1.138645E+02,-2.356900E+00
+9.482422E+02,+4.223279E-06,-3.307699E-09,-1.074870E+02,-7.832063E-04
+9.484863E+02,-5.614840E-06,+4.436767E-06,-1.029063E+02,+2.472865E+00
+9.487305E+02,+7.269100E-06,-3.784228E-06,-1.017289E+02,-4.799844E-01
+9.489746E+02,-8.723881E-06,+1.329450E-06,-1.010861E+02,+2.990364E+00
+9.492188E+02,+2.650036E-06,-2.942394E-06,-1.080464E+02,-8.376279E-01
+9.494629E+02,+1.897472E-06,+7.817678E-06,-1.018898E+02,+1.332685E+00
+9.497070E+02,+5.799838E-06,-7.752008E-06,-1.002811E+02,-9.284660E-01
+9.499512E+02,-6.881134E-06,+3.533676E-06,-1.022303E+02,+2.667179E+00
+9.501953E+02,-4.873763E-06,-4.172382E-06,-1.038550E+02,-2.433573E+00
+9.504395E+02,+5.478753E-06,+6.335905E-06,-1.015391E+02,+8.578211E-01
+9.506836E+02,-1.125148E-06,-6.027400E-06,-1.042486E+02,-1.755345E+00
+9.509277E+02,-2.746095E-06,+4.940307E-06,-1.049556E+02,+2.078124E+00
+9.511719E+02,+8.676287E-06,-2.373754E-07,-1.012301E+02,-2.735228E-02
+9.514160E+02,-6.716389E-06,+8.424665E-06,-9.935225E+01,+2.243845E+00
+9.516602E+02,-2.853291E-06,-1.193002E-05,-9.822560E+01,-1.805555E+00
+9.519043E+02,+1.199485E-05,+5.054369E-06,-9.771027E+01,+3.987991E-01
+9.521484E+02,-6.139575E-06,-5.002094E-07,-1.042085E+02,-3.060299E+00
+9.523926E+02,+6.494818E-07,+6.860770E-06,-1.032338E+02,+1.476412E+00
+9.526367E+02,+7.247693E-06,-1.665669E-05,-9.481520E+01,-1.160383E+00
+9.528809E+02,-9.085334E-06,+1.123523E-05,-9.680325E+01,+2.250788E+00
+9.531250E+02,+3.220518E-06,-2.938457E-06,-1.072110E+02,-7.396333E-01
+9.533691E+02,+1.800695E-06,-4.674227E-06,-1.060048E+02,-1.203079E+00
+9.536133E+02,-7.449993E-07,+7.905417E-07,-1.192812E+02,+2.326544E+00
+9.538574E+02,-1.331512E-06,+3.407076E-06,-1.087351E+02,+1.943353E+00
+9.541016E+02,-2.552093E-06,-5.839026E-06,-1.039139E+02,-1.982850E+00
+9.543457E+02,+4.132696E-06,+3.210844E-06,-1.056243E+02,+6.605190E-01
+9.545898E+02,-1.525618E-06,-1.356105E-06,-1.138023E+02,-2.414950E+00
+9.548340E+02,+9.891756E-07,+6.600853E-07,-1.184949E+02,+5.884468E-01
+9.550781E+02,-5.410954E-06,+1.953804E-06,-1.048023E+02,+2.795079E+00
+9.553223E+02,+2.651591E-06,-3.190654E-06,-1.076419E+02,-8.774074E-01
+9.555664E+02,+6.053366E-06,+8.551780E-06,-9.959492E+01,+9.548222E-01
+9.558105E+02,-9.910310E-06,-9.794005E-06,-9.711892E+01,-2.362097E+00
+9.560547E+02,+2.917948E-06,+1.999763E-06,-1.090262E+02,+6.008135E-01
+9.562988E+02,+5.652475E-06,-1.213020E-07,-1.049532E+02,-2.145669E-02
+9.565430E+02,-9.318263E-06,-6.164386E-07,-1.005943E+02,-3.075535E+00
+9.567871E+02,+3.564386E-06,+3.334279E-06,-1.062302E+02,+7.520552E-01
+9.570312E+02,+4.142304E-06,-1.963486E-06,-1.067749E+02,-4.426388E-01
+9.572754E+02,-2.651327E-06,+1.526407E-06,-1.102875E+02,+2.619222E+00
+9.575195E+02,-3.134741E-06,-3.202114E-06,-1.069723E+02,-2.345563E+00
+9.577637E+02,-6.487884E-07,+4.277698E-06,-1.072770E+02,+1.721317E+00
+9.580078E+02,+6.459308E-06,-6.379639E-06,-1.008395E+02,-7.791930E-01
+9.582520E+02,-4.719430E-06,-5.282050E-06,-1.029953E+02,-2.300000E+00
+9.584961E+02,+2.140724E-06,+1.643971E-05,-9.560909E+01,+1.441308E+00
+9.587402E+02,+2.506571E-07,-6.844282E-06,-1.032876E+02,-1.534190E+00
+9.589844E+02,+8.009543E-07,+4.291825E-07,-1.208316E+02,+4.919060E-01
+9.592285E+02,-5.890307E-06,-1.256788E-06,-1.044039E+02,-2.931379E+00
+9.594727E+02,+7.163537E-06,-6.392536E-06,-1.003536E+02,-7.285844E-01
+9.597168E+02,-5.004990E-06,+8.728789E-06,-9.994640E+01,+2.091419E+00
+9.599609E+02,-2.530188E-06,-5.119928E-06,-1.048658E+02,-2.029780E+00
+9.602051E+02,+5.713248E-06,+1.417965E-07,-1.048597E+02,+2.481379E-02
+9.604492E+02,-5.480379E-06,-9.707809E-07,-1.050896E+02,-2.966274E+00
+9.606934E+02,-3.381091E-06,+1.164417E-05,-9.832628E+01,+1.853393E+00
+9.609375E+02,+5.763333E-06,-8.098229E-06,-1.000526E+02,-9.522756E-01
+9.611816E+02,-2.629478E-06,-2.226606E-06,-1.092548E+02,-2.438967E+00
+9.614258E+02,-1.118352E-06,+6.887151E-06,-1.031262E+02,+1.731774E+00
+9.616699E+02,+5.446583E-06,+1.631584E-06,-1.049043E+02,+2.910541E-01
+9.619141E+02,+1.313480E-06,+2.677177E-07,-1.174548E+02,+2.010690E-01
+9.621582E+02,+1.294342E-06,-8.302481E-06,-1.015116E+02,-1.416143E+00
+9.624023E+02,+5.572927E-07,-1.660149E-06,-1.151333E+02,-1.246928E+00
+9.626465E+02,-4.832052E-06,+1.714667E-06,-1.058023E+02,+2.800601E+00
+9.628906E+02,-2.795448E-06,-2.864603E-07,-1.110256E+02,-3.039475E+00
+9.631348E+02,-1.819906E-07,+2.959660E-06,-1.105588E+02,+1.632209E+00
+9.633789E+02,+1.987630E-06,-4.989604E-06,-1.053990E+02,-1.191709E+00
+9.636230E+02,-2.535480E-06,+1.283574E-05,-9.766534E+01,+1.765818E+00
+9.638672E+02,+4.626570E-06,-5.938605E-06,-1.024663E+02,-9.089504E-01
+9.641113E+02,+5.932373E-08,-4.182201E-06,-1.075710E+02,-1.556612E+00
+9.643555E+02,-3.299073E-06,+6.063511E-07,-1.094879E+02,+2.959827E+00
+9.645996E+02,+2.255510E-06,+1.346312E-06,-1.116116E+02,+5.381362E-01
+9.648438E+02,-1.200509E-07,+3.821218E-06,-1.083517E+02,+1.602203E+00
+9.650879E+02,-3.315616E-06,-5.811820E-06,-1.034901E+02,-2.089239E+00
+9.653320E+02,+5.197225E-06,+4.053811E-06,-1.036207E+02,+6.624234E-01
+9.655762E+02,+2.109318E-06,-1.296290E-06,-1.121257E+02,-5.510525E-01
+9.658203E+02,-1.186025E-05,+1.310134E-07,-9.851760E+01,+3.130547E+00
+9.660645E+02,+8.242704E-06,-6.193055E-06,-9.973483E+01,-6.443567E-01
+9.663086E+02,+2.061239E-06,+5.557742E-06,-1.045423E+02,+1.215645E+00
+9.665527E+02,-4.407851E-06,+4.876725E-06,-1.036440E+02,+2.305737E+00
+9.667969E+02,-1.198854E-06,-5.385801E-06,-1.051650E+02,-1.789821E+00
+9.670410E+02,-6.476187E-07,-1.180636E-06,-1.174153E+02,-2.072513E+00
+9.672852E+02,-6.170239E-07,+3.673331E-06,-1.085780E+02,+1.737217E+00
+9.675293E+02,+8.910718E-06,-2.221875E-06,-1.007398E+02,-2.443655E-01
+9.677734E+02,-7.345902E-06,+1.721609E-06,-1.024469E+02,+2.911384E+00
+9.680176E+02,-3.062761E-06,+2.987550E-06,-1.073741E+02,+2.368625E+00
+9.682617E+02,+1.537369E-05,-3.465354E-07,-9.626224E+01,-2.253700E-02
+9.685059E+02,-1.457349E-05,-9.219876E-07,-9.671138E+01,-3.078412E+00
+9.687500E+02,+7.943266E-06,-5.282136E-06,-1.004098E+02,-5.868360E-01
+9.689941E+02,-7.190097E-06,+2.121031E-06,-1.025029E+02,+2.854735E+00
+9.692383E+02,+9.654105E-07,+1.761013E-06,-1.139435E+02,+1.069326E+00
+9.694824E+02,-1.737532E-07,-4.477597E-06,-1.069726E+02,-1.609582E+00
+9.697266E+02,+5.000640E-06,+1.163256E-05,-9.795005E+01,+1.164797E+00
+9.699707E+02,-7.248494E-06,-8.953351E-06,-9.877119E+01,-2.251354E+00
+9.702148E+02,+6.782318E-06,+4.092393E-07,-1.033567E+02,+6.026608E-02
+9.704590E+02,-1.500129E-06,+2.214771E-06,-1.114535E+02,+2.166144E+00
+9.707031E+02,-4.838219E-06,-4.996666E-07,-1.062602E+02,-3.038683E+00
+9.709473E+02,+8.213988E-06,+3.054766E-06,-1.011463E+02,+3.560484E-01
+9.711914E+02,-9.726063E-06,-6.143349E-06,-9.878319E+01,-2.578234E+00
+9.714355E+02,+8.440024E-06,+3.986785E-06,-1.005984E+02,+4.412975E-01
+9.716797E+02,-6.278248E-06,+3.182938E-06,-1.030498E+02,+2.672378E+00
+9.719238E+02,+3.734914E-06,-5.090192E-06,-1.039947E+02,-9.377784E-01
+9.721680E+02,-1.622073E-06,+3.642409E-06,-1.079865E+02,+1.989760E+00
+9.724121E+02,+1.201213E-06,+1.134462E-06,-1.156385E+02,+7.568272E-01
+9.726562E+02,+1.325893E-06,-5.149934E-06,-1.054852E+02,-1.318810E+00
+9.729004E+02,-3.032884E-06,+5.426501E-06,-1.041290E+02,+2.080449E+00
+9.731445E+02,+4.372669E-06,-1.237933E-06,-1.068502E+02,-2.758875E-01
+9.733887E+02,-4.748844E-06,-1.609513E-06,-1.059960E+02,-2.814816E+00
+9.736328E+02,+4.286357E-06,+5.617411E-06,-1.030165E+02,+9.189963E-01
+9.738770E+02,+2.072648E-06,-9.506826E-06,-1.002376E+02,-1.356138E+00
+9.741211E+02,-6.246239E-06,+4.188444E-06,-1.024750E+02,+2.550903E+00
+9.743652E+02,+1.160820E-05,+3.347149E-06,-9.835785E+01,+2.807286E-01
+9.746094E+02,-1.928809E-05,-3.472226E-06,-9.415570E+01,-2.963481E+00
+9.748535E+02,+1.370256E-05,+8.009894E-06,-9.598740E+01,+5.289850E-01
+9.750977E+02,-5.103320E-07,-1.301820E-05,-9.770232E+01,-1.609978E+00
+9.753418E+02,-1.850412E-06,+1.120969E-05,-9.889137E+01,+1.734393E+00
+9.755859E+02,+2.535672E-07,-1.822283E-06,-1.147044E+02,-1.432536E+00
+9.758301E+02,+2.651367E-06,-5.795579E-06,-1.039128E+02,-1.141739E+00
+9.760742E+02,-4.959882E-07,+5.432224E-06,-1.052644E+02,+1.661849E+00
+9.763184E+02,-3.162949E-06,+8.514266E-07,-1.096943E+02,+2.878638E+00
+9.765625E+02,+6.272050E-06,-3.965147E-06,-1.025916E+02,-5.637552E-01
+9.768066E+02,-2.060288E-06,+2.764725E-06,-1.092487E+02,+2.211222E+00
+9.770508E+02,+2.970522E-06,-4.659912E-06,-1.051515E+02,-1.003285E+00
+9.772949E+02,-3.492310E-06,+2.261454E-06,-1.076169E+02,+2.566940E+00
+9.775391E+02,+2.975775E-06,+2.005976E-06,-1.089011E+02,+5.931326E-01
+9.777832E+02,+4.161526E-06,-7.500814E-06,-1.013324E+02,-1.064268E+00
+9.780273E+02,-5.922006E-06,+3.762480E-06,-1.030780E+02,+2.575593E+00
+9.782715E+02,-3.394746E-07,-6.880444E-06,-1.032371E+02,-1.620095E+00
+9.785156E+02,-3.518322E-06,+2.851567E-06,-1.068803E+02,+2.460488E+00
+9.787598E+02,+1.581263E-06,-7.924053E-07,-1.150469E+02,-4.645447E-01
+9.790039E+02,-3.914070E-06,+4.576656E-06,-1.044050E+02,+2.278316E+00
+9.792480E+02,-2.336520E-06,+1.637399E-06,-1.108935E+02,+2.530340E+00
+9.794922E+02,-1.945847E-07,+1.861996E-06,-1.145533E+02,+1.674922E+00
+9.797363E+02,+6.778678E-06,+5.190363E-06,-1.013733E+02,+6.534671E-01
+9.799805E+02,+4.101290E-06,-5.990151E-06,-1.027817E+02,-9.704318E-01
+9.802246E+02,-1.523455E-06,+4.196587E-06,-1.070044E+02,+1.919025E+00
+9.804688E+02,+4.349419E-06,-4.036642E-06,-1.045331E+02,-7.481182E-01
+9.807129E+02,-1.766838E-06,-1.039621E-06,-1.137649E+02,-2.609741E+00
+9.809570E+02,-7.893984E-06,-4.071880E-06,-1.010295E+02,-2.665369E+00
+9.812012E+02,+1.075249E-05,-3.415218E-06,-9.895241E+01,-3.075436E-01
+9.814453E+02,-6.400687E-06,+9.599406E-06,-9.875764E+01,+2.158877E+00
+9.816895E+02,-8.733480E-07,-6.670522E-06,-1.034430E+02,-1.700982E+00
+9.819336E+02,+4.546812E-06,+1.323884E-06,-1.064925E+02,+2.833340E-01
+9.821777E+02,-5.464696E-06,+2.272945E-06,-1.045557E+02,+2.747427E+00
+9.824219E+02,+1.847719E-06,-1.183552E-05,-9.843167E+01,-1.415930E+00
+9.826660E+02,-1.855451E-06,+7.128812E-06,-1.026550E+02,+1.825422E+00
+9.829102E+02,-1.616617E-05,+2.092385E-06,-9.575571E+01,+3.012878E+00
+9.831543E+02,+3.005609E-06,-1.662574E-06,-1.092820E+02,-5.052639E-01
+9.833984E+02,+1.488034E-06,+1.683479E-05,-9.544205E+01,+1.482635E+00
+9.836426E+02,-8.135040E-06,+2.260935E-06,-1.014697E+02,+2.870509E+00
+9.838867E+02,-1.802674E-06,+1.114579E-05,-9.894563E+01,+1.731144E+00
+9.841309E+02,+3.410678E-06,+1.400696E-05,-9.682297E+01,+1.331946E+00
+9.843750E+02,+1.249225E-05,+2.063460E-05,-9.235194E+01,+1.026414E+00
+9.846191E+02,+9.270138E-06,+1.676345E-05,-9.435394E+01,+1.065655E+00
+9.848633E+02,+2.896648E-05,+2.148190E-05,-8.885880E+01,+6.381114E-01
+9.851074E+02,+3.604736E-05,+2.374161E-05,-8.729770E+01,+5.824130E-01
+9.853516E+02,+7.464863E-05,+3.427507E-06,-8.253041E+01,+4.588298E-02
+9.855957E+02,+9.034949E-05,-1.861685E-05,-8.070090E+01,-2.032096E-01
+9.858398E+02,+9.738383E-05,-7.500980E-05,-7.820733E+01,-6.563351E-01
+9.860840E+02,+1.092343E-04,-1.528914E-04,-7.452128E+01,-9.504334E-01
+9.863281E+02,+8.197650E-06,-2.620998E-04,-7.162642E+01,-1.539530E+00
+9.865723E+02,-1.864028E-04,-3.277624E-04,-6.847179E+01,-2.087893E+00
+9.868164E+02,-4.612498E-04,-1.867871E-04,-6.606178E+01,-2.756819E+00
+9.870605E+02,-5.827188E-04,+2.441488E-04,-6.398842E+01,+2.744830E+00
+9.873047E+02,-2.255647E-04,+6.305273E-04,-6.348292E+01,+1.914349E+00
+9.875488E+02,+2.795818E-04,+5.900686E-04,-6.370237E+01,+1.128317E+00
+9.877930E+02,+5.710860E-04,+2.520721E-04,-6.409293E+01,+4.156715E-01
+9.880371E+02,+6.521049E-04,-2.834712E-04,-6.296196E+01,-4.100594E-01
+9.882812E+02,+5.118814E-05,-8.422011E-04,-6.147567E+01,-1.510092E+00
+9.885254E+02,-1.037228E-03,+8.776825E-05,-5.965153E+01,+3.057176E+00
+9.887695E+02,+5.836339E-04,+3.606912E-04,-6.327232E+01,+5.535564E-01
+9.890137E+02,-1.070292E-04,-8.187210E-05,-7.740925E+01,-2.488592E+00
+9.892578E+02,+3.499913E-06,-2.697325E-05,-9.130882E+01,-1.441762E+00
+9.895020E+02,-3.711572E-06,-9.201575E-06,-1.000681E+02,-1.954198E+00
+9.897461E+02,+4.321364E-06,-3.404367E-06,-1.051908E+02,-6.672571E-01
+9.899902E+02,-7.182621E-06,-1.880142E-06,-1.025865E+02,-2.885574E+00
+9.902344E+02,-2.514737E-05,-5.161846E-06,-9.181091E+01,-2.939141E+00
+9.904785E+02,-1.978191E-05,+2.287593E-05,-9.038754E+01,+2.283790E+00
+9.907227E+02,-3.100750E-05,+6.516842E-05,-8.283296E+01,+2.014902E+00
+9.909668E+02,+1.782343E-04,+1.709384E-04,-7.214760E+01,+7.645065E-01
+9.912109E+02,+5.802715E-05,-3.641352E-04,-6.866584E+01,-1.412769E+00
+9.914551E+02,-1.482583E-04,+8.347844E-05,-7.538364E+01,+2.628777E+00
+9.916992E+02,-4.112529E-06,+3.037075E-05,-9.027198E+01,+1.705388E+00
+9.919434E+02,+1.670655E-05,+3.969607E-05,-8.731683E+01,+1.172436E+00
+9.921875E+02,+2.520423E-05,+1.030401E-05,-9.129932E+01,+3.880872E-01
+9.924316E+02,+6.813964E-05,-2.545931E-05,-8.276447E+01,-3.575728E-01
+9.926758E+02,+2.523256E-05,-8.985367E-05,-8.059964E+01,-1.297029E+00
+9.929199E+02,-1.446402E-04,-1.081582E-05,-7.677000E+01,-3.066954E+00
+9.931641E+02,+3.622558E-05,+4.963370E-05,-8.422992E+01,+9.403108E-01
+9.934082E+02,+1.236346E-05,-7.101920E-06,-9.691879E+01,-5.214044E-01
+9.936523E+02,-1.510539E-05,-1.163518E-05,-9.439436E+01,-2.485247E+00
+9.938965E+02,-3.476516E-06,+1.055273E-05,-9.908522E+01,+1.889041E+00
+9.941406E+02,+2.792184E-08,+6.231498E-06,-1.041081E+02,+1.566316E+00
+9.943848E+02,-1.015662E-06,-7.460701E-06,-1.024647E+02,-1.706100E+00
+9.946289E+02,-4.314623E-06,+8.735800E-06,-1.002260E+02,+2.029553E+00
+9.948730E+02,+1.021713E-05,-4.465365E-06,-9.905427E+01,-4.120300E-01
+9.951172E+02,+2.482672E-06,-3.284088E-06,-1.077086E+02,-9.234853E-01
+9.953613E+02,-1.323182E-05,+1.328694E-06,-9.752403E+01,+3.041512E+00
+9.956055E+02,+1.147754E-05,-4.298221E-06,-9.823305E+01,-3.583232E-01
+9.958496E+02,-1.482633E-05,+2.143726E-06,-9.648947E+01,+2.997999E+00
+9.960938E+02,+3.121873E-06,-6.285523E-06,-1.030756E+02,-1.109811E+00
+9.963379E+02,+2.707138E-06,+7.636842E-06,-1.018277E+02,+1.230133E+00
+9.965820E+02,-6.683053E-06,-1.604610E-06,-1.032571E+02,-2.905952E+00
+9.968262E+02,-8.969537E-06,-3.036929E-06,-1.004733E+02,-2.815125E+00
+9.970703E+02,+8.960240E-06,+1.953033E-05,-9.335622E+01,+1.140660E+00
+9.973145E+02,+7.493685E-06,-1.717496E-05,-9.454526E+01,-1.159381E+00
+9.975586E+02,-5.475443E-06,+1.438429E-06,-1.049418E+02,+2.884692E+00
+9.978027E+02,-1.464014E-06,+1.031691E-06,-1.149380E+02,+2.527719E+00
+9.980469E+02,-1.458299E-06,+9.386256E-07,-1.152177E+02,+2.569699E+00
+9.982910E+02,-1.728860E-06,-3.649523E-06,-1.078760E+02,-2.013201E+00
+9.985352E+02,+4.825346E-07,+4.018877E-06,-1.078557E+02,+1.451301E+00
+9.987793E+02,+3.392863E-06,+6.746410E-07,-1.092203E+02,+1.962811E-01
+9.990234E+02,-3.832546E-06,-7.117580E-07,-1.081830E+02,-2.957970E+00
+9.992676E+02,+3.438628E-06,+4.751048E-06,-1.046348E+02,+9.443001E-01
+9.995117E+02,-4.360526E-06,-1.621746E-05,-9.549720E+01,-1.833463E+00
+9.997559E+02,+1.670630E-06,+1.653268E-05,-9.558902E+01,+1.470088E+00
