FFT Length,8192
Record Length,4096
FFT Sample Rate,+2.000000E+03,
Delta Frequency,+2.441406E-01,
Start Frequency,+0.000000E+00,
Stop Frequency,+1.000000E+03,
Vertical Units,F1:,Real part,Vrms,Imaginary part,Vrms,Magnitude,dBV,
Model,SDS814X HD
Serial Number,SDS08A0X807112
Software Version,3.8.12.1.1.3.8
SourceF1:
Frequency,Real part,Imaginary part,Magnitude,Angle
+0.000000E+00,-3.559169E-04,+0.000000E+00,-6.897302E+01,+3.141593E+00
+2.441406E-01,+2.491511E-04,+1.877683E-06,-7.207050E+01,+7.536182E-03
+4.882812E-01,+9.642558E-06,-3.884448E-06,-9.966304E+01,-3.829558E-01
+7.324219E-01,-7.682953E-07,+6.640154E-06,-1.034987E+02,+1.685989E+00
+9.765625E-01,-1.420636E-05,-1.658906E-06,-9.689153E+01,-3.025347E+00
+1.220703E+00,+9.683165E-06,-1.163836E-05,-9.639756E+01,-8.768430E-01
+1.464844E+00,-8.216610E-06,+1.764134E-05,-9.421671E+01,+2.006678E+00
+1.708984E+00,+9.560568E-06,-8.241427E-06,-9.797714E+01,-7.114326E-01
+1.953125E+00,-1.154072E-05,+8.133942E-06,-9.700385E+01,+2.527650E+00
+2.197266E+00,+1.432238E-05,-1.585159E-05,-9.340652E+01,-8.360347E-01
+2.441406E+00,-5.892530E-06,+9.386598E-06,-9.910695E+01,+2.131378E+00
+2.685547E+00,-8.426907E-06,+3.543269E-06,-1.007796E+02,+2.743564E+00
+2.929688E+00,+1.809775E-05,-4.469724E-07,-9.484486E+01,-2.469265E-02
+3.173828E+00,-1.820384E-05,-8.617916E-06,-9.391850E+01,-2.699441E+00
+3.417969E+00,+1.086375E-05,+6.028760E-06,-9.811446E+01,+5.066302E-01
+3.662109E+00,+2.087864E-06,+1.253826E-06,-1.122685E+02,+5.408095E-01
+3.906250E+00,-6.354107E-06,-7.478550E-07,-1.038792E+02,-3.024435E+00
+4.150391E+00,+1.918276E-07,-1.299100E-06,-1.176335E+02,-1.424194E+00
+4.394531E+00,+6.168987E-06,+5.979268E-07,-1.041551E+02,+9.662282E-02
+4.638672E+00,-4.001161E-06,-5.352177E-06,-1.035013E+02,-2.212744E+00
+4.882812E+00,+1.076504E-06,+7.835723E-06,-1.020372E+02,+1.434267E+00
+5.126953E+00,-5.272967E-06,-1.987344E-07,-1.055527E+02,-3.103921E+00
+5.371094E+00,+1.022061E-05,-8.748660E-06,-9.742322E+01,-7.079569E-01
+5.615234E+00,-4.086188E-06,+7.021622E-06,-1.018046E+02,+2.097833E+00
+5.859375E+00,+3.079957E-06,+2.920087E-06,-1.074441E+02,+7.587596E-01
+6.103516E+00,-1.549388E-05,-1.066250E-05,-9.451305E+01,-2.538847E+00
+6.347656E+00,+1.303672E-05,+1.468046E-05,-9.414008E+01,+8.446326E-01
+6.591797E+00,+1.109814E-06,-1.178957E-05,-9.853172E+01,-1.476938E+00
+6.835938E+00,-1.893820E-06,+1.291513E-06,-1.127946E+02,+2.543076E+00
+7.080078E+00,-4.769553E-06,-2.501100E-06,-1.053754E+02,-2.658625E+00
+7.324219E+00,+2.887899E-06,+9.690888E-06,-9.990323E+01,+1.281174E+00
+7.568359E+00,+2.394156E-06,-3.593143E-06,-1.072949E+02,-9.830390E-01
+7.812500E+00,-2.724407E-06,-4.087415E-06,-1.061745E+02,-2.158708E+00
+8.056641E+00,+2.981984E-06,+2.628744E-06,-1.080127E+02,+7.225230E-01
+8.300781E+00,-2.290710E-06,-2.898136E-06,-1.086498E+02,-2.239661E+00
+8.544922E+00,-7.891725E-07,+1.675433E-06,-1.146472E+02,+2.010997E+00
+8.789062E+00,+4.613613E-06,-2.231551E-06,-1.058062E+02,-4.505135E-01
+9.033203E+00,-5.492690E-06,+4.894712E-06,-1.026658E+02,+2.413699E+00
+9.277344E+00,+4.022573E-06,+6.719191E-07,-1.077904E+02,+1.655091E-01
+9.521484E+00,-1.683035E-06,-6.244586E-06,-1.037854E+02,-1.834060E+00
+9.765625E+00,-7.152983E-07,+5.206184E-06,-1.055884E+02,+1.707335E+00
+1.000977E+01,-2.397248E-06,-3.645296E-06,-1.072045E+02,-2.152515E+00
+1.025391E+01,+3.080987E-06,-1.853641E-06,-1.088845E+02,-5.416236E-01
+1.049805E+01,+2.073997E-07,+6.038895E-06,-1.043757E+02,+1.536466E+00
+1.074219E+01,-2.202150E-06,-5.189483E-06,-1.049784E+02,-1.972115E+00
+1.098633E+01,+2.267136E-06,+3.630001E-06,-1.073715E+02,+1.012517E+00
+1.123047E+01,-3.472768E-06,-1.601323E-07,-1.091773E+02,-3.095515E+00
+1.147461E+01,+6.344511E-06,-2.952318E-06,-1.031008E+02,-4.355324E-01
+1.171875E+01,-3.783811E-06,+2.395027E-06,-1.069781E+02,+2.577285E+00
+1.196289E+01,+2.185719E-06,-4.509559E-07,-1.130271E+02,-2.034643E-01
+1.220703E+01,-4.889113E-08,-2.376685E-06,-1.124787E+02,-1.591365E+00
+1.245117E+01,-6.232914E-06,+3.787238E-06,-1.027415E+02,+2.595590E+00
+1.269531E+01,-1.940715E-06,-5.975801E-06,-1.040366E+02,-1.884813E+00
+1.293945E+01,+1.610271E-05,+6.105509E-06,-9.527866E+01,+3.624130E-01
+1.318359E+01,-1.518857E-05,+6.784520E-08,-9.636957E+01,+3.137126E+00
+1.342773E+01,+7.505654E-06,-4.350082E-06,-1.012345E+02,-5.252650E-01
+1.367188E+01,-3.832675E-06,+3.258804E-06,-1.059672E+02,+2.436943E+00
+1.391602E+01,+5.252146E-06,+6.864847E-08,-1.055925E+02,+1.306981E-02
+1.416016E+01,-3.230952E-06,-2.189832E-06,-1.081717E+02,-2.545945E+00
+1.440430E+01,-3.395834E-06,+3.290517E-06,-1.065054E+02,+2.371944E+00
+1.464844E+01,-4.108346E-06,-9.153617E-06,-9.997112E+01,-1.992670E+00
+1.489258E+01,+9.043587E-06,+9.188442E-06,-9.779332E+01,+7.933431E-01
+1.513672E+01,+3.067702E-07,-1.063421E-06,-1.191187E+02,-1.289946E+00
+1.538086E+01,-1.605809E-06,-4.179031E-06,-1.069804E+02,-1.937655E+00
+1.562500E+01,-3.844768E-06,+4.599165E-06,-1.044449E+02,+2.267089E+00
+1.586914E+01,+7.749942E-07,+2.887136E-06,-1.104885E+02,+1.308548E+00
+1.611328E+01,+2.472121E-06,-1.309319E-05,-9.750697E+01,-1.384183E+00
+1.635742E+01,-1.990191E-06,+1.322935E-05,-9.747204E+01,+1.720114E+00
+1.660156E+01,-4.622921E-06,-1.062626E-05,-9.871960E+01,-1.981146E+00
+1.684570E+01,+7.387401E-06,+1.005733E-05,-9.807646E+01,+9.372703E-01
+1.708984E+01,+9.287676E-07,-3.508635E-06,-1.088031E+02,-1.312022E+00
+1.733398E+01,-3.102372E-07,-2.225940E-06,-1.129662E+02,-1.709278E+00
+1.757812E+01,-8.725903E-06,+4.598850E-06,-1.001193E+02,+2.656552E+00
+1.782227E+01,+1.024512E-05,-5.431974E-06,-9.871379E+01,-4.875158E-01
+1.806641E+01,-8.837432E-06,+5.463671E-06,-9.966770E+01,+2.587868E+00
+1.831055E+01,+9.512098E-06,-3.570617E-06,-9.986197E+01,-3.591006E-01
+1.855469E+01,-5.384074E-06,-7.308773E-07,-1.052985E+02,-3.006669E+00
+1.879883E+01,-4.368418E-06,+4.925581E-06,-1.036307E+02,+2.296318E+00
+1.904297E+01,+7.329949E-06,-9.542059E-06,-9.839294E+01,-9.157658E-01
+1.928711E+01,-3.990251E-06,+7.516874E-06,-1.014011E+02,+2.058810E+00
+1.953125E+01,+1.676207E-06,+5.338441E-07,-1.150939E+02,+3.083265E-01
+1.977539E+01,-2.136900E-08,-2.297413E-06,-1.127748E+02,-1.580097E+00
+2.001953E+01,+1.033763E-07,-2.206782E-06,-1.131153E+02,-1.523986E+00
+2.026367E+01,-2.227246E-06,+2.520929E-06,-1.094632E+02,+2.294421E+00
+2.050781E+01,+2.531163E-06,+1.141454E-06,-1.111296E+02,+4.236522E-01
+2.075195E+01,-6.336148E-08,-4.507514E-08,-1.421850E+02,-2.523259E+00
+2.099609E+01,-6.298244E-06,-8.779806E-07,-1.039320E+02,-3.003084E+00
+2.124023E+01,+1.544278E-05,-3.985706E-06,-9.594542E+01,-2.525829E-01
+2.148438E+01,-1.588376E-05,+3.210964E-06,-9.580698E+01,+2.942127E+00
+2.172852E+01,+5.148836E-06,+5.317058E-06,-1.026136E+02,+8.014701E-01
+2.197266E+01,+3.215586E-06,-8.391032E-06,-1.009286E+02,-1.204841E+00
+2.221680E+01,-6.867870E-06,+6.808215E-06,-1.002910E+02,+2.360557E+00
+2.246094E+01,+2.264021E-06,-1.760062E-06,-1.108494E+02,-6.608110E-01
+2.270508E+01,+2.941455E-06,-3.228681E-06,-1.071950E+02,-8.319156E-01
+2.294922E+01,-2.455922E-06,+8.269283E-06,-1.012835E+02,+1.859492E+00
+2.319336E+01,+1.564885E-06,-4.376638E-06,-1.066547E+02,-1.227408E+00
+2.343750E+01,-2.399659E-06,-6.533717E-06,-1.031473E+02,-1.922776E+00
+2.368164E+01,+6.465197E-06,+6.276495E-06,-1.009048E+02,+7.705895E-01
+2.392578E+01,-5.306171E-06,+4.771206E-07,-1.054694E+02,+3.051916E+00
+2.416992E+01,+1.375911E-06,-3.038452E-06,-1.095369E+02,-1.145589E+00
+2.441406E+01,-3.146324E-08,+4.075976E-06,-1.077951E+02,+1.578515E+00
+2.465820E+01,-1.661267E-06,-1.015220E-06,-1.142131E+02,-2.593043E+00
+2.490234E+01,+4.401933E-06,-4.445960E-06,-1.040734E+02,-7.903742E-01
+2.514648E+01,-1.462077E-06,+7.882091E-06,-1.019202E+02,+1.754205E+00
+2.539062E+01,-3.884694E-06,-1.277984E-05,-9.748569E+01,-1.865892E+00
+2.563477E+01,+1.112619E-06,+7.762479E-06,-1.021117E+02,+1.428433E+00
+2.587891E+01,+8.901940E-07,+3.030119E-06,-1.100113E+02,+1.285054E+00
+2.612305E+01,+1.870796E-07,+3.337795E-06,-1.095172E+02,+1.514806E+00
+2.636719E+01,-6.685047E-07,-8.975230E-06,-1.009151E+02,-1.645142E+00
+2.661133E+01,+3.414901E-06,+9.197138E-07,-1.090283E+02,+2.630814E-01
+2.685547E+01,-5.832695E-06,+6.988017E-06,-1.008169E+02,+2.266324E+00
+2.709961E+01,+2.341365E-06,-3.079128E-06,-1.082498E+02,-9.206732E-01
+2.734375E+01,+1.698492E-06,-1.717100E-06,-1.123409E+02,-7.908463E-01
+2.758789E+01,+5.339660E-06,+2.516861E-06,-1.045784E+02,+4.404680E-01
+2.783203E+01,-7.396566E-06,-6.818133E-06,-9.994836E+01,-2.396865E+00
+2.807617E+01,+3.265370E-06,+3.298293E-06,-1.066673E+02,+7.904142E-01
+2.832031E+01,-7.372627E-07,+1.648454E-06,-1.148666E+02,+1.991357E+00
+2.856445E+01,-1.144951E-05,+2.739077E-06,-9.858257E+01,+2.906775E+00
+2.880859E+01,+1.524020E-05,-2.428922E-06,-9.623125E+01,-1.580468E-01
+2.905273E+01,+3.042554E-06,-5.871000E-07,-1.101765E+02,-1.906200E-01
+2.929688E+01,-1.091202E-05,+9.808629E-07,-9.920694E+01,+3.051945E+00
+2.954102E+01,+2.269415E-06,-3.270798E-06,-1.080002E+02,-9.642157E-01
+2.978516E+01,-1.996872E-06,+6.057232E-06,-1.039064E+02,+1.889244E+00
+3.002930E+01,+5.742825E-06,-5.659419E-06,-1.018703E+02,-7.780835E-01
+3.027344E+01,-2.274597E-07,-9.863725E-07,-1.198942E+02,-1.797437E+00
+3.051758E+01,-4.481157E-06,+2.716222E-06,-1.056132E+02,+2.596669E+00
+3.076172E+01,+1.531420E-06,+6.097906E-07,-1.156590E+02,+3.789419E-01
+3.100586E+01,+2.262661E-06,+3.807816E-06,-1.070732E+02,+1.034641E+00
+3.125000E+01,+9.936848E-07,-9.273387E-06,-1.006057E+02,-1.464049E+00
+3.149414E+01,-1.633449E-06,+9.378338E-06,-1.004277E+02,+1.743239E+00
+3.173828E+01,-1.970682E-07,-1.990608E-06,-1.139779E+02,-1.669474E+00
+3.198242E+01,-5.535509E-06,-4.615014E-06,-1.028450E+02,-2.446632E+00
+3.222656E+01,+2.802226E-06,-4.775309E-07,-1.109256E+02,-1.687898E-01
+3.247070E+01,+1.028029E-05,+4.171840E-06,-9.909782E+01,+3.855048E-01
+3.271484E+01,-1.345889E-05,+1.846461E-06,-9.733883E+01,+3.005251E+00
+3.295898E+01,+5.799540E-06,-5.459394E-06,-1.019764E+02,-7.551961E-01
+3.320312E+01,+5.825319E-06,+3.215907E-07,-1.046804E+02,+5.514970E-02
+3.344727E+01,-1.071656E-05,+4.633586E-06,-9.865456E+01,+2.733491E+00
+3.369141E+01,+4.800291E-06,-1.481591E-06,-1.059795E+02,-2.993701E-01
+3.393555E+01,+5.527120E-07,+6.457401E-07,-1.214118E+02,+8.628663E-01
+3.417969E+01,+1.854756E-06,-4.982036E-06,-1.054882E+02,-1.214405E+00
+3.442383E+01,-5.510567E-06,+5.866430E-06,-1.018855E+02,+2.324925E+00
+3.466797E+01,+3.704855E-06,-8.054754E-06,-1.010455E+02,-1.139692E+00
+3.491211E+01,+1.480958E-06,+1.100911E-05,-9.908707E+01,+1.437078E+00
+3.515625E+01,-4.860659E-09,-1.029956E-05,-9.974362E+01,-1.571268E+00
+3.540039E+01,-1.863896E-06,+8.543088E-06,-1.011657E+02,+1.785606E+00
+3.564453E+01,+4.924803E-06,-8.772687E-06,-9.994760E+01,-1.059259E+00
+3.588867E+01,-8.707977E-06,+7.955627E-06,-9.856607E+01,+2.401313E+00
+3.613281E+01,+8.830718E-06,-1.293610E-06,-1.009879E+02,-1.454552E-01
+3.637695E+01,-1.281001E-05,-3.943724E-06,-9.745575E+01,-2.842938E+00
+3.662109E+01,+1.479647E-05,+5.630060E-06,-9.600961E+01,+3.635840E-01
+3.686523E+01,-5.625033E-06,-9.197563E-06,-9.934659E+01,-2.119686E+00
+3.710938E+01,-2.452318E-06,+6.181343E-06,-1.035435E+02,+1.948480E+00
+3.735352E+01,+1.550669E-06,-5.429709E-06,-1.049640E+02,-1.292612E+00
+3.759766E+01,+4.211001E-06,+4.289024E-06,-1.044215E+02,+7.945771E-01
+3.784180E+01,-3.514234E-06,+1.716430E-06,-1.081542E+02,+2.687250E+00
+3.808594E+01,-1.104068E-06,-4.963005E-06,-1.058753E+02,-1.789691E+00
+3.833008E+01,-2.358694E-06,+3.068483E-06,-1.082452E+02,+2.226149E+00
+3.857422E+01,+5.879832E-06,+1.468033E-06,-1.043501E+02,+2.446705E-01
+3.881836E+01,-2.187683E-06,-1.803005E-06,-1.109492E+02,-2.452292E+00
+3.906250E+01,-5.700023E-06,+4.221615E-06,-1.029833E+02,+2.504115E+00
+3.930664E+01,+1.133689E-05,-5.085947E-06,-9.811375E+01,-4.217052E-01
+3.955078E+01,-1.339320E-05,-1.136776E-06,-9.743114E+01,-3.056919E+00
+3.979492E+01,+8.049354E-06,+4.774491E-06,-1.005756E+02,+5.353690E-01
+4.003906E+01,+1.506743E-06,-8.010746E-06,-1.017756E+02,-1.384878E+00
+4.028320E+01,-8.448760E-06,+7.215353E-06,-9.908534E+01,+2.434773E+00
+4.052734E+01,+9.786498E-06,-8.345752E-06,-9.781393E+01,-7.061071E-01
+4.077148E+01,-4.495717E-06,+1.357437E-05,-9.689360E+01,+1.890618E+00
+4.101562E+01,-1.908436E-06,-7.726284E-06,-1.019834E+02,-1.812955E+00
+4.125977E+01,+4.598642E-06,-5.165612E-06,-1.032029E+02,-8.433990E-01
+4.150391E+01,-3.290677E-06,+3.200753E-06,-1.067627E+02,+2.370046E+00
+4.174805E+01,+1.375029E-06,+1.041682E-05,-9.957027E+01,+1.439554E+00
+4.199219E+01,-3.368091E-06,-8.529910E-06,-1.007519E+02,-1.946861E+00
+4.223633E+01,+6.055738E-06,-6.913971E-06,-1.007327E+02,-8.514740E-01
+4.248047E+01,-3.426983E-06,+9.972046E-06,-9.953950E+01,+1.901811E+00
+4.272461E+01,+1.147132E-06,-7.540672E-06,-1.023524E+02,-1.419828E+00
+4.296875E+01,-6.191205E-07,+8.515256E-06,-1.013731E+02,+1.643376E+00
+4.321289E+01,-4.282975E-06,-4.764105E-06,-1.038679E+02,-2.303064E+00
+4.345703E+01,+2.422273E-06,+1.885967E-06,-1.102575E+02,+6.615517E-01
+4.370117E+01,+3.277936E-06,-4.199831E-06,-1.054694E+02,-9.080639E-01
+4.394531E+01,-7.250225E-07,+5.339993E-06,-1.053699E+02,+1.705743E+00
+4.418945E+01,-3.249882E-06,-6.785961E-06,-1.024710E+02,-2.017432E+00
+4.443359E+01,+4.991898E-06,+9.409979E-06,-9.945131E+01,+1.083055E+00
+4.467773E+01,-7.174223E-06,-4.816414E-06,-1.012687E+02,-2.550355E+00
+4.492188E+01,+6.917258E-06,-4.319609E-06,-1.017713E+02,-5.582170E-01
+4.516602E+01,-7.374844E-06,+6.241778E-06,-1.002990E+02,+2.439215E+00
+4.541016E+01,+7.190747E-06,-5.921575E-06,-1.006162E+02,-6.889064E-01
+4.565430E+01,-2.658050E-06,+7.512283E-06,-1.019723E+02,+1.910877E+00
+4.589844E+01,-1.406633E-06,-1.874661E-06,-1.126019E+02,-2.214515E+00
+4.614258E+01,-2.737928E-06,-4.546104E-06,-1.055032E+02,-2.112875E+00
+4.638672E+01,+5.911882E-06,-2.221464E-06,-1.039919E+02,-3.594390E-01
+4.663086E+01,-2.106827E-06,+7.687198E-06,-1.019701E+02,+1.838297E+00
+4.687500E+01,-1.950935E-06,-2.819971E-06,-1.092965E+02,-2.176017E+00
+4.711914E+01,+5.011847E-06,+2.509405E-06,-1.050285E+02,+4.642031E-01
+4.736328E+01,-1.650607E-07,-4.700995E-06,-1.065509E+02,-1.605894E+00
+4.760742E+01,-5.954098E-06,-3.613653E-07,-1.044877E+02,-3.080975E+00
+4.785156E+01,-9.626052E-07,+4.563669E-06,-1.066247E+02,+1.778677E+00
+4.809570E+01,+6.802613E-06,-3.681516E-06,-1.022309E+02,-4.960553E-01
+4.833984E+01,-7.967928E-06,+4.295775E-06,-1.008650E+02,+2.647131E+00
+4.858398E+01,+1.165925E-05,-4.011409E-06,-9.818073E+01,-3.313676E-01
+4.882812E+01,-1.546734E-05,-1.662270E-06,-9.616181E+01,-3.034534E+00
+4.907227E+01,+9.060668E-06,+4.343632E-06,-9.995838E+01,+4.470275E-01
+4.931641E+01,-1.634047E-06,-6.122558E-06,-1.039625E+02,-1.831607E+00
+4.956055E+01,+2.411720E-06,+1.035458E-05,-9.946792E+01,+1.341963E+00
+4.980469E+01,+7.688278E-07,-1.983715E-06,-1.134426E+02,-1.201051E+00
+5.004883E+01,-5.442610E-06,-7.332349E-06,-1.007891E+02,-2.209334E+00
+5.029297E+01,+7.001592E-06,+6.422795E-06,-1.004443E+02,+7.423095E-01
+5.053711E+01,-7.336776E-06,-8.380175E-06,-9.906384E+01,-2.289905E+00
+5.078125E+01,+1.361559E-06,+9.978990E-06,-9.993816E+01,+1.435191E+00
+5.102539E+01,+3.976637E-06,-6.257782E-06,-1.025985E+02,-1.004703E+00
+5.126953E+01,-5.404060E-06,+5.726358E-06,-1.020764E+02,+2.327246E+00
+5.151367E+01,+3.404470E-06,-5.736746E-06,-1.035163E+02,-1.035207E+00
+5.175781E+01,-2.281520E-06,+7.118515E-06,-1.025275E+02,+1.880957E+00
+5.200195E+01,+2.991496E-06,-7.514840E-06,-1.018428E+02,-1.191947E+00
+5.224609E+01,+1.389370E-06,+4.588015E-06,-1.063865E+02,+1.276749E+00
+5.249023E+01,-5.694107E-06,-3.173429E-06,-1.037168E+02,-2.633148E+00
+5.273438E+01,-2.716687E-06,+2.467296E-06,-1.087070E+02,+2.404265E+00
+5.297852E+01,+6.920005E-06,+1.361235E-06,-1.030330E+02,+1.942302E-01
+5.322266E+01,+8.282146E-06,-3.836006E-06,-1.007931E+02,-4.337485E-01
+5.346680E+01,-1.668069E-05,+4.069324E-06,-9.530465E+01,+2.902312E+00
+5.371094E+01,+6.393456E-06,-2.572657E-06,-1.032335E+02,-3.825642E-01
+5.395508E+01,+3.923810E-06,+3.627473E-06,-1.054432E+02,+7.461751E-01
+5.419922E+01,-4.663014E-06,-3.605940E-06,-1.045909E+02,-2.483341E+00
+5.444336E+01,+7.212908E-08,-2.303515E-06,-1.127479E+02,-1.539494E+00
+5.468750E+01,+5.502715E-06,+5.075483E-06,-1.025150E+02,+7.450321E-01
+5.493164E+01,-3.711611E-06,-2.662554E-06,-1.068058E+02,-2.519312E+00
+5.517578E+01,+1.629334E-06,+9.091946E-07,-1.145825E+02,+5.089766E-01
+5.541992E+01,-5.276335E-06,+2.094475E-08,-1.055533E+02,+3.137623E+00
+5.566406E+01,+4.266853E-06,+3.988972E-07,-1.073601E+02,+9.321651E-02
+5.590820E+01,+3.235354E-07,+3.322949E-06,-1.095285E+02,+1.473738E+00
+5.615234E+01,-1.685531E-06,-4.267881E-06,-1.067663E+02,-1.946928E+00
+5.639648E+01,+2.870492E-06,+2.299675E-06,-1.086876E+02,+6.754376E-01
+5.664062E+01,-6.087217E-06,-4.533769E-06,-1.023951E+02,-2.501427E+00
+5.688477E+01,+6.159063E-06,+6.375461E-06,-1.010468E+02,+8.026606E-01
+5.712891E+01,-2.847452E-06,-2.278033E-06,-1.087623E+02,-2.466836E+00
+5.737305E+01,+1.761857E-06,-6.256240E-06,-1.037423E+02,-1.296290E+00
+5.761719E+01,-4.961087E-07,+4.648437E-06,-1.066047E+02,+1.677120E+00
+5.786133E+01,-3.875462E-06,+1.621478E-06,-1.075330E+02,+2.745329E+00
+5.810547E+01,+6.595764E-06,+3.506959E-06,-1.025334E+02,+4.886839E-01
+5.834961E+01,-1.146332E-06,-7.231335E-06,-1.027078E+02,-1.728011E+00
+5.859375E+01,-7.005116E-06,+1.046977E-05,-9.799457E+01,+2.160468E+00
+5.883789E+01,+8.947654E-06,-1.129619E-05,-9.682639E+01,-9.008944E-01
+5.908203E+01,-8.181144E-07,+3.852843E-06,-1.080928E+02,+1.780029E+00
+5.932617E+01,-7.244588E-06,+2.489464E-07,-1.027946E+02,+3.107243E+00
+5.957031E+01,+4.677054E-06,+2.776178E-07,-1.065853E+02,+5.928785E-02
+5.981445E+01,+3.767861E-06,+7.875479E-07,-1.082924E+02,+2.060508E-01
+6.005859E+01,-5.592045E-06,-3.005813E-06,-1.039463E+02,-2.648385E+00
+6.030273E+01,+5.225283E-06,-4.984164E-08,-1.056374E+02,-9.538265E-03
+6.054688E+01,-5.448677E-06,-1.882387E-06,-1.047845E+02,-2.808954E+00
+6.079102E+01,+5.114526E-06,+7.002914E-06,-1.012379E+02,+9.399951E-01
+6.103516E+01,-6.331539E-06,-1.868674E-06,-1.036071E+02,-2.854603E+00
+6.127930E+01,+2.929519E-06,-3.108399E-06,-1.073887E+02,-8.150156E-01
+6.152344E+01,+8.115000E-06,+1.411466E-06,-1.016848E+02,+1.722102E-01
+6.176758E+01,-6.605230E-06,+2.858678E-06,-1.028566E+02,+2.733142E+00
+6.201172E+01,-2.409830E-06,-4.695627E-06,-1.055508E+02,-2.044954E+00
+6.225586E+01,+1.079355E-06,+4.708368E-06,-1.063202E+02,+1.345448E+00
+6.250000E+01,-6.898483E-07,-1.541559E-06,-1.154481E+02,-1.991570E+00
+6.274414E+01,+3.343111E-06,-8.991494E-06,-1.003610E+02,-1.214827E+00
+6.298828E+01,-1.303766E-06,+4.098174E-06,-1.073295E+02,+1.878805E+00
+6.323242E+01,-4.041963E-06,+8.195867E-06,-1.007826E+02,+2.028966E+00
+6.347656E+01,+4.271073E-06,-3.621060E-06,-1.050370E+02,-7.032216E-01
+6.372070E+01,+2.043106E-06,-7.939031E-06,-1.017262E+02,-1.318913E+00
+6.396484E+01,-1.522103E-06,+1.392981E-05,-9.706955E+01,+1.679634E+00
+6.420898E+01,-6.521406E-07,-1.127218E-05,-9.894533E+01,-1.628586E+00
+6.445312E+01,-1.492891E-06,+6.583462E-06,-1.034131E+02,+1.793789E+00
+6.469727E+01,+1.871562E-06,-9.695347E-07,-1.135235E+02,-4.779714E-01
+6.494141E+01,-3.484176E-06,-9.454030E-06,-9.993456E+01,-1.923890E+00
+6.518555E+01,+3.546465E-06,+1.404747E-05,-9.677969E+01,+1.323501E+00
+6.542969E+01,+1.718183E-06,-7.808437E-06,-1.019434E+02,-1.354206E+00
+6.567383E+01,-3.810147E-06,+5.924931E-06,-1.030433E+02,+2.142285E+00
+6.591797E+01,+4.979268E-06,-9.837060E-06,-9.915206E+01,-1.102221E+00
+6.616211E+01,-4.423095E-06,+7.421694E-06,-1.012700E+02,+2.108246E+00
+6.640625E+01,+3.667912E-06,-8.729406E-07,-1.084724E+02,-2.336473E-01
+6.665039E+01,-5.153146E-06,-1.423802E-06,-1.054391E+02,-2.872020E+00
+6.689453E+01,-9.513136E-07,-3.267818E-06,-1.093616E+02,-1.854083E+00
+6.713867E+01,+2.992750E-06,+8.342944E-06,-1.010479E+02,+1.226378E+00
+6.738281E+01,+1.831561E-06,-1.119651E-05,-9.890366E+01,-1.408649E+00
+6.762695E+01,+3.102600E-06,+7.498534E-06,-1.018142E+02,+1.178484E+00
+6.787109E+01,-6.914671E-06,-2.077010E-06,-1.028294E+02,-2.849790E+00
+6.811523E+01,-2.298066E-06,+2.852682E-06,-1.087228E+02,+2.248931E+00
+6.835938E+01,+1.199425E-05,-2.956253E-06,-9.816441E+01,-2.416559E-01
+6.860352E+01,-4.005458E-06,-2.373473E-06,-1.066400E+02,-2.606662E+00
+6.884766E+01,-6.701787E-06,+3.029377E-06,-1.026687E+02,+2.717056E+00
+6.909180E+01,+5.586157E-06,-9.684459E-07,-1.049291E+02,-1.716591E-01
+6.933594E+01,-7.739830E-06,-1.675698E-06,-1.020264E+02,-2.928380E+00
+6.958008E+01,+7.753866E-06,+7.918565E-06,-9.910709E+01,+7.959066E-01
+6.982422E+01,+3.664142E-06,-1.060564E-05,-9.899955E+01,-1.238145E+00
+7.006836E+01,-1.025467E-05,+5.984606E-06,-9.850861E+01,+2.613321E+00
+7.031250E+01,+1.557034E-06,+1.673189E-06,-1.128200E+02,+8.213413E-01
+7.055664E+01,+1.151371E-06,-6.334414E-06,-1.038247E+02,-1.390995E+00
+7.080078E+01,+7.453072E-06,+3.200034E-06,-1.018185E+02,+4.055559E-01
+7.104492E+01,-3.998680E-06,-8.883980E-06,-1.002267E+02,-1.993734E+00
+7.128906E+01,-3.796486E-06,+1.597034E-05,-9.569498E+01,+1.804185E+00
+7.153320E+01,+1.591891E-07,-4.879133E-06,-1.062285E+02,-1.538181E+00
+7.177734E+01,-1.310068E-07,-4.235610E-06,-1.074575E+02,-1.601716E+00
+7.202148E+01,+3.784392E-06,+3.685760E-06,-1.055430E+02,+7.721954E-01
+7.226562E+01,-3.159628E-06,-1.691435E-06,-1.089129E+02,-2.650084E+00
+7.250977E+01,+3.297422E-06,-1.607793E-06,-1.087102E+02,-4.536712E-01
+7.275391E+01,-3.284085E-06,-9.991774E-07,-1.092872E+02,-2.846243E+00
+7.299805E+01,+2.291257E-06,+2.771952E-06,-1.088828E+02,+8.800532E-01
+7.324219E+01,-3.173292E-06,+8.132386E-07,-1.096935E+02,+2.890716E+00
+7.348633E+01,-1.734023E-06,-6.495663E-06,-1.034486E+02,-1.831664E+00
+7.373047E+01,+9.417910E-06,+7.823858E-06,-9.824170E+01,+6.932073E-01
+7.397461E+01,-1.487032E-05,-5.918227E-06,-9.591503E+01,-2.762821E+00
+7.421875E+01,+1.099335E-05,+2.083216E-06,-9.902419E+01,+1.872772E-01
+7.446289E+01,-8.733532E-08,+5.583371E-06,-1.050610E+02,+1.586437E+00
+7.470703E+01,-4.212216E-06,-4.840034E-06,-1.038543E+02,-2.286951E+00
+7.495117E+01,+3.397916E-06,+1.459918E-06,-1.086400E+02,+4.058035E-01
+7.519531E+01,-6.253149E-06,-1.845851E-06,-1.037152E+02,-2.854557E+00
+7.543945E+01,+8.994364E-06,+1.142173E-06,-1.008511E+02,+1.263115E-01
+7.568359E+01,-3.194746E-06,-3.184187E-06,-1.069153E+02,-2.357850E+00
+7.592773E+01,-2.333442E-06,+4.335134E-06,-1.061550E+02,+2.064584E+00
+7.617188E+01,-3.740847E-07,+8.186505E-07,-1.209145E+02,+1.999417E+00
+7.641602E+01,+7.120323E-07,-9.186138E-06,-1.007113E+02,-1.493439E+00
+7.666016E+01,+2.776061E-06,+1.128141E-05,-9.869742E+01,+1.329516E+00
+7.690430E+01,+2.550813E-06,-3.572816E-06,-1.071508E+02,-9.507689E-01
+7.714844E+01,-5.951956E-06,+1.499683E-07,-1.045041E+02,+3.116401E+00
+7.739258E+01,-1.669015E-06,-6.900182E-07,-1.148655E+02,-2.749564E+00
+7.763672E+01,+5.185876E-06,-3.923596E-06,-1.037378E+02,-6.477070E-01
+7.788086E+01,-7.192718E-06,+6.031903E-06,-1.005493E+02,+2.443747E+00
+7.812500E+01,+1.388994E-06,-4.708789E-07,-1.166735E+02,-3.268483E-01
+7.836914E+01,+5.901371E-06,-4.747998E-06,-1.024132E+02,-6.775143E-01
+7.861328E+01,-3.777470E-06,-8.674207E-07,-1.082328E+02,-2.915876E+00
+7.885742E+01,-3.430044E-06,+5.658646E-06,-1.035867E+02,+2.115733E+00
+7.910156E+01,+7.892125E-06,-4.633540E-07,-1.020412E+02,-5.864362E-02
+7.934570E+01,-2.934316E-06,-7.176963E-07,-1.103975E+02,-2.901715E+00
+7.958984E+01,-1.974267E-06,-4.462345E-06,-1.062324E+02,-1.987336E+00
+7.983398E+01,+1.403411E-06,+1.052692E-05,-9.947746E+01,+1.438261E+00
+8.007812E+01,+5.055701E-06,-8.602407E-06,-1.000191E+02,-1.039464E+00
+8.032227E+01,-1.271277E-05,+1.010599E-05,-9.578815E+01,+2.469940E+00
+8.056641E+01,+9.373741E-06,-1.354966E-05,-9.566293E+01,-9.655908E-01
+8.081055E+01,-3.136056E-06,+4.279203E-06,-1.055058E+02,+2.203237E+00
+8.105469E+01,+4.637462E-06,+3.817828E-06,-1.044271E+02,+6.887627E-01
+8.129883E+01,-2.359700E-06,-4.468647E-06,-1.059283E+02,-2.056637E+00
+8.154297E+01,-1.074523E-06,+3.999280E-06,-1.076577E+02,+1.833277E+00
+8.178711E+01,-7.320466E-07,-3.190264E-08,-1.227010E+02,-3.098040E+00
+8.203125E+01,+4.429347E-06,-1.791532E-07,-1.070661E+02,-4.042484E-02
+8.227539E+01,-2.687930E-06,-6.240740E-06,-1.033562E+02,-1.977491E+00
+8.251953E+01,-3.306427E-06,+4.936450E-06,-1.045221E+02,+2.160964E+00
+8.276367E+01,-2.452029E-06,+3.000979E-06,-1.082338E+02,+2.255863E+00
+8.300781E+01,+1.160935E-05,-3.050786E-06,-9.841383E+01,-2.569768E-01
+8.325195E+01,-9.572575E-06,-6.380427E-06,-9.878296E+01,-2.553683E+00
+8.349609E+01,+5.066980E-07,+3.462665E-06,-1.091198E+02,+1.425496E+00
+8.374023E+01,+4.168197E-06,+3.553981E-06,-1.052281E+02,+7.060260E-01
+8.398438E+01,-7.764478E-06,+3.369953E-06,-1.014482E+02,+2.732105E+00
+8.422852E+01,+9.421130E-06,-6.526960E-06,-9.881540E+01,-6.058775E-01
+8.447266E+01,-9.397794E-06,+3.973220E-07,-1.005317E+02,+3.099339E+00
+8.471680E+01,+3.056841E-06,+1.316024E-05,-9.738651E+01,+1.342565E+00
+8.496094E+01,+1.315200E-06,-1.748377E-05,-9.512280E+01,-1.495714E+00
+8.520508E+01,+5.932657E-06,+7.792318E-06,-1.001811E+02,+9.200727E-01
+8.544922E+01,-3.228563E-06,-3.914252E-06,-1.058931E+02,-2.260491E+00
+8.569336E+01,-8.867166E-06,+5.668886E-06,-9.955605E+01,+2.572768E+00
+8.593750E+01,+8.473906E-06,-1.492689E-06,-1.013056E+02,-1.743625E-01
+8.618164E+01,-2.240452E-06,+1.865201E-07,-1.129633E+02,+3.058533E+00
+8.642578E+01,+8.269158E-07,+1.314385E-06,-1.161773E+02,+1.009234E+00
+8.666992E+01,-4.888433E-07,-1.775996E-06,-1.146940E+02,-1.839395E+00
+8.691406E+01,-9.365693E-07,-8.178960E-08,-1.205362E+02,-3.054485E+00
+8.715820E+01,+6.062560E-06,+1.761667E-06,-1.039948E+02,+2.827937E-01
+8.740234E+01,-7.769808E-06,-1.798547E-06,-1.019651E+02,-2.914120E+00
+8.764648E+01,+4.630492E-06,+3.935597E-06,-1.043262E+02,+7.044539E-01
+8.789062E+01,+8.265687E-07,-4.610399E-06,-1.065878E+02,-1.393397E+00
+8.813477E+01,-7.240403E-07,+2.129632E-06,-1.129589E+02,+1.898520E+00
+8.837891E+01,+5.199070E-07,+2.654370E-06,-1.113573E+02,+1.377377E+00
+8.862305E+01,+6.518702E-06,-2.638762E-06,-1.030578E+02,-3.846363E-01
+8.886719E+01,-4.777886E-06,-9.389796E-06,-9.954691E+01,-2.041489E+00
+8.911133E+01,-3.526836E-06,+1.106169E-05,-9.870311E+01,+1.879440E+00
+8.935547E+01,-8.138334E-06,-9.416271E-06,-9.809953E+01,-2.283525E+00
+8.959961E+01,+9.153459E-06,+6.437630E-06,-9.902295E+01,+6.129375E-01
+8.984375E+01,+5.060658E-06,+3.107398E-06,-1.045264E+02,+5.506721E-01
+9.008789E+01,-6.337219E-06,-1.746077E-06,-1.036442E+02,-2.872736E+00
+9.033203E+01,+1.571394E-06,+2.979109E-06,-1.094522E+02,+1.085414E+00
+9.057617E+01,-2.033109E-06,-1.100001E-05,-9.902625E+01,-1.753562E+00
+9.082031E+01,+2.358498E-06,+6.605575E-06,-1.030807E+02,+1.227858E+00
+9.106445E+01,+2.533441E-06,+2.370319E-07,-1.118879E+02,+9.328970E-02
+9.130859E+01,-7.388816E-06,+1.065470E-07,-1.026276E+02,+3.127174E+00
+9.155273E+01,+9.656378E-06,+3.722097E-06,-9.970212E+01,+3.679048E-01
+9.179688E+01,-7.676660E-06,-5.477515E-06,-1.005093E+02,-2.521845E+00
+9.204102E+01,+2.520748E-06,-4.210187E-06,-1.061835E+02,-1.031314E+00
+9.228516E+01,-3.714396E-06,+9.308392E-06,-9.998081E+01,+1.950472E+00
+9.252930E+01,+5.112853E-06,-1.079976E-05,-9.845345E+01,-1.128636E+00
+9.277344E+01,+3.079659E-06,+1.503234E-05,-9.628091E+01,+1.368724E+00
+9.301758E+01,-3.563799E-06,-5.064105E-06,-1.041628E+02,-2.184026E+00
+9.326172E+01,-4.652215E-06,-2.918087E-06,-1.052059E+02,-2.581379E+00
+9.350586E+01,-3.172453E-06,-5.160754E-06,-1.043536E+02,-2.121974E+00
+9.375000E+01,+1.679787E-05,+7.796644E-06,-9.464761E+01,+4.345543E-01
+9.399414E+01,-6.071549E-06,-5.842714E-06,-1.014874E+02,-2.375399E+00
+9.423828E+01,-5.844748E-06,+9.533182E-06,-9.902942E+01,+2.120789E+00
+9.448242E+01,+1.149700E-06,-1.120881E-05,-9.896336E+01,-1.468583E+00
+9.472656E+01,-1.112415E-08,+4.197450E-06,-1.075403E+02,+1.573447E+00
+9.497070E+01,+1.168868E-05,+7.056089E-07,-9.862889E+01,+6.029370E-02
+9.521484E+01,-1.028523E-05,+2.566756E-06,-9.949333E+01,+2.897031E+00
+9.545898E+01,+2.298635E-06,-1.013448E-05,-9.966611E+01,-1.347757E+00
+9.570312E+01,-9.193304E-06,+1.185172E-05,-9.647856E+01,+2.230540E+00
+9.594727E+01,+6.056998E-06,-5.377088E-06,-1.018309E+02,-7.260046E-01
+9.619141E+01,+6.220196E-06,+1.754468E-06,-1.037915E+02,+2.749178E-01
+9.643555E+01,-7.014579E-06,-3.066833E-06,-1.023203E+02,-2.729427E+00
+9.667969E+01,+8.368582E-06,+5.471706E-06,-1.000012E+02,+5.790693E-01
+9.692383E+01,-1.298588E-05,-7.009795E-06,-9.662002E+01,-2.646613E+00
+9.716797E+01,+1.221584E-05,+1.227690E-06,-9.821789E+01,+1.001635E-01
+9.741211E+01,-6.867110E-06,+7.059979E-07,-1.032189E+02,+3.039144E+00
+9.765625E+01,-1.735163E-06,+2.588383E-06,-1.101276E+02,+2.161355E+00
+9.790039E+01,+1.833009E-06,+1.330075E-06,-1.128997E+02,+6.277170E-01
+9.814453E+01,+3.569750E-06,-8.681465E-06,-1.005497E+02,-1.180679E+00
+9.838867E+01,-1.052327E-06,+6.983792E-06,-1.030207E+02,+1.720353E+00
+9.863281E+01,-6.972215E-07,-1.262771E-06,-1.168179E+02,-2.075278E+00
+9.887695E+01,-4.819975E-06,-4.820206E-06,-1.033286E+02,-2.356171E+00
+9.912109E+01,+7.579981E-06,+6.699888E-06,-9.989935E+01,+7.238443E-01
+9.936523E+01,-3.670856E-07,-3.458155E-06,-1.091745E+02,-1.676551E+00
+9.960938E+01,-6.228759E-06,-3.460546E-07,-1.040986E+02,-3.086092E+00
+9.985352E+01,+3.218855E-06,+5.416392E-06,-1.040123E+02,+1.034593E+00
+1.000977E+02,-8.203313E-07,-8.975943E-06,-1.009023E+02,-1.661935E+00
+1.003418E+02,-9.201256E-08,+9.993665E-06,-1.000051E+02,+1.580003E+00
+1.005859E+02,+8.686069E-06,-4.275184E-06,-1.002814E+02,-4.573790E-01
+1.008301E+02,-1.443028E-05,-4.318862E-06,-9.644194E+01,-2.850786E+00
+1.010742E+02,+8.957662E-06,+1.210835E-06,-1.008775E+02,+1.343588E-01
+1.013184E+02,-8.099597E-06,+5.945487E-06,-9.995884E+01,+2.508380E+00
+1.015625E+02,+1.213341E-05,-8.961115E-06,-9.642978E+01,-6.361318E-01
+1.018066E+02,-9.304433E-06,+7.283310E-06,-9.855055E+01,+2.477441E+00
+1.020508E+02,+5.750642E-06,-1.791604E-06,-1.044034E+02,-3.020178E-01
+1.022949E+02,-4.387463E-06,-6.924322E-06,-1.017266E+02,-2.135578E+00
+1.025391E+02,+3.685012E-06,+1.059819E-05,-9.899971E+01,+1.236170E+00
+1.027832E+02,-5.459369E-06,-9.770241E-06,-9.902180E+01,-2.080352E+00
+1.030273E+02,+5.701047E-06,+9.013758E-06,-9.944050E+01,+1.006834E+00
+1.032715E+02,-7.682488E-06,-6.371391E-06,-1.000167E+02,-2.449216E+00
+1.035156E+02,+4.273697E-07,+7.211801E-06,-1.028239E+02,+1.511606E+00
+1.037598E+02,+9.614174E-06,-5.722341E-06,-9.902473E+01,-5.368814E-01
+1.040039E+02,-6.333865E-06,-2.851773E-06,-1.031650E+02,-2.718537E+00
+1.042480E+02,+1.286517E-06,+8.516424E-06,-1.012969E+02,+1.420867E+00
+1.044922E+02,-2.325679E-07,-6.144181E-06,-1.042245E+02,-1.608630E+00
+1.047363E+02,+2.837176E-06,+3.275195E-06,-1.072639E+02,+8.569370E-01
+1.049805E+02,-9.640001E-06,-7.297564E-06,-9.835100E+01,-2.493621E+00
+1.052246E+02,+4.835210E-06,+7.097699E-06,-1.013220E+02,+9.727748E-01
+1.054688E+02,+7.333520E-06,+2.160653E-06,-1.023322E+02,+2.865201E-01
+1.057129E+02,-8.037186E-06,-8.140712E-06,-9.883168E+01,-2.349795E+00
+1.059570E+02,-2.598010E-06,+4.240744E-06,-1.060671E+02,+2.120451E+00
+1.062012E+02,+9.404353E-06,-5.751822E-07,-1.005172E+02,-6.108519E-02
+1.064453E+02,-1.770503E-06,+3.345062E-06,-1.084393E+02,+2.057599E+00
+1.066895E+02,-6.421199E-06,-7.561111E-06,-1.000700E+02,-2.274849E+00
+1.069336E+02,+3.998292E-06,+6.127073E-06,-1.027142E+02,+9.926226E-01
+1.071777E+02,-3.155597E-06,+5.629975E-07,-1.098823E+02,+2.965038E+00
+1.074219E+02,+3.137261E-06,-1.710218E-07,-1.100561E+02,-5.445918E-02
+1.076660E+02,-2.563980E-07,-3.919773E-09,-1.318207E+02,-3.126306E+00
+1.079102E+02,+2.229486E-06,-4.403149E-06,-1.061335E+02,-1.102090E+00
+1.081543E+02,-1.081340E-05,+1.565297E-06,-9.923069E+01,+2.997836E+00
+1.083984E+02,+7.156934E-06,-1.197775E-06,-1.027855E+02,-1.658219E-01
+1.086426E+02,+4.590597E-07,+7.430212E-06,-1.025634E+02,+1.509092E+00
+1.088867E+02,+3.550333E-07,-6.427724E-06,-1.038256E+02,-1.515618E+00
+1.091309E+02,-2.093360E-06,+6.465436E-06,-1.033551E+02,+1.883922E+00
+1.093750E+02,-5.887588E-07,-1.382393E-05,-9.717950E+01,-1.613360E+00
+1.096191E+02,+4.957203E-06,+9.107950E-06,-9.968476E+01,+1.072361E+00
+1.098633E+02,-1.600168E-06,+5.308472E-06,-1.051229E+02,+1.863571E+00
+1.101074E+02,-6.046436E-06,-6.232091E-06,-1.012264E+02,-2.341075E+00
+1.103516E+02,+4.191376E-06,+2.485615E-06,-1.062441E+02,+5.352793E-01
+1.105957E+02,+1.339954E-06,-6.312240E-08,-1.174486E+02,-4.707309E-02
+1.108398E+02,-2.532459E-06,-3.408587E-06,-1.074396E+02,-2.209780E+00
+1.110840E+02,+4.274631E-06,+4.195681E-06,-1.044519E+02,+7.760776E-01
+1.113281E+02,-5.170522E-07,+2.326364E-06,-1.124570E+02,+1.789499E+00
+1.115723E+02,-1.114132E-05,-7.862622E-06,-9.730605E+01,-2.527040E+00
+1.118164E+02,+1.663740E-05,+5.130977E-06,-9.518372E+01,+2.991455E-01
+1.120605E+02,-1.419236E-05,-3.099378E-06,-9.675658E+01,-2.926585E+00
+1.123047E+02,+7.547538E-06,+7.536264E-06,-9.944008E+01,+7.846507E-01
+1.125488E+02,+1.360559E-06,-1.192921E-05,-9.841164E+01,-1.457234E+00
+1.127930E+02,-2.458454E-06,+1.324211E-05,-9.741368E+01,+1.754361E+00
+1.130371E+02,-3.288266E-06,-1.111994E-05,-9.871388E+01,-1.858312E+00
+1.132812E+02,+4.324979E-07,+5.990194E-06,-1.044286E+02,+1.498720E+00
+1.135254E+02,+3.718015E-06,-1.462325E-06,-1.079691E+02,-3.747241E-01
+1.137695E+02,+5.530183E-06,+2.086135E-06,-1.045674E+02,+3.607218E-01
+1.140137E+02,-1.053388E-05,-3.808788E-06,-9.901462E+01,-2.794644E+00
+1.142578E+02,+2.516425E-06,-1.905755E-07,-1.119595E+02,-7.558836E-02
+1.145020E+02,+2.535774E-07,+7.623302E-06,-1.023523E+02,+1.537545E+00
+1.147461E+02,+7.259438E-06,-6.092238E-06,-1.004665E+02,-6.982000E-01
+1.149902E+02,-7.080884E-06,+1.166604E-06,-1.028819E+02,+2.978306E+00
+1.152344E+02,-6.445239E-06,-1.940710E-06,-1.034383E+02,-2.849120E+00
+1.154785E+02,+1.171735E-05,+3.718740E-06,-9.820663E+01,+3.073157E-01
+1.157227E+02,-5.085811E-06,-1.497476E-06,-1.055117E+02,-2.855243E+00
+1.159668E+02,+3.871657E-06,-4.938074E-07,-1.081720E+02,-1.268593E-01
+1.162109E+02,+1.190223E-06,+2.842339E-06,-1.102248E+02,+1.174233E+00
+1.164551E+02,-9.008611E-06,-3.427714E-06,-1.003196E+02,-2.778015E+00
+1.166992E+02,+6.568777E-06,+1.217712E-06,-1.035036E+02,+1.832981E-01
+1.169434E+02,-3.979496E-07,+3.066069E-07,-1.259796E+02,+2.485121E+00
+1.171875E+02,-2.968395E-06,-9.339195E-07,-1.101396E+02,-2.836776E+00
+1.174316E+02,+3.876808E-06,+4.539455E-06,-1.044811E+02,+8.639701E-01
+1.176758E+02,-1.262705E-06,-9.167720E-06,-1.006732E+02,-1.707669E+00
+1.179199E+02,-3.221817E-06,+6.815629E-06,-1.024540E+02,+2.012375E+00
+1.181641E+02,+5.932847E-06,-2.283227E-06,-1.039349E+02,-3.673739E-01
+1.184082E+02,-6.367477E-07,+2.965467E-06,-1.103624E+02,+1.782306E+00
+1.186523E+02,-1.061415E-06,-3.944233E-06,-1.077771E+02,-1.833674E+00
+1.188965E+02,-5.920643E-06,+7.167056E-06,-1.006338E+02,+2.261245E+00
+1.191406E+02,+5.520414E-06,-9.249077E-06,-9.935466E+01,-1.032688E+00
+1.193848E+02,+3.030214E-06,+4.377676E-06,-1.054750E+02,+9.653265E-01
+1.196289E+02,-3.019983E-06,+1.967578E-06,-1.088634E+02,+2.564150E+00
+1.198730E+02,-4.435560E-06,-3.295411E-06,-1.051522E+02,-2.502617E+00
+1.201172E+02,+6.457824E-06,+6.580451E-07,-1.037534E+02,+1.015484E-01
+1.203613E+02,+2.914745E-06,-2.173964E-06,-1.087871E+02,-6.408402E-01
+1.206055E+02,-9.169888E-06,+6.505901E-06,-9.898207E+01,+2.524529E+00
+1.208496E+02,+5.355696E-06,-5.741683E-06,-1.021006E+02,-8.201659E-01
+1.210938E+02,-8.037060E-07,+3.881948E-06,-1.080367E+02,+1.774949E+00
+1.213379E+02,-2.563509E-06,-7.375914E-06,-1.021484E+02,-1.905288E+00
+1.215820E+02,+1.944733E-06,+2.945981E-06,-1.090445E+02,+9.873322E-01
+1.218262E+02,+9.006355E-07,+9.927655E-06,-1.000275E+02,+1.480324E+00
+1.220703E+02,+3.043611E-06,-1.286763E-05,-9.757361E+01,-1.338533E+00
+1.223145E+02,-1.800863E-06,+5.359382E-06,-1.049531E+02,+1.894964E+00
+1.225586E+02,-2.652307E-06,+3.050476E-06,-1.078674E+02,+2.286488E+00
+1.228027E+02,+2.234595E-06,-4.953763E-06,-1.052969E+02,-1.147036E+00
+1.230469E+02,+1.083188E-06,+1.431326E-06,-1.149188E+02,+9.229747E-01
+1.232910E+02,-5.226255E-06,-1.198445E-06,-1.054136E+02,-2.916178E+00
+1.235352E+02,+1.701809E-06,+2.471199E-08,-1.153809E+02,+1.451999E-02
+1.237793E+02,+2.370515E-06,+4.324270E-06,-1.061406E+02,+1.069345E+00
+1.240234E+02,+2.270455E-06,-6.590790E-06,-1.031342E+02,-1.239039E+00
+1.242676E+02,-2.131542E-06,+7.738940E-06,-1.019088E+02,+1.839563E+00
+1.245117E+02,-3.424334E-06,-2.918136E-06,-1.069376E+02,-2.435837E+00
+1.247559E+02,+4.371482E-06,-2.222765E-06,-1.061888E+02,-4.704002E-01
+1.250000E+02,+2.875182E-06,-4.395373E-06,-1.055931E+02,-9.915175E-01
+1.252441E+02,-7.460431E-06,+6.359906E-06,-1.001725E+02,+2.435658E+00
+1.254883E+02,+8.401379E-06,+4.501158E-06,-1.004171E+02,+4.918479E-01
+1.257324E+02,-8.633861E-06,-9.151699E-06,-9.800526E+01,-2.327087E+00
+1.259766E+02,+4.570925E-06,+1.976045E-06,-1.060558E+02,+4.080439E-01
+1.262207E+02,+1.217892E-06,+3.040494E-07,-1.180252E+02,+2.446512E-01
+1.264648E+02,-3.963043E-06,-7.441826E-07,-1.078889E+02,-2.955974E+00
+1.267090E+02,+4.740945E-06,+1.709469E-06,-1.059519E+02,+3.460650E-01
+1.269531E+02,-3.428836E-06,-1.718844E-06,-1.083235E+02,-2.676913E+00
+1.271973E+02,-1.683914E-07,+2.912751E-06,-1.106994E+02,+1.628544E+00
+1.274414E+02,-1.749273E-06,-3.478438E-06,-1.081932E+02,-2.036754E+00
+1.276855E+02,-8.305283E-07,+3.779527E-06,-1.082465E+02,+1.787102E+00
+1.279297E+02,+9.599182E-06,-7.304066E-06,-9.837157E+01,-6.504439E-01
+1.281738E+02,-6.375713E-06,+1.049679E-05,-9.821506E+01,+2.116637E+00
+1.284180E+02,+1.317305E-06,-8.970394E-06,-1.008511E+02,-1.424988E+00
+1.286621E+02,-2.079457E-06,+1.560656E-06,-1.117007E+02,+2.497764E+00
+1.289062E+02,+4.709255E-06,-1.319786E-06,-1.062126E+02,-2.732440E-01
+1.291504E+02,-1.035384E-05,+6.065911E-06,-9.841646E+01,+2.611634E+00
+1.293945E+02,+8.572796E-06,+4.887830E-07,-1.013235E+02,+5.695393E-02
+1.296387E+02,+2.958072E-06,-1.225340E-05,-9.798888E+01,-1.333920E+00
+1.298828E+02,-7.554571E-06,+1.093540E-05,-9.752876E+01,+2.175346E+00
+1.301270E+02,-1.946269E-08,-5.897009E-06,-1.045873E+02,-1.574097E+00
+1.303711E+02,-5.110778E-07,+6.907962E-06,-1.031893E+02,+1.644646E+00
+1.306152E+02,+6.517391E-06,-5.769086E-06,-1.012057E+02,-7.245685E-01
+1.308594E+02,-4.198267E-06,-1.048051E-07,-1.075359E+02,-3.116634E+00
+1.311035E+02,+4.594230E-06,+2.923985E-06,-1.052788E+02,+5.667887E-01
+1.313477E+02,-4.628669E-06,-7.654762E-07,-1.065737E+02,-2.977699E+00
+1.315918E+02,-4.095763E-06,-3.808673E-06,-1.050472E+02,-2.392498E+00
+1.318359E+02,+5.601433E-06,+6.939927E-06,-1.009942E+02,+8.917221E-01
+1.320801E+02,+1.039966E-06,-7.851324E-06,-1.020256E+02,-1.439106E+00
+1.323242E+02,-9.564247E-06,+1.727976E-06,-1.002475E+02,+2.962851E+00
+1.325684E+02,+1.020793E-05,+1.811389E-06,-9.968660E+01,+1.756210E-01
+1.328125E+02,-6.284493E-06,+4.344368E-07,-1.040139E+02,+3.072574E+00
+1.330566E+02,+7.563790E-06,+2.368640E-06,-1.020189E+02,+3.034816E-01
+1.333008E+02,-3.726720E-06,-4.906436E-06,-1.042066E+02,-2.220386E+00
+1.335449E+02,-1.595361E-06,+5.138028E-06,-1.053843E+02,+1.871859E+00
+1.337891E+02,+4.590801E-07,-1.989227E-06,-1.138010E+02,-1.343984E+00
+1.340332E+02,-1.830765E-06,-1.015387E-06,-1.135826E+02,-2.635206E+00
+1.342773E+02,+1.755055E-06,-9.248299E-07,-1.140500E+02,-4.849761E-01
+1.345215E+02,-3.552328E-06,-3.422723E-06,-1.061379E+02,-2.374774E+00
+1.347656E+02,+2.076882E-06,+9.215829E-06,-1.004942E+02,+1.349139E+00
+1.350098E+02,+4.287370E-06,-1.157796E-05,-9.816928E+01,-1.216149E+00
+1.352539E+02,-1.868353E-06,+1.240668E-05,-9.802950E+01,+1.720266E+00
+1.354980E+02,-9.749057E-07,-6.044269E-06,-1.042616E+02,-1.730713E+00
+1.357422E+02,+1.448677E-06,+6.820144E-07,-1.159111E+02,+4.400032E-01
+1.359863E+02,-6.063546E-06,-4.951710E-06,-1.021264E+02,-2.456790E+00
+1.362305E+02,+5.363368E-06,+7.666825E-06,-1.005776E+02,+9.603689E-01
+1.364746E+02,-5.422964E-06,-3.212409E-06,-1.040090E+02,-2.606801E+00
+1.367188E+02,+2.105500E-06,+1.311608E-06,-1.121088E+02,+5.571193E-01
+1.369629E+02,+4.864709E-06,-2.022136E-06,-1.055667E+02,-3.939455E-01
+1.372070E+02,-2.916806E-06,+1.150119E-06,-1.100742E+02,+2.766003E+00
+1.374512E+02,-1.563945E-06,+9.885680E-07,-1.146557E+02,+2.577905E+00
+1.376953E+02,+1.361703E-07,-1.288866E-06,-1.177476E+02,-1.465536E+00
+1.379395E+02,+3.141269E-06,-1.629549E-07,-1.100462E+02,-5.182903E-02
+1.381836E+02,-5.161052E-06,+5.528204E-07,-1.056957E+02,+3.034886E+00
+1.384277E+02,+5.004054E-06,+2.500423E-06,-1.050456E+02,+4.633912E-01
+1.386719E+02,-4.024938E-06,-1.597052E-06,-1.072698E+02,-2.763857E+00
+1.389160E+02,+6.859518E-07,-1.005521E-07,-1.231818E+02,-1.455511E-01
+1.391602E+02,+3.356299E-06,-4.249988E-06,-1.053273E+02,-9.023554E-01
+1.394043E+02,-1.169458E-06,+1.412844E-06,-1.147318E+02,+2.262220E+00
+1.396484E+02,-5.425468E-06,+2.285069E-06,-1.046021E+02,+2.742967E+00
+1.398926E+02,+5.864385E-06,+2.768135E-06,-1.037620E+02,+4.410181E-01
+1.401367E+02,-5.796495E-06,-3.738514E-06,-1.032261E+02,-2.568768E+00
+1.403809E+02,+4.358944E-06,+6.763656E-07,-1.071091E+02,+1.539397E-01
+1.406250E+02,-1.681879E-06,+2.471764E-06,-1.104874E+02,+2.168272E+00
+1.408691E+02,-1.461823E-06,-5.379362E-06,-1.050760E+02,-1.836135E+00
+1.411133E+02,+5.857265E-06,+7.258522E-06,-1.006051E+02,+8.918318E-01
+1.413574E+02,-5.618368E-06,-2.011726E-06,-1.044839E+02,-2.797754E+00
+1.416016E+02,+2.526805E-06,-1.003960E-06,-1.113120E+02,-3.781971E-01
+1.418457E+02,-2.266176E-06,-1.327501E-06,-1.116129E+02,-2.611688E+00
+1.420898E+02,-9.493215E-07,+5.454269E-06,-1.051357E+02,+1.743121E+00
+1.423340E+02,+9.426333E-06,-8.568734E-06,-9.789738E+01,-7.377768E-01
+1.425781E+02,-8.538268E-06,+8.368092E-06,-9.844886E+01,+2.366260E+00
+1.428223E+02,+1.106019E-06,-5.991846E-06,-1.043033E+02,-1.388263E+00
+1.430664E+02,+2.243308E-06,+3.089584E-06,-1.083630E+02,+9.427758E-01
+1.433105E+02,-2.300162E-06,+1.537283E-06,-1.111611E+02,+2.552435E+00
+1.435547E+02,-6.319524E-07,-8.853305E-06,-1.010358E+02,-1.642056E+00
+1.437988E+02,+1.441839E-06,+8.791052E-06,-1.010039E+02,+1.408232E+00
+1.440430E+02,+5.050743E-06,-3.134276E-06,-1.045181E+02,-5.553982E-01
+1.442871E+02,-1.127340E-05,+2.563889E-06,-9.873988E+01,+2.917968E+00
+1.445312E+02,+2.909443E-06,-2.422147E-06,-1.084370E+02,-6.942534E-01
+1.447754E+02,+7.394458E-06,+5.519490E-06,-1.006985E+02,+6.412163E-01
+1.450195E+02,-7.036708E-06,-4.335663E-06,-1.016550E+02,-2.589383E+00
+1.452637E+02,+6.940725E-06,+4.073494E-06,-1.018865E+02,+5.307297E-01
+1.455078E+02,-3.668146E-06,-8.484753E-06,-1.006831E+02,-1.978852E+00
+1.457520E+02,-3.405205E-06,+8.119387E-06,-1.011059E+02,+1.967907E+00
+1.459961E+02,+7.491451E-06,-3.906121E-06,-1.014642E+02,-4.806289E-01
+1.462402E+02,-1.051585E-05,+9.555247E-07,-9.952740E+01,+3.050976E+00
+1.464844E+02,+8.625302E-06,-4.658367E-07,-1.012719E+02,-5.395574E-02
+1.467285E+02,-3.254969E-06,-2.253239E-06,-1.080488E+02,-2.536090E+00
+1.469727E+02,+3.894103E-06,+6.995896E-06,-1.019310E+02,+1.062880E+00
+1.472168E+02,-4.846140E-06,-3.897506E-06,-1.041256E+02,-2.464266E+00
+1.474609E+02,+7.204111E-07,+1.608706E-06,-1.150767E+02,+1.149757E+00
+1.477051E+02,+6.064417E-06,+1.982356E-07,-1.043396E+02,+3.267669E-02
+1.479492E+02,-8.917921E-06,-6.840996E-07,-1.009692E+02,-3.065032E+00
+1.481934E+02,+6.171729E-06,-8.975278E-06,-9.925747E+01,-9.684163E-01
+1.484375E+02,+5.118091E-06,+1.298770E-05,-9.710243E+01,+1.195411E+00
+1.486816E+02,-1.018880E-05,-9.013610E-07,-9.980369E+01,-3.053356E+00
+1.489258E+02,+2.517217E-06,-4.519724E-06,-1.057244E+02,-1.062640E+00
+1.491699E+02,+2.840301E-06,-4.858561E-06,-1.049931E+02,-1.041779E+00
+1.494141E+02,-1.068432E-06,+1.339271E-05,-9.743507E+01,+1.650405E+00
+1.496582E+02,+1.606235E-06,-1.329524E-05,-9.746314E+01,-1.450566E+00
+1.499023E+02,-1.127088E-06,+9.110193E-06,-1.007435E+02,+1.693888E+00
+1.501465E+02,-3.441094E-06,-1.145319E-06,-1.088098E+02,-2.820290E+00
+1.503906E+02,+7.174867E-06,-5.109699E-06,-1.011021E+02,-6.188447E-01
+1.506348E+02,-4.773119E-06,+3.333180E-06,-1.046989E+02,+2.531993E+00
+1.508789E+02,+3.309750E-06,+1.481113E-06,-1.088114E+02,+4.207730E-01
+1.511230E+02,-3.623293E-06,-8.324949E-06,-1.008390E+02,-1.981302E+00
+1.513672E+02,+8.158375E-07,+1.174398E-05,-9.858278E+01,+1.501439E+00
+1.516113E+02,+3.565432E-06,-4.507127E-06,-1.048114E+02,-9.015272E-01
+1.518555E+02,+7.549570E-07,-2.591639E-06,-1.113748E+02,-1.287336E+00
+1.520996E+02,-2.704265E-06,-1.398306E-06,-1.103300E+02,-2.664379E+00
+1.523438E+02,-2.937443E-06,+5.821299E-06,-1.037145E+02,+2.038119E+00
+1.525879E+02,+3.310326E-06,-2.389705E-06,-1.077809E+02,-6.252693E-01
+1.528320E+02,-3.426612E-06,-5.871521E-06,-1.033520E+02,-2.099069E+00
+1.530762E+02,+4.682091E-06,+9.857062E-06,-9.924148E+01,+1.127349E+00
+1.533203E+02,+6.317885E-07,-3.860024E-06,-1.081534E+02,-1.408560E+00
+1.535645E+02,-4.148374E-06,-3.744714E-07,-1.076072E+02,-3.051567E+00
+1.538086E+02,+8.561207E-06,-5.618085E-06,-9.979401E+01,-5.807394E-01
+1.540527E+02,-1.252920E-05,+4.855387E-06,-9.743389E+01,+2.771886E+00
+1.542969E+02,+9.393145E-06,-5.904135E-07,-1.005267E+02,-6.277321E-02
+1.545410E+02,-3.016362E-06,+1.833761E-06,-1.090444E+02,+2.595357E+00
+1.547852E+02,+4.574130E-06,-2.290975E-06,-1.058218E+02,-4.643311E-01
+1.550293E+02,-7.688061E-06,+2.621742E-07,-1.022786E+02,+3.107504E+00
+1.552734E+02,+5.731982E-06,-7.415411E-07,-1.047618E+02,-1.286545E-01
+1.555176E+02,-4.271010E-06,-1.495115E-06,-1.068874E+02,-2.804863E+00
+1.557617E+02,-9.569500E-07,+7.737037E-06,-1.021626E+02,+1.693856E+00
+1.560059E+02,+9.598741E-07,-1.164759E-05,-9.864589E+01,-1.488572E+00
+1.562500E+02,+5.685962E-06,+8.658171E-06,-9.969424E+01,+9.897141E-01
+1.564941E+02,-3.782173E-07,-3.743704E-06,-1.084899E+02,-1.671482E+00
+1.567383E+02,-1.735725E-06,-1.869725E-06,-1.118651E+02,-2.319046E+00
+1.569824E+02,-6.226330E-06,+3.795002E-06,-1.027434E+02,+2.594211E+00
+1.572266E+02,+6.874957E-06,-3.270675E-06,-1.023685E+02,-4.440499E-01
+1.574707E+02,-1.690581E-06,+3.400266E-06,-1.084104E+02,+2.032194E+00
+1.577148E+02,-2.796690E-06,-4.877721E-06,-1.050013E+02,-2.091397E+00
+1.579590E+02,+5.797212E-06,+7.393026E-06,-1.005421E+02,+9.057975E-01
+1.582031E+02,-6.885091E-07,-7.965685E-06,-1.019432E+02,-1.657016E+00
+1.584473E+02,-1.892797E-06,+5.221162E-07,-1.141394E+02,+2.872442E+00
+1.586914E+02,-6.236182E-06,+7.313072E-06,-1.003447E+02,+2.276882E+00
+1.589355E+02,+7.219822E-06,-1.353786E-05,-9.628195E+01,-1.080860E+00
+1.591797E+02,+3.566433E-06,+1.823125E-05,-9.462058E+01,+1.377614E+00
+1.594238E+02,-1.572006E-05,-2.016583E-05,-9.184567E+01,-2.232936E+00
+1.596680E+02,+1.186786E-05,+2.060105E-05,-9.247760E+01,+1.048151E+00
+1.599121E+02,+3.573161E-06,-1.371752E-05,-9.696938E+01,-1.315977E+00
+1.601562E+02,-2.504444E-06,-3.074175E-06,-1.080347E+02,-2.254420E+00
+1.604004E+02,-5.905812E-06,+1.027443E-05,-9.852502E+01,+2.092485E+00
+1.606445E+02,+2.194380E-06,-6.375391E-06,-1.034236E+02,-1.239302E+00
+1.608887E+02,-6.103280E-07,+2.822499E-06,-1.107889E+02,+1.783754E+00
+1.611328E+02,-2.508007E-06,-2.528925E-07,-1.119695E+02,-3.041098E+00
+1.613770E+02,+4.673740E-06,-2.136287E-07,-1.065976E+02,-4.567651E-02
+1.616211E+02,-2.342606E-06,-3.038272E-06,-1.083212E+02,-2.227623E+00
+1.618652E+02,+6.893081E-07,+6.083081E-06,-1.042621E+02,+1.457962E+00
+1.621094E+02,+3.155002E-06,-3.833617E-06,-1.060817E+02,-8.821976E-01
+1.623535E+02,+4.738875E-07,-4.731156E-07,-1.234833E+02,-7.845832E-01
+1.625977E+02,-6.145139E-06,-2.705730E-06,-1.034598E+02,-2.726831E+00
+1.628418E+02,+3.917374E-06,+5.002940E-06,-1.039388E+02,+9.064987E-01
+1.630859E+02,-6.190099E-07,+3.145092E-07,-1.231687E+02,+2.671499E+00
+1.633301E+02,-4.964937E-06,-4.259120E-06,-1.036865E+02,-2.432565E+00
+1.635742E+02,+1.319080E-06,-2.225152E-06,-1.117449E+02,-1.035684E+00
+1.638184E+02,+2.966855E-06,+8.807704E-06,-1.006360E+02,+1.245886E+00
+1.640625E+02,+1.461167E-06,-7.272261E-06,-1.025947E+02,-1.372513E+00
+1.643066E+02,+1.325646E-07,+3.273963E-07,-1.290392E+02,+1.186068E+00
+1.645508E+02,-4.456980E-06,+2.065118E-06,-1.061745E+02,+2.707697E+00
+1.647949E+02,+8.058114E-06,-3.988767E-07,-1.018647E+02,-4.945964E-02
+1.650391E+02,-1.318754E-05,-1.193865E-06,-9.756127E+01,-3.051309E+00
+1.652832E+02,+3.992991E-06,-4.455272E-08,-1.079735E+02,-1.115727E-02
+1.655273E+02,+2.558056E-06,+1.632529E-06,-1.103580E+02,+5.680290E-01
+1.657715E+02,+2.837550E-06,-1.195274E-06,-1.102318E+02,-3.986770E-01
+1.660156E+02,-4.360358E-06,+2.700211E-06,-1.057998E+02,+2.587129E+00
+1.662598E+02,+3.437453E-07,-4.739131E-06,-1.064632E+02,-1.498390E+00
+1.665039E+02,-1.159199E-06,+6.581619E-06,-1.035007E+02,+1.745135E+00
+1.667480E+02,+1.173572E-06,-7.748073E-06,-1.021176E+02,-1.420473E+00
+1.669922E+02,-1.049699E-06,+4.348749E-06,-1.069868E+02,+1.807645E+00
+1.672363E+02,+6.676712E-06,+4.200634E-06,-1.020604E+02,+5.615759E-01
+1.674805E+02,-1.319836E-05,-8.806714E-06,-9.599022E+01,-2.553181E+00
+1.677246E+02,+8.052199E-06,+8.003881E-06,-9.889747E+01,+7.823889E-01
+1.679688E+02,+3.284834E-06,-3.662157E-06,-1.061616E+02,-8.396593E-01
+1.682129E+02,-7.931403E-06,+1.697787E-06,-1.018184E+02,+2.930716E+00
+1.684570E+02,+3.518687E-06,-5.766611E-08,-1.090712E+02,-1.638706E-02
+1.687012E+02,-4.768519E-06,-4.321169E-06,-1.038288E+02,-2.405370E+00
+1.689453E+02,+9.723955E-06,+7.949739E-06,-9.802020E+01,+6.853460E-01
+1.691895E+02,-7.762963E-06,-1.311199E-06,-1.020773E+02,-2.974267E+00
+1.694336E+02,+3.177333E-06,-9.494551E-06,-9.998951E+01,-1.247863E+00
+1.696777E+02,-4.994313E-06,+7.530854E-06,-1.008801E+02,+2.156381E+00
+1.699219E+02,+6.469146E-06,-4.141312E-07,-1.037653E+02,-6.392913E-02
+1.701660E+02,-3.940487E-06,+2.112167E-08,-1.080889E+02,+3.136233E+00
+1.704102E+02,+2.712710E-06,-5.071603E-07,-1.111827E+02,-1.848234E-01
+1.706543E+02,-4.587193E-06,+6.326559E-06,-1.021419E+02,+2.198150E+00
+1.708984E+02,+2.483646E-06,-7.753614E-06,-1.017857E+02,-1.260802E+00
+1.711426E+02,+5.545933E-06,+4.835019E-06,-1.026652E+02,+7.170224E-01
+1.713867E+02,-2.107238E-06,-1.120551E-06,-1.124442E+02,-2.652859E+00
+1.716309E+02,-2.127063E-06,-2.028521E-06,-1.106352E+02,-2.379903E+00
+1.718750E+02,-5.560056E-06,-6.273317E-07,-1.050435E+02,-3.029239E+00
+1.721191E+02,+3.950124E-06,+2.369043E-06,-1.067334E+02,+5.402275E-01
+1.723633E+02,+8.046371E-07,+9.833830E-07,-1.179197E+02,+8.850357E-01
+1.726074E+02,+1.103998E-06,-3.631412E-06,-1.084146E+02,-1.275661E+00
+1.728516E+02,-3.449379E-06,+7.092240E-06,-1.020622E+02,+2.023472E+00
+1.730957E+02,+1.203251E-06,-5.887866E-06,-1.044231E+02,-1.369211E+00
+1.733398E+02,+1.095069E-06,+4.281454E-06,-1.070930E+02,+1.320394E+00
+1.735840E+02,+6.669633E-07,-4.536606E-06,-1.067725E+02,-1.424824E+00
+1.738281E+02,-2.099608E-06,+8.604034E-07,-1.128831E+02,+2.752673E+00
+1.740723E+02,+4.326530E-06,+4.760131E-06,-1.038323E+02,+8.330804E-01
+1.743164E+02,-2.537634E-06,-1.316794E-07,-1.118997E+02,-3.089749E+00
+1.745605E+02,-4.478711E-06,-9.388067E-06,-9.965794E+01,-2.015927E+00
+1.748047E+02,+8.801657E-06,+1.154919E-05,-9.676021E+01,+9.195951E-01
+1.750488E+02,-4.058278E-06,-3.959535E-06,-1.049285E+02,-2.368509E+00
+1.752930E+02,-1.892646E-06,+2.720418E-06,-1.095929E+02,+2.178643E+00
+1.755371E+02,+6.999283E-08,-1.848758E-06,-1.146562E+02,-1.532955E+00
+1.757812E+02,+3.833675E-06,-1.382452E-06,-1.077968E+02,-3.460933E-01
+1.760254E+02,+1.939689E-06,+8.911305E-07,-1.134137E+02,+4.306593E-01
+1.762695E+02,-9.294867E-06,-3.235934E-06,-1.001383E+02,-2.806574E+00
+1.765137E+02,+3.943224E-06,+6.022371E-06,-1.028552E+02,+9.910803E-01
+1.767578E+02,+7.348704E-06,-5.514062E-06,-1.007362E+02,-6.437218E-01
+1.770020E+02,-4.927027E-06,+3.059210E-06,-1.047322E+02,+2.585944E+00
+1.772461E+02,-4.330942E-06,+7.222820E-06,-1.014919E+02,+2.110936E+00
+1.774902E+02,+5.384322E-06,-1.142270E-05,-9.797324E+01,-1.130314E+00
+1.777344E+02,+3.075445E-07,+2.244657E-06,-1.128962E+02,+1.434632E+00
+1.779785E+02,-2.392805E-06,+5.919945E-06,-1.038965E+02,+1.954913E+00
+1.782227E+02,+1.137652E-06,-8.622559E-06,-1.012123E+02,-1.439615E+00
+1.784668E+02,+3.674081E-06,+7.235236E-06,-1.018146E+02,+1.100925E+00
+1.787109E+02,-6.653675E-06,-3.935940E-06,-1.022357E+02,-2.607414E+00
+1.789551E+02,+1.971623E-06,+6.508712E-06,-1.033488E+02,+1.276662E+00
+1.791992E+02,+6.194217E-06,-5.454506E-06,-1.016673E+02,-7.219819E-01
+1.794434E+02,-4.286533E-06,+2.700988E-06,-1.059058E+02,+2.579327E+00
+1.796875E+02,-4.750020E-06,-3.356538E-06,-1.047071E+02,-2.526427E+00
+1.799316E+02,+9.701523E-06,+2.588841E-06,-9.996446E+01,+2.607725E-01
+1.801758E+02,+1.253172E-06,-2.517051E-07,-1.178680E+02,-1.982169E-01
+1.804199E+02,-9.416550E-06,-2.450259E-06,-1.002376E+02,-2.887030E+00
+1.806641E+02,+8.527267E-06,+1.180214E-06,-1.013014E+02,+1.375310E-01
+1.809082E+02,-6.430610E-06,+6.034371E-07,-1.037969E+02,+3.048028E+00
+1.811523E+02,+5.198189E-06,+2.292155E-06,-1.049113E+02,+4.153047E-01
+1.813965E+02,-6.395837E-06,-4.299527E-06,-1.022627E+02,-2.549743E+00
+1.816406E+02,+5.140463E-06,+4.024792E-06,-1.037035E+02,+6.642659E-01
+1.818848E+02,+8.117336E-07,-6.203246E-06,-1.040739E+02,-1.440679E+00
+1.821289E+02,-9.411772E-07,+9.407641E-06,-1.004871E+02,+1.670508E+00
+1.823730E+02,+3.695931E-06,-7.703512E-06,-1.013665E+02,-1.123462E+00
+1.826172E+02,-7.469356E-06,+5.059038E-06,-1.008945E+02,+2.546261E+00
+1.828613E+02,+6.494070E-06,-9.107131E-06,-9.902699E+01,-9.513488E-01
+1.831055E+02,-5.655571E-06,+1.028623E-05,-9.860776E+01,+2.073501E+00
+1.833496E+02,+2.858142E-06,-6.061501E-06,-1.034765E+02,-1.130188E+00
+1.835938E+02,-5.504097E-07,+1.097473E-06,-1.182177E+02,+2.035663E+00
+1.838379E+02,+9.171075E-06,+2.137246E-06,-1.005219E+02,+2.289556E-01
+1.840820E+02,-1.055806E-05,-6.480869E-06,-9.813965E+01,-2.591065E+00
+1.843262E+02,+3.547974E-06,+2.165192E-06,-1.076255E+02,+5.479306E-01
+1.845703E+02,-6.219916E-06,+5.836005E-06,-1.013819E+02,+2.388028E+00
+1.848145E+02,+1.009925E-05,-3.110180E-06,-9.952071E+01,-2.987447E-01
+1.850586E+02,-6.907987E-07,-4.022684E-06,-1.077835E+02,-1.740863E+00
+1.853027E+02,-6.043556E-06,+3.339871E-06,-1.032167E+02,+2.636730E+00
+1.855469E+02,+1.673239E-06,+2.780398E-06,-1.097756E+02,+1.029055E+00
+1.857910E+02,+4.420865E-06,-6.951525E-06,-1.016834E+02,-1.004357E+00
+1.860352E+02,-4.170544E-06,+2.399399E-06,-1.063544E+02,+2.619518E+00
+1.862793E+02,+1.960389E-06,+1.762945E-06,-1.115795E+02,+7.324192E-01
+1.865234E+02,-4.336443E-06,-5.073710E-06,-1.035118E+02,-2.278006E+00
+1.867676E+02,+5.641935E-06,+3.566055E-06,-1.035117E+02,+5.636619E-01
+1.870117E+02,+8.621344E-07,+1.563439E-06,-1.149653E+02,+1.066852E+00
+1.872559E+02,-1.236062E-06,-3.462659E-06,-1.086909E+02,-1.913666E+00
+1.875000E+02,+1.066829E-06,-7.140217E-07,-1.178306E+02,-5.898188E-01
+1.877441E+02,-5.263727E-06,+2.578020E-06,-1.046404E+02,+2.686162E+00
+1.879883E+02,+3.079922E-06,-3.292509E-06,-1.069194E+02,-8.187462E-01
+1.882324E+02,+2.540183E-06,+1.535272E-06,-1.105504E+02,+5.436442E-01
+1.884766E+02,-4.822652E-06,-2.003641E-06,-1.056427E+02,-2.747826E+00
+1.887207E+02,+5.373387E-07,+2.348985E-06,-1.123609E+02,+1.345912E+00
+1.889648E+02,+1.276641E-06,+1.263346E-06,-1.149136E+02,+7.801638E-01
+1.892090E+02,+3.960566E-06,-3.247425E-06,-1.058117E+02,-6.867815E-01
+1.894531E+02,-3.679107E-06,-5.248530E-07,-1.085977E+02,-2.999891E+00
+1.896973E+02,+2.005769E-06,-2.225128E-06,-1.104700E+02,-8.371987E-01
+1.899414E+02,-1.039230E-05,+5.103206E-06,-9.872757E+01,+2.685126E+00
+1.901855E+02,+8.726518E-06,-8.535163E-06,-9.826811E+01,-7.743131E-01
+1.904297E+02,+2.694459E-06,+1.235156E-05,-9.796365E+01,+1.356014E+00
+1.906738E+02,-2.980523E-06,-8.704395E-06,-1.007237E+02,-1.900699E+00
+1.909180E+02,+1.929713E-06,+1.508819E-06,-1.122182E+02,+6.635988E-01
+1.911621E+02,-7.605247E-06,+2.070660E-06,-1.020672E+02,+2.875769E+00
+1.914062E+02,+4.091723E-06,-1.137548E-05,-9.835220E+01,-1.225509E+00
+1.916504E+02,-2.525789E-06,+1.416663E-05,-9.683876E+01,+1.747234E+00
+1.918945E+02,+1.534390E-06,-1.355998E-05,-9.729957E+01,-1.458120E+00
+1.921387E+02,+2.768247E-06,+9.114328E-06,-1.004223E+02,+1.275926E+00
+1.923828E+02,-4.329522E-06,-5.495436E-07,-1.072018E+02,-3.015338E+00
+1.926270E+02,+3.401767E-06,+2.762660E-06,-1.071660E+02,+6.820905E-01
+1.928711E+02,-1.008130E-05,-1.189276E-05,-9.614267E+01,-2.273944E+00
+1.931152E+02,+1.171358E-05,+1.068081E-05,-9.599829E+01,+7.393135E-01
+1.933594E+02,-1.153696E-05,+1.786748E-06,-9.865524E+01,+2.987942E+00
+1.936035E+02,+1.026350E-05,-1.438521E-05,-9.505464E+01,-9.510835E-01
+1.938477E+02,-4.744812E-06,+1.553434E-05,-9.578678E+01,+1.867237E+00
+1.940918E+02,+8.694080E-07,-3.930497E-06,-1.079036E+02,-1.353106E+00
+1.943359E+02,+2.881506E-07,-1.527144E-06,-1.161705E+02,-1.384303E+00
+1.945801E+02,-4.101864E-06,+3.601753E-06,-1.052581E+02,+2.421023E+00
+1.948242E+02,+6.186470E-06,-6.871776E-07,-1.041179E+02,-1.106240E-01
+1.950684E+02,-4.175381E-06,-6.295058E-06,-1.024366E+02,-2.156450E+00
+1.953125E+02,+4.790502E-06,+1.630858E-06,-1.059161E+02,+3.281291E-01
+1.955566E+02,-6.736380E-06,+3.784838E-06,-1.022400E+02,+2.629697E+00
+1.958008E+02,+5.562703E-06,-3.621109E-06,-1.035599E+02,-5.770513E-01
+1.960449E+02,-5.520412E-06,+3.772319E-06,-1.034964E+02,+2.542135E+00
+1.962891E+02,-1.003390E-06,-7.549437E-06,-1.023657E+02,-1.702931E+00
+1.965332E+02,+2.856152E-06,+3.971684E-06,-1.062102E+02,+9.473472E-01
+1.967773E+02,-5.648381E-07,+5.607119E-06,-1.049814E+02,+1.671193E+00
+1.970215E+02,-8.653641E-07,-7.609296E-06,-1.023173E+02,-1.684034E+00
+1.972656E+02,+1.334362E-06,+7.287611E-06,-1.026051E+02,+1.389702E+00
+1.975098E+02,+9.596837E-07,-8.355248E-06,-1.015039E+02,-1.456437E+00
+1.977539E+02,-5.101822E-06,+9.655882E-06,-9.923489E+01,+2.056877E+00
+1.979980E+02,+2.800762E-06,-1.011781E-05,-9.957762E+01,-1.300743E+00
+1.982422E+02,-2.395322E-06,+9.781401E-06,-9.993905E+01,+1.810955E+00
+1.984863E+02,+7.403996E-06,-8.833918E-06,-9.876614E+01,-8.732323E-01
+1.987305E+02,-8.087384E-06,+4.768304E-07,-1.018288E+02,+3.082701E+00
+1.989746E+02,-2.863024E-06,+9.653558E-06,-9.994012E+01,+1.859110E+00
+1.992188E+02,+9.068438E-06,-8.451578E-06,-9.813423E+01,-7.502038E-01
+1.994629E+02,-3.489459E-06,+6.991318E-07,-1.089739E+02,+2.943856E+00
+1.997070E+02,-7.959985E-06,+8.758461E-06,-9.853649E+01,+2.308471E+00
+1.999512E+02,+5.612349E-06,-1.309067E-05,-9.692795E+01,-1.165771E+00
+2.001953E+02,-4.837362E-06,+1.451899E-05,-9.630411E+01,+1.892404E+00
+2.004395E+02,+8.623045E-06,-8.329424E-06,-9.842434E+01,-7.680796E-01
+2.006836E+02,-8.408849E-06,+2.762066E-06,-1.010603E+02,+2.824224E+00
+2.009277E+02,+6.970127E-06,-2.685771E-07,-1.031287E+02,-3.851354E-02
+2.011719E+02,-4.659334E-06,+1.458741E-06,-1.062274E+02,+2.838180E+00
+2.014160E+02,+1.623862E-07,-4.061055E-06,-1.078203E+02,-1.530831E+00
+2.016602E+02,+1.345185E-06,+6.909973E-06,-1.030489E+02,+1.378528E+00
+2.019043E+02,-1.115899E-06,-6.561267E-06,-1.035364E+02,-1.739258E+00
+2.021484E+02,+6.718163E-07,+7.081390E-06,-1.029587E+02,+1.476209E+00
+2.023926E+02,+1.665496E-06,-1.025771E-06,-1.141725E+02,-5.520253E-01
+2.026367E+02,-5.639418E-06,-3.548086E-06,-1.035270E+02,-2.580009E+00
+2.028809E+02,+3.658103E-06,-2.850475E-06,-1.066742E+02,-6.619425E-01
+2.031250E+02,+1.311658E-06,+1.497842E-05,-9.645750E+01,+1.483449E+00
+2.033691E+02,-6.173847E-06,-1.697640E-05,-9.486363E+01,-1.919599E+00
+2.036133E+02,+7.778658E-06,+1.546914E-05,-9.523166E+01,+1.104871E+00
+2.038574E+02,-5.685380E-06,-8.074514E-06,-1.001090E+02,-2.184278E+00
+2.041016E+02,+1.078060E-07,+4.416192E-06,-1.070965E+02,+1.546390E+00
+2.043457E+02,+2.283587E-06,-4.050042E-06,-1.066519E+02,-1.057387E+00
+2.045898E+02,-3.357502E-06,+4.860432E-06,-1.045722E+02,+2.175309E+00
+2.048340E+02,+7.684005E-06,-3.697283E-07,-1.022782E+02,-4.807953E-02
+2.050781E+02,-2.604298E-06,-9.251715E-07,-1.111700E+02,-2.800250E+00
+2.053223E+02,-2.819357E-06,+1.913031E-07,-1.109771E+02,+3.073843E+00
+2.055664E+02,+3.772282E-06,+2.676088E-06,-1.066976E+02,+6.170124E-01
+2.058105E+02,+1.707217E-07,-2.338868E-06,-1.125968E+02,-1.497932E+00
+2.060547E+02,-6.298542E-06,-1.375028E-06,-1.038130E+02,-2.926656E+00
+2.062988E+02,+4.594292E-06,+6.673895E-06,-1.018278E+02,+9.678999E-01
+2.065430E+02,+4.889092E-06,-4.230506E-07,-1.061830E+02,-8.631448E-02
+2.067871E+02,-8.454580E-06,-3.574043E-06,-1.007441E+02,-2.741642E+00
+2.070312E+02,+6.122110E-06,+1.335794E-06,-1.040600E+02,+2.148249E-01
+2.072754E+02,-2.854430E-06,+3.448496E-06,-1.069810E+02,+2.262220E+00
+2.075195E+02,+3.570449E-06,-3.751309E-06,-1.057153E+02,-8.100949E-01
+2.077637E+02,-1.206413E-06,+3.703633E-06,-1.081895E+02,+1.885695E+00
+2.080078E+02,-2.162996E-07,-1.165079E-06,-1.185257E+02,-1.754359E+00
+2.082520E+02,-7.036312E-07,+2.839894E-06,-1.106752E+02,+1.813672E+00
+2.084961E+02,+4.582248E-06,-3.812935E-06,-1.044934E+02,-6.940160E-01
+2.087402E+02,-2.892865E-06,+5.792232E-06,-1.037759E+02,+2.033995E+00
+2.089844E+02,+6.912689E-06,-8.208352E-06,-9.938689E+01,-8.708755E-01
+2.092285E+02,-7.468104E-06,+6.737372E-06,-9.994971E+01,+2.407589E+00
+2.094727E+02,+9.719378E-06,-3.497673E-06,-9.971835E+01,-3.454369E-01
+2.097168E+02,-4.804338E-06,+7.308301E-06,-1.011638E+02,+2.152343E+00
+2.099609E+02,-8.756535E-07,-1.125794E-05,-9.894463E+01,-1.648421E+00
+2.102051E+02,+7.319930E-06,+6.738997E-06,-1.000439E+02,+7.441004E-01
+2.104492E+02,-9.231563E-06,-8.623416E-07,-1.006568E+02,-3.048451E+00
+2.106934E+02,+4.850939E-07,+2.742063E-07,-1.250793E+02,+5.144870E-01
+2.109375E+02,+1.029789E-05,+5.759841E-06,-9.856292E+01,+5.099725E-01
+2.111816E+02,-5.171822E-06,-1.393918E-05,-9.655513E+01,-1.926080E+00
+2.114258E+02,+2.635238E-06,+1.527334E-05,-9.619392E+01,+1.399940E+00
+2.116699E+02,+6.582475E-07,-1.028028E-05,-9.974213E+01,-1.506854E+00
+2.119141E+02,+8.199005E-07,+1.309384E-06,-1.162220E+02,+1.011354E+00
+2.121582E+02,+5.439624E-06,+8.240811E-06,-1.001099E+02,+9.873651E-01
+2.124023E+02,-7.605046E-06,-9.445639E-06,-9.832515E+01,-2.248662E+00
+2.126465E+02,+7.423475E-06,+1.952426E-06,-1.022974E+02,+2.571826E-01
+2.128906E+02,-1.548035E-06,-2.336009E-06,-1.110495E+02,-2.156036E+00
+2.131348E+02,+3.354377E-06,+1.181152E-05,-9.821703E+01,+1.294090E+00
+2.133789E+02,-7.491643E-06,-1.331046E-05,-9.632098E+01,-2.083443E+00
+2.136230E+02,+8.712655E-06,+2.397743E-06,-1.008799E+02,+2.685544E-01
+2.138672E+02,-3.115627E-06,-5.517002E-06,-1.039637E+02,-2.084880E+00
+2.141113E+02,-7.761166E-07,+6.287862E-07,-1.200099E+02,+2.460681E+00
+2.143555E+02,-1.670466E-06,+7.738045E-06,-1.020296E+02,+1.783411E+00
+2.145996E+02,+1.162937E-05,-8.379645E-06,-9.687271E+01,-6.243907E-01
+2.148438E+02,-6.138204E-06,+5.493980E-06,-1.016838E+02,+2.411521E+00
+2.150879E+02,-7.221039E-07,-1.770468E-06,-1.143699E+02,-1.958061E+00
+2.153320E+02,+5.115737E-06,-7.691697E-06,-1.006888E+02,-9.838800E-01
+2.155762E+02,-1.660002E-06,+1.015169E-05,-9.975463E+01,+1.732882E+00
+2.158203E+02,+1.629694E-06,-4.510080E-06,-1.063833E+02,-1.224051E+00
+2.160645E+02,-3.742624E-07,-1.154739E-05,-9.874577E+01,-1.603196E+00
+2.163086E+02,+2.964535E-06,+1.044261E-05,-9.928719E+01,+1.294186E+00
+2.165527E+02,-2.981704E-06,-2.347124E-06,-1.084165E+02,-2.474721E+00
+2.167969E+02,-1.947295E-06,-1.015663E-06,-1.131664E+02,-2.660833E+00
+2.170410E+02,+4.527296E-06,-9.796340E-06,-9.933806E+01,-1.137892E+00
+2.172852E+02,-1.413598E-06,+1.254075E-05,-9.797870E+01,+1.683043E+00
+2.175293E+02,+1.330020E-05,+3.165046E-06,-9.728360E+01,+2.336244E-01
+2.177734E+02,-6.875138E-06,-2.178059E-05,-9.282611E+01,-1.876552E+00
+2.180176E+02,+6.122518E-06,+4.897884E-06,-1.021130E+02,+6.747279E-01
+2.182617E+02,-1.336352E-05,-8.571783E-06,-9.598497E+01,-2.571265E+00
+2.185059E+02,+1.222174E-05,+3.806054E-06,-9.785535E+01,+3.018977E-01
+2.187500E+02,-8.518965E-06,-9.855546E-06,-9.770306E+01,-2.283581E+00
+2.189941E+02,+1.485686E-06,+1.142143E-06,-1.145448E+02,+6.554025E-01
+2.192383E+02,-3.788976E-06,-2.513267E-07,-1.084105E+02,-3.075359E+00
+2.194824E+02,+1.369360E-06,-1.339668E-07,-1.172283E+02,-9.752135E-02
+2.197266E+02,-6.809917E-06,-1.301858E-05,-9.665832E+01,-2.052747E+00
+2.199707E+02,-3.147428E-06,+1.236651E-05,-9.788247E+01,+1.820017E+00
+2.202148E+02,-1.304322E-06,-7.931858E-06,-1.018966E+02,-1.733779E+00
+2.204590E+02,+1.246438E-06,-4.735406E-06,-1.062019E+02,-1.313418E+00
+2.207031E+02,-4.472890E-06,+6.662499E-06,-1.019114E+02,+2.162036E+00
+2.209473E+02,-4.700359E-06,+1.460377E-06,-1.061572E+02,+2.840353E+00
+2.211914E+02,+3.032522E-06,-7.475668E-06,-1.018654E+02,-1.185427E+00
+2.214355E+02,-9.456349E-07,+4.543672E-06,-1.066677E+02,+1.775988E+00
+2.216797E+02,-4.818851E-06,-5.514384E-06,-1.027059E+02,-2.288986E+00
+2.219238E+02,-5.687598E-06,+2.182576E-06,-1.043048E+02,+2.775179E+00
+2.221680E+02,+9.764454E-06,-6.339566E-06,-9.867950E+01,-5.758474E-01
+2.224121E+02,-1.345216E-05,+2.144552E-06,-9.731516E+01,+2.983502E+00
+2.226562E+02,+6.708187E-06,+3.223028E-06,-1.025659E+02,+4.478953E-01
+2.229004E+02,-8.909827E-06,-4.696923E-07,-1.009906E+02,-3.088925E+00
+2.231445E+02,+1.508299E-06,-8.320175E-06,-1.014569E+02,-1.391462E+00
+2.233887E+02,-6.728632E-06,+7.587907E-06,-9.987792E+01,+2.296247E+00
+2.236328E+02,-7.368274E-06,-7.253526E-06,-9.971001E+01,-2.364042E+00
+2.238770E+02,+6.074236E-06,+4.391722E-06,-1.025039E+02,+6.260014E-01
+2.241211E+02,-1.556117E-05,-6.106848E-08,-9.615909E+01,-3.137668E+00
+2.243652E+02,+6.042115E-06,+3.285599E-06,-1.032512E+02,+4.980575E-01
+2.246094E+02,-3.821930E-06,+2.918237E-06,-1.063595E+02,+2.489475E+00
+2.248535E+02,-3.982491E-06,-2.806919E-06,-1.062454E+02,-2.527642E+00
+2.250977E+02,+1.056989E-06,+1.174641E-05,-9.856688E+01,+1.481054E+00
+2.253418E+02,+1.047707E-07,-9.775835E-06,-1.001964E+02,-1.560079E+00
+2.255859E+02,-5.508661E-06,-4.520505E-06,-1.029430E+02,-2.454406E+00
+2.258301E+02,+1.039013E-05,-1.455788E-05,-9.495004E+01,-9.509273E-01
+2.260742E+02,-1.830050E-05,+2.890574E-06,-9.464371E+01,+2.984936E+00
+2.263184E+02,-2.080061E-06,-4.163732E-06,-1.066428E+02,-2.034097E+00
+2.265625E+02,-2.331249E-05,+1.500281E-05,-9.114325E+01,+2.569763E+00
+2.268066E+02,-8.650594E-06,-1.878169E-05,-9.368977E+01,-2.002419E+00
+2.270508E+02,+8.522108E-06,+2.003471E-06,-1.011554E+02,+2.308982E-01
+2.272949E+02,-4.031194E-05,+1.110181E-06,-8.788803E+01,+3.114060E+00
+2.275391E+02,+8.327541E-06,-1.379710E-05,-9.585515E+01,-1.027755E+00
+2.277832E+02,-4.390742E-05,+1.400998E-05,-8.672816E+01,+2.832725E+00
+2.280273E+02,-4.441343E-05,-2.459079E-05,-8.588841E+01,-2.635929E+00
+2.282715E+02,-6.959087E-05,-1.971049E-05,-8.281383E+01,-2.865588E+00
+2.285156E+02,-2.973858E-06,+8.936223E-05,-8.097211E+01,+1.604063E+00
+2.287598E+02,-1.559238E-04,-1.319764E-05,-7.611075E+01,-3.057152E+00
+2.290039E+02,-1.964318E-04,-9.488715E-06,-7.412564E+01,-3.093325E+00
+2.292480E+02,-2.929133E-05,+2.589239E-04,-7.168133E+01,+1.683444E+00
+2.294922E+02,-9.521693E-04,+1.058662E-03,-5.693062E+01,+2.303284E+00
+2.297363E+02,-6.942272E-04,+6.534883E-03,-4.364650E+01,+1.676633E+00
+2.299805E+02,+1.040166E-02,-1.350049E-02,-3.536917E+01,-9.143256E-01
+2.302246E+02,-9.108440E-03,+4.801230E-03,-3.974631E+01,+2.656486E+00
+2.304688E+02,+8.882697E-04,+3.362104E-04,-6.044765E+01,+3.618359E-01
+2.307129E+02,+1.225279E-04,+4.822454E-04,-6.606296E+01,+1.321983E+00
+2.309570E+02,-6.126719E-05,-1.222356E-05,-8.408592E+01,-2.944666E+00
+2.312012E+02,+2.615891E-05,+5.374630E-06,-9.146804E+01,+2.026408E-01
+2.314453E+02,+7.811279E-05,+4.701873E-05,-8.080276E+01,+5.418402E-01
+2.316895E+02,-3.873288E-05,-4.400622E-05,-8.463848E+01,-2.292546E+00
+2.319336E+02,-4.384108E-05,+1.681364E-04,-7.520110E+01,+1.825864E+00
+2.321777E+02,+1.148834E-04,-1.882462E-04,-7.313052E+01,-1.022850E+00
+2.324219E+02,-6.655099E-05,+4.701455E-05,-8.177871E+01,+2.526555E+00
+2.326660E+02,-1.939793E-05,-1.907520E-05,-9.130685E+01,-2.364583E+00
+2.329102E+02,+2.610806E-05,+2.765254E-05,-8.839744E+01,+8.141191E-01
+2.331543E+02,-2.473956E-05,-3.689771E-06,-9.203661E+01,-2.993539E+00
+2.333984E+02,+8.652410E-06,-1.142032E-05,-9.687637E+01,-9.224281E-01
+2.336426E+02,-2.463807E-06,-2.133258E-06,-1.097383E+02,-2.427975E+00
+2.338867E+02,-1.399304E-05,-1.716951E-05,-9.309274E+01,-2.254613E+00
+2.341309E+02,-3.739914E-05,+3.446567E-05,-8.587274E+01,+2.396991E+00
+2.343750E+02,+8.052498E-06,+1.900042E-05,-9.370734E+01,+1.169937E+00
+2.346191E+02,+1.367951E-05,+2.323571E-05,-9.138450E+01,+1.038706E+00
+2.348633E+02,+2.034246E-05,-1.290256E-05,-9.236354E+01,-5.652357E-01
+2.351074E+02,+5.482287E-06,+2.423541E-06,-1.044455E+02,+4.162377E-01
+2.353516E+02,+2.280444E-06,-6.943520E-06,-1.027235E+02,-1.253467E+00
+2.355957E+02,-4.507240E-06,-1.061026E-05,-9.876499E+01,-1.972498E+00
+2.358398E+02,+2.999791E-06,+6.392767E-06,-1.030219E+02,+1.132052E+00
+2.360840E+02,-2.058292E-06,+4.676338E-07,-1.135113E+02,+2.918190E+00
+2.363281E+02,-9.724213E-07,+3.976853E-07,-1.195713E+02,+2.753383E+00
+2.365723E+02,-3.215618E-06,-2.680659E-06,-1.075631E+02,-2.446675E+00
+2.368164E+02,+1.589463E-06,-9.593213E-07,-1.146260E+02,-5.430260E-01
+2.370605E+02,+1.630422E-06,-7.662154E-06,-1.021207E+02,-1.361134E+00
+2.373047E+02,-6.164185E-06,+9.563486E-06,-9.887872E+01,+2.143334E+00
+2.375488E+02,+6.206633E-07,+1.100322E-06,-1.179699E+02,+1.057212E+00
+2.377930E+02,-3.309931E-06,-1.689916E-06,-1.085976E+02,-2.669533E+00
+2.380371E+02,+7.004393E-06,+6.876386E-06,-1.001617E+02,+7.761766E-01
+2.382812E+02,-8.109177E-06,-7.614980E-06,-9.907467E+01,-2.387613E+00
+2.385254E+02,+6.127070E-06,+7.499721E-06,-1.002786E+02,+8.857913E-01
+2.387695E+02,-3.691160E-06,-9.231208E-07,-1.083933E+02,-2.896530E+00
+2.390137E+02,-1.849213E-09,+5.177178E-06,-1.057181E+02,+1.571154E+00
+2.392578E+02,+5.056034E-06,-7.542495E-06,-1.008379E+02,-9.802551E-01
+2.395020E+02,+4.384662E-06,+5.951014E-06,-1.026249E+02,+9.358018E-01
+2.397461E+02,-3.544857E-06,-2.591623E-06,-1.071484E+02,-2.510302E+00
+2.399902E+02,-1.886754E-06,-2.050128E-06,-1.110998E+02,-2.314720E+00
+2.402344E+02,+1.217400E-05,-1.777474E-06,-9.819972E+01,-1.449813E-01
+2.404785E+02,-1.440930E-05,+6.343039E-07,-9.681873E+01,+3.097601E+00
+2.407227E+02,+9.538318E-06,-7.400471E-06,-9.836402E+01,-6.598518E-01
+2.409668E+02,-5.689522E-06,+9.234874E-06,-9.929395E+01,+2.122963E+00
+2.412109E+02,+2.123535E-06,-1.026871E-05,-9.958782E+01,-1.366874E+00
+2.414551E+02,-1.151374E-05,-4.255078E-06,-9.821968E+01,-2.787595E+00
+2.416992E+02,+5.503672E-06,+1.347682E-05,-9.673837E+01,+1.183086E+00
+2.419434E+02,-3.325743E-06,-1.001263E-05,-9.953453E+01,-1.891486E+00
+2.421875E+02,-3.772813E-06,+6.185633E-06,-1.027987E+02,+2.118486E+00
+2.424316E+02,+1.063795E-06,+7.463896E-06,-1.024534E+02,+1.429224E+00
+2.426758E+02,+5.452898E-06,-4.188978E-06,-1.032531E+02,-6.550547E-01
+2.429199E+02,-9.420262E-06,-9.705490E-07,-1.004729E+02,-3.038927E+00
+2.431641E+02,+1.163972E-05,+4.114279E-06,-9.816986E+01,+3.397619E-01
+2.434082E+02,-9.403801E-06,+9.512229E-07,-1.004897E+02,+3.040782E+00
+2.436523E+02,+1.497271E-05,-6.208574E-06,-9.580493E+01,-3.930796E-01
+2.438965E+02,-2.011132E-05,+2.329039E-06,-9.387333E+01,+3.026299E+00
+2.441406E+02,+2.948886E-06,+7.268066E-06,-1.021098E+02,+1.185359E+00
+2.443848E+02,+8.276871E-06,-1.316106E-06,-1.015342E+02,-1.576899E-01
+2.446289E+02,-2.485415E-06,-6.519223E-06,-1.031267E+02,-1.935030E+00
+2.448730E+02,+6.396165E-07,+3.195697E-06,-1.097381E+02,+1.373257E+00
+2.451172E+02,+4.152743E-06,+3.296927E-06,-1.055106E+02,+6.710199E-01
+2.453613E+02,-1.664698E-05,-4.436256E-06,-9.527533E+01,-2.881155E+00
+2.456055E+02,+1.038737E-05,+1.657637E-05,-9.417171E+01,+1.011021E+00
+2.458496E+02,+9.104482E-06,-1.578765E-05,-9.478677E+01,-1.047697E+00
+2.460938E+02,-8.472482E-06,+7.257550E-06,-9.904987E+01,+2.433278E+00
+2.463379E+02,+4.351195E-06,-8.364565E-07,-1.070702E+02,-1.899192E-01
+2.465820E+02,-7.706089E-06,-8.131925E-06,-9.901315E+01,-2.329314E+00
+2.468262E+02,+1.239669E-05,+9.590485E-06,-9.609673E+01,+6.584552E-01
+2.470703E+02,-1.049651E-05,-2.190909E-07,-9.957721E+01,-3.120723E+00
+2.473145E+02,+1.533254E-06,-1.074996E-05,-9.928440E+01,-1.429123E+00
+2.475586E+02,+2.798981E-06,+1.455533E-05,-9.658186E+01,+1.380816E+00
+2.478027E+02,-3.462412E-06,-5.230644E-06,-1.040508E+02,-2.155525E+00
+2.480469E+02,+4.188553E-06,-1.339567E-07,-1.075543E+02,-3.197072E-02
+2.482910E+02,-3.978583E-06,-2.074195E-06,-1.069613E+02,-2.661019E+00
+2.485352E+02,+3.645486E-06,+7.477709E-06,-1.015986E+02,+1.117188E+00
+2.487793E+02,-4.866351E-06,-9.494481E-06,-9.943756E+01,-2.044430E+00
+2.490234E+02,+8.170625E-06,+1.274417E-05,-9.639836E+01,+1.000684E+00
+2.492676E+02,-4.309700E-06,-9.117283E-06,-9.992686E+01,-2.012363E+00
+2.495117E+02,+1.018065E-05,+7.910981E-06,-9.779292E+01,+6.605960E-01
+2.497559E+02,-1.817844E-05,-9.491926E-06,-9.376180E+01,-2.660380E+00
+2.500000E+02,+8.093742E-06,+9.986978E-06,-9.781863E+01,+8.897282E-01
+2.502441E+02,+3.790567E-06,-4.626994E-06,-1.044639E+02,-8.844401E-01
+2.504883E+02,-2.631175E-06,-1.648683E-06,-1.101587E+02,-2.581846E+00
+2.507324E+02,+4.625464E-06,-2.127036E-06,-1.058638E+02,-4.310180E-01
+2.509766E+02,-3.227326E-06,+5.710200E-06,-1.036631E+02,+2.085224E+00
+2.512207E+02,-6.420989E-06,+1.393895E-06,-1.036480E+02,+2.927825E+00
+2.514648E+02,+1.001891E-05,-5.758854E-06,-9.874379E+01,-5.216829E-01
+2.517090E+02,+1.303140E-06,+7.432404E-06,-1.024459E+02,+1.397228E+00
+2.519531E+02,-6.887713E-06,+2.001108E-08,-1.032385E+02,+3.138687E+00
+2.521973E+02,+6.359750E-06,-6.097086E-06,-1.011002E+02,-7.643154E-01
+2.524414E+02,-3.772388E-06,+2.731345E-06,-1.066372E+02,+2.514916E+00
+2.526855E+02,+2.454790E-07,-2.423463E-06,-1.122669E+02,-1.469848E+00
+2.529297E+02,+1.599906E-06,+4.026570E-06,-1.072647E+02,+1.192587E+00
+2.531738E+02,+2.660476E-06,-3.566544E-06,-1.070337E+02,-9.298900E-01
+2.534180E+02,-4.228638E-06,-5.530743E-07,-1.074023E+02,-3.011538E+00
+2.536621E+02,+3.919986E-06,+4.287880E-06,-1.047170E+02,+8.301903E-01
+2.539062E+02,+4.422309E-06,-1.291802E-06,-1.067314E+02,-2.842028E-01
+2.541504E+02,-6.860870E-06,-3.678191E-06,-1.021752E+02,-2.649475E+00
+2.543945E+02,+1.331334E-07,+4.372283E-06,-1.071818E+02,+1.540356E+00
+2.546387E+02,+2.773816E-06,-3.947405E-06,-1.063309E+02,-9.582650E-01
+2.548828E+02,+2.056530E-06,+6.865632E-06,-1.028932E+02,+1.279762E+00
+2.551270E+02,-2.741081E-06,-7.807639E-06,-1.016448E+02,-1.908430E+00
+2.553711E+02,+1.234377E-06,+1.312054E-06,-1.148876E+02,+8.158929E-01
+2.556152E+02,-2.197400E-07,+2.682429E-06,-1.114004E+02,+1.652532E+00
+2.558594E+02,+4.490354E-07,+9.263030E-07,-1.197483E+02,+1.119414E+00
+2.561035E+02,+6.235883E-07,-2.491516E-07,-1.234588E+02,-3.801140E-01
+2.563477E+02,+2.766724E-06,-4.730099E-06,-1.052246E+02,-1.041540E+00
+2.565918E+02,-4.966965E-06,+1.668642E-06,-1.056138E+02,+2.817491E+00
+2.568359E+02,+8.399791E-06,-1.347088E-06,-1.014043E+02,-1.590175E-01
+2.570801E+02,-6.993752E-06,+8.152769E-06,-9.937869E+01,+2.279823E+00
+2.573242E+02,+3.341368E-06,-1.014581E-05,-9.942706E+01,-1.252649E+00
+2.575684E+02,+2.562882E-06,-7.774581E-07,-1.114431E+02,-2.945301E-01
+2.578125E+02,-8.400012E-06,+1.650530E-06,-1.013499E+02,+2.947573E+00
+2.580566E+02,+1.101234E-05,+4.573842E-06,-9.847126E+01,+3.936584E-01
+2.583008E+02,-1.016451E-05,-7.409156E-06,-9.800758E+01,-2.511717E+00
+2.585449E+02,+7.622556E-06,+7.467134E-06,-9.943623E+01,+7.750986E-01
+2.587891E+02,-2.748116E-06,-2.181623E-06,-1.090968E+02,-2.470606E+00
+2.590332E+02,+1.505285E-06,-5.847567E-06,-1.043818E+02,-1.318846E+00
+2.592773E+02,-2.980016E-06,+6.272007E-06,-1.031679E+02,+2.014350E+00
+2.595215E+02,+2.371223E-06,-7.583205E-06,-1.019978E+02,-1.267735E+00
+2.597656E+02,-7.320087E-07,+6.650447E-06,-1.034907E+02,+1.680424E+00
+2.600098E+02,-1.130095E-06,-7.222140E-06,-1.027216E+02,-1.726014E+00
+2.602539E+02,+2.807991E-07,+8.258843E-06,-1.016566E+02,+1.536810E+00
+2.604980E+02,-5.210273E-07,-8.919937E-06,-1.009780E+02,-1.629142E+00
+2.607422E+02,-3.911250E-07,+7.354208E-06,-1.026570E+02,+1.623930E+00
+2.609863E+02,+8.270264E-06,-4.192793E-06,-1.006562E+02,-4.692098E-01
+2.612305E+02,-8.262953E-06,+1.974125E-06,-1.014162E+02,+2.907076E+00
+2.614746E+02,-7.180989E-08,-1.321220E-06,-1.175677E+02,-1.625094E+00
+2.617188E+02,+3.159371E-06,-1.765004E-06,-1.088283E+02,-5.094652E-01
+2.619629E+02,-4.587046E-06,+2.771301E-06,-1.054180E+02,+2.598121E+00
+2.622070E+02,+3.169511E-06,-3.057399E-06,-1.071234E+02,-7.673957E-01
+2.624512E+02,+2.618077E-07,-3.976871E-06,-1.079904E+02,-1.505059E+00
+2.626953E+02,-9.736185E-07,+9.011171E-06,-1.008540E+02,+1.678424E+00
+2.629395E+02,+2.924817E-07,-2.708902E-06,-1.112938E+02,-1.463242E+00
+2.631836E+02,-1.862458E-06,-6.300889E-06,-1.036482E+02,-1.858199E+00
+2.634277E+02,+6.249199E-06,+2.661074E-06,-1.033598E+02,+4.025704E-01
+2.636719E+02,-6.569431E-06,+7.599854E-07,-1.035917E+02,+3.026419E+00
+2.639160E+02,+4.599723E-06,-2.742162E-06,-1.054247E+02,-5.375897E-01
+2.641602E+02,-2.706146E-06,+5.980908E-06,-1.036558E+02,+1.995697E+00
+2.644043E+02,-4.156911E-06,-6.352971E-06,-1.023927E+02,-2.150206E+00
+2.646484E+02,-5.508889E-07,-8.991207E-07,-1.195394E+02,-2.120500E+00
+2.648926E+02,+7.942550E-06,+6.256808E-06,-9.990414E+01,+6.672317E-01
+2.651367E+02,-4.988571E-06,-5.118602E-06,-1.029170E+02,-2.343330E+00
+2.653809E+02,+2.807556E-06,+8.580583E-07,-1.106456E+02,+2.966090E-01
+2.656250E+02,-6.826964E-06,+6.225002E-06,-1.006876E+02,+2.402282E+00
+2.658691E+02,+8.543692E-06,-1.202837E-05,-9.662189E+01,-9.531943E-01
+2.661133E+02,-1.435996E-05,+1.051400E-05,-9.499280E+01,+2.509598E+00
+2.663574E+02,+1.129923E-05,-2.903870E-06,-9.866126E+01,-2.515534E-01
+2.666016E+02,-2.099658E-06,-1.315713E-06,-1.121185E+02,-2.581820E+00
+2.668457E+02,+9.146835E-07,+2.484463E-08,-1.207714E+02,+2.715532E-02
+2.670898E+02,+1.225413E-06,-1.712714E-06,-1.135310E+02,-9.497561E-01
+2.673340E+02,+2.594606E-06,+3.501117E-06,-1.072148E+02,+9.330288E-01
+2.675781E+02,-1.488459E-05,-5.615476E-06,-9.596734E+01,-2.780835E+00
+2.678223E+02,+7.209173E-06,+2.130778E-06,-1.024786E+02,+2.873828E-01
+2.680664E+02,+3.742784E-06,+2.289125E-06,-1.071560E+02,+5.489126E-01
+2.683105E+02,-4.769749E-06,-2.037504E-06,-1.057022E+02,-2.737884E+00
+2.685547E+02,+1.867968E-06,+2.315272E-06,-1.105307E+02,+8.919211E-01
+2.687988E+02,+6.265926E-07,+2.760227E-07,-1.232901E+02,+4.149373E-01
+2.690430E+02,-3.564446E-06,-8.530566E-07,-1.087183E+02,-2.906687E+00
+2.692871E+02,+2.874076E-06,-4.838789E-06,-1.049929E+02,-1.034825E+00
+2.695312E+02,-7.927417E-06,+4.855326E-06,-1.006340E+02,+2.592052E+00
+2.697754E+02,+1.239557E-05,+4.693333E-07,-9.812844E+01,+3.784490E-02
+2.700195E+02,-2.747674E-06,+4.727003E-07,-1.110940E+02,+2.971224E+00
+2.702637E+02,-1.155866E-05,+1.596780E-06,-9.865975E+01,+3.004316E+00
+2.705078E+02,+9.864972E-06,-5.047817E-06,-9.910809E+01,-4.729566E-01
+2.707520E+02,+1.270675E-06,+4.653266E-06,-1.063325E+02,+1.304224E+00
+2.709961E+02,-1.228823E-05,-1.817167E-06,-9.811626E+01,-2.994778E+00
+2.712402E+02,+1.701600E-05,+1.560406E-07,-9.538248E+01,+9.169966E-03
+2.714844E+02,-6.515119E-06,-2.324515E-06,-1.032012E+02,-2.798884E+00
+2.717285E+02,-1.022880E-05,+1.657927E-05,-9.420788E+01,+2.123595E+00
+2.719727E+02,+1.452440E-05,-1.909107E-05,-9.240009E+01,-9.204218E-01
+2.722168E+02,-9.313070E-06,+1.357182E-05,-9.567147E+01,+2.172205E+00
+2.724609E+02,+3.370151E-07,-1.334549E-05,-9.749054E+01,-1.545549E+00
+2.727051E+02,+8.846181E-06,+7.005700E-06,-9.895053E+01,+6.698108E-01
+2.729492E+02,-5.518570E-06,-1.454020E-06,-1.048720E+02,-2.883970E+00
+2.731934E+02,+5.489367E-06,+3.732525E-06,-1.035591E+02,+5.971462E-01
+2.734375E+02,-1.052210E-05,-4.606819E-06,-9.879633E+01,-2.728911E+00
+2.736816E+02,+7.814255E-06,+4.862346E-06,-1.007209E+02,+5.566125E-01
+2.739258E+02,-3.230323E-06,-5.348400E-06,-1.040849E+02,-2.114137E+00
+2.741699E+02,+3.845429E-07,-1.543204E-06,-1.159699E+02,-1.326585E+00
+2.744141E+02,-1.663451E-06,+6.955763E-06,-1.029116E+02,+1.805535E+00
+2.746582E+02,+7.390468E-07,+1.486580E-06,-1.155970E+02,+1.109435E+00
+2.749023E+02,+3.935401E-07,-8.534041E-06,-1.013677E+02,-1.524715E+00
+2.751465E+02,+5.124243E-06,+1.642620E-06,-1.053826E+02,+3.102095E-01
+2.753906E+02,-9.496809E-06,+7.774339E-06,-9.822089E+01,+2.455597E+00
+2.756348E+02,+2.631206E-06,-9.241470E-06,-1.003467E+02,-1.293419E+00
+2.758789E+02,+4.590791E-06,+5.153309E-06,-1.032210E+02,+8.430632E-01
+2.761230E+02,-3.315347E-06,-3.859318E-06,-1.058694E+02,-2.280521E+00
+2.763672E+02,+5.245439E-07,+5.540918E-06,-1.050896E+02,+1.476410E+00
+2.766113E+02,-4.581288E-06,-2.463078E-06,-1.056775E+02,-2.648289E+00
+2.768555E+02,+4.292201E-06,+2.698515E-06,-1.058998E+02,+5.612569E-01
+2.770996E+02,-4.091843E-06,-3.877718E-06,-1.049785E+02,-2.383056E+00
+2.773438E+02,+8.236212E-06,-6.295318E-07,-1.016601E+02,-7.628629E-02
+2.775879E+02,-6.768217E-06,+5.117629E-06,-1.014267E+02,+2.494182E+00
+2.778320E+02,+3.759259E-06,+7.700433E-07,-1.083194E+02,+2.020442E-01
+2.780762E+02,-2.375795E-09,+7.033419E-07,-1.230566E+02,+1.574174E+00
+2.783203E+02,-8.696943E-06,-7.631334E-06,-9.873303E+01,-2.421364E+00
+2.785645E+02,+9.457110E-06,+1.269629E-06,-1.004073E+02,+1.334533E-01
+2.788086E+02,-1.923334E-06,+9.277935E-06,-1.004682E+02,+1.775203E+00
+2.790527E+02,-9.604011E-07,-7.631415E-06,-1.022797E+02,-1.695987E+00
+2.792969E+02,+7.376967E-06,+3.635034E-06,-1.016984E+02,+4.578345E-01
+2.795410E+02,-9.086577E-06,-5.467179E-06,-9.949017E+01,-2.599941E+00
+2.797852E+02,+4.630523E-06,+6.226785E-06,-1.022030E+02,+9.313743E-01
+2.800293E+02,-2.275117E-07,-9.691566E-07,-1.200391E+02,-1.801373E+00
+2.802734E+02,-2.277561E-06,-1.296959E-06,-1.116308E+02,-2.623939E+00
+2.805176E+02,-4.021558E-07,+3.281296E-06,-1.096143E+02,+1.692748E+00
+2.807617E+02,+6.663697E-07,-4.857569E-06,-1.061907E+02,-1.434466E+00
+2.810059E+02,+5.095916E-06,+5.413112E-06,-1.025751E+02,+8.155723E-01
+2.812500E+02,-6.345793E-06,-9.226673E-06,-9.901701E+01,-2.173265E+00
+2.814941E+02,+2.674968E-06,+7.513693E-06,-1.019647E+02,+1.228775E+00
+2.817383E+02,+2.452174E-06,+3.164133E-06,-1.079520E+02,+9.114921E-01
+2.819824E+02,-5.866965E-06,-3.412382E-06,-1.033662E+02,-2.614793E+00
+2.822266E+02,+2.330533E-06,-3.877030E-06,-1.068904E+02,-1.029559E+00
+2.824707E+02,+1.530736E-06,+9.721175E-06,-1.001393E+02,+1.414615E+00
+2.827148E+02,+2.768752E-06,-1.170488E-05,-9.839622E+01,-1.338519E+00
+2.829590E+02,-4.709181E-06,+8.519593E-06,-1.002338E+02,+2.075746E+00
+2.832031E+02,+7.541559E-06,-8.133174E-06,-9.910011E+01,-8.231235E-01
+2.834473E+02,-7.272761E-06,+1.037271E-05,-9.794563E+01,+2.182290E+00
+2.836914E+02,+2.007735E-06,-6.504635E-06,-1.033403E+02,-1.271412E+00
+2.839355E+02,+3.022843E-06,+4.167811E-06,-1.057662E+02,+9.433026E-01
+2.841797E+02,-5.265956E-06,-6.408204E-06,-1.016244E+02,-2.258661E+00
+2.844238E+02,+2.610167E-06,+4.751702E-06,-1.053178E+02,+1.068481E+00
+2.846680E+02,-2.686742E-06,+1.874198E-06,-1.096935E+02,+2.532497E+00
+2.849121E+02,+6.988868E-06,-3.324907E-06,-1.022258E+02,-4.440546E-01
+2.851562E+02,-3.807286E-06,+1.861913E-07,-1.083773E+02,+3.092728E+00
+2.854004E+02,+1.599177E-06,+1.348132E-06,-1.135904E+02,+7.004253E-01
+2.856445E+02,+3.792260E-07,+2.394991E-07,-1.269643E+02,+5.632935E-01
+2.858887E+02,-2.303597E-07,-2.659237E-06,-1.114724E+02,-1.657207E+00
+2.861328E+02,-5.304409E-07,+3.201016E-06,-1.097766E+02,+1.735014E+00
+2.863770E+02,-2.040745E-07,-6.206445E-06,-1.041385E+02,-1.603665E+00
+2.866211E+02,-1.357451E-06,+4.709891E-06,-1.061932E+02,+1.851404E+00
+2.868652E+02,+7.931305E-06,-1.098344E-06,-1.019306E+02,-1.376070E-01
+2.871094E+02,-8.088104E-06,+5.694391E-07,-1.018216E+02,+3.071304E+00
+2.873535E+02,+5.765687E-06,+1.091564E-06,-1.046300E+02,+1.871062E-01
+2.875977E+02,-4.743861E-06,+2.143550E-07,-1.064685E+02,+3.096438E+00
+2.878418E+02,+2.518181E-06,-7.763138E-06,-1.017648E+02,-1.257128E+00
+2.880859E+02,-2.809179E-06,+6.369798E-06,-1.031456E+02,+1.986153E+00
+2.883301E+02,+5.651780E-06,+2.196056E-06,-1.043456E+02,+3.706057E-01
+2.885742E+02,-3.872836E-06,-9.579322E-06,-9.971582E+01,-1.954996E+00
+2.888184E+02,-3.865090E-07,+1.142837E-05,-9.883536E+01,+1.604604E+00
+2.890625E+02,-1.473230E-07,-6.165814E-06,-1.041977E+02,-1.594685E+00
+2.893066E+02,+4.054179E-06,-6.902488E-07,-1.077178E+02,-1.686391E-01
+2.895508E+02,-6.330898E-06,+7.233323E-07,-1.039144E+02,+3.027832E+00
+2.897949E+02,+6.848597E-06,-4.237714E-06,-1.018801E+02,-5.541076E-01
+2.900391E+02,-5.762296E-07,+9.014691E-06,-1.008833E+02,+1.634631E+00
+2.902832E+02,-7.044356E-06,-4.045664E-06,-1.018052E+02,-2.620275E+00
+2.905273E+02,+8.369369E-06,+5.429104E-07,-1.015279E+02,+6.477798E-02
+2.907715E+02,-4.352685E-06,-5.773526E-06,-1.028167E+02,-2.216791E+00
+2.910156E+02,-4.472098E-08,+5.974121E-06,-1.044743E+02,+1.578282E+00
+2.912598E+02,-2.923094E-06,-7.905856E-06,-1.014845E+02,-1.924946E+00
+2.915039E+02,+1.146995E-05,+8.370422E-06,-9.695458E+01,+6.304277E-01
+2.917480E+02,-9.293951E-06,-1.985261E-06,-1.004422E+02,-2.931148E+00
+2.919922E+02,-2.206011E-06,-1.899860E-06,-1.107181E+02,-2.430621E+00
+2.922363E+02,+2.974357E-06,+1.932760E-06,-1.090024E+02,+5.762401E-01
+2.924805E+02,+3.784781E-07,-2.030555E-06,-1.136994E+02,-1.386520E+00
+2.927246E+02,+4.729077E-06,+5.393619E-06,-1.028857E+02,+8.509528E-01
+2.929688E+02,-2.585516E-07,-1.071882E-05,-9.939453E+01,-1.594913E+00
+2.932129E+02,-1.234860E-05,+1.122031E-05,-9.555357E+01,+2.404030E+00
+2.934570E+02,+6.378368E-06,-6.568792E-06,-1.007659E+02,-8.001049E-01
+2.937012E+02,+7.370214E-06,-4.017405E-06,-1.015206E+02,-4.990631E-01
+2.939453E+02,-7.693232E-06,+2.040912E-06,-1.019825E+02,+2.882279E+00
+2.941895E+02,+9.595747E-07,+2.825485E-06,-1.105041E+02,+1.243404E+00
+2.944336E+02,-2.278504E-07,+1.624497E-07,-1.310621E+02,+2.522217E+00
+2.946777E+02,-4.576534E-06,-4.484094E-06,-1.038667E+02,-2.366396E+00
+2.949219E+02,+1.147478E-05,+4.760613E-06,-9.811539E+01,+3.932645E-01
+2.951660E+02,-9.934558E-06,-2.295648E-07,-1.000547E+02,-3.118489E+00
+2.954102E+02,+3.913204E-06,-6.792289E-07,-1.080204E+02,-1.718614E-01
+2.956543E+02,+1.569563E-06,-4.980213E-06,-1.056438E+02,-1.265490E+00
+2.958984E+02,-2.406010E-06,+1.407709E-05,-9.690469E+01,+1.740077E+00
+2.961426E+02,-4.274796E-07,-2.295248E-05,-9.278190E+01,-1.589419E+00
+2.963867E+02,-8.578652E-08,+2.024171E-05,-9.387498E+01,+1.575034E+00
+2.966309E+02,-4.502773E-06,-9.337591E-06,-9.968731E+01,-2.020119E+00
+2.968750E+02,+1.296043E-05,+4.071101E-06,-9.733894E+01,+3.043580E-01
+2.971191E+02,-1.382313E-05,-4.488330E-06,-9.675256E+01,-2.827635E+00
+2.973633E+02,+8.240359E-06,+5.021569E-06,-1.003096E+02,+5.472932E-01
+2.976074E+02,-4.342335E-06,-7.878338E-06,-1.009192E+02,-2.074540E+00
+2.978516E+02,+4.213317E-06,+5.632678E-06,-1.030558E+02,+9.285681E-01
+2.980957E+02,-1.033617E-05,+1.231633E-06,-9.965157E+01,+3.022994E+00
+2.983398E+02,+3.349075E-06,-4.440809E-06,-1.050952E+02,-9.246390E-01
+2.985840E+02,+1.088943E-05,+8.155740E-06,-9.732603E+01,+6.428347E-01
+2.988281E+02,-1.167105E-05,-9.808141E-06,-9.633739E+01,-2.442709E+00
+2.990723E+02,+9.157107E-08,+6.137601E-06,-1.042391E+02,+1.555878E+00
+2.993164E+02,+7.427017E-06,-6.986826E-06,-9.983066E+01,-7.548681E-01
+2.995605E+02,-3.199789E-06,+9.229871E-06,-1.002032E+02,+1.904508E+00
+2.998047E+02,+4.281058E-07,-4.510281E-06,-1.068770E+02,-1.476162E+00
+3.000488E+02,-3.808911E-06,-2.825038E-06,-1.064804E+02,-2.503430E+00
+3.002930E+02,+6.933432E-07,+4.312494E-06,-1.071946E+02,+1.411385E+00
+3.005371E+02,+3.435320E-06,+3.390264E-06,-1.063273E+02,+7.787973E-01
+3.007812E+02,-1.653620E-06,-7.640087E-06,-1.021392E+02,-1.783948E+00
+3.010254E+02,-2.363142E-07,-8.223814E-07,-1.213540E+02,-1.850611E+00
+3.012695E+02,-2.541318E-06,+1.213587E-05,-9.813220E+01,+1.777219E+00
+3.015137E+02,-3.262017E-06,-1.318311E-05,-9.734157E+01,-1.813363E+00
+3.017578E+02,+7.395874E-06,+7.644858E-06,-9.946373E+01,+8.019506E-01
+3.020020E+02,+6.517400E-07,+7.060098E-07,-1.203470E+02,+8.253472E-01
+3.022461E+02,-3.005837E-06,-7.897960E-06,-1.014622E+02,-1.934453E+00
+3.024902E+02,+2.896534E-06,+4.902528E-06,-1.048912E+02,+1.037151E+00
+3.027344E+02,-4.815322E-06,+3.577317E-06,-1.044388E+02,+2.502649E+00
+3.029785E+02,+2.962065E-06,-4.262589E-06,-1.056955E+02,-9.635027E-01
+3.032227E+02,-4.896565E-06,+2.677704E-06,-1.050659E+02,+2.641168E+00
+3.034668E+02,+1.846473E-07,+1.885046E-06,-1.144521E+02,+1.473154E+00
+3.037109E+02,+2.310045E-06,-2.248293E-06,-1.098334E+02,-7.718519E-01
+3.039551E+02,+6.499937E-06,-2.686265E-06,-1.030570E+02,-3.918982E-01
+3.041992E+02,-1.360924E-05,+1.119105E-06,-9.729405E+01,+3.059546E+00
+3.044434E+02,+1.450349E-05,+1.595002E-06,-9.671834E+01,+1.095335E-01
+3.046875E+02,-1.391091E-05,+3.641420E-07,-9.712991E+01,+3.115422E+00
+3.049316E+02,+9.684084E-06,-1.782390E-06,-1.001341E+02,-1.820165E-01
+3.051758E+02,-1.569788E-06,+4.514905E-06,-1.064114E+02,+1.905412E+00
+3.054199E+02,-1.301358E-06,-4.363093E-06,-1.068340E+02,-1.860661E+00
+3.056641E+02,-5.436033E-08,+3.286963E-06,-1.096629E+02,+1.587333E+00
+3.059082E+02,+4.110683E-07,-4.548802E-06,-1.068067E+02,-1.480673E+00
+3.061523E+02,-3.587549E-06,+4.513587E-06,-1.047830E+02,+2.242379E+00
+3.063965E+02,+5.231411E-06,-6.349420E-06,-1.016952E+02,-8.816395E-01
+3.066406E+02,-2.291015E-07,+7.226852E-06,-1.028167E+02,+1.602487E+00
+3.068848E+02,-7.436131E-06,+1.805658E-07,-1.025705E+02,+3.117315E+00
+3.071289E+02,+1.096801E-05,-6.685901E-06,-9.782520E+01,-5.474351E-01
+3.073730E+02,-4.475115E-06,+1.122791E-05,-9.835371E+01,+1.950070E+00
+3.076172E+02,-1.666013E-07,-1.145468E-05,-9.881942E+01,-1.585340E+00
+3.078613E+02,-4.995587E-06,+9.838041E-06,-9.914557E+01,+2.040651E+00
+3.081055E+02,+9.987208E-06,-4.961237E-06,-9.905326E+01,-4.610516E-01
+3.083496E+02,-1.376985E-05,+1.094393E-06,-9.719407E+01,+3.062282E+00
+3.085938E+02,+1.415797E-05,+7.923629E-07,-9.696640E+01,+5.590752E-02
+3.088379E+02,-1.787335E-06,-2.309012E-06,-1.106925E+02,-2.229524E+00
+3.090820E+02,-9.215660E-06,+1.371336E-06,-1.006144E+02,+2.993872E+00
+3.093262E+02,+3.481113E-06,-6.963852E-07,-1.089952E+02,-1.974404E-01
+3.095703E+02,+5.159558E-06,+6.064193E-06,-1.019794E+02,+8.658243E-01
+3.098145E+02,+2.176025E-06,-1.182730E-05,-9.839771E+01,-1.388848E+00
+3.100586E+02,-1.035820E-05,+1.017593E-05,-9.676044E+01,+2.365071E+00
+3.103027E+02,+1.927674E-06,-5.470448E-06,-1.047312E+02,-1.232003E+00
+3.105469E+02,+1.100143E-05,+4.577393E-06,-9.847760E+01,+3.942847E-01
+3.107910E+02,-1.010416E-05,-4.343281E-06,-9.917365E+01,-2.735621E+00
+3.110352E+02,+2.374523E-06,+4.344680E-06,-1.061057E+02,+1.070617E+00
+3.112793E+02,+2.221925E-06,-1.631175E-06,-1.111932E+02,-6.332645E-01
+3.115234E+02,-8.627474E-07,-2.471711E-06,-1.116408E+02,-1.906623E+00
+3.117676E+02,-4.179634E-07,+3.899769E-06,-1.081296E+02,+1.677565E+00
+3.120117E+02,-6.604812E-08,-4.300360E-06,-1.073289E+02,-1.586154E+00
+3.122559E+02,+9.017629E-07,+1.327250E-07,-1.208051E+02,+1.461347E-01
+3.125000E+02,+6.237536E-08,+3.019387E-06,-1.103998E+02,+1.550141E+00
+3.127441E+02,-2.373635E-06,+1.701769E-06,-1.106904E+02,+2.519584E+00
+3.129883E+02,+7.635180E-07,+2.658382E-06,-1.111634E+02,+1.291113E+00
+3.132324E+02,+1.870258E-07,-6.163647E-06,-1.041992E+02,-1.540462E+00
+3.134766E+02,+9.202730E-07,+2.878642E-06,-1.103936E+02,+1.261375E+00
+3.137207E+02,+1.278780E-06,-5.591154E-06,-1.048285E+02,-1.345949E+00
+3.139648E+02,+1.273296E-07,+9.912661E-06,-1.000755E+02,+1.557952E+00
+3.142090E+02,-3.560925E-07,-6.080818E-06,-1.043059E+02,-1.629290E+00
+3.144531E+02,+3.414465E-06,-2.719890E-06,-1.071996E+02,-6.726513E-01
+3.146973E+02,-5.010766E-06,+1.785456E-06,-1.054828E+02,+2.799295E+00
+3.149414E+02,-4.633754E-07,-5.610643E-07,-1.227613E+02,-2.261124E+00
+3.151855E+02,-8.079081E-08,+2.622943E-06,-1.116201E+02,+1.601588E+00
+3.154297E+02,+3.860633E-06,-1.644565E-06,-1.075426E+02,-4.027032E-01
+3.156738E+02,+1.422559E-06,+3.536978E-06,-1.083762E+02,+1.188398E+00
+3.159180E+02,-3.724686E-06,-1.987690E-06,-1.074899E+02,-2.651386E+00
+3.161621E+02,-4.533001E-07,-1.041077E-06,-1.188964E+02,-1.981455E+00
+3.164062E+02,+5.308154E-06,-1.194703E-06,-1.052865E+02,-2.213805E-01
+3.166504E+02,-1.435318E-06,-5.564967E-06,-1.048111E+02,-1.823215E+00
+3.168945E+02,-5.878456E-06,+1.409927E-05,-9.632000E+01,+1.965815E+00
+3.171387E+02,+4.562117E-06,-1.017416E-05,-9.905437E+01,-1.149272E+00
+3.173828E+02,+2.143995E-06,+4.354319E-06,-1.062788E+02,+1.113261E+00
+3.176270E+02,-6.902826E-06,-2.360495E-06,-1.027392E+02,-2.812098E+00
+3.178711E+02,+6.151186E-06,-3.729514E-06,-1.028612E+02,-5.450449E-01
+3.181152E+02,-1.133480E-06,+5.653922E-06,-1.047819E+02,+1.768650E+00
+3.183594E+02,-1.099604E-06,+3.133283E-06,-1.095756E+02,+1.908311E+00
+3.186035E+02,-1.129364E-06,-1.000638E-05,-9.993949E+01,-1.683185E+00
+3.188477E+02,+5.250351E-06,+1.982222E-06,-1.050175E+02,+3.609964E-01
+3.190918E+02,-4.244077E-06,+5.631503E-06,-1.030342E+02,+2.216618E+00
+3.193359E+02,+1.627899E-06,-7.394599E-06,-1.024162E+02,-1.354106E+00
+3.195801E+02,-1.312105E-06,+7.886602E-06,-1.019436E+02,+1.735658E+00
+3.198242E+02,+1.659985E-06,-2.525234E-06,-1.103942E+02,-9.892651E-01
+3.200684E+02,-4.048994E-06,+2.105711E-06,-1.068134E+02,+2.662028E+00
+3.203125E+02,+1.583096E-06,-7.685711E-06,-1.021059E+02,-1.367658E+00
+3.205566E+02,-1.155103E-06,+5.935048E-06,-1.043700E+02,+1.763017E+00
+3.208008E+02,+7.914076E-06,-4.834455E-06,-1.006548E+02,-5.483722E-01
+3.210449E+02,-4.624760E-06,+2.423796E-06,-1.056442E+02,+2.658858E+00
+3.212891E+02,-1.500549E-06,-7.647271E-07,-1.154722E+02,-2.670270E+00
+3.215332E+02,+3.003391E-07,+3.596098E-06,-1.088532E+02,+1.487472E+00
+3.217773E+02,+6.275674E-06,-4.371249E-06,-1.023290E+02,-6.083990E-01
+3.220215E+02,-5.986022E-06,-5.423924E-08,-1.044569E+02,-3.132532E+00
+3.222656E+02,-7.301247E-07,+5.673571E-06,-1.048515E+02,+1.698782E+00
+3.225098E+02,-1.520990E-06,-7.421356E-06,-1.024116E+02,-1.772945E+00
+3.227539E+02,+4.166001E-06,+6.469914E-06,-1.022757E+02,+9.987188E-01
+3.229980E+02,-1.099983E-07,-5.031377E-06,-1.059642E+02,-1.592655E+00
+3.232422E+02,-7.000832E-06,+9.775802E-07,-1.030131E+02,+3.002852E+00
+3.234863E+02,+9.970278E-06,-9.404817E-07,-9.998738E+01,-9.405024E-02
+3.237305E+02,-6.433740E-06,+4.259826E-06,-1.022520E+02,+2.556753E+00
+3.239746E+02,+1.758941E-06,-9.913715E-06,-9.994066E+01,-1.395199E+00
+3.242188E+02,+3.129779E-06,+1.086222E-05,-9.893526E+01,+1.290261E+00
+3.244629E+02,-6.775787E-06,-5.328563E-06,-1.012898E+02,-2.475192E+00
+3.247070E+02,+2.903857E-06,-2.101341E-06,-1.089116E+02,-6.264147E-01
+3.249512E+02,+1.689769E-06,+9.992558E-07,-1.141411E+02,+5.340399E-01
+3.251953E+02,-5.148302E-07,+4.819188E-06,-1.062912E+02,+1.677222E+00
+3.254395E+02,-1.069447E-06,+1.482943E-06,-1.147589E+02,+2.195586E+00
+3.256836E+02,-8.104100E-07,-7.226429E-06,-1.027673E+02,-1.682475E+00
+3.259277E+02,-2.397660E-07,+5.013953E-07,-1.251020E+02,+2.016850E+00
+3.261719E+02,-6.129573E-07,-2.634845E-06,-1.113560E+02,-1.799366E+00
+3.264160E+02,-1.048329E-07,+8.767086E-06,-1.011423E+02,+1.582753E+00
+3.266602E+02,+7.857476E-06,-3.706034E-06,-1.012220E+02,-4.407173E-01
+3.269043E+02,-7.311363E-06,-8.121660E-07,-1.026668E+02,-3.030963E+00
+3.271484E+02,-3.522446E-06,-2.436220E-06,-1.073653E+02,-2.536508E+00
+3.273926E+02,+4.315767E-06,+2.870316E-06,-1.057082E+02,+5.869011E-01
+3.276367E+02,+2.124175E-06,-8.863352E-07,-1.127591E+02,-3.952973E-01
+3.278809E+02,-2.605723E-06,-2.046429E-06,-1.095949E+02,-2.475843E+00
+3.281250E+02,+2.011199E-06,+7.661382E-06,-1.020244E+02,+1.314077E+00
+3.283691E+02,-5.318826E-06,-4.821018E-06,-1.028792E+02,-2.405249E+00
+3.286133E+02,+3.164236E-06,-4.990181E-06,-1.045700E+02,-1.005685E+00
+3.288574E+02,+4.205241E-06,+7.727248E-06,-1.011129E+02,+1.072410E+00
+3.291016E+02,-8.583620E-06,-2.570946E-06,-1.009535E+02,-2.850578E+00
+3.293457E+02,+7.870178E-06,-5.531484E-07,-1.020589E+02,-7.016872E-02
+3.295898E+02,-5.459838E-06,-1.143154E-06,-1.050701E+02,-2.935199E+00
+3.298340E+02,+2.500744E-08,-1.745295E-06,-1.151617E+02,-1.556469E+00
+3.300781E+02,-1.691166E-06,+4.617962E-06,-1.061644E+02,+1.921843E+00
+3.303223E+02,+3.824518E-06,+7.272652E-07,-1.081942E+02,+1.879150E-01
+3.305664E+02,-1.062833E-06,+1.089504E-07,-1.194253E+02,+3.039440E+00
+3.308105E+02,-6.675801E-07,-1.014139E-05,-9.985927E+01,-1.636529E+00
+3.310547E+02,+1.099203E-06,+8.901351E-06,-1.009452E+02,+1.447931E+00
+3.312988E+02,+9.078452E-07,+1.711633E-06,-1.142552E+02,+1.083128E+00
+3.315430E+02,-6.656259E-06,-2.535063E-06,-1.029472E+02,-2.777699E+00
+3.317871E+02,+4.315263E-06,+1.745774E-07,-1.072927E+02,+4.043373E-02
+3.320312E+02,+1.842048E-06,-2.193750E-06,-1.108588E+02,-8.723242E-01
+3.322754E+02,+2.683445E-07,-1.318746E-07,-1.304866E+02,-4.567742E-01
+3.325195E+02,-2.699086E-06,+8.165777E-07,-1.109953E+02,+2.847809E+00
+3.327637E+02,-4.341227E-06,+3.593223E-06,-1.049815E+02,+2.450190E+00
+3.330078E+02,+7.297324E-06,+5.561326E-07,-1.027116E+02,+7.606345E-02
+3.332520E+02,+7.512005E-07,-3.658141E-06,-1.085554E+02,-1.368262E+00
+3.334961E+02,-7.659788E-07,-3.529150E-06,-1.088467E+02,-1.784525E+00
+3.337402E+02,-6.381483E-06,+1.381540E-05,-9.635283E+01,+2.003511E+00
+3.339844E+02,+1.975937E-06,-1.627258E-05,-9.570731E+01,-1.449960E+00
+3.342285E+02,+8.110432E-06,+6.921969E-06,-9.944267E+01,+7.065022E-01
+3.344727E+02,-8.003232E-06,+3.596400E-06,-1.011359E+02,+2.719264E+00
+3.347168E+02,-6.595230E-06,+3.654664E-06,-1.024524E+02,+2.635578E+00
+3.349609E+02,+1.416913E-05,-1.049528E-05,-9.507359E+01,-6.375320E-01
+3.352051E+02,-3.883667E-06,+8.100425E-06,-1.009313E+02,+2.017861E+00
+3.354492E+02,-6.501751E-06,-9.838544E-06,-9.856767E+01,-2.154757E+00
+3.356934E+02,+3.899886E-06,+1.258333E-05,-9.760577E+01,+1.270259E+00
+3.359375E+02,+6.547540E-07,-9.297065E-06,-1.006116E+02,-1.500486E+00
+3.361816E+02,+2.721063E-06,-2.865483E-06,-1.080645E+02,-8.112437E-01
+3.364258E+02,-2.879410E-06,+9.864371E-06,-9.976349E+01,+1.854805E+00
+3.366699E+02,-2.366570E-06,-7.686343E-06,-1.018923E+02,-1.869478E+00
+3.369141E+02,-5.468243E-07,+5.304017E-06,-1.054620E+02,+1.673530E+00
+3.371582E+02,+7.264865E-06,+4.520756E-06,-1.013540E+02,+5.566386E-01
+3.374023E+02,-4.113255E-06,-6.694468E-06,-1.020947E+02,-2.121756E+00
+3.376465E+02,+3.463417E-07,+2.853301E-06,-1.108295E+02,+1.450004E+00
+3.378906E+02,-4.459936E-06,-6.902376E-06,-1.017048E+02,-2.144457E+00
+3.381348E+02,+5.361043E-06,+1.031415E-05,-9.869272E+01,+1.091454E+00
+3.383789E+02,-1.922403E-06,-4.500847E-06,-1.062064E+02,-1.974461E+00
+3.386230E+02,+9.169481E-07,+6.224145E-07,-1.191073E+02,+5.963482E-01
+3.388672E+02,+2.290911E-06,-1.891270E-06,-1.105428E+02,-6.901293E-01
+3.391113E+02,-9.221524E-06,+2.657914E-06,-1.003574E+02,+2.860969E+00
+3.393555E+02,+1.405825E-05,-2.067275E-06,-9.694846E+01,-1.460043E-01
+3.395996E+02,-6.029441E-06,-3.210979E-06,-1.033101E+02,-2.652246E+00
+3.398438E+02,-2.324653E-06,+7.739475E-06,-1.018506E+02,+1.862586E+00
+3.400879E+02,-2.772726E-06,-3.922704E-06,-1.063685E+02,-2.186099E+00
+3.403320E+02,+3.753576E-06,-1.018053E-06,-1.082028E+02,-2.648505E-01
+3.405762E+02,+7.342351E-07,+6.560601E-06,-1.036071E+02,+1.459344E+00
+3.408203E+02,-1.774999E-06,-1.857622E-06,-1.118037E+02,-2.333454E+00
+3.410645E+02,+5.972110E-06,-4.871585E-06,-1.022623E+02,-6.842546E-01
+3.413086E+02,-2.681977E-06,+7.878566E-07,-1.110714E+02,+2.855871E+00
+3.415527E+02,-4.066672E-06,-3.319608E-06,-1.055976E+02,-2.456994E+00
+3.417969E+02,+3.395063E-06,+8.901558E-06,-1.004209E+02,+1.206426E+00
+3.420410E+02,+1.062742E-06,-4.358082E-06,-1.069632E+02,-1.331609E+00
+3.422852E+02,+8.729465E-07,+2.327115E-06,-1.120919E+02,+1.211921E+00
+3.425293E+02,-5.840216E-06,-6.793545E-06,-1.009550E+02,-2.280878E+00
+3.427734E+02,+5.228079E-06,+1.005039E-05,-9.891628E+01,+1.091130E+00
+3.430176E+02,-3.693439E-06,-5.236884E-06,-1.038651E+02,-2.185053E+00
+3.432617E+02,+8.508052E-06,-1.783036E-06,-1.012167E+02,-2.065808E-01
+3.435059E+02,-1.275265E-05,+2.023229E-06,-9.778003E+01,+2.984252E+00
+3.437500E+02,+1.114748E-05,-4.533110E-07,-9.904929E+01,-4.064247E-02
+3.439941E+02,-9.900485E-06,+2.832323E-06,-9.974524E+01,+2.862956E+00
+3.442383E+02,+7.277074E-06,-5.800413E-06,-1.006248E+02,-6.729581E-01
+3.444824E+02,+6.288822E-07,+2.261381E-06,-1.125890E+02,+1.299554E+00
+3.447266E+02,-5.012610E-06,+1.467353E-06,-1.056416E+02,+2.856817E+00
+3.449707E+02,+2.624334E-06,+1.213169E-06,-1.107785E+02,+4.330164E-01
+3.452148E+02,+5.083351E-06,-6.511013E-06,-1.016600E+02,-9.079156E-01
+3.454590E+02,-8.263170E-06,+5.892583E-06,-9.987152E+01,+2.522120E+00
+3.457031E+02,+7.887569E-06,-1.063108E-06,-1.019829E+02,-1.339753E-01
+3.459473E+02,-4.861440E-06,+1.463342E-06,-1.058880E+02,+2.849210E+00
+3.461914E+02,+7.113398E-08,-5.143599E-06,-1.057738E+02,-1.556968E+00
+3.464355E+02,+6.663972E-07,+6.576511E-06,-1.035957E+02,+1.469811E+00
+3.466797E+02,+6.775329E-06,-7.535775E-06,-9.988460E+01,-8.384851E-01
+3.469238E+02,-9.960296E-06,+7.021670E-06,-9.828240E+01,+2.527542E+00
+3.471680E+02,+2.004882E-06,-3.042970E-06,-1.087683E+02,-9.882199E-01
+3.474121E+02,+1.130053E-06,-6.265990E-07,-1.177738E+02,-5.062810E-01
+3.476562E+02,+6.786770E-06,+1.384072E-06,-1.031898E+02,+2.011781E-01
+3.479004E+02,-9.964161E-06,+1.274217E-06,-9.996074E+01,+3.014403E+00
+3.481445E+02,+8.329155E-06,-3.777604E-06,-1.007756E+02,-4.257938E-01
+3.483887E+02,-1.291767E-05,-5.587460E-06,-9.703146E+01,-2.733350E+00
+3.486328E+02,+2.381570E-05,+7.350039E-06,-9.206761E+01,+2.993475E-01
+3.488770E+02,-2.548632E-05,-5.738326E-06,-9.165910E+01,-2.920132E+00
+3.491211E+02,+2.634902E-06,+9.256845E-06,-1.003324E+02,+1.293487E+00
+3.493652E+02,+1.845583E-05,+3.225254E-06,-9.454668E+01,+1.730082E-01
+3.496094E+02,-1.202610E-05,-1.586886E-05,-9.401814E+01,-2.219298E+00
+3.498535E+02,+3.574150E-06,+1.840075E-05,-9.454245E+01,+1.378946E+00
+3.500977E+02,-3.809330E-06,-1.087287E-05,-9.877029E+01,-1.907784E+00
+3.503418E+02,+3.245300E-07,-3.426447E-06,-1.092643E+02,-1.476365E+00
+3.505859E+02,+4.460356E-07,+6.614838E-06,-1.035699E+02,+1.503469E+00
+3.508301E+02,+7.265316E-06,-8.080698E-06,-9.927814E+01,-8.384814E-01
+3.510742E+02,-6.091017E-06,+7.445985E-06,-1.003365E+02,+2.256433E+00
+3.513184E+02,-3.185104E-06,-1.185508E-06,-1.093741E+02,-2.785276E+00
+3.515625E+02,-1.723635E-07,-6.790030E-06,-1.033598E+02,-1.596176E+00
+3.518066E+02,+7.183745E-06,+6.986160E-06,-9.998212E+01,+7.714551E-01
+3.520508E+02,-1.189012E-06,-1.879544E-06,-1.130571E+02,-2.134847E+00
+3.522949E+02,-4.046208E-06,+2.143247E-06,-1.067850E+02,+2.654474E+00
+3.525391E+02,+2.074825E-06,+1.019560E-06,-1.127210E+02,+4.567405E-01
+3.527832E+02,-1.084367E-06,-4.189267E-06,-1.072756E+02,-1.824081E+00
+3.530273E+02,+4.395351E-06,-4.186087E-06,-1.043365E+02,-7.610173E-01
+3.532715E+02,-1.035414E-05,+5.523207E-06,-9.861022E+01,+2.651560E+00
+3.535156E+02,+1.253917E-05,+5.249279E-06,-9.733331E+01,+3.964633E-01
+3.537598E+02,-9.761075E-06,-5.672868E-06,-9.894626E+01,-2.615132E+00
+3.540039E+02,-8.434658E-07,-3.834987E-07,-1.206626E+02,-2.714862E+00
+3.542480E+02,+7.494603E-06,-2.776424E-06,-1.019465E+02,-3.547814E-01
+3.544922E+02,-1.155479E-06,-2.686550E-06,-1.106790E+02,-1.976977E+00
+3.547363E+02,+1.364184E-06,+9.005475E-06,-1.008113E+02,+1.420455E+00
+3.549805E+02,-1.128212E-05,+4.301420E-08,-9.895212E+01,+3.137780E+00
+3.552246E+02,+1.154254E-05,-5.321105E-06,-9.791708E+01,-4.319633E-01
+3.554688E+02,-4.910446E-08,+2.662394E-06,-1.114931E+02,+1.589238E+00
+3.557129E+02,-1.750421E-06,-3.418670E-06,-1.083117E+02,-2.044012E+00
+3.559570E+02,-4.049443E-06,-5.874960E-06,-1.029317E+02,-2.174286E+00
+3.562012E+02,-2.079966E-06,+1.045657E-05,-9.944370E+01,+1.767148E+00
+3.564453E+02,+6.903606E-06,-3.827330E-06,-1.020546E+02,-5.062118E-01
+3.566895E+02,-5.950795E-06,+1.895764E-06,-1.040887E+02,+2.833184E+00
+3.569336E+02,+3.287321E-06,-4.410592E-06,-1.051913E+02,-9.302945E-01
+3.571777E+02,+1.216266E-06,+8.150751E-06,-1.016804E+02,+1.422668E+00
+3.574219E+02,-1.389578E-06,-6.938956E-06,-1.030033E+02,-1.768439E+00
+3.576660E+02,-5.701549E-06,-2.713716E-06,-1.039933E+02,-2.697360E+00
+3.579102E+02,+6.684249E-06,+1.610484E-05,-9.517062E+01,+1.177387E+00
+3.581543E+02,-3.933996E-07,-1.682773E-05,-9.547711E+01,-1.594170E+00
+3.583984E+02,-5.233514E-06,+6.458382E-06,-1.016052E+02,+2.251813E+00
+3.586426E+02,+8.349633E-06,-4.185148E-06,-1.005933E+02,-4.646370E-01
+3.588867E+02,-1.107570E-05,+3.850053E-06,-9.861716E+01,+2.807046E+00
+3.591309E+02,+6.110024E-06,-5.062978E-06,-1.020089E+02,-6.919589E-01
+3.593750E+02,+3.393531E-07,+9.046250E-06,-1.008645E+02,+1.533301E+00
+3.596191E+02,+6.901097E-07,-6.027195E-06,-1.043411E+02,-1.456794E+00
+3.598633E+02,-6.148354E-06,+1.937025E-06,-1.038138E+02,+2.836389E+00
+3.601074E+02,+1.110786E-05,-5.027110E-06,-9.827816E+01,-4.249910E-01
+3.603516E+02,-1.187223E-05,+4.891247E-06,-9.782848E+01,+2.750793E+00
+3.605957E+02,+4.194557E-06,-6.067368E-07,-1.074564E+02,-1.436522E-01
+3.608398E+02,-6.976798E-06,+4.064646E-06,-1.018577E+02,+2.614069E+00
+3.610840E+02,+2.068206E-05,-3.201624E-06,-9.358528E+01,-1.535830E-01
+3.613281E+02,-2.116496E-05,-2.886881E-06,-9.340759E+01,-3.006030E+00
+3.615723E+02,+8.107245E-06,+2.468094E-06,-1.014376E+02,+2.955166E-01
+3.618164E+02,-3.945207E-08,-3.748066E-06,-1.085234E+02,-1.581322E+00
+3.620605E+02,+2.228852E-06,+9.013134E-06,-1.006447E+02,+1.328371E+00
+3.623047E+02,-3.410661E-06,-1.045057E-05,-9.917764E+01,-1.886259E+00
+3.625488E+02,-3.398091E-06,+1.128734E-05,-9.857139E+01,+1.863219E+00
+3.627930E+02,+4.367932E-06,-8.131264E-06,-1.006958E+02,-1.077851E+00
+3.630371E+02,+2.231619E-06,+2.336627E-06,-1.098130E+02,+8.083807E-01
+3.632812E+02,-5.473176E-06,+4.016036E-07,-1.052119E+02,+3.068347E+00
+3.635254E+02,+3.517273E-06,+1.314990E-06,-1.085077E+02,+3.577765E-01
+3.637695E+02,+4.111268E-06,-2.616062E-07,-1.077029E+02,-6.354585E-02
+3.640137E+02,-7.201156E-06,-2.720764E-06,-1.022724E+02,-2.780349E+00
+3.642578E+02,+4.753019E-07,+2.609834E-07,-1.253162E+02,+5.021441E-01
+3.645020E+02,-6.094430E-09,+1.602858E-06,-1.159020E+02,+1.574599E+00
+3.647461E+02,+4.604770E-06,+1.491314E-06,-1.063027E+02,+3.132031E-01
+3.649902E+02,-5.014626E-06,-9.020256E-08,-1.059938E+02,-3.123607E+00
+3.652344E+02,-1.822299E-06,-3.234321E-07,-1.146529E+02,-2.965936E+00
+3.654785E+02,+8.200825E-06,-2.114113E-06,-1.014434E+02,-2.522995E-01
+3.657227E+02,-4.676188E-06,+2.942935E-06,-1.051531E+02,+2.579875E+00
+3.659668E+02,+8.178333E-07,-5.770495E-06,-1.046894E+02,-1.430007E+00
+3.662109E+02,+5.480666E-07,+7.713137E-06,-1.022335E+02,+1.499859E+00
+3.664551E+02,-3.463957E-06,-4.407233E-06,-1.050276E+02,-2.236924E+00
+3.666992E+02,-1.604279E-06,+2.461346E-06,-1.106389E+02,+2.148428E+00
+3.669434E+02,+3.133654E-06,+1.994689E-06,-1.086017E+02,+5.668532E-01
+3.671875E+02,+5.221778E-06,-5.090252E-06,-1.027427E+02,-7.726442E-01
+3.674316E+02,-5.051033E-06,-2.153301E-06,-1.052072E+02,-2.738614E+00
+3.676758E+02,+2.727503E-06,+8.322795E-06,-1.011516E+02,+1.254111E+00
+3.679199E+02,-8.877803E-06,-2.786725E-06,-1.006258E+02,-2.837435E+00
+3.681641E+02,+1.479414E-05,-1.029339E-06,-9.657723E+01,-6.946555E-02
+3.684082E+02,-1.006587E-05,+1.285985E-07,-9.994226E+01,+3.128818E+00
+3.686523E+02,-1.454121E-06,+3.748446E-07,-1.164686E+02,+2.889304E+00
+3.688965E+02,+9.618740E-06,+2.517130E-07,-1.003347E+02,+2.616305E-02
+3.691406E+02,-9.273920E-06,-1.761120E-06,-1.005009E+02,-2.953927E+00
+3.693848E+02,+4.461953E-06,+5.091103E-06,-1.033887E+02,+8.511617E-01
+3.696289E+02,-3.301641E-06,-9.331122E-06,-1.000890E+02,-1.910880E+00
+3.698730E+02,+3.843253E-06,+7.906828E-06,-1.011189E+02,+1.118357E+00
+3.701172E+02,+1.560102E-06,+2.741483E-06,-1.100219E+02,+1.053428E+00
+3.703613E+02,-4.955655E-06,-7.247500E-06,-1.011303E+02,-2.170549E+00
+3.706055E+02,+6.152968E-07,+2.801918E-06,-1.108463E+02,+1.354629E+00
+3.708496E+02,+1.552784E-06,-9.134520E-07,-1.148871E+02,-5.317478E-01
+3.710938E+02,+1.224197E-06,+1.002142E-06,-1.160155E+02,+6.859866E-01
+3.713379E+02,-2.656759E-06,+7.826003E-06,-1.016555E+02,+1.898067E+00
+3.715820E+02,+2.791576E-06,-9.785834E-06,-9.984827E+01,-1.292910E+00
+3.718262E+02,-5.163687E-06,-2.662884E-06,-1.047167E+02,-2.665468E+00
+3.720703E+02,+4.986336E-06,+3.058333E-06,-1.046576E+02,+5.501726E-01
+3.723145E+02,+1.692803E-06,+4.078441E-06,-1.070998E+02,+1.177374E+00
+3.725586E+02,-3.471483E-06,-3.439118E-06,-1.062199E+02,-2.360878E+00
+3.728027E+02,+3.508054E-07,+4.749728E-06,-1.064430E+02,+1.497072E+00
+3.730469E+02,+3.674025E-06,-8.478777E-07,-1.084718E+02,-2.268055E-01
+3.732910E+02,-4.035516E-06,-5.038034E-06,-1.038021E+02,-2.246153E+00
+3.735352E+02,+4.122057E-06,+4.411516E-06,-1.043827E+02,+8.193051E-01
+3.737793E+02,-4.972311E-06,+1.986140E-07,-1.060619E+02,+3.101670E+00
+3.740234E+02,+4.142635E-06,-1.402052E-06,-1.071835E+02,-3.263436E-01
+3.742676E+02,-4.040880E-06,-4.984380E-06,-1.038539E+02,-2.252033E+00
+3.745117E+02,+6.986279E-06,+6.272575E-06,-1.005476E+02,+7.316216E-01
+3.747559E+02,-2.306437E-06,-4.814971E-06,-1.054510E+02,-2.017514E+00
+3.750000E+02,-5.025538E-06,+7.561418E-06,-1.008391E+02,+2.157387E+00
+3.752441E+02,+2.154991E-06,-8.919439E-06,-1.007469E+02,-1.333733E+00
+3.754883E+02,+3.719252E-06,+5.904134E-06,-1.031255E+02,+1.008652E+00
+3.757324E+02,-8.572652E-06,+4.744143E-07,-1.013244E+02,+3.086309E+00
+3.759766E+02,+3.798485E-06,-4.297198E-07,-1.083526E+02,-1.126503E-01
+3.762207E+02,+1.048307E-05,-5.924358E-06,-9.838654E+01,-5.143895E-01
+3.764648E+02,-7.434662E-06,+4.435937E-06,-1.012522E+02,+2.603636E+00
+3.767090E+02,-7.578167E-07,+2.436062E-06,-1.118651E+02,+1.872389E+00
+3.769531E+02,+1.261504E-06,-2.745933E-06,-1.103946E+02,-1.140146E+00
+3.771973E+02,-4.414115E-10,+9.972852E-08,-1.400235E+02,+1.575222E+00
+3.774414E+02,-3.656714E-07,-1.336342E-06,-1.171681E+02,-1.837894E+00
+3.776855E+02,-5.248111E-07,+2.271815E-06,-1.126468E+02,+1.797823E+00
+3.779297E+02,+5.032501E-07,-1.523577E-06,-1.158930E+02,-1.251771E+00
+3.781738E+02,+2.216464E-06,-5.001857E-06,-1.052387E+02,-1.153672E+00
+3.784180E+02,-2.143635E-06,+8.963680E-06,-1.007087E+02,+1.805534E+00
+3.786621E+02,+1.919321E-06,-3.917582E-06,-1.072053E+02,-1.115241E+00
+3.789062E+02,-9.164432E-06,+1.769266E-06,-1.005990E+02,+2.950881E+00
+3.791504E+02,+1.682483E-05,-3.159446E-06,-9.533049E+01,-1.856230E-01
+3.793945E+02,-1.398804E-05,+3.757743E-07,-9.708173E+01,+3.114735E+00
+3.796387E+02,+4.167270E-06,+1.129203E-06,-1.072953E+02,+2.646152E-01
+3.798828E+02,+8.487966E-06,-2.789658E-06,-1.009785E+02,-3.175390E-01
+3.801270E+02,-9.872459E-06,+2.034195E-07,-1.001096E+02,+3.120991E+00
+3.803711E+02,+4.632947E-06,+7.248984E-06,-1.013070E+02,+1.002110E+00
+3.806152E+02,-5.621088E-06,-5.283489E-06,-1.022540E+02,-2.387144E+00
+3.808594E+02,+5.209229E-06,-2.138493E-06,-1.049881E+02,-3.895423E-01
+3.811035E+02,-5.604546E-07,-1.093582E-06,-1.182101E+02,-2.044389E+00
+3.813477E+02,-2.421729E-07,+1.593323E-06,-1.158547E+02,+1.721634E+00
+3.815918E+02,-1.690959E-06,+1.774368E-06,-1.122129E+02,+2.332129E+00
+3.818359E+02,-3.863770E-06,+4.834211E-06,-1.041682E+02,+2.245083E+00
+3.820801E+02,+4.801195E-06,-9.862448E-06,-9.919664E+01,-1.117752E+00
+3.823242E+02,+5.127702E-06,-2.542881E-07,-1.057909E+02,-4.955045E-02
+3.825684E+02,-6.574857E-06,+1.284842E-05,-9.681289E+01,+2.043780E+00
+3.828125E+02,+1.478377E-06,-2.139528E-05,-9.337296E+01,-1.501808E+00
+3.830566E+02,-2.392530E-06,+1.621351E-05,-9.570891E+01,+1.717303E+00
+3.833008E+02,+8.188026E-06,-1.353814E-06,-1.016193E+02,-1.638583E-01
+3.835449E+02,-8.821855E-06,-4.420512E-06,-1.001159E+02,-2.677076E+00
+3.837891E+02,+2.421195E-06,+1.401151E-06,-1.110649E+02,+5.246123E-01
+3.840332E+02,-2.368044E-06,-6.034249E-07,-1.122390E+02,-2.892083E+00
+3.842773E+02,+7.955970E-06,-2.278953E-06,-1.016437E+02,-2.789757E-01
+3.845215E+02,-8.883560E-06,+3.059949E-06,-1.005413E+02,+2.809870E+00
+3.847656E+02,+4.260970E-06,+2.085841E-06,-1.064769E+02,+4.552306E-01
+3.850098E+02,-1.780867E-06,-5.450917E-06,-1.048302E+02,-1.886574E+00
+3.852539E+02,+3.898195E-06,+5.080170E-06,-1.038717E+02,+9.162925E-01
+3.854980E+02,-3.190995E-06,-7.286342E-06,-1.019878E+02,-1.983578E+00
+3.857422E+02,-2.862392E-06,+5.450839E-06,-1.042130E+02,+2.054344E+00
+3.859863E+02,+2.518334E-06,-7.868291E-07,-1.115732E+02,-3.028305E-01
+3.862305E+02,-2.626308E-06,-2.011660E-06,-1.096081E+02,-2.487952E+00
+3.864746E+02,+3.045374E-06,-2.265646E-06,-1.084141E+02,-6.396262E-01
+3.867188E+02,+3.797675E-06,+6.024026E-06,-1.029490E+02,+1.008308E+00
+3.869629E+02,-7.688391E-06,-3.161235E-06,-1.016049E+02,-2.751494E+00
+3.872070E+02,+3.784913E-07,-1.313117E-06,-1.172873E+02,-1.290164E+00
+3.874512E+02,+1.615429E-06,+4.222886E-06,-1.068947E+02,+1.205430E+00
+3.876953E+02,+3.662459E-06,+3.355696E-07,-1.086882E+02,+9.136901E-02
+3.879395E+02,-2.108840E-06,-3.288447E-06,-1.081641E+02,-2.141022E+00
+3.881836E+02,+2.227704E-07,-1.328851E-06,-1.174101E+02,-1.404699E+00
+3.884277E+02,-5.411485E-06,+5.302668E-06,-1.024107E+02,+2.366351E+00
+3.886719E+02,+7.116706E-06,-6.672949E-06,-1.002147E+02,-7.532288E-01
+3.889160E+02,-7.755106E-06,+3.286778E-06,-1.014908E+02,+2.740721E+00
+3.891602E+02,+7.778805E-06,+4.379047E-06,-1.009862E+02,+5.127282E-01
+3.894043E+02,-7.961730E-06,-4.058719E-06,-1.009766E+02,-2.670153E+00
+3.896484E+02,+1.073686E-05,+2.352230E-06,-9.917886E+01,+2.156724E-01
+3.898926E+02,-1.046028E-05,-1.675035E-05,-9.408945E+01,-2.129023E+00
+3.901367E+02,-1.014252E-06,+2.200051E-05,-9.314212E+01,+1.616865E+00
+3.903809E+02,+4.049019E-06,-2.154721E-06,-1.067701E+02,-4.890423E-01
+3.906250E+02,+6.268638E-07,-7.582700E-06,-1.023739E+02,-1.488314E+00
+3.908691E+02,+3.187864E-06,+1.838286E-06,-1.086832E+02,+5.230743E-01
+3.911133E+02,-3.660052E-07,+1.660391E-07,-1.279175E+02,+2.715706E+00
+3.913574E+02,-5.436698E-06,+2.624666E-06,-1.043834E+02,+2.691825E+00
+3.916016E+02,+5.746948E-06,-8.602384E-06,-9.970501E+01,-9.818266E-01
+3.918457E+02,-3.011419E-06,+5.836215E-06,-1.036522E+02,+2.047153E+00
+3.920898E+02,-3.596576E-06,+7.384303E-06,-1.017093E+02,+2.024036E+00
+3.923340E+02,-4.366744E-06,-1.335427E-05,-9.704642E+01,-1.886829E+00
+3.925781E+02,+9.469223E-06,+5.170395E-06,-9.934051E+01,+4.997832E-01
+3.928223E+02,+8.467440E-07,+4.803300E-06,-1.062363E+02,+1.396305E+00
+3.930664E+02,-9.924866E-06,-8.690255E-06,-9.759392E+01,-2.422421E+00
+3.933105E+02,+9.566765E-06,+9.554978E-06,-9.737975E+01,+7.847818E-01
+3.935547E+02,-2.734277E-06,-8.581668E-06,-1.009087E+02,-1.879245E+00
+3.937988E+02,-9.081907E-07,+1.520404E-05,-9.634535E+01,+1.630459E+00
+3.940430E+02,+2.582398E-06,-1.904110E-05,-9.432700E+01,-1.435996E+00
+3.942871E+02,-9.936916E-06,+9.494974E-06,-9.723775E+01,+2.378934E+00
+3.945312E+02,+1.358245E-05,+2.993646E-06,-9.713443E+01,+2.169371E-01
+3.947754E+02,-6.751546E-06,-5.564514E-06,-1.011607E+02,-2.452279E+00
+3.950195E+02,-7.450622E-06,+2.112192E-07,-1.025527E+02,+3.113251E+00
+3.952637E+02,+7.796838E-06,+2.284538E-06,-1.018039E+02,+2.850301E-01
+3.955078E+02,+1.048541E-06,+6.127741E-06,-1.041287E+02,+1.401324E+00
+3.957520E+02,-5.802977E-06,-1.151582E-05,-9.779137E+01,-2.037570E+00
+3.959961E+02,+8.997483E-06,+4.048033E-06,-1.001170E+02,+4.227768E-01
+3.962402E+02,-1.067444E-05,+8.337619E-06,-9.736459E+01,+2.478494E+00
+3.964844E+02,+9.195193E-06,-9.265524E-06,-9.768527E+01,-7.892079E-01
+3.967285E+02,+1.427064E-06,+3.792306E-06,-1.078468E+02,+1.210882E+00
+3.969727E+02,-1.060486E-05,-6.093949E-07,-9.947559E+01,-3.084192E+00
+3.972168E+02,+8.696449E-06,+3.714692E-06,-1.004853E+02,+4.036907E-01
+3.974609E+02,+4.401473E-06,-3.276295E-06,-1.052133E+02,-6.398838E-01
+3.977051E+02,-1.136628E-05,-3.761341E-06,-9.843633E+01,-2.822015E+00
+3.979492E+02,+6.006242E-06,+4.599076E-06,-1.024240E+02,+6.534839E-01
+3.981934E+02,-3.292232E-06,+2.490669E-07,-1.096254E+02,+3.066084E+00
+3.984375E+02,+2.527508E-06,+2.845866E-07,-1.118914E+02,+1.121235E-01
+3.986816E+02,-1.503455E-06,-1.688691E-07,-1.164037E+02,-3.029741E+00
+3.989258E+02,+3.477168E-06,+4.130165E-06,-1.053538E+02,+8.710262E-01
+3.991699E+02,-1.766148E-06,-7.585392E-06,-1.021712E+02,-1.799556E+00
+3.994141E+02,-4.610817E-06,+1.437111E-06,-1.063218E+02,+2.839453E+00
+3.996582E+02,+5.682328E-06,+1.370522E-06,-1.046639E+02,+2.366701E-01
+3.999023E+02,-9.410984E-07,-1.748265E-06,-1.140427E+02,-2.064616E+00
+4.001465E+02,-3.179850E-06,+4.979162E-06,-1.045713E+02,+2.139138E+00
+4.003906E+02,+5.127352E-06,-6.518215E-06,-1.016256E+02,-9.042679E-01
+4.006348E+02,-3.923340E-07,+5.084378E-06,-1.058495E+02,+1.647808E+00
+4.008789E+02,-1.162927E-06,-2.582811E-06,-1.109565E+02,-1.993863E+00
+4.011230E+02,-5.096947E-06,+6.983058E-06,-1.012644E+02,+2.201310E+00
+4.013672E+02,+2.281010E-06,-8.789052E-06,-1.008381E+02,-1.316870E+00
+4.016113E+02,+7.431317E-06,+7.741810E-06,-9.938698E+01,+8.058587E-01
+4.018555E+02,-6.743011E-06,-6.240497E-06,-1.007360E+02,-2.394879E+00
+4.020996E+02,+3.811079E-06,+9.861565E-06,-9.951656E+01,+1.202018E+00
+4.023438E+02,-4.123001E-06,-1.531876E-05,-9.599181E+01,-1.833713E+00
+4.025879E+02,+3.904849E-06,+1.035925E-05,-9.911644E+01,+1.210323E+00
+4.028320E+02,-2.821743E-06,+1.073896E-06,-1.104022E+02,+2.777940E+00
+4.030762E+02,+3.440781E-06,-8.629987E-06,-1.006391E+02,-1.191411E+00
+4.033203E+02,-4.021425E-07,+1.020656E-05,-9.981567E+01,+1.610176E+00
+4.035645E+02,+2.553703E-06,-4.000796E-06,-1.064728E+02,-1.002691E+00
+4.038086E+02,-7.151676E-06,-4.211515E-06,-1.016189E+02,-2.609386E+00
+4.040527E+02,+7.758143E-07,+4.780604E-06,-1.062974E+02,+1.409915E+00
+4.042969E+02,+9.397681E-06,-5.354225E-06,-9.931873E+01,-5.178716E-01
+4.045410E+02,-6.603404E-06,+6.892949E-06,-1.004040E+02,+2.334744E+00
+4.047852E+02,-1.304481E-06,-1.945234E-06,-1.126078E+02,-2.161520E+00
+4.050293E+02,+1.637272E-06,-3.436598E-06,-1.083891E+02,-1.126188E+00
+4.052734E+02,+4.813081E-06,+5.188522E-06,-1.030028E+02,+8.229187E-01
+4.055176E+02,-8.462400E-06,-5.881679E-07,-1.014292E+02,-3.072201E+00
+4.057617E+02,+6.822868E-06,-5.526801E-06,-1.011296E+02,-6.808335E-01
+4.060059E+02,-2.053144E-06,+5.715071E-06,-1.043324E+02,+1.915689E+00
+4.062500E+02,+2.905082E-06,-2.282152E-06,-1.086494E+02,-6.658816E-01
+4.064941E+02,-8.560256E-06,+1.423370E-06,-1.012318E+02,+2.976824E+00
+4.067383E+02,+9.445113E-06,-8.946388E-06,-9.771477E+01,-7.582877E-01
+4.069824E+02,-2.415024E-06,+1.392816E-05,-9.699348E+01,+1.742481E+00
+4.072266E+02,+8.968372E-07,-7.490039E-06,-1.024485E+02,-1.451626E+00
+4.074707E+02,-7.708847E-07,+1.144242E-06,-1.172044E+02,+2.163658E+00
+4.077148E+02,+8.449338E-07,-8.720344E-07,-1.183140E+02,-8.011808E-01
+4.079590E+02,-3.054886E-06,-7.996086E-06,-1.013508E+02,-1.935731E+00
+4.082031E+02,+5.127639E-06,+1.131936E-05,-9.811295E+01,+1.145453E+00
+4.084473E+02,-5.987025E-07,+1.275868E-07,-1.242629E+02,+2.931628E+00
+4.086914E+02,-4.545998E-06,-7.449468E-06,-1.011827E+02,-2.118715E+00
+4.089355E+02,+2.502753E-06,+1.022084E-06,-1.113618E+02,+3.877130E-01
+4.091797E+02,-1.579333E-06,+4.523895E-06,-1.063903E+02,+1.906677E+00
+4.094238E+02,+2.443122E-06,-2.820036E-07,-1.121836E+02,-1.149190E-01
+4.096680E+02,+1.280783E-06,+2.179975E-06,-1.119432E+02,+1.039602E+00
+4.099121E+02,-3.169747E-06,-9.360466E-06,-1.001026E+02,-1.897308E+00
+4.101562E+02,+6.392573E-06,+5.739462E-07,-1.038516E+02,+8.954319E-02
+4.104004E+02,-7.644599E-06,+6.870354E-06,-9.976165E+01,+2.409485E+00
+4.106445E+02,+3.896519E-06,-2.089987E-06,-1.070883E+02,-4.923207E-01
+4.108887E+02,-4.464099E-06,-5.341994E-06,-1.031457E+02,-2.266907E+00
+4.111328E+02,+3.745879E-06,+2.849831E-06,-1.065456E+02,+6.503717E-01
+4.113770E+02,+1.783888E-06,+2.133986E-06,-1.111147E+02,+8.745205E-01
+4.116211E+02,-5.147280E-06,+1.373190E-06,-1.054699E+02,+2.880885E+00
+4.118652E+02,+6.515660E-06,-4.941477E-06,-1.017476E+02,-6.488556E-01
+4.121094E+02,-8.465274E-06,-2.471926E-06,-1.010918E+02,-2.857484E+00
+4.123535E+02,+1.142245E-05,+8.066536E-06,-9.708762E+01,+6.148750E-01
+4.125977E+02,-1.401627E-05,-5.466619E-06,-9.645239E+01,-2.769720E+00
+4.128418E+02,+1.263094E-05,-3.827813E-06,-9.758969E+01,-2.942530E-01
+4.130859E+02,-1.067282E-05,+1.236243E-05,-9.573914E+01,+2.282977E+00
+4.133301E+02,+9.631532E-06,-1.572797E-05,-9.468349E+01,-1.021322E+00
+4.135742E+02,-3.930081E-06,+1.110981E-05,-9.857381E+01,+1.910807E+00
+4.138184E+02,-5.274636E-07,-6.040734E-06,-1.043452E+02,-1.657893E+00
+4.140625E+02,+8.448178E-08,+2.644388E-06,-1.115491E+02,+1.538860E+00
+4.143066E+02,+4.140383E-07,+2.382515E-06,-1.123301E+02,+1.398733E+00
+4.145508E+02,-9.217869E-07,-3.655621E-06,-1.084731E+02,-1.817803E+00
+4.147949E+02,-9.808462E-07,-5.024743E-07,-1.191559E+02,-2.668164E+00
+4.150391E+02,+7.804765E-07,-1.052537E-06,-1.176524E+02,-9.327449E-01
+4.152832E+02,+1.463385E-06,-1.850916E-07,-1.166239E+02,-1.258138E-01
+4.155273E+02,-1.072388E-06,+5.158174E-06,-1.055663E+02,+1.775777E+00
+4.157715E+02,-5.856535E-06,-3.005754E-06,-1.036318E+02,-2.667417E+00
+4.160156E+02,+1.056404E-05,+2.465208E-06,-9.929312E+01,+2.292558E-01
+4.162598E+02,-8.648516E-06,-8.781080E-06,-9.818430E+01,-2.348589E+00
+4.165039E+02,+7.008730E-06,+5.521779E-06,-1.009902E+02,+6.672840E-01
+4.167480E+02,-7.209931E-06,+2.843490E-06,-1.022135E+02,+2.765936E+00
+4.169922E+02,+5.995692E-06,-4.120070E-06,-1.027635E+02,-6.020644E-01
+4.172363E+02,-3.109228E-06,+2.184792E-06,-1.084041E+02,+2.529070E+00
+4.174805E+02,-5.486145E-06,-2.645111E-06,-1.043069E+02,-2.692332E+00
+4.177246E+02,+8.197817E-06,+3.889299E-06,-1.008444E+02,+4.429841E-01
+4.179688E+02,-4.514767E-06,-9.791839E-06,-9.934558E+01,-2.002821E+00
+4.182129E+02,-9.202786E-07,+6.694720E-06,-1.034041E+02,+1.707404E+00
+4.184570E+02,+3.158103E-06,+2.188481E-06,-1.083082E+02,+6.059943E-01
+4.187012E+02,-6.128127E-06,-3.403884E-06,-1.030856E+02,-2.634573E+00
+4.189453E+02,+2.220184E-06,+2.038980E-06,-1.104160E+02,+7.428792E-01
+4.191895E+02,+3.883893E-06,-6.435625E-08,-1.082135E+02,-1.656852E-02
+4.194336E+02,+3.447469E-06,-7.619756E-07,-1.090429E+02,-2.175274E-01
+4.196777E+02,-9.674818E-06,+3.320764E-06,-9.980346E+01,+2.810955E+00
+4.199219E+02,+3.286952E-06,-2.034050E-06,-1.082561E+02,-5.541469E-01
+4.201660E+02,-5.030245E-06,-6.413466E-06,-1.017760E+02,-2.235906E+00
+4.204102E+02,+8.844050E-06,+9.146889E-06,-9.790799E+01,+8.022295E-01
+4.206543E+02,-7.888227E-06,-3.261052E-06,-1.013752E+02,-2.749582E+00
+4.208984E+02,+6.431861E-06,-2.068045E-06,-1.034060E+02,-3.110914E-01
+4.211426E+02,-8.866989E-06,+1.706365E-06,-1.008865E+02,+2.951477E+00
+4.213867E+02,+5.423660E-06,+4.441256E-06,-1.030856E+02,+6.861398E-01
+4.216309E+02,-2.189959E-06,-5.698836E-06,-1.042861E+02,-1.937679E+00
+4.218750E+02,+6.414020E-06,+9.135267E-06,-9.904507E+01,+9.586514E-01
+4.221191E+02,-8.590148E-06,-1.311822E-05,-9.609280E+01,-2.150557E+00
+4.223633E+02,+6.968678E-06,+4.206755E-06,-1.017875E+02,+5.431108E-01
+4.226074E+02,-4.719857E-06,+4.440153E-06,-1.037683E+02,+2.386720E+00
+4.228516E+02,-5.677180E-07,-6.926909E-06,-1.031601E+02,-1.652572E+00
+4.230957E+02,+4.390387E-06,+8.061642E-06,-1.007435E+02,+1.072107E+00
+4.233398E+02,-1.367561E-06,+1.221182E-06,-1.147347E+02,+2.412678E+00
+4.235840E+02,-8.433760E-06,-4.337721E-06,-1.004603E+02,-2.666548E+00
+4.238281E+02,+7.265746E-06,-5.736968E-07,-1.027474E+02,-7.879563E-02
+4.240723E+02,+2.114491E-06,+4.318823E-08,-1.134941E+02,+2.042205E-02
+4.243164E+02,-3.237048E-06,+3.998433E-06,-1.057731E+02,+2.251351E+00
+4.245605E+02,+2.969586E-06,-3.512482E-06,-1.067457E+02,-8.689567E-01
+4.248047E+02,-2.145103E-06,-4.866951E-06,-1.054839E+02,-1.985930E+00
+4.250488E+02,-3.982201E-06,+1.346187E-05,-9.705357E+01,+1.858408E+00
+4.252930E+02,+7.135863E-06,-9.606010E-06,-9.844070E+01,-9.318844E-01
+4.255371E+02,-1.155967E-05,-7.787169E-07,-9.872143E+01,-3.074329E+00
+4.257812E+02,+1.396139E-05,+8.455437E-06,-9.574442E+01,+5.445491E-01
+4.260254E+02,-9.474204E-06,-2.267038E-06,-1.002273E+02,-2.906723E+00
+4.262695E+02,+5.032862E-06,-6.790820E-06,-1.014603E+02,-9.329980E-01
+4.265137E+02,-9.308906E-07,+6.053512E-08,-1.206037E+02,+3.076655E+00
+4.267578E+02,-9.059268E-06,+5.384805E-06,-9.954417E+01,+2.605303E+00
+4.270020E+02,+1.077281E-05,+3.568844E-06,-9.890118E+01,+3.199038E-01
+4.272461E+02,-5.877299E-06,-5.129760E-06,-1.021569E+02,-2.424005E+00
+4.274902E+02,+3.986424E-06,+2.444324E-06,-1.066022E+02,+5.500414E-01
+4.277344E+02,-4.498788E-06,-1.362375E-06,-1.065570E+02,-2.847540E+00
+4.279785E+02,+5.135199E-06,+4.421102E-06,-1.033803E+02,+7.108116E-01
+4.282227E+02,-6.751307E-06,-3.789987E-06,-1.022225E+02,-2.630061E+00
+4.284668E+02,+8.700275E-06,-7.689021E-07,-1.011756E+02,-8.814773E-02
+4.287109E+02,-2.555957E-06,+8.175301E-06,-1.013449E+02,+1.873812E+00
+4.289551E+02,-3.154498E-07,-8.842848E-06,-1.010626E+02,-1.606454E+00
+4.291992E+02,-5.280207E-06,+2.228896E-06,-1.048348E+02,+2.742162E+00
+4.294434E+02,+4.025922E-06,-1.310601E-06,-1.074652E+02,-3.147208E-01
+4.296875E+02,+4.127094E-06,+7.849468E-06,-1.010432E+02,+1.086738E+00
+4.299316E+02,-7.162009E-06,-7.508413E-06,-9.967903E+01,-2.332587E+00
+4.301758E+02,-1.587715E-06,+6.521675E-06,-1.034628E+02,+1.809603E+00
+4.304199E+02,+6.539246E-06,-8.404407E-06,-9.945403E+01,-9.095690E-01
+4.306641E+02,-1.620485E-06,+1.117556E-05,-9.894425E+01,+1.714795E+00
+4.309082E+02,+8.147854E-07,-6.720413E-06,-1.033887E+02,-1.450145E+00
+4.311523E+02,+5.814707E-07,+7.663333E-08,-1.246347E+02,+1.310371E-01
+4.313965E+02,-3.940518E-07,+5.681572E-06,-1.048898E+02,+1.640041E+00
+4.316406E+02,-5.693642E-07,-1.243978E-06,-1.172777E+02,-2.000032E+00
+4.318848E+02,-2.364328E-06,-3.604728E-06,-1.073086E+02,-2.151305E+00
+4.321289E+02,+1.353571E-05,+5.798366E-06,-9.663868E+01,+4.047261E-01
+4.323730E+02,-9.794390E-06,-4.002023E-06,-9.950990E+01,-2.753691E+00
+4.326172E+02,-1.934008E-06,-2.979535E-06,-1.089901E+02,-2.146537E+00
+4.328613E+02,-1.850294E-06,+4.478787E-06,-1.062924E+02,+1.962565E+00
+4.331055E+02,+4.517026E-06,+4.790548E-06,-1.036298E+02,+8.147767E-01
+4.333496E+02,+5.286359E-06,-3.766545E-06,-1.037538E+02,-6.190678E-01
+4.335938E+02,-3.575341E-06,-3.454018E-06,-1.060707E+02,-2.373452E+00
+4.338379E+02,+4.227855E-06,+4.160085E-06,-1.045369E+02,+7.773189E-01
+4.340820E+02,-9.186183E-06,-8.514908E-07,-1.007001E+02,-3.049164E+00
+4.343262E+02,+3.177948E-07,+1.198961E-07,-1.293791E+02,+3.607641E-01
+4.345703E+02,+8.492407E-06,-3.514893E-07,-1.014120E+02,-4.136505E-02
+4.348145E+02,-1.240551E-06,-1.851973E-06,-1.130375E+02,-2.161002E+00
+4.350586E+02,+2.215919E-06,+9.304720E-07,-1.123837E+02,+3.975458E-01
+4.353027E+02,-1.820253E-06,-7.655757E-07,-1.140900E+02,-2.743465E+00
+4.355469E+02,+5.148104E-06,+7.493044E-06,-1.008276E+02,+9.688138E-01
+4.357910E+02,-9.553306E-06,-6.155345E-06,-9.888892E+01,-2.569224E+00
+4.360352E+02,+9.454357E-06,-2.574933E-06,-1.001766E+02,-2.659047E-01
+4.362793E+02,-2.028092E-06,-1.919140E-06,-1.110811E+02,-2.383790E+00
+4.365234E+02,-2.221842E-06,+6.376530E-06,-1.034107E+02,+1.906081E+00
+4.367676E+02,-1.280656E-06,+2.563893E-06,-1.108547E+02,+2.034041E+00
+4.370117E+02,+8.825323E-06,-4.462027E-06,-1.000968E+02,-4.681125E-01
+4.372559E+02,-5.189416E-06,-5.546585E-06,-1.023886E+02,-2.322938E+00
+4.375000E+02,+4.036421E-06,+6.923598E-06,-1.019227E+02,+1.042975E+00
+4.377441E+02,-4.308055E-06,-8.244681E-07,-1.071582E+02,-2.952501E+00
+4.379883E+02,-4.782738E-07,-4.640146E-07,-1.235256E+02,-2.371326E+00
+4.382324E+02,+7.177513E-06,-2.566485E-06,-1.023580E+02,-3.434053E-01
+4.384766E+02,-3.698444E-06,+3.017389E-06,-1.064239E+02,+2.457259E+00
+4.387207E+02,+9.741613E-07,-1.094616E-05,-9.918051E+01,-1.482034E+00
+4.389648E+02,+3.478408E-06,+5.866571E-06,-1.033240E+02,+1.035599E+00
+4.392090E+02,+6.404244E-08,+4.557084E-06,-1.068254E+02,+1.556744E+00
+4.394531E+02,-6.240689E-06,-1.142897E-05,-9.770657E+01,-2.070595E+00
+4.396973E+02,+4.600611E-06,+1.218416E-05,-9.770525E+01,+1.209757E+00
+4.399414E+02,+7.581014E-06,-7.606247E-06,-9.938071E+01,-7.870597E-01
+4.401855E+02,-1.519859E-05,+1.936369E-06,-9.629401E+01,+3.014871E+00
+4.404297E+02,+1.305877E-05,-4.679613E-06,-9.715727E+01,-3.440944E-01
+4.406738E+02,-9.536253E-06,+2.482935E-06,-1.001276E+02,+2.886880E+00
+4.409180E+02,+6.746007E-06,-4.535695E-06,-1.017992E+02,-5.919286E-01
+4.411621E+02,+7.541684E-07,+9.588626E-07,-1.182734E+02,+9.043267E-01
+4.414062E+02,+3.207177E-06,-4.576974E-07,-1.097900E+02,-1.417532E-01
+4.416504E+02,-1.239912E-05,+3.220344E-07,-9.812926E+01,+3.115626E+00
+4.418945E+02,+9.531399E-06,-1.622943E-06,-1.002927E+02,-1.686558E-01
+4.421387E+02,-1.722937E-06,-4.848468E-06,-1.057715E+02,-1.912236E+00
+4.423828E+02,-2.386688E-06,+7.601715E-06,-1.019735E+02,+1.875017E+00
+4.426270E+02,+3.297423E-06,-9.859588E-06,-9.966237E+01,-1.248052E+00
+4.428711E+02,-2.884423E-06,+5.735421E-06,-1.038494E+02,+2.036772E+00
+4.431152E+02,+9.017735E-07,-5.378331E-06,-1.052666E+02,-1.404674E+00
+4.433594E+02,-1.909744E-06,+8.799271E-07,-1.135444E+02,+2.709830E+00
+4.436035E+02,+3.519177E-06,+6.529118E-06,-1.025953E+02,+1.076440E+00
+4.438477E+02,-1.433483E-05,-1.221570E-05,-9.450126E+01,-2.435841E+00
+4.440918E+02,+1.681539E-05,-1.024088E-07,-9.548570E+01,-6.090111E-03
+4.443359E+02,-5.273482E-06,+4.541945E-06,-1.031481E+02,+2.430586E+00
+4.445801E+02,-8.233543E-06,-2.786732E-06,-1.012173E+02,-2.815234E+00
+4.448242E+02,+1.093733E-05,+1.242088E-06,-9.916612E+01,+1.130797E-01
+4.450684E+02,-9.870165E-06,-7.790081E-06,-9.801053E+01,-2.473438E+00
+4.453125E+02,+3.135885E-06,+1.009492E-05,-9.951786E+01,+1.269607E+00
+4.455566E+02,-2.402869E-06,-1.431465E-05,-9.676370E+01,-1.737107E+00
+4.458008E+02,-4.093574E-06,+5.800830E-06,-1.029751E+02,+2.185329E+00
+4.460449E+02,+9.299957E-06,+1.102890E-06,-1.005697E+02,+1.180396E-01
+4.462891E+02,-1.091921E-05,-1.746396E-06,-9.912648E+01,-2.982998E+00
+4.465332E+02,+2.573029E-06,-1.644205E-06,-1.103040E+02,-5.686144E-01
+4.467773E+02,-7.104367E-06,+4.816917E-07,-1.029496E+02,+3.073894E+00
+4.470215E+02,+3.402501E-06,-2.200369E-06,-1.078466E+02,-5.740459E-01
+4.472656E+02,+8.903702E-07,-2.251017E-06,-1.123212E+02,-1.194140E+00
+4.475098E+02,-8.376495E-06,+7.334589E-06,-9.906712E+01,+2.422414E+00
+4.477539E+02,-5.284141E-07,-1.338013E-05,-9.746403E+01,-1.610268E+00
+4.479980E+02,-6.136940E-06,+1.327531E-05,-9.669798E+01,+2.003817E+00
+4.482422E+02,-1.368343E-06,-1.011924E-05,-9.981834E+01,-1.705203E+00
+4.484863E+02,-6.811608E-07,+8.716696E-06,-1.011665E+02,+1.648782E+00
+4.487305E+02,-1.600950E-06,+5.836661E-06,-1.043617E+02,+1.838504E+00
+4.489746E+02,-1.437931E-06,+2.182546E-06,-1.116551E+02,+2.153355E+00
+4.492188E+02,-4.361113E-06,-2.103246E-06,-1.062999E+02,-2.692227E+00
+4.494629E+02,+5.061772E-06,-1.767394E-06,-1.054143E+02,-3.359309E-01
+4.497070E+02,-8.012415E-06,+1.365297E-06,-1.018004E+02,+2.972816E+00
+4.499512E+02,+8.715288E-06,+6.499788E-06,-9.927370E+01,+6.408023E-01
+4.501953E+02,-5.071966E-06,-5.497873E-07,-1.058457E+02,-3.033617E+00
+4.504395E+02,-1.742466E-06,+7.394495E-07,-1.144576E+02,+2.740256E+00
+4.506836E+02,-6.421344E-07,+6.312520E-06,-1.039512E+02,+1.672171E+00
+4.509277E+02,+7.396340E-07,-4.766398E-06,-1.063329E+02,-1.416847E+00
+4.511719E+02,-4.585255E-07,+2.024000E-06,-1.136584E+02,+1.793580E+00
+4.514160E+02,-4.383747E-06,+5.491594E-06,-1.030649E+02,+2.244478E+00
+4.516602E+02,-3.935567E-07,-8.439245E-07,-1.206193E+02,-2.007156E+00
+4.519043E+02,+6.187280E-06,+5.028530E-06,-1.019676E+02,+6.824495E-01
+4.521484E+02,-6.741343E-06,-1.479876E-06,-1.032207E+02,-2.925498E+00
+4.523926E+02,+4.215262E-06,+3.025081E-06,-1.056993E+02,+6.224735E-01
+4.526367E+02,-1.049001E-05,+7.157476E-06,-9.792447E+01,+2.542835E+00
+4.528809E+02,+1.072904E-05,-9.411044E-07,-9.935550E+01,-8.749171E-02
+4.531250E+02,+1.764674E-07,-1.811858E-06,-1.147965E+02,-1.473707E+00
+4.533691E+02,-3.865597E-07,+1.573026E-05,-9.606266E+01,+1.595366E+00
+4.536133E+02,-5.785275E-07,-4.864400E-06,-1.061984E+02,-1.689171E+00
+4.538574E+02,+8.607504E-07,+4.817121E-06,-1.062077E+02,+1.393977E+00
+4.541016E+02,+5.370057E-06,-2.849732E-06,-1.043229E+02,-4.878821E-01
+4.543457E+02,+6.165790E-06,+7.008612E-06,-1.005979E+02,+8.492852E-01
+4.545898E+02,-2.975241E-06,-8.937252E-06,-1.005195E+02,-1.892160E+00
+4.548340E+02,-1.753913E-06,+2.445996E-06,-1.104291E+02,+2.192877E+00
+4.550781E+02,-4.721281E-06,-2.950416E-06,-1.050870E+02,-2.583052E+00
+4.553223E+02,-9.902114E-06,+1.461054E-05,-9.506515E+01,+2.166425E+00
+4.555664E+02,+1.581840E-05,+6.038902E-06,-9.542587E+01,+3.646879E-01
+4.558105E+02,-2.597394E-06,-1.183573E-07,-1.117002E+02,-3.096056E+00
+4.560547E+02,+2.162103E-07,+9.248585E-06,-1.006761E+02,+1.547423E+00
+4.562988E+02,+1.612024E-06,+5.862727E-06,-1.043215E+02,+1.302466E+00
+4.565430E+02,+6.125407E-06,+5.970684E-06,-1.013567E+02,+7.726077E-01
+4.567871E+02,+5.927483E-06,+2.618087E-06,-1.037686E+02,+4.159186E-01
+4.570312E+02,+4.437615E-06,+7.460526E-06,-1.012291E+02,+1.034200E+00
+4.572754E+02,+7.720462E-07,+1.474907E-05,-9.661282E+01,+1.518499E+00
+4.575195E+02,+1.697937E-05,+4.091858E-06,-9.515640E+01,+2.364809E-01
+4.577637E+02,+8.549781E-06,+1.994202E-05,-9.327180E+01,+1.165769E+00
+4.580078E+02,+2.538254E-05,+1.491462E-05,-9.062122E+01,+5.312473E-01
+4.582520E+02,+3.447998E-05,+1.362826E-05,-8.861824E+01,+3.764061E-01
+4.584961E+02,+4.220822E-05,-1.164240E-05,-8.717360E+01,-2.691401E-01
+4.587402E+02,+5.831804E-05,+1.810880E-05,-8.428417E+01,+3.010781E-01
+4.589844E+02,+8.006009E-05,-1.288335E-05,-8.182065E+01,-1.595531E-01
+4.592285E+02,+1.252337E-04,-1.083443E-04,-7.561901E+01,-7.132165E-01
+4.594727E+02,+2.647192E-04,-2.293810E-04,-6.911184E+01,-7.139994E-01
+4.597168E+02,+1.560566E-05,-8.303535E-04,-6.161320E+01,-1.552005E+00
+4.599609E+02,-2.121992E-03,+5.381836E-04,-5.319439E+01,+2.893208E+00
+4.602051E+02,+1.365189E-03,+8.496673E-04,-5.587426E+01,+5.567136E-01
+4.604492E+02,+1.061107E-05,-2.503860E-04,-7.202000E+01,-1.528443E+00
+4.606934E+02,+7.783340E-05,-8.506824E-05,-7.876323E+01,-8.297814E-01
+4.609375E+02,-1.075661E-05,+3.923261E-06,-9.882409E+01,+2.791856E+00
+4.611816E+02,+6.271653E-06,-8.531124E-06,-9.950341E+01,-9.368674E-01
+4.614258E+02,-6.714300E-06,-1.719656E-05,-9.467496E+01,-1.943038E+00
+4.616699E+02,+8.507323E-06,+1.022601E-05,-9.752160E+01,+8.768868E-01
+4.619141E+02,+1.673442E-05,-1.556222E-05,-9.282143E+01,-7.491193E-01
+4.621582E+02,-4.551165E-05,+1.538162E-05,-8.636781E+01,+2.815674E+00
+4.624023E+02,+1.806885E-05,+1.813609E-05,-9.183493E+01,+7.872556E-01
+4.626465E+02,+1.051479E-05,+7.266153E-06,-9.786861E+01,+6.046882E-01
+4.628906E+02,+2.013286E-05,+6.737657E-06,-9.346085E+01,+3.229438E-01
+4.631348E+02,+1.496868E-05,+1.094638E-05,-9.463586E+01,+6.314158E-01
+4.633789E+02,+9.601586E-06,+4.484033E-06,-9.949632E+01,+4.369087E-01
+4.636230E+02,+6.692266E-05,+1.736974E-05,-8.320541E+01,+2.539460E-01
+4.638672E+02,+1.465096E-04,-7.416915E-05,-7.569182E+01,-4.686279E-01
+4.641113E+02,+4.196451E-06,-8.979833E-05,-8.092516E+01,-1.524098E+00
+4.643555E+02,-5.328550E-05,-5.889430E-04,-6.456313E+01,-1.661027E+00
+4.645996E+02,-7.688887E-04,+3.952881E-04,-6.126423E+01,+2.666726E+00
+4.648438E+02,+2.567099E-04,+3.941410E-04,-6.655122E+01,+9.934973E-01
+4.650879E+02,+1.760172E-04,+3.957620E-05,-7.487471E+01,+2.211648E-01
+4.653320E+02,+8.379096E-05,-5.122365E-05,-8.015707E+01,-5.487064E-01
+4.655762E+02,+2.699231E-05,-2.493089E-05,-8.869623E+01,-7.457176E-01
+4.658203E+02,+8.706961E-06,-4.537050E-05,-8.670746E+01,-1.381194E+00
+4.660645E+02,-4.394357E-06,-8.263358E-05,-8.164460E+01,-1.623925E+00
+4.663086E+02,-5.591672E-05,+2.240978E-04,-7.272894E+01,+1.815323E+00
+4.665527E+02,+1.262571E-04,-1.386190E-04,-7.453999E+01,-8.320345E-01
+4.667969E+02,-4.558613E-05,-7.243080E-06,-8.671507E+01,-2.984022E+00
+4.670410E+02,-1.508257E-06,-1.916696E-05,-9.432213E+01,-1.649325E+00
+4.672852E+02,-5.075958E-06,+8.933882E-06,-9.976421E+01,+2.087482E+00
+4.675293E+02,-1.645257E-06,-7.039850E-06,-1.028178E+02,-1.800382E+00
+4.677734E+02,-1.394264E-06,+1.015436E-05,-9.978584E+01,+1.707250E+00
+4.680176E+02,+1.766145E-06,-4.568871E-06,-1.061990E+02,-1.201929E+00
+4.682617E+02,+5.159580E-06,-5.202700E-07,-1.057038E+02,-1.004960E-01
+4.685059E+02,-3.553605E-06,+5.112774E-07,-1.088976E+02,+2.998698E+00
+4.687500E+02,+8.523773E-06,-4.659352E-07,-1.013744E+02,-5.460867E-02
+4.689941E+02,+9.306547E-07,-6.757024E-06,-1.033233E+02,-1.433926E+00
+4.692383E+02,-6.406673E-06,-9.633484E-06,-9.873383E+01,-2.157673E+00
+4.694824E+02,+3.831960E-06,+4.871997E-06,-1.041544E+02,+9.043244E-01
+4.697266E+02,-2.358726E-06,-3.204595E-06,-1.080044E+02,-2.205306E+00
+4.699707E+02,-8.247016E-06,+1.151136E-06,-1.015903E+02,+3.002907E+00
+4.702148E+02,-2.549075E-06,-3.670702E-06,-1.069958E+02,-2.177780E+00
+4.704590E+02,+9.057909E-06,-3.017586E-07,-1.008546E+02,-3.330206E-02
+4.707031E+02,-1.067334E-05,+4.791025E-06,-9.863679E+01,+2.719672E+00
+4.709473E+02,+2.732703E-06,-3.131516E-06,-1.076261E+02,-8.533015E-01
+4.711914E+02,-4.616725E-06,+3.838445E-07,-1.066834E+02,+3.058641E+00
+4.714355E+02,-1.646619E-06,+2.771686E-06,-1.098323E+02,+2.106856E+00
+4.716797E+02,+7.346124E-06,+7.578620E-06,-9.953111E+01,+8.009748E-01
+4.719238E+02,-3.877939E-06,-2.981567E-06,-1.062109E+02,-2.486134E+00
+4.721680E+02,+1.861790E-06,-4.487685E-07,-1.143561E+02,-2.365294E-01
+4.724121E+02,+7.609321E-07,-5.082417E-06,-1.057823E+02,-1.422182E+00
+4.726562E+02,-3.329871E-06,+4.269436E-06,-1.053289E+02,+2.233181E+00
+4.729004E+02,+9.829394E-07,-6.885400E-07,-1.184156E+02,-6.110553E-01
+4.731445E+02,+2.309352E-06,+1.926510E-06,-1.104361E+02,+6.952619E-01
+4.733887E+02,-5.675382E-06,-1.205669E-06,-1.047284E+02,-2.932266E+00
+4.736328E+02,+1.002744E-05,-4.706252E-06,-9.911162E+01,-4.388180E-01
+4.738770E+02,-1.046747E-05,+5.754150E-06,-9.845642E+01,+2.638967E+00
+4.741211E+02,+8.678655E-06,+3.370327E-07,-1.012244E+02,+3.881517E-02
+4.743652E+02,-6.013891E-06,-2.655507E-07,-1.044084E+02,-3.097465E+00
+4.746094E+02,+4.008092E-07,+8.304206E-07,-1.207046E+02,+1.121118E+00
+4.748535E+02,-2.087244E-07,-3.543669E-06,-1.089959E+02,-1.629629E+00
+4.750977E+02,-5.900006E-06,-3.781933E-06,-1.030880E+02,-2.571567E+00
+4.753418E+02,-1.825094E-06,+2.101709E-05,-9.351592E+01,+1.657418E+00
+4.755859E+02,+1.923744E-05,-4.024113E-06,-9.413106E+01,-2.062080E-01
+4.758301E+02,-4.703808E-06,-8.722756E-06,-1.000783E+02,-2.065354E+00
+4.760742E+02,-5.036786E-07,+2.341190E-06,-1.124148E+02,+1.782704E+00
+4.763184E+02,-1.163806E-06,-3.522596E-06,-1.086128E+02,-1.889889E+00
+4.765625E+02,-1.510104E-06,-5.044457E-07,-1.159604E+02,-2.819200E+00
+4.768066E+02,+1.333924E-06,-1.697377E-06,-1.133157E+02,-9.047285E-01
+4.770508E+02,-1.387693E-06,+6.593961E-06,-1.034289E+02,+1.778219E+00
+4.772949E+02,+4.885658E-06,-2.828959E-06,-1.049658E+02,-5.248601E-01
+4.775391E+02,-1.009867E-05,-6.923863E-07,-9.989435E+01,-3.073138E+00
+4.777832E+02,+9.075379E-06,-6.029218E-06,-9.925498E+01,-5.863963E-01
+4.780273E+02,+1.646324E-07,+1.230564E-05,-9.819714E+01,+1.557418E+00
+4.782715E+02,+7.501573E-08,-4.592977E-06,-1.067570E+02,-1.554465E+00
+4.785156E+02,-4.738456E-06,-3.801362E-06,-1.043293E+02,-2.465490E+00
+4.787598E+02,+1.783784E-07,+3.180461E-06,-1.099366E+02,+1.514769E+00
+4.790039E+02,+4.190946E-06,-4.298266E-06,-1.044323E+02,-7.980394E-01
+4.792480E+02,+7.515332E-07,+1.188088E-06,-1.170414E+02,+1.006781E+00
+4.794922E+02,-1.934217E-06,+4.933750E-06,-1.055156E+02,+1.944420E+00
+4.797363E+02,+1.149370E-06,-3.002942E-06,-1.098553E+02,-1.205250E+00
+4.799805E+02,-3.703018E-06,-1.707383E-07,-1.086197E+02,-3.095517E+00
+4.802246E+02,+5.112694E-06,+2.201509E-06,-1.050883E+02,+4.066015E-01
+4.804688E+02,-4.270102E-06,-2.434039E-07,-1.073772E+02,-3.084652E+00
+4.807129E+02,+1.369025E-06,-7.401768E-06,-1.024672E+02,-1.387904E+00
+4.809570E+02,+2.005084E-06,+1.220658E-05,-9.815248E+01,+1.407988E+00
+4.812012E+02,-2.290696E-06,-9.775882E-06,-9.996474E+01,-1.800965E+00
+4.814453E+02,+5.896284E-06,+1.292412E-06,-1.043846E+02,+2.157784E-01
+4.816895E+02,-1.998562E-06,-3.835592E-06,-1.072802E+02,-2.051147E+00
+4.819336E+02,-6.423986E-06,+6.812805E-06,-1.005709E+02,+2.326829E+00
+4.821777E+02,+1.075726E-05,+1.032373E-06,-9.932616E+01,+9.567683E-02
+4.824219E+02,-7.282478E-06,-6.111287E-06,-1.004392E+02,-2.443416E+00
+4.826660E+02,-1.376641E-06,+7.592044E-06,-1.022523E+02,+1.750174E+00
+4.829102E+02,-1.019215E-06,-4.108252E-06,-1.074675E+02,-1.813976E+00
+4.831543E+02,+3.264326E-06,-3.423369E-06,-1.065023E+02,-8.091751E-01
+4.833984E+02,+7.132626E-06,-1.419541E-06,-1.027663E+02,-1.964539E-01
+4.836426E+02,-8.488358E-06,+4.723645E-06,-1.002519E+02,+2.633784E+00
+4.838867E+02,-9.481486E-07,-1.707934E-06,-1.141839E+02,-2.077580E+00
+4.841309E+02,+4.163564E-06,+4.151350E-06,-1.046131E+02,+7.839293E-01
+4.843750E+02,-7.969901E-06,-6.709087E-06,-9.964445E+01,-2.441877E+00
+4.846191E+02,+9.237609E-06,+3.625809E-06,-1.000665E+02,+3.740286E-01
+4.848633E+02,+4.510528E-07,-4.131992E-07,-1.242692E+02,-7.416269E-01
+4.851074E+02,-2.164928E-06,-3.015568E-06,-1.086073E+02,-2.193446E+00
+4.853516E+02,-1.330137E-06,+3.290393E-06,-1.089977E+02,+1.954960E+00
+4.855957E+02,-7.401856E-06,-3.972075E-06,-1.015141E+02,-2.649071E+00
+4.858398E+02,+1.162161E-05,+7.293881E-06,-9.725236E+01,+5.604767E-01
+4.860840E+02,-1.135512E-06,-8.688356E-06,-1.011477E+02,-1.700753E+00
+4.863281E+02,-1.027341E-05,+8.537305E-07,-9.973582E+01,+3.058682E+00
+4.865723E+02,+1.600342E-05,+4.298442E-06,-9.561321E+01,+2.624020E-01
+4.868164E+02,-1.203623E-05,-8.231136E-07,-9.836993E+01,-3.073313E+00
+4.870605E+02,+2.866607E-06,-2.771133E-06,-1.079870E+02,-7.684650E-01
+4.873047E+02,-1.592937E-06,+4.648717E-06,-1.061712E+02,+1.900919E+00
+4.875488E+02,+5.410235E-06,-3.727205E-06,-1.036489E+02,-6.032492E-01
+4.877930E+02,-5.493848E-06,+1.091468E-06,-1.050343E+02,+2.945475E+00
+4.880371E+02,+5.788490E-06,+9.917245E-07,-1.046230E+02,+1.696796E-01
+4.882812E+02,-3.126863E-06,-8.878136E-06,-1.005257E+02,-1.909428E+00
+4.885254E+02,-3.335676E-06,+1.445289E-05,-9.657552E+01,+1.797621E+00
+4.887695E+02,+6.524942E-06,-1.365789E-05,-9.639951E+01,-1.125113E+00
+4.890137E+02,-7.219407E-06,+6.147215E-06,-1.004620E+02,+2.436237E+00
+4.892578E+02,-2.395923E-06,+1.587902E-06,-1.108292E+02,+2.556305E+00
+4.895020E+02,+1.144568E-05,+9.580567E-07,-9.879684E+01,+8.351001E-02
+4.897461E+02,-7.572609E-06,-3.003878E-06,-1.017804E+02,-2.763954E+00
+4.899902E+02,+1.883794E-06,+2.078474E-06,-1.110410E+02,+8.344924E-01
+4.902344E+02,+6.389647E-06,-4.289692E-06,-1.022747E+02,-5.912381E-01
+4.904785E+02,-9.262814E-06,-3.360884E-06,-1.001280E+02,-2.793529E+00
+4.907227E+02,+8.576918E-06,+6.967951E-06,-9.913228E+01,+6.822608E-01
+4.909668E+02,-1.253256E-05,+2.430511E-06,-9.787886E+01,+2.950035E+00
+4.912109E+02,+3.111796E-06,-1.237589E-05,-9.788223E+01,-1.324463E+00
+4.914551E+02,+9.660509E-07,+1.003076E-05,-9.993323E+01,+1.474784E+00
+4.916992E+02,+6.239711E-06,+2.924743E-06,-1.032341E+02,+4.383206E-01
+4.919434E+02,-6.765817E-06,-9.774401E-06,-9.849812E+01,-2.176267E+00
+4.921875E+02,+1.663448E-06,+8.896092E-07,-1.144874E+02,+4.910972E-01
+4.924316E+02,-2.791008E-06,+6.416518E-06,-1.031015E+02,+1.981083E+00
+4.926758E+02,+4.888333E-06,-6.516724E-06,-1.017807E+02,-9.272177E-01
+4.929199E+02,-7.707801E-06,+4.131823E-06,-1.011644E+02,+2.649517E+00
+4.931641E+02,+8.582158E-06,+9.302979E-07,-1.012773E+02,+1.079775E-01
+4.934082E+02,-5.701516E-06,-3.846109E-06,-1.032514E+02,-2.548134E+00
+4.936523E+02,-5.829541E-07,+9.772154E-07,-1.188780E+02,+2.108672E+00
+4.938965E+02,+3.262898E-06,+2.479909E-06,-1.077478E+02,+6.498911E-01
+4.941406E+02,-1.614903E-06,-1.458162E-06,-1.132476E+02,-2.407155E+00
+4.943848E+02,+5.533384E-07,-1.400403E-06,-1.164449E+02,-1.194497E+00
+4.946289E+02,+1.288155E-06,+7.226912E-06,-1.026851E+02,+1.394405E+00
+4.948730E+02,-8.228565E-06,-3.990795E-06,-1.007761E+02,-2.690023E+00
+4.951172E+02,+5.055491E-06,-6.875614E-06,-1.013768E+02,-9.367838E-01
+4.953613E+02,+5.226998E-06,+5.164243E-06,-1.026768E+02,+7.793590E-01
+4.956055E+02,-1.289365E-05,+5.085421E-06,-9.716455E+01,+2.765912E+00
+4.958496E+02,+1.088854E-05,-7.117500E-06,-9.771550E+01,-5.789499E-01
+4.960938E+02,-4.275542E-06,+4.936029E-06,-1.037014E+02,+2.284615E+00
+4.963379E+02,-5.768837E-07,+7.560108E-07,-1.204366E+02,+2.222605E+00
+4.965820E+02,-1.611974E-06,-6.742404E-06,-1.031823E+02,-1.805471E+00
+4.968262E+02,+4.001500E-06,+2.329076E-06,-1.066884E+02,+5.271169E-01
+4.970703E+02,+6.385389E-09,+3.055401E-06,-1.102986E+02,+1.568707E+00
+4.973145E+02,-3.207729E-06,+2.649307E-06,-1.076174E+02,+2.451249E+00
+4.975586E+02,-1.888977E-06,-2.386544E-06,-1.103321E+02,-2.240340E+00
+4.978027E+02,+4.823986E-06,+2.165344E-06,-1.055347E+02,+4.219140E-01
+4.980469E+02,-4.141872E-06,+2.497464E-06,-1.063092E+02,+2.598985E+00
+4.982910E+02,+2.446959E-06,-4.001420E-06,-1.065760E+02,-1.021947E+00
+4.985352E+02,+3.647775E-06,+6.306672E-06,-1.027507E+02,+1.046411E+00
+4.987793E+02,-5.906430E-06,-2.286059E-06,-1.039673E+02,-2.772303E+00
+4.990234E+02,+2.927818E-06,-3.970174E-06,-1.061378E+02,-9.353735E-01
+4.992676E+02,+1.598529E-06,+1.294633E-05,-9.769135E+01,+1.447945E+00
+4.995117E+02,-9.698916E-07,-9.009714E-06,-1.008557E+02,-1.678033E+00
+4.997559E+02,+7.753592E-06,-1.954882E-06,-1.019423E+02,-2.469786E-01
+5.000000E+02,-4.921410E-06,+3.122062E-06,-1.046894E+02,+2.576274E+00
+5.002441E+02,+8.647283E-07,+4.929100E-08,-1.212483E+02,+5.694011E-02
+5.004883E+02,+4.028975E-06,-3.216813E-06,-1.057544E+02,-6.737767E-01
+5.007324E+02,+5.552661E-06,-9.548615E-07,-1.049834E+02,-1.702990E-01
+5.009766E+02,-1.062261E-05,+3.030610E-06,-9.913553E+01,+2.863678E+00
+5.012207E+02,+3.932234E-06,-2.598984E-06,-1.065331E+02,-5.840297E-01
+5.014648E+02,+1.374529E-06,-6.156380E-06,-1.040022E+02,-1.351130E+00
+5.017090E+02,+8.440174E-08,+3.448999E-06,-1.092435E+02,+1.546330E+00
+5.019531E+02,-1.911896E-06,-1.561339E-06,-1.121516E+02,-2.456785E+00
+5.021973E+02,+6.754847E-07,-2.875089E-06,-1.105936E+02,-1.340038E+00
+5.024414E+02,-5.326314E-06,+8.344393E-08,-1.054704E+02,+3.125928E+00
+5.026855E+02,+4.036134E-06,-2.954379E-06,-1.060173E+02,-6.318698E-01
+5.029297E+02,-6.053629E-06,+6.580055E-06,-1.009722E+02,+2.314550E+00
+5.031738E+02,+5.782794E-06,-1.798391E-06,-1.043563E+02,-3.015085E-01
+5.034180E+02,-8.360110E-06,-9.133336E-07,-1.015042E+02,-3.032775E+00
+5.036621E+02,+8.027300E-06,-1.815742E-06,-1.016919E+02,-2.224524E-01
+5.039062E+02,-3.381105E-06,+5.311213E-06,-1.040186E+02,+2.137692E+00
+5.041504E+02,-8.751998E-06,-2.854216E-06,-1.007189E+02,-2.826347E+00
+5.043945E+02,+6.605735E-06,+2.674867E-06,-1.029422E+02,+3.847500E-01
+5.046387E+02,+8.306315E-07,-2.305920E-06,-1.122133E+02,-1.225049E+00
+5.048828E+02,+3.649770E-07,+2.825991E-06,-1.109047E+02,+1.442357E+00
+5.051270E+02,-2.149267E-06,+5.729287E-06,-1.042662E+02,+1.929687E+00
+5.053711E+02,-1.633019E-07,-1.063879E-05,-9.946114E+01,-1.586145E+00
+5.056152E+02,-2.870055E-06,+1.624184E-06,-1.096356E+02,+2.626619E+00
+5.058594E+02,+1.056273E-05,+4.404260E-06,-9.882832E+01,+3.950430E-01
+5.061035E+02,-1.262322E-05,+5.349283E-06,-9.725933E+01,+2.740768E+00
+5.063477E+02,+1.018659E-05,-6.845061E-06,-9.822113E+01,-5.916635E-01
+5.065918E+02,-2.487635E-06,+3.539124E-06,-1.072784E+02,+2.183463E+00
+5.068359E+02,-4.138406E-07,+4.236943E-06,-1.074177E+02,+1.668162E+00
+5.070801E+02,-2.255218E-06,-8.215087E-06,-1.013922E+02,-1.838718E+00
+5.073242E+02,+2.658736E-06,+1.319023E-06,-1.105509E+02,+4.605299E-01
+5.075684E+02,-9.575143E-07,+2.097096E-06,-1.127453E+02,+1.999117E+00
+5.078125E+02,+6.445459E-07,+1.721495E-07,-1.235157E+02,+2.609943E-01
+5.080566E+02,+2.117494E-06,+2.977571E-08,-1.134827E+02,+1.406084E-02
+5.083008E+02,-4.274698E-07,-3.533551E-06,-1.089727E+02,-1.691186E+00
+5.085449E+02,-2.737681E-06,+5.079263E-06,-1.047764E+02,+2.065149E+00
+5.087891E+02,+1.594945E-06,-5.158569E-06,-1.053529E+02,-1.270936E+00
+5.090332E+02,+2.317290E-06,+1.264282E-06,-1.115688E+02,+4.994483E-01
+5.092773E+02,-1.982638E-06,+2.883524E-06,-1.091202E+02,+2.173134E+00
+5.095215E+02,-1.298507E-06,+3.074138E-06,-1.095325E+02,+1.970460E+00
+5.097656E+02,-1.085960E-06,-4.637474E-06,-1.064425E+02,-1.800822E+00
+5.100098E+02,+1.390119E-06,-1.464485E-06,-1.138964E+02,-8.114435E-01
+5.102539E+02,+2.335118E-07,+1.365802E-06,-1.171671E+02,+1.401463E+00
+5.104980E+02,+2.304283E-07,+3.515089E-06,-1.090627E+02,+1.505336E+00
+5.107422E+02,-1.775279E-06,-5.252597E-06,-1.051228E+02,-1.896724E+00
+5.109863E+02,+7.168411E-06,+5.301479E-06,-1.009968E+02,+6.367868E-01
+5.112305E+02,-7.665210E-06,-2.260507E-06,-1.019473E+02,-2.854817E+00
+5.114746E+02,+6.074230E-06,+3.068941E-06,-1.033428E+02,+4.678304E-01
+5.117188E+02,-4.271465E-06,-6.333454E-06,-1.023390E+02,-2.164154E+00
+5.119629E+02,+2.428042E-06,+1.583992E-07,-1.122764E+02,+6.514511E-02
+5.122070E+02,+1.155561E-06,+3.503413E-06,-1.086617E+02,+1.252194E+00
+5.124512E+02,-2.609991E-06,-2.551657E-07,-1.116259E+02,-3.044137E+00
+5.126953E+02,+1.089575E-06,+6.579309E-06,-1.035189E+02,+1.406680E+00
+5.129395E+02,+3.099573E-06,-8.019856E-06,-1.013121E+02,-1.201993E+00
+5.131836E+02,-4.889050E-06,-4.911241E-06,-1.031855E+02,-2.353930E+00
+5.134277E+02,+3.614967E-06,+8.524256E-06,-1.006686E+02,+1.169705E+00
+5.136719E+02,+1.098581E-06,+2.281961E-07,-1.189999E+02,+2.048065E-01
+5.139160E+02,+3.918620E-06,-6.387447E-06,-1.025061E+02,-1.020518E+00
+5.141602E+02,-1.025902E-05,+4.625640E-06,-9.897415E+01,+2.718003E+00
+5.144043E+02,+5.346195E-06,-2.389988E-06,-1.046478E+02,-4.203936E-01
+5.146484E+02,-7.194240E-07,-5.966497E-08,-1.228305E+02,-3.058848E+00
+5.148926E+02,+1.285341E-06,+1.995570E-06,-1.124915E+02,+9.985817E-01
+5.151367E+02,-4.320565E-07,+3.371958E-06,-1.093716E+02,+1.698234E+00
+5.153809E+02,+8.229334E-07,-8.970301E-06,-1.009075E+02,-1.479313E+00
+5.156250E+02,-3.158100E-06,+1.288790E-07,-1.100043E+02,+3.100806E+00
+5.158691E+02,+3.982322E-06,+5.186387E-06,-1.036899E+02,+9.159743E-01
+5.161133E+02,+1.839668E-07,-1.548286E-06,-1.161421E+02,-1.452531E+00
+5.163574E+02,-1.073279E-06,-6.612113E-06,-1.034803E+02,-1.731713E+00
+5.166016E+02,-4.518761E-06,+3.595677E-06,-1.047693E+02,+2.469466E+00
+5.168457E+02,-4.387232E-08,+7.400374E-07,-1.225997E+02,+1.630011E+00
+5.170898E+02,+7.524844E-06,+7.162163E-06,-9.966899E+01,+7.607092E-01
+5.173340E+02,-4.753173E-06,-4.723558E-06,-1.034771E+02,-2.359319E+00
+5.175781E+02,+2.968235E-06,-4.107005E-06,-1.059044E+02,-9.449810E-01
+5.178223E+02,-3.687661E-06,+1.157072E-06,-1.082572E+02,+2.837553E+00
+5.180664E+02,+6.444769E-06,+6.736892E-06,-1.006088E+02,+8.075559E-01
+5.183105E+02,-1.122248E-05,-8.291559E-06,-9.710648E+01,-2.505276E+00
+5.185547E+02,+5.390470E-06,+2.401688E-06,-1.045811E+02,+4.191416E-01
+5.187988E+02,+2.393676E-06,-1.205615E-06,-1.114368E+02,-4.665765E-01
+5.190430E+02,-3.352782E-06,+1.324992E-06,-1.088617E+02,+2.765238E+00
+5.192871E+02,+1.456778E-06,-2.024751E-06,-1.120608E+02,-9.471124E-01
+5.195312E+02,-3.292216E-06,+2.866421E-06,-1.071999E+02,+2.425222E+00
+5.197754E+02,+3.113183E-06,-2.636526E-06,-1.077876E+02,-7.026861E-01
+5.200195E+02,-1.988232E-06,+7.933134E-06,-1.017465E+02,+1.816362E+00
+5.202637E+02,+6.570808E-06,-9.369040E-06,-9.882880E+01,-9.591770E-01
+5.205078E+02,-5.662629E-06,-1.875167E-06,-1.044877E+02,-2.821810E+00
+5.207520E+02,+9.932486E-07,+3.779161E-06,-1.081620E+02,+1.313786E+00
+5.209961E+02,+5.911523E-07,+3.456430E-06,-1.091022E+02,+1.401406E+00
+5.212402E+02,-7.759214E-06,-2.332476E-06,-1.018279E+02,-2.849579E+00
+5.214844E+02,+1.085768E-05,+7.840042E-08,-9.928503E+01,+7.220606E-03
+5.217285E+02,-1.492067E-06,-4.364265E-06,-1.067217E+02,-1.900221E+00
+5.219727E+02,-5.824143E-06,+5.548804E-06,-1.018903E+02,+2.380400E+00
+5.222168E+02,+5.057680E-06,-7.428579E-06,-1.009278E+02,-9.730449E-01
+5.224609E+02,-6.181559E-06,+1.125997E-05,-9.782520E+01,+2.072860E+00
+5.227051E+02,+1.974713E-07,-5.059045E-06,-1.059120E+02,-1.531783E+00
+5.229492E+02,+5.100278E-06,+1.073225E-06,-1.056600E+02,+2.073990E-01
+5.231934E+02,-9.585495E-07,-4.994684E-06,-1.058728E+02,-1.760405E+00
+5.234375E+02,-4.956467E-07,+6.075601E-06,-1.042994E+02,+1.652196E+00
+5.236816E+02,-1.052261E-06,-4.948830E-06,-1.059179E+02,-1.780304E+00
+5.239258E+02,-2.561493E-06,+1.071976E-06,-1.111292E+02,+2.745244E+00
+5.241699E+02,+2.767167E-06,+4.693159E-06,-1.052749E+02,+1.038046E+00
+5.244141E+02,+2.811295E-06,-5.717686E-06,-1.039152E+02,-1.113824E+00
+5.246582E+02,-4.617876E-06,+5.246183E-06,-1.031116E+02,+2.292584E+00
+5.249023E+02,-1.547325E-06,-4.753342E-06,-1.060226E+02,-1.885502E+00
+5.251465E+02,+3.757807E-06,+2.713160E-06,-1.066792E+02,+6.253431E-01
+5.253906E+02,-1.049844E-08,-8.071356E-07,-1.218603E+02,-1.583803E+00
+5.256348E+02,+3.066870E-06,-1.915601E-06,-1.088355E+02,-5.583195E-01
+5.258789E+02,-9.803784E-06,+7.947498E-06,-9.797847E+01,+2.460388E+00
+5.261230E+02,+5.811899E-06,-8.331773E-06,-9.986335E+01,-9.617109E-01
+5.263672E+02,+3.251191E-06,-3.577664E-06,-1.063134E+02,-8.331696E-01
+5.266113E+02,-8.395170E-06,+8.319405E-06,-9.854831E+01,+2.360727E+00
+5.268555E+02,+1.040916E-05,+2.900603E-07,-9.964832E+01,+2.785865E-02
+5.270996E+02,-6.130546E-06,-4.704585E-06,-1.022390E+02,-2.487048E+00
+5.273438E+02,-2.309998E-06,+7.310708E-06,-1.023075E+02,+1.876843E+00
+5.275879E+02,+3.804736E-06,-2.793258E-06,-1.065212E+02,-6.332815E-01
+5.278320E+02,-2.721877E-07,-1.750763E-06,-1.150317E+02,-1.725030E+00
+5.280762E+02,-3.220687E-06,-1.751669E-06,-1.087156E+02,-2.643460E+00
+5.283203E+02,+2.878984E-06,-2.927471E-06,-1.077318E+02,-7.937485E-01
+5.285645E+02,+1.226946E-06,+9.155847E-06,-1.006887E+02,+1.437583E+00
+5.288086E+02,-3.600449E-06,-5.695628E-06,-1.034291E+02,-2.134515E+00
+5.290527E+02,+3.361379E-06,-1.366534E-06,-1.088054E+02,-3.861314E-01
+5.292969E+02,-1.681975E-06,+7.535140E-06,-1.022470E+02,+1.790413E+00
+5.295410E+02,-4.461695E-07,-7.133859E-06,-1.029166E+02,-1.633258E+00
+5.297852E+02,+8.702172E-07,+9.812242E-06,-1.001306E+02,+1.482341E+00
+5.300293E+02,+2.450610E-07,-1.262819E-05,-9.797154E+01,-1.551393E+00
+5.302734E+02,+8.146687E-07,+6.792700E-06,-1.032971E+02,+1.451434E+00
+5.305176E+02,-2.792747E-06,-3.841628E-06,-1.064671E+02,-2.199394E+00
+5.307617E+02,+4.762449E-06,+4.711244E-06,-1.034798E+02,+7.799932E-01
+5.310059E+02,-4.229474E-06,-3.505286E-06,-1.052035E+02,-2.449550E+00
+5.312500E+02,+1.318254E-06,+1.862334E-06,-1.128349E+02,+9.548209E-01
+5.314941E+02,-4.472678E-06,-1.294586E-06,-1.066392E+02,-2.859849E+00
+5.317383E+02,+5.450599E-06,+5.122748E-06,-1.025219E+02,+7.544007E-01
+5.319824E+02,+6.271669E-07,-4.352322E-06,-1.071363E+02,-1.427682E+00
+5.322266E+02,-2.330596E-06,+1.254217E-06,-1.115461E+02,+2.647891E+00
+5.324707E+02,-1.342072E-07,-2.909550E-06,-1.107143E+02,-1.616890E+00
+5.327148E+02,+1.559332E-06,+4.831071E-06,-1.058887E+02,+1.258581E+00
+5.329590E+02,+8.054366E-07,-8.558393E-06,-1.013139E+02,-1.476962E+00
+5.332031E+02,-1.075697E-06,+1.322924E-05,-9.754068E+01,+1.651930E+00
+5.334473E+02,+6.850501E-07,-8.599943E-06,-1.012826E+02,-1.491307E+00
+5.336914E+02,-1.002407E-06,-6.560812E-07,-1.184307E+02,-2.562057E+00
+5.339355E+02,-3.047849E-06,+2.840663E-06,-1.076048E+02,+2.391365E+00
+5.341797E+02,+6.084163E-06,+1.636433E-06,-1.040126E+02,+2.627478E-01
+5.344238E+02,-7.478322E-06,-3.072255E-06,-1.018466E+02,-2.751792E+00
+5.346680E+02,+6.566876E-06,+2.272186E-06,-1.031617E+02,+3.331133E-01
+5.349121E+02,-2.596074E-06,-1.027497E-05,-9.949563E+01,-1.818277E+00
+5.351562E+02,-7.078392E-07,+1.861689E-05,-9.459558E+01,+1.608799E+00
+5.354004E+02,+6.102975E-06,-1.563627E-05,-9.550153E+01,-1.198672E+00
+5.356445E+02,-7.926631E-06,+8.010551E-06,-9.896194E+01,+2.350929E+00
+5.358887E+02,+7.431563E-06,-1.459291E-06,-1.024141E+02,-1.938969E-01
+5.361328E+02,-1.028019E-05,+4.684479E-07,-9.975098E+01,+3.096056E+00
+5.363770E+02,+9.920189E-06,-6.850744E-07,-1.000489E+02,-6.894914E-02
+5.366211E+02,-7.858947E-06,-1.123885E-06,-1.020048E+02,-2.999549E+00
+5.368652E+02,+4.525127E-06,+1.956357E-06,-1.061432E+02,+4.080644E-01
+5.371094E+02,+3.831985E-06,-5.806122E-06,-1.031520E+02,-9.874300E-01
+5.373535E+02,-7.708849E-06,+9.123913E-06,-9.845661E+01,+2.272326E+00
+5.375977E+02,+6.343803E-06,-3.201323E-06,-1.029678E+02,-4.673509E-01
+5.378418E+02,-5.766836E-07,-3.113313E-06,-1.099890E+02,-1.753952E+00
+5.380859E+02,-1.436470E-06,+1.363493E-06,-1.140643E+02,+2.382252E+00
+5.383301E+02,-1.824915E-06,+3.473589E-06,-1.081259E+02,+2.054533E+00
+5.385742E+02,-1.843430E-06,-4.958068E-06,-1.055314E+02,-1.926762E+00
+5.388184E+02,+6.205106E-06,+6.647847E-06,-1.008251E+02,+8.198312E-01
+5.390625E+02,-5.440385E-06,-6.904829E-06,-1.011196E+02,-2.238122E+00
+5.393066E+02,+6.994162E-06,-5.098098E-07,-1.030823E+02,-7.276208E-02
+5.395508E+02,-3.136284E-06,+3.972621E-06,-1.059145E+02,+2.239086E+00
+5.397949E+02,-9.900347E-07,+2.419428E-06,-1.116534E+02,+1.959210E+00
+5.400391E+02,-5.965912E-06,-1.005190E-05,-9.864445E+01,-2.106431E+00
+5.402832E+02,+1.465473E-05,+8.558455E-06,-9.540595E+01,+5.285764E-01
+5.405273E+02,-1.420530E-05,-2.881914E-06,-9.677583E+01,-2.941433E+00
+5.407715E+02,+1.531246E-06,+4.729544E-06,-1.060707E+02,+1.257685E+00
+5.410156E+02,+9.674772E-06,-6.532005E-06,-9.865605E+01,-5.938585E-01
+5.412598E+02,-1.092455E-06,+3.366224E-07,-1.188380E+02,+2.842690E+00
+5.415039E+02,-1.342662E-05,+5.413299E-06,-9.678654E+01,+2.758351E+00
+5.417480E+02,+1.240600E-05,-4.352876E-06,-9.762315E+01,-3.374484E-01
+5.419922E+02,-2.053739E-06,-5.823850E-06,-1.041868E+02,-1.909824E+00
+5.422363E+02,-4.676583E-06,+1.172436E-05,-9.797700E+01,+1.950335E+00
+5.424805E+02,+6.012187E-06,-6.275750E-06,-1.012187E+02,-8.068438E-01
+5.427246E+02,-3.277211E-06,+3.671860E-06,-1.061578E+02,+2.299464E+00
+5.429688E+02,+3.155290E-06,-3.132182E-06,-1.070407E+02,-7.817230E-01
+5.432129E+02,-2.907491E-06,+2.736926E-06,-1.079740E+02,+2.386404E+00
+5.434570E+02,-2.739382E-06,-1.762049E-06,-1.097432E+02,-2.569992E+00
+5.437012E+02,+6.104771E-06,-2.854486E-06,-1.034279E+02,-4.373792E-01
+5.439453E+02,-4.414753E-06,+7.258651E-06,-1.014159E+02,+2.117228E+00
+5.441895E+02,+3.306236E-06,-1.374438E-05,-9.699319E+01,-1.334730E+00
+5.444336E+02,-2.468177E-06,+1.242689E-05,-9.794473E+01,+1.766861E+00
+5.446777E+02,-3.865324E-06,-3.516653E-06,-1.056372E+02,-2.403392E+00
+5.449219E+02,+1.331442E-05,+1.139496E-06,-9.748186E+01,+8.537553E-02
+5.451660E+02,-1.186255E-05,-1.254951E-06,-9.846810E+01,-3.036194E+00
+5.454102E+02,+7.986052E-06,+1.227768E-06,-1.018519E+02,+1.525447E-01
+5.456543E+02,-4.270036E-06,-1.839038E-06,-1.066524E+02,-2.734917E+00
+5.458984E+02,-7.000015E-07,-8.161775E-07,-1.193699E+02,-2.279720E+00
+5.461426E+02,-7.639210E-06,+1.217667E-06,-1.022301E+02,+2.983526E+00
+5.463867E+02,+1.110626E-05,-1.000315E-07,-9.908829E+01,-9.006528E-03
+5.466309E+02,-3.670719E-06,-1.346948E-06,-1.081564E+02,-2.789903E+00
+5.468750E+02,+1.670513E-06,-4.705571E-07,-1.152114E+02,-2.745697E-01
+5.471191E+02,-3.663330E-07,+2.120368E-06,-1.133440E+02,+1.741876E+00
+5.473633E+02,+3.375064E-06,+2.570062E-06,-1.074482E+02,+6.508114E-01
+5.476074E+02,-1.288651E-05,-1.616932E-06,-9.772945E+01,-3.016770E+00
+5.478516E+02,+1.233696E-05,-5.289609E-06,-9.744292E+01,-4.050520E-01
+5.480957E+02,-4.172874E-06,+4.291254E-06,-1.044578E+02,+2.342209E+00
+5.483398E+02,-1.723495E-06,-1.087737E-06,-1.138158E+02,-2.578603E+00
+5.485840E+02,+5.768070E-06,-6.414626E-07,-1.047260E+02,-1.107541E-01
+5.488281E+02,-3.511890E-06,+2.836188E-06,-1.069085E+02,+2.462237E+00
+5.490723E+02,+9.328170E-08,-3.501014E-06,-1.091130E+02,-1.544158E+00
+5.493164E+02,-1.134608E-06,-3.333361E-06,-1.090663E+02,-1.898875E+00
+5.495605E+02,-4.360681E-06,+1.436819E-05,-9.646930E+01,+1.865457E+00
+5.498047E+02,+1.283372E-05,-8.654282E-06,-9.620512E+01,-5.932958E-01
+5.500488E+02,-8.942321E-06,-7.387183E-06,-9.871162E+01,-2.451143E+00
+5.502930E+02,-1.514238E-06,+1.122180E-05,-9.892038E+01,+1.704923E+00
+5.505371E+02,+8.001794E-06,-1.242897E-05,-9.660533E+01,-9.987906E-01
+5.507812E+02,-9.861837E-06,+1.477781E-05,-9.500809E+01,+2.159266E+00
+5.510254E+02,+6.638209E-06,-6.641053E-06,-1.005468E+02,-7.856123E-01
+5.512695E+02,-3.576767E-06,-2.244845E-06,-1.074879E+02,-2.581113E+00
+5.515137E+02,+1.113296E-07,-6.633959E-07,-1.234439E+02,-1.404528E+00
+5.517578E+02,+5.183471E-07,+4.497011E-06,-1.068842E+02,+1.456038E+00
+5.520020E+02,+2.855822E-06,-3.015754E-06,-1.076320E+02,-8.126298E-01
+5.522461E+02,-6.416808E-06,-6.362844E-07,-1.038111E+02,-3.042757E+00
+5.524902E+02,+5.909350E-06,+7.597436E-07,-1.044980E+02,+1.278649E-01
+5.527344E+02,-2.517806E-06,+1.508048E-06,-1.106482E+02,+2.601943E+00
+5.529785E+02,-4.846743E-07,+3.045663E-07,-1.248456E+02,+2.580557E+00
+5.532227E+02,+9.860800E-06,-4.720678E-06,-9.922559E+01,-4.464887E-01
+5.534668E+02,-1.020178E-05,+1.001460E-05,-9.689586E+01,+2.365453E+00
+5.537109E+02,-1.322320E-06,-6.886687E-06,-1.030826E+02,-1.760498E+00
+5.539551E+02,-5.831065E-07,-2.690763E-06,-1.112032E+02,-1.784203E+00
+5.541992E+02,+6.943516E-06,+6.086952E-06,-1.006924E+02,+7.197572E-01
+5.544434E+02,-4.969662E-06,-2.208635E-06,-1.052907E+02,-2.723386E+00
+5.546875E+02,+2.613793E-06,-3.680233E-06,-1.069088E+02,-9.532409E-01
+5.549316E+02,-3.034126E-06,+2.326445E-06,-1.083510E+02,+2.487452E+00
+5.551758E+02,+6.724763E-07,+1.027472E-06,-1.182162E+02,+9.912671E-01
+5.554199E+02,+1.348201E-07,+5.388622E-07,-1.251068E+02,+1.325635E+00
+5.556641E+02,+5.986087E-06,-1.825684E-06,-1.040709E+02,-2.960265E-01
+5.559082E+02,-1.253882E-05,+2.350753E-06,-9.788484E+01,+2.956266E+00
+5.561523E+02,+7.247250E-06,-1.044193E-06,-1.027073E+02,-1.430966E-01
+5.563965E+02,+1.417727E-06,-2.008952E-06,-1.121854E+02,-9.562518E-01
+5.566406E+02,+3.991698E-07,+5.411669E-06,-1.053098E+02,+1.497169E+00
+5.568848E+02,-2.114749E-06,-8.902841E-06,-1.007710E+02,-1.804011E+00
+5.571289E+02,+1.617937E-08,+8.771637E-06,-1.011384E+02,+1.568952E+00
+5.573730E+02,-4.003115E-06,-6.883050E-06,-1.019790E+02,-2.097569E+00
+5.576172E+02,+3.849372E-06,+5.404448E-06,-1.035629E+02,+9.518895E-01
+5.578613E+02,+6.378819E-06,-4.072992E-06,-1.024201E+02,-5.682613E-01
+5.581055E+02,-8.087700E-06,+6.306021E-06,-9.978080E+01,+2.479350E+00
+5.583496E+02,+7.283411E-07,-7.116284E-06,-1.029097E+02,-1.468803E+00
+5.585938E+02,+4.332443E-07,+1.918780E-06,-1.141235E+02,+1.348729E+00
+5.588379E+02,+4.193993E-07,-4.102290E-06,-1.076943E+02,-1.468915E+00
+5.590820E+02,-5.153110E-06,+1.037246E-05,-9.872433E+01,+2.031886E+00
+5.593262E+02,+7.893669E-06,-4.469222E-06,-1.008468E+02,-5.151791E-01
+5.595703E+02,-1.484714E-06,-1.834510E-06,-1.125416E+02,-2.251197E+00
+5.598145E+02,-3.017150E-06,+2.808028E-06,-1.076985E+02,+2.392079E+00
+5.600586E+02,-4.411997E-07,-2.134223E-06,-1.132335E+02,-1.774651E+00
+5.603027E+02,+4.954551E-06,-1.766904E-06,-1.055800E+02,-3.425623E-01
+5.605469E+02,-7.202931E-06,+7.332903E-06,-9.976115E+01,+2.347253E+00
+5.607910E+02,+1.961102E-06,-5.280684E-06,-1.049851E+02,-1.215209E+00
+5.610352E+02,+6.999171E-06,+6.803517E-07,-1.030582E+02,+9.690018E-02
+5.612793E+02,-4.914723E-06,-2.372542E-06,-1.052602E+02,-2.691847E+00
+5.615234E+02,-1.884280E-06,+5.572465E-06,-1.046089E+02,+1.896868E+00
+5.617676E+02,+3.965941E-07,-7.310228E-06,-1.027086E+02,-1.516598E+00
+5.620117E+02,+6.275725E-06,+1.143414E-05,-9.769234E+01,+1.068830E+00
+5.622559E+02,-3.923959E-06,-1.438607E-05,-9.652950E+01,-1.837080E+00
+5.625000E+02,-1.011058E-06,+6.855213E-06,-1.031861E+02,+1.717228E+00
+5.627441E+02,-4.616999E-07,+1.751610E-06,-1.148395E+02,+1.828520E+00
+5.629883E+02,-1.207340E-06,-2.652742E-06,-1.107085E+02,-1.997907E+00
+5.632324E+02,+8.963882E-06,+2.374316E-06,-1.006556E+02,+2.589297E-01
+5.634766E+02,-1.017595E-05,+1.899815E-06,-9.969970E+01,+2.957021E+00
+5.637207E+02,+2.420605E-06,-2.568454E-06,-1.090461E+02,-8.150240E-01
+5.639648E+02,-2.000262E-06,+1.781918E-06,-1.114410E+02,+2.413860E+00
+5.642090E+02,+5.729671E-06,-4.041292E-06,-1.030838E+02,-6.142922E-01
+5.644531E+02,-9.954656E-07,+2.918777E-06,-1.102181E+02,+1.899481E+00
+5.646973E+02,-1.676084E-06,+2.782598E-06,-1.097666E+02,+2.112938E+00
+5.649414E+02,-1.360428E-07,-9.286538E-06,-1.006420E+02,-1.585445E+00
+5.651855E+02,+4.736171E-06,+7.424315E-06,-1.011041E+02,+1.002955E+00
+5.654297E+02,-7.460555E-06,+2.656782E-06,-1.020261E+02,+2.799484E+00
+5.656738E+02,+5.004958E-06,-6.193130E-06,-1.019788E+02,-8.911076E-01
+5.659180E+02,-1.902772E-06,+3.596473E-06,-1.078107E+02,+2.057425E+00
+5.661621E+02,-3.032259E-06,-1.959929E-06,-1.088486E+02,-2.567781E+00
+5.664062E+02,+6.250736E-06,-1.186906E-06,-1.039275E+02,-1.876487E-01
+5.666504E+02,-5.902958E-06,-1.251301E-06,-1.043877E+02,-2.932706E+00
+5.668945E+02,+9.211741E-06,+8.345990E-06,-9.811039E+01,+7.361293E-01
+5.671387E+02,-1.153125E-05,-7.775517E-06,-9.713480E+01,-2.548324E+00
+5.673828E+02,+8.887850E-06,-1.660775E-06,-1.008750E+02,-1.847286E-01
+5.676270E+02,-4.986584E-06,+1.037743E-05,-9.877597E+01,+2.018741E+00
+5.678711E+02,+3.970124E-07,-6.101676E-06,-1.042727E+02,-1.505822E+00
+5.681152E+02,+4.019184E-06,-1.418878E-06,-1.074072E+02,-3.393683E-01
+5.683594E+02,-4.982270E-06,-1.073109E-06,-1.058545E+02,-2.929448E+00
+5.686035E+02,-2.699074E-09,+4.714718E-06,-1.065309E+02,+1.571369E+00
+5.688477E+02,+2.862927E-06,-7.362838E-06,-1.020476E+02,-1.199952E+00
+5.690918E+02,-9.999566E-07,+1.008599E-05,-9.988316E+01,+1.669616E+00
+5.693359E+02,+4.369128E-06,-9.307929E-06,-9.975815E+01,-1.131928E+00
+5.695801E+02,-8.145445E-06,+3.320696E-06,-1.011140E+02,+2.754487E+00
+5.698242E+02,+6.272643E-06,+6.411223E-07,-1.040059E+02,+1.018556E-01
+5.700684E+02,-2.257241E-06,-1.863462E-06,-1.106714E+02,-2.451466E+00
+5.703125E+02,+2.146438E-06,+3.659364E-06,-1.074477E+02,+1.040318E+00
+5.705566E+02,-1.282073E-06,-1.039691E-06,-1.156469E+02,-2.460213E+00
+5.708008E+02,-1.547847E-06,-3.546489E-06,-1.082468E+02,-1.982321E+00
+5.710449E+02,+4.317408E-06,+3.557687E-06,-1.050450E+02,+6.892245E-01
+5.712891E+02,-2.364915E-06,+2.850159E-06,-1.086277E+02,+2.263415E+00
+5.715332E+02,-6.322113E-06,-5.565252E-06,-1.014910E+02,-2.419778E+00
+5.717773E+02,+4.857089E-06,+3.401356E-06,-1.045394E+02,+6.109184E-01
+5.720215E+02,+1.616831E-06,-3.789653E-06,-1.077018E+02,-1.167534E+00
+5.722656E+02,-3.445966E-06,+5.410250E-06,-1.038568E+02,+2.137930E+00
+5.725098E+02,+1.951869E-06,-6.201097E-06,-1.037404E+02,-1.265852E+00
+5.727539E+02,+3.006368E-06,+1.879855E-06,-1.090059E+02,+5.588087E-01
+5.729980E+02,-3.377814E-06,+4.052730E-06,-1.055542E+02,+2.265613E+00
+5.732422E+02,+5.934076E-06,-2.846435E-07,-1.045229E+02,-4.793088E-02
+5.734863E+02,-7.470912E-06,-3.565644E-06,-1.016413E+02,-2.696294E+00
+5.737305E+02,+4.669171E-06,-3.008501E-06,-1.051071E+02,-5.723810E-01
+5.739746E+02,-7.530271E-06,+7.174107E-07,-1.024245E+02,+3.046609E+00
+5.742188E+02,+6.455294E-06,+6.064322E-06,-1.010542E+02,+7.541796E-01
+5.744629E+02,+1.002729E-06,-6.171857E-06,-1.040785E+02,-1.409736E+00
+5.747070E+02,-3.890322E-06,+5.116409E-06,-1.038392E+02,+2.220896E+00
+5.749512E+02,+4.524390E-06,-2.232197E-06,-1.059426E+02,-4.583293E-01
+5.751953E+02,-6.311812E-07,+3.522536E-06,-1.089256E+02,+1.748098E+00
+5.754395E+02,-6.676972E-06,-4.708129E-06,-1.017556E+02,-2.527432E+00
+5.756836E+02,+8.139868E-06,+3.080015E-06,-1.012065E+02,+3.617362E-01
+5.759277E+02,-3.367943E-06,-4.612092E-06,-1.048659E+02,-2.201532E+00
+5.761719E+02,-1.037959E-06,-7.519318E-07,-1.178443E+02,-2.514656E+00
+5.764160E+02,+2.324381E-06,+6.940363E-06,-1.027107E+02,+1.247630E+00
+5.766602E+02,-8.863311E-07,-3.270378E-06,-1.094002E+02,-1.835457E+00
+5.769043E+02,-4.532511E-06,-6.608577E-06,-1.019235E+02,-2.171964E+00
+5.771484E+02,+6.323877E-06,+1.223064E-05,-9.722207E+01,+1.093601E+00
+5.773926E+02,+3.502890E-06,-1.022854E-05,-9.932211E+01,-1.240852E+00
+5.776367E+02,-6.346602E-06,+8.366306E-06,-9.957526E+01,+2.219773E+00
+5.778809E+02,-2.890493E-06,-9.495652E-06,-1.000647E+02,-1.866287E+00
+5.781250E+02,+1.744176E-06,+3.808638E-06,-1.075578E+02,+1.141349E+00
+5.783691E+02,+4.734248E-06,+4.094542E-07,-1.064626E+02,+8.627301E-02
+5.786133E+02,-6.140910E-06,+6.066664E-06,-1.012775E+02,+2.362276E+00
+5.788574E+02,+4.151870E-06,-9.368986E-06,-9.978745E+01,-1.153653E+00
+5.791016E+02,-2.288569E-06,+5.495922E-06,-1.045047E+02,+1.965371E+00
+5.793457E+02,+1.538035E-06,-9.901748E-07,-1.147547E+02,-5.719986E-01
+5.795898E+02,-2.462062E-06,+1.893231E-06,-1.101565E+02,+2.486066E+00
+5.798340E+02,+2.300791E-06,-2.645296E-06,-1.091040E+02,-8.549377E-01
+5.800781E+02,+1.142247E-06,+1.541309E-06,-1.143411E+02,+9.330230E-01
+5.803223E+02,-2.975713E-06,-2.121916E-06,-1.087428E+02,-2.522143E+00
+5.805664E+02,+2.151703E-06,+1.653251E-06,-1.113294E+02,+6.551390E-01
+5.808105E+02,-1.040776E-06,-7.564371E-06,-1.023431E+02,-1.707527E+00
+5.810547E+02,+1.785234E-06,+1.013732E-05,-9.974890E+01,+1.396479E+00
+5.812988E+02,-7.967392E-06,+5.062191E-07,-1.019562E+02,+3.078142E+00
+5.815430E+02,+6.552788E-06,-9.848163E-06,-9.854104E+01,-9.836838E-01
+5.817871E+02,+3.040135E-06,+1.388479E-05,-9.694585E+01,+1.355244E+00
+5.820312E+02,-4.801841E-06,-6.991735E-06,-1.014302E+02,-2.172600E+00
+5.822754E+02,+4.233866E-06,-6.012982E-06,-1.026695E+02,-9.573101E-01
+5.825195E+02,-1.001986E-05,+1.378149E-05,-9.537112E+01,+2.199448E+00
+5.827637E+02,+1.554079E-05,-1.621048E-05,-9.297314E+01,-8.064865E-01
+5.830078E+02,-7.395647E-06,+6.015586E-06,-1.004152E+02,+2.458737E+00
+5.832520E+02,-9.553139E-07,+8.581675E-06,-1.012751E+02,+1.681660E+00
+5.834961E+02,+9.253588E-07,-6.612511E-06,-1.035084E+02,-1.431759E+00
+5.837402E+02,+6.110110E-07,-2.762955E-06,-1.109652E+02,-1.353155E+00
+5.839844E+02,-4.966024E-07,+2.794666E-06,-1.109384E+02,+1.746657E+00
+5.842285E+02,+1.022047E-08,-3.097172E-06,-1.101806E+02,-1.567496E+00
+5.844727E+02,+2.703306E-06,+1.917620E-06,-1.095919E+02,+6.169810E-01
+5.847168E+02,-7.434103E-06,-1.080226E-06,-1.024847E+02,-2.997296E+00
+5.849609E+02,+4.195566E-06,+2.163144E-06,-1.065205E+02,+4.760327E-01
+5.852051E+02,-1.339360E-06,-4.066298E-06,-1.073687E+02,-1.888985E+00
+5.854492E+02,-1.741552E-06,+2.004801E-06,-1.115167E+02,+2.286042E+00
+5.856934E+02,+4.171679E-06,+2.061361E-06,-1.066450E+02,+4.589424E-01
+5.859375E+02,-1.600928E-06,+7.696850E-07,-1.150095E+02,+2.693444E+00
+5.861816E+02,-4.759589E-06,-2.554148E-06,-1.053495E+02,-2.649071E+00
+5.864258E+02,+6.443585E-06,+3.551930E-06,-1.026651E+02,+5.037910E-01
+5.866699E+02,-3.663773E-06,-1.727597E-06,-1.078495E+02,-2.700975E+00
+5.869141E+02,+4.296827E-06,+2.976473E-06,-1.056349E+02,+6.058194E-01
+5.871582E+02,-1.308646E-06,-7.417776E-06,-1.024614E+02,-1.745420E+00
+5.874023E+02,-2.484926E-06,+3.421113E-06,-1.074766E+02,+2.198989E+00
+5.876465E+02,+4.034966E-06,+1.009045E-06,-1.076198E+02,+2.450495E-01
+5.878906E+02,-2.222124E-06,+1.592562E-06,-1.112644E+02,+2.519757E+00
+5.881348E+02,-6.452695E-06,-3.381882E-06,-1.027512E+02,-2.658849E+00
+5.883789E+02,+6.163448E-06,-4.076929E-06,-1.026273E+02,-5.843955E-01
+5.886230E+02,+2.779773E-06,+1.312547E-05,-9.744714E+01,+1.362096E+00
+5.888672E+02,-3.225007E-07,-1.616529E-05,-9.582660E+01,-1.590744E+00
+5.891113E+02,-7.097664E-06,+9.634592E-06,-9.844051E+01,+2.205722E+00
+5.893555E+02,-1.920036E-06,-2.609920E-06,-1.097888E+02,-2.205062E+00
+5.895996E+02,+9.496347E-06,+1.946787E-06,-1.002701E+02,+2.022022E-01
+5.898438E+02,-1.082090E-05,-3.012240E-07,-9.931137E+01,-3.113763E+00
+5.900879E+02,+7.980729E-06,+1.436629E-06,-1.018206E+02,+1.781048E-01
+5.903320E+02,+1.741082E-06,-5.473211E-06,-1.048165E+02,-1.262809E+00
+5.905762E+02,-6.622786E-06,+6.731555E-06,-1.004976E+02,+2.348050E+00
+5.908203E+02,+3.188816E-06,+1.620310E-06,-1.089299E+02,+4.701247E-01
+5.910645E+02,+3.767192E-07,-5.745385E-06,-1.047950E+02,-1.505321E+00
+5.913086E+02,+6.982294E-07,+3.319233E-06,-1.093912E+02,+1.363461E+00
+5.915527E+02,-1.123525E-06,+4.226013E-06,-1.071848E+02,+1.830645E+00
+5.917969E+02,+3.568158E-06,-9.027786E-06,-1.002580E+02,-1.194399E+00
+5.920410E+02,-5.133876E-06,+5.989747E-06,-1.020597E+02,+2.279404E+00
+5.922852E+02,+4.188367E-06,-4.547735E-06,-1.041766E+02,-8.265110E-01
+5.925293E+02,+4.664205E-08,+4.467092E-06,-1.069990E+02,+1.560355E+00
+5.927734E+02,-9.697549E-07,-9.689768E-06,-1.002304E+02,-1.670545E+00
+5.930176E+02,-3.898475E-06,+1.476170E-05,-9.632446E+01,+1.828995E+00
+5.932617E+02,+5.524323E-06,-3.747979E-06,-1.035100E+02,-5.961162E-01
+5.935059E+02,-1.087518E-06,-1.100667E-05,-9.912469E+01,-1.669282E+00
+5.937500E+02,-1.252704E-06,+6.778003E-06,-1.032321E+02,+1.753553E+00
+5.939941E+02,+3.696132E-06,+3.249032E-06,-1.061587E+02,+7.211112E-01
+5.942383E+02,-1.115959E-05,-4.141588E-06,-9.848663E+01,-2.786225E+00
+5.944824E+02,+1.349184E-05,+2.470852E-06,-9.725531E+01,+1.811296E-01
+5.947266E+02,-7.294724E-06,-4.758768E-07,-1.027214E+02,-3.076449E+00
+5.949707E+02,-6.371370E-07,+4.079134E-06,-1.076840E+02,+1.725739E+00
+5.952148E+02,+3.701873E-07,-6.857208E-06,-1.032644E+02,-1.516864E+00
+5.954590E+02,+2.797677E-06,+5.025817E-06,-1.048036E+02,+1.062853E+00
+5.957031E+02,+2.477476E-06,-3.591741E-06,-1.072037E+02,-9.669690E-01
+5.959473E+02,-6.515604E-06,+1.603412E-06,-1.034656E+02,+2.900299E+00
+5.961914E+02,+8.471585E-06,-1.316608E-06,-1.013371E+02,-1.541812E-01
+5.964355E+02,-8.507947E-06,-6.928216E-07,-1.013748E+02,-3.060340E+00
+5.966797E+02,-7.412795E-07,+2.666860E-06,-1.111568E+02,+1.841912E+00
+5.969238E+02,+8.897750E-06,-3.147952E-06,-1.005022E+02,-3.400489E-01
+5.971680E+02,-3.097965E-06,+7.192297E-06,-1.021235E+02,+1.977513E+00
+5.974121E+02,+1.478550E-06,-6.429935E-06,-1.036121E+02,-1.344777E+00
+5.976562E+02,-9.004880E-06,-2.604955E-06,-1.005614E+02,-2.859997E+00
+5.979004E+02,+6.215062E-06,+6.279281E-06,-1.010759E+02,+7.905380E-01
+5.981445E+02,+1.287269E-06,-2.051400E-06,-1.123171E+02,-1.010396E+00
+5.983887E+02,-2.052978E-06,-3.600387E-06,-1.076504E+02,-2.089024E+00
+5.986328E+02,+4.605887E-06,+6.820168E-06,-1.016923E+02,+9.768177E-01
+5.988770E+02,-6.269887E-06,-8.147204E-06,-9.975974E+01,-2.226708E+00
+5.991211E+02,+4.458623E-06,+2.292039E-06,-1.059976E+02,+4.748393E-01
+5.993652E+02,-6.576906E-06,+2.977105E-06,-1.028300E+02,+2.716529E+00
+5.996094E+02,+6.567702E-06,-4.980026E-07,-1.036268E+02,-7.568118E-02
+5.998535E+02,-2.816699E-06,-5.917926E-06,-1.036698E+02,-2.015028E+00
+6.000977E+02,+3.510759E-06,+1.261099E-05,-9.766084E+01,+1.299282E+00
+6.003418E+02,-7.543244E-06,-7.254584E-06,-9.960469E+01,-2.375699E+00
+6.005859E+02,+2.517239E-06,-1.540157E-06,-1.106005E+02,-5.490828E-01
+6.008301E+02,+7.492825E-06,-2.025472E-07,-1.025039E+02,-2.702558E-02
+6.010742E+02,-4.712308E-06,+5.772877E-06,-1.025546E+02,+2.255388E+00
+6.013184E+02,+2.319273E-06,-4.604386E-06,-1.057545E+02,-1.104186E+00
+6.015625E+02,-5.843427E-06,-4.676417E-06,-1.025170E+02,-2.466677E+00
+6.018066E+02,+3.255072E-06,+5.028584E-06,-1.044512E+02,+9.963118E-01
+6.020508E+02,+2.483033E-06,+3.189079E-06,-1.078686E+02,+9.092380E-01
+6.022949E+02,-5.948619E-06,-6.910045E-06,-1.008022E+02,-2.281565E+00
+6.025391E+02,+7.623946E-06,+8.668444E-06,-9.875279E+01,+8.494201E-01
+6.027832E+02,-1.038192E-05,-6.042443E-06,-9.840748E+01,-2.614502E+00
+6.030273E+02,+6.532774E-06,+1.546413E-06,-1.034613E+02,+2.324377E-01
+6.032715E+02,-2.611450E-06,+7.381688E-07,-1.113285E+02,+2.866113E+00
+6.035156E+02,+4.556211E-06,-2.166630E-06,-1.059426E+02,-4.438833E-01
+6.037598E+02,-9.026653E-07,+1.046129E-06,-1.171915E+02,+2.282711E+00
+6.040039E+02,-3.593238E-06,-1.240019E-06,-1.084016E+02,-2.809292E+00
+6.042480E+02,-7.078559E-07,-2.583309E-06,-1.114421E+02,-1.838243E+00
+6.044922E+02,+1.100991E-06,+6.725796E-06,-1.033303E+02,+1.408539E+00
+6.047363E+02,+3.470075E-07,+4.670758E-06,-1.065883E+02,+1.496639E+00
+6.049805E+02,+5.119818E-06,-1.254798E-05,-9.735976E+01,-1.183396E+00
+6.052246E+02,-1.299156E-06,+8.680065E-06,-1.011333E+02,+1.719365E+00
+6.054688E+02,-5.009699E-06,-6.846048E-06,-1.014288E+02,-2.202525E+00
+6.057129E+02,-2.278431E-07,+6.375396E-06,-1.039043E+02,+1.606519E+00
+6.059570E+02,+9.235740E-06,-2.845252E-06,-1.002968E+02,-2.988437E-01
+6.062012E+02,-8.080156E-06,-2.589379E-06,-1.014270E+02,-2.831471E+00
+6.064453E+02,+1.689421E-06,+2.267403E-06,-1.109717E+02,+9.304444E-01
+6.066895E+02,-5.383848E-06,+2.474958E-07,-1.053690E+02,+3.095655E+00
+6.069336E+02,+1.120510E-05,-2.040428E-06,-9.887001E+01,-1.801244E-01
+6.071777E+02,-6.816863E-06,+1.213951E-06,-1.031927E+02,+2.965359E+00
+6.074219E+02,+1.488446E-06,+1.208032E-06,-1.143476E+02,+6.817779E-01
+6.076660E+02,-4.549501E-06,-2.316865E-07,-1.068295E+02,-3.090711E+00
+6.079102E+02,+7.117281E-06,-3.103481E-06,-1.021977E+02,-4.111917E-01
+6.081543E+02,-6.044815E-06,+6.138428E-06,-1.012948E+02,+2.348511E+00
+6.083984E+02,+9.379834E-06,-5.345181E-06,-9.933479E+01,-5.179620E-01
+6.086426E+02,-1.475428E-05,+1.839332E-06,-9.655467E+01,+3.017568E+00
+6.088867E+02,+1.257532E-05,+4.810149E-07,-9.800327E+01,+3.823207E-02
+6.091309E+02,-2.752736E-06,-3.217823E-06,-1.074637E+02,-2.278455E+00
+6.093750E+02,+6.589070E-07,+5.727612E-06,-1.047834E+02,+1.456259E+00
+6.096191E+02,-1.048347E-07,-3.215559E-06,-1.098503E+02,-1.603387E+00
+6.098633E+02,-4.535090E-06,-2.522718E-07,-1.068549E+02,-3.086023E+00
+6.101074E+02,+4.743931E-06,+1.111864E-06,-1.062450E+02,+2.302207E-01
+6.103516E+02,+2.970218E-06,-3.022834E-06,-1.074570E+02,-7.941774E-01
+6.105957E+02,-6.655528E-06,+2.984843E-06,-1.027404E+02,+2.720007E+00
+6.108398E+02,+7.844645E-08,-4.202936E-06,-1.075274E+02,-1.552134E+00
+6.110840E+02,-4.009573E-06,+2.422070E-06,-1.065870E+02,+2.598185E+00
+6.113281E+02,+4.908148E-06,+3.888887E-07,-1.061545E+02,+7.906809E-02
+6.115723E+02,+4.364448E-06,-1.931397E-06,-1.064247E+02,-4.166241E-01
+6.118164E+02,-7.872117E-06,+2.227257E-06,-1.017437E+02,+2.865869E+00
+6.120605E+02,+2.808062E-06,+6.245135E-06,-1.032895E+02,+1.148242E+00
+6.123047E+02,+4.073733E-06,-1.036502E-05,-9.906477E+01,-1.196316E+00
+6.125488E+02,-1.517466E-06,+9.575674E-07,-1.149219E+02,+2.578669E+00
+6.127930E+02,+3.154725E-08,+2.765431E-06,-1.111642E+02,+1.559389E+00
+6.130371E+02,-3.720489E-06,+2.177038E-06,-1.073092E+02,+2.612165E+00
+6.132812E+02,-2.237116E-07,-4.101669E-06,-1.077279E+02,-1.625284E+00
+6.135254E+02,+5.727862E-06,+8.986889E-06,-9.944727E+01,+1.003360E+00
+6.137695E+02,-4.826128E-07,-1.339924E-05,-9.745277E+01,-1.606799E+00
+6.140137E+02,-7.432073E-06,+6.243333E-06,-1.002588E+02,+2.442902E+00
+6.142578E+02,+6.387914E-06,+1.314028E-06,-1.037128E+02,+2.028753E-01
+6.145020E+02,-5.127883E-06,-2.824076E-06,-1.046508E+02,-2.638190E+00
+6.147461E+02,-4.136189E-07,+2.565203E-06,-1.117061E+02,+1.730662E+00
+6.149902E+02,+9.719370E-06,+4.209659E-07,-1.002391E+02,+4.328500E-02
+6.152344E+02,-3.035657E-06,+1.852110E-06,-1.089806E+02,+2.593766E+00
+6.154785E+02,-6.457044E-06,-8.023553E-06,-9.974404E+01,-2.248434E+00
+6.157227E+02,+4.693137E-06,+5.037608E-07,-1.065210E+02,+1.069304E-01
+6.159668E+02,-6.598173E-06,+6.176236E-06,-1.008787E+02,+2.389212E+00
+6.162109E+02,+2.765225E-06,-6.522908E-06,-1.029934E+02,-1.169836E+00
+6.164551E+02,-1.592433E-06,+6.514852E-06,-1.034699E+02,+1.810527E+00
+6.166992E+02,+8.510497E-06,-2.744468E-06,-1.009712E+02,-3.119512E-01
+6.169434E+02,-8.174249E-06,+3.626476E-06,-1.009707E+02,+2.724035E+00
+6.171875E+02,-3.312728E-06,-3.591976E-06,-1.062203E+02,-2.315773E+00
+6.174316E+02,+8.640271E-06,+6.209490E-06,-9.946107E+01,+6.231456E-01
+6.176758E+02,+5.081246E-06,-5.347747E-06,-1.026426E+02,-8.109465E-01
+6.179199E+02,-7.560142E-06,-6.021327E-07,-1.024019E+02,-3.062115E+00
+6.181641E+02,+4.915413E-06,+1.482051E-06,-1.057909E+02,+2.928424E-01
+6.184082E+02,-1.029353E-05,+1.596241E-06,-9.964551E+01,+2.987746E+00
+6.186523E+02,+5.995723E-06,-9.362802E-07,-1.043385E+02,-1.549069E-01
+6.188965E+02,+8.904081E-08,-3.922180E-07,-1.279112E+02,-1.347561E+00
+6.191406E+02,-6.826558E-06,+3.295841E-06,-1.024060E+02,+2.691802E+00
+6.193848E+02,+1.506603E-05,-8.531803E-06,-9.523202E+01,-5.152670E-01
+6.196289E+02,-1.391261E-05,+1.754578E-06,-9.706329E+01,+3.016141E+00
+6.198730E+02,+7.549620E-06,+3.919586E-06,-1.014050E+02,+4.788710E-01
+6.201172E+02,-1.367327E-07,-3.348076E-06,-1.094968E+02,-1.611613E+00
+6.203613E+02,-7.801636E-06,+4.579786E-06,-1.008703E+02,+2.610765E+00
+6.206055E+02,+7.537592E-06,-4.513861E-06,-1.011244E+02,-5.395710E-01
+6.208496E+02,+1.108895E-06,+4.161501E-06,-1.073171E+02,+1.310382E+00
+6.210938E+02,-9.017830E-06,-3.135718E-07,-1.008927E+02,-3.106834E+00
+6.213379E+02,+1.133670E-05,-3.831977E-06,-9.844043E+01,-3.259583E-01
+6.215820E+02,-9.433892E-06,+9.997746E-07,-1.004577E+02,+3.036010E+00
+6.218262E+02,+8.516246E-06,+5.922261E-06,-9.968189E+01,+6.076371E-01
+6.220703E+02,-6.593438E-06,-5.950020E-06,-1.010305E+02,-2.407445E+00
+6.223145E+02,+3.186220E-06,+4.637094E-06,-1.049956E+02,+9.687701E-01
+6.225586E+02,-2.554135E-06,-4.833976E-06,-1.052446E+02,-2.056882E+00
+6.228027E+02,+6.211920E-06,+5.946865E-06,-1.013104E+02,+7.636021E-01
+6.230469E+02,-7.672481E-06,-7.313427E-06,-9.949414E+01,-2.380149E+00
+6.232910E+02,+5.813185E-06,-5.303968E-07,-1.046757E+02,-9.098839E-02
+6.235352E+02,-2.208947E-06,+5.540384E-06,-1.044885E+02,+1.950181E+00
+6.237793E+02,-2.628962E-06,-6.164493E-06,-1.034763E+02,-1.973910E+00
+6.240234E+02,+3.908131E-06,+6.013051E-06,-1.028878E+02,+9.944622E-01
+6.242676E+02,-7.089379E-07,-2.979585E-06,-1.102777E+02,-1.804385E+00
+6.245117E+02,-7.148751E-06,+1.886579E-06,-1.026230E+02,+2.883572E+00
+6.247559E+02,+6.358308E-06,-3.020200E-06,-1.030496E+02,-4.434489E-01
+6.250000E+02,-1.153177E-06,+2.585510E-06,-1.109611E+02,+1.990332E+00
+6.252441E+02,+3.324463E-06,-2.231914E-06,-1.079497E+02,-5.912454E-01
+6.254883E+02,-5.265374E-06,+6.732686E-06,-1.013636E+02,+2.234503E+00
+6.257324E+02,+3.008912E-06,-5.710072E-06,-1.038030E+02,-1.085823E+00
+6.259766E+02,+3.134028E-06,+1.502000E-06,-1.091800E+02,+4.469147E-01
+6.262207E+02,-4.952009E-06,-7.085989E-07,-1.060163E+02,-2.999464E+00
+6.264648E+02,-1.946816E-06,-3.570403E-06,-1.078152E+02,-2.069997E+00
+6.267090E+02,+7.732659E-06,+2.775348E-06,-1.017072E+02,+3.445925E-01
+6.269531E+02,-1.083904E-05,+1.195132E-06,-9.924770E+01,+3.031775E+00
+6.271973E+02,+6.513470E-06,-1.807391E-06,-1.034016E+02,-2.706751E-01
+6.274414E+02,+1.708356E-06,+7.912299E-06,-1.018361E+02,+1.358149E+00
+6.276855E+02,-1.744704E-06,-2.345538E-06,-1.106826E+02,-2.210343E+00
+6.279297E+02,+4.652959E-06,-1.008126E-05,-9.909102E+01,-1.138383E+00
+6.281738E+02,-7.479056E-06,+6.407249E-06,-1.001328E+02,+2.433226E+00
+6.284180E+02,-2.539029E-06,+6.031544E-06,-1.036829E+02,+1.969239E+00
+6.286621E+02,+9.289110E-06,-9.115324E-06,-9.771147E+01,-7.759559E-01
+6.289062E+02,-9.670189E-06,+4.200579E-06,-9.954062E+01,+2.731800E+00
+6.291504E+02,+1.127088E-05,+1.152112E-06,-9.891570E+01,+1.018664E-01
+6.293945E+02,-4.579846E-06,-4.148554E-06,-1.041810E+02,-2.405567E+00
+6.296387E+02,-5.055946E-06,+5.256905E-06,-1.027411E+02,+2.336711E+00
+6.298828E+02,+6.719117E-06,-2.479283E-06,-1.028994E+02,-3.534907E-01
+6.301270E+02,-5.313335E-06,-3.441738E-06,-1.039710E+02,-2.566797E+00
+6.303711E+02,+6.305259E-06,+6.778287E-06,-1.006701E+02,+8.215368E-01
+6.306152E+02,-6.169821E-06,-4.676026E-06,-1.022234E+02,-2.493063E+00
+6.308594E+02,+4.799495E-06,+2.140617E-06,-1.055882E+02,+4.195298E-01
+6.311035E+02,+2.019242E-06,-5.030346E-07,-1.136347E+02,-2.441507E-01
+6.313477E+02,-4.410969E-06,+6.285983E-07,-1.070220E+02,+3.000038E+00
+6.315918E+02,-1.348907E-06,-3.280247E-06,-1.090033E+02,-1.960939E+00
+6.318359E+02,+5.138548E-06,+4.315841E-06,-1.034649E+02,+6.985983E-01
+6.320801E+02,+4.352808E-07,-2.142584E-06,-1.132056E+02,-1.370367E+00
+6.323242E+02,-5.276296E-06,+7.284011E-07,-1.054714E+02,+3.004408E+00
+6.325684E+02,-3.020297E-06,-1.599531E-06,-1.093253E+02,-2.654551E+00
+6.328125E+02,+2.623942E-06,+2.263762E-07,-1.115887E+02,+8.606026E-02
+6.330566E+02,+8.757102E-06,-3.028247E-07,-1.011476E+02,-3.456670E-02
+6.333008E+02,-7.241806E-06,+6.736568E-07,-1.027656E+02,+3.048836E+00
+6.335449E+02,+6.085660E-06,+3.541974E-08,-1.043137E+02,+5.820132E-03
+6.337891E+02,-5.848985E-06,-6.253872E-06,-1.013477E+02,-2.322753E+00
+6.340332E+02,-2.348489E-06,+1.322893E-05,-9.743475E+01,+1.746493E+00
+6.342773E+02,+1.016010E-05,-9.756074E-06,-9.702439E+01,-7.651145E-01
+6.345215E+02,-1.008520E-05,+6.986939E-06,-9.822381E+01,+2.535721E+00
+6.347656E+02,+4.375546E-06,-4.129843E-06,-1.044128E+02,-7.565182E-01
+6.350098E+02,-1.270306E-06,-6.317164E-06,-1.038174E+02,-1.769238E+00
+6.352539E+02,-8.693112E-08,+7.015164E-06,-1.030786E+02,+1.583188E+00
+6.354980E+02,+3.057796E-06,-1.624787E-07,-1.102796E+02,-5.308598E-02
+6.357422E+02,-1.551503E-06,-2.752070E-06,-1.100082E+02,-2.084141E+00
+6.359863E+02,-3.187074E-07,-1.563881E-07,-1.289952E+02,-2.685417E+00
+6.362305E+02,-2.901758E-07,+4.921968E-06,-1.061422E+02,+1.629683E+00
+6.364746E+02,-5.131345E-06,-5.676360E-06,-1.023246E+02,-2.305809E+00
+6.367188E+02,+8.132416E-06,+4.157349E-06,-1.007873E+02,+4.725730E-01
+6.369629E+02,-1.190395E-06,-3.465643E-06,-1.087200E+02,-1.901655E+00
+6.372070E+02,-2.061979E-06,+1.509802E-06,-1.118500E+02,+2.509575E+00
+6.374512E+02,+3.654659E-06,+1.143714E-06,-1.083373E+02,+3.032920E-01
+6.376953E+02,-8.646593E-06,-2.714952E-06,-1.008547E+02,-2.837350E+00
+6.379395E+02,+7.121419E-06,+2.829081E-06,-1.023123E+02,+3.781452E-01
+6.381836E+02,-8.459505E-07,-6.131222E-06,-1.041672E+02,-1.707905E+00
+6.384277E+02,+2.778193E-06,+7.097000E-06,-1.023593E+02,+1.197674E+00
+6.386719E+02,-5.784985E-06,-2.923054E-06,-1.037664E+02,-2.673728E+00
+6.389160E+02,+3.589717E-06,-2.490358E-06,-1.071924E+02,-6.065175E-01
+6.391602E+02,-6.376973E-06,+5.393809E-07,-1.038767E+02,+3.057211E+00
+6.394043E+02,+5.864486E-06,+9.156381E-06,-9.927267E+01,+1.001142E+00
+6.396484E+02,-2.188276E-06,-6.089890E-06,-1.037804E+02,-1.915758E+00
+6.398926E+02,+1.787607E-06,-3.602754E-06,-1.079115E+02,-1.110211E+00
+6.401367E+02,-7.141996E-07,-2.968955E-06,-1.103036E+02,-1.806867E+00
+6.403809E+02,-7.495409E-07,+7.857664E-06,-1.020548E+02,+1.665898E+00
+6.406250E+02,+1.535702E-06,-5.623343E-06,-1.046877E+02,-1.304203E+00
+6.408691E+02,-2.718621E-06,+2.913844E-06,-1.079911E+02,+2.321548E+00
+6.411133E+02,-1.052309E-06,+2.073479E-07,-1.193917E+02,+2.947044E+00
+6.413574E+02,+4.789703E-06,-4.169266E-06,-1.039444E+02,-7.162553E-01
+6.416016E+02,-7.792177E-06,+8.735435E-06,-9.863197E+01,+2.299185E+00
+6.418457E+02,+6.131208E-06,-3.463041E-06,-1.030466E+02,-5.141516E-01
+6.420898E+02,-5.859933E-07,-3.494911E-06,-1.090109E+02,-1.736921E+00
+6.423340E+02,+3.703643E-06,-1.056267E-06,-1.082878E+02,-2.778211E-01
+6.425781E+02,-3.428748E-06,+5.457636E-07,-1.091886E+02,+2.983744E+00
+6.428223E+02,-2.890379E-06,+5.810058E-06,-1.037560E+02,+2.032425E+00
+6.430664E+02,+3.238014E-06,-2.304192E-06,-1.080151E+02,-6.184732E-01
+6.433105E+02,-2.945702E-06,-2.635454E-07,-1.105816E+02,-3.052362E+00
+6.435547E+02,+2.501862E-06,-3.364154E-06,-1.075506E+02,-9.313509E-01
+6.437988E+02,-2.781270E-06,+9.849988E-06,-9.979813E+01,+1.845995E+00
+6.440430E+02,-7.926820E-07,-1.239977E-05,-9.811401E+01,-1.634637E+00
+6.442871E+02,+6.520826E-06,+4.714365E-06,-1.018878E+02,+6.259767E-01
+6.445312E+02,-9.168189E-06,+4.224055E-06,-9.991833E+01,+2.709852E+00
+6.447754E+02,+6.759949E-06,-8.519250E-06,-9.927109E+01,-9.000369E-01
+6.450195E+02,-3.122311E-06,+9.064166E-06,-1.003665E+02,+1.902534E+00
+6.452637E+02,+2.964998E-06,-5.725469E-06,-1.038120E+02,-1.092962E+00
+6.455078E+02,-1.065353E-06,-6.808871E-07,-1.179626E+02,-2.572905E+00
+6.457520E+02,+3.183785E-06,+4.455086E-06,-1.052311E+02,+9.503119E-01
+6.459961E+02,-7.504700E-06,-2.503295E-06,-1.020352E+02,-2.819635E+00
+6.462402E+02,-5.916399E-07,+2.734156E-06,-1.110648E+02,+1.783899E+00
+6.464844E+02,+6.542271E-06,-8.259452E-06,-9.954599E+01,-9.008940E-01
+6.467285E+02,-7.601896E-06,+8.180914E-06,-9.904077E+01,+2.319524E+00
+6.469727E+02,+6.968763E-06,-1.431078E-06,-1.029575E+02,-2.025403E-01
+6.472168E+02,-3.571651E-06,-3.692771E-06,-1.057851E+02,-2.339523E+00
+6.474609E+02,+5.858431E-06,+5.202174E-06,-1.021195E+02,+7.261348E-01
+6.477051E+02,-9.275886E-06,-4.807087E-06,-9.961976E+01,-2.663464E+00
+6.479492E+02,+3.302865E-06,+8.629535E-06,-1.006866E+02,+1.205258E+00
+6.481934E+02,+3.915317E-06,-1.055879E-05,-9.896820E+01,-1.215703E+00
+6.484375E+02,-6.542171E-06,+6.408283E-06,-1.007641E+02,+2.366533E+00
+6.486816E+02,+6.547287E-06,-1.558753E-06,-1.034393E+02,-2.337252E-01
+6.489258E+02,-8.254723E-07,+1.803017E-06,-1.140536E+02,+2.000141E+00
+6.491699E+02,+3.344263E-07,-4.272260E-06,-1.073603E+02,-1.492677E+00
+6.494141E+02,-1.864486E-06,+6.167122E-06,-1.038185E+02,+1.864386E+00
+6.496582E+02,-3.324457E-06,-2.720012E-06,-1.073399E+02,-2.455863E+00
+6.499023E+02,+4.440982E-06,-3.147468E-06,-1.052829E+02,-6.165626E-01
+6.501465E+02,-4.947782E-06,+1.448539E-06,-1.057546E+02,+2.856786E+00
+6.503906E+02,+4.968554E-06,+3.322327E-08,-1.060752E+02,+6.686608E-03
+6.506348E+02,-1.875895E-06,+1.751955E-06,-1.118122E+02,+2.390345E+00
+6.508789E+02,+1.223137E-07,+1.184253E-07,-1.353782E+02,+7.692479E-01
+6.511230E+02,+1.644271E-07,+3.537669E-06,-1.090163E+02,+1.524351E+00
+6.513672E+02,+1.300642E-06,-7.320611E-06,-1.025741E+02,-1.394963E+00
+6.516113E+02,-2.591470E-06,+3.353651E-06,-1.074563E+02,+2.228687E+00
+6.518555E+02,+3.524425E-06,+2.642925E-06,-1.071205E+02,+6.434296E-01
+6.520996E+02,-1.069657E-06,-4.765634E-06,-1.062241E+02,-1.791589E+00
+6.523438E+02,+4.864775E-06,+2.134792E-06,-1.054939E+02,+4.135233E-01
+6.525879E+02,-8.001525E-06,+7.913785E-07,-1.018943E+02,+3.043010E+00
+6.528320E+02,+1.800762E-07,-2.916796E-06,-1.106854E+02,-1.509137E+00
+6.530762E+02,-1.103400E-08,+5.796945E-06,-1.047360E+02,+1.572700E+00
+6.533203E+02,+6.979920E-06,-2.732759E-06,-1.025036E+02,-3.731724E-01
+6.535645E+02,-1.138997E-05,-4.142799E-06,-9.832996E+01,-2.792745E+00
+6.538086E+02,+6.188385E-06,+6.645713E-06,-1.008375E+02,+8.210169E-01
+6.540527E+02,+2.241205E-06,-9.330501E-06,-1.003583E+02,-1.335060E+00
+6.542969E+02,+1.038379E-06,+1.115925E-05,-9.900986E+01,+1.478013E+00
+6.545410E+02,-1.004552E-06,-5.250602E-06,-1.054397E+02,-1.759833E+00
+6.547852E+02,-5.387310E-06,+1.922605E-06,-1.048519E+02,+2.798805E+00
+6.550293E+02,+5.499877E-06,-5.041496E-06,-1.025442E+02,-7.419416E-01
+6.552734E+02,-4.543008E-06,+3.385336E-06,-1.049350E+02,+2.501187E+00
+6.555176E+02,+2.039510E-06,-2.300461E-07,-1.137546E+02,-1.123201E-01
+6.557617E+02,+2.141823E-06,+8.350926E-06,-1.012886E+02,+1.319731E+00
+6.560059E+02,-4.375410E-06,-1.227774E-05,-9.769839E+01,-1.913134E+00
+6.562500E+02,+6.233616E-06,+2.362793E-06,-1.035222E+02,+3.623083E-01
+6.564941E+02,-9.932952E-07,+1.009698E-07,-1.200138E+02,+3.040289E+00
+6.567383E+02,-5.429712E-06,+2.768390E-06,-1.043009E+02,+2.670089E+00
+6.569824E+02,+3.279543E-06,+8.399733E-07,-1.094078E+02,+2.507351E-01
+6.572266E+02,-2.141637E-06,+1.172320E-07,-1.133721E+02,+3.086908E+00
+6.574707E+02,+3.372039E-06,-1.890581E-06,-1.082551E+02,-5.109937E-01
+6.577148E+02,-7.051346E-07,+4.386206E-07,-1.216140E+02,+2.585126E+00
+6.579590E+02,+3.715242E-06,+1.513167E-06,-1.079337E+02,+3.867717E-01
+6.582031E+02,-4.326133E-06,-1.722171E-06,-1.066391E+02,-2.762738E+00
+6.584473E+02,-6.843812E-07,-3.124860E-06,-1.098999E+02,-1.786404E+00
+6.586914E+02,-2.556256E-06,+8.760345E-06,-1.007947E+02,+1.854712E+00
+6.589355E+02,+2.940671E-06,-5.373966E-06,-1.042566E+02,-1.070100E+00
+6.591797E+02,+3.294956E-06,-1.841171E-06,-1.084629E+02,-5.095627E-01
+6.594238E+02,-5.165122E-06,+1.488642E-06,-1.053918E+02,+2.860987E+00
+6.596680E+02,+7.497298E-06,+3.657249E-06,-1.015749E+02,+4.538472E-01
+6.599121E+02,-8.117816E-06,-6.515544E-07,-1.017833E+02,-3.061502E+00
+6.601562E+02,+5.069381E-06,-7.738013E-06,-1.006765E+02,-9.908254E-01
+6.604004E+02,-1.340763E-06,+1.040009E-05,-9.958767E+01,+1.699008E+00
+6.606445E+02,-1.300131E-06,-5.626775E-06,-1.047689E+02,-1.797873E+00
+6.608887E+02,+4.403899E-06,+5.016113E-07,-1.070673E+02,+1.134129E-01
+6.611328E+02,-9.789563E-07,+1.966863E-06,-1.131633E+02,+2.032622E+00
+6.613770E+02,-2.219079E-06,-1.824339E-06,-1.108341E+02,-2.453511E+00
+6.616211E+02,-1.511576E-06,-1.834229E-06,-1.124801E+02,-2.260057E+00
+6.618652E+02,+4.993505E-06,+7.666557E-07,-1.059307E+02,+1.523410E-01
+6.621094E+02,-4.662724E-06,+5.538682E-06,-1.028052E+02,+2.270538E+00
+6.623535E+02,+4.728678E-06,-4.648755E-06,-1.035683E+02,-7.768756E-01
+6.625977E+02,-4.347284E-06,+7.539080E-07,-1.071069E+02,+2.969880E+00
+6.628418E+02,+2.936232E-06,-4.881116E-06,-1.048883E+02,-1.029238E+00
+6.630859E+02,+3.555527E-06,+8.296370E-06,-1.008899E+02,+1.165911E+00
+6.633301E+02,-3.990145E-06,-3.260483E-06,-1.057590E+02,-2.456491E+00
+6.635742E+02,-2.762472E-06,-5.878632E-06,-1.037479E+02,-2.010089E+00
+6.638184E+02,+7.435295E-06,+5.622658E-06,-1.006099E+02,+6.474649E-01
+6.640625E+02,-8.542123E-06,-4.169620E-06,-1.004406E+02,-2.687490E+00
+6.643066E+02,+1.113546E-05,+3.557646E-06,-9.864373E+01,+3.092384E-01
+6.645508E+02,-9.803151E-06,+4.383920E-06,-9.938094E+01,+2.721074E+00
+6.647949E+02,-1.641335E-06,-5.791711E-06,-1.044084E+02,-1.846949E+00
+6.650391E+02,+8.032462E-06,+2.202721E-06,-1.015881E+02,+2.676478E-01
+6.652832E+02,-1.680378E-06,-7.275882E-06,-1.025366E+02,-1.797768E+00
+6.655273E+02,-2.159694E-06,+7.151142E-06,-1.025334E+02,+1.864093E+00
+6.657715E+02,+3.382906E-06,-1.843876E-06,-1.082845E+02,-4.990401E-01
+6.660156E+02,-3.223186E-06,-1.877585E-06,-1.085654E+02,-2.614122E+00
+6.662598E+02,-3.487494E-06,+3.614729E-06,-1.059810E+02,+2.338282E+00
+6.665039E+02,+7.566149E-06,-2.642488E-06,-1.019227E+02,-3.360077E-01
+6.667480E+02,-3.103215E-06,-1.072661E-06,-1.096736E+02,-2.808789E+00
+6.669922E+02,+2.690972E-06,+4.567406E-06,-1.055125E+02,+1.038379E+00
+6.672363E+02,-5.412064E-06,-6.044898E-06,-1.018157E+02,-2.301015E+00
+6.674805E+02,+6.346623E-06,-3.744907E-06,-1.026517E+02,-5.330808E-01
+6.677246E+02,-2.992256E-06,+8.886525E-06,-1.005589E+02,+1.895590E+00
+6.679688E+02,-3.873715E-06,-3.394950E-06,-1.057624E+02,-2.421967E+00
+6.682129E+02,+3.302917E-06,+1.054480E-06,-1.092005E+02,+3.090290E-01
+6.684570E+02,-3.201895E-06,-6.994385E-06,-1.022787E+02,-2.000102E+00
+6.687012E+02,+7.281196E-06,+9.100689E-06,-9.866978E+01,+8.960122E-01
+6.689453E+02,-6.083292E-06,-3.962886E-06,-1.027810E+02,-2.564207E+00
+6.691895E+02,-1.136628E-06,+2.196391E-07,-1.187284E+02,+2.950708E+00
+6.694336E+02,+6.348706E-06,-7.762627E-06,-9.997556E+01,-8.852624E-01
+6.696777E+02,-6.073447E-06,+1.303382E-05,-9.684518E+01,+2.006856E+00
+6.699219E+02,+1.711424E-07,-1.043018E-05,-9.963300E+01,-1.554389E+00
+6.701660E+02,+5.937954E-06,+3.032775E-06,-1.035206E+02,+4.722059E-01
+6.704102E+02,-9.551774E-06,-1.623106E-06,-1.002747E+02,-2.973273E+00
+6.706543E+02,+6.912324E-06,+1.576482E-06,-1.029873E+02,+2.242330E-01
+6.708984E+02,-4.035747E-06,-1.007235E-08,-1.078815E+02,-3.139097E+00
+6.711426E+02,+8.563192E-07,-3.576436E-06,-1.086889E+02,-1.335787E+00
+6.713867E+02,+1.723969E-06,+9.191535E-06,-1.005821E+02,+1.385390E+00
+6.716309E+02,-4.954140E-06,-8.072837E-06,-1.004714E+02,-2.121214E+00
+6.718750E+02,+5.037223E-07,-9.019737E-07,-1.197172E+02,-1.061476E+00
+6.721191E+02,+7.290943E-07,+6.211871E-06,-1.040761E+02,+1.453960E+00
+6.723633E+02,+1.468722E-06,-5.995660E-06,-1.041902E+02,-1.330563E+00
+6.726074E+02,-2.000052E-06,+4.610316E-06,-1.059765E+02,+1.980115E+00
+6.728516E+02,-8.453019E-07,-1.797237E-06,-1.140400E+02,-2.010431E+00
+6.730957E+02,-4.964650E-07,-5.333661E-06,-1.054220E+02,-1.663610E+00
+6.733398E+02,+3.620999E-06,+1.019362E-05,-9.931734E+01,+1.229477E+00
+6.735840E+02,-2.527569E-06,-2.758434E-06,-1.085395E+02,-2.312547E+00
+6.738281E+02,-4.868067E-06,-1.842019E-06,-1.056717E+02,-2.779855E+00
+6.740723E+02,+7.200267E-06,-9.335242E-06,-9.857014E+01,-9.138023E-01
+6.743164E+02,-9.221127E-06,+1.531425E-05,-9.495454E+01,+2.112778E+00
+6.745605E+02,+1.692076E-06,-4.942475E-06,-1.056398E+02,-1.240949E+00
+6.748047E+02,+5.733211E-06,+1.072314E-06,-1.046827E+02,+1.848992E-01
+6.750488E+02,+1.521397E-06,+1.140370E-06,-1.144188E+02,+6.432160E-01
+6.752930E+02,-9.026931E-06,-1.008490E-05,-9.737097E+01,-2.300894E+00
+6.755371E+02,+2.459659E-06,+1.202435E-05,-9.822074E+01,+1.369023E+00
+6.757812E+02,+1.820464E-06,+2.635098E-07,-1.147063E+02,+1.437503E-01
+6.760254E+02,+2.246261E-06,-8.462270E-06,-1.011546E+02,-1.311336E+00
+6.762695E+02,-7.368346E-06,+9.066684E-06,-9.864876E+01,+2.253223E+00
+6.765137E+02,+4.698288E-06,-2.824702E-06,-1.052211E+02,-5.413157E-01
+6.767578E+02,-4.122232E-06,-2.598351E-06,-1.062444E+02,-2.579172E+00
+6.770020E+02,+4.983577E-07,+5.517571E-06,-1.051298E+02,+1.480719E+00
+6.772461E+02,-4.232907E-07,+2.782184E-06,-1.110129E+02,+1.721782E+00
+6.774902E+02,+6.190297E-06,-2.865718E-06,-1.033225E+02,-4.335601E-01
+6.777344E+02,-7.240425E-06,+1.886635E-06,-1.025194E+02,+2.886691E+00
+6.779785E+02,+7.005475E-06,+3.788712E-06,-1.019770E+02,+4.957691E-01
+6.782227E+02,-8.687635E-06,-8.134199E-06,-9.848813E+01,-2.389082E+00
+6.784668E+02,+9.389410E-06,+9.792734E-06,-9.735043E+01,+8.064211E-01
+6.787109E+02,-3.110381E-06,-6.497678E-06,-1.028488E+02,-2.017252E+00
+6.789551E+02,+5.339048E-07,+2.588190E-06,-1.115591E+02,+1.367365E+00
+6.791992E+02,-4.477271E-06,+5.206510E-06,-1.032648E+02,+2.281031E+00
+6.794434E+02,+8.529737E-06,-4.584418E-06,-1.002792E+02,-4.931669E-01
+6.796875E+02,-1.185672E-06,+1.249131E-06,-1.152781E+02,+2.330137E+00
+6.799316E+02,-1.835031E-06,-2.670453E-06,-1.097887E+02,-2.172853E+00
+6.801758E+02,+8.828281E-07,+3.757641E-06,-1.082684E+02,+1.340039E+00
+6.804199E+02,+2.453873E-06,+6.199329E-09,-1.122029E+02,+2.526339E-03
+6.806641E+02,-3.463944E-06,-6.266436E-07,-1.090687E+02,-2.962624E+00
+6.809082E+02,+3.315620E-06,+9.341800E-07,-1.092569E+02,+2.746319E-01
+6.811523E+02,-2.428216E-06,+6.899034E-06,-1.027170E+02,+1.909220E+00
+6.813965E+02,+6.751531E-06,-1.354724E-05,-9.639954E+01,-1.108454E+00
+6.816406E+02,-5.111438E-06,+1.259305E-05,-9.733505E+01,+1.956373E+00
+6.818848E+02,+6.509703E-06,-7.650879E-06,-9.996056E+01,-8.658125E-01
+6.821289E+02,-6.218586E-06,+5.327588E-07,-1.040944E+02,+3.056129E+00
+6.823730E+02,+8.075943E-06,+3.156908E-06,-1.012386E+02,+3.726394E-01
+6.826172E+02,-2.749553E-06,-1.519918E-08,-1.112146E+02,-3.136065E+00
+6.828613E+02,+2.618696E-07,-3.632426E-06,-1.087736E+02,-1.498829E+00
+6.831055E+02,+2.501175E-06,+3.913195E-06,-1.066617E+02,+1.002076E+00
+6.833496E+02,-1.357713E-06,-5.094048E-06,-1.055607E+02,-1.831270E+00
+6.835938E+02,+3.679090E-06,+4.322494E-06,-1.049188E+02,+8.656350E-01
+6.838379E+02,-4.107491E-06,-5.795978E-06,-1.029701E+02,-2.187324E+00
+6.840820E+02,+4.330431E-06,+1.945648E-06,-1.064708E+02,+4.222688E-01
+6.843262E+02,-2.796733E-07,-3.582674E-06,-1.088895E+02,-1.648701E+00
+6.845703E+02,-2.757988E-06,+7.358343E-06,-1.020935E+02,+1.929401E+00
+6.848145E+02,+3.189509E-06,-3.236836E-06,-1.068508E+02,-7.927626E-01
+6.850586E+02,+9.970340E-07,+3.973125E-06,-1.077521E+02,+1.324929E+00
+6.853027E+02,-1.356995E-06,-8.310441E-06,-1.014932E+02,-1.732656E+00
+6.855469E+02,+8.432399E-06,+3.546733E-07,-1.014733E+02,+4.203601E-02
+6.857910E+02,-4.178239E-07,+4.912061E-06,-1.061434E+02,+1.655653E+00
+6.860352E+02,-7.338038E-06,-4.132708E-06,-1.014919E+02,-2.628679E+00
+6.862793E+02,+6.463919E-06,-4.560740E-06,-1.020355E+02,-6.144536E-01
+6.865234E+02,+8.724357E-07,+3.816193E-06,-1.081461E+02,+1.346045E+00
+6.867676E+02,+2.234371E-06,-6.720135E-06,-1.029971E+02,-1.249806E+00
+6.870117E+02,-1.290507E-06,-3.172336E-06,-1.093073E+02,-1.957151E+00
+6.872559E+02,+8.873359E-06,+2.476364E-06,-1.007125E+02,+2.721541E-01
+6.875000E+02,-8.743094E-06,-3.367528E-06,-1.005659E+02,-2.773941E+00
+6.877441E+02,+6.949392E-06,-7.649405E-06,-9.971398E+01,-8.333116E-01
+6.879883E+02,-1.292615E-06,-7.858544E-06,-1.019772E+02,-1.733822E+00
+6.882324E+02,-4.858013E-06,-1.251639E-05,-9.744099E+01,-1.941030E+00
+6.884766E+02,-8.628161E-06,+6.303600E-06,-9.942407E+01,+2.510634E+00
+6.887207E+02,-3.517536E-06,-1.630869E-05,-9.555414E+01,-1.783227E+00
+6.889648E+02,-9.195321E-06,+3.803327E-06,-1.000428E+02,+2.749404E+00
+6.892090E+02,-2.488367E-05,-2.001622E-05,-8.991466E+01,-2.464180E+00
+6.894531E+02,-3.881069E-05,+2.858282E-06,-8.819748E+01,+3.068079E+00
+6.896973E+02,-2.071419E-05,+6.616917E-05,-8.318086E+01,+1.874181E+00
+6.899414E+02,+1.798596E-05,+1.258918E-04,-7.791230E+01,+1.428888E+00
+6.901855E+02,+1.390059E-04,-1.127010E-04,-7.494522E+01,-6.812701E-01
+6.904297E+02,-5.546607E-05,-2.408878E-05,-8.436904E+01,-2.731873E+00
+6.906738E+02,-8.242239E-06,-1.240653E-06,-1.015818E+02,-2.992190E+00
+6.909180E+02,+1.409494E-06,+6.418741E-07,-1.162003E+02,+4.273300E-01
+6.911621E+02,-8.572273E-06,-9.485566E-07,-1.012852E+02,-3.031387E+00
+6.914062E+02,+4.780096E-06,+5.558168E-07,-1.063529E+02,+1.157575E-01
+6.916504E+02,-8.153593E-06,-5.399716E-06,-1.001937E+02,-2.556654E+00
+6.918945E+02,+6.124831E-06,+5.044782E-06,-1.020091E+02,+6.890026E-01
+6.921387E+02,+3.985128E-06,+3.119820E-06,-1.059151E+02,+6.642054E-01
+6.923828E+02,-6.062634E-07,-7.463725E-06,-1.025123E+02,-1.651846E+00
+6.926270E+02,-2.342843E-06,-4.282067E-06,-1.062297E+02,-2.071433E+00
+6.928711E+02,-2.975197E-06,-6.882103E-06,-1.025015E+02,-1.978842E+00
+6.931152E+02,-5.985761E-06,-6.915728E-06,-1.007750E+02,-2.284237E+00
+6.933594E+02,-9.831750E-06,+1.042269E-06,-1.000988E+02,+3.035977E+00
+6.936035E+02,-1.300967E-05,-1.171372E-05,-9.513622E+01,-2.408564E+00
+6.938477E+02,-3.316292E-05,+5.400394E-06,-8.947327E+01,+2.980165E+00
+6.940918E+02,-2.061529E-05,+3.733208E-05,-8.740245E+01,+2.075337E+00
+6.943359E+02,-2.176752E-05,+7.703573E-05,-8.193256E+01,+1.846181E+00
+6.945801E+02,+1.273860E-04,+3.452173E-05,-7.758978E+01,+2.646446E-01
+6.948242E+02,+2.734081E-05,-8.165722E-05,-8.129864E+01,-1.247705E+00
+6.950684E+02,-1.575840E-05,-2.208990E-05,-9.132951E+01,-2.190443E+00
+6.953125E+02,-1.069161E-05,-9.254716E-06,-9.699057E+01,-2.428108E+00
+6.955566E+02,-1.445774E-05,-4.272078E-06,-9.643445E+01,-2.854281E+00
+6.958008E+02,-8.286041E-06,+5.916062E-06,-9.984396E+01,+2.521546E+00
+6.960449E+02,+6.358347E-06,+2.355310E-06,-1.033747E+02,+3.547563E-01
+6.962891E+02,+1.370890E-05,-3.860932E-06,-9.692844E+01,-2.745259E-01
+6.965332E+02,-1.389316E-05,-8.385015E-06,-9.579502E+01,-2.598577E+00
+6.967773E+02,-1.302446E-05,+4.043210E-06,-9.730524E+01,+2.840593E+00
+6.970215E+02,+1.491791E-05,+2.605297E-06,-9.639536E+01,+1.728985E-01
+6.972656E+02,-1.249693E-05,+2.681222E-06,-9.786848E+01,+2.930246E+00
+6.975098E+02,+6.918392E-06,-6.643303E-07,-1.031600E+02,-9.573030E-02
+6.977539E+02,-9.193656E-07,-4.645809E-06,-1.064919E+02,-1.766163E+00
+6.979980E+02,+1.947576E-06,+2.957848E-06,-1.090164E+02,+9.885083E-01
+6.982422E+02,-6.696689E-06,+2.847523E-05,-9.067686E+01,+1.801775E+00
+6.984863E+02,+3.367527E-05,-4.331606E-05,-8.521389E+01,-9.099690E-01
+6.987305E+02,-2.414921E-05,-2.329427E-07,-9.234154E+01,-3.131947E+00
+6.989746E+02,-1.175062E-05,-6.807321E-06,-9.734200E+01,-2.616521E+00
+6.992188E+02,-4.224710E-06,+1.880254E-05,-9.430177E+01,+1.791814E+00
+6.994629E+02,+1.069036E-05,-9.313571E-07,-9.938731E+01,-8.690176E-02
+6.997070E+02,-1.147839E-05,+3.477456E-06,-9.842102E+01,+2.847425E+00
+6.999512E+02,+6.889877E-06,-1.739692E-06,-1.029673E+02,-2.473299E-01
+7.001953E+02,+4.922771E-06,+1.446753E-06,-1.057960E+02,+2.858419E-01
+7.004395E+02,-1.114886E-05,+1.909267E-06,-9.892986E+01,+2.971986E+00
+7.006836E+02,+1.223267E-05,-2.837915E-06,-9.802190E+01,-2.279621E-01
+7.009277E+02,-7.912040E-06,+4.247920E-06,-1.009342E+02,+2.648868E+00
+7.011719E+02,+4.662364E-06,-5.276676E-06,-1.030469E+02,-8.471277E-01
+7.014160E+02,-5.581729E-06,+1.068724E-05,-9.837517E+01,+2.052108E+00
+7.016602E+02,+5.008590E-06,-1.090521E-05,-9.841608E+01,-1.140249E+00
+7.019043E+02,-4.837071E-06,+7.686755E-06,-1.008363E+02,+2.132463E+00
+7.021484E+02,+1.012134E-05,-5.400027E-06,-9.880738E+01,-4.901094E-01
+7.023926E+02,-1.368847E-05,+9.301038E-06,-9.562434E+01,+2.544772E+00
+7.026367E+02,+8.443191E-06,-5.330560E-06,-1.000129E+02,-5.631485E-01
+7.028809E+02,+9.066556E-06,+7.561271E-06,-9.855814E+01,+6.951162E-01
+7.031250E+02,-7.454717E-06,-3.360296E-06,-1.017480E+02,-2.718106E+00
+7.033691E+02,-5.905485E-06,-1.875163E-06,-1.041577E+02,-2.834133E+00
+7.036133E+02,+1.566018E-05,+4.634583E-06,-9.573943E+01,+2.877343E-01
+7.038574E+02,+5.626066E-06,+8.366544E-06,-9.992886E+01,+9.788018E-01
+7.041016E+02,+1.102658E-05,-1.275003E-05,-9.546455E+01,-8.577566E-01
+7.043457E+02,+1.110707E-06,-3.179134E-05,-8.994853E+01,-1.535873E+00
+7.045898E+02,-3.759225E-05,+4.277249E-06,-8.844217E+01,+3.028300E+00
+7.048340E+02,-3.495098E-05,+5.444069E-05,-8.378267E+01,+2.141528E+00
+7.050781E+02,+5.607777E-05,+8.276628E-05,-8.000218E+01,+9.753013E-01
+7.053223E+02,+3.003435E-04,-1.732034E-04,-6.920075E+01,-5.230992E-01
+7.055664E+02,-3.873722E-04,-1.952998E-04,-6.725382E+01,-2.674618E+00
+7.058105E+02,-3.246731E-05,+2.099257E-04,-7.345602E+01,+1.724241E+00
+7.060547E+02,+2.926057E-05,+6.216594E-05,-8.325986E+01,+1.130875E+00
+7.062988E+02,+4.430602E-05,+3.636969E-06,-8.704158E+01,+8.190383E-02
+7.065430E+02,+2.261269E-05,-1.242846E-05,-9.176656E+01,-5.025539E-01
+7.067871E+02,-1.315509E-06,+8.292685E-06,-1.015182E+02,+1.728120E+00
+7.070312E+02,+6.914969E-06,-1.771742E-05,-9.441623E+01,-1.198687E+00
+7.072754E+02,+5.191337E-06,+6.244337E-06,-1.018084E+02,+8.772195E-01
+7.075195E+02,-3.649048E-06,-6.559543E-06,-1.024916E+02,-2.078461E+00
+7.077637E+02,+1.533076E-06,+2.755403E-06,-1.100250E+02,+1.063061E+00
+7.080078E+02,-4.255366E-06,+3.943463E-07,-1.073841E+02,+3.049186E+00
+7.082520E+02,+3.176981E-06,-5.041729E-06,-1.044962E+02,-1.008511E+00
+7.084961E+02,+1.222211E-06,+2.638083E-06,-1.107298E+02,+1.136941E+00
+7.087402E+02,-1.810335E-06,+2.201693E-06,-1.109019E+02,+2.258956E+00
+7.089844E+02,+4.167944E-06,-2.145743E-06,-1.065805E+02,-4.754336E-01
+7.092285E+02,-9.660929E-06,+3.630067E-06,-9.972606E+01,+2.782167E+00
+7.094727E+02,+1.068229E-05,-8.272077E-07,-9.940075E+01,-7.728309E-02
+7.097168E+02,-5.200162E-06,-6.125093E-06,-1.019005E+02,-2.274706E+00
+7.099609E+02,+9.990050E-06,+5.735028E-06,-9.877156E+01,+5.211381E-01
+7.102051E+02,-7.031759E-06,+6.590682E-06,-1.003207E+02,+2.388562E+00
+7.104492E+02,-4.166918E-07,-1.297432E-05,-9.773383E+01,-1.602902E+00
+7.106934E+02,+5.939402E-06,+4.569426E-06,-1.025060E+02,+6.557649E-01
+7.109375E+02,-8.921042E-06,-1.615803E-08,-1.009917E+02,-3.139781E+00
+7.111816E+02,+1.203449E-05,-4.176276E-06,-9.789761E+01,-3.340226E-01
+7.114258E+02,-6.412903E-06,+4.357213E-06,-1.022105E+02,+2.544796E+00
+7.116699E+02,+1.434111E-06,-4.020187E-06,-1.073949E+02,-1.228141E+00
+7.119141E+02,-1.035603E-06,+5.842354E-06,-1.045339E+02,+1.746232E+00
+7.121582E+02,-2.793310E-06,-1.102379E-05,-9.888313E+01,-1.818962E+00
+7.124023E+02,+4.811597E-06,+8.848464E-06,-9.993762E+01,+1.072743E+00
+7.126465E+02,-2.714252E-06,+2.107421E-07,-1.113009E+02,+3.064105E+00
+7.128906E+02,-8.241861E-07,-6.646852E-06,-1.034814E+02,-1.694163E+00
+7.131348E+02,+2.865904E-06,+6.128178E-06,-1.033944E+02,+1.133354E+00
+7.133789E+02,-5.471003E-06,-4.599659E-06,-1.029167E+02,-2.442502E+00
+7.136230E+02,+1.123847E-05,+4.811823E-06,-9.825484E+01,+4.045411E-01
+7.138672E+02,-7.221504E-06,-1.034038E-05,-9.798402E+01,-2.180434E+00
+7.141113E+02,-6.089620E-06,+8.346345E-06,-9.971653E+01,+2.201123E+00
+7.143555E+02,+1.075324E-05,+4.351276E-06,-9.871066E+01,+3.845069E-01
+7.145996E+02,-6.140179E-06,-9.889731E-06,-9.868034E+01,-2.126416E+00
+7.148438E+02,+3.110335E-06,+5.806900E-06,-1.036257E+02,+1.079055E+00
+7.150879E+02,-1.475052E-06,-1.026674E-05,-9.968261E+01,-1.713493E+00
+7.153320E+02,-5.569139E-07,+1.578989E-05,-9.602702E+01,+1.606052E+00
+7.155762E+02,-2.453446E-06,-9.390762E-06,-1.002592E+02,-1.826346E+00
+7.158203E+02,-5.348071E-06,-2.128625E-06,-1.047974E+02,-2.762797E+00
+7.160645E+02,+7.748105E-06,+6.042135E-06,-1.001529E+02,+6.623151E-01
+7.163086E+02,-1.862699E-06,-6.853340E-07,-1.140458E+02,-2.789039E+00
+7.165527E+02,-2.499255E-06,-1.719701E-06,-1.103604E+02,-2.538908E+00
+7.167969E+02,+2.364899E-06,-1.981665E-06,-1.102137E+02,-6.974562E-01
+7.170410E+02,+4.962929E-06,+3.311319E-06,-1.044860E+02,+5.883792E-01
+7.172852E+02,-3.510133E-06,+6.861605E-06,-1.022619E+02,+2.043650E+00
+7.175293E+02,-9.327974E-06,-9.795081E-06,-9.737656E+01,-2.331773E+00
+7.177734E+02,+1.542337E-05,-9.490051E-07,-9.622000E+01,-6.145286E-02
+7.180176E+02,-9.398045E-06,+8.086743E-06,-9.813274E+01,+2.431051E+00
+7.182617E+02,+1.858668E-06,-2.355443E-06,-1.104562E+02,-9.027402E-01
+7.185059E+02,+1.302087E-06,-3.927915E-06,-1.076640E+02,-1.250701E+00
+7.187500E+02,-9.574526E-07,+1.086305E-05,-9.924736E+01,+1.658708E+00
+7.189941E+02,-2.652749E-06,-8.394251E-06,-1.011069E+02,-1.876885E+00
+7.192383E+02,+1.217632E-05,+2.977154E-06,-9.803752E+01,+2.397990E-01
+7.194824E+02,-5.574757E-06,+2.050431E-06,-1.045245E+02,+2.789144E+00
+7.197266E+02,+2.985578E-06,-3.129596E-06,-1.072797E+02,-8.089447E-01
+7.199707E+02,+6.670358E-06,-5.841240E-06,-1.010450E+02,-7.192270E-01
+7.202148E+02,-1.098566E-05,-4.942458E-06,-9.838295E+01,-2.718821E+00
+7.204590E+02,+5.097488E-06,+3.302470E-08,-1.058527E+02,+6.478532E-03
+7.207031E+02,-1.508387E-05,-4.698431E-07,-9.642554E+01,-3.110454E+00
+7.209473E+02,+1.180565E-05,+2.150116E-06,-9.841649E+01,+1.801516E-01
+7.211914E+02,-7.377637E-06,+4.416674E-06,-1.013114E+02,+2.602161E+00
+7.214355E+02,-3.446644E-06,+2.336286E-06,-1.076101E+02,+2.545892E+00
+7.216797E+02,+2.166256E-06,-4.801837E-06,-1.055673E+02,-1.147003E+00
+7.219238E+02,+4.425833E-06,-1.580484E-08,-1.070800E+02,-3.571028E-03
+7.221680E+02,-8.369538E-06,+4.277685E-06,-1.005380E+02,+2.669103E+00
+7.224121E+02,+8.432234E-06,+2.653541E-06,-1.010711E+02,+3.048789E-01
+7.226562E+02,-2.924720E-07,-4.095044E-06,-1.077327E+02,-1.642096E+00
+7.229004E+02,-2.422918E-06,+6.502568E-06,-1.031737E+02,+1.927469E+00
+7.231445E+02,+4.226811E-06,-3.329250E-06,-1.053835E+02,-6.671653E-01
+7.233887E+02,-2.781208E-06,-2.075285E-06,-1.091930E+02,-2.500540E+00
+7.236328E+02,-5.353325E-08,+4.595824E-06,-1.067522E+02,+1.582444E+00
+7.238770E+02,-1.625119E-06,+2.598114E-06,-1.102728E+02,+2.129755E+00
+7.241211E+02,+1.472594E-06,-1.278915E-05,-9.780597E+01,-1.456157E+00
+7.243652E+02,+2.030820E-06,+1.005606E-05,-9.977783E+01,+1.371527E+00
+7.246094E+02,-3.205653E-06,-5.461819E-06,-1.039677E+02,-2.101543E+00
+7.248535E+02,+1.029910E-05,+2.758742E-06,-9.944307E+01,+2.617184E-01
+7.250977E+02,-9.798153E-06,+1.219446E-06,-1.001104E+02,+3.017773E+00
+7.253418E+02,+2.517322E-06,+1.617138E-06,-1.104808E+02,+5.710169E-01
+7.255859E+02,-5.091454E-08,-3.135943E-06,-1.100715E+02,-1.587031E+00
+7.258301E+02,+1.318736E-06,+5.717056E-07,-1.168489E+02,+4.090697E-01
+7.260742E+02,-6.733878E-06,-1.928162E-06,-1.030925E+02,-2.862717E+00
+7.263184E+02,+1.214476E-05,+5.858168E-07,-9.830212E+01,+4.819880E-02
+7.265625E+02,-7.559800E-06,-2.108031E-06,-1.021046E+02,-2.869653E+00
+7.268066E+02,-8.702695E-07,+4.425883E-06,-1.069153E+02,+1.764951E+00
+7.270508E+02,+4.616459E-06,-2.248949E-06,-1.057890E+02,-4.533220E-01
+7.272949E+02,-7.689855E-06,-6.661483E-07,-1.022492E+02,-3.055182E+00
+7.275391E+02,+1.230321E-05,+3.771823E-06,-9.780952E+01,+2.974754E-01
+7.277832E+02,-6.683638E-06,-2.080723E-06,-1.030980E+02,-2.839787E+00
+7.280273E+02,+4.039868E-06,-1.819731E-06,-1.070704E+02,-4.232224E-01
+7.282715E+02,-9.308043E-06,+2.224872E-06,-1.003815E+02,+2.906968E+00
+7.285156E+02,+1.053917E-05,-4.558132E-06,-9.879918E+01,-4.082014E-01
+7.287598E+02,-5.936199E-06,+8.896947E-07,-1.044334E+02,+2.992824E+00
+7.290039E+02,+1.046492E-08,+4.359484E-06,-1.072113E+02,+1.568396E+00
+7.292480E+02,+2.546055E-06,-9.357131E-06,-1.002670E+02,-1.305130E+00
+7.294922E+02,-1.322818E-06,+1.170697E-05,-9.857601E+01,+1.683313E+00
+7.297363E+02,-4.074187E-06,-8.187002E-06,-1.007766E+02,-2.032555E+00
+7.299805E+02,+4.706473E-06,+2.802039E-06,-1.052285E+02,+5.369997E-01
+7.302246E+02,-2.438645E-06,+4.762317E-07,-1.120945E+02,+2.948735E+00
+7.304688E+02,+1.144380E-06,-6.587928E-06,-1.034959E+02,-1.398804E+00
+7.307129E+02,-4.869659E-06,+9.995275E-06,-9.907914E+01,+2.024148E+00
+7.309570E+02,+7.352379E-06,-9.783315E-06,-9.824574E+01,-9.263217E-01
+7.312012E+02,-8.822802E-06,+2.587575E-06,-1.007295E+02,+2.856310E+00
+7.314453E+02,+8.325136E-07,+7.399247E-06,-1.025616E+02,+1.458754E+00
+7.316895E+02,+9.571377E-06,+6.679640E-07,-1.003594E+02,+6.967469E-02
+7.319336E+02,-9.786064E-06,-8.435935E-06,-9.777460E+01,-2.430153E+00
+7.321777E+02,+8.316451E-06,-6.299532E-07,-1.015764E+02,-7.560346E-02
+7.324219E+02,-7.331986E-06,+8.842854E-06,-9.879577E+01,+2.263056E+00
+7.326660E+02,+1.808087E-08,-2.389965E-06,-1.124319E+02,-1.563231E+00
+7.329102E+02,+1.043310E-05,-1.485641E-06,-9.954456E+01,-1.414460E-01
+7.331543E+02,-1.298697E-05,+1.798593E-07,-9.772902E+01,+3.127744E+00
+7.333984E+02,+1.005039E-05,-1.397086E-06,-9.987323E+01,-1.381231E-01
+7.336426E+02,-5.244583E-06,+4.629881E-06,-1.031032E+02,+2.418366E+00
+7.338867E+02,+4.766945E-06,-4.639109E-06,-1.035413E+02,-7.718081E-01
+7.341309E+02,-1.108299E-05,+1.220994E-06,-9.905447E+01,+3.031867E+00
+7.343750E+02,+1.289405E-05,+3.479904E-06,-9.748688E+01,+2.636041E-01
+7.346191E+02,-9.026336E-06,-5.194074E-06,-9.964758E+01,-2.619431E+00
+7.348633E+02,+3.865617E-06,+3.485657E-06,-1.056715E+02,+7.337577E-01
+7.351074E+02,-1.294536E-06,-1.326633E-06,-1.146397E+02,-2.343950E+00
+7.353516E+02,+7.014800E-06,-1.442076E-06,-1.028999E+02,-2.027514E-01
+7.355957E+02,-9.017868E-06,+2.722511E-07,-1.008940E+02,+3.111412E+00
+7.358398E+02,+4.252358E-06,+5.034505E-06,-1.036222E+02,+8.694206E-01
+7.360840E+02,+4.232274E-06,-5.040517E-06,-1.036332E+02,-8.723413E-01
+7.363281E+02,-1.224791E-05,+5.965602E-06,-9.731423E+01,+2.688342E+00
+7.365723E+02,+7.733934E-06,-1.193394E-05,-9.694149E+01,-9.957848E-01
+7.368164E+02,-2.047978E-06,+7.104156E-06,-1.026230E+02,+1.851465E+00
+7.370605E+02,+2.131039E-06,-1.086182E-06,-1.124252E+02,-4.713743E-01
+7.373047E+02,-2.034577E-06,+3.776059E-06,-1.073523E+02,+2.065008E+00
+7.375488E+02,+2.865747E-06,-5.083877E-06,-1.046778E+02,-1.057501E+00
+7.377930E+02,-8.726262E-07,+4.977125E-06,-1.059289E+02,+1.744360E+00
+7.380371E+02,-3.258716E-06,-6.362098E-06,-1.029162E+02,-2.044162E+00
+7.382812E+02,+4.686102E-07,+1.012595E-05,-9.988199E+01,+1.524551E+00
+7.385254E+02,+3.357906E-06,-4.508124E-06,-1.050033E+02,-9.305950E-01
+7.387695E+02,-4.949435E-07,-7.476788E-06,-1.025067E+02,-1.636897E+00
+7.390137E+02,+1.781583E-06,+8.049064E-06,-1.016774E+02,+1.352968E+00
+7.392578E+02,-4.779633E-07,-2.304823E-06,-1.125644E+02,-1.775273E+00
+7.395020E+02,-2.130924E-06,+3.901781E-06,-1.070411E+02,+2.070672E+00
+7.397461E+02,-3.116569E-06,-6.312628E-06,-1.030485E+02,-2.029394E+00
+7.399902E+02,+5.945232E-06,+3.635208E-06,-1.031372E+02,+5.487956E-01
+7.402344E+02,-5.102000E-06,-1.730366E-06,-1.053723E+02,-2.814612E+00
+7.404785E+02,+5.160613E-06,-2.035219E-06,-1.051181E+02,-3.756482E-01
+7.407227E+02,-2.411366E-06,+7.098889E-06,-1.025019E+02,+1.898250E+00
+7.409668E+02,+5.632094E-06,-3.401395E-06,-1.036361E+02,-5.433047E-01
+7.412109E+02,-8.111690E-06,-2.792312E-06,-1.013314E+02,-2.810065E+00
+7.414551E+02,+3.889601E-06,+5.439304E-06,-1.034955E+02,+9.500135E-01
+7.416992E+02,+1.026346E-08,-1.213599E-05,-9.831849E+01,-1.569951E+00
+7.419434E+02,-1.322918E-06,+1.373136E-05,-9.720561E+01,+1.666843E+00
+7.421875E+02,-3.658014E-06,-1.079535E-05,-9.886322E+01,-1.897504E+00
+7.424316E+02,+5.444567E-06,+6.090899E-06,-1.017560E+02,+8.413697E-01
+7.426758E+02,-3.844720E-06,-1.108253E-06,-1.079561E+02,-2.860947E+00
+7.429199E+02,+3.770451E-06,+4.938168E-06,-1.041339E+02,+9.186906E-01
+7.431641E+02,+3.625831E-06,-1.225252E-05,-9.787091E+01,-1.283082E+00
+7.434082E+02,-7.513894E-06,+9.175947E-06,-9.851840E+01,+2.256937E+00
+7.436523E+02,-1.713423E-06,-1.437283E-06,-1.130089E+02,-2.443615E+00
+7.438965E+02,+6.763667E-06,+2.028351E-06,-1.030224E+02,+2.913551E-01
+7.441406E+02,-1.758256E-06,-9.084616E-06,-1.006742E+02,-1.761975E+00
+7.443848E+02,-1.239192E-06,+8.918538E-06,-1.009111E+02,+1.708858E+00
+7.446289E+02,-1.315453E-07,-5.955212E-07,-1.242952E+02,-1.788196E+00
+7.448730E+02,-6.870800E-07,+5.555642E-07,-1.210750E+02,+2.461637E+00
+7.451172E+02,+6.595351E-06,-6.596241E-06,-1.006044E+02,-7.854657E-01
+7.453613E+02,-8.874826E-06,+7.332375E-06,-9.877698E+01,+2.451079E+00
+7.456055E+02,+1.276988E-06,-8.136586E-06,-1.016855E+02,-1.415122E+00
+7.458496E+02,+5.004728E-06,+7.114320E-06,-1.012113E+02,+9.577437E-01
+7.460938E+02,-4.414875E-06,-1.756300E-06,-1.064636E+02,-2.762972E+00
+7.463379E+02,+6.643713E-07,-2.392313E-06,-1.121010E+02,-1.299912E+00
+7.465820E+02,+2.117209E-06,+3.500476E-06,-1.077635E+02,+1.026829E+00
+7.468262E+02,-5.493055E-06,-1.614291E-06,-1.048440E+02,-2.855761E+00
+7.470703E+02,+8.341434E-06,-3.372561E-06,-1.009176E+02,-3.842201E-01
+7.473145E+02,-7.102109E-06,+4.225131E-06,-1.016563E+02,+2.604923E+00
+7.475586E+02,+2.033142E-06,-2.750169E-06,-1.093192E+02,-9.341921E-01
+7.478027E+02,+1.688656E-08,-1.587935E-06,-1.159829E+02,-1.560162E+00
+7.480469E+02,-1.902305E-06,+9.358742E-06,-1.003998E+02,+1.771329E+00
+7.482910E+02,+6.059990E-06,-7.811074E-06,-1.000994E+02,-9.109740E-01
+7.485352E+02,-8.563998E-06,+6.244035E-06,-9.949504E+01,+2.511600E+00
+7.487793E+02,+1.079600E-05,-7.767982E-06,-9.752284E+01,-6.237096E-01
+7.490234E+02,-9.489529E-06,+3.593171E-06,-9.987323E+01,+2.779629E+00
+7.492676E+02,-8.715315E-07,+4.582135E-06,-1.066243E+02,+1.758753E+00
+7.495117E+02,+1.106781E-05,-9.531354E-06,-9.670921E+01,-7.109476E-01
+7.497559E+02,-1.001520E-05,+8.571634E-06,-9.760008E+01,+2.433705E+00
+7.500000E+02,+6.253610E-06,-8.941968E-06,-9.924210E+01,-9.605034E-01
+7.502441E+02,-3.547344E-06,+1.226406E-05,-9.787837E+01,+1.852359E+00
+7.504883E+02,-8.846264E-07,-1.238565E-05,-9.811952E+01,-1.642099E+00
+7.507324E+02,+2.820942E-06,+7.784147E-07,-1.106734E+02,+2.692412E-01
+7.509766E+02,+5.153851E-07,+1.213176E-05,-9.831369E+01,+1.528340E+00
+7.512207E+02,-7.250146E-06,-8.815922E-06,-9.885105E+01,-2.259043E+00
+7.514648E+02,+8.037042E-06,-5.160578E-07,-1.018802E+02,-6.412189E-02
+7.517090E+02,-5.089494E-06,+7.151458E-06,-1.011325E+02,+2.189313E+00
+7.519531E+02,+4.853258E-06,-4.742862E-06,-1.033678E+02,-7.738944E-01
+7.521973E+02,-1.393863E-06,-2.411203E-06,-1.111032E+02,-2.094941E+00
+7.524414E+02,-7.791755E-07,+3.832997E-06,-1.081534E+02,+1.771345E+00
+7.526855E+02,-3.653497E-06,+2.602530E-06,-1.069635E+02,+2.522633E+00
+7.529297E+02,+9.198980E-06,-1.412082E-05,-9.546653E+01,-9.934039E-01
+7.531738E+02,-8.410662E-06,+1.516110E-05,-9.522014E+01,+2.077281E+00
+7.534180E+02,+9.559375E-06,-5.576400E-06,-9.911942E+01,-5.280821E-01
+7.536621E+02,-8.559234E-06,+1.794751E-06,-1.011644E+02,+2.934901E+00
+7.539062E+02,+9.183418E-07,-4.141015E-06,-1.074494E+02,-1.352561E+00
+7.541504E+02,-1.621547E-06,+1.479169E-06,-1.131719E+02,+2.402080E+00
+7.543945E+02,+9.067708E-07,+4.342866E-07,-1.199532E+02,+4.466562E-01
+7.546387E+02,+6.454456E-06,-3.045187E-06,-1.029300E+02,-4.408309E-01
+7.548828E+02,-1.191219E-05,+5.622475E-06,-9.760670E+01,+2.700600E+00
+7.551270E+02,+8.246911E-06,-4.043289E-06,-1.007386E+02,-4.558408E-01
+7.553711E+02,+2.091092E-07,+4.789876E-06,-1.063852E+02,+1.527168E+00
+7.556152E+02,-6.368980E-06,-5.377708E-06,-1.015812E+02,-2.440382E+00
+7.558594E+02,+8.752212E-06,+4.415775E-06,-1.001728E+02,+4.672669E-01
+7.561035E+02,-9.786077E-06,-3.887198E-07,-1.001810E+02,-3.101892E+00
+7.563477E+02,+8.476426E-06,-8.698116E-08,-1.014353E+02,-1.026118E-02
+7.565918E+02,-3.975826E-06,-2.356767E-06,-1.067037E+02,-2.606503E+00
+7.568359E+02,+6.158666E-06,+7.178693E-07,-1.041517E+02,+1.160388E-01
+7.570801E+02,-6.116943E-06,-2.173105E-07,-1.042638E+02,-3.106081E+00
+7.573242E+02,+2.864435E-06,+2.427452E-07,-1.108281E+02,+8.454253E-02
+7.575684E+02,-2.221735E-06,+3.365928E-06,-1.078873E+02,+2.154216E+00
+7.578125E+02,+1.377789E-06,-5.536268E-06,-1.048747E+02,-1.326885E+00
+7.580566E+02,+1.419527E-06,-3.028031E-06,-1.095140E+02,-1.132423E+00
+7.583008E+02,-1.099383E-05,+5.645349E-06,-9.816064E+01,+2.667202E+00
+7.585449E+02,+1.590521E-05,+1.721810E-06,-9.591862E+01,+1.078345E-01
+7.587891E+02,-1.058599E-05,-3.856323E-07,-9.949962E+01,-3.105180E+00
+7.590332E+02,+6.378008E-06,+2.436042E-06,-1.033149E+02,+3.648447E-01
+7.592773E+02,-9.763727E-08,-3.839099E-06,-1.083126E+02,-1.596223E+00
+7.595215E+02,-2.816443E-06,-3.848433E-06,-1.064316E+02,-2.202574E+00
+7.597656E+02,-3.417855E-06,+3.168359E-06,-1.066314E+02,+2.394058E+00
+7.600098E+02,+7.635954E-06,+5.064080E-07,-1.023237E+02,+6.622192E-02
+7.602539E+02,-1.380153E-05,+2.485953E-06,-9.706280E+01,+2.963382E+00
+7.604980E+02,+2.053556E-05,+2.477560E-07,-9.374924E+01,+1.206414E-02
+7.607422E+02,-1.342547E-05,-2.436951E-06,-9.730063E+01,-2.962031E+00
+7.609863E+02,+2.196909E-06,-2.444005E-07,-1.131103E+02,-1.107919E-01
+7.612305E+02,-6.869001E-07,+1.474034E-07,-1.230666E+02,+2.930206E+00
+7.614746E+02,-3.566252E-07,+5.046729E-07,-1.241808E+02,+2.185969E+00
+7.617188E+02,+4.062510E-06,-4.215884E-06,-1.046499E+02,-8.039230E-01
+7.619629E+02,-1.595360E-06,+3.907367E-06,-1.074927E+02,+1.958433E+00
+7.622070E+02,-2.506635E-06,-1.772623E-08,-1.120180E+02,-3.134521E+00
+7.624512E+02,-2.163009E-06,-2.917117E-06,-1.087981E+02,-2.208828E+00
+7.626953E+02,+8.732244E-06,+1.151583E-06,-1.011026E+02,+1.311204E-01
+7.629395E+02,-4.867656E-06,+4.797846E-06,-1.033056E+02,+2.363417E+00
+7.631836E+02,-2.927978E-06,-4.896537E-06,-1.048746E+02,-2.109721E+00
+7.634277E+02,+2.445993E-06,+3.392142E-06,-1.075722E+02,+9.460648E-01
+7.636719E+02,+3.363865E-06,-9.589151E-08,-1.094597E+02,-2.849863E-02
+7.639160E+02,-7.407933E-06,-4.900881E-06,-1.010294E+02,-2.557126E+00
+7.641602E+02,+3.999575E-06,+2.810017E-06,-1.062173E+02,+6.124547E-01
+7.644043E+02,+2.471133E-07,+2.239026E-06,-1.129462E+02,+1.460875E+00
+7.646484E+02,-8.970831E-07,-5.115312E-06,-1.056910E+02,-1.744403E+00
+7.648926E+02,+1.573110E-06,+8.124000E-06,-1.016447E+02,+1.379526E+00
+7.651367E+02,+3.173255E-06,-7.016334E-06,-1.022696E+02,-1.146059E+00
+7.653809E+02,-4.579039E-06,+2.892197E-06,-1.053265E+02,+2.578249E+00
+7.656250E+02,-1.120895E-06,-2.408259E-07,-1.188127E+02,-2.929958E+00
+7.658691E+02,+5.009325E-06,-1.266737E-06,-1.057352E+02,-2.476834E-01
+7.661133E+02,-4.950175E-06,-6.085384E-07,-1.060424E+02,-3.019274E+00
+7.663574E+02,+4.310440E-06,+5.252929E-06,-1.033561E+02,+8.836330E-01
+7.666016E+02,-3.673877E-06,-2.948113E-06,-1.065387E+02,-2.465358E+00
+7.668457E+02,+3.194257E-06,-4.677610E-06,-1.049372E+02,-9.716513E-01
+7.670898E+02,-5.067325E-06,+6.145621E-06,-1.019759E+02,+2.260324E+00
+7.673340E+02,+3.261960E-06,-3.623233E-06,-1.062400E+02,-8.378211E-01
+7.675781E+02,-1.754505E-06,-6.333639E-07,-1.145849E+02,-2.795158E+00
+7.678223E+02,+2.800407E-06,+5.980612E-06,-1.036041E+02,+1.132872E+00
+7.680664E+02,-1.947058E-06,-5.227723E-06,-1.050696E+02,-1.927328E+00
+7.683105E+02,+2.984031E-07,+7.309232E-06,-1.027153E+02,+1.529994E+00
+7.685547E+02,+2.655706E-06,-1.000534E-05,-9.969969E+01,-1.311350E+00
+7.687988E+02,-4.309636E-06,+4.628017E-06,-1.039803E+02,+2.320587E+00
+7.690430E+02,+6.364628E-06,+5.223181E-07,-1.038954E+02,+8.188228E-02
+7.692871E+02,-5.511828E-06,-1.209365E-06,-1.049699E+02,-2.925603E+00
+7.695312E+02,+2.479788E-06,-7.209317E-06,-1.023565E+02,-1.239504E+00
+7.697754E+02,-7.527072E-06,+1.426478E-05,-9.584792E+01,+2.056333E+00
+7.700195E+02,+1.655043E-05,-8.956670E-06,-9.450827E+01,-4.960422E-01
+7.702637E+02,-1.552344E-05,-3.591734E-06,-9.595376E+01,-2.914219E+00
+7.705078E+02,+7.746956E-06,+8.201015E-06,-9.895267E+01,+8.138617E-01
+7.707520E+02,-3.465487E-06,+3.677881E-07,-1.091561E+02,+3.035860E+00
+7.709961E+02,+1.187736E-06,-5.731607E-06,-1.046519E+02,-1.366463E+00
+7.712402E+02,+2.187245E-06,+3.698133E-06,-1.073376E+02,+1.036690E+00
+7.714844E+02,-4.546303E-06,-3.621812E-06,-1.047126E+02,-2.468898E+00
+7.717285E+02,+2.419345E-06,+5.615240E-06,-1.042731E+02,+1.163978E+00
+7.719727E+02,-8.942997E-07,-4.039922E-06,-1.076648E+02,-1.788649E+00
+7.722168E+02,-9.638092E-07,-3.180252E-06,-1.095692E+02,-1.865059E+00
+7.724609E+02,+6.211840E-06,+4.987189E-06,-1.019751E+02,+6.764777E-01
+7.727051E+02,-5.088643E-06,-2.349002E-06,-1.050290E+02,-2.709120E+00
+7.729492E+02,-3.946334E-06,+6.533753E-06,-1.023460E+02,+2.114146E+00
+7.731934E+02,+1.174735E-05,-1.008503E-05,-9.620317E+01,-7.094046E-01
+7.734375E+02,-1.577031E-05,+1.160601E-05,-9.416345E+01,+2.507150E+00
+7.736816E+02,+1.217514E-05,-1.547920E-05,-9.411347E+01,-9.043115E-01
+7.739258E+02,-1.166194E-06,+1.001942E-05,-9.992471E+01,+1.686668E+00
+7.741699E+02,-3.635145E-07,-6.544271E-07,-1.225149E+02,-2.077829E+00
+7.744141E+02,-8.315577E-06,+1.686420E-06,-1.014271E+02,+2.941504E+00
+7.746582E+02,+1.036997E-05,-4.575360E-06,-9.891197E+01,-4.155221E-01
+7.749023E+02,-4.657051E-06,+1.230173E-06,-1.063448E+02,+2.883339E+00
+7.751465E+02,+1.881467E-06,+2.952312E-06,-1.091165E+02,+1.003411E+00
+7.753906E+02,-3.766967E-06,-1.596789E-06,-1.077625E+02,-2.740660E+00
+7.756348E+02,+1.584413E-06,-1.706178E-06,-1.126589E+02,-8.223854E-01
+7.758789E+02,+1.029148E-06,-9.963438E-07,-1.168786E+02,-7.692041E-01
+7.761230E+02,-1.412854E-06,+3.810383E-06,-1.078212E+02,+1.925871E+00
+7.763672E+02,+2.484665E-06,+7.566620E-07,-1.117095E+02,+2.956102E-01
+7.766113E+02,-1.610426E-06,-2.026092E-06,-1.117402E+02,-2.242385E+00
+7.768555E+02,-1.813967E-06,+2.590358E-06,-1.099998E+02,+2.181708E+00
+7.770996E+02,+5.283766E-07,-7.086732E-06,-1.029670E+02,-1.496375E+00
+7.773438E+02,+3.456159E-06,+4.933047E-06,-1.044033E+02,+9.596589E-01
+7.775879E+02,-5.001044E-07,-4.557068E-07,-1.233935E+02,-2.402611E+00
+7.778320E+02,-3.337949E-06,+2.782175E-06,-1.072394E+02,+2.446757E+00
+7.780762E+02,+1.100838E-06,+4.081725E-07,-1.186061E+02,+3.550689E-01
+7.783203E+02,+2.913107E-08,-5.384972E-06,-1.053762E+02,-1.565387E+00
+7.785645E+02,+5.777326E-06,+2.986197E-06,-1.037371E+02,+4.770620E-01
+7.788086E+02,-6.500952E-06,-5.235108E-06,-1.015696E+02,-2.463639E+00
+7.790527E+02,+1.864398E-06,+6.754566E-06,-1.030892E+02,+1.301482E+00
+7.792969E+02,-2.515301E-06,-3.579564E-06,-1.071806E+02,-2.183321E+00
+7.795410E+02,+7.537297E-06,+2.697754E-06,-1.019322E+02,+3.437136E-01
+7.797852E+02,-6.744469E-06,-1.370841E-06,-1.032452E+02,-2.941070E+00
+7.800293E+02,+4.028474E-06,-1.468045E-06,-1.073557E+02,-3.494604E-01
+7.802734E+02,-9.184572E-06,+5.526158E-06,-9.939700E+01,+2.599940E+00
+7.805176E+02,+1.331020E-05,-3.432718E-06,-9.723664E+01,-2.524012E-01
+7.807617E+02,-1.118829E-05,-9.181344E-06,-9.678868E+01,-2.454404E+00
+7.810059E+02,+8.377738E-06,+9.134237E-06,-9.813550E+01,+8.285703E-01
+7.812500E+02,-5.642062E-06,-3.043998E-06,-1.038617E+02,-2.646832E+00
+7.814941E+02,-4.079886E-06,+5.072038E-06,-1.037293E+02,+2.248207E+00
+7.817383E+02,+1.391661E-05,-8.552723E-07,-9.711296E+01,-6.137974E-02
+7.819824E+02,-7.461460E-06,-2.926724E-06,-1.019220E+02,-2.767789E+00
+7.822266E+02,-2.502373E-06,+2.687643E-06,-1.087014E+02,+2.320512E+00
+7.824707E+02,+1.290991E-06,-1.309058E-06,-1.147105E+02,-7.923468E-01
+7.827148E+02,-2.265883E-06,-5.793012E-07,-1.126203E+02,-2.891292E+00
+7.829590E+02,+7.743462E-06,-1.295431E-06,-1.021014E+02,-1.657585E-01
+7.832031E+02,-1.052214E-05,+2.423434E-06,-9.933345E+01,+2.915223E+00
+7.834473E+02,+1.116625E-05,-1.544315E-06,-9.895957E+01,-1.374302E-01
+7.836914E+02,-6.500263E-06,-1.289568E-06,-1.035737E+02,-2.945748E+00
+7.839355E+02,-1.973379E-06,+3.906314E-06,-1.071775E+02,+2.038577E+00
+7.841797E+02,+1.848555E-06,-1.387101E-06,-1.127236E+02,-6.437382E-01
+7.844238E+02,+4.115693E-06,-3.202351E-06,-1.056553E+02,-6.612334E-01
+7.846680E+02,+7.664760E-07,-2.197848E-06,-1.126616E+02,-1.235245E+00
+7.849121E+02,-8.757785E-06,+5.618717E-06,-9.965497E+01,+2.571168E+00
+7.851562E+02,+1.383021E-06,-1.058472E-06,-1.151811E+02,-6.532426E-01
+7.854004E+02,+5.581422E-06,+2.426040E-07,-1.050569E+02,+4.343900E-02
+7.856445E+02,-1.550725E-06,-6.550286E-06,-1.034380E+02,-1.803258E+00
+7.858887E+02,-4.870283E-06,+1.441980E-05,-9.635167E+01,+1.896516E+00
+7.861328E+02,+6.994761E-06,-7.600529E-06,-9.971857E+01,-8.268787E-01
+7.863770E+02,-4.204990E-06,-5.060027E-06,-1.036365E+02,-2.264169E+00
+7.866211E+02,+2.957009E-06,+9.251965E-06,-1.002529E+02,+1.261448E+00
+7.868652E+02,-1.281492E-07,-4.511368E-06,-1.069103E+02,-1.599195E+00
+7.871094E+02,-6.104431E-06,-3.627163E-06,-1.029739E+02,-2.605460E+00
+7.873535E+02,+5.169180E-06,+4.782767E-06,-1.030456E+02,+7.465898E-01
+7.875977E+02,-3.851597E-06,+4.099213E-06,-1.049979E+02,+2.325061E+00
+7.878418E+02,+3.704555E-06,-7.237746E-06,-1.017974E+02,-1.097723E+00
+7.880859E+02,+7.368999E-07,+7.504199E-07,-1.195619E+02,+7.944881E-01
+7.883301E+02,-4.488677E-06,-6.672980E-07,-1.068627E+02,-2.994011E+00
+7.885742E+02,+4.145129E-06,+6.296613E-06,-1.024543E+02,+9.886009E-01
+7.888184E+02,-1.734840E-06,-5.813219E-06,-1.043411E+02,-1.860812E+00
+7.890625E+02,-3.032830E-06,-2.885305E-06,-1.075639E+02,-2.381117E+00
+7.893066E+02,+8.489119E-06,+1.229664E-05,-9.651165E+01,+9.665688E-01
+7.895508E+02,-5.604640E-06,-9.799272E-06,-9.894702E+01,-2.090331E+00
+7.897949E+02,+8.560929E-06,+4.465257E-06,-1.003045E+02,+4.807666E-01
+7.900391E+02,-1.161723E-05,-2.708925E-06,-9.846800E+01,-2.912505E+00
+7.902832E+02,+2.738204E-06,+1.992301E-06,-1.094055E+02,+6.290064E-01
+7.905273E+02,+9.441580E-07,+2.477439E-06,-1.115310E+02,+1.206686E+00
+7.907715E+02,+2.913778E-06,-4.115171E-06,-1.059474E+02,-9.546830E-01
+7.910156E+02,+7.789796E-07,-2.944052E-06,-1.103272E+02,-1.312130E+00
+7.912598E+02,-6.586155E-06,+3.049902E-06,-1.027836E+02,+2.707917E+00
+7.915039E+02,+5.430150E-06,-5.426150E-06,-1.022967E+02,-7.850296E-01
+7.917480E+02,+2.131297E-07,+1.111586E-05,-9.907954E+01,+1.551625E+00
+7.919922E+02,-1.092933E-06,-4.096964E-06,-1.074522E+02,-1.831492E+00
+7.922363E+02,-3.859095E-06,-3.486920E-06,-1.056781E+02,-2.406815E+00
+7.924805E+02,+3.471246E-06,-3.332334E-06,-1.063537E+02,-7.649835E-01
+7.927246E+02,-3.542702E-06,+1.254061E-05,-9.770018E+01,+1.846120E+00
+7.929688E+02,+1.130483E-05,-9.668291E-06,-9.655067E+01,-7.075258E-01
+7.932129E+02,-7.040062E-06,-2.797916E-06,-1.024116E+02,-2.763306E+00
+7.934570E+02,-5.209762E-06,+1.041503E-05,-9.867694E+01,+2.034616E+00
+7.937012E+02,+5.691409E-06,-4.026045E-06,-1.031335E+02,-6.156684E-01
+7.939453E+02,-1.516853E-06,-2.196109E-06,-1.114729E+02,-2.175254E+00
+7.941895E+02,+4.034362E-06,-3.096500E-06,-1.058730E+02,-6.546273E-01
+7.944336E+02,-6.557532E-06,+4.965222E-06,-1.016970E+02,+2.493513E+00
+7.946777E+02,+3.506868E-06,-4.066121E-06,-1.054013E+02,-8.591127E-01
+7.949219E+02,-4.071072E-06,+7.226760E-06,-1.016241E+02,+2.083818E+00
+7.951660E+02,+2.234594E-06,-6.310408E-06,-1.034858E+02,-1.230463E+00
+7.954102E+02,+4.400555E-07,+1.750434E-06,-1.148709E+02,+1.324502E+00
+7.956543E+02,+2.008948E-06,+3.487843E-06,-1.079046E+02,+1.048222E+00
+7.958984E+02,+2.327455E-07,-1.012382E-05,-9.989082E+01,-1.547810E+00
+7.961426E+02,-4.390289E-06,+9.596573E-06,-9.953236E+01,+1.999857E+00
+7.963867E+02,+4.293745E-06,-4.216858E-06,-1.044107E+02,-7.763641E-01
+7.966309E+02,+5.558958E-07,+1.361664E-06,-1.166491E+02,+1.183200E+00
+7.968750E+02,-8.750887E-06,+3.384587E-06,-1.005535E+02,+2.772543E+00
+7.971191E+02,+1.021867E-05,-9.820315E-06,-9.697107E+01,-7.655217E-01
+7.973633E+02,-7.985509E-06,+5.843093E-06,-1.000917E+02,+2.509899E+00
+7.976074E+02,+7.961746E-06,+2.607751E-06,-1.015373E+02,+3.165231E-01
+7.978516E+02,-7.444520E-07,-5.779017E-06,-1.046915E+02,-1.698911E+00
+7.980957E+02,-7.359303E-06,+1.085309E-05,-9.764601E+01,+2.166661E+00
+7.983398E+02,+4.126995E-06,-7.806679E-06,-1.010804E+02,-1.084493E+00
+7.985840E+02,-1.939885E-06,-2.292709E-06,-1.104481E+02,-2.273028E+00
+7.988281E+02,+4.759213E-06,+2.983556E-06,-1.050098E+02,+5.599653E-01
+7.990723E+02,-4.244223E-06,-2.929769E-06,-1.057517E+02,-2.537409E+00
+7.993164E+02,+2.345610E-06,+4.457921E-06,-1.059560E+02,+1.086435E+00
+7.995605E+02,+2.134920E-06,-6.811391E-06,-1.029283E+02,-1.267061E+00
+7.998047E+02,-7.369764E-06,+6.385333E-06,-1.002188E+02,+2.427641E+00
+8.000488E+02,+6.351767E-06,+1.739773E-06,-1.036279E+02,+2.673468E-01
+8.002930E+02,-5.122751E-06,-2.849994E-06,-1.046388E+02,-2.633895E+00
+8.005371E+02,+2.492681E-06,+4.394070E-06,-1.059310E+02,+1.054781E+00
+8.007812E+02,-9.165611E-07,-1.041181E-05,-9.961595E+01,-1.658601E+00
+8.010254E+02,+7.853318E-06,+6.565177E-06,-9.979737E+01,+6.962952E-01
+8.012695E+02,-1.066036E-05,+4.200364E-06,-9.881781E+01,+2.766255E+00
+8.015137E+02,+3.996555E-06,-6.401719E-06,-1.024447E+02,-1.012705E+00
+8.017578E+02,+5.676637E-08,+9.470409E-07,-1.204570E+02,+1.510927E+00
+8.020020E+02,+1.791483E-06,+2.283191E-06,-1.107457E+02,+9.054917E-01
+8.022461E+02,-9.377559E-06,-4.350809E-06,-9.971152E+01,-2.707191E+00
+8.024902E+02,+1.289999E-05,+2.991532E-06,-9.756072E+01,+2.278740E-01
+8.027344E+02,-8.494091E-06,+4.788580E-06,-1.002191E+02,+2.628251E+00
+8.029785E+02,+6.451467E-06,-9.710062E-06,-9.866759E+01,-9.843573E-01
+8.032227E+02,-3.754788E-06,+8.789850E-06,-1.003924E+02,+1.974506E+00
+8.034668E+02,+1.767704E-06,-5.912376E-06,-1.041929E+02,-1.280272E+00
+8.037109E+02,+1.088666E-06,+4.302770E-06,-1.070555E+02,+1.322982E+00
+8.039551E+02,+6.713400E-07,-1.420713E-06,-1.160746E+02,-1.129359E+00
+8.041992E+02,-8.889127E-06,-8.564177E-07,-1.009827E+02,-3.045545E+00
+8.044434E+02,+8.536025E-06,-3.042131E-06,-1.008556E+02,-3.423536E-01
+8.046875E+02,+1.235236E-06,+2.141885E-06,-1.121371E+02,+1.047682E+00
+8.049316E+02,-8.718911E-06,+1.409293E-07,-1.011896E+02,+3.125430E+00
+8.051758E+02,+3.591431E-06,+7.051553E-06,-1.020327E+02,+1.099728E+00
+8.054199E+02,+6.082438E-06,-6.299909E-06,-1.011529E+02,-8.029594E-01
+8.056641E+02,-1.001409E-05,-3.439196E-06,-9.950356E+01,-2.810778E+00
+8.059082E+02,+8.313988E-06,+1.943279E-06,-1.013728E+02,+2.296139E-01
+8.061523E+02,-2.994550E-06,+3.783326E-07,-1.104046E+02,+3.015918E+00
+8.063965E+02,+2.802034E-06,+3.440403E-06,-1.070580E+02,+8.873067E-01
+8.066406E+02,-2.363611E-06,-6.142621E-06,-1.036333E+02,-1.938121E+00
+8.068848E+02,-1.709302E-07,+3.754382E-06,-1.085002E+02,+1.616293E+00
+8.071289E+02,-9.334848E-07,+2.674456E-06,-1.109560E+02,+1.906613E+00
+8.073730E+02,-1.234059E-06,-6.313504E-06,-1.038318E+02,-1.763826E+00
+8.076172E+02,+4.491324E-06,+3.142349E-06,-1.052221E+02,+6.104901E-01
+8.078613E+02,-5.117204E-06,+8.380758E-07,-1.057044E+02,+2.979258E+00
+8.081055E+02,+2.074513E-06,-3.059853E-06,-1.086435E+02,-9.750037E-01
+8.083496E+02,-4.944462E-06,+5.694265E-06,-1.024510E+02,+2.285832E+00
+8.085938E+02,+9.763507E-06,-2.590379E-06,-9.991246E+01,-2.593376E-01
+8.088379E+02,-5.709615E-06,+8.693339E-07,-1.047683E+02,+2.990495E+00
+8.090820E+02,+5.624275E-08,-5.951558E-06,-1.045070E+02,-1.561347E+00
+8.093262E+02,-2.542926E-06,+2.052817E-06,-1.097141E+02,+2.462437E+00
+8.095703E+02,+7.450402E-06,+4.854222E-06,-1.010198E+02,+5.774558E-01
+8.098145E+02,-3.690031E-06,+1.921700E-06,-1.076172E+02,+2.661458E+00
+8.100586E+02,-4.728853E-06,-3.463237E-06,-1.046400E+02,-2.509475E+00
+8.103027E+02,+9.264804E-06,+3.474925E-07,-1.006572E+02,+3.748916E-02
+8.105469E+02,-5.945426E-06,-7.345861E-06,-1.004910E+02,-2.251217E+00
+8.107910E+02,+2.810213E-06,+1.343827E-05,-9.724725E+01,+1.364647E+00
+8.110352E+02,-1.853474E-06,-1.059751E-05,-9.936507E+01,-1.743942E+00
+8.112793E+02,+8.555458E-07,+7.655683E-06,-1.022664E+02,+1.459505E+00
+8.115234E+02,+1.183768E-06,-3.470569E-06,-1.087140E+02,-1.242083E+00
+8.117676E+02,-1.375963E-06,+5.646959E-06,-1.047132E+02,+1.809803E+00
+8.120117E+02,-1.629669E-06,-8.269865E-06,-1.014846E+02,-1.765364E+00
+8.122559E+02,+1.983895E-06,+8.628188E-07,-1.132973E+02,+4.102357E-01
+8.125000E+02,-7.054820E-08,+1.068757E-06,-1.194035E+02,+1.636710E+00
+8.127441E+02,+2.592521E-06,-2.738713E-06,-1.084705E+02,-8.128131E-01
+8.129883E+02,-6.000444E-06,+2.206225E-06,-1.038857E+02,+2.789258E+00
+8.132324E+02,+8.405076E-06,-1.959709E-06,-1.012793E+02,-2.290655E-01
+8.134766E+02,-9.350135E-06,+6.629256E-06,-9.881497E+01,+2.524851E+00
+8.137207E+02,+8.232242E-06,-5.000421E-06,-1.003257E+02,-5.458569E-01
+8.139648E+02,-6.517179E-06,+6.790669E-06,-1.005263E+02,+2.335646E+00
+8.142090E+02,+2.923670E-06,-9.655580E-06,-9.992346E+01,-1.276776E+00
+8.144531E+02,+1.259685E-06,+2.982464E-06,-1.097956E+02,+1.171161E+00
+8.146973E+02,+4.310728E-06,+2.705714E-06,-1.058665E+02,+5.605169E-01
+8.149414E+02,-1.135506E-05,-4.044875E-06,-9.837739E+01,-2.799389E+00
+8.151855E+02,+7.740357E-06,+4.644732E-06,-1.008891E+02,+5.404687E-01
+8.154297E+02,+5.043045E-06,-5.427874E-06,-1.026047E+02,-8.221338E-01
+8.156738E+02,-9.582717E-06,+3.448632E-06,-9.984131E+01,+2.796143E+00
+8.159180E+02,+6.889050E-06,-4.320201E-06,-1.017965E+02,-5.601161E-01
+8.161621E+02,-5.649070E-06,-1.874717E-06,-1.045067E+02,-2.821166E+00
+8.164062E+02,-1.061621E-06,+3.877870E-06,-1.079143E+02,+1.838013E+00
+8.166504E+02,+1.558950E-06,+1.377887E-06,-1.136362E+02,+7.238235E-01
+8.168945E+02,+2.144130E-06,-4.575677E-06,-1.059288E+02,-1.132589E+00
+8.171387E+02,-7.864906E-06,+7.870395E-06,-9.907280E+01,+2.355846E+00
+8.173828E+02,+8.660391E-06,-1.085017E-05,-9.715054E+01,-8.971658E-01
+8.176270E+02,+7.216869E-08,+1.887785E-06,-1.144746E+02,+1.532586E+00
+8.178711E+02,-1.077278E-05,-1.069979E-06,-9.931081E+01,-3.042595E+00
+8.181152E+02,+5.411708E-06,+5.222971E-06,-1.024744E+02,+7.676527E-01
+8.183594E+02,-3.762640E-06,-2.381164E-06,-1.070273E+02,-2.577373E+00
+8.186035E+02,+4.860158E-07,+7.913754E-06,-1.020160E+02,+1.509459E+00
+8.188477E+02,+1.207182E-06,-1.017504E-05,-9.978858E+01,-1.452707E+00
+8.190918E+02,-1.140131E-05,+8.268843E-06,-9.702538E+01,+2.514118E+00
+8.193359E+02,+3.990001E-06,+3.337727E-06,-1.056766E+02,+6.966177E-01
+8.195801E+02,+5.300153E-06,+6.475855E-06,-1.015473E+02,+8.849072E-01
+8.198242E+02,+3.426890E-06,+1.117744E-06,-1.088629E+02,+3.152886E-01
+8.200684E+02,+7.099113E-07,+5.596409E-06,-1.049725E+02,+1.444619E+00
+8.203125E+02,+1.178378E-05,-9.155782E-06,-9.652307E+01,-6.605469E-01
+8.205566E+02,+1.385780E-06,-3.556718E-06,-1.083652E+02,-1.199267E+00
+8.208008E+02,-2.727127E-06,-2.964383E-06,-1.078982E+02,-2.314533E+00
+8.210449E+02,-1.942001E-06,-2.337126E-07,-1.141726E+02,-3.021822E+00
+8.212891E+02,+3.673987E-07,-6.185358E-06,-1.041574E+02,-1.511468E+00
+8.215332E+02,-1.904976E-06,+2.940709E-06,-1.091092E+02,+2.145620E+00
+8.217773E+02,-6.681724E-07,+7.192986E-07,-1.201599E+02,+2.319363E+00
+8.220215E+02,+4.909918E-06,-4.422128E-06,-1.035989E+02,-7.331753E-01
+8.222656E+02,-1.030859E-05,+4.089111E-06,-9.910138E+01,+2.763960E+00
+8.225098E+02,+2.136863E-06,-5.182432E-06,-1.050274E+02,-1.179708E+00
+8.227539E+02,+1.757237E-06,+6.550867E-06,-1.033723E+02,+1.308721E+00
+8.229980E+02,-1.912622E-06,-8.766192E-07,-1.135393E+02,-2.711830E+00
+8.232422E+02,-3.710056E-06,-5.478125E-07,-1.085187E+02,-2.994996E+00
+8.234863E+02,+8.648551E-06,-2.552494E-06,-1.008984E+02,-2.869880E-01
+8.237305E+02,-7.752460E-06,+1.098799E-06,-1.021248E+02,+3.000795E+00
+8.239746E+02,+5.847945E-06,+3.389752E-06,-1.034019E+02,+5.253207E-01
+8.242188E+02,-4.198374E-06,-3.632442E-06,-1.051115E+02,-2.428339E+00
+8.244629E+02,-6.204345E-07,+2.054754E-07,-1.236941E+02,+2.821781E+00
+8.247070E+02,+2.044474E-07,+3.908922E-06,-1.081470E+02,+1.518541E+00
+8.249512E+02,+6.036713E-06,-2.598675E-06,-1.036457E+02,-4.065018E-01
+8.251953E+02,-6.590853E-06,+1.003619E-06,-1.035216E+02,+2.990479E+00
+8.254395E+02,+2.963004E-06,-1.583007E-06,-1.094749E+02,-4.906766E-01
+8.256836E+02,-4.505006E-06,-2.868448E-06,-1.054480E+02,-2.574607E+00
+8.259277E+02,+7.754556E-06,+7.548433E-06,-9.931398E+01,+7.719295E-01
+8.261719E+02,-3.746002E-06,-4.736708E-06,-1.043808E+02,-2.239930E+00
+8.264160E+02,-2.874480E-06,-1.131487E-06,-1.102032E+02,-2.766588E+00
+8.266602E+02,+9.887167E-06,+8.686141E-07,-1.000652E+02,+8.762769E-02
+8.269043E+02,-7.965031E-06,+2.621768E-06,-1.015295E+02,+2.823603E+00
+8.271484E+02,-2.178959E-07,-3.987276E-06,-1.079735E+02,-1.625390E+00
+8.273926E+02,+1.771625E-06,-1.057752E-06,-1.137085E+02,-5.382489E-01
+8.276367E+02,-4.254271E-06,+1.071964E-05,-9.876117E+01,+1.948599E+00
+8.278809E+02,+4.147464E-06,-1.411655E-05,-9.664585E+01,-1.285036E+00
+8.281250E+02,+1.188058E-07,+8.882493E-06,-1.010285E+02,+1.557422E+00
+8.283691E+02,-2.553135E-06,-1.160940E-06,-1.110423E+02,-2.714828E+00
+8.286133E+02,+6.697352E-06,-6.316378E-06,-1.007185E+02,-7.561318E-01
+8.288574E+02,-1.173542E-05,+2.065368E-06,-9.847755E+01,+2.967382E+00
+8.291016E+02,+7.942069E-06,+1.061120E-06,-1.019245E+02,+1.328209E-01
+8.293457E+02,-1.511483E-06,+3.741204E-06,-1.078831E+02,+1.954755E+00
+8.295898E+02,-3.201444E-06,-9.776650E-06,-9.975383E+01,-1.887250E+00
+8.298340E+02,-2.848293E-06,+6.455231E-06,-1.030292E+02,+1.986340E+00
+8.300781E+02,+7.855340E-06,+1.181073E-05,-9.696372E+01,+9.838778E-01
+8.303223E+02,-3.007168E-06,-8.079242E-06,-1.012891E+02,-1.927118E+00
+8.305664E+02,-2.995490E-06,-6.210724E-06,-1.032289E+02,-2.020192E+00
+8.308105E+02,+3.667169E-06,+7.665224E-06,-1.014144E+02,+1.124564E+00
+8.310547E+02,+3.050817E-06,-1.011676E-05,-9.952117E+01,-1.277908E+00
+8.312988E+02,-7.461902E-06,+1.316879E-05,-9.639980E+01,+2.086322E+00
+8.315430E+02,+8.144444E-07,-4.948996E-06,-1.059936E+02,-1.407691E+00
+8.317871E+02,+9.372263E-07,-2.233220E-06,-1.123168E+02,-1.173445E+00
+8.320312E+02,+2.535110E-06,-1.851609E-06,-1.100633E+02,-6.308297E-01
+8.322754E+02,-1.055653E-06,+1.020959E-05,-9.977364E+01,+1.673828E+00
+8.325195E+02,+3.635400E-06,-6.687114E-06,-1.023707E+02,-1.072847E+00
+8.327637E+02,-3.128945E-06,-9.150832E-07,-1.097356E+02,-2.857070E+00
+8.330078E+02,-1.248464E-06,-1.733406E-08,-1.180716E+02,-3.127709E+00
+8.332520E+02,+6.518558E-06,+4.238107E-06,-1.021858E+02,+5.764878E-01
+8.334961E+02,-1.002067E-05,-3.783677E-06,-9.940323E+01,-2.780555E+00
+8.337402E+02,+4.715880E-06,-4.666347E-06,-1.035641E+02,-7.801188E-01
+8.339844E+02,-3.287390E-06,+9.377248E-06,-1.000551E+02,+1.907980E+00
+8.342285E+02,+2.001659E-06,+1.985859E-06,-1.109962E+02,+7.814358E-01
+8.344727E+02,+3.679206E-06,-1.320107E-06,-1.081590E+02,-3.444947E-01
+8.347168E+02,+2.643685E-06,-6.723258E-06,-1.028240E+02,-1.196153E+00
+8.349609E+02,-6.848475E-06,+3.008428E-06,-1.025218E+02,+2.727685E+00
+8.352051E+02,+3.460221E-06,-2.700054E-06,-1.071527E+02,-6.626207E-01
+8.354492E+02,+2.782601E-06,+3.768091E-06,-1.065874E+02,+9.347191E-01
+8.356934E+02,-6.680579E-06,-3.403239E-06,-1.025017E+02,-2.670435E+00
+8.359375E+02,+7.654658E-06,+3.377798E-06,-1.015488E+02,+4.155733E-01
+8.361816E+02,-6.720014E-06,-3.894075E-06,-1.021952E+02,-2.616402E+00
+8.364258E+02,+1.902132E-06,+1.417709E-07,-1.143911E+02,+7.439508E-02
+8.366699E+02,+2.924925E-06,+2.727672E-06,-1.079601E+02,+7.505164E-01
+8.369141E+02,-5.756593E-07,+3.968311E-06,-1.079374E+02,+1.714855E+00
+8.371582E+02,-3.855729E-06,-7.758382E-06,-1.012460E+02,-2.032022E+00
+8.374023E+02,+3.019917E-06,+1.809617E-06,-1.090677E+02,+5.398512E-01
+8.376465E+02,+3.277563E-06,+3.701346E-06,-1.061186E+02,+8.460472E-01
+8.378906E+02,-6.183954E-06,-2.749235E-06,-1.033914E+02,-2.723259E+00
+8.381348E+02,+4.434304E-06,+2.264472E-06,-1.060571E+02,+4.721482E-01
+8.383789E+02,-4.789996E-06,-2.611946E-06,-1.052627E+02,-2.642371E+00
+8.386230E+02,+3.967309E-06,+3.652262E-06,-1.053643E+02,+7.440746E-01
+8.388672E+02,+1.282061E-06,-1.015947E-05,-9.979396E+01,-1.445266E+00
+8.391113E+02,-1.001340E-05,+9.347137E-06,-9.726681E+01,+2.390594E+00
+8.393555E+02,+1.636602E-05,-4.741477E-06,-9.537110E+01,-2.819942E-01
+8.395996E+02,-3.904659E-06,+4.480818E-06,-1.045193E+02,+2.287593E+00
+8.398438E+02,-9.967690E-06,-3.453618E-06,-9.953574E+01,-2.808056E+00
+8.400879E+02,+5.629589E-06,+4.311233E-06,-1.029861E+02,+6.535472E-01
+8.403320E+02,+6.366551E-06,-3.053271E-06,-1.030229E+02,-4.471787E-01
+8.405762E+02,-1.241488E-05,-6.402322E-06,-9.709701E+01,-2.665466E+00
+8.408203E+02,+1.014345E-05,+3.462570E-06,-9.939760E+01,+3.289574E-01
+8.410645E+02,-1.000007E-05,+7.068876E-06,-9.823994E+01,+2.526262E+00
+8.413086E+02,+8.488209E-06,-7.711090E-06,-9.881039E+01,-7.374625E-01
+8.415527E+02,-1.698883E-06,+5.745132E-06,-1.044499E+02,+1.858311E+00
+8.417969E+02,-1.314556E-07,-4.973369E-06,-1.060640E+02,-1.597222E+00
+8.420410E+02,-1.195066E-06,+2.639830E-06,-1.107588E+02,+1.995898E+00
+8.422852E+02,-4.430862E-06,-3.065783E-06,-1.053713E+02,-2.536313E+00
+8.425293E+02,+8.658654E-06,+4.847348E-06,-1.000670E+02,+5.103566E-01
+8.427734E+02,-9.295218E-06,-5.721943E-06,-9.923936E+01,-2.589797E+00
+8.430176E+02,+4.350323E-06,+2.730613E-06,-1.057870E+02,+5.605245E-01
+8.432617E+02,+5.609089E-06,+1.984210E-07,-1.050167E+02,+3.536017E-02
+8.435059E+02,-3.963689E-06,+4.195175E-07,-1.079896E+02,+3.036145E+00
+8.437500E+02,-4.854483E-06,-3.899102E-06,-1.041152E+02,-2.464906E+00
+8.439941E+02,+4.555354E-06,-1.376947E-07,-1.068256E+02,-3.021781E-02
+8.442383E+02,-8.037882E-06,+8.255138E-06,-9.876949E+01,+2.342861E+00
+8.444824E+02,+1.203075E-05,-2.696428E-06,-9.818129E+01,-2.204844E-01
+8.447266E+02,-7.671792E-06,-3.153681E-06,-1.016240E+02,-2.751575E+00
+8.449707E+02,+4.737617E-06,+4.413553E-07,-1.064513E+02,+9.289166E-02
+8.452148E+02,+8.420881E-07,-5.076891E-07,-1.201464E+02,-5.425440E-01
+8.454590E+02,-1.595863E-05,-2.127372E-06,-9.586359E+01,-3.009068E+00
+8.457031E+02,+5.729956E-06,+5.716796E-06,-1.018367E+02,+7.842485E-01
+8.459473E+02,+9.446868E-06,+4.079022E-07,-1.004862E+02,+4.315176E-02
+8.461914E+02,+5.569323E-08,+3.139631E-06,-1.100611E+02,+1.553059E+00
+8.464355E+02,+1.682461E-06,-3.853080E-06,-1.075259E+02,-1.159097E+00
+8.466797E+02,-9.549120E-06,-3.402015E-07,-1.003952E+02,-3.105981E+00
+8.469238E+02,+6.755962E-06,-1.624172E-06,-1.031622E+02,-2.359285E-01
+8.471680E+02,+4.524878E-06,+4.390593E-06,-1.040064E+02,+7.703373E-01
+8.474121E+02,-6.729868E-06,-5.574647E-06,-1.011709E+02,-2.449806E+00
+8.476562E+02,+8.577982E-07,+8.396977E-07,-1.184136E+02,+7.747356E-01
+8.479004E+02,+6.947794E-07,+3.553872E-06,-1.088231E+02,+1.377732E+00
+8.481445E+02,-2.059453E-06,-3.891853E-06,-1.071247E+02,-2.057507E+00
+8.483887E+02,+4.264503E-06,+1.407282E-06,-1.069537E+02,+3.187467E-01
+8.486328E+02,-7.784163E-06,-2.125554E-06,-1.018634E+02,-2.875030E+00
+8.488770E+02,+9.441339E-06,-1.448768E-06,-1.003983E+02,-1.522617E-01
+8.491211E+02,-2.178096E-06,+3.615149E-06,-1.074925E+02,+2.113046E+00
+8.493652E+02,-6.501311E-06,-2.881800E-06,-1.029609E+02,-2.724354E+00
+8.496094E+02,+1.582542E-05,+1.695226E-05,-9.269360E+01,+8.197628E-01
+8.498535E+02,-1.086415E-05,-4.481029E-05,-8.672439E+01,-1.808654E+00
+8.500977E+02,-2.642024E-05,+4.444964E-05,-8.572871E+01,+2.107078E+00
+8.503418E+02,+3.209887E-05,+2.179283E-06,-8.985023E+01,+6.778880E-02
+8.505859E+02,-5.423769E-06,-1.552018E-05,-9.568165E+01,-1.906995E+00
+8.508301E+02,+7.696575E-07,+3.750324E-06,-1.083395E+02,+1.368382E+00
+8.510742E+02,+7.273431E-06,-1.029251E-05,-9.799043E+01,-9.556065E-01
+8.513184E+02,-1.313266E-05,+8.746745E-06,-9.603848E+01,+2.554031E+00
+8.515625E+02,+1.174461E-05,-1.184892E-05,-9.555435E+01,-7.898194E-01
+8.518066E+02,-7.464666E-06,+1.396682E-05,-9.600684E+01,+2.061628E+00
+8.520508E+02,+3.616940E-06,-8.440010E-06,-1.007409E+02,-1.165925E+00
+8.522949E+02,-8.315842E-06,-3.913081E-07,-1.015923E+02,-3.094572E+00
+8.525391E+02,+1.153446E-05,-5.274253E-07,-9.875098E+01,-4.569421E-02
+8.527832E+02,-1.760051E-05,+1.806539E-06,-9.504398E+01,+3.039310E+00
+8.530273E+02,+1.848276E-05,+5.792996E-07,-9.466040E+01,+3.133245E-02
+8.532715E+02,-1.266064E-05,+2.731309E-06,-9.775333E+01,+2.929117E+00
+8.535156E+02,+1.527783E-06,-4.404221E-06,-1.066291E+02,-1.236894E+00
+8.537598E+02,+6.342169E-06,+4.085293E-06,-1.024479E+02,+5.722500E-01
+8.540039E+02,-7.866573E-06,-9.880758E-07,-1.020163E+02,-3.016643E+00
+8.542480E+02,+6.543890E-06,-1.992817E-06,-1.032981E+02,-2.956085E-01
+8.544922E+02,-8.001434E-06,+7.062432E-06,-9.943473E+01,+2.418449E+00
+8.547363E+02,+2.004937E-06,-6.174284E-06,-1.037529E+02,-1.256814E+00
+8.549805E+02,+4.950802E-08,+3.088863E-06,-1.102029E+02,+1.554770E+00
+8.552246E+02,+4.977937E-06,-2.697809E-06,-1.049406E+02,-4.966442E-01
+8.554688E+02,-2.828312E-06,+7.305583E-07,-1.106889E+02,+2.888816E+00
+8.557129E+02,+5.651311E-06,-9.276679E-07,-1.048415E+02,-1.627000E-01
+8.559570E+02,-5.251752E-06,+5.213873E-06,-1.026149E+02,+2.359814E+00
+8.562012E+02,-3.764242E-06,-4.296832E-06,-1.048635E+02,-2.290221E+00
+8.564453E+02,+6.222999E-07,+1.648914E-06,-1.150777E+02,+1.209923E+00
+8.566895E+02,+5.184766E-06,+1.803778E-06,-1.052092E+02,+3.348025E-01
+8.569336E+02,+4.325131E-06,+1.996785E-07,-1.072708E+02,+4.613429E-02
+8.571777E+02,-9.041710E-06,+2.897089E-06,-1.004506E+02,+2.831514E+00
+8.574219E+02,-1.182507E-06,-7.839615E-06,-1.020164E+02,-1.720505E+00
+8.576660E+02,+1.261071E-05,+3.342932E-06,-9.769027E+01,+2.591267E-01
+8.579102E+02,-1.266298E-05,-1.155604E-06,-9.791327E+01,-3.050586E+00
+8.581543E+02,+6.171016E-06,-3.945400E-07,-1.041751E+02,-6.384747E-02
+8.583984E+02,-2.404907E-06,+5.144643E-06,-1.049146E+02,+2.008074E+00
+8.586426E+02,+4.911712E-06,-3.438509E-07,-1.061541E+02,-6.989229E-02
+8.588867E+02,+4.446645E-06,-8.026184E-06,-1.007473E+02,-1.064874E+00
+8.591309E+02,-1.113193E-05,+6.334064E-06,-9.785049E+01,+2.624280E+00
+8.593750E+02,+4.894584E-06,-4.351764E-06,-1.036760E+02,-7.267590E-01
+8.596191E+02,-1.182109E-06,+1.642641E-07,-1.184638E+02,+3.003518E+00
+8.598633E+02,-1.825797E-06,+6.801120E-06,-1.030462E+02,+1.833068E+00
+8.601074E+02,+4.285361E-06,-4.787610E-06,-1.038420E+02,-8.406984E-01
+8.603516E+02,-3.768923E-06,-7.603344E-08,-1.084739E+02,-3.121422E+00
+8.605957E+02,+4.638085E-06,+4.868028E-06,-1.034477E+02,+8.095824E-01
+8.608398E+02,-3.631035E-06,-9.928279E-06,-9.951733E+01,-1.921412E+00
+8.610840E+02,+5.002074E-06,+1.019094E-06,-1.058404E+02,+2.009836E-01
+8.613281E+02,-6.993304E-06,+7.578828E-06,-9.973283E+01,+2.316035E+00
+8.615723E+02,+8.517879E-07,-6.566295E-06,-1.035811E+02,-1.441795E+00
+8.618164E+02,+1.444244E-06,+2.103339E-06,-1.118643E+02,+9.690908E-01
+8.620605E+02,-1.001611E-06,-7.397897E-07,-1.180952E+02,-2.505427E+00
+8.623047E+02,+4.716605E-06,+4.241121E-06,-1.039541E+02,+7.323670E-01
+8.625488E+02,-3.760430E-06,-4.930416E-06,-1.041511E+02,-2.222376E+00
+8.627930E+02,+3.202214E-06,+2.674495E-06,-1.075927E+02,+6.958399E-01
+8.630371E+02,-1.684431E-06,-4.262995E-06,-1.067757E+02,-1.947096E+00
+8.632812E+02,-6.354056E-06,+3.049267E-06,-1.030389E+02,+2.694160E+00
+8.635254E+02,+3.774734E-06,-1.231889E-06,-1.080227E+02,-3.154536E-01
+8.637695E+02,+3.282306E-06,+3.478712E-06,-1.064064E+02,+8.144399E-01
+8.640137E+02,-2.813639E-06,+3.515034E-06,-1.069310E+02,+2.245817E+00
+8.642578E+02,+7.545125E-07,-6.993333E-06,-1.030561E+02,-1.463322E+00
+8.645020E+02,+3.105380E-06,+1.730765E-06,-1.089829E+02,+5.084641E-01
+8.647461E+02,-1.570902E-06,-1.652177E-06,-1.128421E+02,-2.330983E+00
+8.649902E+02,-2.029048E-06,+1.468973E-06,-1.120239E+02,+2.514959E+00
+8.652344E+02,+8.276977E-07,-5.509123E-06,-1.050814E+02,-1.421670E+00
+8.654785E+02,-3.772079E-06,+5.049303E-06,-1.040095E+02,+2.212406E+00
+8.657227E+02,+5.591886E-06,+1.743962E-06,-1.046457E+02,+3.023142E-01
+8.659668E+02,+2.238813E-07,+1.620504E-06,-1.157249E+02,+1.433510E+00
+8.662109E+02,-2.734406E-06,-5.439747E-06,-1.043100E+02,-2.036579E+00
+8.664551E+02,+3.063979E-06,+4.003955E-06,-1.059483E+02,+9.176140E-01
+8.666992E+02,-5.434133E-06,-7.011633E-06,-1.010406E+02,-2.230117E+00
+8.669434E+02,+2.493742E-06,+9.834063E-06,-9.987469E+01,+1.322449E+00
+8.671875E+02,+2.869876E-06,-1.034192E-05,-9.938580E+01,-1.300108E+00
+8.674316E+02,-6.261656E-06,+5.608424E-06,-1.015081E+02,+2.411171E+00
+8.676758E+02,+1.657696E-07,+1.991606E-06,-1.139859E+02,+1.487754E+00
+8.679199E+02,+6.573881E-06,-3.574411E-06,-1.025187E+02,-4.980160E-01
+8.681641E+02,-2.506121E-06,+1.661501E-06,-1.104377E+02,+2.556149E+00
+8.684082E+02,-5.479303E-06,+8.789704E-07,-1.051151E+02,+2.982531E+00
+8.686523E+02,+4.486925E-06,-7.109526E-06,-1.015072E+02,-1.007812E+00
+8.688965E+02,+2.580558E-06,+1.549703E-05,-9.607625E+01,+1.405791E+00
+8.691406E+02,-3.305386E-06,-1.190281E-05,-9.816438E+01,-1.841669E+00
+8.693848E+02,-1.656555E-06,-2.478420E-07,-1.155197E+02,-2.993081E+00
+8.696289E+02,+1.731978E-06,+4.294788E-06,-1.066867E+02,+1.187470E+00
+8.698730E+02,+3.427594E-06,-1.956836E-06,-1.080750E+02,-5.187525E-01
+8.701172E+02,-7.099645E-06,+5.185520E-07,-1.029522E+02,+3.068683E+00
+8.703613E+02,+8.637080E-06,-4.877761E-06,-1.000704E+02,-5.140944E-01
+8.706055E+02,-5.906928E-06,+6.973451E-06,-1.007821E+02,+2.273581E+00
+8.708496E+02,+3.113219E-06,-4.946727E-07,-1.100275E+02,-1.575770E-01
+8.710938E+02,-1.689450E-06,-1.597931E-06,-1.126699E+02,-2.384027E+00
+8.713379E+02,-4.755525E-06,-5.969869E-07,-1.063881E+02,-3.016711E+00
+8.715820E+02,+4.437191E-06,+7.550946E-07,-1.069339E+02,+1.685593E-01
+8.718262E+02,+8.272841E-08,-1.955033E-06,-1.141692E+02,-1.528506E+00
+8.720703E+02,-6.424609E-07,+5.558627E-06,-1.050430E+02,+1.685865E+00
+8.723145E+02,+7.961928E-07,-4.100706E-06,-1.075821E+02,-1.379022E+00
+8.725586E+02,+1.308085E-06,+8.340800E-08,-1.176497E+02,+6.367725E-02
+8.728027E+02,-3.318776E-06,+5.094111E-06,-1.043222E+02,+2.148220E+00
+8.730469E+02,+3.060220E-06,-1.058814E-05,-9.915518E+01,-1.289440E+00
+8.732910E+02,-2.501709E-06,+6.755131E-06,-1.028491E+02,+1.925477E+00
+8.735352E+02,+5.086393E-06,-6.098635E-07,-1.058098E+02,-1.193313E-01
+8.737793E+02,-5.889303E-06,+6.851020E-06,-1.008820E+02,+2.280851E+00
+8.740234E+02,-2.648921E-06,-1.118497E-05,-9.879030E+01,-1.803340E+00
+8.742676E+02,+7.423360E-06,+5.907858E-06,-1.004571E+02,+6.722034E-01
+8.745117E+02,-5.318523E-06,-7.757581E-06,-1.005322E+02,-2.171786E+00
+8.747559E+02,+8.534193E-06,+1.333222E-05,-9.601053E+01,+1.001400E+00
+8.750000E+02,-8.929467E-06,-9.988848E-06,-9.745906E+01,-2.300255E+00
+8.752441E+02,+5.770619E-06,+6.746932E-06,-1.010336E+02,+8.632361E-01
+8.754883E+02,-4.757759E-06,-2.796145E-06,-1.051635E+02,-2.610265E+00
+8.757324E+02,+4.468614E-06,-3.781892E-06,-1.046507E+02,-7.023556E-01
+8.759766E+02,-7.309465E-06,-8.388121E-07,-1.026655E+02,-3.027335E+00
+8.762207E+02,+9.655716E-06,+7.779460E-06,-9.813177E+01,+6.781975E-01
+8.764648E+02,-2.061315E-06,-4.333090E-06,-1.063781E+02,-2.014828E+00
+8.767090E+02,-4.658864E-06,+3.258014E-06,-1.049053E+02,+2.531327E+00
+8.769531E+02,-2.247792E-06,-7.897340E-06,-1.017121E+02,-1.848090E+00
+8.771973E+02,+6.860200E-06,+6.569340E-06,-1.004470E+02,+7.637433E-01
+8.774414E+02,+1.653428E-07,-2.641050E-06,-1.115475E+02,-1.508273E+00
+8.776855E+02,-6.338481E-06,+2.776228E-06,-1.031981E+02,+2.728766E+00
+8.779297E+02,+8.662663E-06,-2.667874E-06,-1.008534E+02,-2.987561E-01
+8.781738E+02,-4.141474E-06,+6.280653E-06,-1.024720E+02,+2.153753E+00
+8.784180E+02,-2.607477E-06,-7.868988E-06,-1.016292E+02,-1.890771E+00
+8.786621E+02,+4.560455E-06,+1.695913E-06,-1.062573E+02,+3.560270E-01
+8.789062E+02,-2.237171E-06,-1.058946E-06,-1.121280E+02,-2.699498E+00
+8.791504E+02,+3.504377E-08,+4.872316E-06,-1.062451E+02,+1.563604E+00
+8.793945E+02,-2.749074E-06,-3.931520E-06,-1.063800E+02,-2.181012E+00
+8.796387E+02,+5.981480E-06,-3.983290E-07,-1.044446E+02,-6.649555E-02
+8.798828E+02,-4.583954E-06,+6.090782E-06,-1.023575E+02,+2.215963E+00
+8.801270E+02,-1.904554E-06,-7.868354E-06,-1.018351E+02,-1.808281E+00
+8.803711E+02,+2.128899E-06,-2.322220E-06,-1.100327E+02,-8.288028E-01
+8.806152E+02,+6.156597E-06,+8.259748E-06,-9.974174E+01,+9.302628E-01
+8.808594E+02,-4.710653E-06,-3.734452E-06,-1.044206E+02,-2.471277E+00
+8.811035E+02,-2.935380E-06,+6.765245E-06,-1.026452E+02,+1.980174E+00
+8.813477E+02,+3.281529E-06,-8.503572E-06,-1.008051E+02,-1.202504E+00
+8.815918E+02,-1.108226E-06,+9.487455E-07,-1.167197E+02,+2.433572E+00
+8.818359E+02,-2.738792E-06,-1.531152E-06,-1.100677E+02,-2.631819E+00
+8.820801E+02,+8.102284E-06,+2.042940E-06,-1.015602E+02,+2.469953E-01
+8.823242E+02,-8.360200E-06,+6.474148E-06,-9.951529E+01,+2.482657E+00
+8.825684E+02,+8.782867E-06,-7.170868E-06,-9.890894E+01,-6.846979E-01
+8.828125E+02,-7.648712E-06,+1.503346E-06,-1.021636E+02,+2.947518E+00
+8.830566E+02,-1.293007E-06,-2.017379E-06,-1.124096E+02,-2.140772E+00
+8.833008E+02,+3.044010E-06,+4.642133E-06,-1.051123E+02,+9.903998E-01
+8.835449E+02,+6.002478E-06,-5.014471E-06,-1.021343E+02,-6.959568E-01
+8.837891E+02,-5.849305E-06,-1.373574E-06,-1.044248E+02,-2.910945E+00
+8.840332E+02,+1.064873E-06,+5.508565E-06,-1.050199E+02,+1.379840E+00
+8.842773E+02,-9.616631E-06,-1.512129E-06,-1.002335E+02,-2.985629E+00
+8.845215E+02,+9.158429E-06,+1.166638E-06,-1.006937E+02,+1.267017E-01
+8.847656E+02,+5.160628E-06,-3.671821E-07,-1.057240E+02,-7.103096E-02
+8.850098E+02,-3.996590E-06,-1.421723E-06,-1.074487E+02,-2.799819E+00
+8.852539E+02,-5.299145E-06,-1.811074E-06,-1.050361E+02,-2.812271E+00
+8.854980E+02,+6.242984E-06,+3.270300E-06,-1.030391E+02,+4.825341E-01
+8.857422E+02,-7.020997E-06,-5.889590E-06,-1.007581E+02,-2.443605E+00
+8.859863E+02,+6.949365E-06,+6.133656E-06,-1.006593E+02,+7.231301E-01
+8.862305E+02,-4.604858E-08,+1.437743E-06,-1.168419E+02,+1.602814E+00
+8.864746E+02,-6.221816E-06,-3.195284E-06,-1.031051E+02,-2.667155E+00
+8.867188E+02,+6.287373E-06,-7.959939E-08,-1.040299E+02,-1.265952E-02
+8.869629E+02,-5.493864E-06,-2.338289E-06,-1.044794E+02,-2.739198E+00
+8.872070E+02,+1.272901E-06,+5.173777E-06,-1.054686E+02,+1.329558E+00
+8.874512E+02,+5.502969E-06,-4.187975E-06,-1.032037E+02,-6.505288E-01
+8.876953E+02,-8.398471E-06,+1.636979E-06,-1.013541E+02,+2.949092E+00
+8.879395E+02,+6.683805E-06,+3.772416E-06,-1.022985E+02,+5.138403E-01
+8.881836E+02,-4.751780E-06,-7.359100E-06,-1.011500E+02,-2.144144E+00
+8.884277E+02,+2.268247E-06,+6.460692E-06,-1.032896E+02,+1.233156E+00
+8.886719E+02,+1.154063E-06,-6.538462E-06,-1.035573E+02,-1.396092E+00
+8.889160E+02,+1.008422E-06,+8.137560E-06,-1.017239E+02,+1.447503E+00
+8.891602E+02,-4.536202E-06,-4.864799E-06,-1.035415E+02,-2.321255E+00
+8.894043E+02,+5.527251E-06,+2.332461E-06,-1.044381E+02,+3.993210E-01
+8.896484E+02,-9.506303E-06,-1.510130E-06,-1.003315E+02,-2.984053E+00
+8.898926E+02,+8.544225E-06,-1.594226E-06,-1.012179E+02,-1.844641E-01
+8.901367E+02,+8.374536E-07,+1.183440E-06,-1.167740E+02,+9.549589E-01
+8.903809E+02,+2.367240E-06,-1.357848E-06,-1.112798E+02,-5.207812E-01
+8.906250E+02,-1.120214E-05,+6.637114E-06,-9.770730E+01,+2.606716E+00
+8.908691E+02,+5.840972E-06,-3.252403E-06,-1.034974E+02,-5.080684E-01
+8.911133E+02,+1.397733E-06,-8.392234E-06,-1.014036E+02,-1.405760E+00
+8.913574E+02,-2.384718E-06,+1.032396E-05,-9.949731E+01,+1.797803E+00
+8.916016E+02,+1.137032E-06,-4.523476E-06,-1.066245E+02,-1.324536E+00
+8.918457E+02,-1.128549E-06,+2.991454E-06,-1.099045E+02,+1.931545E+00
+8.920898E+02,+1.397958E-06,-6.197039E-06,-1.039408E+02,-1.348925E+00
+8.923340E+02,+2.491003E-06,+6.347322E-06,-1.033261E+02,+1.196816E+00
+8.925781E+02,-4.795453E-06,-7.670130E-07,-1.062737E+02,-2.982990E+00
+8.928223E+02,+2.466587E-06,+6.929544E-07,-1.118282E+02,+2.738769E-01
+8.930664E+02,-5.764750E-08,-4.223642E-06,-1.074854E+02,-1.584444E+00
+8.933105E+02,-1.635413E-07,+5.912572E-08,-1.351940E+02,+2.794680E+00
+8.935547E+02,-5.731829E-07,+3.011000E-06,-1.102712E+02,+1.758909E+00
+8.937988E+02,-8.329011E-07,-7.403542E-07,-1.190593E+02,-2.414952E+00
+8.940430E+02,+2.565210E-07,-3.231840E-06,-1.097837E+02,-1.491589E+00
+8.942871E+02,+4.909498E-06,+5.831339E-06,-1.023577E+02,+8.710142E-01
+8.945312E+02,-8.034560E-06,+1.280283E-07,-1.018997E+02,+3.125659E+00
+8.947754E+02,+8.956986E-06,-2.697596E-06,-1.005797E+02,-2.925320E-01
+8.950195E+02,-4.348718E-07,-3.074308E-06,-1.101590E+02,-1.711318E+00
+8.952637E+02,-8.419070E-06,+1.646121E-06,-1.013318E+02,+2.948506E+00
+8.955078E+02,+4.437387E-06,+1.112363E-07,-1.070547E+02,+2.506273E-02
+8.957520E+02,-3.116238E-07,+1.035585E-06,-1.193198E+02,+1.863093E+00
+8.959961E+02,-4.067913E-06,+6.436083E-06,-1.023679E+02,+2.134448E+00
+8.962402E+02,+9.526542E-06,-9.429378E-06,-9.745529E+01,-7.802724E-01
+8.964844E+02,-1.395978E-05,-1.996415E-07,-9.710153E+01,-3.127292E+00
+8.967285E+02,+1.678165E-05,+6.968441E-06,-9.481245E+01,+3.935764E-01
+8.969727E+02,-7.794436E-06,-7.800926E-06,-9.915039E+01,-2.355778E+00
+8.972168E+02,-1.509596E-06,+4.391281E-06,-1.066631E+02,+1.901911E+00
+8.974609E+02,+5.779180E-06,+5.544574E-06,-1.019286E+02,+7.646831E-01
+8.977051E+02,-1.086539E-05,-1.257897E-05,-9.558640E+01,-2.283233E+00
+8.979492E+02,+1.073860E-05,+5.311975E-06,-9.843044E+01,+4.593680E-01
+8.981934E+02,-3.289039E-06,+4.076777E-06,-1.056165E+02,+2.249654E+00
+8.984375E+02,-7.511878E-06,-4.981171E-07,-1.024660E+02,-3.075379E+00
+8.986816E+02,+6.503513E-06,-7.366525E-06,-1.001520E+02,-8.475394E-01
+8.989258E+02,+3.484843E-06,+7.565743E-06,-1.015874E+02,+1.139156E+00
+8.991699E+02,-4.422892E-06,-1.497895E-06,-1.066143E+02,-2.815048E+00
+8.994141E+02,-3.901423E-07,-4.214012E-06,-1.074690E+02,-1.663115E+00
+8.996582E+02,+2.012189E-06,+6.434215E-06,-1.034249E+02,+1.267699E+00
+8.999023E+02,-3.532970E-06,-6.024829E-06,-1.031175E+02,-2.101157E+00
+9.001465E+02,+7.591540E-06,+5.528849E-06,-1.005453E+02,+6.294618E-01
+9.003906E+02,-6.089896E-06,-3.239140E-06,-1.032259E+02,-2.652761E+00
+9.006348E+02,+7.643220E-07,+1.510932E-06,-1.154256E+02,+1.102471E+00
+9.008789E+02,+2.790484E-07,-1.745685E-06,-1.150511E+02,-1.412287E+00
+9.011230E+02,-2.509779E-06,-1.260275E-07,-1.119964E+02,-3.091420E+00
+9.013672E+02,+2.371352E-07,-3.050334E-06,-1.102869E+02,-1.493212E+00
+9.016113E+02,+4.635199E-06,+1.554670E-06,-1.062157E+02,+3.236140E-01
+9.018555E+02,-2.223557E-06,+5.523201E-06,-1.045038E+02,+1.953529E+00
+9.020996E+02,+3.556560E-06,+9.594952E-07,-1.086743E+02,+2.635085E-01
+9.023438E+02,-4.588072E-06,-8.563752E-06,-1.002508E+02,-2.062637E+00
+9.025879E+02,-5.581968E-06,+1.184034E-06,-1.048731E+02,+2.932573E+00
+9.028320E+02,+6.079759E-06,+6.933075E-06,-1.007042E+02,+8.508794E-01
+9.030762E+02,+3.329977E-06,-8.918640E-06,-1.004272E+02,-1.213453E+00
+9.033203E+02,-2.283466E-06,+4.579878E-06,-1.058187E+02,+2.033313E+00
+9.035645E+02,-4.048688E-06,+7.290854E-06,-1.015771E+02,+2.077708E+00
+9.038086E+02,+5.853858E-06,-1.131874E-05,-9.789463E+01,-1.093497E+00
+9.040527E+02,-5.185001E-06,+8.636181E-06,-9.993671E+01,+2.111496E+00
+9.042969E+02,+5.704260E-06,-1.152733E-05,-9.781417E+01,-1.111280E+00
+9.045410E+02,-4.431459E-06,+1.075705E-05,-9.868535E+01,+1.961569E+00
+9.047852E+02,+1.847224E-06,-5.395106E-06,-1.048786E+02,-1.240918E+00
+9.050293E+02,-4.242665E-06,+5.972534E-06,-1.027026E+02,+2.188443E+00
+9.052734E+02,+5.145048E-06,-6.707482E-06,-1.014593E+02,-9.164653E-01
+9.055176E+02,-9.132867E-07,+6.541193E-06,-1.036030E+02,+1.709520E+00
+9.057617E+02,-2.809138E-07,-1.001948E-05,-9.997969E+01,-1.598826E+00
+9.060059E+02,-3.060700E-06,+1.302533E-05,-9.747081E+01,+1.801590E+00
+9.062500E+02,-7.629143E-07,-3.922355E-06,-1.079678E+02,-1.762902E+00
+9.064941E+02,+3.284413E-06,-8.208382E-06,-1.010699E+02,-1.190179E+00
+9.067383E+02,-7.420886E-07,+9.513310E-06,-1.004070E+02,+1.648644E+00
+9.069824E+02,-2.208094E-06,-7.299011E-06,-1.023544E+02,-1.864563E+00
+9.072266E+02,+6.606028E-06,+7.671615E-06,-9.989304E+01,+8.598933E-01
+9.074707E+02,-2.600530E-06,-8.942773E-06,-1.006180E+02,-1.853789E+00
+9.077148E+02,-4.393276E-06,+7.438424E-06,-1.012708E+02,+2.104290E+00
+9.079590E+02,+5.124596E-06,-5.110061E-07,-1.057638E+02,-9.938782E-02
+9.082031E+02,+8.965089E-07,-5.571575E-06,-1.049694E+02,-1.411256E+00
+9.084473E+02,-2.814786E-06,+6.024547E-06,-1.035440E+02,+2.007877E+00
+9.086914E+02,-1.320060E-06,-9.088434E-07,-1.159031E+02,-2.538636E+00
+9.089355E+02,+2.442184E-07,+2.356054E-07,-1.293873E+02,+7.674497E-01
+9.091797E+02,+7.515098E-06,-3.221266E-06,-1.017488E+02,-4.049490E-01
+9.094238E+02,-7.236944E-06,+2.104866E-06,-1.024562E+02,+2.858551E+00
+9.096680E+02,-3.700073E-06,+2.292878E-06,-1.072244E+02,+2.586825E+00
+9.099121E+02,+1.068177E-05,-4.302637E-06,-9.877415E+01,-3.829195E-01
+9.101562E+02,-1.060918E-05,-1.553355E-07,-9.948544E+01,-3.126952E+00
+9.104004E+02,+7.246517E-06,+4.582399E-06,-1.013365E+02,+5.638735E-01
+9.106445E+02,-2.675519E-06,-5.437663E-06,-1.043502E+02,-2.028051E+00
+9.108887E+02,+4.771956E-06,+2.848147E-06,-1.051027E+02,+5.381008E-01
+9.111328E+02,-4.863498E-06,+4.200259E-06,-1.038409E+02,+2.429239E+00
+9.113770E+02,-1.299779E-06,-4.712811E-06,-1.062160E+02,-1.839903E+00
+9.116211E+02,+6.888389E-06,-3.344234E-06,-1.023185E+02,-4.519712E-01
+9.118652E+02,-6.031847E-06,+8.669511E-06,-9.952556E+01,+2.178667E+00
+9.121094E+02,-1.142352E-06,-8.278321E-06,-1.015592E+02,-1.707924E+00
+9.123535E+02,+9.556192E-06,+1.313731E-06,-1.003130E+02,+1.366180E-01
+9.125977E+02,-1.513711E-05,+1.531813E-06,-9.635490E+01,+3.040740E+00
+9.128418E+02,+1.175027E-05,+3.576015E-07,-9.859502E+01,+3.042408E-02
+9.130859E+02,-3.675151E-06,-8.777948E-07,-1.084536E+02,-2.907139E+00
+9.133301E+02,+8.412618E-07,+9.486212E-07,-1.179382E+02,+8.453076E-01
+9.135742E+02,-3.773009E-06,+2.577692E-06,-1.068027E+02,+2.542236E+00
+9.138184E+02,+5.511251E-06,-4.329741E-06,-1.030874E+02,-6.659100E-01
+9.140625E+02,-2.810988E-06,+1.274041E-07,-1.110139E+02,+3.096300E+00
+9.143066E+02,+1.531699E-06,-1.777362E-06,-1.125923E+02,-8.595016E-01
+9.145508E+02,-6.521813E-06,-1.801507E-06,-1.033933E+02,-2.872085E+00
+9.147949E+02,+9.757199E-06,+1.492682E-05,-9.497555E+01,+9.918463E-01
+9.150391E+02,-1.915570E-06,-1.692440E-05,-9.537445E+01,-1.683501E+00
+9.152832E+02,-4.449998E-06,+6.706922E-06,-1.018852E+02,+2.156599E+00
+9.155273E+02,+6.044089E-06,+3.024498E-07,-1.043625E+02,+4.999888E-02
+9.157715E+02,-6.048622E-06,-3.208628E-06,-1.032900E+02,-2.653865E+00
+9.160156E+02,+2.342342E-06,+5.834863E-06,-1.040305E+02,+1.189050E+00
+9.162598E+02,+4.303520E-06,-7.494624E-06,-1.012674E+02,-1.049553E+00
+9.165039E+02,-7.054661E-06,+4.905830E-06,-1.013174E+02,+2.533959E+00
+9.167480E+02,+3.268125E-06,-1.555048E-06,-1.088277E+02,-4.441193E-01
+9.169922E+02,-1.620020E-06,+2.579692E-06,-1.103249E+02,+2.131543E+00
+9.172363E+02,-5.150643E-07,-8.133204E-06,-1.017774E+02,-1.634040E+00
+9.174805E+02,+1.042344E-05,+6.291220E-06,-9.829071E+01,+5.430362E-01
+9.177246E+02,-1.066296E-05,-6.568780E-06,-9.804523E+01,-2.589464E+00
+9.179688E+02,+3.111366E-06,+3.004604E-06,-1.072797E+02,+7.679438E-01
+9.182129E+02,-2.884083E-06,+5.343957E-07,-1.106532E+02,+2.958379E+00
+9.184570E+02,-3.541928E-06,-4.149024E-06,-1.052637E+02,-2.277421E+00
+9.187012E+02,+3.479242E-06,+8.191299E-06,-1.010126E+02,+1.169139E+00
+9.189453E+02,-1.239934E-05,-1.592245E-05,-9.390120E+01,-2.232435E+00
+9.191895E+02,+1.782159E-06,+1.751176E-05,-9.508865E+01,+1.469376E+00
+9.194336E+02,-4.496665E-06,+5.610141E-07,-1.068751E+02,+3.017472E+00
+9.196777E+02,+1.002442E-06,+2.703789E-05,-9.135458E+01,+1.533738E+00
+9.199219E+02,+5.424684E-05,-2.250592E-05,-8.462277E+01,-3.932676E-01
+9.201660E+02,-5.210959E-05,-2.320817E-05,-8.487579E+01,-2.722594E+00
+9.204102E+02,+1.919997E-05,+1.681740E-05,-9.186110E+01,+7.193440E-01
+9.206543E+02,-1.537832E-05,-6.490031E-06,-9.554999E+01,-2.742245E+00
+9.208984E+02,+1.005247E-05,+6.057629E-06,-9.860917E+01,+5.423297E-01
+9.211426E+02,-1.079417E-06,-5.050278E-06,-1.057397E+02,-1.781362E+00
+9.213867E+02,-2.937174E-06,+9.442201E-06,-1.000974E+02,+1.872377E+00
+9.216309E+02,-3.667148E-07,-1.398968E-06,-1.167952E+02,-1.827161E+00
+9.218750E+02,-4.609114E-07,-5.059924E-06,-1.058812E+02,-1.661636E+00
+9.221191E+02,+2.810919E-06,+1.319899E-06,-1.101577E+02,+4.390015E-01
+9.223633E+02,+2.332162E-07,-2.227368E-07,-1.298296E+02,-7.624188E-01
+9.226074E+02,-6.132353E-07,-3.193757E-06,-1.097567E+02,-1.760498E+00
+9.228516E+02,-8.084137E-07,+1.099614E-05,-9.915178E+01,+1.644182E+00
+9.230957E+02,-7.546689E-06,-1.417569E-06,-1.022943E+02,-2.955916E+00
+9.233398E+02,+8.572026E-06,-6.980526E-06,-9.912903E+01,-6.834227E-01
+9.235840E+02,-7.221494E-06,+1.445527E-05,-9.583185E+01,+2.034104E+00
+9.238281E+02,+8.072258E-06,-7.808958E-06,-9.899143E+01,-7.688203E-01
+9.240723E+02,+2.643992E-06,+7.346250E-06,-1.021497E+02,+1.225320E+00
+9.243164E+02,+4.092664E-06,+3.773352E-06,-1.050881E+02,+7.448266E-01
+9.245605E+02,+1.510623E-05,-1.071525E-05,-9.464687E+01,-6.169581E-01
+9.248047E+02,-1.266009E-05,-1.262371E-05,-9.495345E+01,-2.357634E+00
+9.250488E+02,+1.573503E-06,-2.511493E-06,-1.105633E+02,-1.011104E+00
+9.252930E+02,-1.627511E-05,+1.332982E-06,-9.574048E+01,+3.059872E+00
+9.255371E+02,+1.018924E-05,+9.028803E-06,-9.732031E+01,+7.250887E-01
+9.257812E+02,-9.436869E-06,-3.613144E-07,-1.004971E+02,-3.103324E+00
+9.260254E+02,+1.243365E-05,-3.128297E-06,-9.784146E+01,-2.464833E-01
+9.262695E+02,-4.660705E-06,-2.133985E-06,-1.058044E+02,-2.712215E+00
+9.265137E+02,-3.561949E-06,+1.292167E-06,-1.084293E+02,+2.793587E+00
+9.267578E+02,+2.582903E-06,+6.972359E-07,-1.114524E+02,+2.636585E-01
+9.270020E+02,-3.107904E-07,+5.263706E-06,-1.055591E+02,+1.629772E+00
+9.272461E+02,+1.778484E-06,+3.428150E-07,-1.148406E+02,+1.904214E-01
+9.274902E+02,-5.380721E-06,-8.608085E-06,-9.986946E+01,-2.129451E+00
+9.277344E+02,+2.703639E-06,+2.826098E-06,-1.081541E+02,+8.075401E-01
+9.279785E+02,+2.416840E-06,+1.195943E-06,-1.113838E+02,+4.595091E-01
+9.282227E+02,-2.950357E-06,-7.769758E-07,-1.103113E+02,-2.884089E+00
+9.284668E+02,-5.248734E-06,+2.188934E-06,-1.049025E+02,+2.746483E+00
+9.287109E+02,+1.640724E-05,+3.343478E-06,-9.552258E+01,+2.010282E-01
+9.289551E+02,-8.645166E-06,-6.463884E-06,-9.933597E+01,-2.499573E+00
+9.291992E+02,-1.388590E-06,-2.639050E-06,-1.105096E+02,-2.055161E+00
+9.294434E+02,-4.023793E-06,+1.054001E-06,-1.076191E+02,+2.885406E+00
+9.296875E+02,+4.459797E-06,-5.242012E-06,-1.032451E+02,-8.658499E-01
+9.299316E+02,-5.475566E-06,+1.021014E-05,-9.872154E+01,+2.063050E+00
+9.301758E+02,+5.015260E-06,-8.513182E-07,-1.058708E+02,-1.681429E-01
+9.304199E+02,-4.088154E-06,+2.720000E-06,-1.061778E+02,+2.554511E+00
+9.306641E+02,-1.675104E-06,-7.025660E-06,-1.028261E+02,-1.804853E+00
+9.309082E+02,+3.541764E-06,+2.798383E-06,-1.069090E+02,+6.686814E-01
+9.311523E+02,-2.833706E-06,+3.309988E-06,-1.072157E+02,+2.278826E+00
+9.313965E+02,+8.733313E-06,+1.537026E-06,-1.010439E+02,+1.742116E-01
+9.316406E+02,-3.980563E-06,-8.209580E-06,-1.007966E+02,-2.022265E+00
+9.318848E+02,-1.867498E-06,+1.219866E-05,-9.817314E+01,+1.722707E+00
+9.321289E+02,+1.628372E-07,-1.338560E-05,-9.746660E+01,-1.558632E+00
+9.323730E+02,+4.119858E-06,+1.265806E-05,-9.751537E+01,+1.256137E+00
+9.326172E+02,-5.897226E-06,-2.280912E-05,-9.255681E+01,-1.823803E+00
+9.328613E+02,+9.044311E-07,+1.746715E-05,-9.514393E+01,+1.519064E+00
+9.331055E+02,+4.297750E-06,+9.482792E-08,-1.073331E+02,+2.206097E-02
+9.333496E+02,-5.901911E-06,-6.112816E-06,-1.014147E+02,-2.338643E+00
+9.335938E+02,+1.447296E-06,+1.332829E-06,-1.141217E+02,+7.442481E-01
+9.338379E+02,+3.305782E-07,+3.041495E-07,-1.269510E+02,+7.437843E-01
+9.340820E+02,-4.206037E-06,+6.521787E-07,-1.074194E+02,+2.987760E+00
+9.343262E+02,-1.662367E-06,+2.868305E-06,-1.095898E+02,+2.096054E+00
+9.345703E+02,+5.783594E-06,-5.810947E-06,-1.017252E+02,-7.877573E-01
+9.348145E+02,+1.806264E-06,+7.928166E-06,-1.017968E+02,+1.346791E+00
+9.350586E+02,-7.783610E-07,-1.827973E-05,-9.475273E+01,-1.613351E+00
+9.353027E+02,-4.323201E-05,+8.215579E-07,-8.728233E+01,+3.122591E+00
+9.355469E+02,+2.098293E-05,+5.088198E-05,-8.518663E+01,+1.179660E+00
+9.357910E+02,+3.112160E-05,-1.467808E-05,-8.926648E+01,-4.407004E-01
+9.360352E+02,+3.571258E-06,-1.333604E-05,-9.719868E+01,-1.309146E+00
+9.362793E+02,-6.686621E-06,+1.486066E-06,-1.032865E+02,+2.922902E+00
+9.365234E+02,-3.669766E-06,-3.076622E-06,-1.063954E+02,-2.443889E+00
+9.367676E+02,+3.416228E-06,-8.767576E-06,-1.005286E+02,-1.199250E+00
+9.370117E+02,-2.682735E-06,-2.612072E-07,-1.113875E+02,-3.044533E+00
+9.372559E+02,-4.252225E-06,+8.540163E-06,-1.004088E+02,+2.032770E+00
+9.375000E+02,-3.433265E-06,-1.391462E-05,-9.687392E+01,-1.812703E+00
+9.377441E+02,+8.532670E-07,+1.738355E-05,-9.518678E+01,+1.521751E+00
+9.379883E+02,+3.400115E-06,-5.105756E-06,-1.042447E+02,-9.832986E-01
+9.382324E+02,+5.025864E-06,+4.867533E-06,-1.031023E+02,+7.693958E-01
+9.384766E+02,-1.353291E-06,-8.098538E-06,-1.017123E+02,-1.736370E+00
+9.387207E+02,-9.533013E-09,+6.239478E-06,-1.040970E+02,+1.572324E+00
+9.389648E+02,-2.311929E-06,-4.965402E-06,-1.052288E+02,-2.006554E+00
+9.392090E+02,+2.319848E-06,-7.645757E-07,-1.122430E+02,-3.183688E-01
+9.394531E+02,-6.829088E-07,+6.516687E-06,-1.036720E+02,+1.675209E+00
+9.396973E+02,+5.775878E-06,-4.354312E-06,-1.028133E+02,-6.459789E-01
+9.399414E+02,-5.793587E-06,-3.128122E-06,-1.036300E+02,-2.646515E+00
+9.401855E+02,-1.233468E-06,-7.394276E-07,-1.168441E+02,-2.601562E+00
+9.404297E+02,+8.017453E-07,+5.400779E-06,-1.052562E+02,+1.423423E+00
+9.406738E+02,+6.003002E-06,-7.124213E-06,-1.006153E+02,-8.706025E-01
+9.409180E+02,-2.515901E-06,+3.553315E-06,-1.072226E+02,+2.186900E+00
+9.411621E+02,-3.501657E-06,+2.782855E-06,-1.069884E+02,+2.470077E+00
+9.414062E+02,+1.528567E-07,-1.876270E-06,-1.145054E+02,-1.489507E+00
+9.416504E+02,+3.271565E-06,-3.669331E-06,-1.061678E+02,-8.426431E-01
+9.418945E+02,-4.441612E-06,-3.078864E-06,-1.053451E+02,-2.535454E+00
+9.421387E+02,+4.344881E-06,+5.020002E-06,-1.035577E+02,+8.573643E-01
+9.423828E+02,-5.625854E-06,-1.030544E-06,-1.048529E+02,-2.960421E+00
+9.426270E+02,+8.467105E-06,+2.659500E-06,-1.010367E+02,+3.043399E-01
+9.428711E+02,-9.073040E-06,-6.104613E-06,-9.922318E+01,-2.549335E+00
+9.431152E+02,+7.411206E-06,+6.018684E-06,-1.004024E+02,+6.820791E-01
+9.433594E+02,-8.177597E-06,-1.361097E-06,-1.016288E+02,-2.976662E+00
+9.436035E+02,+4.492274E-06,+9.101706E-07,-1.067760E+02,+1.999020E-01
+9.438477E+02,+2.261049E-06,-4.932697E-06,-1.053101E+02,-1.140996E+00
+9.440918E+02,-3.243194E-06,+2.307491E-06,-1.080017E+02,+2.523199E+00
+9.443359E+02,-1.150669E-06,+5.559173E-07,-1.178699E+02,+2.691535E+00
+9.445801E+02,+6.133294E-06,-1.325858E-06,-1.040478E+02,-2.128979E-01
+9.448242E+02,-9.024469E-06,+2.002167E-06,-1.006829E+02,+2.923269E+00
+9.450684E+02,+5.461512E-06,-3.968175E-06,-1.034128E+02,-6.283371E-01
+9.453125E+02,+2.017449E-06,+8.734882E-07,-1.131578E+02,+4.085991E-01
+9.455566E+02,-1.249897E-05,+5.845522E-06,-9.720346E+01,+2.704133E+00
+9.458008E+02,+9.987897E-06,-5.608110E-06,-9.882036E+01,-5.116223E-01
+9.460449E+02,+2.374438E-06,+1.707856E-06,-1.106779E+02,+6.235405E-01
+9.462891E+02,-6.392405E-06,+6.565725E-06,-1.007587E+02,+2.342820E+00
+9.465332E+02,+6.278332E-06,-4.424305E-06,-1.022921E+02,-6.138695E-01
+9.467773E+02,-6.701631E-06,-3.019544E-06,-1.026737E+02,-2.718266E+00
+9.470215E+02,+1.007493E-05,+5.976179E-06,-9.862586E+01,+5.353846E-01
+9.472656E+02,-2.979287E-06,-4.427764E-08,-1.105168E+02,-3.126732E+00
+9.475098E+02,-1.358386E-06,-6.737516E-06,-1.032570E+02,-1.769745E+00
+9.477539E+02,+8.195134E-06,+1.182481E-06,-1.016394E+02,+1.433016E-01
+9.479980E+02,-2.545553E-07,-2.577915E-06,-1.117325E+02,-1.669222E+00
+9.482422E+02,+4.429936E-06,+3.419569E-07,-1.070462E+02,+7.703952E-02
+9.484863E+02,-4.242531E-06,-4.714657E-06,-1.039548E+02,-2.303534E+00
+9.487305E+02,+1.651274E-06,-8.664763E-06,-1.010899E+02,-1.382481E+00
+9.489746E+02,+5.994299E-06,-8.491263E-06,-9.966443E+01,-9.560967E-01
+9.492188E+02,-1.634788E-05,-3.028522E-06,-9.558423E+01,-2.958415E+00
+9.494629E+02,-2.221909E-06,-2.559939E-05,-9.180281E+01,-1.657375E+00
+9.497070E+02,-3.111520E-05,+4.768613E-06,-9.003972E+01,+2.989519E+00
+9.499512E+02,-3.048851E-05,+1.974317E-05,-8.879642E+01,+2.566934E+00
+9.501953E+02,-7.068349E-06,+3.950526E-05,-8.793005E+01,+1.747845E+00
+9.504395E+02,+2.497793E-05,+2.119379E-05,-8.969371E+01,+7.036230E-01
+9.506836E+02,+1.955718E-05,+3.502791E-06,-9.403675E+01,+1.772260E-01
+9.509277E+02,+1.342279E-05,+2.297690E-06,-9.731772E+01,+1.695351E-01
+9.511719E+02,+7.260063E-06,-1.484463E-05,-9.563724E+01,-1.115931E+00
+9.514160E+02,+4.301454E-06,+1.204873E-06,-1.069997E+02,+2.731092E-01
+9.516602E+02,-3.279814E-06,-2.718109E-06,-1.074124E+02,-2.449572E+00
+9.519043E+02,+1.536983E-05,+4.252282E-06,-9.594630E+01,+2.699127E-01
+9.521484E+02,+1.979767E-06,-1.349067E-05,-9.730679E+01,-1.425086E+00
+9.523926E+02,-6.309130E-06,-4.618348E-07,-1.039774E+02,-3.068522E+00
+9.526367E+02,+2.639442E-06,-8.751470E-06,-1.007803E+02,-1.277872E+00
+9.528809E+02,-7.023785E-06,-3.583340E-06,-1.020639E+02,-2.669840E+00
+9.531250E+02,+2.432829E-06,+7.561791E-06,-1.019997E+02,+1.259528E+00
+9.533691E+02,+8.539246E-07,-4.643054E-06,-1.065195E+02,-1.388914E+00
+9.536133E+02,-9.575534E-06,+1.133974E-06,-1.003163E+02,+3.023717E+00
+9.538574E+02,+8.687060E-06,-3.086896E-06,-1.007061E+02,-3.414278E-01
+9.541016E+02,+2.822199E-06,+4.541554E-06,-1.054378E+02,+1.014778E+00
+9.543457E+02,-9.862568E-06,-2.249717E-06,-9.989991E+01,-2.917323E+00
+9.545898E+02,+9.506995E-06,-5.540823E-06,-9.916914E+01,-5.276879E-01
+9.548340E+02,-3.717033E-06,+2.916355E-06,-1.065128E+02,+2.476318E+00
+9.550781E+02,-5.122421E-06,-3.305659E-06,-1.042985E+02,-2.568506E+00
+9.553223E+02,+7.389669E-06,+5.210436E-06,-1.008748E+02,+6.141388E-01
+9.555664E+02,-4.865991E-06,-6.929317E-06,-1.014452E+02,-2.183019E+00
+9.558105E+02,-7.540238E-06,+6.710192E-06,-9.991904E+01,+2.414376E+00
+9.560547E+02,+7.330839E-06,-3.780467E-06,-1.016728E+02,-4.761235E-01
+9.562988E+02,-5.409584E-06,-1.272040E-06,-1.051030E+02,-2.910643E+00
+9.565430E+02,+1.131366E-05,+5.739924E-06,-9.793320E+01,+4.695059E-01
+9.567871E+02,-8.791327E-06,-8.535103E-06,-9.823517E+01,-2.370981E+00
+9.570312E+02,+1.576481E-06,+7.984748E-06,-1.017887E+02,+1.375867E+00
+9.572754E+02,-5.954213E-06,-1.698979E-06,-1.041636E+02,-2.863638E+00
+9.575195E+02,+2.597328E-06,-3.942273E-07,-1.116105E+02,-1.506321E-01
+9.577637E+02,+4.535977E-06,-2.822841E-06,-1.054449E+02,-5.566716E-01
+9.580078E+02,+3.001037E-07,+5.669283E-06,-1.049173E+02,+1.517911E+00
+9.582520E+02,-1.065987E-05,-4.513276E-06,-9.872887E+01,-2.741087E+00
+9.584961E+02,+7.130091E-06,+3.014690E-06,-1.022238E+02,+4.000162E-01
+9.587402E+02,-2.705865E-06,-6.053145E-06,-1.035692E+02,-1.991168E+00
+9.589844E+02,+5.950439E-06,+8.249537E-06,-9.985217E+01,+9.459138E-01
+9.592285E+02,-5.698586E-06,-5.143904E-06,-1.022964E+02,-2.407308E+00
+9.594727E+02,-1.041192E-06,+7.567538E-07,-1.178074E+02,+2.513096E+00
+9.597168E+02,-1.400128E-06,+1.331020E-06,-1.142806E+02,+2.381493E+00
+9.599609E+02,+7.731630E-06,+2.778367E-06,-1.017071E+02,+3.449807E-01
+9.602051E+02,-3.789713E-06,-3.059248E-06,-1.062487E+02,-2.462446E+00
+9.604492E+02,-4.514728E-06,+1.229346E-06,-1.065967E+02,+2.875741E+00
+9.606934E+02,+3.870722E-06,+3.467220E-06,-1.056857E+02,+7.304652E-01
+9.609375E+02,-2.795808E-06,-2.712363E-06,-1.081892E+02,-2.371343E+00
+9.611816E+02,+8.339856E-06,+2.928885E-06,-1.010717E+02,+3.377357E-01
+9.614258E+02,-5.599922E-06,-5.295236E-06,-1.022622E+02,-2.384152E+00
+9.616699E+02,+1.516997E-06,-7.575267E-07,-1.154134E+02,-4.631349E-01
+9.619141E+02,+8.846813E-07,+1.186147E-05,-9.849313E+01,+1.496350E+00
+9.621582E+02,+2.428392E-06,-1.328325E-05,-9.739114E+01,-1.389977E+00
+9.624023E+02,-3.505981E-06,+1.067934E-05,-9.898459E+01,+1.888006E+00
+9.626465E+02,-2.127637E-06,-6.601500E-06,-1.031779E+02,-1.882581E+00
+9.628906E+02,+7.138518E-06,+7.534198E-07,-1.028797E+02,+1.051536E-01
+9.631348E+02,-4.332347E-06,-1.086204E-06,-1.070008E+02,-2.895937E+00
+9.633789E+02,+3.454165E-06,-6.131632E-07,-1.090984E+02,-1.756841E-01
+9.636230E+02,-2.410993E-06,+2.835396E-06,-1.085848E+02,+2.275476E+00
+9.638672E+02,-8.986663E-07,-1.849201E-06,-1.137395E+02,-2.023161E+00
+9.641113E+02,+4.889616E-06,-4.435482E-06,-1.036069E+02,-7.367364E-01
+9.643555E+02,-1.239376E-05,+5.904047E-06,-9.724773E+01,+2.697025E+00
+9.645996E+02,+1.079753E-05,-1.969208E-06,-9.919141E+01,-1.803932E-01
+9.648438E+02,-6.698363E-06,+2.865207E-06,-1.027509E+02,+2.737397E+00
+9.650879E+02,+7.580407E-06,-8.828107E-06,-9.868387E+01,-8.612919E-01
+9.653320E+02,-5.170771E-06,+1.146254E-05,-9.800995E+01,+1.994566E+00
+9.655762E+02,-1.296887E-07,-7.505207E-06,-1.024914E+02,-1.588074E+00
+9.658203E+02,+4.210530E-06,+5.510435E-06,-1.031791E+02,+9.183314E-01
+9.660645E+02,-6.209507E-06,-3.923953E-06,-1.026797E+02,-2.578028E+00
+9.663086E+02,+6.671193E-06,-7.154206E-06,-1.001915E+02,-8.203206E-01
+9.665527E+02,-6.476941E-06,+8.845781E-06,-9.920100E+01,+2.202812E+00
+9.667969E+02,+6.133299E-06,-1.688105E-06,-1.039290E+02,-2.685856E-01
+9.670410E+02,-9.284656E-06,+4.882103E-06,-9.958450E+01,+2.657499E+00
+9.672852E+02,+1.179403E-05,-4.702057E-06,-9.792612E+01,-3.793689E-01
+9.675293E+02,-1.174382E-05,+1.320425E-06,-9.854926E+01,+3.029627E+00
+9.677734E+02,+1.455862E-05,-4.662504E-06,-9.631355E+01,-3.099363E-01
+9.680176E+02,-9.686419E-06,+7.588357E-06,-9.819846E+01,+2.477055E+00
+9.682617E+02,-3.739488E-07,-4.614390E-06,-1.066893E+02,-1.651659E+00
+9.685059E+02,-6.513370E-07,-2.224917E-06,-1.126966E+02,-1.855585E+00
+9.687500E+02,+1.176452E-06,+1.437231E-06,-1.146222E+02,+8.848435E-01
+9.689941E+02,+1.247440E-06,+1.889880E-06,-1.129007E+02,+9.873796E-01
+9.692383E+02,+2.647700E-06,+7.305648E-08,-1.115393E+02,+2.758543E-02
+9.694824E+02,-8.851010E-06,-2.826136E-06,-1.006385E+02,-2.832524E+00
+9.697266E+02,+5.700635E-06,+5.633441E-06,-1.019224E+02,+7.794697E-01
+9.699707E+02,+3.111851E-06,-5.455574E-06,-1.040399E+02,-1.052427E+00
+9.702148E+02,-6.534795E-06,+1.171774E-06,-1.035579E+02,+2.964165E+00
+9.704590E+02,+8.354673E-06,+3.945253E-06,-1.006872E+02,+4.411786E-01
+9.707031E+02,-9.803538E-06,-3.166144E-06,-9.974146E+01,-2.829207E+00
+9.709473E+02,+2.533650E-06,-1.727503E-06,-1.102670E+02,-5.984228E-01
+9.711914E+02,+6.347192E-06,+3.008953E-06,-1.030679E+02,+4.426816E-01
+9.714355E+02,-3.106100E-06,-6.512830E-06,-1.028346E+02,-2.015810E+00
+9.716797E+02,-9.142831E-08,+8.418002E-06,-1.014953E+02,+1.581657E+00
+9.719238E+02,+1.905362E-06,-2.027977E-06,-1.111109E+02,-8.165612E-01
+9.721680E+02,-1.319822E-05,-1.771889E-07,-9.758891E+01,-3.128168E+00
+9.724121E+02,+1.515913E-05,-2.254119E-07,-9.638556E+01,-1.486862E-02
+9.726562E+02,-1.450678E-06,-5.172750E-06,-1.053968E+02,-1.844219E+00
+9.729004E+02,-4.225051E-06,+6.578614E-06,-1.021375E+02,+2.141697E+00
+9.731445E+02,-5.216077E-06,+2.480664E-06,-1.047676E+02,+2.697671E+00
+9.733887E+02,+9.869185E-06,-1.035456E-05,-9.689057E+01,-8.093936E-01
+9.736328E+02,-1.925682E-06,+7.393812E-06,-1.023376E+02,+1.825581E+00
+9.738770E+02,-2.672763E-06,-2.430571E-06,-1.088435E+02,-2.403617E+00
+9.741211E+02,-3.536630E-06,+2.317810E-06,-1.074763E+02,+2.561450E+00
+9.743652E+02,+1.104413E-05,-6.166680E-06,-9.795879E+01,-5.092444E-01
+9.746094E+02,-1.145677E-05,+6.630872E-06,-9.756401E+01,+2.616927E+00
+9.748535E+02,+5.782627E-06,-4.312210E-06,-1.028371E+02,-6.407552E-01
+9.750977E+02,-1.465411E-07,+5.997637E-06,-1.044378E+02,+1.595225E+00
+9.753418E+02,-4.880095E-06,-3.378527E-06,-1.045309E+02,-2.536048E+00
+9.755859E+02,+4.307170E-06,+3.531961E-06,-1.050827E+02,+6.868290E-01
+9.758301E+02,-1.299703E-06,-8.337283E-06,-1.014752E+02,-1.725442E+00
+9.760742E+02,+2.363116E-06,+6.416075E-06,-1.033022E+02,+1.217902E+00
+9.763184E+02,-2.248319E-06,+8.345840E-07,-1.124022E+02,+2.786155E+00
+9.765625E+02,+1.529233E-07,-5.322791E-06,-1.054736E+02,-1.542074E+00
+9.768066E+02,+2.985370E-06,+4.676801E-06,-1.051166E+02,+1.002665E+00
+9.770508E+02,-4.539061E-06,-4.389640E-06,-1.039933E+02,-2.372928E+00
+9.772949E+02,-3.503110E-06,+2.779753E-06,-1.069900E+02,+2.470822E+00
+9.775391E+02,+1.113495E-05,+4.195751E-06,-9.848962E+01,+3.603557E-01
+9.777832E+02,-5.207537E-06,-7.134739E-06,-1.010778E+02,-2.201299E+00
+9.780273E+02,-2.438861E-06,-4.927368E-07,-1.120825E+02,-2.942240E+00
+9.782715E+02,+1.797266E-06,+2.477747E-06,-1.102829E+02,+9.432502E-01
+9.785156E+02,+3.439958E-06,+8.532355E-06,-1.007245E+02,+1.187563E+00
+9.787598E+02,-1.379793E-06,-1.414101E-05,-9.694924E+01,-1.668062E+00
+9.790039E+02,-5.825049E-06,+5.911149E-06,-1.016195E+02,+2.348858E+00
+9.792480E+02,+4.358423E-06,+3.201449E-06,-1.053395E+02,+6.335349E-01
+9.794922E+02,+5.972281E-06,-3.892117E-06,-1.029399E+02,-5.775672E-01
+9.797363E+02,-1.233983E-05,-1.246170E-06,-9.812975E+01,-3.040946E+00
+9.799805E+02,+5.898165E-06,+3.176791E-06,-1.034794E+02,+4.940538E-01
+9.802246E+02,+2.620000E-06,+1.543650E-06,-1.103399E+02,+5.324252E-01
+9.804688E+02,-3.675281E-06,-1.585037E-06,-1.079534E+02,-2.734423E+00
+9.807129E+02,+1.354572E-06,+1.532230E-07,-1.173087E+02,+1.126367E-01
+9.809570E+02,-4.138649E-06,-1.904062E-06,-1.068290E+02,-2.710397E+00
+9.812012E+02,+8.288168E-06,-1.093358E-06,-1.015559E+02,-1.311606E-01
+9.814453E+02,-6.215809E-06,+5.899239E-06,-1.013408E+02,+2.382319E+00
+9.816895E+02,+1.044374E-06,-5.255256E-06,-1.054199E+02,-1.374623E+00
+9.819336E+02,+1.848935E-06,+3.529020E-06,-1.079935E+02,+1.088194E+00
+9.821777E+02,-1.574252E-06,-2.533032E-06,-1.105088E+02,-2.126867E+00
+9.824219E+02,+3.821439E-06,+4.238246E-06,-1.048723E+02,+8.370672E-01
+9.826660E+02,-1.873190E-06,-5.287907E-06,-1.050209E+02,-1.911244E+00
+9.829102E+02,-5.034966E-06,+1.639628E-06,-1.055223E+02,+2.826775E+00
+9.831543E+02,+1.086078E-05,-8.426975E-07,-9.925671E+01,-7.743574E-02
+9.833984E+02,-1.492950E-05,+6.841070E-06,-9.569135E+01,+2.711920E+00
+9.836426E+02,+1.133269E-05,-1.046683E-05,-9.623451E+01,-7.456996E-01
+9.838867E+02,-5.172747E-06,+5.578163E-06,-1.023752E+02,+2.318502E+00
+9.841309E+02,+8.415977E-07,-1.196572E-06,-1.166957E+02,-9.578319E-01
+9.843750E+02,+5.081405E-06,-5.290219E-06,-1.026916E+02,-8.055287E-01
+9.846191E+02,-3.064508E-06,+9.776495E-06,-9.978931E+01,+1.874552E+00
+9.848633E+02,-3.235014E-06,-3.808262E-07,-1.097427E+02,-3.024412E+00
+9.851074E+02,+2.594762E-07,-8.063978E-06,-1.018645E+02,-1.538630E+00
+9.853516E+02,+8.277225E-06,+1.456376E-06,-1.015099E+02,+1.741672E-01
+9.855957E+02,-8.616456E-06,+1.938673E-06,-1.010790E+02,+2.920281E+00
+9.858398E+02,+2.047896E-06,+6.056213E-06,-1.038858E+02,+1.244719E+00
+9.860840E+02,-1.318354E-06,-5.627262E-06,-1.047620E+02,-1.800926E+00
+9.863281E+02,+4.379018E-06,+1.377340E-06,-1.067628E+02,+3.047348E-01
+9.865723E+02,-1.633319E-07,-5.790719E-06,-1.047419E+02,-1.598995E+00
+9.868164E+02,+3.569986E-07,+4.730854E-06,-1.064765E+02,+1.495477E+00
+9.870605E+02,-7.449888E-06,+4.701786E-06,-1.011010E+02,+2.578603E+00
+9.873047E+02,+5.951901E-06,-1.076515E-05,-9.820122E+01,-1.065740E+00
+9.875488E+02,-6.292127E-06,+1.237570E-05,-9.715008E+01,+2.041162E+00
+9.877930E+02,+6.509096E-06,-6.927165E-06,-1.004405E+02,-8.165031E-01
+9.880371E+02,-1.184258E-06,-3.474592E-06,-1.087046E+02,-1.899282E+00
+9.882812E+02,+2.374492E-07,+2.746520E-06,-1.111920E+02,+1.484556E+00
+9.885254E+02,+1.307311E-06,-2.824579E-06,-1.101380E+02,-1.137321E+00
+9.887695E+02,-2.406367E-06,+7.973205E-06,-1.015887E+02,+1.863910E+00
+9.890137E+02,+2.053827E-06,-5.437629E-06,-1.047126E+02,-1.209655E+00
+9.892578E+02,-9.159880E-07,+2.514010E-06,-1.114513E+02,+1.920200E+00
+9.895020E+02,-2.648530E-06,-1.819764E-06,-1.098606E+02,-2.539587E+00
+9.897461E+02,-7.873995E-07,+5.668952E-07,-1.202624E+02,+2.517597E+00
+9.899902E+02,+6.506936E-06,+2.035334E-06,-1.033271E+02,+3.031532E-01
+9.902344E+02,-5.221193E-06,-3.457468E-07,-1.056256E+02,-3.075469E+00
+9.904785E+02,+1.927980E-06,-9.242050E-07,-1.133996E+02,-4.470033E-01
+9.907227E+02,-4.482502E-06,-4.479910E-06,-1.039618E+02,-2.356484E+00
+9.909668E+02,+9.610116E-06,+7.672074E-06,-9.820405E+01,+6.737238E-01
+9.912109E+02,-4.649444E-06,-2.633353E-06,-1.054436E+02,-2.626261E+00
+9.914551E+02,-5.411830E-06,-1.403107E-06,-1.050506E+02,-2.887912E+00
+9.916992E+02,+6.653466E-06,-3.140226E-06,-1.026656E+02,-4.409719E-01
+9.919434E+02,-3.422681E-07,+8.726844E-06,-1.011762E+02,+1.609996E+00
+9.921875E+02,-5.479355E-06,-1.425744E-05,-9.632088E+01,-1.937709E+00
+9.924316E+02,+6.826715E-06,+7.542843E-06,-9.985065E+01,+8.351935E-01
+9.926758E+02,-6.953649E-06,+8.700608E-06,-9.906390E+01,+2.245058E+00
+9.929199E+02,+4.927774E-06,-1.205801E-05,-9.770372E+01,-1.182836E+00
+9.931641E+02,-9.650124E-07,+6.127439E-06,-1.041480E+02,+1.727004E+00
+9.934082E+02,-1.003507E-06,+1.898687E-06,-1.133611E+02,+2.057004E+00
+9.936523E+02,-3.318549E-06,-7.057726E-06,-1.021592E+02,-2.010322E+00
+9.938965E+02,+1.261623E-05,+6.518046E-06,-9.695393E+01,+4.768707E-01
+9.941406E+02,-1.457995E-05,-3.131717E-06,-9.652899E+01,-2.930012E+00
+9.943848E+02,+9.313656E-06,+1.854586E-06,-1.004487E+02,+1.965545E-01
+9.946289E+02,-2.253161E-06,-3.516551E-06,-1.075838E+02,-2.140627E+00
+9.948730E+02,-6.196158E-06,+1.311108E-06,-1.039673E+02,+2.933069E+00
+9.951172E+02,+4.765180E-06,+1.014262E-06,-1.062460E+02,+2.097188E-01
+9.953613E+02,+5.271400E-06,+3.143552E-06,-1.042401E+02,+5.377247E-01
+9.956055E+02,+2.527924E-07,-1.004297E-05,-9.996001E+01,-1.545631E+00
+9.958496E+02,-1.046580E-05,+1.248223E-05,-9.576199E+01,+2.268550E+00
+9.960938E+02,+7.938716E-06,-8.626246E-06,-9.861901E+01,-8.268794E-01
+9.963379E+02,-5.045761E-06,+1.963004E-06,-1.053294E+02,+2.770570E+00
+9.965820E+02,+7.380636E-06,+1.382838E-06,-1.024883E+02,+1.852130E-01
+9.968262E+02,-1.182061E-05,-4.509938E-06,-9.795700E+01,-2.777108E+00
+9.970703E+02,+9.897749E-06,+5.696962E-06,-9.884653E+01,+5.222713E-01
+9.973145E+02,-2.386200E-06,-1.015821E-06,-1.117225E+02,-2.739124E+00
+9.975586E+02,-1.241246E-06,-4.114542E-06,-1.073353E+02,-1.863787E+00
+9.978027E+02,-1.345675E-06,+2.129909E-06,-1.119741E+02,+2.134270E+00
+9.980469E+02,+5.730167E-06,+4.943826E-06,-1.024203E+02,+7.118621E-01
+9.982910E+02,-2.888529E-06,-1.715647E-06,-1.094742E+02,-2.605632E+00
+9.985352E+02,-6.372914E-06,-4.665007E-06,-1.020498E+02,-2.509708E+00
+9.987793E+02,+9.367157E-06,+2.011584E-06,-1.003720E+02,+2.115359E-01
+9.990234E+02,-4.467339E-06,+1.238878E-06,-1.066772E+02,+2.871072E+00
+9.992676E+02,-8.631718E-07,+4.539224E-08,-1.212661E+02,+3.089053E+00
+9.995117E+02,+1.577212E-08,+1.803431E-06,-1.148777E+02,+1.562051E+00
+9.997559E+02,+6.497741E-06,-5.455447E-06,-1.014277E+02,-6.984201E-01
