FFT Length,8192
Record Length,4096
FFT Sample Rate,+2.000000E+03,
Delta Frequency,+2.441406E-01,
Start Frequency,+0.000000E+00,
Stop Frequency,+1.000000E+03,
Vertical Units,F1:,Real part,Vrms,Imaginary part,Vrms,Magnitude,dBV,
Model,SDS814X HD
Serial Number,SDS08A0X807112
Software Version,3.8.12.1.1.3.8
SourceF1:
Frequency,Real part,Imaginary part,Magnitude,Angle
+0.000000E+00,-3.232056E-04,+0.000000E+00,-6.981042E+01,+3.141593E+00
+2.441406E-01,+2.281605E-04,+1.840506E-05,-7.280702E+01,+8.049283E-02
+4.882812E-01,-1.193051E-05,-8.521275E-06,-9.667664E+01,-2.521372E+00
+7.324219E-01,+1.420714E-05,-3.385202E-06,-9.671004E+01,-2.339129E-01
+9.765625E-01,-2.005638E-05,+7.978126E-07,-9.394807E+01,+3.101835E+00
+1.220703E+00,+1.358259E-05,+9.932225E-06,-9.548005E+01,+6.313908E-01
+1.464844E+00,+1.198509E-05,+7.579898E-06,-9.696593E+01,+5.639343E-01
+1.708984E+00,-1.911813E-05,-2.265820E-05,-9.056062E+01,-2.271658E+00
+1.953125E+00,+1.673743E-05,+3.547913E-05,-8.812787E+01,+1.130000E+00
+2.197266E+00,-6.852291E-06,-3.657346E-05,-8.858685E+01,-1.756006E+00
+2.441406E+00,-1.912987E-06,+1.380597E-05,-9.711607E+01,+1.708482E+00
+2.685547E+00,+4.815330E-06,-3.665406E-06,-1.043625E+02,-6.506277E-01
+2.929688E+00,+1.857738E-05,+1.126996E-05,-9.325937E+01,+5.452943E-01
+3.173828E+00,-3.324850E-05,-1.812301E-05,-8.843479E+01,-2.642536E+00
+3.417969E+00,+1.105970E-05,-9.226289E-06,-9.683105E+01,-6.952648E-01
+3.662109E+00,-1.218811E-05,+3.054114E-05,-8.966049E+01,+1.950502E+00
+3.906250E+00,+1.219193E-05,-3.612898E-06,-9.791299E+01,-2.880911E-01
+4.150391E+00,+3.641748E-06,+1.783229E-06,-1.078404E+02,+4.553437E-01
+4.394531E+00,+1.671244E-06,-6.741419E-06,-1.031659E+02,-1.327789E+00
+4.638672E+00,+3.390188E-06,-3.274923E-06,-1.065329E+02,-7.681061E-01
+4.882812E+00,-3.598925E-06,+9.732148E-06,-9.967918E+01,+1.924998E+00
+5.126953E+00,+5.032909E-06,-1.530769E-05,-9.585603E+01,-1.253147E+00
+5.371094E+00,-1.053325E-05,+4.013409E-06,-9.896003E+01,+2.777552E+00
+5.615234E+00,+8.201378E-06,+4.396568E-06,-1.006252E+02,+4.920908E-01
+5.859375E+00,+3.918036E-07,-8.591426E-06,-1.013097E+02,-1.525224E+00
+6.103516E+00,-3.677411E-06,-2.318402E-06,-1.072358E+02,-2.579088E+00
+6.347656E+00,-9.353995E-06,+2.224639E-05,-9.234779E+01,+1.968826E+00
+6.591797E+00,+5.780169E-06,-3.884379E-05,-8.811845E+01,-1.423075E+00
+6.835938E+00,-1.160085E-05,+4.175435E-05,-8.726303E+01,+1.841797E+00
+7.080078E+00,+2.532783E-05,-4.636543E-06,-9.178489E+01,-1.810565E-01
+7.324219E+00,-1.123042E-05,-1.873634E-05,-9.321324E+01,-2.110769E+00
+7.568359E+00,+7.987289E-06,+3.724166E-07,-1.019426E+02,+4.659241E-02
+7.812500E+00,-7.841377E-06,+2.890684E-06,-1.015588E+02,+2.788405E+00
+8.056641E+00,-3.951369E-06,+3.585194E-06,-1.054566E+02,+2.404743E+00
+8.300781E+00,+6.703942E-06,-1.523051E-06,-1.032548E+02,-2.233954E-01
+8.544922E+00,-7.685619E-06,-4.511535E-06,-1.010006E+02,-2.610780E+00
+8.789062E+00,+5.267181E-06,+1.410512E-05,-9.644553E+01,+1.213409E+00
+9.033203E+00,+5.436286E-06,-1.667655E-05,-9.511929E+01,-1.255675E+00
+9.277344E+00,-7.870493E-06,+1.142073E-05,-9.715845E+01,+2.174197E+00
+9.521484E+00,-2.585491E-06,-3.595823E-06,-1.070742E+02,-2.194178E+00
+9.765625E+00,+6.984470E-06,-9.909339E-06,-9.832748E+01,-9.568313E-01
+1.000977E+01,+1.033463E-06,+1.958791E-05,-9.414817E+01,+1.518085E+00
+1.025391E+01,-2.952315E-06,-2.157325E-05,-9.324110E+01,-1.706802E+00
+1.049805E+01,-1.230251E-06,+1.884526E-05,-9.447749E+01,+1.635985E+00
+1.074219E+01,+5.424210E-06,+1.058927E-06,-1.051508E+02,+1.927974E-01
+1.098633E+01,-7.490552E-06,-1.001396E-05,-9.805798E+01,-2.213023E+00
+1.123047E+01,+4.305833E-06,-6.339259E-06,-1.023117E+02,-9.741445E-01
+1.147461E+01,+1.471258E-06,+3.917415E-06,-1.075670E+02,+1.211527E+00
+1.171875E+01,-7.604517E-06,+2.739699E-06,-1.018486E+02,+2.795796E+00
+1.196289E+01,+1.786325E-06,+3.502992E-06,-1.081074E+02,+1.099226E+00
+1.220703E+01,+1.583639E-06,-2.859757E-06,-1.097118E+02,-1.065066E+00
+1.245117E+01,+6.040160E-06,+1.657473E-06,-1.040637E+02,+2.678165E-01
+1.269531E+01,-6.455959E-06,-9.376161E-06,-9.887422E+01,-2.173797E+00
+1.293945E+01,+4.089466E-06,+1.588109E-05,-9.570357E+01,+1.318766E+00
+1.318359E+01,-2.377619E-06,-1.376683E-05,-9.709567E+01,-1.741816E+00
+1.342773E+01,-4.260590E-06,+6.735594E-06,-1.019708E+02,+2.134805E+00
+1.367188E+01,+5.249878E-06,-3.973628E-06,-1.036300E+02,-6.479020E-01
+1.391602E+01,-5.988928E-06,+3.282397E-06,-1.033123E+02,+2.640227E+00
+1.416016E+01,+6.089004E-06,-1.831356E-06,-1.039330E+02,-2.921580E-01
+1.440430E+01,-1.565285E-06,+1.970003E-06,-1.119853E+02,+2.242211E+00
+1.464844E+01,+2.458902E-06,+5.867713E-07,-1.119446E+02,+2.342505E-01
+1.489258E+01,-5.926645E-06,-1.988814E-06,-1.040804E+02,-2.817829E+00
+1.513672E+01,+3.590744E-06,+2.535309E-06,-1.071397E+02,+6.147867E-01
+1.538086E+01,+1.247225E-06,-1.616943E-06,-1.137986E+02,-9.137719E-01
+1.562500E+01,+1.552585E-07,-4.910017E-06,-1.061740E+02,-1.539186E+00
+1.586914E+01,-1.126563E-06,+2.489860E-06,-1.112676E+02,+1.995694E+00
+1.611328E+01,-5.325474E-06,+2.479218E-06,-1.046209E+02,+2.705892E+00
+1.635742E+01,+5.502858E-06,-3.946979E-06,-1.033857E+02,-6.222160E-01
+1.660156E+01,-5.765781E-06,+7.068837E-06,-1.007981E+02,+2.255014E+00
+1.684570E+01,+8.011283E-06,-7.138232E-06,-9.938792E+01,-7.278329E-01
+1.708984E+01,-3.351610E-06,+4.248549E-06,-1.053338E+02,+2.238722E+00
+1.733398E+01,+4.233067E-06,-2.614032E-08,-1.074667E+02,-6.175188E-03
+1.757812E+01,-1.328724E-05,-4.399723E-06,-9.707948E+01,-2.821832E+00
+1.782227E+01,+8.257232E-06,+5.909559E-06,-9.986721E+01,+6.211740E-01
+1.806641E+01,-1.452301E-06,+3.290684E-07,-1.165414E+02,+2.918771E+00
+1.831055E+01,+1.103799E-05,-3.466923E-06,-9.873360E+01,-3.043329E-01
+1.855469E+01,-1.320494E-05,+5.000300E-07,-9.757905E+01,+3.103744E+00
+1.879883E+01,-1.515710E-06,-1.950558E-06,-1.121452E+02,-2.231395E+00
+1.904297E+01,+9.594686E-06,+4.168051E-06,-9.960861E+01,+4.098160E-01
+1.928711E+01,-9.395269E-06,-4.180211E-06,-9.975739E+01,-2.722965E+00
+1.953125E+01,+7.159412E-06,+2.928128E-06,-1.022307E+02,+3.882322E-01
+1.977539E+01,+3.913565E-07,-6.732608E-07,-1.221721E+02,-1.044251E+00
+2.001953E+01,-1.737762E-06,+4.270715E-06,-1.067246E+02,+1.957238E+00
+2.026367E+01,-4.838909E-06,-6.973466E-06,-1.014240E+02,-2.177419E+00
+2.050781E+01,+5.598077E-06,+1.060969E-06,-1.048860E+02,+1.873023E-01
+2.075195E+01,-8.388914E-06,+3.779526E-06,-1.007233E+02,+2.718291E+00
+2.099609E+01,+1.083829E-05,-4.376236E-06,-9.864486E+01,-3.837568E-01
+2.124023E+01,-2.873527E-06,+8.528347E-06,-1.009157E+02,+1.895788E+00
+2.148438E+01,-3.795063E-06,-3.474666E-06,-1.057715E+02,-2.400239E+00
+2.172852E+01,-3.996222E-07,-5.003938E-06,-1.059861E+02,-1.650489E+00
+2.197266E+01,+1.883480E-06,+1.028155E-07,-1.144879E+02,+5.453394E-02
+2.221680E+01,+2.322374E-06,+7.359734E-06,-1.022505E+02,+1.265134E+00
+2.246094E+01,-2.068632E-06,-5.391598E-06,-1.047692E+02,-1.937152E+00
+2.270508E+01,+2.801138E-06,+3.239615E-06,-1.073657E+02,+8.578576E-01
+2.294922E+01,-3.037274E-06,-5.019926E-06,-1.046313E+02,-2.114916E+00
+2.319336E+01,-1.174704E-06,+9.692607E-07,-1.163463E+02,+2.451727E+00
+2.343750E+01,+2.884620E-06,+7.725359E-06,-1.016748E+02,+1.213432E+00
+2.368164E+01,+5.651928E-08,-7.855310E-06,-1.020965E+02,-1.563601E+00
+2.392578E+01,-1.480909E-06,+9.001050E-07,-1.152240E+02,+2.595453E+00
+2.416992E+01,-1.851960E-06,+3.134509E-06,-1.087762E+02,+2.104445E+00
+2.441406E+01,+3.711488E-06,-1.591944E-06,-1.078756E+02,-4.051891E-01
+2.465820E+01,-4.386815E-06,+5.734918E-06,-1.028288E+02,+2.223785E+00
+2.490234E+01,+3.711358E-06,-5.484052E-06,-1.035804E+02,-9.758422E-01
+2.514648E+01,-2.928449E-06,-3.291834E-06,-1.071193E+02,-2.297842E+00
+2.539062E+01,+6.887808E-06,+1.197917E-05,-9.719098E+01,+1.048975E+00
+2.563477E+01,-9.198441E-06,-9.936112E-06,-9.736749E+01,-2.317662E+00
+2.587891E+01,+7.070688E-06,+3.783267E-07,-1.029984E+02,+5.345537E-02
+2.612305E+01,-2.181261E-07,-7.597708E-07,-1.220424E+02,-1.850372E+00
+2.636719E+01,-2.726275E-06,+5.986294E-06,-1.036383E+02,+1.998148E+00
+2.661133E+01,+5.079420E-06,-2.043773E-06,-1.052320E+02,-3.825422E-01
+2.685547E+01,-6.841803E-06,-1.109359E-06,-1.031839E+02,-2.980847E+00
+2.709961E+01,+7.757712E-06,-6.569920E-06,-9.985706E+01,-7.026851E-01
+2.734375E+01,-7.280123E-06,+1.005794E-05,-9.812021E+01,+2.197330E+00
+2.758789E+01,+4.062743E-06,-7.254197E-06,-1.016034E+02,-1.060267E+00
+2.783203E+01,-2.076314E-06,+4.334026E-06,-1.063649E+02,+2.017562E+00
+2.807617E+01,+3.285378E-06,-2.621542E-06,-1.075286E+02,-6.734850E-01
+2.832031E+01,-2.586256E-07,+5.137315E-06,-1.057743E+02,+1.621096E+00
+2.856445E+01,-9.739612E-07,-7.305812E-06,-1.026501E+02,-1.703328E+00
+2.880859E+01,-1.502584E-06,+2.496009E-06,-1.107120E+02,+2.112681E+00
+2.905273E+01,+1.842500E-06,-2.024670E-06,-1.112528E+02,-8.324701E-01
+2.929688E+01,-3.085798E-06,+3.273604E-06,-1.069382E+02,+2.326671E+00
+2.954102E+01,+3.366131E-06,+1.758962E-06,-1.084089E+02,+4.815222E-01
+2.978516E+01,-5.701428E-06,-5.687874E-06,-1.018803E+02,-2.357384E+00
+3.002930E+01,+7.620488E-06,+6.411829E-06,-1.000356E+02,+6.994763E-01
+3.027344E+01,-3.224904E-06,-1.651065E-06,-1.088187E+02,-2.668412E+00
+3.051758E+01,-4.266751E-08,-8.623370E-06,-1.012864E+02,-1.575744E+00
+3.076172E+01,-5.372632E-07,+1.317109E-05,-9.760034E+01,+1.611565E+00
+3.100586E+01,-1.016798E-06,-1.148390E-05,-9.876430E+01,-1.659107E+00
+3.125000E+01,-1.544340E-06,+9.338111E-06,-1.004776E+02,+1.734693E+00
+3.149414E+01,+2.450578E-06,-7.111531E-06,-1.024734E+02,-1.238947E+00
+3.173828E+01,+4.783172E-06,+5.340515E-06,-1.028904E+02,+8.403960E-01
+3.198242E+01,-5.613762E-06,-9.471529E-07,-1.048930E+02,-2.974447E+00
+3.222656E+01,-1.673736E-06,-7.281293E-06,-1.025322E+02,-1.796739E+00
+3.247070E+01,+1.008289E-05,+8.428088E-06,-9.762714E+01,+6.962396E-01
+3.271484E+01,-1.020899E-05,-5.469178E-06,-9.872456E+01,-2.649778E+00
+3.295898E+01,-1.693159E-06,+5.952476E-06,-1.041682E+02,+1.847923E+00
+3.320312E+01,+1.347940E-06,+7.422326E-07,-1.162565E+02,+5.033361E-01
+3.344727E+01,+1.323245E-05,-9.632870E-06,-9.572044E+01,-6.292545E-01
+3.369141E+01,-1.410011E-05,+8.795405E-06,-9.558820E+01,+2.583869E+00
+3.393555E+01,+6.696092E-06,+2.371182E-06,-1.029705E+02,+3.403354E-01
+3.417969E+01,-3.026340E-06,-1.056501E-05,-9.918011E+01,-1.849775E+00
+3.442383E+01,-1.645564E-06,+5.585635E-06,-1.046971E+02,+1.857298E+00
+3.466797E+01,+2.644568E-06,+2.402763E-06,-1.089391E+02,+7.375274E-01
+3.491211E+01,+2.112680E-07,-3.905478E-07,-1.270518E+02,-1.074926E+00
+3.515625E+01,-3.374645E-06,-2.165277E-06,-1.079380E+02,-2.571123E+00
+3.540039E+01,+7.639326E-06,-1.259029E-06,-1.022225E+02,-1.633405E-01
+3.564453E+01,-4.461388E-06,+4.295757E-06,-1.041615E+02,+2.375106E+00
+3.588867E+01,-3.059873E-06,-8.375401E-06,-1.009958E+02,-1.921072E+00
+3.613281E+01,+4.390407E-06,+5.727678E-06,-1.028331E+02,+9.168030E-01
+3.637695E+01,+6.778953E-07,+5.505387E-06,-1.051189E+02,+1.448280E+00
+3.662109E+01,+8.384272E-07,-8.776390E-06,-1.010942E+02,-1.475553E+00
+3.686523E+01,-4.788068E-06,+3.072885E-06,-1.048988E+02,+2.571018E+00
+3.710938E+01,+7.408369E-06,+7.794846E-08,-1.026051E+02,+1.052129E-02
+3.735352E+01,-7.261363E-06,-2.216307E-06,-1.023928E+02,-2.845355E+00
+3.759766E+01,+6.068110E-06,-1.069895E-06,-1.042060E+02,-1.745207E-01
+3.784180E+01,-7.865498E-06,+9.022279E-07,-1.020287E+02,+3.027385E+00
+3.808594E+01,+7.894177E-07,+8.901561E-07,-1.184907E+02,+8.453050E-01
+3.833008E+01,+6.625717E-06,+5.969885E-06,-1.009942E+02,+7.333768E-01
+3.857422E+01,+1.016720E-06,-1.171561E-05,-9.859212E+01,-1.484230E+00
+3.881836E+01,-7.872773E-06,+9.842461E-06,-9.799000E+01,+2.245463E+00
+3.906250E+01,+3.346431E-06,-4.568971E-06,-1.049385E+02,-9.386382E-01
+3.930664E+01,-1.372148E-06,+8.323428E-07,-1.158912E+02,+2.596336E+00
+3.955078E+01,+3.872973E-06,-9.620155E-07,-1.079791E+02,-2.434647E-01
+3.979492E+01,-3.078336E-06,-3.414268E-06,-1.067503E+02,-2.304500E+00
+4.003906E+01,+2.712723E-06,+3.783462E-06,-1.066407E+02,+9.487553E-01
+4.028320E+01,-4.290425E-06,+2.166215E-06,-1.063638E+02,+2.674037E+00
+4.052734E+01,+5.559777E-06,-6.414578E-07,-1.050414E+02,-1.148668E-01
+4.077148E+01,-5.044883E-06,-4.633283E-06,-1.032866E+02,-2.398698E+00
+4.101562E+01,+4.480541E-06,+2.466242E-06,-1.058240E+02,+5.031763E-01
+4.125977E+01,-4.899020E-06,+2.600992E-06,-1.051194E+02,+2.653515E+00
+4.150391E+01,-8.432352E-07,-1.077939E-06,-1.172746E+02,-2.234630E+00
+4.174805E+01,+4.025259E-07,-3.295535E-06,-1.095772E+02,-1.449256E+00
+4.199219E+01,+3.049885E-06,+3.135141E-06,-1.071826E+02,+7.991816E-01
+4.223633E+01,+4.339409E-06,-1.453679E-06,-1.067895E+02,-3.232450E-01
+4.248047E+01,-1.198211E-05,+2.926160E-06,-9.817776E+01,+2.902070E+00
+4.272461E+01,+9.489977E-06,-4.978966E-06,-9.939870E+01,-4.831767E-01
+4.296875E+01,+6.610166E-07,+3.011958E-06,-1.102187E+02,+1.354757E+00
+4.321289E+01,-2.768479E-06,-5.287221E-06,-1.044832E+02,-2.053159E+00
+4.345703E+01,-7.678994E-06,+8.100629E-06,-9.904527E+01,+2.329481E+00
+4.370117E+01,+6.263836E-06,-4.276659E-06,-1.024014E+02,-5.990574E-01
+4.394531E+01,-6.112639E-07,-5.873246E-07,-1.214352E+02,-2.376165E+00
+4.418945E+01,-4.062734E-07,+8.542743E-06,-1.013582E+02,+1.618318E+00
+4.443359E+01,+2.936824E-06,-1.881242E-05,-9.440654E+01,-1.415935E+00
+4.467773E+01,-3.256491E-07,+1.467629E-05,-9.666553E+01,+1.592981E+00
+4.492188E+01,+1.597911E-06,+7.354573E-07,-1.150945E+02,+4.313548E-01
+4.516602E+01,-6.092358E-06,-7.158981E-06,-1.005371E+02,-2.275876E+00
+4.541016E+01,+1.569159E-06,+1.039457E-05,-9.956601E+01,+1.420968E+00
+4.565430E+01,+4.384508E-06,-1.082275E-05,-9.865326E+01,-1.185884E+00
+4.589844E+01,-8.942198E-06,+5.687803E-06,-9.949566E+01,+2.575077E+00
+4.614258E+01,+6.301693E-06,-2.567433E-06,-1.033439E+02,-3.868862E-01
+4.638672E+01,+7.629698E-08,-5.532583E-06,-1.051406E+02,-1.557007E+00
+4.663086E+01,-3.003819E-06,+1.061819E-05,-9.914463E+01,+1.846486E+00
+4.687500E+01,+3.376813E-06,-7.692248E-06,-1.015136E+02,-1.157137E+00
+4.711914E+01,-5.083817E-07,+3.372623E-06,-1.093431E+02,+1.720408E+00
+4.736328E+01,-4.836976E-06,+1.563272E-06,-1.058770E+02,+2.828997E+00
+4.760742E+01,+7.769690E-06,-2.090449E-06,-1.018884E+02,-2.628279E-01
+4.785156E+01,-7.383054E-06,+9.604987E-07,-1.025624E+02,+3.012224E+00
+4.809570E+01,+3.874631E-06,+6.354625E-07,-1.081201E+02,+1.625587E-01
+4.833984E+01,-1.041769E-06,+1.248236E-06,-1.157784E+02,+2.266278E+00
+4.858398E+01,-1.582534E-07,-3.869278E-06,-1.082401E+02,-1.611673E+00
+4.882812E+01,-4.262970E-07,+2.586765E-06,-1.116285E+02,+1.734128E+00
+4.907227E+01,-7.420634E-07,-1.551832E-06,-1.152888E+02,-2.016840E+00
+4.931641E+01,+8.583554E-07,+1.030238E-06,-1.174517E+02,+8.761592E-01
+4.956055E+01,+7.890945E-06,-2.135896E-06,-1.017503E+02,-2.643426E-01
+4.980469E+01,-1.571229E-05,+4.022636E-06,-9.579949E+01,+2.890958E+00
+5.004883E+01,+1.102946E-05,-3.317971E-06,-9.877267E+01,-2.922163E-01
+5.029297E+01,-1.926089E-06,+3.547189E-06,-1.078802E+02,+2.068242E+00
+5.053711E+01,+2.343115E-06,-2.558608E-06,-1.091949E+02,-8.293327E-01
+5.078125E+01,-7.941535E-06,-1.510607E-06,-1.018475E+02,-2.953622E+00
+5.102539E+01,+7.216259E-06,+6.272552E-06,-1.003896E+02,+7.155498E-01
+5.126953E+01,-3.843933E-06,-6.618294E-06,-1.023227E+02,-2.096982E+00
+5.151367E+01,-3.619564E-06,+4.257808E-09,-1.088269E+02,+3.140416E+00
+5.175781E+01,+4.563688E-06,+3.383471E-06,-1.049113E+02,+6.379678E-01
+5.200195E+01,+3.533016E-06,-2.683807E-06,-1.070586E+02,-6.496398E-01
+5.224609E+01,-6.085848E-06,-5.837616E-07,-1.042738E+02,-3.045964E+00
+5.249023E+01,-2.617822E-06,-3.003069E-06,-1.079938E+02,-2.287763E+00
+5.273438E+01,+3.559795E-06,+8.908822E-06,-1.003603E+02,+1.190651E+00
+5.297852E+01,-8.604497E-06,-6.206855E-06,-9.948607E+01,-2.516681E+00
+5.322266E+01,+1.196001E-06,-1.459656E-07,-1.183812E+02,-1.214441E-01
+5.346680E+01,+2.766842E-07,+6.883140E-06,-1.032373E+02,+1.530621E+00
+5.371094E+01,-3.847840E-06,+5.163424E-06,-1.038230E+02,+2.211226E+00
+5.395508E+01,-3.851113E-06,+1.077215E-05,-9.883160E+01,+1.914143E+00
+5.419922E+01,+9.509373E-06,-5.444035E-06,-9.920581E+01,-5.199470E-01
+5.444336E+01,+5.195429E-06,+1.096798E-05,-9.831829E+01,+1.128417E+00
+5.468750E+01,+7.429221E-06,+2.126777E-06,-1.022391E+02,+2.788151E-01
+5.493164E+01,+1.312429E-05,-7.026796E-07,-9.762605E+01,-5.348934E-02
+5.517578E+01,+9.496798E-06,-3.594675E-06,-9.986695E+01,-3.618483E-01
+5.541992E+01,-2.903773E-06,-1.618872E-05,-9.567822E+01,-1.748279E+00
+5.566406E+01,+9.670407E-06,-9.133799E-06,-9.752167E+01,-7.568693E-01
+5.590820E+01,-8.231277E-06,-1.255649E-05,-9.647009E+01,-2.151056E+00
+5.615234E+01,-1.113547E-05,-7.221796E-06,-9.754109E+01,-2.566245E+00
+5.639648E+01,-5.067491E-06,-3.766751E-07,-1.058802E+02,-3.067397E+00
+5.664062E+01,-1.477979E-05,-2.423415E-06,-9.649141E+01,-2.979071E+00
+5.688477E+01,-6.951850E-06,+1.336082E-05,-9.644281E+01,+2.050564E+00
+5.712891E+01,-7.100445E-06,+1.557342E-05,-9.533210E+01,+1.998574E+00
+5.737305E+01,+5.461032E-06,+8.067987E-06,-1.002266E+02,+9.757585E-01
+5.761719E+01,+3.118700E-05,+1.201477E-05,-8.951953E+01,+3.677259E-01
+5.786133E+01,+7.704314E-06,-3.048421E-05,-9.004960E+01,-1.323249E+00
+5.810547E+01,-1.706222E-05,-1.970891E-05,-9.167772E+01,-2.284341E+00
+5.834961E+01,-1.789777E-05,+1.393073E-05,-9.288703E+01,+2.480193E+00
+5.859375E+01,+1.903125E-06,+3.682276E-06,-1.076495E+02,+1.093772E+00
+5.883789E+01,-1.015420E-06,+1.625346E-05,-9.576417E+01,+1.633189E+00
+5.908203E+01,+7.327728E-06,-7.259862E-07,-1.026582E+02,-9.875158E-02
+5.932617E+01,+5.428552E-06,-7.153264E-06,-1.009346E+02,-9.216289E-01
+5.957031E+01,-7.356961E-07,+2.290977E-08,-1.226618E+02,+3.110462E+00
+5.981445E+01,-1.015810E-06,-4.829543E-06,-1.061339E+02,-1.778107E+00
+6.005859E+01,-1.879308E-06,+1.183504E-06,-1.130693E+02,+2.579581E+00
+6.030273E+01,-2.530686E-06,+2.530803E-06,-1.089247E+02,+2.356171E+00
+6.054688E+01,-7.115106E-07,-4.617197E-07,-1.214301E+02,-2.565971E+00
+6.079102E+01,-1.639208E-06,+1.335004E-06,-1.134977E+02,+2.458121E+00
+6.103516E+01,+7.588657E-06,+1.067727E-06,-1.023116E+02,+1.397828E-01
+6.127930E+01,-3.026512E-06,+4.764150E-06,-1.049680E+02,+2.136745E+00
+6.152344E+01,-2.093212E-06,-7.864236E-06,-1.017896E+02,-1.830934E+00
+6.176758E+01,+8.946749E-06,+6.014086E-06,-9.934743E+01,+5.918298E-01
+6.201172E+01,-1.305455E-05,-7.475198E-06,-9.645316E+01,-2.621554E+00
+6.225586E+01,+9.535340E-06,+5.638423E-06,-9.911104E+01,+5.340116E-01
+6.250000E+01,-7.130723E-06,-2.964410E-06,-1.022450E+02,-2.747605E+00
+6.274414E+01,+2.126940E-06,+2.475021E-06,-1.097267E+02,+8.608920E-01
+6.298828E+01,+4.333575E-06,+6.974150E-06,-1.017122E+02,+1.014807E+00
+6.323242E+01,-3.669276E-06,-1.206087E-05,-9.798799E+01,-1.866129E+00
+6.347656E+01,+7.241984E-06,+6.344519E-06,-1.003292E+02,+7.194383E-01
+6.372070E+01,-6.329154E-06,-3.390501E-06,-1.028774E+02,-2.649798E+00
+6.396484E+01,-7.551153E-07,+3.643097E-06,-1.085879E+02,+1.775175E+00
+6.420898E+01,+2.145285E-06,-6.913237E-06,-1.028071E+02,-1.269903E+00
+6.445312E+01,+5.431014E-06,+5.044635E-06,-1.026008E+02,+7.485313E-01
+6.469727E+01,-9.128503E-06,-1.290406E-06,-1.007061E+02,-3.001163E+00
+6.494141E+01,+2.400584E-06,+1.291921E-07,-1.123811E+02,+5.376507E-02
+6.518555E+01,+6.737607E-07,+2.952375E-06,-1.103761E+02,+1.346429E+00
+6.542969E+01,+1.761189E-06,-3.534597E-06,-1.080701E+02,-1.108532E+00
+6.567383E+01,-3.552324E-06,+5.647524E-06,-1.035151E+02,+2.132271E+00
+6.591797E+01,+8.298625E-06,-5.100558E-06,-1.002281E+02,-5.511051E-01
+6.616211E+01,-7.895816E-06,-4.243063E-06,-1.009503E+02,-2.648489E+00
+6.640625E+01,+6.128594E-09,+1.002525E-05,-9.997810E+01,+1.570185E+00
+6.665039E+01,-1.929410E-06,-5.132448E-06,-1.052194E+02,-1.930377E+00
+6.689453E+01,+9.154650E-06,-6.193614E-06,-9.913041E+01,-5.948164E-01
+6.713867E+01,-8.073936E-06,+9.007767E-06,-9.834672E+01,+2.301580E+00
+6.738281E+01,+5.553890E-06,+4.116646E-06,-1.032064E+02,+6.378572E-01
+6.762695E+01,-4.398866E-06,-1.588762E-05,-9.565804E+01,-1.840904E+00
+6.787109E+01,+3.719878E-06,+1.102399E-05,-9.868491E+01,+1.245359E+00
+6.811523E+01,-1.847924E-06,-2.209457E-06,-1.108110E+02,-2.267324E+00
+6.835938E+01,-3.719154E-06,+1.557966E-06,-1.078890E+02,+2.744897E+00
+6.860352E+01,+2.986700E-06,-1.295725E-06,-1.097472E+02,-4.093274E-01
+6.884766E+01,+5.893714E-06,-8.982501E-07,-1.044925E+02,-1.512443E-01
+6.909180E+01,-9.591527E-06,-1.010694E-06,-1.003143E+02,-3.036607E+00
+6.933594E+01,+7.897525E-06,-2.124632E-06,-1.017467E+02,-2.628029E-01
+6.958008E+01,-3.515933E-06,+7.241701E-06,-1.018840E+02,+2.022787E+00
+6.982422E+01,-6.931841E-07,-1.392742E-06,-1.161614E+02,-2.032612E+00
+7.006836E+01,-2.439936E-06,-6.353509E-06,-1.033423E+02,-1.937460E+00
+7.031250E+01,+6.237083E-06,+6.184575E-06,-1.011266E+02,+7.811711E-01
+7.055664E+01,-1.626285E-06,-2.766674E-06,-1.098719E+02,-2.102206E+00
+7.080078E+01,-5.253972E-06,+4.572613E-07,-1.055575E+02,+3.054780E+00
+7.104492E+01,+1.735839E-06,-1.726091E-06,-1.122239E+02,-7.825824E-01
+7.128906E+01,+3.522707E-06,-4.788227E-07,-1.089830E+02,-1.350967E-01
+7.153320E+01,-2.590852E-06,+8.521355E-06,-1.010058E+02,+1.865957E+00
+7.177734E+01,+5.552904E-06,-6.176768E-06,-1.016123E+02,-8.385350E-01
+7.202148E+01,-8.047464E-06,-3.752610E-06,-1.010323E+02,-2.705259E+00
+7.226562E+01,+1.591189E-06,+1.196863E-05,-9.836302E+01,+1.438625E+00
+7.250977E+01,+3.881123E-06,-8.776085E-06,-1.003582E+02,-1.154416E+00
+7.275391E+01,+2.781614E-07,-3.843878E-06,-1.082819E+02,-1.498557E+00
+7.299805E+01,-2.551987E-06,+3.689108E-06,-1.069633E+02,+2.175972E+00
+7.324219E+01,+1.660284E-06,+3.835693E-08,-1.155940E+02,+2.309852E-02
+7.348633E+01,-2.624372E-06,-1.969918E-06,-1.096787E+02,-2.497692E+00
+7.373047E+01,-2.310243E-06,+4.410474E-06,-1.060573E+02,+2.053309E+00
+7.397461E+01,+4.030508E-06,-4.071007E-06,-1.048389E+02,-7.903971E-01
+7.421875E+01,+7.167235E-08,+7.349960E-06,-1.026739E+02,+1.561045E+00
+7.446289E+01,-2.010675E-06,-1.038414E-05,-9.951274E+01,-1.762059E+00
+7.470703E+01,+2.012370E-06,+6.037597E-06,-1.039252E+02,+1.249070E+00
+7.495117E+01,-2.348243E-06,-7.805621E-08,-1.125803E+02,-3.108365E+00
+7.519531E+01,+1.927888E-07,-1.263101E-06,-1.178712E+02,-1.419334E+00
+7.543945E+01,+4.854595E-06,-2.233653E-06,-1.054430E+02,-4.312304E-01
+7.568359E+01,-2.579810E-06,+2.693922E-06,-1.085659E+02,+2.334560E+00
+7.592773E+01,-1.936198E-06,+3.696847E-06,-1.075906E+02,+2.053257E+00
+7.617188E+01,-1.339204E-06,-5.716628E-06,-1.046252E+02,-1.800911E+00
+7.641602E+01,+4.762552E-06,+1.511236E-06,-1.060266E+02,+3.072668E-01
+7.666016E+01,-6.273573E-06,+2.102132E-06,-1.035876E+02,+2.818273E+00
+7.690430E+01,+4.088270E-06,-4.483953E-06,-1.043392E+02,-8.315241E-01
+7.714844E+01,+5.597019E-07,+1.688464E-06,-1.149974E+02,+1.250709E+00
+7.739258E+01,-2.152243E-06,+2.278512E-06,-1.100772E+02,+2.327704E+00
+7.763672E+01,+5.003244E-06,+8.369533E-07,-1.058951E+02,+1.657474E-01
+7.788086E+01,-3.815191E-06,-8.339148E-08,-1.083676E+02,-3.119738E+00
+7.812500E+01,-2.644091E-06,-7.866227E-06,-1.016198E+02,-1.895064E+00
+7.836914E+01,+3.144943E-06,+1.240414E-05,-9.785811E+01,+1.322489E+00
+7.861328E+01,-1.113714E-06,-1.151297E-05,-9.873581E+01,-1.667232E+00
+7.885742E+01,+1.325691E-06,+3.302249E-06,-1.089749E+02,+1.189040E+00
+7.910156E+01,-4.002440E-06,+5.281060E-06,-1.035744E+02,+2.219325E+00
+7.934570E+01,+3.565145E-06,-3.955887E-06,-1.054730E+02,-8.373047E-01
+7.958984E+01,-1.178743E-06,+1.380319E-07,-1.185125E+02,+3.025023E+00
+7.983398E+01,+2.105692E-06,-2.143842E-06,-1.104431E+02,-7.943754E-01
+8.007812E+01,+1.464612E-06,+3.163504E-06,-1.091532E+02,+1.137208E+00
+8.032227E+01,-8.349623E-06,+4.667646E-06,-1.003856E+02,+2.631847E+00
+8.056641E+01,+8.710039E-06,-6.984618E-06,-9.904309E+01,-6.759011E-01
+8.081055E+01,-5.057004E-06,+1.359159E-07,-1.059190E+02,+3.114722E+00
+8.105469E+01,+1.700962E-06,+6.959968E-06,-1.028959E+02,+1.331103E+00
+8.129883E+01,+8.163398E-07,-6.587613E-06,-1.035593E+02,-1.447504E+00
+8.154297E+01,-5.976469E-07,+1.212119E-06,-1.173840E+02,+2.028876E+00
+8.178711E+01,-1.139229E-06,-2.005317E-06,-1.127416E+02,-2.087433E+00
+8.203125E+01,+3.727234E-06,+6.358060E-06,-1.026506E+02,+1.040569E+00
+8.227539E+01,-5.164596E-06,-5.971197E-06,-1.020532E+02,-2.283888E+00
+8.251953E+01,+1.187479E-06,+2.285754E-06,-1.117817E+02,+1.091660E+00
+8.276367E+01,+3.612211E-06,-1.081346E-06,-1.084718E+02,-2.908681E-01
+8.300781E+01,+3.951483E-07,-4.771707E-08,-1.280019E+02,-1.201755E-01
+8.325195E+01,-7.671750E-06,+3.271128E-06,-1.015767E+02,+2.738549E+00
+8.349609E+01,+5.608221E-06,-7.560412E-06,-1.005251E+02,-9.325718E-01
+8.374023E+01,+2.555726E-06,+5.819731E-06,-1.039361E+02,+1.157003E+00
+8.398438E+01,-8.225495E-06,+6.141553E-06,-9.977252E+01,+2.500240E+00
+8.422852E+01,+1.138765E-05,-8.812236E-06,-9.683330E+01,-6.585858E-01
+8.447266E+01,-1.251522E-05,-5.670856E-07,-9.804233E+01,-3.096312E+00
+8.471680E+01,+8.974540E-06,+6.071979E-06,-9.930290E+01,+5.948332E-01
+8.496094E+01,-1.202090E-06,-9.571305E-06,-1.003126E+02,-1.695735E+00
+8.520508E+01,-4.821382E-06,+7.994899E-06,-1.005966E+02,+2.113461E+00
+8.544922E+01,+5.418797E-06,+7.801923E-07,-1.052328E+02,+1.429962E-01
+8.569336E+01,+5.763082E-08,-8.657776E-06,-1.012517E+02,-1.564140E+00
+8.593750E+01,-5.339574E-06,+1.271546E-05,-9.720803E+01,+1.968363E+00
+8.618164E+01,+9.655672E-07,-8.793028E-06,-1.010652E+02,-1.461424E+00
+8.642578E+01,+3.780458E-06,+1.453432E-06,-1.078504E+02,+3.670377E-01
+8.666992E+01,+4.054603E-06,+1.140938E-06,-1.075101E+02,+2.743002E-01
+8.691406E+01,-8.696988E-06,-2.527008E-06,-1.008606E+02,-2.858818E+00
+8.715820E+01,+2.184239E-06,-2.040586E-06,-1.104891E+02,-7.514092E-01
+8.740234E+01,-1.738309E-07,+5.593616E-06,-1.050420E+02,+1.601863E+00
+8.764648E+01,+4.371059E-07,+7.959733E-07,-1.208374E+02,+1.068609E+00
+8.789062E+01,-4.856248E-07,-1.557891E-07,-1.258486E+02,-2.831163E+00
+8.813477E+01,+7.551861E-07,-2.006230E-06,-1.133769E+02,-1.210781E+00
+8.837891E+01,+2.417453E-06,-3.869748E-06,-1.068154E+02,-1.012409E+00
+8.862305E+01,-3.461532E-07,+9.514983E-06,-1.004261E+02,+1.607160E+00
+8.886719E+01,-9.597721E-06,-4.577038E-06,-9.946670E+01,-2.696605E+00
+8.911133E+01,+1.456707E-05,-5.837303E-06,-9.608582E+01,-3.811262E-01
+8.935547E+01,-9.779012E-06,+8.867552E-06,-9.758796E+01,+2.405036E+00
+8.959961E+01,+5.653353E-06,-8.968180E-06,-9.949278E+01,-1.008338E+00
+8.984375E+01,-2.347655E-06,+6.109165E-06,-1.036822E+02,+1.937681E+00
+9.008789E+01,-7.562999E-07,-1.020628E-06,-1.179218E+02,-2.208522E+00
+9.033203E+01,-5.094197E-06,+1.479631E-06,-1.055067E+02,+2.858916E+00
+9.057617E+01,+7.361896E-06,+1.200462E-06,-1.025462E+02,+1.616416E-01
+9.082031E+01,-1.070147E-07,-8.263365E-06,-1.016561E+02,-1.583746E+00
+9.106445E+01,+4.378038E-07,+9.323544E-06,-1.005988E+02,+1.523874E+00
+9.130859E+01,+4.478942E-07,-3.265177E-06,-1.096409E+02,-1.434474E+00
+9.155273E+01,-4.290559E-06,-2.315497E-06,-1.062396E+02,-2.646713E+00
+9.179688E+01,+2.795497E-06,+5.716330E-06,-1.039264E+02,+1.115957E+00
+9.204102E+01,+1.037034E-06,-9.322475E-06,-1.005560E+02,-1.460012E+00
+9.228516E+01,-3.765676E-06,+4.056447E-06,-1.051378E+02,+2.319039E+00
+9.252930E+01,+8.179345E-07,+4.440357E-06,-1.069067E+02,+1.388634E+00
+9.277344E+01,+3.903989E-06,-6.546533E-07,-1.080494E+02,-1.661425E-01
+9.301758E+01,-4.706256E-06,-5.434604E-06,-1.028665E+02,-2.284494E+00
+9.326172E+01,+9.136469E-06,+8.630277E-06,-9.801462E+01,+7.569149E-01
+9.350586E+01,-1.577431E-05,-1.419083E-05,-9.346587E+01,-2.408990E+00
+9.375000E+01,+1.075050E-05,+1.335393E-05,-9.531799E+01,+8.929876E-01
+9.399414E+01,+1.128834E-06,-7.558159E-06,-1.023359E+02,-1.422539E+00
+9.423828E+01,-4.324842E-06,+1.189350E-06,-1.069640E+02,+2.873223E+00
+9.448242E+01,+3.686015E-06,+4.077405E-06,-1.051982E+02,+8.357702E-01
+9.472656E+01,-2.372903E-06,-2.574433E-06,-1.091157E+02,-2.315482E+00
+9.497070E+01,-1.342520E-06,-1.847333E-06,-1.128275E+02,-2.199240E+00
+9.521484E+01,+2.070525E-06,+4.162254E-06,-1.066532E+02,+1.109188E+00
+9.545898E+01,-6.476131E-07,-3.299833E-07,-1.227713E+02,-2.670344E+00
+9.570312E+01,-2.261124E-06,-6.306132E-06,-1.034795E+02,-1.915076E+00
+9.594727E+01,+4.556737E-06,+4.006629E-06,-1.043395E+02,+7.212466E-01
+9.619141E+01,-1.207510E-06,-2.099621E-07,-1.182328E+02,-2.969434E+00
+9.643555E+01,+1.838973E-07,-3.626563E-06,-1.087989E+02,-1.520131E+00
+9.667969E+01,-1.258673E-06,+8.346323E-06,-1.014724E+02,+1.720474E+00
+9.692383E+01,-3.327627E-06,-7.487234E-06,-1.017307E+02,-1.989017E+00
+9.716797E+01,+6.971490E-06,+2.883778E-06,-1.024475E+02,+3.922205E-01
+9.741211E+01,-4.740657E-06,+4.355489E-06,-1.038254E+02,+2.398513E+00
+9.765625E+01,+9.059919E-07,-5.126130E-06,-1.056706E+02,-1.395863E+00
+9.790039E+01,+2.274699E-06,-1.126240E-06,-1.119093E+02,-4.597328E-01
+9.814453E+01,-6.953838E-06,+2.767861E-06,-1.025168E+02,+2.762783E+00
+9.838867E+01,+6.998086E-06,-5.291795E-06,-1.011364E+02,-6.474429E-01
+9.863281E+01,-2.124171E-06,+9.205892E-06,-1.004934E+02,+1.797568E+00
+9.887695E+01,-6.801843E-07,-7.200676E-06,-1.028140E+02,-1.664978E+00
+9.912109E+01,+9.810601E-07,+3.252155E-06,-1.093783E+02,+1.277813E+00
+9.936523E+01,+2.233686E-06,+1.431005E-06,-1.115260E+02,+5.697722E-01
+9.960938E+01,-4.696002E-06,-4.675430E-06,-1.035742E+02,-2.358390E+00
+9.985352E+01,+2.119925E-06,-1.845716E-06,-1.110233E+02,-7.163619E-01
+1.000977E+02,+3.066639E-06,+3.667945E-06,-1.064096E+02,+8.744482E-01
+1.003418E+02,-4.968281E-06,+4.045166E-06,-1.038672E+02,+2.458254E+00
+1.005859E+02,+3.587981E-06,-5.159380E-06,-1.040348E+02,-9.631450E-01
+1.008301E+02,-3.433468E-06,-2.390808E-06,-1.075685E+02,-2.533338E+00
+1.010742E+02,+2.469553E-06,+6.874604E-06,-1.027279E+02,+1.225924E+00
+1.013184E+02,-2.558133E-06,-3.737113E-06,-1.068803E+02,-2.171058E+00
+1.015625E+02,+6.855284E-06,+2.321670E-06,-1.028079E+02,+3.265447E-01
+1.018066E+02,-5.668319E-06,-4.113314E-06,-1.030937E+02,-2.513847E+00
+1.020508E+02,-4.204499E-06,+6.601229E-06,-1.021286E+02,+2.137926E+00
+1.022949E+02,+4.571931E-06,-1.250368E-05,-9.751427E+01,-1.220251E+00
+1.025391E+02,+8.817971E-07,+1.401271E-05,-9.705239E+01,+1.507951E+00
+1.027832E+02,-1.216503E-06,-8.052106E-06,-1.017838E+02,-1.720741E+00
+1.030273E+02,+1.289414E-06,+3.082877E-06,-1.095207E+02,+1.174657E+00
+1.032715E+02,-2.440906E-06,-3.540587E-06,-1.073297E+02,-2.174378E+00
+1.035156E+02,+2.848049E-06,+4.264486E-06,-1.058009E+02,+9.819730E-01
+1.037598E+02,+2.210099E-07,-1.272330E-08,-1.330974E+02,-5.750546E-02
+1.040039E+02,-3.693950E-06,-5.582015E-06,-1.034868E+02,-2.155394E+00
+1.042480E+02,+1.203349E-06,+5.059093E-06,-1.056795E+02,+1.337277E+00
+1.044922E+02,+1.867158E-06,+3.126902E-06,-1.087733E+02,+1.032492E+00
+1.047363E+02,-1.081459E-06,-8.988883E-06,-1.008635E+02,-1.690531E+00
+1.049805E+02,+1.363531E-06,+5.644808E-06,-1.047207E+02,+1.333782E+00
+1.052246E+02,-5.082783E-06,+2.523125E-06,-1.049213E+02,+2.680824E+00
+1.054688E+02,+6.676164E-06,-5.267344E-06,-1.014077E+02,-6.679838E-01
+1.057129E+02,-3.190394E-06,-1.510466E-06,-1.090448E+02,-2.699416E+00
+1.059570E+02,-2.204878E-06,+1.849374E-06,-1.108188E+02,+2.443657E+00
+1.062012E+02,+9.130889E-07,+7.187341E-06,-1.027991E+02,+1.444432E+00
+1.064453E+02,+4.146544E-06,-1.001425E-05,-9.930039E+01,-1.178225E+00
+1.066895E+02,-3.875112E-06,+2.324164E-06,-1.068998E+02,+2.601345E+00
+1.069336E+02,+5.928632E-06,+4.134880E-06,-1.028195E+02,+6.090075E-01
+1.071777E+02,-8.183930E-06,+4.045355E-06,-1.007914E+02,+2.682512E+00
+1.074219E+02,+3.684562E-06,-1.336804E-05,-9.716064E+01,-1.301849E+00
+1.076660E+02,-5.219435E-06,+9.212524E-06,-9.950344E+01,+2.086264E+00
+1.079102E+02,+7.233895E-06,-3.030905E-06,-1.021101E+02,-3.967662E-01
+1.081543E+02,-1.072081E-06,+4.684181E-06,-1.063656E+02,+1.795794E+00
+1.083984E+02,-2.045385E-06,-4.841183E-06,-1.055877E+02,-1.970545E+00
+1.086426E+02,-3.848766E-06,-2.701570E-06,-1.065538E+02,-2.529572E+00
+1.088867E+02,+7.240592E-06,+6.500023E-06,-1.002376E+02,+7.315539E-01
+1.091309E+02,+1.940200E-06,-2.201001E-06,-1.106506E+02,-8.482922E-01
+1.093750E+02,-7.259748E-06,-2.086895E-06,-1.024368E+02,-2.861679E+00
+1.096191E+02,-9.969801E-07,+8.420647E-06,-1.014326E+02,+1.688645E+00
+1.098633E+02,+4.909107E-06,-1.386122E-05,-9.665078E+01,-1.230419E+00
+1.101074E+02,-1.609142E-06,+1.038042E-05,-9.957259E+01,+1.724589E+00
+1.103516E+02,-2.533793E-06,-1.980828E-06,-1.098532E+02,-2.478071E+00
+1.105957E+02,+7.480040E-06,-5.982047E-06,-1.003746E+02,-6.745791E-01
+1.108398E+02,-3.495486E-06,+1.305583E-05,-9.738326E+01,+1.832395E+00
+1.110840E+02,-7.802449E-06,-6.276772E-06,-9.998803E+01,-2.464137E+00
+1.113281E+02,+7.638210E-06,-8.163172E-06,-9.903161E+01,-8.186085E-01
+1.115723E+02,+3.150368E-06,+7.012488E-06,-1.022841E+02,+1.148565E+00
+1.118164E+02,-9.053377E-06,-1.342867E-06,-1.007693E+02,-2.994339E+00
+1.120605E+02,+5.196255E-06,+8.663355E-07,-1.055671E+02,+1.652035E-01
+1.123047E+02,+7.252223E-07,+3.952369E-06,-1.079190E+02,+1.389324E+00
+1.125488E+02,-3.759983E-06,-9.358858E-06,-9.992569E+01,-1.952816E+00
+1.127930E+02,+1.092917E-06,+4.867707E-06,-1.060399E+02,+1.349935E+00
+1.130371E+02,+1.107086E-06,+3.119066E-06,-1.096042E+02,+1.229726E+00
+1.132812E+02,+4.509003E-06,-2.874135E-06,-1.054376E+02,-5.674818E-01
+1.135254E+02,-6.931948E-06,+2.917184E-06,-1.024748E+02,+2.743258E+00
+1.137695E+02,+9.530176E-06,-1.742549E-06,-1.002752E+02,-1.808477E-01
+1.140137E+02,-1.354968E-05,-5.096068E-06,-9.678684E+01,-2.781856E+00
+1.142578E+02,+7.660594E-06,+1.036648E-05,-9.779503E+01,+9.343873E-01
+1.145020E+02,-3.472073E-06,-1.179156E-05,-9.820747E+01,-1.857157E+00
+1.147461E+02,+6.088939E-06,+1.077170E-05,-9.815011E+01,+1.056304E+00
+1.149902E+02,-4.554965E-06,-3.422626E-06,-1.048862E+02,-2.497193E+00
+1.152344E+02,+6.244097E-07,-4.903983E-06,-1.061192E+02,-1.444151E+00
+1.154785E+02,+7.130974E-07,+7.720782E-06,-1.022099E+02,+1.478697E+00
+1.157227E+02,+1.775057E-06,-9.851583E-06,-9.999113E+01,-1.392529E+00
+1.159668E+02,-1.306066E-06,+7.235607E-06,-1.026712E+02,+1.749379E+00
+1.162109E+02,-6.144703E-06,-1.426703E-06,-1.040020E+02,-2.913451E+00
+1.164551E+02,+1.281293E-05,+3.101532E-07,-9.784448E+01,+2.420153E-02
+1.166992E+02,-1.007061E-05,-8.166626E-08,-9.993860E+01,-3.133483E+00
+1.169434E+02,+7.518764E-07,+2.796097E-06,-1.107658E+02,+1.308108E+00
+1.171875E+02,+4.682689E-06,-8.316006E-06,-1.004056E+02,-1.057956E+00
+1.174316E+02,-1.243336E-06,+8.661570E-06,-1.011595E+02,+1.713369E+00
+1.176758E+02,-1.792618E-06,-3.032956E-06,-1.090615E+02,-2.104606E+00
+1.179199E+02,+1.594639E-07,+1.260439E-06,-1.179206E+02,+1.444950E+00
+1.181641E+02,+1.431363E-06,-3.642542E-06,-1.081483E+02,-1.196376E+00
+1.184082E+02,-2.405113E-06,+3.101921E-06,-1.081230E+02,+2.230333E+00
+1.186523E+02,+3.610838E-06,-2.824835E-07,-1.088213E+02,-7.807309E-02
+1.188965E+02,-1.345455E-06,+9.834828E-07,-1.155635E+02,+2.510385E+00
+1.191406E+02,-4.062750E-06,-5.719465E-06,-1.030787E+02,-2.188426E+00
+1.193848E+02,+8.324300E-06,+4.204459E-06,-1.006062E+02,+4.677054E-01
+1.196289E+02,-8.173173E-06,+1.323355E-06,-1.016398E+02,+2.981071E+00
+1.198730E+02,+2.111886E-06,-8.048733E-07,-1.129176E+02,-3.641217E-01
+1.201172E+02,+4.988994E-07,-1.162973E-06,-1.179550E+02,-1.165554E+00
+1.203613E+02,+3.233727E-06,+2.260192E-06,-1.080784E+02,+6.100165E-01
+1.206055E+02,-1.735409E-06,-1.668504E-06,-1.123690E+02,-2.375847E+00
+1.208496E+02,+2.499795E-06,-4.361069E-06,-1.059743E+02,-1.050311E+00
+1.210938E+02,-6.469537E-06,+6.945613E-06,-1.004529E+02,+2.320721E+00
+1.213379E+02,+3.448409E-07,+3.995630E-07,-1.255507E+02,+8.587776E-01
+1.215820E+02,+7.311284E-06,-6.790918E-06,-1.000187E+02,-7.485152E-01
+1.218262E+02,-7.348774E-06,+5.251691E-06,-1.008839E+02,+2.521112E+00
+1.220703E+02,+8.665183E-06,-7.847497E-06,-9.864331E+01,-7.359199E-01
+1.223145E+02,-1.073037E-05,+1.183810E-05,-9.592980E+01,+2.307151E+00
+1.225586E+02,+4.577307E-06,-4.430629E-06,-1.039166E+02,-7.691164E-01
+1.228027E+02,+9.895900E-07,-6.300802E-06,-1.039062E+02,-1.415011E+00
+1.230469E+02,+2.315996E-06,+9.651062E-06,-1.000653E+02,+1.335277E+00
+1.232910E+02,-4.696174E-06,-9.526771E-06,-9.947639E+01,-2.028784E+00
+1.235352E+02,+7.246084E-06,+7.570958E-06,-9.959298E+01,+8.073204E-01
+1.237793E+02,-3.533898E-06,-2.412414E-06,-1.073736E+02,-2.542606E+00
+1.240234E+02,-8.965068E-06,-3.083365E-06,-1.004634E+02,-2.810335E+00
+1.242676E+02,+7.048711E-06,+2.986308E-06,-1.023209E+02,+4.007413E-01
+1.245117E+02,+5.068121E-06,-9.902557E-07,-1.057403E+02,-1.929581E-01
+1.247559E+02,-6.280204E-06,+3.854511E-06,-1.026521E+02,+2.591120E+00
+1.250000E+02,-4.665703E-07,-4.125588E-06,-1.076351E+02,-1.683410E+00
+1.252441E+02,+2.767179E-06,+4.749599E-06,-1.051976E+02,+1.043259E+00
+1.254883E+02,+1.545493E-06,-1.067200E-05,-9.934495E+01,-1.426979E+00
+1.257324E+02,-2.075449E-06,+6.558814E-06,-1.032490E+02,+1.877264E+00
+1.259766E+02,-1.076098E-06,+5.756783E-06,-1.046472E+02,+1.755591E+00
+1.262207E+02,+3.769105E-06,-9.930652E-06,-9.947598E+01,-1.208049E+00
+1.264648E+02,-2.686048E-06,+7.043267E-06,-1.024548E+02,+1.935135E+00
+1.267090E+02,-6.878138E-06,-6.972822E-06,-1.001805E+02,-2.349359E+00
+1.269531E+02,+1.105947E-05,+7.840532E-06,-9.735688E+01,+6.167027E-01
+1.271973E+02,-3.297421E-06,-3.107265E-06,-1.068765E+02,-2.385876E+00
+1.274414E+02,-3.848949E-06,-4.949581E-06,-1.040547E+02,-2.231748E+00
+1.276855E+02,+2.242091E-06,+6.880282E-06,-1.028096E+02,+1.255776E+00
+1.279297E+02,+6.916739E-07,-6.084170E-06,-1.042602E+02,-1.457598E+00
+1.281738E+02,+3.823053E-09,+2.126483E-06,-1.134467E+02,+1.568998E+00
+1.284180E+02,+7.067999E-07,+6.993243E-06,-1.030623E+02,+1.470069E+00
+1.286621E+02,-2.409383E-06,-6.089590E-06,-1.036766E+02,-1.947552E+00
+1.289062E+02,+5.851576E-07,+8.164079E-07,-1.199614E+02,+9.489192E-01
+1.291504E+02,-3.688636E-06,-3.921338E-06,-1.053786E+02,-2.325625E+00
+1.293945E+02,+1.344775E-05,+5.808853E-06,-9.668401E+01,+4.077488E-01
+1.296387E+02,-1.150253E-05,-1.058423E-06,-9.874751E+01,-3.049834E+00
+1.298828E+02,+3.998242E-06,-6.155022E-06,-1.026865E+02,-9.947092E-01
+1.301270E+02,+6.023621E-07,+7.127079E-06,-1.029109E+02,+1.486479E+00
+1.303711E+02,-2.947275E-06,-5.240720E-06,-1.044187E+02,-2.083095E+00
+1.306152E+02,+3.729472E-06,+7.525489E-06,-1.015155E+02,+1.110692E+00
+1.308594E+02,-7.685519E-06,-8.893557E-06,-9.859610E+01,-2.283458E+00
+1.311035E+02,+5.281332E-06,+9.831236E-07,-1.053972E+02,+1.840442E-01
+1.313477E+02,+8.225087E-07,+6.071914E-06,-1.042545E+02,+1.436155E+00
+1.315918E+02,-2.291983E-06,-5.343725E-06,-1.047097E+02,-1.975975E+00
+1.318359E+02,+2.987501E-06,+4.949754E-06,-1.047593E+02,+1.027759E+00
+1.320801E+02,-2.801861E-06,-3.107505E-06,-1.075679E+02,-2.304518E+00
+1.323242E+02,-2.883690E-06,+3.498364E-06,-1.068710E+02,+2.260178E+00
+1.325684E+02,+7.576015E-06,-5.444520E-06,-1.006029E+02,-6.231349E-01
+1.328125E+02,-5.514993E-06,+4.247575E-07,-1.051434E+02,+3.064726E+00
+1.330566E+02,-1.263128E-06,+2.547382E-06,-1.109234E+02,+2.031121E+00
+1.333008E+02,+4.685083E-06,+1.074179E-07,-1.065834E+02,+2.292363E-02
+1.335449E+02,-5.423047E-06,-3.206521E-06,-1.040131E+02,-2.607612E+00
+1.337891E+02,+5.850557E-06,+4.221904E-06,-1.028355E+02,+6.250919E-01
+1.340332E+02,-5.279844E-06,-5.420547E-07,-1.055020E+02,-3.039286E+00
+1.342773E+02,+2.468897E-06,-3.161555E-06,-1.079342E+02,-9.078031E-01
+1.345215E+02,+3.640825E-06,+3.303665E-06,-1.061673E+02,+7.368854E-01
+1.347656E+02,-5.088171E-06,-3.075214E-06,-1.045165E+02,-2.597955E+00
+1.350098E+02,+1.565044E-07,+1.319588E-06,-1.175306E+02,+1.452747E+00
+1.352539E+02,+4.504784E-06,+9.871694E-07,-1.067228E+02,+2.157280E-01
+1.354980E+02,-1.146807E-06,-1.722768E-06,-1.136824E+02,-2.158113E+00
+1.357422E+02,-5.183485E-06,+2.540803E-06,-1.047724E+02,+2.685838E+00
+1.359863E+02,+2.210605E-06,+4.319782E-06,-1.062806E+02,+1.097801E+00
+1.362305E+02,+3.329338E-06,-8.375696E-06,-1.009025E+02,-1.192447E+00
+1.364746E+02,-7.794740E-06,-1.031442E-06,-1.020886E+02,-3.010031E+00
+1.367188E+02,+9.648871E-06,+5.809288E-06,-9.896714E+01,+5.419396E-01
+1.369629E+02,-5.295514E-06,+2.086798E-06,-1.048949E+02,+2.766210E+00
+1.372070E+02,+6.679015E-06,-8.877775E-06,-9.908600E+01,-9.258058E-01
+1.374512E+02,-1.294345E-05,+4.919109E-06,-9.717309E+01,+2.778405E+00
+1.376953E+02,+7.217759E-06,+3.648840E-06,-1.018436E+02,+4.680668E-01
+1.379395E+02,-2.323023E-07,-5.615573E-06,-1.050047E+02,-1.612140E+00
+1.381836E+02,-5.997807E-07,+1.774169E-06,-1.145501E+02,+1.896797E+00
+1.384277E+02,+4.000234E-07,+1.034520E-06,-1.191001E+02,+1.201829E+00
+1.386719E+02,-1.573758E-06,-2.722523E-06,-1.100485E+02,-2.094921E+00
+1.389160E+02,+9.112966E-06,+4.534847E-06,-9.984595E+01,+4.617465E-01
+1.391602E+02,-9.584803E-06,-5.533811E-06,-9.911894E+01,-2.617992E+00
+1.394043E+02,-2.085451E-06,+8.704766E-06,-1.009625E+02,+1.805940E+00
+1.396484E+02,+8.766722E-06,-1.031122E-05,-9.737130E+01,-8.661790E-01
+1.398926E+02,-6.472926E-06,+2.878006E-06,-1.029945E+02,+2.723220E+00
+1.401367E+02,-1.443053E-06,+3.398644E-06,-1.086540E+02,+1.972325E+00
+1.403809E+02,+4.001291E-06,+1.700193E-06,-1.072352E+02,+4.017953E-01
+1.406250E+02,+3.119312E-06,-4.777179E-06,-1.048743E+02,-9.923423E-01
+1.408691E+02,-5.893772E-06,+2.780987E-06,-1.037191E+02,+2.700716E+00
+1.411133E+02,+2.089559E-06,-7.859970E-06,-1.017950E+02,-1.310958E+00
+1.413574E+02,+1.358379E-06,+1.076583E-05,-9.929046E+01,+1.445284E+00
+1.416016E+02,+5.290162E-07,-4.477923E-06,-1.069183E+02,-1.453203E+00
+1.418457E+02,-8.489507E-06,+6.016281E-06,-9.965503E+01,+2.525070E+00
+1.420898E+02,+1.502832E-05,-7.614452E-06,-9.546941E+01,-4.689721E-01
+1.423340E+02,-1.097633E-05,+3.635283E-07,-9.918610E+01,+3.108485E+00
+1.425781E+02,+2.158463E-06,+6.520512E-07,-1.129378E+02,+2.933736E-01
+1.428223E+02,-9.046032E-08,-6.049731E-07,-1.242692E+02,-1.719224E+00
+1.430664E+02,+1.595264E-06,+2.399319E-06,-1.108084E+02,+9.840302E-01
+1.433105E+02,-7.389163E-06,+6.653450E-06,-1.000494E+02,+2.408538E+00
+1.435547E+02,+9.249487E-06,-1.139205E-05,-9.666892E+01,-8.888262E-01
+1.437988E+02,+2.784092E-06,+4.957224E-06,-1.049046E+02,+1.059073E+00
+1.440430E+02,-5.662980E-06,-1.006885E-06,-1.048039E+02,-2.965630E+00
+1.442871E+02,-2.382197E-06,+3.522644E-06,-1.074271E+02,+2.165406E+00
+1.445312E+02,+1.728512E-06,-1.017195E-05,-9.972829E+01,-1.402475E+00
+1.447754E+02,+1.777994E-07,+1.148237E-05,-9.879833E+01,+1.555313E+00
+1.450195E+02,+4.540427E-06,-1.907383E-06,-1.061522E+02,-3.977036E-01
+1.452637E+02,-8.162701E-06,-4.757166E-06,-1.004934E+02,-2.613921E+00
+1.455078E+02,+6.292935E-06,+5.633323E-08,-1.040226E+02,+8.951582E-03
+1.457520E+02,-2.523888E-06,+2.078781E-06,-1.097097E+02,+2.452601E+00
+1.459961E+02,+3.087409E-07,+3.362425E-06,-1.094305E+02,+1.479232E+00
+1.462402E+02,+4.313304E-07,-2.836810E-06,-1.108441E+02,-1.419904E+00
+1.464844E+02,+4.425225E-06,-5.277459E-06,-1.032391E+02,-8.730083E-01
+1.467285E+02,-5.907223E-06,+8.300518E-06,-9.983829E+01,+2.189311E+00
+1.469727E+02,-2.590748E-06,-6.596984E-06,-1.029902E+02,-1.945009E+00
+1.472168E+02,+5.826388E-06,+5.507327E-06,-1.019194E+02,+7.572541E-01
+1.474609E+02,-1.910533E-06,+1.650985E-06,-1.119546E+02,+2.428942E+00
+1.477051E+02,+1.768551E-06,-6.948957E-06,-1.028890E+02,-1.321581E+00
+1.479492E+02,-2.864755E-06,+2.555539E-06,-1.083157E+02,+2.413181E+00
+1.481934E+02,+2.646399E-06,-7.053281E-09,-1.115469E+02,-2.665230E-03
+1.484375E+02,-6.615621E-06,+1.913075E-06,-1.032398E+02,+2.860096E+00
+1.486816E+02,+6.876547E-06,+3.905044E-06,-1.020387E+02,+5.164659E-01
+1.489258E+02,+5.412892E-07,-6.462124E-06,-1.037621E+02,-1.487228E+00
+1.491699E+02,+4.108857E-06,+1.806761E-06,-1.069579E+02,+4.142752E-01
+1.494141E+02,-7.673408E-06,-2.928531E-06,-1.017097E+02,-2.777008E+00
+1.496582E+02,-4.121999E-06,+2.608918E-06,-1.062347E+02,+2.577314E+00
+1.499023E+02,+1.420113E-05,-7.481445E-07,-9.694150E+01,-5.263337E-02
+1.501465E+02,-1.127916E-05,-3.950011E-06,-9.845206E+01,-2.804736E+00
+1.503906E+02,-3.789909E-07,+8.299578E-06,-1.016098E+02,+1.616428E+00
+1.506348E+02,+7.942855E-06,-3.780348E-06,-1.011137E+02,-4.442177E-01
+1.508789E+02,-8.096317E-06,-3.500505E-06,-1.010900E+02,-2.733506E+00
+1.511230E+02,+4.823016E-06,+5.041432E-06,-1.031267E+02,+8.075363E-01
+1.513672E+02,-3.701348E-07,+1.582719E-06,-1.157807E+02,+1.800528E+00
+1.516113E+02,-4.333387E-07,-8.874099E-06,-1.010272E+02,-1.619589E+00
+1.518555E+02,-5.024725E-06,+9.055321E-06,-9.969616E+01,+2.077388E+00
+1.520996E+02,+7.574934E-06,-1.720883E-06,-1.021939E+02,-2.233897E-01
+1.523438E+02,+3.409230E-08,-2.375089E-07,-1.323978E+02,-1.428229E+00
+1.525879E+02,-3.526567E-06,-4.687541E-06,-1.046332E+02,-2.215786E+00
+1.528320E+02,+8.661930E-08,+1.343689E-06,-1.174160E+02,+1.506422E+00
+1.530762E+02,+1.502352E-06,+4.621696E-06,-1.062677E+02,+1.256505E+00
+1.533203E+02,-8.978079E-07,-2.708142E-06,-1.108937E+02,-1.890916E+00
+1.535645E+02,-3.738624E-06,-2.616066E-06,-1.068150E+02,-2.531041E+00
+1.538086E+02,+6.775631E-06,+1.195468E-06,-1.032479E+02,+1.746390E-01
+1.540527E+02,-5.456898E-07,+5.063297E-06,-1.058612E+02,+1.678156E+00
+1.542969E+02,-2.959938E-06,-8.504751E-06,-1.009102E+02,-1.905718E+00
+1.545410E+02,-2.194166E-07,+5.596651E-06,-1.050348E+02,+1.609981E+00
+1.547852E+02,+8.684309E-07,-2.776817E-06,-1.107238E+02,-1.267690E+00
+1.550293E+02,-2.796904E-06,+3.673780E-06,-1.067123E+02,+2.221500E+00
+1.552734E+02,+4.980116E-06,-2.822328E-06,-1.048456E+02,-5.155890E-01
+1.555176E+02,+6.084904E-07,+2.352134E-06,-1.122894E+02,+1.317649E+00
+1.557617E+02,-5.523110E-06,-7.256867E-06,-1.008005E+02,-2.221356E+00
+1.560059E+02,+1.863081E-06,+6.582192E-06,-1.032979E+02,+1.294963E+00
+1.562500E+02,+1.779528E-06,+2.300970E-06,-1.107257E+02,+9.124983E-01
+1.564941E+02,+5.501142E-07,-6.313927E-06,-1.039612E+02,-1.483889E+00
+1.567383E+02,-2.900480E-06,+1.710746E-06,-1.094541E+02,+2.608696E+00
+1.569824E+02,-6.512606E-07,+9.970851E-07,-1.184823E+02,+2.149393E+00
+1.572266E+02,+5.158767E-06,+3.105367E-06,-1.044062E+02,+5.418588E-01
+1.574707E+02,-3.081113E-06,-2.260202E-06,-1.083559E+02,-2.508692E+00
+1.577148E+02,-1.886023E-06,-3.061682E-08,-1.144879E+02,-3.125360E+00
+1.579590E+02,+4.825490E-06,-5.779400E-06,-1.024652E+02,-8.751068E-01
+1.582031E+02,-4.476155E-06,+6.018501E-06,-1.024981E+02,+2.210274E+00
+1.584473E+02,+4.705790E-06,+5.270139E-07,-1.064932E+02,+1.115279E-01
+1.586914E+02,-5.765293E-06,-4.906525E-06,-1.024175E+02,-2.436492E+00
+1.589355E+02,+1.526147E-06,+4.607398E-06,-1.062788E+02,+1.250932E+00
+1.591797E+02,+6.088148E-07,-6.555522E-07,-1.209669E+02,-8.223463E-01
+1.594238E+02,+5.896994E-07,-2.740756E-06,-1.110461E+02,-1.358868E+00
+1.596680E+02,-1.068840E-07,+8.237917E-06,-1.016829E+02,+1.583770E+00
+1.599121E+02,-3.975967E-06,-9.185997E-06,-9.999172E+01,-1.979280E+00
+1.601562E+02,+7.359087E-06,+4.742016E-06,-1.011553E+02,+5.724112E-01
+1.604004E+02,-6.723707E-06,-7.281750E-06,-1.000775E+02,-2.316371E+00
+1.606445E+02,+6.208668E-06,+6.095783E-06,-1.012087E+02,+7.762241E-01
+1.608887E+02,-5.617970E-06,+3.919533E-07,-1.049873E+02,+3.071938E+00
+1.611328E+02,+6.083334E-06,-1.789562E-06,-1.039567E+02,-2.861038E-01
+1.613770E+02,-3.867156E-06,+1.892818E-07,-1.082418E+02,+3.092686E+00
+1.616211E+02,-3.739458E-06,-1.133908E-06,-1.081618E+02,-2.847177E+00
+1.618652E+02,+2.857859E-06,+1.061278E-06,-1.103181E+02,+3.555706E-01
+1.621094E+02,+2.395816E-06,+1.164621E-06,-1.114897E+02,+4.524710E-01
+1.623535E+02,-2.051963E-06,-3.774355E-06,-1.073386E+02,-2.068758E+00
+1.625977E+02,-3.797687E-06,+6.192634E-06,-1.027760E+02,+2.120908E+00
+1.628418E+02,+1.064321E-05,-3.675296E-06,-9.896930E+01,-3.324982E-01
+1.630859E+02,-5.603920E-06,+1.438484E-06,-1.047530E+02,+2.890325E+00
+1.633301E+02,-3.729526E-06,-3.247233E-06,-1.061165E+02,-2.425213E+00
+1.635742E+02,+4.837214E-06,+4.619674E-06,-1.034930E+02,+7.623988E-01
+1.638184E+02,-2.411302E-06,+4.597246E-07,-1.121999E+02,+2.953200E+00
+1.640625E+02,-1.645570E-06,-5.087581E-06,-1.054377E+02,-1.883624E+00
+1.643066E+02,+9.871321E-08,+1.673076E-06,-1.155146E+02,+1.511864E+00
+1.645508E+02,+1.656736E-06,+2.637463E-06,-1.101318E+02,+1.009931E+00
+1.647949E+02,+3.515937E-06,-6.346863E-06,-1.027865E+02,-1.064914E+00
+1.650391E+02,-4.662673E-06,+6.180987E-06,-1.022225E+02,+2.217080E+00
+1.652832E+02,+1.936228E-06,-1.957987E-06,-1.112018E+02,-7.909858E-01
+1.655273E+02,+1.245931E-06,+1.672650E-07,-1.180126E+02,+1.334511E-01
+1.657715E+02,-7.367948E-06,-2.643668E-06,-1.021271E+02,-2.797094E+00
+1.660156E+02,+7.095752E-06,+3.899597E-06,-1.018338E+02,+5.025113E-01
+1.662598E+02,-8.011829E-07,-1.781405E-06,-1.141847E+02,-1.993441E+00
+1.665039E+02,+3.725680E-07,+4.873090E-06,-1.062186E+02,+1.494491E+00
+1.667480E+02,-4.860175E-06,-4.111323E-06,-1.039228E+02,-2.439472E+00
+1.669922E+02,+7.026225E-06,-4.420638E-06,-1.016172E+02,-5.615870E-01
+1.672363E+02,-3.518790E-06,+4.072286E-06,-1.053812E+02,+2.283409E+00
+1.674805E+02,-1.691430E-06,+4.209143E-06,-1.068660E+02,+1.952894E+00
+1.677246E+02,+4.921288E-07,-7.527945E-06,-1.024480E+02,-1.505516E+00
+1.679688E+02,-1.903414E-06,+7.746328E-06,-1.019635E+02,+1.811741E+00
+1.682129E+02,+7.852131E-06,-6.825022E-06,-9.965625E+01,-7.155319E-01
+1.684570E+02,-9.823149E-06,+7.237026E-06,-9.827196E+01,+2.506638E+00
+1.687012E+02,+8.428216E-06,-7.093719E-06,-9.915940E+01,-6.996341E-01
+1.689453E+02,-5.993063E-06,+3.327563E-06,-1.032800E+02,+2.634739E+00
+1.691895E+02,+1.925785E-06,+3.161987E-08,-1.143067E+02,+1.641773E-02
+1.694336E+02,+5.202779E-06,-4.890303E-06,-1.029257E+02,-7.544487E-01
+1.696777E+02,-9.484031E-06,+6.226877E-06,-9.890351E+01,+2.560616E+00
+1.699219E+02,+5.562779E-06,-5.000351E-06,-1.025222E+02,-7.322039E-01
+1.701660E+02,-8.601108E-08,+7.182946E-06,-1.028733E+02,+1.582770E+00
+1.704102E+02,-4.129198E-07,-4.608367E-06,-1.066943E+02,-1.660160E+00
+1.706543E+02,-1.281699E-06,+1.544127E-06,-1.139501E+02,+2.263592E+00
+1.708984E+02,+7.905165E-07,-1.297107E-06,-1.163688E+02,-1.023460E+00
+1.711426E+02,+1.603080E-06,+6.737031E-06,-1.031914E+02,+1.337190E+00
+1.713867E+02,-7.358422E-07,-1.412793E-05,-9.698666E+01,-1.622833E+00
+1.716309E+02,-1.422716E-06,+8.748581E-06,-1.010479E+02,+1.732008E+00
+1.718750E+02,+6.542346E-06,-2.627827E-07,-1.036783E+02,-4.014485E-02
+1.721191E+02,-1.197016E-05,+6.747287E-07,-9.842422E+01,+3.085285E+00
+1.723633E+02,+6.240134E-06,-3.448528E-06,-1.029387E+02,-5.048654E-01
+1.726074E+02,+1.309421E-06,+6.801845E-06,-1.031894E+02,+1.380613E+00
+1.728516E+02,-4.993499E-08,-1.704759E-06,-1.153630E+02,-1.600079E+00
+1.730957E+02,-5.986112E-06,-7.740960E-06,-1.001883E+02,-2.229046E+00
+1.733398E+02,+1.038086E-05,+9.101492E-06,-9.719878E+01,+7.198243E-01
+1.735840E+02,-6.520179E-06,-7.331734E-06,-1.001652E+02,-2.297673E+00
+1.738281E+02,-1.536271E-06,+4.578503E-06,-1.063222E+02,+1.894532E+00
+1.740723E+02,+3.098231E-06,-1.111398E-07,-1.101721E+02,-3.585663E-02
+1.743164E+02,+3.768371E-07,+6.225928E-07,-1.227603E+02,+1.026510E+00
+1.745605E+02,-3.219270E-06,-6.052113E-06,-1.032798E+02,-2.059657E+00
+1.748047E+02,+6.662225E-06,+7.360059E-06,-1.000632E+02,+8.351232E-01
+1.750488E+02,-7.733575E-06,-2.563256E-06,-1.017797E+02,-2.821543E+00
+1.752930E+02,+3.598563E-06,-5.226434E-07,-1.087868E+02,-1.442282E-01
+1.755371E+02,-8.046874E-07,-4.536278E-06,-1.067315E+02,-1.746359E+00
+1.757812E+02,+1.821079E-06,+9.089441E-06,-1.006583E+02,+1.373063E+00
+1.760254E+02,-2.172582E-07,-9.054010E-06,-1.008607E+02,-1.594787E+00
+1.762695E+02,+3.697251E-07,+1.025202E-05,-9.977817E+01,+1.534748E+00
+1.765137E+02,-4.875315E-06,-6.991383E-06,-1.013878E+02,-2.179729E+00
+1.767578E+02,+4.223938E-06,-7.838488E-07,-1.073386E+02,-1.834857E-01
+1.770020E+02,+2.460620E-06,+1.908204E-06,-1.101341E+02,+6.596206E-01
+1.772461E+02,-9.293603E-07,+4.905680E-06,-1.060329E+02,+1.758023E+00
+1.774902E+02,-6.382083E-06,-9.128540E-06,-9.906364E+01,-2.180942E+00
+1.777344E+02,+7.594202E-06,+8.263978E-06,-9.899750E+01,+8.276085E-01
+1.779785E+02,-2.970999E-06,-3.188123E-06,-1.072145E+02,-2.320957E+00
+1.782227E+02,+1.653886E-06,-2.517266E-06,-1.104230E+02,-9.895042E-01
+1.784668E+02,-5.997483E-06,+1.865257E-06,-1.040396E+02,+2.840069E+00
+1.787109E+02,+5.003671E-06,+1.677654E-06,-1.055516E+02,+3.235057E-01
+1.789551E+02,-1.316362E-06,-2.304952E-07,-1.174813E+02,-2.968250E+00
+1.791992E+02,+5.447122E-06,+1.519550E-06,-1.049512E+02,+2.720477E-01
+1.794434E+02,-7.151380E-06,-6.168687E-06,-1.004966E+02,-2.429837E+00
+1.796875E+02,+4.327543E-06,+1.067012E-06,-1.070189E+02,+2.417411E-01
+1.799316E+02,-4.628874E-06,-9.372869E-07,-1.065160E+02,-2.941807E+00
+1.801758E+02,+4.969898E-06,+9.203559E-06,-9.960961E+01,+1.075665E+00
+1.804199E+02,-3.979303E-06,-7.137330E-06,-1.017538E+02,-2.079405E+00
+1.806641E+02,+2.575117E-06,-1.808811E-06,-1.100423E+02,-6.123474E-01
+1.809082E+02,-5.332521E-06,+6.561514E-06,-1.014576E+02,+2.253231E+00
+1.811523E+02,+9.524621E-06,-3.330557E-06,-9.992206E+01,-3.363885E-01
+1.813965E+02,-3.959143E-06,+3.716518E-07,-1.080099E+02,+3.047995E+00
+1.816406E+02,-1.516465E-06,-2.885872E-07,-1.162289E+02,-2.953539E+00
+1.818848E+02,-1.658847E-06,-1.678853E-06,-1.125412E+02,-2.350201E+00
+1.821289E+02,+4.899831E-06,+8.571030E-07,-1.060655E+02,+1.731729E-01
+1.823730E+02,-3.656872E-06,-7.472688E-07,-1.085601E+02,-2.940021E+00
+1.826172E+02,+1.752819E-06,+1.206235E-06,-1.134415E+02,+6.027411E-01
+1.828613E+02,+1.422203E-06,-7.858579E-07,-1.157836E+02,-5.048093E-01
+1.831055E+02,-2.669356E-06,+1.909386E-06,-1.096774E+02,+2.520673E+00
+1.833496E+02,+5.068638E-06,-1.948487E-06,-1.053036E+02,-3.670039E-01
+1.835938E+02,-5.629247E-06,-5.316390E-07,-1.049524E+02,-3.047430E+00
+1.838379E+02,+2.109304E-06,+1.984572E-06,-1.107636E+02,+7.549396E-01
+1.840820E+02,-2.949184E-06,+6.139982E-08,-1.106041E+02,+3.120776E+00
+1.843262E+02,+5.523893E-06,-2.626987E-06,-1.042696E+02,-4.439117E-01
+1.845703E+02,-7.635411E-06,+5.392188E-07,-1.023217E+02,+3.071089E+00
+1.848145E+02,+6.762044E-06,-7.676165E-07,-1.033428E+02,-1.130345E-01
+1.850586E+02,-2.744835E-06,+3.530202E-06,-1.069905E+02,+2.231684E+00
+1.853027E+02,-2.859741E-06,+1.623987E-06,-1.096595E+02,+2.625126E+00
+1.855469E+02,+3.414933E-06,-8.490455E-06,-1.007702E+02,-1.188388E+00
+1.857910E+02,+1.455182E-07,+7.333436E-06,-1.026921E+02,+1.550956E+00
+1.860352E+02,+2.658901E-07,-4.605877E-06,-1.067193E+02,-1.513132E+00
+1.862793E+02,-1.789968E-06,+5.488108E-06,-1.047725E+02,+1.886071E+00
+1.865234E+02,+3.719659E-06,-5.622379E-06,-1.034249E+02,-9.863229E-01
+1.867676E+02,-8.668788E-06,+3.514305E-06,-1.005800E+02,+2.756442E+00
+1.870117E+02,+9.778353E-06,-7.103841E-06,-9.835407E+01,-6.282818E-01
+1.872559E+02,-3.844819E-06,+5.876142E-06,-1.030705E+02,+2.150196E+00
+1.875000E+02,+4.819009E-06,+1.923140E-06,-1.056990E+02,+3.797076E-01
+1.877441E+02,-7.075038E-06,-3.323700E-07,-1.029958E+02,-3.094649E+00
+1.879883E+02,-2.027553E-06,-3.535093E-06,-1.077969E+02,-2.091540E+00
+1.882324E+02,+9.503996E-06,+2.480906E-06,-1.001556E+02,+2.553402E-01
+1.884766E+02,-6.617179E-06,+2.777016E-06,-1.028820E+02,+2.744247E+00
+1.887207E+02,+3.144350E-06,-7.060850E-06,-1.022372E+02,-1.151840E+00
+1.889648E+02,-4.175666E-06,+1.680311E-06,-1.069337E+02,+2.759014E+00
+1.892090E+02,+3.129034E-06,+2.911411E-06,-1.073833E+02,+7.493862E-01
+1.894531E+02,-3.853121E-06,-4.187932E-06,-1.048965E+02,-2.314581E+00
+1.896973E+02,+5.167674E-06,+1.638886E-06,-1.053179E+02,+3.071081E-01
+1.899414E+02,-4.000065E-06,+1.728721E-06,-1.072150E+02,+2.733662E+00
+1.901855E+02,+1.639971E-06,+5.325012E-06,-1.050800E+02,+1.272039E+00
+1.904297E+02,-6.633176E-07,-1.116331E-05,-9.902884E+01,-1.630146E+00
+1.906738E+02,+5.288667E-06,+4.607843E-06,-1.030801E+02,+7.167120E-01
+1.909180E+02,-5.732446E-06,+9.635610E-08,-1.048320E+02,+3.124785E+00
+1.911621E+02,+3.370306E-07,+1.612067E-06,-1.156665E+02,+1.364698E+00
+1.914062E+02,+4.705151E-07,-2.809741E-06,-1.109066E+02,-1.404877E+00
+1.916504E+02,+3.945930E-06,+5.125427E-06,-1.037840E+02,+9.146971E-01
+1.918945E+02,-4.922587E-06,-1.264674E-06,-1.058785E+02,-2.890119E+00
+1.921387E+02,-2.911452E-06,-6.984769E-06,-1.024212E+02,-1.965725E+00
+1.923828E+02,+4.117453E-06,+3.434953E-06,-1.054133E+02,+6.952743E-01
+1.926270E+02,+4.926941E-06,+6.487499E-06,-1.017808E+02,+9.212736E-01
+1.928711E+02,-8.757574E-06,-7.951038E-06,-9.854138E+01,-2.404428E+00
+1.931152E+02,-4.345238E-06,+4.484616E-06,-1.040901E+02,+2.340411E+00
+1.933594E+02,+1.648778E-05,-3.901750E-06,-9.542011E+01,-2.323703E-01
+1.936035E+02,-5.549384E-06,+5.997706E-06,-1.017543E+02,+2.317389E+00
+1.938477E+02,-1.601196E-06,-6.010877E-06,-1.041235E+02,-1.831134E+00
+1.940918E+02,-3.744544E-06,-4.914873E-07,-1.084578E+02,-3.011085E+00
+1.943359E+02,+1.413364E-06,+5.811780E-06,-1.044643E+02,+1.332238E+00
+1.945801E+02,+1.990214E-06,-6.075634E-06,-1.038855E+02,-1.254239E+00
+1.948242E+02,-4.912787E-06,+9.311793E-06,-9.955284E+01,+2.056270E+00
+1.950684E+02,+4.601833E-06,-8.795461E-06,-1.000640E+02,-1.088757E+00
+1.953125E+02,+4.804713E-08,-1.158864E-06,-1.187119E+02,-1.529360E+00
+1.955566E+02,+2.246923E-06,+7.678937E-06,-1.019372E+02,+1.286134E+00
+1.958008E+02,-9.556251E-06,-6.670210E-06,-9.867057E+01,-2.532214E+00
+1.960449E+02,+6.549807E-06,-1.829414E-06,-1.033492E+02,-2.723670E-01
+1.962891E+02,-2.873281E-07,+8.204259E-06,-1.017139E+02,+1.605804E+00
+1.965332E+02,-1.182572E-07,-4.141466E-07,-1.273165E+02,-1.848939E+00
+1.967773E+02,+7.161131E-08,-6.566725E-06,-1.036525E+02,-1.559892E+00
+1.970215E+02,-2.140127E-07,+6.013379E-06,-1.044121E+02,+1.606371E+00
+1.972656E+02,+2.467726E-06,-3.694809E-06,-1.070462E+02,-9.819472E-01
+1.975098E+02,-3.313188E-06,+2.975914E-06,-1.070261E+02,+2.409771E+00
+1.977539E+02,+1.448245E-06,-1.410931E-06,-1.138847E+02,-7.723480E-01
+1.979980E+02,-5.263463E-06,-3.226256E-07,-1.055583E+02,-3.080374E+00
+1.982422E+02,+6.078878E-06,+4.887862E-08,-1.043233E+02,+8.040559E-03
+1.984863E+02,-1.715514E-06,+2.578459E-07,-1.152151E+02,+2.992407E+00
+1.987305E+02,+6.822066E-07,-1.672421E-06,-1.148646E+02,-1.183485E+00
+1.989746E+02,+4.164358E-06,+2.778490E-06,-1.060099E+02,+5.883768E-01
+1.992188E+02,-1.071730E-05,+2.280758E-06,-9.920593E+01,+2.931910E+00
+1.994629E+02,+1.151700E-05,-4.698463E-06,-9.810462E+01,-3.873486E-01
+1.997070E+02,-9.918608E-06,+2.401853E-06,-9.982350E+01,+2.904010E+00
+1.999512E+02,+8.863111E-06,-2.569682E-06,-1.006977E+02,-2.821929E-01
+2.001953E+02,-8.297575E-06,-8.889014E-07,-1.015714E+02,-3.034872E+00
+2.004395E+02,+4.257570E-06,+1.517157E-06,-1.068976E+02,+3.423147E-01
+2.006836E+02,-6.656074E-08,+6.937341E-06,-1.031757E+02,+1.580391E+00
+2.009277E+02,-1.560061E-06,-7.763468E-06,-1.020270E+02,-1.769104E+00
+2.011719E+02,+6.000363E-06,+2.470057E-07,-1.044291E+02,+4.114189E-02
+2.014160E+02,-4.368988E-06,+1.457068E-06,-1.067344E+02,+2.819690E+00
+2.016602E+02,+3.478143E-06,+1.683090E-06,-1.082593E+02,+4.506888E-01
+2.019043E+02,-7.994372E-06,-2.821489E-06,-1.014345E+02,-2.802306E+00
+2.021484E+02,+1.086955E-06,+3.379759E-06,-1.089948E+02,+1.259636E+00
+2.023926E+02,+3.341726E-06,-6.035070E-07,-1.093812E+02,-1.786715E-01
+2.026367E+02,+2.214192E-06,-9.549040E-07,-1.123549E+02,-4.071653E-01
+2.028809E+02,-7.394513E-06,-1.619540E-06,-1.024183E+02,-2.925978E+00
+2.031250E+02,+7.739955E-06,-1.526478E-06,-1.020595E+02,-1.947215E-01
+2.033691E+02,-2.239024E-06,+3.169314E-06,-1.082224E+02,+2.185851E+00
+2.036133E+02,-5.220753E-06,+2.224796E-06,-1.049206E+02,+2.738753E+00
+2.038574E+02,+9.295079E-06,-4.301606E-07,-1.006256E+02,-4.624533E-02
+2.041016E+02,-1.723927E-06,-6.541898E-07,-1.146854E+02,-2.778903E+00
+2.043457E+02,-2.034013E-06,-1.902381E-06,-1.111035E+02,-2.389622E+00
+2.045898E+02,-4.139533E-06,+2.225669E-06,-1.065582E+02,+2.648272E+00
+2.048340E+02,+4.768875E-06,-6.085460E-06,-1.022348E+02,-9.061043E-01
+2.050781E+02,-2.126474E-07,+5.442257E-06,-1.052778E+02,+1.609850E+00
+2.053223E+02,-7.143420E-07,-8.153366E-07,-1.192994E+02,-2.290267E+00
+2.055664E+02,-4.605006E-07,-4.498588E-07,-1.238254E+02,-2.367884E+00
+2.058105E+02,+3.690650E-06,+3.461032E-06,-1.059177E+02,+7.533023E-01
+2.060547E+02,-7.158641E-06,-5.512526E-06,-1.008813E+02,-2.485381E+00
+2.062988E+02,+9.768927E-06,+4.846352E-06,-9.924748E+01,+4.605217E-01
+2.065430E+02,-8.873667E-06,-2.808812E-06,-1.006232E+02,-2.835037E+00
+2.067871E+02,+4.673059E-08,+5.888320E-08,-1.424788E+02,+8.999608E-01
+2.070312E+02,+8.036929E-06,-1.115581E-07,-1.018974E+02,-1.387979E-02
+2.072754E+02,-8.305835E-06,+1.302369E-06,-1.015068E+02,+2.986057E+00
+2.075195E+02,+8.852080E-06,-1.104980E-06,-1.009919E+02,-1.241848E-01
+2.077637E+02,-1.084858E-05,+1.658455E-06,-9.919221E+01,+2.989894E+00
+2.080078E+02,+4.286684E-06,+3.149831E-06,-1.054826E+02,+6.336982E-01
+2.082520E+02,+2.545961E-06,-4.966053E-06,-1.050663E+02,-1.097062E+00
+2.084961E+02,+1.343396E-06,-4.778729E-06,-1.060834E+02,-1.296749E+00
+2.087402E+02,-2.253914E-06,+5.331529E-06,-1.047489E+02,+1.970761E+00
+2.089844E+02,-3.260826E-06,+3.682139E-06,-1.061634E+02,+2.295587E+00
+2.092285E+02,+3.564412E-06,-7.245836E-06,-1.018570E+02,-1.113629E+00
+2.094727E+02,+2.322419E-06,+3.254177E-06,-1.079633E+02,+9.509525E-01
+2.097168E+02,-4.706783E-06,+3.701420E-06,-1.044546E+02,+2.475199E+00
+2.099609E+02,+2.085934E-06,-1.040254E-05,-9.948600E+01,-1.372899E+00
+2.102051E+02,-1.494696E-06,+1.075578E-05,-9.928410E+01,+1.708879E+00
+2.104492E+02,+5.756206E-06,-2.411294E-06,-1.040951E+02,-3.966954E-01
+2.106934E+02,-5.345468E-06,-6.171275E-06,-1.017614E+02,-2.284612E+00
+2.109375E+02,-1.912427E-06,+9.854331E-06,-9.996689E+01,+1.762483E+00
+2.111816E+02,+5.268683E-06,-7.130539E-06,-1.010456E+02,-9.344437E-01
+2.114258E+02,-4.961885E-06,-2.789182E-06,-1.048946E+02,-2.629491E+00
+2.116699E+02,+7.064506E-06,+8.566434E-06,-9.909068E+01,+8.811909E-01
+2.119141E+02,-3.727597E-06,-5.057341E-06,-1.040371E+02,-2.205969E+00
+2.121582E+02,-3.381544E-06,+1.648995E-06,-1.084912E+02,+2.687877E+00
+2.124023E+02,+6.791456E-06,-1.290483E-06,-1.032067E+02,-1.877771E-01
+2.126465E+02,-7.862032E-06,+3.089929E-06,-1.014655E+02,+2.767119E+00
+2.128906E+02,+9.277431E-06,-6.868142E-06,-9.875359E+01,-6.372684E-01
+2.131348E+02,-7.261212E-06,+9.069436E-06,-9.869731E+01,+2.245918E+00
+2.133789E+02,+3.388263E-06,-9.545744E-06,-9.988846E+01,-1.229718E+00
+2.136230E+02,-5.722221E-06,+6.826770E-06,-1.010046E+02,+2.268402E+00
+2.138672E+02,+7.715200E-06,-3.195884E-06,-1.015653E+02,-3.927149E-01
+2.141113E+02,-4.477742E-06,-2.397660E-06,-1.058840E+02,-2.649980E+00
+2.143555E+02,-4.402682E-06,+9.310499E-06,-9.974412E+01,+2.012508E+00
+2.145996E+02,+8.139080E-06,-8.947663E-06,-9.834740E+01,-8.326851E-01
+2.148438E+02,-2.470114E-06,+4.172166E-06,-1.062878E+02,+2.105347E+00
+2.150879E+02,+3.169462E-06,-3.211044E-06,-1.069130E+02,-7.919151E-01
+2.153320E+02,-8.424709E-06,+2.373595E-06,-1.011572E+02,+2.866969E+00
+2.155762E+02,+1.199151E-05,-2.206142E-06,-9.827796E+01,-1.819408E-01
+2.158203E+02,-7.987815E-06,+3.086504E-06,-1.013471E+02,+2.772864E+00
+2.160645E+02,-2.185780E-06,+7.797851E-07,-1.126876E+02,+2.798914E+00
+2.163086E+02,+5.812220E-06,-4.034780E-06,-1.030050E+02,-6.068153E-01
+2.165527E+02,-5.286587E-06,+1.441576E-06,-1.052250E+02,+2.875379E+00
+2.167969E+02,+4.058247E-06,-2.311185E-06,-1.066133E+02,-5.176936E-01
+2.170410E+02,-3.439857E-06,+3.671240E-06,-1.059670E+02,+2.323668E+00
+2.172852E+02,+8.118761E-07,-2.975494E-06,-1.102170E+02,-1.304426E+00
+2.175293E+02,-7.211350E-07,+7.268612E-06,-1.027284E+02,+1.669685E+00
+2.177734E+02,+5.038339E-06,-8.325575E-06,-1.002365E+02,-1.026588E+00
+2.180176E+02,-1.744283E-06,-5.240104E-07,-1.147924E+02,-2.849754E+00
+2.182617E+02,-1.374146E-06,+7.656800E-06,-1.021814E+02,+1.748373E+00
+2.185059E+02,-3.107639E-07,-4.153874E-06,-1.076067E+02,-1.645470E+00
+2.187500E+02,+2.816914E-06,-2.938054E-06,-1.078075E+02,-8.064447E-01
+2.189941E+02,-2.330318E-06,+4.829308E-06,-1.054132E+02,+2.020376E+00
+2.192383E+02,-3.083662E-06,-1.098128E-06,-1.097001E+02,-2.799484E+00
+2.194824E+02,+3.408868E-06,-3.791963E-06,-1.058504E+02,-8.385497E-01
+2.197266E+02,-2.460946E-06,+1.682896E-07,-1.121577E+02,+3.073315E+00
+2.199707E+02,+3.097499E-06,+3.416024E-06,-1.067236E+02,+8.342615E-01
+2.202148E+02,-4.597668E-06,-3.506179E-06,-1.047584E+02,-2.490077E+00
+2.204590E+02,+7.727275E-06,+6.355855E-06,-9.999533E+01,+6.883239E-01
+2.207031E+02,-9.374739E-06,-4.933793E-06,-9.949899E+01,-2.657138E+00
+2.209473E+02,+9.908212E-06,+2.936264E-06,-9.971452E+01,+2.881016E-01
+2.211914E+02,-5.747605E-06,-3.835716E-06,-1.032105E+02,-2.553111E+00
+2.214355E+02,-2.364117E-06,-2.755935E-08,-1.125260E+02,-3.129936E+00
+2.216797E+02,+2.763250E-06,+3.166683E-06,-1.075293E+02,+8.533269E-01
+2.219238E+02,+1.786518E-07,+3.890777E-07,-1.273684E+02,+1.140345E+00
+2.221680E+02,+9.707589E-07,-3.847639E-06,-1.080281E+02,-1.323654E+00
+2.224121E+02,-3.888302E-06,+2.003573E-06,-1.071821E+02,+2.665794E+00
+2.226562E+02,+2.802057E-06,+9.267463E-07,-1.105996E+02,+3.194128E-01
+2.229004E+02,-9.500991E-07,+3.742783E-06,-1.082649E+02,+1.819394E+00
+2.231445E+02,-2.216040E-07,-9.161678E-06,-1.007580E+02,-1.594980E+00
+2.233887E+02,+1.150523E-06,+3.199068E-06,-1.093713E+02,+1.225557E+00
+2.236328E+02,-4.027893E-07,+4.006766E-06,-1.079005E+02,+1.670987E+00
+2.238770E+02,+2.583295E-06,-1.193118E-06,-1.109168E+02,-4.326720E-01
+2.241211E+02,-3.884147E-06,-3.357183E-06,-1.057910E+02,-2.428838E+00
+2.243652E+02,+7.550791E-07,+4.049217E-06,-1.077041E+02,+1.386438E+00
+2.246094E+02,-9.433027E-07,-2.324806E-06,-1.120104E+02,-1.956254E+00
+2.248535E+02,+5.453313E-06,-5.527621E-06,-1.021973E+02,-7.921650E-01
+2.250977E+02,-7.457456E-06,+1.181937E-05,-9.709273E+01,+2.133664E+00
+2.253418E+02,+4.492774E-06,-7.527094E-06,-1.011440E+02,-1.032674E+00
+2.255859E+02,-4.325372E-06,+3.131407E-06,-1.054493E+02,+2.514965E+00
+2.258301E+02,+6.177375E-06,-1.575881E-06,-1.039101E+02,-2.497777E-01
+2.260742E+02,-7.706666E-06,+2.043613E-06,-1.019675E+02,+2.882384E+00
+2.263184E+02,+5.651802E-06,-1.824181E-06,-1.045259E+02,-3.122055E-01
+2.265625E+02,+4.720640E-07,+9.745390E-07,-1.193086E+02,+1.119709E+00
+2.268066E+02,+2.624245E-06,-5.840949E-06,-1.038718E+02,-1.148538E+00
+2.270508E+02,-8.737394E-06,+6.983867E-06,-9.902686E+01,+2.467274E+00
+2.272949E+02,+5.854294E-06,+1.046203E-08,-1.046505E+02,+1.787068E-03
+2.275391E+02,-2.294336E-06,-6.528184E-06,-1.031984E+02,-1.908763E+00
+2.277832E+02,-1.558899E-06,+6.187731E-06,-1.039021E+02,+1.817594E+00
+2.280273E+02,+7.264106E-06,+3.477609E-06,-1.018802E+02,+4.464944E-01
+2.282715E+02,-5.980350E-06,-1.007754E-05,-9.862262E+01,-2.106374E+00
+2.285156E+02,+1.711402E-06,+3.710647E-06,-1.077734E+02,+1.138656E+00
+2.287598E+02,-3.473301E-06,+5.338197E-06,-1.039190E+02,+2.147629E+00
+2.290039E+02,+6.910821E-06,-3.266519E-06,-1.023337E+02,-4.415433E-01
+2.292480E+02,-8.845122E-06,-2.535145E-07,-1.010624E+02,-3.112939E+00
+2.294922E+02,+8.111720E-06,+2.285511E-07,-1.018143E+02,+2.816796E-02
+2.297363E+02,-4.145250E-06,-1.761032E-06,-1.069284E+02,-2.739865E+00
+2.299805E+02,-2.281528E-06,+2.704016E-06,-1.090250E+02,+2.271654E+00
+2.302246E+02,+4.210313E-06,-1.571116E-06,-1.069475E+02,-3.571557E-01
+2.304688E+02,+3.038269E-06,+4.466596E-07,-1.102546E+02,+1.459657E-01
+2.307129E+02,-1.230599E-05,-6.723957E-07,-9.818473E+01,-3.087007E+00
+2.309570E+02,+1.411791E-05,+1.087451E-06,-9.697890E+01,+7.687457E-02
+2.312012E+02,-5.880357E-06,+3.742229E-07,-1.045944E+02,+3.078039E+00
+2.314453E+02,+1.663907E-06,+7.780878E-07,-1.147185E+02,+4.374155E-01
+2.316895E+02,-5.090545E-06,-2.847586E-06,-1.046824E+02,-2.631571E+00
+2.319336E+02,+3.583739E-06,+3.727903E-06,-1.057283E+02,+8.051126E-01
+2.321777E+02,+7.208637E-07,-3.531167E-06,-1.088643E+02,-1.369420E+00
+2.324219E+02,-2.436183E-06,+2.247305E-06,-1.095919E+02,+2.396501E+00
+2.326660E+02,+2.925576E-06,-1.052368E-06,-1.101473E+02,-3.453016E-01
+2.329102E+02,-5.126801E-06,-1.362003E-06,-1.055069E+02,-2.881927E+00
+2.331543E+02,+8.991589E-06,+3.884819E-06,-1.001800E+02,+4.078271E-01
+2.333984E+02,-4.861292E-06,-3.863044E-06,-1.041392E+02,-2.470120E+00
+2.336426E+02,+3.008543E-08,+3.122684E-06,-1.101090E+02,+1.561162E+00
+2.338867E+02,-1.986356E-07,-4.041698E-06,-1.078582E+02,-1.619903E+00
+2.341309E+02,-1.815954E-06,+5.470882E-06,-1.047849E+02,+1.891284E+00
+2.343750E+02,+2.335253E-06,-6.850764E-06,-1.028078E+02,-1.242274E+00
+2.346191E+02,-4.342236E-07,+5.713936E-06,-1.048363E+02,+1.646644E+00
+2.348633E+02,+2.058245E-06,-6.652841E-07,-1.132985E+02,-3.126291E-01
+2.351074E+02,-4.076540E-06,+8.002983E-07,-1.076299E+02,+2.947740E+00
+2.353516E+02,+1.779759E-06,-5.198260E-06,-1.052014E+02,-1.240930E+00
+2.355957E+02,+2.413430E-06,+8.645300E-06,-1.009385E+02,+1.298566E+00
+2.358398E+02,+1.160742E-07,-9.019932E-06,-1.008952E+02,-1.557928E+00
+2.360840E+02,-4.923377E-06,+3.585747E-06,-1.043066E+02,+2.512118E+00
+2.363281E+02,+2.771401E-06,-2.696379E-07,-1.111051E+02,-9.698775E-02
+2.365723E+02,+8.936103E-07,+1.820821E-06,-1.138574E+02,+1.114557E+00
+2.368164E+02,+7.658300E-07,-1.321866E-06,-1.163193E+02,-1.045695E+00
+2.370605E+02,-3.170637E-06,-7.874646E-07,-1.097171E+02,-2.898157E+00
+2.373047E+02,+1.341155E-06,+4.009883E-06,-1.074768E+02,+1.248030E+00
+2.375488E+02,+8.103585E-07,-3.828105E-06,-1.081499E+02,-1.362189E+00
+2.377930E+02,+2.075042E-06,-1.909785E-07,-1.136228E+02,-9.177740E-02
+2.380371E+02,-8.311271E-08,-7.307614E-07,-1.226687E+02,-1.684044E+00
+2.382812E+02,-5.320175E-06,+4.531477E-06,-1.031124E+02,+2.436082E+00
+2.385254E+02,+4.434558E-06,-3.510835E-06,-1.049497E+02,-6.696588E-01
+2.387695E+02,+9.301241E-07,+2.579476E-06,-1.112385E+02,+1.224722E+00
+2.390137E+02,-6.985236E-06,-6.914260E-06,-1.001502E+02,-2.361301E+00
+2.392578E+02,+6.851284E-06,+4.557864E-06,-1.016932E+02,+5.870260E-01
+2.395020E+02,-6.354473E-07,-1.184407E-06,-1.174314E+02,-2.063224E+00
+2.397461E+02,-1.678062E-06,+4.332740E-06,-1.066578E+02,+1.940305E+00
+2.399902E+02,+2.976222E-06,-3.533776E-06,-1.067069E+02,-8.708355E-01
+2.402344E+02,-3.960147E-06,+5.911738E-08,-1.080448E+02,+3.126666E+00
+2.404785E+02,-1.191671E-06,-7.427199E-07,-1.170516E+02,-2.584246E+00
+2.407227E+02,+2.715348E-06,+1.738670E-06,-1.098313E+02,+5.695346E-01
+2.409668E+02,+4.150929E-06,-2.793349E-06,-1.060149E+02,-5.923370E-01
+2.412109E+02,-6.627660E-06,+5.600865E-06,-1.012323E+02,+2.439965E+00
+2.414551E+02,+4.508255E-06,-3.727325E-06,-1.046575E+02,-6.908570E-01
+2.416992E+02,-7.908496E-06,-1.558977E-06,-1.018726E+02,-2.946961E+00
+2.419434E+02,+1.280233E-05,+1.125987E-06,-9.782075E+01,+8.772599E-02
+2.421875E+02,-9.898816E-06,-1.236603E-06,-1.000211E+02,-3.017312E+00
+2.424316E+02,+9.114256E-06,-2.649927E-07,-1.008019E+02,-2.906634E-02
+2.426758E+02,-1.169447E-05,+6.384122E-06,-9.750758E+01,+2.641896E+00
+2.429199E+02,+1.203336E-05,-7.042637E-06,-9.711303E+01,-5.295101E-01
+2.431641E+02,-1.308220E-05,+4.554691E-06,-9.716949E+01,+2.806558E+00
+2.434082E+02,+7.914725E-06,-2.185049E-06,-1.017123E+02,-2.693644E-01
+2.436523E+02,+4.578160E-06,-5.115268E-07,-1.067323E+02,-1.112705E-01
+2.438965E+02,-1.317177E-05,+7.370455E-07,-9.759354E+01,+3.085695E+00
+2.441406E+02,+1.644783E-05,-2.088808E-06,-9.560835E+01,-1.263197E-01
+2.443848E+02,-5.831337E-06,+7.530475E-06,-1.004233E+02,+2.229710E+00
+2.446289E+02,-1.192993E-05,-1.144048E-05,-9.563507E+01,-2.377135E+00
+2.448730E+02,+1.278816E-05,+8.049507E-06,-9.641434E+01,+5.617928E-01
+2.451172E+02,-8.846466E-06,-3.853835E-06,-1.003099E+02,-2.730748E+00
+2.453613E+02,+7.763812E-06,+1.849925E-06,-1.019587E+02,+2.339136E-01
+2.456055E+02,-2.315197E-06,-3.401287E-07,-1.126155E+02,-2.995725E+00
+2.458496E+02,-8.057050E-07,+4.287104E-06,-1.072060E+02,+1.756566E+00
+2.460938E+02,-2.691300E-06,-1.205481E-05,-9.816555E+01,-1.790450E+00
+2.463379E+02,+6.436283E-06,+7.616331E-06,-1.000246E+02,+8.691751E-01
+2.465820E+02,-8.439352E-06,+2.090926E-06,-1.012151E+02,+2.898724E+00
+2.468262E+02,+9.647490E-06,-4.619734E-06,-9.941513E+01,-4.465877E-01
+2.470703E+02,-4.769398E-06,+5.585800E-06,-1.026802E+02,+2.277517E+00
+2.473145E+02,-4.725544E-07,-9.135052E-06,-1.007742E+02,-1.622480E+00
+2.475586E+02,+3.582589E-06,+7.976745E-06,-1.011655E+02,+1.148667E+00
+2.478027E+02,-6.406660E-06,-1.523221E-06,-1.036286E+02,-2.908171E+00
+2.480469E+02,+6.006671E-06,-8.934926E-08,-1.044264E+02,-1.487391E-02
+2.482910E+02,-5.091760E-06,-3.861539E-06,-1.038894E+02,-2.492744E+00
+2.485352E+02,+5.153318E-06,+2.026906E-06,-1.051336E+02,+3.747350E-01
+2.487793E+02,-7.691229E-06,+3.387784E-06,-1.015100E+02,+2.726689E+00
+2.490234E+02,+7.186194E-06,-6.218298E-07,-1.028376E+02,-8.631617E-02
+2.492676E+02,-3.290140E-06,-5.399997E-06,-1.039810E+02,-2.118015E+00
+2.495117E+02,-2.419984E-06,+5.750861E-06,-1.040973E+02,+1.969107E+00
+2.497559E+02,+6.309608E-06,-1.692261E-07,-1.039968E+02,-2.681396E-02
+2.500000E+02,-5.031367E-06,-3.932804E-06,-1.038954E+02,-2.478137E+00
+2.502441E+02,+6.093526E-06,-7.213725E-08,-1.043020E+02,-1.183779E-02
+2.504883E+02,-6.423516E-06,+2.094240E-06,-1.034058E+02,+2.826432E+00
+2.507324E+02,+3.272816E-06,+7.527958E-07,-1.094777E+02,+2.260823E-01
+2.509766E+02,-4.684812E-06,-3.193097E-07,-1.065660E+02,-3.073539E+00
+2.512207E+02,+2.451101E-06,+8.026150E-07,-1.117704E+02,+3.164469E-01
+2.514648E+02,-7.003758E-07,-1.252574E-06,-1.168624E+02,-2.080637E+00
+2.517090E+02,+1.495236E-06,-7.480450E-06,-1.023513E+02,-1.373511E+00
+2.519531E+02,+4.000224E-07,+8.317910E-06,-1.015897E+02,+1.522742E+00
+2.521973E+02,+1.854915E-06,+2.954723E-06,-1.091467E+02,+1.010201E+00
+2.524414E+02,-6.351598E-06,-2.268146E-06,-1.034211E+02,-2.798608E+00
+2.526855E+02,+6.887348E-06,-2.257203E-06,-1.027959E+02,-3.167007E-01
+2.529297E+02,-2.978057E-06,-1.444961E-06,-1.096032E+02,-2.689853E+00
+2.531738E+02,-2.703959E-06,+4.483379E-06,-1.056206E+02,+2.113498E+00
+2.534180E+02,+7.072834E-06,-2.376577E-06,-1.025435E+02,-3.241620E-01
+2.536621E+02,-9.533752E-06,-9.218648E-07,-1.003743E+02,-3.045197E+00
+2.539062E+02,+7.011411E-06,-7.103579E-07,-1.030395E+02,-1.009700E-01
+2.541504E+02,-4.849960E-08,+6.981224E-06,-1.031212E+02,+1.577743E+00
+2.543945E+02,-3.005386E-06,-1.139776E-05,-9.857169E+01,-1.828610E+00
+2.546387E+02,+4.797424E-07,+6.580202E-06,-1.036122E+02,+1.498018E+00
+2.548828E+02,-3.111345E-06,+3.363594E-06,-1.067790E+02,+2.317256E+00
+2.551270E+02,+5.037168E-06,-4.961048E-06,-1.030116E+02,-7.777849E-01
+2.553711E+02,-3.316958E-06,+9.460362E-07,-1.092456E+02,+2.863757E+00
+2.556152E+02,+2.030592E-06,-6.948486E-08,-1.138425E+02,-3.420566E-02
+2.558594E+02,-9.076719E-07,-1.035705E-06,-1.172203E+02,-2.290408E+00
+2.561035E+02,+2.792030E-06,+1.016969E-06,-1.105406E+02,+3.493040E-01
+2.563477E+02,-4.381773E-06,+2.175760E-06,-1.062099E+02,+2.680711E+00
+2.565918E+02,+4.051723E-06,-8.045533E-07,-1.076793E+02,-1.960208E-01
+2.568359E+02,-3.433340E-06,+1.998763E-06,-1.080181E+02,+2.614392E+00
+2.570801E+02,+1.567194E-06,-4.999013E-06,-1.056152E+02,-1.267000E+00
+2.573242E+02,-6.356617E-07,+9.567915E-08,-1.238382E+02,+2.992195E+00
+2.575684E+02,-3.782537E-06,+7.032892E-06,-1.019539E+02,+2.064252E+00
+2.578125E+02,+9.160512E-06,-5.181294E-06,-9.955614E+01,-5.147502E-01
+2.580566E+02,-6.256921E-06,-7.268338E-06,-1.003632E+02,-2.281554E+00
+2.583008E+02,-1.707836E-07,+1.069346E-05,-9.941653E+01,+1.586766E+00
+2.585449E+02,+2.761455E-06,+1.335494E-06,-1.102645E+02,+4.504577E-01
+2.587891E+02,-5.942678E-06,-7.022578E-06,-1.007246E+02,-2.273094E+00
+2.590332E+02,+9.448902E-06,+5.287406E-06,-9.930930E+01,+5.101677E-01
+2.592773E+02,-4.423317E-06,+4.327225E-07,-1.070437E+02,+3.044075E+00
+2.595215E+02,-2.307822E-06,-3.475793E-06,-1.075927E+02,-2.156929E+00
+2.597656E+02,+5.506762E-07,-6.316919E-07,-1.215349E+02,-8.538111E-01
+2.600098E+02,-3.563750E-06,+1.694892E-06,-1.080763E+02,+2.697661E+00
+2.602539E+02,+1.389940E-05,+1.866869E-06,-9.706244E+01,+1.335139E-01
+2.604980E+02,-1.136464E-05,-4.909434E-06,-9.814578E+01,-2.733815E+00
+2.607422E+02,+1.828464E-06,+4.652436E-06,-1.060226E+02,+1.196328E+00
+2.609863E+02,-1.756201E-06,-2.265178E-06,-1.108538E+02,-2.230296E+00
+2.612305E+02,+2.096105E-06,-2.566615E-06,-1.095935E+02,-8.859667E-01
+2.614746E+02,+3.812711E-06,+5.882082E-06,-1.030860E+02,+9.956940E-01
+2.617188E+02,-3.353123E-06,-4.110782E-06,-1.055065E+02,-2.255031E+00
+2.619629E+02,-3.962616E-06,+3.447689E-06,-1.055927E+02,+2.425571E+00
+2.622070E+02,+4.314023E-06,-2.997226E-07,-1.072814E+02,-6.936488E-02
+2.624512E+02,+9.404542E-07,+2.026836E-07,-1.203361E+02,+2.122700E-01
+2.626953E+02,-3.197664E-06,+3.640998E-06,-1.062927E+02,+2.291458E+00
+2.629395E+02,+6.701949E-06,-9.246076E-06,-9.884703E+01,-9.435914E-01
+2.631836E+02,-1.013214E-05,+2.741455E-07,-9.988280E+01,+3.114542E+00
+2.634277E+02,+7.188946E-06,+3.770909E-06,-1.018111E+02,+4.830884E-01
+2.636719E+02,-7.162402E-07,-7.353842E-07,-1.197725E+02,-2.343007E+00
+2.639160E+02,-2.151464E-08,+3.659618E-06,-1.087311E+02,+1.576675E+00
+2.641602E+02,+1.424572E-06,-3.420043E-06,-1.086245E+02,-1.176116E+00
+2.644043E+02,+4.821529E-07,-1.400365E-06,-1.165886E+02,-1.239204E+00
+2.646484E+02,-5.849513E-06,+5.724513E-06,-1.017401E+02,+2.366994E+00
+2.648926E+02,+2.558570E-06,-5.311928E-06,-1.045888E+02,-1.121924E+00
+2.651367E+02,-5.455855E-07,+4.671279E-06,-1.065524E+02,+1.687065E+00
+2.653809E+02,-2.031154E-06,-3.151188E-06,-1.085215E+02,-2.143343E+00
+2.656250E+02,+5.119289E-06,-2.471769E-06,-1.049057E+02,-4.498211E-01
+2.658691E+02,+1.339622E-06,+3.538083E-06,-1.084428E+02,+1.208848E+00
+2.661133E+02,-4.949773E-06,+3.475525E-07,-1.060869E+02,+3.071492E+00
+2.663574E+02,+1.519116E-06,-1.805196E-06,-1.125442E+02,-8.712435E-01
+2.666016E+02,+1.618338E-06,-3.384387E-06,-1.085161E+02,-1.124758E+00
+2.668457E+02,-3.781168E-06,+7.935979E-06,-1.011195E+02,+2.015434E+00
+2.670898E+02,+6.326316E-06,-5.789104E-06,-1.013350E+02,-7.410861E-01
+2.673340E+02,-2.369236E-06,+2.570309E-06,-1.091294E+02,+2.315510E+00
+2.675781E+02,-4.096078E-06,-9.017182E-07,-1.075471E+02,-2.924907E+00
+2.678223E+02,+5.245596E-06,+4.132771E-06,-1.035070E+02,+6.672916E-01
+2.680664E+02,-3.827419E-06,-8.027457E-06,-1.010188E+02,-2.015705E+00
+2.683105E+02,+8.971694E-07,+6.606694E-06,-1.035210E+02,+1.435825E+00
+2.685547E+02,+2.065017E-06,-4.237755E-06,-1.065320E+02,-1.117368E+00
+2.687988E+02,-4.022708E-07,+3.642944E-06,-1.087183E+02,+1.680775E+00
+2.690430E+02,+1.537366E-06,-1.921902E-06,-1.121773E+02,-8.961049E-01
+2.692871E+02,-5.122612E-06,-1.785468E-06,-1.053122E+02,-2.806213E+00
+2.695312E+02,+1.747797E-06,-9.973691E-08,-1.151361E+02,-5.700252E-02
+2.697754E+02,+4.888867E-06,+1.677053E-06,-1.057327E+02,+3.304566E-01
+2.700195E+02,-6.772440E-06,+4.669707E-07,-1.033645E+02,+3.072750E+00
+2.702637E+02,+6.209901E-06,+3.453057E-06,-1.029683E+02,+5.074814E-01
+2.705078E+02,-7.733217E-06,-1.859791E-05,-9.391811E+01,-1.964858E+00
+2.707520E+02,+1.156085E-05,+2.266865E-05,-9.188747E+01,+1.099187E+00
+2.709961E+02,-1.314797E-05,-5.372432E-06,-9.695225E+01,-2.753683E+00
+2.712402E+02,+1.109704E-05,-3.725257E-06,-9.863210E+01,-3.238774E-01
+2.714844E+02,-1.473663E-06,-2.336167E-06,-1.111751E+02,-2.133558E+00
+2.717285E+02,-3.564730E-06,+7.957810E-06,-1.011899E+02,+1.991947E+00
+2.719727E+02,-4.039704E-06,-7.556134E-06,-1.013422E+02,-2.061759E+00
+2.722168E+02,+7.764200E-06,+1.159163E-06,-1.021023E+02,+1.482012E-01
+2.724609E+02,-5.806304E-06,+5.684929E-06,-1.018025E+02,+2.366756E+00
+2.727051E+02,+6.770840E-06,-6.219390E-06,-1.007301E+02,-7.429726E-01
+2.729492E+02,-6.591526E-06,+3.674497E-07,-1.036068E+02,+3.085905E+00
+2.731934E+02,+3.341286E-06,+1.333799E-06,-1.088796E+02,+3.798056E-01
+2.734375E+02,-4.346353E-06,-1.387484E-06,-1.068160E+02,-2.832589E+00
+2.736816E+02,+5.880113E-06,+3.590071E-07,-1.045961E+02,+6.097876E-02
+2.739258E+02,-1.978272E-07,+2.667234E-06,-1.114550E+02,+1.644830E+00
+2.741699E+02,-6.506276E-06,+5.885914E-09,-1.037334E+02,+3.140688E+00
+2.744141E+02,+6.393460E-06,-5.657129E-06,-1.013739E+02,-7.243707E-01
+2.746582E+02,+1.750546E-07,+3.355840E-06,-1.094722E+02,+1.518679E+00
+2.749023E+02,-4.826353E-06,+3.268736E-06,-1.046880E+02,+2.546286E+00
+2.751465E+02,+3.040363E-06,-4.123232E-06,-1.058096E+02,-9.354252E-01
+2.753906E+02,+1.681394E-06,-3.119197E-07,-1.153397E+02,-1.834273E-01
+2.756348E+02,-2.331347E-06,+2.577623E-06,-1.091796E+02,+2.306068E+00
+2.758789E+02,-2.711455E-06,-3.725011E-06,-1.067310E+02,-2.200006E+00
+2.761230E+02,+2.768033E-06,+4.547113E-06,-1.054763E+02,+1.023971E+00
+2.763672E+02,-5.311590E-07,+6.556600E-07,-1.214751E+02,+2.251674E+00
+2.766113E+02,+1.247132E-06,-6.422907E-06,-1.036846E+02,-1.379013E+00
+2.768555E+02,-8.325593E-07,+3.617726E-06,-1.086072E+02,+1.796991E+00
+2.770996E+02,-1.408295E-06,-4.454688E-06,-1.066100E+02,-1.876992E+00
+2.773438E+02,+1.671353E-06,+9.446268E-06,-1.003609E+02,+1.395676E+00
+2.775879E+02,-1.457977E-06,-6.710722E-06,-1.032643E+02,-1.784732E+00
+2.778320E+02,+1.473392E-06,-1.730339E-07,-1.165741E+02,-1.169037E-01
+2.780762E+02,+8.214584E-08,+7.797293E-07,-1.221132E+02,+1.465832E+00
+2.783203E+02,-4.245853E-06,+5.114360E-06,-1.035474E+02,+2.263672E+00
+2.785645E+02,+4.506726E-06,-4.835941E-06,-1.035955E+02,-8.206214E-01
+2.788086E+02,+7.851751E-07,-5.008421E-06,-1.059005E+02,-1.415291E+00
+2.790527E+02,-4.022733E-06,+8.618867E-06,-1.004351E+02,+2.007480E+00
+2.792969E+02,+2.429187E-06,-3.207916E-06,-1.079071E+02,-9.226729E-01
+2.795410E+02,+2.035964E-06,-3.532521E-06,-1.077927E+02,-1.047949E+00
+2.797852E+02,-1.078693E-06,+5.388581E-06,-1.051999E+02,+1.768366E+00
+2.800293E+02,-3.378414E-06,-2.585522E-06,-1.074235E+02,-2.488367E+00
+2.802734E+02,+6.036889E-07,+2.299186E-07,-1.237955E+02,+3.638949E-01
+2.805176E+02,+4.885790E-06,+1.718938E-06,-1.057145E+02,+3.382988E-01
+2.807617E+02,-6.006577E-06,-1.361832E-06,-1.042098E+02,-2.918638E+00
+2.810059E+02,+7.916872E-07,-4.010816E-06,-1.077693E+02,-1.375914E+00
+2.812500E+02,+4.270878E-06,+8.391698E-06,-1.005227E+02,+1.100022E+00
+2.814941E+02,-3.506139E-06,-2.025504E-06,-1.078527E+02,-2.617730E+00
+2.817383E+02,-1.198187E-06,-2.447831E-06,-1.112916E+02,-2.026000E+00
+2.819824E+02,+2.055080E-06,-6.514884E-07,-1.133275E+02,-3.069916E-01
+2.822266E+02,-5.383981E-06,-7.876292E-07,-1.052860E+02,-2.996332E+00
+2.824707E+02,+2.454905E-06,+2.967017E-06,-1.082887E+02,+8.795710E-01
+2.827148E+02,+8.516836E-06,-3.677504E-06,-1.006520E+02,-4.076096E-01
+2.829590E+02,-1.188700E-05,+6.091010E-06,-9.748602E+01,+2.668067E+00
+2.832031E+02,+1.337440E-05,-7.215549E-06,-9.636504E+01,-4.947496E-01
+2.834473E+02,-1.231880E-05,+4.347908E-06,-9.767876E+01,+2.802293E+00
+2.836914E+02,+6.502946E-06,-3.973986E-08,-1.037376E+02,-6.110979E-03
+2.839355E+02,+2.804929E-07,-3.133368E-06,-1.100451E+02,-1.481516E+00
+2.841797E+02,-4.586725E-06,+6.844106E-06,-1.016826E+02,+2.161222E+00
+2.844238E+02,+5.006762E-06,-6.439725E-06,-1.017693E+02,-9.099382E-01
+2.846680E+02,-7.781653E-06,+3.536061E-06,-1.013633E+02,+2.715077E+00
+2.849121E+02,+8.147944E-06,-9.100740E-07,-1.017252E+02,-1.112327E-01
+2.851562E+02,-4.116584E-06,-3.423218E-06,-1.054265E+02,-2.447897E+00
+2.854004E+02,+2.030532E-06,+1.932309E-06,-1.110475E+02,+7.606172E-01
+2.856445E+02,-7.251348E-06,+1.452074E-06,-1.026209E+02,+2.943958E+00
+2.858887E+02,+8.720400E-06,+5.166258E-07,-1.011741E+02,+5.917419E-02
+2.861328E+02,-2.118455E-06,-9.159162E-07,-1.127354E+02,-2.733512E+00
+2.863770E+02,+1.490087E-06,+2.507002E-06,-1.107030E+02,+1.034527E+00
+2.866211E+02,-1.007755E-05,-6.401687E-06,-9.846068E+01,-2.575662E+00
+2.868652E+02,+7.160842E-06,+9.080564E-06,-9.873757E+01,+9.030516E-01
+2.871094E+02,+1.628031E-06,-6.776871E-06,-1.031357E+02,-1.335031E+00
+2.873535E+02,+6.005798E-06,+1.851700E-06,-1.040342E+02,+2.990711E-01
+2.875977E+02,-1.043590E-05,-1.474404E-06,-9.954356E+01,-3.001240E+00
+2.878418E+02,+9.596297E-07,+4.704234E-06,-1.063732E+02,+1.369565E+00
+2.880859E+02,+2.979003E-06,-9.233890E-07,-1.101202E+02,-3.005745E-01
+2.883301E+02,+6.570198E-06,-1.787512E-06,-1.033383E+02,-2.656342E-01
+2.885742E+02,-1.303921E-05,+1.481566E-06,-9.763927E+01,+3.028454E+00
+2.888184E+02,+5.185864E-06,-9.803711E-06,-9.910074E+01,-1.084243E+00
+2.890625E+02,+1.917596E-06,+1.168159E-05,-9.853448E+01,+1.408092E+00
+2.893066E+02,-2.076024E-06,-6.094335E-06,-1.038247E+02,-1.899116E+00
+2.895508E+02,+6.048182E-06,+6.354370E-06,-1.011374E+02,+8.100807E-01
+2.897949E+02,-9.451450E-06,-5.062986E-06,-9.939439E+01,-2.649807E+00
+2.900391E+02,+2.554667E-06,+4.075854E-06,-1.063566E+02,+1.010917E+00
+2.902832E+02,+4.612812E-06,-2.267676E-06,-1.057806E+02,-4.569082E-01
+2.905273E+02,-2.819665E-06,+4.807536E-07,-1.108716E+02,+2.972716E+00
+2.907715E+02,-2.194331E-06,+2.412974E-06,-1.097316E+02,+2.308774E+00
+2.910156E+02,+1.676126E-06,-6.238527E-07,-1.149504E+02,-3.563129E-01
+2.912598E+02,+5.423401E-06,-4.479426E-06,-1.030558E+02,-6.903616E-01
+2.915039E+02,-6.821602E-06,+3.545112E-06,-1.022840E+02,+2.662318E+00
+2.917480E+02,+5.599810E-07,-6.108736E-06,-1.042446E+02,-1.479383E+00
+2.919922E+02,+4.960035E-06,+7.808343E-06,-1.006767E+02,+1.004880E+00
+2.922363E+02,-3.483461E-06,-2.420035E-06,-1.074494E+02,-2.534418E+00
+2.924805E+02,-1.238789E-06,-2.949062E-06,-1.099006E+02,-1.968477E+00
+2.927246E+02,-4.667734E-08,+5.578280E-06,-1.050697E+02,+1.579164E+00
+2.929688E+02,+1.517398E-06,-2.058870E-06,-1.118433E+02,-9.356637E-01
+2.932129E+02,+2.864657E-06,-2.593688E-07,-1.108231E+02,-9.029479E-02
+2.934570E+02,-4.168534E-06,+3.191618E-06,-1.055967E+02,+2.488153E+00
+2.937012E+02,+3.698547E-06,-8.849460E-06,-1.003625E+02,-1.174920E+00
+2.939453E+02,-8.053851E-06,+6.575541E-06,-9.966165E+01,+2.456903E+00
+2.941895E+02,+1.151379E-05,-1.027050E-06,-9.874122E+01,-8.896623E-02
+2.944336E+02,-8.354882E-06,-7.060808E-07,-1.015303E+02,-3.057282E+00
+2.946777E+02,+4.193023E-06,+3.970252E-06,-1.047698E+02,+7.581154E-01
+2.949219E+02,+4.691152E-07,-5.083465E-06,-1.058400E+02,-1.478774E+00
+2.951660E+02,-4.430436E-06,-6.076433E-08,-1.070703E+02,-3.127878E+00
+2.954102E+02,+3.025096E-06,+2.512045E-06,-1.081075E+02,+6.930056E-01
+2.956543E+02,+2.789783E-06,-1.861025E-06,-1.094899E+02,-5.882927E-01
+2.958984E+02,-3.309208E-06,+5.020315E-06,-1.044184E+02,+2.153586E+00
+2.961426E+02,-1.756841E-06,-3.089893E-06,-1.089846E+02,-2.087790E+00
+2.963867E+02,+2.583137E-06,-3.005617E-06,-1.080393E+02,-8.608493E-01
+2.966309E+02,+2.168588E-06,+1.998347E-06,-1.106067E+02,+7.445657E-01
+2.968750E+02,-6.150361E-06,-2.087603E-06,-1.037484E+02,-2.814367E+00
+2.971191E+02,+7.537139E-06,+4.819354E-06,-1.009672E+02,+5.688975E-01
+2.973633E+02,+1.601708E-06,-3.933213E-06,-1.074387E+02,-1.184076E+00
+2.976074E+02,-9.549366E-06,+5.530232E-06,-9.914445E+01,+2.616667E+00
+2.978516E+02,+5.844940E-06,-4.899114E-06,-1.023534E+02,-6.975920E-01
+2.980957E+02,-6.577430E-06,+4.891317E-07,-1.036149E+02,+3.067364E+00
+2.983398E+02,+6.454175E-06,-2.188442E-06,-1.033305E+02,-3.269081E-01
+2.985840E+02,+1.738720E-06,+3.176641E-06,-1.088226E+02,+1.069993E+00
+2.988281E+02,-2.277474E-06,+2.395248E-07,-1.128032E+02,+3.036807E+00
+2.990723E+02,+7.101111E-06,+8.563896E-08,-1.029728E+02,+1.205935E-02
+2.993164E+02,-1.100849E-05,-2.612732E-07,-9.916299E+01,-3.117863E+00
+2.995605E+02,+1.270069E-06,-4.587987E-06,-1.064469E+02,-1.300734E+00
+2.998047E+02,+3.201081E-06,+3.763068E-06,-1.061248E+02,+8.659208E-01
+3.000488E+02,-1.462858E-06,+2.135703E-06,-1.117385E+02,+2.171353E+00
+3.002930E+02,+1.485606E-06,-8.258249E-06,-1.015239E+02,-1.392806E+00
+3.005371E+02,-2.127018E-06,+4.827782E-06,-1.055546E+02,+1.985788E+00
+3.007812E+02,+3.082859E-06,+3.018700E-06,-1.073010E+02,+7.748834E-01
+3.010254E+02,-1.022530E-06,+1.874125E-07,-1.196630E+02,+2.960321E+00
+3.012695E+02,+4.202327E-07,-8.523639E-07,-1.204425E+02,-1.112748E+00
+3.015137E+02,-2.618651E-06,-1.528333E-06,-1.103654E+02,-2.613294E+00
+3.017578E+02,+1.985161E-06,-7.130764E-06,-1.026131E+02,-1.299278E+00
+3.020020E+02,-1.719664E-06,+9.781516E-06,-1.000597E+02,+1.744825E+00
+3.022461E+02,+2.777741E-06,-3.208630E-06,-1.074446E+02,-8.572527E-01
+3.024902E+02,-4.102430E-06,-2.636630E-06,-1.062376E+02,-2.570367E+00
+3.027344E+02,+6.894714E-06,+6.814356E-06,-1.002700E+02,+7.795366E-01
+3.029785E+02,-4.639686E-06,-5.071613E-06,-1.032562E+02,-2.311747E+00
+3.032227E+02,+2.196464E-06,+1.902791E-07,-1.131330E+02,+8.641403E-02
+3.034668E+02,-1.600866E-06,-9.404117E-07,-1.146254E+02,-2.610460E+00
+3.037109E+02,-1.955340E-06,+4.931007E-06,-1.055070E+02,+1.948316E+00
+3.039551E+02,+3.306295E-06,-7.431450E-06,-1.017942E+02,-1.152187E+00
+3.041992E+02,-2.262711E-06,-2.132716E-06,-1.101465E+02,-2.385761E+00
+3.044434E+02,+5.133002E-06,+9.789721E-06,-9.912978E+01,+1.087878E+00
+3.046875E+02,-3.477686E-06,+1.046250E-06,-1.087979E+02,+2.849359E+00
+3.049316E+02,-8.061074E-06,-9.139810E-06,-9.828224E+01,-2.293563E+00
+3.051758E+02,+1.220840E-05,+1.453271E-06,-9.820571E+01,+1.184810E-01
+3.054199E+02,-4.884926E-06,+4.116956E-06,-1.038921E+02,+2.441300E+00
+3.056641E+02,-2.430521E-06,-1.349844E-06,-1.111185E+02,-2.634634E+00
+3.059082E+02,+1.057824E-06,+2.146268E-06,-1.124219E+02,+1.112872E+00
+3.061523E+02,-1.034308E-07,-3.941042E-06,-1.080848E+02,-1.597035E+00
+3.063965E+02,+1.444579E-06,-2.626359E-06,-1.104650E+02,-1.067929E+00
+3.066406E+02,+1.097865E-06,+5.128575E-06,-1.056055E+02,+1.359911E+00
+3.068848E+02,+6.833240E-06,-1.674050E-06,-1.030543E+02,-2.402544E-01
+3.071289E+02,-1.226007E-05,-1.802608E-06,-9.813725E+01,-2.995608E+00
+3.073730E+02,-2.259426E-07,+3.711637E-06,-1.085926E+02,+1.631595E+00
+3.076172E+02,+1.033295E-05,-1.584566E-06,-9.961456E+01,-1.521654E-01
+3.078613E+02,-9.239947E-06,+6.983561E-07,-1.006619E+02,+3.066156E+00
+3.081055E+02,+1.021391E-06,-5.081819E-06,-1.057076E+02,-1.372450E+00
+3.083496E+02,+4.007921E-07,+4.080202E-06,-1.077447E+02,+1.472882E+00
+3.085938E+02,+4.023593E-06,+1.663869E-06,-1.072221E+02,+3.921140E-01
+3.088379E+02,-6.554824E-06,-2.911738E-06,-1.028867E+02,-2.723562E+00
+3.090820E+02,+9.219168E-06,+8.175665E-06,-9.818629E+01,+7.254808E-01
+3.093262E+02,-1.138224E-05,-1.235054E-05,-9.549610E+01,-2.315417E+00
+3.095703E+02,+7.501193E-06,+3.913761E-06,-1.014518E+02,+4.808972E-01
+3.098145E+02,-5.334513E-06,+5.126598E-06,-1.026170E+02,+2.376067E+00
+3.100586E+02,+4.743131E-06,-5.420909E-06,-1.028497E+02,-8.519835E-01
+3.103027E+02,-9.132730E-07,+1.058344E-06,-1.170904E+02,+2.282747E+00
+3.105469E+02,-2.182205E-06,-4.725909E-06,-1.056709E+02,-2.003381E+00
+3.107910E+02,+2.337973E-06,+6.453633E-06,-1.032684E+02,+1.223230E+00
+3.110352E+02,-1.764936E-07,+9.696357E-07,-1.201263E+02,+1.750846E+00
+3.112793E+02,-1.191960E-06,-5.890010E-06,-1.044234E+02,-1.770470E+00
+3.115234E+02,+1.108780E-06,+8.315332E-06,-1.015259E+02,+1.438237E+00
+3.117676E+02,+8.291921E-07,-4.231205E-06,-1.073071E+02,-1.377278E+00
+3.120117E+02,-2.940008E-06,-2.408728E-06,-1.084026E+02,-2.455198E+00
+3.122559E+02,+2.915490E-06,+5.334258E-06,-1.043233E+02,+1.070598E+00
+3.125000E+02,-6.940406E-06,-4.774492E-06,-1.014896E+02,-2.539016E+00
+3.127441E+02,+8.944599E-06,+1.132747E-06,-1.008997E+02,+1.259698E-01
+3.129883E+02,-3.537142E-06,+5.171128E-07,-1.089351E+02,+2.996426E+00
+3.132324E+02,-4.193048E-06,+4.734590E-07,-1.074944E+02,+3.029154E+00
+3.134766E+02,+3.907089E-06,-1.099057E-06,-1.078322E+02,-2.742121E-01
+3.137207E+02,+5.410244E-06,+4.098079E-06,-1.033663E+02,+6.482626E-01
+3.139648E+02,-1.195074E-05,-2.964908E-06,-9.819269E+01,-2.898409E+00
+3.142090E+02,+8.170462E-06,-3.213885E-06,-1.011303E+02,-3.747641E-01
+3.144531E+02,-2.908452E-06,+4.242890E-06,-1.057739E+02,+2.171716E+00
+3.146973E+02,-3.006479E-06,-2.188347E-06,-1.085925E+02,-2.512401E+00
+3.149414E+02,+7.139116E-06,-1.322570E-06,-1.027806E+02,-1.831801E-01
+3.151855E+02,-5.285486E-06,+4.759386E-06,-1.029595E+02,+2.408522E+00
+3.154297E+02,+1.176473E-06,-6.394192E-06,-1.037397E+02,-1.388840E+00
+3.156738E+02,+1.532089E-06,+8.119967E-06,-1.016570E+02,+1.384307E+00
+3.159180E+02,-1.333375E-06,-3.167734E-06,-1.092766E+02,-1.969209E+00
+3.161621E+02,-3.587058E-07,-3.501429E-06,-1.090697E+02,-1.672886E+00
+3.164062E+02,+3.196122E-06,+6.765556E-06,-1.025191E+02,+1.129463E+00
+3.166504E+02,-6.837069E-06,-4.771658E-06,-1.015793E+02,-2.532271E+00
+3.168945E+02,+6.523055E-06,+1.208059E-06,-1.035645E+02,+1.831235E-01
+3.171387E+02,+4.665785E-07,-9.408870E-07,-1.195744E+02,-1.110440E+00
+3.173828E+02,-4.129649E-06,+4.848349E-06,-1.039190E+02,+2.276314E+00
+3.176270E+02,+5.303386E-08,-8.655590E-06,-1.012539E+02,-1.564669E+00
+3.178711E+02,-5.031593E-06,+5.905074E-06,-1.022050E+02,+2.276496E+00
+3.181152E+02,+6.796447E-06,-3.732833E-07,-1.033413E+02,-5.486818E-02
+3.183594E+02,+1.719798E-07,-2.998332E-06,-1.104481E+02,-1.513501E+00
+3.186035E+02,+2.278512E-06,+1.375139E-05,-9.711544E+01,+1.406595E+00
+3.188477E+02,-1.562958E-06,-1.851929E-05,-9.461669E+01,-1.654993E+00
+3.190918E+02,-4.246644E-06,+1.025364E-05,-9.909491E+01,+1.963449E+00
+3.193359E+02,+2.001582E-06,-3.281813E-06,-1.083042E+02,-1.023128E+00
+3.195801E+02,+2.028484E-06,+1.995289E-06,-1.109173E+02,+7.771488E-01
+3.198242E+02,+5.838405E-07,-3.868981E-06,-1.081503E+02,-1.421023E+00
+3.200684E+02,-3.773215E-06,+3.766565E-06,-1.054631E+02,+2.357077E+00
+3.203125E+02,+3.087034E-06,-2.189169E-06,-1.084399E+02,-6.168402E-01
+3.205566E+02,+1.220050E-06,+4.038963E-06,-1.074954E+02,+1.277441E+00
+3.208008E+02,-8.766811E-06,+2.498466E-07,-1.011396E+02,+3.113101E+00
+3.210449E+02,+1.035739E-05,-7.991657E-06,-9.766643E+01,-6.571760E-01
+3.212891E+02,-7.962424E-07,+8.804801E-06,-1.010702E+02,+1.660984E+00
+3.215332E+02,-3.947932E-06,-2.383176E-06,-1.067232E+02,-2.598492E+00
+3.217773E+02,+6.308505E-07,-1.868884E-06,-1.140997E+02,-1.245251E+00
+3.220215E+02,+2.003531E-06,+1.407717E-06,-1.122215E+02,+6.124806E-01
+3.222656E+02,-4.811324E-06,+5.553412E-07,-1.062972E+02,+3.026677E+00
+3.225098E+02,+4.760182E-06,-8.660228E-07,-1.063061E+02,-1.799623E-01
+3.227539E+02,-7.293769E-07,-1.679399E-07,-1.225166E+02,-2.915286E+00
+3.229980E+02,+1.835432E-06,+1.024689E-06,-1.135470E+02,+5.091795E-01
+3.232422E+02,-4.748720E-06,-5.280848E-06,-1.029725E+02,-2.303188E+00
+3.234863E+02,+8.007646E-06,+4.294041E-06,-1.008322E+02,+4.922196E-01
+3.237305E+02,-5.899788E-06,+6.633411E-06,-1.010342E+02,+2.297727E+00
+3.239746E+02,-3.042117E-06,-9.933456E-06,-9.966866E+01,-1.867977E+00
+3.242188E+02,+5.644658E-06,+2.140113E-06,-1.043839E+02,+3.623949E-01
+3.244629E+02,-4.243036E-07,+5.710920E-06,-1.048420E+02,+1.644957E+00
+3.247070E+02,+4.637297E-06,-4.566641E-06,-1.037306E+02,-7.777216E-01
+3.249512E+02,-1.443539E-05,-2.955389E-06,-9.663311E+01,-2.939651E+00
+3.251953E+02,+1.378026E-05,+8.635035E-06,-9.577641E+01,+5.597658E-01
+3.254395E+02,-5.196748E-06,-9.156732E-06,-9.955257E+01,-2.087001E+00
+3.256836E+02,+1.903803E-06,+7.412573E-06,-1.023232E+02,+1.319396E+00
+3.259277E+02,-1.214150E-06,-4.293644E-06,-1.070094E+02,-1.846380E+00
+3.261719E+02,-3.707454E-06,+3.839805E-06,-1.054532E+02,+2.338660E+00
+3.264160E+02,+6.951442E-06,-6.511705E-06,-1.004227E+02,-7.527475E-01
+3.266602E+02,-8.934929E-07,+5.774508E-06,-1.046669E+02,+1.724309E+00
+3.269043E+02,-7.263840E-06,-4.512809E-06,-1.013591E+02,-2.585680E+00
+3.271484E+02,+5.510435E-06,+3.074570E-06,-1.039992E+02,+5.089295E-01
+3.273926E+02,+3.432491E-07,-3.253608E-07,-1.265037E+02,-7.586501E-01
+3.276367E+02,+2.450401E-06,+8.942482E-07,-1.116723E+02,+3.499215E-01
+3.278809E+02,-3.374080E-06,-6.332182E-06,-1.028835E+02,-2.060374E+00
+3.281250E+02,+3.037992E-06,+5.709960E-06,-1.037848E+02,+1.081838E+00
+3.283691E+02,-1.624885E-06,+1.955617E-06,-1.118945E+02,+2.264085E+00
+3.286133E+02,-6.175670E-07,-4.837717E-06,-1.062370E+02,-1.697766E+00
+3.288574E+02,+1.506008E-07,+2.377641E-07,-1.310121E+02,+1.006176E+00
+3.291016E+02,-2.286884E-06,+4.797879E-06,-1.054899E+02,+2.015586E+00
+3.293457E+02,+5.061466E-06,-8.050305E-06,-1.004371E+02,-1.009519E+00
+3.295898E+02,-4.374997E-06,+2.674123E-06,-1.058018E+02,+2.592958E+00
+3.298340E+02,+1.732027E-08,+4.432788E-06,-1.070664E+02,+1.566889E+00
+3.300781E+02,+6.678313E-06,-2.722597E-06,-1.028389E+02,-3.871073E-01
+3.303223E+02,-5.784097E-06,+8.577919E-07,-1.046608E+02,+2.994364E+00
+3.305664E+02,+6.622123E-07,+2.573421E-07,-1.229692E+02,+3.706487E-01
+3.308105E+02,-1.718354E-06,-3.814370E-06,-1.075691E+02,-1.994062E+00
+3.310547E+02,+7.091311E-06,+3.252446E-06,-1.021563E+02,+4.300258E-01
+3.312988E+02,-7.599072E-06,-5.615692E-06,-1.004924E+02,-2.505171E+00
+3.315430E+02,-1.480913E-06,+2.600222E-06,-1.104797E+02,+2.088512E+00
+3.317871E+02,+1.175995E-05,+5.811201E-06,-9.764304E+01,+4.589581E-01
+3.320312E+02,-1.011378E-05,-6.911009E-07,-9.988151E+01,-3.073366E+00
+3.322754E+02,+4.218924E-06,-4.277334E-06,-1.044255E+02,-7.922728E-01
+3.325195E+02,-4.798505E-06,-2.645966E-06,-1.052249E+02,-2.637664E+00
+3.327637E+02,+6.166642E-06,+4.047628E-06,-1.026432E+02,+5.808436E-01
+3.330078E+02,-8.879601E-06,-1.369476E-06,-1.009300E+02,-2.988571E+00
+3.332520E+02,+1.072222E-05,-1.399507E-07,-9.939357E+01,-1.305166E-02
+3.334961E+02,-2.655802E-06,+1.374854E-06,-1.104849E+02,+2.663902E+00
+3.337402E+02,-6.943008E-06,-4.044883E-06,-1.018999E+02,-2.614078E+00
+3.339844E+02,+1.051409E-05,+3.238100E-06,-9.917102E+01,+2.987591E-01
+3.342285E+02,-5.707550E-06,+3.005654E-06,-1.038080E+02,+2.656884E+00
+3.344727E+02,-2.034846E-06,-7.237975E-06,-1.024773E+02,-1.844857E+00
+3.347168E+02,+2.896194E-06,+5.862729E-06,-1.036897E+02,+1.111959E+00
+3.349609E+02,-7.560922E-07,-3.835013E-06,-1.081591E+02,-1.765455E+00
+3.352051E+02,-3.090919E-06,+8.792651E-06,-1.006116E+02,+1.908837E+00
+3.354492E+02,+4.892428E-06,-1.636366E-05,-9.535056E+01,-1.280274E+00
+3.356934E+02,-7.313433E-07,+6.005046E-06,-1.043657E+02,+1.691988E+00
+3.359375E+02,-4.844971E-06,+7.238130E-06,-1.011996E+02,+2.160667E+00
+3.361816E+02,+5.391324E-06,-7.667126E-06,-1.005625E+02,-9.579433E-01
+3.364258E+02,-5.631925E-07,+4.552065E-06,-1.067699E+02,+1.693893E+00
+3.366699E+02,-6.253185E-07,-4.174610E-06,-1.074913E+02,-1.719482E+00
+3.369141E+02,-4.866145E-07,+4.203869E-06,-1.074692E+02,+1.686037E+00
+3.371582E+02,-1.363733E-06,-3.671201E-06,-1.081425E+02,-1.926467E+00
+3.374023E+02,-2.450561E-06,+4.383327E-06,-1.059827E+02,+2.080572E+00
+3.376465E+02,+3.641557E-06,-5.682484E-06,-1.034150E+02,-1.000888E+00
+3.378906E+02,-7.862708E-07,+3.437846E-06,-1.090528E+02,+1.795639E+00
+3.381348E+02,+1.715150E-06,+9.120420E-07,-1.142325E+02,+4.887289E-01
+3.383789E+02,-3.342899E-06,-4.049592E-06,-1.055950E+02,-2.260888E+00
+3.386230E+02,+7.677197E-07,-4.166527E-07,-1.211748E+02,-4.972326E-01
+3.388672E+02,+3.259257E-06,+2.022729E-06,-1.083226E+02,+5.554365E-01
+3.391113E+02,-5.238880E-06,+1.116627E-07,-1.056133E+02,+3.120282E+00
+3.393555E+02,+5.946995E-06,+1.597010E-06,-1.042116E+02,+2.623511E-01
+3.395996E+02,-4.924741E-06,-4.165630E-06,-1.038085E+02,-2.439508E+00
+3.398438E+02,-1.108463E-06,+8.187224E-06,-1.016584E+02,+1.705367E+00
+3.400879E+02,+1.997462E-06,-1.144191E-05,-9.869965E+01,-1.397964E+00
+3.403320E+02,+1.784926E-08,+3.824011E-06,-1.083495E+02,+1.566129E+00
+3.405762E+02,-3.755391E-07,+4.243390E-06,-1.074119E+02,+1.659066E+00
+3.408203E+02,+1.246490E-06,+2.785647E-06,-1.103088E+02,+1.150049E+00
+3.410645E+02,-4.164622E-06,-2.563025E-06,-1.062136E+02,-2.589906E+00
+3.413086E+02,+6.921340E-07,-9.238220E-06,-1.006639E+02,-1.496015E+00
+3.415527E+02,+1.156311E-06,+8.774044E-06,-1.010612E+02,+1.439764E+00
+3.417969E+02,+5.058159E-07,-5.785980E-06,-1.047194E+02,-1.483597E+00
+3.420410E+02,-2.959956E-06,+7.831826E-06,-1.015429E+02,+1.932141E+00
+3.422852E+02,+7.080116E-06,-2.905031E-06,-1.023235E+02,-3.893612E-01
+3.425293E+02,-4.718590E-06,+7.090808E-07,-1.064268E+02,+2.992435E+00
+3.427734E+02,-1.253184E-06,-5.418010E-06,-1.050969E+02,-1.798099E+00
+3.430176E+02,+1.849267E-06,+2.534110E-06,-1.100694E+02,+9.403816E-01
+3.432617E+02,-4.633752E-06,+2.858037E-07,-1.066649E+02,+3.079992E+00
+3.435059E+02,-3.644308E-06,-3.205696E-06,-1.062787E+02,-2.420138E+00
+3.437500E+02,+8.524169E-06,+7.385567E-06,-9.895485E+01,+7.139536E-01
+3.439941E+02,-5.861660E-06,-3.836222E-06,-1.030913E+02,-2.562088E+00
+3.442383E+02,-7.303071E-07,+6.759319E-06,-1.033515E+02,+1.678423E+00
+3.444824E+02,+7.421280E-06,+2.606342E-07,-1.025851E+02,+3.510542E-02
+3.447266E+02,-6.581001E-06,-1.036018E-06,-1.035278E+02,-2.985449E+00
+3.449707E+02,+9.824037E-06,-5.457136E-06,-9.898624E+01,-5.070469E-01
+3.452148E+02,-8.954297E-06,+7.321755E-06,-9.873585E+01,+2.456163E+00
+3.454590E+02,+8.789771E-06,-2.072069E-06,-1.008856E+02,-2.315098E-01
+3.457031E+02,-6.596012E-06,-2.896990E-06,-1.028483E+02,-2.727753E+00
+3.459473E+02,-7.986404E-07,-2.770045E-06,-1.108035E+02,-1.851497E+00
+3.461914E+02,+1.542213E-06,+5.794117E-06,-1.044430E+02,+1.310659E+00
+3.464355E+02,+6.254624E-06,-1.494358E-06,-1.038349E+02,-2.345241E-01
+3.466797E+02,-6.928438E-06,-5.527515E-06,-1.010482E+02,-2.468194E+00
+3.469238E+02,+1.187663E-06,+1.265335E-05,-9.791779E+01,+1.477209E+00
+3.471680E+02,+5.572351E-07,-1.905352E-05,-9.439678E+01,-1.541559E+00
+3.474121E+02,-6.570002E-06,+1.365616E-05,-9.638923E+01,+2.019211E+00
+3.476562E+02,+2.059445E-05,+8.325789E-06,-9.306757E+01,+3.841849E-01
+3.479004E+02,-3.307989E-05,-1.356696E-05,-8.893353E+01,-2.752387E+00
+3.481445E+02,+2.490451E-05,-1.262910E-06,-9.206329E+01,-5.066669E-02
+3.483887E+02,-1.134938E-05,+8.105081E-06,-9.711079E+01,+2.521438E+00
+3.486328E+02,+1.548042E-05,-8.196948E-06,-9.513098E+01,-4.869716E-01
+3.488770E+02,-8.175216E-06,-3.684659E-06,-1.009469E+02,-2.718148E+00
+3.491211E+02,-7.286744E-06,+8.129252E-06,-9.923792E+01,+2.301597E+00
+3.493652E+02,-2.758825E-06,+6.406091E-06,-1.031293E+02,+1.977448E+00
+3.496094E+02,+1.940518E-05,-1.516134E-06,-9.421523E+01,-7.797202E-02
+3.498535E+02,-1.575281E-05,-3.904825E-06,-9.579385E+01,-2.898609E+00
+3.500977E+02,+5.264686E-06,-5.700845E-06,-1.022028E+02,-8.251526E-01
+3.503418E+02,-6.908983E-07,+7.410596E-06,-1.025654E+02,+1.663759E+00
+3.505859E+02,-4.071878E-06,+4.670123E-06,-1.041578E+02,+2.287868E+00
+3.508301E+02,+9.996314E-06,-1.100196E-05,-9.655669E+01,-8.332533E-01
+3.510742E+02,-7.837650E-06,+2.522982E-06,-1.016881E+02,+2.830162E+00
+3.513184E+02,+3.067722E-06,+9.677917E-06,-9.986855E+01,+1.263834E+00
+3.515625E+02,-3.393316E-06,-1.226075E-05,-9.790913E+01,-1.840800E+00
+3.518066E+02,+8.151768E-06,+3.422306E-06,-1.010700E+02,+3.974782E-01
+3.520508E+02,-6.145810E-06,+2.104654E-06,-1.037468E+02,+2.811657E+00
+3.522949E+02,-3.619136E-06,+2.537359E-06,-1.070916E+02,+2.530132E+00
+3.525391E+02,+5.093419E-06,+9.416531E-07,-1.057139E+02,+1.828123E-01
+3.527832E+02,-4.097928E-07,-9.876240E-06,-1.001007E+02,-1.612265E+00
+3.530273E+02,+1.762231E-07,+7.965043E-06,-1.019741E+02,+1.548675E+00
+3.532715E+02,-1.362136E-06,-1.554334E-06,-1.136943E+02,-2.290389E+00
+3.535156E+02,+5.436578E-06,+2.550341E-06,-1.044297E+02,+4.386298E-01
+3.537598E+02,-4.824655E-06,-4.470574E-06,-1.036388E+02,-2.394269E+00
+3.540039E+02,-1.423948E-06,+1.878798E-07,-1.168552E+02,+3.010407E+00
+3.542480E+02,+4.504715E-06,+8.126691E-06,-1.006381E+02,+1.064649E+00
+3.544922E+02,+1.843627E-07,-1.273773E-05,-9.789725E+01,-1.556324E+00
+3.547363E+02,-2.605175E-06,+1.002702E-05,-9.969287E+01,+1.824992E+00
+3.549805E+02,+2.147326E-06,-4.030049E-06,-1.068085E+02,-1.081232E+00
+3.552246E+02,-8.118321E-07,-1.739570E-06,-1.143354E+02,-2.007439E+00
+3.554688E+02,+1.270341E-07,+4.403251E-06,-1.071209E+02,+1.541954E+00
+3.557129E+02,+9.939595E-07,-5.533893E-06,-1.050015E+02,-1.393078E+00
+3.559570E+02,-3.952845E-06,+7.695496E-06,-1.012583E+02,+2.045310E+00
+3.562012E+02,+6.148457E-06,-7.417531E-06,-1.003234E+02,-8.786749E-01
+3.564453E+02,-5.236805E-06,+1.502862E-06,-1.052750E+02,+2.862123E+00
+3.566895E+02,+3.034357E-06,+2.156946E-06,-1.085825E+02,+6.179650E-01
+3.569336E+02,+5.203113E-07,-9.577265E-07,-1.192520E+02,-1.073129E+00
+3.571777E+02,+2.574752E-07,+2.409285E-06,-1.123129E+02,+1.464332E+00
+3.574219E+02,-2.575314E-07,-7.894123E-06,-1.020493E+02,-1.603408E+00
+3.576660E+02,-6.186504E-06,+3.850959E-06,-1.027488E+02,+2.584809E+00
+3.579102E+02,+1.302116E-05,+5.305205E-06,-9.704002E+01,+3.868946E-01
+3.581543E+02,-1.260452E-05,-9.769406E-06,-9.594627E+01,-2.482238E+00
+3.583984E+02,+1.032098E-05,+1.095449E-05,-9.644887E+01,+8.151660E-01
+3.586426E+02,-4.840801E-06,-3.746984E-06,-1.042628E+02,-2.482881E+00
+3.588867E+02,+1.266784E-06,-5.248225E-06,-1.053538E+02,-1.333953E+00
+3.591309E+02,+1.024885E-06,+4.011518E-06,-1.076592E+02,+1.320662E+00
+3.593750E+02,-3.880773E-06,-2.272242E-06,-1.069414E+02,-2.611894E+00
+3.596191E+02,+5.260800E-06,+9.457242E-06,-9.931386E+01,+1.063150E+00
+3.598633E+02,-2.003684E-06,-1.194286E-05,-9.833728E+01,-1.737021E+00
+3.601074E+02,-6.042591E-07,-1.586743E-06,-1.154017E+02,-1.934657E+00
+3.603516E+02,-1.338267E-06,+8.108722E-06,-1.017042E+02,+1.734362E+00
+3.605957E+02,-1.292230E-06,+3.870143E-06,-1.077864E+02,+1.893054E+00
+3.608398E+02,+7.751822E-06,-1.266429E-05,-9.656641E+01,-1.021527E+00
+3.610840E+02,-7.121928E-06,+4.746972E-06,-1.013516E+02,+2.553685E+00
+3.613281E+02,+1.626771E-07,-1.483168E-06,-1.165243E+02,-1.461551E+00
+3.615723E+02,+5.182707E-06,+3.424988E-06,-1.041351E+02,+5.839643E-01
+3.618164E+02,-8.165176E-07,+4.468569E-07,-1.206229E+02,+2.640847E+00
+3.620605E+02,-1.426213E-06,-7.560237E-07,-1.158408E+02,-2.654162E+00
+3.623047E+02,+7.799837E-07,-3.319466E-06,-1.093452E+02,-1.340010E+00
+3.625488E+02,-4.487353E-06,-1.361914E-06,-1.065775E+02,-2.846928E+00
+3.627930E+02,+4.394921E-06,+3.112430E-06,-1.053756E+02,+6.162000E-01
+3.630371E+02,+1.425819E-06,-5.352116E-06,-1.051317E+02,-1.310440E+00
+3.632812E+02,+7.767360E-07,+4.051790E-06,-1.076903E+02,+1.381392E+00
+3.635254E+02,-4.811105E-06,-1.437554E-06,-1.059837E+02,-2.851238E+00
+3.637695E+02,-6.030882E-07,-3.759964E-06,-1.083860E+02,-1.729839E+00
+3.640137E+02,+3.503688E-06,+7.315964E-06,-1.018178E+02,+1.124163E+00
+3.642578E+02,-2.203456E-06,-7.129951E-06,-1.025421E+02,-1.870528E+00
+3.645020E+02,-9.720761E-07,+3.482284E-06,-1.088368E+02,+1.843016E+00
+3.647461E+02,+2.468350E-06,-2.723389E-06,-1.086936E+02,-8.344827E-01
+3.649902E+02,-5.391790E-06,+4.551604E-06,-1.030287E+02,+2.440491E+00
+3.652344E+02,+1.180634E-06,-1.453768E-06,-1.145502E+02,-8.887087E-01
+3.654785E+02,+6.648639E-06,-3.015761E-06,-1.027328E+02,-4.258360E-01
+3.657227E+02,-9.180327E-06,+2.041650E-06,-1.005332E+02,+2.922760E+00
+3.659668E+02,+3.601001E-06,+2.661403E-07,-1.088479E+02,+7.377318E-02
+3.662109E+02,+3.975229E-07,-2.788450E-07,-1.262749E+02,-6.117028E-01
+3.664551E+02,-3.984733E-06,-3.295749E-07,-1.079624E+02,-3.059071E+00
+3.666992E+02,+3.596850E-06,-1.499215E-06,-1.081859E+02,-3.949161E-01
+3.669434E+02,+9.452310E-07,+2.301233E-06,-1.120837E+02,+1.181057E+00
+3.671875E+02,-3.951710E-06,+2.924004E-06,-1.061680E+02,+2.504565E+00
+3.674316E+02,-1.452527E-06,-6.466081E-06,-1.035734E+02,-1.791766E+00
+3.676758E+02,+9.139349E-06,-1.074556E-06,-1.007221E+02,-1.170373E-01
+3.679199E+02,-7.087691E-06,+8.532270E-06,-9.909972E+01,+2.263974E+00
+3.681641E+02,+5.290909E-06,-7.663028E-06,-1.006190E+02,-9.665111E-01
+3.684082E+02,-3.938002E-06,+2.014921E-06,-1.070846E+02,+2.668660E+00
+3.686523E+02,-7.795978E-07,+5.280402E-06,-1.054530E+02,+1.717377E+00
+3.688965E+02,+6.884460E-07,-6.970793E-06,-1.030922E+02,-1.472354E+00
+3.691406E+02,+1.463808E-06,-2.834455E-06,-1.099239E+02,-1.094088E+00
+3.693848E+02,-1.241117E-05,+6.761208E-06,-9.699510E+01,+2.642775E+00
+3.696289E+02,+1.752391E-05,+3.306988E-06,-9.497540E+01,+1.865194E-01
+3.698730E+02,-1.014960E-05,-8.929344E-06,-9.738148E+01,-2.420066E+00
+3.701172E+02,+4.858905E-06,+2.821695E-06,-1.050071E+02,+5.261272E-01
+3.703613E+02,-5.240016E-06,-1.092871E-06,-1.054284E+02,-2.935977E+00
+3.706055E+02,+3.017247E-06,-2.807458E-06,-1.076992E+02,-7.493966E-01
+3.708496E+02,-7.584119E-06,+5.567717E-06,-1.005297E+02,+2.508327E+00
+3.710938E+02,+4.618977E-06,-1.081686E-06,-1.064772E+02,-2.300377E-01
+3.713379E+02,-6.443684E-07,-2.223730E-06,-1.127082E+02,-1.852841E+00
+3.715820E+02,+1.093591E-06,+1.040853E-05,-9.960453E+01,+1.466114E+00
+3.718262E+02,-2.616812E-06,-1.304303E-05,-9.752105E+01,-1.768797E+00
+3.720703E+02,-1.181530E-06,+8.437726E-06,-1.013912E+02,+1.709921E+00
+3.723145E+02,+2.411662E-06,-1.803964E-06,-1.104237E+02,-6.422306E-01
+3.725586E+02,-6.739340E-06,+1.875512E-06,-1.031037E+02,+2.870167E+00
+3.728027E+02,+7.702353E-06,-8.586406E-07,-1.022139E+02,-1.110193E-01
+3.730469E+02,-6.410672E-06,+2.152165E-06,-1.033981E+02,+2.817699E+00
+3.732910E+02,+3.832534E-07,+2.170504E-06,-1.131355E+02,+1.396024E+00
+3.735352E+02,+9.851900E-06,+5.800825E-06,-9.883693E+01,+5.321454E-01
+3.737793E+02,-2.713437E-06,-2.798583E-06,-1.081831E+02,-2.340748E+00
+3.740234E+02,-1.865303E-06,-2.762654E-06,-1.095422E+02,-2.164673E+00
+3.742676E+02,+4.477080E-06,+3.439322E-07,-1.069545E+02,+7.667007E-02
+3.745117E+02,+2.008602E-06,+8.373332E-07,-1.132462E+02,+3.949675E-01
+3.747559E+02,-2.641879E-07,-1.280738E-06,-1.176698E+02,-1.774221E+00
+3.750000E+02,+4.196629E-07,+2.007860E-06,-1.137596E+02,+1.364752E+00
+3.752441E+02,-1.806911E-06,-7.602091E-06,-1.021427E+02,-1.804152E+00
+3.754883E+02,-1.760378E-06,-3.311702E-07,-1.149368E+02,-2.955642E+00
+3.757324E+02,+5.210080E-06,+9.512151E-07,-1.055207E+02,+1.805832E-01
+3.759766E+02,-9.501076E-07,+4.728409E-06,-1.063338E+02,+1.769092E+00
+3.762207E+02,-6.735786E-06,-7.780507E-06,-9.975075E+01,-2.284349E+00
+3.764648E+02,+2.842202E-06,-2.793847E-06,-1.079905E+02,-7.768189E-01
+3.767090E+02,-2.504470E-06,+1.301360E-05,-9.755411E+01,+1.760922E+00
+3.769531E+02,-2.241912E-08,-9.031262E-06,-1.008850E+02,-1.573279E+00
+3.771973E+02,-6.347333E-07,+2.778279E-06,-1.109035E+02,+1.795404E+00
+3.774414E+02,-2.743080E-06,-3.248407E-06,-1.074288E+02,-2.272053E+00
+3.776855E+02,+9.087483E-06,-4.608272E-07,-1.008200E+02,-5.066670E-02
+3.779297E+02,-9.920279E-06,+8.812398E-06,-9.754314E+01,+2.415267E+00
+3.781738E+02,-2.386824E-07,-3.424624E-06,-1.092867E+02,-1.640380E+00
+3.784180E+02,+2.847184E-06,-3.521981E-06,-1.068802E+02,-8.909519E-01
+3.786621E+02,+2.702813E-06,+6.689952E-06,-1.028349E+02,+1.186837E+00
+3.789062E+02,-5.110890E-06,-4.305282E-06,-1.035011E+02,-2.441542E+00
+3.791504E+02,+2.614583E-06,+3.645980E-06,-1.069617E+02,+9.486766E-01
+3.793945E+02,-3.681854E-06,-7.197876E-06,-1.018465E+02,-2.043617E+00
+3.796387E+02,+1.011783E-05,+1.351286E-05,-9.545204E+01,+9.280921E-01
+3.798828E+02,-6.829193E-06,-1.267970E-05,-9.683165E+01,-2.064839E+00
+3.801270E+02,+3.057319E-06,+9.257690E-06,-1.002204E+02,+1.251827E+00
+3.803711E+02,-5.952972E-06,-3.605577E-06,-1.031481E+02,-2.597010E+00
+3.806152E+02,+3.033503E-06,+1.684808E-06,-1.091935E+02,+5.069797E-01
+3.808594E+02,-5.267570E-06,+2.714125E-06,-1.045452E+02,+2.665818E+00
+3.811035E+02,+1.408457E-05,-2.781994E-06,-9.685891E+01,-1.950104E-01
+3.813477E+02,-1.324178E-05,-6.125664E-06,-9.671889E+01,-2.708309E+00
+3.815918E+02,+9.074999E-06,+9.955193E-06,-9.741216E+01,+8.316178E-01
+3.818359E+02,-2.337778E-06,-8.740998E-07,-1.120556E+02,-2.783785E+00
+3.820801E+02,-2.310743E-06,-6.003757E-06,-1.038316E+02,-1.938203E+00
+3.823242E+02,-3.501829E-07,+7.504537E-06,-1.024841E+02,+1.617425E+00
+3.825684E+02,+3.237083E-06,-3.258834E-06,-1.067574E+02,-7.887467E-01
+3.828125E+02,-3.940435E-06,+2.100063E-06,-1.070033E+02,+2.651932E+00
+3.830566E+02,-5.172707E-07,-2.074967E-06,-1.133979E+02,-1.815108E+00
+3.833008E+02,+9.249072E-06,+1.822577E-06,-1.005126E+02,+1.945623E-01
+3.835449E+02,-8.824006E-06,+3.266178E-06,-1.005291E+02,+2.787084E+00
+3.837891E+02,+6.535444E-06,-1.010850E-06,-1.035918E+02,-1.534559E-01
+3.840332E+02,-1.380640E-06,-7.314394E-06,-1.025644E+02,-1.757358E+00
+3.842773E+02,+3.757821E-06,+8.557931E-06,-1.005869E+02,+1.157040E+00
+3.845215E+02,-5.617806E-06,-7.385710E-06,-1.006495E+02,-2.221067E+00
+3.847656E+02,-4.579447E-06,+7.454528E-06,-1.011610E+02,+2.121677E+00
+3.850098E+02,+1.193735E-05,+1.584749E-06,-9.838597E+01,+1.319838E-01
+3.852539E+02,+8.063222E-07,-3.824485E-06,-1.081597E+02,-1.363008E+00
+3.854980E+02,-8.359041E-06,+2.125970E-06,-1.012847E+02,+2.892541E+00
+3.857422E+02,+6.107733E-06,-8.621287E-06,-9.952216E+01,-9.544231E-01
+3.859863E+02,-6.346457E-06,+9.852635E-06,-9.862166E+01,+2.143040E+00
+3.862305E+02,+8.959500E-06,-5.427014E-06,-9.959694E+01,-5.446202E-01
+3.864746E+02,-8.109667E-06,+6.232794E-06,-9.980408E+01,+2.486316E+00
+3.867188E+02,+3.914297E-06,-5.763788E-06,-1.031387E+02,-9.742224E-01
+3.869629E+02,+7.374847E-06,+3.741154E-06,-1.016504E+02,+4.694591E-01
+3.872070E+02,-7.132368E-06,-1.096691E-06,-1.028338E+02,-2.989025E+00
+3.874512E+02,+4.233052E-06,+7.388407E-06,-1.013962E+02,+1.050518E+00
+3.876953E+02,-1.333178E-06,-8.649473E-06,-1.011582E+02,-1.723727E+00
+3.879395E+02,+4.643946E-06,+3.762371E-07,-1.066338E+02,+8.084012E-02
+3.881836E+02,-7.847946E-06,-3.827943E-06,-1.011780E+02,-2.687782E+00
+3.884277E+02,+1.249410E-05,+5.611433E-06,-9.726788E+01,+4.221275E-01
+3.886719E+02,-2.181154E-06,-3.292362E-06,-1.080696E+02,-2.155901E+00
+3.889160E+02,-9.749808E-06,+3.191164E-07,-1.002154E+02,+3.108874E+00
+3.891602E+02,+2.402622E-06,+3.515572E-06,-1.074156E+02,+9.712829E-01
+3.894043E+02,+9.641307E-06,-3.931844E-06,-9.964914E+01,-3.872230E-01
+3.896484E+02,-2.831794E-06,+9.715203E-06,-9.989682E+01,+1.854419E+00
+3.898926E+02,-2.824110E-06,-1.311181E-05,-9.744981E+01,-1.782942E+00
+3.901367E+02,+5.359574E-06,+1.302218E-05,-9.702673E+01,+1.180353E+00
+3.903809E+02,+9.065553E-06,-9.034718E-06,-9.785659E+01,-7.836946E-01
+3.906250E+02,-1.156282E-05,-7.133944E-06,-9.733788E+01,-2.588787E+00
+3.908691E+02,+4.825948E-07,+5.613084E-06,-1.049840E+02,+1.485031E+00
+3.911133E+02,+3.763542E-06,+5.864925E-06,-1.031371E+02,+1.000276E+00
+3.913574E+02,+7.141848E-06,-4.998765E-06,-1.011922E+02,-6.106763E-01
+3.916016E+02,-3.203542E-06,-4.481957E-06,-1.051783E+02,-2.191363E+00
+3.918457E+02,+3.893128E-06,-7.940834E-06,-1.010672E+02,-1.114965E+00
+3.920898E+02,-1.137907E-05,+5.679317E-06,-9.791188E+01,+2.678664E+00
+3.923340E+02,+2.121217E-05,-8.927876E-06,-9.276000E+01,-3.983797E-01
+3.925781E+02,-4.162173E-05,-2.041796E-05,-8.667710E+01,-2.685525E+00
+3.928223E+02,-2.465699E-05,+5.966701E-05,-8.380060E+01,+1.962667E+00
+3.930664E+02,+7.833604E-05,+5.451065E-05,-8.040580E+01,+6.079397E-01
+3.933105E+02,+3.798842E-05,-1.384460E-04,-7.685914E+01,-1.302996E+00
+3.935547E+02,-5.956351E-05,+5.585538E-05,-8.176028E+01,+2.388311E+00
+3.937988E+02,+5.986605E-06,-2.503301E-05,-9.178819E+01,-1.336057E+00
+3.940430E+02,-1.438584E-05,+6.557688E-06,-9.602136E+01,+2.713890E+00
+3.942871E+02,+4.234002E-06,+5.724464E-06,-1.029502E+02,+9.339632E-01
+3.945312E+02,-1.655791E-06,+3.270209E-06,-1.087173E+02,+2.039492E+00
+3.947754E+02,-4.983713E-06,-1.647895E-06,-1.055983E+02,-2.822254E+00
+3.950195E+02,+2.252576E-05,+6.819320E-06,-9.256558E+01,+2.939635E-01
+3.952637E+02,-2.483311E-05,-9.471735E-06,-9.150951E+01,-2.777209E+00
+3.955078E+02,+2.612460E-06,+2.791927E-05,-9.104407E+01,+1.477496E+00
+3.957520E+02,+3.106055E-05,+1.162915E-05,-8.958610E+01,+3.582467E-01
+3.959961E+02,+4.431211E-05,-2.220949E-05,-8.609626E+01,-4.646118E-01
+3.962402E+02,-2.700023E-05,-5.751321E-05,-8.393965E+01,-2.009716E+00
+3.964844E+02,-1.626657E-05,+6.755112E-05,-8.316254E+01,+1.807101E+00
+3.967285E+02,+1.763119E-05,-2.768409E-05,-8.967676E+01,-1.003706E+00
+3.969727E+02,+4.733876E-05,+1.177088E-05,-8.623512E+01,+2.437097E-01
+3.972168E+02,+2.820065E-05,-2.700958E-06,-9.095516E+01,-9.548520E-02
+3.974609E+02,+6.829313E-05,-4.667792E-05,-8.164767E+01,-5.995618E-01
+3.977051E+02,+4.199184E-05,-5.741807E-05,-8.295837E+01,-9.393482E-01
+3.979492E+02,+7.544705E-05,-1.439506E-04,-7.578165E+01,-1.088041E+00
+3.981934E+02,+2.439760E-05,-9.057460E-05,-8.055566E+01,-1.307677E+00
+3.984375E+02,-3.914994E-04,-1.567320E-03,-5.583399E+01,-1.815576E+00
+3.986816E+02,-7.213466E-04,+2.363488E-03,-5.214214E+01,+1.867021E+00
+3.989258E+02,+6.581559E-04,-7.534224E-04,-5.999646E+01,-8.527853E-01
+3.991699E+02,-2.120453E-04,-2.115855E-04,-7.047054E+01,-2.357280E+00
+3.994141E+02,-2.187162E-04,-5.650807E-05,-7.292175E+01,-2.888759E+00
+3.996582E+02,+3.264765E-04,-5.033090E-04,-6.443810E+01,-9.953635E-01
+3.999023E+02,-6.993541E-03,+6.049196E-03,-4.068022E+01,+2.428472E+00
+4.001465E+02,+1.248631E-02,-4.271659E-03,-3.759064E+01,-3.296262E-01
+4.003906E+02,-4.349329E-03,-1.749667E-03,-4.658012E+01,-2.759119E+00
+4.006348E+02,-1.010367E-03,+5.994582E-04,-5.860061E+01,+2.606109E+00
+4.008789E+02,-4.933917E-05,+4.617171E-04,-6.666317E+01,+1.677252E+00
+4.011230E+02,+8.529990E-05,+8.908765E-05,-7.817794E+01,+8.071151E-01
+4.013672E+02,+8.899513E-05,+6.369938E-05,-7.921625E+01,+6.212267E-01
+4.016113E+02,+5.904018E-05,-6.591178E-05,-8.106232E+01,-8.403368E-01
+4.018555E+02,-3.441107E-05,-3.106509E-05,-8.667731E+01,-2.407252E+00
+4.020996E+02,+3.375994E-05,-2.057320E-05,-8.806044E+01,-5.473003E-01
+4.023438E+02,-2.269964E-05,-3.671773E-05,-8.729679E+01,-2.124505E+00
+4.025879E+02,-3.338162E-05,-8.160290E-06,-8.927779E+01,-2.901840E+00
+4.028320E+02,-4.164722E-05,-7.954704E-06,-8.745266E+01,-2.952864E+00
+4.030762E+02,+7.663415E-05,+1.306202E-04,-7.639512E+01,+1.040218E+00
+4.033203E+02,+2.723080E-05,-1.371703E-04,-7.708693E+01,-1.374826E+00
+4.035645E+02,-5.780153E-05,-1.979013E-05,-8.427980E+01,-2.811722E+00
+4.038086E+02,-1.897761E-05,+2.746188E-05,-8.952996E+01,+2.175492E+00
+4.040527E+02,+5.696696E-06,+5.254921E-06,-1.022137E+02,+7.450812E-01
+4.042969E+02,+4.330042E-06,-1.268949E-06,-1.069123E+02,-2.850749E-01
+4.045410E+02,+8.059496E-06,-2.199503E-05,-9.260636E+01,-1.219566E+00
+4.047852E+02,-1.278512E-05,-4.887499E-06,-9.727353E+01,-2.776454E+00
+4.050293E+02,-1.480624E-05,+1.450874E-05,-9.366806E+01,+2.366343E+00
+4.052734E+02,-4.127919E-08,-5.010027E-06,-1.060029E+02,-1.579035E+00
+4.055176E+02,-1.564640E-07,+4.161846E-07,-1.270401E+02,+1.930398E+00
+4.057617E+02,+3.893442E-07,+7.306277E-06,-1.027138E+02,+1.517558E+00
+4.060059E+02,-9.263718E-06,-2.361582E-05,-9.191436E+01,-1.944619E+00
+4.062500E+02,-3.551488E-06,+5.531234E-05,-8.512569E+01,+1.634916E+00
+4.064941E+02,+3.175527E-05,-5.960728E-05,-8.340900E+01,-1.081300E+00
+4.067383E+02,-2.963911E-05,+2.820930E-05,-8.776183E+01,+2.380906E+00
+4.069824E+02,+1.051562E-05,-1.622768E-05,-9.427226E+01,-9.958248E-01
+4.072266E+02,-8.706529E-06,+5.050359E-06,-9.994348E+01,+2.615960E+00
+4.074707E+02,-1.049498E-05,-1.254564E-06,-9.951875E+01,-3.022618E+00
+4.077148E+02,+1.735368E-05,-9.957997E-06,-9.397601E+01,-5.209517E-01
+4.079590E+02,-2.899909E-05,+1.219624E-05,-9.004498E+01,+2.743478E+00
+4.082031E+02,+1.489418E-05,+1.582297E-05,-9.325871E+01,+8.156257E-01
+4.084473E+02,+9.395601E-06,-8.756863E-06,-9.782622E+01,-7.502252E-01
+4.086914E+02,-7.704538E-06,-1.334290E-05,-9.624532E+01,-2.094452E+00
+4.089355E+02,-6.870605E-06,+4.100942E-06,-1.019366E+02,+2.603469E+00
+4.091797E+02,+5.159732E-06,+4.740721E-06,-1.030894E+02,+7.431010E-01
+4.094238E+02,+3.760579E-06,+1.839146E-06,-1.075636E+02,+4.548568E-01
+4.096680E+02,-1.644077E-05,-9.379643E-06,-9.445782E+01,-2.623138E+00
+4.099121E+02,+1.132200E-05,+1.158761E-05,-9.580936E+01,+7.969915E-01
+4.101562E+02,-1.267689E-06,+7.617203E-08,-1.179241E+02,+3.081578E+00
+4.104004E+02,+2.299071E-06,-1.085492E-05,-9.909689E+01,-1.362081E+00
+4.106445E+02,-9.163965E-06,+3.867868E-06,-1.000463E+02,+2.742203E+00
+4.108887E+02,+2.815091E-06,+1.876292E-06,-1.094138E+02,+5.878956E-01
+4.111328E+02,-2.526509E-06,-1.617847E-06,-1.104572E+02,-2.572032E+00
+4.113770E+02,+1.787053E-06,+2.214337E-06,-1.109168E+02,+8.917789E-01
+4.116211E+02,-3.132749E-06,-5.182691E-06,-1.043564E+02,-2.114491E+00
+4.118652E+02,+5.701499E-06,+1.164767E-05,-9.774238E+01,+1.115587E+00
+4.121094E+02,-6.671426E-06,-4.542519E-06,-1.018614E+02,-2.543807E+00
+4.123535E+02,+1.227202E-06,-3.483342E-07,-1.178852E+02,-2.765700E-01
+4.125977E+02,+6.994483E-06,-1.288032E-06,-1.029601E+02,-1.821095E-01
+4.128418E+02,-1.142025E-05,-1.623783E-06,-9.875957E+01,-3.000355E+00
+4.130859E+02,+4.606185E-06,+1.374372E-06,-1.063628E+02,+2.899657E-01
+4.133301E+02,-1.735287E-06,-3.126424E-06,-1.089327E+02,-2.077500E+00
+4.135742E+02,+1.893960E-07,+7.586766E-06,-1.023962E+02,+1.545838E+00
+4.138184E+02,+3.717678E-06,-1.701535E-06,-1.077686E+02,-4.292284E-01
+4.140625E+02,-6.018295E-06,-6.418997E-06,-1.011113E+02,-2.323988E+00
+4.143066E+02,-5.938726E-06,+7.275512E-06,-1.005452E+02,+2.255375E+00
+4.145508E+02,+9.403881E-06,+5.684144E-06,-9.918140E+01,+5.436827E-01
+4.147949E+02,-4.213997E-07,-4.730474E-06,-1.064676E+02,-1.659644E+00
+4.150391E+02,-2.430392E-06,-6.143882E-06,-1.035997E+02,-1.947486E+00
+4.152832E+02,-1.816474E-06,+7.984958E-06,-1.017354E+02,+1.794477E+00
+4.155273E+02,-4.375065E-06,-3.677835E-06,-1.048588E+02,-2.442560E+00
+4.157715E+02,+4.828140E-06,+5.855907E-07,-1.062610E+02,+1.206975E-01
+4.160156E+02,+5.066958E-06,+2.833178E-06,-1.047236E+02,+5.098393E-01
+4.162598E+02,-8.396390E-06,-3.457465E-06,-1.008379E+02,-2.750973E+00
+4.165039E+02,+1.245038E-06,+4.778655E-06,-1.061287E+02,+1.315921E+00
+4.167480E+02,-7.921148E-07,-5.201517E-06,-1.055778E+02,-1.721921E+00
+4.169922E+02,+3.637154E-06,+7.447983E-06,-1.016303E+02,+1.116519E+00
+4.172363E+02,-2.884990E-07,-2.655907E-06,-1.114648E+02,-1.678997E+00
+4.174805E+02,-5.221886E-06,-3.973134E-06,-1.036599E+02,-2.491176E+00
+4.177246E+02,+2.039335E-06,+7.131676E-06,-1.025948E+02,+1.292275E+00
+4.179688E+02,+4.696751E-07,-3.950734E-06,-1.080055E+02,-1.452469E+00
+4.182129E+02,-2.254581E-06,+8.342412E-06,-1.012680E+02,+1.834746E+00
+4.184570E+02,+6.963175E-06,-1.173870E-05,-9.729827E+01,-1.035406E+00
+4.187012E+02,-5.465729E-06,+6.481777E-06,-1.014335E+02,+2.271356E+00
+4.189453E+02,+1.538516E-07,-3.109250E-07,-1.291957E+02,-1.111302E+00
+4.191895E+02,+5.762452E-06,+7.393004E-06,-1.005620E+02,+9.087141E-01
+4.194336E+02,-7.282897E-06,-7.865548E-06,-9.939651E+01,-2.317751E+00
+4.196777E+02,+9.606169E-07,+2.476216E-06,-1.115154E+02,+1.200732E+00
+4.199219E+02,+4.092280E-06,-2.748370E-06,-1.061439E+02,-5.914093E-01
+4.201660E+02,+2.213907E-06,+2.791868E-06,-1.089634E+02,+9.003482E-01
+4.204102E+02,-6.123605E-06,+3.079635E-06,-1.032806E+02,+2.675618E+00
+4.206543E+02,+5.653224E-07,-4.583958E-06,-1.067096E+02,-1.448090E+00
+4.208984E+02,+3.294399E-07,+5.067166E-07,-1.243736E+02,+9.943184E-01
+4.211426E+02,+5.406153E-06,+2.310928E-06,-1.046134E+02,+4.039545E-01
+4.213867E+02,-8.431730E-06,-3.288599E-06,-1.008667E+02,-2.769713E+00
+4.216309E+02,+9.140315E-06,+1.259794E-05,-9.615730E+01,+9.431341E-01
+4.218750E+02,-4.143215E-06,-1.155493E-05,-9.821937E+01,-1.915082E+00
+4.221191E+02,+2.990930E-06,-1.871600E-06,-1.090488E+02,-5.591446E-01
+4.223633E+02,-9.304176E-06,+6.044209E-06,-9.909741E+01,+2.565482E+00
+4.226074E+02,+4.237056E-06,-2.554361E-07,-1.074430E+02,-6.021335E-02
+4.228516E+02,+1.392807E-06,-5.054609E-06,-1.056084E+02,-1.301917E+00
+4.230957E+02,+2.573518E-06,+5.837556E-06,-1.039040E+02,+1.155573E+00
+4.233398E+02,-5.295433E-07,-1.986279E-07,-1.249503E+02,-2.782741E+00
+4.235840E+02,+3.104197E-07,+4.557909E-06,-1.068046E+02,+1.502796E+00
+4.238281E+02,-2.409542E-06,-5.007544E-06,-1.051030E+02,-2.019277E+00
+4.240723E+02,+1.088406E-06,-2.868299E-06,-1.102633E+02,-1.208121E+00
+4.243164E+02,+8.658421E-07,+9.448826E-06,-1.004561E+02,+1.479417E+00
+4.245605E+02,+1.160912E-06,-6.331216E-06,-1.038266E+02,-1.389448E+00
+4.248047E+02,-1.821159E-06,-8.121772E-06,-1.015939E+02,-1.791379E+00
+4.250488E+02,-9.129791E-07,+1.841323E-05,-9.468674E+01,+1.620339E+00
+4.252930E+02,+1.094378E-06,-1.034083E-05,-9.966053E+01,-1.465358E+00
+4.255371E+02,+5.917921E-06,+1.850745E-06,-1.041514E+02,+3.030996E-01
+4.257812E+02,-8.255480E-06,+4.049676E-07,-1.016547E+02,+3.092577E+00
+4.260254E+02,+8.886593E-06,+1.696215E-06,-1.008699E+02,+1.886049E-01
+4.262695E+02,-3.745254E-06,+1.834052E-06,-1.075968E+02,+2.686219E+00
+4.265137E+02,+9.821396E-07,-1.053555E-05,-9.950928E+01,-1.477843E+00
+4.267578E+02,-3.077172E-06,+7.718042E-06,-1.016092E+02,+1.950180E+00
+4.270020E+02,+4.298161E-06,+3.067712E-06,-1.055463E+02,+6.198791E-01
+4.272461E+02,-2.090439E-06,-6.678696E-06,-1.031003E+02,-1.874138E+00
+4.274902E+02,+2.996997E-06,+5.417088E-06,-1.041650E+02,+1.065462E+00
+4.277344E+02,-4.216276E-06,-3.094201E-06,-1.056303E+02,-2.508494E+00
+4.279785E+02,+5.534410E-06,+2.040954E-06,-1.045848E+02,+3.533023E-01
+4.282227E+02,-9.457971E-07,+1.829983E-06,-1.137229E+02,+2.047820E+00
+4.284668E+02,+3.849102E-06,-1.143967E-05,-9.836594E+01,-1.246226E+00
+4.287109E+02,-7.903153E-06,+1.324590E-05,-9.623581E+01,+2.108748E+00
+4.289551E+02,+6.813277E-06,-1.063421E-05,-9.797220E+01,-1.000991E+00
+4.291992E+02,-1.067977E-06,+5.006987E-06,-1.058152E+02,+1.780944E+00
+4.294434E+02,-5.348093E-06,+1.980212E-06,-1.048781E+02,+2.786980E+00
+4.296875E+02,+5.910010E-06,-8.983471E-07,-1.044690E+02,-1.508496E-01
+4.299316E+02,-2.149535E-06,-1.416619E-06,-1.117866E+02,-2.558892E+00
+4.301758E+02,+3.335397E-06,-1.429881E-06,-1.088043E+02,-4.049994E-01
+4.304199E+02,-1.512202E-06,+4.625962E-06,-1.062550E+02,+1.886741E+00
+4.306641E+02,+3.030868E-06,-4.202176E-06,-1.057115E+02,-9.459429E-01
+4.309082E+02,-8.222574E-06,-5.087072E-07,-1.016833E+02,-3.079804E+00
+4.311523E+02,+5.037183E-06,-1.573597E-06,-1.055518E+02,-3.027903E-01
+4.313965E+02,+4.873094E-06,+8.598598E-07,-1.061107E+02,+1.746527E-01
+4.316406E+02,-3.508105E-06,+4.160591E-06,-1.052845E+02,+2.271315E+00
+4.318848E+02,-1.236629E-06,-8.655371E-06,-1.011665E+02,-1.712710E+00
+4.321289E+02,+5.813850E-06,+5.585536E-06,-1.018709E+02,+7.653723E-01
+4.323730E+02,-4.842927E-06,-1.534987E-06,-1.058821E+02,-2.834655E+00
+4.326172E+02,+8.472258E-07,+4.637550E-07,-1.203018E+02,+5.008300E-01
+4.328613E+02,-3.453956E-06,-6.639301E-06,-1.025173E+02,-2.050496E+00
+4.331055E+02,+3.771280E-06,+8.840170E-06,-1.003446E+02,+1.167565E+00
+4.333496E+02,-4.677107E-07,-7.912714E-06,-1.020183E+02,-1.629836E+00
+4.335938E+02,+2.048658E-06,+8.675532E-06,-1.009984E+02,+1.338902E+00
+4.338379E+02,-4.879328E-06,-9.974526E-06,-9.909041E+01,-2.025750E+00
+4.340820E+02,-1.138422E-06,+2.925025E-06,-1.100649E+02,+1.941958E+00
+4.343262E+02,+8.254739E-06,+2.580747E-06,-1.012609E+02,+3.030108E-01
+4.345703E+02,-8.308773E-06,-4.757643E-06,-1.003777E+02,-2.621560E+00
+4.348145E+02,+3.997231E-07,+3.187889E-06,-1.098622E+02,+1.446059E+00
+4.350586E+02,+2.455818E-06,-1.403231E-06,-1.109690E+02,-5.191175E-01
+4.353027E+02,+5.483060E-07,+7.080632E-07,-1.209583E+02,+9.118772E-01
+4.355469E+02,+1.125789E-06,+2.309007E-06,-1.118053E+02,+1.117147E+00
+4.357910E+02,-7.476169E-06,-3.691391E-06,-1.015789E+02,-2.682954E+00
+4.360352E+02,+9.645799E-06,-1.315727E-06,-1.002332E+02,-1.355675E-01
+4.362793E+02,-5.492271E-06,+6.272448E-06,-1.015796E+02,+2.289977E+00
+4.365234E+02,+3.259237E-06,-4.559119E-06,-1.050296E+02,-9.501514E-01
+4.367676E+02,-6.184794E-06,-1.592712E-06,-1.038946E+02,-2.889549E+00
+4.370117E+02,+2.849715E-06,+3.514788E-06,-1.068878E+02,+8.895176E-01
+4.372559E+02,-3.031817E-07,-2.000691E-06,-1.138778E+02,-1.721191E+00
+4.375000E+02,-1.333292E-06,-1.029464E-06,-1.154707E+02,-2.484083E+00
+4.377441E+02,+4.094192E-06,+1.028412E-06,-1.074909E+02,+2.460964E-01
+4.379883E+02,-1.554757E-06,-5.623982E-06,-1.046793E+02,-1.840511E+00
+4.382324E+02,-1.995306E-06,+1.553115E-05,-9.610483E+01,+1.698568E+00
+4.384766E+02,+4.109414E-06,-1.038569E-05,-9.903960E+01,-1.194019E+00
+4.387207E+02,-7.581890E-06,-2.861995E-06,-1.018259E+02,-2.780652E+00
+4.389648E+02,+4.006892E-06,+7.961638E-08,-1.079421E+02,+1.986725E-02
+4.392090E+02,-4.091054E-06,+2.171667E-06,-1.066852E+02,+2.653584E+00
+4.394531E+02,+5.410074E-06,+5.232643E-06,-1.024680E+02,+7.687281E-01
+4.396973E+02,+3.634389E-06,-7.346705E-06,-1.017274E+02,-1.111400E+00
+4.399414E+02,-6.032572E-06,+1.420843E-06,-1.041555E+02,+2.910280E+00
+4.401855E+02,-2.748040E-07,+1.049333E-06,-1.192936E+02,+1.826929E+00
+4.404297E+02,+2.331886E-06,+4.863437E-07,-1.124609E+02,+2.056149E-01
+4.406738E+02,-7.066682E-06,-4.121172E-07,-1.030009E+02,-3.083340E+00
+4.409180E+02,+5.788267E-06,-3.085474E-07,-1.047367E+02,-5.325526E-02
+4.411621E+02,-2.580318E-06,-2.461568E-06,-1.089560E+02,-2.379743E+00
+4.414062E+02,+3.919657E-06,+4.019470E-06,-1.050142E+02,+7.979698E-01
+4.416504E+02,-1.556153E-06,-9.648211E-07,-1.147463E+02,-2.586594E+00
+4.418945E+02,-3.730354E-06,-3.626452E-07,-1.085242E+02,-3.044683E+00
+4.421387E+02,+1.562643E-06,-3.864978E-06,-1.075995E+02,-1.186581E+00
+4.423828E+02,+7.393455E-06,+6.159747E-06,-1.003336E+02,+6.946213E-01
+4.426270E+02,-1.396390E-05,+1.127497E-06,-9.707165E+01,+3.061024E+00
+4.428711E+02,+1.473784E-05,-6.050541E-06,-9.595486E+01,-3.895634E-01
+4.431152E+02,-1.239876E-05,+2.972072E-06,-9.788979E+01,+2.906324E+00
+4.433594E+02,+4.230332E-06,-4.606074E-07,-1.074213E+02,-1.084549E-01
+4.436035E+02,-5.084131E-06,-9.441307E-07,-1.057284E+02,-2.957983E+00
+4.438477E+02,+1.307497E-05,+1.292473E-06,-9.762895E+01,+9.853087E-02
+4.440918E+02,-1.171635E-05,-5.064324E-07,-9.861604E+01,-3.098395E+00
+4.443359E+02,+3.673205E-06,-1.087805E-06,-1.083340E+02,-2.879173E-01
+4.445801E+02,+5.053042E-07,+2.311745E-06,-1.125185E+02,+1.355600E+00
+4.448242E+02,-3.967531E-06,+2.339412E-06,-1.067337E+02,+2.608826E+00
+4.450684E+02,+6.036905E-06,-2.346009E-08,-1.043837E+02,-3.886092E-03
+4.453125E+02,-8.307948E-06,-4.998685E-06,-1.002683E+02,-2.599942E+00
+4.455566E+02,+7.925216E-06,+2.859531E-07,-1.020141E+02,+3.606579E-02
+4.458008E+02,-5.043120E-07,+5.012269E-06,-1.059556E+02,+1.671074E+00
+4.460449E+02,-7.575922E-06,-1.646696E-06,-1.022108E+02,-2.927563E+00
+4.462891E+02,+4.047197E-06,-2.656512E-06,-1.063010E+02,-5.808493E-01
+4.465332E+02,+3.864179E-07,+2.029450E-06,-1.136978E+02,+1.382643E+00
+4.467773E+02,+1.238875E-06,+2.655553E-06,-1.106617E+02,+1.134288E+00
+4.470215E+02,-1.849382E-06,-6.696492E-06,-1.031638E+02,-1.840252E+00
+4.472656E+02,-1.831783E-06,+8.078190E-06,-1.016360E+02,+1.793782E+00
+4.475098E+02,+5.110020E-06,-5.344044E-06,-1.026224E+02,-8.077804E-01
+4.477539E+02,+8.023653E-07,+3.673750E-07,-1.210860E+02,+4.293752E-01
+4.479980E+02,-8.107756E-06,-7.362875E-07,-1.017863E+02,-3.051028E+00
+4.482422E+02,+6.970621E-06,+3.279861E-06,-1.022660E+02,+4.397919E-01
+4.484863E+02,-3.538745E-06,-1.210520E-07,-1.090179E+02,-3.107398E+00
+4.487305E+02,+4.934305E-07,+2.703201E-06,-1.112201E+02,+1.390248E+00
+4.489746E+02,-3.131393E-06,-7.351268E-06,-1.019486E+02,-1.973485E+00
+4.492188E+02,+4.698258E-06,+5.384372E-06,-1.029188E+02,+8.533425E-01
+4.494629E+02,+2.811133E-06,+6.092547E-06,-1.034658E+02,+1.138498E+00
+4.497070E+02,-6.229780E-06,-1.006531E-05,-9.853497E+01,-2.125023E+00
+4.499512E+02,+1.154113E-06,+2.664779E-06,-1.107402E+02,+1.162086E+00
+4.501953E+02,+2.551674E-06,+4.025724E-06,-1.064364E+02,+1.005864E+00
+4.504395E+02,-5.791529E-06,-5.944659E-06,-1.016190E+02,-2.343148E+00
+4.506836E+02,+3.960752E-06,+3.192016E-06,-1.058709E+02,+6.783353E-01
+4.509277E+02,+3.197769E-06,+3.594090E-06,-1.063558E+02,+8.436844E-01
+4.511719E+02,-5.248936E-06,-4.161856E-06,-1.034802E+02,-2.471199E+00
+4.514160E+02,+8.409306E-07,+1.815648E-06,-1.139753E+02,+1.137055E+00
+4.516602E+02,+5.616198E-06,+1.015909E-06,-1.048713E+02,+1.789541E-01
+4.519043E+02,-2.985426E-06,-5.800518E-06,-1.037101E+02,-2.046121E+00
+4.521484E+02,-4.695822E-06,+4.936070E-06,-1.033334E+02,+2.331257E+00
+4.523926E+02,+7.234391E-06,-1.134157E-06,-1.027065E+02,-1.555072E-01
+4.526367E+02,-7.368532E-06,-1.270487E-06,-1.025251E+02,-2.970851E+00
+4.528809E+02,+2.479221E-06,+3.293101E-06,-1.076978E+02,+9.254718E-01
+4.531250E+02,-4.306819E-07,+2.420341E-06,-1.121871E+02,+1.746896E+00
+4.533691E+02,+9.654941E-07,-5.346612E-08,-1.202917E+02,-5.532045E-02
+4.536133E+02,-2.108631E-06,-1.872844E-06,-1.109942E+02,-2.415346E+00
+4.538574E+02,+3.541605E-08,+4.251207E-06,-1.074295E+02,+1.562466E+00
+4.541016E+02,+1.323268E-05,-3.121851E-07,-9.756463E+01,-2.358760E-02
+4.543457E+02,-1.068693E-05,-4.548485E-07,-9.941508E+01,-3.099057E+00
+4.545898E+02,+8.812661E-06,-1.811899E-06,-1.009180E+02,-2.027760E-01
+4.548340E+02,-4.129737E-06,-2.308797E-06,-1.065004E+02,-2.631815E+00
+4.550781E+02,+4.102586E-06,+5.422907E-06,-1.033499E+02,+9.231298E-01
+4.553223E+02,-4.668645E-06,-1.081374E-05,-9.857819E+01,-1.978356E+00
+4.555664E+02,+1.984585E-06,+2.141829E-06,-1.106925E+02,+8.234864E-01
+4.558105E+02,-2.644593E-06,+1.274626E-06,-1.106457E+02,+2.692469E+00
+4.560547E+02,+4.017911E-06,-2.164532E-06,-1.068134E+02,-4.941422E-01
+4.562988E+02,-6.449187E-06,-3.746028E-07,-1.037953E+02,-3.083573E+00
+4.565430E+02,+6.818453E-07,+2.680074E-06,-1.111647E+02,+1.321669E+00
+4.567871E+02,+6.989263E-07,+4.001385E-06,-1.078253E+02,+1.397870E+00
+4.570312E+02,-3.652155E-06,-5.949576E-06,-1.031215E+02,-2.121338E+00
+4.572754E+02,+1.237555E-05,+6.567466E-06,-9.707111E+01,+4.878901E-01
+4.575195E+02,-9.401509E-06,-5.153694E-06,-9.939495E+01,-2.640150E+00
+4.577637E+02,+6.477607E-06,+6.294855E-07,-1.037309E+02,+9.687453E-02
+4.580078E+02,-7.010984E-06,-8.696205E-07,-1.030181E+02,-3.018186E+00
+4.582520E+02,+2.829034E-06,+7.591941E-07,-1.106652E+02,+2.621809E-01
+4.584961E+02,-3.766535E-06,+2.189873E-06,-1.072165E+02,+2.614960E+00
+4.587402E+02,+7.239031E-06,-3.120892E-06,-1.020660E+02,-4.070429E-01
+4.589844E+02,-4.375079E-06,+3.169218E-06,-1.053484E+02,+2.514691E+00
+4.592285E+02,-1.008662E-06,-7.992625E-06,-1.018776E+02,-1.696332E+00
+4.594727E+02,-1.559767E-07,+1.035705E-05,-9.969430E+01,+1.585855E+00
+4.597168E+02,+5.311317E-06,-1.651317E-06,-1.050952E+02,-3.014314E-01
+4.599609E+02,-6.375517E-06,-6.243392E-06,-1.009894E+02,-2.366664E+00
+4.602051E+02,+4.531746E-06,+6.881676E-06,-1.016817E+02,+9.884525E-01
+4.604492E+02,-3.843580E-06,-5.884373E-06,-1.030628E+02,-2.149407E+00
+4.606934E+02,+4.302688E-06,+2.928934E-06,-1.056716E+02,+5.976701E-01
+4.609375E+02,-4.980040E-07,-3.160516E-07,-1.245855E+02,-2.576094E+00
+4.611816E+02,+4.109519E-07,-3.963328E-06,-1.079924E+02,-1.467477E+00
+4.614258E+02,+5.611058E-08,+9.525365E-06,-1.004222E+02,+1.564906E+00
+4.616699E+02,-3.457049E-06,-8.280407E-06,-1.009412E+02,-1.966295E+00
+4.619141E+02,+2.544020E-07,+4.149500E-06,-1.076238E+02,+1.509564E+00
+4.621582E+02,+4.249483E-06,-2.457773E-06,-1.061801E+02,-5.243631E-01
+4.624023E+02,-5.389236E-06,-1.201371E-06,-1.051588E+02,-2.922258E+00
+4.626465E+02,+4.714002E-06,+3.993478E-06,-1.041828E+02,+7.028386E-01
+4.628906E+02,+7.052944E-07,-6.452147E-06,-1.037543E+02,-1.461917E+00
+4.631348E+02,-5.817724E-07,+7.409081E-06,-1.025780E+02,+1.649157E+00
+4.633789E+02,-4.242007E-06,-2.136367E-06,-1.064669E+02,-2.675052E+00
+4.636230E+02,+2.892757E-06,-3.012582E-07,-1.107269E+02,-1.037682E-01
+4.638672E+02,+8.578800E-07,-6.003311E-06,-1.043444E+02,-1.428856E+00
+4.641113E+02,-2.645393E-06,+5.782438E-06,-1.039325E+02,+1.999859E+00
+4.643555E+02,+3.392274E-06,+2.108172E-06,-1.079719E+02,+5.560517E-01
+4.645996E+02,-5.094794E-06,-2.686035E-06,-1.047923E+02,-2.656414E+00
+4.648438E+02,+4.735726E-07,-2.984984E-06,-1.103932E+02,-1.413456E+00
+4.650879E+02,+5.525686E-06,-5.433329E-07,-1.051105E+02,-9.801351E-02
+4.653320E+02,-3.260299E-06,+8.494535E-06,-1.008204E+02,+1.937270E+00
+4.655762E+02,-7.651807E-07,-1.095533E-05,-9.918636E+01,-1.640529E+00
+4.658203E+02,+2.153466E-07,+7.016698E-06,-1.030733E+02,+1.540115E+00
+4.660645E+02,+3.964115E-06,+5.325553E-08,-1.080363E+02,+1.343360E-02
+4.663086E+02,-3.606711E-06,-8.039736E-06,-1.010988E+02,-1.992494E+00
+4.665527E+02,+2.300919E-06,+8.819800E-06,-1.008049E+02,+1.315603E+00
+4.667969E+02,-1.588082E-06,-1.961937E-06,-1.119578E+02,-2.251271E+00
+4.670410E+02,+3.854115E-07,-1.570793E-06,-1.158237E+02,-1.330188E+00
+4.672852E+02,-1.246534E-06,-1.933568E-06,-1.127634E+02,-2.143423E+00
+4.675293E+02,+1.618933E-06,+1.835720E-06,-1.122251E+02,+8.480682E-01
+4.677734E+02,-4.100269E-06,-6.385796E-07,-1.076397E+02,-2.987093E+00
+4.680176E+02,+5.043947E-06,-2.677494E-06,-1.048664E+02,-4.880088E-01
+4.682617E+02,-3.364302E-06,+1.120046E-05,-9.864013E+01,+1.862594E+00
+4.685059E+02,+3.542536E-06,-1.125622E-05,-9.856198E+01,-1.265892E+00
+4.687500E+02,-8.509573E-06,+1.666079E-06,-1.012385E+02,+2.948250E+00
+4.689941E+02,+1.127307E-05,-1.902618E-06,-9.883717E+01,-1.671999E-01
+4.692383E+02,-1.105168E-05,+7.399369E-06,-9.752296E+01,+2.551614E+00
+4.694824E+02,+6.284998E-06,-1.036259E-06,-1.039174E+02,-1.634081E-01
+4.697266E+02,+2.587027E-06,-6.766232E-06,-1.028005E+02,-1.205603E+00
+4.699707E+02,-6.829644E-06,-1.846970E-07,-1.033089E+02,-3.114556E+00
+4.702148E+02,+5.050769E-06,+7.825361E-06,-1.006175E+02,+9.976363E-01
+4.704590E+02,-3.617024E-06,-4.796265E-06,-1.044265E+02,-2.216938E+00
+4.707031E+02,-3.250634E-07,+3.086426E-06,-1.101630E+02,+1.675730E+00
+4.709473E+02,+6.729917E-06,-4.197499E-06,-1.020127E+02,-5.576693E-01
+4.711914E+02,-8.287067E-06,+1.510164E-06,-1.014901E+02,+2.961339E+00
+4.714355E+02,+4.793111E-06,-2.563956E-06,-1.052948E+02,-4.911959E-01
+4.716797E+02,-1.234835E-06,+2.557203E-07,-1.179855E+02,+2.937391E+00
+4.719238E+02,+7.828142E-07,+1.073216E-05,-9.936321E+01,+1.497984E+00
+4.721680E+02,-3.093100E-06,-8.773278E-06,-1.006279E+02,-1.909749E+00
+4.724121E+02,+3.040595E-06,-1.288431E-06,-1.096236E+02,-4.008054E-01
+4.726562E+02,-2.985702E-06,+2.702444E-06,-1.079001E+02,+2.405951E+00
+4.729004E+02,+8.811494E-07,-5.487583E-06,-1.051018E+02,-1.411584E+00
+4.731445E+02,-1.822530E-06,+8.914096E-06,-1.008206E+02,+1.772472E+00
+4.733887E+02,+4.345985E-06,-3.581240E-06,-1.049876E+02,-6.892250E-01
+4.736328E+02,-3.448502E-06,-2.053757E-06,-1.079290E+02,-2.604451E+00
+4.738770E+02,+7.644439E-06,+7.162992E-06,-9.959612E+01,+7.528957E-01
+4.741211E+02,-1.104678E-05,-1.016225E-05,-9.647234E+01,-2.397875E+00
+4.743652E+02,+4.108237E-06,+3.744848E-06,-1.051002E+02,+7.391579E-01
+4.746094E+02,-3.668222E-06,-7.261004E-07,-1.085440E+02,-2.946175E+00
+4.748535E+02,+8.370608E-06,+5.689795E-06,-9.989526E+01,+5.969955E-01
+4.750977E+02,-3.279578E-06,-2.618865E-06,-1.075414E+02,-2.467744E+00
+4.753418E+02,-3.460622E-06,-2.748681E-06,-1.070927E+02,-2.470353E+00
+4.755859E+02,+2.833540E-06,-1.848731E-06,-1.094132E+02,-5.780926E-01
+4.758301E+02,-2.777664E-07,+5.738410E-07,-1.239100E+02,+2.021601E+00
+4.760742E+02,-1.265232E-06,+7.072932E-06,-1.028712E+02,+1.747808E+00
+4.763184E+02,+1.320279E-06,-4.041092E-06,-1.074296E+02,-1.255016E+00
+4.765625E+02,-6.158014E-07,+1.817936E-06,-1.143367E+02,+1.897402E+00
+4.768066E+02,+6.377539E-07,-3.270753E-06,-1.095450E+02,-1.378226E+00
+4.770508E+02,-6.280880E-06,+2.715126E-06,-1.032956E+02,+2.733568E+00
+4.772949E+02,+1.085492E-05,-1.630099E-06,-9.919061E+01,-1.490576E-01
+4.775391E+02,-1.225058E-05,+2.880952E-07,-9.823447E+01,+3.118080E+00
+4.777832E+02,+9.469422E-06,-5.405141E-07,-1.004594E+02,-5.701808E-02
+4.780273E+02,-4.968306E-06,+4.626068E-06,-1.033644E+02,+2.391850E+00
+4.782715E+02,+4.724626E-06,-5.387022E-06,-1.028953E+02,-8.508129E-01
+4.785156E+02,-4.162181E-06,+2.999606E-06,-1.057969E+02,+2.517121E+00
+4.787598E+02,+2.460795E-06,+8.491694E-07,-1.116899E+02,+3.322845E-01
+4.790039E+02,-2.551963E-06,-1.629677E-06,-1.103771E+02,-2.573275E+00
+4.792480E+02,-8.453076E-07,-1.492805E-06,-1.153121E+02,-2.086033E+00
+4.794922E+02,+8.277424E-06,+3.076298E-06,-1.010802E+02,+3.558298E-01
+4.797363E+02,-3.485930E-06,+1.388419E-07,-1.091467E+02,+3.101784E+00
+4.799805E+02,-4.040135E-06,-2.512349E-06,-1.064523E+02,-2.585263E+00
+4.802246E+02,+2.953972E-06,-1.606394E-06,-1.094667E+02,-4.980769E-01
+4.804688E+02,-3.685487E-06,+5.444932E-06,-1.036421E+02,+2.165827E+00
+4.807129E+02,+8.588697E-07,-7.770844E-07,-1.187240E+02,-7.354473E-01
+4.809570E+02,+5.222845E-06,-3.444350E-06,-1.040736E+02,-5.830091E-01
+4.812012E+02,-7.079110E-06,+1.000181E-06,-1.029146E+02,+3.001235E+00
+4.814453E+02,+6.729667E-06,+3.579853E-06,-1.023580E+02,+4.888805E-01
+4.816895E+02,-3.047118E-06,-4.424468E-06,-1.053969E+02,-2.173896E+00
+4.819336E+02,-2.176189E-06,+2.561632E-06,-1.094701E+02,+2.275019E+00
+4.821777E+02,+5.319206E-06,-2.513288E-07,-1.054734E+02,-4.721420E-02
+4.824219E+02,-5.134238E-06,+3.681172E-06,-1.039890E+02,+2.519558E+00
+4.826660E+02,+1.537093E-06,-4.376403E-06,-1.066725E+02,-1.233033E+00
+4.829102E+02,+1.640066E-06,-3.802705E-06,-1.076573E+02,-1.163611E+00
+4.831543E+02,-5.177808E-07,+4.797615E-06,-1.063292E+02,+1.678305E+00
+4.833984E+02,+2.059078E-06,-1.047663E-06,-1.127267E+02,-4.706645E-01
+4.836426E+02,-6.815557E-06,+1.429350E-06,-1.031430E+02,+2.934870E+00
+4.838867E+02,+1.001317E-05,+3.768051E-07,-9.998242E+01,+3.761320E-02
+4.841309E+02,-4.942694E-06,+3.667870E-07,-1.060969E+02,+3.067521E+00
+4.843750E+02,-2.729071E-06,-3.877156E-06,-1.064820E+02,-2.184125E+00
+4.846191E+02,+1.761661E-06,+4.196137E-06,-1.068380E+02,+1.173313E+00
+4.848633E+02,+4.588203E-06,-1.243421E-06,-1.064594E+02,-2.646472E-01
+4.851074E+02,-3.636079E-06,-2.880525E-06,-1.066719E+02,-2.471622E+00
+4.853516E+02,-1.169428E-06,+3.938338E-06,-1.077268E+02,+1.859438E+00
+4.855957E+02,-1.512151E-06,-5.368013E-06,-1.050721E+02,-1.845378E+00
+4.858398E+02,+7.518252E-06,+1.248548E-05,-9.672822E+01,+1.028790E+00
+4.860840E+02,-6.810812E-06,-1.444560E-05,-9.593353E+01,-2.011369E+00
+4.863281E+02,+2.173384E-06,+6.445420E-06,-1.033473E+02,+1.245571E+00
+4.865723E+02,-9.165529E-07,-5.055340E-08,-1.207437E+02,-3.086493E+00
+4.868164E+02,+6.965375E-06,-1.516019E-06,-1.029401E+02,-2.143084E-01
+4.870605E+02,-1.140256E-05,+4.546966E-06,-9.821906E+01,+2.762150E+00
+4.873047E+02,+8.504521E-06,-3.290746E-06,-1.008011E+02,-3.691980E-01
+4.875488E+02,-3.822846E-06,-7.062824E-06,-1.019046E+02,-2.066907E+00
+4.877930E+02,+8.430218E-07,+1.363303E-05,-9.729157E+01,+1.509038E+00
+4.880371E+02,-1.307655E-06,-8.091285E-06,-1.017277E+02,-1.731024E+00
+4.882812E+02,+2.894803E-06,+3.646833E-06,-1.066396E+02,+8.998562E-01
+4.885254E+02,+9.150206E-07,-5.887475E-06,-1.044978E+02,-1.416612E+00
+4.887695E+02,-1.594530E-06,+1.584546E-06,-1.129642E+02,+2.359335E+00
+4.890137E+02,-3.609738E-06,+2.856205E-06,-1.067391E+02,+2.472210E+00
+4.892578E+02,+3.203080E-06,+1.032712E-06,-1.094592E+02,+3.118895E-01
+4.895020E+02,-7.981365E-07,-5.773596E-06,-1.046889E+02,-1.708165E+00
+4.897461E+02,+5.004473E-06,+4.463081E-06,-1.034714E+02,+7.282764E-01
+4.899902E+02,-7.037633E-06,-1.299800E-06,-1.029058E+02,-2.958958E+00
+4.902344E+02,+2.742494E-06,+5.509672E-07,-1.110652E+02,+1.982608E-01
+4.904785E+02,+4.124193E-06,+3.161848E-06,-1.056854E+02,+6.540777E-01
+4.907227E+02,-4.522003E-06,-5.942243E-06,-1.025369E+02,-2.221296E+00
+4.909668E+02,+1.863472E-06,+9.113222E-08,-1.145832E+02,+4.886559E-02
+4.912109E+02,-6.321056E-06,+4.790934E-07,-1.039593E+02,+3.065944E+00
+4.914551E+02,+8.693077E-06,+9.912400E-06,-9.759887E+01,+8.508403E-01
+4.916992E+02,-3.903378E-06,-1.228716E-05,-9.779341E+01,-1.878393E+00
+4.919434E+02,+1.824848E-06,+1.032033E-07,-1.147616E+02,+5.649427E-02
+4.921875E+02,-2.425850E-06,+7.797383E-06,-1.017598E+02,+1.872415E+00
+4.924316E+02,+2.112822E-06,-7.000386E-06,-1.027189E+02,-1.277675E+00
+4.926758E+02,-4.144506E-07,+6.955881E-06,-1.031376E+02,+1.630309E+00
+4.929199E+02,+1.162784E-06,-2.978131E-06,-1.099049E+02,-1.198558E+00
+4.931641E+02,+3.365555E-06,+4.175061E-06,-1.054124E+02,+8.923413E-01
+4.934082E+02,-3.184948E-06,-8.967472E-06,-1.004307E+02,-1.912067E+00
+4.936523E+02,-9.019191E-06,-1.044438E-06,-1.008388E+02,-3.026304E+00
+4.938965E+02,+7.515496E-06,+5.478526E-06,-1.006300E+02,+6.299016E-01
+4.941406E+02,+1.878015E-06,-5.976618E-07,-1.141071E+02,-3.081068E-01
+4.943848E+02,-4.248006E-06,+1.612857E-06,-1.068515E+02,+2.778731E+00
+4.946289E+02,+5.080933E-06,-6.012561E-06,-1.020784E+02,-8.691813E-01
+4.948730E+02,-2.592343E-06,+4.845103E-06,-1.052006E+02,+2.062084E+00
+4.951172E+02,-9.738977E-08,-1.779460E-06,-1.149812E+02,-1.625472E+00
+4.953613E+02,+1.459570E-06,+3.710477E-06,-1.079866E+02,+1.196023E+00
+4.956055E+02,-2.301152E-06,-8.014671E-06,-1.015783E+02,-1.850393E+00
+4.958496E+02,+9.397681E-07,+5.112750E-06,-1.056826E+02,+1.389017E+00
+4.960938E+02,+6.712614E-07,+9.379403E-07,-1.187604E+02,+9.496268E-01
+4.963379E+02,-2.056034E-06,-2.588374E-06,-1.096150E+02,-2.242073E+00
+4.965820E+02,+2.178537E-06,+1.263550E-06,-1.119773E+02,+5.255834E-01
+4.968262E+02,-5.048473E-06,+2.559738E-06,-1.049432E+02,+2.672335E+00
+4.970703E+02,+4.826366E-06,-6.174847E-06,-1.021167E+02,-9.073654E-01
+4.973145E+02,-1.836412E-06,+4.165732E-06,-1.068349E+02,+1.986005E+00
+4.975586E+02,+3.337458E-06,-1.430203E-06,-1.087995E+02,-4.048572E-01
+4.978027E+02,-3.205131E-06,+3.987994E-06,-1.058208E+02,+2.247786E+00
+4.980469E+02,+2.731653E-06,-5.798969E-06,-1.038626E+02,-1.130569E+00
+4.982910E+02,-2.942489E-06,+3.888270E-06,-1.062384E+02,+2.218610E+00
+4.985352E+02,-1.911087E-06,-5.659900E-06,-1.044749E+02,-1.896430E+00
+4.987793E+02,+6.661929E-07,+6.445434E-06,-1.037688E+02,+1.467803E+00
+4.990234E+02,-1.958039E-06,-8.394573E-06,-1.012899E+02,-1.799950E+00
+4.992676E+02,+1.025828E-05,+1.076525E-05,-9.655366E+01,+8.095078E-01
+4.995117E+02,-3.105580E-06,-7.556115E-06,-1.017562E+02,-1.960751E+00
+4.997559E+02,-6.057546E-06,+1.302462E-06,-1.041578E+02,+2.929802E+00
+5.000000E+02,+1.718220E-07,-1.117592E-07,-1.337662E+02,-5.766818E-01
+5.002441E+02,+4.733470E-06,+8.106196E-06,-1.005494E+02,+1.042275E+00
+5.004883E+02,-3.252044E-06,-1.159885E-05,-9.838306E+01,-1.844154E+00
+5.007324E+02,+1.989680E-06,+6.853097E-06,-1.029308E+02,+1.288232E+00
+5.009766E+02,-6.870491E-06,-2.201778E-06,-1.028357E+02,-2.831465E+00
+5.012207E+02,+1.139497E-05,+6.836328E-07,-9.885014E+01,+5.992243E-02
+5.014648E+02,-1.039793E-05,-2.280243E-06,-9.945708E+01,-2.925712E+00
+5.017090E+02,+8.918194E-06,+4.286268E-06,-1.000919E+02,+4.480243E-01
+5.019531E+02,-8.463085E-06,-7.722047E-06,-9.881889E+01,-2.401948E+00
+5.021973E+02,+3.597412E-06,+2.648020E-06,-1.069998E+02,+6.345393E-01
+5.024414E+02,+8.506681E-07,+8.741294E-06,-1.011275E+02,+1.473786E+00
+5.026855E+02,+3.839650E-07,-6.817854E-06,-1.033133E+02,-1.514538E+00
+5.029297E+02,-9.168047E-06,-1.955360E-06,-1.005613E+02,-2.931461E+00
+5.031738E+02,+1.013542E-05,-1.475418E-06,-9.979210E+01,-1.445551E-01
+5.034180E+02,+6.218989E-07,+1.037845E-05,-9.966179E+01,+1.510946E+00
+5.036621E+02,-1.184452E-07,-8.237953E-06,-1.016827E+02,-1.585173E+00
+5.039062E+02,-6.447669E-06,+1.272093E-06,-1.036461E+02,+2.946800E+00
+5.041504E+02,+1.345679E-06,+3.775233E-06,-1.079417E+02,+1.228388E+00
+5.043945E+02,+6.328545E-06,-4.211253E-06,-1.023818E+02,-5.871513E-01
+5.046387E+02,-8.102997E-06,-6.440585E-07,-1.017997E+02,-3.062275E+00
+5.048828E+02,+3.519229E-06,+3.992772E-06,-1.054780E+02,+8.483531E-01
+5.051270E+02,+6.823615E-07,-2.974886E-06,-1.103079E+02,-1.345323E+00
+5.053711E+02,+1.908074E-06,-9.071312E-07,-1.135031E+02,-4.437886E-01
+5.056152E+02,-6.159574E-06,+2.970704E-06,-1.033008E+02,+2.692213E+00
+5.058594E+02,+7.808480E-06,-5.108968E-06,-1.006011E+02,-5.793813E-01
+5.061035E+02,-7.339818E-06,+7.824093E-06,-9.938965E+01,+2.324269E+00
+5.063477E+02,+6.211538E-06,-5.724291E-06,-1.014660E+02,-7.445986E-01
+5.065918E+02,-7.670549E-06,+9.134043E-06,-9.846893E+01,+2.269325E+00
+5.068359E+02,+8.080464E-06,-9.440763E-06,-9.811291E+01,-8.628800E-01
+5.070801E+02,-5.458535E-06,+8.995727E-07,-1.051421E+02,+2.978260E+00
+5.073242E+02,+1.911498E-06,+1.283416E-06,-1.127564E+02,+5.912857E-01
+5.075684E+02,-3.036917E-06,-4.235744E-07,-1.102677E+02,-3.003011E+00
+5.078125E+02,+4.394091E-06,+2.124620E-06,-1.062302E+02,+4.503748E-01
+5.080566E+02,-4.705069E-06,-9.941148E-07,-1.063590E+02,-2.933369E+00
+5.083008E+02,+6.228328E-06,+3.628900E-06,-1.028432E+02,+5.275602E-01
+5.085449E+02,-1.379601E-06,-6.174105E-06,-1.039769E+02,-1.790635E+00
+5.087891E+02,-3.691541E-06,+3.491015E-06,-1.058813E+02,+2.384106E+00
+5.090332E+02,+2.723893E-06,-3.640274E-06,-1.068463E+02,-9.284058E-01
+5.092773E+02,+1.100381E-06,+8.394073E-06,-1.014465E+02,+1.440449E+00
+5.095215E+02,-4.146170E-06,-7.238803E-06,-1.015745E+02,-2.090953E+00
+5.097656E+02,+3.306006E-06,+1.184085E-06,-1.090898E+02,+3.439273E-01
+5.100098E+02,-2.194695E-06,+2.322635E-06,-1.099092E+02,+2.327880E+00
+5.102539E+02,-2.385684E-06,-3.422452E-06,-1.075933E+02,-2.179552E+00
+5.104980E+02,+6.935815E-06,+3.636318E-06,-1.021234E+02,+4.828834E-01
+5.107422E+02,+2.821863E-06,-1.254142E-06,-1.102064E+02,-4.182186E-01
+5.109863E+02,-1.054385E-05,-4.503047E-07,-9.953210E+01,-3.098911E+00
+5.112305E+02,+1.791653E-07,+1.459472E-06,-1.166511E+02,+1.448647E+00
+5.114746E+02,+6.029225E-06,-3.821729E-06,-1.029279E+02,-5.649505E-01
+5.117188E+02,-6.899531E-07,+4.582092E-06,-1.066814E+02,+1.720250E+00
+5.119629E+02,+1.009963E-06,-2.278609E-06,-1.120676E+02,-1.153581E+00
+5.122070E+02,-7.698614E-07,+3.294142E-06,-1.094142E+02,+1.800382E+00
+5.124512E+02,-3.802617E-06,-5.545252E-06,-1.034477E+02,-2.171890E+00
+5.126953E+02,+3.724867E-06,+3.747911E-06,-1.055406E+02,+7.884820E-01
+5.129395E+02,-7.425247E-07,-1.871251E-06,-1.139223E+02,-1.948547E+00
+5.131836E+02,+1.666623E-06,+3.375357E-06,-1.084861E+02,+1.112152E+00
+5.134277E+02,-6.050140E-06,-1.713646E-06,-1.040295E+02,-2.865581E+00
+5.136719E+02,+7.704310E-06,-2.350338E-06,-1.018789E+02,-2.960998E-01
+5.139160E+02,-3.513742E-06,+1.670555E-06,-1.081996E+02,+2.697790E+00
+5.141602E+02,+5.164488E-07,-4.663090E-06,-1.065736E+02,-1.460493E+00
+5.144043E+02,+1.990916E-06,+6.621640E-06,-1.032048E+02,+1.278727E+00
+5.146484E+02,-1.567857E-06,-1.762388E-06,-1.125460E+02,-2.297848E+00
+5.148926E+02,-2.981846E-06,+8.024618E-07,-1.102066E+02,+2.878705E+00
+5.151367E+02,+6.332630E-06,+8.220844E-07,-1.038957E+02,+1.290953E-01
+5.153809E+02,-9.961108E-06,+1.025267E-06,-9.998808E+01,+3.039027E+00
+5.156250E+02,+8.700351E-06,-4.185423E-06,-1.003052E+02,-4.483842E-01
+5.158691E+02,-5.183895E-06,-2.346327E-06,-1.048975E+02,-2.716563E+00
+5.161133E+02,+3.985013E-06,+2.271396E-06,-1.067696E+02,+5.180569E-01
+5.163574E+02,-1.917054E-06,+8.780897E-06,-1.009270E+02,+1.785745E+00
+5.166016E+02,+5.569969E-06,-1.188278E-05,-9.763904E+01,-1.132466E+00
+5.168457E+02,-7.050137E-06,+5.077277E-06,-1.012215E+02,+2.517460E+00
+5.170898E+02,+3.640739E-06,-1.459112E-06,-1.081293E+02,-3.811730E-01
+5.173340E+02,-6.812475E-06,+1.434918E-06,-1.031454E+02,+2.933996E+00
+5.175781E+02,+1.265561E-05,+5.500986E-07,-9.794614E+01,+4.343943E-02
+5.178223E+02,-7.061807E-06,+4.171703E-06,-1.017216E+02,+2.608009E+00
+5.180664E+02,-4.550036E-06,-7.577996E-06,-1.010719E+02,-2.111530E+00
+5.183105E+02,+1.187944E-05,+2.277943E-06,-9.834725E+01,+1.894553E-01
+5.185547E+02,-1.223282E-05,+1.277038E-06,-9.820239E+01,+3.037575E+00
+5.187988E+02,+6.744617E-06,+2.134612E-07,-1.034165E+02,+3.163856E-02
+5.190430E+02,-3.755147E-06,-7.053438E-06,-1.019482E+02,-2.060015E+00
+5.192871E+02,+2.817007E-06,+6.819016E-06,-1.026413E+02,+1.179039E+00
+5.195312E+02,+2.459207E-06,-3.419773E-06,-1.075098E+02,-9.473569E-01
+5.197754E+02,-1.646064E-06,+8.650078E-06,-1.011051E+02,+1.758843E+00
+5.200195E+02,+1.819262E-06,-1.325679E-05,-9.747021E+01,-1.434416E+00
+5.202637E+02,-9.210985E-06,+1.139777E-05,-9.668064E+01,+2.250480E+00
+5.205078E+02,+6.227703E-06,-9.189421E-06,-9.909285E+01,-9.751917E-01
+5.207520E+02,+1.448146E-07,+6.520318E-06,-1.037125E+02,+1.548590E+00
+5.209961E+02,+3.507915E-06,+2.334241E-07,-1.090798E+02,+6.644416E-02
+5.212402E+02,-5.226228E-06,-3.496616E-06,-1.040297E+02,-2.551941E+00
+5.214844E+02,+5.732486E-06,-3.096278E-06,-1.037214E+02,-4.952326E-01
+5.217285E+02,-5.479353E-06,+3.423467E-06,-1.037941E+02,+2.583142E+00
+5.219727E+02,+1.085888E-06,+6.817671E-06,-1.032185E+02,+1.412848E+00
+5.222168E+02,+1.234099E-06,-1.170441E-05,-9.858499E+01,-1.465746E+00
+5.224609E+02,+5.728219E-07,+1.706341E-06,-1.148949E+02,+1.246916E+00
+5.227051E+02,-5.541308E-06,+1.090152E-05,-9.825215E+01,+2.041066E+00
+5.229492E+02,+1.003562E-05,-7.618114E-06,-9.799287E+01,-6.493044E-01
+5.231934E+02,-8.331024E-06,-5.069563E-06,-1.002179E+02,-2.594935E+00
+5.234375E+02,+1.575768E-07,+6.854886E-06,-1.032777E+02,+1.547813E+00
+5.236816E+02,+2.252504E-06,+3.620992E-07,-1.128359E+02,+1.593904E-01
+5.239258E+02,+1.707644E-06,-5.316903E-06,-1.050605E+02,-1.260030E+00
+5.241699E+02,+5.245999E-07,+6.294569E-06,-1.039906E+02,+1.487647E+00
+5.244141E+02,-3.308144E-06,-6.471967E-06,-1.027712E+02,-2.043324E+00
+5.246582E+02,+1.352629E-06,+4.216279E-06,-1.070760E+02,+1.260358E+00
+5.249023E+02,+7.250286E-07,-1.785756E-07,-1.225371E+02,-2.414947E-01
+5.251465E+02,-5.805627E-06,+8.641079E-08,-1.047221E+02,+3.126710E+00
+5.253906E+02,+5.678674E-06,+3.234901E-07,-1.049010E+02,+5.690428E-02
+5.256348E+02,+4.317637E-06,-7.084608E-06,-1.016220E+02,-1.023465E+00
+5.258789E+02,-6.206419E-06,+1.029550E-05,-9.840081E+01,+2.113293E+00
+5.261230E+02,-5.499358E-07,-5.866908E-06,-1.045938E+02,-1.664258E+00
+5.263672E+02,+5.343883E-07,-1.816649E-06,-1.144542E+02,-1.284704E+00
+5.266113E+02,+2.787617E-06,+6.543145E-06,-1.029599E+02,+1.168048E+00
+5.268555E+02,-3.126291E-06,-9.459851E-06,-1.000322E+02,-1.889977E+00
+5.270996E+02,+2.991267E-06,+1.111589E-05,-9.877748E+01,+1.307925E+00
+5.273438E+02,-6.967801E-06,-6.784949E-06,-1.002417E+02,-2.369489E+00
+5.275879E+02,+8.350852E-06,+8.197260E-07,-1.015237E+02,+9.784730E-02
+5.278320E+02,-4.218547E-06,+7.320983E-07,-1.073679E+02,+2.969761E+00
+5.280762E+02,+3.525500E-06,+4.284367E-07,-1.089919E+02,+1.209321E-01
+5.283203E+02,-6.562558E-06,-3.846350E-06,-1.023761E+02,-2.611453E+00
+5.285645E+02,+1.074008E-05,+7.560252E-06,-9.763194E+01,+6.133577E-01
+5.288086E+02,-1.169337E-05,-8.278356E-06,-9.687683E+01,-2.525549E+00
+5.290527E+02,+4.636432E-06,+5.109407E-06,-1.032237E+02,+8.338911E-01
+5.292969E+02,-1.911354E-07,+1.984231E-06,-1.140080E+02,+1.666827E+00
+5.295410E+02,+1.686906E-06,-9.116148E-06,-1.006575E+02,-1.387820E+00
+5.297852E+02,+1.750317E-06,+4.729214E-06,-1.059467E+02,+1.216322E+00
+5.300293E+02,-4.115244E-06,+5.658862E-06,-1.031018E+02,+2.199559E+00
+5.302734E+02,+4.169973E-06,-8.033009E-06,-1.008662E+02,-1.091982E+00
+5.305176E+02,-9.175139E-06,+4.423220E-06,-9.984020E+01,+2.692378E+00
+5.307617E+02,+7.256916E-06,+1.208034E-06,-1.026662E+02,+1.649540E-01
+5.310059E+02,+6.701775E-07,-5.407682E-06,-1.052736E+02,-1.447494E+00
+5.312500E+02,-1.036766E-05,-1.914133E-08,-9.968636E+01,-3.139746E+00
+5.314941E+02,+1.369735E-05,+3.775252E-06,-9.694928E+01,+2.689417E-01
+5.317383E+02,-5.570041E-06,+2.303706E-06,-1.043971E+02,+2.749427E+00
+5.319824E+02,+7.522117E-07,-5.593908E-06,-1.049679E+02,-1.437128E+00
+5.322266E+02,-2.219943E-06,+6.091560E-06,-1.037639E+02,+1.920267E+00
+5.324707E+02,+2.336503E-06,-6.284303E-06,-1.034725E+02,-1.214834E+00
+5.327148E+02,-3.038669E-06,+7.434982E-06,-1.019036E+02,+1.958779E+00
+5.329590E+02,+1.300521E-06,-9.888659E-06,-1.000228E+02,-1.440030E+00
+5.332031E+02,-7.558035E-07,+4.213350E-06,-1.073699E+02,+1.748292E+00
+5.334473E+02,-1.254634E-07,+2.861961E-06,-1.108584E+02,+1.614606E+00
+5.336914E+02,+5.038401E-06,+1.552800E-07,-1.059500E+02,+3.080954E-02
+5.339355E+02,-1.772187E-06,-7.915959E-06,-1.018175E+02,-1.791040E+00
+5.341797E+02,-6.465920E-06,+8.587270E-06,-9.937233E+01,+2.216193E+00
+5.344238E+02,+4.070782E-06,+2.359047E-06,-1.065489E+02,+5.252149E-01
+5.346680E+02,-1.452750E-06,-9.673818E-06,-1.001912E+02,-1.719856E+00
+5.349121E+02,-3.716664E-07,+5.901059E-06,-1.045642E+02,+1.633696E+00
+5.351562E+02,+7.553973E-06,+2.310690E-07,-1.024324E+02,+3.057953E-02
+5.354004E+02,-5.132262E-06,-2.187096E-06,-1.050691E+02,-2.738751E+00
+5.356445E+02,-1.143292E-06,+4.615235E-06,-1.064575E+02,+1.813629E+00
+5.358887E+02,-7.064210E-07,-3.897478E-06,-1.080439E+02,-1.750100E+00
+5.361328E+02,-4.802974E-06,-2.068211E-06,-1.056311E+02,-2.734979E+00
+5.363770E+02,+8.368349E-06,+3.658183E-06,-1.007877E+02,+4.121126E-01
+5.366211E+02,+1.865196E-07,-1.354618E-06,-1.172821E+02,-1.433965E+00
+5.368652E+02,-1.460263E-06,+1.170185E-06,-1.145572E+02,+2.466028E+00
+5.371094E+02,-2.011058E-06,+7.519560E-07,-1.133632E+02,+2.783777E+00
+5.373535E+02,-2.952091E-06,-3.499809E-06,-1.067854E+02,-2.271505E+00
+5.375977E+02,+5.183070E-06,+3.871091E-06,-1.037831E+02,+6.414964E-01
+5.378418E+02,+7.746749E-07,-2.762841E-06,-1.108442E+02,-1.297425E+00
+5.380859E+02,-3.552591E-06,-4.050271E-08,-1.089885E+02,-3.130192E+00
+5.383301E+02,+2.387001E-06,+2.456329E-06,-1.093065E+02,+7.997113E-01
+5.385742E+02,-4.442455E-06,+4.037312E-06,-1.044327E+02,+2.403936E+00
+5.388184E+02,+2.953478E-06,-1.172593E-05,-9.834991E+01,-1.324053E+00
+5.390625E+02,+1.178876E-06,+9.192802E-06,-1.006602E+02,+1.443253E+00
+5.393066E+02,+3.316078E-06,-3.875861E-06,-1.058472E+02,-8.630763E-01
+5.395508E+02,-6.965877E-06,-1.212431E-06,-1.030109E+02,-2.969266E+00
+5.397949E+02,+3.208818E-06,+7.036621E-06,-1.022322E+02,+1.142950E+00
+5.400391E+02,+3.630446E-06,-4.701669E-06,-1.045240E+02,-9.132624E-01
+5.402832E+02,-1.760589E-06,+8.970626E-07,-1.140845E+02,+2.670355E+00
+5.405273E+02,-1.119742E-05,-2.040521E-06,-9.887576E+01,-2.961339E+00
+5.407715E+02,+1.281993E-05,+5.481858E-06,-9.711301E+01,+4.040744E-01
+5.410156E+02,-3.348044E-06,-4.956971E-06,-1.044635E+02,-2.164835E+00
+5.412598E+02,-1.467643E-06,+5.257103E-06,-1.052591E+02,+1.843038E+00
+5.415039E+02,+7.063317E-07,-4.801321E-06,-1.062798E+02,-1.424732E+00
+5.417480E+02,+8.649636E-07,+9.963084E-08,-1.212028E+02,+1.146796E-01
+5.419922E+02,+2.787329E-06,-1.509283E-06,-1.099796E+02,-4.962784E-01
+5.422363E+02,-1.923955E-06,+2.709341E-06,-1.095695E+02,+2.188281E+00
+5.424805E+02,+8.991834E-09,-4.804719E-07,-1.263651E+02,-1.552084E+00
+5.427246E+02,-5.174079E-06,+2.679061E-06,-1.046918E+02,+2.663818E+00
+5.429688E+02,+6.944533E-06,-5.794345E-06,-1.008724E+02,-6.953527E-01
+5.432129E+02,+1.329733E-06,+1.696372E-06,-1.133293E+02,+9.059691E-01
+5.434570E+02,-4.642403E-06,+5.597159E-06,-1.027671E+02,+2.263222E+00
+5.437012E+02,+1.551116E-07,-1.033337E-05,-9.971419E+01,-1.555787E+00
+5.439453E+02,-4.561046E-06,+9.700564E-06,-9.939665E+01,+2.010308E+00
+5.441895E+02,+6.187804E-06,-3.761505E-06,-1.028036E+02,-5.462008E-01
+5.444336E+02,+2.854204E-06,+9.207888E-07,-1.104603E+02,+3.120669E-01
+5.446777E+02,-5.004149E-06,-1.898687E-06,-1.054293E+02,-2.778950E+00
+5.449219E+02,-2.880322E-08,+4.124785E-06,-1.076918E+02,+1.577779E+00
+5.451660E+02,+4.556905E-06,-5.927495E-06,-1.025258E+02,-9.153877E-01
+5.454102E+02,-2.794907E-06,+6.959647E-06,-1.024989E+02,+1.952670E+00
+5.456543E+02,+1.771935E-06,-8.783154E-06,-1.009537E+02,-1.371726E+00
+5.458984E+02,-5.851744E-06,+9.995045E-06,-9.872429E+01,+2.100459E+00
+5.461426E+02,+3.288362E-06,-8.567476E-06,-1.007461E+02,-1.204316E+00
+5.463867E+02,+1.992065E-06,+2.980698E-06,-1.089100E+02,+9.816489E-01
+5.466309E+02,-4.177252E-06,+1.535397E-06,-1.070318E+02,+2.789359E+00
+5.468750E+02,+1.086800E-05,-1.494295E-08,-9.927700E+01,-1.374949E-03
+5.471191E+02,-1.804083E-05,-6.799493E-07,-9.486871E+01,-3.103921E+00
+5.473633E+02,+1.682227E-05,-2.072175E-06,-9.541691E+01,-1.225630E-01
+5.476074E+02,-1.017655E-05,+6.599557E-07,-9.982976E+01,+3.076833E+00
+5.478516E+02,+4.363178E-06,+6.949568E-06,-1.017177E+02,+1.010161E+00
+5.480957E+02,+3.388136E-06,-9.032231E-06,-1.003123E+02,-1.211924E+00
+5.483398E+02,-1.068756E-05,+5.466134E-06,-9.841328E+01,+2.668828E+00
+5.485840E+02,+7.698447E-06,-1.047948E-05,-9.771893E+01,-9.372108E-01
+5.488281E+02,+3.211804E-06,+1.572357E-05,-9.589145E+01,+1.369301E+00
+5.490723E+02,-1.006929E-05,-7.856682E-06,-9.787498E+01,-2.479003E+00
+5.493164E+02,+1.404508E-05,-4.664565E-06,-9.659512E+01,-3.206525E-01
+5.495605E+02,-1.401739E-05,+7.601272E-06,-9.594711E+01,+2.644700E+00
+5.498047E+02,+1.061525E-05,-2.283733E-06,-9.928490E+01,-2.119072E-01
+5.500488E+02,-5.594568E-06,+2.761022E-06,-1.040980E+02,+2.683144E+00
+5.502930E+02,-2.759721E-06,-5.367808E-06,-1.043855E+02,-2.045680E+00
+5.505371E+02,+5.779310E-06,+2.328544E-06,-1.041092E+02,+3.830129E-01
+5.507812E+02,-2.025164E-06,-3.733421E-06,-1.074377E+02,-2.067818E+00
+5.510254E+02,+2.071469E-06,+2.669740E-06,-1.094239E+02,+9.109201E-01
+5.512695E+02,-4.548349E-06,+2.460149E-06,-1.057284E+02,+2.645772E+00
+5.515137E+02,+4.037629E-06,-2.112083E-07,-1.078656E+02,-5.226234E-02
+5.517578E+02,+1.019208E-06,-1.943110E-06,-1.131745E+02,-1.087723E+00
+5.520020E+02,-4.179967E-06,-1.894323E-06,-1.067653E+02,-2.716088E+00
+5.522461E+02,-2.307501E-06,+6.990398E-06,-1.026608E+02,+1.889630E+00
+5.524902E+02,+6.824039E-06,-1.023356E-05,-9.820180E+01,-9.826811E-01
+5.527344E+02,-3.895990E-06,+8.131881E-06,-1.008988E+02,+2.017585E+00
+5.529785E+02,+1.165173E-06,-4.001447E-06,-1.076022E+02,-1.287443E+00
+5.532227E+02,-3.050713E-06,+2.364085E-06,-1.082694E+02,+2.482327E+00
+5.534668E+02,+5.789770E-06,-2.504705E-06,-1.040017E+02,-4.082976E-01
+5.537109E+02,-3.625706E-06,-1.622350E-06,-1.080195E+02,-2.720855E+00
+5.539551E+02,+7.374042E-07,+4.551660E-06,-1.067241E+02,+1.410184E+00
+5.541992E+02,+1.320475E-06,+9.307225E-07,-1.158338E+02,+6.139663E-01
+5.544434E+02,-5.086946E-08,-7.672039E-06,-1.023016E+02,-1.577427E+00
+5.546875E+02,+6.607314E-07,+4.456788E-06,-1.069251E+02,+1.423616E+00
+5.549316E+02,-1.145962E-06,+3.767092E-06,-1.080955E+02,+1.866105E+00
+5.551758E+02,-4.997715E-06,-3.416228E-06,-1.043595E+02,-2.541987E+00
+5.554199E+02,+6.281784E-06,-3.404267E-06,-1.029201E+02,-4.966238E-01
+5.556641E+02,+1.493676E-06,-1.753160E-06,-1.127534E+02,-8.651476E-01
+5.559082E+02,-6.991089E-06,+1.983730E-05,-9.354191E+01,+1.909627E+00
+5.561523E+02,+1.242756E-06,-2.321964E-05,-9.267047E+01,-1.517326E+00
+5.563965E+02,+2.979408E-06,+3.548547E-06,-1.066819E+02,+8.723632E-01
+5.566406E+02,-2.043106E-06,+1.067818E-05,-9.927390E+01,+1.759846E+00
+5.568848E+02,+2.634890E-06,-6.693271E-06,-1.028615E+02,-1.195765E+00
+5.571289E+02,-2.678894E-06,+3.763761E-07,-1.113560E+02,+3.002009E+00
+5.573730E+02,+3.441673E-06,-9.683600E-08,-1.092612E+02,-2.812889E-02
+5.576172E+02,-1.063307E-06,-4.401337E-06,-1.068820E+02,-1.807842E+00
+5.578613E+02,-3.844498E-07,+1.041479E-05,-9.964108E+01,+1.607693E+00
+5.581055E+02,-2.554608E-06,-9.187305E-06,-1.004128E+02,-1.842004E+00
+5.583496E+02,+6.276835E-06,+2.630913E-06,-1.033423E+02,+3.969022E-01
+5.585938E+02,-1.197525E-05,+4.223548E-06,-9.792514E+01,+2.802524E+00
+5.588379E+02,+1.129466E-05,-6.110260E-06,-9.782767E+01,-4.958967E-01
+5.590820E+02,-5.871259E-06,+3.566046E-06,-1.032617E+02,+2.595769E+00
+5.593262E+02,+2.488807E-06,-6.769000E-07,-1.117702E+02,-2.655542E-01
+5.595703E+02,+6.214240E-07,-2.649403E-06,-1.113045E+02,-1.340409E+00
+5.598145E+02,-7.101584E-06,+4.475050E-06,-1.015207E+02,+2.579300E+00
+5.600586E+02,+6.315346E-06,-4.003939E-06,-1.025247E+02,-5.650462E-01
+5.603027E+02,+1.532581E-06,-1.104843E-06,-1.144739E+02,-6.246179E-01
+5.605469E+02,+1.637364E-06,+2.816969E-06,-1.097403E+02,+1.044277E+00
+5.607910E+02,-1.022328E-05,+1.586295E-06,-9.970488E+01,+2.987655E+00
+5.610352E+02,+4.366795E-06,+2.114380E-06,-1.062820E+02,+4.509237E-01
+5.612793E+02,+1.280713E-05,-5.911621E-06,-9.701213E+01,-4.324490E-01
+5.615234E+02,-1.594039E-05,+5.872881E-06,-9.539723E+01,+2.788596E+00
+5.617676E+02,+6.709396E-06,-1.013158E-05,-9.830723E+01,-9.858743E-01
+5.620117E+02,-6.895492E-06,+8.261083E-06,-9.936317E+01,+2.266338E+00
+5.622559E+02,+1.527423E-06,-1.213650E-06,-1.141953E+02,-6.714237E-01
+5.625000E+02,+1.083291E-05,+1.055225E-06,-9.926408E+01,+9.710287E-02
+5.627441E+02,-1.469812E-05,-4.925802E-06,-9.619249E+01,-2.818225E+00
+5.629883E+02,+1.077443E-05,+6.128927E-06,-9.813462E+01,+5.171927E-01
+5.632324E+02,-5.012168E-06,-2.010433E-06,-1.053516E+02,-2.760129E+00
+5.634766E+02,+4.613275E-06,-1.259048E-06,-1.064078E+02,-2.664301E-01
+5.637207E+02,-5.445687E-06,+1.629236E-06,-1.049066E+02,+2.850889E+00
+5.639648E+02,-3.016142E-06,-1.487383E-06,-1.094656E+02,-2.683447E+00
+5.642090E+02,+7.864655E-06,-8.104889E-08,-1.020859E+02,-1.030509E-02
+5.644531E+02,-4.500712E-06,-7.334170E-07,-1.068206E+02,-2.980057E+00
+5.646973E+02,+4.610923E-06,-1.281721E-06,-1.064010E+02,-2.711298E-01
+5.649414E+02,-3.310482E-06,+8.780598E-06,-1.005523E+02,+1.931339E+00
+5.651855E+02,-2.798292E-07,-7.866264E-06,-1.020791E+02,-1.606355E+00
+5.654297E+02,-1.844563E-06,-1.098158E-06,-1.133645E+02,-2.604600E+00
+5.656738E+02,+4.691398E-06,+4.812936E-06,-1.034512E+02,+7.981852E-01
+5.659180E+02,-3.377235E-06,-2.114311E-06,-1.079926E+02,-2.582240E+00
+5.661621E+02,-1.379851E-06,+1.085303E-06,-1.151119E+02,+2.475115E+00
+5.664062E+02,+8.110203E-06,-2.005084E-06,-1.015617E+02,-2.423697E-01
+5.666504E+02,-1.033064E-05,+2.483314E-06,-9.947349E+01,+2.905685E+00
+5.668945E+02,+3.187712E-06,-1.976942E-06,-1.085171E+02,-5.551229E-01
+5.671387E+02,+2.779089E-06,+1.274576E-06,-1.102929E+02,+4.300081E-01
+5.673828E+02,-5.676150E-06,-9.718516E-07,-1.047934E+02,-2.972020E+00
+5.676270E+02,+7.753819E-06,+3.336584E-06,-1.014719E+02,+4.063638E-01
+5.678711E+02,-4.287799E-06,-4.842614E-06,-1.037845E+02,-2.295504E+00
+5.681152E+02,+2.908926E-06,+6.098920E-06,-1.034048E+02,+1.125752E+00
+5.683594E+02,-7.666221E-06,-6.049286E-06,-1.002061E+02,-2.473544E+00
+5.686035E+02,+8.377907E-06,-7.701532E-07,-1.015007E+02,-9.166904E-02
+5.688477E+02,+3.304963E-06,+3.607854E-06,-1.062089E+02,+8.291860E-01
+5.690918E+02,-1.268645E-05,+1.955123E-06,-9.783126E+01,+2.988684E+00
+5.693359E+02,+7.974743E-06,+3.294713E-06,-1.012813E+02,+3.917853E-01
+5.695801E+02,-3.115260E-06,-7.914608E-06,-1.014059E+02,-1.945781E+00
+5.698242E+02,+3.324857E-06,+2.604422E-06,-1.074866E+02,+6.644862E-01
+5.700684E+02,+2.761363E-07,-3.164420E-06,-1.099612E+02,-1.483754E+00
+5.703125E+02,-2.222571E-07,-7.125897E-07,-1.225400E+02,-1.873135E+00
+5.705566E+02,-1.586631E-06,+1.096986E-05,-9.910606E+01,+1.714436E+00
+5.708008E+02,-4.101243E-06,-9.721833E-06,-9.953371E+01,-1.970003E+00
+5.710449E+02,-2.218490E-07,+3.702566E-06,-1.086144E+02,+1.630642E+00
+5.712891E+02,+1.147731E-05,-1.868932E-06,-9.868954E+01,-1.614203E-01
+5.715332E+02,-1.039273E-05,+1.486061E-06,-9.957751E+01,+2.999565E+00
+5.717773E+02,+1.371682E-06,-5.471919E-06,-1.049725E+02,-1.325181E+00
+5.720215E+02,+5.173250E-06,+7.667446E-06,-1.006777E+02,+9.772506E-01
+5.722656E+02,-3.108043E-06,+1.694356E-06,-1.090202E+02,+2.642479E+00
+5.725098E+02,-1.642388E-07,-1.013798E-05,-9.987983E+01,-1.586995E+00
+5.727539E+02,-1.680728E-06,+6.115016E-06,-1.039558E+02,+1.839025E+00
+5.729980E+02,+3.890996E-07,+5.322617E-08,-1.281183E+02,+1.359494E-01
+5.732422E+02,+3.162007E-06,-1.370717E-07,-1.099926E+02,-4.332248E-02
+5.734863E+02,+4.463691E-06,+6.450854E-06,-1.021086E+02,+9.654911E-01
+5.737305E+02,-1.234248E-05,-1.423825E-05,-9.449693E+01,-2.284994E+00
+5.739746E+02,+1.160098E-05,+1.079087E-05,-9.600282E+01,+7.492351E-01
+5.742188E+02,-7.995362E-06,-2.349743E-06,-1.015835E+02,-2.855752E+00
+5.744629E+02,+1.157275E-06,-3.149647E-07,-1.184209E+02,-2.657246E-01
+5.747070E+02,+1.052544E-06,-2.096781E-06,-1.125929E+02,-1.105565E+00
+5.749512E+02,+1.606856E-06,+2.793634E-07,-1.157511E+02,+1.721366E-01
+5.751953E+02,-5.186337E-07,+2.758271E-06,-1.110364E+02,+1.756655E+00
+5.754395E+02,+5.366851E-07,-3.677374E-06,-1.085977E+02,-1.425877E+00
+5.756836E+02,-2.841531E-06,+4.938162E-06,-1.048866E+02,+2.092948E+00
+5.759277E+02,+5.428016E-06,-5.900538E-06,-1.019193E+02,-8.270847E-01
+5.761719E+02,-8.018556E-06,+6.434615E-06,-9.975919E+01,+2.465350E+00
+5.764160E+02,+9.598427E-06,-5.319599E-06,-9.919273E+01,-5.060741E-01
+5.766602E+02,-8.875305E-06,+5.494453E-06,-9.962732E+01,+2.587267E+00
+5.769043E+02,+5.741172E-06,-4.282016E-06,-1.028991E+02,-6.408357E-01
+5.771484E+02,+4.225513E-07,+5.264842E-08,-1.274155E+02,+1.239577E-01
+5.773926E+02,+4.670268E-09,+1.186329E-06,-1.185158E+02,+1.566860E+00
+5.776367E+02,-5.730459E-06,+3.869135E-07,-1.048165E+02,+3.074176E+00
+5.778809E+02,+6.346938E-06,-3.697920E-06,-1.026794E+02,-5.275499E-01
+5.781250E+02,-2.233255E-06,+6.695720E-06,-1.030260E+02,+1.892728E+00
+5.783691E+02,-2.054889E-06,-4.977045E-06,-1.053770E+02,-1.962351E+00
+5.786133E+02,+4.827264E-08,-1.255395E-06,-1.180180E+02,-1.532363E+00
+5.788574E+02,+6.552221E-06,+6.398623E-06,-1.007637E+02,+7.735386E-01
+5.791016E+02,-8.837290E-06,-4.685098E-06,-9.999792E+01,-2.654116E+00
+5.793457E+02,+1.193281E-06,-3.393340E-06,-1.088811E+02,-1.232649E+00
+5.795898E+02,+4.095832E-06,+2.872786E-06,-1.060156E+02,+6.116599E-01
+5.798340E+02,+2.974707E-06,+3.390843E-06,-1.069151E+02,+8.506786E-01
+5.800781E+02,-8.177207E-06,-3.646972E-06,-1.009600E+02,-2.722076E+00
+5.803223E+02,+5.688810E-06,+3.717630E-06,-1.033551E+02,+5.788308E-01
+5.805664E+02,+1.215973E-06,-1.046752E-06,-1.158934E+02,-7.107509E-01
+5.808105E+02,-1.973203E-06,-7.874742E-06,-1.018108E+02,-1.816315E+00
+5.810547E+02,-1.229110E-07,+1.034497E-05,-9.970480E+01,+1.582677E+00
+5.812988E+02,-2.673519E-06,-4.839189E-06,-1.051477E+02,-2.075536E+00
+5.815430E+02,+2.343756E-06,-3.354757E-06,-1.077605E+02,-9.609860E-01
+5.817871E+02,-1.533632E-06,+8.104646E-06,-1.016725E+02,+1.757814E+00
+5.820312E+02,+4.828199E-06,-7.231080E-06,-1.012148E+02,-9.820780E-01
+5.822754E+02,-5.794084E-06,+8.539605E-06,-9.972665E+01,+2.166944E+00
+5.825195E+02,+3.627037E-06,-7.653413E-06,-1.014430E+02,-1.128237E+00
+5.827637E+02,-3.475467E-06,+1.596745E-06,-1.083480E+02,+2.710922E+00
+5.830078E+02,+4.512162E-06,-1.013829E-06,-1.066984E+02,-2.210175E-01
+5.832520E+02,-1.893529E-06,+2.360855E-06,-1.103815E+02,+2.246787E+00
+5.834961E+02,-2.718242E-06,+3.012224E-07,-1.112612E+02,+3.031228E+00
+5.837402E+02,+4.255576E-06,-1.877959E-06,-1.066481E+02,-4.155902E-01
+5.839844E+02,-1.796938E-07,-9.912072E-07,-1.199363E+02,-1.750136E+00
+5.842285E+02,-1.025160E-06,+1.123685E-06,-1.163571E+02,+2.310377E+00
+5.844727E+02,-3.650544E-06,+1.877224E-06,-1.077339E+02,+2.666625E+00
+5.847168E+02,+1.337770E-06,-2.691025E-06,-1.104425E+02,-1.109453E+00
+5.849609E+02,+8.587476E-07,+2.475847E-07,-1.209759E+02,+2.806969E-01
+5.852051E+02,+3.054961E-06,+1.744818E-06,-1.090738E+02,+5.189304E-01
+5.854492E+02,-3.467816E-06,-8.169146E-07,-1.089643E+02,-2.910240E+00
+5.856934E+02,+4.295051E-06,-2.630170E-06,-1.059576E+02,-5.494670E-01
+5.859375E+02,-3.207582E-06,+2.845614E-06,-1.073551E+02,+2.415921E+00
+5.861816E+02,-4.343487E-06,-9.527841E-07,-1.070391E+02,-2.925654E+00
+5.864258E+02,+8.318290E-06,-1.282393E-07,-1.015983E+02,-1.541533E-02
+5.866699E+02,-5.416485E-06,-7.016976E-07,-1.052534E+02,-3.012762E+00
+5.869141E+02,-2.214007E-06,+4.169078E-06,-1.065202E+02,+2.058978E+00
+5.871582E+02,+1.034516E-05,-5.844508E-06,-9.850224E+01,-5.142493E-01
+5.874023E+02,-1.503664E-05,+4.313568E-06,-9.611353E+01,+2.862224E+00
+5.876465E+02,+1.156108E-05,-7.108737E-07,-9.872364E+01,-6.141118E-02
+5.878906E+02,-6.052129E-06,+1.162619E-06,-1.042045E+02,+2.951804E+00
+5.881348E+02,+4.735286E-06,+7.595678E-08,-1.064920E+02,+1.603922E-02
+5.883789E+02,-5.415025E-06,-8.449560E-06,-9.996895E+01,-2.140723E+00
+5.886230E+02,+2.517733E-06,+7.771215E-06,-1.017567E+02,+1.257486E+00
+5.888672E+02,+3.353813E-06,+1.314627E-06,-1.088685E+02,+3.735734E-01
+5.891113E+02,-4.719990E-06,-8.429320E-06,-1.002997E+02,-2.081246E+00
+5.893555E+02,+5.096291E-06,+7.145791E-06,-1.011331E+02,+9.512742E-01
+5.895996E+02,-9.856363E-06,+3.352538E-06,-9.965021E+01,+2.813729E+00
+5.898438E+02,+7.982978E-06,-7.216383E-06,-9.936276E+01,-7.350049E-01
+5.900879E+02,+2.312149E-06,-1.306334E-07,-1.127058E+02,-5.643869E-02
+5.903320E+02,-4.804025E-06,+3.072761E-06,-1.048784E+02,+2.572547E+00
+5.905762E+02,+1.622431E-06,-4.998061E-06,-1.055889E+02,-1.256915E+00
+5.908203E+02,-5.832713E-07,+1.000196E-05,-9.998355E+01,+1.629046E+00
+5.910645E+02,-7.833717E-06,-5.652190E-06,-1.003005E+02,-2.516569E+00
+5.913086E+02,+1.352061E-05,+2.605352E-06,-9.722174E+01,+1.903616E-01
+5.915527E+02,-8.898516E-06,-7.083044E-06,-9.888223E+01,-2.469307E+00
+5.917969E+02,+3.035706E-06,+7.725731E-06,-1.016177E+02,+1.196396E+00
+5.920410E+02,+7.017082E-07,-2.860301E-06,-1.106179E+02,-1.330221E+00
+5.922852E+02,-2.808660E-07,-2.865889E-06,-1.108133E+02,-1.668487E+00
+5.925293E+02,+2.111918E-06,+2.938239E-06,-1.088295E+02,+9.475838E-01
+5.927734E+02,-8.480227E-06,-3.446735E-06,-1.007679E+02,-2.755544E+00
+5.930176E+02,+7.619980E-06,+6.972245E-06,-9.971932E+01,+7.410382E-01
+5.932617E+02,-1.331874E-06,-3.026091E-06,-1.096133E+02,-1.985412E+00
+5.935059E+02,-3.531641E-06,-7.962601E-07,-1.088251E+02,-2.919836E+00
+5.937500E+02,+7.526775E-06,+1.014040E-06,-1.023897E+02,+1.339180E-01
+5.939941E+02,-7.602266E-06,-3.330103E-07,-1.023728E+02,-3.097816E+00
+5.942383E+02,+5.048869E-06,-5.713203E-06,-1.023559E+02,-8.470492E-01
+5.944824E+02,-4.278360E-06,+6.716054E-06,-1.019784E+02,+2.138003E+00
+5.947266E+02,+3.477652E-06,+1.244381E-07,-1.091687E+02,+3.576696E-02
+5.949707E+02,-6.926694E-06,-2.995799E-06,-1.024448E+02,-2.733386E+00
+5.952148E+02,+1.131820E-05,-1.125735E-06,-9.888170E+01,-9.913626E-02
+5.954590E+02,-1.037866E-05,+6.103955E-06,-9.838707E+01,+2.609950E+00
+5.957031E+02,+1.686838E-06,-5.548202E-06,-1.047330E+02,-1.275643E+00
+5.959473E+02,+7.742389E-06,+3.310422E-06,-1.014933E+02,+4.040464E-01
+5.961914E+02,-8.064170E-06,-1.575185E-06,-1.017062E+02,-2.948690E+00
+5.964355E+02,+1.234053E-06,+1.167034E-06,-1.153988E+02,+7.574933E-01
+5.966797E+02,+2.715026E-06,+2.230206E-07,-1.112953E+02,+8.195907E-02
+5.969238E+02,+3.192958E-06,+5.484384E-07,-1.097899E+02,+1.701051E-01
+5.971680E+02,-7.061970E-06,-5.306023E-06,-1.010776E+02,-2.497227E+00
+5.974121E+02,+9.380841E-07,+4.029074E-06,-1.076666E+02,+1.342043E+00
+5.976562E+02,+5.693409E-06,+5.032218E-06,-1.023854E+02,+7.238302E-01
+5.979004E+02,-7.450314E-06,-9.614906E-06,-9.829874E+01,-2.230026E+00
+5.981445E+02,+3.609972E-06,+1.069388E-05,-9.894861E+01,+1.245234E+00
+5.983887E+02,-6.001246E-07,-1.339739E-05,-9.745090E+01,-1.615561E+00
+5.986328E+02,-1.061923E-06,+8.729186E-06,-1.011167E+02,+1.691853E+00
+5.988770E+02,+4.252073E-06,-1.556232E-07,-1.074222E+02,-3.658304E-02
+5.991211E+02,-3.631228E-06,-4.282163E-06,-1.050138E+02,-2.274122E+00
+5.993652E+02,+5.720857E-06,+8.441512E-06,-9.983020E+01,+9.751905E-01
+5.996094E+02,-3.275068E-06,-6.659688E-06,-1.025903E+02,-2.027842E+00
+5.998535E+02,-8.933019E-06,+4.248883E-06,-1.000943E+02,+2.697624E+00
+6.000977E+02,+1.169859E-05,-4.720434E-06,-9.798222E+01,-3.835237E-01
+6.003418E+02,-4.304388E-06,-2.544788E-06,-1.060200E+02,-2.607663E+00
+6.005859E+02,+3.627889E-07,+8.759862E-06,-1.011426E+02,+1.529405E+00
+6.008301E+02,-1.750761E-06,-2.204594E-07,-1.150671E+02,-3.016330E+00
+6.010742E+02,-2.106847E-06,-3.577445E-06,-1.076354E+02,-2.103033E+00
+6.013184E+02,+1.248418E-05,-6.573869E-06,-9.700993E+01,-4.846815E-01
+6.015625E+02,-1.283701E-05,+1.039366E-05,-9.564129E+01,+2.460987E+00
+6.018066E+02,+5.754992E-06,-4.505625E-06,-1.027229E+02,-6.642314E-01
+6.020508E+02,-4.822898E-06,-6.526936E-07,-1.062550E+02,-3.007078E+00
+6.022949E+02,+6.556334E-06,-7.508820E-07,-1.036102E+02,-1.140309E-01
+6.025391E+02,-4.015823E-06,+5.746058E-06,-1.030853E+02,+2.180772E+00
+6.027832E+02,+2.766309E-06,-6.586330E-06,-1.029216E+02,-1.173162E+00
+6.030273E+02,-9.093348E-06,+8.808378E-06,-9.795129E+01,+2.372112E+00
+6.032715E+02,+1.079262E-05,-1.331381E-05,-9.532040E+01,-8.896051E-01
+6.035156E+02,+1.648576E-06,+1.085493E-05,-9.918842E+01,+1.420075E+00
+6.037598E+02,-8.113473E-06,-6.154713E-06,-9.984184E+01,-2.492623E+00
+6.040039E+02,-2.552552E-06,+5.641955E-06,-1.041627E+02,+1.995664E+00
+6.042480E+02,+1.035689E-05,-2.752454E-06,-9.939902E+01,-2.597564E-01
+6.044922E+02,-4.292871E-06,-4.451864E-06,-1.041739E+02,-2.338015E+00
+6.047363E+02,+1.236288E-06,+1.079600E-05,-9.927817E+01,+1.456779E+00
+6.049805E+02,-5.138979E-07,-7.166013E-06,-1.028722E+02,-1.642387E+00
+6.052246E+02,-3.935943E-07,-1.251316E-06,-1.176429E+02,-1.875543E+00
+6.054688E+02,-4.009802E-07,+2.064269E-06,-1.135438E+02,+1.762655E+00
+6.057129E+02,-1.761170E-06,-1.223194E-07,-1.150631E+02,-3.072251E+00
+6.059570E+02,-5.122163E-07,+3.661427E-06,-1.086428E+02,+1.709790E+00
+6.062012E+02,+5.226212E-07,-4.942953E-06,-1.060720E+02,-1.465457E+00
+6.064453E+02,+1.027271E-05,-2.265878E-06,-9.955998E+01,-2.170963E-01
+6.066895E+02,-1.287516E-05,+4.939369E-06,-9.720865E+01,+2.775273E+00
+6.069336E+02,+3.716392E-06,-8.948950E-07,-1.083528E+02,-2.362982E-01
+6.071777E+02,+3.508109E-06,+2.011425E-07,-1.090843E+02,+5.727373E-02
+6.074219E+02,-8.852280E-06,-1.265460E-06,-1.009710E+02,-2.999602E+00
+6.076660E+02,+1.219750E-05,-1.830659E-06,-9.817784E+01,-1.489728E-01
+6.079102E+02,-6.280539E-06,+4.761071E-06,-1.020682E+02,+2.492949E+00
+6.081543E+02,-3.059925E-06,-2.762199E-06,-1.076973E+02,-2.407287E+00
+6.083984E+02,+5.530140E-06,+9.982859E-07,-1.050060E+02,+1.785939E-01
+6.086426E+02,+3.408364E-08,-1.802971E-06,-1.148787E+02,-1.551894E+00
+6.088867E+02,-1.281330E-07,+3.324018E-06,-1.095603E+02,+1.609325E+00
+6.091309E+02,-5.145839E-06,-5.304666E-06,-1.026266E+02,-2.340998E+00
+6.093750E+02,+1.136076E-06,+4.816809E-06,-1.061097E+02,+1.339173E+00
+6.096191E+02,+5.713844E-06,-1.795756E-06,-1.044524E+02,-3.045072E-01
+6.098633E+02,-4.274332E-06,-1.014688E-06,-1.071445E+02,-2.908516E+00
+6.101074E+02,+4.462636E-07,+3.749354E-07,-1.246887E+02,+6.987570E-01
+6.103516E+02,+1.198865E-06,-6.137890E-06,-1.040770E+02,-1.377903E+00
+6.105957E+02,-4.724848E-06,+1.164139E-05,-9.801765E+01,+1.956349E+00
+6.108398E+02,+7.517339E-06,-4.206486E-06,-1.012957E+02,-5.101618E-01
+6.110840E+02,-1.503825E-06,-3.850016E-06,-1.076741E+02,-1.943175E+00
+6.113281E+02,-6.188422E-06,+6.920150E-06,-1.006457E+02,+2.300432E+00
+6.115723E+02,+5.699405E-06,-6.353488E-06,-1.013757E+02,-8.396127E-01
+6.118164E+02,-6.357386E-06,+1.560398E-06,-1.036804E+02,+2.900904E+00
+6.120605E+02,+1.237765E-05,-1.086397E-06,-9.811391E+01,-8.754653E-02
+6.123047E+02,-1.108747E-05,+3.888479E-06,-9.859956E+01,+2.804286E+00
+6.125488E+02,+5.234139E-06,-1.272143E-06,-1.053738E+02,-2.384243E-01
+6.127930E+02,-5.129191E-06,-1.448813E-06,-1.054657E+02,-2.866300E+00
+6.130371E+02,+3.801087E-06,+2.790171E-07,-1.083785E+02,+7.327314E-02
+6.132812E+02,-1.039447E-07,-1.949481E-06,-1.141893E+02,-1.624065E+00
+6.135254E+02,-2.397577E-08,+2.619875E-06,-1.116340E+02,+1.579948E+00
+6.137695E+02,+4.972821E-07,-3.638055E-06,-1.087022E+02,-1.434949E+00
+6.140137E+02,-3.912523E-06,+7.390267E-06,-1.015537E+02,+2.057698E+00
+6.142578E+02,+4.716443E-06,-7.588319E-06,-1.009785E+02,-1.014689E+00
+6.145020E+02,-2.821958E-06,+4.918039E-06,-1.049281E+02,+2.091726E+00
+6.147461E+02,+9.539813E-07,-3.873959E-06,-1.079812E+02,-1.329346E+00
+6.149902E+02,+2.907404E-06,-2.418329E-07,-1.107000E+02,-8.298723E-02
+6.152344E+02,-2.899762E-06,+1.354177E-06,-1.098960E+02,+2.704695E+00
+6.154785E+02,+1.569980E-06,+4.351517E-06,-1.066958E+02,+1.224542E+00
+6.157227E+02,-7.221547E-06,-7.212444E-06,-9.982257E+01,-2.356825E+00
+6.159668E+02,+6.632607E-06,+9.668563E-06,-9.861784E+01,+9.695302E-01
+6.162109E+02,-3.471549E-06,-7.045506E-06,-1.020978E+02,-2.028613E+00
+6.164551E+02,+7.796380E-06,-3.624814E-06,-1.013122E+02,-4.352046E-01
+6.166992E+02,-1.725425E-06,+6.781233E-06,-1.031014E+02,+1.819951E+00
+6.169434E+02,-6.585298E-06,-1.887510E-06,-1.032856E+02,-2.862451E+00
+6.171875E+02,+6.928611E-06,+2.293664E-06,-1.027355E+02,+3.196873E-01
+6.174316E+02,-6.610645E-06,-7.857365E-06,-9.976999E+01,-2.270236E+00
+6.176758E+02,+5.758607E-07,+5.750268E-06,-1.047629E+02,+1.470984E+00
+6.179199E+02,+2.444017E-06,-1.080806E-06,-1.114622E+02,-4.163697E-01
+6.181641E+02,-4.895457E-06,+3.098691E-06,-1.047408E+02,+2.577281E+00
+6.184082E+02,+8.055141E-06,-4.816459E-06,-1.005511E+02,-5.389005E-01
+6.186523E+02,-3.865795E-06,+4.847590E-06,-1.041518E+02,+2.243991E+00
+6.188965E+02,-4.035168E-07,-8.593442E-06,-1.013071E+02,-1.617718E+00
+6.191406E+02,+2.682970E-06,+7.754642E-06,-1.017177E+02,+1.237705E+00
+6.193848E+02,-7.434224E-06,-5.203500E-07,-1.025541E+02,-3.071713E+00
+6.196289E+02,+1.101140E-05,-3.657371E-06,-9.870866E+01,-3.206798E-01
+6.198730E+02,-1.059105E-05,+5.331050E-06,-9.852044E+01,+2.675265E+00
+6.201172E+02,+2.419916E-06,-3.288643E-06,-1.077803E+02,-9.364191E-01
+6.203613E+02,+3.931427E-06,-1.194015E-06,-1.077258E+02,-2.948572E-01
+6.206055E+02,+3.879686E-07,-5.646015E-07,-1.232855E+02,-9.687434E-01
+6.208496E+02,-6.494538E-06,+2.823027E-06,-1.029974E+02,+2.731554E+00
+6.210938E+02,+5.649419E-06,-1.325638E-06,-1.047272E+02,-2.304806E-01
+6.213379E+02,-2.796245E-06,-6.785748E-07,-1.108200E+02,-2.903521E+00
+6.215820E+02,+2.224484E-06,+5.237045E-06,-1.048979E+02,+1.169129E+00
+6.218262E+02,-1.938156E-06,-7.021294E-06,-1.027527E+02,-1.840129E+00
+6.220703E+02,+2.243481E-06,+2.907496E-06,-1.087009E+02,+9.136016E-01
+6.223145E+02,-1.190917E-06,+2.103086E-06,-1.123349E+02,+2.086046E+00
+6.225586E+02,-5.456769E-06,-2.166589E-06,-1.046255E+02,-2.763635E+00
+6.228027E+02,+1.120920E-05,-8.254156E-06,-9.712697E+01,-6.347229E-01
+6.230469E+02,-3.195483E-06,+1.576914E-05,-9.586907E+01,+1.770731E+00
+6.232910E+02,-7.761347E-06,-7.951768E-06,-9.908441E+01,-2.344077E+00
+6.235352E+02,+7.743291E-06,-6.310461E-07,-1.021927E+02,-8.131614E-02
+6.237793E+02,-4.631010E-06,+4.866769E-06,-1.034552E+02,+2.331377E+00
+6.240234E+02,-2.540818E-06,-5.586131E-06,-1.042411E+02,-1.997671E+00
+6.242676E+02,+8.232390E-06,+1.387192E-06,-1.015679E+02,+1.669360E-01
+6.245117E+02,-2.744166E-06,-3.385058E-06,-1.072150E+02,-2.252010E+00
+6.247559E+02,-1.536946E-06,+7.253493E-06,-1.025983E+02,+1.779598E+00
+6.250000E+02,-1.033606E-06,-2.471437E-06,-1.114410E+02,-1.966911E+00
+6.252441E+02,+1.406749E-06,-7.697992E-07,-1.158981E+02,-5.007051E-01
+6.254883E+02,-3.268176E-06,+1.205760E-06,-1.091597E+02,+2.788146E+00
+6.257324E+02,+5.266507E-06,+2.209961E-07,-1.055619E+02,+4.193795E-02
+6.259766E+02,+2.247099E-06,-2.808041E-07,-1.129003E+02,-1.243185E-01
+6.262207E+02,-7.315441E-06,-3.722961E-06,-1.017149E+02,-2.670836E+00
+6.264648E+02,+4.932740E-06,+2.336307E-06,-1.052593E+02,+4.423322E-01
+6.267090E+02,-5.186559E-06,+2.716752E-06,-1.046494E+02,+2.659082E+00
+6.269531E+02,+5.846601E-06,-3.281808E-06,-1.034724E+02,-5.114918E-01
+6.271973E+02,-2.579023E-07,-9.941234E-07,-1.197683E+02,-1.824628E+00
+6.274414E+02,-6.499011E-06,+4.337901E-06,-1.021428E+02,+2.553034E+00
+6.276855E+02,+9.347161E-07,-2.323326E-06,-1.120263E+02,-1.188293E+00
+6.279297E+02,+3.685142E-06,-1.718060E-06,-1.078167E+02,-4.362544E-01
+6.281738E+02,-3.567976E-06,+7.886073E-06,-1.012540E+02,+1.995678E+00
+6.284180E+02,+8.059278E-06,-7.686974E-06,-9.906433E+01,-7.617586E-01
+6.286621E+02,-1.050957E-05,-1.442456E-06,-9.948724E+01,-3.005193E+00
+6.289062E+02,+9.428340E-06,+4.670161E-06,-9.955836E+01,+4.599065E-01
+6.291504E+02,-7.506770E-06,+3.301193E-06,-1.017231E+02,+2.727285E+00
+6.293945E+02,+7.466672E-06,-1.020660E-05,-9.796082E+01,-9.392061E-01
+6.296387E+02,-4.749033E-06,+1.146242E-05,-9.812646E+01,+1.963580E+00
+6.298828E+02,+5.051207E-07,-9.345528E-06,-1.005753E+02,-1.516799E+00
+6.301270E+02,+1.366713E-06,+5.037605E-06,-1.056471E+02,+1.305871E+00
+6.303711E+02,-4.700691E-06,-3.304004E-06,-1.048132E+02,-2.528939E+00
+6.306152E+02,+6.526654E-06,+2.297983E-06,-1.031986E+02,+3.385373E-01
+6.308594E+02,-4.815970E-06,+3.156288E-06,-1.047944E+02,+2.561445E+00
+6.311035E+02,+5.974856E-06,-6.398965E-07,-1.044239E+02,-1.066916E-01
+6.313477E+02,-1.640989E-06,-7.557449E-06,-1.022324E+02,-1.784613E+00
+6.315918E+02,-4.802001E-06,+8.075001E-06,-1.005421E+02,+2.107291E+00
+6.318359E+02,+5.452843E-06,-3.504337E-06,-1.037661E+02,-5.711997E-01
+6.320801E+02,-6.988064E-06,-4.121372E-06,-1.018165E+02,-2.608727E+00
+6.323242E+02,+5.019247E-06,+8.290629E-06,-1.002721E+02,+1.026407E+00
+6.325684E+02,-2.231549E-06,-5.119566E-06,-1.050599E+02,-1.981851E+00
+6.328125E+02,+3.619332E-06,+2.642027E-06,-1.069724E+02,+6.305624E-01
+6.330566E+02,-2.058812E-06,-1.934125E-06,-1.109802E+02,-2.387411E+00
+6.333008E+02,-2.368945E-06,-2.473212E-07,-1.124618E+02,-3.037568E+00
+6.335449E+02,+4.840670E-06,+5.512392E-06,-1.026907E+02,+8.501889E-01
+6.337891E+02,-1.897323E-06,-8.862779E-06,-1.008540E+02,-1.781691E+00
+6.340332E+02,+1.216560E-06,+5.756080E-06,-1.046077E+02,+1.362509E+00
+6.342773E+02,-2.725046E-06,-3.563350E-06,-1.069630E+02,-2.223666E+00
+6.345215E+02,-2.453685E-06,+3.718348E-06,-1.070231E+02,+2.154090E+00
+6.347656E+02,+5.821415E-06,-3.663119E-06,-1.032507E+02,-5.616488E-01
+6.350098E+02,-3.600698E-06,+8.242776E-06,-1.009201E+02,+1.982645E+00
+6.352539E+02,-1.093050E-06,-7.653907E-06,-1.022346E+02,-1.712647E+00
+6.354980E+02,+4.063840E-06,-1.806408E-06,-1.070382E+02,-4.182771E-01
+6.357422E+02,+2.685458E-06,+7.391486E-06,-1.020869E+02,+1.222307E+00
+6.359863E+02,-7.710280E-06,-6.056436E-06,-1.001715E+02,-2.475755E+00
+6.362305E+02,+4.809075E-06,+4.552312E-08,-1.063584E+02,+9.465803E-03
+6.364746E+02,-2.092761E-06,+4.536300E-06,-1.060280E+02,+2.003037E+00
+6.367188E+02,+3.134091E-06,-4.014342E-06,-1.058607E+02,-9.079204E-01
+6.369629E+02,-1.963144E-06,+1.934057E-06,-1.111950E+02,+2.363658E+00
+6.372070E+02,-3.187203E-06,+9.754857E-07,-1.095429E+02,+2.844583E+00
+6.374512E+02,+8.172904E-06,-2.489993E-06,-1.013670E+02,-2.957305E-01
+6.376953E+02,-5.233903E-06,+1.520833E-06,-1.052715E+02,+2.858806E+00
+6.379395E+02,-9.703867E-08,+2.599066E-07,-1.311369E+02,+1.928128E+00
+6.381836E+02,-2.193718E-06,-1.331378E-06,-1.118145E+02,-2.596112E+00
+6.384277E+02,+7.339982E-06,-2.188710E-06,-1.023161E+02,-2.897955E-01
+6.386719E+02,-9.200054E-06,+1.746279E-06,-1.005705E+02,+2.954012E+00
+6.389160E+02,+6.089505E-06,+2.719079E-06,-1.035188E+02,+4.199552E-01
+6.391602E+02,+2.854118E-06,-1.740295E-06,-1.095177E+02,-5.475569E-01
+6.394043E+02,-4.905634E-06,-2.327377E-06,-1.053044E+02,-2.698610E+00
+6.396484E+02,-2.576137E-06,+2.418063E-06,-1.090366E+02,+2.387836E+00
+6.398926E+02,+5.476511E-06,-4.402221E-06,-1.030652E+02,-6.770760E-01
+6.401367E+02,-3.926971E-07,+6.157395E-06,-1.041944E+02,+1.634487E+00
+6.403809E+02,-6.268641E-06,-5.308522E-07,-1.040255E+02,-3.057111E+00
+6.406250E+02,+4.443552E-06,+8.199298E-07,-1.069000E+02,+1.824688E-01
+6.408691E+02,-3.951276E-07,-7.770596E-06,-1.021797E+02,-1.621602E+00
+6.411133E+02,+1.403703E-06,+8.315431E-06,-1.014803E+02,+1.403566E+00
+6.413574E+02,-2.053058E-06,-5.685768E-06,-1.043720E+02,-1.917314E+00
+6.416016E+02,+5.600489E-06,+4.582085E-06,-1.028099E+02,+6.857153E-01
+6.418457E+02,-9.626749E-06,-1.360482E-06,-1.002445E+02,-3.001199E+00
+6.420898E+02,+5.072033E-06,-2.145018E-06,-1.051818E+02,-4.000998E-01
+6.423340E+02,-1.945650E-06,-1.355031E-06,-1.125014E+02,-2.533259E+00
+6.425781E+02,+4.486526E-06,+1.672474E-06,-1.063967E+02,+3.568205E-01
+6.428223E+02,-3.922559E-06,+2.633294E-06,-1.065129E+02,+2.550375E+00
+6.430664E+02,+4.224503E-06,-3.228059E-06,-1.054872E+02,-6.524816E-01
+6.433105E+02,-4.425116E-06,+2.286905E-06,-1.060535E+02,+2.664595E+00
+6.435547E+02,+4.432850E-06,-6.134384E-06,-1.024199E+02,-9.450477E-01
+6.437988E+02,-6.994749E-07,+9.075427E-06,-1.008169E+02,+1.647718E+00
+6.440430E+02,-5.791167E-06,-3.012926E-06,-1.037043E+02,-2.661867E+00
+6.442871E+02,+8.087479E-06,-2.183524E-06,-1.015382E+02,-2.637008E-01
+6.445312E+02,-1.318059E-05,+3.707223E-06,-9.727065E+01,+2.867413E+00
+6.447754E+02,+1.451695E-05,-1.834022E-06,-9.669373E+01,-1.256708E-01
+6.450195E+02,-8.170629E-06,-5.342977E-06,-1.002088E+02,-2.562463E+00
+6.452637E+02,+2.229054E-06,+4.511827E-06,-1.059645E+02,+1.111923E+00
+6.455078E+02,+1.639754E-06,+6.573887E-08,-1.156974E+02,+4.006923E-02
+6.457520E+02,-5.923776E-06,+5.286756E-07,-1.045136E+02,+3.052582E+00
+6.459961E+02,+1.074406E-05,-2.069103E-06,-9.921848E+01,-1.902519E-01
+6.462402E+02,-9.502746E-06,-7.125148E-07,-1.004187E+02,-3.066753E+00
+6.464844E+02,+3.530042E-07,+6.975440E-06,-1.031175E+02,+1.520233E+00
+6.467285E+02,+7.861850E-06,-4.715361E-06,-1.007550E+02,-5.402559E-01
+6.469727E+02,-4.956470E-06,-2.972099E-06,-1.047625E+02,-2.601438E+00
+6.472168E+02,-6.137041E-06,+4.653627E-06,-1.022680E+02,+2.492810E+00
+6.474609E+02,+5.983303E-06,-2.882178E-06,-1.035549E+02,-4.489036E-01
+6.477051E+02,+2.882128E-06,+1.743085E-06,-1.094520E+02,+5.439347E-01
+6.479492E+02,-5.854079E-06,-1.665552E-06,-1.043128E+02,-2.864405E+00
+6.481934E+02,+3.183033E-06,-8.596168E-07,-1.096375E+02,-2.637698E-01
+6.484375E+02,-3.357671E-06,+1.665604E-06,-1.085238E+02,+2.681103E+00
+6.486816E+02,+5.138628E-06,+8.229969E-07,-1.056731E+02,+1.588102E-01
+6.489258E+02,-4.535009E-06,-1.407690E-06,-1.064689E+02,-2.840617E+00
+6.491699E+02,+2.801685E-06,+4.268381E-06,-1.058388E+02,+9.899483E-01
+6.494141E+02,-2.468179E-06,-9.144391E-06,-1.004715E+02,-1.834426E+00
+6.496582E+02,+3.362713E-06,+6.705610E-06,-1.024970E+02,+1.105967E+00
+6.499023E+02,-5.407652E-06,+1.617769E-06,-1.049676E+02,+2.850904E+00
+6.501465E+02,+6.934036E-06,-4.372283E-06,-1.017265E+02,-5.625831E-01
+6.503906E+02,-5.848484E-06,-5.350163E-07,-1.046229E+02,-3.050367E+00
+6.506348E+02,+9.203445E-07,+2.628092E-06,-1.111048E+02,+1.233948E+00
+6.508789E+02,+6.445674E-06,+1.809989E-06,-1.034850E+02,+2.737567E-01
+6.511230E+02,-7.221997E-06,-8.674409E-07,-1.027646E+02,-3.022054E+00
+6.513672E+02,+8.696384E-07,-6.576203E-06,-1.035652E+02,-1.439319E+00
+6.516113E+02,+2.815198E-07,+7.781634E-06,-1.021729E+02,+1.534635E+00
+6.518555E+02,+3.550547E-06,-4.283513E-06,-1.050927E+02,-8.786880E-01
+6.520996E+02,-3.219558E-07,+3.527899E-06,-1.090137E+02,+1.661804E+00
+6.523438E+02,-6.330705E-06,-2.907646E-06,-1.031397E+02,-2.711038E+00
+6.525879E+02,+7.933753E-06,+3.153047E-06,-1.013736E+02,+3.782819E-01
+6.528320E+02,-7.545901E-06,-9.370845E-06,-9.839371E+01,-2.248732E+00
+6.530762E+02,+4.267314E-06,+1.521355E-05,-9.602647E+01,+1.297329E+00
+6.533203E+02,-1.909379E-06,-1.014258E-05,-9.972578E+01,-1.756872E+00
+6.535645E+02,+5.103179E-08,+2.477460E-06,-1.121180E+02,+1.550201E+00
+6.538086E+02,+3.746136E-06,+6.119894E-07,-1.084139E+02,+1.619350E-01
+6.540527E+02,-7.061447E-06,-5.383807E-06,-1.010320E+02,-2.490188E+00
+6.542969E+02,+6.065408E-06,+8.822071E-06,-9.940746E+01,+9.684910E-01
+6.545410E+02,+1.451370E-06,-8.485415E-06,-1.013013E+02,-1.401393E+00
+6.547852E+02,-7.261697E-06,+7.943908E-06,-9.936150E+01,+2.311359E+00
+6.550293E+02,+7.724199E-06,-5.749269E-06,-1.003284E+02,-6.398554E-01
+6.552734E+02,-4.367409E-06,+7.153934E-06,-1.015333E+02,+2.118894E+00
+6.555176E+02,-1.676411E-06,-1.368134E-05,-9.721271E+01,-1.692721E+00
+6.557617E+02,+1.058193E-06,+1.234097E-05,-9.814120E+01,+1.485259E+00
+6.560059E+02,+1.491991E-06,-1.774676E-08,-1.165241E+02,-1.189412E-02
+6.562500E+02,-6.737902E-07,-1.556396E-06,-1.154116E+02,-1.979353E+00
+6.564941E+02,+9.954219E-07,-8.380364E-06,-1.014739E+02,-1.452570E+00
+6.567383E+02,-6.506185E-07,+1.124582E-05,-9.896567E+01,+1.628586E+00
+6.569824E+02,+1.269385E-07,-4.516956E-06,-1.068997E+02,-1.542701E+00
+6.572266E+02,+4.084500E-10,-3.605267E-06,-1.088613E+02,-1.570683E+00
+6.574707E+02,+9.236128E-07,+5.408250E-06,-1.052140E+02,+1.401650E+00
+6.577148E+02,-2.752773E-06,-2.184948E-06,-1.090827E+02,-2.470689E+00
+6.579590E+02,-1.150912E-06,+2.449595E-06,-1.113519E+02,+2.010024E+00
+6.582031E+02,+6.195499E-06,-5.720157E-06,-1.014810E+02,-7.455271E-01
+6.584473E+02,-1.970193E-06,+6.264048E-06,-1.036532E+02,+1.875524E+00
+6.586914E+02,-3.717871E-06,-3.550264E-06,-1.057795E+02,-2.379251E+00
+6.589355E+02,-6.193098E-07,+3.580519E-06,-1.087931E+02,+1.742068E+00
+6.591797E+02,+1.284652E-06,-6.262099E-06,-1.038866E+02,-1.368456E+00
+6.594238E+02,+5.477964E-06,+6.491586E-06,-1.014177E+02,+8.698800E-01
+6.596680E+02,-5.766391E-06,-7.986220E-06,-1.001309E+02,-2.196163E+00
+6.599121E+02,+2.029900E-06,+1.322895E-05,-9.746842E+01,+1.418540E+00
+6.601562E+02,+1.440149E-06,+9.004480E-07,-1.153988E+02,+5.587765E-01
+6.604004E+02,-2.659249E-07,-1.667548E-05,-9.555733E+01,-1.586742E+00
+6.606445E+02,-4.143965E-06,+8.560345E-06,-1.004358E+02,+2.021634E+00
+6.608887E+02,+4.643617E-06,-3.981376E-06,-1.042696E+02,-7.087669E-01
+6.611328E+02,-2.775586E-06,+9.192901E-06,-1.003521E+02,+1.864020E+00
+6.613770E+02,+2.674807E-06,-8.474007E-06,-1.010257E+02,-1.265046E+00
+6.616211E+02,-4.002986E-07,+4.286490E-06,-1.073203E+02,+1.663912E+00
+6.618652E+02,-8.716321E-07,-2.507235E-06,-1.115206E+02,-1.905373E+00
+6.621094E+02,-4.247903E-06,+4.408868E-06,-1.042617E+02,+2.337603E+00
+6.623535E+02,+1.087369E-05,-4.846017E-06,-9.848566E+01,-4.192427E-01
+6.625977E+02,-8.555102E-06,-7.221665E-07,-1.013247E+02,-3.057379E+00
+6.628418E+02,+2.842778E-06,+2.668681E-06,-1.081806E+02,+7.538206E-01
+6.630859E+02,-2.622928E-06,+2.260104E-07,-1.115921E+02,+3.055638E+00
+6.633301E+02,+2.949486E-06,+3.309965E-06,-1.070652E+02,+8.429242E-01
+6.635742E+02,-2.142679E-06,-7.729836E-06,-1.019151E+02,-1.841203E+00
+6.638184E+02,+1.169751E-06,+5.632678E-06,-1.048023E+02,+1.366035E+00
+6.640625E+02,+1.405771E-06,-1.607232E-06,-1.134109E+02,-8.521625E-01
+6.643066E+02,-1.366546E-06,-3.371536E-06,-1.087829E+02,-1.955879E+00
+6.645508E+02,-2.177001E-07,+6.824850E-06,-1.033137E+02,+1.602684E+00
+6.647949E+02,+2.765915E-06,-4.155490E-06,-1.060348E+02,-9.835291E-01
+6.650391E+02,+2.187145E-06,+1.840651E-06,-1.108769E+02,+6.995836E-01
+6.652832E+02,-9.773757E-06,-5.928909E-06,-9.883797E+01,-2.596323E+00
+6.655273E+02,+4.787889E-06,+5.657067E-06,-1.026022E+02,+8.684219E-01
+6.657715E+02,+5.979591E-07,+5.002580E-07,-1.221623E+02,+6.966684E-01
+6.660156E+02,-3.778681E-07,-4.627144E-06,-1.066649E+02,-1.652279E+00
+6.662598E+02,+2.524886E-06,+4.388357E-06,-1.059121E+02,+1.048691E+00
+6.665039E+02,-2.439659E-06,-5.988504E-07,-1.119993E+02,-2.900887E+00
+6.667480E+02,-7.325082E-07,-2.489161E-06,-1.117182E+02,-1.856996E+00
+6.669922E+02,-6.231408E-09,+3.619158E-06,-1.088278E+02,+1.572518E+00
+6.672363E+02,-7.469426E-07,-2.128908E-06,-1.129327E+02,-1.908234E+00
+6.674805E+02,+5.342681E-07,+6.192293E-07,-1.217465E+02,+8.589207E-01
+6.677246E+02,+9.106902E-06,-1.966238E-08,-1.008126E+02,-2.159060E-03
+6.679688E+02,-9.051131E-06,-2.110484E-06,-1.006360E+02,-2.912512E+00
+6.682129E+02,-2.061328E-06,+6.380862E-06,-1.034713E+02,+1.883262E+00
+6.684570E+02,+4.753414E-06,-7.272307E-06,-1.012216E+02,-9.918720E-01
+6.687012E+02,-1.039937E-06,+4.442361E-06,-1.068160E+02,+1.800751E+00
+6.689453E+02,+3.860750E-06,-6.811199E-06,-1.021255E+02,-1.055128E+00
+6.691895E+02,-6.082842E-06,+4.669126E-06,-1.023061E+02,+2.486929E+00
+6.694336E+02,-2.448212E-07,+3.185761E-06,-1.099102E+02,+1.647494E+00
+6.696777E+02,+5.673148E-07,-3.974600E-06,-1.079265E+02,-1.429019E+00
+6.699219E+02,+9.213006E-06,+1.057128E-06,-1.006552E+02,+1.142433E-01
+6.701660E+02,-1.397259E-05,-3.316647E-06,-9.685641E+01,-2.908538E+00
+6.704102E+02,+7.610807E-06,+4.624746E-06,-1.010066E+02,+5.460293E-01
+6.706543E+02,+1.040831E-06,-2.160277E-06,-1.124032E+02,-1.121811E+00
+6.708984E+02,-3.806459E-06,+2.530229E-06,-1.068004E+02,+2.554939E+00
+6.711426E+02,+2.119720E-06,-2.678348E-06,-1.093305E+02,-9.013040E-01
+6.713867E+02,+8.340860E-08,-7.147058E-07,-1.228587E+02,-1.454618E+00
+6.716309E+02,-2.203007E-06,-5.748306E-07,-1.128536E+02,-2.886354E+00
+6.718750E+02,+5.005832E-07,+2.333940E-06,-1.124429E+02,+1.359517E+00
+6.721191E+02,+5.255851E-06,-6.120844E-07,-1.055286E+02,-1.159355E-01
+6.723633E+02,-3.557835E-06,-4.197649E-07,-1.089162E+02,-3.024152E+00
+6.726074E+02,-3.486444E-06,-1.248874E-06,-1.086280E+02,-2.797624E+00
+6.728516E+02,+6.820942E-06,+5.001155E-06,-1.014547E+02,+6.326660E-01
+6.730957E+02,-9.007190E-06,-4.708811E-06,-9.985889E+01,-2.659885E+00
+6.733398E+02,+8.030832E-06,+8.724434E-07,-1.018538E+02,+1.082124E-01
+6.735840E+02,-1.823077E-06,-7.219952E-07,-1.141512E+02,-2.764512E+00
+6.738281E+02,-1.689993E-06,-1.018461E-07,-1.154266E+02,-3.081401E+00
+6.740723E+02,-8.927895E-07,+4.593453E-06,-1.065962E+02,+1.762764E+00
+6.743164E+02,+3.640412E-06,-4.714744E-06,-1.045000E+02,-9.132797E-01
+6.745605E+02,-2.365481E-06,+4.241292E-06,-1.062738E+02,+2.079552E+00
+6.748047E+02,+3.432307E-06,-2.471279E-06,-1.074744E+02,-6.240265E-01
+6.750488E+02,-8.532612E-06,-8.414092E-06,-9.842838E+01,-2.363188E+00
+6.752930E+02,+4.705354E-06,+1.070976E-05,-9.863789E+01,+1.156833E+00
+6.755371E+02,+7.843693E-07,+8.916419E-07,-1.185070E+02,+8.493156E-01
+6.757812E+02,+3.723246E-06,-4.238679E-06,-1.049718E+02,-8.500451E-01
+6.760254E+02,-8.626316E-06,-6.689484E-06,-9.923860E+01,-2.481987E+00
+6.762695E+02,+5.934611E-06,+1.201766E-05,-9.745587E+01,+1.112102E+00
+6.765137E+02,-2.066374E-06,-6.336399E-06,-1.035242E+02,-1.886033E+00
+6.767578E+02,+1.239776E-06,+3.181465E-06,-1.093335E+02,+1.199212E+00
+6.770020E+02,+1.855991E-07,-5.707876E-06,-1.048659E+02,-1.538291E+00
+6.772461E+02,-1.471079E-07,+3.516319E-06,-1.090706E+02,+1.612608E+00
+6.774902E+02,-9.447566E-07,+4.585081E-08,-1.204834E+02,+3.093099E+00
+6.777344E+02,-2.779742E-06,+2.104727E-06,-1.091518E+02,+2.493521E+00
+6.779785E+02,+1.950596E-06,-2.304352E-06,-1.104025E+02,-8.683472E-01
+6.782227E+02,+4.186654E-06,-3.574007E-06,-1.051853E+02,-7.066188E-01
+6.784668E+02,-4.348416E-06,+6.567791E-06,-1.020730E+02,+2.155618E+00
+6.787109E+02,+2.431909E-06,-5.519351E-06,-1.043917E+02,-1.155774E+00
+6.789551E+02,-8.612271E-07,+3.163959E-06,-1.096850E+02,+1.836557E+00
+6.791992E+02,-2.646337E-06,-5.358135E-06,-1.044718E+02,-2.029545E+00
+6.794434E+02,+5.894141E-06,+6.521449E-06,-1.011199E+02,+8.358811E-01
+6.796875E+02,-5.663349E-06,-1.629022E-06,-1.045933E+02,-2.861511E+00
+6.799316E+02,-1.681181E-06,+1.867341E-06,-1.119974E+02,+2.303781E+00
+6.801758E+02,+2.428423E-06,-1.184027E-06,-1.113673E+02,-4.536544E-01
+6.804199E+02,+2.406461E-06,+2.632255E-07,-1.123208E+02,+1.089497E-01
+6.806641E+02,-4.185881E-06,-6.256592E-07,-1.074683E+02,-2.993222E+00
+6.809082E+02,+5.296653E-06,-1.618311E-06,-1.051324E+02,-2.965267E-01
+6.811523E+02,-2.627694E-06,+1.233521E-07,-1.115989E+02,+3.094684E+00
+6.813965E+02,-3.021748E-06,+6.117341E-06,-1.033205E+02,+2.029604E+00
+6.816406E+02,+3.170249E-06,-8.469783E-06,-1.008731E+02,-1.212639E+00
+6.818848E+02,+3.219368E-06,+3.281664E-06,-1.067503E+02,+7.949803E-01
+6.821289E+02,-6.245893E-06,-1.189004E-07,-1.040865E+02,-3.122558E+00
+6.823730E+02,+1.931688E-06,+2.656350E-06,-1.096707E+02,+9.420502E-01
+6.826172E+02,+8.804353E-07,-2.687667E-06,-1.109698E+02,-1.254230E+00
+6.828613E+02,-3.435727E-06,+5.012814E-06,-1.043259E+02,+2.171649E+00
+6.831055E+02,+6.685223E-06,-1.073976E-05,-9.795786E+01,-1.014016E+00
+6.833496E+02,-6.611202E-06,+8.891574E-06,-9.910915E+01,+2.210147E+00
+6.835938E+02,+7.122967E-06,+7.148235E-08,-1.029464E+02,+1.003514E-02
+6.838379E+02,-9.325821E-06,-4.440665E-06,-9.971874E+01,-2.697191E+00
+6.840820E+02,+8.681192E-06,-2.533560E-06,-1.008734E+02,-2.839582E-01
+6.843262E+02,-5.201654E-06,+7.756427E-06,-1.005939E+02,+2.161534E+00
+6.845703E+02,+2.343091E-06,-2.529007E-06,-1.092497E+02,-8.235390E-01
+6.848145E+02,-2.471100E-06,+5.977034E-07,-1.118953E+02,+2.904273E+00
+6.850586E+02,-2.370514E-06,-5.015341E-06,-1.051183E+02,-2.012328E+00
+6.853027E+02,+4.608811E-06,+3.203678E-06,-1.050163E+02,+6.074435E-01
+6.855469E+02,+4.192654E-06,+6.017120E-06,-1.026935E+02,+9.622297E-01
+6.857910E+02,-9.604013E-06,-8.034694E-06,-9.804672E+01,-2.444931E+00
+6.860352E+02,+1.128565E-05,+3.254636E-06,-9.860252E+01,+2.807690E-01
+6.862793E+02,-1.361511E-05,-3.989620E-07,-9.731584E+01,-3.112298E+00
+6.865234E+02,+8.378104E-06,+5.396474E-06,-1.000299E+02,+5.722280E-01
+6.867676E+02,+8.798258E-07,-7.958045E-06,-1.019311E+02,-1.460685E+00
+6.870117E+02,-4.793626E-07,+2.221909E-06,-1.128679E+02,+1.783283E+00
+6.872559E+02,-3.424167E-06,+4.959208E-06,-1.043987E+02,+2.175095E+00
+6.875000E+02,-1.951295E-06,-1.092212E-05,-9.909741E+01,-1.747586E+00
+6.877441E+02,+9.585121E-06,+9.593517E-06,-9.735394E+01,+7.858359E-01
+6.879883E+02,-7.246874E-06,-8.497562E-06,-9.904044E+01,-2.276924E+00
+6.882324E+02,-3.103532E-07,+7.604868E-06,-1.023709E+02,+1.611583E+00
+6.884766E+02,+6.482464E-07,+3.213889E-06,-1.096862E+02,+1.371765E+00
+6.887207E+02,+1.620540E-06,-1.094607E-05,-9.912067E+01,-1.423816E+00
+6.889648E+02,-7.457340E-08,+7.487895E-06,-1.025124E+02,+1.580755E+00
+6.892090E+02,+2.593815E-06,-1.892706E-07,-1.116982E+02,-7.284085E-02
+6.894531E+02,-4.416604E-06,+1.676615E-07,-1.070920E+02,+3.103649E+00
+6.896973E+02,+3.283996E-07,-5.393581E-06,-1.053464E+02,-1.509984E+00
+6.899414E+02,+3.548501E-06,+5.013812E-06,-1.042331E+02,+9.548911E-01
+6.901855E+02,-3.121874E-06,+3.613291E-07,-1.100539E+02,+3.026364E+00
+6.904297E+02,-2.120698E-06,-2.641312E-06,-1.094029E+02,-2.247300E+00
+6.906738E+02,+3.226836E-06,+1.872631E-06,-1.085639E+02,+5.258310E-01
+6.909180E+02,+4.118691E-06,+1.323741E-06,-1.072779E+02,+3.109711E-01
+6.911621E+02,-6.574054E-06,-1.128284E-06,-1.035173E+02,-2.971622E+00
+6.914062E+02,+3.333153E-06,+4.452962E-06,-1.050950E+02,+9.282399E-01
+6.916504E+02,-3.300956E-06,-1.000438E-05,-9.954739E+01,-1.889500E+00
+6.918945E+02,+3.010866E-06,+5.785652E-06,-1.037121E+02,+1.090961E+00
+6.921387E+02,-2.848307E-06,-3.073747E-06,-1.075546E+02,-2.318145E+00
+6.923828E+02,+3.003775E-06,+2.935370E-08,-1.104462E+02,+9.771960E-03
+6.926270E+02,+1.322395E-06,+3.791468E-06,-1.079253E+02,+1.235207E+00
+6.928711E+02,-4.016335E-06,+1.465134E-06,-1.073808E+02,+2.791800E+00
+6.931152E+02,+2.323926E-06,-8.277747E-06,-1.013123E+02,-1.297098E+00
+6.933594E+02,+3.024681E-06,+7.219061E-06,-1.021280E+02,+1.174031E+00
+6.936035E+02,-5.136336E-06,-1.255102E-06,-1.055351E+02,-2.901932E+00
+6.938477E+02,+1.345066E-06,+3.488827E-06,-1.085446E+02,+1.202821E+00
+6.940918E+02,+4.634048E-06,-9.067395E-06,-9.984254E+01,-1.098334E+00
+6.943359E+02,-4.231017E-06,+4.835394E-06,-1.038423E+02,+2.289632E+00
+6.945801E+02,-1.765750E-06,-3.317254E-07,-1.149108E+02,-2.955891E+00
+6.948242E+02,+6.439013E-07,+3.165820E-07,-1.228833E+02,+4.569553E-01
+6.950684E+02,+1.653120E-06,-5.270463E-07,-1.152135E+02,-3.086314E-01
+6.953125E+02,+1.977997E-06,+9.823638E-07,-1.131180E+02,+4.609606E-01
+6.955566E+02,-1.714999E-06,+1.382828E-06,-1.131395E+02,+2.463014E+00
+6.958008E+02,+8.463193E-07,-1.926048E-06,-1.135400E+02,-1.156786E+00
+6.960449E+02,-6.939399E-09,-1.466348E-06,-1.166752E+02,-1.575529E+00
+6.962891E+02,-1.292176E-06,+7.908862E-07,-1.163918E+02,+2.592354E+00
+6.965332E+02,-2.417313E-06,+2.076667E-06,-1.099328E+02,+2.431850E+00
+6.967773E+02,+6.776713E-06,-3.425189E-06,-1.023916E+02,-4.679862E-01
+6.970215E+02,-6.676646E-06,+2.967394E-06,-1.027260E+02,+2.723369E+00
+6.972656E+02,+3.065787E-06,-4.503162E-06,-1.052757E+02,-9.730675E-01
+6.975098E+02,+1.516177E-06,+6.456259E-06,-1.035672E+02,+1.340138E+00
+6.977539E+02,-5.533362E-07,-6.891202E-06,-1.032062E+02,-1.650920E+00
+6.979980E+02,-6.703491E-06,+8.424166E-06,-9.935904E+01,+2.242938E+00
+6.982422E+02,+8.306776E-06,-7.018586E-06,-9.927151E+01,-7.015392E-01
+6.984863E+02,+1.426747E-06,+5.289677E-06,-1.052264E+02,+1.307343E+00
+6.987305E+02,-4.736421E-06,-4.540217E-06,-1.036605E+02,-2.377342E+00
+6.989746E+02,-4.019588E-06,-1.432373E-06,-1.073972E+02,-2.799274E+00
+6.992188E+02,+8.211052E-06,+2.808506E-07,-1.017069E+02,+3.419065E-02
+6.994629E+02,-3.744997E-06,+1.245859E-06,-1.080751E+02,+2.820437E+00
+6.997070E+02,-2.767445E-07,+6.222795E-06,-1.041117E+02,+1.615240E+00
+6.999512E+02,-9.061459E-07,-1.576753E-06,-1.148053E+02,-2.092399E+00
+7.001953E+02,+2.330737E-06,-6.477719E-06,-1.032428E+02,-1.225410E+00
+7.004395E+02,-1.485848E-06,-3.702397E-07,-1.162989E+02,-2.897388E+00
+7.006836E+02,+1.511641E-06,+6.854266E-06,-1.030745E+02,+1.353731E+00
+7.009277E+02,-7.677121E-07,-5.945070E-06,-1.044450E+02,-1.699220E+00
+7.011719E+02,-2.937628E-06,+2.414038E-06,-1.083991E+02,+2.453721E+00
+7.014160E+02,+3.214120E-06,+1.295910E-06,-1.092046E+02,+3.832557E-01
+7.016602E+02,+2.186718E-06,-3.916711E-06,-1.069632E+02,-1.061600E+00
+7.019043E+02,-6.552973E-06,+4.819914E-06,-1.017932E+02,+2.507416E+00
+7.021484E+02,+9.282586E-06,-3.183231E-06,-1.001638E+02,-3.303581E-01
+7.023926E+02,-8.053764E-06,+2.797693E-06,-1.013852E+02,+2.807256E+00
+7.026367E+02,+3.700794E-06,-8.132620E-06,-1.009781E+02,-1.143746E+00
+7.028809E+02,-1.597594E-06,+5.627644E-06,-1.046569E+02,+1.847402E+00
+7.031250E+02,+6.965419E-06,+5.062130E-07,-1.031182E+02,+7.254761E-02
+7.033691E+02,-1.195219E-05,+6.013220E-06,-9.747115E+01,+2.675463E+00
+7.036133E+02,+7.109779E-06,-1.484995E-05,-9.566918E+01,-1.124273E+00
+7.038574E+02,-1.740203E-06,+1.086642E-05,-9.916829E+01,+1.729593E+00
+7.041016E+02,+1.344936E-06,-5.936992E-06,-1.043113E+02,-1.348021E+00
+7.043457E+02,-3.040075E-06,+6.265979E-06,-1.031422E+02,+2.022511E+00
+7.045898E+02,-5.025971E-06,-4.051466E-06,-1.038013E+02,-2.463140E+00
+7.048340E+02,+1.506784E-05,+2.233604E-06,-9.634459E+01,+1.471649E-01
+7.050781E+02,-1.141944E-05,-1.274483E-06,-9.879334E+01,-3.030446E+00
+7.053223E+02,+8.651999E-07,+9.930193E-07,-1.176079E+02,+8.540759E-01
+7.055664E+02,+4.523230E-06,-4.539614E-06,-1.038650E+02,-7.872061E-01
+7.058105E+02,-1.925632E-06,+5.841208E-06,-1.042219E+02,+1.889240E+00
+7.060547E+02,-1.514606E-07,-1.891190E-06,-1.144375E+02,-1.650713E+00
+7.062988E+02,+4.277460E-07,+1.031543E-06,-1.190412E+02,+1.177711E+00
+7.065430E+02,-2.732948E-06,-3.277494E-06,-1.073967E+02,-2.265841E+00
+7.067871E+02,+3.824743E-06,+3.171459E-06,-1.060754E+02,+6.922911E-01
+7.070312E+02,-7.636012E-06,+2.487077E-06,-1.019048E+02,+2.826725E+00
+7.072754E+02,+6.285414E-06,-1.170934E-05,-9.752972E+01,-1.078154E+00
+7.075195E+02,+3.727351E-07,+9.554100E-06,-1.003896E+02,+1.531803E+00
+7.077637E+02,-2.628718E-06,-4.203139E-06,-1.060948E+02,-2.129696E+00
+7.080078E+02,+4.908249E-08,+6.077501E-06,-1.043252E+02,+1.562720E+00
+7.082520E+02,+2.632028E-06,-3.136204E-06,-1.077564E+02,-8.725822E-01
+7.084961E+02,+3.948544E-07,+3.305341E-08,-1.280409E+02,+8.351566E-02
+7.087402E+02,-3.634437E-06,-2.817617E-06,-1.067473E+02,-2.482123E+00
+7.089844E+02,+3.475133E-06,+6.176165E-06,-1.029911E+02,+1.058279E+00
+7.092285E+02,-8.590638E-06,-7.356848E-06,-9.893054E+01,-2.433406E+00
+7.094727E+02,+1.336352E-05,+6.350940E-06,-9.659718E+01,+4.436477E-01
+7.097168E+02,-1.110213E-05,-6.877272E-06,-9.768138E+01,-2.586991E+00
+7.099609E+02,+6.975364E-06,+1.356791E-06,-1.029674E+02,+1.921130E-01
+7.102051E+02,-6.804843E-06,+1.098067E-05,-9.777592E+01,+2.125583E+00
+7.104492E+02,+8.738723E-06,-1.161175E-05,-9.675310E+01,-9.256485E-01
+7.106934E+02,-8.128284E-06,+3.706259E-07,-1.017910E+02,+3.096027E+00
+7.109375E+02,+4.328084E-06,+5.716295E-06,-1.028897E+02,+9.227359E-01
+7.111816E+02,+4.182297E-07,-1.143634E-06,-1.182891E+02,-1.220202E+00
+7.114258E+02,-5.025694E-06,-4.396947E-06,-1.035076E+02,-2.422823E+00
+7.116699E+02,+9.540044E-06,+3.068779E-06,-9.998138E+01,+3.112202E-01
+7.119141E+02,-1.127327E-05,+1.807688E-06,-9.884874E+01,+2.982594E+00
+7.121582E+02,+3.617646E-06,-5.683741E-06,-1.034302E+02,-1.003977E+00
+7.124023E+02,+5.507314E-06,+7.329346E-06,-1.007546E+02,+9.263961E-01
+7.126465E+02,-5.168039E-06,-2.276780E-06,-1.049631E+02,-2.726625E+00
+7.128906E+02,+2.199821E-06,-3.446395E-06,-1.077685E+02,-1.002693E+00
+7.131348E+02,-4.127482E-06,+1.990587E-06,-1.067781E+02,+2.692224E+00
+7.133789E+02,+5.787722E-06,+2.857088E-06,-1.038027E+02,+4.585518E-01
+7.136230E+02,-1.687087E-06,-3.785737E-06,-1.076503E+02,-1.990021E+00
+7.138672E+02,-1.074832E-06,-1.719908E-06,-1.138580E+02,-2.129349E+00
+7.141113E+02,-3.191237E-06,+4.399877E-06,-1.052955E+02,+2.198302E+00
+7.143555E+02,+1.166989E-05,-2.745588E-06,-9.842469E+01,-2.310689E-01
+7.145996E+02,-1.044675E-05,+7.707160E-06,-9.773311E+01,+2.505973E+00
+7.148438E+02,-9.506219E-07,-1.096458E-05,-9.916763E+01,-1.657279E+00
+7.150879E+02,+2.876231E-06,+4.667447E-06,-1.052204E+02,+1.018527E+00
+7.153320E+02,-3.305877E-06,+3.783304E-06,-1.059787E+02,+2.288950E+00
+7.155762E+02,+2.095700E-06,-3.655452E-06,-1.075070E+02,-1.050235E+00
+7.158203E+02,+1.043757E-06,-3.000065E-06,-1.099612E+02,-1.235983E+00
+7.160645E+02,+2.196633E-06,+1.645347E-06,-1.112307E+02,+6.428809E-01
+7.163086E+02,-1.063385E-06,+8.697000E-06,-1.011482E+02,+1.692463E+00
+7.165527E+02,-7.662156E-06,-1.016895E-05,-9.790173E+01,-2.216525E+00
+7.167969E+02,+6.709683E-06,+4.513982E-06,-1.018445E+02,+5.922067E-01
+7.170410E+02,+6.255822E-06,-7.690936E-06,-1.000751E+02,-8.879368E-01
+7.172852E+02,-8.888136E-06,+1.722091E-05,-9.425323E+01,+2.047260E+00
+7.175293E+02,+1.825281E-06,-1.437412E-05,-9.677891E+01,-1.444489E+00
+7.177734E+02,+3.867225E-06,+5.166362E-06,-1.038042E+02,+9.282307E-01
+7.180176E+02,-6.764405E-06,-9.129385E-06,-9.889064E+01,-2.208479E+00
+7.182617E+02,+4.213544E-06,+1.659396E-05,-9.532965E+01,+1.322131E+00
+7.185059E+02,+1.366649E-06,-1.213650E-05,-9.826340E+01,-1.458662E+00
+7.187500E+02,-3.124536E-06,+4.291738E-06,-1.055003E+02,+2.200091E+00
+7.189941E+02,+4.593635E-06,-3.231102E-07,-1.067354E+02,-7.022301E-02
+7.192383E+02,-3.274640E-06,+4.932702E-07,-1.095993E+02,+2.992083E+00
+7.194824E+02,-1.107213E-07,-2.013090E-06,-1.139096E+02,-1.625742E+00
+7.197266E+02,+5.995556E-06,-4.346103E-07,-1.044207E+02,-7.236217E-02
+7.199707E+02,-1.393513E-05,+4.338966E-06,-9.671591E+01,+2.839739E+00
+7.202148E+02,+9.932269E-06,-1.289546E-06,-9.998643E+01,-1.291117E-01
+7.204590E+02,-6.037612E-06,-1.625997E-06,-1.040786E+02,-2.878523E+00
+7.207031E+02,+5.645525E-06,-2.930796E-06,-1.039296E+02,-4.788392E-01
+7.209473E+02,+5.671723E-06,+7.742622E-06,-1.003566E+02,+9.385684E-01
+7.211914E+02,-7.942303E-06,-6.447405E-06,-9.980264E+01,-2.459710E+00
+7.214355E+02,-2.626560E-06,-1.552738E-06,-1.103106E+02,-2.607692E+00
+7.216797E+02,+6.374478E-06,+1.002533E-05,-9.850346E+01,+1.004442E+00
+7.219238E+02,-3.607607E-06,-9.861625E-06,-9.957557E+01,-1.921497E+00
+7.221680E+02,+2.924125E-06,+2.436980E-06,-1.083895E+02,+6.947805E-01
+7.224121E+02,-2.165290E-06,+2.884583E-06,-1.088575E+02,+2.214709E+00
+7.226562E+02,+2.152464E-06,-4.534193E-06,-1.059874E+02,-1.127578E+00
+7.229004E+02,-3.723522E-06,+5.557936E-06,-1.034916E+02,+2.161067E+00
+7.231445E+02,+1.871070E-06,-2.668017E-06,-1.097391E+02,-9.592011E-01
+7.233887E+02,+3.699770E-06,-1.754887E-07,-1.086267E+02,-4.739679E-02
+7.236328E+02,-3.448572E-06,-7.440836E-07,-1.090496E+02,-2.929085E+00
+7.238770E+02,-2.733821E-07,+3.019692E-07,-1.278009E+02,+2.306549E+00
+7.241211E+02,-1.472729E-06,+4.221440E-07,-1.162946E+02,+2.862437E+00
+7.243652E+02,+4.449904E-06,-5.783585E-07,-1.069602E+02,-1.292465E-01
+7.246094E+02,-5.470652E-06,+2.484139E-06,-1.044250E+02,+2.715347E+00
+7.248535E+02,+9.685634E-06,-1.339824E-06,-1.001951E+02,-1.374587E-01
+7.250977E+02,-1.343935E-05,-2.549148E-07,-9.743088E+01,-3.122627E+00
+7.253418E+02,+8.762993E-06,+1.068857E-06,-1.010828E+02,+1.213744E-01
+7.255859E+02,-6.336340E-07,-7.207247E-06,-1.028112E+02,-1.658487E+00
+7.258301E+02,-2.707860E-07,+9.385030E-06,-1.005477E+02,+1.599641E+00
+7.260742E+02,+4.155270E-06,-2.600678E-06,-1.061925E+02,-5.592280E-01
+7.263184E+02,-8.126722E-06,-5.159841E-06,-1.003307E+02,-2.575890E+00
+7.265625E+02,-2.298330E-06,+5.899826E-06,-1.039696E+02,+1.942269E+00
+7.268066E+02,+1.017116E-05,-1.133699E-06,-9.979897E+01,-1.110040E-01
+7.270508E+02,-4.038023E-06,-2.749374E-06,-1.062224E+02,-2.543820E+00
+7.272949E+02,+3.843480E-06,+4.679895E-07,-1.082416E+02,+1.211655E-01
+7.275391E+02,-9.209214E-06,+3.823152E-06,-1.000250E+02,+2.748100E+00
+7.277832E+02,+3.292171E-06,-3.335142E-06,-1.065834E+02,-7.918820E-01
+7.280273E+02,+3.962030E-06,-9.822207E-07,-1.077826E+02,-2.430092E-01
+7.282715E+02,+2.253321E-06,+3.749273E-06,-1.071818E+02,+1.029640E+00
+7.285156E+02,-1.044143E-05,-4.166278E-06,-9.898317E+01,-2.761936E+00
+7.287598E+02,+9.757987E-06,+3.997963E-06,-9.953887E+01,+3.888505E-01
+7.290039E+02,-2.086294E-06,-3.338712E-06,-1.080968E+02,-2.129309E+00
+7.292480E+02,-3.062544E-06,+4.050425E-07,-1.102030E+02,+3.010099E+00
+7.294922E+02,+1.300077E-06,+1.022564E-06,-1.156291E+02,+6.664802E-01
+7.297363E+02,+2.095021E-06,+5.041498E-06,-1.052570E+02,+1.176953E+00
+7.299805E+02,-2.845028E-06,-9.314489E-06,-1.002294E+02,-1.867237E+00
+7.302246E+02,+4.888285E-06,+3.314648E-06,-1.045740E+02,+5.958624E-01
+7.304688E+02,-8.311711E-06,+9.203585E-08,-1.016057E+02,+3.130520E+00
+7.307129E+02,+4.391189E-06,+5.599080E-07,-1.070783E+02,+1.268228E-01
+7.309570E+02,+2.837897E-06,+7.275762E-07,-1.106636E+02,+2.509730E-01
+7.312012E+02,-5.674486E-06,-2.522133E-06,-1.041385E+02,-2.723348E+00
+7.314453E+02,+6.548972E-06,-1.152612E-06,-1.035441E+02,-1.742148E-01
+7.316895E+02,-3.528573E-06,+5.062766E-06,-1.041927E+02,+2.179483E+00
+7.319336E+02,-1.105290E-06,-2.428367E-06,-1.114760E+02,-1.997931E+00
+7.321777E+02,-3.988060E-07,-1.455977E-06,-1.164227E+02,-1.838148E+00
+7.324219E+02,+5.347929E-06,+3.613493E-06,-1.038031E+02,+5.942172E-01
+7.326660E+02,-5.648575E-06,-6.139896E-06,-1.015736E+02,-2.314541E+00
+7.329102E+02,-1.381802E-06,+2.339925E-06,-1.113167E+02,+2.104225E+00
+7.331543E+02,+5.212068E-06,+2.434617E-06,-1.048026E+02,+4.369923E-01
+7.333984E+02,-1.061530E-06,-2.014016E-06,-1.128541E+02,-2.055865E+00
+7.336426E+02,-5.661812E-06,+4.015123E-06,-1.031716E+02,+2.524746E+00
+7.338867E+02,+3.771563E-06,-7.691797E-06,-1.013437E+02,-1.114910E+00
+7.341309E+02,+2.942233E-06,+7.296703E-06,-1.020832E+02,+1.187511E+00
+7.343750E+02,-2.409724E-06,-9.317499E-06,-1.003328E+02,-1.823875E+00
+7.346191E+02,+5.487404E-07,+6.352810E-06,-1.039084E+02,+1.484633E+00
+7.348633E+02,-2.282701E-06,+3.115465E-06,-1.082632E+02,+2.203133E+00
+7.351074E+02,+5.804843E-06,-2.716936E-06,-1.038639E+02,-4.377596E-01
+7.353516E+02,-1.007254E-05,-4.146390E-07,-9.992987E+01,-3.100451E+00
+7.355957E+02,+9.646375E-06,+2.309695E-06,-1.000706E+02,+2.350122E-01
+7.358398E+02,-4.758000E-06,-7.290364E-06,-1.012040E+02,-2.149027E+00
+7.360840E+02,+2.045339E-06,+6.569820E-06,-1.032472E+02,+1.268984E+00
+7.363281E+02,-4.583400E-06,+1.242959E-06,-1.064680E+02,+2.876775E+00
+7.365723E+02,+5.774607E-06,-4.304318E-06,-1.028506E+02,-6.405424E-01
+7.368164E+02,-6.844571E-06,-2.601730E-06,-1.027070E+02,-2.778344E+00
+7.370605E+02,+5.242934E-06,+6.765416E-06,-1.013514E+02,+9.115106E-01
+7.373047E+02,+7.585899E-07,-1.562438E-06,-1.152047E+02,-1.118802E+00
+7.375488E+02,-7.776374E-07,-6.034140E-06,-1.043162E+02,-1.698963E+00
+7.377930E+02,-6.775382E-06,+6.443257E-06,-1.005838E+02,+2.381315E+00
+7.380371E+02,+1.016334E-05,-7.451763E-06,-9.799088E+01,-6.326624E-01
+7.382812E+02,-9.304436E-06,+1.233422E-05,-9.622138E+01,+2.217082E+00
+7.385254E+02,+1.186713E-05,-9.867004E-06,-9.623083E+01,-6.936299E-01
+7.387695E+02,-9.608012E-06,+5.559438E-06,-9.909314E+01,+2.617038E+00
+7.390137E+02,-2.933335E-06,-1.351955E-07,-1.106435E+02,-3.095536E+00
+7.392578E+02,+1.272346E-05,-7.404868E-06,-9.664104E+01,-5.270683E-01
+7.395020E+02,-9.681190E-06,+3.945024E-06,-9.961425E+01,+2.754643E+00
+7.397461E+02,-2.699001E-06,+5.330350E-06,-1.044737E+02,+2.039508E+00
+7.399902E+02,+5.879706E-07,-7.794374E-06,-1.021397E+02,-1.495504E+00
+7.402344E+02,+1.012147E-05,+3.719501E-06,-9.934500E+01,+3.521672E-01
+7.404785E+02,-5.774819E-06,+4.971782E-06,-1.023607E+02,+2.430781E+00
+7.407227E+02,-2.017878E-07,-5.669071E-06,-1.049243E+02,-1.606376E+00
+7.409668E+02,-4.191148E-06,+8.019378E-07,-1.073972E+02,+2.952537E+00
+7.412109E+02,+4.699567E-06,-3.073058E-06,-1.050128E+02,-5.791136E-01
+7.414551E+02,+3.320286E-06,+4.251565E-06,-1.053611E+02,+9.077758E-01
+7.416992E+02,-1.069919E-05,-1.261526E-07,-9.941238E+01,-3.129802E+00
+7.419434E+02,+8.397697E-06,-2.441872E-06,-1.011643E+02,-2.829756E-01
+7.421875E+02,-2.012271E-06,+1.470506E-06,-1.120679E+02,+2.510513E+00
+7.424316E+02,+4.872017E-06,+9.545606E-07,-1.060822E+02,+1.934764E-01
+7.426758E+02,-1.109249E-05,+1.004826E-06,-9.906393E+01,+3.051253E+00
+7.429199E+02,+3.204989E-06,-3.907832E-06,-1.059273E+02,-8.838920E-01
+7.431641E+02,+6.282483E-06,+2.093056E-06,-1.035803E+02,+3.215923E-01
+7.434082E+02,-6.713472E-06,-1.176353E-07,-1.034597E+02,-3.124072E+00
+7.436523E+02,+5.461644E-06,-1.244687E-06,-1.050336E+02,-2.240692E-01
+7.438965E+02,-1.026193E-06,+2.067029E-06,-1.127363E+02,+2.031606E+00
+7.441406E+02,-8.257532E-06,-1.403915E-06,-1.015392E+02,-2.973187E+00
+7.443848E+02,+1.274463E-05,+6.419368E-07,-9.788245E+01,+5.032668E-02
+7.446289E+02,-9.004560E-06,+5.610526E-07,-1.008939E+02,+3.079365E+00
+7.448730E+02,+3.949835E-06,+3.033510E-06,-1.060549E+02,+6.549278E-01
+7.451172E+02,-4.775206E-06,-6.775766E-07,-1.063336E+02,-3.000639E+00
+7.453613E+02,+7.193923E-06,-7.459257E-06,-9.969024E+01,-8.035038E-01
+7.456055E+02,-6.558761E-06,+6.980043E-06,-1.003745E+02,+2.325088E+00
+7.458496E+02,+3.945676E-06,-4.653382E-07,-1.080176E+02,-1.173940E-01
+7.460938E+02,-3.287381E-06,+3.906574E-06,-1.058389E+02,+2.270335E+00
+7.463379E+02,+7.027852E-06,-8.958305E-06,-9.887254E+01,-9.055740E-01
+7.465820E+02,-8.086646E-06,+5.232226E-06,-1.003259E+02,+2.567315E+00
+7.468262E+02,+2.220752E-06,+1.619143E-07,-1.130470E+02,+7.278087E-02
+7.470703E+02,+6.842642E-06,+1.104248E-06,-1.031839E+02,+1.599980E-01
+7.473145E+02,-8.566270E-06,-1.210234E-06,-1.012583E+02,-3.001243E+00
+7.475586E+02,+2.059642E-06,-4.110539E-06,-1.067492E+02,-1.106298E+00
+7.478027E+02,+7.380240E-06,+7.818348E-06,-9.937064E+01,+8.142158E-01
+7.480469E+02,-6.995997E-06,-5.161120E-06,-1.012159E+02,-2.505994E+00
+7.482910E+02,+5.341316E-07,+6.250979E-06,-1.040494E+02,+1.485556E+00
+7.485352E+02,+1.203241E-07,-1.085862E-05,-9.928397E+01,-1.559716E+00
+7.487793E+02,+5.390158E-07,+4.524176E-06,-1.068280E+02,+1.452214E+00
+7.490234E+02,+2.052384E-06,+6.015673E-07,-1.133969E+02,+2.851206E-01
+7.492676E+02,-7.390954E-06,+2.613490E-06,-1.021143E+02,+2.801708E+00
+7.495117E+02,+7.854228E-06,-5.543253E-07,-1.020763E+02,-7.045984E-02
+7.497559E+02,-3.649382E-06,-3.701594E-06,-1.056832E+02,-2.349092E+00
+7.500000E+02,+4.000363E-06,+4.028976E-06,-1.049166E+02,+7.889616E-01
+7.502441E+02,-2.280306E-06,-2.942413E-06,-1.085831E+02,-2.230093E+00
+7.504883E+02,+4.752931E-06,+1.404282E-06,-1.060973E+02,+2.872828E-01
+7.507324E+02,-9.539531E-06,-1.233530E-06,-1.003374E+02,-3.012999E+00
+7.509766E+02,+3.649664E-06,+4.175938E-07,-1.086985E+02,+1.139243E-01
+7.512207E+02,-2.892644E-07,+2.597068E-06,-1.116568E+02,+1.681720E+00
+7.514648E+02,+3.639703E-06,-1.560578E-06,-1.080457E+02,-4.050554E-01
+7.517090E+02,+3.006551E-07,-1.039906E-07,-1.299479E+02,-3.329997E-01
+7.519531E+02,-6.047604E-06,-3.570098E-06,-1.030698E+02,-2.608312E+00
+7.521973E+02,+4.796389E-06,+1.017225E-05,-9.897979E+01,+1.130193E+00
+7.524414E+02,+6.907480E-09,-8.353765E-06,-1.015623E+02,-1.569969E+00
+7.526855E+02,-3.797753E-06,-1.392516E-06,-1.078616E+02,-2.790146E+00
+7.529297E+02,+5.963054E-06,+1.809490E-06,-1.041081E+02,+2.946191E-01
+7.531738E+02,-2.161298E-06,+1.915234E-06,-1.107887E+02,+2.416482E+00
+7.534180E+02,-3.173240E-06,+1.533037E-06,-1.090589E+02,+2.691545E+00
+7.536621E+02,+5.585523E-06,-2.238000E-06,-1.044121E+02,-3.810913E-01
+7.539062E+02,-3.081993E-06,+5.871812E-07,-1.100685E+02,+2.953329E+00
+7.541504E+02,+1.164105E-06,+2.433435E-06,-1.113806E+02,+1.124594E+00
+7.543945E+02,-6.017844E-06,-7.177011E-06,-1.005688E+02,-2.268569E+00
+7.546387E+02,+6.053125E-06,+5.695281E-06,-1.016067E+02,+7.549487E-01
+7.548828E+02,-1.343569E-06,-1.568287E-06,-1.137011E+02,-2.279174E+00
+7.551270E+02,-3.015867E-07,-4.040889E-06,-1.078463E+02,-1.645292E+00
+7.553711E+02,+4.028174E-06,+6.641456E-06,-1.021943E+02,+1.025597E+00
+7.556152E+02,-2.208750E-06,-5.991682E-06,-1.038957E+02,-1.923976E+00
+7.558594E+02,+2.558180E-06,+6.381243E-06,-1.032546E+02,+1.189523E+00
+7.561035E+02,-7.633198E-06,-4.700941E-06,-1.009494E+02,-2.589597E+00
+7.563477E+02,+5.212243E-06,+3.997454E-06,-1.036505E+02,+6.542520E-01
+7.565918E+02,-5.122548E-07,-1.266190E-06,-1.172917E+02,-1.955231E+00
+7.568359E+02,+2.153940E-07,-5.325190E-06,-1.054662E+02,-1.530370E+00
+7.570801E+02,+2.088344E-06,+1.878817E-06,-1.110286E+02,+7.326319E-01
+7.573242E+02,-4.268291E-06,+3.540814E-06,-1.051207E+02,+2.449084E+00
+7.575684E+02,-1.226306E-06,-1.112922E-06,-1.156187E+02,-2.404627E+00
+7.578125E+02,+8.161423E-06,+1.947184E-06,-1.015242E+02,+2.342055E-01
+7.580566E+02,-6.256712E-06,-1.602005E-06,-1.037973E+02,-2.890932E+00
+7.583008E+02,+5.114698E-06,-3.901158E-06,-1.038322E+02,-6.516017E-01
+7.585449E+02,-8.047373E-06,+1.936721E-06,-1.016424E+02,+2.905419E+00
+7.587891E+02,+6.021417E-06,-4.913564E-06,-1.021896E+02,-6.844300E-01
+7.590332E+02,-2.436553E-08,+9.600668E-06,-1.003539E+02,+1.573334E+00
+7.592773E+02,-3.298595E-06,-2.524235E-06,-1.076315E+02,-2.488406E+00
+7.595215E+02,+2.858987E-06,-5.543288E-06,-1.041003E+02,-1.094623E+00
+7.597656E+02,-1.565355E-06,+4.107865E-06,-1.071388E+02,+1.934872E+00
+7.600098E+02,-6.636037E-07,+3.316222E-06,-1.094166E+02,+1.768296E+00
+7.602539E+02,+2.487470E-06,-5.285983E-06,-1.046687E+02,-1.130962E+00
+7.604980E+02,+2.543374E-06,+2.711532E-06,-1.085946E+02,+8.173875E-01
+7.607422E+02,-6.280666E-06,-2.999594E-06,-1.031476E+02,-2.696032E+00
+7.609863E+02,+1.702425E-06,-5.029035E-06,-1.054991E+02,-1.244386E+00
+7.612305E+02,+1.862795E-06,+9.495545E-06,-1.002856E+02,+1.377081E+00
+7.614746E+02,+1.550382E-06,+9.571833E-07,-1.147888E+02,+5.531048E-01
+7.617188E+02,-7.664377E-06,-6.149266E-06,-1.001522E+02,-2.465440E+00
+7.619629E+02,+7.708580E-06,+1.131843E-06,-1.021679E+02,+1.457873E-01
+7.622070E+02,-1.467486E-06,-4.381774E-06,-1.067053E+02,-1.893962E+00
+7.624512E+02,-1.790250E-06,+7.223967E-06,-1.025656E+02,+1.813723E+00
+7.626953E+02,+4.319050E-06,-5.455838E-06,-1.031497E+02,-9.011749E-01
+7.629395E+02,-5.646903E-06,+5.151579E-06,-1.023339E+02,+2.402032E+00
+7.631836E+02,+5.324479E-06,-5.302229E-06,-1.024823E+02,-7.833044E-01
+7.634277E+02,-6.211911E-06,+5.873989E-06,-1.013613E+02,+2.384147E+00
+7.636719E+02,+1.448929E-06,-6.309043E-06,-1.037775E+02,-1.345052E+00
+7.639160E+02,+1.899523E-06,+1.507406E-06,-1.123059E+02,+6.708084E-01
+7.641602E+02,-3.685141E-06,-3.344848E-06,-1.060610E+02,-2.404563E+00
+7.644043E+02,+5.726444E-06,+4.715645E-06,-1.025941E+02,+6.888983E-01
+7.646484E+02,-5.578605E-06,+4.082972E-06,-1.032065E+02,+2.509778E+00
+7.648926E+02,-3.971885E-08,-6.309112E-06,-1.040005E+02,-1.577092E+00
+7.651367E+02,+2.389137E-06,-1.583950E-06,-1.108529E+02,-5.854459E-01
+7.653809E+02,-1.946783E-06,+1.177428E-06,-1.128598E+02,+2.597646E+00
+7.656250E+02,-4.448475E-07,+2.255199E-06,-1.127705E+02,+1.765550E+00
+7.658691E+02,+1.564674E-07,-1.130730E-06,-1.188504E+02,-1.433292E+00
+7.661133E+02,-2.759905E-06,+9.253672E-07,-1.107194E+02,+2.818083E+00
+7.663574E+02,+5.291836E-06,+1.127317E-06,-1.053351E+02,+2.098920E-01
+7.666016E+02,-4.060331E-07,-3.558155E-06,-1.089193E+02,-1.684418E+00
+7.668457E+02,-3.227025E-06,+2.765848E-06,-1.074320E+02,+2.432997E+00
+7.670898E+02,-1.727180E-06,+7.831887E-07,-1.144412E+02,+2.715874E+00
+7.673340E+02,-1.420947E-06,-2.129173E-06,-1.118359E+02,-2.159286E+00
+7.675781E+02,+1.476194E-06,+4.967573E-07,-1.161512E+02,+3.246087E-01
+7.678223E+02,+5.891719E-06,+1.671690E-06,-1.042589E+02,+2.764693E-01
+7.680664E+02,-5.288071E-06,+4.334594E-06,-1.033020E+02,+2.454959E+00
+7.683105E+02,-2.283693E-06,-4.844961E-06,-1.054229E+02,-2.011266E+00
+7.685547E+02,+6.391727E-06,+3.146932E-07,-1.038771E+02,+4.919473E-02
+7.687988E+02,-4.940630E-06,+3.236556E-06,-1.045736E+02,+2.561648E+00
+7.690430E+02,+6.438758E-06,-6.642684E-07,-1.037780E+02,-1.028035E-01
+7.692871E+02,-5.153147E-06,-6.987101E-06,-1.012278E+02,-2.206264E+00
+7.695312E+02,+2.518844E-06,+1.056666E-05,-9.928122E+01,+1.336787E+00
+7.697754E+02,-3.964566E-06,-7.864718E-06,-1.011030E+02,-2.037714E+00
+7.700195E+02,+1.089638E-05,+2.516443E-06,-9.902869E+01,+2.269639E-01
+7.702637E+02,-1.341548E-05,+5.063525E-06,-9.686946E+01,+2.780685E+00
+7.705078E+02,+7.714374E-06,-6.298119E-07,-1.022251E+02,-8.146068E-02
+7.707520E+02,-6.337169E-06,-7.381035E-06,-1.002393E+02,-2.280247E+00
+7.709961E+02,+1.165475E-05,+6.901905E-07,-9.865474E+01,+5.915059E-02
+7.712402E+02,-9.507711E-06,+5.632199E-07,-1.004233E+02,+3.082424E+00
+7.714844E+02,+3.855764E-06,+5.857791E-06,-1.030821E+02,+9.886584E-01
+7.717285E+02,-7.531132E-06,-1.534615E-06,-1.022861E+02,-2.940575E+00
+7.719727E+02,+7.806473E-06,-3.587567E-06,-1.013187E+02,-4.307781E-01
+7.722168E+02,+2.782460E-06,-2.441111E-06,-1.086324E+02,-7.201430E-01
+7.724609E+02,-6.424226E-06,+9.279102E-06,-9.894925E+01,+2.176358E+00
+7.727051E+02,-3.413344E-06,-8.795176E-06,-1.005058E+02,-1.940996E+00
+7.729492E+02,+1.091921E-05,+5.904674E-07,-9.922349E+01,+5.402339E-02
+7.731934E+02,-9.457447E-06,+5.896883E-06,-9.905821E+01,+2.584060E+00
+7.734375E+02,+2.854882E-06,-1.373587E-06,-1.099839E+02,-4.484428E-01
+7.736816E+02,+5.636210E-06,-2.625241E-06,-1.041275E+02,-4.358998E-01
+7.739258E+02,-1.074196E-05,+3.677912E-07,-9.937325E+01,+3.107367E+00
+7.741699E+02,+1.015379E-05,-1.679788E-06,-9.975018E+01,-1.639496E-01
+7.744141E+02,-5.101934E-06,+1.140015E-05,-9.806894E+01,+1.991596E+00
+7.746582E+02,+6.295604E-07,-1.391696E-05,-9.712024E+01,-1.525590E+00
+7.749023E+02,-2.654663E-06,+3.441662E-06,-1.072372E+02,+2.227811E+00
+7.751465E+02,+8.498075E-06,-4.788662E-07,-1.013998E+02,-5.629043E-02
+7.753906E+02,-5.236019E-06,+4.655963E-06,-1.030897E+02,+2.414766E+00
+7.756348E+02,-1.330821E-06,-7.759668E-09,-1.175175E+02,-3.135762E+00
+7.758789E+02,+4.165388E-07,-7.604880E-06,-1.023651E+02,-1.516078E+00
+7.761230E+02,+6.982805E-06,+4.782984E-06,-1.014487E+02,+6.005647E-01
+7.763672E+02,-1.011965E-05,+6.511809E-07,-9.987874E+01,+3.077333E+00
+7.766113E+02,+4.096259E-06,-4.145772E-06,-1.046895E+02,-7.914054E-01
+7.768555E+02,-6.001728E-06,+2.938304E-06,-1.035014E+02,+2.686319E+00
+7.770996E+02,+6.162169E-06,+4.702102E-06,-1.022126E+02,+6.518070E-01
+7.773438E+02,+2.021912E-08,-8.412999E-06,-1.015010E+02,-1.568393E+00
+7.775879E+02,-4.366054E-06,+4.740276E-06,-1.038161E+02,+2.315123E+00
+7.778320E+02,+5.894640E-06,+8.215036E-07,-1.045073E+02,+1.384726E-01
+7.780762E+02,-5.522901E-06,+1.758800E-06,-1.047372E+02,+2.833291E+00
+7.783203E+02,+3.112512E-06,-1.530963E-06,-1.091968E+02,-4.571254E-01
+7.785645E+02,+1.087858E-06,-5.477544E-06,-1.050603E+02,-1.374744E+00
+7.788086E+02,-1.821709E-06,+7.240083E-06,-1.025385E+02,+1.817294E+00
+7.790527E+02,-2.999601E-06,-3.937138E-06,-1.061086E+02,-2.221853E+00
+7.792969E+02,+2.211709E-06,+3.912661E-06,-1.069464E+02,+1.056305E+00
+7.795410E+02,+1.987069E-06,-1.131542E-06,-1.128159E+02,-5.176554E-01
+7.797852E+02,-1.777115E-06,+1.129401E-08,-1.150055E+02,+3.135237E+00
+7.800293E+02,-2.829956E-06,-1.064513E-06,-1.103897E+02,-2.781806E+00
+7.802734E+02,+6.640224E-06,+1.559819E-06,-1.033231E+02,+2.307216E-01
+7.805176E+02,-6.398404E-06,+3.925269E-06,-1.024913E+02,+2.591323E+00
+7.807617E+02,+7.301849E-06,-7.739563E-06,-9.946085E+01,-8.144906E-01
+7.810059E+02,-6.916137E-06,+3.728751E-06,-1.020946E+02,+2.647127E+00
+7.812500E+02,+8.719241E-06,-3.512233E-07,-1.011834E+02,-4.025964E-02
+7.814941E+02,-7.131994E-06,+5.996185E-06,-1.006138E+02,+2.442497E+00
+7.817383E+02,+3.001991E-06,-7.683361E-06,-1.016720E+02,-1.198321E+00
+7.819824E+02,-2.420790E-06,+4.124363E-06,-1.064072E+02,+2.101564E+00
+7.822266E+02,+3.474389E-06,-5.508225E-06,-1.037251E+02,-1.008063E+00
+7.824707E+02,+7.994551E-07,+1.088938E-05,-9.923660E+01,+1.497512E+00
+7.827148E+02,-3.444464E-06,-7.213744E-06,-1.019448E+02,-2.016271E+00
+7.829590E+02,+4.032739E-06,-2.404384E-06,-1.065671E+02,-5.376326E-01
+7.832031E+02,-3.996804E-06,+2.725109E-06,-1.063077E+02,+2.543171E+00
+7.834473E+02,+1.953879E-06,-3.637102E-06,-1.076837E+02,-1.077828E+00
+7.836914E+02,-7.524768E-07,+1.048938E-05,-9.956271E+01,+1.642411E+00
+7.839355E+02,+1.963006E-06,-1.117458E-05,-9.890338E+01,-1.396903E+00
+7.841797E+02,-9.512751E-07,+7.211852E-06,-1.027641E+02,+1.701944E+00
+7.844238E+02,+2.444074E-06,-8.879806E-07,-1.116992E+02,-3.484914E-01
+7.846680E+02,+1.160918E-06,+6.461008E-07,-1.175321E+02,+5.078528E-01
+7.849121E+02,-3.786033E-06,-5.973156E-06,-1.030092E+02,-2.135728E+00
+7.851562E+02,-6.445190E-07,+3.752676E-06,-1.083869E+02,+1.740886E+00
+7.854004E+02,+5.559673E-06,-3.128121E-06,-1.039046E+02,-5.124994E-01
+7.856445E+02,-1.800596E-06,+3.244102E-06,-1.086118E+02,+2.077498E+00
+7.858887E+02,-1.078130E-05,+2.686077E-06,-9.908504E+01,+2.897421E+00
+7.861328E+02,+1.548590E-05,+4.805738E-07,-9.619709E+01,+3.102303E-02
+7.863770E+02,-7.124511E-06,-4.648485E-06,-1.014046E+02,-2.563488E+00
+7.866211E+02,-7.309495E-07,+2.515318E-06,-1.116361E+02,+1.853606E+00
+7.868652E+02,+9.556281E-06,+7.312517E-07,-1.003689E+02,+7.637170E-02
+7.871094E+02,-8.741895E-06,-4.103248E-06,-1.003032E+02,-2.702742E+00
+7.873535E+02,+5.966203E-06,+4.946535E-06,-1.022139E+02,+6.922303E-01
+7.875977E+02,+2.065180E-07,-3.080855E-06,-1.102071E+02,-1.503864E+00
+7.878418E+02,+1.489853E-06,-5.830874E-06,-1.044107E+02,-1.320637E+00
+7.880859E+02,-1.138017E-05,+2.027719E-06,-9.874129E+01,+2.965263E+00
+7.883301E+02,+7.634898E-06,+7.124434E-06,-9.962378E+01,+7.508261E-01
+7.885742E+02,-9.753305E-07,-3.502382E-06,-1.087884E+02,-1.842392E+00
+7.888184E+02,+9.258014E-07,+4.352160E-06,-1.070337E+02,+1.361198E+00
+7.890625E+02,+4.801250E-06,-1.451394E-05,-9.631329E+01,-1.251325E+00
+7.893066E+02,-4.456507E-06,+1.740090E-05,-9.491266E+01,+1.821515E+00
+7.895508E+02,+8.910595E-07,-9.491077E-06,-1.004156E+02,-1.477187E+00
+7.897949E+02,+3.366487E-06,+1.455693E-06,-1.087120E+02,+4.081278E-01
+7.900391E+02,-3.613996E-07,-1.852863E-06,-1.144810E+02,-1.763427E+00
+7.902832E+02,+2.925748E-06,-5.096113E-06,-1.046180E+02,-1.049628E+00
+7.905273E+02,-1.093510E-05,+1.445709E-06,-9.914829E+01,+3.010147E+00
+7.907715E+02,+1.474353E-05,+5.144762E-06,-9.612895E+01,+3.357396E-01
+7.910156E+02,-6.120011E-06,-6.311768E-06,-1.011186E+02,-2.340771E+00
+7.912598E+02,-1.034904E-05,-3.967852E-06,-9.910638E+01,-2.775475E+00
+7.915039E+02,+8.324630E-06,+8.667488E-06,-9.840358E+01,+8.055730E-01
+7.917480E+02,-3.953287E-06,-5.172318E-06,-1.037282E+02,-2.223397E+00
+7.919922E+02,+7.814687E-06,+6.533643E-06,-9.983979E+01,+6.963525E-01
+7.922363E+02,-5.239270E-06,-8.723830E-06,-9.984828E+01,-2.111635E+00
+7.924805E+02,+1.032169E-06,+2.848759E-06,-1.103712E+02,+1.223186E+00
+7.927246E+02,-2.505782E-06,+6.701775E-06,-1.029079E+02,+1.928601E+00
+7.929688E+02,+4.319477E-06,+4.752502E-07,-1.072391E+02,+1.095842E-01
+7.932129E+02,+2.114829E-05,-3.825588E-06,-9.335465E+01,-1.789582E-01
+7.934570E+02,-3.383401E-05,-2.592783E-05,-8.740646E+01,-2.487725E+00
+7.937012E+02,+1.905970E-05,+1.944775E-05,-9.129897E+01,+7.954750E-01
+7.939453E+02,-6.700882E-06,+9.275470E-07,-1.033949E+02,+3.004045E+00
+7.941895E+02,-2.239672E-06,-6.783084E-06,-1.029221E+02,-1.889711E+00
+7.944336E+02,+9.745853E-06,-5.346519E-06,-9.908098E+01,-5.017633E-01
+7.946777E+02,+1.650059E-06,-2.168067E-06,-1.112941E+02,-9.202454E-01
+7.949219E+02,-2.668558E-05,-2.856537E-05,-8.815849E+01,-2.322185E+00
+7.951660E+02,-1.589735E-05,+2.849974E-05,-8.972667E+01,+2.079613E+00
+7.954102E+02,-2.307521E-05,+1.492054E-05,-9.122002E+01,+2.567608E+00
+7.956543E+02,+1.747923E-05,+4.783324E-05,-8.586106E+01,+1.220451E+00
+7.958984E+02,+5.910044E-05,+6.340547E-05,-8.124180E+01,+8.205251E-01
+7.961426E+02,+1.900278E-04,-8.618081E-05,-7.361134E+01,-4.257747E-01
+7.963867E+02,-1.661527E-04,-3.690551E-04,-6.785664E+01,-1.993826E+00
+7.966309E+02,-2.387755E-04,+4.135699E-04,-6.641963E+01,+2.094397E+00
+7.968750E+02,+1.475537E-04,-7.025776E-05,-7.573355E+01,-4.443866E-01
+7.971191E+02,+2.126608E-05,+3.840939E-05,-8.714999E+01,+1.065141E+00
+7.973633E+02,+5.567251E-05,-4.686919E-05,-8.276040E+01,-6.997571E-01
+7.976074E+02,-2.968746E-05,-5.885582E-05,-8.361975E+01,-2.037966E+00
+7.978516E+02,-6.639647E-05,+4.876524E-05,-8.168351E+01,+2.508115E+00
+7.980957E+02,+7.016190E-05,-1.936887E-05,-8.275901E+01,-2.693511E-01
+7.983398E+02,-5.303060E-05,-4.141395E-05,-8.344155E+01,-2.478580E+00
+7.985840E+02,-1.993522E-04,+1.214298E-04,-7.263711E+01,+2.594493E+00
+7.988281E+02,+2.985278E-04,+8.053419E-05,-7.019521E+01,+2.634985E-01
+7.990723E+02,-4.219742E-05,-1.522067E-04,-7.602973E+01,-1.841242E+00
+7.993164E+02,-6.587920E-05,+1.422002E-05,-8.342727E+01,+2.929004E+00
+7.995605E+02,-4.370118E-05,+6.881871E-05,-8.177452E+01,+2.136568E+00
+7.998047E+02,-1.186413E-05,+2.680657E-05,-9.065830E+01,+1.987465E+00
+8.000488E+02,+4.514348E-04,+2.787600E-04,-6.550521E+01,+5.531863E-01
+8.002930E+02,-8.211649E-05,-6.427920E-04,-6.376829E+01,-1.697858E+00
+8.005371E+02,-2.300128E-04,+1.721054E-05,-7.274072E+01,+3.066908E+00
+8.007812E+02,-2.207917E-04,-1.436563E-04,-7.158728E+01,-2.564766E+00
+8.010254E+02,-1.276772E-04,+4.149243E-04,-6.724773E+01,+1.869313E+00
+8.012695E+02,+1.074627E-04,+3.828697E-06,-7.936934E+01,+3.561309E-02
+8.015137E+02,-1.959041E-05,-3.995193E-05,-8.703348E+01,-2.026694E+00
+8.017578E+02,-9.948939E-05,+1.283404E-04,-7.578900E+01,+2.230231E+00
+8.020020E+02,+1.932879E-05,+1.259265E-04,-7.789653E+01,+1.418492E+00
+8.022461E+02,+5.294271E-05,+1.480240E-04,-7.607056E+01,+1.227311E+00
+8.024902E+02,+1.318351E-04,+1.503463E-04,-7.398108E+01,+8.509046E-01
+8.027344E+02,+3.037566E-04,+1.659522E-04,-6.921513E+01,+5.000232E-01
+8.029785E+02,-2.285984E-03,+1.307101E-03,-5.159001E+01,+2.622175E+00
+8.032227E+02,+7.981678E-03,-3.225655E-03,-4.130111E+01,-3.840638E-01
+8.034668E+02,-7.285761E-03,-1.094142E-03,-4.265365E+01,-2.992531E+00
+8.037109E+02,+2.385336E-04,+2.509415E-03,-5.196949E+01,+1.476026E+00
+8.039551E+02,+9.170859E-04,+3.534973E-04,-6.015020E+01,+3.679070E-01
+8.041992E+02,+3.919092E-04,-2.194824E-04,-6.695153E+01,-5.105140E-01
+8.044434E+02,+9.582690E-05,-2.290927E-04,-7.209953E+01,-1.174624E+00
+8.046875E+02,-7.961634E-05,-1.566974E-04,-7.510143E+01,-2.040895E+00
+8.049316E+02,-1.091749E-04,-2.265592E-05,-7.905443E+01,-2.936977E+00
+8.051758E+02,-9.450714E-06,+2.320761E-05,-9.202103E+01,+1.957515E+00
+8.054199E+02,-5.704587E-05,+2.840087E-06,-8.486477E+01,+3.091848E+00
+8.056641E+02,-1.607704E-05,+4.271005E-05,-8.681390E+01,+1.930814E+00
+8.059082E+02,+2.725547E-05,+2.997207E-05,-8.784843E+01,+8.328328E-01
+8.061523E+02,+5.564957E-06,-3.572777E-06,-1.035919E+02,-5.707403E-01
+8.063965E+02,+2.603979E-05,+5.311309E-06,-9.151023E+01,+2.012089E-01
+8.066406E+02,-1.422876E-05,-2.874325E-05,-8.987740E+01,-2.030460E+00
+8.068848E+02,-1.016606E-05,+2.070224E-05,-9.274144E+01,+2.027267E+00
+8.071289E+02,+2.096657E-05,-1.638497E-05,-9.149927E+01,-6.633462E-01
+8.073730E+02,-1.943255E-05,-7.137675E-06,-9.367978E+01,-2.789585E+00
+8.076172E+02,-1.227860E-05,+1.148422E-05,-9.548749E+01,+2.389612E+00
+8.078613E+02,-1.773459E-06,+1.220405E-05,-9.817917E+01,+1.715104E+00
+8.081055E+02,+1.843972E-05,+3.591477E-06,-9.452321E+01,+1.923602E-01
+8.083496E+02,-2.206633E-06,-1.131882E-05,-9.876198E+01,-1.763334E+00
+8.085938E+02,+7.353777E-07,+1.286199E-06,-1.165855E+02,+1.051412E+00
+8.088379E+02,+8.841384E-07,-1.438473E-06,-1.154502E+02,-1.019684E+00
+8.090820E+02,-9.275963E-06,+2.659513E-06,-1.003097E+02,+2.862372E+00
+8.093262E+02,-9.232020E-06,-8.995887E-06,-9.779484E+01,-2.369148E+00
+8.095703E+02,+6.904478E-06,+2.109628E-05,-9.307395E+01,+1.254500E+00
+8.098145E+02,+7.827963E-06,-8.836000E-06,-9.855888E+01,-8.458166E-01
+8.100586E+02,-5.118229E-06,-2.834087E-06,-1.046561E+02,-2.635895E+00
+8.103027E+02,-3.028801E-06,+9.741198E-06,-9.982697E+01,+1.872247E+00
+8.105469E+02,+1.504532E-06,-9.910267E-06,-9.997933E+01,-1.420131E+00
+8.107910E+02,+1.652484E-06,+1.733097E-05,-9.518424E+01,+1.475735E+00
+8.110352E+02,+2.559714E-06,-8.254985E-06,-1.012670E+02,-1.270117E+00
+8.112793E+02,+1.780320E-05,+9.805797E-06,-9.383937E+01,+5.034483E-01
+8.115234E+02,-1.268813E-05,-3.784216E-05,-8.797779E+01,-1.894307E+00
+8.117676E+02,-1.437224E-05,+2.316107E-05,-9.129013E+01,+2.126178E+00
+8.120117E+02,+2.376271E-06,+3.025977E-06,-1.082964E+02,+9.050892E-01
+8.122559E+02,+1.076412E-05,+3.150446E-06,-9.900349E+01,+2.847281E-01
+8.125000E+02,-4.968540E-06,-6.191894E-06,-1.020048E+02,-2.247015E+00
+8.127441E+02,-2.021607E-06,+4.595362E-06,-1.059853E+02,+1.985239E+00
+8.129883E+02,+9.456757E-07,-4.501117E-06,-1.067460E+02,-1.363710E+00
+8.132324E+02,+2.395936E-06,+5.393041E-06,-1.045810E+02,+1.152722E+00
+8.134766E+02,-4.131452E-06,-4.744595E-06,-1.040252E+02,-2.287226E+00
+8.137207E+02,+5.383079E-06,+5.713834E-06,-1.021024E+02,+8.151953E-01
+8.139648E+02,-8.900689E-06,+2.297848E-07,-1.010086E+02,+3.115782E+00
+8.142090E+02,+1.236003E-05,-4.258329E-06,-9.767249E+01,-3.317884E-01
+8.144531E+02,-7.308867E-06,-1.657267E-06,-1.025053E+02,-2.918616E+00
+8.146973E+02,+3.328762E-06,+5.845260E-06,-1.034440E+02,+1.053120E+00
+8.149414E+02,-6.523273E-06,-2.756560E-08,-1.037106E+02,-3.137367E+00
+8.151855E+02,+8.395516E-06,-1.062346E-05,-9.736737E+01,-9.020098E-01
+8.154297E+02,-3.490546E-06,+1.529354E-05,-9.608931E+01,+1.795189E+00
+8.156738E+02,+3.417865E-06,-8.617967E-06,-1.006575E+02,-1.193226E+00
+8.159180E+02,-5.249813E-06,+1.112202E-06,-1.054064E+02,+2.932824E+00
+8.161621E+02,+1.063692E-06,+3.029944E-06,-1.098666E+02,+1.233177E+00
+8.164062E+02,+6.902071E-06,-1.090301E-06,-1.031134E+02,-1.566726E-01
+8.166504E+02,-1.176509E-05,-4.864579E-06,-9.790267E+01,-2.749523E+00
+8.168945E+02,+3.128091E-06,+5.766366E-07,-1.099493E+02,+1.822949E-01
+8.171387E+02,+3.868013E-06,+5.743667E-06,-1.031920E+02,+9.781194E-01
+8.173828E+02,-1.636717E-06,-1.168962E-06,-1.139305E+02,-2.521393E+00
+8.176270E+02,-4.109843E-06,-1.069691E-06,-1.074388E+02,-2.886967E+00
+8.178711E+02,+8.029446E-06,+3.523462E-06,-1.011415E+02,+4.135158E-01
+8.181152E+02,-8.338400E-06,+1.913430E-07,-1.015761E+02,+3.118649E+00
+8.183594E+02,+9.670499E-06,-5.861283E-06,-9.893221E+01,-5.448922E-01
+8.186035E+02,-2.026891E-06,-4.714344E-07,-1.136346E+02,-2.913066E+00
+8.188477E+02,-9.909817E-06,+9.962114E-06,-9.704547E+01,+2.353563E+00
+8.190918E+02,+5.908268E-06,-9.284016E-06,-9.916854E+01,-1.004047E+00
+8.193359E+02,+6.760702E-06,+8.231349E-06,-9.945148E+01,+8.831805E-01
+8.195801E+02,-6.029491E-06,-2.269939E-06,-1.038187E+02,-2.781531E+00
+8.198242E+02,+3.486887E-06,-7.410797E-06,-1.017342E+02,-1.131014E+00
+8.200684E+02,-2.398215E-06,+6.271791E-06,-1.034595E+02,+1.936022E+00
+8.203125E+02,-4.736151E-07,-3.672488E-06,-1.086292E+02,-1.699051E+00
+8.205566E+02,+6.942803E-07,+3.214961E-06,-1.096585E+02,+1.358109E+00
+8.208008E+02,+2.908643E-06,-5.350705E-07,-1.105817E+02,-1.819248E-01
+8.210449E+02,-4.326352E-06,-1.276467E-06,-1.069151E+02,-2.854688E+00
+8.212891E+02,-2.665869E-06,+3.611952E-06,-1.069566E+02,+2.206618E+00
+8.215332E+02,+9.077362E-06,-3.889584E-06,-1.001087E+02,-4.048253E-01
+8.217773E+02,-6.660707E-06,+2.919764E-06,-1.027663E+02,+2.728464E+00
+8.220215E+02,+5.478705E-06,-3.759139E-06,-1.035510E+02,-6.013609E-01
+8.222656E+02,-4.503259E-06,+7.006645E-06,-1.015881E+02,+2.142032E+00
+8.225098E+02,-3.235447E-07,-1.110495E-05,-9.908598E+01,-1.599923E+00
+8.227539E+02,+4.819572E-06,+2.070718E-06,-1.056041E+02,+4.058008E-01
+8.229980E+02,-2.938737E-06,+9.004951E-06,-1.004708E+02,+1.886246E+00
+8.232422E+02,+1.405385E-06,-1.332175E-06,-1.142599E+02,-7.586615E-01
+8.234863E+02,-5.413439E-06,-3.721789E-06,-1.036495E+02,-2.539299E+00
+8.237305E+02,+6.357967E-07,+5.348303E-07,-1.216097E+02,+6.993612E-01
+8.239746E+02,+7.387953E-06,+1.481855E-06,-1.024582E+02,+1.979505E-01
+8.242188E+02,-6.416080E-06,+1.346393E-06,-1.036674E+02,+2.934747E+00
+8.244629E+02,+2.134495E-06,-4.160641E-06,-1.066021E+02,-1.096786E+00
+8.247070E+02,+7.713104E-08,-8.909074E-07,-1.209709E+02,-1.484436E+00
+8.249512E+02,-3.463839E-07,+3.897997E-06,-1.081490E+02,+1.659425E+00
+8.251953E+02,+2.539069E-06,+3.459687E-07,-1.118266E+02,+1.354241E-01
+8.254395E+02,-7.509753E-08,-3.182759E-06,-1.099415E+02,-1.594387E+00
+8.256836E+02,-3.636607E-06,+3.352795E-06,-1.061143E+02,+2.396778E+00
+8.259277E+02,-1.131283E-06,+2.051495E-06,-1.126055E+02,+2.074747E+00
+8.261719E+02,+5.710294E-06,-1.035579E-05,-9.854338E+01,-1.066871E+00
+8.264160E+02,-1.138713E-06,+1.398346E-05,-9.705901E+01,+1.652050E+00
+8.266602E+02,+2.833762E-06,-1.068529E-05,-9.912909E+01,-1.311562E+00
+8.269043E+02,-7.977212E-06,+1.077521E-05,-9.745353E+01,+2.208080E+00
+8.271484E+02,+7.861451E-06,-1.002661E-05,-9.789587E+01,-9.058515E-01
+8.273926E+02,-5.661901E-06,+2.786246E-06,-1.039990E+02,+2.684282E+00
+8.276367E+02,+4.485261E-06,-2.214540E-06,-1.060168E+02,-4.586248E-01
+8.278809E+02,-2.190785E-06,+4.305572E-06,-1.063195E+02,+2.041479E+00
+8.281250E+02,+3.125986E-06,-1.290689E-06,-1.094166E+02,-3.915690E-01
+8.283691E+02,-3.754614E-06,-1.810168E-06,-1.076010E+02,-2.692353E+00
+8.286133E+02,-1.475486E-07,+1.222765E-06,-1.181904E+02,+1.690884E+00
+8.288574E+02,+5.181909E-06,+1.113462E-06,-1.055142E+02,+2.116566E-01
+8.291016E+02,-5.279114E-06,-3.501847E-08,-1.055486E+02,-3.134959E+00
+8.293457E+02,+3.887583E-06,-3.367676E-06,-1.057750E+02,-7.138610E-01
+8.295898E+02,-3.768098E-07,+3.881603E-06,-1.081790E+02,+1.667569E+00
+8.298340E+02,-3.197404E-06,-2.422721E-06,-1.079336E+02,-2.493172E+00
+8.300781E+02,+8.858329E-06,-4.675844E-07,-1.010409E+02,-5.273577E-02
+8.303223E+02,-1.003493E-05,+2.749185E-06,-9.965541E+01,+2.874192E+00
+8.305664E+02,+5.763595E-06,-1.796289E-06,-1.043835E+02,-3.021205E-01
+8.308105E+02,-3.824158E-07,+5.469238E-07,-1.235128E+02,+2.180994E+00
+8.310547E+02,+6.761546E-07,+2.291737E-07,-1.229268E+02,+3.267852E-01
+8.312988E+02,-3.890527E-06,-9.504415E-06,-9.976871E+01,-1.959327E+00
+8.315430E+02,+3.716550E-07,+1.103487E-05,-9.913972E+01,+1.537129E+00
+8.317871E+02,+6.942490E-06,-4.480237E-06,-1.016577E+02,-5.730894E-01
+8.320312E+02,-6.705699E-06,+8.353064E-07,-1.034042E+02,+3.017664E+00
+8.322754E+02,+2.722820E-06,+4.286934E-06,-1.058852E+02,+1.004936E+00
+8.325195E+02,+2.178487E-06,-8.110756E-06,-1.015163E+02,-1.308397E+00
+8.327637E+02,-2.607434E-06,+5.828217E-06,-1.038969E+02,+1.991470E+00
+8.330078E+02,-4.050497E-06,-8.076555E-06,-1.008811E+02,-2.035654E+00
+8.332520E+02,+1.092480E-05,+7.504925E-06,-9.755290E+01,+6.019220E-01
+8.334961E+02,-8.872656E-06,-6.600226E-06,-9.912620E+01,-2.502017E+00
+8.337402E+02,+2.178839E-06,+4.558050E-06,-1.059306E+02,+1.124887E+00
+8.339844E+02,+4.325855E-07,-4.065659E-06,-1.077685E+02,-1.464795E+00
+8.342285E+02,+2.635587E-06,+1.496723E-06,-1.103685E+02,+5.164745E-01
+8.344727E+02,-5.461281E-06,-4.082703E-08,-1.052539E+02,-3.134117E+00
+8.347168E+02,-1.521633E-07,+9.498378E-07,-1.203370E+02,+1.729646E+00
+8.349609E+02,-4.053336E-06,-3.102757E-06,-1.058408E+02,-2.488256E+00
+8.352051E+02,+9.769959E-06,+1.349434E-06,-1.001201E+02,+1.372523E-01
+8.354492E+02,-8.836106E-06,-4.342561E-06,-1.001352E+02,-2.684803E+00
+8.356934E+02,+5.445715E-06,+9.363473E-06,-9.930589E+01,+1.044023E+00
+8.359375E+02,-4.453297E-06,-1.846927E-06,-1.063371E+02,-2.748451E+00
+8.361816E+02,-3.225606E-07,-1.355491E-06,-1.171188E+02,-1.804417E+00
+8.364258E+02,+2.081027E-06,-5.181144E-06,-1.050620E+02,-1.188865E+00
+8.366699E+02,+1.233122E-06,+4.931591E-06,-1.058769E+02,+1.325775E+00
+8.369141E+02,-4.022825E-06,-1.797849E-06,-1.071185E+02,-2.721310E+00
+8.371582E+02,-6.855730E-07,-9.572319E-07,-1.185814E+02,-2.192315E+00
+8.374023E+02,+3.613030E-06,+4.990049E-06,-1.042074E+02,+9.441130E-01
+8.376465E+02,-2.074094E-06,-2.982828E-06,-1.087945E+02,-2.178391E+00
+8.378906E+02,+1.797738E-06,+2.988779E-06,-1.091490E+02,+1.029278E+00
+8.381348E+02,+2.414636E-06,-5.458628E-06,-1.044822E+02,-1.154320E+00
+8.383789E+02,-6.131512E-06,+8.972636E-06,-9.927736E+01,+2.170265E+00
+8.386230E+02,+3.992360E-06,-7.105632E-06,-1.017764E+02,-1.058894E+00
+8.388672E+02,-7.318359E-06,+3.383758E-06,-1.018703E+02,+2.708503E+00
+8.391113E+02,+8.476727E-06,-1.751335E-06,-1.012539E+02,-2.037385E-01
+8.393555E+02,-3.625477E-06,+1.716657E-06,-1.079342E+02,+2.699370E+00
+8.395996E+02,+8.628082E-06,-2.865362E-06,-1.008274E+02,-3.206376E-01
+8.398438E+02,-4.505965E-06,+5.561005E-07,-1.068586E+02,+3.018799E+00
+8.400879E+02,-5.165622E-06,-3.092755E-06,-1.044071E+02,-2.602116E+00
+8.403320E+02,-5.284551E-06,+8.862600E-06,-9.972764E+01,+2.108473E+00
+8.405762E+02,+1.417861E-05,-4.153129E-06,-9.660983E+01,-2.849442E-01
+8.408203E+02,-1.124689E-05,-5.189832E-06,-9.814098E+01,-2.709261E+00
+8.410645E+02,+6.281697E-06,+9.147496E-06,-9.909614E+01,+9.690441E-01
+8.413086E+02,-1.207504E-06,-3.911673E-06,-1.077575E+02,-1.870209E+00
+8.415527E+02,-3.339673E-06,-5.437601E-06,-1.039018E+02,-2.121578E+00
+8.417969E+02,+3.559663E-06,+7.385983E-06,-1.017248E+02,+1.121694E+00
+8.420410E+02,+2.896314E-08,-2.351573E-06,-1.125722E+02,-1.558481E+00
+8.422852E+02,-2.476773E-06,-3.023120E-06,-1.081606E+02,-2.257182E+00
+8.425293E+02,+4.539168E-06,+5.869452E-06,-1.025921E+02,+9.125149E-01
+8.427734E+02,+1.910071E-06,-4.475749E-06,-1.062561E+02,-1.167436E+00
+8.430176E+02,-1.077686E-05,-8.154475E-07,-9.932536E+01,-3.066070E+00
+8.432617E+02,+2.260261E-06,+3.843816E-06,-1.070150E+02,+1.039228E+00
+8.435059E+02,+3.338481E-06,-2.689118E-06,-1.073573E+02,-6.780803E-01
+8.437500E+02,+3.400882E-06,+2.154661E-06,-1.079026E+02,+5.647308E-01
+8.439941E+02,-2.945813E-06,+2.449601E-06,-1.083332E+02,+2.447906E+00
+8.442383E+02,-2.000985E-06,-6.645102E-06,-1.031730E+02,-1.863282E+00
+8.444824E+02,+2.265876E-06,+2.860221E-06,-1.087566E+02,+9.008277E-01
+8.447266E+02,-2.273340E-07,+3.910393E-07,-1.268911E+02,+2.097396E+00
+8.449707E+02,-3.413657E-08,+4.669493E-06,-1.066144E+02,+1.578107E+00
+8.452148E+02,-2.290554E-06,-2.910631E-06,-1.086270E+02,-2.237536E+00
+8.454590E+02,+2.704232E-06,-4.956604E-06,-1.049647E+02,-1.071352E+00
+8.457031E+02,-2.939227E-06,+4.920224E-06,-1.048350E+02,+2.109285E+00
+8.459473E+02,+5.261640E-06,-4.628373E-06,-1.030886E+02,-7.214546E-01
+8.461914E+02,-4.422718E-06,+4.925765E-06,-1.035829E+02,+2.302436E+00
+8.464355E+02,+3.386280E-07,+2.363659E-06,-1.124401E+02,+1.428500E+00
+8.466797E+02,-3.057188E-06,-4.940258E-06,-1.047169E+02,-2.124948E+00
+8.469238E+02,+6.852894E-06,-1.026057E-06,-1.031862E+02,-1.486220E-01
+8.471680E+02,-3.162510E-06,+6.184730E-06,-1.031648E+02,+2.043476E+00
+8.474121E+02,+6.735705E-07,-2.951346E-06,-1.103791E+02,-1.346415E+00
+8.476562E+02,-3.785286E-06,-1.432661E-06,-1.078566E+02,-2.779773E+00
+8.479004E+02,+6.928394E-06,-2.620449E-06,-1.026067E+02,-3.615897E-01
+8.481445E+02,-2.395817E-06,+4.286573E-06,-1.061772E+02,+2.080456E+00
+8.483887E+02,-2.766359E-06,-6.466447E-07,-1.109308E+02,-2.911963E+00
+8.486328E+02,+8.552645E-07,+3.325634E-06,-1.092844E+02,+1.319078E+00
+8.488770E+02,+1.171180E-06,-8.754475E-06,-1.010784E+02,-1.437805E+00
+8.491211E+02,-4.127242E-06,+1.192227E-05,-9.798126E+01,+1.904063E+00
+8.493652E+02,+9.578060E-06,-1.133561E-05,-9.657113E+01,-8.692394E-01
+8.496094E+02,-7.292654E-06,+6.847695E-06,-9.999680E+01,+2.387651E+00
+8.498535E+02,+1.784121E-06,-4.166166E-07,-1.147409E+02,-2.294029E-01
+8.500977E+02,+3.134150E-07,-2.066241E-06,-1.135976E+02,-1.420260E+00
+8.503418E+02,+3.620960E-07,+2.398259E-06,-1.123042E+02,+1.420945E+00
+8.505859E+02,-4.559924E-06,-6.535047E-06,-1.019723E+02,-2.180020E+00
+8.508301E+02,+8.129582E-06,+1.138731E-05,-9.708274E+01,+9.507917E-01
+8.510742E+02,-7.240589E-06,-1.494759E-05,-9.559317E+01,-2.021885E+00
+8.513184E+02,+2.537125E-06,+9.612743E-06,-1.000506E+02,+1.312747E+00
+8.515625E+02,+3.444332E-06,+3.243690E-06,-1.065004E+02,+7.554070E-01
+8.518066E+02,-5.425421E-06,-5.113850E-06,-1.025503E+02,-2.385749E+00
+8.520508E+02,-1.507226E-07,+3.594390E-06,-1.088799E+02,+1.612705E+00
+8.522949E+02,+7.458108E-06,-5.310100E-06,-1.007665E+02,-6.187279E-01
+8.525391E+02,-1.091589E-05,+5.328045E-06,-9.831077E+01,+2.687510E+00
+8.527832E+02,+1.194393E-05,-4.794651E-06,-9.780818E+01,-3.817384E-01
+8.530273E+02,-4.010820E-06,+8.802558E-06,-1.002886E+02,+1.998333E+00
+8.532715E+02,-3.476461E-06,-9.712627E-06,-9.972973E+01,-1.914520E+00
+8.535156E+02,+6.214803E-06,+6.296906E-06,-1.010638E+02,+7.919602E-01
+8.537598E+02,-3.272186E-06,-4.773925E-06,-1.047499E+02,-2.171676E+00
+8.540039E+02,-2.419304E-06,-3.624948E-06,-1.072140E+02,-2.159309E+00
+8.542480E+02,+2.813758E-08,+6.886994E-06,-1.032393E+02,+1.566711E+00
+8.544922E+02,+4.197071E-06,-4.113449E-07,-1.074995E+02,-9.769560E-02
+8.547363E+02,-6.282740E-06,+8.497456E-07,-1.039583E+02,+3.007158E+00
+8.549805E+02,+6.708905E-06,-5.492952E-06,-1.012389E+02,-6.860729E-01
+8.552246E+02,-8.512128E-07,+5.870103E-06,-1.045367E+02,+1.714801E+00
+8.554688E+02,-6.509412E-06,-3.940467E-06,-1.023732E+02,-2.597249E+00
+8.557129E+02,+4.055505E-06,+1.953434E-06,-1.069330E+02,+4.488802E-01
+8.559570E+02,+7.974803E-07,+1.561705E-06,-1.151217E+02,+1.098667E+00
+8.562012E+02,+3.636798E-06,-2.827742E-06,-1.067321E+02,-6.608926E-01
+8.564453E+02,-7.032679E-06,+3.952493E-06,-1.018655E+02,+2.629569E+00
+8.566895E+02,+9.109031E-06,-2.507793E-06,-1.004933E+02,-2.686530E-01
+8.569336E+02,-4.274243E-06,-5.313605E-06,-1.033251E+02,-2.248212E+00
+8.571777E+02,-5.063456E-08,+2.258078E-06,-1.129230E+02,+1.593216E+00
+8.574219E+02,+4.399375E-06,+3.563594E-06,-1.049412E+02,+6.808227E-01
+8.576660E+02,-9.970502E-06,-1.843157E-06,-9.987972E+01,-2.958795E+00
+8.579102E+02,+5.651046E-06,-3.535364E-06,-1.035229E+02,-5.590395E-01
+8.581543E+02,-3.155668E-06,+6.577463E-06,-1.027391E+02,+2.018129E+00
+8.583984E+02,+1.692912E-06,-5.721790E-06,-1.044849E+02,-1.283132E+00
+8.586426E+02,+1.906912E-06,-6.717333E-07,-1.138854E+02,-3.386889E-01
+8.588867E+02,+2.692609E-06,+9.457412E-06,-1.001461E+02,+1.293427E+00
+8.591309E+02,-1.324040E-05,-1.191738E-05,-9.498486E+01,-2.408735E+00
+8.593750E+02,+1.363254E-05,+4.324366E-06,-9.689208E+01,+3.071692E-01
+8.596191E+02,-6.732187E-06,+6.049851E-06,-1.008659E+02,+2.409526E+00
+8.598633E+02,+6.865777E-06,-1.706909E-06,-1.030058E+02,-2.436711E-01
+8.601074E+02,-9.045418E-06,-7.924906E-06,-9.839761E+01,-2.422127E+00
+8.603516E+02,+1.036400E-05,+4.908471E-06,-9.881056E+01,+4.423119E-01
+8.605957E+02,-8.661612E-06,+1.577693E-08,-1.012480E+02,+3.139771E+00
+8.608398E+02,+1.118943E-06,-2.841033E-06,-1.103042E+02,-1.195602E+00
+8.610840E+02,-5.710148E-07,+3.900138E-06,-1.080863E+02,+1.716172E+00
+8.613281E+02,-9.203820E-07,-5.667971E-06,-1.048184E+02,-1.731774E+00
+8.615723E+02,+6.986961E-06,+9.684035E-06,-9.845886E+01,+9.457908E-01
+8.618164E+02,-5.787753E-06,-7.650873E-06,-1.003605E+02,-2.218433E+00
+8.620605E+02,+4.257113E-06,-1.178180E-06,-1.070972E+02,-2.699976E-01
+8.623047E+02,-1.522963E-06,+4.874176E-06,-1.058374E+02,+1.873641E+00
+8.625488E+02,-2.832822E-06,+1.975048E-06,-1.092352E+02,+2.532748E+00
+8.627930E+02,-2.440106E-06,-9.191319E-07,-1.116756E+02,-2.781353E+00
+8.630371E+02,+7.431074E-06,-7.947921E-06,-9.926683E+01,-8.189929E-01
+8.632812E+02,-6.926201E-06,+5.236793E-06,-1.012265E+02,+2.494209E+00
+8.635254E+02,+4.832979E-06,+3.922823E-06,-1.041177E+02,+6.818212E-01
+8.637695E+02,+6.730342E-07,-3.929908E-06,-1.079868E+02,-1.401182E+00
+8.640137E+02,-6.542097E-09,-6.493048E-08,-1.437072E+02,-1.671213E+00
+8.642578E+02,-4.564559E-06,-8.306907E-07,-1.066705E+02,-2.961576E+00
+8.645020E+02,+3.381732E-06,-3.774996E-06,-1.059029E+02,-8.402932E-01
+8.647461E+02,-1.886761E-08,+5.483131E-06,-1.052194E+02,+1.574237E+00
+8.649902E+02,-4.379011E-06,+1.769608E-06,-1.065155E+02,+2.757547E+00
+8.652344E+02,+9.860187E-06,-3.050312E-06,-9.972538E+01,-3.000184E-01
+8.654785E+02,-6.016618E-06,+2.356234E-07,-1.044063E+02,+3.102451E+00
+8.657227E+02,-4.887464E-06,+4.561962E-07,-1.061807E+02,+3.048522E+00
+8.659668E+02,+7.724518E-06,-3.872310E-06,-1.012690E+02,-4.646880E-01
+8.662109E+02,-4.882156E-06,+6.871429E-06,-1.014842E+02,+2.188535E+00
+8.664551E+02,-3.490794E-06,-7.050173E-06,-1.020838E+02,-2.030545E+00
+8.666992E+02,+9.687128E-06,-1.096445E-07,-1.002755E+02,-1.131809E-02
+8.669434E+02,-3.487636E-06,+9.343685E-06,-1.000232E+02,+1.928042E+00
+8.671875E+02,+1.843636E-06,-7.697668E-06,-1.020306E+02,-1.335719E+00
+8.674316E+02,-7.281180E-06,+5.122849E-07,-1.027345E+02,+3.071351E+00
+8.676758E+02,+3.786183E-06,+8.738601E-07,-1.082106E+02,+2.268303E-01
+8.679199E+02,-4.460437E-08,+3.204348E-06,-1.098844E+02,+1.584715E+00
+8.681641E+02,+7.692954E-07,-3.293804E-06,-1.094154E+02,-1.341351E+00
+8.684082E+02,-1.594705E-06,+1.991300E-06,-1.118653E+02,+2.246047E+00
+8.686523E+02,-1.587268E-06,-2.788444E-06,-1.098738E+02,-2.088284E+00
+8.688965E+02,+9.875016E-06,+2.184812E-06,-9.990170E+01,+2.177389E-01
+8.691406E+02,-7.432443E-06,+3.016496E-07,-1.025702E+02,+3.101029E+00
+8.693848E+02,-4.968254E-06,-6.174479E-06,-1.020199E+02,-2.248362E+00
+8.696289E+02,+8.773408E-06,+8.755215E-06,-9.813534E+01,+7.843603E-01
+8.698730E+02,-7.212884E-06,-2.869937E-06,-1.021995E+02,-2.762906E+00
+8.701172E+02,+7.327028E-06,-3.534734E-06,-1.017928E+02,-4.494882E-01
+8.703613E+02,-8.470131E-06,+7.478812E-06,-9.893891E+01,+2.418271E+00
+8.706055E+02,+7.546464E-06,-8.960039E-06,-9.862546E+01,-8.708272E-01
+8.708496E+02,-2.911829E-06,+4.420928E-06,-1.055248E+02,+2.153226E+00
+8.710938E+02,-1.024471E-06,-5.261303E-06,-1.054165E+02,-1.763108E+00
+8.713379E+02,+2.817782E-06,+1.327421E-05,-9.734841E+01,+1.361626E+00
+8.715820E+02,-4.880163E-06,-9.440282E-06,-9.947173E+01,-2.047913E+00
+8.718262E+02,+4.411943E-06,-8.317270E-07,-1.069557E+02,-1.863304E-01
+8.720703E+02,-3.229824E-06,-5.741660E-07,-1.096813E+02,-2.965661E+00
+8.723145E+02,+5.331378E-06,+6.295742E-06,-1.016711E+02,+8.681496E-01
+8.725586E+02,-5.554074E-06,-3.975314E-06,-1.033114E+02,-2.520376E+00
+8.728027E+02,+4.994326E-06,-3.034121E-06,-1.046662E+02,-5.459259E-01
+8.730469E+02,-5.450677E-06,+6.361549E-06,-1.015379E+02,+2.279234E+00
+8.732910E+02,-3.060008E-06,-2.671989E-06,-1.078243E+02,-2.423785E+00
+8.735352E+02,+6.054293E-06,+1.614040E-06,-1.040605E+02,+2.605349E-01
+8.737793E+02,+3.582798E-06,-2.387438E-06,-1.073198E+02,-5.877911E-01
+8.740234E+02,-6.876903E-06,+2.551493E-06,-1.026920E+02,+2.786313E+00
+8.742676E+02,-4.674936E-07,-1.679480E-06,-1.151724E+02,-1.842280E+00
+8.745117E+02,+3.535639E-06,+2.392043E-07,-1.090108E+02,+6.755222E-02
+8.747559E+02,+1.319719E-06,-1.081978E-06,-1.153576E+02,-6.867307E-01
+8.750000E+02,+2.662942E-07,+5.222935E-07,-1.246382E+02,+1.099295E+00
+8.752441E+02,-5.155890E-06,-4.932864E-07,-1.057144E+02,-3.046209E+00
+8.754883E+02,+5.915890E-06,+2.372745E-06,-1.039118E+02,+3.814371E-01
+8.757324E+02,-2.682902E-06,-1.814006E-06,-1.097928E+02,-2.547063E+00
+8.759766E+02,+1.070301E-06,-6.130806E-07,-1.181775E+02,-5.201880E-01
+8.762207E+02,-4.504168E-06,+5.348619E-06,-1.031073E+02,+2.270697E+00
+8.764648E+02,+1.847218E-06,-4.498876E-06,-1.062613E+02,-1.181189E+00
+8.767090E+02,+7.649701E-07,-3.402270E-06,-1.091504E+02,-1.349633E+00
+8.769531E+02,+8.568339E-08,+7.261769E-06,-1.027785E+02,+1.558998E+00
+8.771973E+02,+4.926354E-06,+1.482113E-07,-1.061456E+02,+3.007632E-02
+8.774414E+02,-8.865782E-06,-1.269145E-05,-9.620377E+01,-2.180557E+00
+8.776855E+02,+5.506063E-06,+1.101964E-05,-9.818874E+01,+1.107421E+00
+8.779297E+02,+7.343682E-07,-3.930239E-06,-1.079626E+02,-1.386076E+00
+8.781738E+02,-6.041485E-06,+1.106949E-05,-9.798512E+01,+2.070392E+00
+8.784180E+02,+8.179009E-06,-1.467996E-05,-9.549139E+01,-1.062477E+00
+8.786621E+02,-2.441901E-06,+3.184264E-06,-1.079311E+02,+2.225004E+00
+8.789062E+02,-2.521767E-06,+6.265565E-06,-1.034088E+02,+1.953439E+00
+8.791504E+02,-3.583187E-06,-2.899227E-06,-1.067275E+02,-2.461316E+00
+8.793945E+02,+5.775108E-06,-2.982784E-06,-1.037418E+02,-4.767522E-01
+8.796387E+02,+2.307270E-07,+1.795684E-06,-1.148443E+02,+1.443007E+00
+8.798828E+02,-2.341679E-06,+3.755227E-06,-1.070807E+02,+2.128373E+00
+8.801270E+02,+5.933206E-06,-3.498407E-06,-1.032384E+02,-5.327610E-01
+8.803711E+02,-7.646412E-06,-9.283264E-07,-1.022673E+02,-3.020777E+00
+8.806152E+02,-7.850272E-07,+6.129927E-06,-1.041802E+02,+1.698168E+00
+8.808594E+02,+5.655739E-06,-9.809167E-06,-9.892088E+01,-1.047778E+00
+8.811035E+02,-3.688588E-07,+5.592999E-06,-1.050283E+02,+1.636651E+00
+8.813477E+02,-3.134408E-06,-5.628600E-07,-1.099390E+02,-2.963912E+00
+8.815918E+02,+1.035583E-06,+1.561800E-06,-1.145449E+02,+9.852878E-01
+8.818359E+02,+1.510439E-06,-2.798957E-06,-1.099501E+02,-1.075939E+00
+8.820801E+02,+6.862178E-07,+1.281405E-06,-1.167512E+02,+1.079138E+00
+8.823242E+02,-2.617664E-06,-1.251012E-06,-1.107483E+02,-2.695771E+00
+8.825684E+02,+3.609649E-08,+6.131267E-06,-1.042488E+02,+1.564909E+00
+8.828125E+02,+2.359263E-06,-8.751451E-06,-1.008537E+02,-1.307471E+00
+8.830566E+02,+4.662304E-07,+7.108666E-06,-1.029456E+02,+1.505304E+00
+8.833008E+02,+1.923611E-07,-5.001514E-06,-1.060116E+02,-1.532355E+00
+8.835449E+02,-6.284853E-06,+8.614325E-07,-1.039533E+02,+3.005377E+00
+8.837891E+02,+8.312169E-06,+2.411721E-06,-1.012547E+02,+2.823897E-01
+8.840332E+02,-5.256513E-06,-3.682796E-06,-1.038517E+02,-2.530453E+00
+8.842773E+02,+2.881765E-06,+3.900117E-06,-1.062865E+02,+9.344424E-01
+8.845215E+02,-1.754388E-06,-5.663161E-06,-1.045408E+02,-1.871210E+00
+8.847656E+02,+2.969727E-08,+6.157922E-06,-1.042112E+02,+1.565974E+00
+8.850098E+02,-4.782847E-07,-1.898212E-06,-1.141658E+02,-1.817624E+00
+8.852539E+02,+5.657423E-06,-1.420289E-06,-1.046822E+02,-2.459655E-01
+8.854980E+02,-9.175073E-06,+2.945139E-06,-1.003219E+02,+2.830989E+00
+8.857422E+02,+6.473647E-06,-6.755219E-07,-1.037300E+02,-1.039732E-01
+8.859863E+02,-1.076106E-06,-7.314383E-06,-1.026234E+02,-1.716870E+00
+8.862305E+02,+2.718128E-06,+1.141833E-05,-9.860856E+01,+1.337096E+00
+8.864746E+02,-7.437125E-06,-8.610375E-06,-9.887901E+01,-2.283213E+00
+8.867188E+02,+2.382435E-06,+4.779997E-06,-1.054478E+02,+1.108415E+00
+8.869629E+02,+2.213939E-06,-3.230389E-06,-1.081426E+02,-9.699721E-01
+8.872070E+02,+1.611939E-06,-1.203584E-06,-1.139287E+02,-6.413656E-01
+8.874512E+02,-2.525140E-06,+3.978776E-06,-1.065351E+02,+2.136307E+00
+8.876953E+02,+1.154817E-06,+2.072026E-07,-1.186121E+02,+1.775356E-01
+8.879395E+02,-2.373062E-06,-2.816602E-06,-1.086759E+02,-2.270936E+00
+8.881836E+02,+1.504501E-07,+2.866873E-06,-1.108399E+02,+1.518366E+00
+8.884277E+02,+5.935086E-06,-2.572441E-06,-1.037838E+02,-4.089888E-01
+8.886719E+02,-1.317974E-05,+1.064742E-06,-9.757361E+01,+3.060982E+00
+8.889160E+02,+1.344420E-05,-3.570677E-06,-9.713327E+01,-2.595991E-01
+8.891602E+02,-1.779219E-06,+6.366927E-06,-1.035948E+02,+1.843292E+00
+8.894043E+02,-6.205910E-06,-3.994578E-06,-1.026384E+02,-2.569678E+00
+8.896484E+02,+5.984247E-07,-1.511331E-07,-1.241913E+02,-2.473786E-01
+8.898926E+02,+8.161338E-06,-1.792814E-06,-1.015601E+02,-2.162370E-01
+8.901367E+02,-4.801294E-06,+3.213082E-06,-1.047656E+02,+2.551830E+00
+8.903809E+02,-2.179734E-06,+2.237680E-06,-1.101062E+02,+2.343078E+00
+8.906250E+02,+3.013493E-07,-2.721410E-06,-1.112512E+02,-1.460513E+00
+8.908691E+02,-3.906207E-07,+2.093257E-06,-1.134349E+02,+1.755283E+00
+8.911133E+02,+4.843306E-06,-4.972540E-06,-1.031710E+02,-7.985632E-01
+8.913574E+02,-5.799164E-06,+4.539298E-06,-1.026572E+02,+2.477459E+00
+8.916016E+02,+4.448884E-06,-1.977954E-06,-1.062516E+02,-4.183504E-01
+8.918457E+02,+3.882120E-07,+5.134937E-09,-1.282179E+02,+1.322637E-02
+8.920898E+02,-5.433515E-06,+4.904119E-07,-1.052631E+02,+3.051580E+00
+8.923340E+02,+2.469779E-06,-6.140960E-06,-1.035841E+02,-1.188411E+00
+8.925781E+02,+1.077518E-06,+1.106617E-05,-9.907907E+01,+1.473732E+00
+8.928223E+02,-2.931485E-06,-7.571600E-06,-1.018096E+02,-1.940192E+00
+8.930664E+02,+4.488618E-06,+4.588594E-06,-1.038507E+02,+7.964116E-01
+8.933105E+02,-2.621044E-06,+4.654581E-08,-1.116291E+02,+3.123836E+00
+8.935547E+02,+8.905785E-07,-6.283771E-06,-1.039492E+02,-1.430007E+00
+8.937988E+02,-1.768571E-06,+6.867192E-06,-1.029855E+02,+1.822858E+00
+8.940430E+02,+3.020104E-06,-5.961012E-06,-1.035013E+02,-1.101848E+00
+8.942871E+02,+1.544481E-07,+5.789185E-06,-1.047446E+02,+1.544124E+00
+8.945312E+02,-5.691235E-06,-4.811407E-06,-1.025540E+02,-2.439771E+00
+8.947754E+02,+4.688384E-06,+3.715487E-06,-1.044629E+02,+6.701435E-01
+8.950195E+02,+7.233197E-08,-3.961270E-06,-1.080419E+02,-1.552539E+00
+8.952637E+02,+1.265990E-08,+4.380422E-06,-1.071696E+02,+1.567906E+00
+8.955078E+02,+5.003684E-07,-3.995312E-06,-1.079014E+02,-1.446206E+00
+8.957520E+02,-2.477745E-06,+1.425614E-06,-1.108769E+02,+2.619483E+00
+8.959961E+02,-1.889803E-07,-1.845144E-06,-1.146341E+02,-1.672861E+00
+8.962402E+02,+2.648452E-06,+2.691991E-06,-1.084585E+02,+7.935507E-01
+8.964844E+02,-7.937862E-07,+6.782284E-07,-1.196254E+02,+2.434537E+00
+8.967285E+02,-3.813062E-06,-3.420869E-06,-1.058101E+02,-2.410357E+00
+8.969727E+02,+3.755780E-06,+5.423275E-06,-1.036133E+02,+9.651015E-01
+8.972168E+02,-4.230012E-07,-4.360007E-06,-1.071696E+02,-1.667512E+00
+8.974609E+02,-4.480829E-06,+2.806920E-06,-1.055352E+02,+2.581967E+00
+8.977051E+02,+6.691657E-06,-5.367008E-06,-1.013322E+02,-6.759865E-01
+8.979492E+02,-3.010404E-06,+3.391249E-06,-1.068691E+02,+2.296773E+00
+8.981934E+02,-6.166544E-07,+1.968300E-06,-1.137115E+02,+1.874403E+00
+8.984375E+02,-1.004365E-06,+1.079795E-06,-1.166260E+02,+2.320018E+00
+8.986816E+02,+6.115869E-06,-7.347920E-06,-1.003907E+02,-8.766525E-01
+8.989258E+02,-1.136196E-05,+4.253585E-06,-9.832130E+01,+2.783374E+00
+8.991699E+02,+1.094785E-05,+2.536510E-06,-9.898633E+01,+2.276730E-01
+8.994141E+02,-7.399252E-06,-5.628528E-06,-1.006334E+02,-2.491286E+00
+8.996582E+02,+6.175973E-06,+6.493188E-06,-1.009526E+02,+8.104314E-01
+8.999023E+02,-5.981844E-07,-5.491898E-06,-1.051543E+02,-1.679290E+00
+9.001465E+02,+1.382213E-06,+7.611001E-06,-1.022302E+02,+1.391147E+00
+9.003906E+02,-7.327266E-06,-1.085355E-05,-9.765765E+01,-2.164617E+00
+9.006348E+02,+7.214922E-06,+7.700793E-06,-9.953281E+01,+8.179611E-01
+9.008789E+02,-3.507114E-06,-2.330052E-06,-1.075132E+02,-2.555176E+00
+9.011230E+02,+3.619343E-06,+1.545294E-06,-1.081002E+02,+4.035249E-01
+9.013672E+02,-9.558269E-06,-8.407054E-07,-1.003589E+02,-3.053863E+00
+9.016113E+02,+4.718373E-06,+7.015735E-07,-1.064292E+02,+1.476082E-01
+9.018555E+02,+8.793600E-07,+8.277363E-08,-1.210784E+02,+9.385286E-02
+9.020996E+02,-1.289227E-06,-4.681971E-06,-1.062740E+02,-1.839497E+00
+9.023438E+02,-7.249895E-07,+2.767530E-06,-1.108699E+02,+1.827002E+00
+9.025879E+02,+8.412725E-06,+2.808380E-06,-1.010424E+02,+3.221932E-01
+9.028320E+02,-7.297594E-06,-3.156462E-06,-1.019916E+02,-2.733357E+00
+9.030762E+02,-1.395461E-06,+1.145555E-06,-1.148683E+02,+2.454228E+00
+9.033203E+02,+5.798817E-06,+2.857296E-06,-1.037892E+02,+4.578210E-01
+9.035645E+02,-4.813356E-06,-7.955966E-06,-1.006316E+02,-2.114884E+00
+9.038086E+02,+5.125242E-06,+8.632805E-06,-9.996568E+01,+1.035027E+00
+9.040527E+02,-6.127183E-06,-9.067533E-07,-1.041607E+02,-2.994670E+00
+9.042969E+02,+2.470802E-06,-5.016259E-06,-1.050490E+02,-1.113120E+00
+9.045410E+02,+4.606288E-07,+1.254752E-06,-1.174798E+02,+1.218963E+00
+9.047852E+02,-4.740616E-07,+3.830092E-06,-1.082698E+02,+1.693943E+00
+9.050293E+02,-2.011443E-06,-1.996545E-06,-1.109517E+02,-2.359912E+00
+9.052734E+02,+3.021475E-06,+2.224492E-08,-1.103954E+02,+7.362140E-03
+9.055176E+02,-2.502071E-06,+2.305100E-06,-1.093652E+02,+2.397146E+00
+9.057617E+02,+5.061682E-06,-1.994991E-06,-1.052870E+02,-3.754410E-01
+9.060059E+02,-8.143500E-06,-5.579226E-06,-1.001124E+02,-2.540927E+00
+9.062500E+02,+5.022714E-06,+4.928439E-06,-1.030524E+02,+7.759247E-01
+9.064941E+02,-4.756183E-07,+5.791607E-07,-1.225054E+02,+2.258343E+00
+9.067383E+02,+4.973189E-06,+4.727982E-07,-1.060282E+02,+9.478454E-02
+9.069824E+02,-1.130017E-05,-1.797165E-06,-9.882982E+01,-2.983875E+00
+9.072266E+02,+7.085397E-06,+3.065326E-06,-1.022476E+02,+4.083121E-01
+9.074707E+02,-3.178974E-06,-6.088323E-06,-1.032630E+02,-2.052001E+00
+9.077148E+02,+7.678936E-06,+8.133071E-06,-9.902698E+01,+8.141112E-01
+9.079590E+02,-5.624566E-06,-5.577803E-06,-1.020240E+02,-2.360369E+00
+9.082031E+02,+3.805002E-06,+1.682389E-06,-1.076174E+02,+4.163083E-01
+9.084473E+02,-2.070021E-06,-1.087685E-06,-1.126217E+02,-2.657796E+00
+9.086914E+02,-4.782637E-06,+2.904404E-06,-1.050433E+02,+2.595837E+00
+9.089355E+02,+4.934127E-06,-2.468094E-06,-1.051660E+02,-4.638147E-01
+9.091797E+02,-4.291223E-06,-1.356828E-06,-1.069346E+02,-2.835353E+00
+9.094238E+02,+6.826184E-06,+1.737897E-06,-1.030437E+02,+2.492966E-01
+9.096680E+02,-2.890240E-06,+2.075551E-06,-1.089752E+02,+2.518806E+00
+9.099121E+02,+8.748632E-07,-3.251379E-07,-1.205993E+02,-3.558254E-01
+9.101562E+02,-4.094848E-06,-5.390456E-06,-1.033890E+02,-2.220444E+00
+9.104004E+02,+1.656551E-06,+5.224153E-06,-1.052236E+02,+1.263731E+00
+9.106445E+02,-1.426523E-06,+8.427312E-07,-1.156143E+02,+2.607996E+00
+9.108887E+02,+7.706910E-06,-3.437714E-06,-1.014743E+02,-4.195693E-01
+9.111328E+02,-4.939112E-06,+2.052569E-06,-1.054351E+02,+2.747733E+00
+9.113770E+02,-5.012941E-06,-5.572954E-07,-1.059448E+02,-3.030876E+00
+9.116211E+02,+5.237884E-06,-6.714141E-07,-1.055461E+02,-1.274890E-01
+9.118652E+02,-2.282320E-07,-3.450169E-06,-1.092242E+02,-1.636851E+00
+9.121094E+02,+1.883550E-06,+7.478350E-06,-1.022568E+02,+1.324061E+00
+9.123535E+02,-4.070480E-06,-6.315002E-06,-1.024835E+02,-2.143347E+00
+9.125977E+02,-1.437242E-06,+6.021115E-06,-1.041658E+02,+1.805112E+00
+9.128418E+02,+3.722043E-06,-7.873935E-06,-1.012003E+02,-1.129223E+00
+9.130859E+02,+7.698492E-08,+7.966576E-06,-1.019742E+02,+1.561133E+00
+9.133301E+02,-1.036140E-06,-2.764414E-06,-1.105970E+02,-1.929403E+00
+9.135742E+02,+6.210445E-07,-6.287481E-07,-1.210734E+02,-7.915620E-01
+9.138184E+02,+1.920948E-06,-3.435171E-06,-1.080994E+02,-1.060917E+00
+9.140625E+02,-4.227026E-06,+5.397954E-06,-1.032785E+02,+2.235134E+00
+9.143066E+02,+5.100715E-06,-1.917829E-06,-1.052731E+02,-3.596401E-01
+9.145508E+02,-2.599363E-06,+2.208505E-06,-1.093426E+02,+2.437312E+00
+9.147949E+02,-2.269410E-06,-2.314717E-06,-1.097847E+02,-2.346312E+00
+9.150391E+02,+7.060981E-07,-4.561383E-06,-1.067152E+02,-1.417216E+00
+9.152832E+02,-1.618941E-06,+6.512501E-06,-1.034646E+02,+1.814447E+00
+9.155273E+02,+1.077036E-05,-5.884237E-06,-9.822104E+01,-5.000259E-01
+9.157715E+02,-8.326609E-06,+4.802851E-06,-1.003433E+02,+2.618401E+00
+9.160156E+02,+1.359157E-06,+4.449105E-06,-1.066470E+02,+1.274310E+00
+9.162598E+02,-2.575279E-06,-7.179220E-06,-1.023528E+02,-1.915212E+00
+9.165039E+02,+2.576104E-06,-5.064738E-07,-1.116160E+02,-1.941286E-01
+9.167480E+02,-2.950488E-06,+1.802247E-06,-1.092251E+02,+2.593248E+00
+9.169922E+02,+3.261572E-06,-2.560479E-08,-1.097312E+02,-7.850285E-03
+9.172363E+02,+1.501577E-06,+2.333094E-06,-1.111362E+02,+9.989341E-01
+9.174805E+02,-1.293311E-06,-2.731494E-06,-1.103935E+02,-2.013005E+00
+9.177246E+02,-2.910892E-06,+8.584529E-07,-1.103573E+02,+2.854812E+00
+9.179688E+02,+9.668336E-07,+1.493607E-06,-1.149954E+02,+9.963114E-01
+9.182129E+02,-6.395225E-07,-2.655317E-07,-1.231921E+02,-2.748049E+00
+9.184570E+02,+5.939040E-06,-8.658883E-06,-9.957627E+01,-9.696031E-01
+9.187012E+02,-6.874279E-06,+9.698809E-06,-9.849789E+01,+2.187388E+00
+9.189453E+02,+1.864465E-06,+1.659309E-06,-1.120554E+02,+7.272432E-01
+9.191895E+02,-1.865172E-07,-6.729169E-06,-1.034374E+02,-1.598507E+00
+9.194336E+02,+1.855560E-06,+4.258618E-06,-1.066597E+02,+1.159882E+00
+9.196777E+02,+9.985430E-07,+1.214773E-07,-1.199489E+02,+1.210597E-01
+9.199219E+02,-6.099389E-07,-4.473225E-06,-1.069076E+02,-1.706314E+00
+9.201660E+02,-4.498569E-06,-1.147039E-06,-1.066650E+02,-2.891934E+00
+9.204102E+02,+3.704568E-06,+5.825591E-06,-1.032183E+02,+1.004388E+00
+9.206543E+02,+1.077150E-06,+6.303268E-07,-1.180755E+02,+5.294514E-01
+9.208984E+02,-1.396158E-06,-7.445230E-06,-1.024123E+02,-1.756167E+00
+9.211426E+02,+1.652714E-07,+5.753516E-06,-1.047978E+02,+1.542079E+00
+9.213867E+02,-4.051625E-06,+1.572523E-06,-1.072380E+02,+2.771368E+00
+9.216309E+02,+4.807199E-06,-6.102200E-06,-1.021935E+02,-9.035503E-01
+9.218750E+02,+9.039878E-07,-8.917240E-07,-1.179254E+02,-7.785688E-01
+9.221191E+02,+2.209826E-06,+6.012741E-06,-1.038683E+02,+1.218596E+00
+9.223633E+02,-1.167822E-05,-5.596383E-06,-9.775466E+01,-2.694710E+00
+9.226074E+02,+4.888094E-06,+4.873097E-06,-1.032202E+02,+7.838618E-01
+9.228516E+02,+4.913044E-06,-4.706673E-07,-1.061333E+02,-9.550805E-02
+9.230957E+02,-6.004801E-06,-8.144297E-07,-1.043509E+02,-3.006785E+00
+9.233398E+02,+5.319669E-06,+1.922895E-06,-1.049490E+02,+3.468554E-01
+9.235840E+02,-4.011005E-06,-5.796423E-06,-1.030376E+02,-2.176119E+00
+9.238281E+02,-2.188233E-06,+4.622628E-06,-1.058241E+02,+2.012917E+00
+9.240723E+02,+1.044145E-05,+1.833296E-06,-9.949292E+01,+1.738070E-01
+9.243164E+02,-1.094416E-05,-2.808841E-06,-9.893932E+01,-2.890363E+00
+9.245605E+02,+5.446576E-06,+1.673441E-06,-1.048858E+02,+2.980916E-01
+9.248047E+02,-8.140478E-07,+1.217567E-07,-1.216909E+02,+2.993124E+00
+9.250488E+02,+6.368735E-07,-4.957398E-07,-1.218618E+02,-6.614282E-01
+9.252930E+02,-1.320470E-06,-1.878452E-06,-1.127801E+02,-2.183504E+00
+9.255371E+02,+4.552377E-07,-6.643368E-07,-1.218803E+02,-9.700376E-01
+9.257812E+02,+5.814466E-07,+5.428219E-06,-1.052573E+02,+1.464088E+00
+9.260254E+02,+8.633592E-07,-5.956598E-06,-1.044097E+02,-1.426857E+00
+9.262695E+02,-6.713891E-07,-6.847334E-07,-1.203639E+02,-2.346355E+00
+9.265137E+02,-6.365184E-06,+7.557198E-06,-1.001043E+02,+2.270784E+00
+9.267578E+02,+8.120640E-06,-7.164384E-06,-9.930801E+01,-7.229180E-01
+9.270020E+02,+2.097760E-06,+4.359349E-06,-1.063070E+02,+1.122294E+00
+9.272461E+02,-6.439674E-06,-4.515285E-06,-1.020861E+02,-2.530084E+00
+9.274902E+02,-1.086006E-06,+6.912117E-06,-1.031019E+02,+1.726638E+00
+9.277344E+02,-1.209381E-06,-4.628181E-06,-1.064049E+02,-1.826389E+00
+9.279785E+02,+8.201683E-06,-5.381077E-06,-1.001672E+02,-5.806475E-01
+9.282227E+02,+7.643909E-07,+1.330445E-05,-9.750575E+01,+1.513406E+00
+9.284668E+02,-4.375431E-06,-1.169339E-05,-9.807210E+01,-1.928848E+00
+9.287109E+02,-4.041226E-06,+1.324264E-06,-1.074268E+02,+2.824931E+00
+9.289551E+02,+4.818641E-06,+5.549427E-06,-1.026748E+02,+8.557661E-01
+9.291992E+02,-2.957769E-06,-6.805508E-07,-1.103567E+02,-2.915440E+00
+9.294434E+02,+2.838812E-06,-7.683137E-06,-1.017335E+02,-1.216869E+00
+9.296875E+02,-9.860399E-07,+1.143280E-05,-9.880476E+01,+1.656830E+00
+9.299316E+02,-3.373131E-06,-1.040229E-05,-9.922321E+01,-1.884366E+00
+9.301758E+02,+7.321278E-06,+6.603701E-06,-1.001229E+02,+7.339121E-01
+9.304199E+02,-4.944238E-06,-3.928440E-06,-1.039927E+02,-2.470184E+00
+9.306641E+02,-3.138473E-06,-2.005573E-06,-1.085785E+02,-2.572969E+00
+9.309082E+02,+6.255952E-06,+4.172464E-06,-1.024760E+02,+5.882050E-01
+9.311523E+02,-4.576014E-06,+3.116444E-06,-1.051354E+02,+2.543706E+00
+9.313965E+02,+6.042674E-06,-2.539367E-06,-1.036691E+02,-3.978311E-01
+9.316406E+02,-7.692817E-06,-1.916529E-07,-1.022756E+02,-3.116685E+00
+9.318848E+02,+5.308982E-06,+1.289716E-06,-1.052507E+02,+2.383145E-01
+9.321289E+02,-1.590363E-06,-5.587392E-06,-1.047175E+02,-1.848097E+00
+9.323730E+02,+1.757484E-06,+1.299844E-06,-1.132072E+02,+6.368152E-01
+9.326172E+02,-1.284087E-06,+5.023837E-06,-1.057044E+02,+1.821037E+00
+9.328613E+02,-6.769379E-06,-3.199930E-06,-1.025132E+02,-2.700017E+00
+9.331055E+02,+1.340380E-05,+1.936242E-06,-9.736575E+01,+1.434624E-01
+9.333496E+02,-1.017114E-05,+9.207411E-07,-9.981716E+01,+3.051314E+00
+9.335938E+02,+5.148787E-06,-3.064799E-06,-1.044487E+02,-5.369172E-01
+9.338379E+02,-2.497186E-06,-2.114673E-06,-1.097030E+02,-2.438946E+00
+9.340820E+02,+3.069613E-07,+6.374800E-06,-1.039006E+02,+1.522681E+00
+9.343262E+02,+3.466581E-07,-7.527784E-06,-1.024575E+02,-1.524778E+00
+9.345703E+02,+7.266738E-07,+5.472099E-06,-1.051610E+02,+1.438773E+00
+9.348145E+02,+1.336370E-06,+1.441128E-07,-1.174313E+02,+1.074239E-01
+9.350586E+02,-6.869251E-06,-4.737875E-06,-1.015718E+02,-2.537798E+00
+9.353027E+02,+4.029485E-06,+2.925337E-06,-1.060565E+02,+6.279521E-01
+9.355469E+02,+3.427087E-06,+4.126588E-06,-1.054100E+02,+8.777390E-01
+9.357910E+02,-6.335724E-06,-8.206116E-06,-9.968665E+01,-2.228275E+00
+9.360352E+02,+2.513620E-06,+1.316493E-05,-9.745612E+01,+1.382134E+00
+9.362793E+02,+2.255787E-06,-1.160895E-05,-9.854317E+01,-1.378874E+00
+9.365234E+02,-2.938066E-06,-6.604292E-07,-1.104247E+02,-2.920484E+00
+9.367676E+02,+3.397505E-08,+8.240632E-06,-1.016807E+02,+1.566674E+00
+9.370117E+02,+4.767214E-06,-8.255916E-06,-1.004150E+02,-1.047138E+00
+9.372559E+02,-5.469296E-06,+7.279260E-06,-1.008144E+02,+2.215163E+00
+9.375000E+02,+1.350250E-06,-5.210436E-06,-1.053802E+02,-1.317231E+00
+9.377441E+02,-3.915342E-07,+1.858366E-06,-1.144287E+02,+1.778447E+00
+9.379883E+02,+3.210566E-06,-3.282011E-06,-1.067614E+02,-7.964018E-01
+9.382324E+02,-2.978699E-06,+5.626547E-06,-1.039222E+02,+2.057687E+00
+9.384766E+02,+1.407076E-06,-4.095391E-06,-1.072695E+02,-1.239856E+00
+9.387207E+02,+3.975155E-06,+6.019354E-06,-1.028371E+02,+9.871478E-01
+9.389648E+02,-7.875597E-06,-1.165377E-05,-9.703696E+01,-2.165094E+00
+9.392090E+02,+3.424209E-06,+1.119120E-05,-9.863380E+01,+1.273868E+00
+9.394531E+02,+1.483055E-06,-3.108489E-06,-1.092584E+02,-1.125637E+00
+9.396973E+02,-3.631581E-06,-1.347421E-06,-1.082380E+02,-2.786308E+00
+9.399414E+02,-8.873255E-07,+3.836267E-06,-1.080955E+02,+1.798098E+00
+9.401855E+02,-7.772080E-07,-5.641504E-06,-1.048904E+02,-1.707701E+00
+9.404297E+02,+5.870495E-06,+7.901003E-06,-1.001373E+02,+9.317862E-01
+9.406738E+02,-7.590932E-06,-5.027714E-06,-1.008144E+02,-2.556597E+00
+9.409180E+02,+1.450728E-05,+4.326887E-06,-9.639817E+01,+2.898563E-01
+9.411621E+02,-1.026959E-05,-2.458906E-06,-9.952683E+01,-2.906581E+00
+9.414062E+02,+9.532281E-06,+1.434265E-06,-1.003188E+02,+1.493437E-01
+9.416504E+02,-6.002595E-06,-8.820296E-06,-9.943748E+01,-2.168344E+00
+9.418945E+02,+3.090074E-06,+9.980909E-06,-9.961908E+01,+1.270557E+00
+9.421387E+02,-1.855193E-06,-1.766721E-06,-1.118289E+02,-2.380616E+00
+9.423828E+02,-3.526948E-06,-8.371654E-06,-1.008342E+02,-1.969526E+00
+9.426270E+02,+4.652579E-06,+5.275650E-07,-1.065906E+02,+1.129097E-01
+9.428711E+02,-3.240815E-06,-9.881060E-07,-1.094009E+02,-2.845652E+00
+9.431152E+02,-3.551136E-07,+9.402547E-06,-1.005289E+02,+1.608546E+00
+9.433594E+02,-6.120837E-06,-1.008062E-05,-9.856724E+01,-2.116485E+00
+9.436035E+02,+1.044676E-05,+8.434090E-06,-9.744080E+01,+6.792006E-01
+9.438477E+02,-7.813924E-06,+2.731378E-07,-1.021373E+02,+3.106652E+00
+9.440918E+02,-1.424986E-06,-3.090696E-06,-1.093618E+02,-2.002807E+00
+9.443359E+02,+5.795758E-06,-4.826968E-06,-1.024496E+02,-6.944500E-01
+9.445801E+02,+6.534718E-07,+7.673145E-06,-1.022691E+02,+1.485838E+00
+9.448242E+02,-1.479048E-06,-1.845886E-06,-1.125221E+02,-2.246309E+00
+9.450684E+02,+7.647685E-07,-5.770919E-06,-1.046995E+02,-1.439043E+00
+9.453125E+02,-3.107848E-06,+2.067873E-06,-1.085590E+02,+2.554487E+00
+9.455566E+02,-2.591731E-06,+3.715130E-06,-1.068784E+02,+2.179920E+00
+9.458008E+02,+4.786727E-06,+3.667526E-06,-1.043933E+02,+6.537803E-01
+9.460449E+02,-2.941725E-07,-5.790008E-06,-1.047352E+02,-1.621560E+00
+9.462891E+02,+2.327891E-06,+3.227316E-07,-1.125781E+02,+1.377588E-01
+9.465332E+02,-3.376609E-07,+2.572852E-06,-1.117175E+02,+1.701290E+00
+9.467773E+02,-3.531889E-06,-1.950558E-07,-1.090266E+02,-3.086422E+00
+9.470215E+02,+1.006271E-06,-2.423092E-07,-1.197009E+02,-2.363006E-01
+9.472656E+02,-1.789208E-06,-2.837263E-06,-1.094880E+02,-2.133420E+00
+9.475098E+02,+3.246891E-06,+5.823249E-06,-1.035210E+02,+1.062157E+00
+9.477539E+02,-1.684749E-06,-3.881847E-06,-1.074697E+02,-1.980271E+00
+9.479980E+02,+6.864093E-07,-4.567918E-06,-1.067087E+02,-1.421645E+00
+9.482422E+02,+2.914285E-06,+6.047918E-06,-1.034611E+02,+1.121761E+00
+9.484863E+02,-8.314292E-06,-1.761896E-06,-1.014127E+02,-2.932770E+00
+9.487305E+02,+7.063736E-06,+1.804790E-06,-1.027447E+02,+2.501491E-01
+9.489746E+02,+2.303619E-07,-1.776574E-06,-1.149359E+02,-1.441849E+00
+9.492188E+02,-3.308126E-06,+3.681685E-07,-1.095549E+02,+3.030757E+00
+9.494629E+02,-3.256032E-06,+2.148327E-06,-1.081767E+02,+2.558360E+00
+9.497070E+02,+9.168498E-06,-4.423356E-06,-9.984526E+01,-4.495105E-01
+9.499512E+02,-5.211080E-06,+9.650724E-07,-1.055150E+02,+2.958471E+00
+9.501953E+02,+4.475457E-07,+3.679179E-06,-1.086212E+02,+1.449748E+00
+9.504395E+02,-1.268859E-06,-5.427755E-06,-1.050765E+02,-1.800444E+00
+9.506836E+02,+3.173558E-06,+4.456943E-06,-1.052381E+02,+9.520301E-01
+9.509277E+02,-1.570206E-06,-3.695448E-06,-1.079258E+02,-1.972584E+00
+9.511719E+02,+3.757663E-06,+2.731100E-06,-1.066597E+02,+6.284924E-01
+9.514160E+02,-6.173715E-06,+6.224919E-07,-1.041451E+02,+3.041103E+00
+9.516602E+02,-5.150764E-07,-1.073434E-06,-1.184846E+02,-2.018186E+00
+9.519043E+02,+2.095868E-06,-2.905296E-06,-1.089166E+02,-9.458547E-01
+9.521484E+02,+4.140468E-06,+1.404301E-06,-1.071861E+02,+3.269896E-01
+9.523926E+02,-5.775952E-06,+6.844691E-06,-1.009576E+02,+2.271714E+00
+9.526367E+02,+4.981920E-06,-6.240848E-06,-1.019540E+02,-8.971074E-01
+9.528809E+02,-3.970466E-06,+6.224548E-07,-1.079177E+02,+2.986087E+00
+9.531250E+02,+2.088446E-06,+1.934283E-06,-1.109135E+02,+7.470939E-01
+9.533691E+02,+2.431183E-07,-1.156246E-06,-1.185511E+02,-1.363550E+00
+9.536133E+02,-2.549393E-06,-3.576730E-06,-1.071461E+02,-2.190043E+00
+9.538574E+02,+2.359408E-06,+3.493550E-07,-1.124498E+02,+1.470008E-01
+9.541016E+02,-2.025051E-06,+5.577569E-06,-1.045333E+02,+1.919067E+00
+9.543457E+02,-1.772386E-06,-8.513623E-06,-1.012135E+02,-1.776047E+00
+9.545898E+02,+6.496055E-06,+9.649169E-06,-9.868686E+01,+9.782676E-01
+9.548340E+02,-4.397751E-06,-4.704455E-06,-1.038224E+02,-2.322512E+00
+9.550781E+02,+5.977116E-06,+9.446629E-07,-1.043630E+02,+1.567501E-01
+9.553223E+02,-8.762809E-06,-4.496449E-07,-1.011357E+02,-3.090325E+00
+9.555664E+02,+3.279663E-06,+6.608122E-07,-1.095106E+02,+1.988258E-01
+9.558105E+02,+7.185670E-07,-2.113694E-07,-1.225103E+02,-2.860849E-01
+9.560547E+02,-2.534143E-06,-1.675966E-06,-1.103476E+02,-2.557277E+00
+9.562988E+02,+7.424356E-06,+4.818608E-06,-1.010602E+02,+5.756909E-01
+9.565430E+02,-4.579799E-06,-4.928729E-06,-1.034422E+02,-2.319515E+00
+9.567871E+02,-1.178892E-06,-8.359153E-07,-1.168016E+02,-2.524806E+00
+9.570312E+02,+2.107615E-06,+2.552975E-06,-1.096020E+02,+8.806676E-01
+9.572754E+02,-4.694517E-06,-1.140289E-06,-1.063192E+02,-2.903309E+00
+9.575195E+02,+3.623274E-06,+2.878389E-06,-1.066932E+02,+6.713272E-01
+9.577637E+02,-5.212752E-07,-2.836735E-06,-1.107994E+02,-1.752528E+00
+9.580078E+02,-1.288705E-06,+1.404336E-06,-1.143974E+02,+2.313284E+00
+9.582520E+02,-2.351235E-06,-4.180821E-06,-1.063813E+02,-2.083099E+00
+9.584961E+02,+8.763319E-06,+3.735912E-06,-1.004214E+02,+4.029818E-01
+9.587402E+02,-7.525128E-06,+1.369719E-06,-1.023282E+02,+2.961544E+00
+9.589844E+02,+3.209831E-06,-4.640837E-06,-1.049702E+02,-9.656970E-01
+9.592285E+02,-3.792077E-07,+6.702349E-06,-1.034616E+02,+1.627314E+00
+9.594727E+02,-9.978535E-07,-8.187942E-06,-1.016725E+02,-1.692067E+00
+9.597168E+02,+7.619856E-07,+5.242143E-06,-1.055190E+02,+1.426450E+00
+9.599609E+02,+5.507096E-07,+2.799564E-06,-1.108933E+02,+1.376564E+00
+9.602051E+02,-2.399107E-06,-6.296313E-06,-1.034295E+02,-1.934846E+00
+9.604492E+02,+1.388758E-06,-1.067952E-06,-1.151298E+02,-6.555495E-01
+9.606934E+02,+1.128901E-06,+4.821945E-06,-1.061038E+02,+1.340821E+00
+9.609375E+02,-3.514262E-06,+4.542798E-06,-1.048166E+02,+2.229225E+00
+9.611816E+02,+2.432502E-06,-6.856823E-06,-1.027627E+02,-1.229890E+00
+9.614258E+02,+3.417641E-06,+2.882369E-06,-1.069922E+02,+7.006381E-01
+9.616699E+02,-4.343110E-06,-2.637010E-06,-1.058810E+02,-2.595917E+00
+9.619141E+02,+7.500410E-07,+1.554592E-06,-1.152588E+02,+1.121272E+00
+9.621582E+02,+1.020477E-06,-1.928469E-06,-1.132236E+02,-1.084090E+00
+9.624023E+02,-3.808656E-06,+7.815188E-08,-1.083827E+02,+3.121076E+00
+9.626465E+02,+3.519820E-07,+2.158030E-06,-1.132048E+02,+1.409117E+00
+9.628906E+02,+5.325459E-06,-3.934276E-07,-1.054492E+02,-7.374278E-02
+9.631348E+02,-3.173434E-06,-8.662516E-07,-1.096573E+02,-2.875115E+00
+9.633789E+02,+4.158832E-06,-3.130942E-07,-1.075960E+02,-7.514241E-02
+9.636230E+02,-3.876931E-06,+3.219779E-06,-1.059521E+02,+2.448531E+00
+9.638672E+02,-1.750961E-06,-2.635437E-06,-1.099951E+02,-2.157222E+00
+9.641113E+02,+6.581666E-07,+3.761566E-06,-1.083617E+02,+1.397578E+00
+9.643555E+02,+1.811379E-06,-4.820201E-06,-1.057650E+02,-1.211334E+00
+9.645996E+02,-1.565607E-06,-2.109527E-06,-1.116107E+02,-2.209261E+00
+9.648438E+02,+6.871538E-07,+4.739785E-06,-1.063945E+02,+1.426824E+00
+9.650879E+02,+2.718079E-07,+2.731682E-06,-1.112286E+02,+1.471621E+00
+9.653320E+02,+3.453467E-06,-8.093745E-06,-1.011106E+02,-1.167501E+00
+9.655762E+02,-3.750316E-06,+4.093540E-06,-1.051114E+02,+2.312465E+00
+9.658203E+02,-2.554014E-06,+1.863392E-07,-1.118325E+02,+3.068762E+00
+9.660645E+02,+4.777240E-06,-8.381573E-07,-1.062848E+02,-1.736804E-01
+9.663086E+02,-4.004614E-06,+2.578513E-06,-1.064425E+02,+2.569528E+00
+9.665527E+02,+6.090263E-06,-3.207250E-06,-1.032443E+02,-4.847156E-01
+9.667969E+02,-8.155014E-06,+4.945695E-06,-1.004113E+02,+2.596436E+00
+9.670410E+02,+9.805399E-06,-3.165052E-06,-9.974025E+01,-3.122287E-01
+9.672852E+02,-6.648677E-06,-3.891140E-06,-1.022661E+02,-2.612089E+00
+9.675293E+02,-4.621059E-06,+2.178210E-06,-1.058338E+02,+2.701113E+00
+9.677734E+02,+4.101722E-06,+7.833636E-06,-1.010685E+02,+1.088444E+00
+9.680176E+02,+8.374575E-06,-7.727541E-06,-9.886563E+01,-7.452366E-01
+9.682617E+02,-8.983206E-06,+2.327754E-06,-1.006491E+02,+2.888046E+00
+9.685059E+02,+2.369198E-06,+9.220864E-07,-1.118954E+02,+3.711596E-01
+9.687500E+02,+2.248593E-06,-5.450479E-06,-1.045887E+02,-1.179518E+00
+9.689941E+02,-9.391685E-06,-2.682978E-06,-1.002044E+02,-2.863328E+00
+9.692383E+02,+9.074985E-06,+1.412685E-05,-9.549870E+01,+9.997876E-01
+9.694824E+02,-1.966574E-06,-1.074834E-05,-9.923016E+01,-1.751760E+00
+9.697266E+02,+2.846469E-06,+9.561680E-07,-1.104496E+02,+3.240711E-01
+9.699707E+02,-3.088487E-06,+7.633962E-06,-1.016867E+02,+1.955238E+00
+9.702148E+02,-7.908621E-07,-1.210156E-05,-9.832466E+01,-1.636056E+00
+9.704590E+02,-1.230541E-06,+7.346940E-06,-1.025577E+02,+1.736746E+00
+9.707031E+02,+5.783445E-06,-1.377475E-06,-1.045166E+02,-2.338191E-01
+9.709473E+02,+1.589427E-06,+3.143074E-06,-1.090640E+02,+1.102605E+00
+9.711914E+02,-9.691295E-06,-6.623222E-06,-9.860787E+01,-2.542081E+00
+9.714355E+02,+4.128089E-06,+7.441181E-06,-1.014019E+02,+1.064304E+00
+9.716797E+02,+5.540879E-07,-6.907696E-06,-1.031855E+02,-1.490755E+00
+9.719238E+02,-4.060732E-06,+1.386431E-06,-1.073491E+02,+2.812578E+00
+9.721680E+02,+1.054145E-05,+4.875578E-06,-9.870010E+01,+4.332125E-01
+9.724121E+02,-8.363681E-06,-3.858604E-06,-1.007140E+02,-2.709338E+00
+9.726562E+02,+2.284432E-06,+1.917547E-06,-1.105082E+02,+6.983068E-01
+9.729004E+02,-2.638701E-07,+3.016093E-06,-1.103780E+02,+1.658062E+00
+9.731445E+02,+1.800192E-06,-9.266259E-06,-1.005010E+02,-1.378913E+00
+9.733887E+02,-8.180160E-06,+4.610477E-06,-1.005467E+02,+2.628355E+00
+9.736328E+02,+9.813057E-06,+5.207244E-08,-1.001638E+02,+5.306395E-03
+9.738770E+02,-4.408518E-07,+3.624516E-06,-1.087512E+02,+1.691832E+00
+9.741211E+02,-6.107064E-06,-2.783507E-06,-1.034636E+02,-2.713938E+00
+9.743652E+02,+2.974318E-06,+2.505568E-07,-1.105015E+02,+8.404168E-02
+9.746094E+02,-1.328465E-06,-2.576151E-06,-1.107565E+02,-2.046908E+00
+9.748535E+02,-7.658891E-07,+3.485546E-06,-1.089498E+02,+1.787092E+00
+9.750977E+02,+5.387562E-06,-1.829899E-06,-1.048980E+02,-3.274270E-01
+9.753418E+02,-3.668073E-06,-2.125724E-06,-1.074537E+02,-2.616368E+00
+9.755859E+02,+4.063699E-06,+4.832450E-06,-1.039939E+02,+8.715979E-01
+9.758301E+02,-6.085536E-06,+1.448210E-06,-1.040748E+02,+2.907963E+00
+9.760742E+02,+5.894878E-06,-6.984263E-06,-1.007816E+02,-8.697825E-01
+9.763184E+02,-3.598005E-06,+1.586720E-06,-1.081070E+02,+2.726248E+00
+9.765625E+02,-2.686754E-06,+1.520783E-06,-1.102084E+02,+2.626526E+00
+9.768066E+02,+1.552444E-06,+1.543906E-06,-1.131933E+02,+7.826408E-01
+9.770508E+02,+2.680341E-07,-1.328006E-06,-1.173626E+02,-1.371640E+00
+9.772949E+02,+5.785557E-06,+3.352925E-06,-1.034955E+02,+5.252348E-01
+9.775391E+02,-9.358949E-06,-9.489820E-06,-9.750443E+01,-2.349252E+00
+9.777832E+02,+1.043218E-05,+3.530757E-06,-9.916151E+01,+3.263473E-01
+9.780273E+02,-1.084629E-05,+7.883967E-06,-9.745213E+01,+2.513052E+00
+9.782715E+02,+5.301120E-06,-5.046055E-06,-1.027112E+02,-7.607524E-01
+9.785156E+02,+2.871737E-06,-3.052673E-06,-1.075533E+02,-8.159294E-01
+9.787598E+02,-1.027321E-06,+5.457320E-06,-1.051092E+02,+1.756865E+00
+9.790039E+02,-5.553225E-06,-1.712341E-06,-1.047146E+02,-2.842492E+00
+9.792480E+02,+4.482747E-06,-1.161250E-06,-1.066870E+02,-2.534768E-01
+9.794922E+02,-3.922520E-06,-3.045052E-07,-1.081026E+02,-3.064118E+00
+9.797363E+02,+8.080552E-07,-2.963283E-06,-1.102530E+02,-1.304580E+00
+9.799805E+02,+8.782593E-06,+5.108159E-06,-9.986206E+01,+5.267975E-01
+9.802246E+02,-1.115238E-05,-2.386635E-06,-9.885818E+01,-2.930770E+00
+9.804688E+02,+3.315469E-06,+2.188314E-06,-1.080186E+02,+5.833950E-01
+9.807129E+02,+3.843162E-06,-7.444561E-07,-1.081462E+02,-1.913396E-01
+9.809570E+02,-1.359331E-06,-3.991330E-06,-1.075011E+02,-1.899046E+00
+9.812012E+02,-6.221310E-06,-6.623714E-08,-1.041219E+02,-3.130946E+00
+9.814453E+02,+1.006309E-05,+6.780707E-06,-9.831963E+01,+5.929383E-01
+9.816895E+02,-8.282772E-06,-5.236107E-06,-1.001763E+02,-2.577855E+00
+9.819336E+02,+2.528153E-06,+4.651493E-06,-1.055241E+02,+1.072946E+00
+9.821777E+02,+5.205395E-06,-7.952252E-06,-1.004415E+02,-9.912074E-01
+9.824219E+02,-4.806211E-06,+3.495039E-06,-1.045204E+02,+2.512849E+00
+9.826660E+02,-2.043199E-06,+2.606749E-06,-1.095980E+02,+2.235588E+00
+9.829102E+02,+1.636062E-06,+6.957482E-07,-1.150021E+02,+4.020890E-01
+9.831543E+02,+4.453356E-06,-8.679008E-06,-1.002156E+02,-1.096709E+00
+9.833984E+02,-4.142434E-06,+9.724264E-06,-9.951865E+01,+1.973505E+00
+9.836426E+02,-8.325065E-07,-1.859165E-06,-1.138200E+02,-1.991807E+00
+9.838867E+02,-4.313471E-07,-1.677927E-06,-1.152266E+02,-1.822419E+00
+9.841309E+02,+1.105397E-06,+1.029683E-06,-1.164166E+02,+7.499512E-01
+9.843750E+02,+4.109929E-06,-8.892943E-07,-1.075246E+02,-2.130920E-01
+9.846191E+02,-5.507547E-06,+3.369004E-06,-1.038004E+02,+2.592610E+00
+9.848633E+02,-6.037903E-07,-6.181020E-06,-1.041376E+02,-1.668172E+00
+9.851074E+02,+3.961646E-06,+7.097976E-06,-1.017996E+02,+1.061727E+00
+9.853516E+02,-7.796010E-06,-6.802596E-06,-9.970401E+01,-2.424138E+00
+9.855957E+02,+9.651260E-06,+1.414005E-07,-1.003074E+02,+1.464994E-02
+9.858398E+02,+4.294329E-06,+4.070196E-06,-1.045583E+02,+7.586088E-01
+9.860840E+02,-1.568477E-05,-1.605481E-06,-9.604517E+01,-3.039589E+00
+9.863281E+02,+1.186972E-05,+1.039772E-06,-9.847800E+01,+8.737568E-02
+9.865723E+02,-5.454829E-06,+4.968311E-07,-1.052285E+02,+3.050762E+00
+9.868164E+02,+1.723537E-06,-8.027288E-06,-1.017129E+02,-1.359298E+00
+9.870605E+02,-3.149572E-06,+1.039784E-05,-9.927990E+01,+1.864917E+00
+9.873047E+02,+4.178112E-06,-1.440285E-06,-1.070927E+02,-3.319647E-01
+9.875488E+02,+3.462801E-06,-2.526891E-06,-1.073575E+02,-6.303982E-01
+9.877930E+02,-1.044440E-05,-4.591016E-07,-9.961395E+01,-3.097664E+00
+9.880371E+02,+4.223998E-06,-2.522071E-06,-1.061613E+02,-5.382708E-01
+9.882812E+02,+3.011697E-06,+8.190756E-06,-1.011828E+02,+1.218446E+00
+9.885254E+02,+2.775109E-06,-6.526575E-06,-1.029845E+02,-1.168755E+00
+9.887695E+02,-2.992735E-06,+3.143554E-06,-1.072496E+02,+2.331621E+00
+9.890137E+02,-5.516303E-06,-5.843443E-06,-1.018993E+02,-2.327404E+00
+9.892578E+02,+5.125364E-06,+6.896304E-06,-1.013178E+02,+9.316585E-01
+9.895020E+02,-8.908090E-06,-2.393456E-06,-1.007016E+02,-2.879108E+00
+9.897461E+02,+1.306793E-05,+1.606276E-08,-9.767586E+01,+1.229174E-03
+9.899902E+02,-7.298915E-06,-5.745227E-06,-1.006408E+02,-2.474746E+00
+9.902344E+02,+4.410468E-06,+8.167282E-06,-1.006471E+02,+1.075650E+00
+9.904785E+02,-1.648049E-06,+6.857935E-07,-1.149670E+02,+2.747264E+00
+9.907227E+02,-1.573528E-06,-5.925799E-06,-1.042492E+02,-1.830345E+00
+9.909668E+02,+3.883879E-07,+1.725311E-06,-1.150480E+02,+1.349375E+00
+9.912109E+02,-3.517551E-07,+3.505757E-06,-1.090609E+02,+1.670798E+00
+9.914551E+02,+3.223544E-06,-6.535739E-06,-1.027485E+02,-1.112589E+00
+9.916992E+02,-3.958348E-06,+3.075564E-06,-1.059985E+02,+2.481046E+00
+9.919434E+02,+3.628744E-07,+3.585249E-06,-1.088653E+02,+1.469927E+00
+9.921875E+02,-5.902425E-07,+2.663463E-06,-1.112829E+02,+1.788879E+00
+9.924316E+02,+5.320172E-06,-1.103475E-05,-9.823707E+01,-1.121547E+00
+9.926758E+02,-5.055233E-06,+1.153722E-05,-9.799525E+01,+1.983767E+00
+9.929199E+02,+3.184351E-06,-8.050708E-06,-1.012521E+02,-1.194143E+00
+9.931641E+02,-5.796159E-06,+7.559646E-07,-1.046639E+02,+3.011900E+00
+9.934082E+02,+5.514733E-06,-2.449218E-07,-1.051609E+02,-4.438310E-02
+9.936523E+02,-5.192958E-06,+2.442136E-06,-1.048240E+02,+2.702004E+00
+9.938965E+02,+7.459856E-06,+2.914501E-06,-1.019285E+02,+3.724560E-01
+9.941406E+02,-2.176715E-06,-3.449140E-06,-1.077899E+02,-2.133762E+00
+9.943848E+02,-2.838952E-06,-3.391823E-06,-1.070854E+02,-2.267694E+00
+9.946289E+02,-6.800784E-07,+3.770842E-06,-1.083322E+02,+1.749230E+00
+9.948730E+02,+4.910424E-06,-4.874777E-06,-1.031988E+02,-7.817553E-01
+9.951172E+02,-2.943896E-06,+9.799116E-06,-9.980098E+01,+1.862643E+00
+9.953613E+02,+8.088414E-07,-1.006255E-05,-9.991787E+01,-1.490587E+00
+9.956055E+02,-2.129928E-06,+8.839805E-06,-1.008261E+02,+1.807237E+00
+9.958496E+02,+1.716510E-06,-7.893038E-06,-1.018544E+02,-1.356659E+00
+9.960938E+02,+1.876332E-07,+8.004446E-06,-1.019310E+02,+1.547359E+00
+9.963379E+02,-7.447279E-07,-4.519346E-06,-1.067821E+02,-1.734115E+00
+9.965820E+02,-7.120327E-07,+7.497570E-07,-1.197097E+02,+2.330393E+00
+9.968262E+02,+1.910485E-06,-6.199349E-06,-1.037590E+02,-1.271856E+00
+9.970703E+02,-4.430736E-06,+9.435383E-06,-9.963939E+01,+2.009819E+00
+9.973145E+02,+4.951459E-06,-1.308834E-06,-1.058120E+02,-2.584225E-01
+9.975586E+02,+1.500948E-06,-1.998770E-06,-1.120426E+02,-9.266967E-01
+9.978027E+02,-3.957038E-06,-3.360355E-06,-1.056944E+02,-2.437557E+00
+9.980469E+02,-2.155914E-06,+3.824043E-06,-1.071509E+02,+2.084157E+00
+9.982910E+02,+9.952955E-06,+1.358890E-06,-9.996075E+01,+1.356923E-01
+9.985352E+02,-1.265363E-05,-5.270884E-06,-9.726081E+01,-2.746900E+00
+9.987793E+02,+7.805692E-06,+3.843603E-06,-1.012089E+02,+4.575574E-01
+9.990234E+02,-2.040748E-06,+4.543218E-06,-1.060545E+02,+1.992973E+00
+9.992676E+02,-2.528813E-08,-1.025665E-05,-9.977986E+01,-1.573262E+00
+9.995117E+02,-2.596654E-06,+3.204769E-06,-1.076921E+02,+2.251754E+00
+9.997559E+02,+7.891708E-06,+4.853499E-06,-1.006633E+02,+5.513850E-01
