FFT Length,8192
Record Length,4096
FFT Sample Rate,+2.000000E+03,
Delta Frequency,+2.441406E-01,
Start Frequency,+0.000000E+00,
Stop Frequency,+1.000000E+03,
Vertical Units,F1:,Real part,Vrms,Imaginary part,Vrms,Magnitude,dBV,
Model,SDS814X HD
Serial Number,SDS08A0X807112
Software Version,3.8.12.1.1.3.8
SourceF1:
Frequency,Real part,Imaginary part,Magnitude,Angle
+0.000000E+00,-3.176842E-04,+0.000000E+00,-6.996009E+01,+3.141593E+00
+2.441406E-01,+2.179127E-04,-1.139985E-05,-7.322248E+01,-5.226619E-02
+4.882812E-01,+1.410640E-05,+5.860851E-06,-9.632011E+01,+3.937750E-01
+7.324219E-01,-1.534217E-05,+4.319720E-07,-9.627883E+01,+3.113444E+00
+9.765625E-01,+2.453418E-05,+8.549349E-06,-9.170685E+01,+3.353084E-01
+1.220703E+00,-2.245325E-05,-8.845200E-06,-9.234789E+01,-2.766323E+00
+1.464844E+00,+1.337932E-05,-4.650403E-06,-9.697598E+01,-3.345185E-01
+1.708984E+00,-3.092266E-06,+1.191304E-05,-9.819637E+01,+1.824762E+00
+1.953125E+00,+4.498032E-06,-2.437375E-05,-9.211610E+01,-1.388305E+00
+2.197266E+00,-2.896997E-06,+1.375022E-05,-9.704518E+01,+1.778447E+00
+2.441406E+00,-2.308736E-05,-9.384788E-06,-9.206839E+01,-2.755504E+00
+2.685547E+00,+1.675058E-05,+3.590485E-06,-9.532431E+01,+2.111547E-01
+2.929688E+00,+1.427919E-05,+2.663392E-05,-9.039405E+01,+1.078666E+00
+3.173828E+00,-1.441801E-05,-3.337537E-05,-8.878837E+01,-1.978577E+00
+3.417969E+00,-4.460490E-06,+1.471824E-05,-9.626128E+01,+1.865057E+00
+3.662109E+00,-2.773349E-07,+9.207315E-06,-1.007134E+02,+1.600908E+00
+3.906250E+00,+1.083612E-05,-1.527520E-05,-9.454998E+01,-9.537940E-01
+4.150391E+00,-9.702465E-06,+1.005139E-05,-9.709591E+01,+2.338532E+00
+4.394531E+00,+2.530350E-05,-1.101391E-05,-9.118288E+01,-4.105389E-01
+4.638672E+00,-7.662753E-06,-6.851341E-06,-9.976096E+01,-2.412041E+00
+4.882812E+00,-1.731973E-05,+3.263112E-05,-8.864943E+01,+2.058758E+00
+5.126953E+00,-2.267687E-06,-6.732993E-05,-8.343091E+01,-1.604464E+00
+5.371094E+00,-3.178769E-05,+5.854230E-05,-8.352846E+01,+2.068239E+00
+5.615234E+00,+4.626458E-05,+2.075687E-05,-8.589854E+01,+4.217355E-01
+5.859375E+00,+1.060058E-05,-3.040844E-05,-8.984203E+01,-1.235363E+00
+6.103516E+00,-6.305178E-06,-1.591275E-05,-9.533176E+01,-1.948052E+00
+6.347656E+00,-2.211074E-05,+6.627074E-06,-9.273434E+01,+2.850391E+00
+6.591797E+00,+1.115884E-05,+1.359343E-05,-9.509619E+01,+8.834410E-01
+6.835938E+00,-6.195818E-06,-1.225859E-05,-9.724318E+01,-2.038776E+00
+7.080078E+00,+5.457684E-06,+1.761110E-05,-9.468601E+01,+1.270282E+00
+7.324219E+00,+4.777625E-06,-1.720257E-05,-9.496545E+01,-1.299896E+00
+7.568359E+00,-1.068613E-05,-5.887238E-06,-9.827243E+01,-2.638041E+00
+7.812500E+00,+1.123922E-05,+1.054689E-05,-9.624232E+01,+7.536305E-01
+8.056641E+00,-8.540469E-06,-1.311396E-06,-1.012692E+02,-2.989232E+00
+8.300781E+00,+3.815306E-07,-3.668653E-06,-1.086631E+02,-1.467171E+00
+8.544922E+00,-4.572033E-06,+8.304240E-06,-1.004642E+02,+2.074074E+00
+8.789062E+00,+4.298696E-06,+6.434490E-07,-1.072370E+02,+1.485816E-01
+9.033203E+00,+5.731012E-06,+1.844288E-06,-1.044074E+02,+3.113425E-01
+9.277344E+00,-5.851771E-06,-5.929429E-06,-1.015863E+02,-2.349603E+00
+9.521484E+00,+8.240666E-06,+3.627690E-07,-1.016723E+02,+4.399340E-02
+9.765625E+00,-9.129926E-06,+1.007805E-06,-1.007381E+02,+3.031653E+00
+1.000977E+01,+1.282631E-05,+7.380250E-06,-9.659591E+01,+5.221342E-01
+1.025391E+01,-1.443827E-05,-1.772672E-05,-9.281747E+01,-2.254312E+00
+1.049805E+01,+4.063627E-06,+5.399989E-06,-1.034034E+02,+9.256812E-01
+1.074219E+01,-2.508006E-06,+1.409316E-06,-1.108217E+02,+2.629639E+00
+1.098633E+01,+9.644765E-06,+9.399550E-06,-9.741428E+01,+7.725228E-01
+1.123047E+01,-1.686604E-05,-1.064997E-05,-9.400242E+01,-2.578372E+00
+1.147461E+01,+1.308811E-05,+7.952810E-06,-9.629772E+01,+5.460154E-01
+1.171875E+01,+4.640154E-06,-1.231835E-06,-1.063736E+02,-2.594875E-01
+1.196289E+01,-9.641017E-06,-1.656007E-05,-9.435115E+01,-2.098013E+00
+1.220703E+01,-1.520130E-06,+2.446077E-05,-9.221386E+01,+1.632862E+00
+1.245117E+01,+5.516642E-07,-1.366295E-05,-9.728204E+01,-1.530442E+00
+1.269531E+01,-2.617567E-06,+3.809868E-06,-1.067026E+02,+2.172778E+00
+1.293945E+01,+1.356943E-05,+4.431038E-06,-9.690873E+01,+3.156292E-01
+1.318359E+01,+2.899595E-06,-1.114236E-05,-9.877587E+01,-1.316211E+00
+1.342773E+01,-1.831328E-05,+9.724902E-06,-9.366582E+01,+2.653430E+00
+1.367188E+01,+8.913827E-06,-5.076762E-06,-9.977861E+01,-5.177197E-01
+1.391602E+01,-2.317975E-06,-5.021174E-06,-1.051449E+02,-2.003288E+00
+1.416016E+01,-1.812139E-06,+1.192564E-05,-9.837123E+01,+1.721596E+00
+1.440430E+01,+2.266536E-06,-5.843083E-06,-1.040584E+02,-1.200764E+00
+1.464844E+01,+6.491215E-06,-2.610237E-06,-1.031025E+02,-3.823312E-01
+1.489258E+01,-8.856116E-06,+2.893733E-07,-1.010505E+02,+3.108929E+00
+1.513672E+01,+1.258684E-06,+4.591816E-06,-1.064457E+02,+1.303253E+00
+1.538086E+01,+4.769460E-06,-1.080568E-06,-1.062132E+02,-2.227985E-01
+1.562500E+01,-8.180507E-06,+5.474203E-07,-1.017250E+02,+3.074775E+00
+1.586914E+01,+6.487070E-06,+1.258878E-07,-1.037574E+02,+1.940352E-02
+1.611328E+01,+4.007519E-06,-6.721469E-06,-1.021298E+02,-1.033156E+00
+1.635742E+01,-1.189477E-05,+1.376558E-05,-9.480202E+01,+2.283417E+00
+1.660156E+01,+6.103213E-06,-1.447779E-05,-9.607558E+01,-1.171846E+00
+1.684570E+01,+9.853151E-07,+4.231269E-06,-1.072412E+02,+1.342008E+00
+1.708984E+01,-3.108096E-06,+2.121597E-06,-1.084889E+02,+2.542638E+00
+1.733398E+01,+5.827782E-06,-5.141253E-08,-1.046896E+02,-8.821742E-03
+1.757812E+01,-7.091031E-06,+2.604928E-06,-1.024361E+02,+2.789541E+00
+1.782227E+01,+4.714960E-06,-1.271517E-06,-1.062256E+02,-2.634110E-01
+1.806641E+01,+3.307384E-06,-5.763782E-06,-1.035497E+02,-1.049848E+00
+1.831055E+01,-7.561855E-06,+4.850299E-06,-1.009309E+02,+2.571275E+00
+1.855469E+01,+1.608021E-06,-3.731475E-06,-1.078226E+02,-1.163910E+00
+1.879883E+01,-3.418956E-06,+7.303078E-06,-1.018692E+02,+2.008643E+00
+1.904297E+01,+1.366563E-05,-6.489662E-06,-9.640420E+01,-4.433579E-01
+1.928711E+01,-1.062952E-05,+8.054958E-08,-9.946948E+01,+3.134015E+00
+1.953125E+01,+8.014316E-07,+5.383134E-06,-1.052841E+02,+1.423004E+00
+1.977539E+01,+8.105157E-07,-5.273237E-06,-1.054570E+02,-1.418286E+00
+2.001953E+01,+3.092645E-07,+4.463580E-06,-1.069855E+02,+1.501621E+00
+2.026367E+01,-2.711289E-06,+9.986051E-07,-1.107840E+02,+2.788697E+00
+2.050781E+01,+8.788150E-06,-5.453758E-06,-9.970718E+01,-5.554152E-01
+2.075195E+01,-3.145470E-06,+5.610051E-06,-1.038335E+02,+2.081806E+00
+2.099609E+01,-9.342291E-06,-7.915974E-06,-9.824080E+01,-2.438653E+00
+2.124023E+01,+1.098249E-05,+9.917787E-06,-9.659600E+01,+7.345001E-01
+2.148438E+01,-3.386922E-06,-8.527883E-06,-1.007471E+02,-1.948851E+00
+2.172852E+01,-3.009784E-06,+1.130613E-05,-9.863637E+01,+1.830971E+00
+2.197266E+01,+7.576368E-06,-1.609538E-05,-9.499678E+01,-1.130849E+00
+2.221680E+01,-5.969642E-06,+7.426670E-06,-1.004195E+02,+2.247857E+00
+2.246094E+01,-3.512505E-07,+2.125669E-07,-1.277324E+02,+2.597379E+00
+2.270508E+01,+3.133369E-06,+5.026952E-07,-1.099694E+02,+1.590772E-01
+2.294922E+01,-2.592903E-07,-1.617713E-06,-1.157118E+02,-1.729727E+00
+2.319336E+01,-4.322491E-06,-2.064617E-06,-1.063928E+02,-2.695988E+00
+2.343750E+01,+3.910741E-06,+1.300763E-06,-1.076991E+02,+3.211021E-01
+2.368164E+01,-1.897875E-06,-3.028279E-06,-1.089373E+02,-2.130630E+00
+2.392578E+01,-2.802149E-06,+5.643697E-06,-1.040117E+02,+2.031648E+00
+2.416992E+01,+4.836690E-06,+1.076189E-06,-1.060992E+02,+2.189387E-01
+2.441406E+01,-7.132851E-06,-5.359156E-06,-1.009910E+02,-2.497238E+00
+2.465820E+01,+5.243307E-06,+2.751509E-06,-1.045515E+02,+4.832635E-01
+2.490234E+01,-1.060990E-06,+1.437991E-06,-1.149573E+02,+2.206462E+00
+2.514648E+01,-4.524272E-07,-7.327339E-07,-1.212984E+02,-2.123949E+00
+2.539062E+01,+3.215712E-06,+5.595360E-06,-1.038040E+02,+1.049180E+00
+2.563477E+01,-6.035049E-06,-1.476358E-05,-9.594508E+01,-1.958848E+00
+2.587891E+01,+5.624392E-06,+1.260260E-05,-9.720198E+01,+1.151033E+00
+2.612305E+01,-2.562780E-06,-6.506473E-06,-1.031067E+02,-1.946017E+00
+2.636719E+01,+2.487619E-06,+6.069775E-06,-1.036622E+02,+1.181839E+00
+2.661133E+01,-6.461801E-06,-3.103650E-06,-1.028914E+02,-2.693823E+00
+2.685547E+01,+6.319321E-06,+1.684083E-06,-1.036886E+02,+2.604444E-01
+2.709961E+01,-2.520293E-06,-5.147472E-08,-1.119692E+02,-3.121171E+00
+2.734375E+01,-1.165658E-06,+4.866545E-07,-1.179708E+02,+2.746097E+00
+2.758789E+01,+2.742188E-06,-2.668214E-06,-1.083449E+02,-7.717265E-01
+2.783203E+01,+3.291038E-06,+1.753656E-06,-1.085679E+02,+4.895872E-01
+2.807617E+01,-7.255402E-06,-3.932315E-06,-1.016683E+02,-2.644924E+00
+2.832031E+01,+1.920544E-06,+7.417166E-07,-1.137277E+02,+3.685546E-01
+2.856445E+01,+7.094832E-06,+7.784596E-06,-9.954926E+01,+8.317219E-01
+2.880859E+01,-8.832109E-06,-5.694752E-06,-9.956888E+01,-2.568897E+00
+2.905273E+01,+3.450745E-06,+3.703742E-06,-1.059133E+02,+8.207455E-01
+2.929688E+01,+1.417542E-07,-4.889780E-06,-1.062106E+02,-1.541815E+00
+2.954102E+01,-2.600994E-06,+5.461353E-06,-1.043662E+02,+2.015268E+00
+2.978516E+01,+1.023574E-06,-8.944534E-06,-1.009123E+02,-1.456856E+00
+3.002930E+01,+3.440746E-06,+9.846486E-06,-9.963403E+01,+1.234621E+00
+3.027344E+01,-2.983873E-06,-7.210755E-06,-1.021539E+02,-1.963150E+00
+3.051758E+01,-1.523960E-06,+7.187381E-06,-1.026776E+02,+1.779735E+00
+3.076172E+01,+6.202718E-06,-7.539948E-06,-1.002080E+02,-8.823977E-01
+3.100586E+01,-2.120476E-06,+7.464222E-06,-1.022032E+02,+1.847589E+00
+3.125000E+01,-1.091848E-06,-5.880474E-06,-1.044646E+02,-1.754379E+00
+3.149414E+01,+2.800701E-08,-4.787050E-07,-1.263838E+02,-1.512357E+00
+3.173828E+01,+3.246145E-07,+5.295365E-06,-1.055058E+02,+1.509571E+00
+3.198242E+01,-3.918863E-06,-9.238482E-06,-9.996941E+01,-1.971980E+00
+3.222656E+01,+4.331059E-06,+8.344299E-06,-1.005362E+02,+1.092030E+00
+3.247070E+01,+1.772260E-06,+1.190218E-06,-1.134127E+02,+5.913978E-01
+3.271484E+01,-3.440622E-06,-4.346492E-06,-1.051244E+02,-2.240386E+00
+3.295898E+01,-4.053514E-06,+6.899088E-07,-1.077193E+02,+2.973008E+00
+3.320312E+01,+9.727220E-06,-1.440560E-06,-1.001460E+02,-1.470271E-01
+3.344727E+01,-3.991191E-06,+4.689607E-07,-1.079184E+02,+3.024630E+00
+3.369141E+01,-3.385907E-06,+1.148485E-07,-1.094015E+02,+3.107686E+00
+3.393555E+01,+4.568448E-06,+2.487678E-06,-1.056768E+02,+4.986374E-01
+3.417969E+01,-1.457679E-06,-8.931445E-07,-1.153424E+02,-2.591875E+00
+3.442383E+01,-7.110616E-07,-2.797522E-06,-1.107926E+02,-1.819701E+00
+3.466797E+01,-2.247790E-06,+5.010123E-06,-1.052066E+02,+1.992527E+00
+3.491211E+01,+5.741695E-06,-6.919588E-06,-1.009233E+02,-8.781623E-01
+3.515625E+01,-8.618525E-06,+4.954428E-06,-1.000513E+02,+2.619865E+00
+3.540039E+01,+9.135485E-06,-3.332893E-06,-1.002427E+02,-3.498243E-01
+3.564453E+01,-7.082152E-06,+7.350487E-06,-9.982188E+01,+2.337605E+00
+3.588867E+01,+6.604985E-06,-5.196964E-06,-1.015098E+02,-6.666553E-01
+3.613281E+01,-3.896034E-06,+2.133539E-06,-1.070485E+02,+2.640580E+00
+3.637695E+01,+9.240629E-07,-4.008577E-06,-1.077153E+02,-1.344233E+00
+3.662109E+01,+3.502998E-06,+1.602554E-06,-1.082859E+02,+4.290573E-01
+3.686523E+01,-4.242651E-06,-3.509588E-06,-1.051831E+02,-2.450476E+00
+3.710938E+01,+2.982939E-06,+4.630617E-06,-1.051798E+02,+9.985251E-01
+3.735352E+01,-4.194621E-06,+1.091840E-06,-1.072614E+02,+2.886948E+00
+3.759766E+01,+1.910593E-06,-1.469218E-06,-1.123590E+02,-6.555412E-01
+3.784180E+01,-3.280102E-06,+4.048881E-06,-1.056619E+02,+2.251681E+00
+3.808594E+01,+8.841772E-06,-7.946671E-06,-9.849776E+01,-7.321321E-01
+3.833008E+01,-9.457676E-06,+3.420505E-06,-9.995045E+01,+2.794564E+00
+3.857422E+01,+3.336304E-06,-1.098839E-07,-1.095300E+02,-3.292391E-02
+3.881836E+01,-1.453318E-06,-1.348438E-06,-1.140556E+02,-2.393610E+00
+3.906250E+01,+5.829927E-06,-1.714519E-06,-1.043265E+02,-2.860253E-01
+3.930664E+01,-5.789974E-06,+2.703704E-06,-1.038898E+02,+2.704722E+00
+3.955078E+01,+7.100712E-06,+5.794148E-07,-1.029451E+02,+8.141916E-02
+3.979492E+01,-4.329218E-06,-5.293144E-08,-1.072712E+02,-3.129367E+00
+4.003906E+01,-3.159375E-06,+4.861316E-07,-1.099063E+02,+2.988920E+00
+4.028320E+01,+2.105698E-06,-2.802779E-06,-1.091046E+02,-9.264706E-01
+4.052734E+01,-1.328950E-06,+4.778446E-06,-1.060907E+02,+1.842055E+00
+4.077148E+01,+1.015942E-06,-5.499286E-06,-1.050481E+02,-1.388115E+00
+4.101562E+01,+8.068459E-07,+5.981081E-06,-1.043861E+02,+1.436706E+00
+4.125977E+01,+2.265534E-06,-9.840946E-06,-9.991498E+01,-1.344524E+00
+4.150391E+01,-7.630167E-06,+9.658084E-06,-9.819594E+01,+2.239428E+00
+4.174805E+01,+1.135903E-05,-5.653950E-06,-9.793188E+01,-4.618454E-01
+4.199219E+01,-9.813889E-06,+1.848922E-06,-1.000117E+02,+2.955377E+00
+4.223633E+01,+1.703731E-06,+3.916925E-06,-1.073886E+02,+1.160514E+00
+4.248047E+01,+6.060915E-06,-3.495170E-06,-1.031024E+02,-5.230911E-01
+4.272461E+01,-1.129886E-05,+3.403905E-06,-9.856202E+01,+2.848979E+00
+4.296875E+01,+6.372740E-06,-9.986956E-06,-9.852784E+01,-1.002828E+00
+4.321289E+01,+2.980011E-06,+9.220335E-06,-1.002736E+02,+1.258193E+00
+4.345703E+01,+2.476444E-07,-3.394347E-06,-1.093618E+02,-1.497967E+00
+4.370117E+01,-3.933776E-06,+3.260914E-06,-1.058322E+02,+2.449445E+00
+4.394531E+01,+5.037288E-07,-5.091865E-06,-1.058202E+02,-1.472189E+00
+4.418945E+01,+2.746897E-06,+3.042038E-06,-1.077470E+02,+8.363378E-01
+4.443359E+01,-5.211799E-08,-1.355051E-06,-1.173545E+02,-1.609239E+00
+4.467773E+01,-8.923577E-06,+1.415576E-06,-1.008813E+02,+2.984270E+00
+4.492188E+01,+1.623135E-05,+1.758543E-06,-9.574223E+01,+1.079214E-01
+4.516602E+01,-1.559613E-05,-4.838066E-06,-9.574065E+01,-2.840796E+00
+4.541016E+01,+1.032550E-05,+2.832491E-06,-9.940667E+01,+2.677339E-01
+4.565430E+01,-6.449272E-06,-4.253407E-06,-1.022414E+02,-2.558556E+00
+4.589844E+01,+7.375312E-07,+4.073752E-06,-1.076600E+02,+1.391692E+00
+4.614258E+01,-2.498746E-06,-1.016040E-06,-1.113810E+02,-2.755393E+00
+4.638672E+01,+8.887611E-06,+2.654481E-06,-1.006532E+02,+2.902381E-01
+4.663086E+01,-3.496444E-06,+7.875801E-07,-1.089125E+02,+2.920039E+00
+4.687500E+01,-6.856806E-06,-5.434943E-06,-1.011603E+02,-2.471359E+00
+4.711914E+01,+6.077147E-06,+4.838027E-06,-1.021941E+02,+6.723593E-01
+4.736328E+01,-1.570353E-06,-4.097364E-06,-1.071547E+02,-1.936788E+00
+4.760742E+01,+1.775862E-06,+2.038846E-06,-1.113605E+02,+8.542289E-01
+4.785156E+01,-5.268572E-06,+6.812904E-07,-1.054941E+02,+3.012994E+00
+4.809570E+01,+4.348294E-06,-6.560666E-07,-1.071359E+02,-1.497496E-01
+4.833984E+01,+2.030014E-06,+9.922054E-08,-1.138397E+02,+4.883792E-02
+4.858398E+01,-3.999977E-06,+6.621631E-06,-1.022297E+02,+2.114208E+00
+4.882812E+01,-1.013823E-06,-9.507579E-06,-1.003895E+02,-1.677028E+00
+4.907227E+01,+5.751033E-06,+4.739200E-06,-1.025544E+02,+6.892409E-01
+4.931641E+01,-8.235228E-06,-2.205857E-06,-1.013856E+02,-2.879880E+00
+4.956055E+01,+2.055388E-06,+2.736491E-06,-1.093133E+02,+9.265892E-01
+4.980469E+01,+3.467909E-06,-6.539482E-07,-1.090469E+02,-1.863827E-01
+5.004883E+01,+9.273996E-06,+5.014238E-06,-9.954092E+01,+4.956574E-01
+5.029297E+01,-1.387067E-05,+6.390650E-07,-9.714883E+01,+3.095552E+00
+5.053711E+01,+8.944757E-06,-5.408470E-06,-9.961539E+01,-5.438334E-01
+5.078125E+01,+2.236035E-06,+4.927605E-06,-1.053341E+02,+1.144806E+00
+5.102539E+01,+1.825496E-06,-5.384218E-06,-1.049050E+02,-1.243914E+00
+5.126953E+01,-1.332475E-06,+2.132189E-06,-1.119916E+02,+2.129348E+00
+5.151367E+01,+5.041238E-06,-8.208664E-06,-1.003247E+02,-1.020047E+00
+5.175781E+01,-6.914130E-07,-3.031814E-06,-1.101458E+02,-1.795014E+00
+5.200195E+01,-5.155838E-06,+6.206749E-07,-1.056915E+02,+3.021786E+00
+5.224609E+01,-5.616975E-06,-1.214798E-05,-9.746846E+01,-2.003897E+00
+5.249023E+01,-4.371451E-06,+6.799966E-07,-1.070837E+02,+2.987275E+00
+5.273438E+01,-5.495760E-06,+7.953579E-06,-1.002936E+02,+2.175443E+00
+5.297852E+01,-5.028763E-06,+5.630075E-06,-1.024423E+02,+2.299840E+00
+5.322266E+01,+2.243823E-06,+1.875911E-06,-1.106784E+02,+6.963297E-01
+5.346680E+01,-7.320819E-07,+7.259464E-06,-1.027380E+02,+1.671302E+00
+5.371094E+01,+6.580568E-06,+3.195928E-06,-1.027150E+02,+4.521111E-01
+5.395508E+01,+8.672278E-06,-1.038727E-06,-1.011755E+02,-1.192077E-01
+5.419922E+01,-4.147803E-06,+6.420555E-07,-1.075408E+02,+2.988017E+00
+5.444336E+01,+5.718401E-06,-7.315472E-06,-1.006441E+02,-9.073228E-01
+5.468750E+01,-1.836566E-06,-5.178991E-06,-1.052007E+02,-1.911580E+00
+5.493164E+01,-7.795252E-06,+5.023168E-07,-1.021454E+02,+3.077243E+00
+5.517578E+01,+3.032274E-06,+1.733826E-06,-1.091361E+02,+5.194191E-01
+5.541992E+01,-6.464872E-06,+3.495173E-06,-1.026752E+02,+2.645963E+00
+5.566406E+01,-3.710505E-06,+9.977416E-06,-9.945706E+01,+1.926838E+00
+5.590820E+01,+2.082363E-05,+1.946802E-06,-9.359108E+01,+9.321904E-02
+5.615234E+01,+3.051342E-06,-1.207229E-05,-9.809525E+01,-1.323226E+00
+5.639648E+01,-1.392398E-05,-8.235676E-06,-9.582191E+01,-2.607466E+00
+5.664062E+01,-5.678701E-06,+6.920116E-06,-1.009617E+02,+2.257977E+00
+5.688477E+01,+3.823844E-06,+3.896273E-06,-1.052574E+02,+7.947797E-01
+5.712891E+01,+2.704121E-06,+6.852608E-06,-1.026544E+02,+1.194943E+00
+5.737305E+01,+2.611665E-06,-8.257661E-06,-1.012488E+02,-1.264479E+00
+5.761719E+01,-5.213185E-07,-3.872263E-07,-1.237498E+02,-2.502727E+00
+5.786133E+01,+6.566764E-07,-2.390481E-07,-1.231125E+02,-3.491162E-01
+5.810547E+01,-2.151642E-06,+8.265974E-07,-1.127467E+02,+2.774806E+00
+5.834961E+01,+2.173877E-06,-2.313253E-06,-1.099667E+02,-8.164495E-01
+5.859375E+01,-6.809204E-06,+3.793202E-06,-1.021643E+02,+2.633338E+00
+5.883789E+01,+7.211150E-06,-1.282308E-06,-1.027047E+02,-1.759834E-01
+5.908203E+01,-9.610579E-07,+4.085490E-06,-1.075412E+02,+1.801833E+00
+5.932617E+01,-3.311676E-06,-7.471333E-06,-1.017530E+02,-1.988024E+00
+5.957031E+01,+5.600783E-06,+3.438262E-06,-1.036461E+02,+5.505698E-01
+5.981445E+01,+1.346716E-06,+3.880428E-06,-1.077285E+02,+1.236749E+00
+6.005859E+01,-3.317591E-06,-8.175623E-06,-1.010876E+02,-1.956285E+00
+6.030273E+01,+2.449319E-06,+4.680250E-06,-1.055434E+02,+1.088659E+00
+6.054688E+01,-5.852947E-06,-1.241234E-06,-1.044614E+02,-2.932619E+00
+6.079102E+01,+7.458809E-06,+4.101450E-06,-1.013993E+02,+5.027512E-01
+6.103516E+01,-1.006207E-05,-1.048002E-05,-9.675561E+01,-2.335851E+00
+6.127930E+01,+1.078599E-05,+7.548895E-06,-9.761143E+01,+6.106454E-01
+6.152344E+01,-1.262396E-05,-2.981663E-06,-9.774033E+01,-2.909652E+00
+6.176758E+01,+6.927660E-06,+5.356976E-06,-1.011526E+02,+6.582305E-01
+6.201172E+01,+1.235141E-06,-4.572213E-06,-1.064916E+02,-1.306953E+00
+6.225586E+01,+2.243428E-06,+2.287979E-06,-1.098852E+02,+7.952294E-01
+6.250000E+01,-4.170668E-06,+2.392388E-06,-1.063605E+02,+2.620794E+00
+6.274414E+01,+3.489590E-06,-1.231708E-05,-9.785454E+01,-1.294718E+00
+6.298828E+01,-3.553390E-06,+1.422055E-05,-9.667863E+01,+1.815659E+00
+6.323242E+01,+2.820863E-06,-7.385997E-06,-1.020405E+02,-1.205972E+00
+6.347656E+01,-4.720121E-06,+3.864162E-06,-1.042933E+02,+2.455578E+00
+6.372070E+01,+5.056013E-06,-2.514936E-06,-1.049637E+02,-4.615773E-01
+6.396484E+01,+2.984433E-07,+1.086195E-06,-1.189658E+02,+1.302653E+00
+6.420898E+01,-8.250304E-07,+5.126972E-06,-1.056917E+02,+1.730348E+00
+6.445312E+01,-3.765388E-06,-1.372616E-05,-9.693391E+01,-1.838532E+00
+6.469727E+01,-9.211436E-07,+1.091186E-05,-9.921119E+01,+1.655013E+00
+6.494141E+01,+7.261910E-06,-2.207078E-06,-1.023953E+02,-2.950541E-01
+6.518555E+01,-3.195456E-06,-3.117571E-06,-1.070049E+02,-2.368531E+00
+6.542969E+01,-4.105914E-06,+3.995783E-06,-1.048380E+02,+2.369787E+00
+6.567383E+01,+5.275000E-06,+3.659452E-07,-1.055347E+02,+6.926253E-02
+6.591797E+01,+1.141314E-06,-5.490277E-06,-1.050244E+02,-1.365836E+00
+6.616211E+01,-1.589317E-06,+5.287558E-06,-1.051593E+02,+1.862782E+00
+6.640625E+01,-2.153989E-06,-4.223407E-07,-1.131713E+02,-2.947975E+00
+6.665039E+01,+8.739270E-07,-1.863713E-06,-1.137292E+02,-1.132323E+00
+6.689453E+01,+1.572388E-06,-2.128379E-06,-1.115475E+02,-9.345194E-01
+6.713867E+01,-3.895769E-07,+3.764528E-07,-1.253241E+02,+2.373326E+00
+6.738281E+01,-3.511062E-06,+2.941934E-06,-1.067814E+02,+2.444163E+00
+6.762695E+01,+7.852693E-06,+1.505469E-06,-1.019429E+02,+1.894154E-01
+6.787109E+01,-9.384153E-06,-3.982863E-06,-9.983278E+01,-2.740210E+00
+6.811523E+01,+7.361552E-06,+3.544572E-06,-1.017551E+02,+4.487367E-01
+6.835938E+01,-6.802506E-06,-5.033940E-06,-1.014500E+02,-2.504514E+00
+6.860352E+01,+7.023043E-06,+4.625728E-06,-1.015045E+02,+5.824322E-01
+6.884766E+01,-6.414198E-06,-4.556789E-06,-1.020827E+02,-2.523906E+00
+6.909180E+01,+4.328007E-06,+5.156571E-06,-1.034369E+02,+8.725361E-01
+6.933594E+01,-4.542171E-06,-8.098977E-06,-1.006437E+02,-2.081918E+00
+6.958008E+01,+4.762091E-06,+6.094643E-06,-1.022314E+02,+9.075270E-01
+6.982422E+01,-1.644866E-07,-3.553733E-07,-1.281433E+02,-2.004290E+00
+7.006836E+01,+7.549719E-07,+2.927885E-06,-1.103894E+02,+1.318438E+00
+7.031250E+01,-7.603210E-06,-4.139217E-06,-1.012528E+02,-2.643056E+00
+7.055664E+01,+1.053100E-05,+2.604633E-07,-9.954795E+01,+2.472795E-02
+7.080078E+01,-7.374015E-06,+6.588926E-07,-1.026114E+02,+3.052476E+00
+7.104492E+01,+5.196624E-06,-3.558688E-06,-1.040155E+02,-6.004568E-01
+7.128906E+01,-7.989627E-06,+4.417005E-06,-1.007913E+02,+2.636570E+00
+7.153320E+01,+1.039033E-05,-6.273589E-07,-9.965160E+01,-6.030589E-02
+7.177734E+01,-1.201204E-05,-2.516838E-06,-9.822107E+01,-2.935054E+00
+7.202148E+01,+1.018446E-05,+6.898429E-06,-9.820128E+01,+5.953612E-01
+7.226562E+01,-3.432915E-06,-8.335024E-06,-1.009014E+02,-1.961490E+00
+7.250977E+01,+1.905284E-06,+7.885611E-07,-1.137141E+02,+3.924152E-01
+7.275391E+01,-4.313590E-06,+5.859339E-06,-1.027623E+02,+2.205401E+00
+7.299805E+01,+1.448784E-06,-7.886300E-06,-1.019184E+02,-1.389113E+00
+7.324219E+01,+9.687474E-08,+4.858182E-06,-1.062688E+02,+1.550858E+00
+7.348633E+01,+1.651541E-06,-2.028527E-06,-1.116478E+02,-8.874820E-01
+7.373047E+01,-1.084185E-06,+2.996888E-06,-1.099324E+02,+1.917918E+00
+7.397461E+01,+5.400050E-07,+1.426276E-06,-1.163342E+02,+1.208863E+00
+7.421875E+01,-5.337983E-06,-8.593357E-06,-9.989955E+01,-2.126641E+00
+7.446289E+01,+6.531858E-06,+1.481395E-05,-9.581503E+01,+1.155514E+00
+7.470703E+01,-2.866833E-06,-1.035544E-05,-9.937592E+01,-1.840875E+00
+7.495117E+01,+9.731134E-08,-4.499938E-06,-1.069338E+02,-1.549175E+00
+7.519531E+01,+7.466723E-06,+7.843502E-06,-9.930804E+01,+8.100029E-01
+7.543945E+01,-1.160500E-05,-5.929804E-06,-9.769963E+01,-2.669208E+00
+7.568359E+01,+7.597543E-06,+6.152334E-06,-1.001966E+02,+6.806756E-01
+7.592773E+01,-5.548843E-06,-2.091808E-06,-1.045388E+02,-2.781086E+00
+7.617188E+01,+4.213516E-06,-9.806690E-07,-1.072780E+02,-2.286726E-01
+7.641602E+01,-2.634848E-06,+4.317283E-07,-1.114698E+02,+2.979183E+00
+7.666016E+01,-4.273329E-06,-2.726816E-07,-1.073670E+02,-3.077869E+00
+7.690430E+01,+1.044384E-05,+3.290493E-07,-9.961849E+01,+3.149613E-02
+7.714844E+01,-4.603221E-06,+4.643190E-06,-1.036908E+02,+2.351872E+00
+7.739258E+01,-1.329784E-06,-1.080566E-05,-9.926170E+01,-1.693244E+00
+7.763672E+01,+7.022924E-07,+1.008251E-05,-9.990761E+01,+1.501254E+00
+7.788086E+01,+5.708522E-06,-3.688807E-06,-1.033541E+02,-5.736943E-01
+7.812500E+01,-1.571701E-05,-6.845567E-09,-9.607260E+01,-3.141157E+00
+7.836914E+01,+1.287858E-05,+5.760519E-07,-9.779396E+01,+4.469967E-02
+7.861328E+01,-1.805603E-06,+5.926060E-07,-1.144233E+02,+2.824466E+00
+7.885742E+01,-4.126501E-06,-6.659990E-06,-1.021195E+02,-2.125500E+00
+7.910156E+01,+5.167521E-06,+8.664556E-06,-9.992347E+01,+1.033030E+00
+7.934570E+01,-6.159297E-07,-5.423010E-06,-1.052595E+02,-1.683889E+00
+7.958984E+01,-4.409625E-06,+4.489063E-06,-1.040234E+02,+2.347268E+00
+7.983398E+01,+6.570851E-07,-4.151233E-08,-1.236303E+02,-6.309263E-02
+8.007812E+01,-2.579121E-06,-5.555423E-06,-1.042580E+02,-2.005440E+00
+8.032227E+01,+4.803219E-06,+3.132451E-06,-1.048303E+02,+5.778897E-01
+8.056641E+01,+4.094149E-06,+3.700462E-06,-1.051633E+02,+7.349334E-01
+8.081055E+01,-4.155045E-06,-7.275488E-06,-1.015368E+02,-2.089696E+00
+8.105469E+01,-5.979683E-06,+8.063983E-06,-9.996606E+01,+2.208854E+00
+8.129883E+01,+8.039926E-06,-3.444001E-06,-1.011633E+02,-4.047151E-01
+8.154297E+01,+2.862547E-06,-3.629474E-06,-1.067025E+02,-9.029869E-01
+8.178711E+01,-1.321291E-05,+7.717556E-06,-9.630521E+01,+2.612952E+00
+8.203125E+01,+1.130559E-05,-7.577092E-06,-9.732292E+01,-5.904502E-01
+8.227539E+01,-5.058988E-06,+3.897127E-06,-1.038954E+02,+2.485202E+00
+8.251953E+01,+2.770561E-06,+2.747853E-06,-1.081739E+02,+7.812832E-01
+8.276367E+01,-4.676957E-06,-6.471009E-06,-1.019553E+02,-2.196632E+00
+8.300781E+01,+2.706639E-06,+6.345972E-06,-1.032242E+02,+1.167645E+00
+8.325195E+01,+2.809042E-06,-4.165631E-06,-1.059786E+02,-9.775018E-01
+8.349609E+01,-8.331011E-07,+1.262353E-08,-1.215850E+02,+3.126441E+00
+8.374023E+01,-7.497021E-06,-2.981590E-07,-1.024954E+02,-3.101843E+00
+8.398438E+01,+7.875325E-06,+2.377753E-06,-1.016958E+02,+2.932214E-01
+8.422852E+01,-4.655922E-06,+1.297706E-06,-1.063150E+02,+2.869770E+00
+8.447266E+01,+9.176063E-06,-4.438465E-06,-9.983384E+01,-4.505231E-01
+8.471680E+01,-7.355760E-06,+2.969837E-06,-1.020116E+02,+2.757864E+00
+8.496094E+01,+8.583451E-07,-2.221124E-06,-1.124641E+02,-1.202029E+00
+8.520508E+01,+1.281925E-06,+3.579914E-06,-1.083986E+02,+1.226934E+00
+8.544922E+01,-4.084450E-06,-6.646687E-08,-1.077762E+02,-3.125321E+00
+8.569336E+01,+4.962903E-06,-2.259222E-06,-1.052674E+02,-4.271879E-01
+8.593750E+01,+8.279127E-08,-1.166989E-06,-1.186369E+02,-1.499971E+00
+8.618164E+01,-6.803013E-06,+1.345660E-06,-1.031793E+02,+2.946310E+00
+8.642578E+01,+7.221995E-06,+1.304545E-06,-1.026874E+02,+1.787079E-01
+8.666992E+01,-1.215444E-06,+4.140021E-06,-1.073009E+02,+1.856357E+00
+8.691406E+01,+2.855925E-06,-1.266406E-05,-9.773311E+01,-1.348993E+00
+8.715820E+01,-9.097110E-06,+1.438456E-05,-9.538092E+01,+2.134715E+00
+8.740234E+01,+9.567209E-06,-8.785305E-06,-9.772851E+01,-7.428192E-01
+8.764648E+01,-4.463064E-06,+2.052677E-06,-1.061740E+02,+2.710515E+00
+8.789062E+01,+3.937185E-07,+2.816663E-06,-1.109213E+02,+1.431914E+00
+8.813477E+01,-1.326170E-06,-4.878275E-06,-1.059250E+02,-1.836234E+00
+8.837891E+01,+1.995390E-06,+3.102137E-06,-1.086631E+02,+9.991945E-01
+8.862305E+01,+5.894088E-07,-2.354624E-07,-1.239486E+02,-3.800658E-01
+8.886719E+01,-4.182030E-06,+1.463211E-06,-1.070707E+02,+2.805024E+00
+8.911133E+01,+8.031496E-06,-5.077010E-06,-1.004440E+02,-5.637155E-01
+8.935547E+01,-7.767427E-06,+3.619164E-06,-1.013412E+02,+2.705561E+00
+8.959961E+01,+2.167116E-06,-4.896969E-06,-1.054247E+02,-1.154161E+00
+8.984375E+01,+2.616772E-06,+1.051273E-05,-9.930461E+01,+1.326840E+00
+9.008789E+01,-1.526266E-06,-1.301261E-05,-9.765337E+01,-1.687554E+00
+9.033203E+01,-1.420160E-06,+1.179419E-05,-9.850412E+01,+1.690631E+00
+9.057617E+01,-1.021690E-06,-4.862900E-06,-1.060745E+02,-1.777883E+00
+9.082031E+01,+5.467179E-06,-1.449971E-06,-1.049495E+02,-2.592454E-01
+9.106445E+01,-5.971859E-06,+5.705434E-06,-1.016612E+02,+2.379006E+00
+9.130859E+01,+3.633229E-06,-4.828119E-06,-1.043758E+02,-9.256880E-01
+9.155273E+01,-4.411289E-07,-3.708864E-06,-1.085542E+02,-1.689179E+00
+9.179688E+01,+3.998739E-06,+5.927492E-06,-1.029137E+02,+9.773154E-01
+9.204102E+01,-9.700503E-06,+8.075594E-07,-1.002341E+02,+3.058535E+00
+9.228516E+01,+7.675510E-06,-2.100031E-06,-1.019843E+02,-2.670656E-01
+9.252930E+01,-4.280758E-06,-4.560192E-06,-1.040760E+02,-2.324598E+00
+9.277344E+01,+4.016846E-06,+6.031465E-06,-1.027973E+02,+9.832681E-01
+9.301758E+01,+9.034026E-07,-4.687530E-06,-1.064227E+02,-1.380406E+00
+9.326172E+01,-7.962503E-06,+2.690775E-07,-1.019740E+02,+3.107812E+00
+9.350586E+01,+7.683590E-06,+5.719336E-06,-1.003740E+02,+6.398799E-01
+9.375000E+01,+1.545080E-07,-3.546181E-06,-1.089965E+02,-1.527254E+00
+9.399414E+01,-3.654628E-06,-5.969136E-07,-1.086288E+02,-2.979691E+00
+9.423828E+01,-1.495883E-06,+1.239034E-06,-1.142333E+02,+2.449835E+00
+9.448242E+01,+6.490271E-06,+3.403702E-06,-1.026995E+02,+4.830012E-01
+9.472656E+01,-6.559889E-06,-6.129759E-06,-1.009363E+02,-2.390078E+00
+9.497070E+01,+1.858776E-06,-3.959560E-06,-1.071821E+02,-1.131894E+00
+9.521484E+01,-1.391792E-07,+9.983124E-06,-1.000138E+02,+1.584737E+00
+9.545898E+01,+2.458182E-06,-1.399629E-06,-1.109682E+02,-5.175970E-01
+9.570312E+01,+6.545303E-07,-8.754424E-06,-1.011312E+02,-1.496170E+00
+9.594727E+01,+1.052695E-06,+9.913855E-06,-1.000265E+02,+1.465008E+00
+9.619141E+01,-4.681386E-06,-3.258725E-06,-1.048765E+02,-2.533487E+00
+9.643555E+01,-1.884551E-06,-2.405804E-07,-1.144256E+02,-3.014620E+00
+9.667969E+01,+8.186610E-06,+3.413855E-06,-1.010416E+02,+3.950791E-01
+9.692383E+01,-7.608879E-06,-1.074867E-05,-9.760879E+01,-2.186798E+00
+9.716797E+01,+4.237129E-06,+1.116681E-05,-9.845725E+01,+1.208139E+00
+9.741211E+01,-6.929031E-07,-8.024555E-06,-1.018793E+02,-1.656930E+00
+9.765625E+01,-8.651919E-07,+6.214857E-06,-1.040480E+02,+1.709121E+00
+9.790039E+01,-2.624886E-06,-6.127661E-06,-1.035224E+02,-1.975515E+00
+9.814453E+01,+7.511480E-06,+5.145715E-06,-1.008144E+02,+6.006196E-01
+9.838867E+01,-3.773584E-06,-4.014920E-07,-1.084160E+02,-3.035596E+00
+9.863281E+01,-3.307420E-06,-1.255427E-06,-1.090257E+02,-2.778814E+00
+9.887695E+01,+1.977694E-06,-1.869164E-06,-1.113047E+02,-7.571931E-01
+9.912109E+01,+2.747145E-06,+3.076528E-06,-1.076925E+02,+8.418973E-01
+9.936523E+01,-3.862761E-06,+1.276346E-06,-1.078120E+02,+2.822463E+00
+9.960938E+01,+4.437079E-06,-7.871558E-06,-1.008805E+02,-1.057507E+00
+9.985352E+01,-1.995786E-06,+1.001131E-05,-9.982092E+01,+1.767570E+00
+1.000977E+02,-2.965135E-06,-1.512428E-05,-9.624271E+01,-1.764392E+00
+1.003418E+02,+5.476705E-06,+1.774298E-05,-9.462424E+01,+1.271405E+00
+1.005859E+02,-7.650513E-06,-1.052584E-05,-9.771282E+01,-2.199304E+00
+1.008301E+02,+6.008194E-06,-4.930245E-07,-1.043960E+02,-8.187525E-02
+1.010742E+02,-7.012002E-06,+1.271786E-05,-9.675899E+01,+2.074676E+00
+1.013184E+02,+8.656233E-06,-1.623630E-05,-9.470380E+01,-1.080989E+00
+1.015625E+02,-2.554705E-06,+8.728142E-06,-1.008246E+02,+1.855540E+00
+1.018066E+02,-3.245196E-07,-1.962957E-06,-1.140247E+02,-1.734636E+00
+1.020508E+02,+2.065952E-06,+8.591844E-07,-1.130048E+02,+3.941191E-01
+1.022949E+02,-5.741659E-06,+1.399255E-06,-1.045687E+02,+2.902550E+00
+1.025391E+02,+4.401142E-06,-5.775573E-06,-1.027796E+02,-9.196423E-01
+1.027832E+02,-3.710312E-06,+9.402398E-07,-1.083415E+02,+2.893405E+00
+1.030273E+02,+4.409170E-06,+5.966061E-06,-1.025936E+02,+9.343453E-01
+1.032715E+02,-1.720740E-06,-6.677798E-06,-1.032281E+02,-1.822991E+00
+1.035156E+02,-3.845910E-06,+4.616182E-06,-1.044249E+02,+2.265419E+00
+1.037598E+02,+7.035474E-06,-2.687391E-06,-1.024626E+02,-3.648737E-01
+1.040039E+02,-5.177179E-06,+1.084436E-06,-1.055317E+02,+2.935113E+00
+1.042480E+02,-4.122572E-07,+2.092430E-06,-1.134216E+02,+1.765328E+00
+1.044922E+02,-1.062300E-06,-3.170988E-06,-1.095142E+02,-1.894052E+00
+1.047363E+02,+8.969568E-06,+2.250239E-06,-1.006795E+02,+2.458019E-01
+1.049805E+02,-4.318913E-06,+8.958590E-07,-1.071096E+02,+2.937066E+00
+1.052246E+02,-7.554454E-06,-3.882416E-06,-1.014181E+02,-2.666868E+00
+1.054688E+02,+9.861479E-06,+1.226282E-06,-1.000545E+02,+1.237157E-01
+1.057129E+02,-6.980832E-06,+4.730289E-08,-1.031217E+02,+3.134817E+00
+1.059570E+02,+9.124001E-07,+2.136788E-06,-1.126774E+02,+1.167236E+00
+1.062012E+02,+1.229024E-06,-4.007902E-06,-1.075513E+02,-1.273250E+00
+1.064453E+02,+1.733234E-06,+4.350970E-07,-1.149575E+02,+2.459496E-01
+1.066895E+02,+2.439299E-06,+8.714471E-06,-1.008676E+02,+1.297868E+00
+1.069336E+02,-6.782644E-06,-7.648093E-06,-9.980894E+01,-2.296294E+00
+1.071777E+02,+1.508447E-06,-2.685242E-06,-1.102292E+02,-1.058973E+00
+1.074219E+02,-1.325921E-06,+3.278110E-06,-1.090295E+02,+1.955156E+00
+1.076660E+02,+4.333740E-06,-8.746145E-07,-1.070894E+02,-1.991403E-01
+1.079102E+02,-8.827834E-07,+4.174258E-06,-1.073984E+02,+1.779208E+00
+1.081543E+02,+3.325065E-07,-2.055498E-06,-1.136295E+02,-1.410421E+00
+1.083984E+02,-4.452966E-06,+4.231683E-07,-1.069880E+02,+3.046847E+00
+1.086426E+02,+3.338945E-06,-1.544737E-06,-1.086855E+02,-4.333174E-01
+1.088867E+02,-3.031746E-07,-1.345771E-07,-1.295851E+02,-2.723829E+00
+1.091309E+02,+9.786271E-07,+4.551039E-07,-1.193374E+02,+4.352932E-01
+1.093750E+02,-8.009184E-07,+2.350374E-06,-1.121002E+02,+1.899218E+00
+1.096191E+02,-3.172094E-06,-6.320335E-06,-1.030095E+02,-2.035953E+00
+1.098633E+02,+4.848258E-06,+3.212493E-06,-1.047075E+02,+5.851873E-01
+1.101074E+02,-4.920431E-08,+3.141619E-06,-1.100559E+02,+1.586457E+00
+1.103516E+02,-7.073444E-07,-2.165076E-06,-1.128501E+02,-1.886571E+00
+1.105957E+02,-7.760984E-06,-5.043163E-07,-1.021834E+02,-3.076703E+00
+1.108398E+02,+1.170600E-05,+6.427269E-06,-9.748750E+01,+5.021196E-01
+1.110840E+02,-6.587126E-06,-8.536343E-06,-9.934572E+01,-2.228014E+00
+1.113281E+02,+3.146589E-06,-1.098956E-07,-1.100379E+02,-3.491111E-02
+1.115723E+02,-6.675690E-06,+4.229410E-06,-1.020445E+02,+2.576866E+00
+1.118164E+02,+3.607055E-06,-2.445389E-06,-1.072146E+02,-5.957709E-01
+1.120605E+02,+4.376461E-06,+4.135458E-06,-1.044063E+02,+7.570921E-01
+1.123047E+02,-6.371220E-06,-5.736591E-06,-1.013371E+02,-2.408561E+00
+1.125488E+02,+8.195840E-06,+8.049832E-06,-9.879520E+01,+7.764109E-01
+1.127930E+02,-4.445046E-06,-7.909326E-06,-1.008452E+02,-2.082806E+00
+1.130371E+02,-2.150267E-07,+5.602304E-06,-1.050263E+02,+1.609159E+00
+1.132812E+02,-2.468019E-07,-6.974899E-06,-1.031238E+02,-1.606166E+00
+1.135254E+02,-2.799437E-06,+6.191682E-06,-1.033560E+02,+1.995419E+00
+1.137695E+02,+4.123973E-06,-4.253621E-06,-1.045469E+02,-8.008726E-01
+1.140137E+02,+7.103058E-07,+6.162569E-06,-1.041474E+02,+1.456041E+00
+1.142578E+02,-1.600665E-06,-9.548718E-06,-1.002807E+02,-1.736884E+00
+1.145020E+02,+4.976143E-07,+1.006733E-05,-9.993111E+01,+1.521408E+00
+1.147461E+02,-4.313571E-07,-5.617542E-06,-1.049835E+02,-1.647433E+00
+1.149902E+02,+8.139535E-07,+5.207194E-07,-1.202981E+02,+5.691294E-01
+1.152344E+02,-7.720457E-06,+5.425604E-06,-1.005040E+02,+2.529019E+00
+1.154785E+02,+7.225239E-06,-5.625270E-06,-1.007651E+02,-6.615294E-01
+1.157227E+02,-1.064067E-06,-4.896017E-07,-1.186266E+02,-2.710352E+00
+1.159668E+02,+3.925828E-06,+1.606989E-06,-1.074486E+02,+3.885300E-01
+1.162109E+02,-9.646946E-07,+8.120292E-06,-1.017477E+02,+1.689043E+00
+1.164551E+02,-5.015955E-06,-1.532053E-05,-9.585229E+01,-1.887198E+00
+1.166992E+02,+5.098411E-06,+1.019253E-05,-9.886452E+01,+1.106980E+00
+1.169434E+02,-6.502946E-06,-6.759464E-06,-1.005562E+02,-2.336855E+00
+1.171875E+02,+5.142442E-06,+6.630370E-06,-1.015239E+02,+9.111184E-01
+1.174316E+02,-5.556608E-07,-2.971375E-06,-1.103916E+02,-1.755666E+00
+1.176758E+02,-6.303160E-07,+2.441121E-06,-1.119679E+02,+1.823485E+00
+1.179199E+02,+7.894240E-07,-2.872656E-06,-1.105182E+02,-1.302610E+00
+1.181641E+02,-1.305593E-06,+4.132895E-06,-1.072618E+02,+1.876778E+00
+1.184082E+02,+2.377622E-07,-2.623904E-06,-1.115855E+02,-1.480429E+00
+1.186523E+02,+5.920176E-07,-2.268809E-06,-1.125980E+02,-1.315550E+00
+1.188965E+02,+8.354501E-07,+6.507691E-06,-1.036605E+02,+1.443116E+00
+1.191406E+02,+1.870496E-07,-1.043893E-05,-9.962548E+01,-1.552880E+00
+1.193848E+02,-3.286194E-06,+8.588096E-06,-1.007286E+02,+1.936253E+00
+1.196289E+02,+4.758963E-06,-7.884827E-06,-1.007151E+02,-1.027764E+00
+1.198730E+02,-5.752301E-06,+8.846102E-06,-9.953339E+01,+2.147357E+00
+1.201172E+02,+7.733918E-06,-1.628787E-06,-1.020435E+02,-2.075697E-01
+1.203613E+02,-4.607701E-06,-5.769052E-06,-1.026350E+02,-2.244740E+00
+1.206055E+02,-2.760809E-06,+2.386273E-06,-1.087561E+02,+2.428833E+00
+1.208496E+02,+6.067831E-06,+7.875566E-06,-1.000505E+02,+9.143271E-01
+1.210938E+02,-3.383908E-06,-1.005860E-05,-9.948360E+01,-1.895322E+00
+1.213379E+02,-4.901786E-07,+4.344000E-06,-1.071873E+02,+1.683161E+00
+1.215820E+02,+4.689925E-06,-3.765060E-06,-1.044164E+02,-6.764444E-01
+1.218262E+02,-4.464269E-06,+2.431270E-06,-1.058769E+02,+2.642900E+00
+1.220703E+02,-9.622636E-07,-1.497555E-06,-1.149913E+02,-2.141921E+00
+1.223145E+02,+5.563278E-07,+5.490740E-06,-1.051630E+02,+1.469820E+00
+1.225586E+02,+2.769451E-06,-6.217759E-06,-1.033413E+02,-1.151766E+00
+1.228027E+02,+1.557877E-06,+2.814345E-07,-1.160099E+02,+1.787249E-01
+1.230469E+02,-5.607306E-06,+5.873731E-06,-1.018083E+02,+2.332993E+00
+1.232910E+02,+3.789191E-06,-3.505717E-06,-1.057433E+02,-7.465585E-01
+1.235352E+02,-1.673739E-06,-2.282157E-06,-1.109639E+02,-2.203590E+00
+1.237793E+02,+8.838944E-08,+8.317751E-07,-1.215511E+02,+1.464928E+00
+1.240234E+02,+4.156894E-06,+4.038327E-06,-1.047382E+02,+7.709314E-01
+1.242676E+02,-8.903583E-06,-1.005817E-06,-1.009536E+02,-3.029102E+00
+1.245117E+02,+1.271903E-05,+3.736154E-07,-9.790717E+01,+2.936606E-02
+1.247559E+02,-9.236180E-06,-8.813792E-06,-9.787839E+01,-2.379591E+00
+1.250000E+02,+5.695310E-07,+9.884284E-06,-1.000867E+02,+1.513240E+00
+1.252441E+02,+3.301162E-06,-6.753774E-06,-1.024787E+02,-1.116159E+00
+1.254883E+02,-1.671716E-06,+6.032617E-06,-1.040686E+02,+1.841126E+00
+1.257324E+02,-2.146048E-06,-3.809430E-06,-1.071857E+02,-2.083832E+00
+1.259766E+02,+4.723835E-06,+2.489166E-06,-1.054499E+02,+4.849647E-01
+1.262207E+02,-6.785092E-06,-4.710497E-06,-1.016605E+02,-2.534741E+00
+1.264648E+02,+7.697243E-06,+3.731855E-06,-1.013564E+02,+4.514382E-01
+1.267090E+02,-6.915051E-06,-9.550137E-07,-1.031220E+02,-3.004354E+00
+1.269531E+02,+6.607341E-06,+3.012438E-06,-1.027793E+02,+4.277685E-01
+1.271973E+02,-7.779997E-06,-5.439066E-06,-1.004522E+02,-2.531465E+00
+1.274414E+02,+1.176149E-05,+8.592402E-07,-9.856764E+01,+7.292584E-02
+1.276855E+02,-7.687567E-06,+3.265825E-06,-1.015637E+02,+2.739875E+00
+1.279297E+02,-6.932254E-06,+3.077306E-06,-1.024014E+02,+2.723814E+00
+1.281738E+02,+1.287922E-05,-1.221045E-05,-9.501732E+01,-7.587491E-01
+1.284180E+02,-6.714495E-06,+1.043446E-05,-9.812585E+01,+2.142583E+00
+1.286621E+02,+1.901436E-06,-6.538591E-07,-1.139330E+02,-3.312091E-01
+1.289062E+02,-4.781493E-06,-4.599273E-06,-1.035639E+02,-2.375617E+00
+1.291504E+02,+5.618618E-06,+3.186330E-06,-1.037964E+02,+5.158786E-01
+1.293945E+02,+3.228414E-06,-2.614888E-06,-1.076295E+02,-6.807850E-01
+1.296387E+02,-6.626228E-06,-5.348632E-07,-1.035465E+02,-3.061048E+00
+1.298828E+02,+7.472520E-07,+4.886447E-06,-1.061198E+02,+1.419049E+00
+1.301270E+02,+1.144091E-06,-2.968558E-06,-1.099476E+02,-1.202937E+00
+1.303711E+02,+1.698218E-06,-2.382075E-06,-1.106762E+02,-9.514548E-01
+1.306152E+02,-4.900247E-06,+6.472429E-06,-1.018108E+02,+2.218823E+00
+1.308594E+02,+1.921036E-06,-6.319977E-06,-1.036019E+02,-1.275708E+00
+1.311035E+02,+1.181569E-06,+2.171094E-06,-1.121398E+02,+1.072396E+00
+1.313477E+02,-1.437226E-06,+1.323270E-06,-1.141832E+02,+2.397452E+00
+1.315918E+02,+7.372987E-06,-2.177132E-06,-1.022841E+02,-2.871255E-01
+1.318359E+02,-8.681774E-06,+9.937224E-07,-1.011713E+02,+3.027628E+00
+1.320801E+02,+7.190099E-07,-2.657176E-06,-1.112047E+02,-1.306533E+00
+1.323242E+02,+3.318453E-06,+2.902799E-06,-1.071134E+02,+7.186854E-01
+1.325684E+02,+7.215185E-08,+1.442681E-06,-1.168057E+02,+1.520826E+00
+1.328125E+02,-4.095150E-06,-1.169887E-06,-1.074139E+02,-2.863328E+00
+1.330566E+02,+4.267812E-06,-4.455148E-06,-1.041950E+02,-8.068710E-01
+1.333008E+02,-5.135670E-06,+7.539663E-06,-1.007976E+02,+2.168761E+00
+1.335449E+02,+4.923663E-06,-5.401427E-06,-1.027231E+02,-8.316373E-01
+1.337891E+02,-2.020836E-06,+1.421548E-06,-1.121434E+02,+2.528558E+00
+1.340332E+02,+9.368027E-07,+1.160904E-06,-1.165261E+02,+8.918262E-01
+1.342773E+02,-1.618261E-06,-3.722035E-06,-1.078325E+02,-1.980920E+00
+1.345215E+02,+1.068589E-07,+6.051227E-06,-1.043618E+02,+1.553139E+00
+1.347656E+02,+4.944225E-06,-5.361785E-06,-1.027414E+02,-8.258921E-01
+1.350098E+02,-7.700479E-06,+3.062047E-06,-1.016321E+02,+2.763119E+00
+1.352539E+02,+6.058144E-06,-5.415459E-06,-1.018027E+02,-7.294424E-01
+1.354980E+02,-3.579172E-06,+8.054806E-06,-1.010963E+02,+1.988944E+00
+1.357422E+02,+1.632157E-06,-6.903580E-06,-1.029823E+02,-1.338637E+00
+1.359863E+02,-5.246060E-06,+9.441007E-06,-9.933102E+01,+2.077980E+00
+1.362305E+02,+8.536145E-06,-9.742293E-06,-9.775265E+01,-8.512900E-01
+1.364746E+02,-3.209658E-06,+2.247424E-06,-1.081381E+02,+2.530728E+00
+1.367188E+02,-4.901825E-06,+1.855623E-06,-1.056112E+02,+2.779707E+00
+1.369629E+02,+2.913028E-06,-2.548997E-06,-1.082440E+02,-7.188489E-01
+1.372070E+02,+3.117689E-06,+7.953921E-06,-1.013677E+02,+1.197232E+00
+1.374512E+02,-2.801881E-06,-9.646992E-06,-9.996044E+01,-1.853460E+00
+1.376953E+02,-2.000049E-07,+4.992244E-06,-1.060271E+02,+1.610838E+00
+1.379395E+02,-8.621591E-08,-6.809270E-06,-1.033373E+02,-1.583457E+00
+1.381836E+02,+5.726955E-06,+9.689801E-06,-9.897256E+01,+1.036999E+00
+1.384277E+02,-4.902376E-06,-4.395890E-06,-1.036294E+02,-2.410612E+00
+1.386719E+02,-5.895759E-06,-8.701172E-07,-1.044956E+02,-2.995067E+00
+1.389160E+02,+6.605692E-06,+4.198912E-06,-1.021278E+02,+5.662216E-01
+1.391602E+02,+1.263653E-06,-2.578653E-06,-1.108374E+02,-1.115145E+00
+1.394043E+02,-3.078839E-06,-1.864053E-06,-1.088760E+02,-2.597183E+00
+1.396484E+02,+4.122578E-07,+6.157676E-07,-1.226033E+02,+9.808332E-01
+1.398926E+02,-2.884558E-06,+4.589350E-06,-1.053191E+02,+2.131932E+00
+1.401367E+02,+3.805453E-06,-8.182875E-06,-1.008916E+02,-1.135497E+00
+1.403809E+02,-2.298991E-06,+6.827292E-06,-1.028486E+02,+1.895606E+00
+1.406250E+02,+1.009425E-05,-5.321657E-06,-9.885342E+01,-4.851677E-01
+1.408691E+02,-1.434053E-05,+6.932832E-06,-9.595654E+01,+2.691278E+00
+1.411133E+02,+8.837949E-06,-6.788022E-06,-9.905926E+01,-6.549559E-01
+1.413574E+02,+1.345246E-06,+7.275178E-06,-1.026171E+02,+1.387952E+00
+1.416016E+02,-1.029820E-05,-7.490491E-06,-9.790055E+01,-2.512740E+00
+1.418457E+02,+9.567319E-06,+5.074673E-06,-9.930754E+01,+4.876844E-01
+1.420898E+02,-4.441168E-06,-7.174523E-07,-1.069382E+02,-2.981431E+00
+1.423340E+02,-1.269665E-06,-1.462674E-06,-1.142580E+02,-2.285673E+00
+1.425781E+02,+3.388482E-06,+3.046959E-06,-1.068265E+02,+7.323788E-01
+1.428223E+02,+3.489256E-06,-4.431169E-06,-1.049743E+02,-9.037642E-01
+1.430664E+02,-9.794582E-06,+3.863595E-07,-1.001735E+02,+3.102167E+00
+1.433105E+02,+5.418498E-06,+3.293023E-06,-1.039573E+02,+5.460892E-01
+1.435547E+02,-3.666425E-06,-2.228201E-06,-1.073500E+02,-2.595508E+00
+1.437988E+02,+5.058643E-06,+2.505224E-06,-1.049667E+02,+4.598295E-01
+1.440430E+02,-3.486567E-06,-5.756506E-07,-1.090352E+02,-2.977963E+00
+1.442871E+02,+8.158052E-06,-3.846478E-06,-1.008965E+02,-4.405844E-01
+1.445312E+02,-9.955266E-06,+1.567269E-06,-9.993262E+01,+2.985443E+00
+1.447754E+02,+9.078640E-06,+1.990100E-07,-1.008375E+02,+2.191718E-02
+1.450195E+02,-8.172717E-06,+3.979980E-06,-1.008284E+02,+2.688412E+00
+1.452637E+02,+7.510347E-07,-2.650967E-06,-1.111966E+02,-1.294725E+00
+1.455078E+02,-3.465840E-07,-4.060091E-06,-1.077978E+02,-1.655954E+00
+1.457520E+02,+7.780023E-06,+4.870567E-06,-1.007442E+02,+5.593433E-01
+1.459961E+02,-5.558812E-06,+1.145522E-06,-1.049197E+02,+2.938364E+00
+1.462402E+02,-7.860784E-07,-3.411427E-06,-1.091166E+02,-1.797268E+00
+1.464844E+02,+1.530528E-06,+3.129153E-07,-1.161253E+02,+2.016700E-01
+1.467285E+02,+1.300666E-07,+1.157139E-06,-1.186778E+02,+1.458863E+00
+1.469727E+02,-8.890955E-07,+8.364315E-07,-1.182678E+02,+2.386706E+00
+1.472168E+02,-1.190238E-06,-3.983267E-07,-1.180263E+02,-2.818647E+00
+1.474609E+02,+2.411952E-06,-1.457139E-06,-1.110014E+02,-5.434524E-01
+1.477051E+02,-2.820643E-06,+5.493834E-06,-1.041864E+02,+2.045122E+00
+1.479492E+02,+7.081098E-06,-6.328875E-06,-1.004481E+02,-7.293625E-01
+1.481934E+02,-5.188057E-06,-5.679087E-07,-1.056482E+02,-3.032562E+00
+1.484375E+02,-2.732642E-06,+3.801707E-06,-1.065915E+02,+2.194024E+00
+1.486816E+02,+2.314202E-06,-1.280480E-06,-1.115520E+02,-5.053838E-01
+1.489258E+02,-2.251973E-07,-1.634490E-07,-1.311109E+02,-2.513758E+00
+1.491699E+02,+2.742466E-06,-5.763195E-07,-1.110495E+02,-2.071325E-01
+1.494141E+02,+7.124687E-07,+1.041593E-06,-1.179791E+02,+9.708772E-01
+1.496582E+02,-6.089010E-06,-1.825634E-09,-1.043091E+02,-3.141293E+00
+1.499023E+02,+5.010974E-06,-1.926109E-06,-1.054031E+02,-3.669672E-01
+1.501465E+02,+2.855720E-06,+5.683702E-06,-1.039298E+02,+1.105199E+00
+1.503906E+02,-4.824902E-06,-4.884837E-06,-1.032660E+02,-2.350022E+00
+1.506348E+02,+5.497794E-07,-1.680477E-06,-1.150497E+02,-1.254615E+00
+1.508789E+02,-1.835181E-06,+1.731298E-07,-1.146879E+02,+3.047532E+00
+1.511230E+02,+1.593128E-07,+5.665680E-06,-1.049315E+02,+1.542685E+00
+1.513672E+02,+3.399637E-06,-6.970635E-06,-1.022078E+02,-1.117030E+00
+1.516113E+02,+3.175160E-06,+3.489415E-06,-1.065252E+02,+8.325163E-01
+1.518555E+02,-8.042802E-06,+3.572185E-06,-1.011099E+02,+2.723617E+00
+1.520996E+02,+6.614413E-06,-3.192684E-06,-1.026806E+02,-4.497006E-01
+1.523438E+02,-5.308243E-06,-1.685281E-06,-1.050839E+02,-2.834174E+00
+1.525879E+02,+4.670965E-06,+1.249883E-06,-1.063115E+02,+2.614600E-01
+1.528320E+02,-1.842793E-06,-3.842644E-06,-1.074084E+02,-2.017962E+00
+1.530762E+02,-2.029655E-06,+1.138573E-05,-9.873692E+01,+1.747206E+00
+1.533203E+02,-1.042656E-06,-8.000050E-06,-1.018650E+02,-1.700397E+00
+1.535645E+02,+6.550845E-06,-4.547208E-06,-1.019661E+02,-6.067828E-01
+1.538086E+02,-6.390097E-06,+6.571358E-06,-1.007564E+02,+2.342211E+00
+1.540527E+02,+3.412049E-06,+1.802277E-07,-1.093276E+02,+5.277192E-02
+1.542969E+02,+1.003928E-06,-1.870423E-06,-1.134618E+02,-1.078192E+00
+1.545410E+02,-3.694197E-06,+1.880465E-06,-1.076489E+02,+2.670745E+00
+1.547852E+02,+5.307982E-06,-6.567924E-06,-1.014684E+02,-8.910951E-01
+1.550293E+02,-8.273277E-06,+5.176842E-06,-1.002115E+02,+2.582468E+00
+1.552734E+02,+1.013456E-05,-3.312239E-06,-9.944315E+01,-3.158825E-01
+1.555176E+02,-8.736763E-06,+5.179728E-06,-9.986487E+01,+2.606435E+00
+1.557617E+02,+5.789457E-06,-2.179803E-06,-1.041715E+02,-3.600961E-01
+1.560059E+02,-3.164206E-06,-1.520782E-06,-1.090921E+02,-2.693568E+00
+1.562500E+02,+2.928106E-07,+1.814731E-06,-1.147121E+02,+1.410823E+00
+1.564941E+02,+9.732084E-07,-1.692187E-06,-1.141900E+02,-1.048873E+00
+1.567383E+02,-7.808183E-07,+1.472685E-06,-1.155619E+02,+2.058311E+00
+1.569824E+02,+4.416607E-06,+1.136859E-08,-1.070982E+02,+2.574050E-03
+1.572266E+02,-3.685357E-06,-3.934996E-06,-1.053661E+02,-2.323447E+00
+1.574707E+02,-3.696431E-06,+4.374699E-06,-1.048410E+02,+2.272355E+00
+1.577148E+02,+4.933706E-06,+2.724664E-07,-1.061233E+02,+5.516946E-02
+1.579590E+02,-1.827651E-06,-2.863662E-06,-1.093776E+02,-2.138847E+00
+1.582031E+02,+1.007717E-06,+1.226392E-06,-1.159868E+02,+8.829673E-01
+1.584473E+02,-2.246176E-06,+2.975337E-06,-1.085705E+02,+2.217446E+00
+1.586914E+02,+5.545298E-06,-5.547382E-06,-1.021096E+02,-7.855861E-01
+1.589355E+02,-4.423894E-06,+9.188904E-07,-1.069005E+02,+2.936794E+00
+1.591797E+02,-1.468104E-06,+7.293199E-07,-1.157069E+02,+2.680527E+00
+1.594238E+02,+3.357081E-06,+2.044299E-06,-1.081110E+02,+5.469753E-01
+1.596680E+02,-1.905554E-06,+6.488368E-07,-1.139232E+02,+2.813408E+00
+1.599121E+02,+1.442086E-06,-3.523819E-06,-1.083872E+02,-1.182350E+00
+1.601562E+02,-7.780525E-07,-2.186162E-06,-1.126884E+02,-1.912717E+00
+1.604004E+02,-6.934665E-07,+7.825607E-06,-1.020957E+02,+1.659181E+00
+1.606445E+02,-2.507861E-06,-5.265510E-06,-1.046833E+02,-2.015289E+00
+1.608887E+02,+3.787208E-06,+3.333156E-06,-1.059426E+02,+7.217162E-01
+1.611328E+02,-1.101573E-06,-3.249569E-06,-1.092911E+02,-1.897630E+00
+1.613770E+02,-1.249852E-07,+1.033394E-06,-1.196516E+02,+1.691158E+00
+1.616211E+02,-9.583815E-07,+5.504444E-07,-1.191311E+02,+2.620249E+00
+1.618652E+02,+4.706466E-06,-2.402919E-07,-1.065348E+02,-5.101141E-02
+1.621094E+02,-2.667920E-06,-2.205196E-06,-1.092152E+02,-2.450865E+00
+1.623535E+02,-2.492304E-06,-1.447630E-06,-1.108054E+02,-2.615381E+00
+1.625977E+02,-8.280873E-07,+6.171208E-06,-1.041151E+02,+1.704185E+00
+1.628418E+02,+3.130710E-06,-1.703533E-06,-1.089608E+02,-4.983304E-01
+1.630859E+02,+1.131999E-06,-3.161103E-06,-1.094792E+02,-1.226922E+00
+1.633301E+02,-2.420869E-06,-1.625883E-07,-1.123010E+02,-3.074532E+00
+1.635742E+02,-1.821352E-06,+3.154249E-06,-1.087724E+02,+2.094453E+00
+1.638184E+02,+4.769902E-06,+1.607993E-06,-1.059623E+02,+3.251479E-01
+1.640625E+02,-5.241876E-06,-4.134756E-06,-1.035092E+02,-2.473723E+00
+1.643066E+02,+5.348191E-06,+2.871131E-06,-1.043360E+02,+4.926847E-01
+1.645508E+02,-3.245254E-06,-8.420761E-07,-1.094920E+02,-2.887712E+00
+1.647949E+02,+1.364221E-06,-2.312706E-06,-1.114208E+02,-1.037850E+00
+1.650391E+02,-2.890965E-06,+1.825263E-06,-1.093221E+02,+2.578427E+00
+1.652832E+02,-2.274653E-06,-2.406040E-06,-1.096007E+02,-2.328132E+00
+1.655273E+02,+6.666935E-06,+6.812610E-06,-1.004163E+02,+7.962049E-01
+1.657715E+02,-3.233131E-06,-8.991143E-06,-1.003956E+02,-1.915990E+00
+1.660156E+02,+4.827713E-07,+3.597311E-06,-1.088029E+02,+1.437390E+00
+1.662598E+02,-4.060319E-06,+2.991538E-06,-1.059456E+02,+2.506610E+00
+1.665039E+02,+8.691491E-06,-6.916596E-07,-1.011907E+02,-7.941160E-02
+1.667480E+02,-3.084095E-06,-2.470582E-06,-1.080645E+02,-2.466198E+00
+1.669922E+02,-3.139241E-06,+1.704367E-06,-1.089416E+02,+2.644199E+00
+1.672363E+02,+5.141429E-06,-2.949350E-06,-1.045429E+02,-5.208147E-01
+1.674805E+02,-8.291549E-06,+2.462954E-06,-1.012601E+02,+2.852850E+00
+1.677246E+02,+6.047393E-06,+3.158699E-06,-1.033210E+02,+4.813470E-01
+1.679688E+02,-1.086738E-06,-5.890264E-06,-1.044519E+02,-1.753242E+00
+1.682129E+02,-8.752859E-08,+5.455693E-06,-1.052619E+02,+1.586838E+00
+1.684570E+02,-2.070857E-06,-3.523339E-06,-1.077722E+02,-2.102163E+00
+1.687012E+02,+4.166912E-06,+8.190502E-07,-1.074391E+02,+1.940861E-01
+1.689453E+02,-6.381355E-06,-2.574879E-06,-1.032466E+02,-2.758072E+00
+1.691895E+02,+5.706154E-06,+1.581582E-06,-1.045517E+02,+2.703838E-01
+1.694336E+02,+9.066768E-07,+1.708156E-06,-1.142715E+02,+1.082819E+00
+1.696777E+02,-6.683716E-06,+4.794808E-07,-1.034773E+02,+3.069977E+00
+1.699219E+02,+4.055627E-06,-1.492678E-06,-1.072871E+02,-3.526646E-01
+1.701660E+02,+1.641043E-06,-2.047073E-06,-1.116219E+02,-8.950481E-01
+1.704102E+02,-4.097750E-07,+1.795103E-06,-1.146976E+02,+1.795225E+00
+1.706543E+02,-2.467095E-06,+3.255341E-06,-1.077771E+02,+2.219309E+00
+1.708984E+02,+2.046979E-06,-3.808802E-06,-1.072823E+02,-1.077652E+00
+1.711426E+02,-5.910612E-07,+2.450104E-06,-1.119706E+02,+1.807513E+00
+1.713867E+02,-1.626257E-06,+1.608231E-06,-1.128141E+02,+2.361768E+00
+1.716309E+02,+1.569379E-06,+4.770222E-07,-1.157017E+02,+2.950822E-01
+1.718750E+02,-4.074066E-06,-7.998638E-06,-1.009379E+02,-2.041892E+00
+1.721191E+02,+6.145110E-06,+8.899911E-06,-9.931923E+01,+9.664959E-01
+1.723633E+02,-3.827658E-06,-6.078733E-06,-1.028733E+02,-2.132754E+00
+1.726074E+02,+5.545941E-06,-9.735596E-07,-1.049887E+02,-1.737740E-01
+1.728516E+02,-9.721055E-06,+4.212626E-06,-9.949833E+01,+2.732670E+00
+1.730957E+02,+7.231761E-06,-3.318331E-07,-1.028060E+02,-4.585336E-02
+1.733398E+02,-4.638366E-06,-1.284341E-06,-1.063519E+02,-2.871465E+00
+1.735840E+02,+4.609881E-06,+5.268094E-06,-1.030977E+02,+8.519343E-01
+1.738281E+02,-6.428044E-07,-5.361843E-06,-1.053517E+02,-1.690112E+00
+1.740723E+02,-1.518895E-06,+1.301014E-06,-1.139798E+02,+2.433306E+00
+1.743164E+02,-1.208459E-06,+8.307794E-07,-1.166745E+02,+2.539326E+00
+1.745605E+02,+6.361614E-06,-6.447791E-06,-1.008595E+02,-7.921257E-01
+1.748047E+02,-7.563925E-06,+8.056977E-06,-9.913185E+01,+2.324641E+00
+1.750488E+02,+5.959974E-06,-4.294560E-06,-1.026789E+02,-6.243964E-01
+1.752930E+02,-4.799863E-06,+2.231826E-06,-1.055254E+02,+2.706354E+00
+1.755371E+02,+1.452288E-06,-2.204806E-06,-1.115675E+02,-9.883348E-01
+1.757812E+02,+4.054171E-06,+6.010993E-06,-1.027928E+02,+9.774181E-01
+1.760254E+02,-9.439756E-06,-2.875247E-06,-1.001155E+02,-2.845931E+00
+1.762695E+02,+1.153882E-05,-1.203451E-06,-9.870979E+01,-1.039201E-01
+1.765137E+02,-1.022611E-05,-3.198573E-06,-9.940042E+01,-2.838448E+00
+1.767578E+02,+1.123028E-05,+3.246830E-06,-9.864355E+01,+2.814399E-01
+1.770020E+02,-1.362825E-05,+1.072869E-06,-9.728436E+01,+3.063031E+00
+1.772461E+02,+1.449150E-05,+9.893240E-07,-9.675755E+01,+6.816351E-02
+1.774902E+02,-9.095029E-06,-6.743655E-06,-9.892124E+01,-2.503576E+00
+1.777344E+02,+1.375188E-06,+3.686341E-06,-1.081022E+02,+1.213737E+00
+1.779785E+02,-1.806265E-06,+3.450856E-06,-1.081899E+02,+2.053008E+00
+1.782227E+02,+5.129846E-06,-5.594562E-06,-1.023947E+02,-8.287036E-01
+1.784668E+02,-7.708804E-06,+6.884321E-06,-9.971350E+01,+2.412632E+00
+1.787109E+02,+5.500629E-06,-9.309771E-06,-9.932079E+01,-1.037136E+00
+1.789551E+02,+3.810983E-06,+1.033922E-05,-9.915699E+01,+1.217653E+00
+1.791992E+02,-7.801334E-06,-1.444221E-06,-1.020103E+02,-2.958540E+00
+1.794434E+02,+3.393751E-06,-5.810075E-06,-1.034415E+02,-1.042139E+00
+1.796875E+02,-4.252844E-07,+2.673233E-06,-1.113507E+02,+1.728564E+00
+1.799316E+02,+4.189374E-06,+2.462807E-06,-1.062679E+02,+5.314526E-01
+1.801758E+02,-4.281450E-06,-8.048407E-06,-1.008036E+02,-2.059686E+00
+1.804199E+02,+4.968888E-06,+6.489704E-06,-1.017518E+02,+9.173498E-01
+1.806641E+02,-9.033224E-06,-2.076242E-06,-1.006596E+02,-2.915671E+00
+1.809082E+02,+2.569221E-06,+4.052228E-06,-1.063787E+02,+1.005732E+00
+1.811523E+02,+5.775918E-06,-3.356232E-06,-1.035042E+02,-5.263866E-01
+1.813965E+02,-3.667367E-06,-1.666523E-06,-1.078977E+02,-2.715070E+00
+1.816406E+02,+5.069874E-07,+5.263058E-06,-1.055351E+02,+1.474763E+00
+1.818848E+02,-1.840128E-06,-1.093192E-05,-9.910473E+01,-1.737559E+00
+1.821289E+02,+8.030053E-06,+1.122011E-05,-9.720396E+01,+9.496214E-01
+1.823730E+02,-9.395147E-06,-7.711872E-06,-9.830497E+01,-2.454276E+00
+1.826172E+02,+2.140917E-06,+8.971203E-06,-1.007024E+02,+1.336535E+00
+1.828613E+02,+2.804108E-06,-4.600348E-06,-1.053721E+02,-1.023390E+00
+1.831055E+02,-4.351263E-06,-1.782365E-06,-1.065540E+02,-2.752821E+00
+1.833496E+02,+5.859225E-06,-1.901872E-07,-1.046386E+02,-3.244804E-02
+1.835938E+02,-5.586158E-06,+5.254758E-07,-1.050195E+02,+3.047801E+00
+1.838379E+02,+4.902620E-06,+6.204637E-07,-1.061224E+02,+1.258883E-01
+1.840820E+02,-2.198174E-06,+6.688473E-07,-1.127742E+02,+2.846219E+00
+1.843262E+02,-3.667879E-06,+6.858274E-07,-1.085625E+02,+2.956745E+00
+1.845703E+02,+6.310595E-06,-1.743511E-06,-1.036791E+02,-2.695587E-01
+1.848145E+02,-5.941793E-06,-1.970283E-07,-1.045169E+02,-3.108445E+00
+1.850586E+02,+5.975753E-06,+4.293659E-06,-1.026644E+02,+6.230434E-01
+1.853027E+02,-5.677967E-06,-6.694075E-06,-1.011323E+02,-2.274249E+00
+1.855469E+02,+7.756140E-06,+1.958161E-06,-1.019387E+02,+2.472982E-01
+1.857910E+02,-5.557692E-06,+1.655527E-06,-1.047329E+02,+2.852082E+00
+1.860352E+02,-5.178008E-06,+5.598893E-07,-1.056663E+02,+3.033883E+00
+1.862793E+02,+9.832642E-06,-1.434061E-06,-1.000552E+02,-1.448258E-01
+1.865234E+02,-2.036694E-06,-1.864630E-06,-1.111776E+02,-2.400270E+00
+1.867676E+02,-2.303924E-06,+5.306780E-06,-1.047534E+02,+1.980389E+00
+1.870117E+02,+1.802553E-06,-8.289799E-06,-1.014285E+02,-1.356687E+00
+1.872559E+02,-3.709725E-06,+7.393567E-06,-1.016477E+02,+2.035843E+00
+1.875000E+02,+2.088831E-06,-5.729014E-06,-1.042963E+02,-1.221169E+00
+1.877441E+02,-5.659948E-07,+8.281232E-06,-1.016179E+02,+1.639037E+00
+1.879883E+02,+2.780267E-06,-7.653617E-06,-1.017844E+02,-1.222356E+00
+1.882324E+02,+8.395402E-07,+4.290635E-06,-1.071864E+02,+1.377570E+00
+1.884766E+02,-3.548866E-06,-3.522450E-06,-1.060202E+02,-2.359930E+00
+1.887207E+02,+2.443415E-06,+9.950916E-07,-1.115736E+02,+3.867445E-01
+1.889648E+02,-5.535458E-06,-1.041300E-06,-1.049859E+02,-2.955651E+00
+1.892090E+02,+3.885553E-06,-1.684755E-07,-1.082028E+02,-4.333232E-02
+1.894531E+02,-5.641089E-06,+4.110814E-06,-1.031229E+02,+2.511846E+00
+1.896973E+02,+1.325589E-05,-6.296551E-06,-9.666824E+01,-4.434486E-01
+1.899414E+02,-9.658374E-06,+3.949611E-06,-9.963037E+01,+2.753411E+00
+1.901855E+02,+1.821344E-06,+5.117203E-06,-1.053013E+02,+1.228852E+00
+1.904297E+02,-3.615449E-07,-6.031813E-06,-1.043755E+02,-1.630664E+00
+1.906738E+02,-2.690336E-06,-2.076980E-06,-1.093735E+02,-2.484150E+00
+1.909180E+02,+6.857966E-06,+5.607904E-06,-1.010524E+02,+6.854535E-01
+1.911621E+02,-5.049643E-06,-5.554477E-06,-1.024910E+02,-2.308623E+00
+1.914062E+02,+1.249939E-06,+1.059708E-07,-1.180311E+02,+8.457857E-02
+1.916504E+02,+2.138153E-06,+7.750182E-06,-1.018952E+02,+1.301608E+00
+1.918945E+02,-2.892131E-06,-1.009449E-05,-9.957569E+01,-1.849828E+00
+1.921387E+02,-4.268834E-06,+9.769071E-06,-9.944401E+01,+1.982766E+00
+1.923828E+02,+8.057193E-06,-6.739990E-06,-9.957244E+01,-6.966150E-01
+1.926270E+02,-5.909439E-06,-2.123676E-06,-1.040416E+02,-2.796595E+00
+1.928711E+02,+3.831537E-06,+8.418492E-06,-1.006777E+02,+1.143682E+00
+1.931152E+02,-5.830752E-06,-6.716632E-06,-1.010176E+02,-2.285709E+00
+1.933594E+02,+1.190466E-05,+2.504757E-06,-9.829754E+01,+2.073767E-01
+1.936035E+02,-1.145701E-05,+1.319451E-06,-9.876135E+01,+3.026932E+00
+1.938477E+02,+3.426644E-06,-7.513380E-06,-1.016626E+02,-1.142904E+00
+1.940918E+02,+2.291735E-06,+8.770784E-06,-1.008524E+02,+1.315218E+00
+1.943359E+02,-1.911004E-06,-7.805086E-06,-1.018996E+02,-1.810913E+00
+1.945801E+02,+1.519384E-06,+6.870474E-06,-1.030529E+02,+1.353152E+00
+1.948242E+02,-3.072275E-06,+1.645218E-06,-1.091558E+02,+2.649946E+00
+1.950684E+02,-4.033096E-07,-4.945618E-06,-1.060868E+02,-1.652165E+00
+1.953125E+02,+3.973567E-06,+3.030906E-06,-1.060248E+02,+6.516219E-01
+1.955566E+02,-2.831378E-06,-4.701489E-06,-1.052113E+02,-2.112854E+00
+1.958008E+02,-1.360369E-07,+3.162046E-06,-1.099926E+02,+1.613792E+00
+1.960449E+02,+3.898477E-06,-8.426647E-07,-1.079838E+02,-2.128773E-01
+1.962891E+02,-7.931466E-06,+1.568037E-06,-1.018464E+02,+2.946411E+00
+1.965332E+02,+5.637132E-06,+1.992018E-06,-1.044678E+02,+3.396778E-01
+1.967773E+02,-8.645916E-07,-6.471462E-06,-1.037031E+02,-1.703611E+00
+1.970215E+02,-5.495676E-07,+1.858199E-06,-1.142540E+02,+1.858352E+00
+1.972656E+02,+3.738242E-07,+3.754667E-06,-1.084657E+02,+1.471561E+00
+1.975098E+02,-4.575897E-07,+5.528525E-07,-1.228816E+02,+2.262194E+00
+1.977539E+02,+1.263607E-06,-7.268877E-06,-1.026414E+02,-1.398678E+00
+1.979980E+02,+3.681628E-07,+5.660148E-06,-1.049251E+02,+1.505843E+00
+1.982422E+02,-2.309265E-06,-3.806404E-07,-1.126141E+02,-2.978230E+00
+1.984863E+02,+4.383319E-07,+2.972588E-06,-1.104439E+02,+1.424393E+00
+1.987305E+02,+4.763538E-06,-3.935163E-06,-1.041820E+02,-6.904547E-01
+1.989746E+02,-6.172780E-06,-3.261374E-06,-1.031212E+02,-2.655525E+00
+1.992188E+02,-1.772929E-06,+5.916731E-06,-1.041849E+02,+1.861929E+00
+1.994629E+02,+1.927675E-06,-5.547341E-06,-1.046232E+02,-1.236355E+00
+1.997070E+02,+4.177949E-06,+8.548190E-06,-1.004322E+02,+1.116187E+00
+1.999512E+02,-3.853562E-06,-5.290311E-06,-1.036818E+02,-2.200342E+00
+2.001953E+02,+5.986422E-06,+1.568633E-06,-1.041683E+02,+2.562702E-01
+2.004395E+02,-6.597110E-06,-3.486412E-06,-1.025433E+02,-2.655425E+00
+2.006836E+02,-1.095559E-06,+2.126587E-06,-1.124240E+02,+2.046508E+00
+2.009277E+02,+4.396099E-06,-1.882982E-06,-1.064071E+02,-4.046879E-01
+2.011719E+02,-2.717978E-07,+9.364709E-06,-1.005665E+02,+1.599812E+00
+2.014160E+02,-2.529057E-06,-1.333805E-05,-9.734475E+01,-1.758184E+00
+2.016602E+02,+2.330155E-06,+9.285111E-06,-1.003790E+02,+1.324918E+00
+2.019043E+02,+4.431566E-08,-5.133246E-06,-1.057918E+02,-1.562163E+00
+2.021484E+02,-2.083226E-06,+4.905360E-06,-1.054665E+02,+1.972399E+00
+2.023926E+02,+4.382292E-07,-5.630152E-07,-1.229326E+02,-9.093897E-01
+2.026367E+02,-1.045344E-06,-2.616482E-06,-1.110025E+02,-1.950891E+00
+2.028809E+02,+8.573627E-06,-4.477719E-06,-1.002892E+02,-4.813018E-01
+2.031250E+02,-1.127197E-05,+5.964610E-06,-9.788789E+01,+2.654894E+00
+2.033691E+02,+4.267758E-06,+2.781526E-06,-1.058585E+02,+5.776069E-01
+2.036133E+02,-1.480166E-07,-3.937557E-06,-1.080893E+02,-1.608370E+00
+2.038574E+02,-1.834232E-06,-3.744572E-06,-1.075980E+02,-2.026281E+00
+2.041016E+02,+7.965813E-06,+8.747461E-06,-9.853958E+01,+8.321322E-01
+2.043457E+02,-8.324774E-06,-7.152919E-06,-9.919135E+01,-2.431763E+00
+2.045898E+02,-1.996853E-06,+3.375941E-06,-1.081292E+02,+2.104939E+00
+2.048340E+02,+1.021696E-05,-4.152283E-06,-9.914967E+01,-3.860208E-01
+2.050781E+02,-4.546810E-06,+1.361722E-05,-9.685917E+01,+1.893058E+00
+2.053223E+02,-1.767571E-06,-1.281681E-05,-9.776257E+01,-1.707842E+00
+2.055664E+02,-8.066050E-07,+2.741817E-06,-1.108788E+02,+1.856911E+00
+2.058105E+02,+1.088931E-06,+1.439666E-06,-1.148699E+02,+9.232260E-01
+2.060547E+02,+3.060787E-06,-3.206870E-06,-1.070658E+02,-8.087015E-01
+2.062988E+02,-6.135608E-06,+3.066443E-06,-1.032745E+02,+2.678123E+00
+2.065430E+02,+6.477780E-06,-8.666011E-07,-1.036944E+02,-1.329909E-01
+2.067871E+02,-2.516022E-06,-5.078987E-07,-1.118122E+02,-2.942404E+00
+2.070312E+02,+2.283445E-07,-3.368995E-06,-1.094301E+02,-1.503122E+00
+2.072754E+02,+6.934972E-07,+6.109971E-06,-1.042236E+02,+1.457778E+00
+2.075195E+02,-3.386202E-06,-4.584104E-06,-1.048838E+02,-2.207016E+00
+2.077637E+02,+4.728623E-06,-7.921241E-07,-1.063851E+02,-1.659758E-01
+2.080078E+02,-8.122449E-06,+8.687936E-06,-9.849384E+01,+2.322568E+00
+2.082520E+02,+1.107230E-05,-7.607250E-06,-9.743605E+01,-6.019834E-01
+2.084961E+02,-6.110366E-06,+1.020804E-06,-1.041591E+02,+2.976060E+00
+2.087402E+02,+8.891091E-07,+2.484551E-06,-1.115717E+02,+1.227141E+00
+2.089844E+02,+5.916449E-07,-2.414744E-06,-1.120894E+02,-1.330516E+00
+2.092285E+02,+1.710334E-06,+3.385010E-08,-1.153367E+02,+1.978893E-02
+2.094727E+02,-1.958256E-06,+2.999788E-06,-1.089165E+02,+2.149136E+00
+2.097168E+02,-2.030576E-06,+1.994269E-06,-1.109150E+02,+2.365215E+00
+2.099609E+02,+6.707292E-06,-8.518766E-06,-9.929752E+01,-9.038135E-01
+2.102051E+02,-7.834919E-06,+1.301764E-06,-1.020010E+02,+2.976948E+00
+2.104492E+02,+5.542941E-06,+7.141382E-06,-1.008765E+02,+9.107544E-01
+2.106934E+02,-4.104781E-06,-5.886000E-06,-1.028824E+02,-2.179762E+00
+2.109375E+02,-2.433369E-07,+7.658858E-08,-1.318656E+02,+2.836666E+00
+2.111816E+02,+4.810753E-06,+4.629635E-06,-1.035089E+02,+7.662150E-01
+2.114258E+02,-6.527513E-06,-3.095854E-06,-1.028239E+02,-2.698734E+00
+2.116699E+02,+3.758141E-06,-4.857371E-07,-1.084286E+02,-1.285367E-01
+2.119141E+02,+3.744099E-06,-2.266236E-06,-1.071774E+02,-5.442944E-01
+2.121582E+02,-2.007889E-06,+2.784871E-06,-1.092859E+02,+2.195477E+00
+2.124023E+02,-1.655869E-06,-5.024444E-08,-1.156155E+02,-3.111259E+00
+2.126465E+02,+1.573208E-06,+8.738083E-07,-1.148965E+02,+5.070033E-01
+2.128906E+02,-2.628117E-06,-1.120005E-06,-1.108823E+02,-2.738738E+00
+2.131348E+02,-2.416463E-06,-4.959296E-07,-1.121572E+02,-2.939174E+00
+2.133789E+02,+6.357036E-06,+2.648852E-06,-1.032396E+02,+3.948028E-01
+2.136230E+02,-4.486857E-06,-6.030306E-07,-1.068834E+02,-3.007994E+00
+2.138672E+02,+4.345221E-06,-1.738964E-06,-1.065946E+02,-3.806801E-01
+2.141113E+02,-2.601674E-06,-4.987806E-06,-1.049967E+02,-2.051580E+00
+2.143555E+02,+1.909155E-06,+5.435739E-06,-1.047896E+02,+1.233033E+00
+2.145996E+02,-5.052479E-06,+7.927781E-07,-1.058243E+02,+2.985953E+00
+2.148438E+02,+5.105075E-06,+4.516368E-07,-1.058061E+02,+8.823848E-02
+2.150879E+02,+3.070562E-06,-3.398585E-06,-1.067822E+02,-8.360606E-01
+2.153320E+02,-5.122223E-06,-2.322299E-06,-1.049990E+02,-2.715934E+00
+2.155762E+02,-1.307549E-06,+5.267229E-06,-1.053086E+02,+1.814120E+00
+2.158203E+02,+1.333932E-06,+2.665580E-06,-1.105136E+02,+1.106806E+00
+2.160645E+02,+3.472172E-06,-7.936554E-06,-1.012468E+02,-1.158393E+00
+2.163086E+02,-6.243687E-06,+6.408698E-06,-1.009661E+02,+2.343153E+00
+2.165527E+02,+4.401558E-06,-4.881654E-06,-1.036447E+02,-8.370687E-01
+2.167969E+02,-4.927793E-06,+5.154994E-06,-1.029365E+02,+2.333665E+00
+2.170410E+02,+3.643385E-06,-6.488779E-06,-1.025666E+02,-1.059174E+00
+2.172852E+02,+3.461476E-06,+6.287529E-06,-1.028807E+02,+1.067546E+00
+2.175293E+02,-2.328206E-06,-5.513410E-06,-1.044590E+02,-1.970361E+00
+2.177734E+02,-4.689906E-06,+2.579498E-06,-1.054289E+02,+2.638741E+00
+2.180176E+02,+4.640439E-06,-1.046311E-06,-1.064535E+02,-2.217681E-01
+2.182617E+02,-2.696771E-06,+5.929540E-06,-1.037231E+02,+1.997637E+00
+2.185059E+02,+4.843253E-06,-7.198940E-06,-1.012331E+02,-9.785782E-01
+2.187500E+02,-5.592587E-06,+1.538348E-06,-1.047310E+02,+2.873162E+00
+2.189941E+02,+2.609105E-06,+1.897038E-06,-1.098271E+02,+6.286726E-01
+2.192383E+02,-8.753334E-07,-4.662053E-06,-1.064780E+02,-1.756393E+00
+2.194824E+02,+4.115584E-06,+6.722879E-06,-1.020666E+02,+1.021472E+00
+2.197266E+02,-7.879607E-06,-7.370331E-06,-9.934010E+01,-2.389577E+00
+2.199707E+02,+6.137650E-06,+7.844710E-06,-1.000344E+02,+9.068837E-01
+2.202148E+02,-2.327588E-06,-3.943849E-06,-1.067837E+02,-2.103965E+00
+2.204590E+02,+2.416041E-06,-2.344233E-06,-1.094567E+02,-7.703145E-01
+2.207031E+02,-4.904251E-06,+6.350007E-06,-1.019129E+02,+2.228431E+00
+2.209473E+02,+4.346639E-06,-7.297762E-06,-1.014176E+02,-1.033609E+00
+2.211914E+02,+8.893468E-07,+2.113607E-06,-1.127916E+02,+1.172512E+00
+2.214355E+02,-7.853150E-06,+2.410568E-06,-1.017081E+02,+2.843767E+00
+2.216797E+02,+4.197540E-06,-7.310380E-07,-1.074103E+02,-1.724292E-01
+2.219238E+02,+2.222687E-06,-4.583541E-06,-1.058588E+02,-1.119279E+00
+2.221680E+02,-2.212126E-06,+2.695089E-06,-1.091517E+02,+2.258091E+00
+2.224121E+02,+5.215766E-06,+3.195886E-06,-1.042692E+02,+5.497314E-01
+2.226562E+02,-5.977779E-06,-2.578430E-06,-1.037282E+02,-2.734368E+00
+2.229004E+02,+2.317109E-06,+2.011708E-06,-1.102614E+02,+7.149641E-01
+2.231445E+02,-2.613788E-06,+3.186805E-06,-1.076987E+02,+2.257728E+00
+2.233887E+02,+1.621845E-06,-1.516798E-05,-9.633208E+01,-1.464275E+00
+2.236328E+02,+2.961262E-06,+1.403521E-05,-9.686647E+01,+1.362858E+00
+2.238770E+02,-3.223990E-06,-3.041840E-06,-1.070671E+02,-2.385257E+00
+2.241211E+02,+1.964492E-06,-1.122082E-06,-1.129087E+02,-5.189600E-01
+2.243652E+02,-5.035945E-06,+5.229267E-06,-1.027814E+02,+2.337364E+00
+2.246094E+02,+2.614217E-06,-8.389395E-06,-1.011229E+02,-1.268723E+00
+2.248535E+02,+6.350420E-06,+8.014245E-06,-9.980651E+01,+9.007120E-01
+2.250977E+02,-1.015252E-05,-5.240207E-06,-9.884278E+01,-2.665110E+00
+2.253418E+02,+6.541780E-06,+1.368702E-06,-1.035000E+02,+2.062495E-01
+2.255859E+02,-1.512911E-06,-5.348488E-06,-1.051011E+02,-1.846462E+00
+2.258301E+02,-1.687159E-06,+6.516948E-06,-1.034374E+02,+1.824122E+00
+2.260742E+02,-2.287061E-07,-3.210507E-06,-1.098465E+02,-1.641913E+00
+2.263184E+02,+2.504318E-06,+3.680282E-06,-1.070298E+02,+9.732989E-01
+2.265625E+02,-4.394926E-06,-1.434192E-06,-1.067015E+02,-2.826159E+00
+2.268066E+02,+4.484174E-06,+3.308259E-06,-1.050790E+02,+6.356235E-01
+2.270508E+02,-4.036216E-06,-1.095783E-05,-9.865296E+01,-1.923716E+00
+2.272949E+02,+6.952159E-06,+8.164550E-06,-9.939331E+01,+8.654289E-01
+2.275391E+02,-5.635889E-06,+1.772955E-06,-1.045709E+02,+2.836811E+00
+2.277832E+02,-2.386340E-06,-3.784816E-06,-1.069855E+02,-2.133344E+00
+2.280273E+02,+5.072909E-06,-1.295113E-06,-1.056206E+02,-2.499605E-01
+2.282715E+02,-4.077635E-06,+8.409366E-06,-1.005876E+02,+2.022285E+00
+2.285156E+02,+8.695273E-06,-9.007159E-06,-9.804829E+01,-8.030146E-01
+2.287598E+02,-1.016432E-05,+1.584168E-06,-9.975420E+01,+2.986981E+00
+2.290039E+02,+2.365401E-06,+5.983345E-06,-1.038305E+02,+1.194322E+00
+2.292480E+02,+4.466980E-06,-5.458307E-06,-1.030323E+02,-8.849469E-01
+2.294922E+02,-6.131160E-06,+1.185109E-06,-1.040898E+02,+2.950655E+00
+2.297363E+02,+4.507041E-06,-7.361803E-07,-1.068078E+02,-1.619102E-01
+2.299805E+02,-3.557667E-06,-2.528736E-06,-1.072007E+02,-2.523665E+00
+2.302246E+02,+4.949387E-06,+5.961722E-06,-1.022157E+02,+8.779135E-01
+2.304688E+02,-4.771935E-06,-2.730962E-07,-1.064119E+02,-3.084425E+00
+2.307129E+02,-2.865288E-07,-3.177391E-06,-1.099234E+02,-1.660730E+00
+2.309570E+02,+4.718127E-06,+9.337278E-07,-1.063578E+02,+1.953776E-01
+2.312012E+02,-4.202273E-06,+6.378077E-07,-1.074314E+02,+2.990965E+00
+2.314453E+02,+2.768364E-06,-2.196819E-06,-1.090344E+02,-6.707920E-01
+2.316895E+02,+1.294564E-06,+4.000582E-06,-1.075250E+02,+1.257837E+00
+2.319336E+02,-5.346930E-06,-2.483242E-06,-1.045897E+02,-2.706809E+00
+2.321777E+02,+3.930827E-06,+1.915741E-06,-1.071848E+02,+4.534872E-01
+2.324219E+02,-2.783943E-06,-7.471826E-06,-1.019669E+02,-1.927454E+00
+2.326660E+02,+2.117471E-06,+9.290766E-06,-1.004190E+02,+1.346713E+00
+2.329102E+02,+5.133075E-07,+3.220694E-06,-1.097321E+02,+1.412748E+00
+2.331543E+02,-9.183877E-07,-1.106226E-05,-9.909328E+01,-1.653626E+00
+2.333984E+02,-1.461824E-06,+5.069645E-06,-1.055536E+02,+1.851529E+00
+2.336426E+02,+7.122771E-06,-2.662748E-06,-1.023789E+02,-3.577497E-01
+2.338867E+02,-1.468589E-05,+4.815868E-06,-9.621842E+01,+2.824718E+00
+2.341309E+02,+1.276352E-05,-4.426085E-06,-9.738743E+01,-3.337999E-01
+2.343750E+02,-5.302584E-06,+5.294906E-06,-1.025062E+02,+2.356919E+00
+2.346191E+02,+1.595329E-06,-2.583552E-06,-1.103528E+02,-1.017612E+00
+2.348633E+02,+3.614315E-06,-4.245234E-06,-1.050745E+02,-8.655006E-01
+2.351074E+02,-5.381208E-06,+8.108647E-06,-1.002362E+02,+2.156699E+00
+2.353516E+02,+3.880256E-06,-5.839480E-06,-1.030842E+02,-9.843045E-01
+2.355957E+02,+1.934317E-06,+1.873595E-06,-1.113955E+02,+7.694533E-01
+2.358398E+02,-8.182405E-06,-6.472216E-07,-1.017153E+02,-3.062658E+00
+2.360840E+02,+4.527227E-06,-2.103976E-06,-1.060341E+02,-4.350424E-01
+2.363281E+02,+1.573721E-06,+6.722206E-06,-1.032180E+02,+1.340830E+00
+2.365723E+02,-1.593477E-06,-7.247550E-06,-1.025912E+02,-1.787217E+00
+2.368164E+02,+3.640858E-06,+3.928212E-06,-1.054232E+02,+8.233442E-01
+2.370605E+02,-4.994598E-06,+3.091566E-06,-1.046213E+02,+2.587333E+00
+2.373047E+02,+2.623259E-06,-5.414512E-06,-1.044131E+02,-1.119636E+00
+2.375488E+02,-2.706475E-06,-3.198054E-06,-1.075566E+02,-2.273132E+00
+2.377930E+02,+4.627837E-06,+7.750156E-06,-1.008894E+02,+1.032491E+00
+2.380371E+02,-2.159219E-06,-1.462958E-06,-1.116733E+02,-2.546100E+00
+2.382812E+02,-1.969747E-06,-3.849993E-06,-1.072810E+02,-2.043699E+00
+2.385254E+02,-7.668773E-07,+5.720474E-07,-1.203842E+02,+2.500693E+00
+2.387695E+02,+4.636327E-06,+2.046080E-06,-1.059037E+02,+4.156078E-01
+2.390137E+02,-5.945653E-06,+1.729133E-06,-1.041634E+02,+2.858576E+00
+2.392578E+02,+7.286561E-06,-2.721258E-06,-1.021825E+02,-3.574221E-01
+2.395020E+02,-4.525502E-06,+3.071869E-06,-1.052409E+02,+2.545243E+00
+2.397461E+02,+3.413152E-06,-5.815250E-06,-1.034231E+02,-1.040042E+00
+2.399902E+02,-4.078898E-06,+3.414189E-06,-1.054830E+02,+2.444673E+00
+2.402344E+02,+1.208300E-06,-6.768958E-07,-1.171711E+02,-5.106446E-01
+2.404785E+02,+3.897541E-06,+5.263308E-06,-1.036761E+02,+9.333954E-01
+2.407227E+02,-5.976588E-06,-8.719021E-06,-9.951788E+01,-2.171701E+00
+2.409668E+02,+7.372807E-06,+9.214979E-06,-9.856129E+01,+8.960010E-01
+2.412109E+02,-1.077319E-05,-1.162710E-05,-9.599892E+01,-2.318093E+00
+2.414551E+02,+1.064383E-05,+1.195869E-05,-9.591249E+01,+8.435059E-01
+2.416992E+02,-5.906749E-06,-5.790093E-06,-1.016485E+02,-2.366168E+00
+2.419434E+02,+4.435996E-06,+1.549127E-07,-1.070549E+02,+3.490754E-02
+2.421875E+02,-8.006307E-06,-6.503744E-06,-9.973060E+01,-2.459380E+00
+2.424316E+02,+9.201120E-06,+1.064663E-05,-9.703310E+01,+8.580999E-01
+2.426758E+02,-3.787156E-06,-7.558555E-06,-1.014585E+02,-2.035277E+00
+2.429199E+02,-1.899890E-06,+4.411141E-06,-1.063699E+02,+1.977487E+00
+2.431641E+02,+2.226874E-06,+1.337955E-06,-1.117075E+02,+5.410238E-01
+2.434082E+02,+2.632003E-07,-5.357398E-06,-1.054105E+02,-1.521707E+00
+2.436523E+02,-2.659481E-06,+5.871651E-06,-1.038144E+02,+1.996089E+00
+2.438965E+02,+3.881457E-06,-8.559443E-06,-1.005389E+02,-1.145060E+00
+2.441406E+02,-1.733338E-06,+7.209957E-06,-1.025973E+02,+1.806728E+00
+2.443848E+02,-4.429173E-07,-3.592560E-07,-1.248779E+02,-2.460112E+00
+2.446289E+02,+2.177389E-06,-3.724292E-06,-1.073022E+02,-1.041744E+00
+2.448730E+02,-5.669236E-07,-3.237549E-06,-1.096645E+02,-1.744148E+00
+2.451172E+02,-2.670849E-06,+1.099423E-05,-9.892768E+01,+1.809112E+00
+2.453613E+02,+2.573491E-06,-5.788384E-06,-1.039655E+02,-1.152446E+00
+2.456055E+02,-2.195217E-06,+1.611398E-06,-1.112986E+02,+2.508378E+00
+2.458496E+02,+5.050342E-06,-4.499135E-06,-1.033963E+02,-7.277409E-01
+2.460938E+02,-6.124219E-06,+7.167492E-06,-1.005120E+02,+2.277865E+00
+2.463379E+02,+3.770991E-06,-9.222025E-06,-1.000320E+02,-1.182631E+00
+2.465820E+02,+1.650481E-09,+2.980145E-06,-1.105153E+02,+1.570243E+00
+2.468262E+02,-5.661851E-06,+5.036333E-06,-1.024093E+02,+2.414598E+00
+2.470703E+02,+3.879726E-06,-5.985676E-06,-1.029345E+02,-9.957098E-01
+2.473145E+02,-7.163847E-07,+2.563340E-06,-1.114973E+02,+1.843316E+00
+2.475586E+02,+4.809164E-06,-2.003755E-08,-1.063585E+02,-4.166510E-03
+2.478027E+02,-7.434225E-06,-5.649069E-07,-1.025503E+02,-3.065751E+00
+2.480469E+02,+8.503265E-06,+1.358931E-06,-1.012988E+02,+1.584727E-01
+2.482910E+02,-8.617155E-06,-2.642757E-06,-1.009023E+02,-2.844014E+00
+2.485352E+02,+4.506666E-06,+7.226478E-07,-1.068126E+02,+1.589974E-01
+2.487793E+02,-3.343605E-06,+2.492596E-06,-1.075963E+02,+2.500989E+00
+2.490234E+02,+5.825233E-06,-7.852163E-06,-1.001959E+02,-9.325230E-01
+2.492676E+02,-6.783529E-06,+1.131963E-05,-9.759076E+01,+2.110680E+00
+2.495117E+02,+7.839852E-06,-7.349227E-06,-9.937514E+01,-7.531082E-01
+2.497559E+02,-9.039705E-06,+1.110994E-06,-1.008118E+02,+3.019304E+00
+2.500000E+02,+3.444431E-06,+1.551398E-07,-1.092488E+02,+4.501033E-02
+2.502441E+02,+2.777949E-06,+4.556066E-06,-1.054554E+02,+1.023257E+00
+2.504883E+02,-2.793510E-06,-7.306892E-07,-1.107896E+02,-2.885758E+00
+2.507324E+02,+1.115303E-06,-9.456938E-06,-1.004250E+02,-1.453404E+00
+2.509766E+02,-4.213528E-06,+9.575998E-06,-9.960770E+01,+1.985311E+00
+2.512207E+02,+8.819715E-06,-7.372817E-06,-9.878946E+01,-6.962790E-01
+2.514648E+02,-7.402070E-06,+9.897522E-06,-9.816014E+01,+2.212934E+00
+2.517090E+02,+4.411953E-06,-4.470428E-06,-1.040395E+02,-7.919813E-01
+2.519531E+02,-6.145192E-06,-6.217386E-06,-1.011680E+02,-2.350355E+00
+2.521973E+02,+7.685438E-06,+4.932283E-06,-1.007887E+02,+5.705678E-01
+2.524414E+02,-7.343715E-06,-3.431122E-06,-1.018242E+02,-2.704512E+00
+2.526855E+02,+6.223119E-07,+9.018429E-06,-1.008768E+02,+1.501901E+00
+2.529297E+02,+4.214944E-06,-7.522734E-06,-1.012868E+02,-1.060084E+00
+2.531738E+02,+4.065438E-06,+1.091827E-06,-1.075154E+02,+2.623723E-01
+2.534180E+02,-7.997161E-06,+2.027092E-07,-1.019385E+02,+3.116251E+00
+2.536621E+02,-1.921930E-07,+5.472702E-06,-1.052306E+02,+1.605900E+00
+2.539062E+02,+3.479407E-06,-8.996107E-06,-1.003135E+02,-1.201749E+00
+2.541504E+02,-9.549626E-07,+1.755152E-06,-1.139875E+02,+2.069092E+00
+2.543945E+02,+3.270961E-06,+5.510308E-06,-1.038655E+02,+1.035090E+00
+2.546387E+02,-8.593219E-06,-6.453207E-06,-9.937466E+01,-2.497474E+00
+2.548828E+02,+1.150010E-05,+5.872663E-06,-9.777959E+01,+4.721408E-01
+2.551270E+02,-1.056974E-05,-4.409872E-06,-9.882178E+01,-2.746333E+00
+2.553711E+02,+3.671527E-06,+1.070760E-06,-1.083486E+02,+2.837684E-01
+2.556152E+02,+3.787181E-06,+4.632649E-06,-1.044607E+02,+8.854765E-01
+2.558594E+02,-5.199658E-06,-7.353611E-06,-1.009091E+02,-2.186264E+00
+2.561035E+02,+1.679119E-06,+6.631277E-06,-1.032982E+02,+1.322797E+00
+2.563477E+02,-1.501063E-06,-7.005012E-06,-1.028968E+02,-1.781888E+00
+2.565918E+02,+1.234510E-06,+5.264172E-06,-1.053409E+02,+1.340447E+00
+2.568359E+02,+2.925030E-06,-1.897099E-06,-1.091525E+02,-5.753722E-01
+2.570801E+02,-5.900881E-06,-1.134799E-06,-1.044239E+02,-2.951602E+00
+2.573242E+02,+1.606129E-06,+6.718573E-06,-1.032131E+02,+1.336142E+00
+2.575684E+02,+4.727944E-06,-9.139767E-06,-9.975150E+01,-1.093410E+00
+2.578125E+02,-5.900692E-06,+6.262037E-06,-1.013058E+02,+2.326494E+00
+2.580566E+02,+5.560697E-06,-2.153764E-07,-1.050909E+02,-3.871256E-02
+2.583008E+02,-5.081396E-06,-3.352043E-06,-1.043113E+02,-2.558450E+00
+2.585449E+02,+2.287384E-08,+3.422956E-06,-1.093118E+02,+1.564114E+00
+2.587891E+02,+6.282086E-07,-4.590986E-06,-1.066813E+02,-1.434806E+00
+2.590332E+02,+3.723806E-06,+2.401014E-06,-1.070704E+02,+5.726928E-01
+2.592773E+02,+1.135686E-06,-3.911051E-07,-1.184081E+02,-3.316573E-01
+2.595215E+02,-7.778827E-06,+2.130005E-06,-1.018677E+02,+2.874323E+00
+2.597656E+02,+5.308978E-06,+1.166195E-06,-1.052951E+02,+2.162305E-01
+2.600098E+02,+1.481104E-06,-4.084746E-06,-1.072403E+02,-1.222946E+00
+2.602539E+02,-7.446481E-06,+4.052998E-06,-1.014341E+02,+2.643149E+00
+2.604980E+02,+4.392355E-06,-4.847056E-06,-1.036869E+02,-8.345717E-01
+2.607422E+02,+7.556142E-06,+7.419856E-06,-9.950203E+01,+7.762980E-01
+2.609863E+02,-1.516231E-05,-9.047746E-06,-9.506184E+01,-2.603584E+00
+2.612305E+02,+1.064197E-05,+6.193889E-06,-9.819256E+01,+5.270976E-01
+2.614746E+02,-4.624778E-06,+2.966692E-06,-1.052014E+02,+2.571232E+00
+2.617188E+02,+3.403880E-06,-7.321851E-06,-1.018578E+02,-1.135626E+00
+2.619629E+02,-3.985314E-06,+2.505307E-06,-1.065444E+02,+2.580384E+00
+2.622070E+02,+7.224650E-06,+2.248339E-07,-1.028195E+02,+3.111035E-02
+2.624512E+02,-4.425658E-06,+4.238106E-06,-1.042541E+02,+2.377839E+00
+2.626953E+02,-1.034267E-06,-7.735035E-06,-1.021538E+02,-1.703720E+00
+2.629395E+02,+2.345344E-06,+7.393739E-06,-1.022063E+02,+1.263629E+00
+2.631836E+02,-4.384878E-06,-6.094391E-06,-1.024896E+02,-2.194486E+00
+2.634277E+02,+1.871175E-06,+6.565464E-06,-1.033155E+02,+1.293155E+00
+2.636719E+02,+2.088932E-06,-5.683984E-06,-1.043567E+02,-1.218606E+00
+2.639160E+02,-3.629455E-07,+1.413112E-06,-1.167190E+02,+1.822203E+00
+2.641602E+02,+7.630491E-07,+1.414614E-06,-1.158781E+02,+1.076124E+00
+2.644043E+02,-2.041557E-06,-1.709000E-06,-1.114944E+02,-2.444632E+00
+2.646484E+02,+9.501254E-08,-7.459772E-07,-1.224756E+02,-1.444112E+00
+2.648926E+02,+1.815093E-06,+3.951240E-06,-1.072338E+02,+1.140175E+00
+2.651367E+02,-1.698568E-07,-7.427598E-07,-1.223616E+02,-1.795614E+00
+2.653809E+02,+1.965804E-06,-8.621320E-07,-1.133652E+02,-4.133037E-01
+2.656250E+02,-4.230996E-06,+8.614944E-07,-1.072947E+02,+2.940724E+00
+2.658691E+02,-8.876623E-07,-2.606554E-06,-1.112021E+02,-1.899028E+00
+2.661133E+02,+3.913842E-06,-1.237020E-06,-1.077344E+02,-3.061274E-01
+2.663574E+02,+1.949914E-06,+2.390343E-06,-1.102155E+02,+8.865272E-01
+2.666016E+02,-6.331035E-06,-1.035911E-06,-1.038558E+02,-2.979406E+00
+2.668457E+02,+3.229442E-06,+5.815061E-07,-1.096789E+02,+1.781549E-01
+2.670898E+02,+2.660634E-06,+1.772763E-06,-1.099048E+02,+5.877442E-01
+2.673340E+02,+2.670442E-07,+2.356613E-06,-1.124988E+02,+1.457961E+00
+2.675781E+02,-8.839670E-06,-3.933303E-06,-1.002868E+02,-2.722938E+00
+2.678223E+02,+9.430802E-06,+3.007496E-06,-1.000884E+02,+3.087061E-01
+2.680664E+02,-2.405196E-06,-5.166411E-06,-1.048843E+02,-2.006502E+00
+2.683105E+02,-4.497069E-06,+5.649873E-06,-1.028279E+02,+2.243069E+00
+2.685547E+02,+7.705081E-07,-5.419612E-06,-1.052337E+02,-1.429572E+00
+2.687988E+02,+9.508861E-06,+5.367478E-06,-9.923621E+01,+5.138856E-01
+2.690430E+02,-7.483182E-06,-9.945083E-06,-9.809941E+01,-2.215864E+00
+2.692871E+02,-3.064338E-06,+1.468507E-05,-9.647737E+01,+1.776515E+00
+2.695312E+02,+5.974287E-06,-1.711093E-05,-9.483496E+01,-1.234879E+00
+2.697754E+02,+3.237995E-06,+1.611045E-05,-9.568587E+01,+1.372452E+00
+2.700195E+02,-4.770664E-06,-1.306275E-05,-9.713555E+01,-1.920958E+00
+2.702637E+02,+4.739978E-06,+1.027848E-05,-9.892402E+01,+1.138704E+00
+2.705078E+02,-7.363517E-06,-2.937621E-06,-1.020169E+02,-2.761998E+00
+2.707520E+02,-5.858860E-06,+8.590901E-07,-1.045514E+02,+2.995999E+00
+2.709961E+02,+1.215251E-05,-8.321014E-06,-9.663695E+01,-6.003941E-01
+2.712402E+02,-2.885205E-06,+1.097134E-05,-9.890439E+01,+1.827950E+00
+2.714844E+02,-3.029773E-06,+7.428172E-07,-1.101183E+02,+2.901163E+00
+2.717285E+02,+2.528887E-06,-7.189289E-06,-1.023596E+02,-1.232557E+00
+2.719727E+02,+2.543877E-06,-9.865379E-07,-1.112816E+02,-3.699527E-01
+2.722168E+02,-2.867939E-06,+9.742274E-07,-1.103743E+02,+2.814127E+00
+2.724609E+02,-7.555145E-08,+4.642109E-06,-1.066645E+02,+1.587070E+00
+2.727051E+02,+1.637386E-06,-5.583700E-06,-1.047033E+02,-1.285549E+00
+2.729492E+02,+1.584004E-06,+1.295417E-06,-1.137808E+02,+6.855077E-01
+2.731934E+02,-4.043313E-06,+6.208983E-06,-1.026043E+02,+2.148017E+00
+2.734375E+02,+1.444291E-06,-8.031775E-06,-1.017656E+02,-1.392876E+00
+2.736816E+02,-2.578486E-06,+2.657880E-06,-1.086287E+02,+2.341034E+00
+2.739258E+02,+4.249662E-06,-1.997428E-06,-1.065660E+02,-4.393775E-01
+2.741699E+02,-3.312034E-06,+4.196434E-06,-1.054394E+02,+2.238948E+00
+2.744141E+02,+4.533037E-06,-3.510009E-06,-1.048322E+02,-6.588835E-01
+2.746582E+02,-2.795229E-06,+2.105048E-06,-1.091206E+02,+2.496119E+00
+2.749023E+02,+7.437430E-07,-4.678829E-06,-1.064889E+02,-1.413156E+00
+2.751465E+02,-3.611803E-06,+3.130938E-06,-1.064115E+02,+2.427390E+00
+2.753906E+02,+3.369688E-06,+2.286011E-07,-1.094283E+02,+6.773666E-02
+2.756348E+02,+7.728862E-07,+6.332146E-06,-1.039048E+02,+1.449340E+00
+2.758789E+02,-2.340458E-06,-9.297389E-06,-1.003659E+02,-1.817405E+00
+2.761230E+02,+3.126017E-06,+2.051841E-06,-1.085443E+02,+5.808441E-01
+2.763672E+02,-5.976414E-06,+2.045779E-06,-1.039900E+02,+2.811786E+00
+2.766113E+02,+5.052870E-06,+6.569483E-07,-1.058564E+02,+1.292896E-01
+2.768555E+02,+1.306245E-06,-3.479509E-06,-1.085970E+02,-1.211666E+00
+2.770996E+02,-1.335626E-06,-1.142219E-06,-1.151024E+02,-2.434091E+00
+2.773438E+02,-3.751199E-06,+2.873255E-06,-1.065117E+02,+2.487957E+00
+2.775879E+02,+2.084188E-06,+2.988741E-06,-1.087692E+02,+9.618535E-01
+2.778320E+02,+1.164815E-06,-9.010229E-06,-1.008333E+02,-1.442232E+00
+2.780762E+02,-1.147970E-06,+8.309873E-06,-1.015260E+02,+1.708073E+00
+2.783203E+02,+2.283288E-06,-1.721015E-06,-1.108750E+02,-6.458932E-01
+2.785645E+02,-4.220614E-06,-4.048220E-06,-1.046595E+02,-2.377040E+00
+2.788086E+02,+3.137182E-06,+5.949019E-06,-1.034455E+02,+1.085513E+00
+2.790527E+02,+7.665065E-08,-7.443707E-06,-1.025638E+02,-1.560499E+00
+2.792969E+02,-2.758680E-06,+8.933520E-06,-1.005840E+02,+1.870308E+00
+2.795410E+02,+4.829039E-06,-1.000847E-05,-9.908371E+01,-1.121250E+00
+2.797852E+02,-7.262955E-06,+8.944877E-06,-9.876929E+01,+2.252792E+00
+2.800293E+02,+4.414112E-06,-8.226002E-06,-1.005972E+02,-1.078295E+00
+2.802734E+02,+2.097075E-07,+8.833038E-06,-1.010754E+02,+1.547060E+00
+2.805176E+02,-6.475291E-07,-1.155185E-06,-1.175603E+02,-2.081697E+00
+2.807617E+02,+2.092747E-06,-6.817512E-06,-1.029364E+02,-1.272961E+00
+2.810059E+02,-3.128403E-06,+5.059625E-06,-1.045116E+02,+2.124568E+00
+2.812500E+02,-1.693511E-06,-2.455835E-06,-1.105065E+02,-2.174499E+00
+2.814941E+02,+3.973177E-06,+4.131206E-06,-1.048343E+02,+8.048950E-01
+2.817383E+02,-1.419238E-06,-5.117192E-06,-1.054975E+02,-1.841343E+00
+2.819824E+02,+1.257941E-06,-2.616983E-06,-1.107412E+02,-1.122721E+00
+2.822266E+02,-3.167013E-06,+7.170047E-06,-1.021155E+02,+1.986727E+00
+2.824707E+02,+3.325003E-07,-5.986302E-06,-1.044434E+02,-1.515310E+00
+2.827148E+02,+4.476426E-06,+4.536925E-06,-1.039124E+02,+7.921102E-01
+2.829590E+02,-6.237004E-06,+2.150405E-08,-1.041004E+02,+3.138145E+00
+2.832031E+02,-7.300125E-07,-3.051350E-06,-1.100684E+02,-1.805625E+00
+2.834473E+02,+5.879170E-06,+9.098861E-07,-1.045109E+02,+1.535462E-01
+2.836914E+02,-2.439750E-06,+3.890583E-06,-1.067594E+02,+2.130898E+00
+2.839355E+02,+9.077960E-07,-3.873574E-06,-1.080056E+02,-1.340595E+00
+2.841797E+02,-2.580371E-06,-2.960877E-06,-1.081177E+02,-2.287634E+00
+2.844238E+02,+2.825900E-06,+5.511900E-06,-1.041605E+02,+1.097048E+00
+2.846680E+02,-2.239579E-06,+1.711616E-06,-1.109989E+02,+2.489029E+00
+2.849121E+02,-2.711713E-07,-5.487086E-06,-1.052026E+02,-1.620176E+00
+2.851562E+02,+9.718367E-07,+3.140732E-06,-1.096623E+02,+1.270711E+00
+2.854004E+02,-5.025433E-07,-2.107336E-06,-1.132851E+02,-1.804897E+00
+2.856445E+02,-2.192794E-06,+9.338498E-07,-1.124562E+02,+2.738984E+00
+2.858887E+02,+5.432599E-06,-2.053311E-06,-1.047199E+02,-3.613642E-01
+2.861328E+02,-5.055581E-06,+7.975589E-06,-1.004979E+02,+2.135757E+00
+2.863770E+02,+2.702222E-06,-8.594657E-06,-1.009060E+02,-1.266175E+00
+2.866211E+02,+2.830780E-06,+3.767637E-06,-1.065348E+02,+9.264376E-01
+2.868652E+02,-6.676273E-06,+3.854784E-07,-1.034949E+02,+3.083918E+00
+2.871094E+02,+3.268646E-07,-5.148127E-06,-1.057495E+02,-1.507390E+00
+2.873535E+02,+4.255860E-06,+9.381093E-06,-9.974213E+01,+1.144900E+00
+2.875977E+02,-4.216175E-06,-6.548334E-06,-1.021712E+02,-2.142839E+00
+2.878418E+02,+4.523668E-06,+3.373235E-06,-1.049700E+02,+6.407343E-01
+2.880859E+02,-1.191858E-06,-5.131970E-06,-1.055662E+02,-1.798993E+00
+2.883301E+02,-1.471638E-06,+2.371806E-06,-1.110840E+02,+2.126132E+00
+2.885742E+02,-8.846945E-07,+4.144120E-06,-1.074578E+02,+1.781121E+00
+2.888184E+02,+2.381807E-06,-3.204672E-06,-1.079743E+02,-9.316424E-01
+2.890625E+02,+1.659724E-06,+1.132894E-07,-1.155791E+02,+6.815228E-02
+2.893066E+02,-6.526701E-06,+1.810766E-06,-1.033841E+02,+2.870960E+00
+2.895508E+02,+2.124572E-06,-5.422322E-06,-1.046960E+02,-1.197362E+00
+2.897949E+02,+4.149393E-06,+4.404608E-06,-1.043631E+02,+8.152251E-01
+2.900391E+02,-1.783996E-06,+2.174888E-06,-1.110167E+02,+2.257776E+00
+2.902832E+02,-2.099469E-06,-1.818271E-06,-1.111273E+02,-2.427847E+00
+2.905273E+02,-1.895991E-07,-3.241164E-06,-1.097711E+02,-1.629227E+00
+2.907715E+02,+4.233168E-06,+5.994873E-06,-1.026875E+02,+9.559672E-01
+2.910156E+02,-3.830232E-06,-6.864743E-06,-1.020904E+02,-2.079728E+00
+2.912598E+02,+2.442010E-06,+5.723211E-06,-1.041208E+02,+1.167499E+00
+2.915039E+02,-2.427358E-06,-3.690116E-06,-1.070976E+02,-2.152635E+00
+2.917480E+02,-3.766651E-07,+2.675911E-06,-1.113654E+02,+1.710639E+00
+2.919922E+02,+1.868859E-06,+9.561900E-07,-1.135586E+02,+4.729191E-01
+2.922363E+02,-6.263746E-07,+4.607710E-06,-1.066508E+02,+1.705909E+00
+2.924805E+02,+4.095655E-06,-9.583541E-06,-9.964096E+01,-1.166926E+00
+2.927246E+02,-8.385821E-06,+7.845800E-08,-1.015287E+02,+3.132237E+00
+2.929688E+02,+9.170363E-06,+7.138866E-06,-9.869476E+01,+6.614752E-01
+2.932129E+02,-6.831332E-06,-4.770445E-06,-1.015849E+02,-2.531996E+00
+2.934570E+02,+2.942353E-06,-3.392914E-07,-1.105687E+02,-1.148059E-01
+2.937012E+02,+3.197106E-06,+8.506846E-07,-1.096078E+02,+2.600542E-01
+2.939453E+02,-8.984975E-06,+3.346462E-06,-1.003655E+02,+2.785059E+00
+2.941895E+02,+7.871608E-06,-4.882068E-06,-1.006653E+02,-5.551490E-01
+2.944336E+02,-1.865977E-06,+7.414573E-06,-1.023316E+02,+1.817340E+00
+2.946777E+02,+1.368749E-06,-9.970529E-06,-9.994455E+01,-1.434370E+00
+2.949219E+02,-5.523793E-06,+1.268063E-05,-9.718261E+01,+1.981618E+00
+2.951660E+02,+8.532514E-06,-1.061564E-05,-9.731667E+01,-8.937619E-01
+2.954102E+02,-4.139183E-06,+8.290195E-07,-1.074909E+02,+2.943922E+00
+2.956543E+02,-5.894527E-06,+8.535493E-07,-1.045009E+02,+2.997788E+00
+2.958984E+02,+5.387867E-06,+3.632019E-06,-1.037447E+02,+5.931385E-01
+2.961426E+02,+5.607534E-06,+1.085649E-06,-1.048647E+02,+1.912395E-01
+2.963867E+02,-7.388689E-06,-6.739614E-06,-9.999934E+01,-2.402104E+00
+2.966309E+02,+4.879029E-06,+3.787264E-06,-1.041852E+02,+6.600801E-01
+2.968750E+02,-6.481865E-06,-1.423557E-06,-1.035614E+02,-2.925403E+00
+2.971191E+02,+1.073738E-05,-1.507528E-06,-9.929726E+01,-1.394883E-01
+2.973633E+02,-1.274602E-05,+4.998774E-06,-9.727118E+01,+2.767843E+00
+2.976074E+02,+8.044929E-06,-1.738094E-06,-1.016914E+02,-2.127780E-01
+2.978516E+02,-1.921181E-06,+1.923593E-06,-1.113129E+02,+2.355567E+00
+2.980957E+02,-7.176735E-07,-4.603773E-06,-1.066334E+02,-1.725440E+00
+2.983398E+02,+3.521935E-06,+5.181446E-06,-1.040614E+02,+9.738109E-01
+2.985840E+02,-6.661766E-06,-5.901333E-06,-1.010125E+02,-2.416650E+00
+2.988281E+02,+5.951133E-06,+4.145477E-06,-1.027901E+02,+6.084311E-01
+2.990723E+02,+1.077960E-06,-5.967034E-06,-1.043454E+02,-1.392071E+00
+2.993164E+02,-6.167541E-06,+7.201280E-06,-1.004626E+02,+2.279023E+00
+2.995605E+02,+5.019228E-06,-2.973676E-06,-1.046807E+02,-5.348546E-01
+2.998047E+02,-1.056677E-06,+4.469692E-06,-1.067583E+02,+1.802944E+00
+3.000488E+02,-1.188393E-06,-6.264934E-06,-1.039081E+02,-1.758259E+00
+3.002930E+02,-4.390248E-07,+3.858208E-06,-1.082164E+02,+1.684099E+00
+3.005371E+02,+4.659483E-06,-1.408831E-06,-1.062533E+02,-2.936186E-01
+3.007812E+02,-7.385933E-06,-4.146417E-06,-1.014421E+02,-2.630044E+00
+3.010254E+02,+5.973093E-06,+5.773462E-06,-1.016108E+02,+7.684050E-01
+3.012695E+02,+1.751064E-06,-2.834940E-06,-1.095456E+02,-1.017484E+00
+3.015137E+02,-6.677806E-06,+9.744261E-07,-1.034158E+02,+2.996695E+00
+3.017578E+02,+5.730984E-06,+8.753728E-07,-1.047353E+02,+1.515724E-01
+3.020020E+02,+1.320975E-07,-3.883733E-06,-1.082100E+02,-1.536796E+00
+3.022461E+02,-3.917896E-06,+2.672007E-06,-1.064802E+02,+2.543049E+00
+3.024902E+02,+2.336566E-06,-6.616860E-07,-1.122934E+02,-2.759620E-01
+3.027344E+02,+2.635329E-07,+1.684755E-06,-1.153643E+02,+1.415632E+00
+3.029785E+02,-5.838211E-06,-3.181858E-06,-1.035449E+02,-2.642592E+00
+3.032227E+02,+1.041887E-05,+3.581284E-07,-9.963846E+01,+3.435953E-02
+3.034668E+02,-5.664192E-06,+6.281932E-06,-1.014542E+02,+2.304530E+00
+3.037109E+02,-1.523793E-06,-9.339564E-06,-1.004794E+02,-1.732526E+00
+3.039551E+02,+5.500762E-06,+5.882514E-06,-1.018801E+02,+8.189217E-01
+3.041992E+02,-9.422390E-06,-9.138603E-07,-1.004761E+02,-3.044907E+00
+3.044434E+02,+8.715326E-06,-3.769580E-06,-1.004495E+02,-4.082254E-01
+3.046875E+02,-3.319404E-06,+3.397748E-06,-1.064660E+02,+2.344532E+00
+3.049316E+02,-1.311481E-06,-2.487986E-06,-1.110182E+02,-2.055908E+00
+3.051758E+02,+4.335420E-06,+3.995408E-06,-1.045893E+02,+7.446072E-01
+3.054199E+02,-4.737373E-06,-9.477049E-06,-9.949786E+01,-2.034347E+00
+3.056641E+02,+3.694032E-06,+8.766225E-06,-1.004339E+02,+1.171984E+00
+3.059082E+02,-5.049418E-06,+4.041786E-06,-1.037849E+02,+2.466580E+00
+3.061523E+02,+7.962552E-06,-1.190811E-05,-9.687812E+01,-9.814105E-01
+3.063965E+02,-5.079611E-06,+8.812316E-06,-9.985230E+01,+2.093699E+00
+3.066406E+02,+9.326893E-07,-3.700945E-06,-1.083663E+02,-1.323923E+00
+3.068848E+02,-3.005238E-06,+4.265618E-06,-1.056500E+02,+2.184553E+00
+3.071289E+02,+5.272244E-06,-7.524804E-06,-1.007356E+02,-9.596352E-01
+3.073730E+02,-3.109164E-06,+3.244083E-06,-1.069484E+02,+2.334961E+00
+3.076172E+02,-6.058730E-06,+3.277970E-06,-1.032373E+02,+2.645660E+00
+3.078613E+02,+1.102707E-05,-5.591066E-06,-9.815717E+01,-4.692565E-01
+3.081055E+02,-5.023880E-06,+5.026348E-06,-1.029668E+02,+2.355949E+00
+3.083496E+02,+2.563630E-07,-4.253895E-06,-1.074085E+02,-1.510604E+00
+3.085938E+02,-8.086935E-07,+2.960232E-06,-1.102609E+02,+1.837475E+00
+3.088379E+02,+6.012027E-06,-1.787832E-07,-1.044157E+02,-2.972883E-02
+3.090820E+02,-4.748910E-06,-3.216229E-06,-1.048285E+02,-2.546295E+00
+3.093262E+02,-5.437421E-06,+1.004074E-06,-1.051465E+02,+2.958990E+00
+3.095703E+02,+4.727549E-06,+1.901518E-07,-1.065003E+02,+4.020039E-02
+3.098145E+02,+2.310644E-07,+3.489018E-07,-1.275666E+02,+9.858492E-01
+3.100586E+02,+1.709267E-07,-6.585120E-07,-1.233456E+02,-1.316836E+00
+3.103027E+02,-4.182258E-07,+2.284126E-06,-1.126824E+02,+1.751891E+00
+3.105469E+02,+4.208397E-07,-2.666088E-06,-1.113756E+02,-1.414239E+00
+3.107910E+02,-1.842780E-06,+3.080199E-06,-1.088997E+02,+2.109940E+00
+3.110352E+02,+1.699499E-06,-2.561171E-06,-1.102467E+02,-9.849453E-01
+3.112793E+02,-6.613118E-07,-1.031968E-06,-1.182325E+02,-2.140695E+00
+3.115234E+02,+8.892712E-07,+8.620356E-07,-1.181420E+02,+7.698478E-01
+3.117676E+02,-1.351668E-07,+2.783289E-07,-1.301892E+02,+2.022888E+00
+3.120117E+02,-2.375621E-06,+6.109206E-07,-1.122063E+02,+2.889884E+00
+3.122559E+02,+6.614307E-06,+1.628326E-06,-1.033348E+02,+2.413824E-01
+3.125000E+02,-1.494995E-05,-2.328746E-06,-9.640308E+01,-2.987065E+00
+3.127441E+02,+1.098540E-05,+2.297015E-06,-9.899784E+01,+2.061273E-01
+3.129883E+02,-2.103618E-06,-7.727306E-07,-1.129910E+02,-2.789560E+00
+3.132324E+02,+1.096872E-07,-4.533259E-06,-1.068692E+02,-1.546605E+00
+3.134766E+02,+4.778957E-06,+7.427745E-06,-1.010785E+02,+9.990799E-01
+3.137207E+02,-1.491416E-05,-5.431217E-06,-9.598720E+01,-2.792355E+00
+3.139648E+02,+1.634691E-05,+9.816655E-07,-9.571565E+01,+5.998003E-02
+3.142090E+02,-4.544388E-06,-9.356585E-07,-1.066702E+02,-2.938537E+00
+3.144531E+02,-2.788852E-06,+2.973636E-06,-1.077936E+02,+2.324139E+00
+3.146973E+02,-7.438072E-07,-3.552340E-06,-1.088034E+02,-1.777200E+00
+3.149414E+02,+1.361796E-06,+5.479382E-06,-1.049651E+02,+1.327201E+00
+3.151855E+02,-1.735922E-06,-8.219971E-06,-1.015131E+02,-1.778922E+00
+3.154297E+02,+4.437576E-06,+8.875455E-06,-1.000671E+02,+1.107162E+00
+3.156738E+02,-5.149064E-06,-7.964304E-06,-1.004603E+02,-2.144720E+00
+3.159180E+02,+3.398634E-07,+7.014669E-06,-1.030697E+02,+1.522384E+00
+3.161621E+02,+6.359155E-07,-9.498577E-07,-1.188385E+02,-9.808451E-01
+3.164062E+02,+6.039824E-06,-6.528036E-06,-1.010185E+02,-8.242247E-01
+3.166504E+02,-6.022852E-06,+7.086275E-06,-1.006303E+02,+2.275251E+00
+3.168945E+02,+8.332319E-07,-2.963420E-07,-1.210674E+02,-3.417026E-01
+3.171387E+02,-3.714236E-06,-3.619388E-06,-1.057032E+02,-2.369127E+00
+3.173828E+02,+4.565064E-06,+3.445475E-06,-1.048531E+02,+6.465331E-01
+3.176270E+02,-1.660442E-06,-4.663631E-06,-1.061072E+02,-1.912842E+00
+3.178711E+02,+1.753935E-06,+5.671669E-06,-1.045291E+02,+1.270880E+00
+3.181152E+02,+3.241882E-07,-2.620980E-06,-1.115648E+02,-1.447732E+00
+3.183594E+02,-7.429859E-06,-3.870013E-06,-1.015379E+02,-2.661386E+00
+3.186035E+02,+9.401227E-06,+8.416367E-06,-9.798007E+01,+7.301798E-01
+3.188477E+02,-4.918002E-06,-3.997144E-06,-1.039616E+02,-2.459121E+00
+3.190918E+02,+2.089917E-06,-2.409055E-06,-1.099262E+02,-8.562152E-01
+3.193359E+02,+1.519551E-06,+3.968564E-06,-1.074332E+02,+1.205120E+00
+3.195801E+02,-1.295338E-06,+1.335077E-06,-1.146088E+02,+2.341088E+00
+3.198242E+02,-2.090151E-06,-3.800857E-06,-1.072549E+02,-2.073575E+00
+3.200684E+02,-1.327004E-06,+4.401235E-07,-1.170893E+02,+2.821342E+00
+3.203125E+02,+1.725544E-06,+3.843368E-06,-1.075083E+02,+1.148802E+00
+3.205566E+02,+8.102595E-09,-1.437327E-06,-1.168488E+02,-1.565159E+00
+3.208008E+02,+5.900350E-06,-2.566365E-06,-1.038300E+02,-4.102692E-01
+3.210449E+02,-5.403604E-06,+3.600070E-06,-1.037511E+02,+2.553889E+00
+3.212891E+02,-4.390924E-06,-6.712367E-07,-1.070486E+02,-2.989898E+00
+3.215332E+02,+8.879802E-06,-4.090879E-06,-1.001960E+02,-4.317121E-01
+3.217773E+02,-8.013298E-06,+3.334700E-06,-1.012301E+02,+2.747246E+00
+3.220215E+02,+8.002255E-06,+1.465103E-06,-1.017926E+02,+1.810807E-01
+3.222656E+02,-7.331066E-06,-1.757231E-06,-1.024540E+02,-2.906335E+00
+3.225098E+02,+6.786370E-06,+3.514958E-06,-1.023351E+02,+4.778993E-01
+3.227539E+02,-6.038014E-06,-8.685037E-06,-9.951218E+01,-2.178307E+00
+3.229980E+02,+5.538165E-06,+5.782358E-06,-1.019310E+02,+8.069656E-01
+3.232422E+02,-4.866899E-06,-3.097098E-07,-1.062374E+02,-3.078042E+00
+3.234863E+02,+3.851768E-06,+1.132417E-06,-1.079268E+02,+2.859424E-01
+3.237305E+02,-3.651161E-06,-2.711687E-06,-1.068436E+02,-2.502785E+00
+3.239746E+02,+5.813922E-06,+2.726468E-06,-1.038473E+02,+4.385047E-01
+3.242188E+02,-5.393258E-06,-3.592593E-06,-1.037681E+02,-2.553964E+00
+3.244629E+02,-4.426783E-06,+5.937644E-06,-1.026081E+02,+2.211440E+00
+3.247070E+02,+1.274103E-05,-4.684704E-06,-9.734521E+01,-3.523435E-01
+3.249512E+02,-7.204637E-06,+4.325936E-06,-1.015107E+02,+2.600852E+00
+3.251953E+02,+6.708362E-07,-8.472627E-07,-1.193260E+02,-9.010946E-01
+3.254395E+02,+1.991059E-06,-1.360957E-06,-1.123534E+02,-5.995896E-01
+3.256836E+02,-3.203392E-06,-3.877145E-06,-1.059698E+02,-2.261324E+00
+3.259277E+02,+3.574661E-06,+5.248568E-06,-1.039442E+02,+9.728858E-01
+3.261719E+02,-1.272714E-06,-2.459521E-06,-1.111526E+02,-2.048317E+00
+3.264160E+02,-4.249878E-06,+3.761327E-06,-1.049202E+02,+2.417103E+00
+3.266602E+02,+6.233587E-06,-2.289544E-06,-1.035556E+02,-3.519956E-01
+3.269043E+02,-8.746418E-07,-2.986143E-06,-1.101403E+02,-1.855727E+00
+3.271484E+02,-4.795373E-07,-2.049704E-06,-1.135347E+02,-1.800617E+00
+3.273926E+02,+1.884895E-06,+9.527014E-06,-1.002541E+02,+1.375471E+00
+3.276367E+02,-4.650629E-06,-4.322417E-06,-1.039457E+02,-2.392756E+00
+3.278809E+02,+1.480664E-06,-7.523823E-07,-1.155934E+02,-4.701373E-01
+3.281250E+02,+3.069629E-06,+2.700699E-06,-1.077686E+02,+7.215495E-01
+3.283691E+02,-7.630979E-06,-2.673669E-06,-1.018455E+02,-2.804588E+00
+3.286133E+02,+1.018405E-05,-3.068522E-06,-9.946420E+01,-2.926551E-01
+3.288574E+02,-6.633827E-06,+5.577387E-06,-1.012427E+02,+2.442493E+00
+3.291016E+02,+6.393373E-06,-7.196126E-06,-1.003311E+02,-8.444012E-01
+3.293457E+02,-4.907930E-06,+6.013192E-06,-1.022007E+02,+2.255334E+00
+3.295898E+02,+1.859699E-07,+4.997285E-08,-1.343083E+02,+2.625135E-01
+3.298340E+02,-2.135723E-06,-2.531431E-06,-1.095982E+02,-2.271611E+00
+3.300781E+02,+9.058088E-06,+2.264836E-06,-1.005959E+02,+2.450112E-01
+3.303223E+02,-8.154387E-06,-9.609790E-07,-1.017123E+02,-3.024286E+00
+3.305664E+02,+3.936955E-06,-7.499087E-07,-1.079420E+02,-1.882246E-01
+3.308105E+02,-1.046097E-06,-2.468473E-06,-1.114341E+02,-1.971636E+00
+3.310547E+02,+1.635085E-06,+5.207961E-06,-1.052584E+02,+1.266583E+00
+3.312988E+02,-3.097850E-06,-3.610131E-06,-1.064532E+02,-2.279974E+00
+3.315430E+02,+2.758649E-06,+1.881315E-06,-1.095274E+02,+5.985223E-01
+3.317871E+02,-3.460472E-06,-2.633783E-06,-1.072327E+02,-2.491022E+00
+3.320312E+02,+3.318068E-06,+4.411556E-06,-1.051611E+02,+9.259328E-01
+3.322754E+02,-2.243682E-06,-4.929804E-06,-1.053258E+02,-1.997905E+00
+3.325195E+02,+1.158607E-06,+3.933054E-06,-1.077440E+02,+1.284318E+00
+3.327637E+02,+1.511322E-06,-3.675650E-06,-1.080149E+02,-1.180697E+00
+3.330078E+02,-3.477343E-06,+2.872850E-06,-1.069154E+02,+2.451102E+00
+3.332520E+02,-1.017210E-07,-1.750589E-06,-1.151217E+02,-1.628838E+00
+3.334961E+02,+6.452484E-06,+2.686337E-06,-1.031113E+02,+3.945009E-01
+3.337402E+02,-5.147627E-06,-4.677936E-06,-1.031532E+02,-2.403961E+00
+3.339844E+02,+1.492595E-06,+1.161623E-06,-1.144646E+02,+6.613420E-01
+3.342285E+02,+3.259848E-06,-1.642875E-06,-1.087531E+02,-4.668210E-01
+3.344727E+02,-5.256649E-06,+1.815583E-06,-1.050964E+02,+2.809032E+00
+3.347168E+02,+1.182506E-06,+2.908358E-06,-1.100626E+02,+1.184623E+00
+3.349609E+02,+8.206333E-07,-7.067340E-06,-1.029567E+02,-1.455198E+00
+3.352051E+02,+1.042506E-06,+7.822606E-06,-1.020565E+02,+1.438309E+00
+3.354492E+02,+1.118291E-06,-7.796245E-06,-1.020738E+02,-1.428328E+00
+3.356934E+02,-3.040768E-06,+3.715393E-06,-1.063732E+02,+2.256671E+00
+3.359375E+02,+1.608855E-06,+5.242407E-06,-1.052185E+02,+1.273028E+00
+3.361816E+02,-4.920998E-06,-7.945116E-06,-1.005878E+02,-2.125340E+00
+3.364258E+02,+6.004486E-06,+1.931356E-06,-1.040029E+02,+3.112009E-01
+3.366699E+02,-1.833955E-06,+9.943112E-07,-1.136131E+02,+2.644783E+00
+3.369141E+02,-4.460479E-07,+9.530284E-07,-1.195577E+02,+2.008544E+00
+3.371582E+02,+5.023157E-07,-5.946859E-06,-1.044834E+02,-1.486529E+00
+3.374023E+02,-4.998324E-06,+5.694263E-06,-1.024103E+02,+2.291200E+00
+3.376465E+02,+1.138057E-05,-4.610561E-06,-9.821671E+01,-3.849172E-01
+3.378906E+02,-1.096233E-05,+2.514625E-06,-9.897923E+01,+2.916106E+00
+3.381348E+02,+2.973943E-06,-4.736408E-08,-1.105322E+02,-1.592501E-02
+3.383789E+02,+4.015807E-06,+1.772303E-06,-1.071517E+02,+4.156219E-01
+3.386230E+02,-3.773353E-06,-2.711155E-07,-1.084431E+02,-3.069866E+00
+3.388672E+02,-8.081038E-08,-4.226977E-06,-1.074778E+02,-1.589912E+00
+3.391113E+02,-9.798206E-07,+1.005132E-06,-1.170546E+02,+2.343443E+00
+3.393555E+02,+2.822278E-06,+5.757223E-06,-1.038604E+02,+1.115007E+00
+3.395996E+02,-2.468886E-06,-5.149756E-06,-1.048658E+02,-2.017843E+00
+3.398438E+02,-1.242135E-06,+2.642122E-06,-1.106937E+02,+2.010262E+00
+3.400879E+02,+4.170473E-06,-7.676498E-06,-1.011735E+02,-1.073128E+00
+3.403320E+02,-7.443014E-06,+1.134945E-05,-9.734691E+01,+2.151241E+00
+3.405762E+02,+1.068682E-05,-9.735261E-06,-9.679887E+01,-7.388372E-01
+3.408203E+02,-9.324277E-06,+4.869436E-06,-9.956035E+01,+2.660318E+00
+3.410645E+02,+9.379438E-07,-3.086864E-06,-1.098261E+02,-1.275811E+00
+3.413086E+02,+2.992889E-06,+3.339545E-06,-1.069659E+02,+8.400864E-01
+3.415527E+02,-4.647845E-07,-2.971920E-06,-1.104343E+02,-1.725932E+00
+3.417969E+02,+3.227348E-06,+7.260858E-06,-1.019972E+02,+1.152537E+00
+3.420410E+02,-9.823398E-06,-5.782172E-06,-9.886282E+01,-2.609589E+00
+3.422852E+02,+7.470749E-06,+2.145811E-07,-1.025291E+02,+2.871495E-02
+3.425293E+02,-3.813316E-07,+4.328582E-07,-1.247784E+02,+2.292993E+00
+3.427734E+02,-1.839305E-06,-8.397507E-07,-1.138847E+02,-2.713298E+00
+3.430176E+02,-3.795959E-07,-4.828711E-07,-1.242336E+02,-2.237018E+00
+3.432617E+02,+3.188125E-06,+5.101336E-07,-1.098195E+02,+1.586655E-01
+3.435059E+02,-5.418583E-06,+8.796538E-07,-1.052093E+02,+2.980656E+00
+3.437500E+02,+7.054949E-06,+4.924625E-08,-1.030299E+02,+6.980271E-03
+3.439941E+02,-7.565999E-06,+1.713451E-06,-1.022055E+02,+2.918882E+00
+3.442383E+02,+3.936427E-06,-4.505394E-06,-1.044619E+02,-8.526950E-01
+3.444824E+02,-6.230985E-07,+3.578432E-07,-1.228709E+02,+2.620287E+00
+3.447266E+02,-5.009309E-06,+4.195363E-06,-1.036963E+02,+2.444393E+00
+3.449707E+02,+7.003404E-06,-1.327675E-06,-1.029405E+02,-1.873523E-01
+3.452148E+02,-1.651547E-06,+7.818364E-06,-1.019481E+02,+1.778975E+00
+3.454590E+02,+3.614441E-06,-1.754985E-05,-9.493412E+01,-1.367683E+00
+3.457031E+02,-1.150211E-05,+7.238572E-06,-9.733543E+01,+2.579889E+00
+3.459473E+02,+1.236429E-05,+1.169966E-05,-9.537965E+01,+7.577856E-01
+3.461914E+02,+7.424138E-07,-1.991720E-05,-9.400941E+01,-1.533539E+00
+3.464355E+02,-1.626173E-05,+1.899260E-05,-9.204007E+01,+2.278887E+00
+3.466797E+02,+1.753231E-05,-2.194199E-05,-9.103015E+01,-8.966470E-01
+3.469238E+02,-1.446695E-05,+1.729423E-05,-9.293809E+01,+2.267412E+00
+3.471680E+02,+5.109850E-06,-5.730013E-06,-1.022956E+02,-8.425471E-01
+3.474121E+02,-3.029606E-06,+5.926460E-06,-1.035358E+02,+2.043364E+00
+3.476562E+02,-9.882738E-07,-7.789273E-06,-1.021007E+02,-1.696998E+00
+3.479004E+02,+8.068792E-06,-5.999460E-06,-9.995254E+01,-6.393530E-01
+3.481445E+02,+6.972623E-06,+1.508424E-05,-9.558852E+01,+1.137806E+00
+3.483887E+02,-2.022207E-05,+2.558617E-06,-9.381451E+01,+3.015735E+00
+3.486328E+02,+6.406864E-06,-1.471001E-05,-9.589336E+01,-1.160029E+00
+3.488770E+02,+5.085907E-06,+7.938980E-06,-1.005113E+02,+1.001040E+00
+3.491211E+02,-1.272171E-06,+2.710932E-07,-1.177162E+02,+2.931638E+00
+3.493652E+02,-5.831119E-06,+1.346880E-06,-1.044592E+02,+2.914592E+00
+3.496094E+02,+8.088161E-06,-3.722615E-06,-1.010086E+02,-4.313491E-01
+3.498535E+02,-1.063444E-05,+5.943310E-06,-9.828525E+01,+2.631962E+00
+3.500977E+02,+9.952069E-06,-1.743749E-06,-9.991042E+01,-1.734540E-01
+3.503418E+02,-3.813933E-06,-2.432594E-07,-1.083549E+02,-3.077897E+00
+3.505859E+02,-3.145532E-06,-2.733884E-06,-1.076024E+02,-2.426095E+00
+3.508301E+02,+1.195114E-05,+4.334246E-07,-9.844611E+01,+3.625051E-02
+3.510742E+02,-9.507606E-06,+4.024878E-06,-9.972266E+01,+2.741135E+00
+3.513184E+02,+7.575596E-07,-2.851141E-06,-1.106034E+02,-1.311093E+00
+3.515625E+02,-1.683111E-06,+3.546286E-06,-1.081223E+02,+2.013928E+00
+3.518066E+02,+4.812095E-06,-4.476670E-06,-1.036455E+02,-7.493031E-01
+3.520508E+02,-2.098256E-06,-1.125574E-07,-1.135503E+02,-3.088001E+00
+3.522949E+02,-1.879552E-06,+1.086677E-05,-9.914997E+01,+1.742065E+00
+3.525391E+02,+2.832210E-06,-1.017831E-05,-9.952260E+01,-1.299402E+00
+3.527832E+02,+1.019126E-06,+4.514915E-06,-1.066912E+02,+1.348793E+00
+3.530273E+02,+6.365050E-07,-2.320136E-06,-1.123746E+02,-1.303044E+00
+3.532715E+02,-4.740587E-06,-4.735197E-06,-1.034780E+02,-2.356763E+00
+3.535156E+02,+2.604235E-06,+1.126229E-05,-9.874124E+01,+1.343555E+00
+3.537598E+02,+2.626222E-07,-6.839472E-06,-1.032932E+02,-1.532417E+00
+3.540039E+02,+3.418499E-06,-3.603202E-06,-1.060785E+02,-8.116967E-01
+3.542480E+02,-5.200087E-06,+2.125487E-06,-1.050088E+02,+2.753574E+00
+3.544922E+02,+7.704839E-07,+7.211401E-06,-1.027903E+02,+1.464358E+00
+3.547363E+02,+3.213268E-06,-6.095913E-06,-1.032344E+02,-1.085690E+00
+3.549805E+02,-6.295182E-06,-1.140918E-06,-1.038795E+02,-2.962302E+00
+3.552246E+02,+8.684642E-06,+1.150805E-05,-9.682233E+01,+9.243206E-01
+3.554688E+02,-2.867535E-07,-5.824294E-06,-1.046846E+02,-1.619991E+00
+3.557129E+02,-5.386646E-06,-8.560618E-06,-9.990124E+01,-2.132436E+00
+3.559570E+02,+3.343665E-06,+1.047610E-05,-9.917470E+01,+1.261846E+00
+3.562012E+02,-7.774504E-09,-6.283438E-06,-1.040360E+02,-1.572034E+00
+3.564453E+02,-8.895631E-07,+2.618349E-06,-1.111650E+02,+1.898304E+00
+3.566895E+02,-1.726288E-07,-5.061973E-07,-1.254358E+02,-1.899458E+00
+3.569336E+02,+1.920781E-06,-8.969003E-07,-1.134738E+02,-4.368563E-01
+3.571777E+02,+4.980695E-07,-7.824786E-07,-1.206533E+02,-1.003950E+00
+3.574219E+02,-1.527886E-06,+6.489996E-06,-1.035208E+02,+1.802008E+00
+3.576660E+02,-5.707818E-08,-1.057626E-05,-9.951324E+01,-1.576193E+00
+3.579102E+02,+2.988121E-06,+8.826272E-06,-1.006132E+02,+1.244359E+00
+3.581543E+02,-2.575595E-06,-2.460864E-06,-1.089655E+02,-2.378971E+00
+3.583984E+02,-1.020795E-06,+2.799494E-06,-1.105163E+02,+1.920449E+00
+3.586426E+02,+2.198155E-06,-3.895164E-06,-1.069888E+02,-1.057018E+00
+3.588867E+02,+2.079821E-06,-5.696740E-06,-1.043441E+02,-1.220742E+00
+3.591309E+02,-1.046521E-06,+9.015557E-06,-1.008420E+02,+1.686358E+00
+3.593750E+02,-4.854213E-06,+3.005111E-07,-1.062610E+02,+3.079764E+00
+3.596191E+02,+8.354746E-06,-2.239045E-06,-1.012601E+02,-2.618437E-01
+3.598633E+02,-6.664347E-06,-4.969848E-06,-1.016044E+02,-2.500826E+00
+3.601074E+02,+5.185505E-06,+1.145711E-06,-1.054972E+02,+2.174515E-01
+3.603516E+02,+1.584671E-06,+5.743563E-06,-1.044978E+02,+1.301590E+00
+3.605957E+02,-4.096000E-06,+4.093095E-07,-1.077096E+02,+3.041994E+00
+3.608398E+02,+4.026646E-06,-6.128521E-06,-1.026944E+02,-9.894922E-01
+3.610840E+02,-1.041376E-05,+7.553190E-07,-9.962506E+01,+3.069189E+00
+3.613281E+02,+8.965219E-06,+9.800842E-07,-1.008972E+02,+1.088883E-01
+3.615723E+02,+3.301919E-06,+2.132008E-06,-1.081112E+02,+5.733376E-01
+3.618164E+02,-5.319430E-06,-6.170703E-06,-1.017800E+02,-2.282242E+00
+3.620605E+02,+4.488236E-06,+7.082454E-07,-1.068517E+02,+1.565098E-01
+3.623047E+02,-4.881087E-06,+5.379543E-06,-1.027766E+02,+2.307653E+00
+3.625488E+02,+3.942236E-06,-1.620140E-06,-1.074074E+02,-3.899272E-01
+3.627930E+02,-1.859332E-06,-3.052520E-06,-1.089364E+02,-2.117890E+00
+3.630371E+02,-2.582351E-06,+1.188076E-06,-1.109259E+02,+2.710392E+00
+3.632812E+02,+6.642357E-06,-1.040074E-07,-1.035525E+02,-1.565692E-02
+3.635254E+02,-7.880731E-07,-2.744642E-06,-1.108862E+02,-1.850406E+00
+3.637695E+02,-1.515099E-06,+3.603091E-06,-1.081594E+02,+1.968849E+00
+3.640137E+02,-6.021290E-06,-1.457950E-06,-1.041588E+02,-2.904032E+00
+3.642578E+02,+5.441974E-06,-5.559939E-06,-1.021804E+02,-7.961200E-01
+3.645020E+02,-5.356739E-06,+5.146342E-06,-1.025822E+02,+2.376224E+00
+3.647461E+02,+2.405735E-06,-5.274386E-07,-1.121712E+02,-2.158273E-01
+3.649902E+02,+6.371130E-06,-1.411450E-06,-1.037076E+02,-2.180172E-01
+3.652344E+02,-8.669369E-06,-1.305858E-07,-1.012393E+02,-3.126531E+00
+3.654785E+02,+2.044565E-06,+3.586468E-06,-1.076845E+02,+1.052669E+00
+3.657227E+02,+2.901204E-06,-2.881949E-06,-1.077670E+02,-7.820687E-01
+3.659668E+02,-4.260160E-06,-2.096249E-06,-1.064698E+02,-2.684318E+00
+3.662109E+02,+1.366969E-06,-3.059930E-07,-1.170725E+02,-2.202174E-01
+3.664551E+02,+2.164362E-06,+3.926733E-06,-1.069672E+02,+1.067043E+00
+3.666992E+02,-4.404295E-06,+1.895996E-06,-1.063841E+02,+2.735083E+00
+3.669434E+02,+2.632064E-06,-6.681805E-06,-1.028757E+02,-1.195546E+00
+3.671875E+02,+3.338095E-06,+5.301345E-06,-1.040619E+02,+1.008846E+00
+3.674316E+02,-7.425512E-06,-2.444028E-06,-1.021388E+02,-2.823622E+00
+3.676758E+02,+1.420540E-06,+3.534176E-06,-1.083838E+02,+1.188615E+00
+3.679199E+02,+5.831955E-06,-3.439689E-06,-1.033873E+02,-5.328860E-01
+3.681641E+02,-2.041238E-07,+5.558463E-07,-1.245515E+02,+1.922738E+00
+3.684082E+02,-5.979155E-06,-5.771202E-06,-1.016079E+02,-2.373890E+00
+3.686523E+02,+5.154548E-06,+1.128045E-05,-9.812993E+01,+1.142182E+00
+3.688965E+02,-2.578749E-06,-7.755443E-06,-1.017524E+02,-1.891804E+00
+3.691406E+02,-1.470959E-06,-1.623214E-06,-1.131889E+02,-2.307027E+00
+3.693848E+02,+7.712581E-06,+1.013958E-05,-9.789695E+01,+9.205195E-01
+3.696289E+02,-6.158072E-06,-8.809205E-06,-9.937328E+01,-2.180884E+00
+3.698730E+02,+3.827075E-06,+1.869797E-06,-1.074130E+02,+4.544625E-01
+3.701172E+02,-5.641589E-06,+5.999148E-06,-1.016866E+02,+2.325488E+00
+3.703613E+02,+3.989985E-06,-9.957184E-06,-9.939055E+01,-1.189674E+00
+3.706055E+02,+8.694019E-07,+3.920987E-07,-1.204115E+02,+4.236837E-01
+3.708496E+02,-4.630621E-06,+4.872647E-06,-1.034500E+02,+2.330732E+00
+3.710938E+02,+5.744186E-06,-9.584417E-06,-9.903588E+01,-1.030873E+00
+3.713379E+02,-3.209353E-06,+1.266899E-05,-9.767503E+01,+1.818900E+00
+3.715820E+02,-4.710863E-06,-7.786449E-06,-1.008186E+02,-2.114890E+00
+3.718262E+02,+6.576579E-06,+1.322120E-06,-1.034679E+02,+1.983902E-01
+3.720703E+02,+3.241616E-06,-1.282261E-06,-1.091534E+02,-3.766749E-01
+3.723145E+02,-4.974293E-06,+1.949940E-06,-1.054446E+02,+2.767999E+00
+3.725586E+02,+3.607458E-07,-2.237176E-06,-1.128945E+02,-1.410922E+00
+3.728027E+02,-3.140603E-06,+4.983298E-07,-1.099517E+02,+2.984231E+00
+3.730469E+02,+4.134609E-06,+2.703065E-06,-1.061258E+02,+5.790178E-01
+3.732910E+02,+1.687135E-06,-8.593452E-06,-1.011524E+02,-1.376934E+00
+3.735352E+02,-7.359879E-06,+8.696471E-06,-9.886737E+01,+2.273142E+00
+3.737793E+02,+7.423320E-06,-7.111609E-06,-9.976005E+01,-7.639558E-01
+3.740234E+02,-7.020625E-06,+8.581447E-06,-9.910340E+01,+2.256487E+00
+3.742676E+02,+1.763879E-06,-1.102173E-05,-9.904517E+01,-1.412106E+00
+3.745117E+02,+1.301681E-06,+2.207300E-06,-1.118266E+02,+1.037973E+00
+3.747559E+02,+8.099641E-06,+2.503009E-06,-1.014346E+02,+2.997178E-01
+3.750000E+02,-1.189130E-05,-7.932267E-06,-9.689681E+01,-2.553315E+00
+3.752441E+02,+4.782600E-06,+5.590657E-06,-1.026657E+02,+8.631393E-01
+3.754883E+02,+4.895147E-07,-5.716721E-06,-1.048253E+02,-1.485376E+00
+3.757324E+02,-8.361748E-06,-9.576478E-07,-1.014975E+02,-3.027562E+00
+3.759766E+02,-7.648840E-07,-2.273346E-06,-1.124009E+02,-1.895356E+00
+3.762207E+02,-2.108598E-06,+5.445336E-06,-1.046727E+02,+1.940246E+00
+3.764648E+02,-8.301428E-07,+1.466396E-06,-1.154677E+02,+2.085925E+00
+3.767090E+02,-7.747720E-06,-5.420516E-06,-1.004862E+02,-2.531117E+00
+3.769531E+02,+4.734118E-06,+5.737260E-06,-1.025706E+02,+8.809052E-01
+3.771973E+02,-6.216374E-06,+4.902799E-06,-1.020287E+02,+2.473785E+00
+3.774414E+02,+4.326368E-06,-6.874880E-07,-1.071692E+02,-1.575889E-01
+3.776855E+02,-4.554236E-06,+4.538182E-06,-1.038367E+02,+2.357960E+00
+3.779297E+02,+1.672012E-06,+2.098011E-06,-1.114283E+02,+8.979172E-01
+3.781738E+02,+7.999530E-06,-6.309398E-06,-9.983799E+01,-6.678256E-01
+3.784180E+02,-8.500819E-06,+5.737617E-06,-9.978049E+01,+2.547878E+00
+3.786621E+02,+4.735793E-06,+2.521745E-06,-1.054081E+02,+4.892976E-01
+3.789062E+02,+1.227489E-06,+4.087506E-06,-1.073958E+02,+1.279062E+00
+3.791504E+02,+2.991169E-06,-4.209503E-06,-1.057403E+02,-9.530080E-01
+3.793945E+02,-7.778273E-06,-2.845456E-06,-1.016369E+02,-2.790894E+00
+3.796387E+02,+6.731817E-06,+3.126075E-06,-1.025893E+02,+4.347422E-01
+3.798828E+02,-5.522055E-06,-3.054657E-06,-1.039986E+02,-2.636316E+00
+3.801270E+02,+5.479249E-06,+1.357414E-05,-9.669020E+01,+1.187144E+00
+3.803711E+02,+1.928493E-07,-1.551274E-05,-9.618556E+01,-1.558365E+00
+3.806152E+02,-4.511556E-06,+5.736879E-06,-1.027355E+02,+2.237197E+00
+3.808594E+02,+9.832659E-06,-7.951535E-07,-1.001183E+02,-8.069302E-02
+3.811035E+02,-1.535402E-05,+2.716750E-06,-9.614167E+01,+2.966465E+00
+3.813477E+02,+1.267508E-05,+3.976925E-06,-9.753320E+01,+3.040318E-01
+3.815918E+02,-5.380738E-06,-3.600730E-06,-1.037760E+02,-2.551846E+00
+3.818359E+02,+2.577432E-06,+3.785736E-06,-1.067830E+02,+9.730542E-01
+3.820801E+02,+3.259378E-06,-5.504574E-06,-1.038802E+02,-1.036190E+00
+3.823242E+02,-5.481184E-06,+8.463382E-07,-1.051202E+02,+2.988394E+00
+3.825684E+02,+1.681427E-06,+4.185641E-06,-1.069150E+02,+1.188814E+00
+3.828125E+02,-1.133933E-06,+1.045404E-06,-1.162366E+02,+2.396794E+00
+3.830566E+02,+2.713371E-06,+2.240900E-06,-1.090714E+02,+6.903192E-01
+3.833008E+02,-1.483298E-06,-3.487021E-06,-1.084286E+02,-1.972986E+00
+3.835449E+02,+2.059851E-06,-4.071823E-06,-1.068146E+02,-1.102456E+00
+3.837891E+02,-4.525282E-06,+1.886985E-06,-1.061909E+02,+2.746528E+00
+3.840332E+02,+6.428826E-06,+8.731565E-06,-9.929704E+01,+9.361378E-01
+3.842773E+02,-3.066791E-07,-1.120942E-06,-1.186948E+02,-1.837852E+00
+3.845215E+02,-6.967738E-07,-2.651440E-06,-1.112403E+02,-1.827777E+00
+3.847656E+02,-3.636918E-06,-5.358824E-06,-1.037733E+02,-2.167069E+00
+3.850098E+02,+1.182309E-06,+9.515164E-06,-1.003651E+02,+1.447175E+00
+3.852539E+02,+9.570192E-06,+3.459948E-06,-9.984809E+01,+3.469127E-01
+3.854980E+02,-8.672098E-06,-3.494176E-06,-1.005842E+02,-2.758570E+00
+3.857422E+02,+7.485398E-06,-5.091024E-07,-1.024957E+02,-6.790816E-02
+3.859863E+02,-4.718353E-06,-4.390633E-06,-1.038153E+02,-2.392157E+00
+3.862305E+02,+6.263587E-06,+2.210598E-06,-1.035537E+02,+3.392812E-01
+3.864746E+02,-5.829912E-06,+3.036631E-06,-1.036443E+02,+2.661388E+00
+3.867188E+02,+3.105562E-06,-3.548023E-06,-1.065300E+02,-8.518001E-01
+3.869629E+02,-3.025561E-08,+7.438005E-06,-1.025708E+02,+1.574864E+00
+3.872070E+02,-2.762193E-06,-3.476948E-07,-1.111066E+02,-3.016375E+00
+3.874512E+02,+6.987445E-06,-1.549827E-06,-1.029051E+02,-2.182682E-01
+3.876953E+02,+5.584743E-06,+2.219689E-06,-1.044230E+02,+3.783112E-01
+3.879395E+02,-5.892517E-06,-3.105665E-06,-1.035294E+02,-2.656538E+00
+3.881836E+02,-9.393148E-07,-6.685077E-07,-1.187640E+02,-2.523059E+00
+3.884277E+02,+5.343836E-06,+4.584134E-06,-1.030477E+02,+7.090256E-01
+3.886719E+02,+2.194229E-07,-1.180327E-05,-9.855846E+01,-1.552208E+00
+3.889160E+02,-7.430883E-07,+1.096707E-05,-9.917830E+01,+1.638449E+00
+3.891602E+02,+5.364518E-06,+6.989756E-07,-1.053363E+02,+1.295661E-01
+3.894043E+02,+1.904895E-06,-8.535228E-06,-1.011646E+02,-1.351215E+00
+3.896484E+02,-1.173549E-05,+2.654395E-06,-9.839329E+01,+2.919150E+00
+3.898926E+02,+1.127346E-06,+5.029478E-06,-1.057566E+02,+1.350293E+00
+3.901367E+02,+1.168376E-05,+8.230816E-06,-9.689824E+01,+6.137171E-01
+3.903809E+02,+5.975250E-06,-6.532467E-06,-1.010581E+02,-8.299186E-01
+3.906250E+02,+6.605161E-06,-8.763455E-06,-9.919279E+01,-9.249209E-01
+3.908691E+02,-8.145586E-06,-4.122948E-06,-1.007910E+02,-2.673031E+00
+3.911133E+02,-1.031483E-05,-1.556947E-06,-9.963292E+01,-2.991781E+00
+3.913574E+02,+2.091808E-05,+1.682801E-05,-9.142216E+01,+6.774617E-01
+3.916016E+02,-2.353467E-05,-3.816311E-05,-8.696738E+01,-2.123395E+00
+3.918457E+02,+5.535577E-06,+4.219421E-05,-8.742082E+01,+1.440349E+00
+3.920898E+02,+1.038143E-05,-1.263381E-05,-9.572860E+01,-8.829525E-01
+3.923340E+02,-6.386570E-06,+2.534312E-06,-1.032596E+02,+2.763831E+00
+3.925781E+02,+1.052795E-05,+7.020303E-07,-9.953385E+01,+6.658397E-02
+3.928223E+02,+2.057852E-06,+9.920915E-07,-1.128241E+02,+4.492257E-01
+3.930664E+02,+2.051026E-05,-7.200036E-06,-9.325587E+01,-3.376059E-01
+3.933105E+02,-1.060404E-05,-4.233277E-05,-8.720216E+01,-1.816238E+00
+3.935547E+02,-5.528313E-05,+5.390215E-07,-8.514774E+01,+3.131843E+00
+3.937988E+02,-3.539071E-05,+7.454027E-05,-8.166932E+01,+2.014070E+00
+3.940430E+02,+7.388498E-05,+8.242510E-05,-7.911761E+01,+8.399796E-01
+3.942871E+02,+1.767694E-04,-6.821135E-05,-7.444903E+01,-3.682728E-01
+3.945312E+02,-1.729105E-04,-2.097333E-04,-7.131438E+01,-2.260257E+00
+3.947754E+02,+3.399430E-06,+1.844501E-04,-7.468095E+01,+1.552368E+00
+3.950195E+02,-1.884779E-05,-4.952473E-05,-8.551613E+01,-1.934444E+00
+3.952637E+02,-7.609685E-06,+4.800559E-05,-8.626639E+01,+1.728005E+00
+3.955078E+02,+3.258824E-05,+2.428829E-05,-8.782012E+01,+6.404918E-01
+3.957520E+02,+4.273861E-05,+9.074097E-06,-8.719211E+01,+2.092095E-01
+3.959961E+02,+2.359488E-05,-2.348297E-05,-8.955395E+01,-7.830209E-01
+3.962402E+02,+1.912330E-05,-2.403762E-05,-9.025254E+01,-8.987702E-01
+3.964844E+02,-4.949849E-06,+2.762868E-05,-9.103560E+01,+1.748072E+00
+3.967285E+02,+6.125310E-05,+9.961300E-06,-8.414407E+01,+1.612139E-01
+3.969727E+02,+1.050347E-04,-2.208542E-05,-7.938546E+01,-2.072487E-01
+3.972168E+02,+9.042848E-05,-9.908634E-05,-7.744838E+01,-8.310508E-01
+3.974609E+02,+2.480547E-05,-1.985899E-04,-7.397363E+01,-1.446532E+00
+3.977051E+02,-3.837231E-05,-9.173567E-05,-8.004897E+01,-1.966972E+00
+3.979492E+02,+1.081487E-04,-2.281263E-04,-7.195603E+01,-1.128104E+00
+3.981934E+02,-1.574517E-03,-5.987408E-04,-5.547050E+01,-2.778210E+00
+3.984375E+02,+1.605264E-03,+1.343161E-03,-5.358431E+01,+6.967351E-01
+3.986816E+02,-4.930306E-04,-9.919881E-04,-5.911113E+01,-2.032051E+00
+3.989258E+02,-5.397387E-04,-6.479923E-05,-6.529418E+01,-3.022108E+00
+3.991699E+02,-3.686634E-04,+6.947653E-05,-6.851584E+01,+2.955322E+00
+3.994141E+02,-4.268970E-04,-1.037463E-03,-5.900123E+01,-1.961161E+00
+3.996582E+02,-1.692505E-03,+9.894628E-03,-3.996677E+01,+1.740210E+00
+3.999023E+02,+6.416026E-03,-9.840005E-03,-3.860149E+01,-9.929920E-01
+4.001465E+02,-3.280358E-03,+6.824445E-04,-4.949757E+01,+2.936479E+00
+4.003906E+02,-5.523674E-04,+7.904309E-04,-6.031568E+01,+2.180729E+00
+4.006348E+02,+1.224460E-04,+4.940210E-04,-6.586617E+01,+1.327837E+00
+4.008789E+02,+2.167950E-04,+7.538401E-05,-7.278331E+01,+3.346424E-01
+4.011230E+02,+1.489453E-04,-2.994287E-05,-7.636740E+01,-1.983883E-01
+4.013672E+02,+5.922970E-05,-1.089886E-04,-7.812856E+01,-1.072997E+00
+4.016113E+02,-8.979841E-05,-6.697948E-05,-7.901357E+01,-2.500729E+00
+4.018555E+02,-2.380355E-06,-4.044787E-06,-1.065706E+02,-2.102717E+00
+4.020996E+02,-4.081530E-05,-2.503858E-06,-8.776723E+01,-3.080323E+00
+4.023438E+02,-1.394384E-05,+3.113169E-05,-8.934192E+01,+1.991902E+00
+4.025879E+02,-8.658706E-05,+5.924295E-06,-8.123066E+01,+3.073279E+00
+4.028320E+02,+1.813078E-04,+1.742273E-04,-7.199093E+01,+7.654859E-01
+4.030762E+02,+5.896033E-05,-1.566815E-04,-7.552448E+01,-1.210880E+00
+4.033203E+02,-4.858902E-05,-5.117378E-05,-8.302802E+01,-2.330291E+00
+4.035645E+02,-2.488663E-05,-1.544744E-07,-9.208052E+01,-3.135386E+00
+4.038086E+02,-1.589509E-05,+3.625229E-06,-9.575452E+01,+2.917356E+00
+4.040527E+02,+6.642246E-06,+2.626787E-05,-9.134232E+01,+1.323122E+00
+4.042969E+02,+1.805298E-05,-2.706514E-05,-8.975337E+01,-9.825494E-01
+4.045410E+02,-1.011042E-05,-3.281570E-06,-9.946962E+01,-2.827747E+00
+4.047852E+02,-1.225844E-05,-1.857916E-05,-9.304996E+01,-2.154027E+00
+4.050293E+02,+2.148927E-06,+2.155959E-05,-9.328426E+01,+1.471451E+00
+4.052734E+02,+9.068464E-06,-9.716403E-06,-9.752898E+01,-8.198771E-01
+4.055176E+02,-5.962762E-07,+1.097758E-06,-1.180670E+02,+2.068385E+00
+4.057617E+02,-1.906025E-05,-4.181232E-05,-8.675396E+01,-1.998506E+00
+4.060059E+02,-1.049804E-05,+4.851769E-05,-8.608329E+01,+1.783887E+00
+4.062500E+02,+2.530093E-05,+2.821815E-06,-9.188358E+01,+1.110711E-01
+4.064941E+02,+6.071539E-07,-1.754856E-05,-9.510997E+01,-1.536212E+00
+4.067383E+02,+5.425835E-06,-4.621722E-06,-1.029414E+02,-7.055377E-01
+4.069824E+02,-6.154658E-06,-1.440916E-05,-9.609941E+01,-1.974474E+00
+4.072266E+02,-2.694327E-05,+2.661840E-06,-9.134881E+01,+3.043118E+00
+4.074707E+02,+1.572924E-05,+6.833669E-06,-9.531493E+01,+4.098530E-01
+4.077148E+02,-1.034506E-05,-1.065643E-06,-9.965950E+01,-3.038945E+00
+4.079590E+02,+6.240785E-06,+1.675276E-05,-9.495390E+01,+1.214199E+00
+4.082031E+02,+5.196620E-06,-1.676626E-05,-9.511292E+01,-1.270241E+00
+4.084473E+02,+2.866577E-06,+7.228646E-07,-1.105850E+02,+2.470199E-01
+4.086914E+02,-1.277383E-05,-7.005571E-07,-9.786053E+01,-3.086804E+00
+4.089355E+02,+1.299609E-05,-9.680239E-07,-9.769972E+01,-7.434849E-02
+4.091797E+02,-7.144554E-06,-2.005068E-06,-1.025912E+02,-2.867988E+00
+4.094238E+02,-1.973995E-06,-2.949219E-06,-1.089982E+02,-2.160639E+00
+4.096680E+02,-6.672492E-06,+3.281828E-06,-1.025733E+02,+2.684491E+00
+4.099121E+02,+1.214084E-05,+7.386010E-07,-9.829899E+01,+6.076121E-02
+4.101562E+02,-6.780427E-06,-8.031051E-06,-9.956748E+01,-2.271958E+00
+4.104004E+02,-1.709308E-07,+8.058418E-06,-1.018731E+02,+1.592005E+00
+4.106445E+02,-8.844872E-07,-8.770356E-06,-1.010957E+02,-1.671306E+00
+4.108887E+02,+2.965189E-06,+3.986742E-06,-1.060754E+02,+9.312991E-01
+4.111328E+02,-1.111240E-05,-7.300422E-06,-9.752563E+01,-2.560339E+00
+4.113770E+02,+4.534387E-06,+8.910909E-06,-1.000015E+02,+1.100087E+00
+4.116211E+02,-1.192732E-06,-3.459370E-06,-1.087322E+02,-1.902816E+00
+4.118652E+02,+5.486581E-07,-2.592885E-06,-1.115341E+02,-1.362271E+00
+4.121094E+02,-3.219088E-06,+4.767922E-06,-1.048023E+02,+2.164653E+00
+4.123535E+02,-1.604677E-06,+2.131661E-06,-1.114758E+02,+2.216076E+00
+4.125977E+02,-2.229636E-07,-4.392696E-06,-1.071342E+02,-1.621511E+00
+4.128418E+02,+5.469251E-06,-3.053115E-06,-1.040633E+02,-5.091419E-01
+4.130859E+02,-1.914892E-06,+3.968153E-06,-1.071191E+02,+2.020399E+00
+4.133301E+02,+5.667877E-07,-6.332556E-06,-1.039338E+02,-1.481530E+00
+4.135742E+02,-3.007755E-06,+1.314099E-05,-9.740569E+01,+1.795804E+00
+4.138184E+02,-3.789210E-06,-7.738126E-06,-1.012938E+02,-2.026154E+00
+4.140625E+02,+6.891582E-06,-5.476587E-06,-1.011077E+02,-6.714872E-01
+4.143066E+02,-8.763098E-06,+2.007373E-06,-1.009247E+02,+2.916407E+00
+4.145508E+02,+1.573157E-06,-2.830210E-06,-1.097943E+02,-1.063477E+00
+4.147949E+02,-9.167794E-07,+1.254324E-05,-9.800866E+01,+1.643756E+00
+4.150391E+02,-6.097634E-07,-1.189257E-05,-9.848309E+01,-1.622024E+00
+4.152832E+02,+3.961396E-06,+5.353837E-06,-1.035305E+02,+9.337795E-01
+4.155273E+02,-5.095346E-07,-3.148930E-06,-1.099245E+02,-1.731218E+00
+4.157715E+02,-1.284607E-05,+1.687735E-06,-9.775027E+01,+3.010959E+00
+4.160156E+02,+4.893924E-06,+8.904689E-06,-9.986136E+01,+1.068268E+00
+4.162598E+02,+3.766822E-06,-2.165885E-06,-1.072400E+02,-5.218268E-01
+4.165039E+02,+6.981880E-06,-1.297015E-05,-9.663597E+01,-1.076977E+00
+4.167480E+02,-1.372255E-05,+5.283287E-06,-9.665101E+01,+2.774077E+00
+4.169922E+02,+2.187550E-06,+1.749088E-06,-1.110542E+02,+6.744756E-01
+4.172363E+02,+1.343509E-06,+6.802292E-06,-1.031807E+02,+1.375798E+00
+4.174805E+02,+4.384666E-08,-1.974888E-06,-1.140870E+02,-1.548598E+00
+4.177246E+02,+2.836100E-06,-5.781169E-06,-1.038232E+02,-1.114717E+00
+4.179688E+02,-4.891617E-06,+4.448071E-06,-1.035939E+02,+2.403649E+00
+4.182129E+02,-3.305158E-07,-3.456637E-06,-1.091874E+02,-1.666124E+00
+4.184570E+02,-3.266886E-06,+4.694282E-06,-1.048534E+02,+2.178785E+00
+4.187012E+02,+8.964694E-06,+2.905718E-06,-1.005154E+02,+3.134440E-01
+4.189453E+02,-7.021851E-06,-4.164954E-06,-1.017618E+02,-2.606231E+00
+4.191895E+02,+1.110515E-06,-1.023336E-06,-1.164198E+02,-7.445657E-01
+4.194336E+02,-5.519851E-07,-1.149985E-06,-1.178857E+02,-2.018311E+00
+4.196777E+02,+3.508219E-06,+6.490688E-06,-1.026411E+02,+1.075276E+00
+4.199219E+02,-4.995907E-06,-2.505698E-06,-1.050532E+02,-2.676706E+00
+4.201660E+02,+2.114156E-06,+6.082702E-07,-1.131519E+02,+2.801466E-01
+4.204102E+02,-1.314992E-06,+6.704119E-06,-1.033092E+02,+1.764484E+00
+4.206543E+02,-1.321926E-06,-9.986415E-06,-9.993637E+01,-1.702404E+00
+4.208984E+02,+3.012755E-06,+3.868652E-06,-1.061901E+02,+9.091409E-01
+4.211426E+02,-1.682218E-06,+5.578690E-07,-1.150292E+02,+2.821379E+00
+4.213867E+02,-5.852847E-06,+6.051325E-07,-1.046065E+02,+3.038568E+00
+4.216309E+02,+8.946547E-06,-1.396641E-07,-1.009658E+02,-1.560968E-02
+4.218750E+02,-4.611773E-06,+4.832018E-06,-1.035050E+02,+2.332877E+00
+4.221191E+02,+5.429137E-07,-5.086258E-06,-1.058228E+02,-1.464458E+00
+4.223633E+02,+7.868062E-06,-4.750968E-06,-1.007326E+02,-5.432306E-01
+4.226074E+02,-1.490412E-05,+1.039440E-05,-9.481254E+01,+2.532602E+00
+4.228516E+02,+9.755645E-06,+4.223581E-07,-1.002067E+02,+4.326669E-02
+4.230957E+02,-3.567481E-06,-5.976829E-06,-1.031471E+02,-2.108922E+00
+4.233398E+02,+2.559864E-06,+4.431031E-06,-1.058192E+02,+1.046926E+00
+4.235840E+02,-1.069103E-06,-3.096884E-06,-1.096925E+02,-1.903205E+00
+4.238281E+02,+3.808467E-07,+5.667685E-06,-1.049123E+02,+1.503701E+00
+4.240723E+02,+8.967467E-07,-3.358158E-06,-1.091788E+02,-1.309850E+00
+4.243164E+02,+8.805370E-07,+4.475259E-06,-1.068187E+02,+1.376521E+00
+4.245605E+02,-5.485114E-06,-3.825466E-06,-1.034949E+02,-2.532596E+00
+4.248047E+02,+7.454266E-06,-5.312193E-07,-1.025299E+02,-7.114352E-02
+4.250488E+02,-5.523752E-06,+2.085449E-06,-1.045766E+02,+2.780595E+00
+4.252930E+02,+2.174450E-06,-2.034634E-06,-1.105218E+02,-7.521927E-01
+4.255371E+02,+1.654800E-07,-7.463251E-07,-1.223330E+02,-1.352600E+00
+4.257812E+02,+5.460668E-07,+6.410856E-07,-1.214924E+02,+8.652672E-01
+4.260254E+02,-3.841543E-06,+8.946764E-06,-1.002318E+02,+1.976369E+00
+4.262695E+02,+2.981777E-06,-5.965209E-06,-1.035189E+02,-1.107260E+00
+4.265137E+02,+3.154000E-06,+3.777649E-07,-1.099609E+02,+1.192054E-01
+4.267578E+02,-1.329362E-06,-1.379450E-06,-1.143532E+02,-2.337706E+00
+4.270020E+02,-3.366281E-07,+4.744645E-06,-1.064541E+02,+1.641627E+00
+4.272461E+02,-3.154921E-06,-3.962547E-06,-1.059082E+02,-2.243207E+00
+4.274902E+02,+3.360904E-06,+4.672690E-06,-1.047978E+02,+9.472573E-01
+4.277344E+02,-4.973514E-08,+1.087984E-06,-1.192585E+02,+1.616478E+00
+4.279785E+02,+2.035207E-07,-8.132599E-06,-1.017927E+02,-1.545776E+00
+4.282227E+02,+1.910749E-06,+9.356057E-06,-1.004007E+02,+1.369341E+00
+4.284668E+02,-5.521188E-06,-6.104697E-06,-1.016909E+02,-2.306046E+00
+4.287109E+02,+5.492184E-06,+2.336266E-06,-1.044828E+02,+4.021926E-01
+4.289551E+02,+3.657570E-06,+2.478982E-06,-1.070945E+02,+5.956485E-01
+4.291992E+02,-1.008959E-05,-1.612224E-06,-9.981303E+01,-2.983141E+00
+4.294434E+02,+9.628759E-06,-1.746305E-06,-1.001880E+02,-1.794133E-01
+4.296875E+02,-3.748202E-06,+7.220584E-06,-1.017923E+02,+2.049606E+00
+4.299316E+02,+4.426508E-06,-9.363641E-06,-9.969514E+01,-1.129199E+00
+4.301758E+02,-2.163435E-06,+2.976202E-06,-1.086844E+02,+2.199356E+00
+4.304199E+02,+4.414757E-06,+9.471959E-06,-9.961745E+01,+1.134645E+00
+4.306641E+02,-4.153633E-06,-1.331892E-05,-9.710754E+01,-1.873098E+00
+4.309082E+02,+7.533700E-07,+5.883511E-06,-1.045366E+02,+1.443442E+00
+4.311523E+02,+3.123848E-06,+1.637146E-06,-1.090523E+02,+4.827254E-01
+4.313965E+02,+2.905289E-07,-2.817756E-06,-1.109560E+02,-1.468053E+00
+4.316406E+02,-4.131477E-06,-2.599103E-06,-1.062298E+02,-2.580052E+00
+4.318848E+02,+3.922071E-06,-3.166488E-06,-1.059501E+02,-6.792072E-01
+4.321289E+02,-1.035894E-07,+1.359856E-05,-9.732990E+01,+1.578414E+00
+4.323730E+02,+2.353479E-06,-1.669955E-05,-9.546049E+01,-1.430788E+00
+4.326172E+02,+2.873099E-06,+1.356875E-05,-9.715873E+01,+1.362134E+00
+4.328613E+02,-4.359474E-06,-1.223370E-05,-9.772966E+01,-1.913117E+00
+4.331055E+02,-4.801604E-07,+7.089706E-06,-1.029676E+02,+1.638420E+00
+4.333496E+02,-1.016242E-06,-3.363441E-06,-1.090849E+02,-1.864219E+00
+4.335938E+02,+3.277473E-07,-1.371375E-07,-1.289886E+02,-3.962879E-01
+4.338379E+02,-2.332465E-06,+1.314826E-06,-1.114453E+02,+2.628287E+00
+4.340820E+02,+5.925167E-06,-6.493543E-07,-1.044941E+02,-1.091570E-01
+4.343262E+02,-2.561603E-06,-3.003446E-06,-1.080736E+02,-2.276965E+00
+4.345703E+02,+2.502389E-06,+1.218439E-06,-1.111089E+02,+4.531211E-01
+4.348145E+02,-6.368925E-06,+1.280514E-06,-1.037466E+02,+2.943182E+00
+4.350586E+02,+6.539330E-06,+1.922122E-06,-1.033295E+02,+2.858810E-01
+4.353027E+02,-7.552385E-06,-4.590754E-06,-1.010727E+02,-2.595417E+00
+4.355469E+02,+6.364512E-06,+1.756866E-07,-1.039214E+02,+2.759708E-02
+4.357910E+02,+1.166115E-06,+4.659846E-06,-1.063688E+02,+1.325585E+00
+4.360352E+02,-4.198685E-06,-7.964849E-06,-1.009115E+02,-2.055929E+00
+4.362793E+02,+3.202678E-06,+7.063910E-06,-1.022072E+02,+1.145130E+00
+4.365234E+02,-3.130110E-06,-3.408914E-06,-1.066922E+02,-2.313583E+00
+4.367676E+02,+2.409635E-06,-5.941830E-07,-1.121046E+02,-2.417632E-01
+4.370117E+02,+1.709573E-06,+8.245909E-07,-1.144339E+02,+4.494179E-01
+4.372559E+02,-2.200561E-06,+4.913668E-07,-1.129380E+02,+2.921905E+00
+4.375000E+02,+1.005221E-06,-3.299768E-06,-1.092449E+02,-1.275094E+00
+4.377441E+02,-6.339004E-06,+1.335923E-06,-1.037709E+02,+2.933886E+00
+4.379883E+02,+9.835515E-06,-1.809203E-06,-9.999954E+01,-1.819123E-01
+4.382324E+02,-5.191553E-06,+1.561304E-06,-1.053180E+02,+2.849458E+00
+4.384766E+02,+1.423853E-06,+2.213776E-06,-1.115938E+02,+9.992316E-01
+4.387207E+02,+2.570919E-07,+4.160953E-06,-1.075996E+02,+1.509088E+00
+4.389648E+02,-7.611878E-06,-9.898096E-06,-9.807117E+01,-2.226362E+00
+4.392090E+02,+6.095242E-06,+4.217188E-06,-1.026014E+02,+6.052568E-01
+4.394531E+02,+3.440093E-06,+2.164988E-06,-1.078195E+02,+5.617139E-01
+4.396973E+02,-3.831861E-06,-3.244460E-06,-1.059843E+02,-2.439014E+00
+4.399414E+02,-9.344293E-07,-4.256361E-06,-1.072148E+02,-1.786905E+00
+4.401855E+02,+2.625585E-06,+4.719165E-06,-1.053515E+02,+1.063078E+00
+4.404297E+02,-9.879283E-07,-4.454788E-06,-1.068150E+02,-1.789032E+00
+4.406738E+02,-1.079962E-06,+5.071199E-06,-1.057052E+02,+1.780622E+00
+4.409180E+02,+5.413408E-07,-4.077007E-07,-1.233793E+02,-6.455021E-01
+4.411621E+02,-2.054520E-06,-1.875529E-06,-1.111133E+02,-2.401707E+00
+4.414062E+02,+2.252244E-06,+1.727284E-06,-1.109387E+02,+6.542401E-01
+4.416504E+02,+2.803869E-06,-3.591083E-06,-1.068282E+02,-9.078811E-01
+4.418945E+02,-5.579899E-06,-1.199853E-06,-1.048712E+02,-2.929787E+00
+4.421387E+02,+1.300980E-06,+5.468735E-06,-1.050032E+02,+1.337243E+00
+4.423828E+02,+2.996064E-06,-4.299428E-06,-1.056128E+02,-9.621865E-01
+4.426270E+02,-4.628623E-06,+1.739734E-06,-1.061171E+02,+2.782064E+00
+4.428711E+02,+5.504507E-07,+1.004258E-06,-1.188222E+02,+1.069400E+00
+4.431152E+02,+1.351080E-06,-5.817240E-06,-1.044775E+02,-1.342588E+00
+4.433594E+02,-2.874378E-07,+5.384735E-06,-1.053644E+02,+1.624126E+00
+4.436035E+02,+2.179369E-06,-1.196060E-06,-1.120900E+02,-5.019293E-01
+4.438477E+02,-6.772877E-06,+4.666383E-06,-1.016975E+02,+2.538300E+00
+4.440918E+02,+7.440923E-06,-8.619993E-06,-9.887155E+01,-8.586791E-01
+4.443359E+02,-6.795994E-06,+3.440261E-07,-1.033438E+02,+3.091014E+00
+4.445801E+02,+4.575698E-06,+4.620100E-06,-1.037384E+02,+7.902267E-01
+4.448242E+02,-4.220710E-06,-6.664357E-08,-1.074912E+02,-3.125804E+00
+4.450684E+02,-7.346698E-07,-5.129663E-07,-1.209535E+02,-2.532058E+00
+4.453125E+02,+4.459993E-06,-1.916668E-06,-1.062773E+02,-4.058843E-01
+4.455566E+02,-2.436647E-06,+2.581511E-06,-1.089958E+02,+2.327335E+00
+4.458008E+02,+8.256607E-07,-5.881191E-06,-1.045259E+02,-1.431318E+00
+4.460449E+02,-5.355123E-07,+8.299290E-06,-1.016011E+02,+1.635232E+00
+4.462891E+02,+5.104370E-07,-5.489444E-06,-1.051720E+02,-1.478078E+00
+4.465332E+02,-1.620759E-06,+6.973436E-08,-1.157976E+02,+3.098593E+00
+4.467773E+02,-4.003945E-07,+5.582171E-06,-1.050416E+02,+1.642401E+00
+4.470215E+02,+3.832536E-06,-4.946478E-06,-1.040720E+02,-9.116106E-01
+4.472656E+02,-9.386735E-06,+3.915633E-07,-1.005422E+02,+3.099902E+00
+4.475098E+02,+5.410419E-06,-2.080533E-06,-1.047364E+02,-3.671099E-01
+4.477539E+02,+9.933320E-07,+6.035737E-06,-1.042693E+02,+1.407683E+00
+4.479980E+02,-2.445040E-06,-1.800464E-06,-1.103527E+02,-2.506869E+00
+4.482422E+02,+2.623711E-06,-6.528771E-07,-1.113608E+02,-2.438841E-01
+4.484863E+02,-3.314734E-06,-2.541504E-06,-1.075829E+02,-2.487470E+00
+4.487305E+02,+6.199246E-06,+5.026297E-06,-1.019590E+02,+6.812867E-01
+4.489746E+02,-9.003458E-06,-6.088759E-06,-9.927621E+01,-2.546972E+00
+4.492188E+02,+3.208963E-06,+8.529289E-06,-1.008068E+02,+1.210949E+00
+4.494629E+02,+5.943976E-06,-2.128284E-06,-1.039946E+02,-3.438347E-01
+4.497070E+02,-8.776526E-06,-2.230721E-06,-1.008617E+02,-2.892694E+00
+4.499512E+02,+3.536707E-06,+1.051610E-06,-1.086601E+02,+2.890162E-01
+4.501953E+02,+3.291249E-06,-3.504779E-06,-1.063609E+02,-8.168077E-01
+4.504395E+02,-1.388443E-06,+4.635796E-06,-1.063044E+02,+1.861799E+00
+4.506836E+02,+4.116723E-07,+3.326778E-06,-1.094935E+02,+1.447677E+00
+4.509277E+02,+7.715950E-07,-7.348288E-06,-1.026286E+02,-1.466176E+00
+4.511719E+02,-8.281756E-06,-1.724770E-07,-1.016357E+02,-3.120770E+00
+4.514160E+02,+7.920621E-06,+1.454511E-06,-1.018808E+02,+1.816126E-01
+4.516602E+02,-5.837118E-07,-3.618382E-06,-1.087181E+02,-1.730737E+00
+4.519043E+02,-3.138142E-06,+4.436712E-06,-1.052970E+02,+2.186413E+00
+4.521484E+02,-8.293910E-07,+9.947227E-07,-1.177537E+02,+2.265805E+00
+4.523926E+02,+1.530500E-06,+1.394658E-07,-1.162674E+02,+9.087338E-02
+4.526367E+02,-7.346862E-07,-1.390244E-07,-1.225252E+02,-2.954574E+00
+4.528809E+02,-2.738421E-06,-4.230099E-06,-1.059529E+02,-2.145318E+00
+4.531250E+02,+3.109874E-06,+1.013897E-05,-9.948963E+01,+1.273182E+00
+4.533691E+02,+1.176701E-06,-4.464778E-06,-1.067124E+02,-1.313104E+00
+4.536133E+02,-1.717402E-07,-3.555495E-06,-1.089719E+02,-1.619062E+00
+4.538574E+02,+2.653813E-06,+3.350654E-06,-1.073827E+02,+9.009352E-01
+4.541016E+02,-3.657046E-06,+4.588341E-07,-1.086696E+02,+3.016779E+00
+4.543457E+02,-1.113119E-06,-4.901629E-06,-1.059748E+02,-1.794101E+00
+4.545898E+02,-2.767214E-07,+6.498782E-06,-1.037355E+02,+1.613351E+00
+4.548340E+02,+1.335269E-06,+3.565890E-06,-1.083868E+02,+1.212503E+00
+4.550781E+02,-1.014812E-06,-7.181874E-06,-1.027894E+02,-1.711169E+00
+4.553223E+02,+4.106157E-06,-2.199782E-06,-1.066355E+02,-4.918196E-01
+4.555664E+02,-2.907242E-06,+4.869056E-06,-1.049269E+02,+2.109070E+00
+4.558105E+02,-3.187967E-06,+1.777639E-06,-1.087539E+02,+2.632926E+00
+4.560547E+02,+6.192724E-06,-3.630765E-06,-1.028792E+02,-5.302816E-01
+4.562988E+02,-3.730603E-06,+2.980765E-06,-1.064202E+02,+2.467459E+00
+4.565430E+02,-3.347743E-06,-1.598453E-06,-1.086130E+02,-2.696130E+00
+4.567871E+02,+1.013114E-05,+2.701251E-06,-9.958856E+01,+2.605667E-01
+4.570312E+02,-7.497697E-06,-2.220836E-06,-1.021362E+02,-2.853623E+00
+4.572754E+02,+1.797810E-06,-9.267605E-07,-1.138817E+02,-4.759659E-01
+4.575195E+02,+3.248536E-06,+2.830380E-06,-1.073133E+02,+7.167184E-01
+4.577637E+02,-3.660366E-06,+6.186693E-07,-1.086072E+02,+2.974157E+00
+4.580078E+02,+1.733205E-06,-4.082711E-06,-1.070614E+02,-1.169330E+00
+4.582520E+02,-9.107608E-08,+2.986588E-06,-1.104925E+02,+1.601282E+00
+4.584961E+02,-2.918901E-06,-1.227269E-06,-1.099886E+02,-2.743577E+00
+4.587402E+02,+1.005740E-05,+4.771318E-06,-9.906870E+01,+4.429656E-01
+4.589844E+02,-8.961224E-06,-7.096819E-06,-9.883829E+01,-2.471781E+00
+4.592285E+02,+2.882427E-06,+2.421876E-06,-1.084851E+02,+6.987895E-01
+4.594727E+02,-4.842112E-07,+4.032914E-07,-1.240110E+02,+2.447120E+00
+4.597168E+02,+2.651933E-06,+2.965135E-06,-1.080066E+02,+8.410994E-01
+4.599609E+02,-4.430020E-06,-1.835095E-06,-1.063841E+02,-2.748870E+00
+4.602051E+02,+3.092698E-06,-5.901514E-07,-1.100379E+02,-1.885541E-01
+4.604492E+02,-4.810930E-06,-1.120604E-07,-1.063531E+02,-3.118304E+00
+4.606934E+02,+7.228666E-06,+3.447035E-08,-1.028187E+02,+4.768527E-03
+4.609375E+02,-2.586006E-06,-3.377678E-06,-1.074241E+02,-2.224217E+00
+4.611816E+02,+3.045681E-06,+6.303566E-06,-1.030971E+02,+1.120705E+00
+4.614258E+02,-6.953007E-06,-2.157153E-06,-1.027574E+02,-2.840761E+00
+4.616699E+02,+2.175051E-06,-2.942448E-06,-1.087326E+02,-9.342447E-01
+4.619141E+02,+1.713321E-06,+5.745888E-08,-1.153183E+02,+3.352398E-02
+4.621582E+02,+4.726644E-06,+4.268579E-06,-1.039188E+02,+7.345189E-01
+4.624023E+02,-8.252466E-06,-4.180752E-06,-1.006762E+02,-2.672674E+00
+4.626465E+02,+8.171041E-06,-4.763131E-07,-1.017397E+02,-5.822694E-02
+4.628906E+02,-4.429342E-06,+4.587635E-06,-1.039077E+02,+2.338641E+00
+4.631348E+02,+1.249667E-06,+1.268968E-06,-1.149867E+02,+7.930615E-01
+4.633789E+02,+1.630475E-06,-6.530402E-06,-1.034386E+02,-1.326124E+00
+4.636230E+02,-3.050382E-06,+1.860448E-06,-1.089394E+02,+2.593921E+00
+4.638672E+02,-2.586304E-06,-3.360111E-07,-1.116737E+02,-3.012397E+00
+4.641113E+02,+2.490537E-06,+2.940324E-07,-1.120140E+02,+1.175159E-01
+4.643555E+02,+7.330658E-06,+1.461136E-06,-1.025279E+02,+1.967402E-01
+4.645996E+02,-3.091322E-06,-2.456680E-06,-1.080711E+02,-2.470090E+00
+4.648438E+02,-4.406594E-06,+9.672525E-08,-1.071159E+02,+3.119646E+00
+4.650879E+02,-3.191523E-08,+4.641913E-06,-1.066659E+02,+1.577672E+00
+4.653320E+02,+2.492420E-06,-4.698622E-06,-1.054838E+02,-1.083081E+00
+4.655762E+02,+1.663202E-06,+2.225264E-07,-1.155040E+02,+1.330041E-01
+4.658203E+02,-3.232109E-06,+1.830571E-06,-1.086020E+02,+2.626268E+00
+4.660645E+02,+3.059642E-07,-2.029103E-06,-1.137563E+02,-1.421136E+00
+4.663086E+02,-2.618758E-07,+1.204083E-06,-1.181861E+02,+1.784951E+00
+4.665527E+02,+1.600919E-07,-7.834399E-07,-1.219422E+02,-1.369227E+00
+4.667969E+02,+7.208736E-06,-1.614097E-06,-1.026304E+02,-2.202752E-01
+4.670410E+02,-6.507568E-06,+2.979117E-06,-1.029053E+02,+2.712277E+00
+4.672852E+02,-8.172178E-07,-5.431513E-06,-1.052044E+02,-1.720135E+00
+4.675293E+02,+1.455804E-06,+6.120288E-06,-1.040255E+02,+1.337271E+00
+4.677734E+02,+1.826309E-06,-5.438422E-06,-1.048265E+02,-1.246813E+00
+4.680176E+02,-2.927533E-06,+6.689511E-06,-1.027311E+02,+1.983316E+00
+4.682617E+02,-4.559415E-07,-8.469621E-06,-1.014301E+02,-1.624577E+00
+4.685059E+02,+3.175972E-06,+3.756717E-06,-1.061619E+02,+8.689721E-01
+4.687500E+02,-3.302728E-06,+4.747707E-06,-1.047562E+02,+2.178595E+00
+4.689941E+02,+6.957634E-06,-8.222119E-06,-9.935497E+01,-8.685070E-01
+4.692383E+02,-7.611774E-06,+4.491375E-06,-1.010728E+02,+2.608517E+00
+4.694824E+02,-1.247421E-06,+8.611827E-07,-1.163871E+02,+2.537359E+00
+4.697266E+02,+2.113484E-06,-3.338049E-06,-1.080661E+02,-1.006358E+00
+4.699707E+02,+4.727684E-06,+2.955468E-07,-1.064901E+02,+6.243284E-02
+4.702148E+02,-2.736269E-06,+2.399752E-07,-1.112235E+02,+3.054115E+00
+4.704590E+02,-7.204727E-08,+1.863535E-06,-1.145868E+02,+1.609439E+00
+4.707031E+02,-1.347484E-06,-4.621822E-07,-1.169265E+02,-2.811171E+00
+4.709473E+02,+1.696937E-06,-3.143000E-06,-1.089422E+02,-1.075733E+00
+4.711914E+02,-9.350076E-07,+1.774617E-06,-1.139539E+02,+2.055715E+00
+4.714355E+02,-4.783182E-06,+3.813650E-06,-1.042686E+02,+2.468498E+00
+4.716797E+02,+6.674416E-06,-8.792578E-06,-9.914148E+01,-9.214988E-01
+4.719238E+02,-4.111586E-06,+6.983026E-06,-1.018265E+02,+2.102938E+00
+4.721680E+02,+2.601613E-06,-4.660339E-06,-1.054535E+02,-1.061645E+00
+4.724121E+02,+3.067815E-06,+3.944785E-06,-1.060253E+02,+9.098087E-01
+4.726562E+02,-9.189520E-06,-4.243135E-06,-9.989482E+01,-2.709022E+00
+4.729004E+02,+5.453693E-06,+4.288854E-06,-1.031752E+02,+6.664010E-01
+4.731445E+02,-1.573221E-06,-5.212841E-06,-1.052799E+02,-1.863901E+00
+4.733887E+02,+2.044155E-07,+4.376038E-06,-1.071689E+02,+1.524118E+00
+4.736328E+02,+6.929960E-07,-1.001608E-06,-1.182872E+02,-9.655384E-01
+4.738770E+02,+2.876942E-06,-1.852335E-06,-1.093152E+02,-5.720436E-01
+4.741211E+02,-9.229914E-06,+7.013779E-06,-9.871651E+01,+2.491788E+00
+4.743652E+02,+1.176425E-05,-1.171517E-05,-9.559653E+01,-7.833075E-01
+4.746094E+02,-1.249725E-05,+1.044589E-05,-9.576266E+01,+2.445368E+00
+4.748535E+02,+1.026384E-05,-4.297223E-06,-9.907235E+01,-3.965020E-01
+4.750977E+02,-4.322793E-06,+1.105761E-06,-1.070094E+02,+2.891165E+00
+4.753418E+02,-1.928109E-06,-7.769473E-06,-1.019326E+02,-1.814047E+00
+4.755859E+02,+4.885149E-06,+1.210468E-05,-9.768562E+01,+1.187212E+00
+4.758301E+02,-5.042873E-06,-7.832665E-06,-1.006157E+02,-2.142819E+00
+4.760742E+02,+1.404786E-06,+8.212679E-06,-1.015851E+02,+1.401385E+00
+4.763184E+02,-1.390519E-06,-6.998565E-06,-1.029317E+02,-1.766928E+00
+4.765625E+02,+1.518863E-06,+1.892296E-06,-1.123005E+02,+8.944379E-01
+4.768066E+02,-2.266265E-06,-2.879015E-06,-1.087210E+02,-2.237663E+00
+4.770508E+02,+6.597846E-06,+3.370130E-06,-1.026051E+02,+4.722443E-01
+4.772949E+02,-4.825374E-06,+2.304206E-06,-1.054373E+02,+2.696091E+00
+4.775391E+02,+3.963302E-06,-6.307891E-06,-1.025573E+02,-1.009821E+00
+4.777832E+02,-7.423514E-06,+7.503681E-07,-1.025437E+02,+3.040855E+00
+4.780273E+02,+1.992288E-06,+7.430564E-06,-1.022781E+02,+1.308837E+00
+4.782715E+02,+7.528941E-06,-9.715786E-07,-1.023936E+02,-1.283366E-01
+4.785156E+02,-1.326168E-05,-5.548435E-06,-9.684749E+01,-2.745342E+00
+4.787598E+02,+1.331899E-05,+3.115088E-06,-9.727928E+01,+2.297534E-01
+4.790039E+02,-6.617906E-06,-7.488756E-06,-1.000053E+02,-2.294539E+00
+4.792480E+02,-1.983331E-06,+8.791682E-06,-1.009030E+02,+1.792674E+00
+4.794922E+02,+5.481540E-06,-5.276478E-06,-1.023741E+02,-7.663392E-01
+4.797363E+02,+2.553325E-07,+1.129097E-06,-1.187288E+02,+1.348398E+00
+4.799805E+02,-5.201540E-06,+2.586193E-06,-1.047180E+02,+2.680189E+00
+4.802246E+02,-3.350981E-06,-4.577303E-06,-1.049240E+02,-2.202734E+00
+4.804688E+02,+4.483522E-06,+5.346896E-06,-1.031255E+02,+8.730001E-01
+4.807129E+02,+1.547436E-07,-3.184728E-06,-1.099283E+02,-1.522245E+00
+4.809570E+02,-4.449915E-06,+4.094475E-06,-1.043692E+02,+2.397770E+00
+4.812012E+02,+7.613243E-06,-5.217117E-06,-1.006966E+02,-6.007706E-01
+4.814453E+02,-8.987657E-06,+4.333911E-06,-1.000191E+02,+2.692281E+00
+4.816895E+02,+7.601517E-06,+1.527919E-07,-1.023802E+02,+2.009748E-02
+4.819336E+02,+1.159404E-06,+2.738293E-06,-1.105343E+02,+1.170278E+00
+4.821777E+02,-6.127046E-06,-7.658017E-06,-1.001689E+02,-2.245588E+00
+4.824219E+02,+2.509054E-06,+3.164141E-06,-1.078762E+02,+9.003596E-01
+4.826660E+02,+6.718023E-07,-5.366633E-07,-1.213116E+02,-6.740339E-01
+4.829102E+02,-2.129108E-06,+3.157795E-06,-1.083849E+02,+2.164023E+00
+4.831543E+02,-2.886396E-07,-2.676696E-06,-1.113978E+02,-1.678216E+00
+4.833984E+02,+5.902398E-06,+1.474822E-06,-1.043164E+02,+2.448546E-01
+4.836426E+02,-1.011647E-05,+2.866710E-06,-9.956398E+01,+2.865461E+00
+4.838867E+02,+1.129900E-05,-2.407725E-06,-9.874634E+01,-2.099515E-01
+4.841309E+02,-5.921412E-06,+1.451815E-06,-1.042980E+02,+2.901155E+00
+4.843750E+02,+2.347998E-07,-2.543595E-06,-1.118542E+02,-1.478747E+00
+4.846191E+02,+1.106779E-06,-1.174144E-06,-1.158443E+02,-8.149237E-01
+4.848633E+02,+3.969690E-07,+8.206241E-06,-1.017070E+02,+1.522460E+00
+4.851074E+02,-1.307478E-06,-6.728479E-06,-1.032807E+02,-1.762724E+00
+4.853516E+02,-3.837370E-06,+8.904833E-07,-1.080915E+02,+2.913573E+00
+4.855957E+02,+9.068853E-06,-2.681252E-06,-1.004850E+02,-2.874658E-01
+4.858398E+02,-3.613442E-06,+3.830474E-06,-1.055706E+02,+2.327047E+00
+4.860840E+02,-1.890479E-06,-8.982699E-07,-1.135845E+02,-2.698018E+00
+4.863281E+02,-2.241543E-08,+1.027101E-07,-1.395657E+02,+1.785667E+00
+4.865723E+02,+8.871949E-07,+2.266627E-06,-1.122733E+02,+1.197711E+00
+4.868164E+02,+1.416472E-07,-2.028458E-06,-1.138356E+02,-1.501080E+00
+4.870605E+02,+1.697851E-06,+2.552053E-06,-1.102707E+02,+9.837485E-01
+4.873047E+02,-3.623596E-06,-5.917564E-06,-1.031742E+02,-2.120244E+00
+4.875488E+02,+2.519043E-06,+2.805559E-06,-1.084720E+02,+8.391562E-01
+4.877930E+02,+2.829366E-06,+4.131097E-06,-1.060082E+02,+9.702803E-01
+4.880371E+02,-6.457793E-06,-4.367811E-06,-1.021623E+02,-2.546907E+00
+4.882812E+02,+8.161614E-06,+8.388947E-07,-1.017188E+02,+1.024257E-01
+4.885254E+02,-2.270157E-06,-6.574596E-07,-1.125291E+02,-2.859695E+00
+4.887695E+02,-9.365957E-06,+2.555906E-06,-1.002570E+02,+2.875186E+00
+4.890137E+02,+1.280118E-05,-2.538135E-06,-9.768754E+01,-1.957350E-01
+4.892578E+02,-1.064684E-05,+7.229790E-06,-9.780875E+01,+2.545062E+00
+4.895020E+02,+7.075045E-06,-8.269757E-06,-9.926483E+01,-8.630992E-01
+4.897461E+02,-9.203174E-07,-8.641300E-07,-1.179759E+02,-2.387671E+00
+4.899902E+02,+5.130469E-07,+6.196832E-07,-1.218895E+02,+8.792625E-01
+4.902344E+02,-1.457296E-07,+4.718422E-06,-1.065199E+02,+1.601672E+00
+4.904785E+02,+3.388987E-06,-7.322484E-07,-1.092004E+02,-2.127958E-01
+4.907227E+02,-6.760069E-06,-1.785131E-06,-1.031082E+02,-2.883416E+00
+4.909668E+02,+2.428463E-06,-2.674086E-06,-1.088445E+02,-8.334983E-01
+4.912109E+02,-8.915614E-08,+3.315349E-06,-1.095863E+02,+1.597682E+00
+4.914551E+02,+3.183749E-06,+1.533453E-06,-1.090352E+02,+4.488602E-01
+4.916992E+02,-7.774748E-06,-3.679187E-06,-1.013087E+02,-2.699595E+00
+4.919434E+02,+1.022550E-05,+5.717725E-06,-9.862477E+01,+5.098512E-01
+4.921875E+02,-4.462744E-06,-6.997263E-06,-1.016192E+02,-2.138536E+00
+4.924316E+02,-7.325050E-07,+1.453819E-06,-1.157673E+02,+2.037518E+00
+4.926758E+02,-1.520008E-06,+4.582819E-06,-1.063241E+02,+1.891054E+00
+4.929199E+02,+1.399614E-06,-1.700880E-06,-1.131409E+02,-8.822613E-01
+4.931641E+02,-1.450067E-07,-3.742362E-06,-1.085306E+02,-1.609524E+00
+4.934082E+02,+5.937020E-06,+4.095216E-06,-1.028384E+02,+6.038315E-01
+4.936523E+02,-6.222602E-06,-2.720746E-06,-1.033608E+02,-2.729404E+00
+4.938965E+02,-7.319566E-07,+1.105392E-06,-1.175507E+02,+2.155679E+00
+4.941406E+02,+4.002880E-06,+7.394707E-07,-1.078068E+02,+1.826752E-01
+4.943848E+02,+9.218284E-07,-1.152471E-06,-1.166195E+02,-8.961341E-01
+4.946289E+02,-2.326506E-06,-1.203259E-06,-1.116365E+02,-2.664283E+00
+4.948730E+02,+1.153749E-06,+5.069540E-07,-1.179911E+02,+4.140017E-01
+4.951172E+02,-2.158232E-06,+5.761305E-07,-1.130191E+02,+2.880730E+00
+4.953613E+02,+4.535164E-06,-3.899935E-07,-1.068362E+02,-8.578223E-02
+4.956055E+02,-5.632149E-06,-2.508797E-06,-1.042004E+02,-2.722535E+00
+4.958496E+02,+2.275228E-06,+1.159448E-06,-1.118569E+02,+4.712953E-01
+4.960938E+02,-6.121415E-07,+1.685240E-06,-1.149285E+02,+1.919214E+00
+4.963379E+02,+3.172013E-06,+2.574410E-06,-1.077756E+02,+6.817749E-01
+4.965820E+02,-3.746956E-06,-2.582931E-06,-1.068379E+02,-2.538056E+00
+4.968262E+02,+3.299990E-06,+6.630998E-07,-1.094578E+02,+1.982992E-01
+4.970703E+02,-5.034309E-06,-3.227334E-06,-1.044660E+02,-2.571522E+00
+4.973145E+02,+4.301565E-06,+5.373947E-07,-1.072602E+02,+1.242861E-01
+4.975586E+02,-3.872696E-06,-1.947578E-06,-1.072605E+02,-2.675628E+00
+4.978027E+02,+8.589097E-06,+4.117259E-06,-1.004228E+02,+4.469987E-01
+4.980469E+02,-1.159629E-05,-1.045363E-06,-9.867847E+01,-3.051689E+00
+4.982910E+02,+9.482865E-06,+1.774799E-06,-1.003117E+02,+1.850181E-01
+4.985352E+02,-4.700134E-06,-1.488594E-06,-1.061427E+02,-2.834874E+00
+4.987793E+02,+2.295550E-06,-4.762361E-07,-1.125993E+02,-2.045588E-01
+4.990234E+02,-2.383295E-07,-3.862071E-06,-1.082471E+02,-1.632428E+00
+4.992676E+02,+2.014658E-06,+3.795207E-06,-1.073371E+02,+1.082780E+00
+4.995117E+02,-9.407427E-06,+9.305371E-07,-1.004883E+02,+3.042998E+00
+4.997559E+02,+1.005846E-05,-1.070049E-06,-9.990050E+01,-1.059844E-01
+5.000000E+02,-7.202881E-06,-3.402102E-06,-1.019753E+02,-2.700329E+00
+5.002441E+02,+4.970456E-06,+6.415113E-06,-1.018138E+02,+9.116086E-01
+5.004883E+02,-3.735546E-06,-7.941896E-06,-1.011335E+02,-2.010452E+00
+5.007324E+02,+3.700197E-06,+5.141720E-06,-1.039654E+02,+9.470091E-01
+5.009766E+02,-6.501003E-08,-5.587791E-07,-1.249968E+02,-1.686619E+00
+5.012207E+02,+3.408620E-07,-8.895159E-07,-1.204219E+02,-1.204857E+00
+5.014648E+02,-1.068980E-05,-1.748403E-06,-9.930596E+01,-2.979470E+00
+5.017090E+02,+1.315796E-05,+4.292472E-06,-9.717702E+01,+3.153406E-01
+5.019531E+02,-5.926453E-06,-2.351514E-06,-1.039091E+02,-2.763863E+00
+5.021973E+02,+2.339158E-06,-2.284023E-06,-1.097109E+02,-7.734730E-01
+5.024414E+02,+9.679591E-07,+6.721229E-06,-1.033619E+02,+1.427765E+00
+5.026855E+02,-5.918250E-06,-6.424155E-06,-1.011750E+02,-2.315228E+00
+5.029297E+02,+7.458860E-06,+2.311250E-06,-1.021484E+02,+3.004838E-01
+5.031738E+02,-7.548633E-06,-2.183241E-06,-1.020937E+02,-2.860052E+00
+5.034180E+02,+1.050391E-05,+4.172642E-06,-9.893662E+01,+3.781303E-01
+5.036621E+02,-1.316544E-05,-2.023868E-06,-9.750985E+01,-2.989061E+00
+5.039062E+02,+5.038033E-06,-1.929056E-06,-1.053606E+02,-3.656774E-01
+5.041504E+02,+2.204046E-06,-5.833065E-06,-1.041025E+02,-1.209526E+00
+5.043945E+02,+3.124966E-07,+1.057752E-05,-9.950853E+01,+1.541261E+00
+5.046387E+02,-4.251509E-06,-1.821205E-06,-1.066975E+02,-2.736874E+00
+5.048828E+02,+5.955136E-06,-1.176718E-06,-1.043358E+02,-1.950840E-01
+5.051270E+02,-7.590359E-06,-3.056121E-06,-1.017423E+02,-2.758820E+00
+5.053711E+02,+6.423148E-06,+5.151863E-06,-1.016878E+02,+6.760065E-01
+5.056152E+02,-2.123259E-06,-6.432651E-06,-1.033831E+02,-1.889612E+00
+5.058594E+02,-1.231958E-06,+3.722289E-06,-1.081324E+02,+1.890416E+00
+5.061035E+02,-2.300135E-06,+1.618412E-06,-1.110183E+02,+2.528444E+00
+5.063477E+02,+5.607747E-06,-5.142481E-06,-1.023738E+02,-7.421455E-01
+5.065918E+02,-3.916145E-06,+1.022104E-05,-9.921523E+01,+1.936689E+00
+5.068359E+02,-1.027501E-06,-9.391382E-06,-1.004937E+02,-1.679772E+00
+5.070801E+02,+1.750679E-06,-9.373708E-07,-1.140411E+02,-4.915903E-01
+5.073242E+02,+4.897176E-06,+6.833232E-06,-1.015073E+02,+9.489694E-01
+5.075684E+02,-9.093523E-06,-9.440922E-06,-9.764919E+01,-2.337453E+00
+5.078125E+02,+4.777798E-06,+1.138858E-05,-9.816653E+01,+1.173572E+00
+5.080566E+02,+3.390534E-06,-2.254914E-06,-1.078041E+02,-5.868905E-01
+5.083008E+02,-8.400732E-06,-5.024370E-06,-1.001856E+02,-2.602581E+00
+5.085449E+02,+6.138834E-06,+2.225457E-06,-1.037020E+02,+3.477856E-01
+5.087891E+02,-5.359298E-06,-7.514415E-07,-1.053333E+02,-3.002288E+00
+5.090332E+02,+1.290016E-06,-1.885787E-06,-1.128230E+02,-9.708399E-01
+5.092773E+02,+7.307123E-06,+7.939388E-06,-9.933943E+01,+8.268439E-01
+5.095215E+02,-8.358332E-06,-7.843132E-06,-9.881482E+01,-2.387983E+00
+5.097656E+02,+2.781676E-06,+2.609798E-06,-1.083717E+02,+7.535292E-01
+5.100098E+02,-1.807669E-06,+5.948756E-06,-1.041279E+02,+1.865803E+00
+5.102539E+02,+5.267214E-06,-4.877101E-06,-1.028794E+02,-7.469608E-01
+5.104980E+02,-7.522477E-06,-3.663959E-06,-1.015483E+02,-2.688344E+00
+5.107422E+02,+6.545651E-06,+3.076823E-06,-1.028140E+02,+4.394068E-01
+5.109863E+02,-7.003906E-06,+6.536598E-07,-1.030555E+02,+3.048534E+00
+5.112305E+02,+5.643936E-06,-1.995507E-07,-1.049629E+02,-3.534194E-02
+5.114746E+02,-2.035002E-06,-1.646232E-06,-1.116423E+02,-2.461413E+00
+5.117188E+02,+4.542349E-06,-2.187381E-06,-1.059487E+02,-4.487813E-01
+5.119629E+02,-5.844422E-06,+1.050882E-05,-9.839854E+01,+2.078345E+00
+5.122070E+02,+2.920779E-06,-1.030745E-05,-9.940155E+01,-1.294669E+00
+5.124512E+02,-2.193752E-06,+5.661360E-06,-1.043340E+02,+1.940477E+00
+5.126953E+02,+6.296430E-07,-3.133242E-06,-1.099082E+02,-1.372482E+00
+5.129395E+02,+3.687519E-06,+5.434028E-06,-1.036526E+02,+9.745792E-01
+5.131836E+02,-6.102115E-06,-4.303035E-06,-1.025374E+02,-2.527405E+00
+5.134277E+02,+3.464992E-06,-1.949165E-06,-1.080119E+02,-5.124130E-01
+5.136719E+02,-4.103140E-06,+3.563019E-06,-1.052972E+02,+2.426533E+00
+5.139160E+02,+3.450478E-06,+1.254022E-06,-1.087036E+02,+3.485925E-01
+5.141602E+02,+6.353544E-07,-1.682665E-06,-1.149012E+02,-1.209758E+00
+5.144043E+02,+2.892294E-06,-3.350486E-06,-1.070794E+02,-8.586622E-01
+5.146484E+02,-3.042841E-06,+4.500959E-06,-1.052992E+02,+2.165262E+00
+5.148926E+02,+3.252787E-08,-2.711898E-06,-1.113339E+02,-1.558802E+00
+5.151367E+02,-1.299120E-08,+9.417953E-07,-1.205200E+02,+1.584589E+00
+5.153809E+02,-7.422853E-06,+5.095188E-07,-1.025682E+02,+3.073058E+00
+5.156250E+02,+9.901404E-06,+4.196403E-06,-9.936863E+01,+4.008698E-01
+5.158691E+02,-1.343653E-06,-7.094514E-06,-1.028285E+02,-1.757973E+00
+5.161133E+02,-8.371635E-07,+1.020697E-06,-1.175879E+02,+2.257727E+00
+5.163574E+02,-1.401346E-06,+5.617796E-06,-1.047465E+02,+1.815255E+00
+5.166016E+02,+2.003955E-06,-2.273070E-07,-1.139067E+02,-1.129465E-01
+5.168457E+02,-2.297093E-06,-7.230658E-06,-1.023989E+02,-1.878401E+00
+5.170898E+02,+3.066393E-06,+3.408313E-06,-1.067738E+02,+8.381578E-01
+5.173340E+02,-2.720396E-06,+4.909778E-06,-1.050160E+02,+2.076765E+00
+5.175781E+02,+8.098917E-07,-6.811092E-06,-1.032747E+02,-1.452444E+00
+5.178223E+02,+2.215217E-06,+3.056631E-06,-1.084618E+02,+9.436684E-01
+5.180664E+02,-2.402367E-06,-2.381628E-07,-1.123447E+02,-3.042779E+00
+5.183105E+02,+2.681751E-06,+4.115159E-06,-1.061751E+02,+9.932438E-01
+5.185547E+02,-2.956004E-06,-8.863786E-06,-1.005896E+02,-1.892690E+00
+5.187988E+02,+2.340810E-06,+7.001086E-06,-1.026365E+02,+1.248131E+00
+5.190430E+02,-5.885015E-07,+3.899127E-06,-1.080828E+02,+1.720597E+00
+5.192871E+02,+7.749782E-07,-1.397811E-05,-9.707771E+01,-1.515411E+00
+5.195312E+02,+1.896690E-07,+7.573207E-06,-1.024117E+02,+1.545757E+00
+5.197754E+02,-2.911607E-06,+3.922078E-06,-1.062233E+02,+2.209392E+00
+5.200195E+02,+2.774964E-07,-1.986564E-06,-1.139540E+02,-1.432008E+00
+5.202637E+02,+8.245318E-07,-2.024814E-06,-1.132060E+02,-1.184087E+00
+5.205078E+02,+5.593093E-06,-3.102706E-06,-1.038818E+02,-5.064741E-01
+5.207520E+02,-9.896281E-06,+5.473712E-06,-9.893137E+01,+2.636366E+00
+5.209961E+02,+3.732557E-06,-2.465835E-06,-1.069870E+02,-5.838108E-01
+5.212402E+02,+4.756349E-06,+1.530135E-06,-1.060268E+02,+3.112476E-01
+5.214844E+02,-7.658218E-06,+9.318498E-08,-1.023168E+02,+3.129425E+00
+5.217285E+02,+1.232712E-05,-5.571438E-06,-9.737552E+01,-4.244875E-01
+5.219727E+02,-1.051704E-05,+8.630177E-06,-9.732621E+01,+2.454422E+00
+5.222168E+02,+2.385168E-06,-5.345471E-06,-1.046517E+02,-1.151104E+00
+5.224609E+02,+4.986146E-06,+3.085338E-06,-1.046368E+02,+5.541156E-01
+5.227051E+02,-4.920759E-06,-6.971199E-07,-1.060731E+02,-3.000860E+00
+5.229492E+02,-2.387741E-06,-3.208294E-06,-1.079603E+02,-2.210601E+00
+5.231934E+02,+5.401896E-06,+1.727213E-06,-1.049263E+02,+3.094688E-01
+5.234375E+02,-2.714732E-06,+3.786843E-06,-1.066334E+02,+2.192765E+00
+5.236816E+02,+5.998211E-07,-5.129258E-06,-1.057399E+02,-1.454384E+00
+5.239258E+02,+1.516794E-06,+1.513806E-06,-1.133797E+02,+7.844121E-01
+5.241699E+02,-2.120437E-06,-2.766361E-06,-1.091546E+02,-2.224779E+00
+5.244141E+02,-3.071256E-06,+8.605894E-07,-1.099254E+02,+2.868392E+00
+5.246582E+02,+7.421545E-06,+2.373575E-06,-1.021672E+02,+3.095416E-01
+5.249023E+02,-3.505352E-06,+1.331508E-06,-1.085200E+02,+2.778577E+00
+5.251465E+02,+7.845617E-07,-2.490696E-06,-1.116627E+02,-1.265638E+00
+5.253906E+02,-1.497912E-07,-7.954690E-07,-1.218362E+02,-1.756922E+00
+5.256348E+02,-2.796194E-07,+7.308761E-08,-1.307816E+02,+2.885930E+00
+5.258789E+02,-2.241815E-06,+6.836489E-06,-1.028598E+02,+1.887666E+00
+5.261230E+02,+3.039764E-06,-1.050160E-05,-9.922546E+01,-1.289040E+00
+5.263672E+02,-1.122159E-08,+2.640227E-06,-1.115671E+02,+1.575047E+00
+5.266113E+02,-8.930381E-07,+3.368020E-06,-1.091574E+02,+1.829984E+00
+5.268555E+02,-1.894523E-06,-4.886982E-06,-1.056111E+02,-1.940626E+00
+5.270996E+02,+5.302721E-06,+7.843625E-06,-1.004749E+02,+9.763224E-01
+5.273438E+02,-1.295247E-06,-2.998860E-06,-1.097180E+02,-1.978508E+00
+5.275879E+02,-6.343229E-06,-4.997386E-06,-1.018568E+02,-2.474317E+00
+5.278320E+02,+7.108667E-06,-1.372753E-07,-1.029626E+02,-1.930857E-02
+5.280762E+02,-4.515861E-06,+4.164088E-06,-1.042328E+02,+2.396699E+00
+5.283203E+02,+6.505058E-07,-2.647444E-06,-1.112889E+02,-1.329859E+00
+5.285645E+02,+2.329164E-06,+6.158989E-06,-1.036293E+02,+1.209247E+00
+5.288086E+02,-3.413359E-06,-6.620108E-06,-1.025589E+02,-2.046850E+00
+5.290527E+02,+4.677407E-06,+3.393147E-07,-1.065771E+02,+7.241649E-02
+5.292969E+02,-1.722799E-06,-6.507333E-08,-1.152691E+02,-3.103839E+00
+5.295410E+02,-1.267131E-06,+3.843238E-06,-1.078579E+02,+1.889277E+00
+5.297852E+02,+1.410090E-06,-4.697122E-06,-1.061886E+02,-1.279153E+00
+5.300293E+02,-2.288921E-06,+1.457724E-06,-1.113288E+02,+2.574510E+00
+5.302734E+02,-6.742869E-07,+1.027295E-06,-1.182102E+02,+2.151638E+00
+5.305176E+02,+5.971898E-06,-2.083384E-07,-1.044725E+02,-3.487233E-02
+5.307617E+02,-8.318622E-06,+7.796138E-07,-1.015610E+02,+3.048146E+00
+5.310059E+02,+6.872467E-06,-7.902366E-07,-1.032007E+02,-1.144831E-01
+5.312500E+02,+5.965250E-07,-2.261084E-07,-1.239044E+02,-3.623102E-01
+5.314941E+02,-8.389167E-06,-3.297514E-06,-1.009017E+02,-2.767076E+00
+5.317383E+02,+6.449481E-06,+6.701458E-06,-1.006296E+02,+8.045562E-01
+5.319824E+02,-3.860288E-06,-5.033422E-06,-1.039537E+02,-2.225046E+00
+5.322266E+02,+2.406880E-06,-6.951265E-07,-1.120230E+02,-2.811577E-01
+5.324707E+02,+3.663906E-06,+1.745169E-06,-1.078331E+02,+4.445198E-01
+5.327148E+02,-8.824684E-06,+3.083782E-06,-1.005856E+02,+2.805408E+00
+5.329590E+02,+6.699751E-06,-7.817908E-06,-9.974669E+01,-8.622669E-01
+5.332031E+02,-1.013509E-06,+6.354025E-06,-1.038299E+02,+1.728970E+00
+5.334473E+02,-6.588983E-07,-4.083518E-06,-1.076677E+02,-1.730773E+00
+5.336914E+02,-1.681552E-06,+5.223467E-06,-1.052126E+02,+1.882242E+00
+5.339355E+02,+2.987108E-06,-4.416926E-06,-1.054619E+02,-9.761633E-01
+5.341797E+02,-4.194370E-06,+3.506142E-06,-1.052454E+02,+2.445332E+00
+5.344238E+02,+2.984946E-06,-1.176751E-06,-1.098739E+02,-3.755211E-01
+5.346680E+02,+4.316871E-07,-7.196473E-06,-1.028420E+02,-1.510882E+00
+5.349121E+02,-1.849080E-06,+1.150237E-05,-9.867345E+01,+1.730189E+00
+5.351562E+02,+1.320971E-06,-5.672392E-06,-1.046953E+02,-1.341997E+00
+5.354004E+02,-3.483880E-06,-1.009194E-07,-1.091551E+02,-3.112633E+00
+5.356445E+02,+6.944374E-06,+2.218979E-06,-1.027451E+02,+3.092822E-01
+5.358887E+02,-5.072041E-06,-2.631836E-06,-1.048609E+02,-2.662947E+00
+5.361328E+02,-2.408014E-06,+1.712516E-06,-1.105892E+02,+2.523407E+00
+5.363770E+02,+1.274330E-06,-2.936697E-06,-1.098936E+02,-1.161384E+00
+5.366211E+02,+3.035103E-06,-6.285144E-07,-1.101742E+02,-2.041956E-01
+5.368652E+02,+1.286996E-06,+8.048478E-06,-1.017761E+02,+1.412233E+00
+5.371094E+02,-6.431962E-06,-7.377402E-06,-1.001865E+02,-2.287838E+00
+5.373535E+02,+6.598933E-06,+5.909837E-06,-1.010528E+02,+7.303648E-01
+5.375977E+02,-4.427216E-06,-2.147424E-06,-1.061598E+02,-2.689976E+00
+5.378418E+02,+6.936505E-07,-4.601142E-06,-1.066451E+02,-1.421167E+00
+5.380859E+02,+2.089981E-07,+6.232581E-06,-1.041018E+02,+1.537276E+00
+5.383301E+02,-3.451288E-06,-8.676032E-06,-1.005956E+02,-1.949401E+00
+5.385742E+02,+4.707668E-06,+8.101329E-06,-1.005654E+02,+1.044391E+00
+5.388184E+02,-5.684892E-07,-2.908652E-06,-1.105634E+02,-1.763811E+00
+5.390625E+02,-2.763870E-06,+1.095735E-06,-1.105357E+02,+2.764151E+00
+5.393066E+02,+3.813449E-06,-2.815457E-06,-1.064841E+02,-6.359690E-01
+5.395508E+02,+9.182863E-07,+2.968017E-07,-1.203089E+02,+3.126144E-01
+5.397949E+02,-2.274663E-06,+8.015876E-06,-1.015846E+02,+1.847297E+00
+5.400391E+02,-2.352437E-06,-8.249992E-06,-1.013314E+02,-1.848569E+00
+5.402832E+02,+5.431951E-07,+2.772019E-06,-1.109804E+02,+1.377292E+00
+5.405273E+02,+1.772877E-06,-2.239094E-06,-1.108849E+02,-9.010857E-01
+5.407715E+02,+3.218291E-06,+7.537344E-06,-1.017283E+02,+1.167250E+00
+5.410156E+02,-4.957615E-06,-1.228676E-05,-9.755618E+01,-1.954310E+00
+5.412598E+02,-4.864304E-06,+6.320787E-06,-1.019645E+02,+2.226707E+00
+5.415039E+02,+7.639320E-06,+5.554182E-06,-1.004960E+02,+6.286519E-01
+5.417480E+02,-1.146573E-06,-8.660199E-06,-1.011740E+02,-1.702426E+00
+5.419922E+02,+3.350378E-06,+9.353627E-06,-1.000562E+02,+1.226844E+00
+5.422363E+02,-5.895199E-06,-7.352514E-06,-1.005152E+02,-2.246630E+00
+5.424805E+02,+1.085087E-06,+1.692015E-06,-1.139358E+02,+1.000562E+00
+5.427246E+02,-8.623407E-07,+3.242582E-06,-1.094854E+02,+1.830723E+00
+5.429688E+02,+6.274283E-06,-7.787305E-06,-9.999962E+01,-8.925854E-01
+5.432129E+02,-9.929591E-06,+9.695483E-06,-9.715346E+01,+2.368123E+00
+5.434570E+02,+9.137090E-06,-9.642099E-06,-9.753363E+01,-8.122836E-01
+5.437012E+02,-6.137039E-06,+1.359654E-05,-9.652612E+01,+1.994787E+00
+5.439453E+02,+3.146795E-06,-1.273792E-05,-9.764075E+01,-1.328604E+00
+5.441895E+02,+1.649559E-07,+7.313981E-06,-1.027147E+02,+1.548247E+00
+5.444336E+02,-1.687677E-06,-5.368027E-06,-1.049943E+02,-1.875406E+00
+5.446777E+02,+7.310915E-07,+4.595774E-06,-1.066443E+02,+1.413039E+00
+5.449219E+02,-1.309598E-06,-3.763863E-06,-1.079910E+02,-1.905635E+00
+5.451660E+02,+2.266681E-06,+4.154967E-06,-1.064972E+02,+1.071387E+00
+5.454102E+02,-4.799000E-07,-1.666627E-06,-1.152173E+02,-1.851159E+00
+5.456543E+02,-8.158606E-07,-2.205062E-06,-1.125744E+02,-1.925171E+00
+5.458984E+02,-5.016564E-06,+3.484110E-06,-1.042823E+02,+2.534553E+00
+5.461426E+02,+1.073405E-05,-3.387814E-06,-9.897233E+01,-3.057191E-01
+5.463867E+02,-6.167430E-06,+3.671470E-06,-1.028805E+02,+2.604636E+00
+5.466309E+02,+3.208100E-06,-3.794834E-06,-1.060743E+02,-8.689870E-01
+5.468750E+02,-4.693196E-06,+4.411846E-06,-1.038205E+02,+2.387085E+00
+5.471191E+02,+1.766452E-06,-3.678489E-06,-1.077854E+02,-1.123105E+00
+5.473633E+02,+5.201735E-06,+5.694884E-06,-1.022556E+02,+8.306243E-01
+5.476074E+02,-1.085379E-05,-5.615156E-06,-9.825839E+01,-2.664165E+00
+5.478516E+02,+1.205687E-05,-2.779639E-06,-9.815041E+01,-2.265849E-01
+5.480957E+02,-5.694693E-06,+4.251021E-06,-1.029670E+02,+2.500343E+00
+5.483398E+02,+4.236512E-06,+3.302454E-06,-1.053979E+02,+6.621290E-01
+5.485840E+02,-9.150777E-06,-8.867939E-06,-9.789475E+01,-2.371890E+00
+5.488281E+02,+1.103996E-06,+1.221669E-05,-9.822562E+01,+1.480673E+00
+5.490723E+02,+9.881297E-06,-5.560963E-06,-9.890880E+01,-5.125996E-01
+5.493164E+02,-5.470999E-06,-6.516684E-06,-1.014027E+02,-2.269185E+00
+5.495605E+02,+8.941487E-07,+7.238790E-06,-1.027409E+02,+1.447897E+00
+5.498047E+02,-6.730235E-07,-2.156376E-06,-1.129218E+02,-1.873325E+00
+5.500488E+02,-7.212811E-07,+2.160623E-06,-1.128495E+02,+1.892994E+00
+5.502930E+02,+2.689917E-06,+5.422972E-07,-1.112322E+02,+1.989371E-01
+5.505371E+02,-1.402380E-06,-2.072669E-06,-1.120324E+02,-2.165648E+00
+5.507812E+02,+7.651248E-07,-1.875754E-06,-1.138681E+02,-1.183496E+00
+5.510254E+02,-2.332860E-06,-1.189552E-06,-1.116385E+02,-2.670047E+00
+5.512695E+02,+3.862704E-06,+7.913600E-07,-1.080836E+02,+2.020758E-01
+5.515137E+02,-5.619979E-06,+7.262562E-06,-1.007402E+02,+2.229374E+00
+5.517578E+02,+4.385105E-06,-6.061559E-06,-1.025203E+02,-9.445190E-01
+5.520020E+02,-3.509578E-06,-2.373847E-07,-1.090751E+02,-3.074056E+00
+5.522461E+02,+5.243048E-06,-5.425550E-07,-1.055621E+02,-1.031138E-01
+5.524902E+02,-8.790973E-07,+1.343751E-06,-1.158864E+02,+2.150126E+00
+5.527344E+02,-5.612692E-06,+2.894702E-06,-1.039923E+02,+2.665431E+00
+5.529785E+02,+7.713928E-06,-2.348445E-06,-1.018695E+02,-2.955272E-01
+5.532227E+02,-8.576314E-06,-3.294963E-06,-1.007361E+02,-2.774786E+00
+5.534668E+02,+7.172711E-06,+5.725671E-06,-1.007453E+02,+6.736776E-01
+5.537109E+02,+6.412440E-08,-7.139298E-07,-1.228920E+02,-1.481218E+00
+5.539551E+02,-3.027306E-06,-6.788877E-06,-1.025764E+02,-1.990253E+00
+5.541992E+02,+3.053309E-06,+8.493019E-06,-1.008909E+02,+1.225676E+00
+5.544434E+02,-4.187396E-06,-8.288573E-06,-1.006432E+02,-2.038596E+00
+5.546875E+02,+5.307969E-06,+3.017507E-06,-1.042853E+02,+5.169252E-01
+5.549316E+02,-5.025397E-06,+2.499383E-06,-1.050167E+02,+2.680067E+00
+5.551758E+02,-2.450627E-06,-2.075557E-07,-1.121834E+02,-3.057099E+00
+5.554199E+02,+6.948959E-06,-1.629398E-06,-1.029292E+02,-2.303199E-01
+5.556641E+02,-1.461391E-06,+1.643500E-06,-1.131545E+02,+2.297609E+00
+5.559082E+02,+1.122669E-06,-3.446547E-06,-1.088144E+02,-1.255898E+00
+5.561523E+02,-6.594954E-06,+3.615554E-06,-1.024745E+02,+2.640109E+00
+5.563965E+02,+3.705009E-06,-4.243929E-06,-1.049842E+02,-8.530923E-01
+5.566406E+02,+6.145488E-06,+2.522500E-06,-1.035527E+02,+3.894941E-01
+5.568848E+02,-7.455765E-06,+3.253942E-06,-1.017930E+02,+2.730078E+00
+5.571289E+02,+6.073619E-07,-4.744194E-06,-1.064061E+02,-1.443467E+00
+5.573730E+02,+2.347019E-08,-4.355770E-07,-1.272061E+02,-1.516965E+00
+5.576172E+02,+4.514776E-06,+1.240681E-06,-1.065911E+02,+2.681846E-01
+5.578613E+02,-2.599856E-06,+1.894521E-06,-1.098512E+02,+2.511862E+00
+5.581055E+02,-3.786846E-06,+1.912774E-06,-1.074475E+02,+2.673865E+00
+5.583496E+02,+6.818507E-06,-8.019640E-06,-9.955434E+01,-8.661710E-01
+5.585938E+02,+1.429079E-06,+1.759623E-06,-1.128916E+02,+8.886904E-01
+5.588379E+02,-1.093574E-05,+5.766059E-06,-9.815769E+01,+2.656370E+00
+5.590820E+02,+6.736937E-06,-1.727886E-06,-1.031541E+02,-2.510676E-01
+5.593262E+02,-3.861867E-06,-2.961779E-06,-1.062551E+02,-2.487345E+00
+5.595703E+02,+5.525830E-06,-2.069143E-06,-1.045822E+02,-3.582878E-01
+5.598145E+02,-6.064322E-06,+3.981721E-06,-1.027877E+02,+2.560605E+00
+5.600586E+02,+6.259816E-06,+1.346485E-07,-1.040668E+02,+2.150665E-02
+5.603027E+02,-1.705003E-06,+5.071260E-09,-1.153655E+02,+3.138618E+00
+5.605469E+02,-1.358017E-06,+1.264168E-06,-1.146315E+02,+2.391970E+00
+5.607910E+02,+3.490191E-06,-2.880173E-06,-1.068874E+02,-6.899306E-01
+5.610352E+02,-7.995661E-06,-2.759613E-06,-1.014541E+02,-2.809255E+00
+5.612793E+02,+4.598249E-06,+5.976017E-06,-1.024522E+02,+9.149628E-01
+5.615234E+02,+6.555928E-07,-4.943141E-06,-1.060442E+02,-1.438939E+00
+5.617676E+02,-2.245496E-06,+1.519484E-06,-1.113365E+02,+2.546689E+00
+5.620117E+02,+6.679175E-06,-4.679236E-07,-1.034843E+02,-6.994282E-02
+5.622559E+02,-5.820873E-06,+5.957520E-06,-1.015880E+02,+2.344594E+00
+5.625000E+02,-1.965655E-06,-7.249081E-06,-1.024862E+02,-1.835588E+00
+5.627441E+02,+5.342377E-06,+1.194986E-06,-1.052333E+02,+2.200582E-01
+5.629883E+02,-3.455104E-06,+1.714564E-06,-1.082747E+02,+2.680957E+00
+5.632324E+02,+1.109340E-06,-4.714503E-06,-1.062972E+02,-1.339697E+00
+5.634766E+02,-1.070999E-06,+9.594566E-06,-1.003057E+02,+1.681962E+00
+5.637207E+02,-9.516743E-07,-8.438890E-06,-1.014194E+02,-1.683094E+00
+5.639648E+02,+5.497211E-06,+5.145550E-06,-1.024645E+02,+7.523680E-01
+5.642090E+02,-4.073988E-06,-3.549841E-06,-1.053464E+02,-2.424838E+00
+5.644531E+02,-3.220514E-06,+1.335422E-06,-1.091524E+02,+2.748512E+00
+5.646973E+02,+1.304796E-06,-2.669686E-06,-1.105405E+02,-1.116193E+00
+5.649414E+02,+4.118393E-06,+8.629871E-06,-1.003888E+02,+1.125534E+00
+5.651855E+02,-5.943458E-06,-1.125015E-05,-9.790778E+01,-2.056827E+00
+5.654297E+02,+3.689399E-06,+3.618126E-06,-1.057345E+02,+7.756451E-01
+5.656738E+02,+1.519163E-06,+3.704193E-07,-1.161171E+02,+2.391643E-01
+5.659180E+02,-2.975703E-06,+4.584137E-06,-1.052478E+02,+2.146560E+00
+5.661621E+02,+1.001059E-07,-4.224573E-06,-1.074819E+02,-1.547105E+00
+5.664062E+02,+1.238345E-06,+1.188532E-06,-1.153075E+02,+7.648758E-01
+5.666504E+02,-5.171984E-06,-4.040306E-06,-1.036579E+02,-2.478426E+00
+5.668945E+02,+9.701189E-06,+6.828458E-06,-9.851579E+01,+6.133243E-01
+5.671387E+02,-5.848082E-06,-1.201413E-06,-1.044802E+02,-2.938975E+00
+5.673828E+02,-3.158404E-06,-1.029990E-07,-1.100060E+02,-3.108993E+00
+5.676270E+02,+4.588765E-06,-6.062833E-06,-1.023796E+02,-9.229140E-01
+5.678711E+02,+4.233446E-06,+6.102488E-06,-1.025836E+02,+9.642944E-01
+5.681152E+02,-1.054183E-05,-2.794921E-06,-9.924666E+01,-2.882429E+00
+5.683594E+02,+5.699050E-06,+1.806095E-06,-1.044683E+02,+3.068989E-01
+5.686035E+02,-5.418609E-07,+1.657367E-07,-1.249338E+02,+2.844763E+00
+5.688477E+02,+1.230229E-07,-3.413061E-06,-1.093315E+02,-1.534767E+00
+5.690918E+02,+4.400762E-07,+6.446935E-06,-1.037927E+02,+1.502641E+00
+5.693359E+02,+1.576854E-06,-9.051716E-06,-1.007355E+02,-1.398322E+00
+5.695801E+02,-6.851927E-06,+4.821987E-06,-1.015366E+02,+2.528360E+00
+5.698242E+02,+6.782305E-06,+3.231808E-06,-1.024838E+02,+4.446763E-01
+5.700684E+02,-1.072122E-06,-3.963557E-06,-1.077316E+02,-1.834969E+00
+5.703125E+02,-1.208441E-06,+2.236063E-06,-1.118975E+02,+2.066264E+00
+5.705566E+02,-2.211727E-06,-2.365160E-06,-1.097940E+02,-2.322684E+00
+5.708008E+02,+1.030367E-06,+5.246893E-06,-1.054376E+02,+1.376887E+00
+5.710449E+02,+3.366765E-06,-7.573793E-06,-1.016306E+02,-1.152502E+00
+5.712891E+02,-5.133146E-06,+8.894334E-06,-9.976920E+01,+2.094226E+00
+5.715332E+02,+7.157676E-06,-9.473709E-06,-9.850832E+01,-9.237651E-01
+5.717773E+02,-6.607226E-06,+4.510907E-06,-1.019379E+02,+2.542556E+00
+5.720215E+02,+3.769173E-07,-4.650695E-06,-1.066212E+02,-1.489928E+00
+5.722656E+02,+1.458627E-06,+1.252850E-05,-9.798355E+01,+1.454893E+00
+5.725098E+02,+5.278182E-06,-7.310520E-06,-1.008989E+02,-9.454585E-01
+5.727539E+02,-9.978734E-06,+8.256480E-07,-9.998886E+01,+3.059040E+00
+5.729980E+02,+3.944548E-06,-3.785168E-06,-1.052452E+02,-7.647819E-01
+5.732422E+02,+5.050330E-06,+4.698551E-06,-1.032256E+02,+7.493297E-01
+5.734863E+02,-4.000944E-06,-1.835798E-06,-1.071270E+02,-2.711411E+00
+5.737305E+02,+1.192715E-06,-5.882892E-07,-1.175236E+02,-4.582212E-01
+5.739746E+02,-4.034000E-06,-6.826460E-07,-1.077627E+02,-2.973958E+00
+5.742188E+02,+1.712233E-06,+1.198565E-06,-1.135969E+02,+6.107266E-01
+5.744629E+02,-1.510018E-06,+3.870925E-06,-1.076285E+02,+1.942732E+00
+5.747070E+02,+5.304481E-06,-1.884609E-06,-1.049909E+02,-3.413763E-01
+5.749512E+02,-2.555927E-06,+9.507325E-07,-1.112862E+02,+2.785480E+00
+5.751953E+02,+1.767662E-06,-3.225974E-06,-1.086865E+02,-1.069531E+00
+5.754395E+02,-1.381601E-06,-4.766731E-08,-1.171872E+02,-3.107105E+00
+5.756836E+02,+7.305695E-07,-1.448898E-06,-1.157954E+02,-1.103775E+00
+5.759277E+02,-5.281955E-06,+7.673013E-06,-1.006161E+02,+2.173681E+00
+5.761719E+02,+5.997024E-06,-1.126199E-05,-9.788354E+01,-1.081487E+00
+5.764160E+02,-1.563627E-06,+4.758872E-06,-1.060047E+02,+1.888255E+00
+5.766602E+02,+2.526486E-06,+3.401432E-06,-1.074587E+02,+9.319378E-01
+5.769043E+02,-5.253486E-06,-1.734021E-06,-1.051419E+02,-2.822782E+00
+5.771484E+02,+4.880050E-06,+1.973997E-06,-1.055734E+02,+3.843825E-01
+5.773926E+02,-6.432738E-06,-2.061699E-06,-1.034074E+02,-2.831435E+00
+5.776367E+02,+6.536596E-06,+1.664417E-06,-1.034201E+02,+2.493320E-01
+5.778809E+02,-1.950729E-06,-3.053291E-06,-1.088180E+02,-2.139324E+00
+5.781250E+02,+2.465925E-06,+1.569408E-06,-1.106835E+02,+5.667822E-01
+5.783691E+02,-2.200954E-06,-1.150390E-06,-1.120988E+02,-2.659968E+00
+5.786133E+02,+5.029755E-07,+7.189507E-07,-1.211358E+02,+9.603411E-01
+5.788574E+02,-1.402037E-06,+8.073969E-07,-1.158210E+02,+2.619102E+00
+5.791016E+02,-9.421110E-07,+3.599607E-06,-1.085872E+02,+1.826780E+00
+5.793457E+02,+3.797791E-06,-5.136553E-06,-1.038926E+02,-9.341360E-01
+5.795898E+02,-1.892388E-06,-1.697581E-06,-1.118957E+02,-2.410406E+00
+5.798340E+02,+1.603000E-06,+3.797912E-06,-1.076971E+02,+1.171407E+00
+5.800781E+02,-4.334653E-06,+6.881161E-07,-1.071528E+02,+2.984159E+00
+5.803223E+02,+6.250886E-06,-3.591944E-06,-1.028420E+02,-5.215558E-01
+5.805664E+02,-5.260360E-06,+7.413648E-07,-1.054943E+02,+3.001580E+00
+5.808105E+02,-1.415902E-06,+2.353389E-06,-1.112244E+02,+2.112423E+00
+5.810547E+02,+8.142575E-06,-3.094021E-06,-1.011990E+02,-3.631301E-01
+5.812988E+02,-6.643849E-06,+9.389340E-06,-9.878439E+01,+2.186601E+00
+5.815430E+02,+1.454435E-06,-9.768033E-06,-1.001086E+02,-1.422985E+00
+5.817871E+02,+3.745108E-06,-2.090018E-06,-1.073532E+02,-5.090148E-01
+5.820312E+02,-5.058923E-06,+6.592947E-06,-1.016078E+02,+2.225293E+00
+5.822754E+02,+2.762144E-07,-6.841507E-07,-1.226412E+02,-1.187076E+00
+5.825195E+02,+6.313940E-06,-4.487590E-06,-1.022182E+02,-6.178999E-01
+5.827637E+02,-5.372477E-06,+7.234675E-06,-1.009042E+02,+2.209545E+00
+5.830078E+02,-2.841049E-07,-7.186685E-06,-1.028626E+02,-1.610308E+00
+5.832520E+02,+1.388331E-06,+4.587389E-06,-1.063881E+02,+1.276919E+00
+5.834961E+02,+1.229095E-06,-1.737640E-06,-1.134389E+02,-9.551641E-01
+5.837402E+02,-4.099780E-06,-2.434319E-06,-1.064332E+02,-2.605768E+00
+5.839844E+02,+5.409458E-06,+3.410299E-06,-1.038836E+02,+5.624964E-01
+5.842285E+02,-4.440723E-06,+1.162841E-06,-1.067629E+02,+2.885484E+00
+5.844727E+02,+4.316669E-06,-7.959495E-06,-1.008625E+02,-1.073861E+00
+5.847168E+02,-1.390340E-06,+6.645232E-06,-1.033637E+02,+1.777045E+00
+5.849609E+02,+1.928007E-08,+2.602880E-06,-1.116907E+02,+1.563389E+00
+5.852051E+02,-8.078334E-07,-4.134576E-06,-1.075087E+02,-1.763750E+00
+5.854492E+02,-1.763613E-06,-2.685743E-06,-1.098617E+02,-2.151838E+00
+5.856934E+02,+3.443711E-06,-8.365421E-08,-1.092569E+02,-2.428711E-02
+5.859375E+02,-2.972011E-06,+7.692263E-06,-1.016747E+02,+1.939492E+00
+5.861816E+02,+1.065083E-06,-4.197974E-06,-1.072683E+02,-1.322326E+00
+5.864258E+02,+4.413319E-06,-1.404558E-06,-1.066857E+02,-3.081186E-01
+5.866699E+02,-6.567325E-06,-2.281650E-06,-1.031573E+02,-2.807214E+00
+5.869141E+02,+9.248650E-07,+1.036916E-05,-9.965071E+01,+1.481838E+00
+5.871582E+02,+5.983640E-06,-1.270099E-05,-9.705272E+01,-1.130522E+00
+5.874023E+02,-3.660630E-06,+5.977838E-06,-1.030861E+02,+2.120259E+00
+5.876465E+02,-6.066665E-06,-1.032720E-06,-1.042169E+02,-2.972980E+00
+5.878906E+02,+8.420395E-06,+1.096166E-06,-1.014204E+02,+1.294518E-01
+5.881348E+02,-5.470991E-06,-3.508178E-06,-1.037429E+02,-2.571405E+00
+5.883789E+02,+3.011059E-06,+6.980615E-07,-1.101982E+02,+2.278081E-01
+5.886230E+02,+1.029224E-06,+4.225571E-06,-1.072320E+02,+1.331878E+00
+5.888672E+02,-2.794616E-07,-9.795046E-06,-1.001763E+02,-1.599319E+00
+5.891113E+02,-2.768931E-06,+1.289864E-05,-9.759346E+01,+1.782255E+00
+5.893555E+02,-1.904610E-06,-6.242508E-06,-1.037063E+02,-1.866928E+00
+5.895996E+02,+9.848337E-06,-1.643196E-06,-1.000135E+02,-1.653271E-01
+5.898438E+02,-6.002868E-06,+2.372292E-06,-1.038026E+02,+2.765237E+00
+5.900879E+02,-4.188620E-06,-1.746477E-07,-1.075510E+02,-3.099921E+00
+5.903320E+02,+4.287007E-06,-3.753436E-06,-1.048856E+02,-7.191345E-01
+5.905762E+02,+2.128821E-06,+8.981896E-06,-1.006953E+02,+1.338078E+00
+5.908203E+02,-5.234434E-06,-3.838928E-06,-1.037534E+02,-2.508801E+00
+5.910645E+02,+2.868747E-06,-3.854693E-06,-1.063661E+02,-9.310036E-01
+5.913086E+02,-5.875174E-07,-1.533190E-06,-1.156930E+02,-1.936736E+00
+5.915527E+02,+1.992205E-07,+6.981344E-06,-1.031177E+02,+1.542268E+00
+5.917969E+02,-1.744402E-06,-5.837178E-06,-1.043044E+02,-1.861192E+00
+5.920410E+02,+3.077762E-06,+2.476388E-06,-1.080673E+02,+6.775435E-01
+5.922852E+02,-4.714985E-06,-2.407855E-06,-1.055239E+02,-2.669436E+00
+5.925293E+02,+4.564536E-06,+5.353803E-06,-1.030541E+02,+8.648074E-01
+5.927734E+02,-1.065490E-06,-5.897048E-06,-1.044478E+02,-1.749550E+00
+5.930176E+02,-2.659420E-06,+3.482018E-06,-1.071677E+02,+2.223045E+00
+5.932617E+02,+3.240526E-06,-3.604378E-06,-1.062907E+02,-8.385048E-01
+5.935059E+02,+1.031929E-06,+3.916354E-06,-1.078508E+02,+1.313160E+00
+5.937500E+02,-2.048207E-06,+4.550372E-07,-1.135633E+02,+2.922980E+00
+5.939941E+02,+6.026210E-07,-2.258839E-06,-1.126237E+02,-1.310085E+00
+5.942383E+02,-4.599980E-06,+4.077970E-06,-1.042263E+02,+2.416276E+00
+5.944824E+02,+4.644913E-06,-7.177048E-06,-1.013617E+02,-9.963991E-01
+5.947266E+02,-2.705303E-06,+2.127831E-06,-1.092642E+02,+2.475113E+00
+5.949707E+02,+5.138107E-07,+9.119959E-07,-1.196029E+02,+1.057730E+00
+5.952148E+02,+1.473577E-07,+6.652201E-06,-1.035386E+02,+1.548648E+00
+5.954590E+02,+3.883311E-06,-1.037886E-05,-9.910798E+01,-1.212766E+00
+5.957031E+02,-2.980194E-06,+5.289340E-06,-1.043346E+02,+2.083895E+00
+5.959473E+02,-3.611902E-06,-5.067328E-06,-1.041202E+02,-2.190050E+00
+5.961914E+02,+7.301036E-06,+2.856259E-06,-1.021138E+02,+3.729084E-01
+5.964355E+02,-7.075580E-06,+1.885146E-06,-1.027069E+02,+2.881211E+00
+5.966797E+02,-2.561829E-07,+2.202115E-06,-1.130848E+02,+1.686611E+00
+5.969238E+02,+8.427477E-06,-2.146209E-06,-1.012131E+02,-2.493673E-01
+5.971680E+02,-5.519430E-06,-7.501850E-06,-1.006177E+02,-2.205110E+00
+5.974121E+02,+6.255904E-07,+9.416651E-06,-1.005029E+02,+1.504459E+00
+5.976562E+02,-2.843405E-06,-7.093752E-07,-1.106610E+02,-2.897103E+00
+5.979004E+02,-4.553057E-07,+1.153451E-06,-1.181311E+02,+1.946754E+00
+5.981445E+02,+8.926084E-06,-4.322722E-06,-1.000718E+02,-4.509926E-01
+5.983887E+02,-9.900146E-06,-1.583204E-07,-1.000861E+02,-3.125602E+00
+5.986328E+02,+3.816515E-06,+1.883862E-06,-1.074197E+02,+4.585209E-01
+5.988770E+02,-2.148165E-06,-5.552238E-07,-1.130778E+02,-2.888664E+00
+5.991211E+02,+2.780872E-06,-2.857600E-07,-1.110708E+02,-1.023997E-01
+5.993652E+02,+4.422994E-07,+1.864953E-06,-1.143490E+02,+1.337935E+00
+5.996094E+02,-6.852246E-06,-3.432333E-06,-1.023111E+02,-2.677220E+00
+5.998535E+02,+5.674211E-06,+4.312980E-06,-1.029415E+02,+6.499352E-01
+6.000977E+02,-1.682866E-06,-5.587654E-06,-1.046783E+02,-1.863331E+00
+6.003418E+02,+5.538955E-06,+8.555910E-06,-9.983453E+01,+9.962627E-01
+6.005859E+02,-9.090571E-06,-6.038755E-06,-9.924069E+01,-2.555239E+00
+6.008301E+02,+4.664570E-06,+3.250318E-06,-1.049049E+02,+6.085817E-01
+6.010742E+02,+2.312257E-06,-3.480273E-06,-1.075798E+02,-9.843718E-01
+6.013184E+02,-3.264453E-06,+9.157133E-07,-1.093948E+02,+2.868111E+00
+6.015625E+02,+1.796278E-06,+1.997808E-06,-1.114159E+02,+8.384652E-01
+6.018066E+02,+9.376811E-07,-2.165339E-06,-1.125431E+02,-1.162134E+00
+6.020508E+02,-5.679159E-06,+1.448990E-06,-1.046404E+02,+2.891781E+00
+6.022949E+02,+5.761563E-06,+9.600699E-08,-1.047880E+02,+1.666182E-02
+6.025391E+02,-1.290882E-06,-4.381142E-06,-1.068067E+02,-1.857333E+00
+6.027832E+02,-2.671248E-06,+5.232430E-06,-1.046201E+02,+2.042823E+00
+6.030273E+02,+1.640049E-06,+1.273548E-06,-1.136535E+02,+6.602654E-01
+6.032715E+02,+3.446302E-06,-1.865153E-06,-1.081373E+02,-4.960651E-01
+6.035156E+02,-5.472122E-06,+4.695617E-07,-1.052050E+02,+3.055993E+00
+6.037598E+02,+2.516840E-06,-3.962310E-06,-1.065690E+02,-1.004899E+00
+6.040039E+02,-1.050149E-07,+6.883564E-06,-1.032427E+02,+1.586051E+00
+6.042480E+02,+7.683871E-07,-6.370676E-06,-1.038536E+02,-1.450763E+00
+6.044922E+02,-8.774221E-07,+3.975711E-06,-1.078052E+02,+1.788010E+00
+6.047363E+02,-3.209913E-06,-4.893631E-06,-1.046532E+02,-2.151334E+00
+6.049805E+02,+3.339518E-06,+1.164266E-05,-9.833558E+01,+1.291461E+00
+6.052246E+02,+3.577469E-06,-1.173508E-05,-9.822433E+01,-1.274894E+00
+6.054688E+02,-2.800253E-06,+5.972615E-06,-1.036138E+02,+2.009214E+00
+6.057129E+02,-1.954467E-06,-3.896072E-06,-1.072126E+02,-2.035764E+00
+6.059570E+02,+1.897995E-06,+7.807640E-06,-1.019003E+02,+1.332327E+00
+6.062012E+02,-1.720029E-06,-6.517823E-06,-1.034256E+02,-1.828810E+00
+6.064453E+02,+4.076440E-06,-1.141238E-06,-1.074667E+02,-2.729710E-01
+6.066895E+02,-2.075390E-06,+1.275748E-06,-1.122660E+02,+2.590432E+00
+6.069336E+02,-4.922046E-07,+1.600416E-06,-1.155228E+02,+1.869163E+00
+6.071777E+02,-3.566960E-06,-6.198999E-06,-1.029115E+02,-2.092938E+00
+6.074219E+02,+8.383759E-06,+6.946447E-06,-9.926133E+01,+6.919146E-01
+6.076660E+02,-4.039045E-06,-1.862554E-06,-1.070371E+02,-2.709516E+00
+6.079102E+02,-3.786099E-06,+2.561489E-07,-1.084163E+02,+3.074040E+00
+6.081543E+02,+4.657366E-06,+4.233521E-06,-1.040215E+02,+7.377624E-01
+6.083984E+02,-4.479359E-06,-6.546084E-06,-1.020124E+02,-2.170894E+00
+6.086426E+02,+2.386874E-06,+2.038216E-06,-1.100650E+02,+7.067696E-01
+6.088867E+02,-1.287151E-06,+2.300653E-06,-1.115803E+02,+2.080883E+00
+6.091309E+02,+9.570053E-06,-2.048905E-06,-1.001871E+02,-2.109114E-01
+6.093750E+02,-6.216950E-06,+1.121272E-07,-1.041270E+02,+3.123559E+00
+6.096191E+02,-6.280427E-06,+1.910703E-06,-1.036558E+02,+2.846258E+00
+6.098633E+02,+4.536264E-06,-3.850665E-06,-1.045093E+02,-7.038333E-01
+6.101074E+02,+3.908737E-06,+1.707748E-06,-1.074006E+02,+4.119112E-01
+6.103516E+02,-6.416558E-06,+7.192476E-07,-1.037997E+02,+3.029966E+00
+6.105957E+02,+5.848140E-06,+1.473500E-08,-1.046596E+02,+2.519598E-03
+6.108398E+02,-2.186971E-06,-2.167361E-06,-1.102318E+02,-2.360698E+00
+6.110840E+02,-5.090066E-07,+3.634732E-06,-1.087062E+02,+1.709931E+00
+6.113281E+02,-2.671742E-07,+9.391934E-07,-1.202069E+02,+1.847947E+00
+6.115723E+02,+1.085379E-06,-7.512423E-06,-1.023947E+02,-1.427311E+00
+6.118164E+02,+9.748661E-07,+7.455792E-06,-1.024765E+02,+1.440781E+00
+6.120605E+02,+4.070808E-07,-5.507097E-06,-1.051579E+02,-1.497011E+00
+6.123047E+02,-3.572161E-06,+5.268993E-06,-1.039230E+02,+2.166576E+00
+6.125488E+02,-2.062569E-06,-4.016010E-06,-1.069074E+02,-2.045254E+00
+6.127930E+02,+7.045071E-06,+6.300058E-07,-1.030077E+02,+8.918781E-02
+6.130371E+02,-1.854882E-06,+3.638996E-06,-1.077773E+02,+2.042192E+00
+6.132812E+02,-4.721400E-06,-5.858100E-06,-1.024712E+02,-2.249161E+00
+6.135254E+02,+1.003590E-05,+5.064554E-06,-9.898360E+01,+4.673558E-01
+6.137695E+02,-6.575744E-06,-3.418086E-06,-1.026024E+02,-2.662229E+00
+6.140137E+02,-2.351828E-06,+1.833958E-06,-1.105088E+02,+2.479290E+00
+6.142578E+02,+7.101534E-07,-2.188916E-06,-1.127608E+02,-1.257079E+00
+6.145020E+02,+4.500605E-06,+2.104194E-06,-1.060760E+02,+4.373406E-01
+6.147461E+02,+1.059773E-08,-1.557851E-06,-1.161493E+02,-1.563994E+00
+6.149902E+02,-4.212358E-06,-4.583944E-06,-1.041166E+02,-2.313976E+00
+6.152344E+02,+3.583550E-06,+1.098905E-05,-9.874191E+01,+1.255568E+00
+6.154785E+02,-4.437087E-06,-6.592210E-06,-1.019966E+02,-2.163226E+00
+6.157227E+02,+8.548538E-07,+1.815681E-07,-1.211705E+02,+2.092866E-01
+6.159668E+02,+3.686397E-06,-9.565476E-07,-1.083850E+02,-2.538812E-01
+6.162109E+02,-4.427707E-06,+2.032783E-06,-1.062458E+02,+2.711193E+00
+6.164551E+02,+7.096955E-06,-2.426807E-07,-1.029735E+02,-3.418173E-02
+6.166992E+02,-3.919302E-06,-2.124309E-06,-1.070172E+02,-2.644903E+00
+6.169434E+02,-1.719786E-06,+1.015606E-06,-1.139912E+02,+2.608156E+00
+6.171875E+02,+9.612751E-07,+3.465748E-06,-1.088822E+02,+1.300233E+00
+6.174316E+02,+2.661491E-06,-4.749947E-06,-1.052804E+02,-1.060064E+00
+6.176758E+02,-4.275607E-06,-5.194219E-07,-1.073164E+02,-3.020700E+00
+6.179199E+02,+1.275981E-06,+2.356429E-06,-1.114382E+02,+1.074511E+00
+6.181641E+02,+2.496500E-06,+2.566451E-06,-1.089214E+02,+7.992135E-01
+6.184082E+02,-3.854004E-06,-2.146349E-06,-1.071085E+02,-2.633457E+00
+6.186523E+02,+1.619268E-06,+1.015564E-06,-1.143730E+02,+5.601618E-01
+6.188965E+02,+1.055410E-06,-6.286182E-06,-1.039115E+02,-1.404454E+00
+6.191406E+02,+2.606791E-06,+4.985065E-06,-1.049968E+02,+1.088981E+00
+6.193848E+02,-6.435143E-06,+6.560593E-07,-1.037839E+02,+3.039994E+00
+6.196289E+02,+3.294353E-06,-3.621926E-06,-1.062031E+02,-8.327253E-01
+6.198730E+02,-8.254234E-07,+5.758161E-06,-1.047060E+02,+1.713175E+00
+6.201172E+02,+5.832759E-08,-5.457464E-06,-1.052597E+02,-1.560109E+00
+6.203613E+02,+4.640397E-06,+2.723737E-07,-1.066540E+02,+5.862893E-02
+6.206055E+02,-4.673549E-06,+8.858267E-07,-1.064538E+02,+2.954274E+00
+6.208496E+02,+2.238829E-07,+2.906223E-06,-1.107077E+02,+1.493912E+00
+6.210938E+02,-2.684849E-06,-2.055215E-06,-1.094187E+02,-2.488254E+00
+6.213379E+02,+7.012777E-06,-6.912050E-07,-1.030402E+02,-9.824634E-02
+6.215820E+02,-5.411131E-06,+1.460505E-06,-1.050288E+02,+2.877967E+00
+6.218262E+02,-2.192767E-06,-2.427844E-06,-1.097051E+02,-2.305363E+00
+6.220703E+02,+1.019389E-05,+3.001901E-07,-9.982944E+01,+2.943955E-02
+6.223145E+02,-1.396239E-05,-4.324864E-07,-9.709664E+01,-3.110627E+00
+6.225586E+02,+5.841382E-06,+2.178582E-06,-1.041041E+02,+3.569780E-01
+6.228027E+02,+3.862617E-06,-2.536186E-06,-1.067056E+02,-5.809993E-01
+6.230469E+02,-6.202415E-06,+1.287662E-06,-1.039655E+02,+2.936894E+00
+6.232910E+02,+5.319600E-06,+7.272940E-07,-1.054020E+02,+1.358773E-01
+6.235352E+02,-6.101316E-06,-1.513407E-06,-1.040322E+02,-2.898454E+00
+6.237793E+02,+1.116961E-05,+1.496403E-06,-9.896198E+01,+1.331779E-01
+6.240234E+02,-1.162682E-05,+4.729041E-07,-9.868361E+01,+3.100941E+00
+6.242676E+02,+8.467418E-06,-2.674685E-06,-1.010319E+02,-3.059609E-01
+6.245117E+02,-8.047789E-06,+4.305198E-06,-1.007935E+02,+2.650374E+00
+6.247559E+02,+5.432270E-06,-2.256873E-06,-1.046089E+02,-3.937597E-01
+6.250000E+02,+2.201004E-06,+1.185524E-06,-1.120413E+02,+4.940709E-01
+6.252441E+02,-6.128756E-06,-4.672824E-06,-1.022624E+02,-2.490176E+00
+6.254883E+02,+3.279349E-07,+3.187989E-06,-1.098840E+02,+1.468291E+00
+6.257324E+02,+8.042276E-07,+2.006381E-06,-1.133047E+02,+1.189570E+00
+6.259766E+02,-1.999238E-06,-4.235653E-06,-1.065881E+02,-2.011796E+00
+6.262207E+02,+4.139195E-07,-7.443760E-07,-1.213941E+02,-1.063311E+00
+6.264648E+02,+7.656743E-06,+5.905662E-06,-1.002918E+02,+6.569957E-01
+6.267090E+02,-8.504656E-06,-4.259537E-07,-1.013960E+02,-3.091550E+00
+6.269531E+02,+4.718479E-06,-8.275639E-06,-1.004215E+02,-1.052603E+00
+6.271973E+02,-9.287876E-07,+1.052109E-05,-9.952507E+01,+1.658847E+00
+6.274414E+02,-3.812999E-06,-5.709563E-06,-1.032663E+02,-2.159602E+00
+6.276855E+02,+5.998373E-06,-5.657060E-07,-1.044009E+02,-9.403180E-02
+6.279297E+02,-2.094945E-07,+6.474284E-06,-1.037716E+02,+1.603143E+00
+6.281738E+02,-5.463378E-06,-4.260482E-06,-1.031876E+02,-2.479275E+00
+6.284180E+02,+3.770701E-06,-6.188491E-06,-1.027971E+02,-1.023560E+00
+6.286621E+02,-6.839015E-06,+5.872138E-06,-1.009016E+02,+2.432114E+00
+6.289062E+02,+1.020609E-05,-1.515594E-06,-9.972808E+01,-1.474216E-01
+6.291504E+02,-7.909145E-06,+1.214675E-06,-1.019362E+02,+2.989205E+00
+6.293945E+02,+1.526965E-06,+1.486580E-06,-1.134280E+02,+7.719976E-01
+6.296387E+02,+8.378549E-06,+1.446791E-06,-1.014090E+02,+1.709918E-01
+6.298828E+02,-1.367925E-05,-2.112452E-06,-9.717640E+01,-2.988375E+00
+6.301270E+02,+5.519236E-06,-1.286450E-06,-1.049327E+02,-2.289963E-01
+6.303711E+02,+7.626089E-06,+2.031786E-06,-1.020561E+02,+2.603774E-01
+6.306152E+02,-7.713615E-06,-2.836478E-06,-1.017040E+02,-2.789217E+00
+6.308594E+02,-1.897755E-06,+2.467744E-06,-1.101362E+02,+2.226362E+00
+6.311035E+02,+6.522191E-06,-4.530973E-07,-1.036912E+02,-6.935868E-02
+6.313477E+02,-5.018277E-06,-2.117068E-07,-1.059812E+02,-3.099431E+00
+6.315918E+02,+8.609917E-07,-5.026703E-07,-1.200262E+02,-5.284428E-01
+6.318359E+02,+3.797582E-06,+2.155624E-06,-1.071969E+02,+5.162783E-01
+6.320801E+02,-5.227963E-06,-9.653454E-07,-1.054877E+02,-2.958999E+00
+6.323242E+02,+2.216600E-06,-4.535522E-06,-1.059373E+02,-1.116213E+00
+6.325684E+02,-2.089031E-06,+7.876663E-06,-1.017779E+02,+1.830046E+00
+6.328125E+02,+7.276092E-06,-3.425585E-06,-1.018926E+02,-4.400160E-01
+6.330566E+02,-1.059927E-05,+4.534381E-06,-9.876458E+01,+2.737352E+00
+6.333008E+02,+1.034621E-05,-9.863213E-06,-9.689674E+01,-7.615031E-01
+6.335449E+02,-7.046247E-06,+4.259043E-06,-1.016884E+02,+2.597914E+00
+6.337891E+02,+1.137030E-06,+1.744505E-06,-1.136290E+02,+9.931723E-01
+6.340332E+02,+3.950822E-06,+1.274251E-06,-1.076365E+02,+3.119946E-01
+6.342773E+02,-6.644801E-06,+1.028080E-06,-1.034476E+02,+2.988090E+00
+6.345215E+02,+5.334789E-06,-5.163769E-06,-1.025866E+02,-7.691098E-01
+6.347656E+02,+1.483157E-06,-5.874961E-07,-1.159433E+02,-3.771500E-01
+6.350098E+02,-7.561898E-06,+8.506508E-06,-9.887587E+01,+2.297475E+00
+6.352539E+02,+6.244071E-06,-5.986391E-06,-1.012595E+02,-7.643325E-01
+6.354980E+02,-3.561267E-06,-3.954957E-07,-1.089147E+02,-3.030991E+00
+6.357422E+02,+2.793324E-06,+2.666824E-06,-1.082639E+02,+7.622346E-01
+6.359863E+02,-7.100983E-08,-5.444175E-06,-1.052806E+02,-1.583839E+00
+6.362305E+02,-2.610458E-06,+5.946793E-06,-1.037491E+02,+1.984439E+00
+6.364746E+02,+2.065550E-06,+2.687445E-07,-1.136264E+02,+1.293812E-01
+6.367188E+02,+1.404016E-06,-1.594040E-07,-1.169969E+02,-1.130502E-01
+6.369629E+02,-3.239445E-06,-5.759789E-06,-1.035983E+02,-2.083128E+00
+6.372070E+02,+4.353324E-08,+3.868194E-06,-1.082493E+02,+1.559543E+00
+6.374512E+02,+4.667661E-06,+2.703983E-06,-1.053613E+02,+5.250610E-01
+6.376953E+02,+1.023146E-06,-3.520087E-06,-1.087167E+02,-1.287931E+00
+6.379395E+02,-1.054911E-05,+3.645724E-06,-9.904570E+01,+2.808847E+00
+6.381836E+02,+7.901871E-06,-3.602099E-06,-1.012254E+02,-4.277113E-01
+6.384277E+02,+1.145125E-06,-2.430333E-06,-1.114159E+02,-1.130469E+00
+6.386719E+02,+5.294490E-07,+3.072955E-06,-1.101218E+02,+1.400178E+00
+6.389160E+02,-6.218365E-06,+1.737549E-06,-1.038000E+02,+2.869120E+00
+6.391602E+02,+3.359947E-06,-1.581559E-06,-1.086042E+02,-4.399419E-01
+6.394043E+02,+8.980861E-07,+1.236231E-06,-1.163175E+02,+9.425246E-01
+6.396484E+02,+2.352708E-06,+1.785493E-06,-1.105932E+02,+6.491789E-01
+6.398926E+02,-4.873988E-06,-4.919373E-06,-1.031916E+02,-2.351560E+00
+6.401367E+02,+5.670702E-06,+3.552585E-06,-1.034894E+02,+5.596634E-01
+6.403809E+02,-5.079869E-06,+5.223789E-08,-1.058825E+02,+3.131310E+00
+6.406250E+02,+6.921566E-06,-7.059182E-06,-1.000993E+02,-7.952411E-01
+6.408691E+02,-1.442958E-05,+9.957898E-06,-9.512335E+01,+2.537540E+00
+6.411133E+02,+1.207467E-05,-5.998120E-06,-9.740465E+01,-4.610460E-01
+6.413574E+02,-3.671285E-06,-2.031430E-06,-1.075436E+02,-2.636197E+00
+6.416016E+02,+2.800855E-06,+6.111660E-06,-1.034489E+02,+1.141078E+00
+6.418457E+02,-3.571841E-06,-8.411079E-07,-1.087078E+02,-2.910323E+00
+6.420898E+02,+5.059292E-06,-2.627879E-06,-1.048809E+02,-4.790598E-01
+6.423340E+02,-1.676981E-06,-1.790116E-06,-1.122064E+02,-2.323575E+00
+6.425781E+02,-4.862101E-06,+2.869268E-06,-1.049658E+02,+2.608463E+00
+6.428223E+02,+5.480260E-06,+1.276117E-06,-1.049947E+02,+2.287801E-01
+6.430664E+02,+1.792457E-06,-4.386704E-06,-1.064867E+02,-1.182889E+00
+6.433105E+02,-7.103388E-06,+6.216728E-06,-1.005009E+02,+2.422662E+00
+6.435547E+02,+3.157259E-06,-4.838777E-06,-1.047649E+02,-9.926718E-01
+6.437988E+02,+1.583154E-06,+1.554299E-06,-1.130784E+02,+7.762017E-01
+6.440430E+02,-4.671081E-06,-1.522052E-06,-1.061734E+02,-2.826596E+00
+6.442871E+02,+1.007559E-05,+2.708838E-06,-9.963150E+01,+2.626410E-01
+6.445312E+02,-7.031887E-06,-4.774035E-06,-1.014123E+02,-2.545160E+00
+6.447754E+02,-6.520408E-07,+5.329357E-06,-1.054020E+02,+1.692540E+00
+6.450195E+02,+6.642858E-06,-4.009687E-06,-1.022037E+02,-5.430687E-01
+6.452637E+02,-8.912833E-06,+4.382056E-06,-1.000594E+02,+2.684642E+00
+6.455078E+02,+2.296333E-06,-2.775798E-06,-1.088679E+02,-8.796474E-01
+6.457520E+02,+1.600130E-06,-5.243337E-06,-1.052211E+02,-1.274600E+00
+6.459961E+02,+4.557887E-06,+1.057870E-05,-9.877184E+01,+1.163977E+00
+6.462402E+02,-7.569472E-06,-5.550974E-06,-1.005497E+02,-2.508842E+00
+6.464844E+02,-3.498763E-06,-1.808979E-07,-1.091101E+02,-3.089935E+00
+6.467285E+02,+8.574178E-06,-8.516163E-06,-9.835524E+01,-7.820036E-01
+6.469727E+02,-1.775679E-07,+1.577523E-05,-9.603993E+01,+1.582052E+00
+6.472168E+02,-4.370179E-06,-8.936738E-06,-1.000452E+02,-2.025616E+00
+6.474609E+02,+6.214100E-06,+1.711768E-06,-1.038148E+02,+2.687986E-01
+6.477051E+02,-5.899104E-06,-3.373416E-06,-1.033555E+02,-2.622127E+00
+6.479492E+02,+4.489415E-06,+9.958368E-06,-9.923272E+01,+1.147262E+00
+6.481934E+02,-7.704844E-06,-9.467282E-06,-9.826831E+01,-2.253919E+00
+6.484375E+02,+9.885925E-06,+2.814912E-06,-9.976109E+01,+2.773981E-01
+6.486816E+02,-5.679628E-06,+1.676163E-06,-1.045509E+02,+2.854620E+00
+6.489258E+02,+9.637174E-07,-7.726814E-06,-1.021729E+02,-1.446713E+00
+6.491699E+02,-1.593823E-06,+2.143356E-06,-1.114665E+02,+2.210196E+00
+6.494141E+02,+3.390847E-06,+9.318565E-06,-1.000730E+02,+1.221810E+00
+6.496582E+02,-4.965740E-06,-8.573792E-06,-1.000803E+02,-2.095764E+00
+6.499023E+02,+5.770688E-06,+4.383247E-06,-1.027973E+02,+6.495984E-01
+6.501465E+02,-1.207122E-07,-1.212266E-06,-1.182852E+02,-1.670045E+00
+6.503906E+02,-6.015908E-06,-1.805162E-06,-1.040396E+02,-2.850076E+00
+6.506348E+02,+4.619284E-06,+3.496858E-06,-1.047410E+02,+6.479743E-01
+6.508789E+02,-3.313377E-06,-4.036913E-06,-1.056423E+02,-2.258074E+00
+6.511230E+02,+1.186782E-06,+1.573943E-07,-1.184369E+02,+1.318534E-01
+6.513672E+02,+4.233068E-06,+3.184725E-06,-1.055189E+02,+6.449999E-01
+6.516113E+02,-2.808506E-06,+1.380702E-07,-1.110200E+02,+3.092471E+00
+6.518555E+02,-6.339543E-06,-6.252738E-06,-1.010080E+02,-2.363088E+00
+6.520996E+02,+8.295622E-06,+7.254170E-06,-9.915637E+01,+7.185227E-01
+6.523438E+02,-3.997483E-06,-5.449956E-06,-1.034026E+02,-2.203647E+00
+6.525879E+02,+6.975796E-07,-2.810227E-06,-1.107655E+02,-1.327485E+00
+6.528320E+02,-2.075391E-07,+9.630673E-06,-1.003249E+02,+1.592343E+00
+6.530762E+02,+1.755375E-06,-8.145537E-06,-1.015845E+02,-1.358541E+00
+6.533203E+02,+2.323502E-06,+1.002833E-05,-9.974834E+01,+1.343120E+00
+6.535645E+02,-7.331917E-06,-6.530286E-06,-1.001592E+02,-2.413959E+00
+6.538086E+02,+5.379302E-06,-3.589122E-06,-1.037863E+02,-5.883784E-01
+6.540527E+02,-1.414332E-06,+6.188077E-06,-1.039477E+02,+1.795494E+00
+6.542969E+02,-4.440086E-07,-6.401792E-06,-1.038531E+02,-1.640042E+00
+6.545410E+02,-4.016470E-06,+6.782677E-06,-1.020665E+02,+2.105435E+00
+6.547852E+02,+3.390489E-07,-3.356190E-06,-1.094390E+02,-1.470116E+00
+6.550293E+02,+7.944812E-06,-1.435819E-06,-1.018587E+02,-1.787942E-01
+6.552734E+02,-4.820882E-06,+8.495467E-06,-1.002039E+02,+2.086949E+00
+6.555176E+02,+2.614990E-06,-8.328109E-06,-1.011807E+02,-1.266549E+00
+6.557617E+02,-6.358027E-06,-2.411910E-06,-1.033496E+02,-2.779015E+00
+6.560059E+02,+9.833660E-06,+6.334772E-06,-9.863818E+01,+5.722820E-01
+6.562500E+02,-9.984653E-06,-5.454435E-06,-9.887917E+01,-2.641608E+00
+6.564941E+02,+2.584755E-06,+2.876097E-06,-1.082527E+02,+8.386987E-01
+6.567383E+02,+2.906428E-06,+4.327986E-06,-1.056577E+02,+9.794255E-01
+6.569824E+02,-4.184691E-06,-4.996518E-06,-1.037185E+02,-2.268001E+00
+6.572266E+02,+3.530859E-06,+2.111550E-06,-1.077146E+02,+5.389676E-01
+6.574707E+02,-1.343100E-06,-6.368005E-06,-1.037309E+02,-1.778664E+00
+6.577148E+02,-1.187619E-06,+1.292197E-05,-9.773689E+01,+1.662446E+00
+6.579590E+02,-1.984834E-07,-7.591738E-06,-1.023902E+02,-1.596935E+00
+6.582031E+02,+3.221264E-06,-5.216335E-06,-1.042497E+02,-1.017584E+00
+6.584473E+02,-2.511905E-06,+5.222266E-06,-1.047390E+02,+2.019128E+00
+6.586914E+02,+2.180527E-06,+1.576686E-06,-1.114022E+02,+6.260458E-01
+6.589355E+02,-4.354257E-06,-2.849512E-06,-1.056736E+02,-2.562117E+00
+6.591797E+02,+3.410797E-06,+1.592712E-06,-1.084862E+02,+4.368695E-01
+6.594238E+02,+3.852588E-06,+6.314157E-06,-1.026192E+02,+1.022946E+00
+6.596680E+02,-5.915523E-06,-9.776809E-06,-9.884126E+01,-2.114926E+00
+6.599121E+02,-3.032693E-06,+1.285573E-06,-1.096457E+02,+2.740650E+00
+6.601562E+02,+5.495107E-06,+7.964063E-07,-1.051102E+02,+1.439280E-01
+6.604004E+02,-2.257533E-06,+2.760090E-06,-1.089570E+02,+2.256369E+00
+6.606445E+02,+2.570533E-06,-2.288637E-06,-1.092645E+02,-7.274500E-01
+6.608887E+02,-4.182336E-06,+6.516922E-06,-1.022212E+02,+2.141361E+00
+6.611328E+02,+7.552373E-06,-8.024852E-06,-9.915650E+01,-8.157203E-01
+6.613770E+02,-8.343235E-06,+4.746039E-06,-1.003558E+02,+2.624393E+00
+6.616211E+02,+2.734020E-06,-2.490807E-06,-1.086395E+02,-7.388823E-01
+6.618652E+02,+1.861201E-06,+1.457143E-06,-1.125280E+02,+6.642296E-01
+6.621094E+02,-2.028297E-06,-7.746863E-07,-1.132660E+02,-2.776752E+00
+6.623535E+02,-2.580040E-06,-6.940698E-07,-1.114640E+02,-2.878799E+00
+6.625977E+02,+2.092896E-06,+6.921242E-06,-1.028163E+02,+1.277151E+00
+6.628418E+02,+6.115438E-06,-1.203228E-05,-9.739513E+01,-1.100568E+00
+6.630859E+02,-5.012822E-06,+5.886212E-06,-1.022347E+02,+2.276231E+00
+6.633301E+02,-3.007637E-06,-8.067475E-07,-1.101338E+02,-2.879529E+00
+6.635742E+02,+5.391368E-06,+2.811620E-06,-1.043213E+02,+4.807025E-01
+6.638184E+02,-1.241057E-06,-1.033956E-06,-1.158348E+02,-2.446977E+00
+6.640625E+02,-3.202744E-06,+8.914751E-07,-1.095655E+02,+2.870117E+00
+6.643066E+02,+8.795408E-07,-3.605698E-06,-1.086092E+02,-1.331538E+00
+6.645508E+02,+1.898311E-06,+5.363119E-06,-1.048990E+02,+1.230601E+00
+6.647949E+02,+2.795396E-06,-1.721728E-06,-1.096744E+02,-5.520400E-01
+6.650391E+02,-4.592706E-06,-2.331122E-06,-1.057631E+02,-2.671907E+00
+6.652832E+02,+1.008088E-06,+3.166230E-06,-1.095698E+02,+1.262557E+00
+6.655273E+02,-2.844397E-07,-2.887758E-06,-1.107468E+02,-1.668978E+00
+6.657715E+02,+2.849280E-06,-4.978294E-08,-1.109040E+02,-1.747034E-02
+6.660156E+02,-4.673300E-06,+2.042586E-07,-1.065992E+02,+3.097913E+00
+6.662598E+02,+3.125896E-06,-3.190654E-07,-1.100555E+02,-1.017194E-01
+6.665039E+02,-1.468966E-06,+3.344169E-06,-1.087480E+02,+1.984684E+00
+6.667480E+02,-1.715392E-06,+9.396707E-07,-1.141731E+02,+2.640450E+00
+6.669922E+02,+1.000488E-05,-3.901576E-06,-9.938095E+01,-3.718275E-01
+6.672363E+02,-7.889175E-06,+2.474916E-06,-1.016517E+02,+2.837605E+00
+6.674805E+02,-1.353868E-06,-3.464290E-06,-1.085904E+02,-1.943353E+00
+6.677246E+02,+5.021001E-06,+3.107967E-06,-1.045755E+02,+5.542685E-01
+6.679688E+02,-6.545351E-06,-2.369502E-06,-1.031465E+02,-2.794256E+00
+6.682129E+02,+1.065751E-05,+2.009136E-06,-9.929523E+01,+1.863316E-01
+6.684570E+02,-1.206267E-05,-2.235247E-07,-9.836964E+01,-3.123065E+00
+6.687012E+02,+8.412138E-06,-3.518157E-06,-1.008018E+02,-3.961172E-01
+6.689453E+02,-4.137834E-06,+3.791044E-06,-1.050178E+02,+2.399904E+00
+6.691895E+02,+4.331065E-06,+2.126362E-06,-1.063303E+02,+4.563862E-01
+6.694336E+02,-6.672108E-06,-6.416931E-06,-1.006705E+02,-2.375688E+00
+6.696777E+02,+5.110049E-06,+8.555710E-06,-1.000299E+02,+1.032388E+00
+6.699219E+02,-2.718773E-06,-4.275761E-06,-1.059051E+02,-2.137165E+00
+6.701660E+02,+4.464847E-06,-3.893108E-06,-1.045480E+02,-7.170980E-01
+6.704102E+02,-9.336232E-06,+7.516361E-06,-9.842661E+01,+2.463765E+00
+6.706543E+02,+8.825983E-06,-4.698372E-06,-1.000012E+02,-4.891791E-01
+6.708984E+02,-1.439325E-06,-1.250407E-06,-1.143948E+02,-2.426316E+00
+6.711426E+02,-1.474763E-06,+1.443150E-06,-1.137083E+02,+2.367028E+00
+6.713867E+02,+1.475358E-06,+1.047409E-07,-1.166002E+02,+7.087464E-02
+6.716309E+02,-6.874323E-07,-2.187785E-07,-1.228364E+02,-2.833474E+00
+6.718750E+02,-3.857654E-06,+1.168220E-06,-1.078925E+02,+2.847540E+00
+6.721191E+02,+9.085709E-06,-2.186348E-06,-1.005883E+02,-2.361462E-01
+6.723633E+02,-3.861552E-06,+2.713524E-06,-1.065219E+02,+2.529055E+00
+6.726074E+02,-1.421369E-06,+1.928918E-06,-1.124101E+02,+2.205843E+00
+6.728516E+02,-3.633652E-06,-1.042748E-05,-9.913869E+01,-1.906106E+00
+6.730957E+02,+1.088793E-05,+1.263345E-05,-9.555719E+01,+8.594722E-01
+6.733398E+02,-8.509244E-06,-1.010277E-05,-9.758271E+01,-2.270785E+00
+6.735840E+02,-1.173333E-07,+2.479672E-06,-1.121024E+02,+1.618079E+00
+6.738281E+02,-2.586183E-06,+6.048904E-06,-1.036374E+02,+1.974821E+00
+6.740723E+02,+9.891333E-06,-6.195901E-06,-9.865735E+01,-5.596032E-01
+6.743164E+02,-5.456371E-06,+5.417446E-06,-1.022826E+02,+2.359774E+00
+6.745605E+02,+3.307182E-06,-7.531137E-06,-1.016970E+02,-1.157015E+00
+6.748047E+02,-4.051411E-06,+7.074665E-06,-1.017741E+02,+2.090874E+00
+6.750488E+02,+3.513354E-06,-4.587029E-06,-1.047646E+02,-9.171762E-01
+6.752930E+02,-2.976614E-06,+7.145460E-07,-1.102822E+02,+2.905997E+00
+6.755371E+02,-2.283178E-06,+7.354294E-07,-1.124005E+02,+2.829979E+00
+6.757812E+02,-5.006740E-07,-2.162356E-07,-1.252661E+02,-2.733901E+00
+6.760254E+02,+5.339432E-06,+1.646089E-06,-1.050558E+02,+2.990441E-01
+6.762695E+02,-1.407268E-06,-3.315870E-06,-1.088688E+02,-1.972162E+00
+6.765137E+02,+1.725866E-06,+5.667178E-07,-1.148151E+02,+3.172744E-01
+6.767578E+02,-4.370630E-06,-3.628126E-07,-1.071593E+02,-3.058771E+00
+6.770020E+02,+3.888611E-07,+3.524372E-06,-1.090058E+02,+1.460906E+00
+6.772461E+02,+2.770367E-06,-2.499645E-06,-1.085626E+02,-7.340729E-01
+6.774902E+02,+1.059612E-06,-3.060655E-06,-1.097921E+02,-1.237507E+00
+6.777344E+02,-1.632200E-06,+6.420950E-06,-1.035761E+02,+1.819723E+00
+6.779785E+02,+2.601327E-06,-6.769466E-06,-1.027908E+02,-1.203920E+00
+6.782227E+02,-5.299257E-06,+8.376608E-06,-1.000767E+02,+2.134861E+00
+6.784668E+02,+3.037178E-06,-1.168928E-05,-9.836053E+01,-1.316591E+00
+6.787109E+02,-5.204049E-06,+9.777949E-06,-9.911189E+01,+2.059889E+00
+6.789551E+02,+6.842778E-06,-1.736181E-06,-1.030244E+02,-2.484811E-01
+6.791992E+02,-1.301495E-06,-6.552369E-06,-1.035040E+02,-1.766874E+00
+6.794434E+02,-6.560692E-06,+6.698787E-06,-1.005593E+02,+2.345780E+00
+6.796875E+02,+5.467086E-06,-3.186831E-06,-1.039745E+02,-5.277601E-01
+6.799316E+02,+3.543529E-06,+1.315612E-06,-1.084505E+02,+3.554981E-01
+6.801758E+02,-3.683744E-06,-1.874218E-07,-1.086630E+02,-3.090758E+00
+6.804199E+02,-6.619733E-07,-7.140875E-07,-1.202313E+02,-2.318341E+00
+6.806641E+02,-4.265241E-06,+9.618838E-07,-1.071857E+02,+2.919786E+00
+6.809082E+02,+5.862418E-06,-4.186889E-06,-1.028485E+02,-6.201872E-01
+6.811523E+02,+3.177603E-06,+7.363036E-06,-1.019171E+02,+1.163381E+00
+6.813965E+02,-5.522084E-06,-5.671640E-06,-1.020300E+02,-2.342834E+00
+6.816406E+02,-8.520868E-07,+4.743614E-06,-1.063399E+02,+1.748529E+00
+6.818848E+02,-9.780299E-07,-5.035337E-06,-1.057986E+02,-1.762641E+00
+6.821289E+02,+6.759921E-06,+4.029931E-06,-1.020805E+02,+5.375842E-01
+6.823730E+02,-6.769022E-06,-1.789449E-06,-1.030961E+02,-2.883146E+00
+6.826172E+02,+6.301843E-06,-2.709279E-06,-1.032741E+02,-4.060293E-01
+6.828613E+02,-8.530788E-06,+1.750857E-06,-1.012010E+02,+2.939164E+00
+6.831055E+02,+7.099200E-06,+3.392707E-07,-1.029659E+02,+4.775366E-02
+6.833496E+02,-5.985150E-06,+1.436747E-06,-1.042152E+02,+2.905998E+00
+6.835938E+02,+9.344574E-06,-2.130490E-06,-1.003687E+02,-2.241606E-01
+6.838379E+02,-1.088319E-05,+1.718068E-06,-9.915797E+01,+2.985020E+00
+6.840820E+02,+6.796633E-06,-3.094712E-06,-1.025359E+02,-4.272777E-01
+6.843262E+02,-4.637036E-06,+4.130012E-06,-1.041387E+02,+2.413963E+00
+6.845703E+02,+5.488884E-06,-1.151935E-06,-1.050231E+02,-2.068647E-01
+6.848145E+02,-9.710965E-06,+1.113255E-07,-1.002542E+02,+3.130129E+00
+6.850586E+02,+1.643483E-05,-4.147603E-06,-9.541655E+01,-2.472048E-01
+6.853027E+02,-1.926079E-05,+4.601507E-06,-9.406546E+01,+2.907083E+00
+6.855469E+02,+1.157374E-05,-2.047716E-06,-9.859666E+01,-1.751155E-01
+6.857910E+02,+1.521270E-07,+9.622313E-07,-1.202272E+02,+1.413996E+00
+6.860352E+02,+1.488287E-06,-1.136242E-06,-1.145518E+02,-6.520575E-01
+6.862793E+02,-1.242541E-05,+6.201228E-07,-9.810298E+01,+3.091726E+00
+6.865234E+02,+1.442447E-05,+7.603117E-07,-9.680595E+01,+5.266113E-02
+6.867676E+02,-1.010733E-05,-1.225136E-06,-9.984393E+01,-3.020968E+00
+6.870117E+02,+5.495066E-06,+5.771098E-06,-1.019722E+02,+8.098943E-01
+6.872559E+02,-3.114982E-06,-1.006203E-05,-9.954881E+01,-1.871017E+00
+6.875000E+02,+4.182733E-06,+7.148791E-06,-1.016367E+02,+1.041407E+00
+6.877441E+02,-6.857335E-06,-3.509782E-06,-1.022664E+02,-2.668527E+00
+6.879883E+02,+5.076822E-06,+5.479840E-06,-1.025334E+02,+8.235562E-01
+6.882324E+02,-1.814637E-06,-5.059665E-06,-1.053921E+02,-1.915154E+00
+6.884766E+02,+1.139334E-06,-8.200946E-08,-1.188445E+02,-7.185625E-02
+6.887207E+02,+7.341490E-08,+5.485501E-06,-1.052149E+02,+1.557414E+00
+6.889648E+02,-6.394034E-06,-8.840905E-06,-9.924287E+01,-2.196945E+00
+6.892090E+02,+8.954429E-06,+1.068954E-05,-9.711197E+01,+8.734974E-01
+6.894531E+02,-6.070479E-06,-9.331630E-06,-9.906823E+01,-2.147542E+00
+6.896973E+02,+2.742142E-06,+6.534609E-06,-1.029912E+02,+1.173480E+00
+6.899414E+02,+8.097278E-07,-4.989683E-06,-1.059256E+02,-1.409918E+00
+6.901855E+02,+5.133189E-07,+1.200744E-06,-1.176820E+02,+1.166810E+00
+6.904297E+02,-3.764940E-07,+5.700859E-07,-1.233092E+02,+2.154459E+00
+6.906738E+02,-5.148651E-06,+5.918450E-06,-1.021087E+02,+2.286749E+00
+6.909180E+02,+6.753937E-06,-3.336680E-06,-1.024604E+02,-4.588641E-01
+6.911621E+02,-4.131820E-06,-7.700857E-06,-1.011705E+02,-2.063247E+00
+6.914062E+02,-1.342543E-06,+1.244460E-05,-9.805013E+01,+1.678262E+00
+6.916504E+02,+2.698574E-06,-1.004817E-05,-9.965580E+01,-1.308424E+00
+6.918945E+02,+4.772144E-06,+7.082186E-06,-1.013709E+02,+9.778553E-01
+6.921387E+02,-4.954101E-06,-5.350034E-06,-1.027437E+02,-2.317789E+00
+6.923828E+02,-3.692523E-06,+4.810421E-06,-1.043445E+02,+2.225472E+00
+6.926270E+02,+4.263175E-06,-1.709425E-06,-1.067578E+02,-3.813463E-01
+6.928711E+02,-2.478871E-06,-4.766178E-06,-1.053968E+02,-2.050391E+00
+6.931152E+02,+4.696694E-06,+6.919550E-06,-1.015528E+02,+9.744700E-01
+6.933594E+02,-3.899174E-07,-2.543509E-06,-1.117905E+02,-1.722911E+00
+6.936035E+02,-6.696375E-06,-8.802117E-08,-1.034825E+02,-3.128449E+00
+6.938477E+02,+6.308303E-06,-2.370299E-06,-1.034282E+02,-3.594216E-01
+6.940918E+02,-3.674185E-06,+1.256152E-06,-1.082167E+02,+2.812165E+00
+6.943359E+02,+3.972933E-06,+2.616594E-06,-1.064530E+02,+5.824008E-01
+6.945801E+02,-1.105465E-06,-1.483557E-06,-1.146559E+02,-2.211183E+00
+6.948242E+02,+3.656189E-07,+1.777117E-06,-1.148256E+02,+1.367890E+00
+6.950684E+02,-1.592522E-06,-3.435196E-06,-1.084355E+02,-2.004894E+00
+6.953125E+02,-3.595983E-07,+4.998241E-06,-1.060012E+02,+1.642617E+00
+6.955566E+02,+1.889787E-06,-2.904494E-06,-1.092055E+02,-9.939696E-01
+6.958008E+02,-1.991431E-06,+5.276561E-07,-1.137220E+02,+2.882581E+00
+6.960449E+02,+1.243311E-06,+5.099047E-07,-1.174332E+02,+3.891985E-01
+6.962891E+02,-1.770712E-06,-5.121620E-06,-1.053215E+02,-1.903664E+00
+6.965332E+02,+6.034567E-06,+4.379233E-06,-1.025497E+02,+6.277612E-01
+6.967773E+02,-5.624049E-06,+3.982953E-06,-1.032336E+02,+2.525384E+00
+6.970215E+02,+2.241180E-06,-6.167360E-06,-1.036593E+02,-1.222240E+00
+6.972656E+02,-5.680370E-06,+3.948559E-06,-1.032005E+02,+2.534147E+00
+6.975098E+02,+8.627952E-06,-8.664189E-07,-1.012383E+02,-1.000845E-01
+6.977539E+02,-4.927938E-06,-6.497987E-09,-1.061467E+02,-3.140274E+00
+6.979980E+02,+2.793450E-06,-4.092526E-06,-1.060991E+02,-9.718621E-01
+6.982422E+02,+8.533125E-07,+7.360326E-06,-1.026041E+02,+1.455378E+00
+6.984863E+02,-4.903948E-06,-3.003774E-06,-1.048055E+02,-2.592017E+00
+6.987305E+02,+3.454653E-06,-4.283544E-06,-1.051880E+02,-8.921081E-01
+6.989746E+02,+1.072722E-06,+7.378732E-07,-1.177078E+02,+6.025257E-01
+6.992188E+02,-1.279893E-06,+5.491916E-06,-1.049758E+02,+1.799760E+00
+6.994629E+02,+4.312026E-07,-3.867067E-06,-1.081987E+02,-1.459749E+00
+6.997070E+02,-1.661889E-06,-9.146816E-07,-1.144388E+02,-2.638453E+00
+6.999512E+02,+5.586293E-09,+3.966576E-07,-1.280308E+02,+1.556714E+00
+7.001953E+02,+4.122034E-06,+8.440044E-07,-1.075194E+02,+2.019629E-01
+7.004395E+02,-1.703089E-06,+7.365259E-06,-1.024300E+02,+1.798035E+00
+7.006836E+02,-1.004481E-06,-1.166036E-05,-9.863365E+01,-1.656729E+00
+7.009277E+02,-5.653547E-06,+1.419579E-06,-1.046880E+02,+2.895583E+00
+7.011719E+02,+1.198073E-05,+8.154793E-06,-9.677701E+01,+5.976273E-01
+7.014160E+02,-1.213639E-05,-2.009372E-07,-9.831702E+01,-3.125038E+00
+7.016602E+02,+1.212056E-05,-8.956427E-06,-9.643734E+01,-6.363882E-01
+7.019043E+02,-5.840803E-06,+1.084420E-06,-1.045234E+02,+2.958020E+00
+7.021484E+02,-3.577770E-06,+8.808735E-06,-1.004386E+02,+1.956603E+00
+7.023926E+02,+6.499835E-06,-9.013874E-06,-9.908340E+01,-9.460542E-01
+7.026367E+02,-4.491516E-06,+7.246637E-06,-1.013854E+02,+2.125653E+00
+7.028809E+02,+7.227105E-06,-6.522570E-06,-1.002331E+02,-7.342029E-01
+7.031250E+02,-1.480551E-05,+8.183827E-07,-9.657829E+01,+3.086373E+00
+7.033691E+02,+1.255457E-05,+1.357905E-07,-9.802345E+01,+1.081560E-02
+7.036133E+02,-5.949980E-06,+3.040238E-06,-1.035022E+02,+2.669211E+00
+7.038574E+02,+3.648768E-06,+1.234199E-06,-1.082866E+02,+3.261697E-01
+7.041016E+02,+2.012572E-06,-6.308971E-06,-1.035799E+02,-1.261999E+00
+7.043457E+02,-1.017963E-06,+2.936811E-06,-1.101497E+02,+1.904459E+00
+7.045898E+02,-2.932710E-06,+3.616021E-06,-1.066401E+02,+2.252228E+00
+7.048340E+02,-3.850581E-07,-8.183281E-06,-1.017318E+02,-1.617816E+00
+7.050781E+02,+1.993179E-06,+6.134364E-06,-1.038087E+02,+1.256637E+00
+7.053223E+02,+1.583153E-06,-4.544248E-07,-1.156657E+02,-2.795228E-01
+7.055664E+02,+9.086532E-08,-1.186134E-06,-1.184919E+02,-1.494339E+00
+7.058105E+02,-3.808673E-06,-2.351817E-06,-1.069817E+02,-2.588412E+00
+7.060547E+02,-1.767569E-06,+1.167178E-06,-1.134808E+02,+2.557991E+00
+7.062988E+02,+6.184561E-06,+4.796614E-06,-1.021285E+02,+6.596715E-01
+7.065430E+02,-1.276299E-06,-5.276027E-06,-1.053069E+02,-1.808142E+00
+7.067871E+02,+1.360775E-06,+3.323854E-06,-1.088942E+02,+1.182216E+00
+7.070312E+02,-9.096027E-06,-2.102795E-06,-1.005969E+02,-2.914406E+00
+7.072754E+02,+1.305290E-05,-3.466929E-06,-9.738980E+01,-2.596120E-01
+7.075195E+02,-8.776486E-06,+1.523018E-06,-1.010047E+02,+2.969770E+00
+7.077637E+02,-1.112104E-06,+4.650811E-06,-1.064079E+02,+1.805509E+00
+7.080078E+02,+8.389042E-06,-1.593496E-06,-1.013718E+02,-1.877134E-01
+7.082520E+02,-1.072686E-05,-7.570062E-06,-9.763535E+01,-2.527044E+00
+7.084961E+02,+8.527217E-06,+1.128200E-05,-9.698976E+01,+9.235777E-01
+7.087402E+02,-9.995233E-07,-5.624694E-06,-1.048630E+02,-1.746663E+00
+7.089844E+02,-1.471249E-06,-1.268167E-06,-1.142333E+02,-2.430192E+00
+7.092285E+02,-5.705551E-06,+8.241563E-07,-1.047844E+02,+2.998137E+00
+7.094727E+02,+6.188273E-06,+4.748392E-06,-1.021580E+02,+6.544948E-01
+7.097168E+02,+3.032945E-06,-8.086702E-06,-1.012730E+02,-1.211979E+00
+7.099609E+02,-3.427107E-06,+7.027093E-06,-1.021378E+02,+2.024555E+00
+7.102051E+02,-2.077128E-06,-7.752063E-06,-1.019105E+02,-1.832592E+00
+7.104492E+02,+3.592237E-06,+2.811734E-06,-1.068173E+02,+6.641184E-01
+7.106934E+02,-4.404706E-06,+5.586559E-06,-1.029575E+02,+2.238453E+00
+7.109375E+02,+1.905478E-06,-7.627010E-06,-1.020900E+02,-1.325975E+00
+7.111816E+02,+3.664710E-07,+9.646870E-06,-1.003060E+02,+1.532826E+00
+7.114258E+02,-1.290628E-06,-1.171494E-05,-9.857280E+01,-1.680523E+00
+7.116699E+02,-2.042491E-06,+6.406100E-06,-1.034477E+02,+1.879442E+00
+7.119141E+02,+5.842959E-06,-2.772305E-07,-1.046576E+02,-4.741137E-02
+7.121582E+02,-3.857384E-06,+2.812961E-07,-1.082511E+02,+3.068798E+00
+7.124023E+02,+8.765720E-07,-4.508989E-06,-1.067573E+02,-1.378786E+00
+7.126465E+02,-1.933899E-06,+3.692451E-06,-1.076010E+02,+2.053258E+00
+7.128906E+02,+5.099017E-06,+6.458963E-08,-1.058496E+02,+1.266640E-02
+7.131348E+02,-7.689666E-06,+1.846778E-06,-1.020383E+02,+2.905893E+00
+7.133789E+02,+6.440253E-06,-1.783454E-06,-1.035011E+02,-2.701530E-01
+7.136230E+02,-1.837405E-06,-2.494955E-06,-1.101769E+02,-2.205568E+00
+7.138672E+02,-1.920700E-06,+1.450621E-06,-1.123707E+02,+2.494736E+00
+7.141113E+02,-8.490949E-07,+4.970855E-07,-1.201410E+02,+2.611955E+00
+7.143555E+02,+1.109474E-06,-3.769908E-06,-1.081126E+02,-1.284580E+00
+7.145996E+02,-1.216663E-07,+6.963986E-06,-1.031415E+02,+1.588265E+00
+7.148438E+02,+4.798706E-06,-6.001052E-06,-1.022885E+02,-8.962725E-01
+7.150879E+02,-5.046239E-06,+5.440808E-06,-1.025911E+02,+2.318588E+00
+7.153320E+02,+3.282195E-07,-3.883401E-06,-1.081848E+02,-1.486478E+00
+7.155762E+02,+1.021234E-06,+1.780091E-06,-1.137555E+02,+1.049941E+00
+7.158203E+02,-3.486246E-06,-3.063057E-07,-1.091194E+02,-3.053957E+00
+7.160645E+02,+3.831836E-06,+4.429584E-06,-1.046465E+02,+8.576264E-01
+7.163086E+02,+3.068857E-06,-7.870892E-06,-1.014649E+02,-1.199028E+00
+7.165527E+02,-6.895949E-06,+2.942873E-06,-1.025015E+02,+2.738237E+00
+7.167969E+02,+2.154552E-06,+2.555570E-06,-1.095183E+02,+8.703329E-01
+7.170410E+02,-3.074417E-06,-3.683236E-06,-1.063793E+02,-2.266344E+00
+7.172852E+02,+6.506224E-06,+1.332576E-06,-1.035550E+02,+2.020216E-01
+7.175293E+02,-6.600143E-06,+3.964234E-07,-1.035933E+02,+3.081602E+00
+7.177734E+02,+7.315947E-06,+3.290722E-06,-1.019144E+02,+4.226886E-01
+7.180176E+02,-3.168550E-06,-7.505091E-06,-1.017805E+02,-1.970282E+00
+7.182617E+02,-4.313303E-06,+6.413052E-06,-1.022379E+02,+2.162883E+00
+7.185059E+02,+4.292278E-06,-3.517836E-06,-1.051147E+02,-6.865624E-01
+7.187500E+02,-1.385048E-06,+1.742529E-06,-1.130498E+02,+2.242389E+00
+7.189941E+02,-1.839704E-07,-4.860212E-06,-1.062607E+02,-1.608631E+00
+7.192383E+02,-2.044992E-06,+9.613311E-06,-1.001503E+02,+1.780397E+00
+7.194824E+02,+3.561941E-06,-7.428677E-06,-1.016831E+02,-1.123695E+00
+7.197266E+02,-9.501302E-08,+6.032827E-06,-1.043885E+02,+1.586544E+00
+7.199707E+02,-5.941140E-06,-3.199585E-06,-1.034166E+02,-2.647585E+00
+7.202148E+02,+9.276791E-06,-2.228206E-06,-1.004084E+02,-2.357260E-01
+7.204590E+02,-4.148967E-06,+5.052260E-06,-1.036917E+02,+2.258337E+00
+7.207031E+02,-7.149053E-08,-1.722226E-06,-1.152707E+02,-1.612283E+00
+7.209473E+02,-3.959441E-06,-2.315198E-06,-1.067701E+02,-2.612478E+00
+7.211914E+02,+3.819375E-06,+4.905303E-06,-1.041286E+02,+9.092276E-01
+7.214355E+02,-1.762924E-07,-4.946854E-06,-1.061079E+02,-1.606418E+00
+7.216797E+02,+1.844505E-07,+2.378309E-06,-1.124486E+02,+1.493396E+00
+7.219238E+02,-4.310924E-06,-5.459374E-07,-1.072395E+02,-3.015623E+00
+7.221680E+02,+6.791109E-06,-1.979403E-07,-1.033575E+02,-2.913873E-02
+7.224121E+02,-2.760876E-06,+4.753074E-06,-1.051979E+02,+2.097024E+00
+7.226562E+02,+1.553798E-06,-3.866435E-06,-1.076036E+02,-1.188680E+00
+7.229004E+02,+7.948297E-07,-3.925352E-06,-1.079479E+02,-1.371011E+00
+7.231445E+02,-4.431649E-06,+2.354092E-06,-1.059892E+02,+2.653298E+00
+7.233887E+02,+6.650720E-07,+5.433313E-06,-1.052341E+02,+1.448996E+00
+7.236328E+02,+3.171745E-06,-2.125296E-06,-1.083634E+02,-5.903561E-01
+7.238770E+02,+2.283166E-08,-2.639772E-06,-1.115683E+02,-1.562147E+00
+7.241211E+02,-3.459179E-06,-1.616222E-06,-1.083630E+02,-2.704505E+00
+7.243652E+02,+3.006247E-06,+4.359891E-06,-1.055213E+02,+9.671363E-01
+7.246094E+02,-4.108787E-06,-2.861944E-06,-1.060080E+02,-2.533191E+00
+7.248535E+02,+6.843116E-06,+4.270418E-06,-1.018665E+02,+5.579128E-01
+7.250977E+02,-5.712354E-06,-5.335340E-06,-1.021398E+02,-2.390307E+00
+7.253418E+02,+1.452564E-06,+5.552277E-06,-1.048231E+02,+1.314915E+00
+7.255859E+02,+9.168816E-08,-1.405466E-06,-1.170251E+02,-1.505652E+00
+7.258301E+02,+1.093670E-06,-3.274312E-06,-1.092382E+02,-1.248432E+00
+7.260742E+02,-1.586379E-06,-3.048713E-07,-1.158344E+02,-2.951727E+00
+7.263184E+02,+3.254782E-06,+2.459211E-06,-1.077881E+02,+6.470556E-01
+7.265625E+02,+1.199927E-06,+5.894605E-07,-1.174781E+02,+4.566207E-01
+7.268066E+02,-4.097456E-06,-8.075324E-07,-1.075842E+02,-2.947005E+00
+7.270508E+02,+9.888391E-07,+5.249840E-07,-1.190191E+02,+4.880683E-01
+7.272949E+02,+9.899812E-07,-9.259053E-07,-1.173580E+02,-7.519661E-01
+7.275391E+02,-4.586748E-06,+3.156409E-06,-1.050862E+02,+2.538858E+00
+7.277832E+02,+8.906363E-06,-2.824258E-06,-1.005899E+02,-3.070752E-01
+7.280273E+02,-7.538543E-06,+1.391799E-06,-1.023087E+02,+2.959024E+00
+7.282715E+02,+5.661858E-06,-3.799162E-06,-1.033264E+02,-5.910034E-01
+7.285156E+02,-4.193359E-06,+1.664036E-06,-1.069137E+02,+2.763825E+00
+7.287598E+02,+4.218920E-06,+2.839290E-06,-1.058736E+02,+5.923674E-01
+7.290039E+02,-4.874251E-06,-7.257794E-06,-1.011671E+02,-2.162199E+00
+7.292480E+02,+2.833265E-06,+1.271817E-05,-9.770116E+01,+1.351603E+00
+7.294922E+02,-1.053057E-06,-6.263991E-06,-1.039419E+02,-1.737352E+00
+7.297363E+02,+7.122193E-07,-4.381371E-06,-1.070545E+02,-1.409650E+00
+7.299805E+02,+1.076188E-06,+5.956403E-06,-1.043608E+02,+1.392047E+00
+7.302246E+02,-2.063660E-07,-6.261644E-06,-1.040615E+02,-1.603742E+00
+7.304688E+02,-2.222776E-06,+7.782511E-06,-1.018370E+02,+1.849001E+00
+7.307129E+02,+1.656922E-06,-3.974159E-06,-1.073191E+02,-1.175786E+00
+7.309570E+02,+1.937479E-07,-3.713046E-06,-1.085936E+02,-1.518663E+00
+7.312012E+02,+4.093977E-06,+4.938636E-06,-1.038562E+02,+8.786392E-01
+7.314453E+02,-1.075977E-05,-4.207936E-06,-9.874586E+01,-2.768799E+00
+7.316895E+02,+1.025753E-05,+5.526972E-06,-9.867214E+01,+4.942198E-01
+7.319336E+02,-5.768048E-06,-4.337466E-06,-1.028330E+02,-2.496825E+00
+7.321777E+02,+8.377340E-06,+2.180202E-06,-1.012533E+02,+2.546022E-01
+7.324219E+02,-8.264142E-06,+1.074651E-06,-1.015832E+02,+3.012280E+00
+7.326660E+02,+1.564269E-06,-5.170253E-06,-1.053494E+02,-1.277000E+00
+7.329102E+02,-5.299429E-07,+3.286095E-06,-1.095549E+02,+1.730688E+00
+7.331543E+02,+1.457147E-07,+4.166915E-06,-1.075984E+02,+1.535841E+00
+7.333984E+02,+3.391099E-06,-5.241074E-06,-1.040929E+02,-9.965162E-01
+7.336426E+02,+1.900543E-06,+1.502480E-06,-1.123140E+02,+6.689540E-01
+7.338867E+02,-5.396765E-06,+7.575946E-07,-1.052726E+02,+3.002125E+00
+7.341309E+02,+6.963472E-07,-4.435658E-06,-1.069551E+02,-1.415079E+00
+7.343750E+02,+1.161616E-06,+2.817589E-06,-1.103207E+02,+1.179755E+00
+7.346191E+02,+1.174118E-06,+4.727228E-06,-1.062479E+02,+1.327349E+00
+7.348633E+02,-4.881048E-06,-7.373329E-06,-1.010685E+02,-2.155552E+00
+7.351074E+02,+9.282395E-06,-2.363077E-06,-1.003741E+02,-2.492811E-01
+7.353516E+02,-5.880158E-06,+5.592435E-06,-1.018143E+02,+2.381269E+00
+7.355957E+02,-2.268731E-07,+1.425081E-06,-1.168145E+02,+1.728672E+00
+7.358398E+02,+1.190499E-06,-7.204871E-06,-1.027305E+02,-1.407041E+00
+7.360840E+02,-1.931867E-06,+1.225718E-05,-9.812563E+01,+1.727121E+00
+7.363281E+02,+3.991096E-06,-1.249294E-05,-9.764465E+01,-1.261576E+00
+7.365723E+02,-3.346761E-06,-2.149315E-09,-1.095075E+02,-3.140950E+00
+7.368164E+02,-2.434519E-06,+1.185069E-05,-9.834560E+01,+1.773410E+00
+7.370605E+02,+7.110143E-06,-1.174595E-05,-9.724639E+01,-1.026469E+00
+7.373047E+02,+5.681209E-07,+3.307961E-06,-1.094825E+02,+1.400712E+00
+7.375488E+02,-7.109380E-06,+1.733691E-06,-1.027125E+02,+2.902401E+00
+7.377930E+02,-3.399188E-06,+1.287671E-07,-1.093663E+02,+3.103729E+00
+7.380371E+02,+9.124889E-06,+6.642707E-07,-1.007725E+02,+7.266948E-02
+7.382812E+02,-5.282021E-06,-5.786437E-06,-1.021196E+02,-2.310654E+00
+7.385254E+02,+6.785216E-06,+1.194412E-05,-9.724225E+01,+1.054178E+00
+7.387695E+02,-8.471343E-06,-1.322863E-05,-9.607726E+01,-2.140378E+00
+7.390137E+02,+8.372897E-06,+4.717495E-07,-1.015287E+02,+5.628294E-02
+7.392578E+02,-4.925322E-06,+8.015188E-06,-1.005305E+02,+2.121809E+00
+7.395020E+02,-2.790445E-06,-4.478225E-06,-1.055531E+02,-2.128038E+00
+7.397461E+02,+3.150514E-06,-1.253681E-06,-1.093940E+02,-3.787196E-01
+7.399902E+02,+1.866424E-06,+7.318634E-06,-1.024378E+02,+1.321095E+00
+7.402344E+02,-2.267519E-06,-8.865472E-06,-1.007708E+02,-1.821198E+00
+7.404785E+02,+3.028590E-06,+7.853582E-07,-1.100926E+02,+2.537262E-01
+7.407227E+02,-5.743530E-06,+9.831905E-07,-1.046910E+02,+2.972054E+00
+7.409668E+02,+3.394664E-06,+1.167034E-06,-1.088989E+02,+3.311274E-01
+7.412109E+02,-5.863745E-06,+8.126873E-07,-1.045539E+02,+3.003875E+00
+7.414551E+02,+9.255548E-06,-1.884436E-06,-1.004956E+02,-2.008553E-01
+7.416992E+02,-4.188058E-06,+2.856412E-06,-1.059008E+02,+2.543024E+00
+7.419434E+02,-1.038883E-06,-4.275111E-06,-1.071319E+02,-1.809183E+00
+7.421875E+02,-2.355735E-06,+5.676840E-06,-1.042278E+02,+1.964143E+00
+7.424316E+02,+1.001354E-05,-5.111931E-06,-9.898243E+01,-4.720136E-01
+7.426758E+02,-1.173882E-05,+3.700343E-06,-9.819609E+01,+2.836229E+00
+7.429199E+02,+5.947059E-06,-1.466797E-06,-1.042575E+02,-2.418161E-01
+7.431641E+02,-6.611446E-07,-5.401260E-06,-1.052855E+02,-1.692596E+00
+7.434082E+02,+4.355061E-07,+4.938408E-06,-1.060946E+02,+1.482836E+00
+7.436523E+02,-2.138887E-06,+6.042369E-06,-1.038632E+02,+1.911014E+00
+7.438965E+02,+1.090689E-06,-1.338220E-05,-9.744070E+01,-1.489473E+00
+7.441406E+02,-3.197522E-06,+8.387856E-06,-1.009377E+02,+1.934999E+00
+7.443848E+02,+3.942091E-06,-2.214565E-06,-1.068943E+02,-5.118379E-01
+7.446289E+02,-2.092293E-06,+2.727267E-06,-1.092754E+02,+2.225199E+00
+7.448730E+02,-1.523110E-06,+2.498752E-06,-1.106734E+02,+2.118207E+00
+7.451172E+02,+3.327951E-06,-6.476153E-06,-1.027560E+02,-1.096108E+00
+7.453613E+02,-3.869445E-06,-3.120535E-06,-1.060712E+02,-2.462928E+00
+7.456055E+02,+2.902058E-06,+9.823309E-06,-9.979144E+01,+1.283541E+00
+7.458496E+02,+7.344335E-07,-6.371517E-06,-1.038578E+02,-1.456035E+00
+7.460938E+02,-4.070184E-06,-1.268928E-06,-1.074049E+02,-2.839380E+00
+7.463379E+02,+1.768258E-06,+1.060667E-05,-9.936936E+01,+1.405604E+00
+7.465820E+02,+2.891419E-06,-1.299753E-05,-9.751301E+01,-1.351902E+00
+7.468262E+02,-2.859526E-06,+8.145669E-06,-1.012768E+02,+1.908405E+00
+7.470703E+02,+4.157689E-07,-5.625673E-06,-1.049729E+02,-1.497025E+00
+7.473145E+02,+7.221268E-07,+5.845340E-06,-1.045980E+02,+1.447880E+00
+7.475586E+02,-5.289364E-06,-1.569836E-06,-1.051653E+02,-2.853082E+00
+7.478027E+02,+9.998358E-06,-1.147007E-06,-9.994464E+01,-1.142202E-01
+7.480469E+02,-7.790401E-06,-2.643650E-06,-1.016954E+02,-2.814440E+00
+7.482910E+02,+2.870877E-06,+6.997104E-06,-1.024259E+02,+1.181447E+00
+7.485352E+02,-2.052600E-06,-2.901515E-06,-1.089853E+02,-2.186487E+00
+7.487793E+02,+5.968909E-06,-2.559989E-06,-1.037488E+02,-4.051585E-01
+7.490234E+02,-6.396968E-06,+1.385806E-06,-1.036813E+02,+2.928255E+00
+7.492676E+02,-4.952052E-06,+2.700531E-07,-1.060914E+02,+3.087113E+00
+7.495117E+02,+7.134926E-06,-3.088335E-06,-1.021864E+02,-4.084988E-01
+7.497559E+02,-1.098315E-06,-4.082466E-07,-1.186234E+02,-2.785716E+00
+7.500000E+02,-2.430280E-07,+8.757263E-06,-1.011493E+02,+1.598541E+00
+7.502441E+02,+7.195328E-08,-3.291761E-06,-1.096494E+02,-1.548941E+00
+7.504883E+02,-2.097813E-06,-3.079148E-06,-1.085755E+02,-2.168859E+00
+7.507324E+02,+3.449449E-06,+5.410534E-06,-1.038539E+02,+1.003228E+00
+7.509766E+02,-8.116475E-06,-3.330901E-06,-1.011367E+02,-2.752164E+00
+7.512207E+02,+9.052918E-06,-3.040625E-06,-1.004000E+02,-3.240339E-01
+7.514648E+02,-2.229778E-06,+3.151303E-06,-1.082674E+02,+2.186587E+00
+7.517090E+02,-3.430943E-06,+9.853827E-07,-1.089475E+02,+2.861916E+00
+7.519531E+02,+8.297223E-06,+6.358974E-07,-1.015959E+02,+7.649027E-02
+7.521973E+02,-1.127096E-05,-3.605248E-06,-9.853771E+01,-2.832007E+00
+7.524414E+02,+1.080838E-05,+4.198705E-06,-9.871438E+01,+3.705252E-01
+7.526855E+02,-5.340858E-06,-2.943778E-06,-1.042957E+02,-2.637844E+00
+7.529297E+02,-2.394939E-07,+7.379936E-06,-1.026344E+02,+1.603237E+00
+7.531738E+02,-5.188997E-07,-7.225070E-06,-1.028008E+02,-1.642493E+00
+7.534180E+02,+5.873073E-06,-4.408031E-06,-1.026822E+02,-6.438526E-01
+7.536621E+02,-6.796967E-06,+9.915364E-06,-9.840092E+01,+2.171723E+00
+7.539062E+02,+3.613987E-06,-5.475594E-06,-1.036610E+02,-9.874113E-01
+7.541504E+02,-3.241505E-06,+5.643384E-06,-1.037309E+02,+2.092172E+00
+7.543945E+02,+5.339427E-08,-4.739961E-06,-1.064840E+02,-1.559532E+00
+7.546387E+02,+5.084657E-06,+4.692290E-06,-1.031992E+02,+7.452879E-01
+7.548828E+02,-4.837046E-06,-1.103346E-05,-9.838230E+01,-1.983960E+00
+7.551270E+02,+5.272326E-06,+1.074159E-05,-9.844120E+01,+1.114509E+00
+7.553711E+02,-7.216974E-06,-2.599836E-06,-1.023030E+02,-2.795825E+00
+7.556152E+02,+3.899194E-06,+3.522477E-06,-1.055891E+02,+7.346826E-01
+7.558594E+02,+3.348100E-06,-5.938564E-06,-1.033277E+02,-1.057428E+00
+7.561035E+02,-3.579083E-06,+2.401481E-06,-1.073103E+02,+2.550612E+00
+7.563477E+02,+1.072971E-06,+1.983256E-06,-1.129375E+02,+1.074878E+00
+7.565918E+02,-2.365070E-06,-1.850638E-06,-1.104487E+02,-2.477622E+00
+7.568359E+02,+7.321388E-06,-2.715001E-06,-1.021486E+02,-3.551111E-01
+7.570801E+02,-5.968676E-06,+4.554563E-06,-1.024896E+02,+2.489774E+00
+7.573242E+02,+1.976997E-06,+6.760730E-07,-1.135996E+02,+3.295030E-01
+7.575684E+02,-4.059153E-06,-7.685073E-06,-1.012184E+02,-2.056738E+00
+7.578125E+02,+3.490031E-06,+9.803600E-06,-9.965408E+01,+1.228791E+00
+7.580566E+02,-3.359152E-07,-3.825655E-06,-1.083125E+02,-1.658378E+00
+7.583008E+02,-1.449110E-06,-2.725083E-06,-1.102109E+02,-2.059534E+00
+7.585449E+02,+5.906270E-06,+2.629337E-06,-1.037885E+02,+4.188362E-01
+7.587891E+02,-3.187359E-06,+2.947874E-06,-1.072471E+02,+2.395209E+00
+7.590332E+02,-2.699614E-06,-1.501746E-06,-1.102031E+02,-2.633939E+00
+7.592773E+02,+5.499265E-06,-3.133478E-06,-1.039728E+02,-5.179172E-01
+7.595215E+02,-2.470612E-06,+2.832708E-06,-1.084991E+02,+2.288023E+00
+7.597656E+02,-2.659717E-06,-1.430485E-06,-1.103999E+02,-2.648138E+00
+7.600098E+02,+1.314281E-06,+2.079946E-06,-1.121799E+02,+1.007263E+00
+7.602539E+02,+1.397072E-06,-3.991177E-06,-1.074760E+02,-1.234086E+00
+7.604980E+02,+4.738149E-06,+3.800252E-06,-1.043307E+02,+6.759922E-01
+7.607422E+02,-5.025145E-06,-8.293860E-06,-1.002669E+02,-2.115533E+00
+7.609863E+02,+2.649545E-06,+1.471278E-05,-9.650750E+01,+1.392622E+00
+7.612305E+02,-4.368902E-06,-1.280636E-05,-9.737335E+01,-1.899566E+00
+7.614746E+02,+5.849356E-06,+6.765695E-06,-1.009697E+02,+8.579094E-01
+7.617188E+02,-5.383940E-06,-1.836750E-06,-1.048999E+02,-2.812820E+00
+7.619629E+02,+9.318174E-07,-7.241751E-06,-1.027318E+02,-1.442827E+00
+7.622070E+02,+4.929695E-06,+7.323508E-06,-1.010826E+02,+9.783304E-01
+7.624512E+02,-4.591556E-06,+4.828727E-06,-1.035263E+02,+2.331023E+00
+7.626953E+02,+4.369339E-06,-9.650748E-06,-9.949899E+01,-1.145661E+00
+7.629395E+02,-2.673865E-06,+5.021309E-06,-1.048995E+02,+2.060107E+00
+7.631836E+02,+2.876193E-07,-3.227387E-06,-1.097886E+02,-1.481913E+00
+7.634277E+02,+2.432197E-06,+2.039840E-06,-1.099669E+02,+6.978866E-01
+7.636719E+02,-8.170463E-07,+1.633846E-06,-1.147664E+02,+2.034504E+00
+7.639160E+02,-5.799624E-06,-4.584769E-06,-1.026236E+02,-2.472654E+00
+7.641602E+02,+6.805982E-06,-9.375712E-07,-1.032605E+02,-1.368953E-01
+7.644043E+02,-3.669855E-06,+9.094801E-07,-1.084482E+02,+2.898663E+00
+7.646484E+02,-9.404679E-08,+5.287605E-06,-1.055334E+02,+1.588581E+00
+7.648926E+02,+1.045717E-07,-4.816911E-06,-1.063426E+02,-1.549091E+00
+7.651367E+02,-6.038600E-07,+5.701343E-06,-1.048320E+02,+1.676318E+00
+7.653809E+02,+1.627154E-06,-1.300011E-05,-9.765355E+01,-1.446279E+00
+7.656250E+02,+5.714666E-06,+9.098632E-06,-9.937634E+01,+1.009985E+00
+7.658691E+02,-6.727210E-06,+1.785666E-06,-1.031476E+02,+2.882137E+00
+7.661133E+02,+1.667775E-06,-3.868162E-06,-1.075095E+02,-1.163724E+00
+7.663574E+02,+6.991743E-07,-2.599307E-06,-1.113995E+02,-1.308031E+00
+7.666016E+02,-5.112215E-06,+1.154763E-06,-1.056117E+02,+2.919438E+00
+7.668457E+02,+4.695029E-06,-7.091741E-07,-1.064693E+02,-1.499146E-01
+7.670898E+02,-4.345802E-06,+7.929374E-06,-1.008745E+02,+2.072152E+00
+7.673340E+02,+3.035158E-06,-9.030774E-06,-1.004207E+02,-1.246566E+00
+7.675781E+02,-2.228071E-06,+2.537472E-06,-1.094298E+02,+2.291361E+00
+7.678223E+02,+1.703595E-06,+5.896580E-06,-1.042398E+02,+1.289542E+00
+7.680664E+02,-3.747507E-06,-2.367905E-06,-1.070662E+02,-2.578074E+00
+7.683105E+02,+6.384787E-06,-1.619812E-06,-1.036262E+02,-2.484567E-01
+7.685547E+02,-1.880836E-06,-5.433467E-07,-1.141649E+02,-2.860363E+00
+7.687988E+02,+2.473347E-06,+3.499891E-06,-1.073597E+02,+9.555929E-01
+7.690430E+02,-2.094023E-06,-4.382151E-06,-1.062731E+02,-2.016570E+00
+7.692871E+02,+1.284217E-06,-1.754352E-06,-1.132542E+02,-9.389035E-01
+7.695312E+02,-6.807251E-06,+5.218124E-06,-1.013331E+02,+2.487581E+00
+7.697754E+02,+5.262642E-06,-2.415617E-06,-1.047456E+02,-4.303231E-01
+7.700195E+02,+4.103611E-06,+3.168939E-06,-1.057054E+02,+6.575782E-01
+7.702637E+02,-2.824661E-06,+1.362998E-06,-1.100716E+02,+2.692014E+00
+7.705078E+02,-6.198844E-06,-9.710488E-06,-9.877066E+01,-2.138949E+00
+7.707520E+02,+9.069146E-06,+6.489606E-06,-9.905304E+01,+6.210992E-01
+7.709961E+02,-5.552652E-07,-2.072152E-06,-1.133704E+02,-1.832611E+00
+7.712402E+02,-3.930482E-06,-1.673349E-06,-1.073877E+02,-2.739099E+00
+7.714844E+02,+1.789958E-06,+2.150643E-06,-1.110628E+02,+8.766742E-01
+7.717285E+02,+3.821769E-06,-1.357638E-06,-1.078386E+02,-3.413337E-01
+7.719727E+02,-2.208869E-06,+1.218675E-06,-1.119625E+02,+2.637431E+00
+7.722168E+02,-1.200282E-06,+1.524621E-06,-1.142422E+02,+2.237724E+00
+7.724609E+02,-1.936311E-06,-4.829824E-06,-1.056741E+02,-1.952085E+00
+7.727051E+02,+7.373027E-06,-4.918197E-06,-1.010485E+02,-5.882698E-01
+7.729492E+02,-1.025495E-05,+9.750731E-06,-9.698447E+01,+2.381393E+00
+7.731934E+02,+4.962381E-06,-8.254648E-06,-1.003262E+02,-1.029523E+00
+7.734375E+02,+2.869388E-06,+1.788114E-06,-1.094193E+02,+5.572816E-01
+7.736816E+02,-2.565373E-06,+4.218946E-06,-1.061295E+02,+2.117121E+00
+7.739258E+02,-2.171052E-06,-5.186453E-06,-1.050014E+02,-1.967234E+00
+7.741699E+02,+4.738645E-06,+2.962009E-07,-1.064700E+02,+6.242629E-02
+7.744141E+02,-1.329495E-05,-2.814817E-06,-9.733582E+01,-2.932953E+00
+7.746582E+02,+7.517665E-06,+3.297355E-06,-1.017142E+02,+4.133453E-01
+7.749023E+02,+4.715514E-06,+6.403041E-06,-1.019904E+02,+9.360243E-01
+7.751465E+02,-2.259236E-06,-1.315708E-05,-9.749061E+01,-1.740850E+00
+7.753906E+02,+9.429430E-07,+4.081087E-06,-1.075586E+02,+1.343729E+00
+7.756348E+02,-7.773567E-06,-2.061308E-07,-1.021845E+02,-3.115082E+00
+7.758789E+02,+3.972108E-06,-2.640889E-06,-1.064298E+02,-5.867497E-01
+7.761230E+02,-1.702731E-06,+6.337443E-06,-1.036590E+02,+1.833275E+00
+7.763672E+02,-1.236631E-06,-5.069688E-06,-1.056494E+02,-1.810051E+00
+7.766113E+02,-1.163429E-06,+7.381908E-06,-1.025301E+02,+1.727116E+00
+7.768555E+02,-3.040184E-06,-8.711629E-06,-1.006989E+02,-1.906562E+00
+7.770996E+02,+6.345489E-06,+6.183776E-06,-1.010511E+02,+7.724921E-01
+7.773438E+02,-8.027834E-06,-5.343498E-06,-1.003152E+02,-2.554314E+00
+7.775879E+02,+7.451984E-06,+7.186897E-06,-9.969872E+01,+7.672917E-01
+7.778320E+02,-7.089187E-06,-5.658898E-06,-1.008471E+02,-2.467924E+00
+7.780762E+02,+4.113123E-06,+5.419754E-06,-1.033450E+02,+9.216151E-01
+7.783203E+02,-2.489492E-06,-1.139994E-06,-1.112510E+02,-2.712170E+00
+7.785645E+02,+8.957730E-07,+4.381362E-07,-1.200245E+02,+4.549019E-01
+7.788086E+02,+6.605470E-07,-3.728205E-06,-1.084358E+02,-1.395440E+00
+7.790527E+02,-2.172225E-06,+2.843386E-06,-1.089267E+02,+2.223170E+00
+7.792969E+02,-1.751034E-06,+2.501199E-06,-1.103049E+02,+2.181575E+00
+7.795410E+02,+7.809764E-07,+8.172822E-07,-1.189351E+02,+8.081101E-01
+7.797852E+02,+1.608760E-06,-6.272201E-06,-1.037749E+02,-1.319718E+00
+7.800293E+02,+2.221880E-06,+8.193260E-06,-1.014227E+02,+1.305981E+00
+7.802734E+02,-7.822905E-06,+1.141963E-06,-1.020411E+02,+2.996640E+00
+7.805176E+02,+8.412114E-06,-9.858962E-06,-9.774787E+01,-8.644211E-01
+7.807617E+02,-7.292615E-06,+1.318477E-05,-9.643935E+01,+2.076024E+00
+7.810059E+02,+9.036515E-06,-1.213797E-05,-9.640186E+01,-9.308352E-01
+7.812500E+02,-9.473883E-06,+3.848965E-06,-9.980598E+01,+2.755692E+00
+7.814941E+02,+6.238673E-06,+1.731957E-06,-1.037757E+02,+2.707970E-01
+7.817383E+02,-7.719767E-06,+3.679174E-06,-1.013590E+02,+2.696847E+00
+7.819824E+02,+7.292909E-06,-1.716885E-06,-1.025077E+02,-2.312084E-01
+7.822266E+02,-4.721684E-06,-3.195401E-06,-1.048805E+02,-2.546642E+00
+7.824707E+02,-1.932121E-06,+3.961763E-06,-1.071156E+02,+2.024549E+00
+7.827148E+02,+6.116806E-06,+2.352630E-06,-1.036703E+02,+3.671755E-01
+7.829590E+02,-8.943804E-06,-6.399485E-06,-9.917412E+01,-2.520525E+00
+7.832031E+02,+8.761152E-06,+8.773479E-06,-9.813236E+01,+7.861012E-01
+7.834473E+02,-4.061564E-06,-4.436873E-06,-1.044151E+02,-2.312061E+00
+7.836914E+02,+5.855398E-06,+6.897216E-06,-1.008694E+02,+8.669116E-01
+7.839355E+02,-5.590889E-06,-7.324885E-06,-1.007103E+02,-2.222738E+00
+7.841797E+02,+1.489602E-06,+5.667231E-06,-1.046424E+02,+1.313766E+00
+7.844238E+02,-6.702617E-07,-3.978095E-06,-1.078849E+02,-1.737717E+00
+7.846680E+02,+1.455936E-06,+3.465188E-06,-1.084994E+02,+1.173032E+00
+7.849121E+02,+3.023336E-06,-4.166255E-06,-1.057678E+02,-9.430475E-01
+7.851562E+02,-3.530705E-06,+4.263176E-06,-1.051370E+02,+2.262490E+00
+7.854004E+02,+5.355925E-06,-6.812368E-07,-1.053536E+02,-1.265138E-01
+7.856445E+02,-5.811719E-06,-1.486160E-06,-1.044388E+02,-2.891240E+00
+7.858887E+02,-2.647737E-06,-2.190838E-07,-1.115129E+02,-3.059037E+00
+7.861328E+02,-3.351612E-07,+1.155710E-05,-9.873936E+01,+1.599789E+00
+7.863770E+02,+1.252454E-05,-7.314055E-06,-9.677039E+01,-5.285555E-01
+7.866211E+02,-9.782240E-06,-2.135962E-06,-9.998895E+01,-2.926616E+00
+7.868652E+02,+2.012407E-06,-2.939612E-06,-1.089650E+02,-9.704929E-01
+7.871094E+02,+1.230942E-06,+9.521605E-06,-1.003538E+02,+1.442231E+00
+7.873535E+02,-4.724862E-06,-1.702166E-06,-1.059823E+02,-2.795809E+00
+7.875977E+02,+7.825457E-06,-2.570104E-07,-1.021251E+02,-3.283105E-02
+7.878418E+02,+1.006629E-06,-2.926678E-07,-1.195902E+02,-2.829405E-01
+7.880859E+02,-4.664245E-06,-3.878260E-06,-1.043420E+02,-2.447945E+00
+7.883301E+02,+3.934084E-06,+1.122578E-05,-9.849258E+01,+1.233720E+00
+7.885742E+02,-8.836715E-07,-8.086938E-06,-1.017928E+02,-1.679636E+00
+7.888184E+02,-2.905404E-06,+3.874721E-06,-1.062977E+02,+2.214192E+00
+7.890625E+02,+2.102348E-06,-2.688980E-06,-1.093366E+02,-9.072280E-01
+7.893066E+02,+3.972447E-06,+6.265994E-06,-1.025930E+02,+1.005773E+00
+7.895508E+02,+1.822560E-06,+4.924382E-06,-1.055954E+02,+1.216320E+00
+7.897949E+02,-2.647913E-06,-1.459116E-05,-9.657748E+01,-1.750316E+00
+7.900391E+02,+6.166277E-06,+6.301824E-06,-1.010938E+02,+7.962692E-01
+7.902832E+02,+1.458750E-06,-4.951152E-06,-1.057444E+02,-1.284275E+00
+7.905273E+02,-9.738978E-06,+3.760339E-06,-9.962622E+01,+2.773115E+00
+7.907715E+02,+9.323876E-06,-5.045079E-06,-9.949281E+01,-4.959787E-01
+7.910156E+02,-4.635807E-06,+4.474811E-06,-1.038180E+02,+2.373864E+00
+7.912598E+02,-2.228284E-06,+2.315293E-06,-1.098608E+02,+2.337047E+00
+7.915039E+02,-7.006381E-08,+3.257607E-06,-1.097400E+02,+1.592301E+00
+7.917480E+02,-7.200942E-07,-7.331996E-06,-1.026539E+02,-1.668695E+00
+7.919922E+02,-5.788701E-07,+2.007744E-05,-9.394222E+01,+1.599620E+00
+7.922363E+02,+2.662050E-05,-8.425189E-06,-9.108109E+01,-3.065180E-01
+7.924805E+02,-1.471052E-05,+1.072214E-06,-9.662444E+01,+3.068834E+00
+7.927246E+02,+1.465345E-05,-1.716727E-05,-9.292908E+01,-8.642339E-01
+7.929688E+02,-1.413743E-05,+7.630502E-06,-9.588226E+01,+2.646663E+00
+7.932129E+02,-8.178974E-07,-7.435697E-06,-1.025213E+02,-1.680352E+00
+7.934570E+02,+2.934881E-06,+1.151098E-05,-9.850423E+01,+1.321151E+00
+7.937012E+02,+7.625406E-06,+2.267821E-06,-1.019867E+02,+2.890728E-01
+7.939453E+02,+2.446123E-05,-2.431912E-05,-8.924537E+01,-7.824849E-01
+7.941895E+02,-5.752931E-05,-5.528813E-05,-8.196106E+01,-2.376057E+00
+7.944336E+02,-4.875923E-05,+1.117663E-04,-7.827713E+01,+1.982166E+00
+7.946777E+02,+5.309191E-05,-4.959085E-07,-8.549905E+01,-9.340295E-03
+7.949219E+02,+3.880986E-05,+1.365002E-05,-8.771465E+01,+3.382021E-01
+7.951660E+02,-3.065594E-06,-1.732804E-05,-9.509116E+01,-1.745900E+00
+7.954102E+02,+4.172259E-05,+2.152032E-05,-8.656808E+01,+4.762039E-01
+7.956543E+02,+2.702174E-05,-5.505564E-05,-8.424663E+01,-1.114529E+00
+7.958984E+02,-2.345455E-05,-1.870808E-05,-9.045706E+01,-2.468298E+00
+7.961426E+02,-2.790675E-05,-2.497920E-05,-8.853020E+01,-2.411494E+00
+7.963867E+02,-3.069813E-05,+3.845279E-05,-8.616006E+01,+2.244520E+00
+7.966309E+02,+5.714408E-05,+8.503570E-05,-7.978955E+01,+9.791097E-01
+7.968750E+02,+1.531172E-04,-2.244197E-05,-7.620721E+01,-1.455311E-01
+7.971191E+02,+1.303601E-04,-3.266133E-04,-6.907736E+01,-1.191043E+00
+7.973633E+02,-6.345970E-04,-1.890529E-04,-6.358076E+01,-2.852054E+00
+7.976074E+02,+2.133555E-04,+5.068204E-04,-6.519437E+01,+1.172345E+00
+7.978516E+02,-8.953701E-05,-8.566231E-05,-7.813753E+01,-2.378307E+00
+7.980957E+02,+1.883623E-04,+2.296830E-04,-7.054361E+01,+8.839208E-01
+7.983398E+02,+5.961783E-05,-2.552354E-04,-7.163047E+01,-1.341331E+00
+7.985840E+02,-1.276919E-04,-2.428164E-05,-7.772247E+01,-2.953678E+00
+7.988281E+02,-4.246032E-05,+1.860762E-04,-7.438574E+01,+1.795143E+00
+7.990723E+02,+1.302359E-04,+9.385829E-06,-7.768288E+01,+7.194351E-02
+7.993164E+02,+3.479822E-05,+1.838211E-04,-7.455918E+01,+1.383705E+00
+7.995605E+02,+5.588079E-04,-3.696812E-04,-6.347821E+01,-5.844542E-01
+7.998047E+02,-3.649935E-04,-2.190018E-04,-6.741885E+01,-2.601162E+00
+8.000488E+02,+4.466938E-05,+2.825833E-05,-8.553791E+01,+5.640534E-01
+8.002930E+02,-2.132544E-04,-4.666184E-04,-6.579697E+01,-1.999473E+00
+8.005371E+02,-2.387093E-04,+3.440692E-04,-6.756055E+01,+2.177338E+00
+8.007812E+02,+1.393207E-04,-1.471623E-04,-7.386507E+01,-8.127632E-01
+8.010254E+02,-3.927734E-04,-1.765251E-04,-6.731815E+01,-2.719211E+00
+8.012695E+02,-3.036984E-04,+1.736839E-04,-6.912223E+01,+2.622094E+00
+8.015137E+02,-2.753297E-04,+2.815042E-04,-6.809525E+01,+2.345106E+00
+8.017578E+02,-1.028207E-04,+4.489797E-04,-6.673347E+01,+1.795924E+00
+8.020020E+02,+1.426188E-04,+4.281165E-04,-6.691171E+01,+1.249228E+00
+8.022461E+02,+5.102656E-04,-1.518639E-03,-5.590636E+01,-1.246646E+00
+8.024902E+02,+1.125209E-03,+8.817097E-03,-4.102333E+01,+1.443866E+00
+8.027344E+02,+3.139967E-03,-1.213193E-02,-3.803981E+01,-1.317535E+00
+8.029785E+02,-5.485643E-03,+2.188002E-03,-4.457428E+01,+2.762070E+00
+8.032227E+02,+3.331524E-04,+2.362454E-03,-5.244721E+01,+1.430701E+00
+8.034668E+02,+1.053464E-03,+4.421705E-04,-5.884290E+01,+3.973987E-01
+8.037109E+02,+5.454430E-04,-3.294809E-04,-6.391404E+01,-5.434003E-01
+8.039551E+02,+8.706652E-05,-4.021236E-04,-6.771384E+01,-1.357571E+00
+8.041992E+02,-1.737988E-04,-2.257619E-04,-7.090581E+01,-2.226870E+00
+8.044434E+02,-2.603832E-04,+3.892087E-05,-7.159177E+01,+2.993216E+00
+8.046875E+02,-1.984725E-05,+9.227663E-05,-8.050177E+01,+1.782653E+00
+8.049316E+02,-1.124800E-06,+7.406122E-05,-8.260719E+01,+1.585983E+00
+8.051758E+02,+4.924000E-05,+4.549323E-05,-8.347346E+01,+7.458681E-01
+8.054199E+02,+6.712315E-05,-4.864102E-06,-8.343980E+01,-7.233890E-02
+8.056641E+02,+1.476883E-05,-3.163543E-05,-8.914025E+01,-1.134023E+00
+8.059082E+02,+5.363970E-06,-5.403455E-05,-8.530399E+01,-1.471851E+00
+8.061523E+02,-3.639503E-05,-2.134546E-05,-8.749524E+01,-2.611164E+00
+8.063965E+02,-1.472985E-05,+1.683350E-05,-9.300739E+01,+2.289644E+00
+8.066406E+02,-2.088947E-05,-6.349092E-08,-9.360141E+01,-3.138553E+00
+8.068848E+02,-4.832165E-06,+2.380854E-05,-9.229004E+01,+1.771036E+00
+8.071289E+02,+1.573230E-05,-8.213692E-07,-9.605233E+01,-5.216175E-02
+8.073730E+02,+6.348122E-06,+1.732369E-05,-9.467999E+01,+1.219550E+00
+8.076172E+02,+1.646267E-05,-2.160571E-05,-9.132046E+01,-9.196852E-01
+8.078613E+02,-9.057175E-07,-5.859806E-06,-1.045398E+02,-1.724147E+00
+8.081055E+02,-8.145962E-06,-1.558025E-05,-9.509900E+01,-2.052548E+00
+8.083496E+02,-1.161757E-05,+1.218448E-05,-9.547555E+01,+2.332381E+00
+8.085938E+02,+7.942137E-06,-3.612886E-06,-1.011844E+02,-4.269221E-01
+8.088379E+02,-9.198986E-06,-1.154088E-05,-9.661916E+01,-2.243753E+00
+8.090820E+02,-4.717424E-06,+2.387264E-05,-9.227563E+01,+1.765891E+00
+8.093262E+02,+1.685653E-05,-1.542016E-05,-9.282393E+01,-7.409260E-01
+8.095703E+02,-9.119110E-06,-4.917473E-06,-9.969239E+01,-2.647041E+00
+8.098145E+02,-1.222082E-05,-6.944148E-06,-9.704280E+01,-2.624867E+00
+8.100586E+02,-9.569621E-06,+5.946562E-06,-9.896404E+01,+2.585586E+00
+8.103027E+02,-1.432458E-05,+9.755098E-06,-9.522365E+01,+2.543730E+00
+8.105469E+02,+6.315094E-06,+3.634541E-05,-8.866183E+01,+1.398762E+00
+8.107910E+02,+5.656974E-05,-5.680342E-06,-8.490475E+01,-1.000776E-01
+8.110352E+02,-1.097772E-05,-4.291495E-05,-8.707256E+01,-1.821228E+00
+8.112793E+02,-2.806328E-05,+4.506634E-06,-9.092666E+01,+2.982364E+00
+8.115234E+02,-5.499167E-06,+1.026718E-05,-9.867561E+01,+2.062522E+00
+8.117676E+02,+1.641820E-05,+2.563986E-06,-9.558884E+01,+1.549160E-01
+8.120117E+02,-9.557646E-06,-2.467737E-06,-1.001127E+02,-2.888916E+00
+8.122559E+02,+1.066183E-05,+3.387801E-08,-9.944332E+01,+3.177493E-03
+8.125000E+02,-4.879804E-06,-1.740842E-06,-1.057117E+02,-2.798922E+00
+8.127441E+02,-1.368777E-06,-2.802845E-06,-1.101191E+02,-2.025083E+00
+8.129883E+02,-5.242206E-06,+6.713432E-06,-1.013936E+02,+2.233753E+00
+8.132324E+02,+5.025366E-06,-9.266563E-07,-1.058314E+02,-1.823475E-01
+8.134766E+02,+8.578792E-07,-2.240602E-06,-1.123986E+02,-1.205136E+00
+8.137207E+02,+1.148507E-06,-2.773736E-06,-1.104515E+02,-1.178224E+00
+8.139648E+02,-1.039258E-06,-2.061806E-06,-1.127318E+02,-2.037681E+00
+8.142090E+02,+1.591782E-07,-2.120643E-06,-1.134463E+02,-1.495875E+00
+8.144531E+02,-3.927151E-06,+5.837695E-06,-1.030538E+02,+2.162980E+00
+8.146973E+02,-2.926676E-06,-5.294059E-06,-1.043661E+02,-2.075804E+00
+8.149414E+02,+5.201468E-06,+4.740933E-06,-1.030512E+02,+7.391108E-01
+8.151855E+02,-1.001365E-05,-2.669887E-06,-9.968990E+01,-2.881029E+00
+8.154297E+02,+9.350515E-06,-2.478006E-06,-1.002885E+02,-2.590577E-01
+8.156738E+02,-2.283346E-06,+8.688207E-06,-1.009313E+02,+1.827794E+00
+8.159180E+02,-4.733496E-06,-2.994056E-06,-1.050348E+02,-2.577600E+00
+8.161621E+02,+5.203037E-06,-4.724494E-06,-1.030634E+02,-7.372319E-01
+8.164062E+02,+2.922965E-07,+3.955066E-06,-1.080333E+02,+1.497026E+00
+8.166504E+02,-4.499992E-06,-1.904605E-06,-1.062201E+02,-2.741208E+00
+8.168945E+02,+8.693497E-07,+3.313752E-06,-1.093045E+02,+1.314232E+00
+8.171387E+02,+3.064587E-06,-6.678094E-06,-1.026770E+02,-1.140565E+00
+8.173828E+02,-1.106781E-06,+7.906594E-06,-1.019559E+02,+1.709875E+00
+8.176270E+02,-9.831155E-07,-5.646053E-06,-1.048354E+02,-1.743192E+00
+8.178711E+02,+3.560705E-07,+1.908641E-06,-1.142369E+02,+1.386359E+00
+8.181152E+02,-7.346472E-06,-5.183646E-07,-1.026569E+02,-3.071150E+00
+8.183594E+02,+1.266209E-05,+1.764238E-06,-9.786638E+01,+1.384410E-01
+8.186035E+02,-6.384811E-06,-8.251195E-06,-9.963180E+01,-2.229359E+00
+8.188477E+02,-8.583811E-06,+5.923891E-06,-9.963474E+01,+2.537526E+00
+8.190918E+02,+5.188230E-06,+4.122070E-06,-1.035744E+02,+6.713808E-01
+8.193359E+02,+6.947293E-06,-3.974346E-06,-1.019341E+02,-5.196304E-01
+8.195801E+02,+5.929830E-08,+1.529583E-06,-1.163020E+02,+1.532048E+00
+8.198242E+02,-6.621668E-06,+2.042982E-06,-1.031858E+02,+2.842329E+00
+8.200684E+02,-2.308130E-06,-5.235410E-06,-1.048496E+02,-1.986031E+00
+8.203125E+02,+2.213185E-07,+2.061492E-06,-1.136666E+02,+1.463848E+00
+8.205566E+02,+6.823368E-06,+2.861860E-06,-1.026163E+02,+3.971352E-01
+8.208008E+02,-9.872178E-06,-4.149484E-06,-9.940520E+01,-2.743692E+00
+8.210449E+02,+4.171115E-06,-3.861914E-06,-1.049063E+02,-7.469260E-01
+8.212891E+02,-1.500019E-06,+1.124124E-05,-9.890707E+01,+1.703452E+00
+8.215332E+02,+6.994714E-06,-4.676822E-06,-1.014997E+02,-5.893553E-01
+8.217773E+02,-7.595652E-06,+1.110672E-06,-1.022968E+02,+2.996397E+00
+8.220215E+02,+8.393808E-07,-3.121921E-06,-1.098084E+02,-1.308141E+00
+8.222656E+02,-1.643353E-06,+1.975982E-06,-1.118012E+02,+2.264549E+00
+8.225098E+02,+6.551940E-06,+2.885785E-07,-1.036642E+02,+4.401629E-02
+8.227539E+02,-8.166935E-06,+3.214815E-07,-1.017521E+02,+3.102249E+00
+8.229980E+02,+1.758873E-06,+2.417448E-06,-1.104877E+02,+9.418030E-01
+8.232422E+02,+1.861158E-06,-3.769339E-06,-1.075272E+02,-1.112151E+00
+8.234863E+02,+1.668462E-06,+3.665875E-06,-1.078988E+02,+1.143682E+00
+8.237305E+02,-1.253872E-07,-3.154321E-06,-1.100150E+02,-1.610526E+00
+8.239746E+02,-7.525414E-07,+2.170064E-06,-1.127774E+02,+1.904602E+00
+8.242188E+02,-5.511549E-06,-3.581267E-06,-1.036449E+02,-2.565376E+00
+8.244629E+02,+3.874748E-06,+4.306126E-06,-1.047422E+02,+8.380794E-01
+8.247070E+02,-3.569334E-06,+3.171896E-06,-1.064204E+02,+2.415083E+00
+8.249512E+02,+2.267338E-06,-1.271985E-06,-1.117013E+02,-5.112523E-01
+8.251953E+02,+2.914367E-06,-8.738638E-07,-1.103352E+02,-2.913163E-01
+8.254395E+02,-2.047496E-06,-1.857126E-06,-1.111684E+02,-2.404911E+00
+8.256836E+02,-2.304892E-06,+1.174489E-06,-1.117445E+02,+2.670323E+00
+8.259277E+02,+8.983988E-07,-3.541565E-06,-1.087453E+02,-1.322364E+00
+8.261719E+02,+3.107751E-06,+7.838615E-06,-1.014812E+02,+1.193339E+00
+8.264160E+02,-1.018289E-05,-4.024494E-06,-9.921225E+01,-2.765213E+00
+8.266602E+02,+1.858912E-05,+2.568211E-06,-9.453271E+01,+1.372876E-01
+8.269043E+02,-1.523182E-05,-3.057140E-06,-9.617345E+01,-2.943517E+00
+8.271484E+02,+3.695185E-06,+7.258027E-06,-1.017827E+02,+1.099882E+00
+8.273926E+02,+2.878543E-06,-4.064964E-06,-1.060537E+02,-9.546315E-01
+8.276367E+02,-2.966598E-06,-6.323691E-07,-1.103618E+02,-2.931573E+00
+8.278809E+02,+9.581564E-07,-4.486697E-07,-1.195103E+02,-4.379377E-01
+8.281250E+02,-8.317459E-07,+4.271767E-06,-1.072262E+02,+1.763098E+00
+8.283691E+02,+3.786845E-06,-2.254106E-06,-1.071172E+02,-5.369169E-01
+8.286133E+02,-3.424867E-06,+6.336342E-07,-1.091610E+02,+2.958651E+00
+8.288574E+02,-7.570433E-07,+2.250374E-06,-1.124893E+02,+1.895311E+00
+8.291016E+02,+6.011086E-06,-5.180154E-06,-1.020089E+02,-7.112857E-01
+8.293457E+02,-1.117543E-06,+9.417188E-06,-1.004608E+02,+1.688914E+00
+8.295898E+02,-4.976888E-06,-1.043159E-05,-9.874234E+01,-2.015955E+00
+8.298340E+02,+3.061391E-06,+6.052621E-06,-1.033718E+02,+1.102523E+00
+8.300781E+02,-8.357963E-08,-5.638167E-07,-1.248828E+02,-1.717964E+00
+8.303223E+02,+4.427332E-06,+1.088668E-06,-1.068222E+02,+2.411135E-01
+8.305664E+02,-3.674344E-06,+2.069661E-06,-1.074996E+02,+2.628616E+00
+8.308105E+02,+3.028418E-06,-8.003059E-06,-1.013537E+02,-1.209042E+00
+8.310547E+02,+1.373150E-06,+9.384204E-06,-1.004600E+02,+1.425502E+00
+8.312988E+02,-9.166134E-06,-8.953129E-06,-9.784689E+01,-2.367950E+00
+8.315430E+02,+8.001472E-06,+6.018747E-06,-9.998920E+01,+6.449108E-01
+8.317871E+02,-1.649982E-06,+4.155584E-06,-1.069916E+02,+1.948758E+00
+8.320312E+02,+5.942865E-06,-9.574030E-06,-9.896266E+01,-1.015275E+00
+8.322754E+02,-3.361603E-06,+3.098969E-06,-1.067977E+02,+2.396824E+00
+8.325195E+02,-2.972451E-06,+1.651261E-06,-1.093696E+02,+2.634520E+00
+8.327637E+02,-1.845142E-07,+4.343616E-07,-1.265225E+02,+1.972492E+00
+8.330078E+02,+7.800082E-06,-1.555409E-06,-1.019887E+02,-1.968276E-01
+8.332520E+02,-6.695234E-06,-1.779998E-06,-1.031881E+02,-2.881743E+00
+8.334961E+02,-3.095128E-07,+1.998231E-06,-1.138841E+02,+1.724468E+00
+8.337402E+02,+1.007766E-05,-2.692558E-06,-9.963335E+01,-2.610825E-01
+8.339844E+02,-1.099376E-05,+2.457632E-06,-9.896529E+01,+2.921661E+00
+8.342285E+02,+8.397029E-06,-2.786404E-07,-1.015127E+02,-3.317104E-02
+8.344727E+02,-4.200772E-06,-2.913073E-06,-1.058282E+02,-2.535269E+00
+8.347168E+02,+3.059602E-06,+2.241410E-06,-1.084209E+02,+6.322603E-01
+8.349609E+02,-5.096506E-06,-2.214972E-07,-1.058464E+02,-3.098159E+00
+8.352051E+02,+4.902560E-06,-2.330339E-06,-1.053069E+02,-4.437185E-01
+8.354492E+02,-2.164186E-06,+2.460103E-06,-1.096917E+02,+2.292290E+00
+8.356934E+02,-3.144686E-07,-6.475238E-06,-1.037647E+02,-1.619323E+00
+8.359375E+02,+2.768023E-06,+2.555221E-06,-1.084798E+02,+7.454435E-01
+8.361816E+02,-9.009364E-06,+4.914222E-06,-9.977496E+01,+2.642244E+00
+8.364258E+02,+5.165683E-06,-4.570826E-06,-1.032261E+02,-7.243785E-01
+8.366699E+02,+4.082357E-06,-3.870076E-06,-1.049972E+02,-7.587107E-01
+8.369141E+02,-5.185706E-06,+3.096742E-06,-1.043793E+02,+2.603258E+00
+8.371582E+02,+3.666365E-06,+5.509507E-06,-1.035856E+02,+9.836286E-01
+8.374023E+02,-6.444939E-06,-3.264037E-06,-1.028240E+02,-2.672799E+00
+8.376465E+02,+2.562965E-06,+1.060049E-06,-1.111393E+02,+3.921776E-01
+8.378906E+02,+2.551733E-06,-4.248227E-06,-1.060979E+02,-1.029893E+00
+8.381348E+02,-9.243524E-07,+3.479872E-06,-1.088726E+02,+1.830429E+00
+8.383789E+02,-9.753389E-07,-1.109919E-07,-1.201610E+02,-3.028282E+00
+8.386230E+02,+1.130265E-06,-5.672899E-08,-1.189255E+02,-5.014881E-02
+8.388672E+02,-3.068796E-06,-2.944199E-07,-1.102209E+02,-3.045946E+00
+8.391113E+02,+4.688887E-06,-1.024229E-06,-1.063762E+02,-2.150594E-01
+8.393555E+02,-1.016575E-06,+6.227915E-07,-1.184732E+02,+2.591933E+00
+8.395996E+02,+1.593093E-06,-1.169393E-06,-1.140833E+02,-6.332079E-01
+8.398438E+02,-5.837417E-06,+3.438120E-07,-1.046606E+02,+3.082763E+00
+8.400879E+02,+1.186170E-06,+3.529977E-06,-1.085799E+02,+1.246623E+00
+8.403320E+02,+7.094034E-06,-2.850339E-06,-1.023322E+02,-3.820518E-01
+8.405762E+02,-4.017834E-06,-1.912078E-06,-1.070336E+02,-2.697412E+00
+8.408203E+02,-3.833698E-06,+2.825170E-06,-1.064438E+02,+2.506509E+00
+8.410645E+02,+6.505838E-06,-5.158158E-06,-1.016158E+02,-6.703664E-01
+8.413086E+02,-4.858702E-06,+7.437182E-06,-1.010282E+02,+2.149487E+00
+8.415527E+02,+3.082698E-06,-6.670796E-06,-1.026759E+02,-1.137910E+00
+8.417969E+02,+1.936869E-06,+8.334529E-06,-1.013540E+02,+1.342458E+00
+8.420410E+02,-5.996746E-06,-1.086471E-05,-9.812471E+01,-2.075133E+00
+8.422852E+02,+5.572642E-06,+8.683305E-06,-9.972838E+01,+1.000232E+00
+8.425293E+02,-7.487851E-06,-6.157425E-06,-1.002696E+02,-2.453388E+00
+8.427734E+02,+5.975799E-06,+2.844834E-06,-1.035849E+02,+4.443122E-01
+8.430176E+02,-3.442397E-06,-5.938845E-06,-1.032679E+02,-2.096111E+00
+8.432617E+02,+3.063083E-06,+9.327442E-06,-1.001600E+02,+1.253497E+00
+8.435059E+02,-8.602399E-07,-3.012637E-07,-1.208052E+02,-2.804732E+00
+8.437500E+02,+9.684761E-07,-8.414082E-06,-1.014427E+02,-1.456199E+00
+8.439941E+02,-3.267904E-06,+7.818327E-06,-1.014384E+02,+1.966706E+00
+8.442383E+02,+5.636429E-07,-6.169224E-06,-1.041593E+02,-1.479686E+00
+8.444824E+02,+2.874054E-06,+4.884832E-06,-1.049320E+02,+1.038977E+00
+8.447266E+02,-2.362382E-06,-6.448186E-06,-1.032643E+02,-1.921974E+00
+8.449707E+02,-1.755102E-06,+7.245509E-06,-1.025510E+02,+1.808452E+00
+8.452148E+02,+6.417423E-06,-3.545794E-06,-1.026957E+02,-5.047806E-01
+8.454590E+02,-5.957897E-06,+3.589853E-07,-1.044824E+02,+3.081412E+00
+8.457031E+02,+1.723482E-06,+5.438662E-07,-1.148596E+02,+3.056725E-01
+8.459473E+02,-3.412586E-06,-1.028758E-06,-1.089606E+02,-2.848797E+00
+8.461914E+02,+8.725046E-06,+2.025668E-06,-1.009566E+02,+2.281255E-01
+8.464355E+02,-5.260054E-06,-2.376463E-06,-1.047735E+02,-2.717247E+00
+8.466797E+02,+9.201575E-07,-1.454986E-06,-1.152817E+02,-1.006881E+00
+8.469238E+02,-4.841602E-06,-4.231717E-06,-1.038354E+02,-2.423311E+00
+8.471680E+02,+3.938201E-07,+7.929530E-06,-1.020044E+02,+1.521172E+00
+8.474121E+02,+3.421167E-06,+3.660303E-07,-1.092671E+02,+1.065845E-01
+8.476562E+02,+3.526863E-07,+1.656630E-06,-1.154230E+02,+1.361034E+00
+8.479004E+02,+6.470489E-07,-4.798816E-06,-1.062991E+02,-1.436769E+00
+8.481445E+02,-6.030779E-06,-4.059042E-06,-1.027699E+02,-2.549181E+00
+8.483887E+02,+1.109513E-06,+6.411626E-06,-1.037325E+02,+1.399446E+00
+8.486328E+02,+6.338864E-06,-1.442313E-06,-1.037406E+02,-2.237258E-01
+8.488770E+02,-3.577749E-06,-6.058387E-07,-1.088050E+02,-2.973849E+00
+8.491211E+02,-5.090011E-07,+1.824524E-06,-1.144515E+02,+1.842857E+00
+8.493652E+02,-1.227109E-06,-4.578490E-06,-1.064843E+02,-1.832658E+00
+8.496094E+02,+3.100322E-06,+5.263812E-06,-1.042806E+02,+1.038513E+00
+8.498535E+02,-2.939326E-06,+5.377842E-08,-1.106336E+02,+3.123298E+00
+8.500977E+02,+2.523108E-06,-4.693261E-06,-1.054679E+02,-1.077521E+00
+8.503418E+02,-9.780986E-07,+5.260385E-06,-1.054320E+02,+1.754634E+00
+8.505859E+02,+6.388464E-07,+1.392315E-07,-1.236905E+02,+2.145865E-01
+8.508301E+02,-5.788072E-06,-5.177854E-06,-1.021960E+02,-2.411784E+00
+8.510742E+02,+6.403756E-07,+1.768159E-06,-1.145143E+02,+1.223320E+00
+8.513184E+02,+5.986700E-06,-1.797165E-06,-1.040815E+02,-2.916338E-01
+8.515625E+02,-3.396765E-06,+5.719692E-06,-1.035406E+02,+2.106698E+00
+8.518066E+02,-1.387865E-06,-5.655828E-06,-1.046961E+02,-1.811428E+00
+8.520508E+02,+5.685997E-06,+7.300499E-06,-1.006738E+02,+9.090852E-01
+8.522949E+02,-7.644450E-06,-2.851383E-06,-1.017673E+02,-2.784576E+00
+8.525391E+02,+3.374198E-06,+1.697312E-06,-1.084570E+02,+4.660662E-01
+8.527832E+02,+2.431955E-06,-4.980447E-06,-1.051259E+02,-1.116552E+00
+8.530273E+02,-6.527994E-07,-5.941383E-07,-1.210838E+02,-2.403204E+00
+8.532715E+02,+3.832698E-06,+6.207558E-06,-1.027390E+02,+1.017663E+00
+8.535156E+02,-2.191158E-06,-2.467221E-06,-1.096304E+02,-2.297002E+00
+8.537598E+02,-5.566057E-06,-3.709691E-06,-1.034928E+02,-2.553716E+00
+8.540039E+02,+5.836294E-06,-3.745443E-07,-1.046594E+02,-6.408715E-02
+8.542480E+02,-8.015772E-06,+3.361828E-06,-1.012174E+02,+2.744473E+00
+8.544922E+02,+6.943554E-07,-4.895161E-06,-1.061181E+02,-1.429891E+00
+8.547363E+02,+4.375671E-06,+8.885984E-06,-1.000830E+02,+1.113228E+00
+8.549805E+02,+3.703271E-06,-6.674474E-06,-1.023461E+02,-1.064244E+00
+8.552246E+02,-5.026372E-06,+3.926169E-06,-1.039063E+02,+2.478474E+00
+8.554688E+02,-3.911571E-06,+2.626499E-06,-1.065367E+02,+2.550273E+00
+8.557129E+02,+6.640319E-06,-7.658589E-06,-9.988228E+01,-8.564913E-01
+8.559570E+02,-2.327106E-06,+7.571376E-06,-1.020245E+02,+1.868988E+00
+8.562012E+02,-3.932049E-06,-3.754799E-06,-1.052930E+02,-2.379249E+00
+8.564453E+02,+5.903977E-06,+1.296001E-06,-1.043727E+02,+2.160859E-01
+8.566895E+02,-1.759721E-06,-2.544569E-06,-1.101902E+02,-2.175835E+00
+8.569336E+02,+6.129268E-07,+5.012028E-06,-1.059353E+02,+1.449109E+00
+8.571777E+02,-5.621074E-06,-2.559283E-07,-1.049946E+02,-3.096094E+00
+8.574219E+02,+1.207203E-05,-2.760632E-07,-9.836213E+01,-2.286403E-02
+8.576660E+02,-6.476368E-06,-5.054830E-06,-1.017073E+02,-2.478853E+00
+8.579102E+02,-5.878067E-06,+8.850315E-07,-1.045180E+02,+2.992150E+00
+8.581543E+02,+1.041881E-05,+2.644776E-06,-9.937244E+01,+2.485954E-01
+8.583984E+02,-3.404210E-06,+1.206869E-06,-1.088455E+02,+2.800895E+00
+8.586426E+02,+3.237190E-06,-1.753188E-06,-1.086796E+02,-4.963534E-01
+8.588867E+02,-8.338944E-06,+5.698273E-07,-1.015575E+02,+3.073365E+00
+8.591309E+02,-6.677234E-07,+3.121873E-07,-1.226495E+02,+2.704249E+00
+8.593750E+02,+1.823229E-06,-3.684942E-06,-1.077204E+02,-1.111335E+00
+8.596191E+02,+4.378416E-06,+3.043040E-06,-1.054621E+02,+6.073686E-01
+8.598633E+02,+1.231583E-07,+1.858769E-06,-1.145965E+02,+1.504635E+00
+8.601074E+02,+2.801424E-07,-1.953661E-06,-1.140946E+02,-1.428374E+00
+8.603516E+02,-5.575244E-06,+4.625495E-06,-1.028002E+02,+2.449033E+00
+8.605957E+02,+2.866969E-06,-7.957256E-06,-1.014547E+02,-1.224979E+00
+8.608398E+02,-2.714156E-06,+3.975141E-06,-1.063510E+02,+2.169873E+00
+8.610840E+02,+7.060868E-06,+3.867432E-06,-1.018834E+02,+5.010968E-01
+8.613281E+02,-1.383062E-06,-3.546653E-06,-1.083888E+02,-1.942620E+00
+8.615723E+02,-2.246634E-06,+5.156611E-06,-1.049979E+02,+1.981678E+00
+8.618164E+02,+2.501417E-07,-1.451915E-05,-9.675989E+01,-1.553570E+00
+8.620605E+02,-2.395560E-07,+1.235172E-05,-9.816382E+01,+1.590188E+00
+8.623047E+02,+2.874115E-06,-2.947882E-06,-1.077082E+02,-7.980679E-01
+8.625488E+02,-1.547072E-06,-3.106749E-06,-1.091918E+02,-2.032820E+00
+8.627930E+02,-8.416687E-07,+2.435690E-06,-1.117777E+02,+1.903507E+00
+8.630371E+02,+9.738395E-07,+3.089102E-06,-1.097919E+02,+1.265408E+00
+8.632812E+02,-4.353535E-07,+4.990614E-07,-1.235794E+02,+2.288120E+00
+8.635254E+02,-2.150393E-06,-4.243241E-06,-1.064533E+02,-2.039854E+00
+8.637695E+02,+5.057005E-06,-1.866480E-06,-1.053675E+02,-3.535776E-01
+8.640137E+02,-4.294051E-06,+6.208578E-06,-1.024424E+02,+2.175884E+00
+8.642578E+02,+3.184805E-06,-4.579259E-06,-1.050706E+02,-9.631072E-01
+8.645020E+02,-2.031094E-06,-6.536807E-07,-1.134174E+02,-2.830225E+00
+8.647461E+02,-3.851841E-06,+2.370724E-06,-1.068916E+02,+2.589870E+00
+8.649902E+02,+9.948881E-06,+2.216801E-06,-9.983408E+01,+2.192377E-01
+8.652344E+02,-5.434427E-06,-3.731739E-06,-1.036192E+02,-2.539859E+00
+8.654785E+02,+1.690719E-07,-3.384655E-06,-1.093989E+02,-1.520885E+00
+8.657227E+02,-2.914602E-06,+1.063416E-05,-9.915137E+01,+1.838306E+00
+8.659668E+02,+4.616561E-06,-9.575574E-06,-9.946906E+01,-1.121556E+00
+8.662109E+02,+2.742856E-07,+4.021488E-06,-1.078921E+02,+1.502697E+00
+8.664551E+02,-4.456325E-06,+2.894315E-06,-1.054920E+02,+2.565580E+00
+8.666992E+02,+3.871864E-06,-8.064748E-06,-1.009674E+02,-1.123197E+00
+8.669434E+02,-2.229539E-06,+5.370080E-06,-1.047097E+02,+1.964318E+00
+8.671875E+02,-1.518046E-07,-4.054802E-06,-1.078345E+02,-1.608217E+00
+8.674316E+02,+5.607499E-06,+3.844552E-06,-1.033513E+02,+6.010022E-01
+8.676758E+02,-6.343704E-06,+1.751419E-06,-1.036341E+02,+2.872216E+00
+8.679199E+02,+3.818303E-06,-4.705240E-06,-1.043511E+02,-8.890823E-01
+8.681641E+02,-7.865221E-07,+2.060546E-06,-1.131296E+02,+1.935433E+00
+8.684082E+02,+2.608908E-06,+8.850297E-07,-1.111978E+02,+3.270515E-01
+8.686523E+02,-5.360140E-06,-3.677570E-06,-1.037412E+02,-2.540259E+00
+8.688965E+02,+2.776755E-06,-5.141217E-08,-1.111278E+02,-1.851308E-02
+8.691406E+02,-4.335719E-06,+1.009074E-05,-9.918575E+01,+1.976619E+00
+8.693848E+02,+4.561148E-06,-1.458485E-05,-9.631672E+01,-1.267700E+00
+8.696289E+02,+1.502053E-06,+9.099944E-06,-1.007025E+02,+1.407210E+00
+8.698730E+02,-3.235494E-06,-1.316010E-06,-1.091363E+02,-2.755288E+00
+8.701172E+02,+2.918191E-06,-1.557313E-06,-1.096094E+02,-4.902092E-01
+8.703613E+02,-3.732623E-06,-4.404240E-06,-1.047717E+02,-2.273841E+00
+8.706055E+02,+7.710682E-06,+1.071625E-05,-9.758720E+01,+9.470819E-01
+8.708496E+02,-7.186814E-06,-9.379950E-06,-9.855010E+01,-2.224578E+00
+8.710938E+02,+2.072266E-07,+3.041795E-06,-1.103173E+02,+1.502775E+00
+8.713379E+02,-3.988905E-06,-2.269204E-06,-1.067653E+02,-2.624371E+00
+8.715820E+02,+7.464438E-06,+3.109670E-06,-1.018450E+02,+3.947327E-01
+8.718262E+02,-5.593847E-06,+2.384500E-06,-1.043207E+02,+2.738645E+00
+8.720703E+02,+6.404976E-06,-3.794538E-06,-1.025632E+02,-5.348392E-01
+8.723145E+02,-4.454186E-06,+9.305634E-08,-1.070227E+02,+3.120704E+00
+8.725586E+02,-1.652926E-07,+2.393289E-07,-1.307263E+02,+2.175220E+00
+8.728027E+02,+3.401787E-06,+2.630304E-06,-1.073305E+02,+6.581923E-01
+8.730469E+02,-6.881619E-06,-7.989307E-06,-9.953951E+01,-2.281845E+00
+8.732910E+02,+8.637341E-06,+1.049125E-05,-9.733604E+01,+8.820148E-01
+8.735352E+02,-4.834845E-06,-7.951212E-06,-1.006249E+02,-2.117124E+00
+8.737793E+02,+2.478421E-06,+4.195169E-06,-1.062448E+02,+1.037184E+00
+8.740234E+02,-2.960999E-06,-1.872549E-06,-1.091102E+02,-2.577687E+00
+8.742676E+02,+4.738791E-07,+2.765993E-06,-1.110373E+02,+1.401120E+00
+8.745117E+02,-4.952964E-07,-1.082823E-05,-9.929977E+01,-1.616506E+00
+8.747559E+02,+3.122006E-06,+8.561501E-06,-1.008068E+02,+1.221125E+00
+8.750000E+02,-1.833731E-06,+6.624805E-06,-1.032559E+02,+1.840833E+00
+8.752441E+02,+2.082900E-06,-1.232875E-05,-9.805939E+01,-1.403430E+00
+8.754883E+02,-7.475885E-06,+7.165600E-06,-9.969665E+01,+2.377383E+00
+8.757324E+02,+4.627574E-06,-1.296511E-06,-1.063647E+02,-2.731671E-01
+8.759766E+02,+2.259134E-06,-4.541022E-06,-1.058965E+02,-1.109155E+00
+8.762207E+02,-3.438121E-06,+5.790939E-06,-1.034337E+02,+2.106576E+00
+8.764648E+02,+8.145383E-07,-3.232105E-06,-1.095429E+02,-1.323922E+00
+8.767090E+02,+5.027657E-06,+6.962772E-07,-1.058902E+02,+1.376141E-01
+8.769531E+02,-5.783224E-06,-2.137712E-06,-1.042004E+02,-2.787529E+00
+8.771973E+02,+9.274599E-07,+1.307545E-05,-9.764907E+01,+1.499984E+00
+8.774414E+02,-5.061991E-07,-1.508354E-05,-9.642505E+01,-1.604343E+00
+8.776855E+02,+3.574139E-06,-1.098451E-06,-1.085446E+02,-2.981706E-01
+8.779297E+02,-7.323140E-06,+1.022382E-05,-9.800918E+01,+2.192367E+00
+8.781738E+02,+6.404958E-06,+9.883792E-07,-1.037675E+02,+1.531070E-01
+8.784180E+02,-2.193683E-06,-5.789646E-06,-1.041644E+02,-1.932980E+00
+8.786621E+02,+2.815988E-06,-5.726350E-06,-1.039018E+02,-1.113763E+00
+8.789062E+02,-3.150490E-06,+8.457063E-06,-1.008912E+02,+1.927398E+00
+8.791504E+02,+2.988703E-06,-3.016520E-06,-1.074396E+02,-7.900302E-01
+8.793945E+02,-7.349179E-06,+3.244230E-06,-1.019020E+02,+2.725879E+00
+8.796387E+02,+7.954973E-06,-4.009568E-06,-1.010041E+02,-4.668687E-01
+8.798828E+02,-8.026860E-06,+2.690258E-07,-1.019042E+02,+3.108089E+00
+8.801270E+02,+8.154336E-06,+2.476216E-06,-1.013892E+02,+2.948191E-01
+8.803711E+02,+1.619542E-06,-1.429909E-06,-1.133091E+02,-7.232923E-01
+8.806152E+02,-7.458305E-06,-4.630019E-06,-1.011315E+02,-2.586029E+00
+8.808594E+02,-4.027406E-06,+4.978735E-06,-1.038713E+02,+2.250954E+00
+8.811035E+02,+8.708083E-06,-3.276242E-06,-1.006266E+02,-3.598485E-01
+8.813477E+02,-2.042735E-06,+6.336189E-06,-1.035340E+02,+1.882667E+00
+8.815918E+02,-3.283933E-06,-1.764139E-06,-1.085710E+02,-2.648627E+00
+8.818359E+02,+2.884799E-06,-4.282328E-06,-1.057413E+02,-9.779733E-01
+8.820801E+02,+6.126633E-06,+2.609048E-06,-1.035318E+02,+4.025933E-01
+8.823242E+02,-7.154522E-06,-3.040999E-06,-1.021871E+02,-2.739683E+00
+8.825684E+02,-4.132174E-07,+7.400804E-06,-1.026009E+02,+1.626572E+00
+8.828125E+02,-4.903751E-06,-3.793229E-06,-1.041527E+02,-2.483198E+00
+8.830566E+02,+9.468431E-06,-3.715384E-06,-9.985248E+01,-3.739349E-01
+8.833008E+02,-3.181914E-06,+4.535092E-06,-1.051298E+02,+2.182609E+00
+8.835449E+02,-4.524024E-06,-9.655799E-07,-1.066960E+02,-2.931314E+00
+8.837891E+02,+5.192127E-06,+4.573334E-07,-1.056595E+02,+8.785535E-02
+8.840332E+02,+1.667565E-06,+1.835941E-07,-1.155060E+02,+1.096555E-01
+8.842773E+02,-3.181844E-06,-5.214524E-07,-1.098313E+02,-2.979153E+00
+8.845215E+02,-1.092209E-06,-1.203953E-06,-1.157800E+02,-2.307568E+00
+8.847656E+02,+1.766439E-06,+1.506581E-06,-1.126840E+02,+7.061706E-01
+8.850098E+02,-1.445641E-06,-3.206641E-06,-1.090755E+02,-1.994338E+00
+8.852539E+02,-6.094967E-08,+6.626089E-06,-1.035745E+02,+1.579994E+00
+8.854980E+02,+2.401687E-06,-7.492325E-06,-1.020829E+02,-1.260592E+00
+8.857422E+02,-5.047707E-06,+7.396048E-06,-1.009593E+02,+2.169672E+00
+8.859863E+02,+3.238745E-06,-5.485595E-06,-1.039167E+02,-1.037459E+00
+8.862305E+02,+2.205390E-06,+5.633519E-06,-1.043652E+02,+1.197659E+00
+8.864746E+02,-2.319519E-06,-4.838257E-06,-1.054078E+02,-2.017838E+00
+8.867188E+02,+8.573977E-08,+3.170374E-07,-1.296712E+02,+1.306674E+00
+8.869629E+02,+2.507490E-06,+6.998577E-07,-1.116894E+02,+2.721803E-01
+8.872070E+02,-1.335287E-06,+3.901212E-06,-1.076949E+02,+1.900573E+00
+8.874512E+02,-8.517490E-06,-6.335747E-06,-9.948117E+01,-2.502038E+00
+8.876953E+02,+1.234213E-05,+3.851313E-06,-9.776866E+01,+3.024713E-01
+8.879395E+02,-2.694861E-06,+1.401194E-07,-1.113775E+02,+3.089644E+00
+8.881836E+02,-1.974173E-06,-7.988866E-07,-1.134337E+02,-2.757068E+00
+8.884277E+02,-1.207199E-06,-5.767445E-08,-1.183545E+02,-3.093853E+00
+8.886719E+02,+4.834209E-06,+4.357820E-06,-1.037304E+02,+7.336182E-01
+8.889160E+02,-8.766686E-06,-1.740389E-06,-1.009754E+02,-2.945618E+00
+8.891602E+02,+4.245548E-06,-8.013243E-06,-1.008493E+02,-1.083581E+00
+8.894043E+02,+4.650965E-06,+4.041481E-06,-1.042062E+02,+7.153963E-01
+8.896484E+02,-4.876444E-06,+2.762027E-06,-1.050295E+02,+2.626244E+00
+8.898926E+02,+5.759792E-07,+9.609682E-09,-1.247907E+02,+1.668253E-02
+8.901367E+02,+4.806078E-06,-2.248539E-07,-1.063547E+02,-4.675123E-02
+8.903809E+02,-1.037909E-05,-4.599114E-06,-9.889823E+01,-2.724480E+00
+8.906250E+02,+8.287574E-06,+8.868129E-06,-9.831715E+01,+8.192256E-01
+8.908691E+02,+1.401011E-06,-6.455907E-06,-1.036010E+02,-1.357098E+00
+8.911133E+02,-6.162340E-06,+3.891996E-06,-1.027473E+02,+2.578277E+00
+8.913574E+02,+5.414987E-06,-2.711772E-06,-1.043562E+02,-4.642795E-01
+8.916016E+02,-1.386391E-06,-3.465526E-06,-1.085599E+02,-1.951347E+00
+8.918457E+02,+9.849405E-07,+1.064867E-05,-9.941710E+01,+1.478565E+00
+8.920898E+02,-5.384333E-06,-8.822332E-06,-9.971329E+01,-2.118760E+00
+8.923340E+02,+4.680756E-06,-1.204008E-06,-1.063154E+02,-2.517671E-01
+8.925781E+02,-8.361538E-07,+8.630510E-06,-1.012387E+02,+1.667378E+00
+8.928223E+02,-2.096138E-06,-9.831022E-06,-9.995495E+01,-1.780867E+00
+8.930664E+02,-1.047993E-07,+6.461610E-06,-1.037920E+02,+1.587014E+00
+8.933105E+02,+5.875044E-06,-3.500449E-06,-1.033004E+02,-5.373378E-01
+8.935547E+02,-3.437912E-06,+2.046377E-06,-1.079569E+02,+2.604682E+00
+8.937988E+02,-5.875322E-07,-1.007146E-06,-1.186661E+02,-2.098893E+00
+8.940430E+02,+4.245313E-06,+3.399086E-07,-1.074141E+02,+7.989635E-02
+8.942871E+02,-9.516561E-06,+2.572386E-06,-1.001241E+02,+2.877595E+00
+8.945312E+02,+7.661258E-06,-7.514774E-06,-9.938673E+01,-7.757462E-01
+8.947754E+02,+1.381168E-06,+8.664048E-06,-1.011366E+02,+1.412713E+00
+8.950195E+02,-6.531521E-06,+6.869296E-07,-1.036519E+02,+3.036806E+00
+8.952637E+02,+2.539179E-06,-5.076147E-06,-1.049195E+02,-1.106974E+00
+8.955078E+02,-8.880205E-07,-2.671444E-06,-1.110099E+02,-1.891718E+00
+8.957520E+02,+5.639458E-06,+5.449277E-06,-1.021114E+02,+7.682490E-01
+8.959961E+02,-2.556143E-06,-6.920979E-07,-1.115410E+02,-2.877174E+00
+8.962402E+02,-2.580477E-06,-2.424360E-06,-1.090183E+02,-2.387378E+00
+8.964844E+02,-1.413278E-06,+7.580648E-08,-1.169830E+02,+3.088005E+00
+8.967285E+02,+7.132229E-06,+1.618798E-06,-1.027173E+02,+2.231882E-01
+8.969727E+02,-2.340895E-06,-3.926672E-06,-1.067988E+02,-2.108382E+00
+8.972168E+02,-2.743008E-06,+6.811596E-06,-1.026823E+02,+1.953625E+00
+8.974609E+02,-2.074927E-06,-4.314596E-06,-1.063977E+02,-2.019055E+00
+8.977051E+02,+1.199555E-06,+4.178592E-06,-1.072355E+02,+1.291242E+00
+8.979492E+02,+5.253325E-06,-4.503252E-06,-1.031988E+02,-7.086703E-01
+8.981934E+02,-9.684876E-07,+1.460528E-06,-1.151270E+02,+2.156331E+00
+8.984375E+02,-4.772500E-06,+2.146717E-06,-1.056248E+02,+2.718897E+00
+8.986816E+02,+1.201799E-06,-6.846579E-06,-1.031587E+02,-1.397034E+00
+8.989258E+02,+4.839932E-06,+6.790808E-06,-1.015777E+02,+9.515856E-01
+8.991699E+02,-4.267311E-06,-4.840200E-06,-1.038052E+02,-2.293375E+00
+8.994141E+02,+1.424886E-06,+1.166753E-06,-1.146959E+02,+6.861233E-01
+8.996582E+02,-2.810580E-06,+2.934955E-06,-1.078217E+02,+2.334551E+00
+8.999023E+02,+2.944112E-06,-3.355384E-06,-1.070057E+02,-8.505921E-01
+9.001465E+02,+3.830836E-07,+3.920914E-06,-1.080910E+02,+1.473403E+00
+9.003906E+02,-1.432924E-06,-4.044735E-06,-1.073487E+02,-1.911269E+00
+9.006348E+02,-1.205721E-06,+7.539488E-07,-1.169418E+02,+2.582771E+00
+9.008789E+02,+2.700209E-06,+4.296141E-06,-1.058926E+02,+1.009670E+00
+9.011230E+02,-1.840304E-06,-8.166894E-06,-1.015438E+02,-1.792431E+00
+9.013672E+02,+1.895245E-06,+1.078548E-05,-9.921113E+01,+1.396850E+00
+9.016113E+02,-1.782090E-06,-1.246776E-05,-9.799640E+01,-1.712770E+00
+9.018555E+02,+2.009705E-06,+9.870874E-06,-9.993649E+01,+1.369942E+00
+9.020996E+02,-6.214302E-07,-7.551414E-06,-1.024101E+02,-1.652905E+00
+9.023438E+02,+4.294042E-07,+3.716265E-06,-1.085403E+02,+1.455759E+00
+9.025879E+02,-2.583278E-06,-9.281421E-07,-1.112293E+02,-2.796667E+00
+9.028320E+02,+6.976123E-07,+3.456714E-06,-1.090534E+02,+1.371657E+00
+9.030762E+02,+3.442344E-06,-3.455501E-06,-1.062360E+02,-7.873057E-01
+9.033203E+02,-3.875582E-06,+1.247363E-06,-1.078052E+02,+2.830211E+00
+9.035645E+02,-9.871114E-07,-1.136471E-06,-1.164475E+02,-2.285976E+00
+9.038086E+02,+5.294386E-06,-2.766625E-06,-1.044752E+02,-4.815309E-01
+9.040527E+02,-6.792522E-06,+7.008736E-06,-1.002109E+02,+2.340529E+00
+9.042969E+02,+4.647165E-06,-7.789127E-06,-1.008478E+02,-1.032864E+00
+9.045410E+02,+9.638234E-07,+2.065300E-06,-1.128446E+02,+1.134162E+00
+9.047852E+02,-3.039127E-06,+7.730185E-06,-1.016120E+02,+1.945384E+00
+9.050293E+02,+5.174555E-09,-7.589364E-06,-1.023959E+02,-1.570114E+00
+9.052734E+02,+1.307815E-06,-2.079802E-06,-1.121925E+02,-1.009457E+00
+9.055176E+02,+1.102087E-06,+8.838857E-06,-1.010051E+02,+1.446750E+00
+9.057617E+02,-6.035945E-06,-6.958599E-06,-1.007132E+02,-2.285310E+00
+9.060059E+02,+7.032625E-06,-3.323539E-06,-1.021822E+02,-4.414791E-01
+9.062500E+02,-9.457296E-07,+9.501066E-06,-1.004017E+02,+1.670009E+00
+9.064941E+02,-5.347766E-06,-2.309975E-06,-1.046936E+02,-2.733849E+00
+9.067383E+02,+8.733348E-06,-5.156608E-06,-9.987746E+01,-5.333681E-01
+9.069824E+02,-3.111918E-06,+2.829152E-07,-1.101037E+02,+3.050928E+00
+9.072266E+02,-8.395397E-06,+1.376018E-06,-1.014040E+02,+2.979136E+00
+9.074707E+02,+9.198081E-06,+6.829862E-06,-9.881895E+01,+6.387039E-01
+9.077148E+02,+1.788397E-07,-8.882899E-06,-1.010271E+02,-1.550666E+00
+9.079590E+02,-6.292054E-06,+5.062773E-06,-1.018561E+02,+2.464035E+00
+9.082031E+02,+2.050214E-07,-7.857065E-06,-1.020918E+02,-1.544708E+00
+9.084473E+02,+8.476086E-06,+4.646709E-06,-1.002949E+02,+5.014710E-01
+9.086914E+02,-4.820247E-06,+3.268724E-06,-1.046955E+02,+2.545700E+00
+9.089355E+02,-5.612548E-06,-3.188935E-06,-1.038018E+02,-2.624899E+00
+9.091797E+02,+6.904042E-06,+3.471788E-06,-1.022389E+02,+4.659354E-01
+9.094238E+02,-2.310275E-06,-2.240609E-06,-1.098474E+02,-2.371502E+00
+9.096680E+02,+9.219832E-07,+1.301479E-06,-1.159450E+02,+9.544471E-01
+9.099121E+02,-3.036371E-07,-3.317006E-06,-1.095488E+02,-1.662081E+00
+9.101562E+02,-2.946343E-06,+1.397527E-06,-1.097330E+02,+2.698694E+00
+9.104004E+02,+2.222270E-06,+3.656451E-06,-1.073736E+02,+1.024685E+00
+9.106445E+02,-2.403714E-06,-6.853506E-06,-1.027779E+02,-1.908119E+00
+9.108887E+02,+5.598417E-06,+3.041523E-06,-1.039155E+02,+4.976713E-01
+9.111328E+02,-6.038744E-06,+4.039092E-06,-1.027753E+02,+2.552071E+00
+9.113770E+02,-1.328553E-06,-4.208315E-06,-1.071052E+02,-1.876591E+00
+9.116211E+02,+7.945372E-06,-6.970243E-07,-1.019644E+02,-8.750307E-02
+9.118652E+02,-1.196935E-06,+9.487747E-07,-1.163212E+02,+2.471337E+00
+9.121094E+02,-3.592133E-06,+1.203344E-06,-1.084310E+02,+2.818348E+00
+9.123535E+02,-2.549466E-07,+1.011132E-06,-1.196362E+02,+1.817788E+00
+9.125977E+02,+7.590263E-07,-7.681159E-06,-1.022493E+02,-1.472299E+00
+9.128418E+02,+3.362195E-06,+1.268287E-05,-9.764069E+01,+1.311660E+00
+9.130859E+02,-5.563804E-06,-3.329909E-06,-1.037629E+02,-2.602281E+00
+9.133301E+02,+1.120493E-06,-5.669784E-06,-1.047623E+02,-1.375685E+00
+9.135742E+02,+1.079840E-06,+1.315772E-06,-1.153801E+02,+8.835666E-01
+9.138184E+02,-2.313727E-06,-2.957195E-07,-1.126434E+02,-3.014471E+00
+9.140625E+02,+7.418756E-06,+6.645024E-06,-1.000351E+02,+7.304376E-01
+9.143066E+02,-4.150378E-06,-6.386773E-06,-1.023645E+02,-2.147059E+00
+9.145508E+02,-8.037836E-06,-6.134188E-07,-1.018720E+02,-3.065424E+00
+9.147949E+02,+1.199952E-05,+1.901012E-06,-9.830907E+01,+1.571182E-01
+9.150391E+02,-6.947052E-06,+1.557476E-06,-1.029510E+02,+2.921047E+00
+9.152832E+02,+1.541691E-06,-4.300548E-06,-1.068045E+02,-1.226581E+00
+9.155273E+02,+2.616710E-06,+4.010138E-06,-1.063963E+02,+9.926490E-01
+9.157715E+02,-7.331449E-06,-2.718995E-06,-1.021365E+02,-2.786450E+00
+9.160156E+02,+5.949056E-06,+1.840062E-06,-1.041142E+02,+2.999698E-01
+9.162598E+02,-5.355101E-07,-1.825968E-06,-1.144118E+02,-1.856072E+00
+9.165039E+02,-4.128871E-06,+6.240362E-06,-1.025189E+02,+2.155311E+00
+9.167480E+02,+9.389018E-06,-5.868378E-06,-9.911540E+01,-5.586179E-01
+9.169922E+02,-1.011614E-05,+6.095743E-06,-9.855443E+01,+2.599281E+00
+9.172363E+02,+4.805026E-06,-1.272834E-05,-9.732597E+01,-1.209830E+00
+9.174805E+02,+1.312868E-06,+1.199052E-05,-9.837149E+01,+1.461739E+00
+9.177246E+02,-4.031313E-06,-4.671314E-07,-1.078331E+02,-3.026231E+00
+9.179688E+02,-1.604210E-07,-3.469959E-06,-1.091842E+02,-1.616995E+00
+9.182129E+02,+6.950830E-06,-2.077520E-06,-1.027877E+02,-2.904364E-01
+9.184570E+02,-6.598299E-06,+8.493865E-06,-9.936729E+01,+2.231249E+00
+9.187012E+02,+2.049032E-06,-1.014569E-05,-9.970074E+01,-1.371516E+00
+9.189453E+02,+2.384623E-06,+3.423576E-06,-1.075927E+02,+9.624032E-01
+9.191895E+02,-4.725616E-06,+2.500489E-06,-1.054388E+02,+2.654910E+00
+9.194336E+02,+3.868910E-06,-1.303834E-06,-1.077811E+02,-3.250497E-01
+9.196777E+02,-3.243427E-06,+2.932317E-06,-1.071855E+02,+2.406528E+00
+9.199219E+02,+3.741310E-06,-6.008086E-06,-1.030021E+02,-1.013844E+00
+9.201660E+02,-3.729226E-06,+2.068922E-06,-1.074023E+02,+2.635082E+00
+9.204102E+02,+3.851507E-06,+4.640461E-06,-1.043928E+02,+8.780382E-01
+9.206543E+02,-4.348103E-06,-4.422242E-06,-1.041497E+02,-2.347741E+00
+9.208984E+02,+7.189888E-06,-3.018468E-06,-1.021606E+02,-3.974761E-01
+9.211426E+02,-9.082613E-06,+4.637173E-06,-9.982978E+01,+2.669537E+00
+9.213867E+02,+6.528295E-06,+1.880624E-06,-1.033578E+02,+2.804787E-01
+9.216309E+02,+2.997620E-07,-4.559117E-06,-1.068036E+02,-1.505141E+00
+9.218750E+02,-4.757680E-06,+2.973100E-06,-1.050204E+02,+2.583061E+00
+9.221191E+02,+4.750541E-06,+6.246274E-07,-1.063907E+02,+1.307355E-01
+9.223633E+02,-4.737289E-06,-5.013630E-06,-1.032259E+02,-2.327862E+00
+9.226074E+02,+4.051474E-06,+2.855441E-06,-1.060963E+02,+6.139339E-01
+9.228516E+02,-2.697966E-06,+3.168535E-06,-1.076149E+02,+2.276153E+00
+9.230957E+02,+2.945036E-06,-4.823953E-06,-1.049561E+02,-1.022690E+00
+9.233398E+02,-3.752010E-06,+4.862661E-06,-1.042339E+02,+2.227976E+00
+9.235840E+02,+5.914398E-06,-6.180648E-06,-1.013560E+02,-8.074077E-01
+9.238281E+02,-7.968203E-06,+7.485932E-06,-9.922517E+01,+2.387391E+00
+9.240723E+02,+4.985385E-06,-2.188518E-06,-1.052807E+02,-4.136577E-01
+9.243164E+02,-3.223726E-06,-8.092111E-06,-1.011990E+02,-1.949904E+00
+9.245605E+02,+8.964845E-06,+7.949452E-06,-9.842960E+01,+7.254385E-01
+9.248047E+02,-6.061660E-06,+1.177183E-07,-1.043465E+02,+3.122175E+00
+9.250488E+02,-6.863371E-06,+1.469734E-06,-1.030745E+02,+2.930637E+00
+9.252930E+02,+1.101571E-05,-8.291094E-06,-9.721045E+01,-6.452019E-01
+9.255371E+02,-4.781608E-06,+9.783353E-06,-9.925996E+01,+2.025403E+00
+9.257812E+02,+1.764434E-06,-4.673169E-06,-1.060290E+02,-1.209777E+00
+9.260254E+02,-2.253631E-06,-2.170740E-06,-1.100917E+02,-2.374928E+00
+9.262695E+02,+3.422676E-07,-1.607274E-06,-1.156856E+02,-1.360981E+00
+9.265137E+02,+3.761021E-06,+2.932280E-06,-1.064314E+02,+6.622087E-01
+9.267578E+02,-4.192729E-06,+2.591306E-06,-1.061450E+02,+2.588008E+00
+9.270020E+02,+2.133502E-06,-4.006804E-07,-1.132676E+02,-1.856417E-01
+9.272461E+02,-3.330706E-07,-4.539920E-07,-1.249888E+02,-2.203750E+00
+9.274902E+02,-2.033737E-06,-2.341949E-06,-1.101679E+02,-2.285873E+00
+9.277344E+02,+5.563902E-07,+1.568259E-06,-1.155768E+02,+1.229868E+00
+9.279785E+02,+6.040279E-06,+3.813608E-06,-1.029219E+02,+5.631618E-01
+9.282227E+02,-1.113566E-05,-5.265622E-06,-9.818930E+01,-2.699891E+00
+9.284668E+02,+8.191125E-06,+1.569370E-07,-1.017315E+02,+1.915705E-02
+9.287109E+02,-1.518665E-06,-7.221770E-06,-1.026392E+02,-1.778066E+00
+9.289551E+02,+2.855190E-06,+1.712687E-05,-9.520738E+01,+1.405607E+00
+9.291992E+02,-4.942403E-06,-1.483986E-05,-9.611457E+01,-1.892291E+00
+9.294434E+02,+2.067261E-06,+9.813173E-06,-9.997523E+01,+1.363170E+00
+9.296875E+02,-2.099580E-06,-6.765966E-06,-1.029941E+02,-1.871689E+00
+9.299316E+02,+2.986245E-06,+4.310867E-06,-1.056065E+02,+9.649696E-01
+9.301758E+02,+3.623216E-07,-3.305031E-06,-1.095646E+02,-1.461605E+00
+9.304199E+02,-4.427823E-06,+5.981349E-06,-1.025663E+02,+2.208042E+00
+9.306641E+02,+2.835379E-06,-5.532228E-06,-1.041291E+02,-1.097183E+00
+9.309082E+02,-6.961841E-07,-6.288267E-07,-1.205547E+02,-2.406986E+00
+9.311523E+02,+5.877628E-07,+1.437221E-06,-1.161779E+02,+1.182592E+00
+9.313965E+02,+3.051629E-06,-2.251873E-06,-1.084214E+02,-6.357281E-01
+9.316406E+02,+2.636770E-07,+8.170797E-06,-1.017502E+02,+1.538537E+00
+9.318848E+02,-7.961326E-06,-7.010939E-06,-9.948708E+01,-2.419586E+00
+9.321289E+02,+7.751428E-06,-4.776297E-06,-1.008146E+02,-5.522338E-01
+9.323730E+02,-5.718396E-07,+8.778738E-06,-1.011130E+02,+1.635844E+00
+9.326172E+02,-3.929854E-06,-1.328547E-06,-1.076425E+02,-2.815589E+00
+9.328613E+02,+1.347291E-06,-2.004899E-06,-1.123397E+02,-9.791111E-01
+9.331055E+02,-2.211730E-06,+4.854246E-07,-1.129010E+02,+2.925541E+00
+9.333496E+02,+3.870330E-06,-2.609072E-06,-1.066181E+02,-5.931459E-01
+9.335938E+02,+1.957070E-06,-9.815611E-09,-1.141678E+02,-5.015420E-03
+9.338379E+02,-1.038083E-05,+1.048748E-05,-9.662044E+01,+2.351084E+00
+9.340820E+02,+1.359147E-05,-1.326708E-05,-9.442802E+01,-7.733210E-01
+9.343262E+02,-1.360677E-05,+5.959940E-06,-9.656266E+01,+2.728752E+00
+9.345703E+02,+1.070516E-05,-8.070572E-07,-9.938353E+01,-7.524724E-02
+9.348145E+02,-6.331358E-06,+1.520136E-06,-1.037267E+02,+2.905957E+00
+9.350586E+02,+6.218879E-06,-8.061346E-07,-1.040534E+02,-1.289082E-01
+9.353027E+02,-1.188087E-05,-2.489810E-06,-9.831638E+01,-2.935018E+00
+9.355469E+02,+1.280567E-05,+1.775385E-06,-9.776927E+01,+1.377624E-01
+9.357910E+02,-3.833458E-06,-1.582209E-06,-1.076450E+02,-2.750155E+00
+9.360352E+02,-2.946891E-06,+3.215021E-06,-1.072078E+02,+2.312708E+00
+9.362793E+02,+6.352935E-06,-7.817583E-07,-1.038752E+02,-1.224391E-01
+9.365234E+02,-4.588484E-06,-4.991594E-06,-1.033752E+02,-2.314141E+00
+9.367676E+02,+9.901050E-07,+6.088625E-06,-1.041963E+02,+1.409592E+00
+9.370117E+02,+1.360005E-06,-1.526751E-06,-1.137876E+02,-8.430966E-01
+9.372559E+02,-4.213009E-06,-6.738948E-07,-1.073984E+02,-2.982980E+00
+9.375000E+02,+4.170565E-06,-7.712496E-07,-1.074501E+02,-1.828611E-01
+9.377441E+02,-1.505007E-06,+5.174125E-06,-1.053705E+02,+1.853858E+00
+9.379883E+02,+5.890920E-06,-7.007893E-06,-1.007669E+02,-8.717777E-01
+9.382324E+02,-7.400586E-06,-9.361601E-07,-1.025457E+02,-3.015763E+00
+9.384766E+02,-8.283516E-07,+1.238860E-06,-1.165346E+02,+2.160164E+00
+9.387207E+02,+3.905613E-07,+1.273525E-06,-1.175095E+02,+1.273225E+00
+9.389648E+02,-2.215934E-07,+7.635199E-07,-1.219924E+02,+1.853262E+00
+9.392090E+02,-8.760962E-07,-2.678723E-07,-1.207608E+02,-2.844863E+00
+9.394531E+02,+6.675175E-06,-1.924502E-06,-1.031640E+02,-2.806954E-01
+9.396973E+02,-9.175700E-06,+2.597849E-06,-1.004123E+02,+2.865691E+00
+9.399414E+02,+4.607132E-06,+2.045141E-06,-1.059502E+02,+4.177760E-01
+9.401855E+02,-1.334287E-06,-3.743013E-06,-1.080161E+02,-1.913227E+00
+9.404297E+02,+2.735946E-06,+6.866576E-07,-1.109926E+02,+2.458973E-01
+9.406738E+02,-2.257320E-06,+1.102774E-06,-1.119986E+02,+2.687161E+00
+9.409180E+02,+8.093461E-07,-2.567403E-06,-1.113987E+02,-1.265418E+00
+9.411621E+02,+3.866319E-06,+3.245851E-06,-1.059373E+02,+6.983781E-01
+9.414062E+02,-6.135860E-06,-4.531028E-06,-1.023523E+02,-2.505524E+00
+9.416504E+02,-9.317739E-07,+6.722782E-06,-1.033664E+02,+1.708518E+00
+9.418945E+02,+3.753056E-06,-2.776311E-06,-1.066168E+02,-6.369066E-01
+9.421387E+02,+2.845704E-06,-2.037428E-06,-1.091189E+02,-6.213614E-01
+9.423828E+02,-1.273995E-05,-2.046908E-06,-9.778596E+01,-2.982286E+00
+9.426270E+02,+1.219551E-05,+9.372690E-06,-9.626026E+01,+6.552590E-01
+9.428711E+02,-2.903151E-06,-7.595630E-06,-1.017966E+02,-1.935876E+00
+9.431152E+02,+1.872685E-06,-1.227338E-06,-1.129987E+02,-5.801546E-01
+9.433594E+02,-8.639127E-06,+4.029376E-06,-1.004158E+02,+2.705176E+00
+9.436035E+02,+1.152973E-05,+2.455516E-06,-9.857097E+01,+2.098374E-01
+9.438477E+02,-7.941400E-06,-5.495210E-06,-1.003029E+02,-2.536276E+00
+9.440918E+02,+3.622324E-06,-4.409937E-07,-1.087564E+02,-1.211471E-01
+9.443359E+02,-2.915197E-06,+8.707225E-06,-1.007410E+02,+1.893868E+00
+9.445801E+02,+6.414508E-07,-6.106961E-06,-1.042358E+02,-1.466144E+00
+9.448242E+02,+1.809805E-06,-2.163745E-06,-1.109924E+02,-8.742378E-01
+9.450684E+02,-1.681528E-07,+2.912137E-06,-1.107013E+02,+1.628474E+00
+9.453125E+02,+1.874194E-06,+3.427371E-06,-1.081646E+02,+1.070389E+00
+9.455566E+02,-4.332941E-06,-8.785137E-06,-1.001794E+02,-2.028999E+00
+9.458008E+02,+9.222103E-07,+9.744454E-06,-1.001861E+02,+1.476438E+00
+9.460449E+02,+4.604919E-06,-6.600236E-06,-1.018864E+02,-9.616224E-01
+9.462891E+02,-7.587969E-07,+1.083601E-06,-1.175697E+02,+2.181694E+00
+9.465332E+02,-8.048882E-06,+1.627464E-06,-1.017113E+02,+2.942085E+00
+9.467773E+02,+8.053231E-06,-4.875290E-06,-1.005245E+02,-5.443682E-01
+9.470215E+02,-3.564380E-06,+5.620963E-06,-1.035360E+02,+2.135929E+00
+9.472656E+02,+1.333797E-06,+2.859062E-06,-1.100204E+02,+1.134293E+00
+9.475098E+02,-3.605023E-06,-6.507979E-06,-1.025688E+02,-2.076659E+00
+9.477539E+02,+4.799550E-06,+3.866181E-06,-1.042041E+02,+6.781039E-01
+9.479980E+02,-3.814217E-06,-7.521709E-06,-1.014798E+02,-2.040103E+00
+9.482422E+02,+3.696507E-06,+9.253736E-06,-1.000307E+02,+1.190755E+00
+9.484863E+02,-2.634680E-06,-1.035913E-06,-1.109612E+02,-2.766976E+00
+9.487305E+02,+5.102638E-06,-9.070593E-06,-9.965321E+01,-1.058371E+00
+9.489746E+02,-4.388949E-06,+1.595161E-05,-9.562698E+01,+1.839294E+00
+9.492188E+02,+1.657226E-06,-1.033451E-05,-9.960394E+01,-1.411792E+00
+9.494629E+02,+7.745315E-07,-1.158323E-07,-1.221232E+02,-1.484513E-01
+9.497070E+02,-5.498467E-06,+1.989880E-06,-1.046607E+02,+2.794358E+00
+9.499512E+02,+1.711582E-06,-4.786726E-07,-1.150050E+02,-2.726997E-01
+9.501953E+02,+1.351687E-06,-8.111582E-07,-1.160467E+02,-5.404989E-01
+9.504395E+02,+2.848285E-06,+1.985162E-06,-1.091888E+02,+6.086878E-01
+9.506836E+02,-2.375302E-06,-2.445418E-06,-1.093471E+02,-2.341651E+00
+9.509277E+02,-5.771434E-07,+4.275823E-06,-1.073012E+02,+1.704964E+00
+9.511719E+02,+2.509739E-06,-8.509750E-06,-1.010394E+02,-1.284002E+00
+9.514160E+02,-3.625262E-06,+8.657848E-06,-1.005502E+02,+1.967340E+00
+9.516602E+02,+2.098431E-06,-3.606468E-06,-1.075920E+02,-1.043828E+00
+9.519043E+02,+1.229534E-06,+2.701937E-06,-1.105491E+02,+1.143745E+00
+9.521484E+02,-6.295613E-06,-2.637459E-06,-1.033170E+02,-2.744869E+00
+9.523926E+02,+6.718359E-06,+7.084550E-07,-1.034067E+02,+1.050623E-01
+9.526367E+02,-1.189870E-06,+1.021835E-06,-1.160908E+02,+2.432024E+00
+9.528809E+02,+5.084839E-06,+1.829118E-06,-1.053460E+02,+3.453076E-01
+9.531250E+02,-9.839690E-06,-8.443773E-06,-9.774390E+01,-2.432395E+00
+9.533691E+02,+3.000337E-06,+6.337780E-06,-1.030830E+02,+1.128650E+00
+9.536133E+02,+9.661820E-07,+4.764993E-06,-1.062638E+02,+1.370742E+00
+9.538574E+02,+3.005343E-06,-1.015031E-05,-9.950546E+01,-1.282936E+00
+9.541016E+02,-3.741200E-06,+3.849833E-06,-1.054034E+02,+2.341885E+00
+9.543457E+02,-3.508442E-07,+5.042271E-07,-1.242327E+02,+2.178702E+00
+9.545898E+02,+6.860792E-06,+1.320763E-06,-1.031145E+02,+1.901823E-01
+9.548340E+02,-9.124803E-06,-2.078560E-06,-1.005758E+02,-2.917622E+00
+9.550781E+02,+4.610209E-06,-2.213804E-06,-1.058245E+02,-4.476793E-01
+9.553223E+02,-3.168820E-06,+7.363430E-06,-1.019205E+02,+1.977186E+00
+9.555664E+02,+4.231089E-06,-3.376957E-06,-1.053304E+02,-6.735994E-01
+9.558105E+02,-1.534479E-06,+1.750841E-07,-1.162246E+02,+3.027984E+00
+9.560547E+02,-1.681156E-06,+8.639796E-07,-1.144700E+02,+2.666871E+00
+9.562988E+02,+4.914328E-06,-4.771312E-07,-1.061300E+02,-9.678645E-02
+9.565430E+02,-2.756573E-06,-4.343286E-06,-1.057736E+02,-2.136322E+00
+9.567871E+02,-2.711173E-06,+1.323125E-07,-1.113265E+02,+3.092829E+00
+9.570312E+02,+4.490711E-06,+6.809607E-06,-1.017693E+02,+9.877946E-01
+9.572754E+02,-3.373307E-06,-7.494030E-06,-1.017044E+02,-1.993760E+00
+9.575195E+02,-1.505100E-06,+4.752429E-06,-1.060466E+02,+1.877504E+00
+9.577637E+02,+4.204713E-06,-1.898300E-07,-1.075164E+02,-4.511633E-02
+9.580078E+02,-5.144708E-06,-1.021570E-06,-1.056048E+02,-2.945575E+00
+9.582520E+02,+5.565656E-06,-1.961262E-07,-1.050843E+02,-3.522408E-02
+9.584961E+02,+2.244284E-06,+3.672095E-06,-1.073233E+02,+1.022202E+00
+9.587402E+02,-8.142670E-06,-7.279706E-06,-9.923370E+01,-2.412091E+00
+9.589844E+02,+4.651001E-06,+5.315865E-06,-1.030199E+02,+8.520069E-01
+9.592285E+02,-5.485442E-07,-4.760948E-06,-1.063889E+02,-1.685508E+00
+9.594727E+02,+2.250500E-07,+5.265846E-06,-1.055627E+02,+1.528085E+00
+9.597168E+02,+2.524168E-06,-2.823385E-06,-1.084336E+02,-8.412939E-01
+9.599609E+02,-1.677365E-06,+1.442563E-07,-1.154754E+02,+3.055802E+00
+9.602051E+02,-3.136798E-06,-1.329642E-06,-1.093526E+02,-2.740667E+00
+9.604492E+02,+9.057109E-07,+4.538196E-06,-1.066927E+02,+1.373809E+00
+9.606934E+02,+2.375777E-06,-2.621792E-06,-1.090246E+02,-8.345853E-01
+9.609375E+02,-3.418950E-08,+3.578343E-07,-1.288869E+02,+1.666053E+00
+9.611816E+02,-7.032052E-07,-2.324443E-06,-1.122933E+02,-1.864569E+00
+9.614258E+02,-1.089138E-06,+5.656570E-06,-1.047908E+02,+1.761012E+00
+9.616699E+02,-1.560261E-06,-7.304103E-06,-1.025349E+02,-1.781248E+00
+9.619141E+02,+4.136302E-06,+3.249052E-06,-1.055806E+02,+6.658348E-01
+9.621582E+02,+3.039677E-06,-1.366212E-06,-1.095444E+02,-4.224044E-01
+9.624023E+02,-1.031084E-05,+3.521134E-06,-9.925507E+01,+2.812512E+00
+9.626465E+02,+4.716610E-06,-2.408984E-06,-1.055207E+02,-4.722065E-01
+9.628906E+02,+2.123185E-06,-2.543991E-06,-1.095940E+02,-8.753178E-01
+9.631348E+02,-5.074557E-06,+4.108547E-06,-1.037027E+02,+2.461003E+00
+9.633789E+02,+6.830136E-06,-7.205679E-06,-1.000624E+02,-8.121479E-01
+9.636230E+02,-1.884642E-06,+9.038369E-06,-1.006934E+02,+1.776366E+00
+9.638672E+02,-1.379648E-07,-4.174368E-07,-1.271380E+02,-1.889999E+00
+9.641113E+02,-1.304207E-07,-4.540889E-06,-1.068536E+02,-1.599510E+00
+9.643555E+02,-5.050707E-06,-1.165092E-06,-1.057078E+02,-2.914879E+00
+9.645996E+02,+5.584815E-06,+7.836252E-06,-1.003340E+02,+9.516045E-01
+9.648438E+02,-2.055677E-06,-1.071761E-05,-9.924114E+01,-1.760298E+00
+9.650879E+02,+2.753450E-06,+7.484415E-06,-1.019656E+02,+1.218273E+00
+9.653320E+02,-6.809722E-06,-5.213383E-06,-1.013341E+02,-2.488195E+00
+9.655762E+02,+6.533126E-06,+1.934891E-06,-1.033324E+02,+2.879358E-01
+9.658203E+02,-3.088643E-06,+4.871983E-06,-1.047787E+02,+2.135813E+00
+9.660645E+02,+6.727501E-06,-2.275604E-06,-1.029725E+02,-3.261726E-01
+9.663086E+02,-6.421044E-06,-4.233508E-06,-1.022803E+02,-2.558695E+00
+9.665527E+02,-3.341885E-06,+2.232455E-06,-1.079177E+02,+2.552652E+00
+9.667969E+02,+3.319628E-06,+4.565545E-08,-1.095774E+02,+1.375232E-02
+9.670410E+02,+1.527195E-06,-9.831940E-07,-1.148162E+02,-5.719978E-01
+9.672852E+02,+2.167046E-06,+9.772078E-07,-1.124787E+02,+4.236354E-01
+9.675293E+02,-5.938577E-06,-2.879252E-07,-1.045162E+02,-3.093147E+00
+9.677734E+02,+1.630106E-06,+3.114021E-06,-1.090818E+02,+1.088547E+00
+9.680176E+02,+2.593303E-06,-3.559656E-06,-1.071228E+02,-9.411806E-01
+9.682617E+02,-2.500814E-06,+4.083735E-06,-1.063958E+02,+2.120272E+00
+9.685059E+02,+3.780777E-06,-8.754555E-06,-1.004126E+02,-1.163126E+00
+9.687500E+02,-4.837912E-06,+7.166817E-06,-1.012628E+02,+2.164576E+00
+9.689941E+02,+4.408022E-06,+4.435361E-06,-1.040779E+02,+7.884896E-01
+9.692383E+02,-3.544027E-06,-9.131479E-06,-1.001798E+02,-1.941012E+00
+9.694824E+02,-2.142161E-06,+1.452721E-06,-1.117397E+02,+2.545677E+00
+9.697266E+02,+4.502196E-06,-2.239934E-06,-1.059710E+02,-4.616618E-01
+9.699707E+02,-3.097426E-06,+6.068393E-06,-1.033330E+02,+2.042745E+00
+9.702148E+02,+1.584197E-06,-1.419357E-06,-1.134445E+02,-7.305713E-01
+9.704590E+02,+8.553203E-07,+1.696435E-06,-1.144256E+02,+1.103805E+00
+9.707031E+02,+5.216701E-06,-5.611538E-06,-1.023134E+02,-8.218457E-01
+9.709473E+02,-1.240754E-05,+5.106956E-06,-9.744659E+01,+2.751126E+00
+9.711914E+02,+6.724023E-06,+1.085161E-06,-1.033358E+02,+1.600060E-01
+9.714355E+02,+7.283071E-07,-6.248567E-06,-1.040258E+02,-1.454764E+00
+9.716797E+02,-3.409833E-06,+2.098821E-06,-1.079501E+02,+2.589839E+00
+9.719238E+02,-2.230540E-06,+1.725864E-06,-1.109942E+02,+2.483069E+00
+9.721680E+02,+7.086716E-06,-2.251653E-06,-1.025734E+02,-3.076413E-01
+9.724121E+02,+8.405308E-07,+3.187232E-06,-1.096397E+02,+1.312949E+00
+9.726562E+02,-5.007894E-06,-1.925412E-06,-1.054082E+02,-2.774541E+00
+9.729004E+02,+8.038647E-07,-9.092088E-08,-1.218411E+02,-1.126261E-01
+9.731445E+02,-5.463756E-07,-6.343285E-08,-1.251920E+02,-3.026013E+00
+9.733887E+02,+3.041221E-06,+2.914146E-06,-1.075102E+02,+7.640636E-01
+9.736328E+02,-5.483906E-06,+1.466090E-06,-1.049184E+02,+2.880358E+00
+9.738770E+02,+5.138173E-06,-1.172379E-05,-9.785559E+01,-1.157741E+00
+9.741211E+02,-2.650140E-06,+1.267934E-05,-9.775237E+01,+1.776842E+00
+9.743652E+02,+1.890432E-06,+5.340950E-08,-1.144653E+02,+2.824503E-02
+9.746094E+02,+1.643600E-06,-6.338301E-06,-1.036779E+02,-1.317073E+00
+9.748535E+02,-3.613409E-06,-1.628753E-06,-1.080384E+02,-2.718113E+00
+9.750977E+02,-5.179289E-07,+2.717686E-06,-1.111611E+02,+1.759115E+00
+9.753418E+02,+6.100919E-07,+1.522032E-06,-1.157044E+02,+1.189566E+00
+9.755859E+02,+4.949151E-06,+4.037257E-06,-1.038941E+02,+6.842694E-01
+9.758301E+02,-9.447061E-06,-8.356453E-06,-9.798392E+01,-2.417376E+00
+9.760742E+02,+8.111935E-06,+6.362377E-06,-9.973534E+01,+6.651084E-01
+9.763184E+02,-1.562253E-06,-5.326671E-06,-1.051125E+02,-1.856085E+00
+9.765625E+02,-4.040421E-06,+5.054042E-06,-1.037811E+02,+2.245198E+00
+9.768066E+02,+8.744763E-07,-4.396401E-06,-1.069695E+02,-1.374452E+00
+9.770508E+02,+4.381085E-06,+5.998100E-06,-1.025829E+02,+9.399498E-01
+9.772949E+02,-4.510609E-06,-6.855028E-06,-1.017175E+02,-2.152775E+00
+9.775391E+02,+2.144985E-06,+3.968233E-06,-1.069148E+02,+1.075246E+00
+9.777832E+02,-4.509721E-07,-2.507070E-06,-1.118784E+02,-1.748773E+00
+9.780273E+02,+2.501312E-06,+1.378939E-06,-1.108841E+02,+5.038304E-01
+9.782715E+02,-8.883570E-07,+4.791565E-06,-1.062437E+02,+1.754115E+00
+9.785156E+02,-7.318409E-06,-6.221427E-06,-1.003496E+02,-2.437037E+00
+9.787598E+02,+9.132068E-06,-1.768020E-07,-1.007870E+02,-1.935815E-02
+9.790039E+02,+6.679265E-07,-7.611932E-07,-1.198905E+02,-8.505675E-01
+9.792480E+02,-8.447347E-06,+4.767962E-06,-1.002645E+02,+2.627736E+00
+9.794922E+02,+3.870698E-06,-2.034922E-06,-1.071844E+02,-4.840150E-01
+9.797363E+02,-2.022106E-06,+2.409418E-06,-1.100462E+02,+2.269017E+00
+9.799805E+02,+6.765036E-06,-5.147026E-06,-1.014112E+02,-6.503948E-01
+9.802246E+02,-1.209458E-06,+4.567008E-06,-1.065130E+02,+1.829678E+00
+9.804688E+02,-5.860561E-06,+6.134973E-07,-1.045939E+02,+3.037290E+00
+9.807129E+02,+4.414688E-06,-4.589448E-06,-1.039198E+02,-8.048046E-01
+9.809570E+02,+1.817971E-06,+4.607517E-06,-1.061023E+02,+1.194983E+00
+9.812012E+02,-6.556626E-06,-2.712819E-06,-1.029801E+02,-2.749287E+00
+9.814453E+02,+3.386615E-06,+1.592726E-06,-1.085369E+02,+4.396069E-01
+9.816895E+02,-3.223474E-06,-4.120435E-06,-1.056274E+02,-2.234660E+00
+9.819336E+02,+5.055735E-06,+4.601660E-06,-1.033035E+02,+7.384144E-01
+9.821777E+02,+1.879206E-06,-1.443753E-06,-1.125059E+02,-6.550968E-01
+9.824219E+02,-4.605696E-06,+8.364042E-09,-1.067341E+02,+3.139777E+00
+9.826660E+02,+2.245843E-06,+1.316324E-06,-1.116899E+02,+5.301479E-01
+9.829102E+02,-5.232647E-06,+5.234386E-07,-1.055823E+02,+3.041891E+00
+9.831543E+02,+1.034028E-05,-4.498888E-06,-9.895644E+01,-4.103805E-01
+9.833984E+02,-8.536515E-06,+6.392674E-06,-9.944093E+01,+2.498820E+00
+9.836426E+02,+4.179145E-06,-6.276808E-06,-1.024517E+02,-9.833889E-01
+9.838867E+02,+4.314599E-06,+1.117233E-06,-1.070193E+02,+2.533773E-01
+9.841309E+02,-1.248355E-05,+1.281327E-06,-9.802772E+01,+3.039310E+00
+9.843750E+02,+6.556215E-06,-2.856084E-06,-1.029123E+02,-4.108398E-01
+9.846191E+02,-3.695511E-06,+7.549343E-06,-1.015089E+02,+2.026020E+00
+9.848633E+02,+8.785862E-06,-4.985910E-06,-9.991184E+01,-5.161739E-01
+9.851074E+02,-4.105395E-06,+1.334126E-06,-1.072969E+02,+2.827389E+00
+9.853516E+02,-2.042824E-06,+9.030448E-07,-1.130202E+02,+2.725364E+00
+9.855957E+02,+1.127847E-06,-1.929305E-07,-1.188297E+02,-1.694211E-01
+9.858398E+02,+2.566524E-06,-7.827356E-06,-1.016842E+02,-1.253951E+00
+9.860840E+02,-7.489560E-06,+1.091665E-05,-9.756301E+01,+2.172111E+00
+9.863281E+02,+8.029491E-06,-4.316530E-06,-1.008037E+02,-4.932612E-01
+9.865723E+02,-6.240991E-06,-1.644245E-06,-1.038035E+02,-2.883987E+00
+9.868164E+02,+7.505283E-06,+1.102030E-06,-1.024000E+02,+1.457921E-01
+9.870605E+02,-3.691717E-06,+1.820563E-07,-1.086449E+02,+3.092318E+00
+9.873047E+02,+1.247198E-06,-1.186939E-06,-1.152807E+02,-7.606475E-01
+9.875488E+02,-6.759363E-06,+3.787765E-06,-1.022159E+02,+2.630821E+00
+9.877930E+02,+6.585989E-06,-6.029614E-06,-1.009837E+02,-7.413245E-01
+9.880371E+02,+3.091661E-06,+3.791417E-06,-1.062100E+02,+8.867133E-01
+9.882812E+02,-7.875908E-06,+5.887588E-07,-1.020498E+02,+3.066977E+00
+9.885254E+02,+4.315139E-06,-3.625174E-06,-1.049809E+02,-6.987221E-01
+9.887695E+02,-6.806751E-07,+6.790226E-06,-1.033189E+02,+1.670706E+00
+9.890137E+02,+2.556566E-06,-6.452537E-06,-1.031721E+02,-1.193561E+00
+9.892578E+02,-4.756266E-06,-1.058111E-06,-1.062449E+02,-2.922691E+00
+9.895020E+02,+7.908564E-08,+4.232331E-06,-1.074669E+02,+1.552112E+00
+9.897461E+02,+3.747304E-06,+4.054094E-06,-1.051601E+02,+8.247028E-01
+9.899902E+02,+2.306452E-07,-6.285334E-06,-1.040276E+02,-1.534117E+00
+9.902344E+02,-4.610332E-06,-3.097633E-06,-1.051074E+02,-2.549983E+00
+9.904785E+02,+4.655622E-06,+1.031862E-05,-9.892285E+01,+1.146956E+00
+9.907227E+02,-7.204803E-06,-9.282594E-06,-9.859882E+01,-2.230832E+00
+9.909668E+02,+9.625448E-06,+2.636596E-06,-1.000174E+02,+2.673612E-01
+9.912109E+02,-4.286163E-06,+2.105917E-06,-1.064195E+02,+2.684906E+00
+9.914551E+02,+3.943468E-06,-2.860540E-06,-1.062464E+02,-6.275617E-01
+9.916992E+02,-1.052702E-05,+2.391778E-06,-9.933530E+01,+2.918182E+00
+9.919434E+02,+1.293966E-05,-1.860766E-06,-9.767265E+01,-1.428242E-01
+9.921875E+02,-8.141873E-06,-1.378451E-06,-1.016628E+02,-2.973879E+00
+9.924316E+02,+1.756767E-06,+3.043603E-06,-1.090834E+02,+1.047310E+00
+9.926758E+02,+2.610334E-06,-3.266602E-06,-1.075735E+02,-8.966059E-01
+9.929199E+02,-3.684456E-06,+6.594584E-06,-1.024364E+02,+2.080302E+00
+9.931641E+02,+3.030514E-06,-7.094723E-06,-1.022534E+02,-1.167106E+00
+9.934082E+02,-4.018496E-06,+3.647654E-06,-1.053086E+02,+2.404531E+00
+9.936523E+02,+1.149904E-06,-1.056113E-06,-1.161303E+02,-7.429078E-01
+9.938965E+02,+4.009414E-06,-4.514963E-06,-1.043818E+02,-8.446350E-01
+9.941406E+02,-4.596669E-06,+9.881789E-06,-9.925259E+01,+2.006190E+00
+9.943848E+02,+5.196542E-07,-7.950528E-06,-1.019736E+02,-1.505528E+00
+9.946289E+02,+4.057490E-06,+3.984904E-06,-1.049022E+02,+7.763730E-01
+9.948730E+02,-6.032316E-06,-3.928382E-06,-1.028549E+02,-2.564358E+00
+9.951172E+02,+5.704710E-06,+2.851536E-06,-1.039067E+02,+4.635328E-01
+9.953613E+02,-4.918621E-06,-8.279744E-07,-1.060418E+02,-2.974822E+00
+9.956055E+02,+1.662868E-06,+1.777818E-06,-1.122726E+02,+8.187948E-01
+9.958496E+02,+1.796465E-06,-7.617374E-06,-1.021288E+02,-1.339190E+00
+9.960938E+02,-4.934588E-06,+8.031160E-06,-1.005134E+02,+2.121759E+00
+9.963379E+02,+4.589671E-06,-9.125814E-07,-1.065960E+02,-1.962739E-01
+9.965820E+02,-1.280269E-06,+2.088238E-06,-1.122186E+02,+2.120782E+00
+9.968262E+02,+5.219025E-06,-8.591117E-06,-9.995483E+01,-1.024887E+00
+9.970703E+02,-8.697870E-06,+2.832939E-06,-1.007739E+02,+2.826723E+00
+9.973145E+02,+7.689616E-06,+6.067663E-06,-1.001797E+02,+6.680421E-01
+9.975586E+02,-9.599223E-06,-4.894614E-06,-9.935159E+01,-2.670059E+00
+9.978027E+02,+3.371584E-06,+1.875576E-06,-1.082724E+02,+5.076590E-01
+9.980469E+02,+7.371500E-06,-2.331256E-06,-1.022349E+02,-3.062999E-01
+9.982910E+02,-7.148137E-06,+5.689673E-06,-1.007848E+02,+2.469316E+00
+9.985352E+02,+7.150661E-07,-4.609855E-06,-1.066230E+02,-1.416906E+00
+9.987793E+02,+4.719493E-06,-3.775325E-06,-1.043739E+02,-6.747062E-01
+9.990234E+02,-6.499999E-06,+7.754806E-06,-9.989754E+01,+2.268394E+00
+9.992676E+02,-9.214015E-07,-4.898928E-06,-1.060470E+02,-1.756707E+00
+9.995117E+02,+8.270598E-06,-2.681783E-07,-1.016447E+02,-3.241415E-02
+9.997559E+02,-3.359778E-06,+3.004432E-06,-1.069219E+02,+2.411972E+00
