FFT Length,8192
Record Length,4096
FFT Sample Rate,+2.000000E+03,
Delta Frequency,+2.441406E-01,
Start Frequency,+0.000000E+00,
Stop Frequency,+1.000000E+03,
Vertical Units,F1:,Real part,Vrms,Imaginary part,Vrms,Magnitude,dBV,
Model,SDS814X HD
Serial Number,SDS08A0X807112
Software Version,3.8.12.1.1.3.8
SourceF1:
Frequency,Real part,Imaginary part,Magnitude,Angle
+0.000000E+00,-5.145648E-04,+0.000000E+00,-6.577119E+01,+3.141593E+00
+2.441406E-01,+3.645452E-04,-8.049154E-05,-6.855824E+01,-2.173132E-01
+4.882812E-01,-7.186538E-06,+4.882105E-05,-8.613476E+01,+1.716948E+00
+7.324219E-01,+1.282339E-05,-2.305282E-05,-9.157471E+01,-1.063159E+00
+9.765625E-01,-1.304052E-05,+2.152100E-05,-9.198453E+01,+2.115575E+00
+1.220703E+00,+6.035899E-06,-1.068319E-05,-9.822282E+01,-1.056517E+00
+1.464844E+00,+3.740367E-06,+9.098477E-06,-1.001425E+02,+1.180759E+00
+1.708984E+00,-8.549598E-06,-4.358918E-06,-1.003576E+02,-2.670105E+00
+1.953125E+00,+1.443183E-06,-1.464212E-06,-1.137400E+02,-7.926308E-01
+2.197266E+00,+8.538384E-06,-3.283096E-06,-1.007736E+02,-3.670823E-01
+2.441406E+00,-7.492400E-07,+8.319930E-06,-1.015625E+02,+1.660608E+00
+2.685547E+00,-6.567667E-07,-5.264819E-06,-1.055053E+02,-1.694901E+00
+2.929688E+00,-1.477211E-06,-2.339756E-06,-1.111596E+02,-2.133951E+00
+3.173828E+00,-4.306082E-06,+1.238434E-05,-9.764688E+01,+1.905424E+00
+3.417969E+00,+3.720566E-06,-1.787610E-05,-9.477037E+01,-1.365595E+00
+3.662109E+00,-3.942253E-06,+8.074773E-06,-1.009289E+02,+2.024974E+00
+3.906250E+00,+5.614956E-06,+7.047131E-06,-1.009050E+02,+8.980269E-01
+4.150391E+00,-5.432299E-06,-1.111781E-05,-9.814980E+01,-2.025292E+00
+4.394531E+00,-9.080442E-07,+8.655585E-06,-1.012065E+02,+1.675322E+00
+4.638672E+00,+8.475232E-06,-4.404403E-06,-1.003987E+02,-4.792669E-01
+4.882812E+00,-4.209215E-06,+5.070005E-06,-1.036229E+02,+2.263694E+00
+5.126953E+00,+2.013475E-06,-8.958485E-06,-1.007413E+02,-1.349714E+00
+5.371094E+00,-6.762501E-06,+5.049741E-07,-1.033737E+02,+3.067058E+00
+5.615234E+00,+8.335905E-06,+9.111313E-06,-9.816721E+01,+8.298120E-01
+5.859375E+00,-3.043201E-06,-7.290228E-06,-1.020476E+02,-1.966242E+00
+6.103516E+00,-2.350162E-06,+4.672753E-06,-1.056292E+02,+2.036801E+00
+6.347656E+00,+5.800503E-07,-8.189787E-07,-1.199689E+02,-9.545478E-01
+6.591797E+00,+3.702444E-06,-6.505309E-06,-1.025160E+02,-1.053376E+00
+6.835938E+00,-9.037461E-06,+5.822038E-06,-9.937148E+01,+2.569297E+00
+7.080078E+00,+1.964810E-05,+9.426386E-07,-9.412360E+01,+4.793932E-02
+7.324219E+00,-1.668420E-05,+2.747556E-06,-9.543768E+01,+2.978377E+00
+7.568359E+00,+5.865995E-07,-1.043643E-05,-9.961526E+01,-1.514649E+00
+7.812500E+00,-1.500145E-06,+2.681348E-06,-1.102503E+02,+2.080884E+00
+8.056641E+00,+8.726588E-06,+2.970352E-06,-1.007070E+02,+3.280787E-01
+8.300781E+00,-4.879392E-06,-1.462140E-06,-1.058592E+02,-2.850451E+00
+8.544922E+00,+3.263819E-06,+3.024170E-06,-1.070338E+02,+7.473043E-01
+8.789062E+00,-2.228680E-06,-6.063222E-06,-1.037955E+02,-1.923040E+00
+9.033203E+00,-3.196815E-06,+4.794595E-06,-1.047876E+02,+2.158859E+00
+9.277344E+00,+4.501176E-06,-2.653200E-06,-1.056384E+02,-5.326230E-01
+9.521484E+00,-2.940947E-06,+5.646009E-06,-1.039226E+02,+2.051015E+00
+9.765625E+00,+7.436514E-06,-6.343636E-06,-1.001980E+02,-7.062557E-01
+1.000977E+01,-9.690963E-06,+4.680566E-06,-9.936207E+01,+2.691651E+00
+1.025391E+01,+2.997910E-06,+1.831760E-06,-1.090859E+02,+5.484774E-01
+1.049805E+01,+8.588385E-06,-1.194195E-05,-9.664802E+01,-9.473149E-01
+1.074219E+01,-1.159482E-05,+6.130816E-06,-9.764404E+01,+2.655207E+00
+1.098633E+01,-2.461520E-06,+3.545843E-07,-1.120867E+02,+2.998526E+00
+1.123047E+01,+8.139400E-06,+1.048804E-05,-9.753874E+01,+9.108213E-01
+1.147461E+01,-4.952958E-06,-1.085436E-05,-9.846646E+01,-1.998886E+00
+1.171875E+01,+6.453238E-06,+3.348125E-07,-1.037928E+02,+5.183638E-02
+1.196289E+01,-9.078301E-06,+1.110067E-06,-1.007755E+02,+3.019920E+00
+1.220703E+01,+1.355187E-05,-1.423187E-06,-9.731239E+01,-1.046342E-01
+1.245117E+01,-1.132883E-05,+4.682196E-06,-9.823141E+01,+2.749674E+00
+1.269531E+01,+5.526925E-06,-7.470552E-06,-1.006371E+02,-9.338371E-01
+1.293945E+01,-2.713744E-06,+6.075277E-06,-1.035386E+02,+1.990891E+00
+1.318359E+01,-4.026162E-07,-4.780363E-06,-1.063801E+02,-1.654821E+00
+1.342773E+01,+1.387381E-07,+4.616476E-06,-1.067099E+02,+1.540753E+00
+1.367188E+01,-2.866138E-06,-4.205924E-06,-1.058662E+02,-2.168966E+00
+1.391602E+01,+9.109622E-06,+4.726417E-06,-9.977471E+01,+4.786041E-01
+1.416016E+01,-9.546665E-06,-9.719181E-07,-1.003582E+02,-3.040135E+00
+1.440430E+01,+5.933159E-06,-3.930666E-06,-1.029540E+02,-5.851064E-01
+1.464844E+01,+3.832018E-06,+1.920710E-06,-1.073581E+02,+4.646286E-01
+1.489258E+01,-1.271643E-05,+1.422591E-06,-9.785869E+01,+3.030186E+00
+1.513672E+01,+2.718363E-06,-3.146146E-06,-1.076226E+02,-8.582137E-01
+1.538086E+01,+4.661820E-06,+2.340784E-06,-1.056524E+02,+4.653407E-01
+1.562500E+01,+5.808237E-07,+1.086923E-06,-1.181851E+02,+1.080029E+00
+1.586914E+01,-1.087121E-06,-9.824155E-06,-1.001012E+02,-1.681006E+00
+1.611328E+01,-3.460040E-06,+1.891300E-05,-9.432182E+01,+1.751740E+00
+1.635742E+01,+3.956789E-06,-1.466808E-05,-9.636748E+01,-1.307313E+00
+1.660156E+01,-2.154886E-06,+8.313863E-06,-1.013216E+02,+1.824407E+00
+1.684570E+01,+8.413367E-07,-7.088517E-06,-1.029281E+02,-1.452659E+00
+1.708984E+01,+1.422881E-06,+1.501511E-07,-1.168885E+02,+1.051370E-01
+1.733398E+01,-1.469861E-06,-2.099043E-07,-1.165668E+02,-2.999746E+00
+1.757812E+01,-5.568940E-07,+1.226141E-05,-9.822025E+01,+1.616184E+00
+1.782227E+01,-1.660654E-06,-9.947043E-06,-9.992673E+01,-1.736220E+00
+1.806641E+01,+9.409342E-06,-1.306105E-06,-1.004459E+02,-1.379280E-01
+1.831055E+01,-1.256502E-05,+3.329780E-06,-9.772198E+01,+2.882543E+00
+1.855469E+01,+3.891525E-06,-7.748899E-06,-1.012384E+02,-1.105387E+00
+1.879883E+01,+2.365641E-06,+1.358431E-05,-9.720950E+01,+1.398380E+00
+1.904297E+01,-3.200417E-06,-7.018740E-06,-1.022544E+02,-1.998613E+00
+1.928711E+01,+4.241955E-06,-1.720627E-06,-1.067872E+02,-3.853430E-01
+1.953125E+01,-4.630077E-06,-1.015383E-06,-1.064842E+02,-2.925709E+00
+1.977539E+01,+9.347754E-06,+8.210457E-06,-9.810251E+01,+7.207156E-01
+2.001953E+01,-1.056383E-05,-6.098839E-06,-9.827425E+01,-2.618008E+00
+2.026367E+01,+2.892743E-06,-6.941271E-07,-1.105307E+02,-2.355021E-01
+2.050781E+01,+3.213289E-07,+2.021503E-06,-1.137781E+02,+1.413160E+00
+2.075195E+01,+8.746323E-07,-3.588271E-07,-1.204879E+02,-3.893203E-01
+2.099609E+01,-1.647767E-06,-4.541563E-06,-1.063188E+02,-1.918846E+00
+2.124023E+01,+4.545955E-06,+2.195001E-06,-1.059374E+02,+4.498314E-01
+2.148438E+01,-3.776630E-06,+3.242215E-06,-1.060599E+02,+2.432188E+00
+2.172852E+01,+4.083986E-07,+4.019901E-06,-1.078711E+02,+1.469550E+00
+2.197266E+01,-8.271904E-07,-5.332846E-06,-1.053576E+02,-1.724682E+00
+2.221680E+01,-2.051349E-06,+2.602598E-06,-1.095934E+02,+2.238296E+00
+2.246094E+01,+2.883106E-06,-3.020354E-06,-1.075858E+02,-8.086427E-01
+2.270508E+01,+4.018710E-06,-9.951539E-07,-1.076598E+02,-2.427470E-01
+2.294922E+01,-7.384299E-06,+7.051894E-06,-9.981895E+01,+2.379216E+00
+2.319336E+01,-3.439797E-06,-6.065351E-06,-1.031318E+02,-2.086690E+00
+2.343750E+01,+1.366386E-05,+4.824572E-06,-9.677827E+01,+3.394249E-01
+2.368164E+01,-6.616910E-06,-1.006404E-05,-9.838428E+01,-2.152412E+00
+2.392578E+01,-3.521499E-06,+1.028088E-05,-9.927759E+01,+1.900800E+00
+2.416992E+01,+5.811187E-06,-4.337706E-06,-1.027913E+02,-6.412193E-01
+2.441406E+01,-2.741795E-06,-1.560788E-06,-1.100202E+02,-2.624084E+00
+2.465820E+01,-2.780605E-07,+5.575755E-07,-1.241094E+02,+2.033400E+00
+2.490234E+01,+2.828839E-06,+5.109444E-06,-1.046713E+02,+1.065156E+00
+2.514648E+01,-9.452392E-06,-5.888107E-06,-9.906517E+01,-2.584489E+00
+2.539062E+01,+1.116048E-05,+4.434971E-06,-9.840958E+01,+3.782471E-01
+2.563477E+01,-3.259162E-06,-2.910406E-06,-1.071914E+02,-2.412663E+00
+2.587891E+01,-3.278891E-06,+1.307062E-06,-1.090450E+02,+2.762269E+00
+2.612305E+01,-4.117753E-07,+5.102135E-06,-1.058168E+02,+1.651328E+00
+2.636719E+01,+3.871407E-06,-1.161004E-05,-9.824544E+01,-1.248938E+00
+2.661133E+01,+8.444580E-07,+7.069141E-06,-1.029511E+02,+1.451903E+00
+2.685547E+01,+2.752435E-07,+3.152058E-06,-1.099951E+02,+1.483695E+00
+2.709961E+01,-6.031451E-06,-7.434781E-06,-1.003785E+02,-2.252358E+00
+2.734375E+01,+8.992155E-06,+6.409667E-06,-9.913844E+01,+6.192693E-01
+2.758789E+01,-8.822864E-06,-1.509446E-06,-1.009625E+02,-2.972150E+00
+2.783203E+01,+1.752472E-06,-2.587203E-06,-1.101034E+02,-9.754260E-01
+2.807617E+01,+6.028548E-06,+1.089096E-06,-1.042563E+02,+1.787287E-01
+2.832031E+01,-6.015094E-06,+4.095496E-06,-1.027610E+02,+2.543821E+00
+2.856445E+01,+2.893073E-06,-4.687911E-06,-1.051789E+02,-1.017873E+00
+2.880859E+01,-3.902713E-07,+1.768985E-06,-1.148391E+02,+1.787937E+00
+2.905273E+01,+7.545564E-07,-8.063413E-06,-1.018318E+02,-1.477490E+00
+2.929688E+01,-3.475832E-06,+1.713306E-05,-9.514813E+01,+1.770953E+00
+2.954102E+01,+7.357357E-06,-1.382170E-05,-9.610533E+01,-1.081640E+00
+2.978516E+01,-6.832848E-06,+1.167965E-06,-1.031829E+02,+2.972295E+00
+3.002930E+01,+7.541477E-07,+5.953970E-06,-1.044347E+02,+1.444804E+00
+3.027344E+01,+6.821325E-06,-2.564453E-06,-1.027485E+02,-3.596002E-01
+3.051758E+01,-1.252974E-05,-1.971421E-06,-9.793496E+01,-2.985533E+00
+3.076172E+01,+1.499099E-05,+8.458060E-07,-9.646959E+01,+5.636120E-02
+3.100586E+01,-9.111424E-06,+1.104889E-06,-1.007449E+02,+3.020918E+00
+3.125000E+01,-2.029132E-06,+2.822134E-06,-1.091787E+02,+2.194165E+00
+3.149414E+01,+1.215920E-06,-9.232228E-06,-1.006192E+02,-1.439846E+00
+3.173828E+01,+4.905601E-06,+8.098369E-06,-1.004746E+02,+1.026158E+00
+3.198242E+01,-1.867530E-06,-2.779224E-07,-1.144795E+02,-2.993859E+00
+3.222656E+01,-6.348331E-07,-3.669528E-07,-1.226949E+02,-2.617484E+00
+3.247070E+01,+1.173418E-06,+7.771986E-07,-1.170313E+02,+5.849994E-01
+3.271484E+01,+2.490396E-06,-6.669473E-06,-1.029513E+02,-1.213427E+00
+3.295898E+01,-1.353918E-05,+9.006275E-06,-9.577702E+01,+2.554605E+00
+3.320312E+01,+1.431231E-05,-7.630601E-06,-9.579932E+01,-4.898142E-01
+3.344727E+01,-4.599021E-06,+2.381823E-06,-1.057148E+02,+2.663730E+00
+3.369141E+01,-1.574393E-06,+3.474804E-06,-1.083705E+02,+1.996215E+00
+3.393555E+01,+7.374129E-06,+1.044650E-07,-1.026449E+02,+1.416548E-02
+3.417969E+01,-5.206148E-06,-1.001468E-05,-9.894838E+01,-2.050199E+00
+3.442383E+01,-3.469540E-06,+6.199922E-06,-1.029691E+02,+2.080988E+00
+3.466797E+01,+8.227315E-06,+3.407263E-06,-1.010074E+02,+3.926366E-01
+3.491211E+01,-9.250683E-06,-3.034358E-06,-1.002327E+02,-2.824637E+00
+3.515625E+01,+4.106629E-06,-1.068241E-08,-1.077303E+02,-2.601255E-03
+3.540039E+01,-1.204627E-08,+3.607562E-06,-1.088557E+02,+1.574135E+00
+3.564453E+01,-4.500787E-07,-1.068801E-05,-9.941437E+01,-1.612882E+00
+3.588867E+01,+2.524347E-06,+1.241602E-05,-9.794444E+01,+1.370216E+00
+3.613281E+01,-1.340620E-06,-3.490459E-06,-1.085448E+02,-1.937505E+00
+3.637695E+01,-2.014116E-06,-5.733883E-06,-1.043257E+02,-1.908598E+00
+3.662109E+01,-8.662241E-07,+9.312966E-06,-1.005808E+02,+1.663542E+00
+3.686523E+01,+3.485754E-06,-7.085257E-06,-1.020515E+02,-1.113591E+00
+3.710938E+01,+4.945678E-06,+8.567746E-08,-1.061142E+02,+1.732197E-02
+3.735352E+01,-4.737121E-06,+2.681322E-06,-1.052827E+02,+2.626531E+00
+3.759766E+01,-3.848475E-06,-2.012770E-06,-1.072441E+02,-2.659711E+00
+3.784180E+01,-1.955958E-06,-7.891725E-07,-1.135178E+02,-2.758098E+00
+3.808594E+01,+1.110490E-05,+5.842806E-06,-9.802837E+01,+4.843456E-01
+3.833008E+01,-8.996193E-06,-9.014063E-06,-9.789989E+01,-2.355202E+00
+3.857422E+01,+8.795774E-06,+5.817515E-06,-9.953859E+01,+5.843468E-01
+3.881836E+01,-8.700282E-06,+8.027324E-07,-1.011725E+02,+3.049588E+00
+3.906250E+01,+1.430507E-06,-8.104176E-06,-1.016926E+02,-1.396081E+00
+3.930664E+01,+4.569122E-08,+1.119813E-05,-9.901702E+01,+1.566716E+00
+3.955078E+01,+1.048558E-06,-1.248318E-05,-9.804295E+01,-1.486995E+00
+3.979492E+01,-1.898613E-06,+1.325827E-05,-9.746210E+01,+1.713031E+00
+4.003906E+01,+5.011227E-07,-5.501706E-06,-1.051542E+02,-1.479962E+00
+4.028320E+01,+1.587439E-07,-7.084058E-07,-1.227816E+02,-1.350352E+00
+4.052734E+01,+6.677651E-06,-3.790157E-06,-1.022947E+02,-5.162463E-01
+4.077148E+01,-5.752490E-06,+6.037968E-06,-1.015771E+02,+2.331987E+00
+4.101562E+01,-3.095562E-06,-3.936631E-06,-1.060068E+02,-2.237157E+00
+4.125977E+01,+7.808397E-06,+5.966120E-06,-1.001518E+02,+6.524419E-01
+4.150391E+01,-1.095121E-05,-8.065281E-06,-9.732880E+01,-2.506804E+00
+4.174805E+01,+4.318235E-06,+4.691606E-06,-1.039085E+02,+8.268148E-01
+4.199219E+01,+7.322521E-06,-7.936598E-07,-1.026561E+02,-1.079647E-01
+4.223633E+01,-4.797238E-06,+8.784159E-07,-1.062369E+02,+2.960490E+00
+4.248047E+01,-9.754741E-07,+2.176146E-06,-1.124510E+02,+1.992200E+00
+4.272461E+01,+1.107550E-06,-6.378398E-06,-1.037768E+02,-1.398870E+00
+4.296875E+01,-2.067586E-06,-6.825357E-08,-1.136860E+02,-3.108593E+00
+4.321289E+01,+2.812403E-06,+4.959101E-06,-1.048809E+02,+1.054905E+00
+4.345703E+01,-2.632901E-07,+1.098090E-06,-1.189445E+02,+1.806125E+00
+4.370117E+01,-2.102390E-06,-9.244166E-06,-1.004636E+02,-1.794421E+00
+4.394531E+01,-2.615453E-06,+6.573926E-06,-1.030053E+02,+1.949450E+00
+4.418945E+01,+6.924844E-06,-5.804893E-06,-1.008804E+02,-6.976450E-01
+4.443359E+01,-2.891738E-06,+1.272435E-05,-9.768859E+01,+1.794261E+00
+4.467773E+01,-7.267569E-06,-8.023565E-06,-9.931091E+01,-2.306795E+00
+4.492188E+01,+7.363685E-06,+7.579238E-07,-1.026123E+02,+1.025661E-01
+4.516602E+01,+1.207577E-06,+7.987555E-07,-1.167856E+02,+5.843843E-01
+4.541016E+01,-1.873568E-07,-1.254390E-06,-1.179355E+02,-1.719061E+00
+4.565430E+01,-5.610234E-06,-3.026812E-06,-1.039109E+02,-2.646834E+00
+4.589844E+01,+3.003021E-06,+6.059820E-06,-1.033971E+02,+1.110705E+00
+4.614258E+01,+7.580189E-06,-1.611676E-06,-1.022144E+02,-2.094972E-01
+4.638672E+01,-1.349490E-05,-3.772706E-06,-9.706979E+01,-2.868987E+00
+4.663086E+01,+5.848142E-06,+4.572137E-06,-1.025881E+02,+6.635507E-01
+4.687500E+01,+3.521929E-06,-7.490537E-06,-1.016423E+02,-1.131285E+00
+4.711914E+01,-3.746890E-06,+1.009447E-05,-9.935777E+01,+1.926216E+00
+4.736328E+01,-1.912108E-06,-4.263377E-06,-1.066090E+02,-1.992399E+00
+4.760742E+01,+3.045326E-06,-1.067515E-06,-1.098240E+02,-3.371578E-01
+4.785156E+01,+1.309914E-06,+9.755001E-09,-1.176549E+02,+7.446919E-03
+4.809570E+01,-1.801274E-06,+4.307441E-06,-1.066157E+02,+1.966874E+00
+4.833984E+01,-1.864321E-06,-5.792309E-06,-1.043149E+02,-1.882187E+00
+4.858398E+01,-1.364975E-06,+7.783964E-07,-1.160747E+02,+2.623325E+00
+4.882812E+01,+5.323406E-06,+3.500618E-06,-1.039155E+02,+5.816923E-01
+4.907227E+01,-1.090557E-07,-3.899760E-06,-1.081758E+02,-1.598754E+00
+4.931641E+01,-4.320103E-06,+6.102346E-06,-1.025257E+02,+2.186832E+00
+4.956055E+01,-1.394536E-07,-6.520961E-06,-1.037118E+02,-1.592178E+00
+4.980469E+01,+3.429589E-06,+3.398412E-06,-1.063243E+02,+7.808321E-01
+5.004883E+01,-3.335755E-06,-2.051046E-06,-1.081434E+02,-2.590313E+00
+5.029297E+01,+4.351093E-06,+2.308325E-06,-1.061510E+02,+4.877614E-01
+5.053711E+01,-4.367183E-06,-1.239397E-06,-1.068596E+02,-2.865066E+00
+5.078125E+01,+4.504203E-07,-3.695872E-06,-1.085816E+02,-1.449523E+00
+5.102539E+01,+4.965477E-06,+1.351098E-05,-9.683605E+01,+1.218605E+00
+5.126953E+01,-5.054975E-06,-1.192704E-05,-9.775189E+01,-1.971671E+00
+5.151367E+01,+2.587911E-06,+2.911137E-06,-1.081896E+02,+8.441092E-01
+5.175781E+01,+1.702098E-06,-5.032202E-06,-1.054944E+02,-1.244635E+00
+5.200195E+01,-1.738233E-06,+7.822790E-06,-1.019235E+02,+1.789445E+00
+5.224609E+01,-6.251816E-06,-2.141139E-06,-1.035982E+02,-2.811630E+00
+5.249023E+01,+2.863556E-06,-9.427491E-07,-1.104150E+02,-3.180469E-01
+5.273438E+01,+6.712735E-06,-3.150744E-07,-1.034525E+02,-4.690240E-02
+5.297852E+01,-4.241772E-06,-2.929872E-07,-1.074284E+02,-3.072630E+00
+5.322266E+01,-5.898436E-07,+5.633513E-06,-1.049371E+02,+1.675119E+00
+5.346680E+01,+5.129403E-06,-1.254560E-05,-9.735884E+01,-1.182675E+00
+5.371094E+01,-1.314554E-05,+1.026590E-05,-9.555652E+01,+2.478581E+00
+5.395508E+01,+1.283803E-05,-6.430707E-06,-9.685777E+01,-4.643760E-01
+5.419922E+01,-5.457789E-06,+7.085133E-06,-1.009698E+02,+2.227173E+00
+5.444336E+01,+3.050460E-06,+1.453918E-06,-1.094236E+02,+4.447715E-01
+5.468750E+01,-8.054989E-07,-1.993515E-06,-1.133508E+02,-1.954797E+00
+5.493164E+01,-7.131108E-06,-6.267626E-06,-1.004510E+02,-2.420551E+00
+5.517578E+01,+1.098778E-05,+2.634394E-06,-9.893906E+01,+2.353149E-01
+5.541992E+01,-8.886259E-06,+4.846378E-06,-9.989475E+01,+2.642304E+00
+5.566406E+01,+8.022842E-06,-2.717754E-06,-1.014417E+02,-3.266194E-01
+5.590820E+01,-6.056100E-06,-4.393204E-07,-1.043333E+02,-3.069178E+00
+5.615234E+01,-4.195850E-07,-4.556046E-06,-1.067916E+02,-1.662631E+00
+5.639648E+01,+3.213242E-06,+5.673120E-06,-1.037152E+02,+1.055451E+00
+5.664062E+01,+1.355985E-06,+1.353562E-06,-1.143524E+02,+7.845039E-01
+5.688477E+01,-8.591438E-07,-4.533581E-06,-1.067179E+02,-1.758082E+00
+5.712891E+01,-3.336351E-06,+1.188604E-06,-1.090156E+02,+2.799353E+00
+5.737305E+01,+2.273557E-06,+1.605460E-06,-1.111089E+02,+6.148380E-01
+5.761719E+01,+1.093397E-06,-8.779992E-07,-1.170633E+02,-6.765682E-01
+5.786133E+01,-4.770361E-06,-1.269710E-06,-1.061317E+02,-2.881457E+00
+5.810547E+01,+8.815763E-06,+3.387239E-06,-1.004968E+02,+3.668339E-01
+5.834961E+01,-6.100525E-06,-3.351553E-06,-1.031471E+02,-2.639220E+00
+5.859375E+01,+1.265204E-06,-5.325816E-07,-1.172483E+02,-3.984312E-01
+5.883789E+01,-9.957830E-07,+9.299885E-07,-1.173131E+02,+2.390347E+00
+5.908203E+01,+4.598075E-06,+4.120129E-06,-1.041887E+02,+7.306314E-01
+5.932617E+01,-8.346562E-06,-2.157489E-06,-1.012889E+02,-2.888641E+00
+5.957031E+01,+7.112949E-06,-4.479458E-06,-1.015083E+02,-5.620157E-01
+5.981445E+01,-1.378699E-06,+7.158804E-06,-1.027450E+02,+1.761055E+00
+6.005859E+01,-3.162909E-06,-2.261942E-06,-1.082044E+02,-2.520774E+00
+6.030273E+01,-7.925357E-09,-3.347305E-06,-1.095061E+02,-1.573164E+00
+6.054688E+01,+5.773275E-06,+1.588390E-06,-1.044547E+02,+2.684853E-01
+6.079102E+01,-6.923935E-06,-2.032380E-06,-1.028340E+02,-2.856083E+00
+6.103516E+01,+5.044558E-06,+2.970582E-06,-1.046506E+02,+5.321944E-01
+6.127930E+01,-2.833779E-06,+4.551326E-06,-1.054144E+02,+2.127687E+00
+6.152344E+01,+1.741043E-06,-8.427107E-06,-1.013049E+02,-1.367062E+00
+6.176758E+01,-1.722172E-07,+4.623929E-06,-1.066938E+02,+1.608024E+00
+6.201172E+01,+5.829831E-06,-4.462885E-06,-1.026838E+02,-6.533638E-01
+6.225586E+01,-9.794637E-06,+7.783625E-06,-9.805431E+01,+2.470103E+00
+6.250000E+01,+2.207771E-06,-9.186037E-06,-1.004936E+02,-1.334930E+00
+6.274414E+01,-9.250907E-07,+9.798018E-06,-1.001387E+02,+1.664933E+00
+6.298828E+01,+3.782861E-06,-1.073067E-05,-9.887874E+01,-1.231871E+00
+6.323242E+01,+5.256322E-07,+7.353942E-06,-1.026475E+02,+1.499441E+00
+6.347656E+01,-6.205844E-07,-2.379691E-06,-1.121838E+02,-1.825898E+00
+6.372070E+01,+1.198876E-06,-2.174874E-07,-1.182839E+02,-1.794578E-01
+6.396484E+01,-2.579141E-06,+4.188943E-06,-1.061620E+02,+2.122682E+00
+6.420898E+01,-4.435174E-06,-8.422457E-06,-1.004283E+02,-2.055488E+00
+6.445312E+01,+9.556345E-06,+4.470096E-06,-9.953484E+01,+4.375263E-01
+6.469727E+01,-4.575841E-06,+6.326206E-07,-1.067084E+02,+3.004211E+00
+6.494141E+01,-2.931754E-06,+4.918376E-06,-1.048432E+02,+2.108330E+00
+6.518555E+01,+1.965497E-06,-1.210807E-05,-9.822555E+01,-1.409871E+00
+6.542969E+01,+2.629672E-06,+1.025682E-05,-9.950327E+01,+1.319819E+00
+6.567383E+01,+7.314900E-07,-1.537890E-06,-1.153757E+02,-1.126822E+00
+6.591797E+01,-1.083162E-06,-1.505583E-06,-1.146344E+02,-2.194444E+00
+6.616211E+01,-4.123193E-06,-4.548870E-06,-1.042374E+02,-2.307148E+00
+6.640625E+01,+4.905173E-06,+5.493053E-06,-1.026572E+02,+8.418747E-01
+6.665039E+01,-4.808491E-06,-2.601992E-06,-1.052445E+02,-2.645589E+00
+6.689453E+01,+6.442678E-06,+5.045653E-07,-1.037921E+02,+7.815655E-02
+6.713867E+01,-2.357336E-06,-3.759164E-07,-1.124425E+02,-2.983458E+00
+6.738281E+01,-4.971960E-06,+5.380314E-06,-1.027028E+02,+2.316769E+00
+6.762695E+01,+5.829250E-06,-7.326536E-06,-1.005721E+02,-8.987225E-01
+6.787109E+01,-3.862583E-06,+1.171519E-06,-1.078803E+02,+2.847112E+00
+6.811523E+01,+4.537626E-06,+3.092011E-06,-1.052070E+02,+5.981444E-01
+6.835938E+01,-8.089087E-06,-3.518483E-06,-1.010895E+02,-2.731311E+00
+6.860352E+01,+1.136240E-05,+3.878369E-06,-9.841198E+01,+3.289334E-01
+6.884766E+01,-8.449093E-06,-5.363787E-06,-9.999317E+01,-2.575952E+00
+6.909180E+01,+2.886246E-06,+1.649118E-06,-1.095664E+02,+5.191030E-01
+6.933594E+01,-1.612538E-06,+7.968062E-06,-1.017986E+02,+1.770475E+00
+6.958008E+01,+2.132444E-06,-6.081872E-06,-1.038157E+02,-1.233567E+00
+6.982422E+01,-4.227878E-08,-2.559837E-06,-1.118346E+02,-1.587311E+00
+7.006836E+01,-1.698913E-06,+5.460552E-07,-1.149696E+02,+2.830607E+00
+7.031250E+01,-7.524077E-08,+1.143200E-06,-1.188188E+02,+1.636517E+00
+7.055664E+01,+2.816658E-07,-1.540730E-06,-1.161027E+02,-1.389980E+00
+7.080078E+01,+1.197469E-06,+4.573011E-06,-1.065079E+02,+1.314691E+00
+7.104492E+01,-4.412649E-07,-4.501996E-06,-1.068904E+02,-1.668500E+00
+7.128906E+01,-9.342234E-07,+2.646269E-06,-1.110372E+02,+1.910172E+00
+7.153320E+01,+3.588903E-06,-4.882216E-06,-1.043514E+02,-9.369015E-01
+7.177734E+01,-3.746218E-06,+3.729653E-06,-1.055370E+02,+2.358410E+00
+7.202148E+01,+1.392454E-06,+3.806611E-06,-1.078438E+02,+1.220117E+00
+7.226562E+01,+1.712111E-06,-7.781624E-07,-1.145138E+02,-4.265937E-01
+7.250977E+01,-5.152539E-06,-6.201894E-06,-1.018701E+02,-2.264038E+00
+7.275391E+01,+1.490642E-06,+4.204444E-06,-1.070116E+02,+1.230083E+00
+7.299805E+01,+1.159068E-06,-4.718279E-06,-1.062699E+02,-1.329911E+00
+7.324219E+01,-1.691528E-06,+4.251495E-06,-1.067910E+02,+1.949462E+00
+7.348633E+01,+5.881433E-07,-5.006872E-06,-1.059492E+02,-1.453865E+00
+7.373047E+01,+2.375583E-06,+8.953796E-06,-1.006644E+02,+1.311456E+00
+7.397461E+01,-8.307903E-07,-3.615743E-06,-1.086126E+02,-1.796646E+00
+7.421875E+01,-2.671624E-06,-4.272234E-06,-1.059534E+02,-2.129644E+00
+7.446289E+01,+4.346834E-06,+7.536337E-06,-1.012095E+02,+1.047623E+00
+7.470703E+01,+1.976218E-07,-2.511296E-06,-1.119752E+02,-1.492265E+00
+7.495117E+01,-3.336012E-06,-8.208185E-06,-1.010511E+02,-1.956829E+00
+7.519531E+01,-1.449757E-06,+1.287361E-05,-9.775127E+01,+1.682938E+00
+7.543945E+01,+8.942631E-07,-1.177056E-05,-9.855907E+01,-1.494967E+00
+7.568359E+01,-6.714550E-07,+2.714655E-06,-1.110678E+02,+1.813274E+00
+7.592773E+01,+1.019356E-06,+8.243347E-06,-1.016120E+02,+1.447763E+00
+7.617188E+01,+5.646755E-06,-7.271473E-06,-1.007181E+02,-9.105107E-01
+7.641602E+01,-5.478102E-06,+3.144246E-06,-1.039907E+02,+2.620535E+00
+7.666016E+01,-1.624114E-06,-1.848455E-06,-1.121792E+02,-2.291680E+00
+7.690430E+01,+4.832809E-06,-1.152441E-06,-1.060758E+02,-2.340903E-01
+7.714844E+01,-3.065091E-06,+6.016609E-07,-1.101069E+02,+2.947762E+00
+7.739258E+01,-4.347052E-06,+1.597797E-06,-1.066858E+02,+2.789362E+00
+7.763672E+01,+6.756327E-06,+5.217531E-07,-1.033800E+02,+7.707139E-02
+7.788086E+01,-4.726927E-07,-2.108212E-06,-1.133087E+02,-1.791363E+00
+7.812500E+01,-2.363558E-06,+3.504727E-07,-1.124342E+02,+2.994383E+00
+7.836914E+01,+1.892185E-06,+1.654001E-06,-1.119955E+02,+7.183327E-01
+7.861328E+01,-4.661997E-06,+3.929631E-07,-1.065978E+02,+3.057501E+00
+7.885742E+01,+4.744384E-06,-5.438771E-06,-1.028325E+02,-8.534825E-01
+7.910156E+01,-6.723707E-07,+3.718898E-06,-1.084520E+02,+1.749663E+00
+7.934570E+01,-2.576075E-06,+3.476351E-06,-1.072767E+02,+2.208531E+00
+7.958984E+01,+1.396771E-06,-6.904433E-08,-1.170869E+02,-4.939117E-02
+7.983398E+01,+1.926437E-06,-7.608784E-06,-1.021039E+02,-1.322821E+00
+8.007812E+01,-3.940563E-06,+5.135162E-06,-1.037781E+02,+2.225321E+00
+8.032227E+01,+1.091561E-06,+2.980050E-06,-1.099688E+02,+1.219684E+00
+8.056641E+01,+2.186256E-06,-6.338394E-06,-1.034722E+02,-1.238652E+00
+8.081055E+01,-2.271551E-06,+7.976524E-06,-1.016251E+02,+1.848232E+00
+8.105469E+01,-2.573673E-07,-9.938970E-06,-1.000503E+02,-1.596685E+00
+8.129883E+01,+1.942279E-06,+7.869132E-06,-1.018246E+02,+1.328810E+00
+8.154297E+01,-2.031049E-06,-2.130597E-06,-1.106225E+02,-2.332279E+00
+8.178711E+01,+4.713153E-06,-4.584946E-06,-1.036416E+02,-7.716105E-01
+8.203125E+01,-3.467076E-06,+4.215882E-06,-1.052587E+02,+2.259038E+00
+8.227539E+01,+9.085850E-07,+3.948280E-06,-1.078477E+02,+1.344612E+00
+8.251953E+01,-3.339244E-06,-7.795888E-06,-1.014311E+02,-1.975487E+00
+8.276367E+01,+1.803954E-06,+8.739869E-06,-1.009887E+02,+1.367250E+00
+8.300781E+01,+3.545033E-07,-8.036682E-07,-1.211263E+02,-1.155363E+00
+8.325195E+01,+3.128746E-06,-1.097685E-05,-9.885121E+01,-1.293128E+00
+8.349609E+01,-6.242100E-07,+5.154708E-06,-1.056927E+02,+1.691305E+00
+8.374023E+01,-2.589988E-06,+2.647522E-06,-1.086273E+02,+2.345210E+00
+8.398438E+01,+2.802003E-06,-1.674906E-06,-1.097238E+02,-5.387657E-01
+8.422852E+01,-6.586367E-06,+2.556216E-06,-1.030177E+02,+2.771380E+00
+8.447266E+01,+4.749078E-06,-1.248466E-06,-1.061776E+02,-2.570694E-01
+8.471680E+01,+7.867358E-07,-2.876151E-06,-1.105104E+02,-1.303790E+00
+8.496094E+01,-1.607451E-06,+1.041556E-05,-9.954413E+01,+1.723920E+00
+8.520508E+01,-1.803680E-06,-1.405782E-05,-9.697073E+01,-1.698404E+00
+8.544922E+01,+3.063559E-06,+9.138636E-06,-1.003198E+02,+1.247338E+00
+8.569336E+01,+3.317977E-06,+8.824383E-07,-1.092857E+02,+2.599395E-01
+8.593750E+01,-4.510932E-06,-5.440708E-06,-1.030147E+02,-2.263036E+00
+8.618164E+01,-1.631266E-06,+1.351115E-06,-1.134809E+02,+2.449855E+00
+8.642578E+01,+1.755521E-06,-3.985750E-06,-1.072198E+02,-1.155913E+00
+8.666992E+01,-7.817244E-07,+1.019318E-05,-9.980834E+01,+1.647337E+00
+8.691406E+01,+6.087936E-06,-7.929591E-06,-1.000025E+02,-9.160323E-01
+8.715820E+01,-8.500969E-06,+2.576355E-06,-1.010290E+02,+2.847325E+00
+8.740234E+01,+7.591774E-06,+1.948739E-06,-1.021160E+02,+2.512660E-01
+8.764648E+01,-6.550557E-06,-4.473397E-06,-1.020120E+02,-2.542433E+00
+8.789062E+01,+6.988117E-06,+3.137893E-06,-1.023151E+02,+4.220492E-01
+8.813477E+01,-7.123520E-06,-1.069602E-06,-1.028493E+02,-2.992555E+00
+8.837891E+01,+2.819294E-06,+1.441558E-06,-1.099885E+02,+4.726617E-01
+8.862305E+01,-1.070875E-06,+4.421222E-07,-1.187217E+02,+2.750049E+00
+8.886719E+01,+1.026505E-06,-4.257629E-06,-1.071713E+02,-1.334213E+00
+8.911133E+01,+8.976297E-07,+4.364287E-06,-1.070218E+02,+1.367949E+00
+8.935547E+01,-3.325567E-06,-1.834889E-06,-1.084085E+02,-2.637405E+00
+8.959961E+01,+2.931842E-06,-3.091385E-07,-1.106092E+02,-1.050535E-01
+8.984375E+01,-4.443467E-07,+1.320656E-07,-1.266779E+02,+2.852695E+00
+9.008789E+01,+1.845348E-06,-9.926727E-07,-1.135747E+02,-4.935312E-01
+9.033203E+01,+3.424804E-06,-2.662163E-06,-1.072546E+02,-6.607568E-01
+9.057617E+01,-9.464105E-06,+9.357993E-06,-9.751680E+01,+2.361832E+00
+9.082031E+01,+4.356076E-06,-5.910419E-06,-1.026834E+02,-9.356565E-01
+9.106445E+01,+2.874263E-06,+6.506635E-06,-1.029587E+02,+1.154830E+00
+9.130859E+01,+8.012327E-07,-1.207759E-05,-9.834132E+01,-1.504553E+00
+9.155273E+01,-5.151978E-06,+5.544412E-06,-1.024197E+02,+2.319522E+00
+9.179688E+01,+1.912090E-06,-1.682580E-06,-1.118795E+02,-7.216374E-01
+9.204102E+01,-1.403638E-06,+8.008277E-06,-1.017978E+02,+1.744307E+00
+9.228516E+01,+2.145260E-06,-8.102512E-06,-1.015334E+02,-1.311970E+00
+9.252930E+01,-3.490898E-07,+3.120490E-06,-1.100615E+02,+1.682203E+00
+9.277344E+01,+1.918828E-06,-1.185379E-06,-1.129354E+02,-5.533774E-01
+9.301758E+01,-6.032769E-06,+2.889891E-06,-1.034925E+02,+2.694860E+00
+9.326172E+01,+6.521681E-06,-6.107045E-06,-1.009784E+02,-7.525771E-01
+9.350586E+01,-4.168624E-06,+6.246117E-06,-1.024879E+02,+2.159303E+00
+9.375000E+01,+6.475556E-06,+2.489221E-07,-1.037680E+02,+3.842134E-02
+9.399414E+01,-9.453330E-06,-9.293404E-06,-9.755147E+01,-2.364725E+00
+9.423828E+01,+8.459795E-06,+9.567306E-06,-9.787543E+01,+8.467569E-01
+9.448242E+01,-5.099346E-06,-5.740180E-06,-1.022949E+02,-2.297143E+00
+9.472656E+01,-4.697762E-07,+2.833304E-06,-1.108363E+02,+1.735107E+00
+9.497070E+01,+1.423520E-06,-7.226145E-07,-1.159370E+02,-4.697291E-01
+9.521484E+01,-7.764592E-07,+2.694684E-06,-1.110435E+02,+1.851342E+00
+9.545898E+01,+2.875607E-06,-7.192412E-06,-1.022185E+02,-1.190453E+00
+9.570312E+01,-2.898326E-06,+7.494262E-06,-1.019001E+02,+1.939819E+00
+9.594727E+01,+8.669797E-06,-4.236455E-06,-1.003099E+02,-4.545226E-01
+9.619141E+01,-1.304341E-05,-1.763994E-06,-9.761346E+01,-3.007168E+00
+9.643555E+01,+2.671884E-06,+5.197858E-06,-1.046652E+02,+1.095983E+00
+9.667969E+01,+9.936805E-06,-1.212854E-06,-9.999084E+01,-1.214560E-01
+9.692383E+01,-7.764011E-06,-7.479009E-07,-1.021582E+02,-3.045560E+00
+9.716797E+01,-1.543583E-06,-2.848680E-06,-1.097891E+02,-2.067368E+00
+9.741211E+01,+5.759968E-06,+3.800281E-06,-1.032222E+02,+5.832161E-01
+9.765625E+01,-5.945520E-06,+8.818652E-07,-1.044217E+02,+2.994342E+00
+9.790039E+01,+2.879768E-06,-2.428521E-06,-1.084799E+02,-7.005941E-01
+9.814453E+01,+3.185281E-07,-2.146620E-06,-1.132703E+02,-1.423485E+00
+9.838867E+01,-2.267067E-06,+4.148366E-06,-1.065075E+02,+2.070946E+00
+9.863281E+01,-3.263783E-06,-2.132232E-06,-1.081819E+02,-2.562901E+00
+9.887695E+01,+1.213609E-05,-1.666392E-06,-9.823730E+01,-1.364556E-01
+9.912109E+01,-7.817650E-06,-1.184981E-06,-1.020398E+02,-2.991160E+00
+9.936523E+01,-2.734550E-06,+6.366451E-06,-1.031867E+02,+1.976493E+00
+9.960938E+01,+7.134372E-06,-4.759309E-06,-1.013342E+02,-5.882996E-01
+9.985352E+01,-5.639083E-06,+2.276850E-06,-1.043199E+02,+2.757847E+00
+1.000977E+02,+2.856098E-06,-6.812288E-07,-1.106442E+02,-2.341426E-01
+1.003418E+02,-2.098943E-06,+3.788622E-06,-1.072679E+02,+2.076715E+00
+1.005859E+02,+3.032800E-06,-9.329309E-06,-1.001667E+02,-1.256489E+00
+1.008301E+02,-2.454520E-06,+7.928736E-06,-1.016185E+02,+1.871012E+00
+1.010742E+02,-4.016243E-06,-1.380605E-06,-1.074385E+02,-2.810492E+00
+1.013184E+02,+4.154911E-06,-4.697972E-07,-1.075736E+02,-1.125921E-01
+1.015625E+02,+2.642990E-06,-3.587262E-06,-1.070216E+02,-9.358158E-01
+1.018066E+02,-4.663615E-06,-5.668665E-07,-1.065619E+02,-3.020635E+00
+1.020508E+02,+3.396360E-06,+3.181633E-06,-1.066438E+02,+7.527665E-01
+1.022949E+02,+3.318230E-06,+3.085950E-06,-1.068753E+02,+7.491440E-01
+1.025391E+02,-5.012095E-06,-2.720658E-06,-1.048781E+02,-2.644280E+00
+1.027832E+02,+2.391781E-06,-3.587212E-06,-1.073075E+02,-9.827347E-01
+1.030273E+02,-1.914954E-07,+4.017340E-06,-1.079114E+02,+1.618428E+00
+1.032715E+02,-8.772366E-06,-3.082196E-07,-1.011323E+02,-3.106472E+00
+1.035156E+02,+5.762925E-06,-3.223600E-07,-1.047736E+02,-5.587864E-02
+1.037598E+02,+2.024847E-07,-2.841915E-06,-1.109058E+02,-1.499667E+00
+1.040039E+02,+4.881565E-06,+2.070370E-06,-1.055104E+02,+4.011251E-01
+1.042480E+02,-6.172202E-06,+3.230559E-06,-1.031397E+02,+2.659397E+00
+1.044922E+02,+3.080101E-06,-9.475448E-06,-1.000318E+02,-1.256509E+00
+1.047363E+02,-1.582928E-07,+1.200399E-05,-9.841273E+01,+1.583982E+00
+1.049805E+02,+2.498015E-07,-8.588224E-06,-1.013183E+02,-1.541718E+00
+1.052246E+02,-9.863098E-07,+3.227272E-06,-1.094355E+02,+1.867399E+00
+1.054688E+02,-2.028251E-06,-2.245310E-06,-1.103833E+02,-2.305447E+00
+1.057129E+02,+3.547286E-06,+2.959620E-06,-1.067075E+02,+6.953284E-01
+1.059570E+02,-4.334769E-06,-3.882483E-06,-1.047026E+02,-2.411180E+00
+1.062012E+02,+1.446664E-06,+4.288745E-06,-1.068854E+02,+1.245466E+00
+1.064453E+02,+9.389061E-07,-7.429155E-07,-1.184361E+02,-6.693867E-01
+1.066895E+02,+2.818823E-06,+4.508877E-06,-1.054859E+02,+1.012074E+00
+1.069336E+02,-4.906066E-06,-1.035835E-05,-9.881520E+01,-2.013129E+00
+1.071777E+02,+4.343697E-06,+8.990121E-07,-1.070607E+02,+2.040878E-01
+1.074219E+02,-7.321253E-06,+6.396574E-06,-1.002449E+02,+2.423500E+00
+1.076660E+02,+4.097093E-06,-9.011262E-07,-1.075453E+02,-2.164958E-01
+1.079102E+02,+5.093380E-06,+7.679638E-08,-1.058589E+02,+1.507654E-02
+1.081543E+02,-2.402052E-06,+1.254906E-06,-1.113403E+02,+2.660162E+00
+1.083984E+02,-4.588098E-06,-8.225891E-06,-1.005200E+02,-2.079580E+00
+1.086426E+02,-1.394058E-06,+8.092184E-06,-1.017117E+02,+1.741394E+00
+1.088867E+02,+4.407844E-06,-2.064152E-06,-1.062544E+02,-4.379598E-01
+1.091309E+02,+2.779449E-06,-4.064862E-06,-1.061532E+02,-9.710432E-01
+1.093750E+02,-6.580886E-06,+6.099296E-06,-1.009415E+02,+2.394156E+00
+1.096191E+02,+9.252080E-07,+1.054578E-06,-1.170594E+02,+8.506508E-01
+1.098633E+02,+5.887310E-06,-2.216357E-06,-1.040260E+02,-3.600532E-01
+1.101074E+02,-4.830992E-06,-2.363584E-06,-1.053873E+02,-2.686579E+00
+1.103516E+02,+1.959939E-06,+3.441680E-06,-1.080447E+02,+1.053127E+00
+1.105957E+02,-6.327949E-06,-1.836585E-06,-1.036235E+02,-2.859119E+00
+1.108398E+02,+1.155513E-05,-2.605590E-06,-9.852911E+01,-2.217828E-01
+1.110840E+02,-1.009682E-05,+7.992447E-06,-9.780350E+01,+2.472007E+00
+1.113281E+02,+3.739719E-06,-9.723533E-06,-9.964439E+01,-1.203632E+00
+1.115723E+02,+6.267690E-08,+6.917035E-06,-1.032012E+02,+1.561735E+00
+1.118164E+02,+4.722642E-06,-2.979894E-06,-1.050608E+02,-5.628882E-01
+1.120605E+02,-7.658161E-06,-7.004360E-07,-1.022813E+02,-3.050384E+00
+1.123047E+02,+1.208823E-06,+5.503481E-07,-1.175347E+02,+4.272327E-01
+1.125488E+02,+1.186396E-06,+5.647039E-06,-1.047760E+02,+1.363716E+00
+1.127930E+02,+4.582659E-06,-5.033926E-06,-1.033403E+02,-8.322897E-01
+1.130371E+02,-5.718683E-06,-4.589970E-06,-1.026945E+02,-2.465252E+00
+1.132812E+02,+1.125296E-06,+7.763282E-06,-1.021088E+02,+1.426848E+00
+1.135254E+02,+2.925802E-06,+1.859791E-07,-1.106576E+02,+6.347974E-02
+1.137695E+02,-5.664434E-06,-4.214685E-06,-1.030234E+02,-2.501903E+00
+1.140137E+02,+5.200646E-06,-1.090405E-06,-1.054920E+02,-2.066735E-01
+1.142578E+02,-1.347879E-06,+4.614675E-06,-1.063616E+02,+1.854976E+00
+1.145020E+02,-4.403943E-06,-7.253357E-07,-1.070069E+02,-2.978357E+00
+1.147461E+02,+7.078306E-07,-5.498649E-07,-1.209508E+02,-6.604531E-01
+1.149902E+02,+2.652614E-06,+7.020473E-07,-1.112325E+02,+2.587303E-01
+1.152344E+02,+1.633680E-06,-3.535369E-06,-1.081908E+02,-1.137929E+00
+1.154785E+02,+4.135058E-06,+5.765466E-06,-1.029809E+02,+9.486122E-01
+1.157227E+02,-2.170806E-06,-5.623240E-06,-1.043970E+02,-1.939212E+00
+1.159668E+02,-6.050763E-06,+5.842040E-06,-1.015033E+02,+2.373743E+00
+1.162109E+02,+6.751844E-06,-8.889739E-06,-9.904430E+01,-9.212367E-01
+1.164551E+02,-5.679029E-06,+5.370513E-06,-1.021400E+02,+2.384108E+00
+1.166992E+02,+2.264011E-06,+2.972224E-06,-1.085512E+02,+9.198347E-01
+1.169434E+02,-2.613904E-06,-3.077466E-06,-1.078772E+02,-2.274924E+00
+1.171875E+02,+1.217511E-06,-1.848561E-06,-1.130985E+02,-9.883807E-01
+1.174316E+02,+7.437342E-06,+6.665075E-06,-1.000114E+02,+7.306915E-01
+1.176758E+02,-9.959698E-06,-6.916458E-06,-9.832585E+01,-2.534605E+00
+1.179199E+02,+7.598580E-06,+6.292405E-06,-1.001174E+02,+6.916434E-01
+1.181641E+02,-4.437190E-06,-1.175643E-06,-1.067632E+02,-2.882592E+00
+1.184082E+02,+3.594193E-07,-6.175426E-06,-1.041720E+02,-1.512660E+00
+1.186523E+02,+1.064572E-06,+5.443720E-06,-1.051191E+02,+1.377674E+00
+1.188965E+02,+2.843222E-06,-5.654315E-06,-1.039734E+02,-1.104878E+00
+1.191406E+02,-4.083563E-06,+4.812604E-06,-1.039972E+02,+2.274427E+00
+1.193848E+02,-2.173117E-06,-4.215689E-06,-1.064792E+02,-2.046753E+00
+1.196289E+02,+8.478807E-06,+6.488996E-06,-9.943106E+01,+6.532338E-01
+1.198730E+02,-6.172116E-06,-3.757513E-06,-1.028221E+02,-2.594736E+00
+1.201172E+02,+7.459660E-07,+1.461602E-06,-1.156981E+02,+1.098883E+00
+1.203613E+02,+4.131435E-07,-3.332637E-06,-1.094780E+02,-1.447457E+00
+1.206055E+02,-1.725253E-06,+3.288466E-07,-1.151080E+02,+2.953244E+00
+1.208496E+02,+3.528036E-06,+4.110757E-06,-1.053246E+02,+8.615351E-01
+1.210938E+02,+1.234209E-06,-3.613646E-06,-1.083619E+02,-1.241677E+00
+1.213379E+02,-4.201046E-06,+2.087627E-06,-1.065744E+02,+2.680404E+00
+1.215820E+02,+6.200612E-08,-3.466888E-06,-1.091998E+02,-1.552913E+00
+1.218262E+02,+5.744548E-06,+3.801208E-06,-1.032377E+02,+5.845612E-01
+1.220703E+02,-6.699498E-06,-1.376708E-06,-1.032995E+02,-2.938920E+00
+1.223145E+02,+2.583017E-06,-2.045765E-06,-1.096429E+02,-6.698474E-01
+1.225586E+02,-2.871056E-06,+2.934095E-06,-1.077335E+02,+2.345336E+00
+1.228027E+02,+1.872987E-06,-1.413629E-06,-1.125913E+02,-6.465316E-01
+1.230469E+02,-4.184317E-07,-2.308294E-06,-1.125938E+02,-1.750122E+00
+1.232910E+02,+1.701479E-06,+6.555293E-06,-1.033850E+02,+1.316842E+00
+1.235352E+02,+3.453624E-06,-6.864038E-06,-1.022884E+02,-1.104634E+00
+1.237793E+02,-6.633938E-06,+2.638197E-06,-1.029269E+02,+2.763086E+00
+1.240234E+02,+3.116593E-06,+7.313123E-09,-1.101264E+02,+2.346508E-03
+1.242676E+02,-1.461000E-06,-2.047383E-06,-1.119885E+02,-2.190588E+00
+1.245117E+02,-6.665687E-07,+1.015507E-05,-9.984767E+01,+1.636341E+00
+1.247559E+02,+2.857945E-06,-1.115551E-05,-9.877412E+01,-1.319999E+00
+1.250000E+02,-3.605672E-06,+7.215498E-06,-1.018666E+02,+2.034214E+00
+1.252441E+02,+4.374216E-06,-2.699282E-06,-1.057807E+02,-5.528905E-01
+1.254883E+02,-4.993780E-06,-5.263452E-06,-1.027867E+02,-2.329910E+00
+1.257324E+02,+6.639315E-06,+6.276858E-06,-1.007842E+02,+7.573433E-01
+1.259766E+02,-1.819770E-06,+2.502610E-06,-1.101888E+02,+2.199512E+00
+1.262207E+02,-1.693941E-06,-4.953024E-06,-1.056222E+02,-1.900328E+00
+1.264648E+02,+4.748898E-07,-1.088378E-06,-1.185075E+02,-1.159370E+00
+1.267090E+02,-3.055142E-06,+1.476857E-06,-1.093874E+02,+2.691313E+00
+1.269531E+02,+7.578994E-06,-1.298458E-06,-1.022821E+02,-1.696760E-01
+1.271973E+02,-2.730800E-06,+2.702042E-06,-1.083096E+02,+2.361488E+00
+1.274414E+02,-1.255256E-06,-3.728039E-06,-1.081040E+02,-1.895580E+00
+1.276855E+02,+2.808197E-07,+4.988118E-07,-1.248456E+02,+1.058044E+00
+1.279297E+02,-4.435690E-06,-2.571088E-06,-1.058028E+02,-2.616281E+00
+1.281738E+02,+3.339265E-06,+3.909322E-06,-1.057785E+02,+8.638805E-01
+1.284180E+02,+2.132730E-06,-5.027550E-07,-1.131864E+02,-2.315065E-01
+1.286621E+02,-2.666304E-06,+6.420861E-07,-1.112370E+02,+2.905277E+00
+1.289062E+02,-4.182630E-06,+3.321090E-06,-1.054479E+02,+2.470509E+00
+1.291504E+02,+9.539961E-06,-6.895298E-06,-9.858375E+01,-6.258518E-01
+1.293945E+02,-2.802007E-06,-7.384426E-07,-1.107590E+02,-2.883911E+00
+1.296387E+02,-7.210217E-06,+4.859629E-06,-1.012146E+02,+2.548536E+00
+1.298828E+02,+5.099684E-06,-4.639507E-07,-1.058133E+02,-9.072661E-02
+1.301270E+02,+4.507313E-06,-1.689244E-06,-1.063509E+02,-3.585764E-01
+1.303711E+02,-7.195073E-06,+4.449582E-06,-1.014528E+02,+2.587739E+00
+1.306152E+02,+2.007650E-06,-4.300300E-07,-1.137514E+02,-2.110072E-01
+1.308594E+02,+1.236823E-06,-1.117231E-05,-9.898424E+01,-1.460541E+00
+1.311035E+02,-3.947515E-06,+1.009390E-05,-9.930075E+01,+1.943589E+00
+1.313477E+02,+3.544491E-06,-2.088111E-06,-1.077151E+02,-5.323769E-01
+1.315918E+02,+5.683202E-07,-2.285406E-06,-1.125602E+02,-1.327066E+00
+1.318359E+02,+1.104218E-07,+7.399713E-06,-1.026147E+02,+1.555875E+00
+1.320801E+02,+1.382311E-07,-8.601107E-06,-1.013078E+02,-1.554726E+00
+1.323242E+02,-2.534472E-06,+1.872139E-06,-1.100312E+02,+2.505382E+00
+1.325684E+02,+1.848920E-06,+2.714844E-06,-1.096702E+02,+9.729081E-01
+1.328125E+02,-2.012593E-06,+1.934772E-06,-1.110825E+02,+2.375906E+00
+1.330566E+02,-1.178943E-06,-3.605192E-06,-1.084202E+02,-1.886847E+00
+1.333008E+02,+3.913909E-06,+2.117226E-06,-1.070331E+02,+4.958678E-01
+1.335449E+02,-2.148421E-06,-1.442611E-06,-1.117413E+02,-2.550269E+00
+1.337891E+02,+1.494677E-07,-1.193346E-06,-1.183971E+02,-1.446194E+00
+1.340332E+02,+8.125060E-06,-1.174998E-06,-1.017136E+02,-1.436185E-01
+1.342773E+02,-1.199981E-05,+2.278621E-06,-9.826267E+01,+2.953939E+00
+1.345215E+02,+4.609555E-06,-2.416235E-06,-1.056725E+02,-4.828037E-01
+1.347656E+02,-3.650837E-07,+2.182113E-06,-1.131026E+02,+1.736568E+00
+1.350098E+02,-4.218246E-06,+4.795329E-06,-1.038946E+02,+2.292258E+00
+1.352539E+02,+8.842946E-06,-6.292768E-06,-9.928867E+01,-6.184785E-01
+1.354980E+02,-4.295627E-06,-6.535498E-07,-1.072401E+02,-2.990608E+00
+1.357422E+02,+1.498169E-06,+5.257867E-06,-1.052448E+02,+1.293214E+00
+1.359863E+02,-2.402963E-06,-1.072716E-05,-9.917767E+01,-1.791166E+00
+1.362305E+02,-4.497466E-06,+1.158033E-05,-9.811546E+01,+1.941238E+00
+1.364746E+02,+1.494317E-06,-4.643518E-06,-1.062351E+02,-1.259455E+00
+1.367188E+02,+1.944781E-06,-4.164220E-06,-1.067525E+02,-1.133878E+00
+1.369629E+02,+2.830723E-06,+8.672032E-06,-1.007979E+02,+1.255281E+00
+1.372070E+02,-3.857815E-06,+6.193408E-06,-1.027375E+02,+2.127877E+00
+1.374512E+02,+3.776368E-06,-1.566975E-05,-9.585358E+01,-1.334309E+00
+1.376953E+02,+4.322406E-06,+9.159614E-06,-9.988930E+01,+1.129882E+00
+1.379395E+02,-9.444614E-06,-8.333890E-06,-9.799548E+01,-2.418589E+00
+1.381836E+02,+1.641704E-06,+7.559940E-06,-1.022295E+02,+1.356958E+00
+1.384277E+02,+6.919015E-06,-3.001721E-06,-1.024502E+02,-4.093313E-01
+1.386719E+02,-9.786249E-06,+5.624349E-07,-1.001733E+02,+3.084184E+00
+1.389160E+02,+4.608003E-06,+2.232183E-06,-1.058143E+02,+4.511016E-01
+1.391602E+02,+2.287564E-06,-4.134053E-06,-1.065124E+02,-1.065387E+00
+1.394043E+02,-3.951001E-06,+3.686021E-06,-1.053466E+02,+2.390877E+00
+1.396484E+02,+9.612667E-07,-8.838507E-06,-1.010214E+02,-1.462463E+00
+1.398926E+02,+1.942729E-06,+9.238472E-06,-1.005001E+02,+1.363529E+00
+1.401367E+02,-1.654459E-06,+1.130167E-06,-1.139637E+02,+2.542297E+00
+1.403809E+02,-4.538227E-06,-7.490959E-06,-1.011515E+02,-2.115489E+00
+1.406250E+02,+1.249401E-05,+4.229511E-06,-9.759479E+01,+3.264142E-01
+1.408691E+02,-1.041558E-05,+2.628413E-07,-9.964356E+01,+3.116363E+00
+1.411133E+02,-7.931262E-07,+3.583489E-07,-1.212064E+02,+2.717228E+00
+1.413574E+02,+4.037635E-06,+2.354562E-06,-1.066062E+02,+5.279405E-01
+1.416016E+02,+3.468305E-06,-7.541231E-06,-1.016179E+02,-1.139730E+00
+1.418457E+02,-1.135027E-05,+6.163263E-06,-9.777766E+01,+2.644135E+00
+1.420898E+02,+7.201395E-06,-1.034943E-07,-1.028508E+02,-1.437044E-02
+1.423340E+02,+7.400388E-07,+4.672827E-07,-1.211577E+02,+5.632098E-01
+1.425781E+02,-3.947518E-07,-2.169221E-06,-1.131324E+02,-1.750805E+00
+1.428223E+02,-4.696891E-07,+2.142466E-06,-1.131779E+02,+1.786610E+00
+1.430664E+02,-5.890412E-07,-3.278135E-07,-1.234253E+02,-2.633757E+00
+1.433105E+02,-4.974340E-06,+3.877989E-06,-1.040030E+02,+2.479416E+00
+1.435547E+02,+8.758141E-06,-1.030965E-05,-9.737563E+01,-8.665872E-01
+1.437988E+02,+3.893114E-06,+1.040075E-05,-9.908924E+01,+1.212630E+00
+1.440430E+02,-7.420932E-06,-7.207863E-06,-9.970521E+01,-2.370759E+00
+1.442871E+02,-4.522921E-06,-5.287773E-07,-1.068327E+02,-3.025210E+00
+1.445312E+02,+7.702500E-06,+6.723277E-06,-9.980755E+01,+7.176220E-01
+1.447754E+02,-4.173827E-06,-4.195526E-08,-1.075889E+02,-3.131541E+00
+1.450195E+02,+5.922044E-06,-4.781069E-06,-1.023710E+02,-6.791971E-01
+1.452637E+02,-9.254804E-06,+2.681874E-07,-1.006690E+02,+3.112622E+00
+1.455078E+02,+2.514027E-06,-1.101490E-06,-1.112300E+02,-4.129457E-01
+1.457520E+02,+3.805504E-06,+5.680037E-06,-1.033027E+02,+9.805042E-01
+1.459961E+02,-3.199252E-07,-4.964092E-06,-1.060652E+02,-1.635155E+00
+1.462402E+02,-1.349432E-06,+9.294281E-07,-1.157109E+02,+2.538454E+00
+1.464844E+02,-3.804500E-07,+1.190207E-06,-1.180650E+02,+1.880182E+00
+1.467285E+02,+3.096136E-06,-2.546894E-06,-1.079391E+02,-6.883727E-01
+1.469727E+02,-2.861656E-06,+3.706643E-06,-1.065900E+02,+2.228251E+00
+1.472168E+02,-1.634609E-06,+4.092910E-06,-1.071166E+02,+1.950764E+00
+1.474609E+02,+9.374409E-06,-1.226918E-05,-9.622672E+01,-9.183562E-01
+1.477051E+02,-8.668516E-06,+1.286283E-05,-9.618713E+01,+2.163804E+00
+1.479492E+02,+1.745708E-06,-1.131620E-05,-9.882384E+01,-1.417737E+00
+1.481934E+02,+2.081310E-06,+7.749850E-06,-1.019117E+02,+1.308426E+00
+1.484375E+02,-4.341417E-06,-4.158714E-06,-1.044198E+02,-2.377685E+00
+1.486816E+02,+1.920271E-06,+1.346173E-06,-1.125967E+02,+6.114188E-01
+1.489258E+02,+3.580972E-06,+3.547241E-06,-1.059506E+02,+7.806661E-01
+1.491699E+02,-7.789805E-06,-8.103312E-06,-9.898444E+01,-2.336471E+00
+1.494141E+02,+9.399620E-06,+9.118722E-06,-9.765726E+01,+7.702307E-01
+1.496582E+02,-8.252398E-06,-7.261841E-06,-9.917802E+01,-2.419956E+00
+1.499023E+02,+3.756315E-06,+5.103414E-06,-1.039626E+02,+9.362898E-01
+1.501465E+02,+2.076226E-06,-1.767093E-06,-1.112882E+02,-7.051372E-01
+1.503906E+02,-3.541740E-06,+2.363173E-06,-1.074164E+02,+2.553197E+00
+1.506348E+02,+1.311235E-06,-3.995078E-06,-1.075252E+02,-1.253661E+00
+1.508789E+02,+5.137890E-06,-1.131594E-06,-1.055786E+02,-2.167839E-01
+1.511230E+02,-6.612590E-06,+2.203967E-06,-1.031351E+02,+2.819873E+00
+1.513672E+02,+5.374987E-06,+7.378418E-06,-1.007919E+02,+9.412146E-01
+1.516113E+02,-6.376927E-06,-1.510764E-05,-9.570399E+01,-1.970208E+00
+1.518555E+02,+6.841110E-06,+7.342537E-06,-9.996912E+01,+8.207359E-01
+1.520996E+02,-1.012157E-05,+4.408969E-07,-9.988682E+01,+3.098060E+00
+1.523438E+02,+8.302103E-06,+8.894496E-07,-1.015667E+02,+1.067284E-01
+1.525879E+02,-1.710382E-06,+2.137989E-06,-1.112515E+02,+2.245535E+00
+1.528320E+02,+7.958649E-07,-9.351645E-06,-1.005509E+02,-1.485897E+00
+1.530762E+02,-8.860347E-07,+1.178617E-05,-9.854808E+01,+1.645831E+00
+1.533203E+02,+6.204241E-06,-1.133728E-05,-9.777215E+01,-1.070073E+00
+1.535645E+02,-1.114830E-05,+1.080274E-05,-9.618012E+01,+2.371936E+00
+1.538086E+02,+4.894431E-06,-9.178914E-06,-9.965741E+01,-1.080923E+00
+1.540527E+02,-1.759048E-06,+9.265666E-06,-1.005087E+02,+1.758410E+00
+1.542969E+02,+2.912618E-06,-7.947475E-06,-1.014481E+02,-1.219513E+00
+1.545410E+02,+3.648633E-07,+3.406474E-06,-1.093044E+02,+1.464094E+00
+1.547852E+02,-2.023760E-06,-2.089990E-06,-1.107244E+02,-2.340096E+00
+1.550293E+02,-2.352456E-06,+6.471546E-06,-1.032408E+02,+1.919454E+00
+1.552734E+02,+1.086003E-05,-1.143635E-05,-9.604271E+01,-8.112404E-01
+1.555176E+02,-1.314100E-05,+5.261979E-06,-9.698158E+01,+2.760720E+00
+1.557617E+02,+8.687193E-06,+1.548876E-07,-1.012210E+02,+1.782753E-02
+1.560059E+02,-6.569876E-06,-1.927547E-06,-1.032902E+02,-2.856210E+00
+1.562500E+02,+3.067388E-06,+1.438461E-06,-1.094013E+02,+4.385031E-01
+1.564941E+02,-1.525153E-06,+6.362968E-06,-1.036842E+02,+1.806050E+00
+1.567383E+02,+8.608143E-06,-6.926497E-06,-9.913368E+01,-6.775666E-01
+1.569824E+02,-7.262198E-06,-2.197953E-06,-1.023980E+02,-2.847700E+00
+1.572266E+02,-1.756798E-06,+4.975408E-06,-1.055531E+02,+1.910227E+00
+1.574707E+02,-6.702913E-07,-5.482180E-07,-1.212504E+02,-2.456044E+00
+1.577148E+02,+3.790143E-06,-9.394834E-07,-1.081679E+02,-2.429781E-01
+1.579590E+02,-1.571620E-06,+4.450463E-06,-1.065215E+02,+1.910262E+00
+1.582031E+02,+5.608360E-06,-6.940295E-06,-1.009897E+02,-8.911439E-01
+1.584473E+02,-8.881868E-06,+3.332002E-06,-1.004581E+02,+2.782694E+00
+1.586914E+02,+2.796665E-06,-4.310867E-06,-1.057832E+02,-9.953019E-01
+1.589355E+02,+6.097538E-07,+5.904240E-06,-1.045306E+02,+1.467887E+00
+1.591797E+02,+3.802844E-06,-3.240327E-06,-1.060273E+02,-7.057003E-01
+1.594238E+02,-3.377480E-06,+1.282866E-06,-1.088429E+02,+2.778595E+00
+1.596680E+02,+1.148684E-06,-1.445471E-06,-1.146739E+02,-8.993090E-01
+1.599121E+02,-2.781642E-06,+1.590417E-06,-1.098856E+02,+2.622200E+00
+1.601562E+02,+6.136588E-06,-3.372802E-06,-1.030951E+02,-5.025527E-01
+1.604004E+02,-6.456002E-06,+4.975174E-06,-1.017762E+02,+2.485020E+00
+1.606445E+02,-2.825369E-06,-5.057019E-06,-1.047423E+02,-2.080296E+00
+1.608887E+02,+6.711286E-06,+3.093777E-06,-1.026271E+02,+4.319483E-01
+1.611328E+02,-1.646672E-06,-2.855315E-06,-1.096400E+02,-2.093910E+00
+1.613770E+02,+5.370547E-07,-5.149013E-07,-1.225684E+02,-7.643421E-01
+1.616211E+02,-5.663880E-06,+6.505534E-06,-1.012842E+02,+2.287143E+00
+1.618652E+02,+8.063525E-06,-4.095195E-06,-1.008729E+02,-4.699210E-01
+1.621094E+02,-1.476596E-06,+1.264028E-06,-1.142273E+02,+2.433601E+00
+1.623535E+02,-4.702022E-06,-4.593689E-06,-1.036441E+02,-2.367848E+00
+1.625977E+02,+4.128697E-06,+4.674742E-07,-1.076284E+02,+1.127454E-01
+1.628418E+02,-3.414083E-06,+7.120274E-06,-1.020513E+02,+2.017900E+00
+1.630859E+02,+2.657937E-06,-5.171550E-06,-1.047096E+02,-1.096048E+00
+1.633301E+02,-5.008396E-06,+2.077185E-06,-1.053167E+02,+2.748444E+00
+1.635742E+02,+1.152502E-05,-3.274125E-06,-9.843009E+01,-2.767959E-01
+1.638184E+02,-7.182247E-06,+5.361873E-06,-1.009510E+02,+2.500306E+00
+1.640625E+02,-2.041593E-06,-6.308054E-06,-1.035695E+02,-1.883805E+00
+1.643066E+02,+4.046599E-06,+2.294937E-06,-1.066471E+02,+5.158976E-01
+1.645508E+02,-8.583734E-06,+7.260043E-07,-1.012955E+02,+3.057214E+00
+1.647949E+02,+1.115734E-05,-1.821587E-06,-9.893454E+01,-1.618356E-01
+1.650391E+02,-6.312027E-06,+3.701740E-06,-1.027128E+02,+2.611190E+00
+1.652832E+02,-2.241979E-06,-6.066421E-06,-1.037853E+02,-1.924800E+00
+1.655273E+02,+3.945007E-06,+8.090479E-06,-1.009141E+02,+1.117109E+00
+1.657715E+02,+2.841462E-06,-3.208973E-06,-1.073586E+02,-8.460649E-01
+1.660156E+02,-5.716850E-06,-6.309008E-08,-1.048563E+02,-3.130557E+00
+1.662598E+02,-7.178476E-07,-1.480547E-06,-1.156746E+02,-2.022253E+00
+1.665039E+02,+7.123382E-06,-3.583551E-06,-1.019665E+02,-4.660996E-01
+1.667480E+02,-6.090228E-06,+5.058257E-06,-1.020289E+02,+2.448498E+00
+1.669922E+02,+6.129244E-06,-2.822618E-07,-1.042427E+02,-4.601914E-02
+1.672363E+02,-1.277056E-05,+3.961123E-08,-9.787576E+01,+3.138491E+00
+1.674805E+02,+1.114571E-05,+2.357544E-06,-9.886776E+01,+2.084479E-01
+1.677246E+02,-2.521017E-06,-3.325849E-06,-1.075903E+02,-2.219402E+00
+1.679688E+02,-3.695795E-07,-3.184241E-06,-1.098818E+02,-1.686345E+00
+1.682129E+02,+6.544827E-07,+3.586040E-06,-1.087654E+02,+1.390275E+00
+1.684570E+02,-3.002105E-06,-2.756910E-06,-1.077955E+02,-2.398745E+00
+1.687012E+02,+6.498200E-06,+9.628243E-06,-9.869892E+01,+9.771083E-01
+1.689453E+02,-8.099101E-06,-1.266033E-05,-9.646124E+01,-2.139913E+00
+1.691895E+02,+1.537088E-06,+9.499160E-06,-1.003340E+02,+1.410374E+00
+1.694336E+02,+4.305891E-06,-8.217526E-07,-1.071634E+02,-1.885762E-01
+1.696777E+02,-6.246197E-06,-6.014190E-06,-1.012387E+02,-2.375116E+00
+1.699219E+02,+8.867274E-06,+5.344260E-06,-9.969847E+01,+5.423986E-01
+1.701660E+02,-8.427732E-06,+2.038124E-06,-1.012389E+02,+2.904313E+00
+1.704102E+02,+5.936312E-06,-6.942213E-06,-1.007866E+02,-8.633467E-01
+1.706543E+02,-9.001405E-06,-5.689941E-08,-1.009136E+02,-3.135272E+00
+1.708984E+02,+1.357200E-05,+3.573467E-06,-9.705603E+01,+2.574539E-01
+1.711426E+02,-9.565871E-06,+3.532098E-06,-9.983044E+01,+2.787882E+00
+1.713867E+02,-1.008788E-06,-4.684432E-06,-1.063900E+02,-1.782906E+00
+1.716309E+02,+3.569232E-06,+3.254749E-06,-1.063203E+02,+7.393458E-01
+1.718750E+02,+2.406444E-06,-2.692139E-06,-1.088477E+02,-8.413738E-01
+1.721191E+02,-6.053655E-06,-7.482274E-07,-1.042938E+02,-3.018617E+00
+1.723633E+02,+3.669966E-06,+3.075775E-06,-1.063961E+02,+6.975411E-01
+1.726074E+02,+1.241421E-06,-5.035318E-06,-1.057032E+02,-1.329074E+00
+1.728516E+02,+2.947043E-06,+6.869765E-06,-1.025275E+02,+1.165553E+00
+1.730957E+02,-7.175182E-06,-5.492815E-06,-1.008802E+02,-2.488226E+00
+1.733398E+02,+4.335205E-06,-7.957212E-08,-1.072583E+02,-1.835281E-02
+1.735840E+02,-9.148534E-06,+6.027749E-06,-9.920712E+01,+2.559003E+00
+1.738281E+02,+1.005505E-05,-2.237009E-06,-9.974251E+01,-2.189110E-01
+1.740723E+02,-7.749081E-06,-6.160997E-06,-1.000875E+02,-2.469870E+00
+1.743164E+02,+1.198643E-05,+1.002756E-05,-9.612207E+01,+6.966489E-01
+1.745605E+02,-1.167415E-05,-3.069650E-06,-9.836514E+01,-2.884469E+00
+1.748047E+02,+8.327564E-06,-6.956153E-06,-9.929089E+01,-6.959077E-01
+1.750488E+02,-5.004635E-06,+8.426294E-06,-1.001751E+02,+2.106741E+00
+1.752930E+02,-2.626077E-08,-5.958756E-06,-1.044968E+02,-1.575203E+00
+1.755371E+02,+4.567591E-06,+5.381612E-06,-1.030256E+02,+8.670340E-01
+1.757812E+02,-4.299941E-06,+5.148131E-07,-1.072689E+02,+3.022434E+00
+1.760254E+02,+3.320865E-06,-4.823849E-06,-1.046474E+02,-9.678802E-01
+1.762695E+02,+2.882967E-07,-1.196713E-06,-1.181952E+02,-1.334394E+00
+1.765137E+02,-2.592038E-06,+6.350410E-06,-1.032747E+02,+1.958325E+00
+1.767578E+02,+7.679213E-08,-5.689099E-06,-1.048983E+02,-1.557299E+00
+1.770020E+02,+4.048136E-06,+6.902959E-06,-1.019356E+02,+1.040411E+00
+1.772461E+02,-8.168579E-06,-8.128173E-06,-9.876825E+01,-2.358674E+00
+1.774902E+02,+3.483442E-06,+5.788283E-06,-1.034067E+02,+1.029048E+00
+1.777344E+02,+2.353352E-06,-3.227269E-07,-1.124854E+02,-1.362849E-01
+1.779785E+02,+1.849841E-07,-4.901105E-06,-1.061879E+02,-1.533071E+00
+1.782227E+02,-3.719708E-07,+3.352423E-06,-1.094397E+02,+1.681300E+00
+1.784668E+02,+1.758867E-06,+4.448745E-06,-1.064045E+02,+1.194294E+00
+1.787109E+02,-5.858077E-06,-1.042138E-05,-9.844901E+01,-2.082898E+00
+1.789551E+02,+1.112603E-05,+1.087974E-05,-9.615903E+01,+7.742065E-01
+1.791992E+02,-1.361818E-05,-6.687234E-06,-9.637944E+01,-2.685129E+00
+1.794434E+02,+4.602746E-06,+5.971335E-06,-1.024533E+02,+9.141112E-01
+1.796875E+02,-3.408049E-07,-3.178349E-06,-1.099063E+02,-1.677615E+00
+1.799316E+02,+4.844951E-06,+8.756321E-07,-1.061546E+02,+1.788007E-01
+1.801758E+02,+1.215036E-06,-7.545675E-06,-1.023349E+02,-1.411143E+00
+1.804199E+02,-6.366863E-06,+6.854611E-06,-1.005788E+02,+2.319321E+00
+1.806641E+02,+4.996360E-06,+1.765069E-06,-1.055162E+02,+3.395858E-01
+1.809082E+02,-2.785634E-06,-7.191007E-06,-1.022570E+02,-1.940374E+00
+1.811523E+02,+1.827238E-06,+4.002504E-06,-1.071312E+02,+1.142530E+00
+1.813965E+02,-4.482614E-06,+4.950678E-06,-1.035064E+02,+2.306617E+00
+1.816406E+02,+3.895365E-06,-3.316822E-06,-1.058211E+02,-7.053522E-01
+1.818848E+02,+1.021001E-06,-7.762159E-06,-1.021259E+02,-1.440011E+00
+1.821289E+02,+1.864153E-06,+8.278099E-06,-1.014266E+02,+1.349300E+00
+1.823730E+02,-3.935147E-06,-4.239372E-07,-1.080507E+02,-3.034276E+00
+1.826172E+02,+3.681459E-07,-1.606779E-06,-1.156587E+02,-1.345563E+00
+1.828613E+02,-1.181065E-06,+3.549941E-06,-1.085396E+02,+1.891977E+00
+1.831055E+02,+5.427307E-06,-2.555896E-06,-1.044384E+02,-4.401245E-01
+1.833496E+02,-7.223196E-06,-5.236760E-06,-1.009910E+02,-2.514290E+00
+1.835938E+02,+7.223292E-06,+5.521852E-07,-1.028000E+02,+7.629669E-02
+1.838379E+02,-1.063502E-05,+4.748541E-06,-9.867573E+01,+2.721653E+00
+1.840820E+02,+9.880375E-06,+2.845786E-06,-9.975842E+01,+2.804338E-01
+1.843262E+02,-1.608237E-06,-7.853455E-06,-1.019204E+02,-1.772784E+00
+1.845703E+02,-1.824082E-06,+3.024913E-06,-1.090388E+02,+2.113433E+00
+1.848145E+02,+6.338596E-06,+4.247092E-06,-1.023496E+02,+5.903321E-01
+1.850586E+02,-8.493104E-06,-7.868305E-06,-9.872756E+01,-2.394363E+00
+1.853027E+02,+1.134796E-06,+3.936512E-06,-1.077511E+02,+1.290131E+00
+1.855469E+02,+1.026271E-06,+2.698615E-07,-1.194844E+02,+2.571326E-01
+1.857910E+02,+3.156229E-06,+1.344314E-06,-1.092926E+02,+4.026531E-01
+1.860352E+02,-5.778725E-06,-2.416248E-06,-1.040636E+02,-2.745557E+00
+1.862793E+02,+6.025208E-06,-7.535049E-07,-1.043332E+02,-1.244128E-01
+1.865234E+02,-7.267693E-06,+3.760757E-06,-1.017417E+02,+2.664073E+00
+1.867676E+02,+1.329270E-05,-3.848975E-06,-9.717808E+01,-2.818474E-01
+1.870117E+02,-8.556160E-06,+2.862433E-06,-1.008937E+02,+2.818751E+00
+1.872559E+02,-4.186993E-09,-2.055879E-06,-1.137400E+02,-1.572833E+00
+1.875000E+02,-5.331980E-06,+1.730697E-06,-1.050272E+02,+2.827734E+00
+1.877441E+02,+9.111045E-06,-7.632141E-06,-9.849979E+01,-6.972981E-01
+1.879883E+02,-4.863929E-06,+1.496791E-05,-9.606081E+01,+1.884989E+00
+1.882324E+02,+3.187487E-06,-1.398018E-05,-9.686965E+01,-1.346628E+00
+1.884766E+02,-2.127030E-06,+4.018283E-06,-1.068464E+02,+2.057638E+00
+1.887207E+02,-1.098349E-06,-7.530310E-07,-1.175119E+02,-2.540595E+00
+1.889648E+02,+1.491422E-06,+9.157856E-06,-1.006504E+02,+1.409357E+00
+1.892090E+02,+8.829625E-07,-1.363121E-05,-9.729112E+01,-1.506112E+00
+1.894531E+02,-2.626145E-06,+4.571022E-06,-1.055610E+02,+2.092270E+00
+1.896973E+02,+9.932317E-07,+4.938175E-07,-1.190997E+02,+4.613912E-01
+1.899414E+02,+2.006778E-06,+4.011637E-06,-1.069636E+02,+1.106957E+00
+1.901855E+02,-2.435157E-06,-4.225648E-06,-1.062368E+02,-2.093592E+00
+1.904297E+02,+2.910263E-06,-3.038486E-07,-1.106743E+02,-1.040290E-01
+1.906738E+02,-2.076569E-06,+3.586038E-06,-1.076518E+02,+2.095685E+00
+1.909180E+02,-2.361754E-06,-2.283468E-06,-1.096689E+02,-2.373046E+00
+1.911621E+02,+7.865266E-07,-4.282987E-07,-1.209579E+02,-4.986451E-01
+1.914062E+02,-8.311560E-07,-2.838649E-06,-1.105805E+02,-1.855634E+00
+1.916504E+02,+3.772365E-06,+1.649986E-06,-1.077075E+02,+4.123161E-01
+1.918945E+02,-4.457970E-06,+2.167241E-06,-1.060959E+02,+2.689086E+00
+1.921387E+02,+6.592445E-06,-2.297465E-06,-1.031213E+02,-3.353375E-01
+1.923828E+02,-4.614980E-06,+2.575496E-06,-1.055391E+02,+2.632572E+00
+1.926270E+02,+4.090960E-06,-8.610118E-06,-1.004158E+02,-1.127239E+00
+1.928711E+02,-5.796026E-06,+1.404182E-05,-9.636827E+01,+1.962262E+00
+1.931152E+02,+1.889300E-06,+4.995777E-08,-1.144709E+02,+2.643631E-02
+1.933594E+02,+1.102571E-06,-1.452650E-05,-9.673183E+01,-1.495041E+00
+1.936035E+02,-1.839507E-06,+5.770422E-06,-1.043555E+02,+1.879394E+00
+1.938477E+02,+2.670331E-06,+6.385220E-06,-1.031965E+02,+1.174695E+00
+1.940918E+02,-5.159297E-06,-5.817115E-06,-1.021855E+02,-2.296336E+00
+1.943359E+02,+3.189434E-06,-1.047895E-06,-1.094805E+02,-3.174414E-01
+1.945801E+02,-3.453475E-06,+5.202182E-06,-1.040906E+02,+2.156847E+00
+1.948242E+02,+1.157352E-05,-5.930494E-06,-9.771812E+01,-4.735335E-01
+1.950684E+02,-1.240836E-05,+2.566599E-06,-9.794376E+01,+2.937625E+00
+1.953125E+02,+1.259550E-06,-2.942136E-06,-1.098959E+02,-1.166297E+00
+1.955566E+02,+2.651676E-06,+3.971941E-06,-1.064192E+02,+9.821465E-01
+1.958008E+02,+9.651698E-07,+3.881826E-06,-1.079588E+02,+1.327100E+00
+1.960449E+02,-1.383927E-06,-8.264465E-06,-1.015356E+02,-1.736712E+00
+1.962891E+02,-2.154997E-06,+5.304752E-06,-1.048433E+02,+1.956669E+00
+1.965332E+02,-1.301147E-06,-4.701263E-06,-1.062352E+02,-1.840803E+00
+1.967773E+02,+1.007165E-05,+6.653238E-06,-9.836530E+01,+5.837843E-01
+1.970215E+02,-8.519146E-06,-4.263244E-06,-1.004215E+02,-2.677600E+00
+1.972656E+02,+2.700534E-06,+3.218991E-06,-1.075314E+02,+8.727593E-01
+1.975098E+02,-2.347442E-06,-4.052646E-06,-1.065887E+02,-2.095809E+00
+1.977539E+02,+1.439313E-06,+2.648961E-06,-1.104150E+02,+1.073073E+00
+1.979980E+02,-3.615814E-06,-4.988385E-06,-1.042070E+02,-2.198004E+00
+1.982422E+02,+3.430536E-06,+5.904869E-06,-1.033128E+02,+1.044489E+00
+1.984863E+02,+2.798098E-06,-3.565892E-06,-1.068729E+02,-9.054645E-01
+1.987305E+02,-8.016227E-06,+4.507395E-06,-1.007275E+02,+2.629367E+00
+1.989746E+02,+5.900537E-06,-3.481372E-06,-1.032849E+02,-5.330411E-01
+1.992188E+02,-1.235529E-06,+2.632218E-06,-1.107288E+02,+2.009655E+00
+1.994629E+02,+6.044907E-06,+1.136044E-07,-1.043707E+02,+1.879120E-02
+1.997070E+02,-8.791384E-06,-5.465315E-06,-9.969975E+01,-2.585393E+00
+1.999512E+02,+3.827324E-06,+5.627583E-06,-1.033425E+02,+9.735507E-01
+2.001953E+02,-4.113183E-06,-6.536213E-06,-1.022446E+02,-2.132476E+00
+2.004395E+02,-1.013266E-06,+8.886854E-06,-1.009689E+02,+1.684325E+00
+2.006836E+02,+7.159382E-06,-1.285440E-06,-1.027647E+02,-1.776534E-01
+2.009277E+02,-5.466494E-06,-2.121860E-06,-1.046363E+02,-2.771337E+00
+2.011719E+02,+5.211758E-06,+6.546594E-07,-1.055923E+02,+1.249576E-01
+2.014160E+02,-6.736951E-06,-7.493897E-06,-9.993341E+01,-2.303054E+00
+2.016602E+02,+5.377283E-06,+8.163048E-06,-1.001977E+02,+9.883052E-01
+2.019043E+02,-2.054192E-06,+9.913040E-07,-1.128380E+02,+2.691981E+00
+2.021484E+02,-1.752664E-06,-2.702616E-06,-1.098397E+02,-2.146121E+00
+2.023926E+02,+4.129008E-06,+4.652100E-07,-1.076283E+02,+1.121956E-01
+2.026367E+02,+1.328744E-06,+1.585481E-06,-1.136863E+02,+8.732689E-01
+2.028809E+02,-6.421892E-06,-3.239955E-06,-1.028619E+02,-2.674338E+00
+2.031250E+02,+2.594696E-06,+3.393781E-07,-1.116446E+02,+1.300585E-01
+2.033691E+02,-8.761668E-07,+6.229204E-06,-1.040263E+02,+1.710534E+00
+2.036133E+02,+5.882103E-06,-7.320809E-06,-1.005456E+02,-8.939387E-01
+2.038574E+02,-7.734735E-06,+2.440779E-06,-1.018188E+02,+2.835922E+00
+2.041016E+02,+1.545135E-06,+4.330654E-06,-1.067485E+02,+1.228085E+00
+2.043457E+02,-1.126477E-06,-5.518162E-06,-1.049868E+02,-1.772169E+00
+2.045898E+02,+7.923164E-06,-2.066821E-06,-1.017361E+02,-2.551716E-01
+2.048340E+02,-6.588163E-06,+8.749684E-06,-9.920960E+01,+2.216189E+00
+2.050781E+02,+2.011948E-06,+1.350287E-06,-1.123127E+02,+5.910891E-01
+2.053223E+02,+2.240644E-06,-1.369750E-05,-9.715249E+01,-1.408652E+00
+2.055664E+02,-1.133164E-05,+7.022257E-06,-9.750268E+01,+2.586811E+00
+2.058105E+02,+9.630873E-06,+8.174940E-07,-1.002955E+02,+8.467966E-02
+2.060547E+02,+5.840343E-06,+2.528337E-06,-1.039252E+02,+4.085505E-01
+2.062988E+02,-9.421708E-06,-6.190643E-06,-9.895880E+01,-2.560269E+00
+2.065430E+02,+3.394875E-06,+9.391308E-06,-1.000121E+02,+1.223921E+00
+2.067871E+02,-4.051617E-06,-4.669734E-06,-1.041769E+02,-2.285439E+00
+2.070312E+02,+5.366462E-06,-6.725127E-07,-1.053386E+02,-1.246678E-01
+2.072754E+02,+6.267918E-07,-1.187915E-06,-1.174376E+02,-1.085282E+00
+2.075195E+02,-2.612034E-06,+4.367101E-06,-1.058680E+02,+2.109829E+00
+2.077637E+02,+3.279522E-06,-4.045660E-06,-1.056667E+02,-8.896089E-01
+2.080078E+02,-3.547940E-06,-8.031628E-07,-1.087834E+02,-2.918970E+00
+2.082520E+02,-2.257088E-06,+1.320103E-06,-1.116513E+02,+2.612372E+00
+2.084961E+02,+8.061514E-06,+1.666330E-06,-1.016900E+02,+2.038313E-01
+2.087402E+02,-9.018390E-06,+1.890483E-06,-1.007106E+02,+2.934959E+00
+2.089844E+02,+6.887903E-06,-5.213358E-06,-1.012713E+02,-6.478937E-01
+2.092285E+02,-2.492278E-06,+4.604321E-06,-1.056207E+02,+2.066929E+00
+2.094727E+02,-1.804197E-06,-2.266746E-06,-1.107607E+02,-2.243057E+00
+2.097168E+02,+5.077196E-06,+4.974835E-07,-1.058460E+02,+9.767214E-02
+2.099609E+02,-1.482611E-06,+3.515995E-06,-1.083683E+02,+1.969848E+00
+2.102051E+02,-6.548256E-06,-4.509842E-06,-1.019916E+02,-2.538485E+00
+2.104492E+02,+3.532089E-06,-1.797254E-06,-1.080394E+02,-4.706913E-01
+2.106934E+02,+6.770420E-06,+3.241656E-06,-1.024913E+02,+4.465417E-01
+2.109375E+02,-2.751462E-06,-5.858613E-06,-1.037785E+02,-2.009865E+00
+2.111816E+02,-6.772723E-06,+1.025735E-05,-9.820785E+01,+2.154365E+00
+2.114258E+02,+7.872647E-06,-5.082122E-06,-1.005647E+02,-5.732347E-01
+2.116699E+02,-1.209612E-06,-3.491858E-07,-1.179995E+02,-2.860557E+00
+2.119141E+02,-1.076025E-07,+2.938487E-07,-1.300910E+02,+1.921815E+00
+2.121582E+02,-2.756897E-09,-2.743771E-06,-1.112330E+02,-1.571801E+00
+2.124023E+02,-1.681229E-06,+2.431245E-06,-1.105861E+02,+2.175801E+00
+2.126465E+02,-1.619966E-06,+3.211728E-06,-1.088808E+02,+2.037951E+00
+2.128906E+02,-2.880958E-06,-2.278433E-06,-1.086995E+02,-2.472450E+00
+2.131348E+02,+1.045039E-05,-2.853472E-06,-9.930505E+01,-2.665518E-01
+2.133789E+02,-1.692597E-06,+2.333890E-06,-1.108030E+02,+2.198252E+00
+2.136230E+02,-5.429665E-06,+2.042834E-07,-1.052984E+02,+3.103987E+00
+2.138672E+02,+4.590088E-06,-3.633696E-06,-1.046505E+02,-6.696224E-01
+2.141113E+02,-7.934667E-06,+5.030777E-06,-1.005420E+02,+2.576530E+00
+2.143555E+02,+1.092897E-05,-4.993493E-06,-9.840501E+01,-4.285806E-01
+2.145996E+02,-4.519553E-06,+5.037110E-06,-1.033915E+02,+2.302091E+00
+2.148438E+02,-6.115560E-06,-4.986134E-06,-1.020578E+02,-2.457580E+00
+2.150879E+02,+8.863984E-06,+3.804789E-06,-1.003130E+02,+4.054577E-01
+2.153320E+02,-8.023690E-07,-7.446839E-07,-1.192142E+02,-2.393464E+00
+2.155762E+02,-4.726301E-06,-7.568452E-07,-1.063996E+02,-2.982806E+00
+2.158203E+02,+4.285627E-06,-1.587073E-07,-1.073538E+02,-3.701555E-02
+2.160645E+02,-3.891582E-06,+2.058463E-06,-1.071261E+02,+2.655052E+00
+2.163086E+02,+3.464508E-06,-9.619840E-06,-9.980701E+01,-1.225115E+00
+2.165527E+02,-6.353669E-06,+1.109063E-05,-9.786824E+01,+2.091040E+00
+2.167969E+02,+9.581728E-06,-5.718759E-06,-9.904784E+01,-5.380928E-01
+2.170410E+02,-5.982957E-06,+3.459532E-06,-1.032090E+02,+2.617333E+00
+2.172852E+02,+3.265794E-06,-1.440837E-06,-1.089478E+02,-4.155038E-01
+2.175293E+02,-1.809187E-06,-9.233063E-07,-1.138451E+02,-2.669705E+00
+2.177734E+02,-3.666659E-07,-4.864096E-07,-1.243058E+02,-2.216739E+00
+2.180176E+02,+1.045817E-06,-2.509975E-06,-1.113114E+02,-1.176007E+00
+2.182617E+02,+3.355636E-06,+4.915002E-06,-1.045078E+02,+9.717529E-01
+2.185059E+02,-7.160667E-06,-5.669587E-06,-1.007873E+02,-2.471891E+00
+2.187500E+02,+2.902953E-06,+1.231165E-06,-1.100249E+02,+4.011146E-01
+2.189941E+02,-1.588270E-06,+9.285020E-06,-1.005191E+02,+1.740214E+00
+2.192383E+02,+6.734015E-06,-1.132115E-05,-9.760662E+01,-1.034197E+00
+2.194824E+02,-8.522928E-06,+4.248921E-06,-1.004242E+02,+2.679123E+00
+2.197266E+02,+1.481469E-06,-4.448254E-06,-1.065794E+02,-1.249305E+00
+2.199707E+02,+9.521773E-06,+5.816722E-06,-9.904837E+01,+5.483858E-01
+2.202148E+02,-1.342076E-05,+1.111654E-06,-9.741476E+01,+3.058950E+00
+2.204590E+02,+6.187415E-06,-2.263646E-06,-1.036243E+02,-3.507219E-01
+2.207031E+02,+2.839240E-06,-7.112501E-06,-1.023174E+02,-1.190988E+00
+2.209473E+02,-8.863303E-06,+1.044036E-05,-9.726862E+01,+2.274678E+00
+2.211914E+02,+7.364400E-06,-5.390863E-06,-1.007938E+02,-6.318921E-01
+2.214355E+02,+1.308226E-06,-2.306947E-06,-1.115283E+02,-1.054934E+00
+2.216797E+02,-8.578828E-06,+4.862918E-06,-1.001214E+02,+2.625904E+00
+2.219238E+02,+8.557378E-06,+2.783970E-06,-1.009163E+02,+3.145301E-01
+2.221680E+02,-2.092984E-06,-1.509977E-05,-9.633795E+01,-1.708529E+00
+2.224121E+02,-3.115866E-06,+1.648721E-05,-9.550465E+01,+1.757580E+00
+2.226562E+02,+1.778319E-06,-1.089963E-05,-9.913766E+01,-1.409067E+00
+2.229004E+02,-4.358770E-07,+7.278799E-06,-1.027433E+02,+1.630608E+00
+2.231445E+02,-2.134308E-06,-3.600521E-06,-1.075649E+02,-2.105888E+00
+2.233887E+02,+4.584550E-06,-4.387727E-07,-1.067345E+02,-9.541620E-02
+2.236328E+02,-6.457387E-06,+1.648173E-06,-1.035248E+02,+2.891690E+00
+2.238770E+02,+3.231925E-06,-3.483812E-06,-1.064623E+02,-8.228876E-01
+2.241211E+02,+1.095057E-06,-2.258914E-07,-1.190303E+02,-2.034293E-01
+2.243652E+02,+1.995064E-07,+4.289494E-06,-1.073425E+02,+1.524319E+00
+2.246094E+02,-2.326041E-06,-2.209525E-06,-1.098748E+02,-2.381878E+00
+2.248535E+02,-4.603942E-06,+2.184753E-07,-1.067276E+02,+3.094174E+00
+2.250977E+02,+7.098446E-06,+1.296005E-06,-1.028343E+02,+1.805869E-01
+2.253418E+02,-8.088602E-07,+3.583621E-07,-1.210642E+02,+2.724537E+00
+2.255859E+02,+1.323219E-06,-4.406451E-06,-1.067433E+02,-1.279072E+00
+2.258301E+02,-6.250305E-06,+7.259320E-06,-1.003733E+02,+2.281644E+00
+2.260742E+02,+2.793950E-06,-9.049416E-09,-1.110756E+02,-3.238922E-03
+2.263184E+02,+9.745708E-07,-1.118804E-05,-9.899209E+01,-1.483907E+00
+2.265625E+02,-2.422021E-07,+5.883547E-06,-1.045999E+02,+1.611939E+00
+2.268066E+02,-1.186526E-06,+8.277309E-06,-1.015539E+02,+1.713173E+00
+2.270508E+02,+5.664663E-08,-1.278177E-05,-9.786810E+01,-1.566365E+00
+2.272949E+02,-8.951041E-07,+6.646897E-06,-1.034696E+02,+1.704656E+00
+2.275391E+02,+3.953154E-06,+3.512045E-06,-1.055343E+02,+7.263781E-01
+2.277832E+02,-5.398838E-06,-7.484442E-06,-1.006974E+02,-2.195702E+00
+2.280273E+02,+9.681335E-07,+6.545506E-07,-1.186464E+02,+5.945019E-01
+2.282715E+02,+5.665567E-06,+5.124002E-06,-1.023393E+02,+7.352468E-01
+2.285156E+02,-5.737371E-06,-1.123265E-06,-1.046624E+02,-2.948258E+00
+2.287598E+02,+9.313667E-07,-3.806715E-06,-1.081365E+02,-1.330846E+00
+2.290039E+02,-3.666710E-06,+3.520679E-06,-1.058771E+02,+2.376509E+00
+2.292480E+02,+1.969613E-06,-1.222060E-06,-1.126980E+02,-5.553257E-01
+2.294922E+02,+1.357794E-06,+2.528473E-06,-1.108424E+02,+1.077987E+00
+2.297363E+02,-2.358503E-06,-1.274818E-06,-1.114341E+02,-2.646057E+00
+2.299805E+02,+7.004716E-06,-9.073072E-07,-1.030199E+02,-1.288109E-01
+2.302246E+02,-9.317067E-06,-1.334522E-06,-1.005262E+02,-2.999326E+00
+2.304688E+02,+2.133804E-06,+7.703796E-06,-1.019449E+02,+1.300590E+00
+2.307129E+02,+2.135364E-06,-2.429554E-06,-1.098036E+02,-8.497551E-01
+2.309570E+02,-1.445969E-06,-3.786746E-06,-1.078436E+02,-1.935559E+00
+2.312012E+02,+3.644596E-06,+2.139303E-06,-1.074813E+02,+5.307906E-01
+2.314453E+02,-3.867162E-06,-3.520667E-06,-1.056304E+02,-2.403061E+00
+2.316895E+02,+2.566294E-06,+7.199113E-08,-1.118105E+02,+2.804521E-02
+2.319336E+02,-2.475051E-06,+5.078059E-06,-1.049604E+02,+2.024314E+00
+2.321777E+02,+7.417324E-06,+3.377666E-06,-1.017767E+02,+4.273150E-01
+2.324219E+02,-1.157857E-05,-5.749497E-06,-9.776971E+01,-2.680698E+00
+2.326660E+02,+2.388755E-08,+6.914044E-07,-1.232002E+02,+1.536261E+00
+2.329102E+02,+7.620486E-06,+2.320593E-06,-1.019752E+02,+2.955986E-01
+2.331543E+02,+1.541799E-06,-2.546800E-06,-1.105240E+02,-1.026425E+00
+2.333984E+02,-6.938044E-06,+2.683494E-06,-1.025698E+02,+2.772535E+00
+2.336426E+02,+4.040332E-06,-3.809073E-07,-1.078332E+02,-9.399842E-02
+2.338867E+02,-1.840617E-06,-2.728354E-06,-1.096530E+02,-2.164289E+00
+2.341309E+02,+3.789682E-06,+5.125362E-06,-1.039114E+02,+9.341152E-01
+2.343750E+02,-3.348414E-06,-3.210796E-06,-1.066714E+02,-2.377172E+00
+2.346191E+02,+8.528224E-08,-3.164947E-06,-1.099895E+02,-1.543857E+00
+2.348633E+02,+2.325135E-06,+7.963637E-06,-1.016225E+02,+1.286724E+00
+2.351074E+02,-1.712594E-06,-4.699416E-06,-1.060176E+02,-1.920266E+00
+2.353516E+02,+1.720535E-06,+1.018046E-06,-1.139830E+02,+5.342968E-01
+2.355957E+02,-3.959179E-06,-3.844096E-06,-1.051638E+02,-2.370942E+00
+2.358398E+02,+8.495871E-06,+8.621112E-06,-9.834152E+01,+7.927148E-01
+2.360840E+02,-6.565917E-06,-9.506479E-06,-9.874570E+01,-2.175239E+00
+2.363281E+02,-4.092051E-06,+8.463908E-06,-1.005363E+02,+2.021133E+00
+2.365723E+02,+5.525740E-06,-4.208731E-06,-1.031653E+02,-6.509213E-01
+2.368164E+02,+3.213980E-06,-1.725142E-06,-1.087596E+02,-4.926228E-01
+2.370605E+02,-2.160876E-06,+2.869056E-06,-1.088938E+02,+2.216321E+00
+2.373047E+02,-1.507139E-06,+4.435939E-06,-1.065858E+02,+1.898317E+00
+2.375488E+02,+2.026048E-06,-7.510568E-06,-1.021815E+02,-1.307308E+00
+2.377930E+02,-3.596757E-07,+7.463881E-06,-1.025306E+02,+1.618948E+00
+2.380371E+02,-3.215789E-06,-3.995891E-06,-1.057990E+02,-2.248441E+00
+2.382812E+02,+3.496756E-06,-7.991966E-07,-1.089056E+02,-2.246944E-01
+2.385254E+02,-1.248472E-06,+1.013824E-06,-1.158728E+02,+2.459546E+00
+2.387695E+02,-1.668178E-06,-4.269744E-06,-1.067750E+02,-1.943258E+00
+2.390137E+02,+2.247900E-06,+4.608777E-06,-1.058015E+02,+1.117002E+00
+2.392578E+02,+3.674659E-06,-1.525786E-06,-1.080049E+02,-3.935566E-01
+2.395020E+02,-3.062977E-06,+3.473099E-06,-1.066869E+02,+2.293529E+00
+2.397461E+02,-1.285295E-06,-6.662846E-07,-1.167863E+02,-2.663341E+00
+2.399902E+02,-1.692379E-06,-1.826775E-06,-1.120752E+02,-2.318023E+00
+2.402344E+02,+4.911939E-06,+7.866886E-07,-1.060649E+02,+1.588098E-01
+2.404785E+02,-1.726890E-06,+1.412775E-06,-1.130294E+02,+2.455910E+00
+2.407227E+02,+8.009425E-06,-2.159658E-06,-1.016232E+02,-2.633759E-01
+2.409668E+02,-9.642763E-06,-8.966583E-06,-9.760995E+01,-2.392514E+00
+2.412109E+02,-3.256885E-08,+1.812388E-05,-9.483496E+01,+1.572593E+00
+2.414551E+02,+1.877262E-06,-1.088104E-05,-9.913921E+01,-1.399952E+00
+2.416992E+02,+3.532765E-06,+4.455458E-06,-1.049037E+02,+9.003952E-01
+2.419434E+02,-4.710037E-06,-3.936050E-06,-1.042392E+02,-2.445475E+00
+2.421875E+02,+6.262154E-06,+1.971703E-06,-1.036550E+02,+3.050337E-01
+2.424316E+02,-2.099056E-06,-1.864822E-06,-1.110328E+02,-2.415218E+00
+2.426758E+02,-1.343180E-06,+6.530633E-06,-1.035210E+02,+1.773641E+00
+2.429199E+02,-3.460051E-06,-9.719295E-06,-9.972909E+01,-1.912805E+00
+2.431641E+02,+4.212183E-06,+5.745149E-06,-1.029457E+02,+9.381524E-01
+2.434082E+02,+4.239889E-06,+1.630787E-06,-1.068537E+02,+3.671863E-01
+2.436523E+02,-5.173298E-06,-4.856257E-06,-1.029803E+02,-2.387795E+00
+2.438965E+02,-4.938185E-07,+7.121369E-08,-1.260393E+02,+2.998370E+00
+2.441406E+02,+5.533840E-06,+3.899175E-06,-1.033888E+02,+6.138104E-01
+2.443848E+02,-4.561537E-06,-3.848577E-06,-1.044832E+02,-2.440766E+00
+2.446289E+02,+3.061269E-06,-3.473958E-07,-1.102264E+02,-1.129976E-01
+2.448730E+02,-2.047698E-06,+6.076087E-06,-1.038603E+02,+1.895852E+00
+2.451172E+02,+1.561776E-06,-5.411537E-06,-1.049861E+02,-1.289830E+00
+2.453613E+02,-3.429692E-06,-4.179440E-07,-1.092309E+02,-3.020330E+00
+2.456055E+02,+3.886033E-06,+7.192688E-07,-1.080636E+02,+1.830195E-01
+2.458496E+02,+3.498976E-06,+6.608788E-06,-1.025244E+02,+1.083873E+00
+2.460938E+02,-7.923250E-06,-7.140880E-06,-9.943971E+01,-2.408084E+00
+2.463379E+02,+7.682566E-06,-7.631643E-07,-1.022472E+02,-9.901233E-02
+2.465820E+02,-1.332817E-06,+4.589698E-06,-1.064127E+02,+1.853416E+00
+2.468262E+02,-2.824117E-06,-6.396291E-06,-1.031080E+02,-1.986579E+00
+2.470703E+02,+5.056317E-06,-2.234794E-06,-1.051484E+02,-4.161650E-01
+2.473145E+02,-6.256055E-06,+1.005291E-05,-9.853255E+01,+2.127461E+00
+2.475586E+02,+5.710400E-06,-1.259447E-05,-9.718446E+01,-1.145114E+00
+2.478027E+02,-3.563261E-06,+7.450431E-06,-1.016618E+02,+2.016903E+00
+2.480469E+02,+4.861816E-06,+1.975844E-06,-1.056002E+02,+3.860118E-01
+2.482910E+02,-1.715421E-06,-7.420345E-06,-1.023654E+02,-1.797983E+00
+2.485352E+02,-5.449674E-06,+5.637386E-06,-1.021127E+02,+2.339265E+00
+2.487793E+02,+6.542865E-06,-2.000453E-06,-1.032965E+02,-2.967197E-01
+2.490234E+02,-2.174214E-06,-2.909960E-06,-1.087959E+02,-2.212479E+00
+2.492676E+02,+3.925920E-06,+2.633119E-06,-1.065080E+02,+5.907906E-01
+2.495117E+02,-8.103057E-06,-4.968182E-06,-1.004411E+02,-2.591579E+00
+2.497559E+02,+5.170182E-06,+4.920900E-06,-1.029289E+02,+7.607000E-01
+2.500000E+02,+3.083471E-06,-2.461766E-06,-1.080777E+02,-6.737494E-01
+2.502441E+02,-6.545934E-06,+4.772429E-06,-1.018293E+02,+2.511623E+00
+2.504883E+02,+7.027098E-06,-1.288622E-05,-9.666684E+01,-1.071554E+00
+2.507324E+02,-4.745903E-06,+7.621891E-06,-1.009357E+02,+2.127717E+00
+2.509766E+02,-1.263974E-06,+5.251391E-07,-1.172737E+02,+2.747825E+00
+2.512207E+02,+3.407864E-06,-9.082932E-07,-1.090523E+02,-2.604735E-01
+2.514648E+02,-7.038215E-07,-1.863074E-06,-1.140160E+02,-1.931997E+00
+2.517090E+02,-9.919036E-07,+5.131256E-07,-1.190407E+02,+2.664190E+00
+2.519531E+02,+4.043974E-06,-2.454825E-06,-1.065014E+02,-5.455747E-01
+2.521973E+02,-3.181219E-06,+2.314472E-07,-1.099252E+02,+3.068966E+00
+2.524414E+02,+2.429966E-06,-1.406058E-06,-1.110338E+02,-5.245601E-01
+2.526855E+02,-7.518990E-06,-6.155305E-06,-1.002492E+02,-2.455592E+00
+2.529297E+02,+7.843780E-06,+5.101614E-06,-1.005774E+02,+5.766581E-01
+2.531738E+02,-5.896264E-06,-1.472200E-06,-1.043258E+02,-2.896912E+00
+2.534180E+02,+2.938473E-06,-3.054419E-06,-1.074559E+02,-8.047429E-01
+2.536621E+02,-2.718715E-06,+6.601274E-06,-1.029270E+02,+1.961474E+00
+2.539062E+02,+3.023882E-06,-8.264641E-06,-1.011099E+02,-1.220044E+00
+2.541504E+02,-5.795977E-06,-2.565279E-06,-1.039606E+02,-2.724913E+00
+2.543945E+02,-1.009382E-06,+4.456231E-06,-1.068034E+02,+1.793548E+00
+2.546387E+02,-1.292354E-06,-1.002103E-05,-9.991012E+01,-1.699053E+00
+2.548828E+02,-9.108692E-06,+1.145092E-05,-9.669400E+01,+2.242760E+00
+2.551270E+02,+7.751781E-06,-5.463971E-06,-1.004602E+02,-6.139846E-01
+2.553711E+02,-2.546619E-06,+1.738750E-06,-1.102189E+02,+2.542526E+00
+2.556152E+02,-2.493419E-06,+4.178098E-06,-1.062574E+02,+2.108847E+00
+2.558594E+02,+3.902670E-06,-5.697723E-06,-1.032153E+02,-9.702408E-01
+2.561035E+02,-7.320409E-06,+3.751526E-06,-1.016965E+02,+2.668015E+00
+2.563477E+02,+3.660136E-06,+1.987883E-06,-1.076074E+02,+4.975435E-01
+2.565918E+02,-2.758663E-06,-2.944847E-06,-1.078828E+02,-2.323562E+00
+2.568359E+02,+1.204731E-06,+5.646090E-06,-1.047717E+02,+1.360574E+00
+2.570801E+02,-4.542958E-06,-3.322450E-06,-1.049925E+02,-2.510141E+00
+2.573242E+02,+5.602174E-06,+3.004959E-06,-1.039347E+02,+4.923353E-01
+2.575684E+02,+3.261508E-07,-4.711990E-06,-1.065152E+02,-1.501689E+00
+2.578125E+02,-1.340300E-06,+9.872126E-07,-1.155736E+02,+2.506748E+00
+2.580566E+02,-3.295511E-06,-2.240487E-06,-1.079914E+02,-2.544512E+00
+2.583008E+02,-2.218633E-06,+2.850855E-06,-1.088440E+02,+2.232124E+00
+2.585449E+02,+2.776842E-06,+5.769853E-07,-1.109454E+02,+2.048695E-01
+2.587891E+02,-5.703459E-06,-8.500864E-06,-9.979663E+01,-2.161743E+00
+2.590332E+02,-6.064021E-07,+8.985807E-06,-1.009091E+02,+1.638179E+00
+2.592773E+02,-6.326042E-09,-4.391089E-06,-1.071485E+02,-1.572237E+00
+2.595215E+02,-2.416997E-06,+4.615295E-06,-1.056635E+02,+2.053218E+00
+2.597656E+02,-6.998759E-06,+1.224734E-06,-1.029686E+02,+2.968354E+00
+2.600098E+02,+1.105711E-05,-2.435968E-06,-9.892134E+01,-2.168439E-01
+2.602539E+02,-1.141279E-05,+2.653889E-06,-9.862346E+01,+2.913116E+00
+2.604980E+02,+9.444570E-06,-2.409668E-06,-1.002225E+02,-2.498084E-01
+2.607422E+02,-4.460051E-06,+2.925859E-06,-1.054588E+02,+2.561001E+00
+2.609863E+02,-1.652685E-05,-8.169336E-06,-9.468681E+01,-2.682510E+00
+2.612305E+02,+1.925872E-06,+9.494098E-06,-1.002758E+02,+1.370662E+00
+2.614746E+02,+8.939367E-06,+9.007700E-06,-9.793037E+01,+7.892056E-01
+2.617188E+02,-1.555843E-05,-2.023917E-05,-9.185960E+01,-2.226177E+00
+2.619629E+02,+7.060500E-06,+2.685871E-05,-9.112810E+01,+1.313737E+00
+2.622070E+02,+1.932309E-06,-1.633559E-05,-9.567696E+01,-1.453055E+00
+2.624512E+02,-1.922630E-05,-4.485933E-06,-9.409187E+01,-2.912371E+00
+2.626953E+02,-5.476905E-06,+2.272677E-05,-9.262408E+01,+1.807276E+00
+2.629395E+02,+1.568883E-05,-1.817661E-05,-9.239180E+01,-8.587272E-01
+2.631836E+02,-3.428439E-05,-2.649951E-06,-8.927220E+01,-3.064453E+00
+2.634277E+02,-1.387634E-05,+5.300354E-05,-8.522600E+01,+1.826850E+00
+2.636719E+02,+5.282869E-05,-2.151321E-05,-8.487624E+01,-3.867201E-01
+2.639160E+02,-8.316239E-05,-5.071045E-05,-8.022847E+01,-2.594016E+00
+2.641602E+02,-4.172721E-05,+1.326582E-04,-7.713557E+01,+1.875545E+00
+2.644043E+02,+1.591752E-04,-1.183097E-05,-7.593857E+01,-7.419030E-02
+2.646484E+02,-1.414043E-04,-1.835098E-04,-7.270261E+01,-2.227323E+00
+2.648926E+02,-2.577552E-04,+2.780562E-04,-6.842383E+01,+2.318324E+00
+2.651367E+02,+3.945958E-04,+2.636505E-04,-6.647398E+01,+5.890311E-01
+2.653809E+02,+6.809903E-05,-6.199299E-04,-6.410106E+01,-1.461385E+00
+2.656250E+02,-1.163071E-03,+2.711233E-04,-5.845807E+01,+2.912573E+00
+2.658691E+02,+3.252925E-04,+2.102442E-03,-5.344278E+01,+1.417292E+00
+2.661133E+02,+3.106530E-03,+1.272174E-04,-5.014721E+01,+4.092872E-02
+2.663574E+02,+1.008467E-03,-3.643843E-03,-4.844828E+01,-1.300795E+00
+2.666016E+02,-3.771604E-03,-1.754735E-03,-4.761852E+01,-2.706130E+00
+2.668457E+02,-1.304725E-03,+6.114893E-03,-4.407887E+01,+1.781012E+00
+2.670898E+02,+2.097355E-03,-7.306691E-03,-4.238173E+01,-1.291266E+00
+2.673340E+02,-5.376007E-04,+5.739713E-03,-4.478426E+01,+1.664187E+00
+2.675781E+02,+7.282278E-04,-1.720589E-03,-5.457082E+01,-1.170415E+00
+2.678223E+02,-8.467017E-04,-6.060630E-05,-6.142319E+01,-3.070135E+00
+2.680664E+02,+1.828711E-04,+4.972714E-04,-6.551726E+01,+1.218398E+00
+2.683105E+02,+2.990966E-04,-2.495730E-04,-6.818884E+01,-6.953808E-01
+2.685547E+02,-2.347150E-04,-1.565604E-04,-7.099075E+01,-2.553343E+00
+2.687988E+02,-1.100106E-04,+1.694360E-04,-7.389224E+01,+2.146662E+00
+2.690430E+02,+2.893866E-04,+1.019452E-04,-7.026237E+01,+3.387050E-01
+2.692871E+02,-2.859500E-04,-1.567929E-04,-6.973257E+01,-2.640038E+00
+2.695312E+02,+1.156062E-04,+1.192300E-04,-7.559396E+01,+8.008280E-01
+2.697754E+02,+4.369568E-05,-5.288017E-05,-8.327383E+01,-8.802143E-01
+2.700195E+02,-5.465399E-05,-1.363879E-05,-8.498520E+01,-2.897039E+00
+2.702637E+02,+1.377278E-05,+5.047542E-05,-8.562653E+01,+1.304420E+00
+2.705078E+02,+4.206315E-05,+3.252411E-06,-8.749608E+01,+7.716856E-02
+2.707520E+02,-2.392390E-05,-4.174177E-05,-8.635500E+01,-2.091232E+00
+2.709961E+02,-7.839552E-06,+3.462970E-05,-8.899397E+01,+1.793426E+00
+2.712402E+02,+2.647243E-05,-7.070656E-06,-9.124485E+01,-2.610024E-01
+2.714844E+02,-1.742956E-05,-1.530003E-05,-9.269314E+01,-2.421167E+00
+2.717285E+02,-1.260445E-05,+1.901449E-05,-9.283644E+01,+2.156177E+00
+2.719727E+02,+2.513396E-05,-2.554478E-06,-9.195015E+01,-1.012867E-01
+2.722168E+02,-1.081055E-05,-1.542885E-06,-9.923547E+01,-2.999830E+00
+2.724609E+02,-1.781231E-06,+1.387780E-05,-9.708263E+01,+1.698449E+00
+2.727051E+02,+2.437692E-05,+4.259914E-07,-9.225910E+01,+1.747342E-02
+2.729492E+02,+2.829227E-06,-2.849682E-05,-9.086147E+01,-1.471838E+00
+2.731934E+02,-2.372038E-05,-4.041144E-06,-9.237331E+01,-2.972847E+00
+2.734375E+02,+9.830721E-07,+2.391137E-05,-9.242058E+01,+1.529706E+00
+2.736816E+02,-1.824552E-06,-1.516922E-05,-9.631836E+01,-1.690501E+00
+2.739258E+02,+2.906286E-06,+9.441820E-06,-1.001057E+02,+1.272190E+00
+2.741699E+02,-5.394157E-06,+9.468396E-06,-9.925376E+01,+2.088639E+00
+2.744141E+02,+7.735152E-06,-3.205036E-06,-1.015425E+02,-3.928128E-01
+2.746582E+02,-3.645581E-06,-4.579791E-06,-1.046515E+02,-2.243103E+00
+2.749023E+02,-2.193577E-06,+1.089216E-05,-9.908507E+01,+1.769529E+00
+2.751465E+02,+8.573496E-06,-8.665207E-06,-9.828009E+01,-7.907181E-01
+2.753906E+02,-3.999602E-06,+4.788332E-06,-1.040977E+02,+2.266683E+00
+2.756348E+02,-6.583193E-07,-2.957020E-06,-1.103728E+02,-1.789853E+00
+2.758789E+02,+1.213227E-05,+7.652901E-06,-9.686642E+01,+5.627514E-01
+2.761230E+02,-1.282820E-05,-3.123688E-06,-9.758652E+01,-2.902739E+00
+2.763672E+02,+9.254494E-06,+1.000622E-06,-1.006225E+02,+1.077045E-01
+2.766113E+02,+3.815219E-06,-4.117087E-06,-1.050160E+02,-8.234353E-01
+2.768555E+02,-1.080460E-05,+1.217796E-06,-9.927299E+01,+3.029356E+00
+2.770996E+02,+1.017976E-05,+4.474238E-06,-9.907819E+01,+4.141072E-01
+2.773438E+02,-3.528256E-06,-4.302659E-06,-1.050918E+02,-2.257625E+00
+2.775879E+02,+3.833192E-06,+1.170010E-07,-1.083247E+02,+3.051365E-02
+2.778320E+02,-1.350087E-07,-5.564774E-06,-1.050885E+02,-1.595053E+00
+2.780762E+02,-3.782405E-06,-2.065610E-06,-1.073111E+02,-2.641741E+00
+2.783203E+02,-3.254904E-07,-1.793491E-06,-1.147853E+02,-1.750327E+00
+2.785645E+02,-1.268242E-06,+1.501711E-05,-9.643741E+01,+1.655049E+00
+2.788086E+02,-4.043153E-06,-1.161289E-05,-9.820430E+01,-1.905832E+00
+2.790527E+02,+2.012679E-06,+9.602400E-06,-1.001657E+02,+1.364186E+00
+2.792969E+02,+5.505829E-07,-7.437445E-06,-1.025478E+02,-1.496903E+00
+2.795410E+02,+8.801309E-07,+9.384647E-06,-1.005136E+02,+1.477286E+00
+2.797852E+02,+1.013774E-05,-2.708200E-06,-9.958180E+01,-2.610446E-01
+2.800293E+02,-1.216445E-05,-6.193351E-06,-9.729714E+01,-2.670663E+00
+2.802734E+02,+2.749730E-06,+5.793967E-06,-1.038583E+02,+1.127687E+00
+2.805176E+02,+2.669910E-06,-1.124337E-06,-1.107611E+02,-3.985747E-01
+2.807617E+02,+2.214516E-06,-2.305367E-06,-1.099060E+02,-8.054958E-01
+2.810059E+02,-3.175111E-06,+1.999748E-07,-1.099476E+02,+3.078694E+00
+2.812500E+02,+2.435669E-06,+5.805546E-06,-1.040190E+02,+1.173558E+00
+2.814941E+02,-7.548681E-06,-4.776300E-06,-1.009802E+02,-2.577452E+00
+2.817383E+02,+1.263680E-05,-5.665657E-08,-9.796716E+01,-4.483429E-03
+2.819824E+02,-4.945042E-06,+5.603322E-06,-1.025297E+02,+2.293869E+00
+2.822266E+02,-2.149314E-06,-6.099322E-08,-1.133505E+02,-3.113222E+00
+2.824707E+02,+4.093849E-06,-2.038829E-06,-1.067951E+02,-4.620644E-01
+2.827148E+02,-3.606179E-07,-8.096687E-06,-1.018252E+02,-1.615306E+00
+2.829590E+02,-9.956998E-06,+7.273091E-06,-9.818043E+01,+2.510721E+00
+2.832031E+02,+1.558309E-05,+6.857357E-06,-9.537817E+01,+4.145496E-01
+2.834473E+02,-4.971822E-06,-1.018265E-05,-9.891418E+01,-2.025011E+00
+2.836914E+02,-4.041707E-07,-7.821563E-07,-1.211063E+02,-2.047745E+00
+2.839355E+02,-2.538647E-06,+9.304997E-06,-1.003139E+02,+1.837140E+00
+2.841797E+02,+7.141381E-06,-7.622893E-06,-9.962144E+01,-8.180000E-01
+2.844238E+02,-3.152080E-06,+4.018543E-06,-1.058362E+02,+2.235942E+00
+2.846680E+02,+2.358486E-06,-2.414990E-06,-1.094330E+02,-7.972347E-01
+2.849121E+02,-5.784303E-06,-2.415476E-06,-1.040569E+02,-2.746014E+00
+2.851562E+02,+3.507158E-06,+4.060064E-06,-1.054084E+02,+8.583345E-01
+2.854004E+02,+3.730167E-06,+1.348878E-06,-1.080317E+02,+3.469830E-01
+2.856445E+02,-8.278115E-06,-3.323248E-07,-1.016344E+02,-3.101469E+00
+2.858887E+02,+1.217759E-05,-6.547879E-06,-9.718584E+01,-4.933503E-01
+2.861328E+02,-1.081460E-05,+5.317676E-06,-9.837935E+01,+2.684597E+00
+2.863770E+02,+6.729307E-06,-3.436484E-06,-1.024342E+02,-4.721505E-01
+2.866211E+02,-2.866238E-06,+6.177034E-07,-1.106566E+02,+2.929329E+00
+2.868652E+02,+5.165481E-06,+9.530561E-07,-1.055924E+02,+1.824529E-01
+2.871094E+02,-4.232273E-06,-2.349902E-06,-1.063015E+02,-2.634740E+00
+2.873535E+02,+3.639031E-06,-1.347111E-06,-1.082225E+02,-3.545418E-01
+2.875977E+02,-3.260817E-06,+4.990270E-06,-1.044933E+02,+2.149583E+00
+2.878418E+02,+3.267736E-07,+3.844343E-06,-1.082723E+02,+1.485999E+00
+2.880859E+02,+3.196708E-06,-9.191460E-06,-1.002364E+02,-1.236091E+00
+2.883301E+02,-2.098790E-08,-3.856348E-06,-1.082764E+02,-1.576239E+00
+2.885742E+02,-7.244126E-06,+8.166596E-06,-9.923831E+01,+2.296407E+00
+2.888184E+02,+9.036107E-06,-2.744396E-06,-1.004972E+02,-2.948610E-01
+2.890625E+02,-6.228759E-06,+2.560095E-06,-1.034341E+02,+2.751629E+00
+2.893066E+02,+6.068532E-06,-4.359750E-06,-1.025310E+02,-6.229812E-01
+2.895508E+02,+9.063785E-07,-2.932632E-06,-1.102586E+02,-1.271042E+00
+2.897949E+02,-1.004860E-05,+6.644264E-06,-9.838271E+01,+2.557375E+00
+2.900391E+02,+8.246835E-06,-3.459140E-06,-1.009704E+02,-3.971609E-01
+2.902832E+02,-4.236044E-06,-1.070540E-06,-1.071919E+02,-2.894054E+00
+2.905273E+02,+4.807718E-06,-8.510155E-08,-1.063599E+02,-1.769918E-02
+2.907715E+02,-6.020568E-06,+3.519833E-06,-1.031304E+02,+2.612548E+00
+2.910156E+02,+6.099802E-06,-9.721459E-06,-9.880367E+01,-1.010432E+00
+2.912598E+02,-5.679365E-06,+6.606796E-06,-1.011973E+02,+2.280852E+00
+2.915039E+02,+4.852377E-06,+1.619630E-06,-1.058222E+02,+3.221533E-01
+2.917480E+02,-5.210484E-07,-1.875497E-06,-1.142148E+02,-1.841781E+00
+2.919922E+02,-6.967342E-06,-2.664784E-06,-1.025457E+02,-2.776291E+00
+2.922363E+02,+1.214704E-05,+2.542856E-06,-9.812432E+01,+2.063595E-01
+2.924805E+02,-9.803395E-06,-3.596570E-06,-9.962407E+01,-2.789969E+00
+2.927246E+02,-3.584105E-06,+2.504876E-06,-1.071851E+02,+2.531616E+00
+2.929688E+02,+1.304855E-05,+3.020438E-06,-9.746207E+01,+2.274706E-01
+2.932129E+02,-4.663576E-06,-1.094063E-05,-9.849408E+01,-1.973735E+00
+2.934570E+02,-9.391661E-06,+7.653945E-06,-9.833315E+01,+2.457789E+00
+2.937012E+02,+1.217410E-05,+3.317124E-06,-9.798024E+01,+2.660162E-01
+2.939453E+02,-5.212934E-06,-9.735990E-06,-9.913768E+01,-2.062384E+00
+2.941895E+02,-3.932690E-06,+9.179674E-06,-1.000116E+02,+1.975554E+00
+2.944336E+02,-9.284215E-07,-7.059914E-06,-1.029496E+02,-1.701552E+00
+2.946777E+02,+5.130742E-06,+4.654763E-06,-1.031884E+02,+7.367952E-01
+2.949219E+02,-3.141188E-06,-4.085119E-06,-1.057585E+02,-2.226306E+00
+2.951660E+02,+2.762373E-06,+5.008987E-06,-1.048518E+02,+1.066815E+00
+2.954102E+02,+2.410066E-06,-5.539074E-06,-1.043783E+02,-1.160400E+00
+2.956543E+02,-6.129265E-06,+1.991915E-06,-1.038158E+02,+2.827375E+00
+2.958984E+02,+4.285666E-06,-3.680599E-07,-1.073277E+02,-8.567140E-02
+2.961426E+02,-2.767580E-06,+3.456679E-06,-1.070756E+02,+2.245932E+00
+2.963867E+02,-2.596754E-06,-3.115846E-06,-1.078379E+02,-2.265575E+00
+2.966309E+02,+1.518157E-06,-1.038708E-07,-1.163534E+02,-6.831255E-02
+2.968750E+02,-1.238087E-06,-8.807368E-07,-1.163666E+02,-2.523277E+00
+2.971191E+02,+5.448330E-06,-4.169130E-07,-1.052494E+02,-7.637240E-02
+2.973633E+02,-7.048362E-06,+1.051968E-06,-1.029426E+02,+2.993436E+00
+2.976074E+02,+8.288205E-06,+3.855912E-07,-1.016214E+02,+4.648937E-02
+2.978516E+02,-1.211546E-05,-1.399352E-06,-9.827565E+01,-3.026601E+00
+2.980957E+02,+6.882026E-06,+2.247577E-06,-1.028055E+02,+3.156662E-01
+2.983398E+02,-3.013440E-06,-1.969410E-06,-1.088741E+02,-2.562732E+00
+2.985840E+02,-6.457353E-07,+7.024738E-06,-1.030309E+02,+1.662462E+00
+2.988281E+02,+9.127462E-07,-7.610307E-06,-1.023099E+02,-1.451431E+00
+2.990723E+02,+4.307898E-06,-8.261481E-07,-1.071578E+02,-1.894747E-01
+2.993164E+02,-2.230920E-06,+2.346098E-06,-1.097959E+02,+2.331035E+00
+2.995605E+02,+9.185893E-07,+1.487234E-07,-1.206252E+02,+1.605113E-01
+2.998047E+02,-9.521385E-06,+5.170506E-06,-9.930366E+01,+2.644108E+00
+3.000488E+02,+9.963465E-06,-4.393059E-06,-9.926026E+01,-4.152747E-01
+3.002930E+02,+3.394098E-07,-6.266519E-08,-1.292399E+02,-1.825739E-01
+3.005371E+02,-6.598935E-06,-3.680956E-06,-1.024340E+02,-2.632772E+00
+3.007812E+02,+6.818827E-07,+5.699042E-06,-1.048222E+02,+1.451714E+00
+3.010254E+02,+3.828623E-06,-4.493463E-06,-1.045780E+02,-8.651174E-01
+3.012695E+02,+2.483000E-07,+3.912421E-06,-1.081336E+02,+1.507417E+00
+3.015137E+02,-3.548266E-06,+2.367176E-06,-1.074008E+02,+2.553265E+00
+3.017578E+02,+2.295586E-06,-3.186562E-06,-1.081181E+02,-9.465126E-01
+3.020020E+02,-1.300971E-06,-2.960898E-06,-1.098049E+02,-1.984787E+00
+3.022461E+02,+3.561901E-06,+6.376958E-06,-1.027284E+02,+1.061406E+00
+3.024902E+02,-1.729532E-06,-2.418565E-06,-1.105351E+02,-2.191589E+00
+3.027344E+02,-3.022663E-06,-3.418920E-06,-1.068140E+02,-2.294756E+00
+3.029785E+02,+8.249592E-07,+7.513911E-06,-1.024306E+02,+1.461443E+00
+3.032227E+02,+1.364907E-06,-5.643688E-06,-1.047219E+02,-1.333506E+00
+3.034668E+02,+4.527063E-06,-3.777613E-06,-1.045886E+02,-6.953976E-01
+3.037109E+02,-1.436252E-05,+8.645967E-06,-9.551240E+01,+2.599718E+00
+3.039551E+02,+1.281868E-05,-1.523340E-06,-9.778223E+01,-1.182827E-01
+3.041992E+02,-2.128348E-06,-5.270886E-06,-1.049063E+02,-1.954568E+00
+3.044434E+02,-8.914409E-07,+4.313484E-06,-1.071218E+02,+1.774591E+00
+3.046875E+02,-3.065817E-06,-1.415568E-06,-1.094298E+02,-2.709030E+00
+3.049316E+02,-4.698696E-06,+1.566112E-06,-1.061029E+02,+2.819865E+00
+3.051758E+02,+1.023334E-05,+2.075547E-06,-9.962457E+01,+2.001077E-01
+3.054199E+02,+2.718306E-06,-5.130268E-06,-1.047226E+02,-1.083550E+00
+3.056641E+02,-1.179390E-05,+2.928460E-06,-9.830702E+01,+2.898212E+00
+3.059082E+02,+7.734062E-06,+4.728370E-06,-1.008527E+02,+5.487376E-01
+3.061523E+02,-8.663304E-06,-3.331889E-06,-1.006472E+02,-2.774434E+00
+3.063965E+02,+1.729549E-05,-6.826015E-06,-9.461265E+01,-3.759033E-01
+3.066406E+02,-1.981060E-05,+5.655346E-06,-9.372181E+01,+2.863518E+00
+3.068848E+02,+1.370884E-05,+3.962499E-06,-9.691150E+01,+2.813780E-01
+3.071289E+02,-4.580554E-06,-1.683494E-06,-1.062314E+02,-2.789387E+00
+3.073730E+02,-1.192430E-06,-2.406437E-06,-1.114189E+02,-2.030851E+00
+3.076172E+02,+1.698065E-06,-3.895995E-06,-1.074323E+02,-1.159773E+00
+3.078613E+02,-2.149884E-06,+1.033842E-05,-9.952705E+01,+1.775825E+00
+3.081055E+02,+2.713631E-06,-7.772162E-06,-1.016896E+02,-1.234881E+00
+3.083496E+02,-3.736967E-07,+3.752092E-06,-1.084717E+02,+1.670066E+00
+3.085938E+02,-2.102962E-06,-3.030500E-06,-1.086626E+02,-2.177439E+00
+3.088379E+02,+4.655149E-06,+1.368898E-06,-1.062811E+02,+2.859993E-01
+3.090820E+02,-3.225208E-06,-3.010265E-06,-1.071078E+02,-2.390652E+00
+3.093262E+02,-2.771569E-06,+1.002759E-05,-9.965636E+01,+1.840459E+00
+3.095703E+02,+5.287513E-06,-3.873255E-06,-1.036694E+02,-6.322253E-01
+3.098145E+02,-4.193138E-06,-8.854909E-06,-1.001777E+02,-2.013051E+00
+3.100586E+02,+6.359155E-06,+9.207592E-06,-9.902332E+01,+9.663782E-01
+3.103027E+02,-9.941844E-06,+4.609113E-06,-9.920514E+01,+2.707480E+00
+3.105469E+02,+1.258960E-05,-1.322027E-05,-9.477200E+01,-8.098289E-01
+3.107910E+02,-1.258247E-05,+6.931994E-06,-9.685352E+01,+2.638040E+00
+3.110352E+02,+9.270912E-06,-8.121204E-07,-1.006244E+02,-8.737572E-02
+3.112793E+02,-6.453722E-07,+1.174660E-06,-1.174561E+02,+2.073188E+00
+3.115234E+02,-3.467940E-06,-2.810106E-06,-1.070064E+02,-2.460597E+00
+3.117676E+02,-1.346184E-06,+7.094813E-06,-1.028276E+02,+1.758309E+00
+3.120117E+02,+3.613517E-06,-5.711954E-06,-1.034024E+02,-1.006734E+00
+3.122559E+02,+4.512858E-06,-2.063867E-06,-1.060862E+02,-4.289332E-01
+3.125000E+02,-9.463490E-06,+1.075783E-06,-1.004232E+02,+3.028401E+00
+3.127441E+02,+3.678567E-06,+7.341268E-06,-1.017117E+02,+1.106285E+00
+3.129883E+02,+1.125711E-06,-6.792289E-06,-1.032420E+02,-1.406556E+00
+3.132324E+02,+4.786004E-06,+5.233071E-07,-1.063489E+02,+1.089085E-01
+3.134766E+02,-5.694077E-06,+2.946846E-06,-1.038609E+02,+2.664021E+00
+3.137207E+02,+3.388058E-06,-3.803203E-06,-1.058597E+02,-8.430632E-01
+3.139648E+02,-3.658399E-06,+8.144642E-07,-1.085241E+02,+2.922536E+00
+3.142090E+02,-3.800260E-06,+4.488337E-06,-1.046109E+02,+2.273370E+00
+3.144531E+02,+7.727979E-06,-5.718437E-06,-1.003422E+02,-6.370480E-01
+3.146973E+02,-2.497724E-06,+2.936174E-07,-1.119895E+02,+3.024576E+00
+3.149414E+02,+1.010434E-06,+5.873745E-06,-1.044950E+02,+1.400438E+00
+3.151855E+02,+6.841095E-07,-6.282751E-06,-1.039858E+02,-1.462337E+00
+3.154297E+02,-3.284226E-06,+5.127059E-06,-1.043094E+02,+2.140512E+00
+3.156738E+02,+4.830928E-06,-6.353019E-06,-1.019587E+02,-9.206631E-01
+3.159180E+02,-2.242105E-06,+3.258309E-06,-1.080566E+02,+2.173504E+00
+3.161621E+02,+6.872164E-07,+3.056970E-07,-1.224740E+02,+4.185494E-01
+3.164062E+02,+2.239837E-06,+9.491470E-07,-1.122784E+02,+4.008174E-01
+3.166504E+02,-8.060942E-06,-3.754806E-06,-1.010195E+02,-2.705675E+00
+3.168945E+02,+1.043649E-05,-4.325331E-07,-9.962146E+01,-4.142061E-02
+3.171387E+02,-7.331004E-06,+3.093787E-07,-1.026890E+02,+3.099416E+00
+3.173828E+02,+3.971656E-06,+5.676733E-06,-1.031876E+02,+9.603136E-01
+3.176270E+02,-5.073565E-06,-4.481009E-06,-1.033894E+02,-2.418133E+00
+3.178711E+02,+7.378823E-06,-1.585981E-07,-1.026383E+02,-2.149038E-02
+3.181152E+02,-9.003828E-06,+5.287352E-06,-9.962474E+01,+2.610613E+00
+3.183594E+02,+8.060009E-06,-3.772634E-06,-1.010129E+02,-4.377775E-01
+3.186035E+02,+2.243460E-06,-8.981948E-06,-1.006698E+02,-1.326030E+00
+3.188477E+02,-4.855375E-06,+1.086654E-05,-9.848763E+01,+1.991002E+00
+3.190918E+02,-8.025334E-07,+2.103121E-06,-1.129523E+02,+1.935333E+00
+3.193359E+02,-4.410685E-06,-5.272721E-06,-1.032555E+02,-2.267406E+00
+3.195801E+02,+1.061850E-05,-3.050301E-06,-9.913438E+01,-2.797308E-01
+3.198242E+02,-4.601040E-06,-1.740656E-06,-1.061619E+02,-2.779916E+00
+3.200684E+02,-1.942006E-06,+1.310173E-05,-9.755904E+01,+1.717950E+00
+3.203125E+02,+2.057213E-06,-1.306308E-05,-9.757270E+01,-1.414596E+00
+3.205566E+02,-7.439111E-07,+3.935158E-06,-1.079483E+02,+1.757634E+00
+3.208008E+02,-1.508923E-06,-1.612070E-06,-1.131197E+02,-2.323157E+00
+3.210449E+02,-1.196098E-06,+7.031685E-06,-1.029349E+02,+1.739285E+00
+3.212891E+02,+6.450587E-06,-6.999568E-06,-1.004285E+02,-8.261915E-01
+3.215332E+02,-3.961606E-06,+2.298113E-06,-1.067828E+02,+2.615937E+00
+3.217773E+02,-1.363197E-06,-3.582916E-06,-1.083281E+02,-1.934355E+00
+3.220215E+02,+6.213330E-06,+6.052084E-06,-1.012359E+02,+7.722525E-01
+3.222656E+02,-4.403615E-06,-8.730893E-06,-1.001945E+02,-2.037935E+00
+3.225098E+02,-1.879446E-06,+9.743110E-06,-1.000674E+02,+1.761356E+00
+3.227539E+02,-9.964319E-08,+6.168209E-07,-1.240849E+02,+1.730956E+00
+3.229980E+02,+3.514980E-06,-1.568883E-05,-9.587549E+01,-1.350392E+00
+3.232422E+02,-3.729504E-06,+1.521126E-05,-9.610317E+01,+1.811234E+00
+3.234863E+02,+1.739803E-06,-5.480487E-06,-1.048066E+02,-1.263404E+00
+3.237305E+02,+1.422188E-06,+4.268559E-06,-1.069372E+02,+1.249186E+00
+3.239746E+02,-5.663113E-06,-5.332634E-06,-1.021819E+02,-2.386241E+00
+3.242188E+02,+8.457523E-06,+1.579903E-07,-1.014536E+02,+1.867827E-02
+3.244629E+02,-5.955172E-06,+1.885265E-06,-1.040873E+02,+2.834999E+00
+3.247070E+02,+3.112847E-07,+1.683557E-06,-1.153294E+02,+1.387964E+00
+3.249512E+02,+3.631143E-06,-9.346132E-07,-1.085205E+02,-2.519201E-01
+3.251953E+02,-1.097775E-06,-5.852489E-06,-1.045030E+02,-1.756216E+00
+3.254395E+02,-1.955420E-06,+9.710382E-07,-1.132179E+02,+2.680678E+00
+3.256836E+02,-5.023618E-07,+9.301766E-06,-1.006160E+02,+1.624751E+00
+3.259277E+02,+3.064416E-07,-7.635118E-06,-1.023367E+02,-1.530682E+00
+3.261719E+02,-6.467315E-07,+3.846259E-06,-1.081781E+02,+1.737384E+00
+3.264160E+02,+7.128412E-06,-5.544737E-06,-1.008853E+02,-6.610796E-01
+3.266602E+02,-6.822727E-06,+4.650749E-06,-1.016635E+02,+2.543285E+00
+3.269043E+02,-6.546081E-06,-4.548026E-06,-1.019698E+02,-2.534385E+00
+3.271484E+02,+9.773060E-06,+3.900755E-06,-9.955740E+01,+3.797592E-01
+3.273926E+02,-2.696243E-06,-2.393359E-06,-1.088613E+02,-2.415635E+00
+3.276367E+02,-2.489203E-06,+1.947442E-06,-1.100049E+02,+2.477704E+00
+3.278809E+02,+2.453304E-06,+2.655228E-06,-1.088376E+02,+8.249043E-01
+3.281250E+02,+4.510862E-06,-6.305264E-06,-1.022110E+02,-9.498014E-01
+3.283691E+02,-7.574081E-06,+2.785679E-06,-1.018624E+02,+2.789157E+00
+3.286133E+02,+5.055287E-06,-1.587632E-06,-1.055166E+02,-3.042997E-01
+3.288574E+02,-2.638780E-06,+2.926529E-06,-1.080889E+02,+2.304536E+00
+3.291016E+02,-4.545208E-06,-2.320474E-06,-1.058430E+02,-2.669555E+00
+3.293457E+02,+9.512912E-06,+1.339276E-06,-1.003485E+02,+1.398658E-01
+3.295898E+02,-7.119222E-06,+1.502231E-06,-1.027622E+02,+2.933633E+00
+3.298340E+02,+2.004183E-06,-7.717326E-07,-1.133608E+02,-3.675620E-01
+3.300781E+02,+1.724418E-07,-1.802241E-06,-1.148442E+02,-1.475405E+00
+3.303223E+02,+7.348459E-07,+2.459140E-07,-1.222151E+02,+3.229324E-01
+3.305664E+02,-2.460874E-06,+9.206395E-07,-1.116093E+02,+2.783602E+00
+3.308105E+02,+7.494755E-07,-3.384770E-06,-1.092015E+02,-1.352886E+00
+3.310547E+02,+5.015464E-06,+8.361530E-06,-1.002196E+02,+1.030505E+00
+3.312988E+02,-8.571652E-06,-9.029539E-06,-9.809653E+01,-2.330186E+00
+3.315430E+02,+8.129373E-06,+3.509759E-07,-1.017908E+02,+4.314700E-02
+3.317871E+02,-6.525938E-06,+1.065327E-05,-9.806653E+01,+2.120412E+00
+3.320312E+02,+2.968192E-07,-1.282812E-05,-9.783441E+01,-1.547662E+00
+3.322754E+02,+8.317703E-07,+6.681475E-06,-1.034358E+02,+1.446944E+00
+3.325195E+02,-9.686415E-07,+2.185901E-06,-1.124287E+02,+1.987924E+00
+3.327637E+02,+1.524208E-06,-3.867476E-06,-1.076244E+02,-1.195378E+00
+3.330078E+02,+3.950111E-06,+9.905127E-07,-1.078030E+02,+2.456897E-01
+3.332520E+02,-6.023171E-06,+5.788306E-07,-1.043636E+02,+3.045786E+00
+3.334961E+02,+1.138029E-06,+2.583481E-07,-1.186587E+02,+2.232303E-01
+3.337402E+02,-1.800976E-06,-1.268631E-06,-1.131400E+02,-2.527911E+00
+3.339844E+02,+5.066434E-06,-3.737175E-06,-1.040192E+02,-6.355398E-01
+3.342285E+02,-9.624522E-08,+8.615164E-06,-1.012942E+02,+1.581967E+00
+3.344727E+02,-3.673967E-07,-2.474668E-06,-1.120350E+02,-1.718183E+00
+3.347168E+02,-6.945598E-06,-3.323855E-06,-1.022702E+02,-2.695247E+00
+3.349609E+02,+7.853779E-06,+8.009193E-07,-1.020535E+02,+1.016275E-01
+3.352051E+02,-5.801690E-06,+3.877230E-06,-1.031254E+02,+2.552465E+00
+3.354492E+02,+5.116413E-06,-3.037062E-06,-1.045098E+02,-5.356944E-01
+3.356934E+02,-4.075293E-06,+4.636946E-07,-1.077410E+02,+3.028298E+00
+3.359375E+02,-1.580142E-06,+4.273096E-06,-1.068285E+02,+1.924990E+00
+3.361816E+02,+5.523187E-06,-6.951478E-06,-1.010332E+02,-8.993971E-01
+3.364258E+02,-4.118136E-06,-8.267169E-07,-1.075344E+02,-2.943476E+00
+3.366699E+02,+2.471017E-06,+8.024700E-06,-1.015180E+02,+1.272084E+00
+3.369141E+02,+1.812830E-06,-8.915621E-06,-1.008210E+02,-1.370199E+00
+3.371582E+02,-3.835057E-06,+9.576365E-06,-9.973000E+01,+1.951709E+00
+3.374023E+02,+3.457229E-06,-6.346345E-06,-1.028209E+02,-1.071986E+00
+3.376465E+02,-8.744139E-06,+2.608188E-06,-1.007955E+02,+2.851716E+00
+3.378906E+02,+8.726007E-06,-2.454522E-06,-1.008530E+02,-2.742027E-01
+3.381348E+02,+3.238617E-06,+2.107244E-06,-1.082597E+02,+5.768402E-01
+3.383789E+02,-5.811482E-06,-4.374259E-06,-1.027648E+02,-2.496371E+00
+3.386230E+02,-1.060735E-06,+8.660768E-06,-1.011842E+02,+1.692665E+00
+3.388672E+02,+1.038778E-06,-3.045122E-06,-1.098498E+02,-1.242046E+00
+3.391113E+02,-3.414251E-07,-1.748607E-06,-1.149837E+02,-1.763626E+00
+3.393555E+02,-1.622384E-06,+2.285176E-06,-1.110490E+02,+2.188176E+00
+3.395996E+02,+1.046543E-05,-3.385514E-06,-9.917261E+01,-3.128700E-01
+3.398438E+02,-1.235978E-05,+2.562467E-06,-9.797701E+01,+2.937166E+00
+3.400879E+02,+1.716415E-06,-2.793165E-06,-1.096868E+02,-1.019779E+00
+3.403320E+02,+7.652076E-06,+9.891325E-06,-9.805785E+01,+9.123522E-01
+3.405762E+02,-5.351586E-06,-1.260004E-05,-9.727229E+01,-1.972436E+00
+3.408203E+02,-8.600902E-07,+7.136605E-06,-1.028675E+02,+1.690736E+00
+3.410645E+02,+3.675724E-06,-4.544400E-06,-1.046645E+02,-8.906841E-01
+3.413086E+02,-1.061191E-06,+1.740763E-06,-1.138129E+02,+2.118254E+00
+3.415527E+02,-5.383632E-07,+7.272711E-06,-1.027423E+02,+1.644687E+00
+3.417969E+02,-6.426023E-06,-1.247719E-05,-9.705591E+01,-2.046389E+00
+3.420410E+02,+9.062395E-06,+8.799891E-06,-9.797062E+01,+7.707033E-01
+3.422852E+02,-1.770247E-06,-7.514180E-06,-1.022478E+02,-1.802165E+00
+3.425293E+02,+4.524667E-07,+1.050041E-05,-9.956781E+01,+1.527733E+00
+3.427734E+02,+9.186984E-07,-6.018104E-06,-1.043108E+02,-1.419310E+00
+3.430176E+02,-1.857540E-06,-1.562465E-06,-1.122976E+02,-2.442261E+00
+3.432617E+02,-4.546720E-06,+2.577149E-06,-1.056361E+02,+2.625931E+00
+3.435059E+02,+1.182971E-05,-2.375520E-06,-9.836884E+01,-1.981740E-01
+3.437500E+02,-1.095483E-05,+7.675013E-06,-9.747356E+01,+2.530460E+00
+3.439941E+02,+3.744773E-06,-1.008127E-05,-9.936835E+01,-1.215134E+00
+3.442383E+02,-5.999641E-06,+9.005184E-06,-9.931484E+01,+2.158506E+00
+3.444824E+02,+1.082515E-05,-7.890227E-06,-9.746082E+01,-6.298464E-01
+3.447266E+02,-3.881526E-06,+5.105369E-06,-1.038583E+02,+2.220846E+00
+3.449707E+02,+3.322385E-06,-3.582196E-06,-1.062214E+02,-8.230092E-01
+3.452148E+02,-7.582316E-06,-1.321875E-06,-1.022739E+02,-2.968991E+00
+3.454590E+02,+2.531240E-06,+7.770163E-06,-1.017534E+02,+1.255873E+00
+3.457031E+02,+4.191736E-06,-2.939009E-06,-1.058156E+02,-6.114931E-01
+3.459473E+02,-1.141030E-06,-8.457342E-06,-1.013770E+02,-1.704902E+00
+3.461914E+02,-4.293974E-06,+7.973189E-06,-1.008613E+02,+2.064807E+00
+3.464355E+02,-2.523886E-07,+1.725511E-06,-1.151697E+02,+1.716035E+00
+3.466797E+02,+4.577375E-06,+2.595517E-06,-1.055769E+02,+5.158253E-01
+3.469238E+02,-2.381257E-06,-2.342253E-05,-9.256267E+01,-1.672113E+00
+3.471680E+02,+2.359287E-06,+1.839331E-05,-9.463593E+01,+1.443224E+00
+3.474121E+02,+4.147206E-06,+1.448938E-05,-9.643703E+01,+1.292026E+00
+3.476562E+02,-9.201504E-06,-1.308047E-05,-9.592156E+01,-2.183836E+00
+3.479004E+02,+1.166416E-05,-1.411526E-05,-9.474575E+01,-8.801930E-01
+3.481445E+02,-1.545104E-05,+1.988174E-05,-9.197898E+01,+2.231447E+00
+3.483887E+02,+1.603594E-05,-1.261667E-05,-9.380561E+01,-6.666244E-01
+3.486328E+02,-1.279562E-05,+4.723454E-06,-9.730396E+01,+2.787964E+00
+3.488770E+02,+6.298448E-06,-2.992126E-06,-1.031316E+02,-4.434954E-01
+3.491211E+02,-5.663204E-07,+2.291439E-06,-1.125404E+02,+1.813087E+00
+3.493652E+02,-5.081558E-06,+1.132754E-06,-1.056694E+02,+2.922264E+00
+3.496094E+02,+8.545865E-06,+9.910281E-07,-1.013069E+02,+1.154501E-01
+3.498535E+02,-7.481989E-06,-2.835103E-06,-1.019370E+02,-2.779387E+00
+3.500977E+02,+5.363704E-06,-3.148156E-06,-1.041251E+02,-5.307590E-01
+3.503418E+02,-5.842186E-06,+5.449250E-06,-1.019501E+02,+2.390980E+00
+3.505859E+02,+1.004115E-05,-2.271512E-06,-9.974758E+01,-2.224756E-01
+3.508301E+02,-1.146832E-05,+1.181652E-06,-9.876414E+01,+3.038919E+00
+3.510742E+02,+6.170782E-06,-3.184355E-06,-1.031678E+02,-4.763952E-01
+3.513184E+02,+3.712379E-07,+5.250440E-07,-1.238354E+02,+9.553474E-01
+3.515625E+02,-5.313058E-06,+3.303335E-06,-1.040737E+02,+2.585342E+00
+3.518066E+02,+7.268681E-06,-1.896258E-06,-1.024849E+02,-2.551928E-01
+3.520508E+02,-7.170816E-06,-1.283042E-06,-1.027518E+02,-2.964541E+00
+3.522949E+02,+6.125665E-06,+8.214185E-07,-1.041795E+02,+1.332994E-01
+3.525391E+02,+1.809622E-07,+1.778713E-06,-1.149532E+02,+1.469407E+00
+3.527832E+02,-6.281643E-06,-1.572218E-06,-1.037747E+02,-2.896343E+00
+3.530273E+02,+5.045476E-06,-8.951305E-07,-1.058074E+02,-1.755855E-01
+3.532715E+02,-1.998365E-06,+2.754495E-06,-1.093626E+02,+2.198427E+00
+3.535156E+02,+4.554968E-06,-8.608671E-06,-1.002293E+02,-1.084130E+00
+3.537598E+02,-7.150030E-06,+1.403743E-05,-9.605247E+01,+2.041900E+00
+3.540039E+02,+9.405497E-09,-8.487688E-06,-1.014242E+02,-1.569688E+00
+3.542480E+02,+9.436216E-06,-7.136354E-06,-9.853966E+01,-6.475036E-01
+3.544922E+02,-8.808329E-06,+1.229499E-05,-9.640633E+01,+2.192455E+00
+3.547363E+02,+2.927723E-06,-1.557830E-06,-1.095867E+02,-4.889935E-01
+3.549805E+02,+7.976298E-07,-3.861449E-06,-1.080835E+02,-1.367099E+00
+3.552246E+02,-5.688827E-06,+2.917759E-06,-1.038853E+02,+2.667684E+00
+3.554688E+02,+6.276342E-06,-2.971295E-06,-1.031676E+02,-4.421518E-01
+3.557129E+02,-1.841220E-07,+1.193833E-06,-1.183590E+02,+1.723818E+00
+3.559570E+02,-4.135924E-06,-1.718012E-06,-1.069772E+02,-2.747892E+00
+3.562012E+02,+1.719113E-06,+1.199058E-06,-1.135723E+02,+6.090372E-01
+3.564453E+02,-3.632286E-06,-2.995366E-06,-1.065432E+02,-2.452001E+00
+3.566895E+02,+1.278419E-05,+3.025079E-06,-9.762993E+01,+2.323528E-01
+3.569336E+02,-1.382050E-05,+2.211436E-06,-9.707973E+01,+2.982926E+00
+3.571777E+02,+4.306582E-06,-3.010650E-06,-1.055892E+02,-6.101090E-01
+3.574219E+02,-3.380076E-07,+4.547321E-06,-1.068210E+02,+1.644991E+00
+3.576660E+02,+4.889266E-06,-8.810708E-06,-9.993391E+01,-1.064181E+00
+3.579102E+02,-4.472907E-06,+4.980980E-06,-1.034856E+02,+2.302504E+00
+3.581543E+02,+6.612736E-08,-2.423583E-06,-1.123076E+02,-1.543518E+00
+3.583984E+02,-3.365372E-06,+4.181849E-06,-1.054040E+02,+2.248431E+00
+3.586426E+02,+4.486859E-06,+1.195669E-06,-1.066632E+02,+2.604303E-01
+3.588867E+02,-1.265561E-08,-6.903727E-06,-1.032183E+02,-1.572629E+00
+3.591309E+02,-7.194481E-06,+3.965870E-06,-1.017077E+02,+2.637800E+00
+3.593750E+02,+1.018318E-05,+2.336446E-06,-9.961951E+01,+2.255380E-01
+3.596191E+02,-5.570606E-06,+2.264653E-07,-1.050748E+02,+3.100961E+00
+3.598633E+02,+1.160683E-06,-4.994284E-06,-1.058021E+02,-1.342448E+00
+3.601074E+02,+4.807845E-06,-2.743751E-07,-1.063469E+02,-5.700637E-02
+3.603516E+02,-6.071433E-06,+8.630203E-06,-9.953339E+01,+2.183874E+00
+3.605957E+02,-4.489822E-07,-1.371899E-05,-9.724891E+01,-1.603512E+00
+3.608398E+02,-2.630025E-06,+1.101655E-05,-9.891837E+01,+1.805144E+00
+3.610840E+02,+3.403204E-06,-2.177730E-06,-1.078717E+02,-5.692465E-01
+3.613281E+02,+8.278425E-06,-2.650585E-06,-1.012172E+02,-3.098661E-01
+3.615723E+02,-9.893052E-06,+4.602589E-06,-9.924248E+01,+2.706142E+00
+3.618164E+02,+6.289776E-07,-4.301183E-06,-1.072363E+02,-1.425592E+00
+3.620605E+02,-1.871932E-06,+1.040306E-06,-1.133853E+02,+2.634354E+00
+3.623047E+02,+2.944527E-06,+1.054596E-06,-1.100955E+02,+3.439210E-01
+3.625488E+02,+2.021478E-06,+1.605907E-06,-1.117618E+02,+6.713305E-01
+3.627930E+02,-1.845263E-06,-4.114127E-06,-1.069184E+02,-1.992418E+00
+3.630371E+02,-3.406681E-06,+2.980352E-07,-1.093203E+02,+3.054329E+00
+3.632812E+02,+5.882688E-06,-8.168830E-07,-1.045255E+02,-1.379799E-01
+3.635254E+02,-2.234214E-06,+7.222332E-06,-1.024296E+02,+1.870807E+00
+3.637695E+02,+3.414672E-06,-5.443366E-06,-1.038415E+02,-1.010538E+00
+3.640137E+02,-7.560244E-06,-4.176207E-06,-1.012727E+02,-2.636916E+00
+3.642578E+02,+8.400261E-07,+6.827718E-06,-1.032492E+02,+1.448380E+00
+3.645020E+02,+9.784543E-06,-1.278388E-06,-1.001157E+02,-1.299179E-01
+3.647461E+02,-1.235235E-05,-2.968922E-07,-9.816250E+01,-3.117562E+00
+3.649902E+02,+7.318758E-06,+5.501636E-06,-1.007659E+02,+6.445992E-01
+3.652344E+02,-2.722368E-06,-6.173248E-06,-1.034180E+02,-1.986136E+00
+3.654785E+02,-9.236335E-07,-6.708425E-06,-1.033860E+02,-1.707619E+00
+3.657227E+02,+1.773196E-06,+1.342398E-05,-9.736725E+01,+1.439465E+00
+3.659668E+02,+5.164017E-08,-8.572696E-06,-1.013375E+02,-1.564773E+00
+3.662109E+02,+3.894670E-06,+4.436816E-06,-1.045775E+02,+8.503784E-01
+3.664551E+02,-4.760574E-06,+3.106341E-06,-1.049063E+02,+2.563452E+00
+3.666992E+02,-1.302544E-06,-1.068164E-05,-9.936314E+01,-1.692140E+00
+3.669434E+02,+4.443600E-06,+8.904303E-06,-1.000422E+02,+1.107917E+00
+3.671875E+02,-4.537184E-06,-4.926726E-06,-1.034815E+02,-2.315057E+00
+3.674316E+02,+5.964972E-06,+5.208164E-06,-1.020269E+02,+7.177668E-01
+3.676758E+02,-7.426509E-06,-3.991122E-06,-1.014824E+02,-2.648462E+00
+3.679199E+02,+5.229615E-06,-2.064126E-06,-1.050018E+02,-3.759286E-01
+3.681641E+02,-1.186855E-06,+7.636478E-06,-1.022385E+02,+1.724982E+00
+3.684082E+02,-8.133958E-06,-7.584419E-06,-9.907684E+01,-2.391142E+00
+3.686523E+02,+1.123303E-05,+7.628408E-06,-9.734302E+01,+5.965645E-01
+3.688965E+02,-3.362771E-06,-8.156660E-06,-1.010880E+02,-1.961838E+00
+3.691406E+02,+3.177350E-06,+2.835387E-06,-1.074148E+02,+7.285862E-01
+3.693848E+02,-7.046516E-06,+2.049382E-06,-1.026879E+02,+2.858564E+00
+3.696289E+02,+5.361667E-06,+3.633243E-06,-1.037729E+02,+5.955563E-01
+3.698730E+02,+1.950466E-06,-3.139912E-06,-1.086444E+02,-1.014945E+00
+3.701172E+02,-6.283865E-06,-4.214394E-06,-1.024224E+02,-2.550824E+00
+3.703613E+02,+3.257173E-06,+3.015708E-06,-1.070545E+02,+7.469236E-01
+3.706055E+02,-3.125552E-08,+2.483886E-07,-1.320291E+02,+1.695972E+00
+3.708496E+02,-6.851405E-08,-7.372767E-07,-1.226100E+02,-1.663459E+00
+3.710938E+02,-2.649351E-06,+2.700188E-06,-1.084436E+02,+2.346692E+00
+3.713379E+02,+5.484792E-07,+8.480179E-08,-1.251142E+02,+1.533980E-01
+3.715820E+02,+8.806285E-06,-4.863978E-06,-9.994781E+01,-5.046305E-01
+3.718262E+02,-8.658491E-06,+5.878836E-06,-9.960466E+01,+2.545122E+00
+3.720703E+02,-4.294692E-06,-6.967707E-06,-1.017397E+02,-2.123166E+00
+3.723145E+02,+7.995440E-06,+6.697358E-06,-9.963445E+01,+6.972788E-01
+3.725586E+02,+1.630868E-07,-5.499146E-06,-1.051903E+02,-1.541148E+00
+3.728027E+02,+4.083018E-06,+6.263630E-06,-1.025256E+02,+9.931138E-01
+3.730469E+02,-1.291495E-05,-8.176103E-06,-9.631444E+01,-2.577209E+00
+3.732910E+02,+1.142221E-05,+7.863719E-06,-9.716010E+01,+6.029380E-01
+3.735352E+02,-9.043943E-06,-2.694410E-06,-1.005035E+02,-2.852041E+00
+3.737793E+02,+1.114808E-05,+6.214771E-07,-9.904253E+01,+5.568983E-02
+3.740234E+02,-1.232568E-05,+1.452587E-06,-9.812387E+01,+3.024283E+00
+3.742676E+02,+1.017839E-05,+9.819469E-07,-9.980618E+01,+9.617607E-02
+3.745117E+02,-8.355479E-06,-1.141097E-05,-9.698917E+01,-2.202829E+00
+3.747559E+02,+6.215941E-06,+1.733663E-05,-9.469548E+01,+1.226531E+00
+3.750000E+02,+1.634859E-06,-1.418343E-05,-9.690705E+01,-1.456037E+00
+3.752441E+02,-3.047907E-06,+7.194852E-06,-1.021427E+02,+1.971500E+00
+3.754883E+02,-3.397118E-06,-6.396214E-06,-1.028024E+02,-2.059024E+00
+3.757324E+02,+4.723032E-06,+5.149270E-06,-1.031138E+02,+8.285466E-01
+3.759766E+02,+4.585710E-07,-1.230501E-06,-1.176336E+02,-1.214070E+00
+3.762207E+02,-3.895521E-06,+1.876601E-06,-1.072823E+02,+2.692665E+00
+3.764648E+02,+4.399189E-06,-3.649831E-06,-1.048580E+02,-6.925665E-01
+3.767090E+02,-1.587545E-06,+3.766434E-06,-1.077712E+02,+1.969697E+00
+3.769531E+02,-3.604187E-06,-3.253655E-06,-1.062752E+02,-2.407264E+00
+3.771973E+02,+6.685952E-06,-3.432569E-07,-1.034853E+02,-5.129498E-02
+3.774414E+02,-7.940084E-06,+5.106436E-06,-1.005002E+02,+2.570068E+00
+3.776855E+02,+7.303382E-06,-8.510346E-06,-9.900439E+01,-8.615743E-01
+3.779297E+02,+7.259665E-07,+8.403243E-06,-1.014788E+02,+1.484619E+00
+3.781738E+02,-4.604365E-06,-4.289113E-06,-1.040234E+02,-2.391627E+00
+3.784180E+02,-1.843021E-06,+3.371490E-06,-1.083081E+02,+2.071063E+00
+3.786621E+02,+7.103398E-06,-4.000005E-06,-1.017745E+02,-5.128538E-01
+3.789062E+02,-5.066046E-06,+1.545324E-06,-1.055202E+02,+2.845523E+00
+3.791504E+02,-3.763179E-06,+1.207008E-06,-1.080636E+02,+2.831217E+00
+3.793945E+02,+6.788506E-06,-5.316830E-06,-1.012870E+02,-6.644193E-01
+3.796387E+02,-2.065504E-06,+5.499046E-06,-1.046211E+02,+1.930103E+00
+3.798828E+02,+2.338440E-06,-6.039405E-06,-1.037734E+02,-1.201375E+00
+3.801270E+02,+8.869333E-07,+9.561255E-06,-1.003525E+02,+1.478298E+00
+3.803711E+02,-6.253039E-06,-4.847592E-06,-1.020343E+02,-2.482134E+00
+3.806152E+02,+9.154160E-06,-3.350046E-06,-1.002218E+02,-3.508208E-01
+3.808594E+02,-8.016248E-06,+2.103474E-06,-1.016314E+02,+2.884977E+00
+3.811035E+02,-2.318051E-06,-6.641403E-07,-1.123549E+02,-2.862559E+00
+3.813477E+02,+9.512637E-06,+4.902422E-06,-9.941103E+01,+4.758591E-01
+3.815918E+02,-8.524285E-06,-5.093704E-06,-1.000608E+02,-2.602975E+00
+3.818359E+02,+9.333113E-06,-2.335555E-06,-1.003357E+02,-2.452083E-01
+3.820801E+02,-4.866298E-06,+6.267593E-06,-1.020091E+02,+2.230994E+00
+3.823242E+02,-2.019676E-06,-3.373737E-06,-1.081076E+02,-2.110220E+00
+3.825684E+02,-1.495323E-06,-4.343961E-07,-1.161534E+02,-2.858871E+00
+3.828125E+02,+2.908610E-06,+8.633409E-07,-1.103596E+02,+2.885391E-01
+3.830566E+02,-7.208546E-06,-5.970675E-06,-1.005744E+02,-2.449846E+00
+3.833008E+02,+1.805018E-05,+1.182589E-05,-9.331931E+01,+5.799995E-01
+3.835449E+02,-1.325912E-05,-8.223529E-06,-9.613625E+01,-2.586440E+00
+3.837891E+02,+2.984812E-06,-1.289099E-06,-1.097589E+02,-4.076889E-01
+3.840332E+02,-3.092268E-06,+4.145500E-06,-1.057272E+02,+2.211690E+00
+3.842773E+02,+3.771330E-06,-5.538392E-07,-1.083774E+02,-1.458129E-01
+3.845215E+02,-3.275200E-06,+1.406510E-06,-1.089602E+02,+2.735965E+00
+3.847656E+02,-4.547241E-07,-4.463774E-06,-1.069611E+02,-1.672316E+00
+3.850098E+02,+1.449567E-06,+1.129460E-06,-1.147148E+02,+6.619107E-01
+3.852539E+02,+3.112377E-06,+4.694167E-06,-1.049864E+02,+9.853151E-01
+3.854980E+02,-3.937042E-06,-2.753177E-06,-1.063676E+02,-2.531336E+00
+3.857422E+02,+1.990332E-06,-6.093569E-06,-1.038623E+02,-1.255092E+00
+3.859863E+02,-3.877733E-06,+7.642871E-06,-1.013401E+02,+2.040319E+00
+3.862305E+02,+1.255904E-06,-1.274767E-06,-1.149453E+02,-7.928518E-01
+3.864746E+02,+1.250887E-06,-3.446913E-06,-1.087141E+02,-1.222675E+00
+3.867188E+02,+6.678354E-07,+2.044073E-06,-1.133496E+02,+1.255011E+00
+3.869629E+02,+3.504796E-06,+5.630789E-06,-1.035665E+02,+1.014044E+00
+3.872070E+02,-4.933309E-06,-1.127378E-05,-9.819772E+01,-1.983284E+00
+3.874512E+02,+4.452830E-06,+1.246719E-05,-9.756321E+01,+1.227754E+00
+3.876953E+02,-2.534157E-06,-5.934140E-06,-1.038053E+02,-1.974400E+00
+3.879395E+02,-5.017082E-06,-2.643041E-06,-1.049273E+02,-2.656729E+00
+3.881836E+02,+2.537112E-06,-3.060009E-06,-1.080133E+02,-8.785503E-01
+3.884277E+02,+4.194288E-06,+5.180601E-06,-1.035232E+02,+8.902205E-01
+3.886719E+02,-7.676611E-06,+1.406662E-06,-1.021532E+02,+2.960363E+00
+3.889160E+02,+6.430657E-06,-4.610341E-06,-1.020337E+02,-6.219993E-01
+3.891602E+02,-4.421966E-06,+2.902558E-06,-1.055317E+02,+2.560735E+00
+3.894043E+02,+5.912055E-06,+5.056587E-06,-1.021809E+02,+7.075636E-01
+3.896484E+02,-7.599177E-06,-5.817123E-06,-1.003817E+02,-2.488249E+00
+3.898926E+02,+5.207565E-06,-5.043098E-06,-1.027941E+02,-7.693549E-01
+3.901367E+02,-2.114615E-06,+9.584920E-06,-1.001618E+02,+1.787937E+00
+3.903809E+02,+1.672520E-06,-1.060105E-06,-1.140659E+02,-5.649290E-01
+3.906250E+02,+1.028296E-07,-4.131853E-06,-1.076744E+02,-1.545914E+00
+3.908691E+02,-3.118206E-06,+3.310899E-06,-1.068434E+02,+2.326231E+00
+3.911133E+02,+8.438224E-06,-1.047649E-06,-1.014085E+02,-1.235230E-01
+3.913574E+02,-9.493796E-06,-2.469240E-06,-1.001669E+02,-2.887140E+00
+3.916016E+02,+5.082173E-06,+1.934597E-06,-1.052913E+02,+3.637265E-01
+3.918457E+02,-7.818905E-07,+4.141732E-06,-1.075043E+02,+1.757384E+00
+3.920898E+02,-7.236965E-06,-7.103974E-06,-9.987838E+01,-2.365468E+00
+3.923340E+02,+1.079189E-05,+1.137142E-06,-9.929010E+01,+1.049827E-01
+3.925781E+02,-1.818541E-06,+1.109941E-07,-1.147894E+02,+3.080634E+00
+3.928223E+02,-1.057124E-05,+3.500413E-06,-9.906564E+01,+2.821830E+00
+3.930664E+02,+8.672801E-06,-7.166350E-07,-1.012073E+02,-8.244289E-02
+3.933105E+02,+1.350446E-06,+2.100954E-06,-1.120497E+02,+9.995151E-01
+3.935547E+02,-2.453345E-06,-5.173063E-06,-1.048440E+02,-2.013636E+00
+3.937988E+02,-2.482223E-06,+7.184187E-06,-1.023827E+02,+1.903467E+00
+3.940430E+02,+1.935373E-06,-1.220580E-05,-9.816083E+01,-1.413544E+00
+3.942871E+02,+2.077342E-06,+1.187082E-05,-9.837938E+01,+1.397555E+00
+3.945312E+02,+1.069586E-06,-8.718009E-06,-1.011268E+02,-1.448720E+00
+3.947754E+02,-9.544602E-06,+2.768062E-06,-1.000541E+02,+2.859323E+00
+3.950195E+02,+5.238988E-06,+1.168273E-06,-1.054043E+02,+2.194062E-01
+3.952637E+02,-3.816634E-07,+7.878259E-06,-1.020612E+02,+1.619204E+00
+3.955078E+02,+6.115716E-06,-5.410666E-06,-1.017602E+02,-7.243059E-01
+3.957520E+02,-3.580879E-06,-3.742862E-06,-1.057135E+02,-2.334081E+00
+3.959961E+02,-7.645219E-06,+1.090750E-06,-1.022447E+02,+2.999878E+00
+3.962402E+02,+1.493704E-05,-1.313777E-06,-9.648124E+01,-8.772857E-02
+3.964844E+02,-1.003180E-05,+1.703546E-06,-9.984895E+01,+2.973383E+00
+3.967285E+02,+1.144202E-06,+4.206509E-06,-1.072116E+02,+1.305214E+00
+3.969727E+02,+3.278866E-06,-4.263673E-06,-1.053865E+02,-9.152308E-01
+3.972168E+02,-4.868258E-06,+4.295312E-06,-1.037521E+02,+2.418638E+00
+3.974609E+02,-1.465728E-06,-7.858954E-06,-1.019442E+02,-1.755182E+00
+3.977051E+02,+1.028999E-05,+5.835373E-06,-9.854073E+01,+5.158712E-01
+3.979492E+02,-1.046175E-05,+7.098836E-07,-9.958797E+01,+3.073841E+00
+3.981934E+02,+6.634632E-06,-7.964552E-06,-9.968784E+01,-8.762429E-01
+3.984375E+02,-4.147261E-06,+6.787010E-06,-1.019885E+02,+2.119308E+00
+3.986816E+02,+1.762534E-07,-1.274194E-06,-1.178130E+02,-1.433343E+00
+3.989258E+02,+2.526089E-06,+4.702990E-06,-1.054517E+02,+1.077892E+00
+3.991699E+02,+1.568632E-06,-5.374881E-07,-1.156075E+02,-3.301098E-01
+3.994141E+02,-5.422647E-06,-9.354221E-06,-9.932161E+01,-2.096156E+00
+3.996582E+02,+3.046771E-06,+5.071143E-06,-1.045594E+02,+1.029785E+00
+3.999023E+02,+5.498309E-06,+3.293319E-06,-1.038640E+02,+5.396614E-01
+4.001465E+02,-1.015064E-05,-1.525532E-06,-9.977313E+01,-2.992420E+00
+4.003906E+02,+6.559098E-06,+1.052823E-06,-1.035526E+02,+1.591558E-01
+4.006348E+02,-3.835898E-06,-2.661909E-06,-1.066155E+02,-2.534941E+00
+4.008789E+02,+1.516447E-06,-2.399559E-06,-1.109380E+02,-1.007201E+00
+4.011230E+02,+1.755245E-06,+6.726120E-06,-1.031586E+02,+1.315530E+00
+4.013672E+02,+4.114405E-06,-6.024085E-06,-1.027394E+02,-9.715763E-01
+4.016113E+02,-1.594035E-05,+2.100931E-06,-9.587525E+01,+3.010548E+00
+4.018555E+02,+1.406019E-05,+1.576414E-06,-9.698592E+01,+1.116527E-01
+4.020996E+02,-2.833249E-06,-7.224980E-07,-1.106807E+02,-2.891907E+00
+4.023438E+02,+3.029110E-06,-6.082388E-07,-1.102020E+02,-1.981626E-01
+4.025879E+02,-8.045981E-06,+3.869843E-06,-1.009847E+02,+2.693288E+00
+4.028320E+02,+8.035527E-06,-5.637882E-06,-1.001612E+02,-6.118120E-01
+4.030762E+02,-8.128928E-06,-7.408328E-07,-1.017634E+02,-3.050708E+00
+4.033203E+02,+1.159925E-05,+3.684873E-06,-9.829384E+01,+3.075988E-01
+4.035645E+02,-7.341083E-06,-6.721070E-07,-1.026485E+02,-3.050293E+00
+4.038086E+02,-5.828840E-06,-2.722742E-06,-1.038312E+02,-2.704597E+00
+4.040527E+02,+9.890796E-06,+4.776116E-06,-9.918511E+01,+4.498621E-01
+4.042969E+02,-2.894864E-06,-4.070241E-06,-1.060298E+02,-2.189017E+00
+4.045410E+02,-1.217335E-06,+7.205734E-06,-1.027242E+02,+1.738156E+00
+4.047852E+02,+2.441185E-06,-8.883512E-06,-1.007121E+02,-1.302616E+00
+4.050293E+02,-5.142032E-06,-1.021223E-06,-1.056093E+02,-2.945541E+00
+4.052734E+02,+1.883280E-06,+1.097952E-05,-9.906239E+01,+1.400923E+00
+4.055176E+02,+3.485145E-06,-4.106555E-06,-1.053745E+02,-8.670699E-01
+4.057617E+02,+2.692920E-06,-4.967286E-06,-1.049586E+02,-1.074015E+00
+4.060059E+02,-7.144888E-06,+1.617367E-06,-1.027031E+02,+2.918977E+00
+4.062500E+02,+3.390309E-07,+4.224240E-06,-1.074571E+02,+1.490710E+00
+4.064941E+02,+1.803538E-06,-7.394140E-06,-1.023713E+02,-1.331553E+00
+4.067383E+02,+3.275942E-06,+4.529946E-06,-1.050512E+02,+9.446858E-01
+4.069824E+02,+1.029621E-06,+3.881635E-06,-1.079244E+02,+1.311513E+00
+4.072266E+02,-9.316694E-06,-7.747852E-06,-9.833185E+01,-2.447873E+00
+4.074707E+02,+1.088994E-05,+6.384530E-06,-9.797639E+01,+5.302684E-01
+4.077148E+02,-1.317187E-05,-1.610843E-06,-9.754258E+01,-3.019903E+00
+4.079590E+02,+1.479464E-05,-3.152645E-06,-9.640504E+01,-2.099534E-01
+4.082031E+02,-4.589385E-06,+5.854222E-06,-1.025700E+02,+2.235670E+00
+4.084473E+02,+2.314868E-06,-5.853321E-06,-1.040209E+02,-1.194193E+00
+4.086914E+02,-6.042733E-06,-4.446163E-07,-1.043519E+02,-3.068146E+00
+4.089355E+02,+1.799050E-07,-1.899811E-06,-1.143870E+02,-1.476382E+00
+4.091797E+02,-2.213854E-06,+6.520065E-06,-1.032411E+02,+1.898127E+00
+4.094238E+02,+7.260399E-06,-2.467680E-06,-1.023060E+02,-3.276328E-01
+4.096680E+02,-2.638041E-06,+1.938935E-06,-1.096986E+02,+2.507767E+00
+4.099121E+02,-4.951559E-07,-3.364555E-06,-1.093684E+02,-1.716916E+00
+4.101562E+02,-6.884210E-07,+3.811397E-07,-1.220818E+02,+2.635957E+00
+4.104004E+02,+1.300877E-06,-5.373091E-07,-1.170312E+02,-3.916934E-01
+4.106445E+02,-8.146223E-07,+4.320040E-06,-1.071385E+02,+1.757176E+00
+4.108887E+02,+1.175481E-06,-4.366796E-06,-1.068929E+02,-1.307843E+00
+4.111328E+02,-3.398443E-06,-2.460872E-06,-1.075436E+02,-2.514863E+00
+4.113770E+02,+5.027975E-06,+5.294486E-06,-1.027317E+02,+8.112110E-01
+4.116211E+02,-1.256648E-07,+6.393208E-07,-1.237210E+02,+1.764882E+00
+4.118652E+02,-1.057020E-06,-2.502056E-06,-1.113209E+02,-1.970514E+00
+4.121094E+02,-1.795665E-06,+7.507219E-07,-1.142159E+02,+2.745603E+00
+4.123535E+02,-2.083560E-06,+3.054757E-06,-1.086414E+02,+2.169387E+00
+4.125977E+02,+4.944449E-06,-1.092830E-05,-9.842014E+01,-1.145911E+00
+4.128418E+02,-3.961193E-06,+2.444754E-06,-1.066418E+02,+2.588639E+00
+4.130859E+02,+2.614564E-06,+1.141863E-05,-9.862579E+01,+1.345703E+00
+4.133301E+02,-3.740172E-07,-6.496715E-06,-1.037318E+02,-1.628303E+00
+4.135742E+02,-2.035260E-06,-1.483451E-07,-1.138046E+02,-3.068834E+00
+4.138184E+02,+4.812650E-06,-1.963488E-06,-1.056837E+02,-3.873708E-01
+4.140625E+02,-5.060702E-06,-2.435301E-06,-1.050112E+02,-2.693083E+00
+4.143066E+02,+3.775444E-06,+4.571276E-06,-1.045407E+02,+8.804576E-01
+4.145508E+02,-5.184558E-06,-4.236873E-07,-1.056769E+02,-3.060053E+00
+4.147949E+02,+1.882942E-06,+3.206362E-06,-1.085930E+02,+1.039803E+00
+4.150391E+02,+3.025067E-06,-6.894218E-06,-1.024656E+02,-1.157309E+00
+4.152832E+02,-1.604075E-06,+5.762252E-06,-1.044640E+02,+1.842299E+00
+4.155273E+02,-1.000349E-06,-6.245836E-06,-1.039782E+02,-1.729610E+00
+4.157715E+02,-8.789629E-07,+4.925560E-06,-1.060147E+02,+1.747387E+00
+4.160156E+02,+3.704813E-06,-3.490361E-06,-1.058656E+02,-7.556019E-01
+4.162598E+02,+2.174658E-07,+1.365132E-06,-1.171877E+02,+1.412823E+00
+4.165039E+02,-6.468998E-06,+1.344780E-06,-1.035995E+02,+2.936631E+00
+4.167480E+02,+4.378116E-06,-3.122392E-06,-1.053884E+02,-6.195180E-01
+4.169922E+02,+1.640111E-06,+4.824544E-06,-1.058559E+02,+1.243101E+00
+4.172363E+02,-7.336527E-06,-4.181240E-06,-1.014687E+02,-2.623584E+00
+4.174805E+02,+8.488031E-06,+4.651822E-09,-1.014239E+02,+5.480449E-04
+4.177246E+02,-6.548219E-06,+4.107578E-06,-1.022365E+02,+2.581354E+00
+4.179688E+02,+1.506294E-06,-5.762035E-06,-1.045014E+02,-1.315101E+00
+4.182129E+02,-1.628222E-06,+6.160903E-06,-1.039139E+02,+1.829172E+00
+4.184570E+02,+6.192667E-06,-3.695527E-06,-1.028395E+02,-5.380327E-01
+4.187012E+02,-3.254307E-06,+5.064549E-07,-1.096469E+02,+2.987205E+00
+4.189453E+02,+7.972515E-07,+7.247298E-07,-1.193523E+02,+7.377846E-01
+4.191895E+02,-2.609074E-06,+2.306878E-06,-1.091618E+02,+2.417590E+00
+4.194336E+02,+5.122065E-06,-1.022067E-05,-9.883732E+01,-1.106231E+00
+4.196777E+02,-8.699770E-06,+1.456757E-05,-9.540758E+01,+2.109155E+00
+4.199219E+02,+8.487691E-06,-1.049761E-05,-9.739355E+01,-8.908722E-01
+4.201660E+02,-8.671709E-06,+6.775528E-07,-1.012115E+02,+3.063617E+00
+4.204102E+02,+7.698100E-06,+7.788562E-06,-9.921100E+01,+7.912394E-01
+4.206543E+02,-9.501173E-07,-5.512137E-06,-1.050464E+02,-1.741487E+00
+4.208984E+02,-1.311817E-06,-5.261938E-06,-1.053152E+02,-1.815119E+00
+4.211426E+02,-1.891992E-06,+6.317522E-06,-1.036160E+02,+1.861779E+00
+4.213867E+02,+2.887457E-06,+2.028836E-06,-1.090471E+02,+6.124940E-01
+4.216309E+02,-7.070895E-06,-2.731354E-06,-1.024065E+02,-2.772969E+00
+4.218750E+02,+7.326215E-06,+3.757857E-06,-1.016880E+02,+4.739404E-01
+4.221191E+02,-2.534972E-06,-6.130049E-06,-1.035651E+02,-1.962914E+00
+4.223633E+02,+6.705739E-06,+8.345327E-07,-1.034043E+02,+1.238139E-01
+4.226074E+02,-1.403943E-05,+4.138726E-06,-9.669110E+01,+2.854920E+00
+4.228516E+02,+1.078142E-05,-5.152663E-06,-9.845306E+01,-4.458286E-01
+4.230957E+02,-4.019684E-06,+4.432287E-06,-1.044608E+02,+2.307416E+00
+4.233398E+02,-4.340528E-06,+2.754581E-06,-1.057794E+02,+2.576106E+00
+4.235840E+02,+1.061158E-05,-9.738198E-06,-9.683112E+01,-7.425060E-01
+4.238281E+02,-6.244582E-06,+8.455149E-06,-9.956699E+01,+2.206932E+00
+4.240723E+02,-1.487737E-06,+3.115073E-07,-1.163631E+02,+2.935191E+00
+4.243164E+02,+1.840178E-06,-2.452076E-06,-1.102692E+02,-9.270025E-01
+4.245605E+02,+1.018916E-06,-5.629893E-06,-1.048500E+02,-1.391751E+00
+4.248047E+02,+2.224638E-06,+6.509013E-06,-1.032499E+02,+1.241465E+00
+4.250488E+02,-2.445377E-06,-1.801772E-06,-1.103497E+02,-2.506588E+00
+4.252930E+02,-2.904989E-06,+1.955179E-07,-1.107175E+02,+3.074390E+00
+4.255371E+02,+6.229163E-06,+3.889894E-06,-1.026814E+02,+5.582144E-01
+4.257812E+02,-2.390420E-06,-9.190942E-06,-1.004485E+02,-1.825243E+00
+4.260254E+02,-2.384747E-06,+7.970061E-06,-1.015984E+02,+1.861531E+00
+4.262695E+02,-6.955588E-07,+1.615810E-06,-1.150939E+02,+1.977291E+00
+4.265137E+02,+4.583709E-07,-8.148683E-06,-1.017645E+02,-1.514605E+00
+4.267578E+02,+5.122195E-07,+7.843596E-06,-1.020912E+02,+1.505585E+00
+4.270020E+02,+3.799148E-07,-5.300503E-06,-1.054914E+02,-1.499243E+00
+4.272461E+02,+1.990215E-06,+5.156616E-07,-1.137398E+02,+2.535234E-01
+4.274902E+02,-3.783115E-06,+2.533315E-06,-1.068341E+02,+2.551536E+00
+4.277344E+02,+3.879411E-06,-2.934359E-06,-1.062598E+02,-6.475801E-01
+4.279785E+02,-4.300037E-06,+8.056908E-06,-1.007881E+02,+2.061045E+00
+4.282227E+02,+5.680001E-06,-9.063725E-06,-9.941522E+01,-1.010994E+00
+4.284668E+02,-4.724613E-06,+6.570595E-06,-1.018379E+02,+2.194196E+00
+4.287109E+02,+2.616805E-06,-5.282500E-06,-1.045901E+02,-1.110858E+00
+4.289551E+02,-4.293550E-06,+3.459225E-06,-1.051711E+02,+2.463398E+00
+4.291992E+02,+7.811742E-06,-1.741322E-06,-1.019344E+02,-2.193250E-01
+4.294434E+02,-9.350429E-06,-2.187661E-07,-1.005810E+02,-3.118201E+00
+4.296875E+02,+5.188892E-06,+2.366780E-06,-1.048777E+02,+4.279352E-01
+4.299316E+02,+3.726559E-06,-4.091152E-06,-1.051393E+02,-8.320011E-01
+4.301758E+02,-6.195987E-06,+2.862378E-06,-1.033177E+02,+2.708827E+00
+4.304199E+02,+8.372272E-07,-6.312171E-07,-1.195885E+02,-6.460165E-01
+4.306641E+02,+3.355525E-06,+1.771749E-06,-1.084168E+02,+4.858033E-01
+4.309082E+02,+1.768788E-06,-2.629935E-06,-1.099804E+02,-9.787250E-01
+4.311523E+02,-6.293634E-06,+1.120635E-06,-1.038864E+02,+2.965381E+00
+4.313965E+02,+5.177395E-06,+1.826740E-06,-1.052082E+02,+3.391938E-01
+4.316406E+02,+1.561512E-07,+9.994061E-07,-1.199004E+02,+1.415805E+00
+4.318848E+02,-4.978003E-06,-6.111989E-06,-1.020665E+02,-2.254296E+00
+4.321289E+02,+2.473899E-06,+1.897466E-06,-1.101231E+02,+6.542891E-01
+4.323730E+02,-4.000896E-06,+4.387600E-07,-1.079049E+02,+3.032364E+00
+4.326172E+02,+4.998671E-06,+2.541984E-06,-1.050240E+02,+4.704498E-01
+4.328613E+02,-1.611137E-06,-2.356980E-07,-1.157654E+02,-2.996330E+00
+4.331055E+02,+2.814622E-06,-2.274453E-06,-1.088289E+02,-6.796514E-01
+4.333496E+02,+2.626587E-07,+5.330706E-06,-1.054538E+02,+1.521563E+00
+4.335938E+02,-2.640600E-06,-5.066070E-06,-1.048628E+02,-2.051285E+00
+4.338379E+02,+3.601623E-07,+2.095242E-06,-1.134489E+02,+1.400565E+00
+4.340820E+02,+2.434066E-06,-1.433779E-06,-1.109798E+02,-5.323267E-01
+4.343262E+02,-1.510115E-06,+6.558560E-07,-1.156694E+02,+2.731864E+00
+4.345703E+02,-4.954484E-06,-1.682798E-06,-1.056259E+02,-2.814167E+00
+4.348145E+02,+7.615433E-06,+3.427630E-06,-1.015650E+02,+4.229287E-01
+4.350586E+02,-4.214900E-06,-5.963612E-06,-1.027303E+02,-2.186051E+00
+4.353027E+02,+1.742619E-06,+7.925259E-06,-1.018147E+02,+1.354359E+00
+4.355469E+02,-5.171037E-07,-4.943880E-06,-1.060714E+02,-1.675012E+00
+4.357910E+02,-3.551612E-07,-3.568026E-07,-1.259611E+02,-2.353889E+00
+4.360352E+02,+3.975739E-06,+4.924823E-06,-1.039728E+02,+8.916287E-01
+4.362793E+02,-8.089364E-06,-1.170469E-05,-9.693709E+01,-2.175539E+00
+4.365234E+02,+4.906505E-06,+1.388033E-05,-9.664066E+01,+1.231019E+00
+4.367676E+02,+2.752863E-06,-8.862840E-06,-1.006485E+02,-1.269637E+00
+4.370117E+02,-3.163545E-06,+6.188350E-06,-1.031602E+02,+2.043371E+00
+4.372559E+02,+3.187485E-07,-4.428976E-06,-1.070515E+02,-1.498951E+00
+4.375000E+02,+1.410339E-06,+3.478632E-06,-1.085109E+02,+1.185618E+00
+4.377441E+02,-3.192889E-06,-6.576101E-06,-1.027214E+02,-2.022800E+00
+4.379883E+02,+2.565183E-07,+8.856945E-06,-1.010507E+02,+1.541842E+00
+4.382324E+02,+1.839747E-06,-6.656911E-06,-1.032149E+02,-1.301160E+00
+4.384766E+02,+2.755338E-06,-1.990127E-06,-1.093732E+02,-6.255235E-01
+4.387207E+02,-4.572630E-06,+2.721254E-06,-1.054800E+02,+2.604771E+00
+4.389648E+02,+2.907205E-06,+4.044385E-06,-1.060539E+02,+9.475474E-01
+4.392090E+02,+1.793896E-06,-2.052047E-06,-1.112907E+02,-8.524206E-01
+4.394531E+02,+1.825990E-07,-5.387634E-06,-1.053671E+02,-1.536917E+00
+4.396973E+02,-9.952782E-06,+5.257864E-06,-9.897213E+01,+2.655577E+00
+4.399414E+02,+1.026060E-05,+1.705080E-06,-9.965824E+01,+1.646727E-01
+4.401855E+02,-1.703076E-06,-6.343202E-06,-1.036515E+02,-1.833099E+00
+4.404297E+02,-3.437215E-06,+7.075225E-06,-1.020850E+02,+2.023027E+00
+4.406738E+02,+2.851603E-06,-6.611522E-06,-1.028530E+02,-1.163595E+00
+4.409180E+02,-1.339505E-07,+3.332948E-07,-1.288932E+02,+1.952938E+00
+4.411621E+02,-2.295698E-06,+8.333395E-06,-1.012659E+02,+1.839610E+00
+4.414062E+02,-1.490980E-06,-8.013223E-06,-1.017760E+02,-1.754758E+00
+4.416504E+02,+6.240266E-06,-1.201117E-06,-1.039380E+02,-1.901530E-01
+4.418945E+02,-3.555005E-06,+2.121727E-06,-1.076600E+02,+2.603509E+00
+4.421387E+02,+3.343270E-06,+6.341548E-06,-1.028910E+02,+1.085626E+00
+4.423828E+02,-5.146986E-06,-3.486116E-06,-1.041291E+02,-2.546256E+00
+4.426270E+02,+2.565585E-06,-4.808712E-06,-1.052716E+02,-1.080687E+00
+4.428711E+02,+1.090673E-06,+2.725538E-06,-1.106459E+02,+1.190145E+00
+4.431152E+02,-2.133053E-06,+8.046585E-08,-1.134138E+02,+3.103887E+00
+4.433594E+02,-5.967755E-07,+5.064231E-07,-1.221282E+02,+2.437912E+00
+4.436035E+02,+1.422701E-06,-7.186354E-08,-1.169267E+02,-5.046914E-02
+4.438477E+02,+2.235830E-06,-3.462751E-06,-1.076982E+02,-9.974638E-01
+4.440918E+02,-5.667340E-06,+5.026179E-06,-1.024123E+02,+2.416081E+00
+4.443359E+02,+8.561346E-06,-2.967613E-06,-1.008564E+02,-3.336687E-01
+4.445801E+02,-7.289103E-06,+5.661155E-07,-1.027204E+02,+3.064082E+00
+4.448242E+02,-3.268913E-06,-2.655844E-06,-1.075106E+02,-2.459303E+00
+4.450684E+02,+7.062510E-06,+2.802724E-06,-1.023857E+02,+3.777838E-01
+4.453125E+02,-3.179120E-06,+3.572787E-06,-1.064070E+02,+2.297956E+00
+4.455566E+02,+2.668208E-06,-5.041030E-06,-1.048770E+02,-1.083986E+00
+4.458008E+02,+9.213587E-07,+3.106056E-06,-1.097896E+02,+1.282431E+00
+4.460449E+02,-3.978495E-06,-5.165829E-06,-1.037147E+02,-2.227073E+00
+4.462891E+02,-4.781509E-06,+1.999534E-06,-1.057088E+02,+2.745512E+00
+4.465332E+02,+1.150029E-05,+2.325013E-06,-9.861185E+01,+1.994812E-01
+4.467773E+02,-8.335356E-06,-1.294885E-06,-1.014780E+02,-2.987476E+00
+4.470215E+02,+6.920737E-06,-6.405769E-07,-1.031599E+02,-9.229609E-02
+4.472656E+02,-5.291778E-06,-2.155918E-06,-1.048611E+02,-2.754715E+00
+4.475098E+02,+7.135118E-07,+6.228258E-06,-1.040560E+02,+1.456733E+00
+4.477539E+02,-1.412485E-06,-7.738033E-07,-1.158605E+02,-2.640416E+00
+4.479980E+02,+6.495149E-06,-7.327710E-06,-1.001826E+02,-8.455562E-01
+4.482422E+02,-6.244141E-06,+6.024432E-06,-1.012330E+02,+2.374101E+00
+4.484863E+02,-8.980324E-07,-2.403695E-06,-1.118150E+02,-1.928343E+00
+4.487305E+02,+2.547635E-06,+3.386150E-06,-1.074578E+02,+9.257805E-01
+4.489746E+02,+7.718546E-07,-5.881742E-06,-1.045357E+02,-1.440313E+00
+4.492188E+02,-3.323513E-07,+6.692183E-06,-1.034779E+02,+1.620418E+00
+4.494629E+02,-3.286226E-06,-7.557710E-06,-1.016801E+02,-1.980953E+00
+4.497070E+02,+2.860493E-06,+5.839704E-06,-1.037382E+02,+1.115314E+00
+4.499512E+02,-2.128072E-06,-7.950304E-07,-1.128729E+02,-2.784057E+00
+4.501953E+02,+2.425761E-06,+2.117915E-07,-1.122701E+02,+8.708849E-02
+4.504395E+02,-1.709758E-06,-1.692730E-07,-1.152990E+02,-3.042910E+00
+4.506836E+02,+1.722939E-06,-5.410376E-06,-1.049160E+02,-1.262499E+00
+4.509277E+02,-8.708203E-07,+1.133684E-05,-9.888461E+01,+1.647459E+00
+4.511719E+02,-3.879900E-06,-1.163118E-05,-9.822931E+01,-1.892766E+00
+4.514160E+02,+2.337315E-06,+6.608559E-06,-1.030860E+02,+1.230847E+00
+4.516602E+02,+5.980818E-06,-1.409926E-06,-1.042299E+02,-2.315144E-01
+4.519043E+02,-9.119180E-06,+1.091860E-06,-1.007391E+02,+3.022428E+00
+4.521484E+02,+6.279881E-06,-1.024051E-06,-1.039270E+02,-1.616458E-01
+4.523926E+02,-7.357770E-07,-4.594954E-06,-1.066444E+02,-1.729576E+00
+4.526367E+02,-2.455680E-06,+7.240461E-06,-1.023318E+02,+1.897782E+00
+4.528809E+02,+1.095984E-06,-1.364923E-06,-1.151368E+02,-8.942506E-01
+4.531250E+02,-3.542980E-06,-4.234841E-06,-1.051589E+02,-2.267475E+00
+4.533691E+02,+8.444547E-07,+6.203218E-06,-1.040679E+02,+1.435496E+00
+4.536133E+02,+1.145857E-05,-6.042323E-06,-9.775185E+01,-4.852631E-01
+4.538574E+02,-1.562910E-05,+3.748088E-06,-9.587846E+01,+2.906223E+00
+4.541016E+02,+8.050352E-06,+2.175336E-06,-1.015776E+02,+2.639134E-01
+4.543457E+02,+3.611942E-07,-3.971859E-06,-1.079844E+02,-1.480107E+00
+4.545898E+02,-4.571007E-06,-2.181635E-06,-1.059085E+02,-2.696288E+00
+4.548340E+02,-4.235829E-06,+8.439180E-06,-1.004982E+02,+2.035982E+00
+4.550781E+02,+1.323686E-05,-9.236320E-06,-9.584152E+01,-6.092297E-01
+4.553223E+02,-4.389990E-06,+5.154220E-06,-1.033877E+02,+2.276292E+00
+4.555664E+02,-6.051836E-06,+3.513215E-06,-1.031009E+02,+2.615619E+00
+4.558105E+02,+8.547599E-06,-6.033793E-06,-9.960712E+01,-6.146781E-01
+4.560547E+02,-8.344169E-06,-2.472728E-06,-1.012068E+02,-2.853495E+00
+4.562988E+02,-4.683796E-07,+2.991573E-06,-1.103768E+02,+1.726102E+00
+4.565430E+02,+4.407775E-06,+9.143362E-06,-9.987038E+01,+1.121592E+00
+4.567871E+02,+4.933330E-06,-1.170787E-05,-9.792065E+01,-1.172005E+00
+4.570312E+02,-5.114755E-06,+5.118882E-06,-1.028097E+02,+2.355791E+00
+4.572754E+02,+1.192922E-06,+7.789310E-07,-1.169255E+02,+5.784538E-01
+4.575195E+02,-7.053459E-06,-4.012447E-06,-1.018144E+02,-2.624383E+00
+4.577637E+02,+1.054954E-05,+3.688362E-06,-9.903448E+01,+3.363389E-01
+4.580078E+02,-7.550740E-06,-3.755560E-06,-1.014802E+02,-2.680046E+00
+4.582520E+02,+2.172951E-06,+4.185941E-07,-1.131008E+02,+1.903073E-01
+4.584961E+02,+3.519979E-06,+4.828845E-06,-1.044723E+02,+9.409049E-01
+4.587402E+02,-9.634267E-06,-4.115644E-06,-9.959565E+01,-2.737870E+00
+4.589844E+02,+1.350635E-05,+5.020799E-07,-9.738324E+01,+3.715651E-02
+4.592285E+02,-1.037414E-05,+5.461266E-06,-9.861861E+01,+2.657025E+00
+4.594727E+02,+5.102075E-06,-3.775485E-06,-1.039485E+02,-6.370639E-01
+4.597168E+02,-2.077447E-06,-2.382236E-07,-1.135927E+02,-3.027420E+00
+4.599609E+02,-2.143484E-06,-5.531194E-07,-1.130976E+02,-2.889055E+00
+4.602051E+02,+2.872891E-06,+2.837034E-06,-1.078775E+02,+7.791185E-01
+4.604492E+02,+5.221425E-06,-5.364730E-06,-1.025147E+02,-7.989343E-01
+4.606934E+02,-3.938721E-06,+3.603889E-06,-1.054513E+02,+2.400558E+00
+4.609375E+02,-1.593352E-06,-9.425162E-08,-1.159386E+02,-3.082509E+00
+4.611816E+02,-4.290853E-06,-2.080270E-06,-1.064323E+02,-2.690167E+00
+4.614258E+02,+9.980704E-06,+1.699006E-06,-9.989272E+01,+1.686127E-01
+4.616699E+02,-1.421004E-06,-2.223046E-06,-1.115732E+02,-2.139552E+00
+4.619141E+02,-8.366349E-06,+4.585502E-06,-1.004085E+02,+2.640218E+00
+4.621582E+02,+4.634316E-06,+1.462684E-06,-1.062679E+02,+3.057249E-01
+4.624023E+02,+1.758511E-06,-5.203110E-06,-1.052050E+02,-1.244876E+00
+4.626465E+02,-6.067072E-06,+4.241895E-06,-1.026120E+02,+2.531426E+00
+4.628906E+02,+1.049338E-05,-5.364764E-06,-9.857323E+01,-4.726087E-01
+4.631348E+02,-6.395053E-06,+1.997607E-06,-1.034788E+02,+2.838829E+00
+4.633789E+02,+2.277274E-07,+3.047827E-06,-1.102960E+02,+1.496217E+00
+4.636230E+02,-1.355880E-06,-3.002360E-06,-1.096447E+02,-1.994984E+00
+4.638672E+02,+2.018258E-06,-8.237841E-07,-1.132312E+02,-3.875262E-01
+4.641113E+02,+8.951376E-07,+3.312381E-06,-1.092911E+02,+1.306861E+00
+4.643555E+02,-4.041985E-06,-2.636156E-06,-1.063289E+02,-2.563677E+00
+4.645996E+02,+5.678447E-06,+4.577467E-06,-1.027411E+02,+6.784570E-01
+4.648438E+02,-2.955425E-06,-7.900385E-06,-1.014782E+02,-1.928766E+00
+4.650879E+02,-3.526980E-06,+1.161741E-05,-9.831491E+01,+1.865547E+00
+4.653320E+02,+1.205778E-05,-1.270771E-05,-9.513037E+01,-8.116356E-01
+4.655762E+02,-1.008770E-05,+4.900704E-06,-9.900394E+01,+2.689362E+00
+4.658203E+02,-3.692818E-07,-1.323146E-06,-1.172421E+02,-1.842964E+00
+4.660645E+02,+6.840796E-06,+2.776139E-06,-1.026358E+02,+3.855145E-01
+4.663086E+02,-2.779591E-06,+1.708239E-06,-1.097289E+02,+2.590532E+00
+4.665527E+02,-7.724721E-06,-6.010975E-06,-1.001862E+02,-2.480319E+00
+4.667969E+02,+1.156477E-05,+5.664387E-06,-9.780339E+01,+4.554518E-01
+4.670410E+02,-4.758005E-06,-4.956589E-06,-1.032600E+02,-2.335756E+00
+4.672852E+02,-1.998922E-06,+1.794902E-06,-1.114162E+02,+2.409920E+00
+4.675293E+02,+6.838429E-06,+1.024118E-06,-1.032045E+02,+1.486544E-01
+4.677734E+02,-8.000170E-06,-4.057937E-06,-1.009437E+02,-2.672177E+00
+4.680176E+02,+4.598255E-06,+7.187565E-06,-1.013784E+02,+1.001660E+00
+4.682617E+02,-3.400771E-06,-5.695017E-06,-1.035656E+02,-2.109117E+00
+4.685059E+02,+5.349545E-06,+7.195938E-06,-1.009475E+02,+9.315250E-01
+4.687500E+02,-2.722945E-06,-9.104733E-06,-1.004426E+02,-1.861399E+00
+4.689941E+02,-2.395899E-06,+2.892386E-06,-1.085059E+02,+2.262585E+00
+4.692383E+02,+4.000568E-06,+2.096068E-06,-1.069041E+02,+4.826178E-01
+4.694824E+02,-2.641844E-06,-4.911216E-06,-1.050725E+02,-2.064318E+00
+4.697266E+02,-3.197759E-06,+2.985169E-06,-1.071813E+02,+2.390564E+00
+4.699707E+02,+7.128947E-06,+3.769224E-06,-1.018689E+02,+4.863595E-01
+4.702148E+02,-5.950506E-06,-2.220785E-06,-1.039426E+02,-2.784393E+00
+4.704590E+02,+1.064240E-05,-3.074388E-06,-9.911111E+01,-2.812250E-01
+4.707031E+02,-1.132897E-05,+2.902028E-06,-9.864017E+01,+2.890825E+00
+4.709473E+02,-3.070228E-07,-1.800964E-06,-1.147655E+02,-1.739650E+00
+4.711914E+02,+1.042146E-05,+1.300034E-06,-9.957436E+01,+1.241048E-01
+4.714355E+02,-9.662326E-06,-6.169381E-06,-9.881332E+01,-2.573345E+00
+4.716797E+02,+2.946849E-06,+1.201425E-05,-9.815234E+01,+1.330265E+00
+4.719238E+02,-1.199867E-06,-7.792138E-06,-1.020651E+02,-1.723581E+00
+4.721680E+02,-7.452386E-07,-2.189642E-06,-1.127165E+02,-1.898846E+00
+4.724121E+02,+7.271704E-06,+7.287652E-06,-9.974745E+01,+7.864935E-01
+4.726562E+02,-7.266580E-06,-8.195560E-06,-9.920926E+01,-2.296186E+00
+4.729004E+02,+4.832192E-06,+7.086354E-06,-1.013332E+02,+9.723209E-01
+4.731445E+02,-6.437926E-06,-7.577113E-06,-1.000498E+02,-2.275090E+00
+4.733887E+02,+5.497235E-06,+6.229251E-06,-1.016100E+02,+8.477414E-01
+4.736328E+02,+2.541271E-06,-4.043512E-06,-1.064191E+02,-1.009698E+00
+4.738770E+02,-1.147520E-05,+7.297715E-06,-9.732976E+01,+2.575154E+00
+4.741211E+02,+5.951955E-06,-8.995044E-06,-9.934284E+01,-9.862451E-01
+4.743652E+02,+3.723572E-06,+2.119259E-06,-1.073622E+02,+5.174243E-01
+4.746094E+02,-6.151595E-07,+2.248006E-06,-1.126504E+02,+1.837904E+00
+4.748535E+02,-3.671504E-06,-3.753812E-06,-1.055955E+02,-2.345110E+00
+4.750977E+02,+3.764894E-06,+5.751993E-06,-1.032551E+02,+9.912381E-01
+4.753418E+02,-6.103383E-06,-4.006373E-06,-1.027325E+02,-2.560719E+00
+4.755859E+02,+7.350124E-06,-1.400788E-06,-1.025192E+02,-1.883219E-01
+4.758301E+02,-3.407502E-06,+6.558080E-06,-1.026265E+02,+2.049992E+00
+4.760742E+02,+3.973667E-07,-8.702503E-06,-1.011981E+02,-1.525167E+00
+4.763184E+02,-2.600003E-07,+6.047029E-06,-1.043611E+02,+1.613766E+00
+4.765625E+02,-5.725884E-06,-2.726206E-06,-1.039558E+02,-2.697231E+00
+4.768066E+02,+1.169283E-05,-3.537669E-06,-9.826122E+01,-2.937950E-01
+4.770508E+02,-9.351640E-06,+6.630597E-06,-9.881345E+01,+2.524832E+00
+4.772949E+02,+2.159725E-06,-9.369870E-07,-1.125631E+02,-4.093390E-01
+4.775391E+02,-1.680694E-06,+1.182083E-06,-1.137448E+02,+2.528635E+00
+4.777832E+02,-8.862474E-07,-3.341731E-06,-1.092254E+02,-1.830035E+00
+4.780273E+02,+7.531859E-06,-5.771265E-06,-1.004558E+02,-6.538184E-01
+4.782715E+02,-6.208244E-06,+9.328644E-06,-9.901128E+01,+2.157993E+00
+4.785156E+02,+2.684382E-06,-2.749268E-06,-1.083078E+02,-7.973390E-01
+4.787598E+02,-3.121655E-06,-2.908479E-06,-1.073983E+02,-2.391531E+00
+4.790039E+02,+5.111008E-06,+8.316404E-06,-1.002097E+02,+1.019733E+00
+4.792480E+02,-3.894379E-06,-6.685777E-06,-1.022282E+02,-2.098239E+00
+4.794922E+02,+4.166521E-06,-1.276796E-06,-1.072147E+02,-2.973560E-01
+4.797363E+02,-5.148207E-06,+1.496447E-06,-1.054146E+02,+2.858714E+00
+4.799805E+02,-6.557936E-07,+3.254658E-06,-1.095771E+02,+1.769628E+00
+4.802246E+02,+2.716374E-06,-2.199115E-06,-1.091311E+02,-6.805536E-01
+4.804688E+02,-1.122361E-06,-7.929187E-07,-1.172390E+02,-2.526535E+00
+4.807129E+02,-4.120919E-07,+1.481978E-07,-1.271719E+02,+2.796371E+00
+4.809570E+02,+1.614689E-06,+7.104922E-07,-1.150696E+02,+4.145218E-01
+4.812012E+02,-9.833764E-07,-4.886462E-06,-1.060477E+02,-1.769389E+00
+4.814453E+02,-1.961760E-06,+8.701565E-06,-1.009927E+02,+1.792538E+00
+4.816895E+02,-3.650535E-06,-1.006930E-05,-9.940372E+01,-1.918599E+00
+4.819336E+02,+3.655265E-06,+1.031936E-05,-9.921361E+01,+1.230372E+00
+4.821777E+02,+2.648547E-06,-3.422342E-06,-1.072753E+02,-9.121745E-01
+4.824219E+02,+2.137886E-06,-2.539493E-06,-1.095784E+02,-8.710497E-01
+4.826660E+02,-5.311064E-06,+4.080421E-06,-1.034817E+02,+2.486490E+00
+4.829102E+02,+1.540189E-06,-2.525387E-06,-1.105800E+02,-1.023142E+00
+4.831543E+02,+2.343159E-06,+2.619319E-06,-1.090829E+02,+8.409904E-01
+4.833984E+02,-4.947167E-06,-6.737543E-06,-1.015572E+02,-2.204153E+00
+4.836426E+02,+7.248277E-06,+7.293915E-06,-9.975766E+01,+7.885365E-01
+4.838867E+02,-6.811319E-06,-3.175789E-07,-1.033260E+02,-3.095001E+00
+4.841309E+02,-2.865105E-07,-3.951621E-06,-1.080417E+02,-1.643174E+00
+4.843750E+02,+3.623759E-06,+2.615153E-06,-1.069961E+02,+6.251212E-01
+4.846191E+02,-2.038905E-06,-1.702271E-06,-1.115151E+02,-2.445934E+00
+4.848633E+02,-1.572292E-06,+4.268854E-06,-1.068413E+02,+1.923695E+00
+4.851074E+02,+6.238470E-06,-6.965328E-06,-1.005832E+02,-8.403919E-01
+4.853516E+02,-6.724277E-07,+4.425177E-06,-1.069823E+02,+1.721598E+00
+4.855957E+02,-1.129201E-05,-3.711950E-06,-9.849895E+01,-2.823997E+00
+4.858398E+02,+9.290427E-06,+1.083056E-05,-9.691194E+01,+8.617929E-01
+4.860840E+02,-1.900222E-07,-1.156848E-05,-9.873331E+01,-1.587221E+00
+4.863281E+02,+2.001837E-06,+5.639999E-06,-1.044591E+02,+1.229731E+00
+4.865723E+02,-8.079429E-06,-5.087331E-06,-1.004021E+02,-2.579646E+00
+4.868164E+02,+9.333317E-06,+6.507505E-06,-9.887870E+01,+6.088671E-01
+4.870605E+02,-7.721858E-06,+2.053150E-06,-1.019489E+02,+2.881717E+00
+4.873047E+02,+2.735166E-06,-1.010520E-05,-9.960205E+01,-1.306461E+00
+4.875488E+02,+5.738189E-07,+8.246366E-06,-1.016538E+02,+1.501324E+00
+4.877930E+02,+4.373771E-06,-4.054961E-06,-1.044888E+02,-7.475920E-01
+4.880371E+02,-6.392787E-06,+4.986821E-06,-1.018220E+02,+2.479123E+00
+4.882812E+02,-1.888180E-06,-4.588604E-06,-1.060870E+02,-1.961171E+00
+4.885254E+02,+5.522981E-06,+1.629121E-06,-1.047942E+02,+2.868371E-01
+4.887695E+02,-2.373755E-07,-2.552249E-06,-1.118241E+02,-1.663536E+00
+4.890137E+02,-2.143676E-07,+2.140519E-06,-1.133463E+02,+1.670611E+00
+4.892578E+02,-5.887288E-06,+2.458460E-06,-1.039036E+02,+2.746017E+00
+4.895020E+02,+8.554950E-06,-3.675825E-06,-1.006199E+02,-4.058215E-01
+4.897461E+02,-5.818038E-06,-1.382480E-06,-1.044659E+02,-2.908299E+00
+4.899902E+02,-1.992182E-07,+9.526810E-06,-1.004192E+02,+1.591705E+00
+4.902344E+02,+4.937420E-06,-8.317289E-06,-1.002893E+02,-1.035071E+00
+4.904785E+02,-5.230084E-08,+2.496117E-06,-1.120528E+02,+1.591746E+00
+4.907227E+02,-6.425576E-06,-5.398116E-08,-1.038415E+02,-3.133192E+00
+4.909668E+02,+7.135690E-06,-2.335731E-07,-1.029266E+02,-3.272139E-02
+4.912109E+02,-3.496455E-06,-1.173970E-06,-1.086635E+02,-2.817660E+00
+4.914551E+02,-1.427670E-06,+6.066855E-06,-1.041067E+02,+1.801914E+00
+4.916992E+02,+3.254440E-06,-6.661044E-06,-1.025995E+02,-1.116328E+00
+4.919434E+02,+1.362056E-07,+5.967017E-07,-1.242643E+02,+1.346377E+00
+4.921875E+02,-1.738765E-06,+2.786608E-06,-1.096704E+02,+2.128656E+00
+4.924316E+02,+2.441214E-06,-2.042122E-06,-1.099440E+02,-6.966154E-01
+4.926758E+02,-8.975623E-07,-3.269821E-06,-1.093940E+02,-1.838697E+00
+4.929199E+02,-2.268843E-06,+5.639410E-06,-1.043238E+02,+1.953300E+00
+4.931641E+02,+5.329513E-07,+3.571846E-06,-1.088465E+02,+1.422680E+00
+4.934082E+02,+4.175286E-06,-7.870454E-06,-1.010030E+02,-1.083047E+00
+4.936523E+02,-8.290996E-06,+4.493602E-07,-1.016151E+02,+3.087447E+00
+4.938965E+02,+7.364250E-06,+5.254066E-06,-1.008705E+02,+6.196996E-01
+4.941406E+02,+5.248090E-07,-1.820529E-06,-1.144494E+02,-1.290133E+00
+4.943848E+02,-1.864349E-06,-1.892763E-06,-1.115130E+02,-2.348632E+00
+4.946289E+02,-1.313017E-06,+1.393417E-06,-1.143585E+02,+2.326496E+00
+4.948730E+02,+1.826423E-06,-2.427197E-06,-1.103493E+02,-9.257084E-01
+4.951172E+02,-5.303656E-06,+3.282371E-06,-1.041002E+02,+2.587400E+00
+4.953613E+02,+7.994119E-06,-2.467641E-06,-1.015493E+02,-2.994029E-01
+4.956055E+02,+4.325241E-06,+2.653004E-06,-1.058929E+02,+5.501976E-01
+4.958496E+02,-1.494133E-05,+9.321036E-07,-9.649535E+01,+3.079289E+00
+4.960938E+02,+1.035575E-05,-3.394130E-06,-9.925323E+01,-3.167199E-01
+4.963379E+02,+8.262087E-07,-2.865931E-06,-1.105080E+02,-1.290120E+00
+4.965820E+02,-5.576886E-06,+1.892147E-06,-1.045990E+02,+2.814496E+00
+4.968262E+02,+4.009525E-06,+5.280895E-06,-1.035690E+02,+9.214008E-01
+4.970703E+02,+9.433290E-07,-1.458668E-06,-1.152034E+02,-9.967403E-01
+4.973145E+02,-7.103547E-06,-4.240258E-06,-1.016469E+02,-2.603440E+00
+4.975586E+02,+8.164664E-06,+6.205376E-06,-9.978115E+01,+6.498884E-01
+4.978027E+02,-2.262845E-06,-7.629411E-06,-1.019840E+02,-1.859126E+00
+4.980469E+02,-3.378431E-06,+5.651590E-06,-1.036297E+02,+2.109585E+00
+4.982910E+02,+6.529529E-06,-1.169493E-05,-9.746162E+01,-1.061587E+00
+4.985352E+02,-9.818026E-06,+1.439835E-05,-9.517547E+01,+2.169261E+00
+4.987793E+02,+1.053892E-05,-3.826373E-06,-9.900631E+01,-3.482714E-01
+4.990234E+02,-4.084249E-06,-2.339283E-06,-1.065456E+02,-2.621446E+00
+4.992676E+02,+2.977457E-06,-2.047665E-06,-1.088412E+02,-6.024387E-01
+4.995117E+02,-8.771601E-06,+3.673021E-06,-1.004368E+02,+2.745036E+00
+4.997559E+02,+7.345698E-06,-9.635781E-07,-1.026052E+02,-1.304311E-01
+5.000000E+02,-3.465039E-06,-3.098298E-07,-1.091713E+02,-3.052414E+00
+5.002441E+02,+5.144032E-06,-2.183550E-07,-1.057661E+02,-4.242275E-02
+5.004883E+02,-7.844925E-06,-2.434217E-07,-1.021040E+02,-3.110573E+00
+5.007324E+02,+5.269070E-06,+4.791362E-06,-1.029482E+02,+7.379499E-01
+5.009766E+02,+2.668169E-06,-1.486730E-05,-9.641769E+01,-1.393221E+00
+5.012207E+02,-5.340703E-06,+1.691239E-05,-9.502308E+01,+1.876672E+00
+5.014648E+02,+2.246717E-06,-7.290024E-06,-1.023513E+02,-1.271842E+00
+5.017090E+02,-2.175048E-06,-1.978165E-06,-1.106329E+02,-2.403564E+00
+5.019531E+02,+8.617245E-07,-1.449135E-06,-1.154629E+02,-1.034322E+00
+5.021973E+02,+4.616488E-06,+4.899077E-06,-1.034378E+02,+8.150871E-01
+5.024414E+02,-1.534820E-06,+8.668091E-07,-1.150765E+02,+2.627486E+00
+5.026855E+02,-9.583910E-06,-2.566221E-06,-1.000684E+02,-2.879966E+00
+5.029297E+02,+1.266972E-05,+2.117809E-07,-9.794344E+01,+1.671396E-02
+5.031738E+02,-1.143667E-05,-4.136409E-06,-9.830010E+01,-2.794551E+00
+5.034180E+02,+9.657301E-06,+7.164094E-06,-9.839868E+01,+6.382530E-01
+5.036621E+02,-9.681966E-07,-1.416932E-06,-1.153090E+02,-2.170229E+00
+5.039062E+02,-5.483431E-06,-4.637665E-06,-1.028755E+02,-2.439565E+00
+5.041504E+02,+5.198772E-06,+9.580329E-09,-1.056820E+02,+1.842804E-03
+5.043945E+02,-7.047940E-06,-7.027811E-07,-1.029958E+02,-3.042207E+00
+5.046387E+02,+7.240366E-06,+7.018248E-06,-9.992770E+01,+7.698216E-01
+5.048828E+02,-5.326318E-06,-8.317989E-06,-1.001073E+02,-2.140349E+00
+5.051270E+02,+1.931277E-06,+3.122381E-06,-1.087034E+02,+1.016865E+00
+5.053711E+02,+2.792239E-06,+1.876495E-06,-1.094624E+02,+5.917130E-01
+5.056152E+02,+1.665738E-07,+1.641350E-06,-1.156515E+02,+1.469657E+00
+5.058594E+02,-6.705262E-06,-4.075373E-06,-1.021064E+02,-2.595467E+00
+5.061035E+02,+3.813853E-06,-1.054088E-06,-1.080530E+02,-2.696526E-01
+5.063477E+02,+2.647001E-06,-3.327953E-07,-1.114768E+02,-1.250692E-01
+5.065918E+02,-4.391230E-06,+6.263508E-06,-1.023274E+02,+2.182248E+00
+5.068359E+02,+2.525405E-06,-3.291143E-06,-1.076424E+02,-9.162936E-01
+5.070801E+02,+7.133617E-07,+5.091907E-07,-1.211455E+02,+6.199214E-01
+5.073242E+02,-4.247381E-06,-1.658686E-06,-1.068211E+02,-2.769285E+00
+5.075684E+02,+1.247369E-07,+2.180572E-06,-1.132144E+02,+1.513655E+00
+5.078125E+02,+3.139037E-06,-3.591538E-06,-1.064297E+02,-8.525278E-01
+5.080566E+02,+1.461192E-06,-2.775919E-06,-1.100697E+02,-1.086267E+00
+5.083008E+02,-1.617713E-06,+4.524193E-06,-1.063666E+02,+1.914199E+00
+5.085449E+02,-2.617873E-06,+2.190942E-06,-1.093354E+02,+2.444743E+00
+5.087891E+02,+2.905141E-06,+2.842550E-07,-1.106953E+02,+9.753501E-02
+5.090332E+02,-4.985209E-06,-5.616617E-06,-1.024873E+02,-2.296708E+00
+5.092773E+02,+3.905206E-06,+6.654568E-06,-1.022524E+02,+1.040105E+00
+5.095215E+02,+5.161117E-06,-7.907714E-06,-1.004979E+02,-9.925474E-01
+5.097656E+02,-4.424185E-06,+5.921836E-06,-1.026248E+02,+2.212437E+00
+5.100098E+02,-4.288311E-06,-1.081944E-06,-1.070863E+02,-2.894450E+00
+5.102539E+02,+7.051223E-06,-4.206448E-06,-1.017125E+02,-5.378832E-01
+5.104980E+02,-8.588848E-06,+3.814689E-06,-1.005394E+02,+2.723619E+00
+5.107422E+02,+6.141316E-06,-5.447986E-07,-1.042007E+02,-8.847880E-02
+5.109863E+02,-2.429215E-06,+3.904521E-06,-1.067477E+02,+2.127347E+00
+5.112305E+02,+1.492551E-07,-5.261975E-06,-1.055735E+02,-1.542439E+00
+5.114746E+02,-1.470746E-06,+6.357496E-08,-1.166411E+02,+3.098393E+00
+5.117188E+02,+6.033556E-06,+1.497829E-06,-1.041288E+02,+2.433307E-01
+5.119629E+02,-1.017060E-05,-1.956708E-06,-9.969522E+01,-2.951526E+00
+5.122070E+02,+1.019199E-05,-5.850811E-07,-9.982053E+01,-5.734304E-02
+5.124512E+02,-8.568569E-06,+4.455143E-06,-1.003026E+02,+2.662120E+00
+5.126953E+02,+2.446656E-06,-1.996970E-06,-1.100113E+02,-6.845436E-01
+5.129395E+02,-5.854329E-07,-8.466532E-07,-1.197488E+02,-2.175773E+00
+5.131836E+02,+2.837611E-06,-1.736468E-06,-1.095596E+02,-5.491580E-01
+5.134277E+02,-5.015649E-06,-6.217943E-07,-1.059272E+02,-3.018251E+00
+5.136719E+02,+1.975624E-06,+8.268621E-06,-1.014102E+02,+1.336263E+00
+5.139160E+02,+5.250205E-06,-4.300881E-06,-1.033665E+02,-6.863293E-01
+5.141602E+02,-7.287539E-06,-5.729696E-06,-1.006582E+02,-2.475303E+00
+5.144043E+02,+1.437649E-06,+5.062754E-06,-1.055755E+02,+1.294114E+00
+5.146484E+02,+1.725347E-06,+7.260601E-07,-1.145544E+02,+3.983247E-01
+5.148926E+02,-3.599572E-06,+9.792935E-07,-1.085649E+02,+2.875963E+00
+5.151367E+02,+7.739110E-06,-5.025612E-06,-1.006981E+02,-5.759383E-01
+5.153809E+02,-5.145056E-06,+2.775289E-06,-1.046631E+02,+2.646917E+00
+5.156250E+02,-4.929476E-06,+4.158414E-07,-1.061132E+02,+3.057434E+00
+5.158691E+02,+2.660154E-06,+4.358412E-06,-1.058382E+02,+1.022802E+00
+5.161133E+02,+2.706061E-06,-6.810742E-06,-1.026995E+02,-1.192600E+00
+5.163574E+02,-4.956449E-06,+5.908357E-06,-1.022567E+02,+2.268804E+00
+5.166016E+02,+1.013287E-06,-1.296087E-06,-1.156758E+02,-9.072489E-01
+5.168457E+02,+4.037310E-06,-1.749790E-06,-1.071306E+02,-4.089682E-01
+5.170898E+02,-5.439829E-07,+6.659104E-07,-1.213115E+02,+2.255758E+00
+5.173340E+02,-3.626523E-06,+3.106634E-06,-1.064201E+02,+2.433255E+00
+5.175781E+02,+5.968611E-06,-5.689331E-06,-1.016754E+02,-7.614465E-01
+5.178223E+02,-1.338966E-05,+5.278813E-06,-9.683717E+01,+2.766057E+00
+5.180664E+02,+1.264363E-05,-3.935925E-06,-9.756087E+01,-3.017886E-01
+5.183105E+02,-4.050993E-06,+7.420816E-06,-1.014582E+02,+2.070483E+00
+5.185547E+02,-2.402252E-06,-7.335181E-07,-1.120005E+02,-2.845238E+00
+5.187988E+02,+6.897634E-07,-6.716996E-06,-1.034109E+02,-1.468466E+00
+5.190430E+02,+3.011819E-06,+6.233338E-06,-1.031943E+02,+1.120696E+00
+5.192871E+02,-3.626488E-06,-2.152501E-06,-1.074995E+02,-2.605929E+00
+5.195312E+02,+2.735175E-06,-1.059489E-06,-1.106532E+02,-3.695600E-01
+5.197754E+02,-2.377133E-06,+9.263175E-06,-1.003878E+02,+1.821998E+00
+5.200195E+02,-2.774245E-06,-1.224024E-05,-9.802665E+01,-1.793680E+00
+5.202637E+02,+2.841299E-06,+1.334399E-05,-9.730172E+01,+1.361002E+00
+5.205078E+02,-1.043417E-06,-1.670865E-06,-1.141111E+02,-2.129019E+00
+5.207520E+02,+6.613045E-06,-7.136154E-06,-1.002385E+02,-8.234264E-01
+5.209961E+02,-1.938261E-06,+7.651566E-06,-1.020549E+02,+1.818893E+00
+5.212402E+02,+2.748040E-06,-3.633161E-06,-1.068295E+02,-9.232262E-01
+5.214844E+02,-8.413245E-06,+2.891979E-06,-1.010157E+02,+2.810504E+00
+5.217285E+02,+8.464145E-06,+1.055627E-06,-1.013813E+02,+1.240768E-01
+5.219727E+02,+2.208762E-06,+1.450365E-06,-1.115601E+02,+5.810301E-01
+5.222168E+02,-2.641466E-06,-1.087946E-05,-9.901910E+01,-1.808981E+00
+5.224609E+02,-2.175769E-06,+1.240941E-05,-9.799348E+01,+1.744364E+00
+5.227051E+02,+3.216950E-06,-6.921386E-06,-1.023467E+02,-1.135716E+00
+5.229492E+02,-4.457704E-07,+1.829296E-06,-1.145038E+02,+1.809822E+00
+5.231934E+02,+2.277302E-06,+4.299857E-06,-1.062571E+02,+1.083732E+00
+5.234375E+02,-1.795065E-06,-7.074223E-06,-1.027354E+02,-1.819299E+00
+5.236816E+02,+2.601567E-06,+6.060905E-06,-1.036148E+02,+1.165342E+00
+5.239258E+02,-2.714032E-06,-8.522995E-06,-1.009687E+02,-1.879080E+00
+5.241699E+02,+2.505667E-06,+1.063264E-05,-9.923245E+01,+1.339361E+00
+5.244141E+02,+2.093326E-06,-4.942648E-06,-1.054043E+02,-1.170177E+00
+5.246582E+02,-3.301281E-06,-8.305492E-06,-1.009756E+02,-1.949130E+00
+5.249023E+02,+6.009952E-07,+1.221139E-05,-9.825420E+01,+1.521620E+00
+5.251465E+02,+5.943303E-06,+8.064934E-08,-1.045186E+02,+1.356895E-02
+5.253906E+02,-1.581047E-07,-1.073070E-05,-9.938649E+01,-1.585529E+00
+5.256348E+02,-8.186789E-06,+1.102308E-06,-1.016597E+02,+3.007753E+00
+5.258789E+02,-4.177398E-07,+7.441756E-06,-1.025528E+02,+1.626872E+00
+5.261230E+02,+5.726242E-07,+4.417882E-06,-1.070234E+02,+1.441900E+00
+5.263672E+02,+7.377469E-06,+2.702356E-07,-1.026360E+02,+3.661348E-02
+5.266113E+02,+3.736303E-06,-7.077978E-06,-1.019343E+02,-1.085096E+00
+5.268555E+02,-2.922872E-06,+8.245519E-06,-1.011616E+02,+1.911457E+00
+5.270996E+02,-8.115266E-08,-4.452836E-06,-1.070258E+02,-1.589019E+00
+5.273438E+02,+5.060274E-06,-1.899430E-06,-1.053441E+02,-3.590871E-01
+5.275879E+02,+8.611876E-06,+3.096047E-06,-1.007702E+02,+3.451208E-01
+5.278320E+02,-1.342789E-05,-8.123908E-06,-9.608525E+01,-2.597503E+00
+5.280762E+02,+9.751958E-06,+1.105267E-05,-9.663016E+01,+8.478374E-01
+5.283203E+02,+3.831924E-06,-9.779088E-06,-9.957368E+01,-1.197336E+00
+5.285645E+02,-1.113583E-05,-4.367561E-06,-9.844414E+01,-2.767822E+00
+5.288086E+02,+1.297102E-05,+4.103219E-06,-9.732632E+01,+3.063771E-01
+5.290527E+02,+2.476079E-07,-2.024125E-08,-1.320958E+02,-8.156583E-02
+5.292969E+02,-1.872315E-06,-6.198257E-07,-1.141008E+02,-2.821901E+00
+5.295410E+02,+1.981001E-06,-1.315859E-06,-1.124750E+02,-5.863203E-01
+5.297852E+02,+8.666556E-06,-4.907513E-06,-1.000352E+02,-5.152402E-01
+5.300293E+02,-8.732382E-06,-1.746249E-06,-1.010070E+02,-2.944222E+00
+5.302734E+02,+2.111294E-05,+7.662734E-06,-9.297161E+01,+3.481559E-01
+5.305176E+02,-2.509505E-06,-2.368716E-05,-9.246127E+01,-1.676346E+00
+5.307617E+02,-2.464384E-05,+1.936840E-06,-9.213909E+01,+3.063161E+00
+5.310059E+02,+3.522971E-05,+2.054664E-05,-8.779031E+01,+5.279892E-01
+5.312500E+02,+1.838693E-05,-4.838754E-05,-8.571957E+01,-1.207655E+00
+5.314941E+02,-4.267160E-05,-2.461842E-05,-8.614943E+01,-2.618311E+00
+5.317383E+02,+1.905371E-06,+4.671018E-05,-8.660455E+01,+1.530028E+00
+5.319824E+02,+8.950627E-05,-5.392007E-05,-7.961827E+01,-5.421946E-01
+5.322266E+02,-6.631592E-05,-1.814346E-04,-7.428101E+01,-1.921220E+00
+5.324707E+02,-2.728918E-04,+1.936489E-05,-7.125838E+01,+3.070750E+00
+5.327148E+02,-6.394815E-05,+2.792767E-04,-7.085738E+01,+1.795894E+00
+5.329590E+02,+2.134021E-04,+1.128083E-04,-7.234584E+01,+4.862794E-01
+5.332031E+02,+7.968173E-05,-1.111855E-04,-7.727894E+01,-9.489794E-01
+5.334473E+02,-6.211483E-05,-1.809592E-05,-8.378230E+01,-2.858109E+00
+5.336914E+02,+6.973200E-05,+6.527922E-05,-8.039818E+01,+7.524292E-01
+5.339355E+02,+4.033540E-05,-1.929734E-04,-7.410434E+01,-1.364742E+00
+5.341797E+02,-1.441688E-04,+2.644307E-04,-7.042353E+01,+2.069950E+00
+5.344238E+02,+1.391832E-04,-2.374548E-04,-7.120579E+01,-1.040626E+00
+5.346680E+02,-1.159066E-04,+8.946708E-05,-7.668801E+01,+2.484229E+00
+5.349121E+02,+7.261750E-05,+3.159867E-05,-8.202609E+01,+4.104266E-01
+5.351562E+02,+7.397730E-06,-4.232613E-05,-8.733715E+01,-1.397765E+00
+5.354004E+02,-2.357322E-05,+7.327184E-06,-9.215109E+01,+2.840233E+00
+5.356445E+02,+1.540712E-05,+1.243234E-05,-9.406778E+01,+6.789473E-01
+5.358887E+02,+1.576034E-05,-1.861086E-05,-9.225664E+01,-8.681422E-01
+5.361328E+02,-2.316820E-05,-2.052341E-05,-9.018645E+01,-2.416654E+00
+5.363770E+02,+1.235837E-05,+3.044035E-05,-8.966840E+01,+1.185140E+00
+5.366211E+02,+3.269612E-06,-1.017162E-05,-9.942516E+01,-1.259784E+00
+5.368652E+02,+1.898752E-05,-5.861704E-06,-9.403529E+01,-2.994317E-01
+5.371094E+02,-1.140892E-05,-5.014987E-05,-8.577546E+01,-1.794486E+00
+5.373535E+02,-5.206058E-05,+2.675285E-05,-8.465210E+01,+2.666903E+00
+5.375977E+02,+5.010050E-05,+4.358710E-05,-8.355572E+01,+7.159873E-01
+5.378418E+02,+3.616928E-05,-9.156942E-05,-8.013534E+01,-1.194614E+00
+5.380859E+02,-1.146997E-04,-1.223992E-05,-7.875958E+01,-3.035282E+00
+5.383301E+02,+5.114520E-05,+9.041192E-05,-7.966973E+01,+1.055986E+00
+5.385742E+02,+1.135415E-04,-6.188051E-05,-7.776741E+01,-4.989989E-01
+5.388184E+02,-1.138470E-04,-3.093110E-04,-6.964033E+01,-1.923474E+00
+5.390625E+02,-4.928916E-04,+1.006573E-04,-6.596752E+01,+2.940145E+00
+5.393066E+02,-4.678713E-05,+6.008555E-04,-6.439835E+01,+1.648507E+00
+5.395508E+02,+5.282263E-04,+2.074558E-04,-6.492062E+01,+3.742326E-01
+5.397949E+02,+2.751188E-04,-3.366307E-04,-6.723514E+01,-8.856121E-01
+5.400391E+02,-1.501981E-04,-1.739059E-04,-7.277344E+01,-2.283176E+00
+5.402832E+02,+4.406427E-05,+5.462850E-05,-8.307511E+01,+8.920338E-01
+5.405273E+02,-6.027472E-05,-2.621720E-04,-7.140458E+01,-1.796775E+00
+5.407715E+02,-1.909885E-04,+3.560984E-04,-6.787060E+01,+2.063089E+00
+5.410156E+02,+2.672466E-04,-2.725317E-04,-6.836557E+01,-7.951891E-01
+5.412598E+02,-2.378095E-04,+9.759299E-05,-7.179945E+01,+2.752167E+00
+5.415039E+02,+1.534897E-04,+2.060602E-05,-7.620084E+01,+1.334522E-01
+5.417480E+02,-7.454521E-05,-3.461251E-05,-8.170374E+01,-2.706898E+00
+5.419922E+02,+7.374569E-06,+1.740942E-06,-1.024097E+02,+2.318293E-01
+5.422363E+02,-8.755454E-07,+1.096984E-05,-9.916841E+01,+1.650441E+00
+5.424805E+02,-6.513803E-07,-1.586854E-05,-9.598195E+01,-1.611822E+00
+5.427246E+02,-1.197663E-05,-4.230835E-07,-9.842789E+01,-3.106282E+00
+5.429688E+02,+9.864375E-06,+1.686459E-05,-9.418255E+01,+1.041542E+00
+5.432129E+02,+3.761591E-06,-8.042479E-06,-1.010330E+02,-1.133308E+00
+5.434570E+02,-1.474227E-05,-5.580691E-06,-9.604710E+01,-2.779713E+00
+5.437012E+02,-2.242964E-06,+6.552358E-06,-1.031908E+02,+1.900608E+00
+5.439453E+02,+8.202220E-06,-1.694798E-06,-1.015398E+02,-2.037593E-01
+5.441895E+02,-3.121993E-06,+1.571673E-06,-1.091304E+02,+2.675213E+00
+5.444336E+02,-3.684087E-06,+1.412571E-06,-1.080777E+02,+2.775456E+00
+5.446777E+02,+4.944347E-06,+3.545429E-06,-1.043160E+02,+6.220888E-01
+5.449219E+02,-9.443819E-07,-6.273713E-06,-1.039522E+02,-1.720204E+00
+5.451660E+02,-1.898078E-06,+1.853344E-06,-1.115258E+02,+2.368119E+00
+5.454102E+02,-4.649016E-08,+1.969357E-07,-1.338780E+02,+1.802620E+00
+5.456543E+02,+3.701624E-07,+6.098969E-06,-1.042789E+02,+1.510178E+00
+5.458984E+02,-5.832344E-06,-6.761824E-06,-1.009833E+02,-2.282526E+00
+5.461426E+02,+9.166344E-06,+1.527689E-06,-1.006371E+02,+1.651450E-01
+5.463867E+02,-1.678665E-06,+1.660725E-06,-1.125368E+02,+2.361567E+00
+5.466309E+02,+2.809794E-07,-3.260329E-06,-1.097026E+02,-1.484827E+00
+5.468750E+02,-3.240527E-06,+4.735256E-06,-1.048249E+02,+2.170935E+00
+5.471191E+02,-1.520392E-06,-4.278811E-06,-1.068572E+02,-1.912212E+00
+5.473633E+02,+5.213717E-06,-1.589743E-06,-1.052710E+02,-2.959602E-01
+5.476074E+02,-1.058260E-07,+3.495468E-06,-1.091259E+02,+1.601062E+00
+5.478516E+02,+1.011107E-06,-4.427781E-06,-1.068555E+02,-1.346291E+00
+5.480957E+02,-8.788321E-06,-6.104917E-07,-1.011010E+02,-3.072238E+00
+5.483398E+02,-1.408753E-06,+1.969004E-06,-1.123199E+02,+2.191826E+00
+5.485840E+02,+8.456385E-06,+3.161713E-06,-1.008881E+02,+3.577925E-01
+5.488281E+02,-1.959660E-06,-8.714374E-06,-1.009810E+02,-1.791993E+00
+5.490723E+02,-3.621420E-06,+9.155510E-06,-1.001351E+02,+1.947457E+00
+5.493164E+02,-5.427614E-07,-3.098950E-06,-1.100445E+02,-1.744181E+00
+5.495605E+02,+6.696245E-07,-1.541441E-06,-1.154907E+02,-1.160978E+00
+5.498047E+02,+4.847084E-06,+5.811754E-06,-1.024207E+02,+8.756565E-01
+5.500488E+02,-9.829415E-06,+2.063310E-06,-9.996217E+01,+2.934685E+00
+5.502930E+02,+7.712367E-06,-4.036182E-06,-1.012049E+02,-4.821440E-01
+5.505371E+02,-4.140291E-06,-3.122968E-06,-1.057033E+02,-2.495353E+00
+5.507812E+02,+7.703580E-07,+4.575076E-06,-1.066706E+02,+1.403980E+00
+5.510254E+02,+4.343616E-06,-1.450050E-06,-1.067841E+02,-3.222017E-01
+5.512695E+02,+3.198004E-07,-7.787754E-07,-1.214950E+02,-1.181147E+00
+5.515137E+02,-1.517392E-06,+1.634065E-06,-1.130341E+02,+2.319190E+00
+5.517578E+02,+4.834437E-07,-9.619497E-07,-1.193589E+02,-1.105098E+00
+5.520020E+02,-3.335465E-06,-3.518139E-06,-1.062888E+02,-2.329547E+00
+5.522461E+02,+8.714682E-06,+3.291206E-06,-1.006159E+02,+3.611026E-01
+5.524902E+02,-8.181989E-06,+1.974547E-06,-1.014970E+02,+2.904792E+00
+5.527344E+02,-4.526823E-06,-9.886679E-06,-9.927242E+01,-2.000176E+00
+5.529785E+02,+8.254277E-06,+7.951229E-06,-9.881553E+01,+7.667000E-01
+5.532227E+02,-3.626960E-06,-4.505372E-06,-1.047556E+02,-2.248597E+00
+5.534668E+02,-3.188638E-06,+6.149963E-06,-1.031885E+02,+2.049119E+00
+5.537109E+02,+6.799645E-06,-4.182761E-06,-1.019565E+02,-5.514805E-01
+5.539551E+02,-6.655560E-06,-8.110002E-07,-1.034723E+02,-3.020337E+00
+5.541992E+02,+1.550092E-06,+3.985880E-06,-1.073779E+02,+1.199899E+00
+5.544434E+02,+1.438516E-06,-4.105820E-06,-1.072292E+02,-1.233801E+00
+5.546875E+02,-2.376711E-06,+5.653567E-06,-1.042468E+02,+1.968757E+00
+5.549316E+02,+2.515286E-06,-5.366820E-06,-1.045433E+02,-1.132523E+00
+5.551758E+02,-4.644959E-06,-3.714504E-07,-1.066327E+02,-3.061794E+00
+5.554199E+02,+2.535477E-06,+2.645477E-06,-1.087202E+02,+8.066266E-01
+5.556641E+02,+4.228350E-06,+3.124161E-06,-1.055847E+02,+6.363337E-01
+5.559082E+02,-1.917100E-06,-6.670948E-06,-1.031716E+02,-1.850636E+00
+5.561523E+02,-5.567148E-06,+5.145267E-06,-1.024058E+02,+2.395557E+00
+5.563965E+02,-7.242047E-07,-7.359678E-07,-1.197219E+02,-2.348139E+00
+5.566406E+02,+1.227138E-05,-4.327252E-06,-9.771313E+01,-3.390155E-01
+5.568848E+02,-1.497482E-05,+8.411533E-06,-9.530179E+01,+2.629802E+00
+5.571289E+02,+1.201011E-05,-4.444176E-06,-9.785173E+01,-3.544118E-01
+5.573730E+02,-5.069501E-06,-3.642730E-06,-1.040928E+02,-2.518520E+00
+5.576172E+02,-3.469255E-06,+5.557301E-06,-1.036735E+02,+2.128870E+00
+5.578613E+02,+8.100550E-06,-1.629835E-06,-1.016574E+02,-1.985496E-01
+5.581055E+02,-6.140206E-06,+4.755252E-06,-1.021958E+02,+2.482629E+00
+5.583496E+02,+3.250358E-06,-6.198571E-06,-1.030992E+02,-1.087842E+00
+5.585938E+02,-8.819015E-06,+2.300107E-06,-1.008058E+02,+2.886464E+00
+5.588379E+02,+5.948130E-06,+1.650032E-06,-1.041904E+02,+2.705994E-01
+5.590820E+02,+1.229272E-06,-5.804416E-06,-1.045343E+02,-1.362098E+00
+5.593262E+02,-1.435575E-06,+3.598205E-06,-1.082368E+02,+1.950414E+00
+5.595703E+02,+3.241062E-06,+3.324458E-06,-1.066642E+02,+7.980995E-01
+5.598145E+02,-1.120866E-05,-1.896346E-06,-9.888635E+01,-2.973994E+00
+5.600586E+02,+1.101069E-05,-6.535847E-07,-9.914844E+01,-5.928952E-02
+5.603027E+02,+3.520002E-06,-2.733287E-06,-1.070199E+02,-6.602475E-01
+5.605469E+02,-8.649580E-06,+4.892647E-06,-1.000545E+02,+2.626812E+00
+5.607910E+02,+5.787612E-06,+1.275222E-06,-1.045441E+02,+2.168713E-01
+5.610352E+02,-5.419433E-08,-3.036758E-06,-1.103504E+02,-1.588641E+00
+5.612793E+02,-8.224616E-06,-2.793662E-06,-1.012235E+02,-2.814149E+00
+5.615234E+02,+5.310616E-06,+5.602033E-06,-1.022486E+02,+8.120964E-01
+5.617676E+02,+2.385822E-06,+1.591937E-06,-1.108479E+02,+5.884056E-01
+5.620117E+02,-4.167221E-06,-8.942270E-06,-1.001175E+02,-2.006887E+00
+5.622559E+02,+1.792125E-06,+9.156763E-06,-1.006019E+02,+1.377523E+00
+5.625000E+02,-1.273559E-06,-3.612681E-06,-1.083347E+02,-1.909719E+00
+5.627441E+02,+4.208999E-06,-4.867498E-07,-1.074587E+02,-1.151336E-01
+5.629883E+02,-8.391761E-06,-2.411104E-06,-1.011785E+02,-2.861811E+00
+5.632324E+02,+1.008708E-05,+1.072221E-05,-9.664111E+01,+8.159097E-01
+5.634766E+02,-3.380698E-06,-1.108746E-05,-9.871727E+01,-1.866753E+00
+5.637207E+02,-9.650385E-07,+8.579985E-06,-1.012757E+02,+1.682801E+00
+5.639648E+02,-2.064207E-07,-6.806120E-06,-1.033380E+02,-1.601116E+00
+5.642090E+02,+2.928020E-06,+1.526272E-06,-1.096246E+02,+4.805139E-01
+5.644531E+02,-1.633046E-06,-3.136416E-07,-1.155827E+02,-2.951844E+00
+5.646973E+02,-9.273701E-07,+9.212363E-07,-1.176734E+02,+2.359513E+00
+5.649414E+02,-2.449782E-06,+6.248452E-07,-1.119437E+02,+2.891856E+00
+5.651855E+02,+6.947616E-06,+2.184177E-06,-1.027540E+02,+3.045947E-01
+5.654297E+02,+3.644578E-07,-6.518877E-06,-1.037030E+02,-1.514946E+00
+5.656738E+02,-2.117018E-06,+9.108831E-06,-1.005823E+02,+1.799156E+00
+5.659180E+02,-4.895921E-06,-4.165051E-06,-1.038386E+02,-2.436682E+00
+5.661621E+02,+6.811254E-06,-1.814867E-06,-1.030376E+02,-2.604013E-01
+5.664062E+02,-3.727857E-06,-4.288203E-06,-1.049099E+02,-2.286405E+00
+5.666504E+02,+1.013333E-06,+5.676845E-06,-1.047816E+02,+1.394154E+00
+5.668945E+02,-1.246163E-07,-9.082979E-07,-1.207544E+02,-1.707143E+00
+5.671387E+02,+2.035613E-06,-1.615588E-06,-1.117045E+02,-6.708640E-01
+5.673828E+02,-5.839885E-06,+4.658095E-06,-1.025335E+02,+2.468296E+00
+5.676270E+02,+3.617344E-06,-3.512584E-06,-1.059477E+02,-7.707063E-01
+5.678711E+02,+3.881620E-06,-1.187750E-06,-1.078310E+02,-2.969462E-01
+5.681152E+02,-7.203718E-06,+3.807503E-06,-1.017789E+02,+2.655369E+00
+5.683594E+02,+9.581118E-06,-7.711697E-07,-1.003436E+02,-8.031534E-02
+5.686035E+02,-1.016855E-05,-6.152393E-06,-9.850007E+01,-2.597475E+00
+5.688477E+02,+3.921102E-06,+7.634952E-06,-1.013272E+02,+1.096350E+00
+5.690918E+02,+2.594769E-06,-2.544511E-06,-1.087918E+02,-7.756193E-01
+5.693359E+02,-1.818338E-06,-1.229380E-06,-1.131716E+02,-2.547087E+00
+5.695801E+02,-1.704122E-06,+3.761798E-07,-1.151634E+02,+2.924330E+00
+5.698242E+02,+4.595127E-06,-3.756339E-06,-1.045315E+02,-6.852978E-01
+5.700684E+02,-9.770298E-06,+5.438300E-06,-9.902972E+01,+2.633685E+00
+5.703125E+02,+1.408420E-05,+1.312752E-06,-9.698779E+01,+9.293891E-02
+5.705566E+02,-3.913994E-06,-4.225774E-06,-1.047917E+02,-2.317910E+00
+5.708008E+02,-5.259154E-06,+1.128947E-06,-1.053860E+02,+2.930138E+00
+5.710449E+02,+9.995154E-07,-1.421250E-07,-1.199173E+02,-1.412471E-01
+5.712891E+02,+2.826547E-06,-8.276244E-07,-1.106176E+02,-2.848420E-01
+5.715332E+02,-3.184096E-06,+1.254080E-07,-1.099335E+02,+3.102227E+00
+5.717773E+02,-1.573516E-06,+4.100289E-07,-1.157773E+02,+2.886680E+00
+5.720215E+02,+7.645620E-06,-2.349197E-06,-1.019399E+02,-2.981044E-01
+5.722656E+02,-4.819296E-06,+1.416435E-06,-1.059805E+02,+2.855733E+00
+5.725098E+02,+2.910737E-06,+2.157916E-06,-1.088177E+02,+6.379512E-01
+5.727539E+02,-3.840010E-06,-2.854433E-06,-1.064029E+02,-2.502367E+00
+5.729980E+02,+1.231357E-06,+6.639145E-06,-1.034109E+02,+1.387411E+00
+5.732422E+02,+8.888261E-07,-6.727705E-06,-1.033675E+02,-1.439443E+00
+5.734863E+02,-3.631757E-06,-4.292098E-06,-1.050015E+02,-2.273051E+00
+5.737305E+02,-1.173986E-06,+1.012179E-05,-9.983681E+01,+1.686266E+00
+5.739746E+02,+5.631679E-06,-3.877277E-06,-1.033023E+02,-6.029500E-01
+5.742188E+02,-1.467675E-06,+9.434872E-07,-1.151652E+02,+2.570264E+00
+5.744629E+02,+5.774404E-06,-4.274507E-06,-1.028722E+02,-6.372324E-01
+5.747070E+02,-1.217299E-05,+2.435432E-06,-9.812160E+01,+2.944131E+00
+5.749512E+02,+8.703743E-06,+1.669803E-06,-1.010489E+02,+1.895457E-01
+5.751953E+02,-3.140085E-06,+4.368379E-07,-1.099779E+02,+3.003363E+00
+5.754395E+02,-2.373704E-06,-5.529943E-06,-1.044111E+02,-1.976258E+00
+5.756836E+02,+2.395244E-06,+4.183128E-06,-1.063384E+02,+1.050770E+00
+5.759277E+02,+6.252599E-06,+9.182441E-08,-1.040779E+02,+1.468474E-02
+5.761719E+02,-7.265807E-06,-2.535893E-06,-1.022751E+02,-2.805794E+00
+5.764160E+02,+5.114400E-06,+9.293842E-07,-1.056830E+02,+1.797576E-01
+5.766602E+02,-5.899230E-06,-8.405278E-07,-1.044968E+02,-3.000064E+00
+5.769043E+02,+9.140666E-08,+7.325968E-06,-1.027020E+02,+1.558320E+00
+5.771484E+02,+1.859656E-06,-7.452091E-06,-1.022921E+02,-1.326243E+00
+5.773926E+02,-2.868781E-06,+4.109948E-06,-1.059995E+02,+2.180185E+00
+5.776367E+02,+4.469644E-06,-7.387169E-06,-1.012756E+02,-1.026668E+00
+5.778809E+02,+3.980858E-06,+8.392212E-06,-1.006411E+02,+1.127877E+00
+5.781250E+02,-9.658177E-06,-5.863715E-06,-9.893933E+01,-2.595951E+00
+5.783691E+02,+6.647060E-06,+3.867145E-06,-1.022813E+02,+5.269167E-01
+5.786133E+02,-8.528667E-06,-3.479365E-06,-1.007138E+02,-2.754242E+00
+5.788574E+02,+6.110256E-06,+5.567029E-06,-1.016541E+02,+7.389117E-01
+5.791016E+02,+3.575972E-06,-9.000084E-06,-1.002785E+02,-1.192597E+00
+5.793457E+02,-6.077266E-06,+5.437942E-06,-1.017715E+02,+2.411658E+00
+5.795898E+02,+2.224124E-06,+3.813647E-06,-1.071017E+02,+1.042820E+00
+5.798340E+02,+1.214344E-06,-6.861957E-06,-1.031371E+02,-1.395642E+00
+5.800781E+02,-9.266908E-07,+1.471543E-06,-1.151939E+02,+2.132798E+00
+5.803223E+02,-3.509434E-06,+3.305443E-06,-1.063372E+02,+2.386119E+00
+5.805664E+02,+6.054496E-06,+6.455733E-07,-1.043093E+02,+1.062257E-01
+5.808105E+02,-3.798893E-06,-2.998799E-06,-1.063033E+02,-2.473356E+00
+5.810547E+02,+3.941042E-06,-4.077177E-06,-1.049275E+02,-8.023748E-01
+5.812988E+02,-3.413670E-06,+1.055803E-05,-9.909653E+01,+1.883512E+00
+5.815430E+02,-3.591283E-06,-8.681937E-06,-1.005417E+02,-1.963014E+00
+5.817871E+02,+1.702911E-06,+6.122903E-06,-1.039373E+02,+1.299530E+00
+5.820312E+02,+5.187721E-06,-5.968071E-06,-1.020391E+02,-8.552346E-01
+5.822754E+02,+4.336399E-07,+4.256097E-06,-1.073749E+02,+1.469260E+00
+5.825195E+02,-7.242867E-06,-4.656912E-06,-1.012991E+02,-2.570179E+00
+5.827637E+02,+6.819551E-06,+2.209704E-06,-1.028913E+02,+3.133497E-01
+5.830078E+02,-3.537214E-06,-2.469931E-08,-1.090266E+02,-3.134610E+00
+5.832520E+02,+1.231507E-06,+3.867347E-06,-1.078323E+02,+1.262512E+00
+5.834961E+02,-1.968420E-06,-3.817707E-06,-1.073401E+02,-2.046848E+00
+5.837402E+02,-1.869552E-06,+9.232701E-08,-1.145547E+02,+3.092248E+00
+5.839844E+02,+7.676310E-06,+4.769437E-07,-1.022802E+02,+6.205213E-02
+5.842285E+02,-4.639177E-06,-3.280712E-07,-1.066495E+02,-3.070993E+00
+5.844727E+02,+3.152420E-06,+8.391592E-07,-1.097298E+02,+2.601622E-01
+5.847168E+02,-1.241686E-05,-1.596379E-06,-9.804857E+01,-3.013729E+00
+5.849609E+02,+1.272108E-05,+1.194361E-06,-9.787141E+01,+9.361389E-02
+5.852051E+02,-2.247067E-06,-3.967187E-07,-1.128344E+02,-2.966844E+00
+5.854492E+02,-4.961807E-06,-1.373469E-06,-1.057666E+02,-2.871546E+00
+5.856934E+02,+4.911953E-06,+1.622775E-06,-1.057250E+02,+3.190835E-01
+5.859375E+02,-4.423146E-06,+4.880018E-06,-1.036272E+02,+2.307125E+00
+5.861816E+02,+5.367339E-06,-6.648636E-06,-1.013660E+02,-8.916296E-01
+5.864258E+02,-3.402703E-06,-1.830596E-07,-1.093510E+02,-3.087846E+00
+5.866699E+02,-1.352479E-06,+3.606967E-07,-1.170790E+02,+2.880966E+00
+5.869141E+02,+3.494542E-06,+1.021334E-05,-9.933585E+01,+1.241128E+00
+5.871582E+02,+9.700267E-07,-1.489006E-05,-9.652367E+01,-1.505742E+00
+5.874023E+02,-4.307056E-06,+1.127467E-05,-9.836633E+01,+1.935700E+00
+5.876465E+02,+3.728846E-06,-9.569260E-06,-9.976851E+01,-1.199227E+00
+5.878906E+02,-3.743083E-06,+6.681078E-06,-1.023175E+02,+2.081476E+00
+5.881348E+02,+1.577988E-06,-1.488608E-06,-1.132735E+02,-7.562599E-01
+5.883789E+02,-1.800064E-06,-1.716525E-06,-1.120854E+02,-2.379946E+00
+5.886230E+02,+3.369233E-06,+2.810684E-07,-1.094193E+02,+8.322936E-02
+5.888672E+02,+8.635784E-07,+9.302984E-06,-1.005903E+02,+1.478233E+00
+5.891113E+02,+9.498237E-07,-8.748143E-06,-1.011108E+02,-1.462646E+00
+5.893555E+02,-3.634677E-06,-1.830396E-06,-1.078091E+02,-2.675075E+00
+5.895996E+02,-6.228585E-06,+5.217435E-06,-1.018034E+02,+2.444307E+00
+5.898438E+02,+1.226255E-05,-3.471381E-06,-9.789359E+01,-2.758699E-01
+5.900879E+02,-7.470049E-06,-1.287688E-06,-1.024064E+02,-2.970890E+00
+5.903320E+02,+5.786428E-06,+1.030080E-05,-9.855148E+01,+1.058980E+00
+5.905762E+02,-6.959192E-06,-1.126358E-05,-9.756222E+01,-2.124237E+00
+5.908203E+02,+2.730282E-06,+2.507755E-06,-1.086191E+02,+7.429408E-01
+5.910645E+02,+6.690330E-06,+1.181097E-06,-1.033578E+02,+1.747376E-01
+5.913086E+02,-8.241228E-06,-3.171829E-06,-1.010803E+02,-2.774194E+00
+5.915527E+02,-1.164691E-06,+8.861785E-08,-1.186507E+02,+3.065652E+00
+5.917969E+02,+8.186179E-06,+3.638960E-06,-1.009552E+02,+4.182915E-01
+5.920410E+02,-1.533445E-06,+1.840891E-06,-1.124106E+02,+2.265332E+00
+5.922852E+02,-5.532689E-06,-3.501124E-06,-1.036786E+02,-2.577399E+00
+5.925293E+02,+1.422565E-06,-3.680621E-08,-1.169357E+02,-2.586736E-02
+5.927734E+02,-1.749053E-06,+2.281007E-06,-1.108290E+02,+2.224957E+00
+5.930176E+02,+5.590794E-06,-6.644661E-06,-1.012258E+02,-8.713183E-01
+5.932617E+02,-3.303554E-06,+3.904631E-06,-1.058237E+02,+2.272999E+00
+5.935059E+02,+5.739998E-06,-6.958775E-08,-1.048211E+02,-1.212271E-02
+5.937500E+02,-1.526901E-05,+5.098928E-06,-9.586463E+01,+2.819296E+00
+5.939941E+02,+1.631599E-05,-6.105106E-06,-9.517864E+01,-3.580509E-01
+5.942383E+02,-1.233321E-05,+3.444653E-06,-9.785226E+01,+2.869234E+00
+5.944824E+02,+7.203420E-06,-1.733367E-06,-1.026048E+02,-2.361417E-01
+5.947266E+02,-2.406500E-06,-6.001665E-06,-1.037871E+02,-1.952140E+00
+5.949707E+02,+6.814707E-08,+1.379970E-05,-9.720250E+01,+1.565858E+00
+5.952148E+02,+4.451951E-06,-6.948610E-06,-1.016683E+02,-1.000989E+00
+5.954590E+02,-8.132868E-06,-6.731107E-06,-9.952915E+01,-2.450222E+00
+5.957031E+02,+8.209317E-06,+7.470678E-06,-9.909375E+01,+7.383259E-01
+5.959473E+02,-4.630221E-06,-3.992308E-06,-1.042739E+02,-2.430042E+00
+5.961914E+02,+1.671109E-06,+9.354242E-06,-1.004434E+02,+1.394014E+00
+5.964355E+02,-1.483563E-06,-1.065922E-05,-9.936217E+01,-1.709089E+00
+5.966797E+02,-3.738321E-06,+1.999899E-06,-1.074534E+02,+2.650360E+00
+5.969238E+02,+4.326188E-06,+9.659278E-06,-9.950714E+01,+1.149708E+00
+5.971680E+02,-3.265674E-06,-7.645537E-06,-1.016040E+02,-1.974474E+00
+5.974121E+02,+8.426164E-06,+5.777459E-07,-1.014670E+02,+6.845856E-02
+5.976562E+02,-1.010642E-05,+1.871086E-06,-9.976169E+01,+2.958527E+00
+5.979004E+02,+4.882783E-06,+2.333945E-06,-1.053330E+02,+4.458890E-01
+5.981445E+02,+8.853209E-06,-1.027348E-05,-9.735362E+01,-8.595181E-01
+5.983887E+02,-1.577196E-05,+8.609928E-06,-9.490952E+01,+2.641902E+00
+5.986328E+02,+1.230917E-05,-7.974224E-06,-9.667352E+01,-5.748467E-01
+5.988770E+02,-5.976883E-06,+1.103824E-05,-9.802538E+01,+2.067068E+00
+5.991211E+02,-8.745928E-07,-4.580391E-07,-1.201112E+02,-2.659152E+00
+5.993652E+02,-6.934588E-07,-1.264318E-05,-9.794983E+01,-1.625590E+00
+5.996094E+02,+2.730183E-06,+8.714986E-06,-1.007881E+02,+1.267206E+00
+5.998535E+02,+1.521026E-06,+6.611395E-07,-1.156057E+02,+4.100299E-01
+6.000977E+02,+1.001104E-06,-4.576110E-06,-1.065870E+02,-1.355422E+00
+6.003418E+02,-8.417038E-06,+1.038056E-05,-9.748112E+01,+2.252116E+00
+6.005859E+02,+5.498621E-06,-1.255640E-05,-9.726078E+01,-1.158038E+00
+6.008301E+02,+7.361486E-06,+5.424808E-06,-1.007769E+02,+6.350756E-01
+6.010742E+02,-1.165080E-05,-7.950297E-07,-9.865271E+01,-3.073460E+00
+6.013184E+02,+7.695562E-06,+4.999917E-06,-1.007458E+02,+5.761744E-01
+6.015625E+02,-6.081867E-06,-5.917962E-06,-1.014260E+02,-2.369853E+00
+6.018066E+02,+8.521848E-06,+2.993910E-06,-1.008839E+02,+3.378517E-01
+6.020508E+02,-9.341400E-06,-4.359977E-06,-9.973586E+01,-2.704908E+00
+6.022949E+02,+4.302915E-06,+7.865133E-06,-1.009488E+02,+1.070192E+00
+6.025391E+02,+2.705344E-06,-9.068643E-06,-1.004789E+02,-1.280883E+00
+6.027832E+02,-1.843898E-06,+5.304764E-06,-1.050113E+02,+1.905325E+00
+6.030273E+02,-3.864330E-06,-2.402938E-06,-1.068388E+02,-2.585280E+00
+6.032715E+02,+1.284287E-06,-3.825710E-06,-1.078820E+02,-1.246918E+00
+6.035156E+02,+3.635326E-06,+1.325579E-05,-9.723695E+01,+1.303133E+00
+6.037598E+02,-7.124432E-08,-9.848909E-06,-1.001320E+02,-1.578030E+00
+6.040039E+02,-4.338080E-07,-5.923535E-07,-1.226835E+02,-2.202903E+00
+6.042480E+02,-2.999709E-06,+5.703213E-06,-1.038169E+02,+2.055002E+00
+6.044922E+02,+2.987916E-06,-5.498777E-06,-1.040711E+02,-1.073051E+00
+6.047363E+02,-7.232814E-06,-5.234489E-07,-1.027912E+02,-3.069347E+00
+6.049805E+02,+1.451009E-05,+5.298674E-06,-9.622296E+01,+3.501264E-01
+6.052246E+02,-1.263043E-05,-6.580277E-06,-9.692872E+01,-2.661298E+00
+6.054688E+02,+6.698305E-06,+5.092748E-06,-1.014995E+02,+6.500631E-01
+6.057129E+02,-1.955511E-06,-3.967153E-06,-1.070858E+02,-2.028769E+00
+6.059570E+02,-3.437686E-06,+3.657914E-06,-1.059863E+02,+2.325167E+00
+6.062012E+02,+9.970751E-07,+4.243296E-07,-1.193025E+02,+4.023570E-01
+6.064453E+02,+4.521860E-06,-2.434066E-06,-1.057886E+02,-4.938073E-01
+6.066895E+02,+3.584365E-07,+3.586660E-07,-1.258987E+02,+7.857182E-01
+6.069336E+02,-4.889728E-06,+3.878206E-06,-1.040949E+02,+2.471053E+00
+6.071777E+02,+3.232337E-06,-1.138596E-05,-9.853599E+01,-1.294186E+00
+6.074219E+02,+2.101188E-07,+1.079843E-05,-9.933114E+01,+1.551340E+00
+6.076660E+02,-2.598116E-06,-3.011939E-06,-1.080074E+02,-2.282563E+00
+6.079102E+02,+5.213345E-07,-3.930148E-06,-1.080361E+02,-1.438916E+00
+6.081543E+02,+1.934778E-06,+7.065348E-06,-1.027033E+02,+1.303509E+00
+6.083984E+02,-1.699445E-06,-6.032305E-06,-1.040586E+02,-1.845403E+00
+6.086426E+02,+5.201720E-07,+3.835302E-06,-1.082449E+02,+1.435992E+00
+6.088867E+02,-9.401028E-07,-1.853699E-06,-1.136452E+02,-2.040147E+00
+6.091309E+02,-1.273364E-06,+5.927420E-07,-1.170492E+02,+2.705930E+00
+6.093750E+02,+6.872829E-06,-1.164375E-06,-1.031344E+02,-1.678236E-01
+6.096191E+02,-6.843002E-06,+2.511850E-06,-1.027461E+02,+2.789794E+00
+6.098633E+02,+1.826776E-06,-1.441613E-06,-1.126637E+02,-6.680942E-01
+6.101074E+02,-6.431134E-07,+3.229899E-06,-1.096474E+02,+1.767338E+00
+6.103516E+02,+2.487696E-06,-1.119825E-05,-9.880779E+01,-1.352196E+00
+6.105957E+02,-1.350631E-06,+1.196170E-05,-9.838912E+01,+1.683233E+00
+6.108398E+02,-3.521441E-06,-3.413257E-06,-1.061887E+02,-2.371794E+00
+6.110840E+02,+4.427435E-06,-3.809393E-06,-1.046707E+02,-7.105046E-01
+6.113281E+02,-1.487420E-06,+2.311154E-06,-1.112183E+02,+2.142648E+00
+6.115723E+02,-6.885405E-07,+2.861120E-06,-1.106248E+02,+1.806960E+00
+6.118164E+02,+5.643083E-07,-4.668695E-06,-1.065531E+02,-1.450509E+00
+6.120605E+02,-3.378094E-07,+4.385777E-06,-1.071334E+02,+1.647668E+00
+6.123047E+02,+4.107781E-06,-3.625654E-06,-1.052260E+02,-7.231355E-01
+6.125488E+02,-8.402116E-06,+2.071523E-06,-1.012560E+02,+2.899866E+00
+6.127930E+02,+4.931456E-06,-4.260352E-07,-1.061082E+02,-8.617741E-02
+6.130371E+02,+1.775604E-06,-2.130006E-07,-1.149510E+02,-1.193890E-01
+6.132812E+02,-5.443607E-06,+1.094806E-07,-1.052805E+02,+3.121484E+00
+6.135254E+02,+6.641351E-06,-9.501671E-07,-1.034669E+02,-1.421040E-01
+6.137695E+02,-2.633825E-06,+4.134160E-07,-1.114826E+02,+2.985899E+00
+6.140137E+02,-7.692798E-08,+1.768511E-06,-1.150396E+02,+1.614268E+00
+6.142578E+02,+1.470415E-06,-4.232632E-06,-1.069730E+02,-1.236440E+00
+6.145020E+02,-4.896334E-06,+1.427151E-06,-1.058485E+02,+2.857977E+00
+6.147461E+02,+3.139266E-06,+5.460803E-06,-1.040148E+02,+1.049058E+00
+6.149902E+02,-2.132432E-06,-6.640241E-06,-1.031301E+02,-1.881531E+00
+6.152344E+02,+6.890353E-06,+3.919004E-07,-1.032211E+02,+5.681547E-02
+6.154785E+02,-1.358776E-05,+3.627746E-06,-9.703800E+01,+2.880692E+00
+6.157227E+02,+9.702740E-06,-2.193535E-06,-1.000456E+02,-2.223362E-01
+6.159668E+02,-4.142200E-06,+4.279752E-06,-1.045009E+02,+2.339864E+00
+6.162109E+02,+9.184891E-06,-2.200964E-06,-1.004960E+02,-2.351939E-01
+6.164551E+02,-6.683701E-06,-3.182059E-06,-1.026124E+02,-2.697253E+00
+6.166992E+02,-1.053826E-06,-5.341079E-08,-1.195335E+02,-3.090953E+00
+6.169434E+02,-5.802534E-07,+6.928361E-06,-1.031570E+02,+1.654352E+00
+6.171875E+02,-1.639991E-06,-5.559615E-06,-1.047367E+02,-1.857644E+00
+6.174316E+02,+6.068727E-06,-4.171300E-08,-1.043378E+02,-6.873328E-03
+6.176758E+02,-1.451604E-06,+1.726499E-06,-1.129346E+02,+2.269913E+00
+6.179199E+02,-4.395135E-06,-7.789774E-07,-1.070062E+02,-2.966178E+00
+6.181641E+02,+4.638541E-06,+2.764207E-06,-1.053526E+02,+5.374152E-01
+6.184082E+02,-2.849431E-06,-8.851396E-06,-1.006315E+02,-1.882239E+00
+6.186523E+02,+1.288421E-07,+1.001116E-05,-9.998959E+01,+1.557927E+00
+6.188965E+02,+5.714202E-07,-1.026291E-06,-1.186019E+02,-1.062761E+00
+6.191406E+02,-2.181475E-06,-6.662955E-06,-1.030844E+02,-1.887201E+00
+6.193848E+02,+7.315632E-06,+5.621063E-06,-1.007000E+02,+6.551504E-01
+6.196289E+02,-1.003297E-05,-5.171975E-06,-9.894798E+01,-2.665624E+00
+6.198730E+02,+1.017875E-05,+6.236709E-06,-9.846175E+01,+5.497187E-01
+6.201172E+02,-5.079301E-06,-2.418616E-06,-1.049964E+02,-2.697189E+00
+6.203613E+02,+1.246058E-06,-5.968750E-06,-1.042971E+02,-1.364989E+00
+6.206055E+02,-1.383784E-06,+1.013543E-05,-9.980294E+01,+1.706487E+00
+6.208496E+02,+1.587840E-06,-3.679253E-06,-1.079430E+02,-1.163378E+00
+6.210938E+02,-8.716048E-06,-2.625416E-06,-1.008164E+02,-2.849020E+00
+6.213379E+02,+9.379916E-06,-1.802462E-07,-1.005544E+02,-1.921382E-02
+6.215820E+02,+3.859175E-07,+3.291391E-06,-1.095931E+02,+1.454079E+00
+6.218262E+02,-2.200504E-06,-3.866196E-06,-1.070356E+02,-2.088235E+00
+6.220703E+02,-2.338979E-06,+7.342898E-06,-1.022629E+02,+1.879171E+00
+6.223145E+02,+4.083352E-06,-7.315166E-06,-1.015375E+02,-1.061677E+00
+6.225586E+02,-4.428729E-06,+3.774371E-06,-1.047032E+02,+2.435796E+00
+6.228027E+02,+6.473909E-06,-1.715960E-06,-1.034818E+02,-2.590997E-01
+6.230469E+02,-5.216236E-06,+1.969162E-06,-1.050742E+02,+2.780627E+00
+6.232910E+02,-8.702260E-07,+2.004534E-06,-1.132099E+02,+1.980374E+00
+6.235352E+02,+3.334132E-06,-1.086409E-05,-9.888923E+01,-1.273026E+00
+6.237793E+02,+1.688842E-06,+9.827521E-06,-1.000247E+02,+1.400610E+00
+6.240234E+02,-1.012290E-05,-6.975468E-07,-9.987332E+01,-3.072794E+00
+6.242676E+02,+1.325146E-05,+1.057728E-06,-9.752715E+01,+7.965091E-02
+6.245117E+02,-3.194215E-06,-7.028893E-06,-1.022469E+02,-1.997337E+00
+6.247559E+02,-7.039635E-06,+6.192546E-06,-1.005599E+02,+2.420125E+00
+6.250000E+02,+8.384469E-06,-1.736983E-06,-1.013480E+02,-2.042771E-01
+6.252441E+02,-7.104560E-06,+4.091379E-06,-1.017254E+02,+2.619097E+00
+6.254883E+02,+3.704722E-06,-3.555511E-06,-1.057895E+02,-7.648492E-01
+6.257324E+02,-1.926578E-06,-3.184522E-06,-1.085846E+02,-2.114871E+00
+6.259766E+02,+7.518968E-06,+2.792533E-06,-1.019157E+02,+3.556094E-01
+6.262207E+02,-1.647983E-05,+2.376751E-06,-9.557153E+01,+2.998358E+00
+6.264648E+02,+1.269176E-05,-5.319233E-06,-9.722678E+01,-3.968704E-01
+6.267090E+02,-2.586662E-06,+4.580708E-06,-1.055793E+02,+2.084845E+00
+6.269531E+02,+3.986039E-06,-1.176829E-06,-1.076262E+02,-2.870821E-01
+6.271973E+02,-9.155909E-06,-1.952204E-06,-1.005729E+02,-2.931520E+00
+6.274414E+02,+9.506225E-06,+3.234221E-06,-9.996417E+01,+3.279369E-01
+6.276855E+02,-5.815818E-06,-1.816317E-06,-1.043036E+02,-2.838884E+00
+6.279297E+02,+6.187162E-06,-2.165733E-06,-1.036682E+02,-3.367074E-01
+6.281738E+02,-2.302003E-06,+7.153496E-06,-1.024817E+02,+1.882132E+00
+6.284180E+02,-7.202122E-06,-5.500232E-06,-1.008553E+02,-2.489384E+00
+6.286621E+02,+2.334512E-06,+3.153962E-07,-1.125575E+02,+1.342884E-01
+6.289062E+02,+4.557784E-06,+2.147074E-07,-1.068153E+02,+4.707304E-02
+6.291504E+02,-3.828927E-06,+2.621454E-06,-1.066690E+02,+2.541247E+00
+6.293945E+02,+6.904900E-06,+3.201975E-07,-1.032075E+02,+4.633931E-02
+6.296387E+02,-5.204321E-06,-1.112773E-05,-9.821278E+01,-2.008263E+00
+6.298828E+02,+1.464446E-06,+1.138062E-05,-9.880536E+01,+1.442821E+00
+6.301270E+02,-2.785281E-06,-3.809126E-06,-1.065233E+02,-2.202165E+00
+6.303711E+02,+5.735344E-06,+1.100752E-06,-1.046717E+02,+1.896185E-01
+6.306152E+02,-9.521819E-06,+1.232584E-06,-1.003534E+02,+3.012860E+00
+6.308594E+02,+7.647639E-06,+3.229518E-06,-1.016168E+02,+3.995726E-01
+6.311035E+02,-1.667242E-06,-7.413305E-06,-1.023855E+02,-1.792014E+00
+6.313477E+02,-6.054333E-06,+2.049846E-06,-1.038874E+02,+2.815132E+00
+6.315918E+02,+1.253454E-05,+1.620360E-06,-9.796586E+01,+1.285587E-01
+6.318359E+02,-4.911144E-06,+2.239848E-06,-1.053557E+02,+2.713699E+00
+6.320801E+02,-4.687733E-06,-7.121282E-06,-1.013854E+02,-2.152964E+00
+6.323242E+02,+7.220139E-06,+4.325710E-06,-1.014971E+02,+5.397701E-01
+6.325684E+02,-5.991794E-06,-2.074213E-06,-1.039573E+02,-2.808329E+00
+6.328125E+02,-1.779448E-07,-1.326441E-07,-1.330752E+02,-2.501027E+00
+6.330566E+02,+5.964160E-06,+3.945932E-06,-1.029123E+02,+5.844918E-01
+6.333008E+02,-5.316108E-06,-4.237795E-06,-1.033517E+02,-2.468585E+00
+6.335449E+02,+1.785820E-06,+4.874423E-06,-1.056945E+02,+1.219617E+00
+6.337891E+02,-1.303499E-06,-4.550213E-06,-1.064968E+02,-1.849794E+00
+6.340332E+02,+3.849290E-06,+1.427768E-06,-1.077326E+02,+3.551865E-01
+6.342773E+02,-6.146407E-06,-1.248529E-06,-1.040520E+02,-2.941188E+00
+6.345215E+02,+6.498572E-07,+2.624852E-06,-1.113595E+02,+1.328098E+00
+6.347656E+02,+5.087144E-06,+2.233702E-06,-1.051048E+02,+4.137423E-01
+6.350098E+02,-2.405049E-06,-1.289727E-05,-9.764159E+01,-1.755156E+00
+6.352539E+02,+2.100850E-06,+1.068088E-05,-9.926301E+01,+1.376583E+00
+6.354980E+02,-4.111507E-06,+2.850137E-06,-1.060158E+02,+2.535439E+00
+6.357422E+02,+4.901984E-06,-7.876877E-06,-1.006512E+02,-1.014122E+00
+6.359863E+02,-6.256809E-06,+6.880608E-06,-1.006303E+02,+2.308748E+00
+6.362305E+02,+9.285167E-08,-5.667889E-07,-1.248166E+02,-1.408418E+00
+6.364746E+02,+6.452721E-06,-3.469169E-06,-1.027025E+02,-4.932956E-01
+6.367188E+02,-3.718241E-06,+3.618049E-07,-1.085523E+02,+3.044593E+00
+6.369629E+02,-2.727460E-06,-3.733713E-06,-1.067000E+02,-2.201697E+00
+6.372070E+02,+4.161263E-06,+9.359813E-06,-9.979133E+01,+1.152452E+00
+6.374512E+02,+1.247031E-06,-9.040860E-06,-1.007940E+02,-1.433728E+00
+6.376953E+02,-2.188035E-06,+9.635440E-06,-1.001042E+02,+1.794091E+00
+6.379395E+02,-1.710568E-06,-7.955116E-06,-1.017908E+02,-1.782599E+00
+6.381836E+02,+1.716682E-06,+2.882161E-06,-1.094870E+02,+1.033601E+00
+6.384277E+02,+2.778588E-06,-4.592997E-06,-1.054036E+02,-1.026736E+00
+6.386719E+02,-2.496850E-06,+6.797478E-06,-1.028034E+02,+1.922817E+00
+6.389160E+02,-5.469722E-07,-7.098854E-06,-1.029505E+02,-1.647695E+00
+6.391602E+02,+2.050844E-06,+7.008218E-06,-1.027310E+02,+1.286111E+00
+6.394043E+02,-3.458153E-06,+1.230859E-06,-1.087051E+02,+2.799645E+00
+6.396484E+02,+1.738133E-06,-9.378669E-06,-1.004105E+02,-1.387547E+00
+6.398926E+02,-1.024277E-08,+5.868375E-06,-1.046296E+02,+1.572542E+00
+6.401367E+02,+4.439852E-07,+4.142462E-06,-1.076052E+02,+1.464025E+00
+6.403809E+02,-3.677604E-06,-1.162110E-05,-9.828055E+01,-1.877284E+00
+6.406250E+02,+6.997809E-06,+1.135042E-05,-9.750065E+01,+1.018315E+00
+6.408691E+02,-6.206475E-06,-6.954976E-06,-1.006102E+02,-2.299385E+00
+6.411133E+02,+5.115507E-06,+4.725211E-06,-1.031429E+02,+7.457575E-01
+6.413574E+02,-4.194831E-06,-6.923322E-06,-1.018357E+02,-2.115542E+00
+6.416016E+02,+2.089096E-06,+5.923196E-06,-1.040397E+02,+1.231720E+00
+6.418457E+02,+3.332870E-06,-4.133199E-06,-1.054988E+02,-8.921859E-01
+6.420898E+02,-6.637245E-06,+6.355288E-06,-1.007344E+02,+2.377892E+00
+6.423340E+02,+3.662074E-06,-7.150061E-06,-1.019021E+02,-1.097457E+00
+6.425781E+02,-1.233684E-06,+3.593734E-06,-1.084053E+02,+1.901479E+00
+6.428223E+02,-2.672865E-07,-5.741875E-07,-1.239671E+02,-2.006468E+00
+6.430664E+02,-2.118019E-06,-5.277066E-07,-1.132198E+02,-2.897413E+00
+6.433105E+02,+1.641302E-06,+6.187558E-06,-1.038743E+02,+1.311509E+00
+6.435547E+02,+1.338908E-06,-1.083436E-05,-9.923811E+01,-1.447840E+00
+6.437988E+02,+1.288811E-06,+6.485768E-06,-1.035926E+02,+1.374638E+00
+6.440430E+02,-3.773899E-06,-2.077706E-06,-1.073144E+02,-2.638330E+00
+6.442871E+02,-1.087349E-06,+4.626456E-06,-1.064615E+02,+1.801635E+00
+6.445312E+02,+8.631420E-06,-1.014250E-05,-9.751115E+01,-8.657132E-01
+6.447754E+02,-6.979433E-06,+8.867641E-06,-9.895009E+01,+2.237602E+00
+6.450195E+02,+7.940753E-07,-4.072765E-06,-1.076402E+02,-1.378240E+00
+6.452637E+02,+3.920621E-06,+3.909482E-06,-1.051349E+02,+7.839756E-01
+6.455078E+02,-6.923651E-06,-9.550605E-07,-1.031114E+02,-3.004516E+00
+6.457520E+02,+4.183747E-06,-4.782250E-06,-1.039390E+02,-8.520519E-01
+6.459961E+02,-4.790343E-07,+2.126554E-06,-1.132315E+02,+1.792361E+00
+6.462402E+02,-1.228688E-06,+3.891592E-06,-1.077848E+02,+1.876620E+00
+6.464844E+02,-7.882866E-07,-3.214238E-06,-1.096048E+02,-1.811298E+00
+6.467285E+02,-1.281772E-06,-3.366584E-06,-1.088683E+02,-1.934584E+00
+6.469727E+02,+7.244664E-06,+1.088395E-05,-9.767142E+01,+9.835130E-01
+6.472168E+02,-4.338205E-06,-1.078643E-05,-9.869129E+01,-1.953190E+00
+6.474609E+02,+1.526034E-07,+3.804807E-06,-1.083864E+02,+1.530710E+00
+6.477051E+02,-1.463228E-06,+1.006672E-06,-1.150108E+02,+2.538979E+00
+6.479492E+02,-2.334913E-06,+2.222040E-06,-1.098341E+02,+2.380959E+00
+6.481934E+02,+6.373763E-06,-5.952190E-06,-1.011888E+02,-7.512094E-01
+6.484375E+02,-7.763779E-06,+2.740928E-06,-1.016884E+02,+2.802212E+00
+6.486816E+02,+1.240841E-05,-1.168257E-07,-9.812529E+01,-9.414763E-03
+6.489258E+02,-1.008391E-05,+2.021583E-06,-9.975629E+01,+2.943739E+00
+6.491699E+02,+1.306830E-06,-4.284546E-06,-1.069756E+02,-1.274749E+00
+6.494141E+02,+2.855714E-06,+6.145585E-06,-1.033797E+02,+1.135804E+00
+6.496582E+02,-2.901722E-06,-1.204028E-05,-9.814208E+01,-1.807288E+00
+6.499023E+02,-2.119454E-06,+1.695441E-05,-9.534700E+01,+1.695160E+00
+6.501465E+02,+3.626214E-06,-8.706767E-06,-1.005082E+02,-1.176162E+00
+6.503906E+02,-3.251019E-06,+9.778975E-07,-1.093834E+02,+2.849405E+00
+6.506348E+02,+9.857055E-06,-2.043397E-06,-9.994232E+01,-2.044077E-01
+6.508789E+02,-9.679455E-06,+8.494752E-07,-1.002497E+02,+3.054056E+00
+6.511230E+02,-1.383998E-06,+4.903868E-06,-1.058564E+02,+1.845868E+00
+6.513672E+02,+9.204357E-06,-3.314929E-06,-1.001905E+02,-3.456864E-01
+6.516113E+02,-3.456442E-06,-2.400579E-06,-1.075179E+02,-2.534552E+00
+6.518555E+02,-2.851547E-06,-2.654782E-06,-1.081875E+02,-2.391914E+00
+6.520996E+02,+1.088945E-07,+9.750277E-06,-1.002191E+02,+1.559628E+00
+6.523438E+02,+3.327360E-06,-4.701088E-06,-1.047923E+02,-9.548646E-01
+6.525879E+02,-6.915666E-06,-6.132070E-06,-1.006840E+02,-2.416179E+00
+6.528320E+02,+6.237821E-06,+8.227312E-06,-9.972246E+01,+9.220776E-01
+6.530762E+02,-4.449958E-06,-2.366588E-06,-1.059512E+02,-2.652812E+00
+6.533203E+02,+6.558629E-06,-3.712063E-06,-1.024569E+02,-5.150302E-01
+6.535645E+02,-7.494722E-06,+3.573111E-06,-1.016154E+02,+2.696717E+00
+6.538086E+02,+8.075293E-06,+7.555816E-07,-1.018190E+02,+9.329545E-02
+6.540527E+02,-5.922670E-06,-4.204959E-06,-1.027770E+02,-2.524202E+00
+6.542969E+02,-9.231404E-07,+4.426560E-06,-1.068938E+02,+1.776395E+00
+6.545410E+02,-2.395625E-06,-2.413145E-06,-1.093696E+02,-2.352551E+00
+6.547852E+02,+1.091232E-05,+7.344615E-06,-9.761898E+01,+5.924137E-01
+6.550293E+02,-8.647351E-06,-6.013762E-06,-9.954903E+01,-2.533930E+00
+6.552734E+02,+1.875157E-06,-3.261222E-06,-1.084919E+02,-1.048973E+00
+6.555176E+02,+2.244905E-06,+7.279268E-06,-1.023637E+02,+1.271654E+00
+6.557617E+02,+2.300299E-07,-2.875767E-06,-1.107972E+02,-1.490977E+00
+6.560059E+02,-2.890154E-07,+1.819029E-06,-1.146949E+02,+1.728364E+00
+6.562500E+02,-4.304966E-06,-6.868559E-06,-1.018237E+02,-2.130663E+00
+6.564941E+02,+7.444247E-06,+8.200531E-06,-9.911278E+01,+8.337015E-01
+6.567383E+02,-5.255465E-06,-6.520075E-06,-1.015409E+02,-2.249212E+00
+6.569824E+02,+2.415412E-06,+3.759786E-06,-1.069962E+02,+9.997587E-01
+6.572266E+02,-5.204315E-07,-2.452022E-06,-1.120181E+02,-1.779938E+00
+6.574707E+02,-3.159962E-06,+3.077241E-06,-1.071097E+02,+2.369456E+00
+6.577148E+02,-3.419345E-07,-5.751592E-06,-1.047889E+02,-1.630177E+00
+6.579590E+02,+6.077807E-06,+1.334758E-06,-1.041205E+02,+2.161799E-01
+6.582031E+02,-5.091968E-06,-1.039277E-06,-1.056850E+02,-2.940257E+00
+6.584473E+02,+4.553886E-06,+1.138398E-05,-9.822945E+01,+1.190268E+00
+6.586914E+02,-4.260571E-06,-6.425873E-06,-1.022589E+02,-2.156280E+00
+6.589355E+02,+1.389813E-06,-3.718819E-06,-1.080241E+02,-1.213145E+00
+6.591797E+02,+6.387518E-07,+1.503965E-07,-1.236590E+02,+2.312420E-01
+6.594238E+02,-1.821181E-06,+5.210951E-06,-1.051612E+02,+1.907018E+00
+6.596680E+02,+1.130233E-06,-3.843004E-06,-1.079463E+02,-1.284760E+00
+6.599121E+02,+3.547333E-06,+5.011640E-06,-1.042366E+02,+9.548422E-01
+6.601562E+02,-3.120616E-06,-1.083249E-05,-9.895919E+01,-1.851281E+00
+6.604004E+02,-1.944131E-06,+9.081982E-06,-1.006418E+02,+1.781678E+00
+6.606445E+02,+6.976538E-06,-5.872212E-07,-1.030965E+02,-8.397292E-02
+6.608887E+02,-5.829161E-06,-2.600834E-06,-1.038994E+02,-2.721923E+00
+6.611328E+02,-1.560225E-06,+2.636244E-06,-1.102761E+02,+2.105192E+00
+6.613770E+02,+2.439680E-06,+1.609266E-06,-1.106845E+02,+5.831096E-01
+6.616211E+02,+6.289738E-07,-1.331471E-06,-1.166386E+02,-1.129480E+00
+6.618652E+02,+7.091729E-06,-7.341611E-06,-9.982166E+01,-8.027093E-01
+6.621094E+02,-9.164992E-06,-1.406608E-06,-1.006562E+02,-2.989305E+00
+6.623535E+02,-1.512563E-06,+8.792236E-06,-1.009913E+02,+1.741163E+00
+6.625977E+02,+4.891366E-06,-5.084516E-06,-1.030296E+02,-8.047575E-01
+6.628418E+02,-1.701388E-06,+1.718304E-06,-1.123305E+02,+2.351248E+00
+6.630859E+02,-2.842871E-06,+1.936866E-06,-1.092689E+02,+2.543523E+00
+6.633301E+02,+5.094212E-06,-5.223088E-06,-1.027383E+02,-7.978887E-01
+6.635742E+02,-5.937207E-06,+8.782546E-06,-9.949297E+01,+2.165249E+00
+6.638184E+02,+6.454619E-06,-8.321867E-06,-9.955008E+01,-9.110981E-01
+6.640625E+02,-7.269325E-06,+3.049747E-06,-1.020660E+02,+2.744359E+00
+6.643066E+02,+4.124392E-06,-4.806720E-07,-1.076342E+02,-1.160204E-01
+6.645508E+02,-6.726511E-07,+2.153860E-06,-1.129315E+02,+1.873499E+00
+6.647949E+02,-2.027987E-06,-6.193723E-06,-1.037187E+02,-1.887221E+00
+6.650391E+02,+7.992037E-06,+1.623447E-05,-9.484880E+01,+1.113337E+00
+6.652832E+02,-7.441505E-06,-1.675848E-05,-9.473373E+01,-1.988686E+00
+6.655273E+02,+2.954885E-06,+4.026864E-06,-1.060298E+02,+9.377486E-01
+6.657715E+02,-4.397733E-07,+4.183422E-06,-1.075216E+02,+1.675534E+00
+6.660156E+02,+4.181376E-06,-4.645097E-06,-1.040826E+02,-8.378875E-01
+6.662598E+02,-8.393323E-06,+3.638854E-07,-1.015132E+02,+3.098266E+00
+6.665039E+02,+4.709116E-06,+4.491792E-06,-1.037313E+02,+7.617828E-01
+6.667480E+02,-2.754172E-06,-4.269345E-06,-1.058817E+02,-2.143722E+00
+6.669922E+02,+4.724490E-06,+4.575022E-06,-1.036400E+02,+7.693268E-01
+6.672363E+02,-5.021798E-06,-6.865789E-06,-1.014052E+02,-2.202302E+00
+6.674805E+02,-1.424305E-06,+5.901993E-06,-1.043342E+02,+1.807595E+00
+6.677246E+02,+7.493231E-06,-4.538820E-06,-1.011493E+02,-5.446167E-01
+6.679688E+02,-3.281376E-06,-1.280929E-06,-1.090629E+02,-2.769421E+00
+6.682129E+02,+3.371438E-06,-9.052926E-07,-1.091413E+02,-2.623303E-01
+6.684570E+02,-2.551313E-06,+1.500371E-06,-1.105748E+02,+2.609985E+00
+6.687012E+02,-1.356880E-05,+5.051016E-06,-9.678558E+01,+2.785233E+00
+6.689453E+02,+1.137763E-05,+1.816613E-06,-9.876964E+01,+1.583290E-01
+6.691895E+02,+3.863463E-06,-5.776948E-06,-1.031606E+02,-9.813373E-01
+6.694336E+02,-1.135327E-05,+4.564722E-06,-9.824681E+01,+2.759310E+00
+6.696777E+02,+1.013712E-05,-4.920137E-06,-9.896302E+01,-4.518659E-01
+6.699219E+02,-3.834876E-07,+2.569937E-06,-1.117059E+02,+1.718924E+00
+6.701660E+02,-4.763746E-07,+7.269287E-06,-1.027515E+02,+1.636235E+00
+6.704102E+02,+1.608534E-06,-9.355426E-06,-1.004522E+02,-1.400525E+00
+6.706543E+02,-4.850602E-06,+1.684611E-06,-1.057895E+02,+2.807326E+00
+6.708984E+02,+3.272446E-06,-2.043811E-06,-1.082722E+02,-5.582768E-01
+6.711426E+02,-3.226259E-06,+7.654680E-07,-1.095882E+02,+2.908638E+00
+6.713867E+02,+2.453178E-06,+3.737196E-06,-1.069930E+02,+9.899196E-01
+6.716309E+02,+2.298894E-06,-2.818357E-06,-1.087850E+02,-8.865637E-01
+6.718750E+02,-6.171079E-06,+1.414270E-06,-1.039705E+02,+2.916306E+00
+6.721191E+02,+6.187298E-06,+8.739290E-08,-1.041691E+02,+1.412363E-02
+6.723633E+02,-2.922922E-06,+6.621164E-07,-1.104663E+02,+2.918827E+00
+6.726074E+02,+2.262601E-06,-4.589022E-06,-1.058206E+02,-1.112727E+00
+6.728516E+02,-1.973773E-06,+8.645052E-06,-1.010440E+02,+1.795261E+00
+6.730957E+02,+1.077805E-06,-8.270883E-06,-1.015758E+02,-1.441213E+00
+6.733398E+02,-1.584690E-06,-1.773965E-06,-1.124732E+02,-2.299900E+00
+6.735840E+02,-1.015578E-06,+7.250001E-06,-1.027088E+02,+1.709970E+00
+6.738281E+02,+3.537677E-06,-4.211407E-06,-1.051926E+02,-8.721232E-01
+6.740723E+02,+1.366264E-06,-1.731773E-06,-1.131285E+02,-9.028363E-01
+6.743164E+02,-5.673228E-06,+7.269716E-06,-1.007041E+02,+2.233466E+00
+6.745605E+02,-7.673638E-08,-9.206559E-06,-1.007178E+02,-1.579131E+00
+6.748047E+02,+4.715713E-06,+9.426290E-06,-9.954314E+01,+1.106931E+00
+6.750488E+02,-2.098707E-06,-4.242770E-06,-1.064964E+02,-2.030159E+00
+6.752930E+02,+2.285019E-07,-4.969548E-06,-1.060645E+02,-1.524848E+00
+6.755371E+02,-5.173080E-07,+5.568173E-06,-1.050484E+02,+1.663435E+00
+6.757812E+02,+1.044214E-06,+2.022114E-06,-1.128573E+02,+1.094117E+00
+6.760254E+02,-4.321676E-06,-4.159715E-06,-1.044394E+02,-2.375288E+00
+6.762695E+02,+1.133262E-05,-2.412957E-06,-9.872084E+01,-2.097884E-01
+6.765137E+02,-1.589131E-05,+6.696763E-06,-9.526688E+01,+2.742766E+00
+6.767578E+02,+7.379369E-06,-6.173972E-06,-1.003352E+02,-6.966943E-01
+6.770020E+02,-2.610336E-07,-2.552654E-07,-1.287517E+02,-2.367366E+00
+6.772461E+02,+2.918106E-06,+4.221304E-06,-1.057947E+02,+9.659461E-01
+6.774902E+02,-2.482631E-06,-5.966997E-07,-1.118578E+02,-2.905717E+00
+6.777344E+02,+1.774879E-06,+2.431584E-07,-1.149359E+02,+1.361524E-01
+6.779785E+02,-4.484539E-06,-3.976387E-06,-1.044463E+02,-2.416181E+00
+6.782227E+02,+8.848329E-06,+5.811364E-06,-9.950530E+01,+5.811234E-01
+6.784668E+02,-1.054890E-05,-3.744019E-06,-9.902060E+01,-2.800541E+00
+6.787109E+02,+4.670923E-06,+2.758367E-06,-1.053127E+02,+5.334346E-01
+6.789551E+02,-1.042054E-07,-5.872710E-06,-1.046219E+02,-1.588538E+00
+6.791992E+02,+6.866301E-07,+6.278297E-06,-1.039915E+02,+1.461864E+00
+6.794434E+02,-1.943705E-06,-2.104523E-06,-1.108582E+02,-2.316490E+00
+6.796875E+02,+4.813882E-06,-4.956733E-06,-1.032109E+02,-8.000177E-01
+6.799316E+02,-4.229349E-06,+4.492824E-06,-1.041938E+02,+2.325996E+00
+6.801758E+02,-4.236230E-06,+1.118635E-06,-1.071677E+02,+2.883422E+00
+6.804199E+02,+4.187128E-06,+3.175104E-06,-1.055888E+02,+6.487926E-01
+6.806641E+02,+1.559397E-06,-2.446359E-06,-1.107487E+02,-1.003304E+00
+6.809082E+02,-2.445819E-06,-6.697745E-07,-1.119175E+02,-2.874301E+00
+6.811523E+02,+1.026386E-06,-4.691025E-06,-1.063716E+02,-1.355393E+00
+6.813965E+02,+2.465959E-06,+3.965261E-06,-1.066146E+02,+1.014436E+00
+6.816406E+02,-3.461039E-06,+2.413896E-06,-1.074944E+02,+2.532581E+00
+6.818848E+02,+3.100670E-06,-4.035212E-06,-1.058675E+02,-9.156208E-01
+6.821289E+02,-5.328852E-06,+1.424952E-06,-1.051674E+02,+2.880303E+00
+6.823730E+02,-1.728768E-07,+2.983858E-06,-1.104899E+02,+1.628669E+00
+6.826172E+02,+1.039423E-05,-2.933487E-06,-9.933132E+01,-2.750686E-01
+6.828613E+02,-1.275736E-05,+2.920894E-06,-9.766289E+01,+2.916514E+00
+6.831055E+02,+8.070492E-06,-4.535095E-06,-1.006702E+02,-5.119605E-01
+6.833496E+02,-1.443492E-06,+6.504674E-07,-1.160088E+02,+2.718223E+00
+6.835938E+02,-2.696110E-06,+7.120751E-06,-1.023677E+02,+1.932743E+00
+6.838379E+02,+6.775470E-06,-1.018751E-05,-9.824800E+01,-9.838957E-01
+6.840820E+02,-1.081584E-05,+4.148988E-06,-9.872260E+01,+2.775301E+00
+6.843262E+02,+1.157078E-05,-5.753016E-07,-9.872203E+01,-4.967930E-02
+6.845703E+02,-8.406952E-06,-1.904771E-06,-1.012898E+02,-2.918783E+00
+6.848145E+02,+1.966451E-06,+9.654469E-06,-1.001289E+02,+1.369862E+00
+6.850586E+02,+3.917048E-06,-8.995088E-06,-1.001658E+02,-1.160095E+00
+6.853027E+02,-4.945206E-06,+4.943309E-06,-1.031077E+02,+2.356386E+00
+6.855469E+02,+7.351346E-07,-5.772412E-06,-1.047030E+02,-1.444125E+00
+6.857910E+02,+5.194250E-06,+6.303751E-06,-1.017576E+02,+8.815955E-01
+6.860352E+02,-4.160273E-06,-4.332439E-06,-1.044276E+02,-2.335925E+00
+6.862793E+02,-8.622656E-07,-1.557326E-06,-1.149911E+02,-2.076463E+00
+6.865234E+02,-1.339130E-06,+2.180274E-06,-1.118397E+02,+2.121593E+00
+6.867676E+02,+7.357951E-06,+5.852376E-06,-1.005360E+02,+6.719183E-01
+6.870117E+02,-7.629229E-06,-9.305269E-06,-9.839252E+01,-2.257544E+00
+6.872559E+02,+3.059994E-06,+5.728352E-06,-1.037492E+02,+1.080177E+00
+6.875000E+02,-5.699128E-06,-8.214828E-07,-1.047945E+02,-2.998437E+00
+6.877441E+02,+1.435118E-05,-6.673164E-07,-9.685287E+01,-4.646558E-02
+6.879883E+02,-1.433008E-05,+1.285440E-06,-9.684022E+01,+3.052130E+00
+6.882324E+02,+6.881256E-06,-2.323901E-06,-1.027776E+02,-3.256885E-01
+6.884766E+02,+8.109134E-07,+2.212068E-06,-1.125564E+02,+1.219423E+00
+6.887207E+02,-1.567201E-06,+1.573984E-07,-1.160539E+02,+3.041496E+00
+6.889648E+02,-1.758383E-06,-3.261736E-06,-1.086230E+02,-2.065228E+00
+6.892090E+02,+3.881739E-07,+1.263813E-06,-1.175748E+02,+1.272797E+00
+6.894531E+02,+3.244074E-06,+2.626418E-06,-1.075890E+02,+6.805702E-01
+6.896973E+02,-6.707385E-06,-5.340618E-06,-1.013365E+02,-2.469155E+00
+6.899414E+02,+2.372774E-06,+3.849159E-06,-1.068939E+02,+1.018377E+00
+6.901855E+02,+1.054435E-05,+4.245704E-06,-9.888706E+01,+3.827904E-01
+6.904297E+02,-1.357783E-05,-6.593393E-06,-9.642388E+01,-2.689531E+00
+6.906738E+02,+8.088982E-06,-1.919875E-06,-1.016041E+02,-2.330325E-01
+6.909180E+02,-2.607693E-06,+2.722042E-06,-1.084742E+02,+2.334743E+00
+6.911621E+02,-5.264878E-06,+5.191417E-06,-1.026225E+02,+2.363220E+00
+6.914062E+02,+6.680280E-06,-4.813848E-06,-1.016877E+02,-6.244218E-01
+6.916504E+02,+1.726139E-06,-1.957330E-06,-1.116681E+02,-8.480806E-01
+6.918945E+02,-6.811275E-06,+3.095367E-06,-1.025201E+02,+2.715046E+00
+6.921387E+02,+8.568245E-06,-5.809395E-07,-1.013222E+02,-6.769785E-02
+6.923828E+02,-9.545775E-06,+2.061488E-06,-1.002058E+02,+2.928901E+00
+6.926270E+02,+3.601142E-06,-2.875392E-06,-1.067292E+02,-6.738052E-01
+6.928711E+02,+2.093128E-06,+4.801790E-06,-1.056164E+02,+1.159725E+00
+6.931152E+02,-6.400531E-06,-1.739670E-06,-1.035661E+02,-2.876203E+00
+6.933594E+02,+1.082262E-05,-6.476736E-06,-9.798392E+01,-5.392748E-01
+6.936035E+02,-8.962141E-06,+5.650052E-06,-9.949841E+01,+2.579094E+00
+6.938477E+02,+3.809671E-06,-4.476906E-06,-1.046147E+02,-8.657448E-01
+6.940918E+02,+7.181170E-06,+1.517674E-06,-1.026863E+02,+2.082760E-01
+6.943359E+02,-1.092095E-05,+1.808784E-06,-9.911727E+01,+2.977458E+00
+6.945801E+02,+1.946881E-07,+2.505618E-06,-1.119956E+02,+1.493251E+00
+6.948242E+02,+4.036648E-06,-2.074046E-06,-1.068621E+02,-4.746297E-01
+6.950684E+02,-1.925564E-06,-1.005106E-06,-1.132624E+02,-2.660516E+00
+6.953125E+02,+1.474902E-06,+9.088393E-09,-1.166246E+02,+6.161953E-03
+6.955566E+02,-1.291799E-07,+8.489305E-07,-1.213232E+02,+1.721806E+00
+6.958008E+02,+3.657544E-06,-6.809173E-07,-1.085882E+02,-1.840608E-01
+6.960449E+02,-3.573831E-06,-5.249851E-07,-1.088446E+02,-2.995739E+00
+6.962891E+02,-6.146052E-06,-1.268552E-06,-1.040469E+02,-2.938050E+00
+6.965332E+02,+1.129748E-05,+7.667397E-06,-9.729503E+01,+5.962747E-01
+6.967773E+02,-7.043227E-06,-9.006486E-06,-9.883645E+01,-2.234476E+00
+6.970215E+02,+1.127488E-06,-8.299161E-07,-1.170775E+02,-6.345296E-01
+6.972656E+02,+4.645327E-07,+5.801551E-06,-1.047014E+02,+1.490896E+00
+6.975098E+02,+4.067241E-06,-9.595846E-07,-1.075787E+02,-2.316932E-01
+6.977539E+02,-7.003161E-06,-2.171361E-06,-1.026955E+02,-2.840937E+00
+6.979980E+02,+3.907093E-06,-7.652362E-08,-1.081613E+02,-1.958332E-02
+6.982422E+02,-4.563678E-06,+3.571323E-06,-1.047390E+02,+2.477581E+00
+6.984863E+02,+5.390246E-06,-2.053089E-06,-1.047795E+02,-3.639243E-01
+6.987305E+02,-1.841609E-06,-6.180613E-06,-1.038100E+02,-1.860385E+00
+6.989746E+02,-3.540625E-06,+8.794459E-06,-1.004634E+02,+1.953540E+00
+6.992188E+02,+1.953754E-06,-5.623109E-06,-1.045055E+02,-1.236394E+00
+6.994629E+02,+7.656119E-06,+6.577432E-06,-9.991917E+01,+7.097579E-01
+6.997070E+02,-1.093150E-05,-2.535467E-06,-9.899883E+01,-2.913681E+00
+6.999512E+02,+5.490955E-06,-2.415992E-06,-1.044385E+02,-4.145025E-01
+7.001953E+02,+1.117175E-06,-1.073863E-06,-1.161956E+02,-7.656327E-01
+7.004395E+02,-4.565722E-06,+4.879446E-07,-1.067605E+02,+3.035125E+00
+7.006836E+02,+1.362483E-06,+2.348858E-06,-1.113233E+02,+1.045166E+00
+7.009277E+02,+5.049765E-06,+3.068865E-06,-1.045695E+02,+5.460798E-01
+7.011719E+02,-6.456689E-06,-4.039196E-06,-1.023654E+02,-2.582574E+00
+7.014160E+02,+4.347017E-06,+5.081130E-07,-1.071772E+02,+1.163597E-01
+7.016602E+02,-1.317826E-06,-2.730414E-06,-1.103660E+02,-2.020465E+00
+7.019043E+02,-1.210872E-06,-6.585689E-07,-1.172126E+02,-2.643460E+00
+7.021484E+02,+1.457191E-06,+5.836672E-06,-1.044141E+02,+1.326136E+00
+7.023926E+02,-2.568235E-06,-2.320670E-06,-1.092149E+02,-2.406790E+00
+7.026367E+02,+6.246560E-06,+7.332047E-07,-1.040278E+02,+1.168427E-01
+7.028809E+02,-6.686543E-06,-2.715091E-06,-1.028332E+02,-2.755879E+00
+7.031250E+02,+4.270758E-06,+2.103371E-06,-1.064467E+02,+4.576339E-01
+7.033691E+02,-4.375944E-06,-1.175822E-06,-1.068758E+02,-2.879092E+00
+7.036133E+02,+6.238942E-07,-1.075916E-06,-1.181056E+02,-1.045308E+00
+7.038574E+02,+5.128005E-06,+2.008326E-08,-1.058010E+02,+3.916368E-03
+7.041016E+02,-5.647225E-06,-1.549972E-06,-1.046479E+02,-2.873723E+00
+7.043457E+02,+1.916762E-06,+8.530804E-06,-1.011663E+02,+1.349780E+00
+7.045898E+02,+3.297127E-06,-9.547476E-06,-9.991292E+01,-1.238279E+00
+7.048340E+02,-6.122440E-06,+4.385079E-06,-1.024632E+02,+2.520056E+00
+7.050781E+02,+4.545690E-06,+2.386668E-06,-1.057906E+02,+4.834782E-01
+7.053223E+02,-5.569512E-07,-3.004354E-06,-1.102982E+02,-1.754097E+00
+7.055664E+02,-4.322372E-06,+2.842464E-06,-1.057247E+02,+2.559882E+00
+7.058105E+02,+7.735113E-06,-6.086459E-06,-1.001378E+02,-6.666778E-01
+7.060547E+02,-6.944879E-06,+6.997657E-06,-1.001234E+02,+2.352409E+00
+7.062988E+02,+4.294383E-06,-4.764358E-06,-1.038573E+02,-8.372325E-01
+7.065430E+02,+1.261447E-06,+4.825455E-07,-1.173895E+02,+3.653587E-01
+7.067871E+02,-7.620680E-06,-5.490691E-07,-1.023376E+02,-3.069667E+00
+7.070312E+02,+1.019716E-05,+8.740108E-07,-9.979862E+01,+8.550220E-02
+7.072754E+02,-8.252146E-06,+7.251247E-06,-9.918370E+01,+2.420665E+00
+7.075195E+02,-3.007235E-06,-1.388137E-05,-9.695217E+01,-1.784138E+00
+7.077637E+02,+1.051782E-05,+1.203706E-05,-9.592583E+01,+8.526541E-01
+7.080078E+02,-7.274097E-06,-7.388540E-06,-9.968579E+01,-2.348390E+00
+7.082520E+02,+1.027123E-06,+1.558459E-06,-1.145795E+02,+9.880760E-01
+7.084961E+02,+3.415412E-06,+3.839827E-06,-1.057824E+02,+8.438293E-01
+7.087402E+02,-2.759280E-06,-4.999607E-06,-1.048665E+02,-2.075097E+00
+7.089844E+02,-1.123469E-06,+3.988134E-06,-1.076530E+02,+1.845383E+00
+7.092285E+02,+6.814842E-06,-4.685349E-06,-1.016498E+02,-6.023018E-01
+7.094727E+02,-5.474833E-06,-2.492593E-06,-1.044145E+02,-2.714355E+00
+7.097168E+02,-5.566131E-06,+1.431186E-05,-9.627435E+01,+1.941712E+00
+7.099609E+02,+7.904007E-06,-1.157127E-05,-9.706931E+01,-9.715223E-01
+7.102051E+02,+8.986008E-07,+5.301748E-06,-1.053886E+02,+1.402900E+00
+7.104492E+02,-2.053127E-06,-5.903345E-06,-1.040821E+02,-1.905501E+00
+7.106934E+02,-1.660657E-06,+3.815848E-06,-1.076149E+02,+1.981275E+00
+7.109375E+02,-1.025621E-06,+5.226853E-08,-1.197690E+02,+3.090674E+00
+7.111816E+02,-2.318896E-07,-1.695666E-06,-1.153327E+02,-1.706707E+00
+7.114258E+02,+6.090216E-06,+1.559789E-06,-1.040314E+02,+2.507246E-01
+7.116699E+02,-8.002482E-06,-2.417655E-07,-1.019315E+02,-3.111391E+00
+7.119141E+02,+5.257768E-06,-2.125012E-06,-1.049269E+02,-3.840928E-01
+7.121582E+02,+1.725688E-06,+6.705996E-06,-1.031923E+02,+1.318926E+00
+7.124023E+02,-3.383796E-06,-6.506904E-06,-1.026930E+02,-2.050340E+00
+7.126465E+02,-2.735742E-06,-1.886780E-06,-1.095686E+02,-2.537828E+00
+7.128906E+02,+4.953677E-06,+1.030840E-05,-9.883385E+01,+1.122831E+00
+7.131348E+02,-9.788318E-07,-1.498998E-05,-9.646550E+01,-1.636003E+00
+7.133789E+02,-2.452382E-06,+1.388956E-05,-9.701291E+01,+1.745558E+00
+7.136230E+02,+4.163994E-06,-5.665949E-06,-1.030591E+02,-9.370194E-01
+7.138672E+02,-7.551894E-06,-2.405086E-07,-1.024345E+02,-3.109756E+00
+7.141113E+02,+1.031377E-05,-1.283746E-06,-9.966488E+01,-1.238322E-01
+7.143555E+02,-1.181537E-05,+7.259457E-06,-9.716015E+01,+2.590647E+00
+7.145996E+02,+8.114801E-06,-4.931360E-06,-1.004495E+02,-5.460616E-01
+7.148438E+02,+3.363546E-07,-3.301103E-06,-1.095820E+02,-1.469255E+00
+7.150879E+02,-3.145885E-06,+4.270820E-07,-1.099658E+02,+3.006659E+00
+7.153320E+02,+2.146800E-06,+9.300470E-06,-1.004045E+02,+1.343943E+00
+7.155762E+02,+7.236862E-07,-9.671128E-06,-1.002662E+02,-1.496106E+00
+7.158203E+02,-2.473283E-06,+3.653407E-06,-1.071076E+02,+2.165905E+00
+7.160645E+02,-1.681461E-06,-2.781492E-06,-1.097617E+02,-2.114531E+00
+7.163086E+02,+1.756281E-06,+2.790351E-07,-1.149999E+02,+1.575615E-01
+7.165527E+02,+1.938924E-06,+1.182327E-06,-1.128758E+02,+5.475834E-01
+7.167969E+02,-1.735574E-06,+4.642857E-06,-1.060962E+02,+1.928528E+00
+7.170410E+02,+2.193246E-06,-2.259541E-06,-1.100367E+02,-8.002857E-01
+7.172852E+02,-4.388257E-07,-4.752789E-06,-1.064242E+02,-1.662865E+00
+7.175293E+02,-2.600021E-07,+4.354019E-06,-1.072067E+02,+1.630441E+00
+7.177734E+02,-2.321573E-06,-4.233299E-06,-1.063245E+02,-2.072416E+00
+7.180176E+02,-3.482918E-06,+7.883188E-06,-1.012915E+02,+1.986824E+00
+7.182617E+02,+1.143636E-05,-8.358886E-06,-9.697536E+01,-6.311674E-01
+7.185059E+02,-3.028506E-06,+1.088457E-06,-1.098478E+02,+2.796565E+00
+7.187500E+02,-9.444441E-06,+3.720304E-06,-9.987003E+01,+2.766343E+00
+7.189941E+02,+3.875534E-06,-3.344236E-06,-1.058164E+02,-7.119412E-01
+7.192383E+02,+3.733496E-06,+3.183191E-06,-1.061849E+02,+7.060034E-01
+7.194824E+02,+1.296313E-06,+2.224466E-06,-1.117857E+02,+1.043155E+00
+7.197266E+02,-4.779235E-06,-4.012897E-06,-1.040955E+02,-2.443137E+00
+7.199707E+02,+2.910645E-06,+6.085954E-07,-1.105344E+02,+2.061234E-01
+7.202148E+02,+1.299168E-06,-2.299796E-06,-1.115634E+02,-1.056581E+00
+7.204590E+02,-4.492020E-06,-4.218816E-07,-1.069130E+02,-3.047949E+00
+7.207031E+02,+2.487885E-06,+4.232871E-06,-1.061786E+02,+1.039430E+00
+7.209473E+02,+2.736472E-07,-3.818479E-06,-1.083400E+02,-1.499255E+00
+7.211914E+02,-3.321057E-06,+6.066370E-06,-1.032030E+02,+2.071682E+00
+7.214355E+02,+4.055623E-06,-6.734258E-06,-1.020902E+02,-1.028733E+00
+7.216797E+02,+2.684943E-08,+5.682225E-06,-1.049095E+02,+1.566071E+00
+7.219238E+02,+2.012940E-06,-3.190935E-06,-1.084667E+02,-1.008015E+00
+7.221680E+02,-9.293202E-06,-3.639551E-07,-1.006300E+02,-3.102449E+00
+7.224121E+02,+8.046550E-06,-3.393389E-06,-1.011769E+02,-3.990889E-01
+7.226562E+02,-1.185629E-06,+6.301005E-06,-1.038607E+02,+1.756787E+00
+7.229004E+02,+1.915119E-06,-9.701155E-07,-1.133641E+02,-4.688789E-01
+7.231445E+02,-4.171950E-06,+4.308557E-06,-1.044407E+02,+2.340087E+00
+7.233887E+02,+1.126627E-06,-1.000112E-05,-9.994427E+01,-1.458619E+00
+7.236328E+02,+1.494717E-06,+1.057959E-05,-9.942478E+01,+1.430442E+00
+7.238770E+02,+1.851706E-06,-8.891044E-06,-1.008365E+02,-1.365465E+00
+7.241211E+02,-7.145902E-06,+2.933785E-06,-1.022424E+02,+2.752020E+00
+7.243652E+02,+7.198172E-06,-2.310619E-06,-1.024296E+02,-3.106106E-01
+7.246094E+02,-5.786395E-06,+1.354045E-06,-1.045203E+02,+2.911724E+00
+7.248535E+02,+3.282903E-06,-1.538087E-06,-1.088130E+02,-4.381434E-01
+7.250977E+02,+5.182857E-06,+4.485670E-06,-1.032806E+02,+7.134138E-01
+7.253418E+02,-1.069632E-05,+1.749961E-06,-9.930060E+01,+2.979425E+00
+7.255859E+02,+5.303214E-06,-7.538570E-06,-1.007082E+02,-9.577402E-01
+7.258301E+02,+5.102931E-06,+5.328450E-06,-1.026414E+02,+8.070140E-01
+7.260742E+02,-5.498669E-06,-6.758213E-06,-1.011971E+02,-2.253792E+00
+7.263184E+02,-5.417096E-06,+7.754546E-06,-1.004828E+02,+2.180562E+00
+7.265625E+02,+7.277751E-06,-1.303905E-06,-1.026228E+02,-1.772823E-01
+7.268066E+02,+3.136870E-07,-2.250938E-06,-1.128692E+02,-1.432330E+00
+7.270508E+02,-5.291569E-07,-1.231339E-06,-1.174564E+02,-1.976676E+00
+7.272949E+02,-3.417893E-06,+3.440476E-06,-1.062858E+02,+2.352902E+00
+7.275391E+02,+2.120775E-06,-8.393228E-07,-1.128382E+02,-3.768479E-01
+7.277832E+02,+1.041119E-06,-6.402158E-07,-1.182571E+02,-5.513255E-01
+7.280273E+02,-5.943144E-08,-2.672031E-06,-1.114610E+02,-1.593035E+00
+7.282715E+02,-4.877815E-07,+5.602265E-06,-1.049999E+02,+1.657646E+00
+7.285156E+02,-2.714494E-06,-6.736337E-06,-1.027780E+02,-1.953854E+00
+7.287598E+02,+1.905874E-06,+7.714490E-06,-1.019966E+02,+1.328595E+00
+7.290039E+02,+2.426806E-06,-5.829731E-06,-1.039930E+02,-1.176334E+00
+7.292480E+02,-3.621873E-06,+2.421091E-07,-1.088020E+02,+3.074846E+00
+7.294922E+02,+1.279679E-06,+6.625390E-07,-1.168266E+02,+4.777375E-01
+7.297363E+02,+3.076478E-07,+2.887668E-06,-1.107400E+02,+1.464658E+00
+7.299805E+02,+1.689005E-06,-1.981964E-06,-1.116871E+02,-8.650337E-01
+7.302246E+02,-8.540538E-06,+6.154097E-08,-1.013701E+02,+3.134387E+00
+7.304688E+02,+1.353986E-05,-2.887960E-07,-9.736574E+01,-2.132609E-02
+7.307129E+02,-9.143695E-06,-6.015278E-06,-9.921577E+01,-2.559711E+00
+7.309570E+02,+2.285793E-06,+9.371627E-06,-1.003127E+02,+1.331562E+00
+7.312012E+02,+2.705257E-06,-3.807677E-06,-1.066121E+02,-9.530751E-01
+7.314453E+02,-1.489466E-06,+3.178614E-06,-1.090932E+02,+2.009001E+00
+7.316895E+02,-4.453452E-06,-4.779162E-06,-1.036984E+02,-2.320931E+00
+7.319336E+02,+2.512555E-06,+4.513750E-06,-1.057370E+02,+1.062866E+00
+7.321777E+02,+5.850693E-06,-3.285972E-06,-1.034652E+02,-5.117345E-01
+7.324219E+02,-3.641871E-06,-5.286672E-06,-1.038498E+02,-2.174019E+00
+7.326660E+02,-7.543866E-06,+8.516490E-06,-9.887930E+01,+2.295708E+00
+7.329102E+02,+7.616914E-06,-2.578336E-06,-1.018933E+02,-3.263946E-01
+7.331543E+02,-6.640882E-07,+5.151416E-06,-1.056899E+02,+1.699003E+00
+7.333984E+02,-1.730497E-06,-6.892260E-06,-1.029673E+02,-1.816790E+00
+7.336426E+02,+7.972097E-07,+1.396421E-06,-1.158745E+02,+1.052052E+00
+7.338867E+02,-4.458625E-06,+1.913673E-07,-1.070080E+02,+3.098698E+00
+7.341309E+02,+3.681587E-06,-2.264544E-06,-1.072857E+02,-5.514483E-01
+7.343750E+02,+4.371493E-06,+1.315991E-06,-1.068106E+02,+2.924100E-01
+7.346191E+02,-3.861917E-06,+2.511980E-06,-1.067316E+02,+2.564902E+00
+7.348633E+02,+4.173782E-06,-2.308562E-06,-1.064302E+02,-5.052280E-01
+7.351074E+02,-6.687445E-06,+1.345073E-07,-1.034930E+02,+3.121482E+00
+7.353516E+02,+3.094335E-06,+2.695741E-06,-1.077361E+02,+7.166656E-01
+7.355957E+02,+7.850041E-07,+2.871066E-06,-1.105260E+02,+1.303900E+00
+7.358398E+02,-4.095126E-06,-9.187272E-06,-9.994923E+01,-1.990101E+00
+7.360840E+02,+4.898086E-06,+6.439983E-06,-1.018399E+02,+9.205619E-01
+7.363281E+02,-1.108025E-06,-6.430591E-06,-1.037079E+02,-1.741426E+00
+7.365723E+02,-2.744251E-07,+6.086484E-06,-1.043038E+02,+1.615853E+00
+7.368164E+02,-5.527561E-06,-3.235853E-06,-1.038696E+02,-2.611975E+00
+7.370605E+02,+3.321902E-06,+4.366680E-06,-1.052139E+02,+9.204578E-01
+7.373047E+02,+4.760456E-06,-7.516895E-06,-1.010146E+02,-1.006250E+00
+7.375488E+02,-2.001588E-06,+9.728841E-06,-1.000587E+02,+1.773703E+00
+7.377930E+02,-2.989507E-06,-5.838403E-06,-1.036629E+02,-2.044031E+00
+7.380371E+02,+1.557003E-06,-3.317377E-06,-1.087195E+02,-1.131970E+00
+7.382812E+02,-2.425079E-06,+7.510212E-06,-1.020562E+02,+1.883132E+00
+7.385254E+02,+3.787557E-06,-2.734992E-06,-1.066103E+02,-6.254042E-01
+7.387695E+02,-2.350361E-06,-1.429827E-07,-1.125613E+02,-3.080833E+00
+7.390137E+02,-2.038194E-06,+2.016778E-06,-1.108504E+02,+2.361476E+00
+7.392578E+02,+1.650147E-06,-8.189594E-06,-1.015619E+02,-1.371966E+00
+7.395020E+02,+4.926047E-06,+1.342480E-05,-9.689325E+01,+1.219114E+00
+7.397461E+02,-4.789356E-06,-1.147012E-05,-9.811067E+01,-1.966340E+00
+7.399902E+02,+4.983083E-06,+3.680054E-06,-1.041596E+02,+6.361065E-01
+7.402344E+02,-7.028016E-06,-5.627505E-07,-1.030356E+02,-3.061691E+00
+7.404785E+02,+4.230110E-06,+4.231494E-06,-1.044612E+02,+7.855617E-01
+7.407227E+02,-2.886058E-06,-6.384876E-06,-1.030895E+02,-1.995324E+00
+7.409668E+02,+8.886974E-07,+5.499208E-06,-1.050820E+02,+1.410577E+00
+7.412109E+02,+3.696362E-06,-2.809144E-06,-1.066646E+02,-6.498548E-01
+7.414551E+02,-3.954029E-06,-3.778507E-06,-1.052416E+02,-2.378890E+00
+7.416992E+02,-1.413171E-06,+6.715687E-06,-1.032700E+02,+1.778199E+00
+7.419434E+02,+5.141118E-06,-3.297502E-06,-1.042824E+02,-5.703042E-01
+7.421875E+02,-3.418872E-06,-4.942786E-07,-1.092325E+02,-2.998014E+00
+7.424316E+02,+3.686234E-06,+2.783260E-06,-1.067091E+02,+6.467199E-01
+7.426758E+02,-2.255374E-06,+8.373986E-09,-1.129356E+02,+3.137880E+00
+7.429199E+02,-7.215681E-06,-5.015070E-06,-1.011229E+02,-2.534214E+00
+7.431641E+02,+1.446523E-05,+7.191586E-06,-9.583424E+01,+4.613759E-01
+7.434082E+02,-1.027784E-05,-8.525810E-06,-9.748792E+01,-2.449101E+00
+7.436523E+02,+1.499842E-06,+7.150793E-06,-1.027259E+02,+1.364048E+00
+7.438965E+02,+2.746898E-07,+4.811406E-06,-1.063404E+02,+1.513767E+00
+7.441406E+02,-3.798498E-07,-1.233418E-05,-9.817368E+01,-1.601583E+00
+7.443848E+02,+2.519722E-06,+4.583587E-06,-1.056291E+02,+1.068163E+00
+7.446289E+02,-3.473791E-07,+2.069993E-06,-1.135600E+02,+1.737064E+00
+7.448730E+02,-3.052634E-06,-6.420800E-06,-1.029632E+02,-2.014595E+00
+7.451172E+02,+4.656154E-06,+1.198907E-05,-9.781418E+01,+1.200359E+00
+7.453613E+02,-5.436489E-06,-8.717869E-06,-9.976515E+01,-2.128390E+00
+7.456055E+02,-4.073995E-07,+3.587334E-06,-1.088489E+02,+1.683878E+00
+7.458496E+02,+3.583325E-06,-3.655282E-07,-1.088693E+02,-1.016565E-01
+7.460938E+02,+3.006765E-06,-1.769990E-06,-1.091458E+02,-5.320464E-01
+7.463379E+02,-4.129395E-06,-2.044147E-06,-1.067304E+02,-2.681934E+00
+7.465820E+02,-1.795681E-06,+4.662605E-06,-1.060268E+02,+1.938413E+00
+7.468262E+02,+2.770440E-06,-3.084843E-06,-1.076468E+02,-8.390422E-01
+7.470703E+02,+2.186934E-06,+2.448319E-06,-1.096750E+02,+8.417290E-01
+7.473145E+02,-1.415238E-06,-3.587465E-06,-1.082761E+02,-1.946548E+00
+7.475586E+02,+8.354179E-07,+3.041759E-06,-1.100217E+02,+1.302756E+00
+7.478027E+02,-4.681106E-06,-3.387570E-06,-1.047640E+02,-2.515158E+00
+7.480469E+02,+4.191651E-06,+6.323482E-06,-1.023991E+02,+9.854262E-01
+7.482910E+02,-4.783471E-07,-4.474219E-06,-1.069363E+02,-1.677304E+00
+7.485352E+02,-2.076261E-06,-2.208314E-06,-1.103680E+02,-2.325384E+00
+7.487793E+02,+2.902873E-06,+2.403465E-06,-1.084761E+02,+6.915591E-01
+7.490234E+02,-3.789790E-06,-7.526828E-08,-1.084260E+02,-3.121734E+00
+7.492676E+02,+1.329774E-06,+5.566943E-06,-1.048467E+02,+1.336320E+00
+7.495117E+02,+4.572630E-06,-8.766529E-06,-1.000983E+02,-1.090018E+00
+7.497559E+02,-8.114431E-06,+6.298955E-06,-9.976662E+01,+2.481492E+00
+7.500000E+02,+7.514819E-06,-5.503563E-06,-1.006167E+02,-6.321165E-01
+7.502441E+02,-7.996569E-06,+5.770484E-06,-1.001214E+02,+2.516504E+00
+7.504883E+02,+9.506453E-06,-4.999469E-06,-9.937917E+01,-4.841543E-01
+7.507324E+02,-5.186966E-06,+2.357282E-06,-1.048863E+02,+2.715034E+00
+7.509766E+02,+9.894380E-07,+5.168391E-06,-1.055766E+02,+1.381645E+00
+7.512207E+02,+1.628375E-06,-7.369074E-06,-1.024447E+02,-1.353317E+00
+7.514648E+02,-1.348955E-06,+1.147895E-06,-1.150344E+02,+2.436547E+00
+7.517090E+02,-4.013672E-06,-3.598572E-07,-1.078944E+02,-3.052174E+00
+7.519531E+02,+7.385092E-06,+9.277457E-07,-1.025649E+02,+1.249695E-01
+7.521973E+02,-6.248584E-06,+3.637784E-06,-1.028168E+02,+2.614381E+00
+7.524414E+02,+4.892855E-06,-3.774662E-06,-1.041807E+02,-6.570972E-01
+7.526855E+02,-2.126410E-06,-1.038207E-06,-1.125185E+02,-2.687394E+00
+7.529297E+02,+1.880917E-06,+1.519052E-06,-1.123319E+02,+6.793656E-01
+7.531738E+02,-5.144338E-06,-2.224952E-06,-1.050287E+02,-2.733382E+00
+7.534180E+02,+4.756892E-07,+5.448285E-06,-1.052418E+02,+1.483707E+00
+7.536621E+02,+3.636464E-06,-5.050383E-06,-1.041195E+02,-9.467487E-01
+7.539062E+02,+6.293043E-06,-1.137223E-06,-1.038832E+02,-1.787817E-01
+7.541504E+02,-1.483171E-05,+3.849324E-06,-9.629308E+01,+2.887662E+00
+7.543945E+02,+1.179427E-05,+7.802623E-07,-9.854761E+01,+6.605980E-02
+7.546387E+02,-1.076684E-05,-4.874113E-06,-9.854860E+01,-2.716498E+00
+7.548828E+02,+9.826321E-06,+5.646035E-06,-9.891319E+01,+5.215207E-01
+7.551270E+02,-1.149180E-06,-1.301991E-07,-1.187368E+02,-3.028776E+00
+7.553711E+02,-1.061717E-06,-4.609092E-06,-1.065032E+02,-1.797200E+00
+7.556152E+02,-1.334157E-06,+4.871346E-06,-1.059329E+02,+1.838120E+00
+7.558594E+02,+8.061422E-07,-7.412883E-06,-1.025492E+02,-1.462473E+00
+7.561035E+02,-3.032575E-06,+5.313771E-06,-1.042675E+02,+2.089394E+00
+7.563477E+02,+4.551542E-08,+2.946227E-06,-1.106136E+02,+1.555349E+00
+7.565918E+02,+1.033761E-05,-8.907948E-06,-9.729979E+01,-7.112490E-01
+7.568359E+02,-1.146083E-05,+6.923904E-06,-9.746441E+01,+2.598137E+00
+7.570801E+02,+1.065034E-06,-5.359959E-06,-1.052486E+02,-1.374649E+00
+7.573242E+02,+4.560563E-06,+3.359846E-06,-1.049367E+02,+6.349459E-01
+7.575684E+02,-7.181402E-07,+3.782489E-06,-1.082906E+02,+1.758422E+00
+7.578125E+02,+6.983707E-07,-3.409479E-08,-1.231079E+02,-4.878174E-02
+7.580566E+02,-5.869951E-06,-1.009984E-05,-9.864984E+01,-2.097272E+00
+7.583008E+02,+3.901928E-06,+1.234580E-05,-9.775612E+01,+1.264678E+00
+7.585449E+02,+3.666790E-06,-8.588210E-06,-1.005947E+02,-1.167270E+00
+7.587891E+02,-6.397544E-06,+4.777582E-06,-1.019549E+02,+2.500153E+00
+7.590332E+02,+5.331166E-06,+1.232706E-06,-1.052374E+02,+2.272328E-01
+7.592773E+02,-7.674508E-06,-6.046875E-06,-1.002017E+02,-2.474263E+00
+7.595215E+02,+8.659837E-06,+1.878511E-06,-1.010501E+02,+2.136127E-01
+7.597656E+02,-3.088146E-06,-3.755793E-06,-1.062630E+02,-2.258949E+00
+7.600098E+02,-2.134789E-06,+7.561178E-06,-1.020951E+02,+1.845969E+00
+7.602539E+02,+4.375936E-06,+1.034055E-06,-1.069426E+02,+2.320481E-01
+7.604980E+02,-6.138204E-06,-5.907380E-06,-1.013921E+02,-2.375355E+00
+7.607422E+02,+3.511680E-06,+8.922471E-08,-1.090869E+02,+2.540251E-02
+7.609863E+02,+1.565041E-06,-4.033324E-07,-1.158302E+02,-2.522252E-01
+7.612305E+02,-2.793323E-08,+1.115657E-06,-1.190467E+02,+1.595829E+00
+7.614746E+02,-3.296736E-06,+3.489172E-06,-1.063746E+02,+2.327844E+00
+7.617188E+02,+3.394498E-06,-4.444525E-06,-1.050478E+02,-9.185544E-01
+7.619629E+02,-1.780202E-06,+2.436218E-06,-1.104075E+02,+2.201846E+00
+7.622070E+02,-6.503070E-07,-1.602497E-06,-1.152420E+02,-1.956300E+00
+7.624512E+02,-2.972541E-06,+4.171117E-06,-1.058113E+02,+2.189961E+00
+7.626953E+02,+3.697143E-06,-3.321404E-06,-1.060729E+02,-7.319141E-01
+7.629395E+02,+6.915118E-07,+2.090449E-07,-1.228242E+02,+2.935667E-01
+7.631836E+02,+3.720246E-06,-6.127790E-06,-1.028912E+02,-1.025165E+00
+7.634277E+02,-7.150876E-06,+1.089454E-05,-9.769996E+01,+2.151639E+00
+7.636719E+02,+2.668736E-06,-9.182828E-06,-1.003883E+02,-1.287965E+00
+7.639160E+02,-1.277844E-06,+8.553281E-06,-1.012615E+02,+1.719097E+00
+7.641602E+02,-1.144602E-06,-7.590193E-06,-1.022973E+02,-1.720469E+00
+7.644043E+02,+1.481086E-06,+5.399424E-06,-1.050380E+02,+1.303077E+00
+7.646484E+02,-2.207109E-07,-5.216021E-07,-1.249379E+02,-1.971091E+00
+7.648926E+02,+4.442468E-06,-4.089395E-06,-1.043820E+02,-7.440389E-01
+7.651367E+02,-2.115218E-06,-8.406784E-07,-1.128560E+02,-2.763293E+00
+7.653809E+02,-3.282257E-06,+9.243273E-06,-1.001677E+02,+1.912005E+00
+7.656250E+02,+3.509858E-06,-6.018573E-06,-1.031388E+02,-1.042843E+00
+7.658691E+02,-3.903941E-06,-2.437146E-06,-1.067407E+02,-2.583513E+00
+7.661133E+02,+4.072162E-06,+4.260201E-06,-1.045927E+02,+8.079616E-01
+7.663574E+02,-6.143975E-06,-5.361856E-06,-1.017719E+02,-2.424066E+00
+7.666016E+02,+7.322791E-06,+5.797683E-06,-1.005930E+02,+6.696787E-01
+7.668457E+02,-1.118338E-05,-3.243984E-06,-9.867768E+01,-2.859269E+00
+7.670898E+02,+1.188715E-05,+2.922801E-06,-9.824352E+01,+2.410964E-01
+7.673340E+02,-3.349358E-06,-5.929665E-06,-1.033368E+02,-2.084968E+00
+7.675781E+02,+2.776170E-07,+7.323386E-06,-1.026995E+02,+1.532906E+00
+7.678223E+02,+8.682705E-07,-1.411567E-06,-1.156123E+02,-1.019340E+00
+7.680664E+02,-3.875095E-06,-6.531191E-06,-1.023903E+02,-2.106291E+00
+7.683105E+02,+1.973304E-06,+5.021584E-06,-1.053595E+02,+1.196370E+00
+7.685547E+02,+6.595894E-07,+3.360951E-06,-1.093066E+02,+1.377008E+00
+7.687988E+02,-5.061742E-06,-1.354371E-06,-1.056137E+02,-2.880147E+00
+7.690430E+02,+7.689396E-06,-3.607787E-06,-1.014181E+02,-4.386971E-01
+7.692871E+02,-6.514194E-06,-1.017420E-06,-1.036181E+02,-2.986659E+00
+7.695312E+02,+1.855270E-06,+7.547602E-06,-1.021890E+02,+1.329766E+00
+7.697754E+02,+2.990883E-06,-1.336403E-05,-9.726900E+01,-1.350623E+00
+7.700195E+02,+1.395138E-06,+1.330392E-05,-9.747292E+01,+1.466311E+00
+7.702637E+02,-8.154162E-06,-9.983613E-06,-9.779465E+01,-2.255670E+00
+7.705078E+02,+8.183401E-06,+8.035398E-06,-9.880957E+01,+7.762730E-01
+7.707520E+02,-1.553705E-06,+1.392026E-06,-1.136134E+02,+2.411026E+00
+7.709961E+02,-5.628178E-06,-1.000130E-05,-9.880406E+01,-2.083372E+00
+7.712402E+02,+5.898883E-06,+7.729341E-06,-1.002439E+02,+9.189129E-01
+7.714844E+02,-1.626976E-06,+4.072949E-07,-1.155084E+02,+2.896295E+00
+7.717285E+02,+1.578955E-06,-3.344113E-06,-1.086404E+02,-1.129668E+00
+7.719727E+02,-4.480174E-06,+8.865881E-07,-1.068073E+02,+2.946225E+00
+7.722168E+02,-1.958905E-07,+1.739439E-06,-1.151371E+02,+1.682941E+00
+7.724609E+02,+6.563587E-06,-5.218000E-06,-1.015299E+02,-6.716799E-01
+7.727051E+02,-5.598445E-06,+2.552396E-06,-1.042185E+02,+2.713833E+00
+7.729492E+02,+3.149498E-06,+4.854471E-06,-1.047515E+02,+9.952772E-01
+7.731934E+02,-1.059008E-06,+7.145326E-07,-1.178727E+02,+2.548036E+00
+7.734375E+02,-5.020061E-07,-9.694110E-06,-1.002582E+02,-1.622535E+00
+7.736816E+02,+3.050941E-07,+5.769861E-06,-1.047646E+02,+1.517968E+00
+7.739258E+02,+3.191800E-06,-8.370337E-07,-1.096304E+02,-2.564698E-01
+7.741699E+02,-1.834940E-06,+1.380377E-06,-1.127799E+02,+2.496638E+00
+7.744141E+02,+9.542485E-07,-1.143583E-06,-1.165396E+02,-8.754069E-01
+7.746582E+02,-7.692138E-06,+5.764327E-07,-1.022547E+02,+3.066795E+00
+7.749023E+02,+2.755951E-06,+2.774062E-06,-1.081557E+02,+7.886732E-01
+7.751465E+02,+8.466161E-06,-9.909091E-06,-9.769894E+01,-8.637631E-01
+7.753906E+02,-7.673850E-06,+1.174516E-05,-9.705894E+01,+2.149532E+00
+7.756348E+02,-6.412943E-07,-4.866968E-06,-1.061801E+02,-1.701806E+00
+7.758789E+02,+4.943979E-06,-1.407539E-06,-1.057800E+02,-2.773595E-01
+7.761230E+02,-3.918718E-06,+3.619334E-06,-1.054583E+02,+2.395890E+00
+7.763672E+02,-1.573034E-06,-4.386637E-06,-1.066320E+02,-1.915109E+00
+7.766113E+02,+1.967934E-06,+2.973390E-06,-1.089572E+02,+9.861368E-01
+7.768555E+02,+3.060155E-06,-2.180758E-06,-1.085016E+02,-6.191522E-01
+7.770996E+02,-1.038989E-06,+4.897802E-06,-1.060088E+02,+1.779831E+00
+7.773438E+02,-2.867626E-06,-6.712313E-06,-1.027345E+02,-1.974545E+00
+7.775879E+02,+3.163796E-06,+5.451320E-06,-1.040092E+02,+1.044934E+00
+7.778320E+02,-6.579730E-07,-3.114819E-06,-1.099417E+02,-1.778975E+00
+7.780762E+02,+1.790765E-06,-4.836480E-07,-1.146335E+02,-2.637854E-01
+7.783203E+02,-7.750907E-06,+2.557210E-06,-1.017642E+02,+2.822914E+00
+7.785645E+02,+5.785681E-06,+2.640867E-06,-1.039310E+02,+4.282038E-01
+7.788086E+02,+4.287813E-06,-5.783744E-06,-1.028536E+02,-9.328504E-01
+7.790527E+02,-4.684214E-06,+5.762273E-06,-1.025849E+02,+2.253360E+00
+7.792969E+02,-7.580783E-06,-4.995878E-06,-1.008393E+02,-2.558904E+00
+7.795410E+02,+1.622201E-05,-1.496237E-06,-9.576112E+01,-9.197477E-02
+7.797852E+02,-8.782635E-06,+8.175101E-07,-1.010900E+02,+3.048778E+00
+7.800293E+02,-4.027602E-06,+4.728081E-06,-1.041368E+02,+2.276362E+00
+7.802734E+02,+8.323246E-06,-3.343455E-07,-1.015871E+02,-4.014849E-02
+7.805176E+02,-4.503916E-06,-3.393014E-06,-1.049760E+02,-2.495953E+00
+7.807617E+02,+2.510792E-06,+5.622650E-06,-1.042115E+02,+1.150815E+00
+7.810059E+02,-1.248257E-05,-3.915491E-06,-9.766634E+01,-2.837636E+00
+7.812500E+02,+1.894208E-05,-4.608067E-06,-9.420174E+01,-2.386359E-01
+7.814941E+02,-1.157480E-05,+6.050579E-06,-9.768058E+01,+2.659921E+00
+7.817383E+02,+4.744202E-06,-4.784092E-06,-1.034299E+02,-7.895846E-01
+7.819824E+02,-6.691520E-07,+6.580322E-06,-1.035904E+02,+1.672138E+00
+7.822266E+02,-7.657706E-07,-4.717122E-06,-1.064135E+02,-1.731731E+00
+7.824707E+02,+1.644827E-06,-2.677229E-06,-1.100555E+02,-1.019873E+00
+7.827148E+02,-7.616112E-07,+4.884898E-06,-1.061186E+02,+1.725462E+00
+7.829590E+02,-5.018916E-06,-3.795385E-07,-1.059630E+02,-3.066115E+00
+7.832031E+02,+6.150765E-06,+3.241514E-06,-1.031570E+02,+4.850213E-01
+7.834473E+02,+1.283199E-07,-6.330014E-06,-1.039701E+02,-1.550527E+00
+7.836914E+02,-2.775244E-06,+5.132034E-06,-1.046801E+02,+2.066525E+00
+7.839355E+02,+5.624800E-06,-6.664646E-06,-1.011887E+02,-8.698100E-01
+7.841797E+02,-1.003472E-05,+8.293779E-06,-9.770876E+01,+2.450896E+00
+7.844238E+02,+5.977187E-06,-4.368703E-06,-1.026112E+02,-6.311620E-01
+7.846680E+02,+1.035220E-06,+4.495789E-08,-1.196912E+02,+4.340108E-02
+7.849121E+02,-2.432190E-06,+6.725029E-07,-1.119601E+02,+2.871832E+00
+7.851562E+02,+4.774821E-06,-4.711663E-06,-1.034680E+02,-7.787406E-01
+7.854004E+02,-3.280541E-06,+7.938633E-06,-1.013204E+02,+1.962662E+00
+7.856445E+02,+2.235810E-06,-4.639730E-06,-1.057633E+02,-1.121747E+00
+7.858887E+02,-2.940388E-06,+5.987911E-08,-1.106301E+02,+3.121231E+00
+7.861328E+02,+9.332751E-07,-4.681733E-07,-1.196250E+02,-4.649632E-01
+7.863770E+02,+3.160858E-06,+3.231497E-06,-1.068966E+02,+7.964482E-01
+7.866211E+02,-9.890184E-06,-5.671347E-06,-9.886124E+01,-2.620938E+00
+7.868652E+02,+1.202859E-05,+4.834677E-06,-9.774532E+01,+3.821708E-01
+7.871094E+02,-9.265772E-06,+4.974249E-07,-1.006499E+02,+3.087960E+00
+7.873535E+02,+8.707400E-06,-3.587362E-06,-1.005214E+02,-3.907997E-01
+7.875977E+02,-3.571665E-06,-5.652132E-06,-1.034966E+02,-2.134352E+00
+7.878418E+02,-5.061887E-06,+8.532181E-06,-1.000691E+02,+2.106253E+00
+7.880859E+02,+4.645786E-06,+5.183196E-07,-1.066051E+02,+1.111082E-01
+7.883301E+02,+3.977575E-06,-1.966030E-06,-1.070583E+02,-4.590599E-01
+7.885742E+02,-3.659627E-06,-3.091631E-06,-1.063920E+02,-2.440129E+00
+7.888184E+02,-2.724039E-06,+4.699489E-07,-1.111684E+02,+2.970755E+00
+7.890625E+02,-3.396304E-07,+1.393356E-06,-1.168681E+02,+1.809884E+00
+7.893066E+02,+2.531124E-06,+1.022856E-06,-1.112768E+02,+3.840455E-01
+7.895508E+02,+5.242335E-06,+1.570450E-06,-1.052363E+02,+2.910629E-01
+7.897949E+02,-1.285122E-05,-1.083979E-05,-9.548743E+01,-2.440894E+00
+7.900391E+02,+1.454854E-05,+1.126778E-05,-9.470284E+01,+6.589949E-01
+7.902832E+02,-1.167975E-05,-3.090828E-06,-9.835738E+01,-2.882891E+00
+7.905273E+02,+2.531108E-06,+7.663580E-07,-1.115529E+02,+2.940014E-01
+7.907715E+02,+2.125161E-06,-6.181542E-06,-1.036929E+02,-1.239663E+00
+7.910156E+02,-2.087718E-06,+5.756513E-06,-1.042601E+02,+1.918714E+00
+7.912598E+02,+4.718991E-06,+2.134177E-06,-1.057148E+02,+4.247258E-01
+7.915039E+02,-6.874376E-06,-4.412599E-06,-1.017569E+02,-2.570939E+00
+7.917480E+02,+1.639958E-06,+5.909360E-06,-1.042470E+02,+1.300090E+00
+7.919922E+02,+5.189604E-06,-3.178862E-06,-1.043136E+02,-5.495923E-01
+7.922363E+02,+4.433453E-06,-5.072529E-06,-1.034308E+02,-8.525259E-01
+7.924805E+02,-1.221216E-05,+5.368007E-06,-9.749696E+01,+2.727453E+00
+7.927246E+02,+3.329901E-06,-7.230397E-06,-1.019814E+02,-1.139210E+00
+7.929688E+02,+3.670535E-06,+3.300614E-06,-1.061320E+02,+7.323833E-01
+7.932129E+02,-6.603498E-06,+5.477221E-06,-1.013309E+02,+2.449155E+00
+7.934570E+02,+4.410702E-06,-6.170635E-06,-1.024010E+02,-9.502137E-01
+7.937012E+02,-3.859965E-06,-1.993482E-06,-1.072415E+02,-2.664871E+00
+7.939453E+02,+3.227635E-06,+6.759405E-06,-1.025098E+02,+1.125308E+00
+7.941895E+02,+1.602918E-06,-3.632066E-06,-1.080241E+02,-1.155181E+00
+7.944336E+02,-5.219061E-06,-4.220464E-06,-1.034630E+02,-2.461591E+00
+7.946777E+02,-2.116877E-06,+7.453209E-06,-1.022162E+02,+1.847531E+00
+7.949219E+02,+7.871005E-06,-4.656553E-06,-1.007761E+02,-5.342264E-01
+7.951660E+02,-3.653709E-06,+1.685732E-06,-1.079072E+02,+2.709319E+00
+7.954102E+02,-1.842469E-07,+5.135960E-07,-1.252618E+02,+1.915235E+00
+7.956543E+02,+2.575043E-07,-1.024414E-06,-1.195244E+02,-1.324531E+00
+7.958984E+02,-3.805630E-06,-2.756369E-06,-1.065599E+02,-2.514752E+00
+7.961426E+02,+5.131139E-06,+5.256185E-06,-1.026796E+02,+7.974359E-01
+7.963867E+02,-9.508205E-06,+2.964288E-06,-1.000352E+02,+2.839381E+00
+7.966309E+02,+8.015671E-06,-1.239461E-05,-9.661788E+01,-9.967402E-01
+7.968750E+02,+1.198839E-07,+6.677546E-06,-1.035063E+02,+1.552845E+00
+7.971191E+02,-3.757504E-06,+8.118631E-06,-1.009674E+02,+2.004264E+00
+7.973633E+02,-8.589920E-09,-1.117690E-05,-9.903357E+01,-1.571565E+00
+7.976074E+02,+1.564327E-06,+5.762311E-07,-1.155609E+02,+3.529341E-01
+7.978516E+02,-1.382733E-05,+2.143261E-07,-9.718419E+01,+3.126094E+00
+7.980957E+02,+1.107554E-05,+1.067077E-05,-9.626108E+01,+7.667871E-01
+7.983398E+02,+2.189884E-06,-9.292939E-06,-1.004022E+02,-1.339368E+00
+7.985840E+02,-2.159968E-05,-2.586454E-06,-9.324922E+01,-3.022415E+00
+7.988281E+02,-3.427622E-06,+2.629177E-05,-9.153041E+01,+1.700434E+00
+7.990723E+02,+2.897840E-05,+1.490296E-05,-8.973939E+01,+4.750049E-01
+7.993164E+02,+1.381312E-05,-2.147795E-05,-9.185683E+01,-9.992655E-01
+7.995605E+02,-3.320998E-06,-1.359757E-05,-9.707915E+01,-1.810341E+00
+7.998047E+02,-9.160359E-06,+6.044382E-06,-9.919205E+01,+2.558330E+00
+8.000488E+02,+1.062156E-05,-5.553084E-06,-9.842682E+01,-4.817307E-01
+8.002930E+02,-1.971923E-05,-7.337519E-06,-9.353903E+01,-2.785367E+00
+8.005371E+02,+2.703921E-06,+2.149243E-05,-9.328609E+01,+1.445646E+00
+8.007812E+02,+1.378588E-05,-1.280067E-05,-9.451110E+01,-7.483582E-01
+8.010254E+02,-1.880849E-05,-1.250568E-05,-9.292301E+01,-2.554817E+00
+8.012695E+02,+2.359260E-05,+3.549794E-05,-8.740714E+01,+9.842128E-01
+8.015137E+02,-2.224463E-05,-4.269285E-05,-8.634979E+01,-2.051133E+00
+8.017578E+02,+3.120694E-06,+2.799133E-05,-9.100587E+01,+1.459767E+00
+8.020020E+02,+1.104175E-05,-7.091962E-06,-9.763927E+01,-5.709334E-01
+8.022461E+02,-7.715122E-06,-9.018341E-06,-9.851233E+01,-2.278471E+00
+8.024902E+02,-8.092041E-06,+1.034678E-05,-9.763118E+01,+2.234516E+00
+8.027344E+02,+1.131895E-05,+5.002002E-06,-9.814915E+01,+4.161092E-01
+8.029785E+02,-1.066925E-05,-9.296701E-06,-9.698402E+01,-2.424831E+00
+8.032227E+02,+6.280283E-06,+5.269290E-06,-1.017258E+02,+6.980855E-01
+8.034668E+02,-6.467430E-06,+8.181164E-06,-9.963535E+01,+2.239734E+00
+8.037109E+02,+5.949810E-06,-1.040743E-05,-9.842498E+01,-1.051454E+00
+8.039551E+02,+1.398699E-06,+5.836188E-06,-1.044349E+02,+1.335573E+00
+8.041992E+02,-2.526603E-06,+7.730400E-06,-1.017952E+02,+1.886691E+00
+8.044434E+02,+6.459374E-06,+6.243135E-06,-1.009313E+02,+7.683765E-01
+8.046875E+02,+3.744299E-06,-1.026520E-05,-9.923018E+01,-1.221036E+00
+8.049316E+02,-1.368900E-05,+1.118915E-05,-9.505031E+01,+2.456342E+00
+8.051758E+02,+2.042874E-05,+2.731433E-05,-8.934269E+01,+9.286325E-01
+8.054199E+02,+5.080989E-05,-1.185795E-05,-8.565071E+01,-2.292750E-01
+8.056641E+02,+8.840851E-06,-5.330057E-05,-8.534749E+01,-1.406425E+00
+8.059082E+02,-3.477561E-05,-4.320436E-05,-8.512019E+01,-2.248524E+00
+8.061523E+02,-3.966749E-05,+1.536989E-05,-8.742383E+01,+2.771936E+00
+8.063965E+02,-5.313100E-06,+1.926456E-05,-9.398643E+01,+1.839903E+00
+8.066406E+02,-5.334060E-06,-6.353855E-07,-1.053977E+02,-3.023033E+00
+8.068848E+02,+8.868287E-06,+2.573413E-05,-9.130245E+01,+1.238930E+00
+8.071289E+02,-3.033909E-06,-7.625055E-06,-1.017169E+02,-1.949480E+00
+8.073730E+02,+4.862245E-06,-8.119645E-06,-1.004784E+02,-1.031241E+00
+8.076172E+02,-8.129000E-06,+1.557103E-05,-9.510692E+01,+2.051935E+00
+8.078613E+02,+1.667025E-05,-1.160311E-05,-9.384545E+01,-6.080612E-01
+8.081055E+02,-2.175508E-05,+5.932964E-06,-9.293723E+01,+2.875351E+00
+8.083496E+02,+1.611927E-05,-4.811191E-07,-9.584923E+01,-2.983859E-02
+8.085938E+02,-1.232968E-05,-1.791622E-06,-9.809022E+01,-2.997293E+00
+8.088379E+02,+8.475385E-06,+1.970571E-05,-9.337103E+01,+1.164616E+00
+8.090820E+02,+5.710826E-06,-1.393441E-05,-9.644393E+01,-1.181839E+00
+8.093262E+02,-7.212540E-06,+2.906618E-06,-1.021847E+02,+2.758507E+00
+8.095703E+02,+3.091138E-06,-3.911066E-06,-1.060465E+02,-9.019630E-01
+8.098145E+02,+1.252817E-06,+4.926551E-06,-1.058770E+02,+1.321776E+00
+8.100586E+02,-1.331124E-06,-6.595521E-06,-1.034416E+02,-1.769943E+00
+8.103027E+02,-2.343182E-06,+6.899420E-06,-1.027497E+02,+1.898194E+00
+8.105469E+02,+9.088943E-06,-5.872977E-06,-9.931441E+01,-5.736760E-01
+8.107910E+02,-8.113934E-06,+3.472223E-06,-1.010851E+02,+2.737240E+00
+8.110352E+02,+1.049360E-06,+7.670307E-07,-1.177224E+02,+6.311978E-01
+8.112793E+02,+5.437224E-07,-8.664071E-07,-1.198035E+02,-1.010358E+00
+8.115234E+02,+4.711232E-06,+2.019406E-07,-1.065293E+02,+4.283743E-02
+8.117676E+02,-7.206770E-06,-7.622663E-07,-1.027969E+02,-3.036214E+00
+8.120117E+02,+9.311507E-06,+1.856331E-06,-1.004503E+02,+1.967790E-01
+8.122559E+02,-8.014662E-06,-7.062207E-06,-9.942677E+01,-2.419284E+00
+8.125000E+02,+2.833433E-06,+4.080239E-06,-1.060771E+02,+9.638197E-01
+8.127441E+02,+4.421449E-06,+7.929157E-07,-1.069512E+02,+1.774477E-01
+8.129883E+02,-1.027648E-05,-2.556862E-06,-9.950226E+01,-2.897737E+00
+8.132324E+02,+2.875142E-06,+2.454570E-06,-1.084493E+02,+7.066506E-01
+8.134766E+02,+6.008870E-06,+1.989650E-06,-1.039723E+02,+3.197562E-01
+8.137207E+02,-5.352440E-06,+5.706441E-07,-1.053799E+02,+3.035380E+00
+8.139648E+02,+4.501380E-07,-3.754445E-06,-1.084471E+02,-1.451471E+00
+8.142090E+02,+4.098242E-06,+5.750217E-06,-1.030224E+02,+9.515905E-01
+8.144531E+02,-5.130787E-06,-6.695061E-06,-1.014783E+02,-2.224682E+00
+8.146973E+02,+4.398528E-06,+1.300512E-08,-1.071338E+02,+2.956689E-03
+8.149414E+02,-9.103849E-07,-2.202464E-07,-1.205685E+02,-2.904227E+00
+8.151855E+02,+2.727136E-06,+8.933411E-06,-1.005927E+02,+1.274508E+00
+8.154297E+02,-1.134698E-05,-1.247774E-05,-9.545998E+01,-2.308768E+00
+8.156738E+02,+1.085723E-05,+1.010401E-05,-9.657635E+01,+7.494796E-01
+8.159180E+02,-1.737132E-06,+9.839686E-07,-1.139948E+02,+2.626221E+00
+8.161621E+02,-2.728733E-06,-8.206797E-06,-1.012611E+02,-1.891794E+00
+8.164062E+02,+1.819403E-06,+6.213797E-07,-1.143223E+02,+3.291089E-01
+8.166504E+02,-5.807458E-07,+1.902190E-06,-1.140279E+02,+1.867112E+00
+8.168945E+02,-7.766565E-08,+4.431547E-06,-1.070676E+02,+1.588320E+00
+8.171387E+02,+3.250309E-06,-7.921290E-06,-1.013483E+02,-1.181420E+00
+8.173828E+02,-8.347876E-07,+7.021205E-06,-1.030108E+02,+1.689136E+00
+8.176270E+02,-1.871416E-06,-8.573041E-06,-1.011351E+02,-1.785716E+00
+8.178711E+02,-1.920724E-06,+5.401950E-06,-1.048320E+02,+1.912417E+00
+8.181152E+02,-3.079367E-06,+2.246162E-08,-1.102305E+02,+3.134299E+00
+8.183594E+02,+7.627455E-06,+1.276845E-07,-1.023512E+02,+1.673856E-02
+8.186035E+02,-1.069116E-06,+1.002740E-06,-1.166786E+02,+2.388221E+00
+8.188477E+02,-6.901343E-06,-8.798274E-07,-1.031513E+02,-3.014790E+00
+8.190918E+02,+5.998183E-06,-1.975541E-08,-1.044396E+02,-3.293554E-03
+8.193359E+02,-2.009745E-06,+1.941241E-07,-1.138969E+02,+3.045300E+00
+8.195801E+02,-6.078807E-08,-2.001738E-06,-1.139678E+02,-1.601155E+00
+8.198242E+02,-1.763126E-06,+8.294432E-06,-1.014323E+02,+1.780246E+00
+8.200684E+02,+7.375844E-06,-1.076720E-05,-9.768695E+01,-9.701888E-01
+8.203125E+02,-6.520685E-06,+9.209358E-06,-9.895064E+01,+2.186905E+00
+8.205566E+02,+1.285144E-06,-4.411706E-06,-1.067541E+02,-1.287337E+00
+8.208008E+02,-5.112366E-07,-6.193587E-07,-1.219046E+02,-2.260852E+00
+8.210449E+02,+1.703590E-06,-6.700747E-06,-1.032055E+02,-1.321832E+00
+8.212891E+02,+3.306149E-06,+1.293322E-05,-9.749095E+01,+1.320524E+00
+8.215332E+02,-7.022304E-06,-1.944299E-06,-1.027496E+02,-2.871484E+00
+8.217773E+02,+1.728477E-07,-4.588338E-06,-1.067607E+02,-1.533143E+00
+8.220215E+02,+9.988100E-06,-1.024387E-07,-1.000099E+02,-1.025572E-02
+8.222656E+02,-9.642621E-06,+1.202428E-06,-1.002491E+02,+3.017534E+00
+8.225098E+02,+6.166380E-07,+1.405684E-06,-1.162779E+02,+1.157400E+00
+8.227539E+02,+7.666466E-06,-1.532774E-06,-1.021379E+02,-1.973305E-01
+8.229980E+02,-1.137886E-05,-1.842709E-06,-9.876560E+01,-2.981045E+00
+8.232422E+02,+9.723657E-06,+4.128528E-06,-9.952358E+01,+4.015198E-01
+8.234863E+02,-2.629457E-06,-3.512130E-06,-1.071559E+02,-2.213451E+00
+8.237305E+02,+3.274435E-07,-1.262294E-06,-1.176940E+02,-1.316987E+00
+8.239746E+02,-3.579469E-06,+4.844290E-06,-1.044034E+02,+2.207159E+00
+8.242188E+02,+1.758165E-06,-6.139363E-06,-1.038952E+02,-1.291885E+00
+8.244629E+02,+2.341411E-06,+5.670205E-06,-1.042443E+02,+1.179191E+00
+8.247070E+02,-4.096024E-06,-8.197916E-06,-1.007581E+02,-2.034158E+00
+8.249512E+02,+3.602823E-06,+1.070916E-05,-9.893922E+01,+1.246266E+00
+8.251953E+02,-6.930035E-07,-3.555444E-06,-1.088202E+02,-1.763296E+00
+8.254395E+02,-4.654651E-06,+1.273179E-06,-1.063289E+02,+2.874595E+00
+8.256836E+02,+8.458424E-06,-6.850406E-06,-9.926380E+01,-6.807433E-01
+8.259277E+02,-2.610826E-06,+8.818865E-06,-1.007269E+02,+1.858625E+00
+8.261719E+02,-4.788824E-06,-6.489769E-06,-1.018675E+02,-2.206511E+00
+8.264160E+02,+3.664230E-06,+2.990328E-06,-1.065036E+02,+6.844729E-01
+8.266602E+02,-1.768826E-06,+7.001910E-06,-1.028270E+02,+1.818240E+00
+8.269043E+02,+5.267520E-06,-1.652443E-05,-9.521717E+01,-1.262208E+00
+8.271484E+02,-6.787736E-06,+1.122166E-05,-9.764474E+01,+2.114795E+00
+8.273926E+02,+4.970172E-06,+3.705789E-07,-1.060485E+02,+7.442287E-02
+8.276367E+02,-1.443267E-06,-5.725771E-06,-1.045758E+02,-1.817718E+00
+8.278809E+02,-6.130862E-06,+5.853060E-06,-1.014360E+02,+2.379372E+00
+8.281250E+02,+1.422426E-05,-3.732709E-06,-9.665018E+01,-2.566321E-01
+8.283691E+02,-1.210769E-05,+3.001046E-06,-9.807983E+01,+2.898627E+00
+8.286133E+02,+4.403659E-07,-6.323341E-06,-1.039601E+02,-1.501267E+00
+8.288574E+02,+1.080358E-05,+5.663119E-06,-9.827431E+01,+4.828112E-01
+8.291016E+02,-1.397414E-05,+6.728677E-07,-9.708344E+01,+3.093479E+00
+8.293457E+02,+7.457449E-06,-5.914428E-06,-1.004290E+02,-6.705133E-01
+8.295898E+02,-2.943604E-06,+6.433226E-06,-1.030059E+02,+1.999921E+00
+8.298340E+02,+2.911270E-06,-6.280392E-06,-1.031949E+02,-1.136732E+00
+8.300781E+02,-5.122134E-07,+4.277693E-06,-1.073140E+02,+1.689969E+00
+8.303223E+02,-1.998270E-06,-6.460679E-08,-1.139824E+02,-3.109272E+00
+8.305664E+02,+1.525054E-06,-6.589436E-06,-1.033964E+02,-1.343361E+00
+8.308105E+02,-4.461660E-07,+1.079916E-05,-9.932479E+01,+1.612088E+00
+8.310547E+02,+1.059643E-06,-2.147051E-06,-1.124164E+02,-1.112335E+00
+8.312988E+02,+4.721135E-06,-7.349225E-06,-1.011747E+02,-9.997830E-01
+8.315430E+02,-1.005027E-05,+3.368872E-06,-9.949399E+01,+2.818161E+00
+8.317871E+02,+2.958928E-07,-2.924747E-06,-1.106340E+02,-1.469971E+00
+8.320312E+02,+1.171444E-05,+6.754274E-06,-9.737909E+01,+5.230185E-01
+8.322754E+02,-1.238055E-05,-2.547267E-06,-9.796513E+01,-2.938677E+00
+8.325195E+02,+7.042456E-06,+1.474924E-06,-1.028591E+02,+2.064492E-01
+8.327637E+02,-3.204177E-06,-8.249148E-06,-1.010615E+02,-1.941285E+00
+8.330078E+02,-9.604444E-07,+9.022091E-06,-1.008449E+02,+1.676852E+00
+8.332520E+02,+4.496397E-06,-3.390138E-06,-1.049880E+02,-6.460356E-01
+8.334961E+02,-3.076088E-06,-3.906678E-06,-1.060687E+02,-2.237802E+00
+8.337402E+02,+5.475804E-08,+1.034257E-05,-9.970731E+01,+1.565502E+00
+8.339844E+02,-9.865366E-07,-9.986312E-06,-9.996972E+01,-1.669266E+00
+8.342285E+02,+1.260029E-06,+4.265453E-06,-1.070374E+02,+1.283562E+00
+8.344727E+02,+3.503601E-06,+6.610764E-06,-1.025199E+02,+1.083450E+00
+8.347168E+02,-5.824813E-06,-1.003916E-05,-9.870589E+01,-2.096536E+00
+8.349609E+02,+4.686117E-06,+1.168999E-06,-1.063216E+02,+2.444703E-01
+8.352051E+02,-3.951971E-06,+3.411266E-07,-1.080315E+02,+3.055488E+00
+8.354492E+02,+3.013673E-07,+1.816397E-06,-1.146978E+02,+1.406379E+00
+8.356934E+02,+1.746692E-06,+1.967135E-06,-1.115986E+02,+8.446859E-01
+8.359375E+02,-5.986863E-06,-2.285098E-06,-1.038654E+02,-2.776974E+00
+8.361816E+02,+9.275917E-06,-5.989787E-08,-1.006527E+02,-6.457263E-03
+8.364258E+02,-4.640335E-06,+1.227157E-06,-1.063754E+02,+2.883057E+00
+8.366699E+02,+6.258597E-07,+2.366502E-06,-1.122243E+02,+1.312249E+00
+8.369141E+02,+3.554453E-08,-5.503186E-06,-1.051875E+02,-1.564337E+00
+8.371582E+02,+4.330563E-06,+2.540798E-07,-1.072542E+02,+5.860412E-02
+8.374023E+02,-8.482858E-06,+8.978066E-07,-1.013808E+02,+3.036147E+00
+8.376465E+02,+1.234284E-07,+1.025965E-05,-9.977672E+01,+1.558766E+00
+8.378906E+02,+8.291288E-06,-1.496094E-05,-9.533762E+01,-1.064738E+00
+8.381348E+02,-5.101568E-06,+5.267259E-06,-1.026946E+02,+2.340216E+00
+8.383789E+02,-1.547558E-06,+3.270259E-07,-1.160173E+02,+2.933339E+00
+8.386230E+02,+7.454955E-06,+7.323992E-06,-9.961709E+01,+7.765369E-01
+8.388672E+02,-5.609642E-06,-1.293119E-05,-9.701837E+01,-1.980103E+00
+8.391113E+02,-2.407817E-06,+5.500762E-06,-1.044302E+02,+1.983395E+00
+8.393555E+02,+5.193830E-06,+4.089035E-06,-1.035956E+02,+6.669409E-01
+8.395996E+02,+3.233705E-06,-4.155587E-06,-1.055712E+02,-9.095160E-01
+8.398438E+02,-1.128984E-05,+2.175003E-06,-9.878798E+01,+2.951273E+00
+8.400879E+02,+6.220705E-06,-5.383003E-06,-1.016958E+02,-7.133306E-01
+8.403320E+02,-4.349130E-06,+5.681852E-06,-1.029074E+02,+2.224108E+00
+8.405762E+02,+5.303601E-06,-4.213876E-06,-1.033833E+02,-6.713974E-01
+8.408203E+02,+2.604514E-06,-7.855435E-07,-1.113073E+02,-2.929318E-01
+8.410645E+02,-6.060065E-06,+6.654119E-06,-1.009151E+02,+2.309505E+00
+8.413086E+02,+2.388004E-06,-2.559328E-06,-1.091177E+02,-8.200139E-01
+8.415527E+02,+2.151409E-06,-3.659994E-08,-1.133443E+02,-1.701043E-02
+8.417969E+02,-7.712007E-06,+3.283129E-06,-1.015333E+02,+2.739115E+00
+8.420410E+02,+4.579664E-06,-1.069039E-05,-9.868837E+01,-1.166057E+00
+8.422852E+02,+5.055669E-06,+1.205331E-05,-9.767404E+01,+1.173643E+00
+8.425293E+02,-2.744557E-06,-8.988165E-06,-1.005394E+02,-1.867156E+00
+8.427734E+02,-1.442968E-06,+3.775615E-06,-1.078682E+02,+1.935848E+00
+8.430176E+02,-2.378557E-06,+3.365247E-06,-1.077000E+02,+2.186072E+00
+8.432617E+02,+4.515857E-06,-5.980916E-06,-1.025054E+02,-9.240746E-01
+8.435059E+02,-4.243230E-06,-3.000726E-06,-1.056849E+02,-2.526064E+00
+8.437500E+02,+6.752179E-06,+9.908735E-06,-9.842316E+01,+9.726377E-01
+8.439941E+02,-7.004692E-06,-2.564689E-06,-1.025459E+02,-2.790613E+00
+8.442383E+02,+4.345235E-06,-7.520075E-06,-1.012244E+02,-1.046847E+00
+8.444824E+02,-3.273173E-06,+7.000511E-06,-1.022387E+02,+2.008158E+00
+8.447266E+02,+6.142081E-06,+1.437901E-06,-1.040020E+02,+2.299651E-01
+8.449707E+02,-8.885964E-06,-8.465702E-06,-9.822093E+01,-2.380410E+00
+8.452148E+02,+3.646622E-06,+1.060965E-05,-9.900104E+01,+1.239738E+00
+8.454590E+02,-4.136974E-06,-4.154475E-06,-1.046377E+02,-2.354084E+00
+8.457031E+02,+9.286302E-06,-5.573229E-06,-9.930716E+01,-5.405341E-01
+8.459473E+02,-3.991740E-06,+3.131830E-06,-1.058935E+02,+2.476327E+00
+8.461914E+02,-1.019669E-06,+1.164848E-06,-1.162041E+02,+2.289834E+00
+8.464355E+02,+1.004119E-06,+1.485667E-06,-1.149276E+02,+9.764484E-01
+8.466797E+02,+2.026998E-06,-2.889182E-06,-1.090462E+02,-9.590094E-01
+8.469238E+02,-1.030616E-05,+1.347927E-06,-9.966440E+01,+3.011542E+00
+8.471680E+02,+1.444356E-05,+2.436687E-06,-9.668464E+01,+1.671304E-01
+8.474121E+02,-1.077904E-05,-4.769818E-06,-9.857176E+01,-2.724986E+00
+8.476562E+02,+5.777846E-06,-1.327445E-06,-1.045413E+02,-2.258284E-01
+8.479004E+02,-1.908003E-06,+7.473915E-06,-1.022548E+02,+1.820746E+00
+8.481445E+02,+3.029186E-06,-4.802889E-06,-1.049156E+02,-1.008108E+00
+8.483887E+02,-6.964578E-06,-2.231746E-06,-1.027176E+02,-2.831489E+00
+8.486328E+02,-1.184501E-06,+9.437303E-06,-1.004352E+02,+1.695656E+00
+8.488770E+02,+9.173525E-06,-7.089468E-06,-9.871555E+01,-6.579456E-01
+8.491211E+02,-4.972458E-06,-4.647718E-06,-1.033417E+02,-2.389938E+00
+8.493652E+02,+1.041063E-07,+6.084418E-06,-1.043143E+02,+1.553688E+00
+8.496094E+02,+8.360648E-07,+2.063037E-06,-1.130495E+02,+1.185764E+00
+8.498535E+02,-3.725479E-07,-5.256162E-06,-1.055649E+02,-1.641556E+00
+8.500977E+02,+1.507451E-07,+3.765520E-06,-1.084765E+02,+1.530785E+00
+8.503418E+02,-2.170786E-06,-2.129188E-07,-1.132261E+02,-3.043822E+00
+8.505859E+02,+3.063348E-06,+2.854996E-08,-1.102757E+02,+9.319585E-03
+8.508301E+02,-7.780650E-07,+2.064173E-06,-1.131281E+02,+1.931265E+00
+8.510742E+02,-1.916941E-06,-3.272218E-06,-1.084218E+02,-2.100727E+00
+8.513184E+02,+3.333519E-07,-5.230378E-06,-1.056117E+02,-1.507149E+00
+8.515625E+02,+3.548365E-06,+7.099415E-06,-1.020071E+02,+1.107300E+00
+8.518066E+02,-6.154455E-07,+7.567927E-06,-1.023918E+02,+1.651941E+00
+8.520508E+02,-5.591845E-06,-1.769955E-05,-9.462757E+01,-1.876804E+00
+8.522949E+02,+4.447375E-06,+1.205302E-05,-9.782372E+01,+1.217310E+00
+8.525391E+02,-2.003570E-06,-2.391615E-06,-1.101170E+02,-2.268134E+00
+8.527832E+02,+5.319828E-07,-3.210700E-06,-1.097504E+02,-1.406597E+00
+8.530273E+02,+5.290980E-06,+4.872411E-06,-1.028622E+02,+7.442374E-01
+8.532715E+02,-4.548937E-06,+8.818826E-07,-1.066816E+02,+2.950102E+00
+8.535156E+02,+4.065453E-06,-3.701103E-06,-1.051962E+02,-7.385198E-01
+8.537598E+02,-3.110698E-06,+4.328029E-06,-1.054656E+02,+2.193985E+00
+8.540039E+02,-4.311864E-06,-1.163790E-05,-9.812386E+01,-1.925618E+00
+8.542480E+02,+2.929090E-06,+9.628598E-06,-9.994435E+01,+1.275484E+00
+8.544922E+02,-1.412356E-08,-2.606625E-07,-1.316657E+02,-1.624927E+00
+8.547363E+02,-4.141369E-06,-2.807586E-06,-1.060148E+02,-2.545828E+00
+8.549805E+02,+7.249720E-06,+4.940071E-07,-1.027735E+02,+6.803638E-02
+8.552246E+02,-2.486015E-06,-2.375284E-06,-1.092730E+02,-2.378969E+00
+8.554688E+02,+3.376261E-06,+4.948084E-06,-1.044511E+02,+9.720233E-01
+8.557129E+02,-2.876704E-06,-7.219965E-06,-1.021894E+02,-1.949955E+00
+8.559570E+02,-6.810055E-07,+1.142067E-05,-9.883076E+01,+1.630355E+00
+8.562012E+02,-3.633923E-07,-8.648254E-06,-1.012538E+02,-1.612791E+00
+8.564453E+02,+4.691695E-06,+8.392411E-06,-1.003412E+02,+1.061039E+00
+8.566895E+02,-6.947507E-06,-9.267353E-06,-9.872404E+01,-2.214090E+00
+8.569336E+02,+3.506128E-06,+4.716355E-06,-1.046172E+02,+9.315341E-01
+8.571777E+02,-9.971152E-07,+1.801821E-06,-1.137255E+02,+2.076241E+00
+8.574219E+02,-2.108400E-06,-3.941135E-06,-1.069945E+02,-2.062029E+00
+8.576660E+02,+6.131399E-06,-2.421966E-06,-1.036191E+02,-3.761975E-01
+8.579102E+02,-9.344742E-07,+2.892509E-06,-1.103434E+02,+1.883279E+00
+8.581543E+02,-6.049280E-06,+4.272629E-06,-1.026083E+02,+2.526649E+00
+8.583984E+02,+2.250051E-06,-4.903027E-06,-1.053607E+02,-1.140557E+00
+8.586426E+02,+2.705729E-06,+2.305679E-06,-1.089835E+02,+7.057393E-01
+8.588867E+02,-1.928154E-06,-1.410222E-06,-1.124363E+02,-2.510113E+00
+8.591309E+02,+3.470330E-06,-1.394690E-06,-1.085423E+02,-3.821343E-01
+8.593750E+02,-7.127495E-06,+3.001308E-07,-1.029336E+02,+3.099509E+00
+8.596191E+02,+5.170262E-06,-3.772323E-07,-1.057067E+02,-7.283287E-02
+8.598633E+02,-1.224729E-06,+6.063766E-06,-1.041715E+02,+1.770090E+00
+8.601074E+02,+1.592117E-06,-3.974836E-06,-1.073674E+02,-1.189817E+00
+8.603516E+02,+1.673177E-06,-2.891928E-06,-1.095223E+02,-1.046285E+00
+8.605957E+02,-6.348633E-06,+1.847656E-06,-1.035933E+02,+2.858383E+00
+8.608398E+02,+6.518992E-06,+3.677683E-06,-1.025164E+02,+5.136412E-01
+8.610840E+02,-7.144891E-06,-3.005946E-06,-1.022123E+02,-2.743359E+00
+8.613281E+02,+5.838655E-06,+1.139844E-06,-1.045113E+02,+1.927988E-01
+8.615723E+02,-6.798321E-07,-2.174601E-06,-1.128474E+02,-1.873794E+00
+8.618164E+02,-1.273264E-06,-4.319012E-06,-1.069304E+02,-1.857480E+00
+8.620605E+02,+6.621676E-07,+1.028339E-05,-9.973930E+01,+1.506493E+00
+8.623047E+02,+1.612596E-06,-6.365071E-06,-1.036538E+02,-1.322666E+00
+8.625488E+02,-3.616636E-06,+3.968883E-06,-1.054012E+02,+2.309791E+00
+8.627930E+02,+2.526954E-06,-6.613654E-06,-1.029994E+02,-1.205832E+00
+8.630371E+02,-4.229606E-06,+7.545915E-06,-1.012592E+02,+2.081677E+00
+8.632812E+02,+7.595556E-06,-4.681407E-06,-1.009904E+02,-5.523440E-01
+8.635254E+02,-7.948381E-06,-3.130875E-06,-1.013680E+02,-2.766355E+00
+8.637695E+02,+5.800380E-06,+5.559003E-06,-1.019012E+02,+7.641522E-01
+8.640137E+02,-2.402090E-07,+7.891058E-07,-1.216724E+02,+1.866291E+00
+8.642578E+02,-3.270826E-06,-8.730383E-07,-1.094080E+02,-2.880757E+00
+8.645020E+02,-2.782337E-06,-4.218947E-06,-1.059276E+02,-2.153811E+00
+8.647461E+02,+7.826742E-06,+8.489746E-06,-9.875060E+01,+8.260098E-01
+8.649902E+02,-2.168472E-06,-9.190957E-06,-1.004975E+02,-1.802495E+00
+8.652344E+02,-2.422947E-06,+2.665565E-06,-1.088686E+02,+2.308551E+00
+8.654785E+02,+3.765128E-06,+3.320033E-06,-1.059862E+02,+7.226598E-01
+8.657227E+02,-5.877573E-06,-5.099580E-06,-1.021787E+02,-2.426950E+00
+8.659668E+02,+4.087278E-06,+1.983419E-06,-1.068529E+02,+4.517914E-01
+8.662109E+02,+4.578976E-07,+4.221030E-06,-1.074408E+02,+1.462739E+00
+8.664551E+02,-2.673380E-06,-5.104112E-06,-1.047888E+02,-2.053278E+00
+8.666992E+02,+9.786424E-07,+4.166008E-07,-1.194642E+02,+4.024571E-01
+8.669434E+02,-4.664677E-06,-1.596746E-06,-1.061424E+02,-2.811789E+00
+8.671875E+02,+6.816597E-06,+7.013374E-06,-1.001930E+02,+7.996255E-01
+8.674316E+02,-4.056356E-06,-4.071589E-06,-1.048107E+02,-2.354320E+00
+8.676758E+02,+9.982487E-06,-2.396867E-06,-9.977180E+01,-2.356463E-01
+8.679199E+02,-1.267005E-05,+2.313320E-06,-9.780202E+01,+2.961000E+00
+8.681641E+02,+3.209860E-06,+2.249438E-06,-1.081352E+02,+6.112560E-01
+8.684082E+02,+6.720094E-06,-2.198495E-06,-1.030109E+02,-3.161775E-01
+8.686523E+02,-5.199902E-06,-5.311094E-06,-1.025769E+02,-2.345616E+00
+8.688965E+02,-4.992037E-06,+5.745292E-06,-1.023711E+02,+2.286156E+00
+8.691406E+02,+3.605276E-06,+4.203517E-06,-1.051332E+02,+8.618599E-01
+8.693848E+02,+8.338921E-06,-8.729689E-06,-9.836406E+01,-8.082881E-01
+8.696289E+02,-8.723146E-06,+4.431646E-06,-1.001894E+02,+2.671539E+00
+8.698730E+02,+3.042745E-06,-3.503039E-06,-1.066696E+02,-8.556017E-01
+8.701172E+02,-6.494161E-06,+7.954302E-06,-9.976974E+01,+2.255478E+00
+8.703613E+02,+7.689686E-06,-9.139095E-06,-9.845715E+01,-8.713130E-01
+8.706055E+02,+1.279759E-06,+7.113699E-06,-1.028198E+02,+1.392800E+00
+8.708496E+02,-6.511766E-06,-3.690996E-06,-1.025161E+02,-2.625928E+00
+8.710938E+02,-1.213788E-06,-2.448021E-07,-1.181440E+02,-2.942578E+00
+8.713379E+02,+6.093783E-06,-2.908811E-07,-1.042924E+02,-4.769787E-02
+8.715820E+02,-4.085931E-06,+1.886970E-07,-1.077649E+02,+3.095443E+00
+8.718262E+02,+1.045910E-05,+4.235233E-06,-9.895070E+01,+3.847517E-01
+8.720703E+02,-1.316825E-05,-1.922873E-06,-9.751781E+01,-2.996594E+00
+8.723145E+02,+2.395985E-06,-5.114267E-06,-1.049626E+02,-1.132673E+00
+8.725586E+02,+2.540586E-06,+3.819249E-06,-1.067693E+02,+9.838058E-01
+8.728027E+02,-3.034128E-06,+4.162248E-06,-1.057626E+02,+2.200698E+00
+8.730469E+02,+3.511847E-06,-7.275387E-06,-1.018532E+02,-1.121082E+00
+8.732910E+02,-4.704651E-07,+1.079908E-06,-1.185776E+02,+1.981655E+00
+8.735352E+02,+8.341560E-07,+2.340825E-06,-1.120934E+02,+1.228474E+00
+8.737793E+02,+1.532353E-06,-1.368830E-06,-1.137450E+02,-7.290933E-01
+8.740234E+02,-7.933929E-06,+3.040526E-06,-1.014151E+02,+2.775625E+00
+8.742676E+02,+1.003497E-05,-4.421374E-06,-9.919918E+01,-4.150067E-01
+8.745117E+02,-9.141248E-06,+6.566142E-06,-9.897304E+01,+2.518691E+00
+8.747559E+02,+7.008025E-06,-6.570102E-06,-1.003490E+02,-7.531573E-01
+8.750000E+02,-4.130429E-06,+2.871539E-06,-1.059677E+02,+2.534085E+00
+8.752441E+02,+2.661227E-06,+9.133920E-07,-1.110147E+02,+3.306239E-01
+8.754883E+02,-2.341858E-06,-2.181388E-06,-1.098958E+02,-2.391656E+00
+8.757324E+02,+3.480794E-07,-4.496613E-06,-1.069163E+02,-1.493541E+00
+8.759766E+02,+8.432781E-07,+6.927093E-06,-1.031251E+02,+1.449656E+00
+8.762207E+02,-1.191688E-06,+2.493181E-06,-1.111713E+02,+2.016672E+00
+8.764648E+02,+1.270635E-06,-2.868087E-06,-1.100699E+02,-1.153758E+00
+8.767090E+02,+1.949714E-06,-1.186499E-06,-1.128323E+02,-5.466828E-01
+8.769531E+02,-2.710790E-06,-7.697606E-06,-1.017652E+02,-1.909394E+00
+8.771973E+02,-4.040830E-06,+1.364247E-05,-9.693692E+01,+1.858758E+00
+8.774414E+02,+7.408659E-06,-7.178433E-06,-9.972984E+01,-7.696166E-01
+8.776855E+02,-7.806240E-07,+2.878993E-06,-1.105071E+02,+1.835575E+00
+8.779297E+02,-3.790972E-06,-2.758612E-06,-1.065794E+02,-2.512530E+00
+8.781738E+02,-6.588740E-08,+6.817466E-08,-1.404629E+02,+2.339135E+00
+8.784180E+02,+4.992531E-06,+1.266049E-06,-1.057629E+02,+2.483534E-01
+8.786621E+02,-4.933231E-06,+2.221597E-06,-1.053354E+02,+2.718462E+00
+8.789062E+02,+1.470083E-06,-2.320192E-06,-1.112237E+02,-1.006034E+00
+8.791504E+02,-3.514041E-07,-3.101387E-06,-1.101135E+02,-1.683621E+00
+8.793945E+02,+2.901662E-06,+2.749212E-06,-1.079648E+02,+7.584266E-01
+8.796387E+02,-5.535784E-06,+4.412157E-06,-1.030006E+02,+2.468668E+00
+8.798828E+02,+3.445907E-06,-3.803676E-06,-1.057935E+02,-8.347085E-01
+8.801270E+02,+2.437652E-06,-2.163028E-06,-1.097384E+02,-7.257768E-01
+8.803711E+02,-1.899176E-07,-8.799746E-07,-1.209129E+02,-1.783358E+00
+8.806152E+02,-5.414248E-06,+6.956774E-06,-1.010952E+02,+2.232146E+00
+8.808594E+02,-2.169150E-06,-4.955078E-06,-1.053376E+02,-1.983427E+00
+8.811035E+02,+1.477024E-05,+9.226623E-08,-9.661208E+01,+6.246685E-03
+8.813477E+02,-1.583280E-05,-2.953710E-07,-9.600734E+01,-3.122939E+00
+8.815918E+02,+5.884176E-06,+3.842457E-06,-1.030638E+02,+5.784920E-01
+8.818359E+02,-6.342590E-07,-4.955736E-06,-1.060273E+02,-1.698089E+00
+8.820801E+02,+3.538898E-06,+5.352782E-07,-1.089244E+02,+1.501177E-01
+8.823242E+02,-2.701932E-06,-2.559382E-06,-1.085852E+02,-2.383282E+00
+8.825684E+02,-1.561025E-06,+8.305707E-06,-1.014617E+02,+1.756575E+00
+8.828125E+02,+5.150087E-06,-1.150514E-07,-1.057615E+02,-2.233599E-02
+8.830566E+02,-4.958827E-06,-6.892270E-06,-1.014211E+02,-2.194475E+00
+8.833008E+02,+4.154513E-08,+4.405031E-06,-1.071206E+02,+1.561365E+00
+8.835449E+02,+1.448541E-06,-3.893490E-06,-1.076302E+02,-1.214622E+00
+8.837891E+02,+3.947311E-06,+1.994378E-06,-1.070866E+02,+4.678386E-01
+8.840332E+02,-8.866004E-06,+3.582067E-07,-1.010384E+02,+3.101212E+00
+8.842773E+02,+8.364989E-06,-1.829157E-06,-1.013478E+02,-2.152796E-01
+8.845215E+02,-5.454972E-06,+5.873393E-06,-1.019210E+02,+2.319276E+00
+8.847656E+02,+2.812392E-06,-6.266830E-06,-1.032622E+02,-1.148962E+00
+8.850098E+02,-5.685310E-06,+7.330603E-06,-1.006520E+02,+2.230455E+00
+8.852539E+02,+9.175900E-06,-7.559909E-06,-9.849706E+01,-6.891377E-01
+8.854980E+02,-6.391057E-07,+9.548846E-07,-1.187934E+02,+2.160621E+00
+8.857422E+02,-4.303740E-06,+2.496151E-06,-1.060637E+02,+2.616012E+00
+8.859863E+02,-5.263516E-06,-5.272903E-07,-1.055311E+02,-3.041747E+00
+8.862305E+02,+4.597599E-06,+7.680164E-07,-1.066299E+02,+1.655190E-01
+8.864746E+02,+3.449695E-06,-2.704161E-06,-1.071641E+02,-6.648366E-01
+8.867188E+02,-2.213315E-06,+2.262783E-06,-1.099918E+02,+2.345143E+00
+8.869629E+02,+1.192736E-06,-6.522678E-06,-1.035686E+02,-1.389935E+00
+8.872070E+02,-3.479092E-06,+8.293729E-06,-1.009211E+02,+1.967986E+00
+8.874512E+02,+1.834352E-06,-1.905489E-06,-1.115517E+02,-8.044174E-01
+8.876953E+02,+1.600575E-06,+1.210932E-06,-1.139489E+02,+6.476865E-01
+8.879395E+02,-1.257439E-07,-5.831048E-06,-1.046830E+02,-1.592358E+00
+8.881836E+02,-6.992648E-07,+9.521989E-06,-1.004021E+02,+1.644102E+00
+8.884277E+02,+1.392869E-06,-1.125848E-05,-9.890443E+01,-1.447705E+00
+8.886719E+02,-3.461785E-06,+1.060384E-05,-9.905091E+01,+1.886353E+00
+8.889160E+02,+6.157023E-07,-3.538381E-06,-1.088944E+02,-1.398515E+00
+8.891602E+02,+1.912776E-06,-2.070259E-06,-1.109992E+02,-8.249160E-01
+8.894043E+02,+4.374356E-07,-1.968707E-06,-1.139071E+02,-1.352154E+00
+8.896484E+02,-2.013194E-06,+4.198631E-06,-1.066391E+02,+2.017900E+00
+8.898926E+02,+1.639072E-06,-4.894820E-06,-1.057437E+02,-1.247674E+00
+8.901367E+02,-1.855125E-06,+3.784427E-06,-1.075047E+02,+2.026573E+00
+8.903809E+02,+2.819770E-06,+2.634545E-06,-1.082705E+02,+7.514519E-01
+8.906250E+02,-1.248807E-06,-2.535171E-06,-1.109764E+02,-2.028501E+00
+8.908691E+02,+3.041800E-06,-3.192701E-07,-1.102898E+02,-1.045780E-01
+8.911133E+02,-6.473283E-06,-1.795139E-06,-1.034557E+02,-2.871075E+00
+8.913574E+02,+3.255858E-06,+3.672395E-06,-1.061822E+02,+8.454473E-01
+8.916016E+02,+7.409652E-07,-3.590995E-06,-1.087146E+02,-1.367312E+00
+8.918457E+02,-3.357085E-06,+2.017946E-06,-1.081411E+02,+2.600364E+00
+8.920898E+02,+2.429781E-06,+1.155743E-06,-1.114029E+02,+4.439846E-01
+8.923340E+02,+2.144409E-06,-5.601645E-06,-1.044398E+02,-1.205189E+00
+8.925781E+02,-4.659341E-06,+6.206076E-06,-1.022022E+02,+2.214791E+00
+8.928223E+02,+4.730206E-06,-1.385945E-06,-1.061447E+02,-2.850215E-01
+8.930664E+02,-2.987339E-07,-9.360233E-08,-1.300876E+02,-2.837952E+00
+8.933105E+02,-3.084063E-06,-4.368766E-06,-1.054367E+02,-2.185494E+00
+8.935547E+02,-2.101595E-06,+2.365612E-06,-1.099944E+02,+2.297162E+00
+8.937988E+02,+6.644892E-06,+2.562545E-06,-1.029481E+02,+3.680674E-01
+8.940430E+02,-2.710891E-06,+3.866408E-06,-1.065173E+02,+2.182287E+00
+8.942871E+02,-3.522515E-06,-1.556058E-05,-9.594245E+01,-1.793419E+00
+8.945312E+02,+3.548372E-06,+1.338340E-05,-9.717363E+01,+1.311627E+00
+8.947754E+02,+7.294602E-07,+7.712079E-07,-1.194812E+02,+8.132104E-01
+8.950195E+02,+1.377903E-07,-6.445685E-06,-1.038126E+02,-1.549423E+00
+8.952637E+02,+3.534819E-06,+3.465075E-06,-1.061080E+02,+7.754349E-01
+8.955078E+02,-9.601833E-06,-3.516778E-06,-9.980622E+01,-2.790505E+00
+8.957520E+02,-1.054155E-06,+7.327259E-06,-1.026122E+02,+1.713683E+00
+8.959961E+02,+1.141592E-05,-3.555601E-06,-9.844769E+01,-3.019370E-01
+8.962402E+02,-5.261639E-06,-4.837862E-06,-1.029167E+02,-2.398130E+00
+8.964844E+02,-1.084607E-06,+2.231618E-06,-1.121067E+02,+2.023196E+00
+8.967285E+02,-1.515575E-06,+1.971707E-06,-1.120869E+02,+2.226134E+00
+8.969727E+02,+1.520371E-06,-2.104700E-06,-1.117126E+02,-9.452145E-01
+8.972168E+02,-1.511960E-06,+1.693217E-06,-1.128794E+02,+2.299704E+00
+8.974609E+02,+1.178349E-06,+1.084905E-06,-1.159082E+02,+7.441340E-01
+8.977051E+02,+2.025999E-06,-1.345117E-06,-1.122812E+02,-5.861040E-01
+8.979492E+02,-4.787149E-07,-2.130373E-06,-1.132169E+02,-1.791834E+00
+8.981934E+02,-2.180009E-06,-3.861425E-06,-1.070635E+02,-2.084750E+00
+8.984375E+02,+2.905228E-07,+1.342133E-05,-9.744205E+01,+1.549153E+00
+8.986816E+02,+2.439774E-06,-7.311240E-06,-1.022617E+02,-1.248714E+00
+8.989258E+02,-1.007250E-06,+7.433341E-07,-1.180490E+02,+2.505826E+00
+8.991699E+02,-5.940912E-06,-2.462565E-06,-1.038343E+02,-2.748641E+00
+8.994141E+02,+3.596229E-06,+2.205333E-06,-1.074967E+02,+5.500941E-01
+8.996582E+02,+6.499067E-06,+1.900718E-06,-1.033865E+02,+2.845251E-01
+8.999023E+02,-1.251837E-05,-3.205275E-06,-9.777327E+01,-2.890932E+00
+9.001465E+02,+1.670784E-05,+5.340606E-06,-9.511909E+01,+3.093824E-01
+9.003906E+02,-1.315850E-05,-2.667002E-06,-9.744103E+01,-2.941619E+00
+9.006348E+02,+4.497836E-06,-3.130762E-07,-1.069189E+02,-6.949387E-02
+9.008789E+02,+2.324865E-07,+1.235474E-06,-1.180122E+02,+1.384795E+00
+9.011230E+02,+5.758609E-06,-1.354274E-06,-1.045599E+02,-2.309766E-01
+9.013672E+02,-6.761065E-06,-7.142918E-07,-1.033515E+02,-3.036335E+00
+9.016113E+02,+6.202695E-06,+1.198825E-06,-1.039891E+02,+1.909208E-01
+9.018555E+02,-3.978152E-06,-4.266756E-06,-1.046813E+02,-2.321205E+00
+9.020996E+02,-4.842507E-07,-1.908655E-07,-1.256715E+02,-2.766143E+00
+9.023438E+02,-1.666606E-06,+4.701138E-06,-1.060418E+02,+1.911484E+00
+9.025879E+02,+6.307775E-06,-9.574826E-07,-1.039035E+02,-1.506440E-01
+9.028320E+02,-2.658531E-06,-5.808736E-06,-1.038924E+02,-2.000017E+00
+9.030762E+02,-8.305624E-06,+2.370802E-06,-1.012724E+02,+2.863542E+00
+9.033203E+02,+9.031051E-06,+1.205047E-06,-1.008086E+02,+1.326502E-01
+9.035645E+02,-2.720603E-06,+2.934466E-06,-1.079553E+02,+2.318395E+00
+9.038086E+02,-4.418160E-06,-3.293959E-06,-1.051755E+02,-2.500946E+00
+9.040527E+02,+4.606300E-06,-1.861084E-06,-1.060763E+02,-3.839759E-01
+9.042969E+02,+2.274520E-08,+3.672185E-06,-1.087013E+02,+1.564602E+00
+9.045410E+02,+1.292216E-06,-8.109432E-07,-1.163312E+02,-5.604382E-01
+9.047852E+02,-5.326459E-06,-1.513759E-06,-1.051339E+02,-2.864697E+00
+9.050293E+02,+2.094648E-06,+1.768647E-06,-1.112403E+02,+7.012136E-01
+9.052734E+02,+2.983430E-06,+2.442268E-07,-1.104767E+02,+8.167896E-02
+9.055176E+02,-2.976484E-06,-9.292376E-06,-1.002133E+02,-1.880785E+00
+9.057617E+02,+4.492163E-06,+1.389518E-05,-9.671100E+01,+1.258112E+00
+9.060059E+02,-9.439465E-06,-4.660558E-06,-9.955365E+01,-2.682973E+00
+9.062500E+02,+4.404374E-06,-1.339268E-06,-1.067383E+02,-2.951928E-01
+9.064941E+02,+1.853291E-06,-1.171956E-06,-1.131802E+02,-5.638778E-01
+9.067383E+02,+7.796023E-07,+2.560913E-06,-1.114472E+02,+1.275286E+00
+9.069824E+02,-3.449576E-06,-3.241405E-06,-1.064963E+02,-2.387297E+00
+9.072266E+02,-9.061448E-07,+4.441975E-06,-1.068714E+02,+1.772031E+00
+9.074707E+02,+2.623755E-06,+3.755548E-06,-1.067802E+02,+9.609874E-01
+9.077148E+02,+3.716039E-07,-1.409534E-05,-9.701546E+01,-1.544439E+00
+9.079590E+02,-1.121258E-06,+1.103989E-05,-9.909614E+01,+1.672013E+00
+9.082031E+02,+7.296556E-07,+2.241153E-06,-1.125530E+02,+1.256048E+00
+9.084473E+02,+5.178783E-07,-8.799374E-06,-1.010959E+02,-1.512010E+00
+9.086914E+02,-3.178699E-06,+3.256686E-06,-1.068382E+02,+2.344077E+00
+9.089355E+02,+4.226168E-06,+4.639328E-06,-1.040468E+02,+8.319677E-01
+9.091797E+02,-2.549782E-06,-1.487284E-06,-1.105981E+02,-2.613544E+00
+9.094238E+02,+4.666994E-06,-3.121899E-07,-1.065999E+02,-6.679363E-02
+9.096680E+02,-8.204556E-06,-4.931672E-06,-1.003793E+02,-2.600373E+00
+9.099121E+02,+4.966046E-06,+5.195607E-06,-1.028688E+02,+8.079852E-01
+9.101562E+02,+6.631930E-07,-1.580570E-06,-1.153194E+02,-1.173516E+00
+9.104004E+02,+1.698754E-06,-1.869889E-07,-1.153451E+02,-1.096328E-01
+9.106445E+02,-4.548388E-06,-7.784046E-07,-1.067175E+02,-2.972096E+00
+9.108887E+02,-3.020118E-06,+3.628368E-06,-1.065196E+02,+2.264961E+00
+9.111328E+02,+6.088544E-06,-5.154969E-06,-1.019624E+02,-7.025560E-01
+9.113770E+02,+4.019090E-06,+3.462158E-06,-1.055068E+02,+7.110915E-01
+9.116211E+02,-1.292892E-05,-1.714353E-06,-9.769306E+01,-3.009763E+00
+9.118652E+02,+1.104652E-05,+2.872701E-07,-9.913255E+01,+2.599962E-02
+9.121094E+02,-3.745943E-06,-1.153319E-06,-1.081355E+02,-2.842918E+00
+9.123535E+02,-2.211204E-06,+2.790836E-06,-1.089694E+02,+2.240830E+00
+9.125977E+02,+4.247628E-06,-3.272149E-06,-1.054137E+02,-6.563967E-01
+9.128418E+02,-2.564917E-06,+5.658339E-06,-1.041346E+02,+1.996390E+00
+9.130859E+02,+1.761023E-06,-4.524475E-06,-1.062760E+02,-1.199616E+00
+9.133301E+02,-9.316037E-07,+6.182218E-07,-1.190306E+02,+2.555709E+00
+9.135742E+02,-1.255047E-06,+3.321049E-07,-1.177329E+02,+2.882906E+00
+9.138184E+02,+4.571542E-06,+8.344999E-07,-1.066564E+02,+1.805544E-01
+9.140625E+02,-4.044996E-06,+2.701042E-06,-1.062603E+02,+2.552841E+00
+9.143066E+02,+1.439160E-06,-9.733318E-06,-1.001409E+02,-1.424001E+00
+9.145508E+02,+5.519192E-07,+8.687512E-06,-1.012046E+02,+1.507351E+00
+9.147949E+02,-4.096833E-06,-1.257112E-07,-1.077469E+02,-3.110917E+00
+9.150391E+02,+3.054125E-06,-3.388145E-06,-1.068179E+02,-8.371999E-01
+9.152832E+02,-3.395021E-06,+1.773651E-06,-1.083351E+02,+2.660165E+00
+9.155273E+02,+9.408909E-07,-3.222618E-06,-1.094806E+02,-1.286728E+00
+9.157715E+02,+8.613385E-06,+4.031704E-06,-1.004362E+02,+4.377824E-01
+9.160156E+02,-8.094783E-06,-1.515124E-07,-1.018344E+02,-3.122878E+00
+9.162598E+02,-1.135711E-07,-6.936572E-07,-1.230622E+02,-1.733084E+00
+9.165039E+02,+9.005151E-06,-9.954656E-07,-1.008574E+02,-1.100970E-01
+9.167480E+02,-5.806620E-06,-3.221216E-06,-1.035563E+02,-2.635111E+00
+9.169922E+02,-3.622789E-06,+5.397868E-06,-1.037405E+02,+2.161898E+00
+9.172363E+02,+6.411980E-06,-2.653985E-06,-1.031734E+02,-3.924402E-01
+9.174805E+02,-8.780607E-06,+2.978855E-06,-1.006564E+02,+2.814523E+00
+9.177246E+02,+3.183858E-06,-2.656737E-07,-1.099108E+02,-8.325109E-02
+9.179688E+02,+2.006882E-06,-2.692657E-07,-1.138721E+02,-1.333746E-01
+9.182129E+02,-1.764599E-06,-5.102222E-06,-1.053541E+02,-1.903769E+00
+9.184570E+02,+6.252990E-08,+4.091042E-06,-1.077623E+02,+1.555513E+00
+9.187012E+02,+6.861295E-06,-8.129901E-07,-1.032113E+02,-1.179394E-01
+9.189453E+02,-6.864365E-06,-4.602465E-07,-1.032485E+02,-3.074644E+00
+9.191895E+02,+1.013634E-06,+5.789204E-06,-1.046165E+02,+1.397463E+00
+9.194336E+02,+1.913321E-06,-4.259609E-06,-1.066144E+02,-1.148627E+00
+9.196777E+02,-2.869724E-06,-4.689484E-06,-1.051961E+02,-2.119955E+00
+9.199219E+02,-1.053279E-05,+4.118926E-06,-9.893112E+01,+2.768819E+00
+9.201660E+02,+9.422189E-06,+3.118708E-06,-1.000655E+02,+3.196456E-01
+9.204102E+02,-3.202750E-06,+6.296519E-06,-1.030187E+02,+2.041343E+00
+9.206543E+02,+9.966394E-06,+4.631979E-06,-9.917990E+01,+4.350601E-01
+9.208984E+02,+4.541329E-06,-2.095370E-06,-1.060181E+02,-4.322938E-01
+9.211426E+02,+1.122124E-05,-1.445535E-05,-9.475120E+01,-9.106938E-01
+9.213867E+02,-5.420174E-06,-2.249841E-06,-1.046294E+02,-2.748149E+00
+9.216309E+02,-1.335098E-05,-9.615786E-06,-9.567493E+01,-2.517418E+00
+9.218750E+02,+2.237897E-06,+7.591535E-06,-1.020315E+02,+1.284128E+00
+9.221191E+02,-8.307504E-06,+4.491512E-06,-1.004969E+02,+2.645951E+00
+9.223633E+02,+8.731990E-06,-1.724105E-06,-1.010116E+02,-1.949396E-01
+9.226074E+02,-6.872659E-06,-9.965261E-07,-1.031671E+02,-2.997598E+00
+9.228516E+02,+2.051965E-06,-1.779989E-06,-1.113201E+02,-7.145412E-01
+9.230957E+02,-2.638023E-06,+7.982781E-06,-1.015068E+02,+1.889962E+00
+9.233398E+02,+2.913495E-06,-6.652835E-06,-1.027779E+02,-1.158023E+00
+9.235840E+02,-9.120939E-07,+4.479716E-06,-1.067986E+02,+1.771656E+00
+9.238281E+02,+3.449057E-07,+8.379531E-06,-1.015283E+02,+1.529659E+00
+9.240723E+02,+4.366350E-06,-1.395783E-05,-9.669818E+01,-1.267616E+00
+9.243164E+02,-3.494636E-06,+3.659253E-06,-1.059172E+02,+2.333188E+00
+9.245605E+02,-4.922573E-06,+8.546695E-06,-1.001199E+02,+2.093353E+00
+9.248047E+02,+9.361079E-06,-7.867085E-06,-9.825298E+01,-6.988964E-01
+9.250488E+02,-8.655851E-06,+2.537746E-06,-1.008957E+02,+2.856402E+00
+9.252930E+02,+7.029869E-06,+2.189609E-07,-1.030568E+02,+3.113716E-02
+9.255371E+02,-6.181122E-06,-5.544439E-07,-1.041438E+02,-3.052133E+00
+9.257812E+02,+3.810730E-06,+6.600054E-06,-1.023596E+02,+1.047176E+00
+9.260254E+02,+1.910552E-06,-1.566163E-05,-9.603911E+01,-1.449407E+00
+9.262695E+02,+2.846099E-06,+1.545335E-05,-9.607468E+01,+1.388664E+00
+9.265137E+02,-8.780942E-06,-3.667762E-06,-1.004308E+02,-2.745925E+00
+9.267578E+02,+6.285177E-06,+1.982735E-06,-1.036216E+02,+3.055811E-01
+9.270020E+02,+7.688175E-06,-2.427916E-06,-1.018707E+02,-3.058873E-01
+9.272461E+02,+3.915656E-06,-5.860140E-06,-1.030387E+02,-9.817435E-01
+9.274902E+02,-4.227485E-06,-9.352410E-06,-9.977410E+01,-1.995330E+00
+9.277344E+02,-5.289251E-06,-5.177818E-06,-1.026133E+02,-2.366840E+00
+9.279785E+02,-1.917991E-05,+4.937926E-06,-9.406435E+01,+2.889612E+00
+9.282227E+02,+3.490326E-06,+1.442598E-05,-9.657002E+01,+1.333411E+00
+9.284668E+02,+9.347852E-06,+3.758835E-06,-9.993486E+01,+3.823212E-01
+9.287109E+02,-3.871462E-06,-6.858534E-06,-1.020741E+02,-2.084684E+00
+9.289551E+02,+5.585002E-06,+1.992445E-06,-1.045393E+02,+3.426748E-01
+9.291992E+02,-8.059548E-06,-3.087166E-07,-1.018674E+02,-3.103307E+00
+9.294434E+02,+1.033106E-05,+1.547376E-06,-9.962075E+01,+1.486738E-01
+9.296875E+02,-6.097402E-06,-6.689982E-07,-1.042451E+02,-3.032311E+00
+9.299316E+02,+4.667451E-06,+7.889089E-07,-1.064961E+02,+1.674410E-01
+9.301758E+02,+4.020004E-06,-4.828856E-06,-1.040364E+02,-8.765522E-01
+9.304199E+02,-7.487541E-06,+2.773819E-06,-1.019547E+02,+2.786810E+00
+9.306641E+02,-6.815185E-07,-8.083017E-07,-1.195163E+02,-2.271299E+00
+9.309082E+02,+3.810335E-06,-1.899382E-06,-1.074169E+02,-4.624322E-01
+9.311523E+02,+4.224792E-06,+1.276231E-05,-9.742981E+01,+1.251114E+00
+9.313965E+02,-9.072603E-06,-1.440177E-05,-9.538017E+01,-2.132957E+00
+9.316406E+02,+1.633432E-06,-6.103075E-08,-1.157319E+02,-3.734613E-02
+9.318848E+02,+5.734787E-06,+4.323876E-06,-1.028749E+02,+6.460391E-01
+9.321289E+02,-2.914458E-06,+1.124917E-07,-1.107024E+02,+3.103014E+00
+9.323730E+02,-7.206518E-06,-1.294825E-06,-1.027075E+02,-2.963815E+00
+9.326172E+02,+1.148071E-05,+5.945083E-06,-9.776892E+01,+4.778115E-01
+9.328613E+02,-7.230466E-06,-6.664164E-06,-1.001461E+02,-2.396929E+00
+9.331055E+02,+4.827748E-06,-1.170362E-06,-1.060771E+02,-2.378357E-01
+9.333496E+02,-7.218975E-06,+1.146289E-05,-9.736337E+01,+2.132818E+00
+9.335938E+02,+3.431035E-06,-9.511994E-06,-9.990337E+01,-1.224616E+00
+9.338379E+02,+8.953770E-07,+2.461381E-06,-1.116367E+02,+1.221907E+00
+9.340820E+02,+7.433337E-06,-2.758301E-07,-1.025703E+02,-3.709015E-02
+9.343262E+02,-7.011815E-06,-7.822916E-06,-9.957175E+01,-2.301573E+00
+9.345703E+02,-6.596757E-06,+4.828493E-06,-1.017502E+02,+2.509744E+00
+9.348145E+02,-3.132538E-06,+1.348472E-05,-9.717490E+01,+1.799051E+00
+9.350586E+02,+1.690568E-05,-2.275647E-06,-9.536136E+01,-1.338041E-01
+9.353027E+02,+1.832406E-06,-1.014342E-05,-9.973685E+01,-1.392074E+00
+9.355469E+02,-1.286801E-05,+4.922474E-07,-9.780342E+01,+3.103358E+00
+9.357910E+02,+2.614449E-06,+4.429683E-06,-1.057745E+02,+1.037606E+00
+9.360352E+02,+1.022065E-05,-1.174712E-06,-9.975343E+01,-1.144330E-01
+9.362793E+02,-1.265203E-05,-2.951201E-06,-9.772670E+01,-2.912431E+00
+9.365234E+02,+6.130543E-06,+8.393008E-07,-1.041694E+02,+1.360590E-01
+9.367676E+02,-2.388163E-06,+6.941283E-06,-1.026853E+02,+1.902163E+00
+9.370117E+02,+7.387996E-06,-1.788840E-05,-9.426459E+01,-1.179129E+00
+9.372559E+02,-1.220571E-05,+1.502622E-05,-9.426239E+01,+2.252989E+00
+9.375000E+02,+1.087876E-05,-5.644140E-06,-9.823319E+01,-4.785914E-01
+9.377441E+02,-5.037098E-06,+1.193646E-06,-1.057191E+02,+2.908914E+00
+9.379883E+02,-1.353554E-06,+7.474910E-07,-1.162145E+02,+2.637029E+00
+9.382324E+02,+7.541921E-06,-4.012377E-06,-1.013680E+02,-4.889264E-01
+9.384766E+02,-1.018422E-05,+3.558681E-07,-9.983615E+01,+3.106664E+00
+9.387207E+02,+2.414105E-06,+6.177299E-06,-1.035668E+02,+1.198244E+00
+9.389648E+02,+5.300095E-06,-3.130250E-06,-1.042148E+02,-5.334809E-01
+9.392090E+02,-2.245089E-06,-5.641481E-06,-1.043337E+02,-1.949544E+00
+9.394531E+02,-1.059214E-06,+8.040937E-06,-1.018192E+02,+1.701770E+00
+9.396973E+02,+1.233972E-06,-5.442188E-06,-1.050668E+02,-1.347825E+00
+9.399414E+02,-4.679669E-06,+2.888791E-06,-1.051936E+02,+2.588545E+00
+9.401855E+02,+5.246447E-06,+2.384311E-06,-1.047873E+02,+4.265583E-01
+9.404297E+02,+1.435207E-06,+3.694083E-07,-1.165831E+02,+2.519220E-01
+9.406738E+02,-1.043016E-05,-6.043149E-06,-9.837711E+01,-2.616464E+00
+9.409180E+02,+1.106939E-05,-5.902294E-07,-9.910519E+01,-5.327039E-02
+9.411621E+02,-5.132314E-06,+3.824412E-06,-1.038757E+02,+2.501194E+00
+9.414062E+02,+1.512561E-06,-6.023413E-06,-1.041376E+02,-1.324770E+00
+9.416504E+02,-4.027618E-06,+5.121090E-06,-1.037215E+02,+2.237237E+00
+9.418945E+02,-1.286927E-06,+3.719532E-06,-1.080992E+02,+1.903896E+00
+9.421387E+02,+1.001675E-05,+1.929854E-07,-9.998386E+01,+1.926389E-02
+9.423828E+02,-5.880300E-06,-5.646217E-06,-1.017746E+02,-2.376500E+00
+9.426270E+02,-2.076107E-06,+1.522486E-06,-1.117860E+02,+2.508842E+00
+9.428711E+02,+2.434190E-06,+5.126247E-07,-1.120844E+02,+2.075606E-01
+9.431152E+02,+4.826414E-07,+2.407515E-06,-1.121975E+02,+1.372946E+00
+9.433594E+02,-6.167934E-07,-3.892132E-06,-1.080885E+02,-1.727961E+00
+9.436035E+02,-2.913170E-06,+2.370191E-06,-1.085065E+02,+2.458606E+00
+9.438477E+02,+9.113645E-06,-5.138450E-07,-1.007924E+02,-5.632231E-02
+9.440918E+02,-1.190244E-05,+4.535977E-06,-9.789833E+01,+2.777488E+00
+9.443359E+02,+8.676686E-06,-4.423398E-06,-1.002296E+02,-4.714590E-01
+9.445801E+02,+4.591039E-07,-6.136725E-06,-1.042170E+02,-1.496123E+00
+9.448242E+02,-6.583965E-06,+2.877127E-06,-1.028713E+02,+2.729610E+00
+9.450684E+02,+3.472245E-06,+7.502707E-06,-1.016528E+02,+1.137350E+00
+9.453125E+02,-4.306022E-06,-4.787195E-06,-1.038238E+02,-2.303328E+00
+9.455566E+02,+3.257023E-06,-1.412052E-06,-1.089956E+02,-4.090822E-01
+9.458008E+02,+4.493421E-07,+8.321504E-08,-1.268020E+02,+1.831184E-01
+9.460449E+02,+3.997703E-06,+3.324517E-06,-1.056809E+02,+6.937184E-01
+9.462891E+02,-5.864805E-06,-4.082334E-07,-1.046139E+02,-3.072097E+00
+9.465332E+02,+2.530830E-06,-6.076447E-06,-1.036323E+02,-1.176149E+00
+9.467773E+02,-5.509538E-06,+4.902797E-06,-1.026446E+02,+2.414400E+00
+9.470215E+02,+1.253233E-05,+1.777175E-06,-9.795290E+01,+1.408680E-01
+9.472656E+02,-1.418918E-05,-3.451280E-06,-9.671124E+01,-2.902993E+00
+9.475098E+02,+1.029699E-05,+4.295667E-06,-9.904898E+01,+3.952259E-01
+9.477539E+02,-7.137060E-06,-3.604007E-06,-1.019432E+02,-2.673976E+00
+9.479980E+02,+7.069430E-06,-1.103176E-06,-1.029078E+02,-1.548004E-01
+9.482422E+02,-6.893327E-06,+4.563630E-06,-1.016530E+02,+2.556803E+00
+9.484863E+02,+3.600860E-06,+1.073608E-07,-1.088680E+02,+2.980650E-02
+9.487305E+02,-4.268837E-06,-6.570318E-06,-1.021189E+02,-2.146971E+00
+9.489746E+02,+8.008366E-06,+7.236278E-06,-9.933682E+01,+7.347949E-01
+9.492188E+02,-5.738027E-06,+1.198112E-06,-1.046394E+02,+2.935748E+00
+9.494629E+02,+2.420960E-06,-9.051101E-06,-1.005659E+02,-1.309438E+00
+9.497070E+02,-5.649998E-07,+4.464693E-06,-1.069352E+02,+1.696676E+00
+9.499512E+02,+1.153176E-07,+4.277185E-06,-1.073737E+02,+1.543842E+00
+9.501953E+02,+3.239847E-06,-9.488223E-06,-9.997735E+01,-1.241750E+00
+9.504395E+02,-4.553811E-06,+7.067100E-06,-1.015070E+02,+2.143202E+00
+9.506836E+02,+3.095476E-06,+1.649403E-06,-1.091001E+02,+4.895756E-01
+9.509277E+02,-4.404264E-06,-4.453520E-06,-1.040637E+02,-2.350634E+00
+9.511719E+02,+4.130460E-06,+2.947119E-06,-1.058929E+02,+6.197348E-01
+9.514160E+02,-3.087654E-06,-3.773640E-06,-1.062390E+02,-2.256546E+00
+9.516602E+02,+3.486755E-06,+1.795542E-06,-1.081300E+02,+4.755444E-01
+9.519043E+02,-7.368271E-06,-3.949669E-06,-1.015558E+02,-2.649532E+00
+9.521484E+02,+4.481680E-06,+7.649354E-06,-1.010459E+02,+1.040816E+00
+9.523926E+02,+2.515609E-06,-2.009727E-06,-1.098434E+02,-6.740716E-01
+9.526367E+02,+5.441627E-07,-6.065184E-06,-1.043083E+02,-1.481317E+00
+9.528809E+02,-3.782236E-06,+5.925350E-06,-1.030614E+02,+2.138913E+00
+9.531250E+02,+3.631080E-06,+9.829204E-07,-1.084922E+02,+2.643608E-01
+9.533691E+02,-3.189585E-06,-1.233948E-06,-1.093196E+02,-2.772458E+00
+9.536133E+02,+4.330324E-06,-3.980532E-06,-1.046097E+02,-7.433344E-01
+9.538574E+02,-5.423336E-06,+7.031627E-06,-1.010316E+02,+2.227777E+00
+9.541016E+02,+1.030700E-06,-6.552791E-06,-1.035653E+02,-1.414783E+00
+9.543457E+02,-5.644748E-07,+1.568759E-06,-1.155601E+02,+1.916195E+00
+9.545898E+02,+1.491137E-06,+1.160962E-06,-1.144717E+02,+6.615397E-01
+9.548340E+02,+3.765406E-06,-1.132984E-06,-1.081074E+02,-2.922758E-01
+9.550781E+02,-3.519886E-06,+1.480878E-06,-1.083617E+02,+2.743355E+00
+9.553223E+02,-8.795871E-07,-2.036586E-06,-1.130791E+02,-1.978491E+00
+9.555664E+02,+1.556688E-06,-9.983111E-07,-1.146599E+02,-5.702381E-01
+9.558105E+02,+1.143528E-06,+5.185851E-06,-1.054974E+02,+1.353760E+00
+9.560547E+02,-4.917507E-06,-6.662393E-06,-1.016387E+02,-2.206637E+00
+9.562988E+02,+4.443762E-06,+1.140959E-05,-9.824124E+01,+1.199395E+00
+9.565430E+02,+3.478927E-06,-9.530728E-06,-9.987426E+01,-1.220802E+00
+9.567871E+02,-1.222188E-05,-1.568966E-07,-9.825652E+01,-3.128756E+00
+9.570312E+02,+9.426208E-06,+3.848434E-07,-1.005060E+02,+4.080430E-02
+9.572754E+02,-4.284602E-06,+9.076969E-07,-1.071711E+02,+2.932828E+00
+9.575195E+02,+5.651423E-06,+5.317367E-06,-1.022031E+02,+7.549524E-01
+9.577637E+02,-2.460616E-06,-3.779427E-06,-1.069168E+02,-2.147913E+00
+9.580078E+02,-4.011915E-06,-4.777593E-06,-1.040982E+02,-2.269301E+00
+9.582520E+02,+6.070423E-06,+6.421978E-06,-1.010739E+02,+8.135322E-01
+9.584961E+02,-4.439932E-06,-7.704096E-06,-1.010201E+02,-2.093613E+00
+9.587402E+02,+3.338683E-06,+1.534790E-05,-9.607822E+01,+1.356600E+00
+9.589844E+02,-9.853341E-06,-1.735603E-05,-9.399768E+01,-2.087141E+00
+9.592285E+02,+1.090034E-05,+6.379250E-06,-9.797206E+01,+5.294915E-01
+9.594727E+02,+1.941618E-06,+2.498110E-06,-1.099955E+02,+9.100918E-01
+9.597168E+02,-7.211931E-06,-2.811555E-06,-1.022245E+02,-2.769869E+00
+9.599609E+02,+2.983824E-06,+1.023587E-06,-1.100214E+02,+3.304659E-01
+9.602051E+02,+1.608832E-06,+4.601361E-06,-1.062414E+02,+1.234440E+00
+9.604492E+02,-6.671488E-06,-1.308806E-05,-9.665936E+01,-2.042204E+00
+9.606934E+02,+2.985749E-06,+1.186327E-05,-9.824918E+01,+1.324237E+00
+9.609375E+02,+6.228496E-06,+4.961825E-07,-1.040849E+02,+7.949541E-02
+9.611816E+02,-7.028182E-06,-7.441618E-06,-9.979751E+01,-2.327630E+00
+9.614258E+02,+2.362872E-06,+9.216736E-06,-1.004320E+02,+1.319834E+00
+9.616699E+02,-1.313693E-07,-7.311958E-06,-1.027179E+02,-1.588761E+00
+9.619141E+02,-4.212971E-07,-3.294992E-06,-1.095725E+02,-1.697966E+00
+9.621582E+02,+1.202250E-07,+1.015664E-05,-9.986439E+01,+1.558960E+00
+9.624023E+02,-2.611182E-06,-6.455231E-06,-1.031436E+02,-1.955181E+00
+9.626465E+02,+6.462511E-06,+3.088533E-08,-1.037919E+02,+4.779118E-03
+9.628906E+02,-5.370767E-06,+2.193554E-06,-1.047293E+02,+2.753845E+00
+9.631348E+02,-6.746185E-08,+2.850803E-06,-1.108982E+02,+1.594456E+00
+9.633789E+02,+6.739108E-06,-4.431053E-06,-1.018675E+02,-5.816388E-01
+9.636230E+02,-7.083559E-06,-4.278292E-06,-1.016443E+02,-2.598256E+00
+9.638672E+02,+2.091146E-06,+5.622407E-06,-1.044389E+02,+1.214719E+00
+9.641113E+02,-1.171473E-06,+6.091863E-07,-1.175859E+02,+2.662060E+00
+9.643555E+02,+2.302887E-06,+4.542644E-06,-1.058605E+02,+1.101605E+00
+9.645996E+02,-3.584840E-06,-1.125245E-05,-9.855523E+01,-1.879213E+00
+9.648438E+02,+4.636254E-06,+1.094432E-05,-9.849941E+01,+1.170093E+00
+9.650879E+02,-5.737480E-06,-1.286545E-05,-9.702374E+01,-1.990286E+00
+9.653320E+02,+1.007920E-05,+1.260639E-05,-9.584174E+01,+8.963412E-01
+9.655762E+02,-1.079556E-05,-7.139975E-06,-9.775925E+01,-2.557259E+00
+9.658203E+02,+2.039780E-06,+1.010083E-06,-1.128559E+02,+4.597938E-01
+9.660645E+02,+8.612280E-06,+2.465220E-06,-1.009556E+02,+2.787901E-01
+9.663086E+02,-1.034741E-05,-9.427189E-07,-9.966747E+01,-3.050737E+00
+9.665527E+02,+4.785197E-06,+4.760700E-08,-1.064016E+02,+9.948478E-03
+9.667969E+02,-2.129264E-06,-4.321855E-07,-1.132601E+02,-2.941339E+00
+9.670410E+02,+5.096888E-06,-4.426767E-07,-1.058213E+02,-8.663494E-02
+9.672852E+02,-7.615552E-06,-2.582596E-06,-1.018932E+02,-2.814642E+00
+9.675293E+02,+5.360026E-06,+4.823187E-06,-1.028405E+02,+7.327290E-01
+9.677734E+02,-3.048857E-07,+2.035117E-06,-1.137318E+02,+1.719503E+00
+9.680176E+02,-2.984206E-06,-7.069561E-06,-1.023000E+02,-1.970225E+00
+9.682617E+02,+3.754737E-06,+3.741151E-06,-1.055138E+02,+7.835858E-01
+9.685059E+02,-2.898767E-06,-4.100045E-06,-1.059837E+02,-2.186211E+00
+9.687500E+02,+1.861801E-06,+7.595370E-06,-1.021356E+02,+1.330413E+00
+9.689941E+02,-5.326432E-06,-5.351405E-06,-1.024406E+02,-2.353856E+00
+9.692383E+02,+8.568708E-06,-5.066318E-07,-1.013265E+02,-5.905706E-02
+9.694824E+02,-3.303186E-06,+1.887933E-06,-1.083937E+02,+2.622356E+00
+9.697266E+02,-3.533730E-06,+1.555093E-06,-1.082665E+02,+2.727026E+00
+9.699707E+02,+4.622618E-06,-2.295139E-06,-1.057453E+02,-4.608453E-01
+9.702148E+02,-4.165982E-06,-2.209660E-06,-1.065290E+02,-2.653918E+00
+9.704590E+02,+6.156942E-06,+7.856647E-06,-1.000159E+02,+9.060984E-01
+9.707031E+02,-5.483348E-06,-8.704192E-06,-9.975391E+01,-2.132959E+00
+9.709473E+02,+6.618231E-06,+5.194978E-06,-1.015004E+02,+6.654962E-01
+9.711914E+02,-9.272589E-06,-1.845850E-06,-1.004872E+02,-2.945096E+00
+9.714355E+02,+6.033975E-06,+1.262210E-06,-1.042019E+02,+2.062103E-01
+9.716797E+02,-5.774228E-06,+1.552668E-07,-1.047670E+02,+3.114710E+00
+9.719238E+02,+8.488951E-06,-6.431950E-06,-9.945263E+01,-6.484014E-01
+9.721680E+02,-8.366468E-06,+8.141106E-06,-9.865582E+01,+2.369846E+00
+9.724121E+02,+1.774819E-06,-1.509081E-06,-1.126542E+02,-7.046527E-01
+9.726562E+02,+6.407356E-06,+1.263705E-06,-1.037007E+02,+1.947280E-01
+9.729004E+02,-7.584356E-06,-1.228065E-06,-1.022892E+02,-2.981065E+00
+9.731445E+02,+8.155648E-06,-4.986566E-06,-1.003915E+02,-5.487778E-01
+9.733887E+02,-1.085496E-05,+1.714586E-06,-9.918041E+01,+2.984933E+00
+9.736328E+02,+3.997702E-06,+5.870276E-06,-1.029721E+02,+9.729311E-01
+9.738770E+02,+4.794132E-06,-6.887537E-06,-1.015229E+02,-9.627202E-01
+9.741211E+02,-5.190477E-06,+2.410452E-06,-1.048477E+02,+2.706829E+00
+9.743652E+02,+5.009409E-06,+4.121535E-06,-1.037591E+02,+6.884651E-01
+9.746094E+02,-7.091723E-06,-7.333066E-06,-9.982690E+01,-2.339465E+00
+9.748535E+02,+6.869757E-06,+9.745228E-06,-9.847214E+01,+9.567657E-01
+9.750977E+02,-3.396470E-07,-1.021202E-05,-9.981297E+01,-1.604044E+00
+9.753418E+02,+2.409944E-06,+4.605577E-06,-1.056833E+02,+1.088709E+00
+9.755859E+02,-8.810523E-06,-9.691536E-07,-1.010477E+02,-3.032034E+00
+9.758301E+02,+3.265109E-06,+2.918113E-06,-1.071723E+02,+7.293380E-01
+9.760742E+02,+4.923051E-06,-4.227091E-06,-1.037567E+02,-7.094843E-01
+9.763184E+02,-2.641546E-06,+2.055608E-06,-1.095065E+02,+2.480297E+00
+9.765625E+02,-4.860640E-06,-1.627316E-06,-1.058047E+02,-2.818527E+00
+9.768066E+02,+4.327735E-06,-1.005895E-07,-1.072724E+02,-2.323881E-02
+9.770508E+02,+1.940045E-06,+8.155446E-06,-1.015320E+02,+1.337254E+00
+9.772949E+02,-1.111174E-05,-1.206547E-05,-9.570174E+01,-2.315068E+00
+9.775391E+02,+1.505437E-05,+9.135924E-06,-9.508499E+01,+5.454496E-01
+9.777832E+02,-7.251952E-06,-5.516786E-06,-1.008079E+02,-2.491259E+00
+9.780273E+02,-6.105392E-06,+1.325279E-06,-1.040858E+02,+2.927842E+00
+9.782715E+02,+1.287110E-05,-4.497803E-07,-9.780238E+01,-3.493076E-02
+9.785156E+02,-6.266115E-06,+1.881855E-06,-1.036850E+02,+2.849840E+00
+9.787598E+02,+1.630003E-06,-3.766939E-07,-1.155303E+02,-2.271130E-01
+9.790039E+02,-2.971019E-06,-3.974222E-07,-1.104649E+02,-3.008616E+00
+9.792480E+02,-2.156739E-07,-3.627269E-06,-1.087931E+02,-1.630185E+00
+9.794922E+02,+6.052067E-06,+7.210198E-06,-1.005249E+02,+8.725024E-01
+9.797363E+02,-4.042352E-06,-1.553008E-06,-1.072694E+02,-2.774794E+00
+9.799805E+02,-3.669535E-06,-5.844981E-06,-1.032213E+02,-2.131413E+00
+9.802246E+02,+6.652469E-06,+6.988755E-06,-1.003106E+02,+8.100454E-01
+9.804688E+02,-3.259038E-06,-7.421673E-06,-1.018242E+02,-1.984569E+00
+9.807129E+02,+4.943079E-07,+2.942518E-06,-1.105048E+02,+1.404362E+00
+9.809570E+02,-1.620676E-06,+4.716266E-06,-1.060433E+02,+1.901790E+00
+9.812012E+02,+6.428762E-07,-7.653540E-06,-1.022922E+02,-1.486996E+00
+9.814453E+02,-4.426050E-06,+7.053559E-06,-1.015900E+02,+2.131186E+00
+9.816895E+02,+8.472695E-06,-4.942518E-06,-1.001676E+02,-5.280844E-01
+9.819336E+02,-2.039183E-06,+1.992360E-06,-1.109003E+02,+2.367808E+00
+9.821777E+02,-9.924521E-07,+2.286767E-06,-1.120661E+02,+1.980264E+00
+9.824219E+02,+1.798988E-06,-3.933293E-06,-1.072799E+02,-1.141827E+00
+9.826660E+02,-8.091200E-06,+7.943872E-07,-1.017981E+02,+3.043727E+00
+9.829102E+02,+1.038998E-05,+2.660938E-06,-9.939180E+01,+2.507174E-01
+9.831543E+02,-6.234270E-06,-3.287495E-06,-1.030387E+02,-2.656324E+00
+9.833984E+02,-6.756184E-07,+3.502135E-06,-1.089547E+02,+1.761371E+00
+9.836426E+02,+5.266931E-06,-3.323868E-06,-1.041129E+02,-5.629612E-01
+9.838867E+02,-6.186971E-06,+3.411390E-06,-1.030176E+02,+2.637688E+00
+9.841309E+02,+5.512738E-06,+2.547461E-06,-1.043321E+02,+4.328742E-01
+9.843750E+02,-2.694761E-06,-8.410995E-06,-1.010787E+02,-1.880849E+00
+9.846191E+02,+1.445594E-06,+1.946188E-06,-1.123082E+02,+9.319305E-01
+9.848633E+02,-1.884359E-06,-4.873355E-07,-1.142156E+02,-2.888516E+00
+9.851074E+02,+6.760486E-07,+5.235813E-06,-1.055485E+02,+1.442387E+00
+9.853516E+02,+3.230669E-06,-4.569168E-06,-1.050425E+02,-9.553487E-01
+9.855957E+02,-6.966899E-06,+7.614289E-06,-9.972588E+01,+2.311825E+00
+9.858398E+02,+2.208224E-06,-1.202682E-05,-9.825298E+01,-1.389211E+00
+9.860840E+02,+4.935430E-06,+9.616326E-06,-9.932438E+01,+1.096617E+00
+9.863281E+02,-2.162327E-06,-6.408811E-06,-1.033962E+02,-1.896201E+00
+9.865723E+02,-3.434197E-06,+2.716848E-06,-1.071727E+02,+2.472292E+00
+9.868164E+02,+3.298810E-06,-2.771301E-07,-1.096023E+02,-8.381230E-02
+9.870605E+02,+7.187164E-08,+1.695030E-06,-1.154086E+02,+1.528420E+00
+9.873047E+02,-3.041468E-06,-6.659168E-06,-1.027087E+02,-1.999236E+00
+9.875488E+02,+3.913975E-06,+1.285735E-05,-9.743209E+01,+1.275294E+00
+9.877930E+02,+9.511185E-07,-1.173478E-05,-9.858207E+01,-1.489922E+00
+9.880371E+02,-7.224437E-06,+3.698452E-06,-1.018131E+02,+2.668442E+00
+9.882812E+02,+5.419747E-06,-1.639577E-06,-1.049401E+02,-2.937663E-01
+9.885254E+02,-7.826729E-08,+6.254837E-06,-1.040750E+02,+1.583309E+00
+9.887695E+02,-2.277567E-06,-7.029309E-06,-1.026282E+02,-1.884133E+00
+9.890137E+02,-1.200628E-07,+7.149662E-06,-1.029131E+02,+1.587587E+00
+9.892578E+02,+3.554951E-06,-4.948228E-06,-1.043036E+02,-9.478086E-01
+9.895020E+02,-1.511710E-06,-3.224025E-06,-1.089689E+02,-2.009247E+00
+9.897461E+02,-2.760132E-06,+4.242753E-06,-1.059143E+02,+2.147560E+00
+9.899902E+02,+4.977569E-06,+2.006977E-06,-1.054054E+02,+3.832655E-01
+9.902344E+02,-2.763116E-06,-4.095393E-06,-1.061248E+02,-2.164332E+00
+9.904785E+02,-5.079171E-06,+3.588319E-06,-1.041258E+02,+2.526533E+00
+9.907227E+02,+1.030724E-05,-2.331325E-06,-9.952048E+01,-2.224404E-01
+9.909668E+02,-5.163008E-06,-1.085140E-06,-1.055542E+02,-2.934432E+00
+9.912109E+02,-4.244250E-06,+9.723025E-07,-1.072218E+02,+2.916392E+00
+9.914551E+02,+2.957512E-06,-2.840245E-06,-1.077433E+02,-7.651747E-01
+9.916992E+02,+3.235992E-06,+8.475841E-06,-1.008454E+02,+1.206086E+00
+9.919434E+02,-2.245630E-07,-8.803613E-06,-1.011040E+02,-1.596299E+00
+9.921875E+02,-4.897066E-06,+6.757128E-06,-1.015714E+02,+2.197925E+00
+9.924316E+02,+4.076700E-06,+7.149025E-07,-1.076623E+02,+1.735979E-01
+9.926758E+02,-2.632828E-06,-6.965728E-06,-1.025607E+02,-1.932167E+00
+9.929199E+02,+4.842374E-08,+3.616744E-06,-1.088329E+02,+1.557408E+00
+9.931641E+02,+3.315448E-06,-3.792890E-06,-1.059554E+02,-8.524639E-01
+9.934082E+02,-2.282659E-07,+7.137287E-06,-1.029249E+02,+1.602768E+00
+9.936523E+02,-3.672830E-06,-1.589997E-06,-1.079540E+02,-2.733043E+00
+9.938965E+02,+4.612852E-06,-7.805688E-06,-1.008509E+02,-1.037050E+00
+9.941406E+02,-4.905221E-06,+8.431981E-06,-1.002155E+02,+2.097681E+00
+9.943848E+02,+1.096487E-06,-1.099352E-07,-1.191565E+02,-9.992731E-02
+9.946289E+02,+1.866574E-06,-4.397499E-06,-1.064164E+02,-1.169381E+00
+9.948730E+02,+3.209483E-06,+2.960453E-06,-1.071976E+02,+7.450582E-01
+9.951172E+02,-8.585469E-06,-2.126935E-06,-1.010660E+02,-2.898746E+00
+9.953613E+02,+8.963590E-06,+6.220910E-06,-9.924287E+01,+6.067012E-01
+9.956055E+02,-4.346987E-06,-8.014441E-06,-1.008025E+02,-2.067781E+00
+9.958496E+02,-4.239299E-06,+4.927697E-06,-1.037413E+02,+2.281240E+00
+9.960938E+02,+8.940001E-06,-9.135734E-06,-9.786787E+01,-7.962263E-01
+9.963379E+02,-6.432384E-06,+1.086976E-05,-9.797165E+01,+2.105141E+00
+9.965820E+02,-7.679507E-07,-6.858610E-06,-1.032212E+02,-1.682301E+00
+9.968262E+02,+3.590905E-06,+2.174899E-06,-1.075388E+02,+5.445773E-01
+9.970703E+02,+5.195481E-06,+6.097377E-06,-1.019266E+02,+8.650933E-01
+9.973145E+02,-8.716532E-06,-6.750177E-06,-9.915271E+01,-2.482651E+00
+9.975586E+02,-2.161432E-06,+3.261107E-07,-1.132074E+02,+2.991845E+00
+9.978027E+02,+7.361118E-06,+3.480447E-06,-1.017849E+02,+4.416641E-01
+9.980469E+02,-5.280528E-06,-4.866401E-06,-1.028764E+02,-2.396985E+00
+9.982910E+02,+7.511730E-06,+3.206045E-06,-1.017584E+02,+4.033987E-01
+9.985352E+02,-5.902674E-06,-2.326845E-06,-1.039517E+02,-2.766095E+00
+9.987793E+02,+9.665619E-07,+7.379989E-06,-1.025650E+02,+1.440567E+00
+9.990234E+02,-3.913248E-06,-7.317642E-06,-1.016202E+02,-2.061871E+00
+9.992676E+02,+1.124137E-05,-8.340611E-07,-9.895977E+01,-7.405996E-02
+9.995117E+02,-1.104542E-05,+5.131814E-06,-9.828751E+01,+2.706656E+00
+9.997559E+02,+7.443840E-06,-4.674873E-06,-1.011202E+02,-5.607674E-01
