FFT Length,8192
Record Length,4096
FFT Sample Rate,+2.000000E+03,
Delta Frequency,+2.441406E-01,
Start Frequency,+0.000000E+00,
Stop Frequency,+1.000000E+03,
Vertical Units,F1:,Real part,Vrms,Imaginary part,Vrms,Magnitude,dBV,
Model,SDS814X HD
Serial Number,SDS08A0X807112
Software Version,3.8.12.1.1.3.8
SourceF1:
Frequency,Real part,Imaginary part,Magnitude,Angle
+0.000000E+00,-3.975834E-04,+0.000000E+00,-6.801144E+01,+3.141593E+00
+2.441406E-01,+2.920427E-04,-2.643490E-05,-7.065563E+01,-9.027123E-02
+4.882812E-01,-2.289670E-05,+7.684298E-06,-9.234102E+01,+2.817797E+00
+7.324219E-01,+1.202363E-05,+2.910925E-06,-9.815192E+01,+2.375301E-01
+9.765625E-01,-4.611628E-06,-4.657436E-06,-1.036695E+02,-2.351253E+00
+1.220703E+00,+1.293247E-05,-5.157219E-06,-9.712543E+01,-3.794548E-01
+1.464844E+00,-1.371622E-05,+2.319478E-05,-9.138984E+01,+2.104831E+00
+1.708984E+00,+5.338306E-06,-7.894711E-06,-1.004180E+02,-9.762312E-01
+1.953125E+00,+2.934213E-06,-1.172911E-05,-9.835107E+01,-1.325662E+00
+2.197266E+00,-5.552101E-06,+6.699059E-06,-1.012089E+02,+2.262846E+00
+2.441406E+00,-6.310732E-06,+6.271780E-06,-1.010149E+02,+2.359290E+00
+2.685547E+00,+1.452628E-05,-1.767245E-05,-9.281226E+01,-8.828000E-01
+2.929688E+00,-1.657774E-06,+1.240117E-05,-9.805383E+01,+1.703687E+00
+3.173828E+00,-1.156700E-05,+2.715110E-06,-9.850266E+01,+2.911038E+00
+3.417969E+00,+1.285836E-05,-6.326407E-06,-9.687483E+01,-4.572331E-01
+3.662109E+00,-1.446507E-05,+8.111272E-06,-9.560619E+01,+2.630534E+00
+3.906250E+00,+1.919345E-05,-6.345167E-06,-9.388649E+01,-3.192798E-01
+4.150391E+00,-1.572015E-05,+5.436832E-06,-9.558018E+01,+2.808619E+00
+4.394531E+00,+4.516453E-06,-7.997563E-06,-1.007387E+02,-1.056715E+00
+4.638672E+00,+1.204607E-05,+3.318672E-06,-9.806538E+01,+2.688295E-01
+4.882812E+00,-1.412522E-05,-2.439623E-06,-9.687244E+01,-2.970566E+00
+5.126953E+00,+6.455965E-06,-2.512658E-07,-1.037942E+02,-3.890031E-02
+5.371094E+00,-5.081449E-06,+5.001006E-06,-1.029387E+02,+2.364173E+00
+5.615234E+00,+7.310647E-07,-4.748262E-06,-1.063676E+02,-1.418031E+00
+5.859375E+00,+6.768887E-07,+8.929473E-06,-1.009586E+02,+1.495137E+00
+6.103516E+00,+8.018756E-06,-1.282146E-05,-9.640753E+01,-1.011897E+00
+6.347656E+00,-7.077861E-06,+8.746935E-06,-9.897549E+01,+2.251111E+00
+6.591797E+00,-5.673662E-06,-4.366093E-06,-1.029028E+02,-2.485705E+00
+6.835938E+00,+5.735658E-06,+3.187815E-06,-1.036593E+02,+5.072768E-01
+7.080078E+00,-4.294249E-06,+3.063388E-07,-1.073202E+02,+3.070376E+00
+7.324219E+00,+4.776734E-06,-1.452085E-06,-1.060335E+02,-2.951143E-01
+7.568359E+00,-7.029054E-07,-5.310192E-06,-1.054224E+02,-1.702400E+00
+7.812500E+00,+1.312187E-06,+9.861655E-06,-1.000448E+02,+1.438514E+00
+8.056641E+00,-6.656932E-06,-7.364640E-06,-1.000633E+02,-2.305764E+00
+8.300781E+00,+1.116331E-05,-1.070181E-06,-9.900441E+01,-9.557392E-02
+8.544922E+00,-6.229158E-07,+8.027657E-06,-1.018822E+02,+1.648237E+00
+8.789062E+00,-6.196917E-06,-3.291178E-06,-1.030774E+02,-2.653376E+00
+9.033203E+00,+9.570215E-07,-4.425573E-06,-1.068821E+02,-1.357828E+00
+9.277344E+00,-1.079172E-06,+3.534000E-06,-1.086475E+02,+1.867171E+00
+9.521484E+00,-3.947430E-06,-1.374291E-06,-1.075769E+02,-2.806568E+00
+9.765625E+00,+9.442039E-06,+1.036720E-05,-9.706348E+01,+8.320677E-01
+1.000977E+01,-1.635009E-06,-2.062582E-05,-9.368457E+01,-1.649901E+00
+1.025391E+01,-6.928579E-06,+1.701651E-05,-9.471641E+01,+1.957467E+00
+1.049805E+01,+8.823711E-06,-2.922306E-06,-1.006350E+02,-3.198184E-01
+1.074219E+01,-6.332242E-06,-8.031117E-06,-9.980484E+01,-2.238463E+00
+1.098633E+01,+6.349563E-07,+1.262517E-05,-9.796428E+01,+1.520546E+00
+1.123047E+01,-2.436729E-06,-1.164818E-05,-9.848883E+01,-1.777016E+00
+1.147461E+01,+6.523160E-06,+3.057031E-06,-1.028486E+02,+4.382486E-01
+1.171875E+01,-1.644127E-06,+7.408631E-07,-1.148785E+02,+2.718230E+00
+1.196289E+01,-5.202711E-06,+1.802304E-06,-1.051832E+02,+2.808114E+00
+1.220703E+01,+7.377575E-06,-4.328718E-06,-1.013569E+02,-5.306124E-01
+1.245117E+01,-5.822576E-06,+8.611879E-06,-9.966308E+01,+2.165308E+00
+1.269531E+01,+2.873866E-06,-1.326391E-05,-9.734733E+01,-1.357426E+00
+1.293945E+01,+2.141460E-06,+1.168933E-05,-9.850084E+01,+1.389608E+00
+1.318359E+01,-3.598075E-06,-5.670843E-06,-1.034578E+02,-2.136189E+00
+1.342773E+01,-2.288869E-06,+1.497146E-06,-1.112608E+02,+2.562342E+00
+1.367188E+01,+6.641117E-06,-1.719136E-06,-1.032735E+02,-2.533022E-01
+1.391602E+01,-6.640236E-06,-8.263677E-07,-1.034896E+02,-3.017781E+00
+1.416016E+01,+4.394369E-06,+2.548021E-06,-1.058833E+02,+5.254624E-01
+1.440430E+01,-3.438259E-06,+2.754259E-06,-1.071203E+02,+2.466205E+00
+1.464844E+01,+8.787330E-06,-3.316390E-06,-1.005445E+02,-3.608783E-01
+1.489258E+01,-6.341281E-06,+6.361906E-06,-1.009320E+02,+2.354571E+00
+1.513672E+01,-4.092867E-06,-1.131071E-05,-9.839581E+01,-1.917995E+00
+1.538086E+01,+2.458032E-06,+4.699233E-06,-1.055091E+02,+1.088863E+00
+1.562500E+01,+2.114390E-06,+4.828558E-06,-1.055618E+02,+1.158056E+00
+1.586914E+01,-6.314544E-06,-6.813549E-06,-1.006400E+02,-2.318202E+00
+1.611328E+01,+5.241741E-06,+4.696274E-06,-1.030512E+02,+7.305663E-01
+1.635742E+01,+1.092610E-05,-8.183503E-07,-9.920641E+01,-7.475910E-02
+1.660156E+01,-1.580075E-05,-4.194493E-06,-9.573071E+01,-2.882116E+00
+1.684570E+01,+5.237627E-06,+6.901455E-06,-1.012458E+02,+9.216132E-01
+1.708984E+01,-1.228538E-06,-5.287694E-06,-1.053064E+02,-1.799085E+00
+1.733398E+01,+4.662610E-06,+1.009228E-07,-1.066254E+02,+2.164176E-02
+1.757812E+01,-5.644652E-06,-7.862937E-07,-1.048838E+02,-3.003184E+00
+1.782227E+01,+8.711345E-06,-4.915220E-06,-9.999796E+01,-5.137042E-01
+1.806641E+01,-1.644315E-05,+1.537085E-05,-9.295300E+01,+2.389887E+00
+1.831055E+01,+1.644456E-05,-9.962650E-06,-9.432176E+01,-5.446973E-01
+1.855469E+01,-1.138935E-05,-1.304364E-06,-9.881343E+01,-3.027565E+00
+1.879883E+01,+6.450050E-06,+8.760323E-06,-9.926845E+01,+9.361340E-01
+1.904297E+01,-6.951787E-06,-1.283020E-05,-9.671739E+01,-2.067345E+00
+1.928711E+01,+9.352826E-06,+9.578348E-06,-9.746613E+01,+7.973104E-01
+1.953125E+01,-4.747171E-06,-1.257102E-06,-1.061770E+02,-2.882724E+00
+1.977539E+01,+2.003931E-06,-1.347312E-06,-1.123426E+02,-5.919163E-01
+2.001953E+01,+1.545295E-06,+1.040221E-06,-1.145967E+02,+5.924801E-01
+2.026367E+01,-5.152688E-06,-9.053763E-08,-1.057580E+02,-3.124023E+00
+2.050781E+01,-4.055676E-07,-8.099778E-07,-1.208590E+02,-2.035015E+00
+2.075195E+01,+4.160949E-06,-1.247825E-06,-1.072422E+02,-2.913555E-01
+2.099609E+01,-6.372196E-06,-3.179149E-06,-1.029489E+02,-2.678818E+00
+2.124023E+01,+8.690442E-06,+3.952149E-06,-1.004028E+02,+4.268133E-01
+2.148438E+01,-5.520649E-06,+9.586603E-06,-9.912288E+01,+2.093285E+00
+2.172852E+01,-1.014079E-06,-1.605524E-05,-9.587037E+01,-1.633874E+00
+2.197266E+01,+5.511981E-06,+1.603048E-06,-1.048212E+02,+2.830226E-01
+2.221680E+01,-4.332427E-06,+1.009459E-05,-9.918398E+01,+1.976205E+00
+2.246094E+01,+1.451121E-06,-4.459937E-06,-1.065764E+02,-1.256232E+00
+2.270508E+01,-1.074447E-06,-4.939591E-06,-1.059254E+02,-1.784977E+00
+2.294922E+01,+1.674554E-06,+1.196151E-05,-9.835999E+01,+1.431705E+00
+2.319336E+01,+2.532813E-06,-1.004864E-05,-9.969035E+01,-1.323884E+00
+2.343750E+01,-7.808799E-06,+2.030937E-06,-1.018641E+02,+2.887147E+00
+2.368164E+01,+7.679247E-06,-6.300685E-07,-1.022645E+02,-8.186485E-02
+2.392578E+01,-7.063760E-06,+8.450764E-06,-9.916096E+01,+2.267031E+00
+2.416992E+01,+3.217783E-06,-1.331017E-05,-9.726964E+01,-1.333594E+00
+2.441406E+01,+4.195111E-06,+7.368231E-06,-1.014333E+02,+1.053218E+00
+2.465820E+01,-2.198556E-09,-7.228857E-07,-1.228186E+02,-1.573838E+00
+2.490234E+01,-5.490850E-06,-1.970972E-06,-1.046809E+02,-2.796962E+00
+2.514648E+01,-4.373831E-06,+2.679636E-06,-1.057987E+02,+2.591922E+00
+2.539062E+01,+1.405914E-05,-2.556359E-07,-9.703940E+01,-1.818090E-02
+2.563477E+01,-1.473068E-05,-1.459179E-07,-9.663512E+01,-3.131687E+00
+2.587891E+01,+8.872319E-06,-4.536527E-06,-1.000306E+02,-4.726565E-01
+2.612305E+01,-2.451819E-06,+7.119698E-06,-1.024641E+02,+1.902448E+00
+2.636719E+01,+4.197820E-06,-2.071079E-06,-1.065934E+02,-4.583296E-01
+2.661133E+01,-9.170501E-06,-1.489197E-06,-1.006391E+02,-2.980608E+00
+2.685547E+01,+1.277701E-05,-9.176005E-07,-9.784908E+01,-7.169345E-02
+2.709961E+01,-6.473691E-06,+2.102880E-06,-1.033413E+02,+2.827510E+00
+2.734375E+01,-1.251094E-06,-8.614732E-07,-1.163688E+02,-2.538575E+00
+2.758789E+01,-5.811311E-06,-3.373478E-06,-1.034533E+02,-2.615633E+00
+2.783203E+01,+7.933978E-06,+5.440598E-06,-1.003363E+02,+6.010871E-01
+2.807617E+01,-2.332054E-06,-6.707263E-06,-1.029735E+02,-1.905412E+00
+2.832031E+01,+2.193636E-06,+7.508188E-06,-1.021336E+02,+1.286542E+00
+2.856445E+01,-4.124975E-06,-3.201058E-06,-1.056444E+02,-2.481647E+00
+2.880859E+01,+3.662130E-07,+6.046121E-06,-1.043546E+02,+1.510300E+00
+2.905273E+01,+9.345040E-06,-6.510413E-06,-9.887009E+01,-6.084878E-01
+2.929688E+01,-8.248220E-06,-5.000180E-06,-1.003135E+02,-2.596617E+00
+2.954102E+01,-6.033742E-07,+3.022452E-06,-1.102231E+02,+1.767837E+00
+2.978516E+01,+3.337447E-06,+7.930536E-06,-1.013058E+02,+1.172459E+00
+3.002930E+01,-4.676529E-07,-1.061290E-05,-9.947490E+01,-1.614832E+00
+3.027344E+01,-8.049251E-06,+9.238882E-06,-9.823483E+01,+2.287491E+00
+3.051758E+01,+1.162055E-05,-3.910102E-06,-9.822966E+01,-3.245814E-01
+3.076172E+01,+6.928518E-07,-3.910358E-06,-1.080214E+02,-1.395433E+00
+3.100586E+01,-1.196267E-05,+4.296219E-06,-9.791658E+01,+2.796803E+00
+3.125000E+01,+7.720279E-06,+4.046171E-06,-1.011933E+02,+4.827384E-01
+3.149414E+01,-1.272986E-06,-3.677727E-06,-1.081970E+02,-1.904023E+00
+3.173828E+01,-4.355252E-07,+2.190423E-06,-1.130210E+02,+1.767068E+00
+3.198242E+01,+1.358384E-06,-7.456033E-06,-1.024080E+02,-1.390587E+00
+3.222656E+01,-1.981711E-06,+7.071710E-06,-1.026812E+02,+1.844019E+00
+3.247070E+01,+6.212405E-07,-3.864105E-06,-1.081482E+02,-1.411388E+00
+3.271484E+01,+7.624748E-07,+1.864174E-06,-1.139185E+02,+1.182543E+00
+3.295898E+01,-3.655116E-06,+3.175933E-07,-1.087093E+02,+3.054920E+00
+3.320312E+01,+5.660720E-06,-5.853617E-06,-1.017843E+02,-8.021494E-01
+3.344727E+01,+5.224682E-07,+9.911499E-06,-1.000652E+02,+1.518132E+00
+3.369141E+01,-5.470264E-06,-6.664928E-06,-1.012875E+02,-2.258065E+00
+3.393555E+01,+3.170911E-06,+1.281197E-06,-1.093196E+02,+3.839902E-01
+3.417969E+01,-2.512844E-06,+2.290368E-06,-1.093704E+02,+2.402480E+00
+3.442383E+01,+3.259727E-06,-1.068852E-06,-1.092929E+02,-3.168490E-01
+3.466797E+01,+2.659107E-06,-3.825730E-06,-1.066340E+02,-9.633943E-01
+3.491211E+01,-7.667461E-06,+8.545209E-06,-9.880050E+01,+2.302108E+00
+3.515625E+01,-3.524655E-08,-2.970492E-06,-1.105428E+02,-1.582661E+00
+3.540039E+01,+7.272287E-06,-6.399343E-06,-1.002762E+02,-7.216340E-01
+3.564453E+01,-2.286637E-06,+8.589513E-06,-1.010233E+02,+1.830975E+00
+3.588867E+01,+4.604218E-07,-6.096334E-06,-1.042739E+02,-1.495415E+00
+3.613281E+01,-4.864487E-06,+1.913909E-06,-1.056342E+02,+2.766750E+00
+3.637695E+01,+6.017915E-06,-1.631353E-06,-1.041031E+02,-2.647207E-01
+3.662109E+01,-3.861848E-06,-7.083576E-07,-1.081204E+02,-2.960185E+00
+3.686523E+01,+1.496846E-06,+2.049204E-06,-1.119113E+02,+9.399235E-01
+3.710938E+01,+5.448043E-06,+4.905800E-06,-1.026964E+02,+7.330747E-01
+3.735352E+01,-1.027309E-05,-1.017401E-05,-9.679756E+01,-2.361040E+00
+3.759766E+01,+2.568407E-06,+1.150609E-05,-9.857027E+01,+1.351175E+00
+3.784180E+01,+1.682176E-06,-9.212185E-06,-1.005703E+02,-1.390183E+00
+3.808594E+01,+1.915757E-06,+2.549722E-07,-1.142769E+02,+1.323145E-01
+3.833008E+01,+2.684944E-06,+9.625634E-06,-1.000060E+02,+1.298774E+00
+3.857422E+01,-5.632863E-06,-9.928717E-06,-9.885027E+01,-2.086848E+00
+3.881836E+01,+1.226850E-06,+5.244790E-06,-1.053741E+02,+1.341010E+00
+3.906250E+01,-4.152963E-06,-5.084920E-06,-1.036549E+02,-2.255651E+00
+3.930664E+01,+7.956782E-06,+2.283769E-06,-1.016414E+02,+2.795080E-01
+3.955078E+01,+6.165861E-07,+6.533433E-06,-1.036587E+02,+1.476701E+00
+3.979492E+01,-1.034998E-05,-5.086581E-06,-9.876163E+01,-2.684802E+00
+4.003906E+01,+5.054036E-06,-5.814081E-06,-1.022660E+02,-8.552180E-01
+4.028320E+01,-3.597113E-06,+4.232722E-06,-1.051067E+02,+2.275194E+00
+4.052734E+01,+1.159924E-05,+1.613467E-07,-9.871056E+01,+1.390922E-02
+4.077148E+01,-5.130210E-06,+4.124709E-06,-1.036319E+02,+2.464415E+00
+4.101562E+01,-1.507545E-06,-6.985813E-06,-1.029180E+02,-1.783338E+00
+4.125977E+01,-1.176296E-06,+1.848021E-06,-1.131886E+02,+2.137634E+00
+4.150391E+01,+5.829234E-07,+5.091642E-06,-1.058063E+02,+1.456806E+00
+4.174805E+01,-2.684300E-06,-5.030521E-06,-1.048796E+02,-2.060963E+00
+4.199219E+01,+1.601353E-06,+1.321185E-06,-1.136554E+02,+6.898255E-01
+4.223633E+01,+5.919670E-06,+4.571212E-06,-1.025229E+02,+6.575629E-01
+4.248047E+01,-1.548171E-06,-1.007982E-05,-9.982968E+01,-1.723197E+00
+4.272461E+01,-2.295636E-06,+6.378190E-06,-1.033770E+02,+1.916281E+00
+4.296875E+01,-1.565843E-06,+6.371266E-06,-1.036608E+02,+1.811787E+00
+4.321289E+01,+2.396519E-07,-1.227528E-05,-9.821771E+01,-1.551276E+00
+4.345703E+01,-1.912181E-06,+1.244183E-05,-9.800093E+01,+1.723293E+00
+4.370117E+01,+2.345411E-06,-1.448032E-05,-9.667197E+01,-1.410219E+00
+4.394531E+01,-3.770867E-06,+1.127548E-05,-9.849686E+01,+1.893534E+00
+4.418945E+01,+3.459344E-06,+1.555094E-06,-1.084208E+02,+4.224667E-01
+4.443359E+01,+8.248868E-06,-1.468653E-05,-9.547083E+01,-1.059044E+00
+4.467773E+01,-7.115586E-06,+1.282462E-05,-9.667355E+01,+2.077346E+00
+4.492188E+01,-5.125628E-06,-4.056195E-06,-1.036932E+02,-2.472145E+00
+4.516602E+01,+1.236845E-05,+3.499374E-06,-9.781926E+01,+2.757212E-01
+4.541016E+01,-8.585882E-06,-3.318003E-06,-1.007198E+02,-2.772823E+00
+4.565430E+01,+3.703261E-07,-3.966203E-06,-1.079948E+02,-1.477696E+00
+4.589844E+01,+4.850863E-06,+2.034364E-06,-1.055800E+02,+3.971024E-01
+4.614258E+01,-1.793343E-05,+4.396464E-06,-9.467326E+01,+2.901180E+00
+4.638672E+01,+2.425844E-05,+2.697570E-08,-9.230273E+01,+1.112012E-03
+4.663086E+01,-1.275625E-05,-2.695069E-06,-9.769588E+01,-2.933380E+00
+4.687500E+01,+2.705423E-06,+1.669922E-06,-1.099534E+02,+5.530069E-01
+4.711914E+01,+1.729088E-06,-2.512549E-06,-1.103139E+02,-9.680468E-01
+4.736328E+01,-1.450591E-06,+1.247402E-06,-1.143649E+02,+2.431364E+00
+4.760742E+01,-5.715355E-07,-3.988484E-06,-1.078956E+02,-1.713124E+00
+4.785156E+01,-2.879992E-06,+1.231171E-05,-9.796227E+01,+1.800587E+00
+4.809570E+01,+1.610853E-06,-1.845883E-05,-9.464297E+01,-1.483750E+00
+4.833984E+01,+4.078795E-06,+1.477848E-05,-9.628859E+01,+1.301505E+00
+4.858398E+01,+2.174179E-06,-7.025044E-06,-1.026698E+02,-1.270656E+00
+4.882812E+01,-1.193570E-05,+3.719948E-06,-9.806044E+01,+2.839468E+00
+4.907227E+01,+9.021048E-06,+5.462515E-07,-1.008790E+02,+6.047915E-02
+4.931641E+01,-2.353989E-06,-1.224316E-06,-1.115241E+02,-2.661992E+00
+4.956055E+01,-2.275085E-06,-9.058162E-08,-1.128532E+02,-3.101799E+00
+4.980469E+01,+2.619737E-06,-5.449530E-06,-1.043699E+02,-1.122685E+00
+5.004883E+01,+2.703926E-06,+5.853592E-06,-1.038116E+02,+1.138069E+00
+5.029297E+01,-2.404190E-06,-9.547596E-07,-1.117446E+02,-2.763569E+00
+5.053711E+01,-5.488795E-06,-4.825657E-06,-1.027235E+02,-2.420398E+00
+5.078125E+01,+8.248609E-06,+2.206714E-06,-1.013722E+02,+2.614041E-01
+5.102539E+01,-3.498465E-06,+6.844136E-06,-1.022855E+02,+2.043334E+00
+5.126953E+01,+1.359647E-06,-5.919571E-06,-1.043309E+02,-1.345025E+00
+5.151367E+01,-1.768089E-06,-9.925384E-07,-1.138602E+02,-2.630068E+00
+5.175781E+01,+2.132326E-06,+3.089049E-06,-1.085112E+02,+9.666198E-01
+5.200195E+01,-3.665894E-06,+2.659393E-06,-1.068801E+02,+2.513995E+00
+5.224609E+01,+2.378340E-06,-5.070708E-06,-1.050350E+02,-1.132226E+00
+5.249023E+01,+7.707400E-07,+1.544998E-06,-1.152563E+02,+1.108060E+00
+5.273438E+01,-3.085061E-06,+3.016551E-06,-1.073009E+02,+2.367422E+00
+5.297852E+01,-2.510071E-06,-9.035683E-06,-1.005579E+02,-1.841759E+00
+5.322266E+01,+7.349038E-06,+8.251422E-06,-9.913304E+01,+8.431772E-01
+5.346680E+01,-6.100789E-06,-5.516965E-06,-1.016969E+02,-2.406405E+00
+5.371094E+01,+4.649264E-06,+8.390589E-06,-1.003613E+02,+1.064807E+00
+5.395508E+01,-8.285271E-07,-5.588241E-06,-1.049601E+02,-1.717987E+00
+5.419922E+01,-4.898285E-06,+1.908469E-06,-1.055853E+02,+2.770066E+00
+5.444336E+01,+8.342926E-06,+1.201704E-06,-1.014845E+02,+1.430548E-01
+5.468750E+01,-6.279382E-06,-1.672864E-07,-1.040386E+02,-3.114958E+00
+5.493164E+01,+6.999332E-06,-1.402116E-06,-1.029280E+02,-1.977046E-01
+5.517578E+01,-2.891864E-06,-4.396579E-06,-1.055763E+02,-2.152603E+00
+5.541992E+01,-5.124357E-07,+9.525316E-06,-1.004099E+02,+1.624542E+00
+5.566406E+01,-5.222656E-06,-5.866058E-06,-1.020981E+02,-2.298236E+00
+5.590820E+01,+1.173339E-05,+3.780373E-06,-9.818260E+01,+3.116876E-01
+5.615234E+01,-5.535671E-06,-1.353724E-06,-1.048843E+02,-2.901754E+00
+5.639648E+01,-3.548606E-06,-5.576373E-06,-1.035963E+02,-2.137526E+00
+5.664062E+01,+5.017126E-06,+7.529190E-07,-1.058942E+02,+1.489582E-01
+5.688477E+01,+2.302890E-06,+8.621414E-06,-1.009891E+02,+1.309777E+00
+5.712891E+01,-4.492058E-06,-1.739742E-05,-9.491001E+01,-1.823480E+00
+5.737305E+01,+3.895490E-06,+2.016900E-05,-9.374725E+01,+1.380003E+00
+5.761719E+01,-3.324483E-06,-1.232220E-05,-9.788109E+01,-1.834318E+00
+5.786133E+01,+2.141887E-07,-3.300474E-06,-1.096102E+02,-1.505991E+00
+5.810547E+01,+5.497815E-06,+9.864844E-06,-9.894350E+01,+1.062355E+00
+5.834961E+01,-1.028226E-05,-9.966296E-06,-9.688136E+01,-2.371797E+00
+5.859375E+01,+7.755440E-06,+4.480935E-06,-1.009569E+02,+5.239207E-01
+5.883789E+01,-1.328979E-06,-2.473771E-06,-1.110316E+02,-2.063781E+00
+5.908203E+01,+7.648961E-08,+1.848040E-06,-1.146583E+02,+1.529430E+00
+5.932617E+01,-9.411608E-07,-4.775199E-06,-1.062547E+02,-1.765396E+00
+5.957031E+01,-2.152268E-06,+1.785730E-06,-1.110673E+02,+2.449004E+00
+5.981445E+01,+4.341969E-06,+1.212898E-06,-1.069199E+02,+2.723992E-01
+6.005859E+01,-9.230591E-07,-9.969173E-06,-9.998974E+01,-1.663124E+00
+6.030273E+01,+1.791656E-07,+4.098540E-06,-1.077391E+02,+1.527110E+00
+6.054688E+01,-3.533862E-06,-7.628840E-06,-1.015066E+02,-2.004593E+00
+6.079102E+01,-5.035319E-06,+2.510540E-07,-1.059487E+02,+3.091775E+00
+6.103516E+01,-8.843575E-06,-2.714730E-06,-1.006763E+02,-2.843752E+00
+6.127930E+01,-6.759667E-06,+2.385596E-06,-1.028917E+02,+2.802322E+00
+6.152344E+01,-7.278091E-06,+1.080429E-05,-9.770310E+01,+2.163604E+00
+6.176758E+01,+3.105246E-06,+5.549995E-06,-1.039314E+02,+1.060685E+00
+6.201172E+01,+1.708039E-06,+9.655851E-06,-1.001704E+02,+1.395716E+00
+6.225586E+01,+2.918648E-06,+5.787522E-06,-1.037661E+02,+1.103714E+00
+6.250000E+01,+7.465396E-06,+1.495301E-06,-1.023681E+02,+1.976817E-01
+6.274414E+01,+2.060648E-06,-7.168625E-06,-1.025465E+02,-1.290889E+00
+6.298828E+01,+6.280101E-06,+1.067377E-05,-9.814262E+01,+1.038974E+00
+6.323242E+01,-4.131687E-06,-7.853939E-06,-1.010372E+02,-2.055078E+00
+6.347656E+01,+7.029420E-06,-1.686384E-07,-1.030591E+02,-2.398576E-02
+6.372070E+01,+5.695596E-06,-1.449230E-06,-1.046168E+02,-2.491601E-01
+6.396484E+01,-2.696388E-06,-5.431675E-06,-1.043446E+02,-2.031575E+00
+6.420898E+01,-3.485287E-07,+7.082199E-06,-1.029861E+02,+1.619969E+00
+6.445312E+01,-1.444552E-06,-6.367854E-06,-1.037022E+02,-1.793872E+00
+6.469727E+01,+1.874589E-06,+2.956550E-06,-1.091168E+02,+1.005718E+00
+6.494141E+01,-1.620537E-06,-4.513940E-06,-1.063824E+02,-1.915473E+00
+6.518555E+01,+3.437105E-06,-4.412862E-06,-1.050464E+02,-9.090647E-01
+6.542969E+01,-3.954716E-06,+1.266896E-05,-9.754136E+01,+1.873369E+00
+6.567383E+01,+3.844782E-06,-1.572401E-05,-9.581654E+01,-1.330985E+00
+6.591797E+01,-5.621844E-06,+1.086116E-05,-9.825156E+01,+2.048432E+00
+6.616211E+01,+8.992411E-08,-7.745085E-06,-1.022189E+02,-1.559186E+00
+6.640625E+01,+7.956644E-06,+7.706675E-06,-9.911152E+01,+7.694407E-01
+6.665039E+01,-9.902083E-06,-1.077504E-05,-9.669276E+01,-2.314001E+00
+6.689453E+01,+2.873459E-06,+1.288412E-05,-9.758809E+01,+1.351364E+00
+6.713867E+01,+4.555845E-06,-1.178292E-05,-9.796986E+01,-1.201853E+00
+6.738281E+01,-6.127520E-06,+9.756850E-06,-9.876990E+01,+2.131566E+00
+6.762695E+01,+4.348017E-06,-3.641152E-06,-1.049264E+02,-6.971501E-01
+6.787109E+01,-3.857120E-07,+1.097756E-06,-1.186843E+02,+1.908686E+00
+6.811523E+01,+9.022489E-07,-1.061763E-05,-9.944820E+01,-1.486023E+00
+6.835938E+01,-3.073569E-06,+1.664528E-05,-9.542857E+01,+1.753391E+00
+6.860352E+01,-4.880899E-06,-1.591421E-05,-9.557387E+01,-1.868389E+00
+6.884766E+01,+1.054769E-05,+1.508280E-05,-9.470127E+01,+9.605274E-01
+6.909180E+01,-6.610303E-06,-1.335657E-05,-9.653462E+01,-2.030364E+00
+6.933594E+01,+8.472112E-06,+1.533118E-05,-9.513114E+01,+1.065954E+00
+6.958008E+01,-7.650598E-06,-1.177343E-05,-9.705214E+01,-2.147044E+00
+6.982422E+01,+8.106485E-06,-3.202591E-08,-1.018233E+02,-3.950633E-03
+7.006836E+01,-1.171832E-05,+1.267049E-06,-9.857222E+01,+3.033886E+00
+7.031250E+01,+1.066291E-05,-1.760257E-08,-9.944247E+01,-1.650820E-03
+7.055664E+01,-1.029989E-05,+3.322113E-06,-9.931354E+01,+2.829588E+00
+7.080078E+01,+8.044468E-06,+2.873468E-06,-1.013685E+02,+3.430729E-01
+7.104492E+01,-1.054620E-06,-1.750967E-05,-9.511871E+01,-1.630954E+00
+7.128906E+01,-7.294597E-06,+1.136334E-05,-9.739127E+01,+2.141486E+00
+7.153320E+01,+9.296584E-06,+3.902455E-06,-9.992868E+01,+3.974350E-01
+7.177734E+01,-5.686860E-06,-3.775297E-06,-1.033168E+02,-2.555533E+00
+7.202148E+01,+5.465543E-06,+1.869183E-06,-1.047670E+02,+3.295248E-01
+7.226562E+01,-3.369717E-06,-7.240972E-06,-1.019527E+02,-2.006356E+00
+7.250977E+01,-6.026690E-06,+4.755607E-06,-1.022961E+02,+2.473539E+00
+7.275391E+01,+1.042738E-05,+1.759685E-06,-9.951454E+01,+1.671810E-01
+7.299805E+01,-9.800876E-06,-4.122099E-06,-9.946733E+01,-2.743468E+00
+7.324219E+01,+1.397990E-05,+4.559978E-06,-9.665082E+01,+3.152996E-01
+7.348633E+01,-1.051068E-05,-2.244064E-07,-9.956540E+01,-3.120246E+00
+7.373047E+01,+4.119268E-06,-3.797060E-06,-1.050326E+02,-7.447188E-01
+7.397461E+01,-5.858497E-06,+1.427677E-06,-1.043937E+02,+2.902558E+00
+7.421875E+01,+5.512059E-06,-5.590626E-06,-1.021015E+02,-7.924744E-01
+7.446289E+01,-5.501044E-06,+6.315236E-06,-1.015401E+02,+2.287399E+00
+7.470703E+01,+7.097271E-06,-1.959889E-06,-1.026590E+02,-2.694322E-01
+7.495117E+01,+1.009042E-06,+3.402691E-06,-1.089975E+02,+1.282515E+00
+7.519531E+01,-9.842866E-06,-1.112927E-05,-9.656113E+01,-2.294933E+00
+7.543945E+01,+6.917850E-06,+6.851190E-06,-1.002321E+02,+7.805569E-01
+7.568359E+01,-3.206919E-06,+1.720277E-06,-1.087799E+02,+2.649230E+00
+7.592773E+01,-3.713210E-06,-2.089340E-06,-1.074104E+02,-2.629068E+00
+7.617188E+01,+3.564219E-06,+4.189995E-06,-1.051914E+02,+8.659251E-01
+7.641602E+01,-1.087960E-06,-6.789569E-06,-1.032531E+02,-1.729686E+00
+7.666016E+01,+3.180609E-06,+8.131778E-06,-1.011781E+02,+1.197957E+00
+7.690430E+01,-4.842849E-06,-8.945585E-06,-9.985158E+01,-2.066988E+00
+7.714844E+01,+6.465215E-07,+8.261997E-06,-1.016318E+02,+1.492703E+00
+7.739258E+01,-1.593758E-07,-3.567813E-06,-1.089433E+02,-1.615437E+00
+7.763672E+01,+3.793770E-06,+2.939957E-06,-1.063759E+02,+6.592748E-01
+7.788086E+01,-4.966619E-07,-4.455142E-06,-1.069691E+02,-1.681818E+00
+7.812500E+01,-2.073783E-06,+1.647009E-06,-1.115408E+02,+2.470395E+00
+7.836914E+01,+5.153268E-06,+6.752184E-08,-1.057576E+02,+1.310197E-02
+7.861328E+01,-8.481791E-06,+2.460682E-06,-1.010793E+02,+2.859231E+00
+7.885742E+01,+4.055824E-06,-1.344261E-06,-1.073858E+02,-3.200453E-01
+7.910156E+01,-4.827255E-06,-2.216585E-06,-1.054951E+02,-2.711130E+00
+7.934570E+01,+5.985064E-06,+1.926518E-06,-1.040305E+02,+3.114143E-01
+7.958984E+01,+1.165522E-06,+2.370423E-06,-1.115631E+02,+1.113816E+00
+7.983398E+01,-5.878611E-06,-4.937976E-06,-1.022958E+02,-2.442939E+00
+8.007812E+01,+6.747176E-06,-1.730599E-06,-1.031409E+02,-2.510797E-01
+8.032227E+01,-1.772844E-06,+4.327044E-06,-1.066022E+02,+1.959647E+00
+8.056641E+01,-3.309729E-06,+1.228533E-06,-1.090436E+02,+2.786168E+00
+8.081055E+01,+1.168916E-06,-1.889607E-06,-1.130654E+02,-1.016811E+00
+8.105469E+01,+5.012635E-08,+2.041519E-06,-1.137983E+02,+1.546248E+00
+8.129883E+01,+7.222964E-08,+6.993197E-07,-1.230604E+02,+1.467876E+00
+8.154297E+01,+1.820627E-06,-1.090988E-05,-9.912431E+01,-1.405441E+00
+8.178711E+01,-4.778132E-06,+1.145133E-05,-9.812582E+01,+1.966089E+00
+8.203125E+01,+6.506431E-06,-4.129107E-06,-1.022634E+02,-5.654867E-01
+8.227539E+01,-9.201776E-06,+1.207888E-06,-1.006484E+02,+3.011072E+00
+8.251953E+01,+8.843563E-06,+7.597407E-06,-9.866688E+01,+7.097470E-01
+8.276367E+01,-3.539693E-06,-1.131734E-05,-9.851979E+01,-1.873925E+00
+8.300781E+01,+1.663758E-06,+3.272158E-06,-1.087047E+02,+1.100405E+00
+8.325195E+01,-5.491904E-06,+1.984269E-06,-1.046727E+02,+2.794879E+00
+8.349609E+01,+8.582546E-06,-2.495640E-06,-1.009752E+02,-2.829776E-01
+8.374023E+01,-8.114483E-06,+1.910447E-06,-1.015805E+02,+2.910367E+00
+8.398438E+01,+6.251360E-06,+2.745568E-06,-1.033145E+02,+4.138325E-01
+8.422852E+01,-1.687231E-06,-9.610302E-06,-1.002134E+02,-1.744590E+00
+8.447266E+01,-2.822524E-06,+9.037985E-06,-1.004744E+02,+1.873495E+00
+8.471680E+01,+4.375121E-06,+4.301949E-08,-1.071798E+02,+9.832438E-03
+8.496094E+01,-3.552434E-06,-4.057898E-06,-1.053631E+02,-2.289874E+00
+8.520508E+01,-2.895800E-09,-6.870849E-07,-1.232597E+02,-1.575011E+00
+8.544922E+01,-5.690465E-07,+2.240574E-06,-1.127213E+02,+1.819511E+00
+8.569336E+01,+6.131501E-06,-3.352620E-06,-1.031127E+02,-5.003724E-01
+8.593750E+01,-1.020193E-05,+1.378604E-05,-9.531454E+01,+2.207879E+00
+8.618164E+01,+7.180913E-06,-1.577567E-05,-9.522247E+01,-1.143636E+00
+8.642578E+01,+3.273251E-06,+3.700907E-06,-1.061242E+02,+8.466417E-01
+8.666992E+01,-8.425647E-06,+2.062550E-06,-1.012352E+02,+2.901520E+00
+8.691406E+01,+3.684283E-06,+7.666563E-07,-1.084888E+02,+2.051606E-01
+8.715820E+01,+4.453420E-06,-2.581612E-06,-1.057679E+02,-5.253533E-01
+8.740234E+01,-1.115156E-05,+6.505327E-06,-9.778125E+01,+2.613502E+00
+8.764648E+01,+1.118358E-05,-6.199600E-06,-9.786462E+01,-5.061755E-01
+8.789062E+01,-6.619109E-06,+2.273074E-06,-1.030999E+02,+2.810800E+00
+8.813477E+01,+5.979333E-06,-2.616080E-06,-1.037063E+02,-4.124276E-01
+8.837891E+01,-5.385064E-06,+8.607886E-07,-1.052666E+02,+2.983086E+00
+8.862305E+01,-3.789094E-07,-5.351994E-06,-1.054080E+02,-1.641476E+00
+8.886719E+01,+2.013711E-06,+1.541029E-05,-9.617026E+01,+1.440859E+00
+8.911133E+01,-3.414122E-07,-1.648394E-05,-9.565692E+01,-1.591505E+00
+8.935547E+01,-3.675540E-06,+1.120520E-05,-9.856778E+01,+1.887758E+00
+8.959961E+01,+8.037423E-06,-2.529080E-06,-1.014876E+02,-3.048543E-01
+8.984375E+01,-4.985989E-06,-3.009295E-06,-1.046960E+02,-2.598567E+00
+9.008789E+01,+5.153137E-06,+3.726540E-06,-1.039317E+02,+6.261008E-01
+9.033203E+01,-3.247485E-06,-5.279792E-06,-1.041542E+02,-2.122229E+00
+9.057617E+01,-5.073846E-06,+6.017388E-06,-1.020794E+02,+2.271328E+00
+9.082031E+01,+3.409653E-06,-5.677316E-06,-1.035796E+02,-1.029954E+00
+9.106445E+01,+5.411516E-06,+7.978280E-07,-1.052402E+02,+1.463770E-01
+9.130859E+01,-5.435931E-06,+2.312561E-06,-1.045721E+02,+2.739365E+00
+9.155273E+01,-7.539841E-07,-7.993016E-07,-1.191816E+02,-2.327028E+00
+9.179688E+01,+4.635458E-06,-2.224317E-06,-1.057782E+02,-4.473968E-01
+9.204102E+01,-4.635445E-06,+1.381127E-06,-1.063088E+02,+2.852018E+00
+9.228516E+01,-4.909294E-07,+4.151385E-06,-1.075758E+02,+1.688506E+00
+9.252930E+01,+1.550003E-06,-6.829749E-06,-1.030938E+02,-1.347628E+00
+9.277344E+01,-3.606871E-06,+4.152736E-06,-1.051921E+02,+2.285963E+00
+9.301758E+01,-4.513873E-08,+3.657672E-06,-1.087352E+02,+1.583137E+00
+9.326172E+01,+9.443008E-06,-4.070195E-06,-9.975774E+01,-4.069648E-01
+9.350586E+01,-9.595083E-06,-7.306428E-07,-1.003339E+02,-3.065592E+00
+9.375000E+01,+1.045379E-05,-3.360743E-06,-9.918739E+01,-3.110501E-01
+9.399414E+01,-1.910985E-05,+5.237066E-06,-9.406035E+01,+2.874109E+00
+9.423828E+01,+1.656676E-05,+5.124202E-06,-9.521844E+01,+2.999726E-01
+9.448242E+01,-1.812754E-06,-1.022476E-05,-9.967253E+01,-1.746264E+00
+9.472656E+01,-4.518739E-06,+8.232930E-06,-1.005453E+02,+2.072765E+00
+9.497070E+01,+2.467007E-06,-4.334914E-06,-1.060419E+02,-1.053406E+00
+9.521484E+01,-2.659401E-06,+2.185077E-06,-1.092639E+02,+2.453794E+00
+9.545898E+01,+1.831045E-06,-1.265873E-06,-1.130494E+02,-6.048897E-01
+9.570312E+01,-2.480409E-06,+1.938062E-06,-1.100399E+02,+2.478329E+00
+9.594727E+01,+5.059453E-06,-6.924893E-07,-1.058373E+02,-1.360252E-01
+9.619141E+01,-1.449189E-06,-3.401322E-06,-1.086426E+02,-1.973570E+00
+9.643555E+01,+3.884926E-07,+5.623374E-06,-1.049794E+02,+1.501821E+00
+9.667969E+01,+3.008581E-06,+5.756038E-07,-1.102766E+02,+1.890364E-01
+9.692383E+01,-7.230380E-06,-6.975064E-06,-9.995980E+01,-2.374166E+00
+9.716797E+01,+2.946026E-06,+5.874951E-06,-1.036458E+02,+1.105985E+00
+9.741211E+01,+4.631003E-06,+3.074554E-06,-1.051005E+02,+5.860895E-01
+9.765625E+01,-3.308771E-06,-3.320672E-06,-1.065807E+02,-2.354399E+00
+9.790039E+01,-2.290947E-06,-5.473473E-06,-1.045337E+02,-1.967195E+00
+9.814453E+01,+5.215191E-06,+4.464348E-06,-1.032672E+02,+7.079831E-01
+9.838867E+01,-5.866632E-06,-1.471525E-06,-1.043672E+02,-2.895833E+00
+9.863281E+01,+6.529972E-06,+1.448003E-07,-1.036996E+02,+2.217108E-02
+9.887695E+01,-6.370511E-06,+3.152194E-08,-1.039164E+02,+3.136645E+00
+9.912109E+01,+4.477420E-06,-1.941761E-06,-1.062310E+02,-4.091983E-01
+9.936523E+01,-3.006830E-07,+5.165649E-06,-1.057228E+02,+1.628939E+00
+9.960938E+01,-3.027672E-07,+3.175884E-06,-1.099234E+02,+1.665842E+00
+9.985352E+01,+5.938015E-06,-2.136846E-06,-1.039983E+02,-3.454304E-01
+1.000977E+02,-7.561366E-06,-9.512918E-06,-9.830708E+01,-2.242391E+00
+1.003418E+02,+7.120176E-06,+3.814781E-06,-1.018542E+02,+4.918529E-01
+1.005859E+02,-1.518632E-05,-8.554344E-06,-9.517410E+01,-2.628601E+00
+1.008301E+02,+8.217447E-06,+2.260702E-05,-9.237618E+01,+1.222154E+00
+1.010742E+02,+2.992817E-06,-1.356227E-05,-9.714685E+01,-1.353605E+00
+1.013184E+02,+3.384062E-06,+1.543170E-06,-1.085908E+02,+4.278417E-01
+1.015625E+02,+2.092459E-06,-3.893034E-06,-1.070921E+02,-1.077610E+00
+1.018066E+02,-1.325122E-05,-8.007885E-06,-9.620293E+01,-2.598008E+00
+1.020508E+02,-2.850781E-06,+2.061790E-05,-9.363287E+01,+1.708192E+00
+1.022949E+02,+2.271998E-05,-1.848611E-05,-9.066547E+01,-6.830087E-01
+1.025391E+02,-1.630791E-05,+1.194617E-05,-9.388638E+01,+2.509361E+00
+1.027832E+02,-2.073170E-06,-4.025915E-06,-1.068812E+02,-2.046337E+00
+1.030273E+02,+4.311339E-06,+1.247484E-06,-1.069586E+02,+2.816574E-01
+1.032715E+02,-8.643552E-06,-3.647188E-06,-1.005545E+02,-2.742304E+00
+1.035156E+02,+7.673356E-06,+1.039851E-05,-9.777259E+01,+9.350657E-01
+1.037598E+02,+2.055814E-06,-5.414508E-06,-1.047439E+02,-1.207924E+00
+1.040039E+02,+9.225077E-06,+6.967613E-06,-9.874032E+01,+6.468785E-01
+1.042480E+02,-7.240303E-06,-1.615769E-05,-9.503773E+01,-1.992071E+00
+1.044922E+02,+1.206946E-06,+4.976489E-06,-1.058133E+02,+1.332861E+00
+1.047363E+02,-5.184925E-06,-1.155778E-05,-9.794617E+01,-1.992493E+00
+1.049805E+02,-1.093360E-05,+3.590415E-05,-8.851196E+01,+1.866396E+00
+1.052246E+02,+1.600521E-05,-4.462929E-05,-8.648215E+01,-1.226458E+00
+1.054688E+02,-9.404028E-06,+4.448562E-05,-8.684574E+01,+1.779124E+00
+1.057129E+02,+1.332610E-05,-1.708637E-05,-9.328338E+01,-9.084163E-01
+1.059570E+02,+2.311970E-06,+6.705689E-06,-1.029833E+02,+1.238782E+00
+1.062012E+02,+1.066362E-05,-1.819855E-05,-9.351738E+01,-1.040764E+00
+1.064453E+02,-7.018540E-06,-1.120209E-05,-9.757590E+01,-2.130501E+00
+1.066895E+02,-7.202289E-06,-1.159208E-06,-1.027395E+02,-2.982011E+00
+1.069336E+02,-1.633208E-05,-1.252366E-05,-9.373066E+01,-2.487418E+00
+1.071777E+02,-3.399203E-05,+2.821255E-05,-8.709652E+01,+2.448839E+00
+1.074219E+02,+4.099942E-05,+4.806233E-05,-8.398925E+01,+8.645360E-01
+1.076660E+02,+3.311240E-05,-6.387498E-05,-8.285969E+01,-1.092542E+00
+1.079102E+02,-4.433794E-05,-4.343403E-06,-8.702301E+01,-3.043943E+00
+1.081543E+02,-5.621439E-06,+2.938966E-05,-9.048006E+01,+1.759786E+00
+1.083984E+02,+8.310371E-06,+2.162624E-07,-1.016047E+02,+2.601733E-02
+1.086426E+02,+1.500178E-05,+1.225031E-05,-9.425826E+01,+6.847755E-01
+1.088867E+02,+3.911072E-06,-1.504626E-05,-9.616748E+01,-1.316488E+00
+1.091309E+02,+5.039938E-06,-3.119261E-06,-1.045431E+02,-5.542070E-01
+1.093750E+02,-7.712987E-06,-9.406811E-06,-9.829803E+01,-2.257576E+00
+1.096191E+02,-4.558031E-06,-4.750894E-06,-1.036304E+02,-2.335479E+00
+1.098633E+02,-1.647344E-05,-7.339668E-08,-9.566423E+01,-3.137137E+00
+1.101074E+02,+1.737311E-05,+3.184848E-05,-8.880695E+01,+1.071420E+00
+1.103516E+02,-1.643993E-07,-2.535207E-05,-9.191955E+01,-1.577281E+00
+1.105957E+02,-6.959321E-06,-1.641586E-06,-1.029135E+02,-2.909944E+00
+1.108398E+02,+1.531759E-06,+8.470481E-06,-1.013021E+02,+1.391895E+00
+1.110840E+02,-7.635191E-06,-1.582623E-06,-1.021609E+02,-2.937207E+00
+1.113281E+02,+6.892501E-06,+1.332857E-05,-9.647514E+01,+1.093545E+00
+1.115723E+02,+8.503112E-06,-7.071218E-06,-9.912556E+01,-6.937166E-01
+1.118164E+02,-6.295575E-07,+4.323725E-07,-1.223412E+02,+2.539789E+00
+1.120605E+02,-5.108492E-06,-9.192273E-06,-9.956267E+01,-2.078034E+00
+1.123047E+02,-3.491596E-07,+7.684504E-06,-1.022787E+02,+1.616202E+00
+1.125488E+02,+7.600431E-06,+4.630342E-07,-1.023671E+02,+6.084690E-02
+1.127930E+02,-5.460890E-06,-7.612218E-07,-1.051712E+02,-3.003090E+00
+1.130371E+02,+4.289453E-06,-5.476939E-06,-1.031519E+02,-9.063932E-01
+1.132812E+02,-9.890797E-08,+3.986603E-06,-1.079853E+02,+1.595601E+00
+1.135254E+02,-7.613919E-06,-6.905716E-06,-9.976086E+01,-2.404932E+00
+1.137695E+02,-8.710358E-07,+6.403225E-06,-1.037924E+02,+1.705997E+00
+1.140137E+02,+1.072224E-05,-1.813629E-06,-9.927178E+01,-1.675605E-01
+1.142578E+02,-8.532093E-06,+3.843231E-07,-1.013701E+02,+3.096579E+00
+1.145020E+02,+4.720314E-06,-2.627426E-06,-1.053484E+02,-5.079123E-01
+1.147461E+02,-6.719785E-06,+4.531171E-06,-1.018252E+02,+2.548322E+00
+1.149902E+02,-1.096371E-06,-3.742334E-06,-1.081795E+02,-1.855786E+00
+1.152344E+02,+1.626490E-05,+1.050248E-07,-9.577478E+01,+6.457053E-03
+1.154785E+02,-1.289096E-05,+3.220304E-06,-9.753139E+01,+2.896792E+00
+1.157227E+02,+1.920803E-06,-1.888733E-06,-1.113925E+02,-7.769802E-01
+1.159668E+02,-6.694581E-07,+2.120790E-06,-1.130575E+02,+1.876562E+00
+1.162109E+02,-9.772709E-07,-6.205617E-07,-1.187284E+02,-2.575839E+00
+1.164551E+02,+2.491647E-06,-4.715100E-06,-1.054606E+02,-1.084656E+00
+1.166992E+02,+3.724379E-07,-8.935443E-07,-1.202820E+02,-1.175883E+00
+1.169434E+02,-1.811129E-06,+3.108212E-06,-1.088803E+02,+2.098392E+00
+1.171875E+02,-5.499928E-06,+1.873482E-06,-1.047161E+02,+2.813283E+00
+1.174316E+02,+1.011525E-05,-1.263411E-06,-9.983324E+01,-1.242581E-01
+1.176758E+02,-7.194267E-06,-2.908536E-06,-1.022028E+02,-2.757398E+00
+1.179199E+02,-8.055633E-07,+4.736653E-06,-1.063667E+02,+1.739255E+00
+1.181641E+02,+2.199044E-06,+5.842177E-06,-1.040930E+02,+1.210791E+00
+1.184082E+02,+1.265675E-06,-1.120180E-05,-9.895915E+01,-1.458285E+00
+1.186523E+02,-3.328013E-06,+5.123519E-06,-1.042799E+02,+2.146859E+00
+1.188965E+02,+9.051925E-06,-2.991440E-06,-1.004150E+02,-3.191763E-01
+1.191406E+02,-6.819303E-06,-5.497767E-07,-1.032971E+02,-3.061146E+00
+1.193848E+02,-1.930783E-06,+6.225814E-06,-1.037173E+02,+1.871516E+00
+1.196289E+02,+4.479397E-06,-5.941676E-06,-1.025674E+02,-9.248073E-01
+1.198730E+02,-2.393269E-06,+6.116009E-06,-1.036519E+02,+1.943791E+00
+1.201172E+02,-2.486584E-06,-7.382195E-06,-1.021696E+02,-1.895695E+00
+1.203613E+02,+6.313473E-06,+5.263855E-06,-1.017026E+02,+6.949839E-01
+1.206055E+02,-6.741611E-06,-3.620521E-06,-1.023242E+02,-2.648753E+00
+1.208496E+02,+6.945467E-06,+1.049903E-05,-9.800056E+01,+9.863554E-01
+1.210938E+02,-1.343594E-05,-1.513984E-05,-9.387492E+01,-2.296638E+00
+1.213379E+02,+1.470501E-05,+7.413734E-06,-9.566710E+01,+4.669732E-01
+1.215820E+02,-6.590232E-06,-1.663552E-06,-1.033537E+02,-2.894331E+00
+1.218262E+02,-2.441478E-06,-1.937694E-07,-1.122197E+02,-3.062393E+00
+1.220703E+02,+6.598178E-06,+9.006642E-07,-1.035313E+02,+1.356635E-01
+1.223145E+02,-2.245994E-06,+1.568068E-06,-1.112475E+02,+2.532101E+00
+1.225586E+02,-1.335075E-06,-4.656378E-08,-1.174846E+02,-3.106730E+00
+1.228027E+02,+2.299446E-08,-2.462049E-06,-1.121737E+02,-1.561457E+00
+1.230469E+02,+1.470003E-07,+4.453123E-07,-1.265775E+02,+1.251953E+00
+1.232910E+02,+3.765240E-06,+7.307700E-06,-1.017019E+02,+1.095029E+00
+1.235352E+02,-6.005285E-06,-7.760933E-06,-1.001639E+02,-2.229346E+00
+1.237793E+02,+6.414571E-06,+1.684241E-06,-1.035671E+02,+2.567691E-01
+1.240234E+02,-2.684726E-06,-7.520420E-07,-1.110939E+02,-2.868474E+00
+1.242676E+02,-3.985740E-06,+2.929812E-06,-1.061137E+02,+2.507713E+00
+1.245117E+02,+3.842507E-06,-5.192138E-06,-1.037962E+02,-9.336855E-01
+1.247559E+02,-4.221018E-06,+6.768674E-06,-1.019632E+02,+2.128396E+00
+1.250000E+02,+3.453380E-06,-5.448710E-06,-1.038076E+02,-1.005895E+00
+1.252441E+02,+1.473643E-06,+5.191104E-06,-1.053582E+02,+1.294195E+00
+1.254883E+02,+1.180221E-06,-6.020978E-06,-1.042429E+02,-1.377232E+00
+1.257324E+02,+1.017550E-06,+7.324448E-06,-1.026215E+02,+1.432755E+00
+1.259766E+02,-8.775031E-06,-1.211871E-05,-9.650015E+01,-2.197507E+00
+1.262207E+02,+6.165249E-06,+1.581868E-05,-9.540244E+01,+1.199162E+00
+1.264648E+02,-1.250671E-06,-7.665724E-06,-1.021948E+02,-1.732522E+00
+1.267090E+02,-1.343646E-06,-2.858066E-06,-1.100113E+02,-2.010259E+00
+1.269531E+02,+4.385304E-06,+2.711929E-06,-1.057536E+02,+5.538487E-01
+1.271973E+02,-7.153015E-06,+3.458302E-06,-1.019979E+02,+2.691252E+00
+1.274414E+02,+9.783795E-06,-7.678541E-06,-9.810558E+01,-6.654175E-01
+1.276855E+02,-9.861184E-06,+6.051995E-06,-9.873318E+01,+2.591147E+00
+1.279297E+02,+4.597670E-06,-2.722513E-06,-1.054438E+02,-5.346279E-01
+1.281738E+02,+4.731658E-06,+2.336497E-06,-1.055521E+02,+4.586761E-01
+1.284180E+02,-4.345833E-06,-4.224009E-06,-1.043500E+02,-2.370409E+00
+1.286621E+02,+2.725138E-10,+6.142292E-06,-1.042334E+02,+1.570752E+00
+1.289062E+02,+3.115939E-06,-2.012697E-07,-1.101101E+02,-6.450399E-02
+1.291504E+02,-1.051442E-05,-6.510366E-06,-9.815485E+01,-2.587186E+00
+1.293945E+02,+9.222006E-06,+1.649379E-06,-1.005667E+02,+1.769813E-01
+1.296387E+02,-3.107559E-06,+5.727059E-06,-1.037206E+02,+2.067948E+00
+1.298828E+02,+6.439199E-06,-5.372887E-06,-1.015285E+02,-6.953692E-01
+1.301270E+02,-7.301672E-06,-1.424898E-06,-1.025692E+02,-2.948868E+00
+1.303711E+02,+1.894990E-08,+7.860668E-06,-1.020908E+02,+1.568386E+00
+1.306152E+02,+7.503580E-06,-8.905905E-06,-9.867680E+01,-8.706492E-01
+1.308594E+02,-3.630364E-06,+5.842356E-06,-1.032502E+02,+2.126793E+00
+1.311035E+02,-5.335315E-06,+1.324813E-06,-1.051970E+02,+2.898205E+00
+1.313477E+02,+6.107152E-06,-6.161671E-06,-1.012342E+02,-7.898418E-01
+1.315918E+02,-3.068173E-06,+1.820649E-06,-1.089522E+02,+2.606041E+00
+1.318359E+02,+2.217557E-06,+1.883643E-06,-1.107234E+02,+7.041587E-01
+1.320801E+02,-1.747130E-06,-2.582149E-06,-1.101234E+02,-2.165657E+00
+1.323242E+02,+2.706278E-06,+5.561441E-06,-1.041733E+02,+1.117914E+00
+1.325684E+02,-5.362795E-06,-5.969140E-07,-1.053587E+02,-3.030742E+00
+1.328125E+02,+6.014677E-06,-9.600613E-06,-9.891610E+01,-1.011127E+00
+1.330566E+02,-3.039028E-06,+8.832240E-06,-1.005926E+02,+1.902191E+00
+1.333008E+02,+3.773136E-06,-4.112713E-06,-1.050653E+02,-8.284332E-01
+1.335449E+02,-5.931924E-06,+3.766846E-06,-1.030648E+02,+2.575826E+00
+1.337891E+02,+5.003835E-06,-1.159377E-06,-1.057868E+02,-2.276803E-01
+1.340332E+02,-4.808775E-06,+1.799239E-07,-1.063532E+02,+3.104194E+00
+1.342773E+02,+2.848523E-06,-3.055676E-06,-1.075817E+02,-8.204694E-01
+1.345215E+02,+2.484561E-06,+6.475711E-07,-1.118096E+02,+2.549656E-01
+1.347656E+02,-4.041317E-06,+4.980394E-06,-1.038577E+02,+2.252477E+00
+1.350098E+02,+1.638612E-06,-1.092192E-05,-9.913735E+01,-1.421877E+00
+1.352539E+02,+9.789685E-07,+7.317073E-06,-1.026362E+02,+1.437794E+00
+1.354980E+02,-8.122618E-06,+4.719233E-06,-1.005429E+02,+2.615262E+00
+1.357422E+02,+1.177211E-05,-9.443201E-06,-9.642529E+01,-6.760612E-01
+1.359863E+02,-5.453341E-06,+6.812088E-06,-1.011837E+02,+2.245866E+00
+1.362305E+02,-6.791578E-08,-1.357453E-06,-1.173346E+02,-1.620786E+00
+1.364746E+02,+4.959899E-06,-3.163452E-06,-1.046082E+02,-5.677550E-01
+1.367188E+02,-6.968191E-06,+2.604302E-06,-1.025698E+02,+2.783926E+00
+1.369629E+02,+6.892656E-06,-5.746744E-06,-1.009402E+02,-6.949835E-01
+1.372070E+02,-6.566014E-06,+1.126095E-05,-9.769752E+01,+2.098680E+00
+1.374512E+02,+1.948415E-06,-1.134778E-05,-9.877560E+01,-1.400754E+00
+1.376953E+02,-6.256751E-07,+3.667188E-06,-1.085887E+02,+1.739784E+00
+1.379395E+02,+4.984026E-06,+5.495973E-06,-1.025927E+02,+8.342094E-01
+1.381836E+02,-9.481903E-07,-4.682071E-06,-1.064167E+02,-1.770609E+00
+1.384277E+02,-6.859126E-06,-2.516751E-06,-1.027261E+02,-2.789925E+00
+1.386719E+02,+3.411297E-06,+5.299196E-06,-1.040101E+02,+9.988353E-01
+1.389160E+02,+3.598017E-07,+1.015320E-06,-1.193542E+02,+1.230231E+00
+1.391602E+02,+6.016759E-07,-8.054882E-06,-1.018546E+02,-1.496238E+00
+1.394043E+02,+1.570385E-07,+4.569190E-06,-1.067981E+02,+1.536441E+00
+1.396484E+02,+1.061119E-06,+1.014432E-06,-1.166654E+02,+7.629082E-01
+1.398926E+02,-2.119345E-06,-1.462117E-06,-1.117852E+02,-2.537684E+00
+1.401367E+02,+2.637335E-06,-1.038261E-06,-1.109509E+02,-3.750445E-01
+1.403809E+02,-5.488212E-06,-1.010806E-06,-1.050665E+02,-2.959456E+00
+1.406250E+02,+4.294573E-06,-3.140075E-06,-1.054816E+02,-6.313424E-01
+1.408691E+02,-4.887021E-06,+8.971321E-06,-9.981435E+01,+2.069591E+00
+1.411133E+02,+8.503209E-06,-2.672838E-06,-1.009991E+02,-3.045538E-01
+1.413574E+02,-4.805704E-06,+5.185132E-07,-1.063146E+02,+3.034113E+00
+1.416016E+02,+1.465958E-06,-7.554705E-06,-1.022751E+02,-1.379133E+00
+1.418457E+02,+1.410740E-06,+5.685803E-06,-1.046447E+02,+1.327592E+00
+1.420898E+02,-7.278307E-06,+1.540362E-06,-1.025691E+02,+2.933033E+00
+1.423340E+02,+3.982679E-06,-2.602170E-06,-1.064526E+02,-5.787419E-01
+1.425781E+02,+5.474721E-06,+4.581725E-06,-1.029273E+02,+6.968321E-01
+1.428223E+02,-7.562709E-06,-1.122401E-05,-9.737138E+01,-2.163720E+00
+1.430664E+02,+1.743141E-06,+1.216047E-05,-9.821266E+01,+1.428421E+00
+1.433105E+02,+1.070471E-06,-9.620414E-06,-1.002827E+02,-1.459981E+00
+1.435547E+02,+1.131652E-06,+4.571863E-06,-1.065399E+02,+1.328148E+00
+1.437988E+02,-3.918863E-06,+5.193198E-06,-1.037338E+02,+2.217244E+00
+1.440430E+02,+5.647110E-06,-5.081547E-06,-1.023873E+02,-7.327318E-01
+1.442871E+02,-6.732163E-06,-3.455531E-06,-1.024213E+02,-2.667372E+00
+1.445312E+02,+2.634991E-06,+8.897053E-06,-1.006499E+02,+1.282862E+00
+1.447754E+02,-2.952849E-06,-7.999238E-06,-1.013842E+02,-1.924421E+00
+1.450195E+02,+4.021080E-06,+2.497561E-06,-1.064962E+02,+5.558021E-01
+1.452637E+02,+7.915916E-07,-1.439046E-07,-1.218888E+02,-1.798277E-01
+1.455078E+02,-3.578799E-06,+6.967101E-06,-1.021220E+02,+2.045321E+00
+1.457520E+02,+2.867774E-06,-1.105317E-05,-9.884734E+01,-1.316941E+00
+1.459961E+02,+2.040664E-06,+5.673211E-06,-1.043950E+02,+1.225505E+00
+1.462402E+02,-4.253719E-06,-2.775163E-06,-1.058845E+02,-2.563526E+00
+1.464844E+02,+2.359934E-06,-3.431509E-06,-1.076084E+02,-9.683564E-01
+1.467285E+02,-5.567933E-06,+9.542608E-06,-9.913415E+01,+2.098981E+00
+1.469727E+02,+9.059624E-06,-5.263803E-06,-9.959459E+01,-5.263451E-01
+1.472168E+02,-2.135001E-06,-9.328603E-08,-1.134038E+02,-3.097927E+00
+1.474609E+02,-4.019720E-06,-2.232204E-07,-1.079027E+02,-3.086118E+00
+1.477051E+02,-1.391576E-06,-1.720272E-06,-1.131017E+02,-2.250957E+00
+1.479492E+02,+1.431330E-06,+5.342419E-06,-1.051442E+02,+1.309026E+00
+1.481934E+02,+4.377169E-06,+1.254850E-06,-1.068331E+02,+2.791930E-01
+1.484375E+02,-1.071191E-05,-4.211459E-06,-9.877845E+01,-2.767000E+00
+1.486816E+02,+1.230591E-05,+4.169238E-07,-9.819274E+01,+3.386701E-02
+1.489258E+02,-4.536849E-06,+1.749134E-06,-1.062631E+02,+2.773614E+00
+1.491699E+02,+1.584639E-06,-1.077776E-05,-9.925655E+01,-1.424814E+00
+1.494141E+02,-4.385515E-06,+1.495189E-05,-9.614766E+01,+1.856103E+00
+1.496582E+02,+6.476987E-06,-6.419800E-06,-1.008006E+02,-7.809640E-01
+1.499023E+02,-6.840030E-06,+3.178053E-06,-1.024499E+02,+2.706643E+00
+1.501465E+02,+1.204086E-06,-3.600297E-06,-1.084128E+02,-1.248049E+00
+1.503906E+02,+2.978387E-06,+4.676096E-06,-1.051234E+02,+1.003658E+00
+1.506348E+02,-3.423560E-06,-3.276009E-06,-1.064873E+02,-2.378215E+00
+1.508789E+02,+5.053847E-06,-5.174012E-06,-1.028140E+02,-7.971464E-01
+1.511230E+02,-7.870169E-06,+6.055697E-06,-1.000607E+02,+2.485760E+00
+1.513672E+02,+5.612429E-06,+2.415685E-06,-1.042789E+02,+4.064499E-01
+1.516113E+02,-2.443511E-06,-8.814060E-07,-1.117085E+02,-2.795406E+00
+1.518555E+02,+3.586178E-06,-6.384786E-06,-1.027062E+02,-1.059033E+00
+1.520996E+02,-3.154626E-06,+3.507295E-06,-1.065262E+02,+2.303306E+00
+1.523438E+02,+1.913218E-06,+9.373498E-07,-1.134304E+02,+4.555622E-01
+1.525879E+02,+3.557337E-07,-8.706474E-07,-1.205327E+02,-1.182911E+00
+1.528320E+02,-5.794972E-06,-7.336872E-07,-1.046699E+02,-3.015655E+00
+1.530762E+02,+8.633947E-06,+5.609150E-06,-9.974663E+01,+5.761378E-01
+1.533203E+02,-6.607785E-06,-4.528198E-06,-1.019268E+02,-2.540813E+00
+1.535645E+02,+6.438243E-06,-3.775789E-06,-1.025409E+02,-5.304061E-01
+1.538086E+02,-1.062159E-05,+7.547742E-06,-9.770097E+01,+2.523785E+00
+1.540527E+02,+5.965444E-06,-6.195539E-07,-1.044406E+02,-1.034861E-01
+1.542969E+02,+3.020270E-06,-6.076344E-06,-1.033683E+02,-1.109509E+00
+1.545410E+02,-5.049545E-06,+9.919818E-07,-1.057705E+02,+2.947613E+00
+1.547852E+02,+7.479607E-06,+7.504278E-06,-9.949780E+01,+7.870447E-01
+1.550293E+02,-8.050029E-06,-6.865950E-06,-9.950998E+01,-2.435412E+00
+1.552734E+02,+5.412423E-06,+1.702006E-06,-1.049226E+02,+3.046721E-01
+1.555176E+02,-6.670735E-09,+3.600428E-06,-1.088729E+02,+1.572649E+00
+1.557617E+02,-7.182700E-06,-3.001740E-06,-1.021752E+02,-2.745740E+00
+1.560059E+02,+6.884973E-06,-3.096499E-06,-1.024419E+02,-4.226439E-01
+1.562500E+02,+7.628321E-07,+1.873202E-06,-1.138819E+02,+1.184069E+00
+1.564941E+02,-3.141437E-06,+4.150111E-06,-1.056716E+02,+2.218732E+00
+1.567383E+02,+2.657128E-06,-1.465434E-06,-1.103584E+02,-5.040023E-01
+1.569824E+02,-6.300468E-06,+8.827120E-07,-1.039281E+02,+3.002396E+00
+1.572266E+02,+7.662049E-06,-1.093916E-05,-9.748673E+01,-9.597858E-01
+1.574707E+02,-4.148859E-06,+1.220872E-05,-9.779197E+01,+1.898380E+00
+1.577148E+02,-2.660776E-06,-3.774775E-06,-1.067104E+02,-2.184792E+00
+1.579590E+02,+7.847072E-07,-3.678787E-06,-1.084927E+02,-1.360640E+00
+1.582031E+02,+6.623083E-06,+8.413509E-06,-9.940617E+01,+9.039114E-01
+1.584473E+02,-4.709526E-06,-5.832951E-06,-1.025024E+02,-2.250033E+00
+1.586914E+02,+1.584394E-06,+4.979910E-06,-1.056368E+02,+1.262766E+00
+1.589355E+02,+5.749269E-07,-4.822682E-06,-1.062729E+02,-1.452143E+00
+1.591797E+02,-1.421482E-06,+8.369138E-06,-1.014229E+02,+1.739039E+00
+1.594238E+02,+3.118880E-06,-1.070744E-05,-9.905261E+01,-1.287357E+00
+1.596680E+02,-4.113171E-06,+3.068021E-06,-1.057953E+02,+2.500720E+00
+1.599121E+02,+6.021558E-06,+3.163544E-07,-1.043939E+02,+5.248871E-02
+1.601562E+02,-7.869399E-06,-9.559542E-08,-1.020805E+02,-3.129446E+00
+1.604004E+02,+5.845822E-07,-8.129139E-07,-1.199889E+02,-9.473535E-01
+1.606445E+02,+3.760400E-06,+3.747610E-06,-1.054998E+02,+7.836946E-01
+1.608887E+02,+3.693654E-07,-2.150968E-06,-1.132211E+02,-1.400734E+00
+1.611328E+02,-4.755218E-06,+3.771899E-06,-1.043369E+02,+2.471004E+00
+1.613770E+02,+1.060854E-05,-1.214502E-05,-9.584955E+01,-8.528227E-01
+1.616211E+02,-2.058375E-05,+1.294784E-05,-9.228165E+01,+2.580099E+00
+1.618652E+02,+2.238961E-05,+2.195701E-08,-9.299907E+01,+9.806782E-04
+1.621094E+02,-5.242182E-06,-9.635903E-06,-9.919623E+01,-2.069041E+00
+1.623535E+02,-9.276044E-06,-9.785931E-07,-1.006047E+02,-3.036485E+00
+1.625977E+02,+1.217066E-05,+8.917605E-06,-9.642735E+01,+6.323457E-01
+1.628418E+02,-8.912968E-06,-6.008828E-06,-9.937241E+01,-2.548416E+00
+1.630859E+02,+1.510294E-09,+5.779008E-06,-1.047629E+02,+1.570535E+00
+1.633301E+02,+7.892792E-06,-2.286916E-06,-1.017053E+02,-2.820243E-01
+1.635742E+02,-2.484302E-06,+2.679131E-06,-1.087453E+02,+2.318480E+00
+1.638184E+02,-5.426530E-06,-3.084865E-06,-1.040934E+02,-2.624673E+00
+1.640625E+02,+1.658353E-06,-6.927804E-06,-1.029461E+02,-1.335841E+00
+1.643066E+02,+5.425730E-07,+7.053666E-06,-1.030061E+02,+1.494027E+00
+1.645508E+02,+4.486539E-06,-1.772012E-06,-1.063322E+02,-3.761556E-01
+1.647949E+02,-1.259488E-05,+5.086291E-06,-9.734000E+01,+2.757782E+00
+1.650391E+02,+1.517663E-05,-2.869939E-06,-9.622390E+01,-1.868956E-01
+1.652832E+02,-4.316714E-06,-8.262354E-07,-1.071407E+02,-2.952476E+00
+1.655273E+02,-5.294238E-06,+5.487777E-07,-1.054775E+02,+3.038306E+00
+1.657715E+02,+5.037897E-06,+6.963263E-07,-1.058728E+02,+1.373474E-01
+1.660156E+02,-7.227912E-07,-6.146039E-07,-1.204568E+02,-2.436913E+00
+1.662598E+02,+2.615132E-06,-5.080894E-06,-1.048606E+02,-1.095459E+00
+1.665039E+02,-5.641517E-06,+5.065158E-06,-1.024046E+02,+2.409974E+00
+1.667480E+02,+2.813080E-06,-1.946656E-06,-1.093171E+02,-6.053377E-01
+1.669922E+02,-1.450653E-06,+3.881828E-07,-1.164684E+02,+2.880127E+00
+1.672363E+02,+3.342196E-06,+2.853770E-06,-1.071412E+02,+7.067312E-01
+1.674805E+02,-2.297865E-06,-1.299647E-06,-1.115681E+02,-2.626860E+00
+1.677246E+02,-1.629130E-06,-1.159392E-06,-1.139813E+02,-2.523082E+00
+1.679688E+02,+3.093468E-06,-6.077365E-06,-1.033251E+02,-1.099963E+00
+1.682129E+02,-5.013397E-06,+9.506109E-06,-9.937417E+01,+2.056113E+00
+1.684570E+02,+8.030281E-06,-1.588622E-06,-1.017387E+02,-1.953071E-01
+1.687012E+02,-9.959886E-06,-2.742276E-06,-9.971757E+01,-2.872918E+00
+1.689453E+02,+1.091559E-05,+1.512556E-06,-9.915646E+01,+1.376915E-01
+1.691895E+02,-8.560405E-06,-2.080507E-06,-1.011009E+02,-2.903177E+00
+1.694336E+02,+3.731242E-06,+2.241074E-06,-1.072252E+02,+5.408782E-01
+1.696777E+02,-2.961496E-06,-5.607819E-06,-1.039558E+02,-2.056671E+00
+1.699219E+02,+5.886171E-06,+8.079491E-06,-1.000033E+02,+9.411766E-01
+1.701660E+02,-4.657662E-06,-1.104734E-05,-9.842429E+01,-1.969791E+00
+1.704102E+02,+4.258017E-06,+1.289482E-05,-9.734222E+01,+1.251858E+00
+1.706543E+02,-2.753519E-06,-8.588736E-06,-1.008965E+02,-1.881040E+00
+1.708984E+02,-8.074500E-07,+7.421302E-06,-1.025393E+02,+1.679172E+00
+1.711426E+02,+3.870688E-06,-5.805086E-06,-1.031264E+02,-9.827186E-01
+1.713867E+02,-5.734348E-06,-8.392288E-08,-1.048294E+02,-3.126959E+00
+1.716309E+02,+2.831891E-06,+3.350487E-06,-1.071567E+02,+8.690852E-01
+1.718750E+02,-3.202979E-06,-1.376528E-06,-1.091528E+02,-2.735693E+00
+1.721191E+02,+3.002393E-06,+7.395704E-07,-1.101948E+02,+2.415187E-01
+1.723633E+02,+3.972408E-06,-5.386683E-06,-1.034876E+02,-9.353759E-01
+1.726074E+02,-3.340478E-06,+1.168991E-06,-1.090221E+02,+2.804965E+00
+1.728516E+02,-6.675084E-06,+6.622300E-06,-1.005349E+02,+2.360164E+00
+1.730957E+02,+7.902229E-06,-8.280633E-06,-9.882682E+01,-8.087769E-01
+1.733398E+02,-5.304582E-06,+3.921421E-06,-1.036135E+02,+2.505006E+00
+1.735840E+02,+4.931383E-06,+2.074506E-06,-1.054330E+02,+3.982010E-01
+1.738281E+02,-2.280344E-06,+4.685209E-06,-1.056621E+02,+2.023757E+00
+1.740723E+02,-1.645443E-07,-1.489276E-05,-9.653996E+01,-1.581844E+00
+1.743164E+02,+1.529567E-06,+9.406826E-06,-1.004178E+02,+1.409605E+00
+1.745605E+02,-3.636862E-06,+2.451209E-06,-1.071590E+02,+2.548537E+00
+1.748047E+02,+4.098706E-06,-8.231807E-06,-1.007282E+02,-1.108822E+00
+1.750488E+02,-3.355232E-06,+6.679672E-06,-1.025278E+02,+2.036286E+00
+1.752930E+02,+1.334263E-06,-3.031622E-06,-1.095975E+02,-1.156193E+00
+1.755371E+02,+3.519667E-06,-2.122586E-06,-1.077228E+02,-5.426698E-01
+1.757812E+02,-3.426008E-06,+7.430246E-06,-1.017427E+02,+2.002834E+00
+1.760254E+02,+6.379526E-06,-8.295077E-06,-9.960560E+01,-9.151993E-01
+1.762695E+02,-9.740808E-06,+8.082606E-06,-9.795305E+01,+2.448963E+00
+1.765137E+02,-1.164440E-06,-3.105279E-06,-1.095866E+02,-1.929556E+00
+1.767578E+02,+1.051749E-07,-9.684605E-06,-1.002779E+02,-1.559937E+00
+1.770020E+02,+8.588071E-06,+1.702578E-05,-9.439338E+01,+1.103622E+00
+1.772461E+02,-5.123100E-06,-1.186389E-05,-9.777289E+01,-1.978432E+00
+1.774902E+02,-1.713426E-06,+2.572910E-06,-1.101974E+02,+2.158302E+00
+1.777344E+02,+4.656042E-06,+2.054110E-06,-1.058673E+02,+4.154873E-01
+1.779785E+02,-4.642274E-06,-1.408380E-06,-1.062830E+02,-2.847036E+00
+1.782227E+02,+5.749353E-06,+1.057156E-06,-1.046632E+02,+1.818427E-01
+1.784668E+02,-2.993898E-06,-3.844424E-06,-1.062446E+02,-2.232454E+00
+1.787109E+02,-4.511835E-06,+6.878736E-06,-1.016958E+02,+2.151315E+00
+1.789551E+02,+8.711260E-06,-7.165013E-06,-9.895432E+01,-6.883108E-01
+1.791992E+02,-2.881653E-06,+7.432624E-06,-1.019690E+02,+1.940657E+00
+1.794434E+02,-4.944211E-06,-6.662567E-06,-1.016219E+02,-2.209214E+00
+1.796875E+02,+3.243478E-06,-1.197407E-06,-1.092249E+02,-3.536529E-01
+1.799316E+02,-2.430061E-06,+7.429509E-06,-1.021394E+02,+1.886910E+00
+1.801758E+02,+1.198022E-06,-5.213599E-06,-1.054338E+02,-1.344929E+00
+1.804199E+02,+3.039166E-06,-1.237406E-06,-1.096788E+02,-3.866576E-01
+1.806641E+02,-6.344218E-07,+8.578542E-06,-1.013080E+02,+1.644616E+00
+1.809082E+02,-2.638171E-07,-1.214413E-05,-9.831062E+01,-1.592517E+00
+1.811523E+02,-7.479376E-06,+8.103378E-06,-9.915046E+01,+2.316172E+00
+1.813965E+02,+7.306992E-06,-8.198676E-07,-1.026709E+02,-1.117358E-01
+1.816406E+02,-7.045550E-07,+2.586673E-06,-1.114344E+02,+1.836724E+00
+1.818848E+02,+1.505024E-07,-4.122625E-06,-1.076907E+02,-1.534306E+00
+1.821289E+02,-5.345644E-06,-2.589797E-06,-1.045243E+02,-2.690447E+00
+1.823730E+02,+1.002559E-05,+6.347760E-06,-9.851378E+01,+5.644427E-01
+1.826172E+02,-6.035397E-06,-5.251843E-06,-1.019377E+02,-2.425503E+00
+1.828613E+02,-1.077370E-06,+3.750197E-06,-1.081745E+02,+1.850546E+00
+1.831055E+02,+1.256123E-06,-1.524663E-07,-1.179558E+02,-1.207876E-01
+1.833496E+02,+4.283129E-06,-9.926360E-07,-1.071376E+02,-2.277344E-01
+1.835938E+02,-2.779936E-06,-4.591835E-06,-1.054041E+02,-2.115183E+00
+1.838379E+02,-4.493712E-06,+9.997939E-06,-9.920268E+01,+1.993204E+00
+1.840820E+02,+7.729094E-06,-7.740657E-06,-9.922063E+01,-7.861456E-01
+1.843262E+02,-8.443165E-06,+8.921744E-07,-1.014217E+02,+3.036315E+00
+1.845703E+02,+4.680713E-06,+2.506793E-06,-1.054986E+02,+4.916878E-01
+1.848145E+02,-2.825669E-07,+5.868877E-07,-1.237235E+02,+2.019508E+00
+1.850586E+02,-4.684267E-06,-2.109406E-06,-1.057853E+02,-2.718475E+00
+1.853027E+02,+8.435488E-06,-2.344381E-06,-1.011547E+02,-2.710778E-01
+1.855469E+02,-9.192530E-06,+2.982566E-06,-1.002966E+02,+2.827853E+00
+1.857910E+02,+7.102085E-06,-6.054656E-07,-1.029408E+02,-8.504618E-02
+1.860352E+02,-1.100006E-06,+7.442430E-06,-1.024719E+02,+1.717536E+00
+1.862793E+02,+1.843739E-08,-1.194466E-05,-9.845651E+01,-1.569253E+00
+1.865234E+02,-8.020384E-06,+9.982507E-06,-9.785217E+01,+2.247634E+00
+1.867676E+02,+1.082256E-05,-4.684036E-06,-9.856773E+01,-4.084612E-01
+1.870117E+02,-7.536596E-06,-9.575365E-07,-1.023869E+02,-3.015218E+00
+1.872559E+02,+1.152284E-05,+1.213055E-06,-9.872094E+01,+1.048876E-01
+1.875000E+02,-1.031993E-05,-3.489627E-06,-9.925629E+01,-2.815518E+00
+1.877441E+02,+2.998068E-06,+6.565692E-06,-1.028319E+02,+1.142446E+00
+1.879883E+02,-3.926552E-07,-4.383699E-06,-1.071285E+02,-1.660130E+00
+1.882324E+02,-4.467703E-06,-7.050204E-07,-1.068915E+02,-2.985080E+00
+1.884766E+02,+7.494247E-06,+2.406932E-06,-1.020791E+02,+3.107645E-01
+1.887207E+02,-3.661169E-06,-3.443244E-07,-1.086894E+02,-3.047821E+00
+1.889648E+02,-2.219450E-06,-3.356302E-06,-1.079073E+02,-2.155059E+00
+1.892090E+02,+5.876778E-06,+4.683781E-06,-1.024815E+02,+6.729079E-01
+1.894531E+02,+1.759342E-06,-2.814675E-07,-1.149832E+02,-1.586401E-01
+1.896973E+02,-1.118232E-05,-2.302351E-07,-9.902752E+01,-3.121006E+00
+1.899414E+02,+4.816805E-06,+2.304658E-06,-1.054496E+02,+4.462691E-01
+1.901855E+02,+1.933434E-06,-6.659009E-06,-1.031803E+02,-1.288217E+00
+1.904297E+02,-2.457589E-06,+4.993867E-06,-1.050894E+02,+2.028121E+00
+1.906738E+02,+2.813055E-06,-3.006359E-06,-1.077079E+02,-8.186031E-01
+1.909180E+02,-7.753296E-07,+4.380724E-06,-1.070351E+02,+1.745969E+00
+1.911621E+02,+2.007395E-06,-4.621148E-06,-1.059543E+02,-1.160997E+00
+1.914062E+02,-2.876542E-06,+7.555706E-06,-1.018467E+02,+1.934565E+00
+1.916504E+02,+2.345661E-06,-4.400507E-06,-1.060438E+02,-1.081065E+00
+1.918945E+02,-8.721030E-07,-6.247779E-06,-1.040017E+02,-1.709486E+00
+1.921387E+02,-4.771904E-06,+5.766092E-06,-1.025166E+02,+2.262130E+00
+1.923828E+02,+9.001824E-06,-2.909981E-06,-1.004817E+02,-3.126625E-01
+1.926270E+02,-4.387437E-06,+2.823382E-06,-1.056509E+02,+2.569790E+00
+1.928711E+02,-1.295405E-06,+7.833513E-06,-1.020037E+02,+1.734680E+00
+1.931152E+02,-2.534388E-07,-1.303964E-05,-9.769305E+01,-1.590230E+00
+1.933594E+02,+2.652570E-06,+4.487013E-06,-1.056592E+02,+1.036898E+00
+1.936035E+02,+4.290512E-06,+1.297708E-06,-1.069697E+02,+2.937120E-01
+1.938477E+02,-1.244548E-05,-4.862263E-08,-9.809970E+01,-3.137686E+00
+1.940918E+02,+1.144636E-05,-1.706670E-06,-9.873116E+01,-1.480111E-01
+1.943359E+02,-4.393672E-06,+1.942219E-06,-1.063683E+02,+2.725370E+00
+1.945801E+02,-1.812595E-06,-1.829141E-06,-1.117840E+02,-2.351651E+00
+1.948242E+02,+2.266622E-06,+4.648334E-06,-1.057276E+02,+1.117101E+00
+1.950684E+02,+5.800393E-06,-3.893134E-06,-1.031157E+02,-5.911238E-01
+1.953125E+02,-1.087368E-05,-4.541541E-06,-9.857414E+01,-2.745952E+00
+1.955566E+02,+5.410547E-06,+7.239686E-06,-1.008785E+02,+9.289963E-01
+1.958008E+02,-1.527532E-06,-8.508222E-07,-1.151467E+02,-2.633398E+00
+1.960449E+02,-1.857978E-06,-4.050969E-06,-1.070197E+02,-2.000820E+00
+1.962891E+02,+1.078431E-05,+6.672990E-06,-9.793633E+01,+5.541056E-01
+1.965332E+02,-8.091812E-06,-8.469805E-06,-9.862598E+01,-2.333375E+00
+1.967773E+02,-1.504387E-06,+2.854180E-06,-1.098257E+02,+2.055874E+00
+1.970215E+02,+3.008339E-06,+6.512421E-06,-1.028852E+02,+1.138059E+00
+1.972656E+02,+5.536094E-07,-3.280474E-06,-1.095593E+02,-1.403613E+00
+1.975098E+02,-5.790705E-06,-4.358906E-06,-1.027957E+02,-2.496339E+00
+1.977539E+02,+7.177953E-06,-2.588560E-06,-1.023490E+02,-3.461100E-01
+1.979980E+02,+3.983704E-07,+7.983043E-06,-1.019458E+02,+1.520936E+00
+1.982422E+02,-5.029868E-06,-5.036811E-06,-1.029526E+02,-2.355505E+00
+1.984863E+02,+3.606375E-06,-2.219804E-07,-1.088422E+02,-6.147467E-02
+1.987305E+02,+2.686776E-06,+4.501426E-06,-1.056096E+02,+1.032680E+00
+1.989746E+02,-7.481442E-06,+5.780296E-07,-1.024944E+02,+3.064484E+00
+1.992188E+02,+5.124863E-06,-9.347088E-06,-9.944498E+01,-1.069271E+00
+1.994629E+02,-5.512296E-06,+9.478334E-06,-9.920007E+01,+2.097553E+00
+1.997070E+02,+3.030643E-06,-4.765051E-06,-1.049634E+02,-1.004315E+00
+1.999512E+02,+3.383269E-06,+4.129316E-06,-1.054519E+02,+8.843799E-01
+2.001953E+02,-4.682192E-06,-6.283975E-06,-1.021175E+02,-2.211154E+00
+2.004395E+02,+5.980733E-06,+5.621506E-06,-1.017153E+02,+7.544461E-01
+2.006836E+02,-8.549195E-06,-2.934228E-06,-1.008779E+02,-2.810973E+00
+2.009277E+02,+6.139862E-06,+2.025148E-06,-1.037883E+02,+3.185997E-01
+2.011719E+02,-1.477079E-06,-3.845177E-06,-1.077039E+02,-1.937554E+00
+2.014160E+02,+1.183719E-06,+9.476166E-07,-1.163843E+02,+6.750711E-01
+2.016602E+02,+1.050104E-06,+2.506445E-06,-1.113165E+02,+1.174051E+00
+2.019043E+02,-2.274886E-06,-2.539503E-06,-1.093464E+02,-2.301286E+00
+2.021484E+02,+5.229748E-08,-1.570871E-06,-1.160724E+02,-1.537517E+00
+2.023926E+02,+1.034921E-06,+3.355765E-06,-1.090896E+02,+1.271650E+00
+2.026367E+02,-2.421966E-06,+2.764697E-06,-1.086936E+02,+2.290211E+00
+2.028809E+02,-6.733738E-07,-4.581673E-06,-1.066867E+02,-1.716723E+00
+2.031250E+02,+2.534540E-06,+3.199391E-06,-1.077832E+02,+9.008329E-01
+2.033691E+02,-1.394228E-07,-3.131545E-07,-1.292995E+02,-1.989669E+00
+2.036133E+02,+1.658882E-06,-6.819947E-06,-1.030747E+02,-1.332190E+00
+2.038574E+02,-3.935424E-07,+7.205777E-06,-1.028335E+02,+1.625357E+00
+2.041016E+02,-2.839701E-06,-6.778929E-06,-1.026746E+02,-1.967490E+00
+2.043457E+02,+8.737870E-07,+5.404604E-06,-1.052327E+02,+1.410509E+00
+2.045898E+02,+1.548992E-07,-5.751926E-06,-1.048006E+02,-1.543873E+00
+2.048340E+02,+5.491579E-06,+1.438699E-05,-9.624989E+01,+1.206161E+00
+2.050781E+02,-4.494232E-06,-1.659731E-05,-9.529195E+01,-1.835236E+00
+2.053223E+02,-4.291699E-06,+9.729101E-06,-9.946637E+01,+1.986241E+00
+2.055664E+02,+1.551112E-06,-2.319440E-06,-1.110870E+02,-9.813569E-01
+2.058105E+02,+3.727023E-06,-3.959341E-06,-1.052919E+02,-8.156137E-01
+2.060547E+02,-3.259893E-06,+6.891898E-06,-1.023564E+02,+2.012614E+00
+2.062988E+02,+6.329039E-06,-2.860880E-06,-1.031658E+02,-4.245362E-01
+2.065430E+02,-9.343892E-06,-3.913073E-06,-9.988766E+01,-2.744999E+00
+2.067871E+02,+2.872189E-06,+1.068172E-05,-9.912401E+01,+1.308121E+00
+2.070312E+02,+8.899234E-07,-1.961965E-05,-9.413725E+01,-1.525469E+00
+2.072754E+02,+3.114385E-06,+1.135347E-05,-9.858234E+01,+1.303071E+00
+2.075195E+02,-7.003047E-06,+2.840210E-06,-1.024329E+02,+2.756296E+00
+2.077637E+02,+7.406186E-06,-1.849967E-06,-1.023453E+02,-2.447779E-01
+2.080078E+02,-2.975724E-06,-6.608807E-07,-1.103191E+02,-2.923049E+00
+2.082520E+02,-4.027395E-06,-9.169127E-07,-1.076800E+02,-2.917739E+00
+2.084961E+02,+1.011312E-05,+5.342004E-06,-9.883351E+01,+4.859717E-01
+2.087402E+02,-1.054620E-05,-1.000154E-05,-9.675197E+01,-2.382695E+00
+2.089844E+02,+3.282427E-06,+5.880152E-06,-1.034342E+02,+1.061663E+00
+2.092285E+02,+2.001496E-06,-3.073223E-06,-1.087126E+02,-9.935291E-01
+2.094727E+02,-3.294723E-06,+8.171352E-06,-1.010999E+02,+1.954062E+00
+2.097168E+02,+6.316999E-07,-9.736295E-06,-1.002139E+02,-1.506006E+00
+2.099609E+02,+2.021260E-06,+5.539981E-06,-1.045871E+02,+1.220954E+00
+2.102051E+02,+6.385232E-07,-4.515542E-06,-1.068198E+02,-1.430322E+00
+2.104492E+02,-5.687609E-06,+8.371341E-06,-9.989580E+01,+2.167572E+00
+2.106934E+02,+1.150661E-05,-6.320472E-06,-9.763587E+01,-5.022982E-01
+2.109375E+02,-8.774658E-06,+3.290264E-06,-1.005640E+02,+2.782845E+00
+2.111816E+02,+3.066030E-06,-6.931523E-06,-1.024074E+02,-1.154338E+00
+2.114258E+02,-6.953570E-07,+4.640590E-06,-1.065721E+02,+1.719532E+00
+2.116699E+02,-1.034347E-06,+7.682634E-06,-1.022118E+02,+1.704626E+00
+2.119141E+02,-4.243198E-06,-1.066662E-05,-9.880146E+01,-1.949406E+00
+2.121582E+02,+2.143791E-06,+5.351111E-06,-1.047847E+02,+1.189751E+00
+2.124023E+02,+4.348633E-06,-8.850496E-07,-1.070567E+02,-2.007814E-01
+2.126465E+02,-5.430602E-06,-2.908843E-06,-1.042076E+02,-2.649842E+00
+2.128906E+02,+5.282264E-06,-2.611484E-06,-1.045939E+02,-4.591474E-01
+2.131348E+02,-3.332637E-07,+9.239402E-06,-1.006815E+02,+1.606851E+00
+2.133789E+02,-3.245793E-06,-9.159383E-06,-1.002489E+02,-1.911357E+00
+2.136230E+02,+9.440560E-08,+2.171909E-06,-1.132550E+02,+1.527357E+00
+2.138672E+02,+6.215475E-07,+2.965325E-06,-1.103718E+02,+1.364182E+00
+2.141113E+02,+3.531934E-06,-6.770076E-07,-1.088830E+02,-1.893847E-01
+2.143555E+02,-9.872247E-06,+3.734674E-06,-9.953079E+01,+2.779932E+00
+2.145996E+02,+6.804198E-06,-1.279144E-06,-1.031936E+02,-1.858245E-01
+2.148438E+02,+4.539888E-06,-3.039530E-06,-1.052507E+02,-5.899730E-01
+2.150879E+02,-5.331605E-06,+1.552264E-06,-1.051095E+02,+2.858281E+00
+2.153320E+02,-6.442258E-06,-5.811887E-06,-1.012332E+02,-2.407591E+00
+2.155762E+02,+1.420372E-05,+6.147213E-06,-9.620633E+01,+4.084494E-01
+2.158203E+02,-6.862563E-06,-5.407885E-06,-1.011725E+02,-2.474195E+00
+2.160645E+02,-6.554657E-06,+5.114969E-06,-1.016036E+02,+2.478945E+00
+2.163086E+02,+1.290756E-05,-3.380792E-06,-9.749495E+01,-2.561688E-01
+2.165527E+02,-1.233398E-05,+3.988525E-06,-9.774599E+01,+2.828830E+00
+2.167969E+02,-1.216797E-07,+1.454280E-06,-1.167167E+02,+1.654272E+00
+2.170410E+02,+8.892231E-06,-3.314374E-06,-1.004548E+02,-3.567764E-01
+2.172852E+02,-8.071040E-07,+3.974613E-06,-1.078386E+02,+1.771137E+00
+2.175293E+02,-7.242294E-06,-6.767199E-06,-1.000769E+02,-2.390094E+00
+2.177734E+02,+3.496355E-06,+3.844365E-06,-1.056858E+02,+8.327708E-01
+2.180176E+02,+2.281023E-06,+3.070649E-08,-1.128366E+02,+1.346091E-02
+2.182617E+02,+2.470213E-06,+5.299951E-06,-1.046608E+02,+1.134649E+00
+2.185059E+02,-4.992035E-06,-6.880993E-06,-1.014105E+02,-2.198420E+00
+2.187500E+02,+2.412368E-06,+6.670591E-07,-1.120311E+02,+2.697753E-01
+2.189941E+02,+3.924516E-06,-1.836969E-06,-1.072639E+02,-4.377832E-01
+2.192383E+02,-1.632258E-05,+4.740260E-06,-9.539258E+01,+2.858956E+00
+2.194824E+02,+1.756119E-05,-2.090152E-06,-9.504784E+01,-1.184638E-01
+2.197266E+02,-9.214084E-06,-1.362939E-06,-1.006170E+02,-2.994738E+00
+2.199707E+02,+2.043028E-06,-6.087633E-07,-1.134251E+02,-2.895944E-01
+2.202148E+02,-9.153554E-07,+1.751153E-06,-1.140844E+02,+2.052451E+00
+2.204590E+02,+1.501432E-06,+4.817188E-06,-1.059415E+02,+1.268657E+00
+2.207031E+02,+1.686224E-06,-5.648821E-06,-1.045901E+02,-1.280708E+00
+2.209473E+02,+6.307052E-08,+1.029407E-06,-1.197320E+02,+1.509604E+00
+2.211914E+02,-5.710450E-07,-2.805946E-08,-1.248561E+02,-3.092495E+00
+2.214355E+02,-3.661573E-06,+7.920726E-06,-1.011836E+02,+2.003813E+00
+2.216797E+02,+5.615634E-06,-1.082273E-05,-9.827786E+01,-1.092164E+00
+2.219238E+02,-9.102708E-06,+2.729263E-06,-1.004427E+02,+2.850292E+00
+2.221680E+02,+1.328192E-05,+4.670209E-06,-9.702852E+01,+3.381187E-01
+2.224121E+02,-6.226982E-06,-7.677231E-06,-1.001004E+02,-2.252267E+00
+2.226562E+02,-5.188268E-06,+5.027267E-06,-1.028240E+02,+2.371953E+00
+2.229004E+02,+9.968119E-06,-2.921196E-06,-9.966991E+01,-2.850721E-01
+2.231445E+02,-3.873180E-06,+5.943080E-06,-1.029824E+02,+2.148375E+00
+2.233887E+02,-3.948468E-08,-7.162979E-06,-1.028980E+02,-1.576309E+00
+2.236328E+02,-8.325411E-06,+4.402441E-06,-1.005211E+02,+2.655175E+00
+2.238770E+02,+7.989970E-06,+3.627784E-06,-1.011351E+02,+4.262104E-01
+2.241211E+02,+5.818623E-06,-1.059181E-05,-9.835519E+01,-1.068451E+00
+2.243652E+02,-1.284815E-05,+7.286370E-06,-9.661213E+01,+2.625705E+00
+2.246094E+02,+1.014258E-05,+1.185067E-06,-9.981815E+01,+1.163135E-01
+2.248535E+02,-9.325156E-06,-1.024096E-05,-9.717071E+01,-2.309423E+00
+2.250977E+02,+4.780759E-06,+1.198306E-05,-9.778718E+01,+1.191187E+00
+2.253418E+02,+3.685960E-06,-3.105487E-06,-1.063394E+02,-7.001342E-01
+2.255859E+02,+1.828644E-06,-1.580438E-06,-1.123346E+02,-7.127190E-01
+2.258301E+02,-8.017907E-06,+3.754178E-06,-1.010579E+02,+2.703687E+00
+2.260742E+02,+6.992662E-06,-6.974165E-06,-1.001083E+02,-7.840738E-01
+2.263184E+02,-8.987324E-06,+6.513766E-06,-9.909386E+01,+2.514434E+00
+2.265625E+02,+9.979237E-06,-2.587134E-06,-9.973555E+01,-2.536670E-01
+2.268066E+02,-8.571015E-06,+2.805496E-06,-1.008973E+02,+2.825261E+00
+2.270508E+02,+9.607481E-06,-2.498871E-06,-1.000635E+02,-2.544583E-01
+2.272949E+02,-6.219131E-06,-2.191312E-06,-1.036172E+02,-2.802826E+00
+2.275391E+02,+2.437344E-06,-1.782989E-06,-1.104002E+02,-6.315749E-01
+2.277832E+02,+1.476020E-06,+4.539028E-06,-1.064242E+02,+1.256398E+00
+2.280273E+02,-7.824900E-06,+1.788712E-06,-1.019092E+02,+2.916862E+00
+2.282715E+02,+8.980187E-06,-8.698637E-06,-9.806013E+01,-7.694737E-01
+2.285156E+02,-8.422686E-06,+6.954248E-06,-9.923347E+01,+2.451402E+00
+2.287598E+02,+7.888820E-06,-1.642172E-06,-1.018755E+02,-2.052335E-01
+2.290039E+02,-6.116878E-06,-1.164977E-07,-1.042678E+02,-3.122550E+00
+2.292480E+02,+4.491652E-06,-2.030026E-06,-1.061447E+02,-4.244787E-01
+2.294922E+02,-1.998733E-06,+7.520181E-06,-1.021790E+02,+1.830573E+00
+2.297363E+02,+2.468354E-06,-4.350675E-06,-1.060169E+02,-1.054731E+00
+2.299805E+02,-2.620183E-06,-3.108367E-06,-1.078180E+02,-2.271181E+00
+2.302246E+02,+3.625760E-06,+4.480764E-06,-1.047856E+02,+8.904808E-01
+2.304688E+02,-4.423305E-06,-1.009210E-06,-1.068647E+02,-2.917275E+00
+2.307129E+02,+1.142381E-06,-3.609681E-06,-1.084361E+02,-1.264292E+00
+2.309570E+02,-3.966005E-07,-1.673906E-06,-1.152882E+02,-1.803438E+00
+2.312012E+02,+3.033244E-06,+9.432537E-06,-1.000801E+02,+1.259668E+00
+2.314453E+02,-4.437505E-07,-7.953398E-06,-1.019754E+02,-1.626532E+00
+2.316895E+02,-3.527766E-06,+1.042411E-06,-1.086865E+02,+2.854281E+00
+2.319336E+02,+1.117600E-06,+2.920122E-06,-1.100983E+02,+1.205271E+00
+2.321777E+02,-1.548998E-06,-2.010597E-06,-1.119099E+02,-2.227237E+00
+2.324219E+02,+5.792474E-06,+1.046463E-06,-1.046032E+02,+1.787312E-01
+2.326660E+02,-3.970522E-06,+4.745933E-06,-1.041693E+02,+2.267469E+00
+2.329102E+02,+6.452028E-07,-1.038603E-05,-9.965428E+01,-1.508754E+00
+2.331543E+02,-5.230886E-08,+5.344570E-06,-1.054413E+02,+1.580583E+00
+2.333984E+02,+8.206728E-07,-4.604807E-07,-1.205279E+02,-5.113264E-01
+2.336426E+02,-2.837404E-06,-4.720798E-06,-1.051803E+02,-2.111983E+00
+2.338867E+02,+6.109698E-06,+9.034849E-06,-9.924610E+01,+9.761974E-01
+2.341309E+02,-2.705644E-06,-3.278745E-06,-1.074303E+02,-2.260720E+00
+2.343750E+02,-2.797155E-06,-2.613840E-06,-1.083398E+02,-2.390060E+00
+2.346191E+02,+1.769893E-06,-1.828989E-06,-1.118858E+02,-8.018172E-01
+2.348633E+02,-4.798810E-08,-6.859169E-07,-1.232534E+02,-1.640644E+00
+2.351074E+02,-3.142303E-07,+9.648027E-06,-1.003066E+02,+1.603354E+00
+2.353516E+02,+3.167673E-07,-5.941441E-06,-1.045098E+02,-1.517532E+00
+2.355957E+02,-2.597039E-06,-1.508860E-06,-1.104473E+02,-2.615267E+00
+2.358398E+02,+2.046625E-06,+1.390139E-06,-1.121317E+02,+5.966535E-01
+2.360840E+02,+4.347914E-06,+1.052779E-07,-1.072318E+02,+2.420870E-02
+2.363281E+02,-6.564929E-06,+2.906786E-06,-1.028779E+02,+2.724763E+00
+2.365723E+02,+7.550213E-06,-7.045468E-06,-9.972062E+01,-7.508302E-01
+2.368164E+02,-1.002444E-05,+1.071257E-07,-9.997830E+01,+3.130907E+00
+2.370605E+02,+3.795251E-06,+8.164035E-06,-1.009122E+02,+1.135642E+00
+2.373047E+02,+6.159788E-06,-7.595633E-06,-1.001938E+02,-8.894055E-01
+2.375488E+02,-7.683673E-06,+3.610450E-06,-1.014222E+02,+2.702325E+00
+2.377930E+02,+7.251066E-06,+3.953227E-06,-1.016618E+02,+4.991448E-01
+2.380371E+02,-9.013104E-06,-7.378895E-06,-9.867471E+01,-2.455562E+00
+2.382812E+02,+6.253256E-06,-1.320713E-06,-1.038884E+02,-2.081452E-01
+2.385254E+02,-7.744359E-07,+3.720370E-06,-1.084041E+02,+1.776026E+00
+2.387695E+02,-1.610265E-06,-6.589863E-07,-1.151896E+02,-2.753145E+00
+2.390137E+02,-1.645490E-07,+1.887599E-07,-1.320269E+02,+2.287775E+00
+2.392578E+02,+1.284323E-06,+4.041245E-06,-1.074518E+02,+1.263087E+00
+2.395020E+02,+9.348890E-07,-4.004490E-06,-1.077186E+02,-1.341444E+00
+2.397461E+02,-3.318434E-06,+1.971744E-06,-1.082682E+02,+2.605464E+00
+2.399902E+02,-9.437624E-07,-3.164920E-06,-1.096228E+02,-1.860596E+00
+2.402344E+02,+2.470262E-06,-7.596178E-07,-1.117527E+02,-2.983278E-01
+2.404785E+02,+2.499436E-06,-4.324898E-06,-1.060290E+02,-1.046772E+00
+2.407227E+02,-3.623927E-06,+9.777798E-06,-9.963618E+01,+1.925729E+00
+2.409668E+02,+5.344733E-06,-2.522821E-07,-1.054318E+02,-4.716698E-02
+2.412109E+02,-8.576769E-06,-4.478335E-06,-1.002865E+02,-2.660385E+00
+2.414551E+02,+5.627483E-06,-1.690421E-06,-1.046185E+02,-2.918116E-01
+2.416992E+02,-2.519207E-06,+8.174859E-06,-1.013564E+02,+1.869727E+00
+2.419434E+02,-1.922994E-06,-6.177954E-06,-1.037815E+02,-1.872558E+00
+2.421875E+02,+8.281598E-07,+2.678197E-06,-1.110466E+02,+1.270900E+00
+2.424316E+02,+1.077455E-06,-2.183899E-06,-1.122692E+02,-1.112472E+00
+2.426758E+02,+2.511241E-06,-3.543774E-06,-1.072435E+02,-9.542988E-01
+2.429199E+02,-6.701242E-07,+1.010623E-05,-9.988916E+01,+1.637007E+00
+2.431641E+02,+2.053734E-06,-1.505028E-05,-9.636898E+01,-1.435176E+00
+2.434082E+02,-5.533740E-06,+1.334352E-05,-9.680536E+01,+1.963922E+00
+2.436523E+02,+2.374024E-06,-5.495224E-06,-1.044571E+02,-1.162998E+00
+2.438965E+02,-5.742199E-07,+5.162338E-06,-1.056897E+02,+1.681574E+00
+2.441406E+02,-6.228439E-06,-9.486241E-06,-9.890144E+01,-2.151781E+00
+2.443848E+02,+1.323296E-05,+7.685720E-06,-9.630447E+01,+5.261831E-01
+2.446289E+02,-8.721018E-06,+1.237554E-06,-1.011021E+02,+3.000629E+00
+2.448730E+02,+2.197623E-06,-5.402219E-06,-1.046835E+02,-1.184442E+00
+2.451172E+02,-1.252171E-06,-7.116888E-07,-1.168310E+02,-2.624760E+00
+2.453613E+02,+2.808301E-07,+6.383775E-06,-1.038901E+02,+1.526833E+00
+2.456055E+02,-2.756830E-06,-3.051580E-06,-1.077180E+02,-2.305493E+00
+2.458496E+02,+8.448855E-06,+1.389522E-07,-1.014629E+02,+1.644480E-02
+2.460938E+02,-3.474360E-06,+9.978004E-07,-1.088383E+02,+2.861929E+00
+2.463379E+02,-4.853299E-06,-5.837513E-06,-1.023934E+02,-2.264392E+00
+2.465820E+02,+1.887717E-06,-1.621797E-06,-1.120805E+02,-7.097716E-01
+2.468262E+02,+2.824705E-06,+7.236959E-06,-1.021930E+02,+1.198665E+00
+2.470703E+02,-5.174365E-06,-1.313007E-06,-1.054519E+02,-2.893085E+00
+2.473145E+02,+1.173231E-06,+2.793457E-06,-1.103716E+02,+1.173175E+00
+2.475586E+02,+7.142868E-06,-4.793111E-06,-1.013080E+02,-5.910204E-01
+2.478027E+02,-6.676818E-06,+3.922871E-06,-1.022207E+02,+2.610388E+00
+2.480469E+02,-4.692769E-07,-8.690866E-08,-1.264250E+02,-2.958470E+00
+2.482910E+02,+5.207738E-06,+2.455816E-06,-1.047950E+02,+4.406466E-01
+2.485352E+02,-1.025259E-05,-1.170943E-05,-9.615779E+01,-2.289957E+00
+2.487793E+02,+8.645089E-06,+1.415139E-05,-9.560668E+01,+1.022400E+00
+2.490234E+02,-4.350004E-06,-7.691962E-06,-1.010741E+02,-2.085481E+00
+2.492676E+02,+4.413693E-06,+1.723878E-06,-1.064874E+02,+3.723550E-01
+2.495117E+02,+1.308350E-06,-2.171319E-06,-1.119203E+02,-1.028497E+00
+2.497559E+02,-6.927450E-06,+2.755230E-07,-1.031817E+02,+3.101841E+00
+2.500000E+02,+5.875572E-06,+4.184304E-06,-1.028374E+02,+6.188356E-01
+2.502441E+02,-3.774938E-06,-8.112948E-06,-1.009653E+02,-2.006299E+00
+2.504883E+02,+3.355931E-06,+1.149706E-05,-9.843316E+01,+1.286792E+00
+2.507324E+02,+1.147046E-06,-4.663345E-06,-1.063709E+02,-1.329614E+00
+2.509766E+02,-6.742825E-06,+8.643520E-07,-1.033524E+02,+3.014100E+00
+2.512207E+02,+2.343219E-06,-1.738636E-06,-1.106989E+02,-6.383524E-01
+2.514648E+02,+4.142535E-06,-1.247583E-06,-1.072776E+02,-2.925244E-01
+2.517090E+02,-7.705449E-06,+1.362831E-06,-1.021303E+02,+2.966537E+00
+2.519531E+02,+7.934001E-06,-3.295713E-06,-1.013188E+02,-3.937038E-01
+2.521973E+02,-2.424626E-06,+8.149262E-06,-1.014093E+02,+1.859983E+00
+2.524414E+02,+4.484154E-06,-3.139762E-06,-1.052337E+02,-6.108538E-01
+2.526855E+02,-6.028817E-06,-9.793058E-06,-9.878602E+01,-2.122623E+00
+2.529297E+02,-3.560863E-06,+1.154942E-05,-9.835442E+01,+1.869864E+00
+2.531738E+02,+2.492086E-06,-1.146438E-06,-1.112350E+02,-4.311647E-01
+2.534180E+02,+6.333418E-06,-6.240247E-06,-1.010208E+02,-7.779883E-01
+2.536621E+02,-5.594454E-06,+1.012310E-05,-9.873625E+01,+2.075666E+00
+2.539062E+02,+2.461495E-06,-6.257187E-06,-1.034475E+02,-1.196004E+00
+2.541504E+02,+1.264210E-06,-4.409133E-06,-1.067698E+02,-1.291562E+00
+2.543945E+02,-8.515438E-06,+8.216911E-06,-9.853778E+01,+2.374034E+00
+2.546387E+02,+8.275993E-06,-3.061004E-06,-1.010868E+02,-3.542616E-01
+2.548828E+02,+1.855351E-06,+4.081232E-06,-1.069683E+02,+1.144119E+00
+2.551270E+02,-8.002372E-06,-8.210240E-06,-9.881252E+01,-2.343374E+00
+2.553711E+02,+6.756313E-06,+9.138042E-06,-9.888901E+01,+9.341389E-01
+2.556152E+02,-4.953155E-06,-1.133736E-05,-9.815112E+01,-1.982693E+00
+2.558594E+02,+4.220313E-06,+1.246033E-05,-9.761776E+01,+1.244224E+00
+2.561035E+02,+7.858459E-07,-1.060504E-05,-9.946597E+01,-1.496830E+00
+2.563477E+02,-6.341230E-06,+7.091152E-06,-1.004337E+02,+2.300423E+00
+2.565918E+02,+7.675899E-06,-3.144795E-06,-1.016235E+02,-3.888381E-01
+2.568359E+02,-6.966541E-06,-1.123197E-06,-1.030282E+02,-2.981741E+00
+2.570801E+02,+5.590322E-06,+5.566301E-06,-1.020596E+02,+7.832451E-01
+2.573242E+02,-6.830381E-06,-2.503152E-06,-1.027638E+02,-2.790318E+00
+2.575684E+02,+1.189156E-05,-1.658516E-06,-9.841155E+01,-1.385761E-01
+2.578125E+02,-1.327353E-05,-7.594946E-07,-9.752608E+01,-3.084436E+00
+2.580566E+02,+8.268396E-06,+3.531620E-06,-1.009238E+02,+4.036672E-01
+2.583008E+02,+1.936626E-06,-2.397172E-06,-1.102242E+02,-8.912693E-01
+2.585449E+02,-6.679151E-06,-1.331749E-06,-1.033363E+02,-2.944785E+00
+2.587891E+02,+6.169505E-06,+2.111682E-06,-1.037139E+02,+3.297784E-01
+2.590332E+02,-4.288077E-06,+1.098211E-06,-1.070788E+02,+2.890873E+00
+2.592773E+02,+1.589861E-06,-6.519216E-06,-1.034652E+02,-1.331592E+00
+2.595215E+02,-1.502185E-07,+1.084952E-05,-9.929096E+01,+1.584641E+00
+2.597656E+02,+7.951566E-07,-9.821698E-06,-1.001279E+02,-1.490013E+00
+2.600098E+02,-3.971768E-06,+4.801547E-06,-1.041084E+02,+2.261895E+00
+2.602539E+02,+1.668061E-06,-4.098387E-06,-1.070821E+02,-1.184267E+00
+2.604980E+02,-1.406224E-06,+2.598724E-06,-1.105894E+02,+2.066797E+00
+2.607422E+02,+5.462337E-06,+8.866320E-06,-9.964775E+01,+1.018639E+00
+2.609863E+02,-8.701811E-07,-1.311273E-05,-9.762704E+01,-1.637061E+00
+2.612305E+02,+3.162117E-07,+3.913874E-06,-1.081196E+02,+1.490179E+00
+2.614746E+02,-5.128421E-06,+3.205134E-06,-1.043683E+02,+2.583011E+00
+2.617188E+02,+3.618790E-06,+1.237259E-06,-1.083486E+02,+3.294393E-01
+2.619629E+02,+2.518980E-06,-7.682514E-06,-1.018465E+02,-1.253957E+00
+2.622070E+02,-7.257870E-06,+7.748135E-06,-9.948036E+01,+2.323535E+00
+2.624512E+02,+1.190154E-05,-3.930764E-06,-9.803831E+01,-3.189943E-01
+2.626953E+02,-1.221631E-05,-2.310346E-07,-9.825965E+01,-3.122683E+00
+2.629395E+02,+1.052715E-05,+3.242763E-06,-9.916009E+01,+2.988147E-01
+2.631836E+02,-6.524361E-06,-6.268187E-06,-1.008694E+02,-2.376217E+00
+2.634277E+02,+2.006657E-06,+7.860860E-06,-1.018164E+02,+1.320862E+00
+2.636719E+02,-5.483609E-06,-6.285880E-06,-1.015750E+02,-2.288135E+00
+2.639160E+02,+4.488828E-06,-5.601531E-07,-1.068902E+02,-1.241465E-01
+2.641602E+02,+2.347930E-06,+2.433921E-06,-1.094170E+02,+8.033791E-01
+2.644043E+02,-5.771854E-06,-3.581511E-06,-1.033591E+02,-2.586226E+00
+2.646484E+02,+5.330355E-06,+7.159653E-06,-1.009869E+02,+9.308252E-01
+2.648926E+02,-4.583097E-06,-1.402915E-07,-1.067728E+02,-3.110991E+00
+2.651367E+02,+8.242075E-06,-1.997239E-07,-1.016767E+02,-2.422750E-02
+2.653809E+02,-7.674385E-06,-3.505569E-06,-1.014761E+02,-2.713108E+00
+2.656250E+02,+5.807317E-06,+2.977640E-06,-1.037068E+02,+4.737871E-01
+2.658691E+02,-1.492420E-06,-3.644991E-06,-1.080930E+02,-1.959418E+00
+2.661133E+02,-2.302180E-06,+6.060601E-06,-1.037643E+02,+1.933821E+00
+2.663574E+02,+3.788093E-06,-1.293202E-05,-9.740916E+01,-1.285844E+00
+2.666016E+02,+2.739498E-06,+8.575525E-06,-1.009128E+02,+1.261588E+00
+2.668457E+02,-7.111131E-06,-5.332866E-06,-1.010233E+02,-2.498135E+00
+2.670898E+02,-7.881190E-07,+9.548836E-06,-1.003715E+02,+1.653145E+00
+2.673340E+02,+4.105757E-06,-4.011721E-06,-1.048213E+02,-7.738143E-01
+2.675781E+02,+7.125072E-07,-5.203701E-06,-1.055931E+02,-1.434719E+00
+2.678223E+02,+6.116765E-08,-3.498389E-07,-1.289919E+02,-1.397701E+00
+2.680664E+02,-2.673845E-06,-2.883630E-06,-1.081066E+02,-2.318464E+00
+2.683105E+02,+1.443003E-07,+1.867556E-05,-9.457427E+01,+1.563070E+00
+2.685547E+02,-2.265264E-06,-1.302723E-05,-9.757359E+01,-1.742962E+00
+2.687988E+02,+1.049930E-05,-2.760395E-06,-9.928651E+01,-2.570941E-01
+2.690430E+02,-3.981137E-06,+7.512132E-06,-1.014097E+02,+2.058125E+00
+2.692871E+02,-1.050165E-05,-1.290160E-05,-9.557935E+01,-2.254004E+00
+2.695312E+02,+7.508955E-06,+7.202455E-06,-9.965533E+01,+7.645670E-01
+2.697754E+02,+1.281411E-05,+8.759472E-06,-9.618110E+01,+5.996208E-01
+2.700195E+02,-1.321157E-05,-1.399368E-05,-9.431366E+01,-2.327454E+00
+2.702637E+02,+1.354564E-06,-4.740307E-06,-1.061430E+02,-1.292459E+00
+2.705078E+02,-1.134866E-05,+4.218036E-06,-9.833914E+01,+2.785738E+00
+2.707520E+02,+4.842164E-06,+4.007890E-06,-1.040330E+02,+6.914083E-01
+2.709961E+02,+1.708810E-06,+3.980051E-06,-1.072675E+02,+1.165252E+00
+2.712402E+02,+8.628245E-07,+4.879695E-07,-1.200763E+02,+5.147025E-01
+2.714844E+02,-5.136994E-06,+9.499465E-07,-1.056398E+02,+2.958736E+00
+2.717285E+02,+1.574358E-05,+6.786541E-07,-9.604987E+01,+4.308005E-02
+2.719727E+02,-1.340366E-05,-1.186830E-05,-9.494152E+01,-2.416873E+00
+2.722168E+02,+1.028381E-05,+8.406680E-06,-9.753430E+01,+6.853013E-01
+2.724609E+02,-2.281998E-05,+6.541703E-06,-9.249071E+01,+2.862414E+00
+2.727051E+02,+3.423380E-05,-7.678987E-06,-8.909770E+01,-2.206577E-01
+2.729492E+02,-2.411325E-05,-1.264567E-05,-9.129970E+01,-2.658594E+00
+2.731934E+02,+4.503518E-06,+1.033051E-05,-9.896193E+01,+1.159693E+00
+2.734375E+02,-6.392404E-06,+5.204908E-06,-1.016779E+02,+2.458233E+00
+2.736816E+02,+8.940711E-06,+1.336245E-06,-1.008766E+02,+1.483581E-01
+2.739258E+02,-1.023770E-05,-6.138174E-06,-9.846223E+01,-2.601493E+00
+2.741699E+02,+9.744167E-06,+1.159048E-05,-9.639619E+01,+8.717236E-01
+2.744141E+02,-2.175342E-07,-1.678087E-06,-1.154313E+02,-1.699710E+00
+2.746582E+02,+9.431104E-06,-6.403248E-06,-9.886232E+01,-5.964584E-01
+2.749023E+02,-1.106466E-05,-7.483391E-06,-9.748537E+01,-2.546928E+00
+2.751465E+02,-2.167974E-07,+5.985248E-06,-1.044527E+02,+1.607002E+00
+2.753906E+02,+2.648599E-06,-4.138492E-06,-1.061722E+02,-1.001489E+00
+2.756348E+02,-4.354232E-06,+6.362773E-06,-1.022589E+02,+2.170928E+00
+2.758789E+02,+5.240189E-06,-6.892289E-06,-1.012515E+02,-9.207374E-01
+2.761230E+02,-4.001966E-06,+4.044959E-06,-1.048976E+02,+2.350852E+00
+2.763672E+02,-1.039296E-06,+6.222136E-06,-1.040017E+02,+1.736300E+00
+2.766113E+02,+6.974366E-06,-7.543060E-06,-9.976585E+01,-8.245514E-01
+2.768555E+02,-1.195939E-05,+3.781463E-06,-9.803199E+01,+2.835348E+00
+2.770996E+02,+8.953553E-06,-8.925029E-08,-1.009597E+02,-9.967811E-03
+2.773438E+02,+5.854614E-07,-6.022990E-06,-1.043629E+02,-1.473896E+00
+2.775879E+02,-2.470085E-06,+4.244721E-06,-1.061764E+02,+2.097815E+00
+2.778320E+02,-5.565529E-06,+2.408349E-06,-1.043444E+02,+2.733196E+00
+2.780762E+02,+6.578134E-06,-3.287383E-06,-1.026697E+02,-4.634428E-01
+2.783203E+02,-2.793377E-06,+4.242569E-06,-1.058834E+02,+2.153065E+00
+2.785645E+02,+3.557194E-06,-7.418953E-06,-1.016945E+02,-1.123704E+00
+2.788086E+02,-4.023784E-06,+5.745906E-06,-1.030798E+02,+2.181715E+00
+2.790527E+02,-3.610174E-06,-8.321477E-06,-1.008470E+02,-1.980129E+00
+2.792969E+02,+2.004454E-06,+1.342575E-05,-9.734549E+01,+1.422592E+00
+2.795410E+02,+7.259039E-06,-1.394461E-06,-1.026250E+02,-1.897879E-01
+2.797852E+02,-6.914252E-06,-4.545818E-06,-1.016449E+02,-2.559994E+00
+2.800293E+02,+3.031331E-06,-3.486528E-06,-1.067071E+02,-8.551233E-01
+2.802734E+02,+7.984075E-07,+6.587762E-06,-1.035619E+02,+1.450189E+00
+2.805176E+02,-6.100231E-06,-1.583274E-06,-1.040099E+02,-2.887652E+00
+2.807617E+02,+8.684018E-06,+1.042289E-06,-1.011635E+02,+1.194524E-01
+2.810059E+02,-5.624863E-06,+5.960624E-07,-1.049493E+02,+3.036017E+00
+2.812500E+02,+2.933023E-06,-1.080802E-06,-1.101007E+02,-3.530549E-01
+2.814941E+02,+3.311659E-07,-4.163414E-06,-1.075836E+02,-1.491422E+00
+2.817383E+02,-2.471872E-07,-1.406094E-07,-1.309220E+02,-2.624402E+00
+2.819824E+02,-5.033267E-06,+2.765754E-06,-1.048171E+02,+2.639138E+00
+2.822266E+02,+6.083180E-06,+5.458129E-06,-1.017525E+02,+7.312933E-01
+2.824707E+02,-5.905955E-06,-5.996003E-06,-1.014977E+02,-2.348629E+00
+2.827148E+02,+8.486854E-06,-2.776670E-06,-1.009834E+02,-3.161961E-01
+2.829590E+02,-4.322733E-06,+5.868303E-06,-1.027472E+02,+2.205682E+00
+2.832031E+02,-2.492040E-06,-6.007715E-06,-1.037363E+02,-1.964002E+00
+2.834473E+02,+2.751631E-06,+7.038975E-06,-1.024322E+02,+1.198147E+00
+2.836914E+02,+1.044335E-06,-7.717264E-06,-1.021719E+02,-1.436289E+00
+2.839355E+02,-8.128999E-06,+6.057985E-06,-9.988092E+01,+2.501151E+00
+2.841797E+02,+8.882012E-06,-2.462743E-07,-1.010264E+02,-2.772020E-02
+2.844238E+02,-1.553947E-06,-3.295990E-06,-1.087686E+02,-2.011357E+00
+2.846680E+02,-5.433045E-06,+7.057965E-06,-1.010055E+02,+2.226834E+00
+2.849121E+02,+9.096212E-06,-2.199209E-06,-1.005761E+02,-2.372198E-01
+2.851562E+02,-5.544979E-06,-7.369761E-06,-1.007027E+02,-2.215829E+00
+2.854004E+02,-3.341098E-06,+3.498194E-06,-1.063078E+02,+2.333229E+00
+2.856445E+02,+3.423707E-06,+2.835606E-06,-1.070416E+02,+6.917170E-01
+2.858887E+02,+1.318673E-06,+4.211169E-06,-1.071057E+02,+1.267331E+00
+2.861328E+02,+1.832193E-06,-9.768731E-06,-1.000531E+02,-1.385393E+00
+2.863770E+02,-4.878966E-06,+5.835813E-06,-1.023761E+02,+2.267129E+00
+2.866211E+02,-1.538855E-06,+3.152401E-06,-1.090989E+02,+2.024922E+00
+2.868652E+02,+7.701214E-06,-1.192735E-05,-9.695573E+01,-9.974661E-01
+2.871094E+02,-6.731452E-06,+8.296250E-06,-9.942561E+01,+2.252441E+00
+2.873535E+02,+6.115099E-06,-2.619118E-06,-1.035405E+02,-4.046654E-01
+2.875977E+02,-1.093950E-05,+7.238525E-06,-9.764297E+01,+2.557045E+00
+2.878418E+02,+8.759931E-06,-5.590335E-06,-9.966623E+01,-5.680146E-01
+2.880859E+02,+2.785025E-06,+1.847145E-06,-1.095201E+02,+5.856278E-01
+2.883301E+02,-1.244939E-06,-1.685647E-06,-1.135741E+02,-2.206931E+00
+2.885742E+02,-5.620415E-06,+4.908642E-06,-1.025427E+02,+2.423693E+00
+2.888184E+02,+5.187295E-06,-8.231956E-06,-1.002377E+02,-1.008508E+00
+2.890625E+02,-5.025788E-06,+5.307676E-06,-1.027222E+02,+2.328922E+00
+2.893066E+02,+6.071577E-06,-9.582030E-08,-1.043329E+02,-1.578047E-02
+2.895508E+02,-4.753656E-06,-1.404010E-08,-1.064594E+02,-3.138639E+00
+2.897949E+02,-1.414544E-06,+1.086420E-06,-1.149740E+02,+2.486649E+00
+2.900391E+02,+8.763125E-06,-3.358992E-06,-1.005515E+02,-3.660361E-01
+2.902832E+02,-4.265714E-06,+1.131689E-06,-1.071048E+02,+2.882268E+00
+2.905273E+02,+1.137132E-06,+3.876656E-07,-1.184063E+02,+3.285587E-01
+2.907715E+02,-6.004222E-06,+4.275945E-06,-1.026492E+02,+2.522755E+00
+2.910156E+02,+9.909627E-06,-5.998207E-06,-9.872314E+01,-5.443008E-01
+2.912598E+02,-1.217444E-05,+6.870170E-06,-9.709039E+01,+2.627829E+00
+2.915039E+02,+1.148093E-05,-6.084302E-06,-9.772549E+01,-4.873183E-01
+2.917480E+02,+2.785086E-06,+4.982583E-06,-1.048701E+02,+1.061097E+00
+2.919922E+02,-1.483391E-05,-9.496162E-06,-9.508327E+01,-2.572162E+00
+2.922363E+02,+9.726553E-06,+4.365936E-06,-9.944365E+01,+4.219120E-01
+2.924805E+02,-1.971754E-07,+2.780391E-06,-1.110961E+02,+1.641594E+00
+2.927246E+02,+3.233560E-06,-3.105491E-06,-1.069680E+02,-7.651978E-01
+2.929688E+02,-6.433541E-06,+4.951336E-06,-1.018107E+02,+2.485657E+00
+2.932129E+02,+3.571785E-07,-3.453956E-06,-1.091875E+02,-1.467751E+00
+2.934570E+02,+1.308304E-06,+2.563380E-06,-1.108183E+02,+1.098877E+00
+2.937012E+02,-3.936341E-08,-2.478579E-06,-1.121149E+02,-1.586676E+00
+2.939453E+02,+2.790689E-06,+1.398685E-06,-1.101125E+02,+4.646048E-01
+2.941895E+02,-2.883515E-06,-4.418687E-06,-1.055534E+02,-2.148978E+00
+2.944336E+02,+4.132401E-06,+3.180495E-06,-1.056555E+02,+6.559579E-01
+2.946777E+02,+1.888714E-06,+1.324188E-06,-1.127403E+02,+6.114675E-01
+2.949219E+02,-9.250293E-06,-4.726108E-06,-9.966963E+01,-2.669252E+00
+2.951660E+02,+8.222805E-06,+4.768397E-06,-1.004406E+02,+5.255082E-01
+2.954102E+02,-2.366515E-06,-8.017744E-06,-1.015562E+02,-1.857807E+00
+2.956543E+02,-4.513853E-06,+1.183178E-05,-9.794888E+01,+1.935256E+00
+2.958984E+02,+6.593217E-06,-7.281212E-06,-1.001553E+02,-8.349448E-01
+2.961426E+02,-5.549530E-06,+1.966329E-06,-1.046012E+02,+2.801071E+00
+2.963867E+02,+4.546388E-07,-7.432583E-06,-1.025610E+02,-1.509704E+00
+2.966309E+02,+2.546000E-06,+9.411218E-06,-1.002203E+02,+1.306592E+00
+2.968750E+02,+1.318970E-06,-3.737828E-07,-1.172598E+02,-2.761495E-01
+2.971191E+02,-4.829341E-07,-4.162142E-06,-1.075556E+02,-1.686310E+00
+2.973633E+02,-4.264602E-06,+1.840470E-06,-1.066607E+02,+2.734171E+00
+2.976074E+02,+3.971340E-06,-1.714372E-06,-1.072791E+02,-4.075200E-01
+2.978516E+02,-1.545121E-06,-3.586320E-06,-1.081676E+02,-1.977601E+00
+2.980957E+02,+2.248488E-06,+6.063816E-06,-1.037856E+02,+1.215709E+00
+2.983398E+02,+3.976766E-06,-5.985909E-07,-1.079121E+02,-1.494004E-01
+2.985840E+02,-1.179862E-05,-1.744476E-06,-9.846946E+01,-2.994802E+00
+2.988281E+02,+7.808935E-06,-2.047174E-08,-1.021481E+02,-2.621573E-03
+2.990723E+02,-4.366323E-07,+5.914366E-06,-1.045382E+02,+1.644488E+00
+2.993164E+02,+1.705608E-06,-1.343062E-05,-9.736859E+01,-1.444479E+00
+2.995605E+02,-4.008206E-06,+9.788671E-06,-9.951233E+01,+1.959443E+00
+2.998047E+02,-8.109620E-07,-6.372726E-06,-1.038437E+02,-1.697371E+00
+3.000488E+02,+5.915462E-06,+7.614191E-06,-1.003166E+02,+9.103006E-01
+3.002930E+02,-5.490819E-06,-4.182098E-06,-1.032204E+02,-2.490675E+00
+3.005371E+02,-2.601458E-06,+1.967766E-06,-1.097307E+02,+2.494003E+00
+3.007812E+02,+1.059212E-05,-4.332390E-06,-9.882852E+01,-3.882581E-01
+3.010254E+02,-5.193065E-06,+4.731466E-06,-1.030667E+02,+2.402672E+00
+3.012695E+02,-4.780557E-06,-6.333635E-06,-1.020088E+02,-2.217355E+00
+3.015137E+02,+1.411740E-07,+3.947930E-06,-1.080671E+02,+1.535053E+00
+3.017578E+02,+6.863557E-06,-2.594068E-06,-1.026891E+02,-3.613527E-01
+3.020020E+02,-5.497320E-06,-5.096814E-07,-1.051598E+02,-3.049142E+00
+3.022461E+02,+2.235817E-06,+4.273357E-06,-1.063338E+02,+1.088762E+00
+3.024902E+02,-1.312205E-06,+7.177344E-07,-1.165033E+02,+2.641080E+00
+3.027344E+02,-1.342207E-06,+1.533155E-06,-1.138173E+02,+2.289884E+00
+3.029785E+02,+2.564859E-06,-6.593727E-06,-1.030055E+02,-1.199822E+00
+3.032227E+02,+7.170578E-08,+4.506401E-06,-1.069223E+02,+1.554886E+00
+3.034668E+02,-6.122526E-06,-2.087807E-06,-1.037836E+02,-2.812954E+00
+3.037109E+02,+2.696034E-06,-3.534889E-06,-1.070412E+02,-9.192213E-01
+3.039551E+02,+5.015733E-06,+4.145110E-06,-1.037325E+02,+6.906453E-01
+3.041992E+02,-4.331187E-06,-8.331754E-06,-1.005464E+02,-2.050190E+00
+3.044434E+02,+8.048519E-06,+1.081242E-05,-9.740676E+01,+9.309038E-01
+3.046875E+02,-1.310465E-05,+3.234580E-07,-9.764885E+01,+3.116915E+00
+3.049316E+02,+9.200455E-06,-3.635569E-07,-1.007170E+02,-3.949455E-02
+3.051758E+02,-3.344779E-06,-8.142163E-06,-1.011080E+02,-1.960576E+00
+3.054199E+02,-4.230865E-07,+9.459591E-06,-1.004739E+02,+1.615492E+00
+3.056641E+02,-1.602897E-06,-7.619959E-06,-1.021729E+02,-1.778129E+00
+3.059082E+02,+6.675618E-06,+4.104922E-06,-1.021173E+02,+5.513126E-01
+3.061523E+02,-7.528770E-06,-2.622244E-07,-1.024603E+02,-3.106777E+00
+3.063965E+02,+3.681507E-06,-4.326932E-06,-1.049112E+02,-8.658174E-01
+3.066406E+02,+3.309264E-07,+7.753564E-06,-1.022021E+02,+1.528142E+00
+3.068848E+02,-5.286332E-06,-6.631562E-06,-1.014313E+02,-2.243795E+00
+3.071289E+02,+6.381040E-06,+4.096016E-06,-1.024037E+02,+5.706628E-01
+3.073730E+02,-2.969200E-06,-2.137381E-06,-1.087340E+02,-2.517668E+00
+3.076172E+02,+2.746524E-06,-1.853639E-06,-1.095942E+02,-5.936834E-01
+3.078613E+02,-8.237083E-06,+3.327141E-06,-1.010282E+02,+2.757710E+00
+3.081055E+02,+1.066681E-05,-1.993099E-06,-9.929027E+01,-1.847205E-01
+3.083496E+02,-4.641881E-06,-4.461512E-07,-1.066262E+02,-3.045773E+00
+3.085938E+02,-3.055294E-06,+4.190183E-06,-1.057037E+02,+2.200823E+00
+3.088379E+02,+6.918368E-06,-4.535193E-06,-1.016474E+02,-5.802524E-01
+3.090820E+02,-1.188297E-05,+5.515907E-06,-9.765407E+01,+2.707005E+00
+3.093262E+02,+8.006674E-06,-3.635584E-06,-1.011168E+02,-4.262327E-01
+3.095703E+02,-2.730492E-06,-1.801149E-06,-1.097063E+02,-2.558469E+00
+3.098145E+02,+5.752798E-06,+4.155888E-06,-1.029786E+02,+6.256095E-01
+3.100586E+02,-1.908678E-06,-4.328507E-06,-1.065016E+02,-1.986103E+00
+3.103027E+02,-2.583600E-06,+1.539109E-06,-1.104365E+02,+2.604324E+00
+3.105469E+02,+4.311474E-07,-2.024985E-06,-1.136790E+02,-1.361015E+00
+3.107910E+02,-2.167993E-06,+4.484941E-06,-1.060529E+02,+2.021071E+00
+3.110352E+02,+9.738638E-07,-2.740159E-06,-1.107279E+02,-1.229315E+00
+3.112793E+02,+1.870586E-06,+4.035973E-06,-1.070359E+02,+1.136791E+00
+3.115234E+02,-3.253176E-06,+9.083278E-07,-1.094278E+02,+2.869314E+00
+3.117676E+02,-9.457210E-07,-7.785859E-06,-1.021103E+02,-1.691671E+00
+3.120117E+02,+7.327926E-06,+5.100260E-06,-1.009848E+02,+6.080385E-01
+3.122559E+02,-6.261503E-06,-8.931320E-07,-1.039790E+02,-2.999910E+00
+3.125000E+02,+2.333748E-06,+1.780639E-06,-1.106464E+02,+6.517662E-01
+3.127441E+02,-2.880103E-06,-2.670972E-07,-1.107747E+02,-3.049118E+00
+3.129883E+02,+5.529918E-06,-1.858850E-06,-1.046807E+02,-3.242781E-01
+3.132324E+02,-6.245735E-07,+5.532648E-06,-1.050863E+02,+1.683209E+00
+3.134766E+02,-3.756810E-06,-4.845582E-06,-1.042489E+02,-2.230298E+00
+3.137207E+02,-9.353418E-07,+4.954389E-07,-1.195066E+02,+2.654478E+00
+3.139648E+02,+5.980824E-06,+3.659756E-06,-1.030835E+02,+5.491344E-01
+3.142090E+02,+2.561180E-06,-1.792063E-06,-1.101006E+02,-6.105260E-01
+3.144531E+02,-5.618347E-06,-8.418623E-06,-9.989534E+01,-2.159286E+00
+3.146973E+02,+1.601520E-06,+5.918761E-06,-1.042485E+02,+1.306540E+00
+3.149414E+02,-1.769833E-06,-1.770497E-06,-1.120294E+02,-2.356007E+00
+3.151855E+02,+7.778383E-06,-5.913425E-06,-1.002012E+02,-6.500216E-01
+3.154297E+02,-1.381729E-05,+1.012047E-05,-9.532627E+01,+2.509419E+00
+3.156738E+02,+9.815554E-06,-7.578230E-06,-9.813115E+01,-6.574728E-01
+3.159180E+02,-8.995248E-06,+2.371015E-07,-1.009167E+02,+3.115240E+00
+3.161621E+02,+2.736730E-06,+3.039811E-06,-1.077650E+02,+8.378177E-01
+3.164062E+02,-1.822895E-06,+5.274415E-06,-1.050665E+02,+1.903556E+00
+3.166504E+02,-4.010161E-06,-8.637008E-06,-1.004249E+02,-2.005478E+00
+3.168945E+02,+5.350897E-06,+4.131113E-06,-1.034010E+02,+6.574588E-01
+3.171387E+02,+2.583056E-06,+2.951337E-06,-1.081297E+02,+8.518443E-01
+3.173828E+02,-4.319431E-06,-3.119185E-06,-1.054688E+02,-2.516169E+00
+3.176270E+02,-3.665770E-07,+4.793094E-06,-1.063624E+02,+1.647128E+00
+3.178711E+02,+2.900324E-06,-1.679728E-06,-1.094949E+02,-5.249490E-01
+3.181152E+02,-2.712450E-07,-5.425160E-06,-1.053009E+02,-1.620752E+00
+3.183594E+02,-4.066471E-06,+1.218285E-05,-9.782626E+01,+1.892955E+00
+3.186035E+02,+6.649119E-06,-6.902039E-06,-1.003693E+02,-8.040601E-01
+3.188477E+02,-3.326534E-06,-3.517804E-06,-1.063003E+02,-2.328256E+00
+3.190918E+02,-1.529339E-06,+7.906920E-06,-1.018803E+02,+1.761855E+00
+3.193359E+02,+7.728428E-06,-2.300285E-06,-1.018695E+02,-2.892897E-01
+3.195801E+02,-1.217023E-05,-4.378192E-06,-9.776549E+01,-2.796262E+00
+3.198242E+02,+9.439173E-06,+4.985493E-06,-9.943274E+01,+4.859292E-01
+3.200684E+02,-6.492732E-06,+5.230654E-06,-1.015792E+02,+2.463436E+00
+3.203125E+02,+8.805421E-06,-8.559975E-06,-9.821574E+01,-7.712649E-01
+3.205566E+02,-4.974575E-06,-3.162662E-07,-1.060474E+02,-3.078102E+00
+3.208008E+02,-3.331513E-06,+1.041403E-05,-9.922447E+01,+1.880414E+00
+3.210449E+02,+8.393680E-06,-7.985976E-06,-9.872151E+01,-7.605124E-01
+3.212891E+02,-1.967707E-06,-2.378284E-06,-1.102099E+02,-2.262002E+00
+3.215332E+02,-4.359827E-06,+6.336574E-06,-1.022797E+02,+2.173451E+00
+3.217773E+02,+2.471498E-07,-2.969435E-06,-1.105165E+02,-1.487756E+00
+3.220215E+02,+7.219550E-06,+2.245194E-06,-1.024289E+02,+3.015068E-01
+3.222656E+02,-5.470315E-06,-2.886486E-06,-1.041730E+02,-2.656060E+00
+3.225098E+02,+4.539202E-06,+3.970174E-06,-1.043930E+02,+7.186269E-01
+3.227539E+02,+1.902362E-06,-3.897439E-06,-1.072563E+02,-1.116710E+00
+3.229980E+02,-5.416662E-06,+1.835813E-06,-1.048531E+02,+2.814823E+00
+3.232422E+02,-5.192489E-06,-1.970071E-06,-1.051084E+02,-2.778963E+00
+3.234863E+02,+1.337198E-05,+3.082557E-06,-9.725122E+01,+2.265657E-01
+3.237305E+02,-6.035941E-06,-5.976068E-06,-1.014179E+02,-2.361179E+00
+3.239746E+02,-3.907668E-06,+9.601977E-06,-9.968721E+01,+1.957292E+00
+3.242188E+02,+5.590558E-06,-6.241215E-06,-1.015362E+02,-8.403351E-01
+3.244629E+02,-7.080043E-06,+9.017112E-07,-1.029294E+02,+3.014915E+00
+3.247070E+02,+1.283436E-05,+4.716669E-07,-9.782665E+01,+3.673380E-02
+3.249512E+02,-1.254439E-05,-2.797569E-06,-9.782021E+01,-2.922170E+00
+3.251953E+02,+9.452618E-06,-1.700036E-06,-1.003507E+02,-1.779459E-01
+3.254395E+02,-9.770992E-06,+7.407499E-06,-9.822916E+01,+2.492920E+00
+3.256836E+02,+9.474196E-06,-4.731837E-06,-9.950198E+01,-4.632033E-01
+3.259277E+02,+1.464035E-06,+2.032257E-07,-1.166061E+02,+1.379306E-01
+3.261719E+02,-8.342698E-06,+2.442699E-07,-1.015701E+02,+3.112322E+00
+3.264160E+02,+3.064959E-06,+1.233146E-06,-1.096199E+02,+3.825192E-01
+3.266602E+02,+3.975907E-06,-1.401914E-06,-1.075023E+02,-3.389912E-01
+3.269043E+02,-3.525958E-06,+4.359646E-06,-1.050253E+02,+2.250863E+00
+3.271484E+02,-7.898232E-07,-3.916184E-06,-1.079696E+02,-1.769808E+00
+3.273926E+02,+3.290101E-06,-4.212572E-06,-1.054408E+02,-9.077365E-01
+3.276367E+02,-1.350059E-06,+6.909137E-06,-1.030488E+02,+1.763767E+00
+3.278809E+02,-1.693474E-06,-5.029812E-06,-1.055026E+02,-1.895563E+00
+3.281250E+02,+5.122535E-06,+5.289362E-06,-1.026586E+02,+8.014195E-01
+3.283691E+02,-1.108863E-06,-4.940648E-06,-1.059109E+02,-1.791574E+00
+3.286133E+02,-5.370192E-06,+1.551650E-06,-1.050520E+02,+2.860316E+00
+3.288574E+02,+6.578482E-06,-1.056910E-06,-1.035268E+02,-1.593004E-01
+3.291016E+02,-3.185859E-06,+1.450012E-06,-1.091179E+02,+2.714473E+00
+3.293457E+02,+2.747750E-06,-4.674136E-06,-1.053169E+02,-1.039349E+00
+3.295898E+02,-5.135832E-06,+5.270025E-06,-1.026640E+02,+2.343299E+00
+3.298340E+02,+4.158004E-06,-5.754885E-06,-1.029750E+02,-9.451174E-01
+3.300781E+02,-8.017278E-07,+3.303439E-06,-1.093721E+02,+1.808888E+00
+3.303223E+02,+2.235195E-06,+2.099866E-06,-1.102662E+02,+7.541909E-01
+3.305664E+02,-1.599873E-06,-1.151783E-06,-1.141048E+02,-2.517621E+00
+3.308105E+02,+9.994409E-07,+5.628083E-07,-1.188086E+02,+5.128627E-01
+3.310547E+02,-3.642961E-06,-4.154329E-06,-1.051528E+02,-2.290705E+00
+3.312988E+02,+1.019906E-05,-6.368276E-07,-9.981190E+01,-6.235888E-02
+3.315430E+02,-1.500022E-05,+3.100349E-06,-9.629638E+01,+2.937776E+00
+3.317871E+02,+8.751631E-06,+1.986606E-06,-1.009400E+02,+2.232157E-01
+3.320312E+02,-1.577079E-06,-8.871704E-06,-1.009047E+02,-1.746724E+00
+3.322754E+02,-5.630449E-06,+6.161174E-06,-1.015700E+02,+2.311216E+00
+3.325195E+02,+7.846201E-06,-6.323534E-07,-1.020787E+02,-8.041976E-02
+3.327637E+02,-2.055664E-06,+4.470517E-06,-1.061598E+02,+2.001792E+00
+3.330078E+02,-3.759982E-07,-7.651174E-06,-1.023150E+02,-1.619899E+00
+3.332520E+02,+4.571448E-06,+1.369274E-06,-1.064258E+02,+2.910232E-01
+3.334961E+02,-4.646070E-06,+3.801123E-06,-1.044328E+02,+2.455890E+00
+3.337402E+02,+1.854291E-06,-6.852846E-07,-1.140804E+02,-3.539990E-01
+3.339844E+02,-2.921630E-06,-1.950827E-06,-1.090863E+02,-2.552862E+00
+3.342285E+02,+6.229243E-06,+2.354842E-06,-1.035312E+02,+3.614247E-01
+3.344727E+02,+4.499207E-06,-1.469494E-05,-9.626749E+01,-1.273685E+00
+3.347168E+02,-1.628881E-05,+1.124657E-05,-9.406923E+01,+2.537307E+00
+3.349609E+02,+1.068509E-05,-2.759668E-06,-9.914399E+01,-2.527494E-01
+3.352051E+02,-7.537847E-06,+2.824039E-07,-1.024490E+02,+3.104145E+00
+3.354492E+02,+2.100079E-06,-4.480583E-08,-1.135533E+02,-2.133207E-02
+3.356934E+02,+1.365982E-06,+3.302593E-06,-1.089371E+02,+1.178613E+00
+3.359375E+02,-3.591374E-06,-9.858300E-06,-9.958276E+01,-1.920153E+00
+3.361816E+02,+2.168851E-06,+1.337066E-05,-9.736415E+01,+1.409987E+00
+3.364258E+02,+2.360257E-07,-7.298235E-06,-1.027311E+02,-1.538468E+00
+3.366699E+02,+2.437204E-06,-2.831916E-06,-1.085512E+02,-8.601689E-01
+3.369141E+02,-6.529322E-06,+3.876148E-06,-1.023915E+02,+2.605854E+00
+3.371582E+02,+4.037037E-06,+3.625314E-06,-1.053105E+02,+7.317166E-01
+3.374023E+02,-3.504008E-08,-7.106564E-06,-1.029667E+02,-1.575727E+00
+3.376465E+02,-2.811126E-06,+6.391530E-06,-1.031199E+02,+1.985153E+00
+3.378906E+02,+5.146333E-06,-4.009559E-06,-1.037099E+02,-6.618726E-01
+3.381348E+02,-5.995753E-06,+1.110256E-06,-1.042967E+02,+2.958493E+00
+3.383789E+02,-1.367514E-06,-2.812841E-06,-1.100956E+02,-2.023317E+00
+3.386230E+02,+5.624529E-06,+3.041607E-06,-1.038842E+02,+4.957334E-01
+3.388672E+02,-6.518990E-07,-4.888238E-06,-1.061404E+02,-1.703375E+00
+3.391113E+02,-3.535966E-06,+4.997230E-06,-1.042625E+02,+2.186595E+00
+3.393555E+02,+3.502047E-06,-5.786016E-07,-1.089966E+02,-1.637390E-01
+3.395996E+02,-7.578411E-06,-6.505873E-07,-1.023765E+02,-3.055955E+00
+3.398438E+02,+8.562097E-06,+2.868533E-09,-1.013484E+02,+3.350269E-04
+3.400879E+02,-4.691790E-06,-3.766372E-07,-1.065453E+02,-3.061489E+00
+3.403320E+02,-5.313593E-06,+2.389450E-06,-1.046924E+02,+2.719000E+00
+3.405762E+02,+1.303322E-05,-3.625480E-06,-9.737527E+01,-2.713130E-01
+3.408203E+02,-1.195697E-05,+4.196001E-07,-9.844223E+01,+3.106514E+00
+3.410645E+02,-3.877638E-06,-5.387796E-07,-1.081456E+02,-3.003531E+00
+3.413086E+02,+1.579319E-05,+8.808489E-06,-9.485434E+01,+5.087660E-01
+3.415527E+02,-1.357741E-05,-9.571919E-06,-9.559142E+01,-2.527526E+00
+3.417969E+02,+7.561337E-06,+1.736619E-06,-1.022048E+02,+2.257558E-01
+3.420410E+02,-7.642349E-08,+9.379760E-06,-1.005559E+02,+1.578944E+00
+3.422852E+02,-6.132845E-06,-1.300814E-05,-9.684401E+01,-2.011354E+00
+3.425293E+02,+3.420721E-06,+4.922967E-06,-1.044446E+02,+9.635355E-01
+3.427734E+02,-1.616361E-06,-2.822820E-08,-1.158279E+02,-3.124130E+00
+3.430176E+02,-1.265254E-06,+1.392727E-06,-1.145093E+02,+2.308273E+00
+3.432617E+02,+3.690061E-06,+2.145871E-06,-1.073942E+02,+5.267258E-01
+3.435059E+02,+1.919771E-06,+2.643450E-06,-1.097170E+02,+9.426779E-01
+3.437500E+02,-4.128688E-06,-4.148671E-06,-1.046524E+02,-2.353780E+00
+3.439941E+02,-1.287179E-06,-8.562477E-06,-1.012510E+02,-1.720007E+00
+3.442383E+02,+4.744284E-06,+1.614180E-05,-9.548112E+01,+1.284933E+00
+3.444824E+02,-5.054883E-06,-1.185247E-05,-9.779807E+01,-1.973923E+00
+3.447266E+02,+1.264535E-08,+3.702327E-06,-1.086305E+02,+1.567381E+00
+3.449707E+02,+7.660100E-06,-3.054456E-06,-1.016745E+02,-3.794273E-01
+3.452148E+02,-5.063382E-06,+5.604704E-06,-1.024374E+02,+2.305496E+00
+3.454590E+02,-2.680925E-06,-1.412518E-06,-1.103704E+02,-2.656675E+00
+3.457031E+02,+1.075238E-06,-3.073606E-06,-1.097456E+02,-1.234273E+00
+3.459473E+02,-1.637734E-06,+6.481048E-06,-1.034983E+02,+1.818311E+00
+3.461914E+02,+2.816245E-06,-9.758242E-07,-1.105142E+02,-3.335519E-01
+3.464355E+02,+1.265632E-07,-6.998823E-06,-1.030981E+02,-1.552715E+00
+3.466797E+02,-8.378302E-06,+3.829854E-06,-1.007128E+02,+2.712837E+00
+3.469238E+02,+4.007586E-06,-1.077844E-05,-9.878651E+01,-1.214821E+00
+3.471680E+02,+3.885209E-06,+1.843635E-05,-9.449779E+01,+1.363099E+00
+3.474121E+02,+4.607411E-06,-1.245395E-06,-1.064246E+02,-2.639939E-01
+3.476562E+02,-6.763961E-06,-7.886588E-06,-9.966780E+01,-2.279717E+00
+3.479004E+02,-9.893117E-06,-1.090039E-07,-1.000928E+02,-3.130575E+00
+3.481445E+02,+1.956191E-05,+1.226630E-05,-9.273167E+01,+5.600724E-01
+3.483887E+02,-6.115102E-06,-1.587591E-05,-9.538444E+01,-1.938463E+00
+3.486328E+02,-6.879879E-06,+1.065934E-05,-9.793298E+01,+2.143954E+00
+3.488770E+02,+3.892660E-06,-5.656855E-06,-1.032649E+02,-9.680803E-01
+3.491211E+02,-3.763958E-06,+1.181767E-05,-9.812974E+01,+1.879140E+00
+3.493652E+02,+7.829414E-06,-1.415177E-05,-9.582408E+01,-1.065464E+00
+3.496094E+02,-7.003878E-06,+1.367769E-06,-1.029307E+02,+2.948732E+00
+3.498535E+02,+1.533478E-06,+1.046690E-05,-9.951141E+01,+1.425324E+00
+3.500977E+02,+3.045591E-06,-2.303468E-06,-1.083620E+02,-6.475391E-01
+3.503418E+02,+2.069103E-06,-2.449013E-06,-1.098806E+02,-8.692868E-01
+3.505859E+02,-7.582955E-06,-1.967894E-06,-1.021202E+02,-2.887679E+00
+3.508301E+02,+4.138191E-06,+3.620843E-06,-1.051949E+02,+7.188197E-01
+3.510742E+02,-1.800022E-06,-1.130310E-06,-1.134508E+02,-2.580880E+00
+3.513184E+02,-2.335235E-06,-1.315142E-06,-1.114370E+02,-2.628692E+00
+3.515625E+02,+9.653183E-07,+9.040644E-07,-1.175717E+02,+7.526430E-01
+3.518066E+02,+6.980837E-06,+5.389525E-06,-1.010914E+02,+6.574618E-01
+3.520508E+02,-4.350553E-06,-2.234488E-06,-1.062123E+02,-2.667116E+00
+3.522949E+02,-2.929647E-06,-3.155928E-06,-1.073183E+02,-2.319028E+00
+3.525391E+02,+5.433770E-06,-1.787581E-06,-1.048517E+02,-3.178240E-01
+3.527832E+02,-3.599155E-08,+1.057837E-05,-9.951157E+01,+1.574199E+00
+3.530273E+02,-2.353682E-06,-6.286268E-06,-1.034624E+02,-1.929055E+00
+3.532715E+02,+2.273761E-06,+2.576978E-06,-1.092772E+02,+8.478264E-01
+3.535156E+02,-4.654685E-06,-1.916441E-06,-1.059621E+02,-2.751021E+00
+3.537598E+02,+7.885435E-06,-2.466674E-07,-1.020592E+02,-3.127120E-02
+3.540039E+02,-1.984016E-06,+2.662291E-06,-1.095766E+02,+2.211237E+00
+3.542480E+02,-9.174439E-06,-4.852101E-06,-9.967731E+01,-2.655115E+00
+3.544922E+02,+1.234549E-05,+8.258965E-06,-9.656352E+01,+5.896067E-01
+3.547363E+02,-3.812595E-06,-8.359106E-06,-1.007360E+02,-1.998712E+00
+3.549805E+02,-3.179088E-06,+6.759984E-06,-1.025333E+02,+2.010387E+00
+3.552246E+02,+4.615744E-06,-4.996769E-06,-1.033467E+02,-8.250158E-01
+3.554688E+02,-1.539775E-08,+3.452489E-06,-1.092373E+02,+1.575256E+00
+3.557129E+02,-1.905988E-06,+4.386266E-06,-1.064069E+02,+1.980716E+00
+3.559570E+02,-1.539413E-06,-1.044281E-05,-9.953030E+01,-1.717156E+00
+3.562012E+02,+1.911980E-06,+8.181426E-06,-1.015125E+02,+1.341219E+00
+3.564453E+02,+6.187527E-06,+2.119941E-06,-1.036876E+02,+3.300809E-01
+3.566895E+02,-2.567626E-06,-9.404011E-06,-1.002215E+02,-1.837335E+00
+3.569336E+02,+9.649932E-07,+6.786337E-06,-1.032803E+02,+1.429547E+00
+3.571777E+02,-6.370029E-06,-1.868385E-06,-1.035587E+02,-2.856286E+00
+3.574219E+02,+8.611619E-06,+6.579083E-06,-9.930168E+01,+6.523869E-01
+3.576660E+02,+2.642100E-06,-1.050230E-05,-9.930779E+01,-1.324337E+00
+3.579102E+02,-1.046365E-05,+6.060667E-06,-9.834995E+01,+2.616599E+00
+3.581543E+02,+4.399640E-06,-3.582528E-06,-1.049226E+02,-6.833864E-01
+3.583984E+02,+4.463828E-06,+4.742997E-06,-1.037241E+02,+8.157109E-01
+3.586426E+02,-6.821850E-06,+4.027562E-07,-1.033068E+02,+3.082622E+00
+3.588867E+02,+4.149371E-06,-3.367792E-06,-1.054425E+02,-6.817978E-01
+3.591309E+02,+5.103298E-06,+2.488007E-06,-1.049169E+02,+4.536214E-01
+3.593750E+02,-3.675965E-06,-1.029448E-06,-1.083647E+02,-2.868539E+00
+3.596191E+02,+5.280318E-07,-5.071782E-06,-1.058500E+02,-1.467058E+00
+3.598633E+02,-2.465471E-06,+1.134869E-05,-9.870081E+01,+1.784719E+00
+3.601074E+02,+4.931848E-06,-9.959243E-06,-9.908299E+01,-1.110994E+00
+3.603516E+02,+1.081321E-06,+9.221974E-07,-1.169471E+02,+7.061425E-01
+3.605957E+02,-5.696531E-07,+1.819359E-06,-1.143955E+02,+1.874234E+00
+3.608398E+02,+2.447920E-06,-1.377146E-06,-1.110299E+02,-5.124487E-01
+3.610840E+02,-5.189687E-06,+4.370277E-06,-1.033694E+02,+2.441698E+00
+3.613281E+02,+2.326362E-06,-7.831642E-06,-1.017557E+02,-1.282051E+00
+3.615723E+02,+1.017105E-06,+7.341322E-06,-1.026019E+02,+1.433127E+00
+3.618164E+02,+2.283062E-06,-1.875582E-06,-1.105898E+02,-6.877261E-01
+3.620605E+02,-1.072460E-06,-3.852768E-06,-1.079604E+02,-1.842284E+00
+3.623047E+02,+6.229953E-06,+2.781298E-06,-1.033210E+02,+4.198892E-01
+3.625488E+02,-9.811417E-06,+2.597703E-07,-1.001623E+02,+3.115123E+00
+3.627930E+02,+7.491230E-06,+1.250354E-07,-1.025077E+02,+1.668936E-02
+3.630371E+02,-9.004502E-07,-5.472016E-06,-1.051210E+02,-1.733890E+00
+3.632812E+02,+3.065763E-06,+1.089922E-06,-1.097523E+02,+3.415787E-01
+3.635254E+02,-3.124326E-06,+5.860054E-06,-1.035555E+02,+2.060616E+00
+3.637695E+02,-2.757064E-06,-6.124746E-06,-1.034569E+02,-1.993776E+00
+3.640137E+02,+1.005802E-05,-3.616992E-06,-9.942157E+01,-3.452126E-01
+3.642578E+02,-6.358538E-06,+6.364976E-06,-1.009182E+02,+2.355689E+00
+3.645020E+02,+3.450780E-06,-6.368505E-06,-1.028012E+02,-1.074231E+00
+3.647461E+02,+2.711042E-06,+2.861755E-06,-1.080857E+02,+8.124361E-01
+3.649902E+02,-4.951723E-06,-3.305140E-06,-1.045046E+02,-2.553032E+00
+3.652344E+02,+7.716401E-06,+2.082030E-06,-1.019465E+02,+2.635429E-01
+3.654785E+02,-5.824563E-06,-2.975919E-06,-1.036874E+02,-2.669243E+00
+3.657227E+02,-1.184757E-06,-1.950437E-06,-1.128334E+02,-2.116663E+00
+3.659668E+02,+4.664834E-06,+1.467326E-06,-1.062135E+02,+3.047519E-01
+3.662109E+02,-2.673788E-06,-2.627774E-06,-1.085219E+02,-2.364874E+00
+3.664551E+02,+2.859185E-06,+2.628140E-06,-1.082154E+02,+7.433177E-01
+3.666992E+02,-4.653428E-06,-7.878318E-06,-1.007716E+02,-2.104322E+00
+3.669434E+02,+7.979068E-06,+5.106910E-06,-1.004698E+02,+5.693404E-01
+3.671875E+02,-2.372421E-06,+2.508348E-06,-1.092372E+02,+2.328352E+00
+3.674316E+02,+1.051984E-07,-8.683619E-06,-1.012253E+02,-1.558682E+00
+3.676758E+02,-1.981394E-06,-9.054517E-07,-1.132369E+02,-2.712952E+00
+3.679199E+02,+2.363057E-06,-3.987505E-07,-1.124086E+02,-1.671687E-01
+3.681641E+02,+2.112481E-07,-4.052001E-06,-1.078348E+02,-1.518709E+00
+3.684082E+02,-1.538415E-06,+4.143847E-08,-1.162554E+02,+3.114663E+00
+3.686523E+02,+1.779728E-06,+2.874108E-06,-1.094203E+02,+1.016358E+00
+3.688965E+02,+3.843433E-06,+1.316426E-06,-1.078239E+02,+3.299893E-01
+3.691406E+02,+4.974766E-06,-1.606657E-05,-9.548393E+01,-1.270524E+00
+3.693848E+02,-1.645140E-05,-1.939415E-05,-9.189243E+01,-2.274283E+00
+3.696289E+02,-2.497252E-05,+3.630036E-05,-8.711898E+01,+2.173383E+00
+3.698730E+02,+2.786650E-05,-8.231247E-06,-9.073505E+01,-2.872142E-01
+3.701172E+02,-5.390545E-07,-1.796700E-06,-1.145362E+02,-1.862276E+00
+3.703613E+02,+5.287362E-06,-2.441376E-06,-1.046959E+02,-4.325723E-01
+3.706055E+02,-7.118768E-06,-3.631281E-06,-1.019475E+02,-2.669898E+00
+3.708496E+02,-4.215851E-06,+1.818346E-06,-1.067613E+02,+2.734388E+00
+3.710938E+02,+1.158318E-05,+2.593645E-06,-9.851098E+01,+2.202813E-01
+3.713379E+02,-5.693415E-06,-1.414852E-05,-9.633398E+01,-1.953373E+00
+3.715820E+02,+3.730861E-06,-2.400268E-06,-1.070596E+02,-5.716897E-01
+3.718262E+02,-2.151313E-06,-5.231971E-06,-1.049483E+02,-1.960908E+00
+3.720703E+02,-1.847048E-05,+1.147437E-06,-9.465371E+01,+3.079550E+00
+3.723145E+02,+1.496141E-05,+8.627505E-07,-9.648613E+01,+5.760127E-02
+3.725586E+02,-8.333561E-06,-3.388459E-06,-1.009189E+02,-2.755406E+00
+3.728027E+02,-4.389841E-06,+7.298308E-06,-1.013945E+02,+2.112309E+00
+3.730469E+02,+2.315454E-05,-1.551329E-05,-9.109694E+01,-5.902993E-01
+3.732910E+02,-4.324139E-05,-5.077352E-06,-8.722253E+01,-3.024709E+00
+3.735352E+02,+4.716350E-05,+2.159949E-05,-8.570097E+01,+4.294623E-01
+3.737793E+02,-1.260397E-05,-5.489322E-05,-8.498650E+01,-1.796493E+00
+3.740234E+02,-1.902995E-05,+2.844556E-05,-8.931335E+01,+2.160409E+00
+3.742676E+02,+3.917793E-05,-4.500291E-05,-8.448529E+01,-8.544841E-01
+3.745117E+02,-9.748535E-05,+7.675368E-06,-8.019438E+01,+3.063021E+00
+3.747559E+02,+1.260806E-04,+4.503115E-05,-7.746562E+01,+3.430405E-01
+3.750000E+02,-4.397863E-05,-1.768726E-04,-7.478626E+01,-1.814500E+00
+3.752441E+02,-8.216494E-05,+1.239267E-04,-7.655433E+01,+2.156265E+00
+3.754883E+02,+3.011809E-04,-2.805086E-04,-6.771100E+01,-7.498747E-01
+3.757324E+02,-7.905769E-04,-4.998483E-04,-6.058061E+01,-2.577791E+00
+3.759766E+02,-6.211307E-04,+1.117455E-03,-5.786613E+01,+2.078115E+00
+3.762207E+02,+1.290917E-03,+7.629514E-04,-5.648095E+01,+5.337868E-01
+3.764648E+02,-3.110148E-04,-1.853624E-03,-5.451899E+01,-1.737035E+00
+3.767090E+02,+1.138595E-03,+8.296053E-04,-5.702317E+01,+6.296780E-01
+3.769531E+02,-2.482972E-03,-2.238224E-03,-4.951760E+01,-2.407989E+00
+3.771973E+02,-2.782301E-03,+3.860811E-03,-4.644988E+01,+2.195249E+00
+3.774414E+02,+5.277522E-03,+4.371286E-03,-4.328268E+01,+6.917508E-01
+3.776855E+02,+4.024685E-04,-9.929525E-03,-4.005430E+01,-1.530286E+00
+3.779297E+02,+7.655266E-04,+6.168782E-03,-4.412964E+01,+1.447331E+00
+3.781738E+02,-2.179161E-03,-2.800886E-03,-4.899847E+01,-2.231994E+00
+3.784180E+02,+2.639006E-04,+9.163561E-04,-6.041268E+01,+1.290395E+00
+3.786621E+02,+7.597726E-05,-5.458270E-04,-6.517556E+01,-1.432488E+00
+3.789062E+02,-3.118152E-04,+2.520299E-04,-6.793855E+01,+2.461831E+00
+3.791504E+02,+2.245489E-04,+9.075726E-06,-7.296670E+01,+4.039561E-02
+3.793945E+02,-1.231676E-04,-1.029448E-04,-7.588921E+01,-2.445394E+00
+3.796387E+02,-4.256377E-06,+5.470220E-05,-8.521369E+01,+1.648450E+00
+3.798828E+02,-9.912868E-05,-7.581349E-05,-7.807595E+01,-2.488688E+00
+3.801270E+02,-4.594884E-05,+2.977687E-04,-7.042022E+01,+1.723899E+00
+3.803711E+02,+3.056743E-04,-1.625630E-04,-6.921313E+01,-4.887766E-01
+3.806152E+02,-1.141122E-04,-3.887790E-05,-7.837642E+01,-2.813228E+00
+3.808594E+02,+8.121541E-06,-4.567002E-05,-8.667216E+01,-1.394805E+00
+3.811035E+02,-6.338166E-05,-1.871342E-05,-8.359775E+01,-2.854499E+00
+3.813477E+02,-2.369739E-05,+6.341992E-05,-8.338788E+01,+1.928390E+00
+3.815918E+02,+5.563409E-05,-4.144440E-05,-8.317603E+01,-6.402588E-01
+3.818359E+02,-3.870417E-05,-1.417315E-05,-8.769835E+01,-2.790566E+00
+3.820801E+02,-5.589404E-06,+7.879268E-06,-1.003001E+02,+2.187791E+00
+3.823242E+02,-1.227761E-05,-6.774087E-06,-9.706354E+01,-2.637412E+00
+3.825684E+02,-9.316192E-06,-4.762234E-06,-9.960704E+01,-2.669043E+00
+3.828125E+02,-2.425171E-05,-3.980540E-06,-9.218970E+01,-2.978909E+00
+3.830566E+02,+1.577467E-06,+4.841275E-05,-8.629620E+01,+1.538224E+00
+3.833008E+02,-2.288463E-06,-9.891072E-06,-9.986866E+01,-1.798162E+00
+3.835449E+02,+2.644480E-05,-4.302800E-06,-9.143971E+01,-1.612953E-01
+3.837891E+02,-1.300475E-05,-1.137173E-05,-9.525143E+01,-2.423086E+00
+3.840332E+02,-1.583100E-05,-6.754160E-06,-9.528358E+01,-2.738333E+00
+3.842773E+02,+3.307202E-07,+3.956485E-05,-8.805350E+01,+1.562438E+00
+3.845215E+02,+6.874560E-06,-1.907183E-05,-9.386163E+01,-1.224837E+00
+3.847656E+02,+1.080063E-05,-7.476707E-06,-9.763073E+01,-6.055037E-01
+3.850098E+02,-2.357505E-05,-1.096708E-05,-9.170014E+01,-2.706172E+00
+3.852539E+02,-1.914030E-05,+2.557600E-05,-8.991194E+01,+2.213253E+00
+3.854980E+02,+3.165837E-05,+1.693786E-05,-8.889699E+01,+4.912695E-01
+3.857422E+02,-1.193164E-05,-1.704758E-05,-9.363528E+01,-2.181457E+00
+3.859863E+02,+2.111678E-05,-2.036327E-06,-9.346725E+01,-9.613445E-02
+3.862305E+02,-1.909341E-05,-3.537198E-06,-9.423578E+01,-2.958412E+00
+3.864746E+02,+3.827584E-06,+5.887974E-06,-1.030699E+02,+9.943732E-01
+3.867188E+02,-8.064609E-07,-5.189837E-06,-1.055933E+02,-1.724956E+00
+3.869629E+02,-4.357913E-06,+1.343014E-05,-9.700362E+01,+1.884565E+00
+3.872070E+02,+5.608249E-06,-1.515870E-05,-9.582963E+01,-1.216444E+00
+3.874512E+02,-8.283519E-06,+2.668597E-06,-1.012069E+02,+2.829934E+00
+3.876953E+02,-2.418871E-06,+6.089104E-06,-1.036726E+02,+1.948926E+00
+3.879395E+02,+6.386886E-06,-4.404925E-06,-1.022044E+02,-6.037680E-01
+3.881836E+02,-3.980566E-06,-6.870160E-07,-1.078736E+02,-2.970684E+00
+3.884277E+02,+2.145027E-06,+1.269400E-05,-9.780576E+01,+1.403398E+00
+3.886719E+02,-6.288782E-06,-9.343925E-06,-9.896683E+01,-2.163194E+00
+3.889160E+02,+7.222469E-06,+6.006386E-06,-1.005433E+02,+6.937293E-01
+3.891602E+02,-1.003629E-05,-6.725988E-07,-9.994907E+01,-3.074676E+00
+3.894043E+02,+1.084810E-05,-7.410627E-06,-9.762962E+01,-5.993115E-01
+3.896484E+02,-5.552135E-06,+1.014571E-05,-9.873669E+01,+2.071518E+00
+3.898926E+02,-7.011739E-06,-2.315022E-06,-1.026341E+02,-2.822697E+00
+3.901367E+02,+1.203118E-05,+1.777307E-06,-9.830009E+01,+1.466643E-01
+3.903809E+02,-3.160938E-06,-3.687973E-06,-1.062722E+02,-2.279394E+00
+3.906250E+02,-3.793277E-07,+1.484334E-06,-1.162946E+02,+1.820996E+00
+3.908691E+02,-4.092918E-06,-1.879247E-06,-1.069286E+02,-2.711159E+00
+3.911133E+02,-3.139382E-06,+5.447575E-06,-1.040305E+02,+2.093599E+00
+3.913574E+02,+5.308842E-06,-4.116499E-06,-1.034554E+02,-6.595626E-01
+3.916016E+02,-1.970323E-06,+7.412891E-06,-1.023038E+02,+1.830586E+00
+3.918457E+02,-8.801065E-07,-7.274250E-06,-1.027011E+02,-1.691200E+00
+3.920898E+02,+1.066930E-06,-4.874352E-07,-1.186140E+02,-4.285420E-01
+3.923340E+02,+5.114022E-08,+9.588707E-06,-1.003647E+02,+1.565463E+00
+3.925781E+02,+1.713210E-06,-4.323913E-06,-1.066492E+02,-1.193555E+00
+3.928223E+02,-9.161608E-06,-2.394587E-06,-1.004736E+02,-2.885940E+00
+3.930664E+02,+6.258659E-06,+1.702209E-06,-1.037605E+02,+2.655532E-01
+3.933105E+02,-4.551233E-06,+1.068965E-06,-1.066042E+02,+2.910900E+00
+3.935547E+02,+6.621935E-06,+2.253415E-06,-1.031044E+02,+3.280034E-01
+3.937988E+02,-3.852648E-06,+5.042324E-08,-1.082841E+02,+3.128505E+00
+3.940430E+02,-2.873562E-06,-2.428435E-06,-1.084910E+02,-2.439953E+00
+3.942871E+02,+5.531889E-06,+9.089391E-06,-9.946082E+01,+1.024070E+00
+3.945312E+02,-3.429052E-06,-7.085659E-06,-1.020785E+02,-2.021516E+00
+3.947754E+02,+3.535515E-06,+8.052953E-07,-1.088113E+02,+2.239524E-01
+3.950195E+02,-3.754940E-06,+6.230685E-07,-1.083900E+02,+2.977158E+00
+3.952637E+02,+9.419310E-07,-9.671693E-07,-1.173930E+02,-7.986174E-01
+3.955078E+02,+1.004775E-06,+5.372164E-06,-1.052477E+02,+1.385899E+00
+3.957520E+02,-3.863120E-07,-1.347294E-06,-1.170676E+02,-1.850036E+00
+3.959961E+02,-2.427831E-06,+2.517279E-06,-1.091254E+02,+2.338108E+00
+3.962402E+02,+6.531635E-06,+2.680053E-07,-1.036923E+02,+4.100888E-02
+3.964844E+02,-8.282700E-06,-1.955448E-07,-1.016341E+02,-3.117988E+00
+3.967285E+02,+7.365579E-06,-2.418893E-06,-1.022111E+02,-3.173086E-01
+3.969727E+02,-5.689226E-06,-5.649753E-07,-1.048563E+02,-3.042611E+00
+3.972168E+02,+4.858884E-06,+2.278106E-06,-1.054063E+02,+4.384215E-01
+3.974609E+02,+4.154006E-06,+2.498921E-06,-1.062893E+02,+5.415723E-01
+3.977051E+02,-7.954732E-06,-4.186421E-06,-1.009257E+02,-2.657142E+00
+3.979492E+02,+1.403016E-06,+3.868688E-06,-1.077121E+02,+1.222888E+00
+3.981934E+02,+1.602372E-06,+1.300654E-06,-1.137066E+02,+6.818378E-01
+3.984375E+02,-1.370951E-06,+2.997900E-06,-1.096389E+02,+1.999707E+00
+3.986816E+02,+3.816393E-06,-3.847024E-06,-1.053218E+02,-7.893952E-01
+3.989258E+02,+3.174794E-06,-3.383238E-06,-1.066704E+02,-8.171721E-01
+3.991699E+02,-1.184290E-05,+4.639749E-06,-9.791071E+01,+2.768197E+00
+3.994141E+02,+4.835107E-06,-1.114853E-06,-1.060869E+02,-2.266140E-01
+3.996582E+02,+5.476877E-06,+6.110339E-06,-1.017178E+02,+8.400129E-01
+3.999023E+02,-4.769747E-06,-6.692214E-06,-1.017046E+02,-2.190016E+00
+4.001465E+02,+5.205846E-06,+3.979901E-06,-1.036713E+02,+6.527205E-01
+4.003906E+02,-1.884739E-06,+3.183013E-07,-1.143728E+02,+2.974288E+00
+4.006348E+02,+5.848498E-06,-6.022670E-06,-1.015195E+02,-8.000690E-01
+4.008789E+02,-3.237333E-06,+4.008160E-06,-1.057601E+02,+2.250206E+00
+4.011230E+02,-7.169122E-06,+3.934241E-06,-1.017474E+02,+2.639690E+00
+4.013672E+02,+1.003783E-05,-5.735895E-07,-9.995305E+01,-5.708072E-02
+4.016113E+02,-3.025267E-06,-3.798289E-06,-1.062747E+02,-2.243388E+00
+4.018555E+02,-3.774732E-06,+1.066179E-06,-1.081289E+02,+2.866312E+00
+4.020996E+02,+4.643468E-06,-3.540240E-06,-1.046731E+02,-6.513982E-01
+4.023438E+02,-7.849858E-08,+9.112282E-06,-1.008071E+02,+1.579411E+00
+4.025879E+02,+3.929714E-06,-5.852175E-06,-1.030373E+02,-9.794576E-01
+4.028320E+02,-6.128397E-06,+2.840989E-06,-1.034076E+02,+2.707505E+00
+4.030762E+02,+4.304575E-06,-1.231532E-06,-1.069797E+02,-2.786548E-01
+4.033203E+02,-8.464456E-07,+2.912340E-06,-1.103630E+02,+1.853645E+00
+4.035645E+02,+3.139019E-06,-7.269427E-06,-1.020275E+02,-1.163171E+00
+4.038086E+02,-8.417377E-06,+4.230636E-06,-1.005183E+02,+2.675861E+00
+4.040527E+02,+1.291712E-05,+9.513996E-07,-9.775319E+01,+7.352138E-02
+4.042969E+02,-9.793921E-06,-3.145152E-06,-9.975462E+01,-2.830862E+00
+4.045410E+02,+3.206889E-06,+1.170857E-06,-1.093349E+02,+3.500692E-01
+4.047852E+02,+3.802684E-06,+2.048451E-06,-1.072917E+02,+4.941150E-01
+4.050293E+02,-7.327054E-06,+1.074886E-06,-1.026089E+02,+2.995931E+00
+4.052734E+02,+1.100562E-05,-4.316805E-06,-9.854622E+01,-3.737959E-01
+4.055176E+02,-7.462409E-06,-1.444538E-06,-1.023827E+02,-2.950382E+00
+4.057617E+02,+2.968645E-06,+1.279643E-06,-1.098087E+02,+4.069864E-01
+4.060059E+02,+2.440655E-06,+5.782300E-06,-1.040459E+02,+1.171392E+00
+4.062500E+02,-1.024017E-05,-3.617601E-06,-9.928308E+01,-2.802003E+00
+4.064941E+02,+1.384354E-05,-2.934192E-06,-9.698421E+01,-2.088628E-01
+4.067383E+02,-4.117635E-06,+4.820191E-06,-1.039589E+02,+2.277751E+00
+4.069824E+02,-4.764304E-06,-3.234543E-06,-1.047937E+02,-2.545160E+00
+4.072266E+02,+5.898244E-06,-2.983495E-06,-1.035961E+02,-4.682988E-01
+4.074707E+02,-3.888558E-06,+3.452186E-06,-1.056802E+02,+2.415570E+00
+4.077148E+02,+4.583776E-06,+2.080343E-06,-1.059621E+02,+4.260502E-01
+4.079590E+02,-1.649192E-06,-6.865235E-06,-1.030232E+02,-1.806553E+00
+4.082031E+02,+4.849047E-06,-2.465583E-06,-1.052882E+02,-4.703987E-01
+4.084473E+02,-8.832500E-06,+1.006083E-05,-9.746581E+01,+2.291272E+00
+4.086914E+02,+5.288953E-06,-5.182372E-06,-1.026098E+02,-7.752202E-01
+4.089355E+02,+1.875611E-06,+3.230811E-07,-1.144102E+02,+1.705798E-01
+4.091797E+02,-4.223893E-06,-1.017737E-06,-1.072407E+02,-2.905152E+00
+4.094238E+02,-4.494242E-07,+4.195486E-06,-1.074948E+02,+1.677510E+00
+4.096680E+02,+7.932376E-06,-7.027362E-06,-9.949596E+01,-7.249752E-01
+4.099121E+02,-5.865312E-06,-9.979228E-07,-1.045102E+02,-2.973067E+00
+4.101562E+02,+3.488371E-06,+3.610519E-06,-1.059852E+02,+8.026031E-01
+4.104004E+02,-3.272481E-06,-1.266243E-06,-1.090965E+02,-2.772398E+00
+4.106445E+02,+1.953694E-06,+1.174658E-07,-1.141672E+02,+6.005268E-02
+4.108887E+02,-3.258433E-06,-3.707232E-06,-1.061331E+02,-2.291853E+00
+4.111328E+02,+3.576715E-06,+3.212523E-06,-1.063614E+02,+7.318069E-01
+4.113770E+02,-7.230250E-06,-3.235779E-06,-1.020241E+02,-2.720792E+00
+4.116211E+02,+1.304925E-05,+4.137766E-06,-9.727222E+01,+3.070596E-01
+4.118652E+02,-9.862113E-06,-5.290071E-06,-9.902236E+01,-2.649248E+00
+4.121094E+02,+1.118148E-06,+8.320433E-07,-1.171163E+02,+6.397312E-01
+4.123535E+02,+3.857493E-06,+8.547989E-07,-1.080657E+02,+2.180706E-01
+4.125977E+02,-6.551171E-06,-3.230134E-06,-1.027285E+02,-2.683511E+00
+4.128418E+02,+4.398819E-06,+2.197020E-06,-1.061661E+02,+4.632129E-01
+4.130859E+02,-6.376037E-06,+4.284670E-06,-1.022906E+02,+2.549910E+00
+4.133301E+02,+7.038434E-06,-4.880501E-06,-1.013455E+02,-6.062875E-01
+4.135742E+02,-1.140009E-06,+2.471047E-06,-1.113043E+02,+2.003046E+00
+4.138184E+02,+1.470650E-06,-5.077295E-06,-1.055375E+02,-1.288860E+00
+4.140625E+02,-3.899290E-06,+3.664346E-06,-1.054315E+02,+2.387247E+00
+4.143066E+02,+1.718169E-08,-1.275992E-06,-1.178822E+02,-1.557332E+00
+4.145508E+02,-1.270862E-06,-1.394345E-06,-1.144864E+02,-2.309896E+00
+4.147949E+02,+5.315381E-06,+4.842359E-06,-1.028650E+02,+7.388641E-01
+4.150391E+02,-6.473073E-06,-4.405375E-06,-1.021248E+02,-2.544027E+00
+4.152832E+02,+5.051797E-06,-3.494075E-06,-1.042332E+02,-6.051000E-01
+4.155273E+02,-3.437705E-06,+9.119402E-06,-1.002236E+02,+1.931290E+00
+4.157715E+02,+2.286243E-06,-5.303510E-06,-1.047685E+02,-1.163786E+00
+4.160156E+02,-5.904801E-06,-4.399875E-06,-1.026580E+02,-2.501212E+00
+4.162598E+02,+5.953935E-06,+4.589821E-06,-1.024783E+02,+6.567364E-01
+4.165039E+02,+1.868957E-06,+2.715846E-06,-1.096382E+02,+9.680558E-01
+4.167480E+02,-8.513140E-06,-6.291196E-06,-9.950578E+01,-2.505170E+00
+4.169922E+02,+2.730478E-06,+6.736112E-06,-1.027711E+02,+1.185687E+00
+4.172363E+02,-5.104171E-07,-4.433713E-06,-1.070075E+02,-1.685414E+00
+4.174805E+02,+5.863348E-06,+3.585661E-06,-1.032573E+02,+5.488603E-01
+4.177246E+02,-6.816553E-06,-7.528049E-06,-9.986586E+01,-2.306635E+00
+4.179688E+02,-3.245849E-06,+3.650692E-06,-1.062227E+02,+2.297559E+00
+4.182129E+02,+1.209358E-05,+2.065992E-06,-9.822397E+01,+1.692004E-01
+4.184570E+02,-1.070762E-05,-2.530170E-06,-9.917018E+01,-2.909553E+00
+4.187012E+02,+6.223643E-06,+3.865729E-06,-1.027021E+02,+5.558160E-01
+4.189453E+02,-3.830603E-06,-4.599339E-06,-1.044578E+02,-2.265255E+00
+4.191895E+02,-8.448834E-07,-2.825831E-07,-1.210035E+02,-2.818825E+00
+4.194336E+02,-2.841687E-06,+4.824256E-06,-1.050378E+02,+2.103119E+00
+4.196777E+02,+1.018062E-05,-4.292624E-06,-9.913385E+01,-3.990268E-01
+4.199219E+02,-1.105698E-05,-1.395828E-07,-9.912658E+01,-3.128969E+00
+4.201660E+02,+7.352177E-06,+8.852747E-06,-9.878028E+01,+8.777345E-01
+4.204102E+02,-7.681588E-06,-1.440519E-05,-9.574276E+01,-2.060690E+00
+4.206543E+02,+7.654546E-06,+1.116792E-05,-9.736803E+01,+9.699330E-01
+4.208984E+02,-2.617495E-06,-5.274771E-06,-1.045999E+02,-2.031423E+00
+4.211426E+02,-5.553571E-06,+6.007785E-06,-1.017434E+02,+2.316927E+00
+4.213867E+02,+7.682492E-06,-9.507595E-06,-9.825606E+01,-8.911738E-01
+4.216309E+02,-5.467531E-06,+2.715582E-06,-1.042866E+02,+2.680609E+00
+4.218750E+02,+4.093558E-06,+1.579774E-06,-1.071550E+02,+3.683072E-01
+4.221191E+02,-5.407828E-06,+6.162144E-06,-1.017252E+02,+2.291090E+00
+4.223633E+02,+6.684526E-06,-5.665625E-06,-1.011474E+02,-7.030835E-01
+4.226074E+02,-8.306613E-06,+9.178023E-07,-1.015588E+02,+3.031549E+00
+4.228516E+02,+4.243765E-06,-2.570369E-06,-1.060878E+02,-5.445865E-01
+4.230957E+02,-1.645161E-06,+8.964690E-06,-1.008054E+02,+1.752293E+00
+4.233398E+02,-3.553609E-06,-8.198097E-06,-1.009780E+02,-1.979817E+00
+4.235840E+02,+1.050905E-05,+2.647446E-06,-9.930150E+01,+2.467853E-01
+4.238281E+02,-1.373506E-05,+3.624832E-07,-9.724037E+01,+3.115208E+00
+4.240723E+02,+9.723719E-06,-3.723485E-06,-9.964911E+01,-3.657031E-01
+4.243164E+02,+2.563214E-06,+6.464529E-06,-1.031551E+02,+1.193307E+00
+4.245605E+02,-8.085063E-06,-5.018258E-07,-1.018296E+02,-3.079604E+00
+4.248047E+02,+7.830574E-06,-3.509252E-06,-1.013293E+02,-4.213123E-01
+4.250488E+02,-1.006335E-05,+2.367369E-06,-9.971122E+01,+2.910547E+00
+4.252930E+02,+8.567103E-06,-5.054962E-06,-1.000459E+02,-5.330663E-01
+4.255371E+02,-8.331921E-06,+1.035781E-06,-1.015185E+02,+3.017912E+00
+4.257812E+02,+8.152387E-06,+8.394629E-06,-9.863498E+01,+8.000367E-01
+4.260254E+02,-5.244258E-06,-8.447829E-06,-1.000494E+02,-2.126357E+00
+4.262695E+02,-9.166811E-08,+1.008487E-05,-9.992623E+01,+1.579886E+00
+4.265137E+02,+2.590970E-06,-5.756233E-06,-1.039960E+02,-1.147846E+00
+4.267578E+02,-1.040599E-06,-1.027005E-06,-1.167008E+02,-2.362769E+00
+4.270020E+02,-1.345405E-06,-3.103961E-06,-1.094140E+02,-1.979800E+00
+4.272461E+02,+6.416904E-06,+9.729602E-06,-9.866966E+01,+9.877551E-01
+4.274902E+02,-5.187787E-06,-9.590653E-06,-9.924841E+01,-2.066643E+00
+4.277344E+02,-7.019921E-07,+8.787928E-06,-1.010947E+02,+1.650508E+00
+4.279785E+02,-1.870914E-06,-3.746636E-06,-1.075603E+02,-2.033930E+00
+4.282227E+02,+5.213593E-06,-3.075758E-06,-1.043602E+02,-5.329969E-01
+4.284668E+02,-6.208947E-06,+3.574973E-06,-1.028962E+02,+2.619174E+00
+4.287109E+02,+1.311291E-05,-1.953609E-06,-9.755067E+01,-1.478959E-01
+4.289551E+02,-1.472394E-05,+4.968198E-07,-9.663458E+01,+3.107863E+00
+4.291992E+02,+4.641193E-06,+5.988713E-06,-1.024105E+02,+9.114924E-01
+4.294434E+02,+2.610591E-06,-8.803921E-06,-1.007405E+02,-1.282530E+00
+4.296875E+02,-4.725393E-06,+5.377652E-06,-1.029032E+02,+2.291723E+00
+4.299316E+02,+5.954877E-06,+6.384377E-07,-1.044529E+02,+1.068046E-01
+4.301758E+02,-2.775010E-06,-4.891564E-06,-1.049993E+02,-2.086829E+00
+4.304199E+02,-6.801933E-07,+9.704244E-06,-1.002395E+02,+1.640774E+00
+4.306641E+02,-2.602764E-06,-1.192965E-05,-9.826549E+01,-1.785606E+00
+4.309082E+02,+5.334568E-06,+8.020623E-06,-1.003251E+02,+9.838746E-01
+4.311523E+02,+2.829095E-06,+1.468083E-06,-1.099315E+02,+4.786714E-01
+4.313965E+02,-6.664874E-06,-6.517409E-06,-1.006099E+02,-2.367381E+00
+4.316406E+02,+3.336955E-07,+6.846413E-06,-1.032804E+02,+1.522095E+00
+4.318848E+02,+6.726058E-06,-3.798841E-06,-1.022424E+02,-5.141308E-01
+4.321289E+02,-7.341032E-06,+1.592541E-06,-1.024851E+02,+2.927966E+00
+4.323730E+02,+5.582288E-06,-3.445823E-06,-1.036617E+02,-5.530271E-01
+4.326172E+02,-9.528752E-07,+3.752533E-06,-1.082421E+02,+1.819469E+00
+4.328613E+02,+8.799574E-08,-1.628242E-06,-1.157530E+02,-1.516805E+00
+4.331055E+02,-5.901366E-06,-2.427807E-06,-1.039019E+02,-2.751300E+00
+4.333496E+02,+8.712916E-06,+7.807838E-06,-9.863669E+01,+7.306686E-01
+4.335938E+02,-7.235655E-06,-6.268519E-06,-1.003787E+02,-2.427690E+00
+4.338379E+02,+4.798562E-06,+1.655507E-06,-1.058894E+02,+3.322142E-01
+4.340820E+02,+2.728765E-06,-2.733807E-06,-1.082624E+02,-7.863212E-01
+4.343262E+02,-6.538367E-06,+3.890008E-06,-1.023745E+02,+2.604894E+00
+4.345703E+02,+1.629308E-06,-2.036991E-06,-1.116724E+02,-8.961405E-01
+4.348145E+02,+1.565275E-06,+6.870238E-06,-1.030408E+02,+1.346786E+00
+4.350586E+02,+1.335348E-06,-8.370507E-06,-1.014358E+02,-1.412599E+00
+4.353027E+02,+1.509672E-06,-1.072732E-06,-1.146472E+02,-6.177867E-01
+4.355469E+02,-5.956239E-06,+2.521557E-06,-1.037846E+02,+2.741123E+00
+4.357910E+02,+2.730746E-06,+2.788987E-06,-1.081715E+02,+7.959492E-01
+4.360352E+02,+8.347394E-06,-7.297067E-06,-9.910355E+01,-7.183615E-01
+4.362793E+02,-1.519289E-05,+6.064025E-06,-9.572520E+01,+2.761832E+00
+4.365234E+02,+1.017597E-05,-2.231797E-06,-9.964445E+01,-2.159020E-01
+4.367676E+02,-6.410613E-06,+9.175608E-07,-1.037739E+02,+2.999427E+00
+4.370117E+02,+6.042997E-06,+2.128004E-06,-1.038673E+02,+3.385834E-01
+4.372559E+02,+1.738694E-06,-6.750638E-06,-1.031342E+02,-1.318715E+00
+4.375000E+02,-9.452573E-06,+8.631273E-06,-9.785554E+01,+2.401580E+00
+4.377441E+02,+5.621005E-06,-4.520810E-06,-1.028372E+02,-6.773396E-01
+4.379883E+02,-6.754562E-07,-1.644870E-07,-1.231579E+02,-2.902722E+00
+4.382324E+02,-6.252992E-07,+3.390489E-06,-1.092495E+02,+1.753174E+00
+4.384766E+02,-6.083799E-06,-9.576934E-07,-1.042102E+02,-2.985457E+00
+4.387207E+02,+7.489155E-06,-3.267791E-06,-1.017545E+02,-4.114334E-01
+4.389648E+02,+2.538133E-06,+5.773291E-06,-1.040041E+02,+1.156596E+00
+4.392090E+02,-6.435185E-06,-1.281391E-06,-1.036599E+02,-2.945041E+00
+4.394531E+02,+1.943687E-06,-6.190784E-06,-1.037568E+02,-1.266578E+00
+4.396973E+02,+8.444087E-06,+1.304725E-05,-9.617023E+01,+9.963970E-01
+4.399414E+02,-1.034869E-05,-9.535494E-06,-9.703289E+01,-2.397069E+00
+4.401855E+02,+6.468302E-06,+3.420528E-06,-1.027133E+02,+4.864322E-01
+4.404297E+02,+2.848396E-06,+8.966189E-07,-1.104977E+02,+3.049610E-01
+4.406738E+02,-1.957393E-06,-5.426345E-06,-1.047786E+02,-1.916990E+00
+4.409180E+02,-1.176931E-06,+1.710574E-06,-1.136540E+02,+2.173445E+00
+4.411621E+02,+1.870499E-06,+4.946376E-06,-1.055338E+02,+1.209262E+00
+4.414062E+02,-3.177509E-06,-8.536454E-06,-1.008109E+02,-1.927135E+00
+4.416504E+02,+3.913158E-06,+1.571504E-06,-1.075001E+02,+3.818804E-01
+4.418945E+02,-2.824024E-06,+9.902682E-07,-1.104790E+02,+2.804331E+00
+4.421387E+02,+2.818180E-06,+3.783769E-06,-1.065249E+02,+9.306266E-01
+4.423828E+02,-9.340400E-06,-2.690103E-06,-1.002466E+02,-2.861174E+00
+4.426270E+02,+1.008794E-05,-2.311732E-06,-9.970168E+01,-2.252685E-01
+4.428711E+02,-1.302048E-06,-1.063707E-06,-1.154871E+02,-2.456602E+00
+4.431152E+02,-1.953699E-06,+6.681380E-06,-1.031464E+02,+1.855275E+00
+4.433594E+02,+6.033373E-07,-1.088346E-05,-9.925134E+01,-1.515417E+00
+4.436035E+02,+2.112279E-08,+6.257071E-06,-1.040725E+02,+1.567420E+00
+4.438477E+02,+1.228925E-06,+2.084731E-07,-1.180863E+02,+1.680389E-01
+4.440918E+02,-2.748626E-06,-3.737975E-06,-1.066701E+02,-2.204839E+00
+4.443359E+02,+2.082313E-06,+7.924295E-06,-1.017308E+02,+1.313830E+00
+4.445801E+02,+2.697776E-06,-1.004804E-05,-9.965607E+01,-1.308494E+00
+4.448242E+02,-2.783376E-06,+8.019946E-06,-1.014227E+02,+1.904847E+00
+4.450684E+02,-4.098368E-06,-5.670617E-06,-1.031023E+02,-2.196620E+00
+4.453125E+02,+7.744443E-06,+5.057572E-06,-1.006775E+02,+5.785221E-01
+4.455566E+02,-1.274218E-05,-7.478026E-06,-9.660979E+01,-2.610882E+00
+4.458008E+02,+1.334750E-05,+4.129673E-06,-9.709499E+01,+3.000551E-01
+4.460449E+02,-4.190014E-06,+1.664133E-06,-1.069196E+02,+2.763531E+00
+4.462891E+02,-1.251276E-06,-1.868003E-06,-1.129627E+02,-2.160997E+00
+4.465332E+02,-9.812102E-08,-1.413757E-06,-1.169716E+02,-1.640090E+00
+4.467773E+02,-8.224830E-07,+2.505350E-06,-1.115781E+02,+1.888002E+00
+4.470215E+02,+4.376982E-06,-6.920337E-06,-1.017361E+02,-1.006835E+00
+4.472656E+02,-2.242208E-06,+5.763670E-06,-1.041740E+02,+1.941805E+00
+4.475098E+02,-2.708977E-06,+5.856024E-06,-1.038058E+02,+2.004076E+00
+4.477539E+02,+1.321163E-06,-1.163151E-05,-9.863160E+01,-1.457696E+00
+4.479980E+02,+3.910480E-06,+1.777202E-06,-1.073400E+02,+4.265663E-01
+4.482422E+02,-5.492809E-06,+8.310605E-06,-1.000333E+02,+2.154824E+00
+4.484863E+02,+6.685363E-07,-1.156575E-05,-9.872204E+01,-1.513057E+00
+4.487305E+02,-1.480589E-08,+8.664824E-06,-1.012448E+02,+1.572505E+00
+4.489746E+02,+1.307604E-06,+4.335198E-06,-1.068817E+02,+1.277849E+00
+4.492188E+02,-2.217287E-06,-1.792398E-05,-9.486536E+01,-1.693876E+00
+4.494629E+02,+2.147864E-06,+1.121629E-05,-9.884660E+01,+1.381592E+00
+4.497070E+02,-1.110096E-06,+7.138048E-06,-1.028246E+02,+1.725078E+00
+4.499512E+02,+2.839808E-06,-1.039370E-05,-9.935192E+01,-1.304082E+00
+4.501953E+02,-1.293494E-06,+1.923703E-06,-1.126972E+02,+2.162756E+00
+4.504395E+02,-2.161867E-06,+9.980131E-07,-1.124644E+02,+2.709098E+00
+4.506836E+02,-3.400342E-06,-2.543090E-06,-1.074401E+02,-2.499442E+00
+4.509277E+02,+5.275410E-06,+2.044263E-06,-1.049473E+02,+3.696911E-01
+4.511719E+02,+1.125227E-07,+4.442253E-06,-1.070452E+02,+1.545472E+00
+4.514160E+02,-4.549099E-06,-6.489570E-06,-1.020198E+02,-2.182184E+00
+4.516602E+02,+5.101315E-06,+2.696000E-06,-1.047766E+02,+4.861799E-01
+4.519043E+02,-6.090584E-06,-2.617568E-06,-1.035707E+02,-2.735686E+00
+4.521484E+02,+5.464547E-06,+2.326015E-06,-1.045257E+02,+4.024258E-01
+4.523926E+02,-2.666182E-06,+1.969545E-07,-1.114586E+02,+3.067855E+00
+4.526367E+02,+4.189022E-06,-1.762464E-06,-1.068499E+02,-3.982517E-01
+4.528809E+02,-5.553331E-06,+3.930393E-06,-1.033454E+02,+2.525681E+00
+4.531250E+02,+2.357586E-06,-7.155011E-06,-1.024602E+02,-1.252498E+00
+4.533691E+02,-8.248051E-06,+5.771936E-06,-9.994195E+01,+2.531005E+00
+4.536133E+02,+9.856524E-06,-2.224485E-06,-9.990976E+01,-2.219679E-01
+4.538574E+02,+5.017280E-07,+1.781770E-06,-1.146516E+02,+1.296314E+00
+4.541016E+02,-2.217265E-06,-5.435068E-07,-1.128302E+02,-2.901208E+00
+4.543457E+02,-4.627424E-06,-2.352249E-06,-1.056950E+02,-2.671305E+00
+4.545898E+02,+2.548297E-06,+2.003522E-06,-1.097848E+02,+6.662817E-01
+4.548340E+02,-6.930657E-08,+1.503303E-06,-1.164499E+02,+1.616867E+00
+4.550781E+02,-2.811884E-07,-1.045648E-06,-1.193091E+02,-1.833495E+00
+4.553223E+02,+2.840878E-06,-2.630767E-07,-1.108939E+02,-9.234067E-02
+4.555664E+02,+1.395350E-06,+1.317772E-06,-1.143374E+02,+7.568122E-01
+4.558105E+02,-1.098561E-05,-5.014733E-06,-9.836150E+01,-2.713361E+00
+4.560547E+02,+1.353050E-05,+6.664458E-06,-9.643039E+01,+4.576704E-01
+4.562988E+02,-7.643506E-06,-6.741016E-06,-9.983533E+01,-2.418853E+00
+4.565430E+02,-1.845737E-06,+9.781290E-06,-1.000401E+02,+1.757304E+00
+4.567871E+02,+8.558433E-06,-1.107521E-05,-9.707951E+01,-9.128897E-01
+4.570312E+02,-8.755920E-06,+5.187241E-06,-9.984750E+01,+2.606761E+00
+4.572754E+02,+2.722141E-06,+2.211023E-06,-1.091014E+02,+6.821581E-01
+4.575195E+02,+1.431350E-06,-3.406260E-06,-1.086482E+02,-1.172988E+00
+4.577637E+02,-6.868533E-06,+1.153296E-05,-9.744279E+01,+2.107943E+00
+4.580078E+02,+1.478848E-05,-2.128777E-05,-9.172716E+01,-9.636405E-01
+4.582520E+02,-1.417444E-05,+1.660017E-05,-9.321954E+01,+2.277535E+00
+4.584961E+02,+1.367843E-06,-6.652424E-07,-1.163572E+02,-4.526634E-01
+4.587402E+02,+4.506730E-06,-1.176400E-05,-9.799416E+01,-1.204948E+00
+4.589844E+02,+4.257828E-06,+9.177828E-06,-9.989862E+01,+1.136423E+00
+4.592285E+02,-1.098139E-05,+2.306027E-06,-9.899944E+01,+2.934606E+00
+4.594727E+02,+5.938504E-06,-5.919418E-06,-1.015301E+02,-7.837886E-01
+4.597168E+02,-4.273443E-06,+4.741211E-06,-1.038996E+02,+2.304351E+00
+4.599609E+02,+1.648525E-05,-5.947516E-06,-9.512669E+01,-3.462442E-01
+4.602051E+02,-1.900823E-05,+8.739891E-06,-9.358825E+01,+2.710623E+00
+4.604492E+02,+6.309853E-06,-1.221106E-05,-9.723712E+01,-1.093853E+00
+4.606934E+02,+3.202584E-06,+1.291413E-05,-9.751950E+01,+1.327710E+00
+4.609375E+02,-6.773066E-06,-8.584640E-06,-9.922375E+01,-2.238779E+00
+4.611816E+02,+5.254301E-06,+4.524199E-07,-1.055576E+02,+8.589283E-02
+4.614258E+02,+3.193898E-07,+7.944982E-06,-1.019911E+02,+1.530618E+00
+4.616699E+02,-1.380631E-06,-3.713025E-06,-1.080430E+02,-1.926789E+00
+4.619141E+02,-7.010483E-06,+1.494696E-06,-1.028920E+02,+2.931529E+00
+4.621582E+02,+1.109418E-05,-6.394042E-06,-9.785249E+01,-5.228424E-01
+4.624023E+02,-8.222714E-06,+1.815362E-07,-1.016976E+02,+3.119519E+00
+4.626465E+02,+6.964345E-06,+9.961619E-06,-9.830514E+01,+9.606627E-01
+4.628906E+02,-6.783826E-06,-1.148915E-05,-9.749529E+01,-2.104168E+00
+4.631348E+02,+6.009998E-06,+1.026182E-05,-9.849474E+01,+1.040983E+00
+4.633789E+02,-1.074056E-06,-8.537948E-06,-1.013047E+02,-1.695937E+00
+4.636230E+02,+1.165106E-06,+7.067022E-06,-1.028988E+02,+1.407401E+00
+4.638672E+02,-3.612421E-06,-3.110804E-06,-1.064346E+02,-2.430666E+00
+4.641113E+02,+2.529531E-06,+5.808500E-07,-1.117160E+02,+2.257146E-01
+4.643555E+02,+2.855227E-06,+3.205347E-07,-1.108328E+02,+1.117943E-01
+4.645996E+02,-1.189518E-05,-1.458254E-06,-9.842780E+01,-3.019609E+00
+4.648438E+02,+1.173910E-05,-4.644099E-07,-9.860051E+01,-3.954032E-02
+4.650879E+02,-7.114616E-06,+7.928440E-07,-1.029034E+02,+3.030612E+00
+4.653320E+02,+6.459940E-06,-7.305387E-07,-1.037402E+02,-1.126091E-01
+4.655762E+02,-6.082922E-06,-6.175696E-07,-1.042732E+02,-3.040414E+00
+4.658203E+02,+3.460088E-06,+1.592417E-06,-1.083839E+02,+4.313239E-01
+4.660645E+02,+7.872965E-07,+5.022697E-06,-1.058758E+02,+1.415314E+00
+4.663086E+02,-4.578797E-07,-7.327992E-06,-1.026834E+02,-1.633199E+00
+4.665527E+02,+3.068281E-06,+2.313179E-06,-1.083076E+02,+6.459929E-01
+4.667969E+02,-7.323831E-06,-2.644184E-06,-1.021731E+02,-2.795118E+00
+4.670410E+02,+7.851785E-06,+5.666680E-06,-1.002797E+02,+6.251457E-01
+4.672852E+02,-5.171613E-06,-7.458478E-06,-1.008421E+02,-2.177070E+00
+4.675293E+02,+1.067882E-06,+1.660960E-06,-1.140903E+02,+9.994069E-01
+4.677734E+02,-4.511921E-06,+6.485983E-06,-1.020464E+02,+2.178591E+00
+4.680176E+02,+9.810386E-06,-3.310939E-06,-9.969781E+01,-3.254898E-01
+4.682617E+02,-1.103616E-05,-3.756826E-06,-9.866747E+01,-2.813486E+00
+4.685059E+02,+6.105394E-06,+4.038151E-06,-1.027098E+02,+5.843526E-01
+4.687500E+02,-1.201656E-06,+4.998354E-07,-1.177113E+02,+2.747408E+00
+4.689941E+02,-1.131902E-06,-1.421816E-07,-1.188558E+02,-3.016634E+00
+4.692383E+02,+3.987990E-06,-5.702797E-06,-1.031492E+02,-9.605375E-01
+4.694824E+02,-8.695970E-06,+1.008549E-05,-9.751201E+01,+2.282345E+00
+4.697266E+02,+9.214174E-06,-5.354291E-06,-9.944739E+01,-5.264012E-01
+4.699707E+02,-8.845342E-06,-1.442798E-06,-1.009517E+02,-2.979903E+00
+4.702148E+02,+3.612963E-06,+1.366261E-06,-1.082623E+02,+3.615341E-01
+4.704590E+02,+4.620559E-06,+5.680304E-06,-1.027071E+02,+8.879167E-01
+4.707031E+02,-8.753975E-06,-1.108828E-05,-9.699879E+01,-2.239089E+00
+4.709473E+02,+2.789751E-06,+1.052694E-05,-9.925919E+01,+1.311741E+00
+4.711914E+02,-6.094229E-07,+2.599750E-07,-1.235755E+02,+2.738374E+00
+4.714355E+02,+2.398385E-06,-6.434186E-06,-1.032651E+02,-1.213994E+00
+4.716797E+02,+4.795823E-06,+9.795981E-06,-9.924595E+01,+1.115527E+00
+4.719238E+02,-6.182032E-06,-4.415138E-06,-1.023874E+02,-2.521407E+00
+4.721680E+02,+8.988461E-06,+5.393045E-06,-9.959092E+01,+5.404170E-01
+4.724121E+02,-9.961320E-06,-5.278757E-06,-9.895878E+01,-2.654292E+00
+4.726562E+02,+9.487474E-06,+8.454650E-07,-1.004226E+02,+8.887903E-02
+4.729004E+02,+2.033598E-06,+4.785876E-06,-1.056799E+02,+1.168996E+00
+4.731445E+02,-1.033299E-05,-1.185053E-05,-9.606941E+01,-2.287892E+00
+4.733887E+02,+6.487772E-06,+9.357618E-06,-9.887207E+01,+9.645714E-01
+4.736328E+02,+4.132097E-06,-4.883848E-06,-1.038800E+02,-8.685859E-01
+4.738770E+02,-5.184113E-06,+5.244641E-06,-1.026455E+02,+2.350391E+00
+4.741211E+02,+5.222246E-06,-5.583810E-06,-1.023321E+02,-8.188450E-01
+4.743652E+02,-3.309768E-06,+2.837001E-06,-1.072117E+02,+2.432956E+00
+4.746094E+02,+1.438507E-06,-5.113504E-06,-1.054949E+02,-1.296568E+00
+4.748535E+02,-1.645359E-06,+5.932943E-06,-1.042128E+02,+1.841324E+00
+4.750977E+02,+1.884059E-06,+4.846112E-07,-1.142199E+02,+2.517591E-01
+4.753418E+02,+7.431629E-06,-1.271658E-05,-9.663659E+01,-1.041923E+00
+4.755859E+02,-8.860404E-06,+1.056153E-05,-9.721126E+01,+2.268830E+00
+4.758301E+02,+5.334575E-06,-7.987123E-06,-1.003503E+02,-9.819425E-01
+4.760742E+02,-6.017677E-06,+5.223060E-06,-1.019727E+02,+2.426768E+00
+4.763184E+02,+3.535705E-06,-7.415475E-06,-1.017076E+02,-1.125880E+00
+4.765625E+02,-8.702213E-06,+4.005499E-06,-1.003729E+02,+2.710219E+00
+4.768066E+02,+9.225359E-06,+7.045399E-06,-9.870487E+01,+6.522111E-01
+4.770508E+02,-5.177847E-06,-9.210526E-06,-9.952165E+01,-2.082932E+00
+4.772949E+02,+7.444417E-06,+4.760837E-06,-1.010743E+02,+5.689710E-01
+4.775391E+02,-9.188884E-06,+1.074336E-06,-1.006758E+02,+3.025204E+00
+4.777832E+02,-2.207918E-06,+1.475683E-06,-1.115165E+02,+2.552419E+00
+4.780273E+02,+2.026366E-05,-4.231585E-06,-9.368027E+01,-2.058678E-01
+4.782715E+02,-1.074191E-05,-5.509168E-06,-9.836423E+01,-2.667705E+00
+4.785156E+02,-5.812040E-06,-4.361442E-06,-1.027735E+02,-2.497826E+00
+4.787598E+02,-2.588301E-06,+6.059550E-06,-1.036234E+02,+1.974482E+00
+4.790039E+02,+6.263594E-06,+1.162624E-06,-1.039164E+02,+1.835275E-01
+4.792480E+02,-1.414462E-05,-1.972494E-06,-9.690453E+01,-3.003034E+00
+4.794922E+02,+5.379322E-06,+7.574562E-06,-1.006393E+02,+9.532691E-01
+4.797363E+02,+9.471099E-06,-6.630778E-06,-9.873969E+01,-6.107974E-01
+4.799805E+02,-1.722516E-05,+1.270607E-05,-9.338992E+01,+2.506045E+00
+4.802246E+02,+3.121765E-05,-1.082340E-05,-8.961902E+01,-3.337388E-01
+4.804688E+02,-2.800650E-05,+6.146865E-06,-9.085051E+01,+2.925538E+00
+4.807129E+02,+2.268938E-05,-1.086925E-05,-9.198631E+01,-4.467441E-01
+4.809570E+02,-2.890675E-05,-7.063651E-06,-9.052814E+01,-2.901929E+00
+4.812012E+02,+5.215212E-06,+1.635602E-05,-9.530594E+01,+1.262132E+00
+4.814453E+02,-4.545080E-06,+1.022873E-05,-9.902103E+01,+1.988937E+00
+4.816895E+02,+2.529048E-05,+3.892268E-06,-9.183919E+01,+1.527043E-01
+4.819336E+02,-1.109245E-06,-6.507310E-06,-1.036076E+02,-1.739635E+00
+4.821777E+02,+1.247815E-06,-2.972780E-05,-9.052910E+01,-1.528846E+00
+4.824219E+02,-4.769996E-05,+2.406567E-05,-8.544479E+01,+2.674334E+00
+4.826660E+02,+6.822459E-05,+3.222620E-05,-8.244650E+01,+4.412877E-01
+4.829102E+02,-8.921647E-05,-5.537257E-05,-7.957594E+01,-2.586125E+00
+4.831543E+02,+1.191121E-04,+7.864190E-05,-7.690961E+01,+5.835362E-01
+4.833984E+02,-6.212627E-05,-3.403934E-05,-8.299439E+01,-2.640359E+00
+4.836426E+02,+8.165928E-05,+2.240510E-05,-8.144467E+01,+2.677832E-01
+4.838867E+02,+5.857397E-06,-8.334606E-05,-8.156090E+01,-1.500634E+00
+4.841309E+02,-1.337173E-05,-2.365391E-05,-9.131760E+01,-2.085316E+00
+4.843750E+02,-3.056187E-05,-9.131191E-05,-8.032831E+01,-1.893774E+00
+4.846191E+02,-1.963364E-04,+2.764921E-05,-7.405470E+01,+3.001687E+00
+4.848633E+02,+3.760417E-05,+2.317103E-04,-7.258819E+01,+1.409909E+00
+4.851074E+02,+1.957738E-04,-6.540025E-05,-7.370544E+01,-3.224047E-01
+4.853516E+02,-7.772125E-05,-9.761969E-05,-7.807706E+01,-2.243194E+00
+4.855957E+02,-6.814700E-05,+5.412278E-05,-8.120715E+01,+2.470394E+00
+4.858398E+02,+6.530830E-05,+1.532684E-05,-8.346779E+01,+2.305129E-01
+4.860840E+02,-6.385532E-06,+9.295250E-06,-9.895592E+01,+2.172722E+00
+4.863281E+02,+1.882613E-05,+1.612517E-05,-9.211517E+01,+7.082735E-01
+4.865723E+02,+4.580878E-05,-4.048551E-05,-8.427417E+01,-7.237888E-01
+4.868164E+02,-1.808557E-05,-4.129572E-05,-8.691986E+01,-1.983587E+00
+4.870605E+02,-3.631959E-05,-4.195807E-05,-8.511507E+01,-2.284287E+00
+4.873047E+02,-7.979257E-05,+5.187295E-05,-8.042984E+01,+2.565149E+00
+4.875488E+02,+5.258499E-05,+7.468849E-05,-8.078650E+01,+9.573524E-01
+4.877930E+02,+4.669678E-05,-4.328550E-05,-8.392093E+01,-7.475058E-01
+4.880371E+02,-3.934483E-05,-3.224417E-05,-8.587086E+01,-2.455058E+00
+4.882812E+02,-1.762951E-06,+2.086250E-05,-9.358177E+01,+1.655099E+00
+4.885254E+02,-1.619456E-05,+2.288292E-05,-9.104637E+01,+2.186681E+00
+4.887695E+02,+2.468246E-05,+1.685772E-05,-9.048951E+01,+5.992140E-01
+4.890137E+02,+2.342390E-05,-2.214735E-05,-8.983308E+01,-7.573933E-01
+4.892578E+02,-1.929625E-05,-2.102183E-05,-9.089235E+01,-2.313421E+00
+4.895020E+02,-1.283801E-05,+1.894862E-05,-9.280781E+01,+2.166273E+00
+4.897461E+02,+1.729212E-05,+3.218285E-06,-9.509515E+01,+1.840075E-01
+4.899902E+02,-3.328557E-06,+3.408613E-06,-1.064401E+02,+2.344312E+00
+4.902344E+02,+1.067189E-05,-8.171549E-06,-9.743130E+01,-6.534785E-01
+4.904785E+02,-1.121915E-05,-6.822888E-07,-9.898476E+01,-3.080853E+00
+4.907227E+02,+1.021248E-05,-6.645875E-06,-9.828384E+01,-5.769094E-01
+4.909668E+02,-7.112734E-06,+5.929570E-06,-1.006676E+02,+2.446664E+00
+4.912109E+02,-4.216035E-06,-2.117931E-06,-1.065246E+02,-2.676066E+00
+4.914551E+02,+7.510509E-06,+3.667464E-06,-1.015578E+02,+4.542528E-01
+4.916992E+02,-8.455802E-06,-7.936746E-06,-9.871301E+01,-2.387848E+00
+4.919434E+02,+4.332872E-06,+1.080200E-05,-9.868198E+01,+1.189327E+00
+4.921875E+02,-2.764064E-06,-1.386679E-06,-1.101941E+02,-2.676601E+00
+4.924316E+02,-5.121486E-07,-5.765476E-06,-1.047492E+02,-1.659394E+00
+4.926758E+02,+9.036966E-06,+1.058302E-05,-9.712944E+01,+8.640355E-01
+4.929199E+02,+2.375933E-06,-9.961371E-06,-9.979332E+01,-1.336656E+00
+4.931641E+02,-1.005428E-05,+4.716173E-06,-9.908928E+01,+2.702993E+00
+4.934082E+02,+3.191398E-06,-6.421899E-06,-1.028882E+02,-1.109587E+00
+4.936523E+02,-4.681321E-07,+8.466530E-06,-1.014326E+02,+1.626032E+00
+4.938965E+02,+1.038374E-05,-7.041158E-06,-9.802995E+01,-5.958724E-01
+4.941406E+02,-8.982592E-06,-2.788759E-06,-1.005323E+02,-2.840565E+00
+4.943848E+02,-8.485432E-06,+4.229083E-06,-1.004630E+02,+2.679231E+00
+4.946289E+02,+1.041568E-05,-1.416184E-06,-9.956669E+01,-1.351379E-01
+4.948730E+02,-4.670387E-06,+5.676122E-06,-1.026736E+02,+2.259294E+00
+4.951172E+02,+1.166805E-06,-6.839563E-06,-1.031749E+02,-1.401827E+00
+4.953613E+02,-1.563652E-06,+6.063300E-06,-1.040662E+02,+1.823185E+00
+4.956055E+02,+2.516300E-06,-8.184059E-06,-1.013483E+02,-1.272506E+00
+4.958496E+02,+1.158207E-06,+8.342405E-06,-1.014913E+02,+1.432844E+00
+4.960938E+02,-4.506094E-07,+4.544087E-07,-1.238771E+02,+2.351996E+00
+4.963379E+02,+1.615419E-06,-5.209460E-06,-1.052654E+02,-1.270106E+00
+4.965820E+02,+1.628632E-07,+5.891488E-06,-1.045922E+02,+1.543160E+00
+4.968262E+02,-6.945344E-06,-7.532229E-06,-9.978926E+01,-2.315679E+00
+4.970703E+02,+7.288757E-06,+2.707907E-06,-1.021854E+02,+3.557148E-01
+4.973145E+02,+8.598907E-07,+1.855233E-06,-1.137869E+02,+1.136777E+00
+4.975586E+02,-2.206467E-06,-2.790810E-06,-1.089767E+02,-2.239791E+00
+4.978027E+02,-7.540832E-07,+5.634080E-06,-1.049064E+02,+1.703849E+00
+4.980469E+02,-1.518527E-06,-4.691249E-06,-1.061415E+02,-1.883846E+00
+4.982910E+02,+9.239262E-08,+3.164478E-07,-1.296387E+02,+1.286725E+00
+4.985352E+02,+2.276215E-06,+2.079733E-06,-1.102198E+02,+7.403221E-01
+4.987793E+02,+2.175516E-06,-1.337900E-06,-1.118556E+02,-5.513617E-01
+4.990234E+02,-5.189951E-06,-3.613940E-06,-1.039798E+02,-2.533331E+00
+4.992676E+02,+2.336923E-06,+5.468853E-06,-1.045137E+02,+1.166966E+00
+4.995117E+02,+6.071744E-06,-6.720825E-06,-1.008600E+02,-8.360936E-01
+4.997559E+02,-9.673901E-06,+8.584534E-06,-9.776559E+01,+2.415788E+00
+5.000000E+02,+4.660145E-06,-3.097292E-06,-1.050431E+02,-5.865942E-01
+5.002441E+02,+2.948179E-06,-5.101940E-07,-1.104808E+02,-1.713568E-01
+5.004883E+02,-1.094794E-05,+2.567424E-07,-9.921096E+01,+3.118146E+00
+5.007324E+02,+1.478702E-05,-1.930236E-06,-9.652901E+01,-1.298019E-01
+5.009766E+02,-1.332305E-05,-1.392992E-06,-9.746071E+01,-3.037416E+00
+5.012207E+02,+1.171841E-05,+3.832382E-06,-9.818132E+01,+3.160753E-01
+5.014648E+02,-9.454814E-06,-3.293714E-06,-9.998950E+01,-2.806376E+00
+5.017090E+02,+8.934450E-06,+2.505728E-06,-1.006498E+02,+2.734323E-01
+5.019531E+02,-9.930221E-06,+1.687674E-06,-9.993715E+01,+2.973248E+00
+5.021973E+02,+5.660289E-06,-2.109866E-06,-1.043782E+02,-3.567955E-01
+5.024414E+02,+3.912803E-08,-1.095208E-06,-1.192045E+02,-1.535085E+00
+5.026855E+02,-4.868278E-06,+3.644107E-06,-1.043204E+02,+2.499026E+00
+5.029297E+02,+9.524303E-06,-4.778391E-06,-9.944831E+01,-4.650107E-01
+5.031738E+02,-4.399330E-06,+2.675714E-06,-1.057653E+02,+2.595159E+00
+5.034180E+02,-2.616470E-06,-2.517055E-06,-1.088004E+02,-2.375558E+00
+5.036621E+02,+1.605496E-06,-5.140520E-07,-1.154640E+02,-3.098688E-01
+5.039062E+02,+1.960523E-06,+2.771183E-07,-1.140667E+02,+1.404189E-01
+5.041504E+02,+1.572926E-07,+4.079571E-06,-1.077813E+02,+1.532259E+00
+5.043945E+02,-3.551254E-06,-2.840896E-06,-1.068441E+02,-2.466870E+00
+5.046387E+02,+1.643289E-07,+3.727577E-06,-1.085630E+02,+1.526740E+00
+5.048828E+02,+3.513220E-06,-6.083164E-06,-1.030673E+02,-1.047062E+00
+5.051270E+02,+1.919166E-06,+4.020046E-06,-1.070237E+02,+1.125392E+00
+5.053711E+02,-5.211236E-06,-7.876425E-07,-1.055631E+02,-2.991585E+00
+5.056152E+02,+2.192978E-07,+1.841685E-06,-1.146345E+02,+1.452280E+00
+5.058594E+02,+5.155174E-06,-5.048466E-06,-1.028347E+02,-7.749407E-01
+5.061035E+02,-2.015709E-06,+8.232581E-07,-1.132415E+02,+2.753848E+00
+5.063477E+02,-1.313271E-07,+5.533075E-06,-1.051382E+02,+1.594527E+00
+5.065918E+02,-4.813550E-06,-5.736415E-06,-1.025122E+02,-2.268941E+00
+5.068359E+02,+5.736039E-07,-9.768833E-07,-1.189166E+02,-1.039858E+00
+5.070801E+02,+5.930041E-06,+4.209019E-06,-1.027670E+02,+6.172590E-01
+5.073242E+02,-9.727897E-07,-1.339652E-06,-1.156209E+02,-2.198858E+00
+5.075684E+02,-6.494902E-06,-2.449498E-06,-1.031710E+02,-2.780946E+00
+5.078125E+02,+1.279657E-05,+4.951507E-06,-9.725220E+01,+3.691975E-01
+5.080566E+02,-1.715226E-05,-1.549311E-06,-9.527828E+01,-3.051510E+00
+5.083008E+02,+1.289893E-05,-8.281519E-06,-9.628995E+01,-5.707529E-01
+5.085449E+02,-2.683073E-06,+1.103172E-05,-9.889755E+01,+1.809379E+00
+5.087891E+02,-5.170972E-07,-3.878376E-06,-1.081505E+02,-1.703343E+00
+5.090332E+02,+8.164887E-07,-2.175921E-06,-1.126750E+02,-1.211817E+00
+5.092773E+02,-5.208376E-06,-2.204260E-06,-1.049504E+02,-2.741235E+00
+5.095215E+02,+5.560881E-06,+3.494843E-06,-1.036515E+02,+5.610902E-01
+5.097656E+02,-3.841897E-06,+4.233838E-06,-1.048564E+02,+2.307699E+00
+5.100098E+02,+3.484909E-06,-9.655050E-06,-9.977306E+01,-1.224407E+00
+5.102539E+02,-3.453827E-07,+1.182424E-05,-9.854083E+01,+1.599998E+00
+5.104980E+02,-2.164931E-06,-6.240748E-06,-1.036018E+02,-1.904709E+00
+5.107422E+02,-3.702001E-06,+6.891857E-08,-1.086298E+02,+3.122978E+00
+5.109863E+02,+1.152065E-05,-3.889974E-06,-9.830157E+01,-3.256325E-01
+5.112305E+02,-1.378939E-05,-6.063313E-08,-9.720901E+01,-3.137196E+00
+5.114746E+02,+9.314865E-06,+7.729450E-06,-9.834129E+01,+6.926478E-01
+5.117188E+02,+4.366692E-07,-6.147087E-06,-1.042048E+02,-1.499879E+00
+5.119629E+02,-7.361191E-07,+1.145881E-06,-1.173168E+02,+2.141813E+00
+5.122070E+02,-5.824499E-06,+7.632004E-07,-1.046209E+02,+3.011302E+00
+5.124512E+02,+4.135446E-06,-3.940414E-06,-1.048640E+02,-7.612529E-01
+5.126953E+02,-4.476685E-06,+5.504247E-06,-1.029811E+02,+2.253603E+00
+5.129395E+02,+6.002117E-06,-1.639342E-06,-1.041214E+02,-2.666243E-01
+5.131836E+02,+1.042908E-06,-7.047626E-06,-1.029451E+02,-1.423882E+00
+5.134277E+02,-8.435821E-06,+1.128155E-05,-9.702378E+01,+2.212858E+00
+5.136719E+02,+7.198094E-06,-7.183967E-06,-9.985388E+01,-7.844159E-01
+5.139160E+02,-6.400118E-06,+2.795462E-06,-1.031179E+02,+2.729784E+00
+5.141602E+02,+1.671281E-06,-5.029652E-06,-1.055144E+02,-1.249989E+00
+5.144043E+02,+3.556481E-06,+1.053502E-05,-9.907858E+01,+1.245223E+00
+5.146484E+02,+3.882342E-07,-4.061961E-06,-1.077858E+02,-1.475508E+00
+5.148926E+02,-1.755760E-06,-3.607643E-06,-1.079323E+02,-2.023730E+00
+5.151367E+02,-3.814347E-06,+2.815199E-06,-1.064831E+02,+2.505780E+00
+5.153809E+02,+1.091996E-05,+1.776256E-06,-9.912217E+01,+1.612493E-01
+5.156250E+02,-6.998373E-06,-7.474785E-06,-9.979433E+01,-2.323289E+00
+5.158691E+02,-4.416155E-06,+3.521468E-06,-1.049617E+02,+2.468436E+00
+5.161133E+02,+1.825487E-06,+2.638860E-06,-1.098733E+02,+9.656146E-01
+5.163574E+02,+6.076973E-06,-2.742695E-06,-1.035211E+02,-4.239559E-01
+5.166016E+02,-2.019283E-06,-5.176140E-07,-1.136197E+02,-2.890660E+00
+5.168457E+02,-7.972882E-06,+2.445248E-06,-1.015773E+02,+2.844004E+00
+5.170898E+02,+9.218085E-06,-3.737141E-06,-1.000463E+02,-3.851649E-01
+5.173340E+02,-7.857745E-06,+7.751902E-06,-9.914223E+01,+2.362975E+00
+5.175781E+02,+6.990554E-06,-6.708706E-06,-1.002745E+02,-7.648271E-01
+5.178223E+02,-2.792297E-06,-5.163668E-07,-1.109347E+02,-2.958733E+00
+5.180664E+02,+3.366171E-06,+1.299415E-07,-1.094508E+02,+3.858300E-02
+5.183105E+02,-3.812446E-06,+1.569736E-06,-1.076958E+02,+2.751007E+00
+5.185547E+02,-4.836261E-06,+4.789111E-06,-1.033418E+02,+2.361093E+00
+5.187988E+02,+6.648219E-06,-6.767033E-06,-1.004580E+02,-7.942546E-01
+5.190430E+02,-2.282103E-06,+5.175761E-06,-1.049490E+02,+1.986075E+00
+5.192871E+02,+3.739138E-06,-4.317619E-06,-1.048648E+02,-8.570759E-01
+5.195312E+02,-7.934839E-06,-1.013065E-06,-1.019390E+02,-3.014607E+00
+5.197754E+02,+5.862345E-06,+5.813658E-06,-1.016643E+02,+7.812284E-01
+5.200195E+02,-3.790300E-07,-4.361785E-06,-1.071740E+02,-1.657476E+00
+5.202637E+02,-3.592375E-06,+1.399394E-06,-1.082788E+02,+2.770131E+00
+5.205078E+02,+2.649631E-06,+4.242811E-08,-1.115352E+02,+1.601147E-02
+5.207520E+02,-3.927561E-06,+7.147272E-07,-1.079761E+02,+2.961585E+00
+5.209961E+02,+5.187570E-06,-5.314680E-06,-1.025840E+02,-7.975007E-01
+5.212402E+02,-3.632000E-07,+7.731479E-06,-1.022252E+02,+1.617739E+00
+5.214844E+02,-3.110000E-06,+4.163633E-07,-1.100676E+02,+3.008505E+00
+5.217285E+02,+1.850139E-06,-4.987387E-06,-1.054826E+02,-1.215569E+00
+5.219727E+02,-2.843533E-06,+1.690527E-06,-1.096084E+02,+2.605215E+00
+5.222168E+02,+2.077943E-06,-1.314843E-06,-1.121848E+02,-5.641614E-01
+5.224609E+02,+2.571310E-06,-9.757621E-07,-1.112126E+02,-3.626930E-01
+5.227051E+02,-4.388738E-06,+3.478842E-06,-1.050358E+02,+2.471334E+00
+5.229492E+02,+5.630746E-06,-1.336528E-06,-1.047506E+02,-2.330497E-01
+5.231934E+02,-2.550447E-06,+1.573383E-06,-1.104671E+02,+2.588836E+00
+5.234375E+02,+1.854595E-07,-1.713268E-06,-1.152729E+02,-1.462967E+00
+5.236816E+02,-4.426057E-06,+4.851956E-06,-1.036521E+02,+2.310323E+00
+5.239258E+02,+3.243484E-06,-7.271150E-06,-1.019798E+02,-1.151211E+00
+5.241699E+02,-3.107537E-07,+4.215473E-06,-1.074795E+02,+1.644381E+00
+5.244141E+02,-1.339001E-07,-4.467668E-06,-1.069945E+02,-1.600758E+00
+5.246582E+02,-4.679481E-07,+5.764024E-06,-1.047570E+02,+1.651803E+00
+5.249023E+02,+5.536568E-06,+1.674669E-06,-1.047550E+02,+2.937252E-01
+5.251465E+02,-7.890641E-06,-5.316674E-06,-1.004321E+02,-2.548671E+00
+5.253906E+02,+1.327321E-06,-4.793401E-07,-1.170081E+02,-3.465587E-01
+5.256348E+02,-1.888959E-07,+5.585885E-06,-1.050532E+02,+1.604600E+00
+5.258789E+02,+2.121737E-06,+4.507421E-07,-1.132745E+02,+2.093281E-01
+5.261230E+02,+1.072404E-06,-2.525029E-06,-1.112345E+02,-1.169172E+00
+5.263672E+02,+2.653600E-06,-3.785126E-06,-1.067022E+02,-9.593594E-01
+5.266113E+02,-6.593320E-06,+6.408402E-06,-1.007294E+02,+2.370416E+00
+5.268555E+02,+5.847762E-06,-6.188678E-06,-1.013969E+02,-8.137142E-01
+5.270996E+02,-4.005041E-06,+1.950295E-06,-1.070237E+02,+2.688431E+00
+5.273438E+02,+2.298841E-06,+7.576302E-06,-1.020284E+02,+1.276200E+00
+5.275879E+02,-3.072459E-06,-1.145372E-05,-9.851929E+01,-1.832876E+00
+5.278320E+02,+7.390219E-06,+4.115265E-06,-1.014539E+02,+5.080894E-01
+5.280762E+02,-1.337779E-05,+2.373591E-06,-9.733771E+01,+2.965992E+00
+5.283203E+02,+1.097058E-05,-3.492397E-06,-9.877618E+01,-3.081984E-01
+5.285645E+02,-5.229371E-06,+3.787457E-06,-1.037996E+02,+2.514766E+00
+5.288086E+02,+2.872119E-06,-5.386997E-07,-1.106858E+02,-1.854076E-01
+5.290527E+02,-1.165450E-06,-1.908249E-06,-1.130106E+02,-2.119078E+00
+5.292969E+02,+1.378613E-06,+7.558889E-07,-1.160696E+02,+5.015346E-01
+5.295410E+02,-2.284050E-06,+3.685416E-06,-1.072586E+02,+2.125614E+00
+5.297852E+02,+2.468668E-06,-5.847240E-06,-1.039486E+02,-1.171305E+00
+5.300293E+02,+3.323326E-06,+7.955822E-06,-1.012878E+02,+1.175106E+00
+5.302734E+02,-3.466776E-06,-5.802989E-06,-1.034015E+02,-2.109311E+00
+5.305176E+02,+1.040587E-06,-1.236887E-06,-1.158291E+02,-8.713773E-01
+5.307617E+02,-1.960738E-06,+5.410975E-07,-1.138329E+02,+2.872328E+00
+5.310059E+02,-4.129371E-06,+2.539913E-06,-1.062888E+02,+2.590155E+00
+5.312500E+02,+4.887071E-06,-1.512170E-06,-1.058219E+02,-3.000788E-01
+5.314941E+02,+4.108184E-06,+2.724999E-07,-1.077079E+02,+6.623396E-02
+5.317383E+02,-5.573895E-06,-3.045723E-06,-1.039421E+02,-2.641497E+00
+5.319824E+02,+2.382347E-06,+3.542676E-06,-1.073931E+02,+9.787862E-01
+5.322266E+02,+5.432346E-06,-2.819537E-06,-1.042643E+02,-4.787536E-01
+5.324707E+02,-1.143062E-05,+6.655720E-06,-9.757066E+01,+2.614311E+00
+5.327148E+02,+8.702655E-06,-5.346468E-06,-9.981628E+01,-5.509036E-01
+5.329590E+02,-8.496704E-06,+2.255100E-06,-1.011194E+02,+2.882165E+00
+5.332031E+02,+6.031140E-06,+1.115545E-06,-1.042459E+02,+1.828971E-01
+5.334473E+02,+1.945064E-06,-4.477681E-06,-1.062282E+02,-1.160998E+00
+5.336914E+02,-3.232482E-07,+2.227398E-06,-1.129535E+02,+1.714914E+00
+5.339355E+02,-3.707809E-06,-8.849883E-08,-1.086152E+02,-3.117729E+00
+5.341797E+02,+1.482069E-06,+2.919307E-06,-1.096985E+02,+1.101025E+00
+5.344238E+02,-1.730500E-07,-3.977151E-06,-1.080003E+02,-1.614280E+00
+5.346680E+02,+1.888563E-06,+1.049614E-06,-1.133083E+02,+5.072653E-01
+5.349121E+02,-3.060862E-06,-1.546063E-06,-1.092962E+02,-2.673868E+00
+5.351562E+02,+6.842859E-06,-1.256894E-06,-1.031511E+02,-1.816548E-01
+5.354004E+02,-5.082384E-06,+9.768541E-06,-9.916301E+01,+2.050537E+00
+5.356445E+02,-2.112130E-06,-1.251017E-05,-9.793267E+01,-1.738052E+00
+5.358887E+02,-8.544679E-07,+8.798200E-06,-1.010714E+02,+1.667611E+00
+5.361328E+02,+8.833617E-06,-4.132867E-06,-1.002176E+02,-4.376040E-01
+5.363770E+02,-9.287114E-06,-1.772581E-06,-1.004870E+02,-2.952996E+00
+5.366211E+02,+5.060044E-06,+5.746610E-06,-1.023190E+02,+8.488446E-01
+5.368652E+02,-4.078774E-07,-3.706798E-06,-1.085677E+02,-1.680390E+00
+5.371094E+02,+3.563501E-06,-6.972350E-06,-1.021245E+02,-1.098316E+00
+5.373535E+02,-5.354419E-06,+1.713493E-05,-9.491772E+01,+1.873668E+00
+5.375977E+02,-4.887837E-07,-1.264990E-05,-9.795177E+01,-1.609416E+00
+5.378418E+02,+3.204471E-06,-1.870649E-06,-1.086113E+02,-5.283945E-01
+5.380859E+02,-5.523171E-07,+8.911134E-06,-1.009847E+02,+1.632698E+00
+5.383301E+02,-5.051028E-06,-7.582618E-06,-1.008087E+02,-2.158429E+00
+5.385742E+02,+6.062909E-06,+5.077160E-06,-1.020387E+02,+6.971413E-01
+5.388184E+02,-2.562616E-06,-1.642487E-06,-1.103317E+02,-2.571612E+00
+5.390625E+02,+4.687056E-06,+2.680272E-07,-1.065678E+02,+5.712235E-02
+5.393066E+02,-9.410799E-06,-4.784605E-07,-1.005163E+02,-3.090795E+00
+5.395508E+02,+7.744631E-06,-5.153488E-06,-1.006279E+02,-5.871440E-01
+5.397949E+02,+2.064369E-06,+4.184275E-06,-1.066215E+02,+1.112472E+00
+5.400391E+02,-4.012431E-06,+3.776926E-07,-1.078935E+02,+3.047739E+00
+5.402832E+02,-3.707847E-06,+8.636754E-07,-1.083881E+02,+2.912742E+00
+5.405273E+02,+5.198259E-06,+1.671123E-06,-1.052557E+02,+3.110426E-01
+5.407715E+02,+1.758832E-06,-6.284923E-06,-1.037065E+02,-1.297927E+00
+5.410156E+02,-3.957684E-06,+6.493843E-06,-1.023782E+02,+2.118137E+00
+5.412598E+02,-7.549868E-09,-8.908942E-06,-1.010035E+02,-1.571644E+00
+5.415039E+02,-1.556803E-07,+6.866307E-06,-1.032633E+02,+1.593465E+00
+5.417480E+02,-5.653095E-07,+2.783502E-06,-1.109326E+02,+1.771164E+00
+5.419922E+02,+6.003409E-06,-4.786073E-06,-1.022953E+02,-6.730471E-01
+5.422363E+02,-9.132193E-06,-1.366399E-06,-1.006923E+02,-2.993070E+00
+5.424805E+02,+6.587187E-06,+3.314588E-06,-1.026458E+02,+4.661941E-01
+5.427246E+02,-3.502227E-06,-3.813155E-06,-1.057177E+02,-2.313717E+00
+5.429688E+02,+5.084406E-07,+3.190264E-06,-1.098145E+02,+1.412753E+00
+5.432129E+02,+1.591452E-06,+3.130214E-07,-1.157993E+02,+1.942100E-01
+5.434570E+02,-1.702217E-06,-1.453318E-06,-1.130019E+02,-2.434909E+00
+5.437012E+02,+7.004849E-06,-4.846897E-07,-1.030713E+02,-6.908334E-02
+5.439453E+02,-3.773469E-06,-7.529312E-07,-1.082956E+02,-2.944646E+00
+5.441895E+02,-9.604935E-06,+2.636917E-06,-1.000345E+02,+2.873656E+00
+5.444336E+02,+9.517928E-06,-2.559792E-06,-1.001259E+02,-2.627276E-01
+5.446777E+02,-6.943064E-06,-1.627619E-06,-1.029366E+02,-2.911327E+00
+5.449219E+02,+8.951356E-06,+3.256479E-06,-1.004224E+02,+3.489131E-01
+5.451660E+02,-2.904663E-06,+5.716184E-06,-1.038603E+02,+2.040940E+00
+5.454102E+02,-4.697500E-06,-9.441639E-06,-9.953851E+01,-2.032466E+00
+5.456543E+02,+2.743980E-06,-1.805476E-06,-1.096701E+02,-5.819625E-01
+5.458984E+02,+5.252194E-06,+6.903756E-06,-1.012351E+02,+9.204358E-01
+5.461426E+02,-1.086532E-05,+9.571559E-07,-9.924557E+01,+3.053727E+00
+5.463867E+02,+8.133561E-06,-4.595393E-06,-1.005912E+02,-5.142801E-01
+5.466309E+02,-3.804407E-06,+3.763733E-06,-1.054304E+02,+2.361569E+00
+5.468750E+02,+4.812611E-07,-7.942822E-06,-1.019846E+02,-1.510280E+00
+5.471191E+02,+4.206887E-06,+6.330542E-06,-1.023827E+02,+9.842688E-01
+5.473633E+02,-8.535597E-06,+8.041765E-08,-1.013749E+02,+3.132171E+00
+5.476074E+02,+1.072415E-05,-2.320455E-06,-9.919403E+01,-2.130916E-01
+5.478516E+02,-1.091390E-05,+2.941676E-06,-9.893582E+01,+2.878314E+00
+5.480957E+02,+9.201385E-06,+1.781832E-07,-1.007213E+02,+1.936240E-02
+5.483398E+02,-7.677943E-06,-5.776107E-06,-1.003473E+02,-2.496622E+00
+5.485840E+02,+1.045040E-05,-3.852467E-06,-9.906395E+01,-3.531857E-01
+5.488281E+02,-1.179934E-05,+1.535874E-05,-9.425835E+01,+2.225875E+00
+5.490723E+02,-1.560194E-07,-1.054545E-05,-9.953774E+01,-1.585590E+00
+5.493164E+02,+7.444929E-06,+5.333028E-06,-1.007640E+02,+6.216021E-01
+5.495605E+02,-1.212605E-06,+2.041953E-06,-1.124872E+02,+2.106678E+00
+5.498047E+02,-6.602038E-06,-1.368582E-05,-9.636597E+01,-2.020265E+00
+5.500488E+02,+6.084040E-06,+1.553278E-05,-9.555513E+01,+1.197474E+00
+5.502930E+02,+1.538364E-06,-9.091917E-06,-1.007043E+02,-1.403183E+00
+5.505371E+02,-3.154060E-06,+7.642815E-07,-1.097748E+02,+2.903858E+00
+5.507812E+02,+4.782337E-08,+6.994655E-06,-1.031045E+02,+1.563959E+00
+5.510254E+02,+8.796981E-07,-8.992885E-06,-1.008807E+02,-1.473285E+00
+5.512695E+02,-5.185802E-06,+4.167422E-06,-1.035399E+02,+2.464648E+00
+5.515137E+02,+7.823029E-06,-1.829201E-07,-1.021301E+02,-2.337801E-02
+5.517578E+02,-4.666272E-06,-2.015306E-06,-1.058778E+02,-2.733902E+00
+5.520020E+02,+1.171070E-06,+6.341692E-06,-1.038103E+02,+1.388191E+00
+5.522461E+02,-3.322327E-06,-5.886332E-06,-1.034021E+02,-2.084638E+00
+5.524902E+02,-9.099157E-07,+2.549223E-06,-1.113510E+02,+1.913639E+00
+5.527344E+02,+6.156091E-06,+7.983547E-07,-1.041415E+02,+1.289655E-01
+5.529785E+02,-3.138694E-07,-2.317684E-06,-1.126200E+02,-1.705401E+00
+5.532227E+02,-6.909998E-06,-5.967357E-07,-1.031782E+02,-3.055448E+00
+5.534668E+02,+5.890744E-06,+1.911585E-06,-1.041618E+02,+3.137856E-01
+5.537109E+02,+5.097565E-06,+2.690625E-06,-1.047854E+02,+4.856594E-01
+5.539551E+02,-8.491845E-06,-5.044121E-06,-1.001075E+02,-2.605600E+00
+5.541992E+02,+4.156713E-06,-8.421255E-07,-1.074503E+02,-1.998886E-01
+5.544434E+02,-7.366428E-06,+5.011369E-06,-1.010030E+02,+2.544212E+00
+5.546875E+02,+8.541530E-06,-5.148366E-06,-1.000234E+02,-5.424355E-01
+5.549316E+02,-6.789382E-06,+6.892067E-06,-1.002874E+02,+2.348689E+00
+5.551758E+02,+3.110870E-06,-9.471665E-06,-1.000266E+02,-1.253457E+00
+5.554199E+02,+1.067424E-06,+1.057973E-05,-9.946652E+01,+1.470243E+00
+5.556641E+02,-3.182157E-06,+8.261927E-07,-1.096623E+02,+2.887568E+00
+5.559082E+02,+8.264284E-06,-7.774378E-06,-9.890289E+01,-7.548624E-01
+5.561523E+02,-1.012715E-05,+1.245147E-06,-9.982510E+01,+3.019255E+00
+5.563965E+02,+2.796580E-06,+5.437285E-08,-1.110658E+02,+1.944017E-02
+5.566406E+02,+9.402836E-06,+6.947445E-07,-1.005112E+02,+7.375269E-02
+5.568848E+02,-8.858396E-06,+1.586645E-06,-1.009158E+02,+2.964360E+00
+5.571289E+02,-3.662220E-06,+4.179615E-06,-1.051031E+02,+2.290311E+00
+5.573730E+02,+9.756871E-06,-8.830490E-06,-9.761517E+01,-7.356001E-01
+5.576172E+02,-8.520414E-06,+8.169464E-06,-9.855931E+01,+2.377219E+00
+5.578613E+02,-3.928048E-06,-4.510378E-06,-1.044644E+02,-2.287294E+00
+5.581055E+02,+9.644765E-06,+1.621488E-06,-1.001931E+02,+1.665634E-01
+5.583496E+02,-1.860785E-07,-2.973269E-06,-1.105183E+02,-1.633299E+00
+5.585938E+02,+5.520224E-07,+4.000176E-06,-1.078765E+02,+1.433663E+00
+5.588379E+02,+2.303306E-06,-6.450309E-06,-1.032872E+02,-1.227824E+00
+5.590820E+02,-9.903716E-06,+8.467463E-06,-9.770110E+01,+2.434216E+00
+5.593262E+02,+4.234417E-06,-7.173144E-06,-1.015874E+02,-1.037528E+00
+5.595703E+02,+4.676456E-07,+2.566273E-06,-1.116721E+02,+1.390547E+00
+5.598145E+02,-3.851931E-06,+1.166614E-06,-1.079053E+02,+2.847510E+00
+5.600586E+02,+5.958245E-06,+2.542323E-06,-1.037712E+02,+4.033011E-01
+5.603027E+02,-3.697596E-06,-5.784340E-06,-1.032670E+02,-2.139572E+00
+5.605469E+02,+1.707530E-06,+9.977463E-06,-9.989423E+01,+1.401300E+00
+5.607910E+02,+3.887463E-06,-1.001455E-05,-9.937781E+01,-1.200520E+00
+5.610352E+02,-3.464315E-06,+2.825841E-06,-1.069926E+02,+2.457352E+00
+5.612793E+02,+9.267736E-07,-2.097269E-06,-1.127923E+02,-1.154703E+00
+5.615234E+02,-5.243982E-06,+3.078339E-06,-1.043209E+02,+2.610770E+00
+5.617676E+02,+6.866816E-06,-2.981043E-06,-1.025150E+02,-4.095725E-01
+5.620117E+02,-7.208909E-07,+4.834935E-06,-1.062167E+02,+1.718806E+00
+5.622559E+02,-2.271451E-06,+3.029066E-06,-1.084361E+02,+2.214224E+00
+5.625000E+02,-1.754638E-06,-4.990799E-06,-1.055305E+02,-1.908873E+00
+5.627441E+02,+5.911851E-06,-7.445470E-06,-1.004390E+02,-8.997125E-01
+5.629883E+02,-2.589854E-06,+1.208541E-05,-9.815978E+01,+1.781899E+00
+5.632324E+02,-4.812611E-06,-5.489922E-07,-1.062962E+02,-3.028010E+00
+5.634766E+02,+1.013005E-05,-6.109811E-06,-9.854034E+01,-5.427231E-01
+5.637207E+02,-1.013839E-05,-6.570704E-06,-9.835763E+01,-2.566554E+00
+5.639648E+02,-2.256549E-06,+1.467282E-05,-9.656821E+01,+1.723392E+00
+5.642090E+02,+1.433880E-05,-8.368240E-06,-9.559676E+01,-5.282794E-01
+5.644531E+02,-4.314520E-06,+5.734910E-06,-1.028816E+02,+2.215784E+00
+5.646973E+02,-7.669623E-06,+3.138121E-07,-1.022973E+02,+3.100699E+00
+5.649414E+02,-3.421624E-07,-1.277666E-05,-9.786854E+01,-1.597570E+00
+5.651855E+02,+9.616053E-06,+1.290709E-05,-9.586597E+01,+9.304894E-01
+5.654297E+02,-6.872202E-06,-6.214803E-06,-1.006625E+02,-2.406385E+00
+5.656738E+02,+6.476446E-06,+2.547514E-06,-1.031485E+02,+3.747610E-01
+5.659180E+02,-9.674490E-06,+4.866471E-06,-9.930782E+01,+2.675531E+00
+5.661621E+02,+9.927019E-06,-7.845863E-06,-9.795600E+01,-6.688318E-01
+5.664062E+02,-4.329077E-06,+2.864943E-06,-1.056946E+02,+2.556973E+00
+5.666504E+02,-1.550096E-06,+2.335025E-06,-1.110485E+02,+2.156843E+00
+5.668945E+02,+2.154361E-06,-2.998390E-06,-1.086545E+02,-9.477581E-01
+5.671387E+02,-2.740533E-06,-8.550309E-06,-1.009357E+02,-1.880970E+00
+5.673828E+02,+7.394239E-06,+1.947111E-05,-9.362712E+01,+1.207864E+00
+5.676270E+02,-7.325128E-06,-1.276870E-05,-9.664147E+01,-2.091637E+00
+5.678711E+02,+4.093508E-06,-1.598534E-06,-1.071417E+02,-3.722940E-01
+5.681152E+02,-3.087475E-06,+6.944123E-06,-1.023842E+02,+1.989165E+00
+5.683594E+02,+8.360516E-07,-2.962822E-06,-1.102332E+02,-1.295766E+00
+5.686035E+02,-3.042792E-06,+5.164807E-06,-1.044450E+02,+2.103192E+00
+5.688477E+02,+8.037638E-06,-1.376364E-05,-9.595096E+01,-1.042243E+00
+5.690918E+02,-4.508348E-06,+6.232558E-06,-1.022790E+02,+2.197025E+00
+5.693359E+02,+1.402700E-07,+8.666558E-06,-1.012419E+02,+1.554613E+00
+5.695801E+02,+1.784315E-06,-1.028054E-05,-9.963078E+01,-1.398946E+00
+5.698242E+02,-5.010901E-06,+4.245861E-06,-1.036516E+02,+2.438654E+00
+5.700684E+02,+3.054422E-06,-5.258564E-06,-1.043201E+02,-1.044579E+00
+5.703125E+02,+4.730226E-06,+1.078213E-05,-9.858145E+01,+1.157371E+00
+5.705566E+02,-7.223936E-06,-9.549779E-06,-9.843501E+01,-2.218413E+00
+5.708008E+02,+6.157661E-06,+8.005608E-06,-9.991372E+01,+9.151399E-01
+5.710449E+02,-3.585718E-06,-6.122854E-06,-1.029803E+02,-2.100582E+00
+5.712891E+02,+1.386104E-06,+2.599487E-06,-1.106155E+02,+1.080926E+00
+5.715332E+02,-2.016568E-06,-3.514849E-06,-1.078461E+02,-2.091674E+00
+5.717773E+02,+2.005489E-06,-1.705552E-06,-1.115921E+02,-7.047505E-01
+5.720215E+02,+1.698939E-07,+9.397866E-06,-1.005380E+02,+1.552720E+00
+5.722656E+02,-7.636348E-06,-7.718491E-06,-9.928527E+01,-2.350845E+00
+5.725098E+02,+1.340292E-05,+1.759845E-06,-9.738177E+01,+1.305562E-01
+5.727539E+02,-6.538789E-06,-3.330189E-06,-1.026885E+02,-2.670535E+00
+5.729980E+02,-9.131182E-07,+4.669768E-07,-1.197805E+02,+2.668860E+00
+5.732422E+02,+5.520400E-07,+4.668477E-06,-1.065562E+02,+1.453094E+00
+5.734863E+02,+2.702465E-07,+3.469710E-06,-1.091679E+02,+1.493066E+00
+5.737305E+02,+2.624014E-06,-1.052435E-05,-9.929417E+01,-1.326450E+00
+5.739746E+02,-7.812165E-06,+7.883900E-06,-9.909439E+01,+2.351624E+00
+5.742188E+02,+1.429301E-05,-2.882262E-06,-9.672441E+01,-1.989868E-01
+5.744629E+02,-1.857840E-05,-1.345890E-07,-9.461961E+01,-3.134348E+00
+5.747070E+02,+1.200400E-05,-1.393964E-06,-9.835532E+01,-1.156072E-01
+5.749512E+02,-3.305496E-06,+2.173489E-06,-1.080547E+02,+2.559937E+00
+5.751953E+02,+6.830471E-07,-2.085709E-06,-1.131725E+02,-1.254315E+00
+5.754395E+02,-1.834381E-06,+6.191353E-06,-1.037989E+02,+1.858838E+00
+5.756836E+02,+1.118549E-05,-6.388534E-06,-9.780079E+01,-5.189323E-01
+5.759277E+02,-1.487790E-05,-2.246955E-06,-9.645123E+01,-2.991699E+00
+5.761719E+02,-9.288023E-07,+3.347715E-06,-1.091830E+02,+1.841433E+00
+5.764160E+02,+1.515780E-05,-5.615379E-06,-9.582875E+01,-3.547857E-01
+5.766602E+02,-1.219741E-05,+1.248689E-05,-9.516129E+01,+2.344468E+00
+5.769043E+02,+6.181122E-06,-7.907080E-06,-9.996849E+01,-9.073015E-01
+5.771484E+02,-1.279109E-06,+3.566531E-06,-1.084296E+02,+1.915149E+00
+5.773926E+02,-3.977434E-06,-7.532070E-06,-1.013935E+02,-2.056644E+00
+5.776367E+02,+1.169255E-06,+3.215529E-06,-1.093156E+02,+1.222033E+00
+5.778809E+02,+1.230663E-06,+4.313760E-06,-1.069631E+02,+1.292891E+00
+5.781250E+02,+1.687630E-06,-2.872523E-06,-1.095470E+02,-1.039613E+00
+5.783691E+02,-4.029939E-06,-2.202772E-06,-1.067587E+02,-2.641362E+00
+5.786133E+02,+3.341375E-06,+2.315835E-06,-1.078178E+02,+6.060655E-01
+5.788574E+02,-1.762529E-06,+1.056606E-06,-1.137439E+02,+2.601553E+00
+5.791016E+02,+1.201519E-06,+1.218786E-07,-1.183609E+02,+1.010914E-01
+5.793457E+02,-1.460484E-06,-5.284679E-06,-1.052200E+02,-1.840428E+00
+5.795898E+02,+4.148804E-06,+1.023257E-05,-9.913932E+01,+1.185600E+00
+5.798340E+02,-6.401750E-06,-1.005088E-05,-9.847704E+01,-2.137932E+00
+5.800781E+02,+5.762784E-06,+6.268498E-07,-1.047363E+02,+1.083495E-01
+5.803223E+02,-6.573282E-06,+6.115547E-06,-1.009362E+02,+2.392253E+00
+5.805664E+02,+6.349490E-06,-7.303471E-06,-1.002846E+02,-8.551583E-01
+5.808105E+02,-9.640621E-06,+4.577795E-06,-9.943484E+01,+2.698271E+00
+5.810547E+02,+9.014380E-06,+4.828439E-07,-1.008888E+02,+5.351260E-02
+5.812988E+02,-1.403671E-06,-1.350348E-06,-1.142093E+02,-2.375554E+00
+5.815430E+02,-1.211297E-06,+4.922870E-07,-1.176711E+02,+2.755570E+00
+5.817871E+02,-1.558302E-06,+3.651342E-07,-1.159148E+02,+2.911430E+00
+5.820312E+02,+3.186625E-06,-3.147807E-06,-1.069760E+02,-7.792701E-01
+5.822754E+02,-2.040501E-06,+1.462154E-06,-1.120055E+02,+2.519835E+00
+5.825195E+02,-3.056072E-07,+1.909613E-06,-1.142713E+02,+1.729487E+00
+5.827637E+02,+1.198967E-06,-2.643007E-06,-1.107453E+02,-1.144922E+00
+5.830078E+02,+3.022453E-06,+5.451119E-06,-1.041061E+02,+1.064532E+00
+5.832520E+02,-4.340925E-06,-5.926761E-06,-1.026785E+02,-2.202956E+00
+5.834961E+02,-1.782477E-06,+3.966611E-07,-1.147696E+02,+2.922627E+00
+5.837402E+02,+1.434151E-06,+1.258752E-06,-1.143875E+02,+7.203563E-01
+5.839844E+02,-1.150502E-06,+4.751998E-06,-1.062151E+02,+1.808335E+00
+5.842285E+02,+6.783215E-06,-3.175797E-06,-1.025105E+02,-4.378729E-01
+5.844727E+02,-1.120596E-05,-4.055083E-06,-9.847659E+01,-2.794384E+00
+5.847168E+02,+3.148984E-06,+2.892505E-06,-1.073796E+02,+7.429707E-01
+5.849609E+02,+4.892869E-06,+2.151842E-06,-1.054408E+02,+4.143322E-01
+5.852051E+02,+2.351840E-06,+6.897682E-07,-1.122135E+02,+2.852883E-01
+5.854492E+02,-3.898642E-06,-5.289689E-06,-1.036472E+02,-2.205943E+00
+5.856934E+02,+6.802080E-08,+4.837922E-06,-1.063060E+02,+1.556737E+00
+5.859375E+02,-3.350374E-06,-3.098826E-06,-1.068136E+02,-2.395179E+00
+5.861816E+02,+4.354447E-06,+4.351580E-06,-1.042139E+02,+7.850688E-01
+5.864258E+02,+2.632069E-06,-1.808508E-06,-1.099146E+02,-6.020191E-01
+5.866699E+02,-8.543283E-06,-2.700420E-06,-1.009539E+02,-2.835443E+00
+5.869141E+02,-5.792550E-07,-7.158491E-07,-1.207162E+02,-2.251113E+00
+5.871582E+02,+2.441240E-06,-1.018777E-06,-1.115505E+02,-3.953471E-01
+5.874023E+02,+3.379744E-06,+5.110048E-06,-1.042556E+02,+9.864545E-01
+5.876465E+02,+2.091392E-06,-5.844332E-07,-1.132647E+02,-2.724958E-01
+5.878906E+02,-2.913591E-06,-6.395269E-06,-1.030637E+02,-1.998285E+00
+5.881348E+02,-5.674029E-06,+1.272730E-05,-9.711798E+01,+1.990165E+00
+5.883789E+02,+9.616856E-06,-9.641798E-06,-9.731777E+01,-7.866932E-01
+5.886230E+02,-9.313672E-06,+3.362656E-06,-1.000854E+02,+2.795112E+00
+5.888672E+02,+6.265072E-06,+2.978782E-06,-1.031764E+02,+4.438224E-01
+5.891113E+02,-1.200858E-06,-4.490510E-06,-1.066541E+02,-1.832103E+00
+5.893555E+02,+7.410885E-08,-1.152350E-06,-1.187504E+02,-1.506574E+00
+5.895996E+02,-9.024584E-07,+2.931785E-06,-1.102642E+02,+1.869411E+00
+5.898438E+02,+2.086640E-06,-3.366824E-06,-1.080439E+02,-1.015970E+00
+5.900879E+02,-3.682766E-06,+1.656206E-06,-1.078766E+02,+2.718973E+00
+5.903320E+02,+8.266742E-06,-7.152634E-07,-1.016209E+02,-8.630805E-02
+5.905762E+02,-1.529116E-05,+7.851399E-06,-9.529495E+01,+2.667235E+00
+5.908203E+02,+1.083679E-05,-8.103264E-06,-9.737314E+01,-6.420628E-01
+5.910645E+02,-2.347374E-06,+4.636686E-07,-1.124221E+02,+2.946577E+00
+5.913086E+02,+3.885909E-06,+3.379448E-06,-1.057641E+02,+7.158017E-01
+5.915527E+02,-4.413913E-06,-8.836214E-07,-1.069329E+02,-2.944014E+00
+5.917969E+02,+2.825820E-06,-9.490620E-07,-1.105129E+02,-3.240171E-01
+5.920410E+02,-2.239217E-07,-2.062283E-08,-1.329614E+02,-3.049753E+00
+5.922852E+02,-8.127616E-06,+1.045930E-06,-1.017294E+02,+3.013608E+00
+5.925293E+02,+1.092238E-05,+2.143081E-06,-9.906960E+01,+1.937487E-01
+5.927734E+02,+2.118283E-06,-4.321857E-06,-1.063516E+02,-1.115074E+00
+5.930176E+02,-1.363897E-05,+1.595558E-07,-9.730377E+01,+3.129895E+00
+5.932617E+02,+1.148658E-05,+2.819946E-06,-9.854202E+01,+2.407382E-01
+5.935059E+02,-5.833067E-06,+4.921203E-06,-1.023476E+02,+2.440783E+00
+5.937500E+02,+9.495999E-07,-1.071942E-05,-9.936263E+01,-1.482440E+00
+5.939941E+02,-3.280661E-06,+6.428743E-06,-1.028323E+02,+2.042659E+00
+5.942383E+02,+9.719687E-06,-3.490803E-07,-1.002414E+02,-3.589934E-02
+5.944824E+02,-3.888578E-06,-3.761831E-06,-1.053354E+02,-2.372760E+00
+5.947266E+02,-3.659618E-06,+2.145385E-08,-1.087311E+02,+3.135731E+00
+5.949707E+02,+4.034121E-06,+4.512789E-06,-1.043605E+02,+8.413446E-01
+5.952148E+02,-5.997974E-06,-1.163977E-06,-1.042794E+02,-2.949914E+00
+5.954590E+02,+5.556285E-06,+1.761563E-07,-1.050999E+02,+3.169335E-02
+5.957031E+02,+2.985630E-06,+1.343149E-06,-1.096989E+02,+4.227468E-01
+5.959473E+02,-4.439396E-06,-8.560897E-06,-1.003153E+02,-2.049187E+00
+5.961914E+02,-6.552732E-06,+6.984678E-06,-1.003752E+02,+2.324298E+00
+5.964355E+02,+1.392953E-05,+6.809285E-07,-9.711090E+01,+4.884491E-02
+5.966797E+02,-1.260298E-05,-2.409544E-06,-9.783462E+01,-2.952684E+00
+5.969238E+02,+1.217066E-05,+4.015368E-06,-9.784499E+01,+3.186772E-01
+5.971680E+02,-8.810491E-06,-5.529122E-06,-9.965789E+01,-2.581154E+00
+5.974121E+02,-1.591051E-07,+5.180952E-06,-1.057077E+02,+1.601496E+00
+5.976562E+02,+2.429583E-06,-3.976371E-06,-1.066325E+02,-1.022324E+00
+5.979004E+02,+1.618994E-06,+6.434018E-06,-1.035637E+02,+1.324284E+00
+5.981445E+02,-2.653019E-06,-5.871349E-06,-1.038183E+02,-1.995195E+00
+5.983887E+02,+7.522272E-06,+3.546621E-06,-1.016013E+02,+4.405746E-01
+5.986328E+02,-5.565889E-06,-1.954087E-06,-1.045845E+02,-2.803954E+00
+5.988770E+02,-2.009175E-06,-3.175594E-06,-1.085013E+02,-2.134908E+00
+5.991211E+02,+5.385726E-06,+5.807544E-06,-1.020250E+02,+8.230653E-01
+5.993652E+02,-1.372129E-06,-1.039957E-05,-9.958473E+01,-1.701979E+00
+5.996094E+02,-4.233391E-06,+1.223783E-05,-9.775504E+01,+1.903838E+00
+5.998535E+02,-2.639138E-06,-7.904356E-06,-1.015837E+02,-1.893042E+00
+6.000977E+02,+9.772365E-06,+4.377216E-06,-9.940591E+01,+4.211210E-01
+6.003418E+02,-4.540613E-06,+7.782838E-07,-1.067320E+02,+2.971837E+00
+6.005859E+02,+2.596832E-07,-6.840919E-06,-1.032915E+02,-1.532854E+00
+6.008301E+02,-3.417900E-06,+3.330990E-06,-1.064249E+02,+2.369071E+00
+6.010742E+02,+5.927846E-06,+3.558143E-06,-1.032057E+02,+5.405975E-01
+6.013184E+02,-6.634766E-06,-8.094418E-07,-1.034993E+02,-3.020193E+00
+6.015625E+02,+4.827162E-06,+8.524423E-07,-1.061928E+02,+1.747908E-01
+6.018066E+02,+8.443422E-07,-6.638661E-06,-1.034887E+02,-1.444290E+00
+6.020508E+02,-4.577506E-06,+7.508727E-06,-1.011163E+02,+2.118263E+00
+6.022949E+02,+5.993063E-06,-5.830276E-06,-1.015547E+02,-7.716308E-01
+6.025391E+02,-5.263742E-06,+4.030542E-06,-1.035702E+02,+2.488108E+00
+6.027832E+02,+4.315397E-06,-6.655704E-06,-1.020120E+02,-9.955637E-01
+6.030273E+02,-3.971916E-06,+8.049825E-06,-1.009380E+02,+2.029163E+00
+6.032715E+02,+4.090141E-06,-6.685520E-06,-1.021165E+02,-1.021752E+00
+6.035156E+02,-2.347046E-06,+4.779836E-06,-1.054736E+02,+2.027243E+00
+6.037598E+02,-3.369641E-07,-1.143978E-06,-1.184703E+02,-1.857250E+00
+6.040039E+02,+6.751827E-06,-2.389360E-06,-1.028992E+02,-3.401303E-01
+6.042480E+02,-9.480986E-06,+7.443310E-06,-9.837758E+01,+2.476017E+00
+6.044922E+02,+4.383043E-06,-7.444469E-06,-1.012708E+02,-1.038679E+00
+6.047363E+02,+1.240093E-06,-4.131894E-07,-1.176737E+02,-3.216236E-01
+6.049805E+02,-4.399172E-06,-1.306705E-06,-1.067654E+02,-2.852859E+00
+6.052246E+02,+5.069528E-06,+5.659580E-06,-1.023859E+02,+8.403382E-01
+6.054688E+02,-5.101334E-06,+1.065232E-07,-1.058444E+02,+3.120714E+00
+6.057129E+02,+2.089465E-06,-2.823553E-06,-1.090874E+02,-9.337177E-01
+6.059570E+02,-1.380026E-06,-3.136387E-06,-1.093028E+02,-1.985307E+00
+6.062012E+02,+4.959014E-07,+8.687514E-07,-1.199972E+02,+1.052108E+00
+6.064453E+02,+4.952574E-06,+5.911328E-06,-1.022569E+02,+8.734214E-01
+6.066895E+02,-7.946402E-06,-2.719290E-06,-1.015157E+02,-2.811880E+00
+6.069336E+02,+5.776928E-06,+1.015575E-06,-1.046339E+02,+1.740203E-01
+6.071777E+02,-1.171922E-06,-6.606604E-06,-1.034659E+02,-1.746356E+00
+6.074219E+02,-1.105031E-06,+2.691020E-06,-1.107249E+02,+1.960438E+00
+6.076660E+02,+2.961228E-06,+6.486962E-06,-1.029371E+02,+1.142559E+00
+6.079102E+02,-4.020107E-06,-2.990102E-06,-1.060029E+02,-2.502080E+00
+6.081543E+02,+3.115574E-06,-3.060393E-06,-1.071959E+02,-7.764637E-01
+6.083984E+02,-4.187740E-06,+9.894575E-07,-1.073245E+02,+2.909573E+00
+6.086426E+02,+6.488835E-06,+1.614611E-06,-1.034958E+02,+2.438764E-01
+6.088867E+02,-1.574502E-06,-3.427124E-06,-1.084697E+02,-2.001459E+00
+6.091309E+02,-8.018819E-06,-1.871951E-06,-1.016873E+02,-2.912255E+00
+6.093750E+02,+6.588379E-06,+4.647161E-06,-1.018707E+02,+6.143124E-01
+6.096191E+02,+1.867553E-06,+2.571197E-06,-1.099573E+02,+9.426128E-01
+6.098633E+02,-6.109874E-06,-5.641236E-06,-1.016018E+02,-2.396054E+00
+6.101074E+02,+4.369801E-06,+7.004392E-08,-1.071897E+02,+1.602772E-02
+6.103516E+02,+1.662406E-06,-1.081671E-06,-1.140521E+02,-5.768430E-01
+6.105957E+02,-2.483067E-06,+7.220667E-06,-1.023430E+02,+1.902012E+00
+6.108398E+02,-2.628045E-06,-5.758487E-06,-1.039722E+02,-1.998941E+00
+6.110840E+02,+4.136696E-06,+8.374012E-07,-1.074925E+02,+1.997333E-01
+6.113281E+02,-4.112552E-06,-1.375806E-06,-1.072570E+02,-2.818758E+00
+6.115723E+02,+3.799809E-06,+3.565005E-06,-1.056627E+02,+7.535270E-01
+6.118164E+02,-3.048200E-06,-3.839380E-06,-1.061920E+02,-2.241825E+00
+6.120605E+02,+3.222741E-06,+3.570699E-06,-1.063571E+02,+8.365731E-01
+6.123047E+02,-3.650532E-06,+1.410601E-06,-1.081485E+02,+2.772857E+00
+6.125488E+02,-7.674753E-07,-3.665458E-06,-1.085311E+02,-1.777195E+00
+6.127930E+02,+9.567631E-07,-5.427459E-06,-1.051752E+02,-1.396307E+00
+6.130371E+02,+3.591394E-06,+4.759424E-06,-1.044916E+02,+9.243667E-01
+6.132812E+02,-2.964603E-06,+2.864576E-06,-1.076969E+02,+2.373353E+00
+6.135254E+02,+9.701333E-08,-3.647044E-07,-1.284643E+02,-1.310811E+00
+6.137695E+02,+8.854746E-07,-2.515005E-06,-1.114817E+02,-1.232273E+00
+6.140137E+02,-3.024429E-06,+2.376767E-06,-1.082985E+02,+2.475535E+00
+6.142578E+02,+2.625591E-06,-9.190174E-07,-1.111135E+02,-3.366954E-01
+6.145020E+02,+2.114284E-08,+2.184144E-06,-1.132140E+02,+1.561116E+00
+6.147461E+02,-9.430101E-07,-2.272187E-06,-1.121809E+02,-1.964186E+00
+6.149902E+02,+5.366620E-06,-7.631527E-06,-1.006028E+02,-9.579145E-01
+6.152344E+02,-7.846208E-06,+1.359087E-05,-9.608581E+01,+2.094368E+00
+6.154785E+02,+4.130680E-06,-1.149109E-05,-9.826500E+01,-1.225712E+00
+6.157227E+02,-9.551068E-06,+9.996979E-06,-9.718597E+01,+2.333387E+00
+6.159668E+02,+1.597287E-05,-6.274120E-06,-9.530919E+01,-3.742829E-01
+6.162109E+02,-1.387119E-05,+4.012289E-08,-9.715768E+01,+3.138700E+00
+6.164551E+02,+7.295796E-06,+2.578539E-06,-1.022274E+02,+3.397255E-01
+6.166992E+02,+5.102734E-06,+3.507789E-06,-1.041632E+02,+6.022421E-01
+6.169434E+02,-1.535135E-05,-5.619335E-06,-9.573097E+01,-2.790693E+00
+6.171875E+02,+1.127151E-05,-3.168012E-06,-9.863016E+01,-2.739949E-01
+6.174316E+02,-5.062311E-06,+9.061686E-06,-9.967619E+01,+2.080256E+00
+6.176758E+02,+6.233314E-06,-7.565299E-06,-1.001733E+02,-8.816304E-01
+6.179199E+02,-6.959039E-06,+5.058032E-06,-1.013070E+02,+2.513087E+00
+6.181641E+02,+5.183182E-06,-4.710618E-06,-1.030931E+02,-7.376708E-01
+6.184082E+02,-5.084444E-08,-2.226882E-07,-1.328253E+02,-1.795270E+00
+6.186523E+02,-6.257380E-06,+3.750209E-06,-1.027393E+02,+2.601669E+00
+6.188965E+02,+4.633112E-06,+9.964999E-07,-1.064861E+02,+2.118548E-01
+6.191406E+02,+2.283906E-06,-1.523077E-06,-1.112286E+02,-5.881460E-01
+6.193848E+02,-3.923070E-06,+3.302823E-06,-1.058006E+02,+2.441821E+00
+6.196289E+02,+2.601371E-06,-4.306842E-06,-1.059660E+02,-1.027434E+00
+6.198730E+02,-7.702210E-06,+2.307956E-06,-1.018943E+02,+2.850458E+00
+6.201172E+02,+1.176176E-05,-2.377719E-06,-9.841660E+01,-1.994685E-01
+6.203613E+02,-8.634593E-06,-6.722645E-07,-1.012489E+02,-3.063892E+00
+6.206055E+02,+7.635649E-07,+2.207663E-06,-1.126306E+02,+1.237805E+00
+6.208496E+02,-4.402453E-06,+1.754766E-06,-1.064857E+02,+2.762304E+00
+6.210938E+02,+9.418407E-06,-3.876886E-06,-9.984068E+01,-3.904907E-01
+6.213379E+02,-2.015703E-06,-5.811028E-07,-1.135648E+02,-2.860915E+00
+6.215820E+02,-1.703746E-06,+1.567647E-06,-1.127081E+02,+2.397773E+00
+6.218262E+02,+5.325517E-06,+5.339313E-06,-1.024512E+02,+7.866918E-01
+6.220703E+02,-4.868748E-06,-2.985666E-06,-1.048653E+02,-2.591501E+00
+6.223145E+02,-1.627433E-06,-3.355220E-06,-1.085680E+02,-2.022408E+00
+6.225586E+02,-1.259111E-06,+1.379668E-07,-1.179469E+02,+3.032453E+00
+6.228027E+02,+5.608677E-06,+7.332933E-06,-1.006941E+02,+9.178516E-01
+6.230469E+02,-4.792291E-06,-6.977504E-06,-1.014477E+02,-2.172622E+00
+6.232910E+02,+2.074798E-06,+1.541121E-06,-1.117523E+02,+6.388652E-01
+6.235352E+02,-2.782063E-06,+4.540831E-06,-1.054731E+02,+2.120485E+00
+6.237793E+02,+5.647808E-06,-6.033828E-06,-1.016555E+02,-8.184311E-01
+6.240234E+02,-1.487659E-06,+3.293545E-07,-1.163421E+02,+2.923716E+00
+6.242676E+02,-6.070291E-06,+5.595188E-06,-1.016650E+02,+2.396899E+00
+6.245117E+02,+8.436810E-06,-2.726794E-06,-1.010449E+02,-3.126048E-01
+6.247559E+02,-6.003751E-06,+2.675108E-07,-1.044229E+02,+3.097065E+00
+6.250000E+02,+5.276948E-06,+1.638150E-07,-1.055482E+02,+3.103354E-02
+6.252441E+02,-4.134101E-06,-3.121690E-06,-1.057129E+02,-2.494831E+00
+6.254883E+02,+9.427728E-07,+2.240606E-06,-1.122848E+02,+1.172517E+00
+6.257324E+02,+8.355765E-08,+4.022775E-06,-1.079076E+02,+1.550028E+00
+6.259766E+02,+1.602465E-06,-1.321003E-05,-9.751848E+01,-1.450079E+00
+6.262207E+02,+3.472433E-07,+1.329796E-05,-9.752135E+01,+1.544690E+00
+6.264648E+02,-6.328765E-06,-5.909861E-06,-1.012506E+02,-2.390409E+00
+6.267090E+02,+8.740076E-06,+8.068141E-06,-9.849293E+01,+7.454429E-01
+6.269531E+02,-1.886860E-06,-1.170975E-05,-9.851772E+01,-1.730559E+00
+6.271973E+02,-3.644841E-06,+8.937861E-06,-1.003072E+02,+1.958007E+00
+6.274414E+02,-7.156522E-07,-3.957595E-06,-1.079116E+02,-1.749693E+00
+6.276855E+02,+3.930137E-06,-1.577336E-06,-1.074632E+02,-3.816643E-01
+6.279297E+02,-2.488097E-06,+2.643788E-06,-1.088008E+02,+2.325866E+00
+6.281738E+02,+7.140992E-07,+1.382689E-06,-1.161587E+02,+1.094070E+00
+6.284180E+02,+8.970801E-07,-1.834961E-06,-1.137967E+02,-1.116082E+00
+6.286621E+02,-9.160570E-07,+2.532690E-06,-1.113944E+02,+1.917850E+00
+6.289062E+02,+4.875479E-06,-5.193333E-06,-1.029464E+02,-8.169558E-01
+6.291504E+02,-2.930650E-06,+2.409723E-06,-1.084177E+02,+2.453432E+00
+6.293945E+02,-5.931029E-06,+2.850195E-06,-1.036350E+02,+2.693620E+00
+6.296387E+02,+9.537735E-06,-5.463829E-06,-9.917854E+01,-5.202278E-01
+6.298828E+02,-3.081075E-06,+7.585537E-06,-1.017371E+02,+1.956617E+00
+6.301270E+02,-3.572153E-06,-4.819809E-06,-1.044381E+02,-2.208603E+00
+6.303711E+02,+1.523455E-06,-1.239091E-06,-1.141383E+02,-6.828240E-01
+6.306152E+02,+1.063800E-06,+3.726347E-07,-1.189602E+02,+3.369301E-01
+6.308594E+02,-3.849326E-07,-3.609892E-07,-1.255520E+02,-2.388283E+00
+6.311035E+02,-3.614935E-07,+4.622093E-06,-1.066767E+02,+1.648847E+00
+6.313477E+02,+3.356844E-06,-4.869823E-06,-1.045614E+02,-9.672773E-01
+6.315918E+02,+5.952934E-07,+7.463619E-06,-1.025135E+02,+1.491205E+00
+6.318359E+02,-5.932572E-06,-9.261157E-06,-9.917342E+01,-2.140525E+00
+6.320801E+02,+2.542684E-06,+2.939106E-06,-1.082092E+02,+8.575886E-01
+6.323242E+02,-1.758460E-07,+3.147258E-06,-1.100278E+02,+1.626611E+00
+6.325684E+02,+3.394118E-06,-6.287047E-06,-1.029203E+02,-1.075772E+00
+6.328125E+02,-2.266212E-06,+8.792787E-06,-1.008382E+02,+1.823042E+00
+6.330566E+02,-7.602413E-06,-8.587594E-06,-9.880931E+01,-2.295418E+00
+6.333008E+02,+1.089585E-05,+2.676767E-06,-9.900027E+01,+2.408978E-01
+6.335449E+02,-2.640144E-06,+9.884999E-07,-1.109977E+02,+2.783338E+00
+6.337891E+02,-1.068590E-06,-7.602799E-07,-1.176449E+02,-2.523204E+00
+6.340332E+02,-3.139116E-07,+2.874628E-06,-1.107769E+02,+1.679566E+00
+6.342773E+02,+2.599870E-06,-3.678741E-07,-1.116149E+02,-1.405640E-01
+6.345215E+02,-6.904825E-06,-5.926791E-06,-1.008195E+02,-2.432268E+00
+6.347656E+02,+7.855610E-06,+6.822836E-06,-9.965524E+01,+7.151539E-01
+6.350098E+02,-5.407814E-06,-3.462190E-06,-1.038477E+02,-2.572124E+00
+6.352539E+02,+4.526859E-06,-2.342671E-06,-1.058535E+02,-4.775530E-01
+6.354980E+02,-2.972809E-06,-3.983482E-08,-1.105359E+02,-3.128194E+00
+6.357422E+02,+3.461238E-06,+7.586071E-06,-1.015784E+02,+1.142747E+00
+6.359863E+02,-6.367738E-06,-3.400211E-06,-1.028308E+02,-2.651136E+00
+6.362305E+02,+9.300678E-06,-5.827809E-06,-9.919136E+01,-5.597494E-01
+6.364746E+02,-9.167247E-06,+6.790697E-06,-9.885550E+01,+2.504034E+00
+6.367188E+02,+9.107615E-06,-4.554934E-06,-9.984238E+01,-4.637465E-01
+6.369629E+02,-5.707196E-06,+1.105094E-07,-1.048699E+02,+3.122232E+00
+6.372070E+02,-9.168373E-07,+4.746214E-06,-1.063139E+02,+1.761618E+00
+6.374512E+02,-1.982886E-06,-2.612715E-06,-1.096826E+02,-2.219993E+00
+6.376953E+02,+6.686879E-06,-8.376967E-06,-9.939726E+01,-8.971260E-01
+6.379395E+02,-3.302329E-07,+1.248646E-05,-9.806818E+01,+1.597237E+00
+6.381836E+02,-5.190400E-06,-3.228876E-06,-1.042752E+02,-2.585092E+00
+6.384277E+02,+2.721740E-07,+3.771059E-07,-1.266497E+02,+9.456254E-01
+6.386719E+02,+4.642146E-06,-5.203575E-06,-1.031312E+02,-8.423592E-01
+6.389160E+02,-9.783356E-07,+2.223144E-06,-1.122918E+02,+1.985361E+00
+6.391602E+02,-3.651650E-06,-1.614181E-06,-1.079751E+02,-2.725377E+00
+6.394043E+02,+5.121490E-06,+8.804746E-06,-9.983998E+01,+1.043961E+00
+6.396484E+02,-4.486850E-06,-9.159095E-06,-9.982880E+01,-2.026314E+00
+6.398926E+02,-2.820169E-06,+3.683494E-06,-1.066713E+02,+2.224222E+00
+6.401367E+02,+9.794981E-06,-4.696335E-06,-9.928128E+01,-4.470838E-01
+6.403809E+02,-4.588181E-06,+5.843558E-06,-1.025807E+02,+2.236428E+00
+6.406250E+02,-3.481564E-06,-5.989292E-06,-1.031882E+02,-2.097351E+00
+6.408691E+02,+2.525501E-06,+5.950651E-06,-1.037894E+02,+1.169428E+00
+6.411133E+02,-2.589911E-06,+9.810267E-07,-1.111520E+02,+2.779505E+00
+6.413574E+02,+5.157496E-06,-5.546119E-06,-1.024140E+02,-8.216899E-01
+6.416016E+02,-6.967187E-06,+9.921026E-07,-1.030517E+02,+3.000147E+00
+6.418457E+02,+3.083733E-06,+7.607913E-07,-1.099619E+02,+2.418809E-01
+6.420898E+02,+6.715374E-06,-7.135299E-07,-1.034098E+02,-1.058560E-01
+6.423340E+02,-7.855056E-06,+4.507930E-06,-1.008606E+02,+2.620594E+00
+6.425781E+02,+2.838520E-06,-4.836801E-06,-1.050235E+02,-1.040095E+00
+6.428223E+02,-5.355383E-06,+2.850118E-07,-1.054119E+02,+3.088423E+00
+6.430664E+02,+4.916826E-06,+5.339590E-06,-1.027830E+02,+8.265943E-01
+6.433105E+02,+5.574604E-06,-9.820121E-06,-9.894452E+01,-1.054487E+00
+6.435547E+02,-5.656953E-06,+5.432395E-06,-1.021104E+02,+2.376442E+00
+6.437988E+02,-9.352651E-07,+3.492038E-06,-1.088376E+02,+1.832482E+00
+6.440430E+02,+3.991917E-06,-1.021766E-05,-9.919604E+01,-1.198343E+00
+6.442871E+02,-9.177055E-07,+6.283491E-06,-1.039443E+02,+1.715821E+00
+6.445312E+02,-3.577071E-06,+1.278734E-06,-1.084072E+02,+2.798269E+00
+6.447754E+02,-3.572783E-06,-2.607448E-06,-1.070855E+02,-2.511140E+00
+6.450195E+02,+7.335849E-06,+3.160853E-06,-1.019514E+02,+4.068384E-01
+6.452637E+02,-1.835681E-06,-9.002298E-06,-1.007360E+02,-1.771951E+00
+6.455078E+02,-3.872681E-06,+1.124612E-05,-9.849327E+01,+1.902435E+00
+6.457520E+02,+6.960568E-07,-2.284732E-06,-1.124378E+02,-1.275074E+00
+6.459961E+02,+8.134199E-06,-1.191240E-06,-1.017015E+02,-1.454147E-01
+6.462402E+02,-6.983134E-06,-1.923252E-06,-1.028015E+02,-2.872842E+00
+6.464844E+02,+5.531405E-06,+7.385422E-07,-1.050665E+02,+1.327330E-01
+6.467285E+02,-6.037236E-06,-6.274434E-06,-1.012023E+02,-2.336931E+00
+6.469727E+02,-6.322318E-07,+1.352812E-05,-9.736578E+01,+1.617497E+00
+6.472168E+02,+4.457397E-06,-9.708227E-06,-9.942646E+01,-1.140371E+00
+6.474609E+02,-3.720231E-06,-5.979391E-07,-1.084778E+02,-2.982229E+00
+6.477051E+02,+5.515688E-06,+4.630775E-07,-1.051375E+02,+8.376001E-02
+6.479492E+02,-1.123332E-05,-1.647095E-06,-9.889746E+01,-2.996004E+00
+6.481934E+02,+5.138293E-06,+6.350936E-06,-1.017564E+02,+8.905549E-01
+6.484375E+02,-1.679672E-07,-4.551860E-06,-1.068303E+02,-1.607680E+00
+6.486816E+02,+3.686092E-07,-3.716700E-07,-1.256223E+02,-7.895327E-01
+6.489258E+02,-2.692971E-06,+1.348133E-05,-9.723542E+01,+1.767957E+00
+6.491699E+02,+6.879195E-06,-1.639866E-05,-9.499985E+01,-1.173596E+00
+6.494141E+02,-2.686121E-06,+9.200804E-06,-1.003683E+02,+1.854846E+00
+6.496582E+02,-3.956264E-06,-5.524668E-06,-1.033560E+02,-2.192252E+00
+6.499023E+02,+6.139726E-06,+6.910194E-07,-1.041824E+02,+1.120772E-01
+6.501465E+02,+3.183253E-07,+7.387351E-06,-1.026222E+02,+1.527732E+00
+6.503906E+02,-1.406871E-05,-1.684139E-05,-9.317348E+01,-2.266733E+00
+6.506348E+02,+1.551791E-05,+1.531115E-05,-9.323090E+01,+7.786915E-01
+6.508789E+02,-7.098027E-06,-9.938974E-06,-9.826332E+01,-2.190963E+00
+6.511230E+02,-6.868885E-06,+1.111245E-05,-9.767848E+01,+2.124437E+00
+6.513672E+02,+8.078434E-06,+3.177957E-06,-1.012286E+02,+3.747932E-01
+6.516113E+02,+1.065963E-05,-1.085563E-05,-9.635501E+01,-7.945077E-01
+6.518555E+02,-1.473882E-05,+2.827221E-07,-9.662915E+01,+3.122413E+00
+6.520996E+02,-9.807442E-07,+4.293714E-06,-1.071225E+02,+1.795358E+00
+6.523438E+02,+1.043173E-05,+1.642295E-06,-9.952654E+01,+1.561510E-01
+6.525879E+02,-6.495304E-06,-1.250154E-05,-9.702289E+01,-2.049969E+00
+6.528320E+02,+1.657192E-06,+1.562232E-05,-9.607649E+01,+1.465113E+00
+6.530762E+02,-4.488149E-06,-2.980958E-06,-1.053716E+02,-2.555311E+00
+6.533203E+02,+1.108320E-05,-4.784863E-06,-9.836444E+01,-4.075505E-01
+6.535645E+02,-1.281231E-05,+6.259629E-06,-9.691781E+01,+2.687136E+00
+6.538086E+02,+1.004127E-05,-6.799827E-06,-9.832491E+01,-5.952511E-01
+6.540527E+02,-5.721855E-07,+1.821286E-06,-1.143836E+02,+1.875198E+00
+6.542969E+02,-3.862408E-06,-6.821065E-06,-1.021151E+02,-2.086028E+00
+6.545410E+02,-2.496396E-06,-5.747935E-07,-1.118294E+02,-2.915287E+00
+6.547852E+02,-2.050974E-06,+1.997750E-05,-9.394364E+01,+1.673102E+00
+6.550293E+02,+8.196465E-06,-1.271772E-05,-9.640311E+01,-9.983032E-01
+6.552734E+02,-4.494556E-06,-3.677840E-06,-1.047202E+02,-2.455800E+00
+6.555176E+02,-1.266810E-06,+9.300985E-06,-1.005496E+02,+1.706165E+00
+6.557617E+02,-7.106420E-07,-5.821490E-06,-1.046351E+02,-1.692268E+00
+6.560059E+02,+4.556505E-06,+1.000972E-06,-1.066227E+02,+2.162449E-01
+6.562500E+02,+1.684408E-06,+1.594873E-07,-1.154323E+02,+9.440307E-02
+6.564941E+02,-1.509755E-06,-2.102212E-06,-1.117401E+02,-2.193616E+00
+6.567383E+02,-5.351144E-06,+5.611075E-08,-1.054306E+02,+3.131107E+00
+6.569824E+02,+1.464903E-06,+1.406743E-05,-9.698886E+01,+1.467036E+00
+6.572266E+02,-1.616525E-07,-9.364441E-06,-1.005691E+02,-1.588057E+00
+6.574707E+02,+7.047528E-06,-6.552653E-06,-1.003337E+02,-7.490268E-01
+6.577148E+02,-5.213759E-06,+4.318431E-06,-1.033883E+02,+2.449847E+00
+6.579590E+02,+1.228093E-07,+1.088284E-06,-1.192102E+02,+1.458425E+00
+6.582031E+02,+4.550707E-06,-1.265944E-06,-1.065147E+02,-2.713260E-01
+6.584473E+02,-1.003624E-05,-2.075363E-06,-9.978673E+01,-2.937680E+00
+6.586914E+02,+1.152123E-05,+6.546923E-06,-9.755473E+01,+5.167455E-01
+6.589355E+02,-7.175244E-06,-3.491403E-06,-1.019604E+02,-2.688730E+00
+6.591797E+02,+3.441595E-06,+3.351046E-07,-1.092238E+02,+9.706300E-02
+6.594238E+02,-5.062467E-06,-1.284319E-06,-1.056419E+02,-2.893140E+00
+6.596680E+02,+1.041768E-06,+3.556067E-06,-1.086230E+02,+1.285815E+00
+6.599121E+02,+7.314030E-06,-7.691692E-06,-9.948241E+01,-8.105608E-01
+6.601562E+02,-1.553335E-06,+1.405774E-05,-9.698898E+01,+1.680847E+00
+6.604004E+02,+3.187295E-06,-1.536647E-05,-9.608558E+01,-1.366278E+00
+6.606445E+02,-1.271313E-05,+2.866339E-07,-9.791274E+01,+3.119050E+00
+6.608887E+02,+4.615172E-06,+7.329084E-06,-1.012485E+02,+1.008820E+00
+6.611328E+02,-2.437697E-06,+3.434533E-06,-1.075109E+02,+2.188043E+00
+6.613770E+02,+8.184910E-06,-5.082013E-06,-1.003236E+02,-5.556458E-01
+6.616211E+02,-6.945665E-06,+2.455507E-06,-1.026543E+02,+2.801776E+00
+6.618652E+02,+7.297157E-06,-2.596114E-06,-1.022193E+02,-3.418064E-01
+6.621094E+02,-2.586428E-06,+3.071621E-06,-1.079251E+02,+2.270651E+00
+6.623535E+02,-3.470302E-07,-4.020345E-06,-1.078825E+02,-1.656901E+00
+6.625977E+02,-4.395422E-06,+8.696580E-06,-1.002250E+02,+2.038770E+00
+6.628418E+02,+6.197168E-06,-1.177610E-05,-9.751827E+01,-1.086370E+00
+6.630859E+02,-5.068634E-06,+5.804862E-06,-1.022630E+02,+2.288589E+00
+6.633301E+02,+4.158740E-06,-2.802769E-06,-1.059945E+02,-5.930257E-01
+6.635742E+02,+4.535585E-06,+2.636318E-06,-1.056032E+02,+5.265202E-01
+6.638184E+02,-1.079129E-05,-9.786015E-07,-9.930296E+01,-3.051156E+00
+6.640625E+02,+1.009945E-05,+2.348606E-06,-9.968532E+01,+2.284869E-01
+6.643066E+02,-6.368888E-06,-2.389754E-06,-1.033467E+02,-2.782626E+00
+6.645508E+02,-2.483144E-07,-5.496554E-06,-1.051893E+02,-1.615942E+00
+6.647949E+02,+4.083231E-06,+1.451234E-05,-9.643437E+01,+1.296525E+00
+6.650391E+02,-3.461970E-06,-1.185793E-05,-9.816458E+01,-1.854855E+00
+6.652832E+02,+2.238645E-06,+1.464826E-06,-1.114525E+02,+5.794175E-01
+6.655273E+02,+3.087034E-06,+7.858074E-07,-1.099365E+02,+2.492573E-01
+6.657715E+02,-7.991117E-06,+7.152750E-06,-9.939227E+01,+2.411498E+00
+6.660156E+02,+5.121920E-06,-1.235440E-05,-9.747474E+01,-1.177782E+00
+6.662598E+02,-6.485776E-07,+7.401372E-06,-1.025805E+02,+1.658202E+00
+6.665039E+02,-4.061046E-06,-4.120376E-06,-1.047535E+02,-2.348943E+00
+6.667480E+02,+9.372734E-06,+6.391569E-06,-9.890421E+01,+5.984967E-01
+6.669922E+02,-5.460473E-06,-7.703903E-06,-1.004980E+02,-2.187399E+00
+6.672363E+02,+2.403674E-06,+7.712934E-06,-1.018531E+02,+1.268693E+00
+6.674805E+02,-9.011175E-07,-6.791264E-06,-1.032852E+02,-1.702713E+00
+6.677246E+02,-4.727689E-06,+3.468455E-06,-1.046368E+02,+2.508640E+00
+6.679688E+02,+7.047566E-06,+1.478741E-06,-1.028521E+02,+2.068225E-01
+6.682129E+02,-5.680682E-06,-1.605080E-06,-1.045784E+02,-2.866220E+00
+6.684570E+02,+2.547368E-06,-4.039063E-06,-1.064201E+02,-1.008121E+00
+6.687012E+02,+3.585973E-06,+5.075373E-06,-1.041320E+02,+9.556921E-01
+6.689453E+02,-4.053692E-06,-8.612165E-06,-1.004286E+02,-2.010725E+00
+6.691895E+02,+2.418663E-06,+1.038791E-05,-9.944016E+01,+1.342038E+00
+6.694336E+02,-3.548044E-06,-2.732831E-06,-1.069773E+02,-2.485266E+00
+6.696777E+02,+9.388126E-08,-1.587012E-07,-1.346852E+02,-1.036606E+00
+6.699219E+02,+1.471918E-06,-5.601702E-06,-1.047436E+02,-1.313842E+00
+6.701660E+02,+4.012515E-06,+5.916922E-06,-1.029149E+02,+9.748911E-01
+6.704102E+02,-5.279966E-06,-6.590247E-07,-1.054802E+02,-3.017419E+00
+6.706543E+02,+1.766863E-06,-2.965908E-07,-1.149353E+02,-1.663124E-01
+6.708984E+02,-2.010950E-06,-2.301994E-07,-1.138754E+02,-3.027616E+00
+6.711426E+02,+8.398034E-06,+1.663274E-06,-1.013493E+02,+1.955249E-01
+6.713867E+02,-8.297648E-06,-5.855401E-06,-9.986587E+01,-2.527071E+00
+6.716309E+02,-7.029074E-07,+3.581620E-06,-1.087543E+02,+1.764587E+00
+6.718750E+02,+4.691539E-06,-8.645943E-06,-1.001429E+02,-1.073630E+00
+6.721191E+02,-5.283537E-06,+1.111482E-05,-9.819717E+01,+2.014538E+00
+6.723633E+02,+2.730392E-06,+1.423530E-06,-1.102312E+02,+4.805930E-01
+6.726074E+02,+1.024971E-06,-6.103547E-06,-1.041676E+02,-1.404418E+00
+6.728516E+02,-3.822619E-07,+3.252136E-06,-1.096970E+02,+1.687801E+00
+6.730957E+02,-1.028172E-06,-9.537951E-07,-1.170623E+02,-2.393704E+00
+6.733398E+02,+3.940251E-06,-1.449618E-06,-1.075382E+02,-3.525316E-01
+6.735840E+02,-8.596248E-07,-3.519817E-06,-1.088180E+02,-1.810332E+00
+6.738281E+02,-7.622546E-06,+7.563909E-06,-9.938110E+01,+2.360056E+00
+6.740723E+02,+4.827248E-06,-5.023436E-06,-1.031393E+02,-8.053117E-01
+6.743164E+02,+5.966189E-06,-1.803764E-07,-1.044821E+02,-3.022390E-02
+6.745605E+02,-9.762790E-06,+1.376236E-06,-1.001231E+02,+3.001548E+00
+6.748047E+02,+1.183852E-06,-2.659796E-06,-1.107181E+02,-1.152032E+00
+6.750488E+02,+9.327446E-06,+2.445456E-06,-1.003160E+02,+2.564076E-01
+6.752930E+02,-1.034952E-05,+2.402142E-06,-9.947372E+01,+2.913529E+00
+6.755371E+02,+4.379388E-06,-4.929108E-06,-1.036176E+02,-8.443853E-01
+6.757812E+02,-2.300240E-06,+3.275360E-06,-1.079536E+02,+2.183055E+00
+6.760254E+02,-8.182641E-07,-6.337651E-06,-1.038896E+02,-1.699198E+00
+6.762695E+02,+5.531745E-06,+9.547687E-06,-9.914500E+01,+1.045676E+00
+6.765137E+02,-4.912136E-06,-5.916158E-06,-1.022819E+02,-2.263737E+00
+6.767578E+02,+3.505436E-06,+2.730223E-06,-1.070460E+02,+6.617134E-01
+6.770020E+02,-5.323977E-06,-4.626377E-06,-1.030322E+02,-2.426188E+00
+6.772461E+02,+2.820420E-06,+3.591121E-06,-1.068087E+02,+9.050294E-01
+6.774902E+02,+1.064385E-06,+3.791904E-07,-1.189391E+02,+3.422346E-01
+6.777344E+02,-1.053618E-06,-2.318184E-07,-1.193410E+02,-2.925022E+00
+6.779785E+02,-1.556806E-07,-1.690141E-06,-1.154049E+02,-1.662648E+00
+6.782227E+02,+2.518618E-06,-1.185147E-06,-1.111081E+02,-4.398151E-01
+6.784668E+02,-3.512378E-06,-2.446391E-06,-1.073704E+02,-2.533216E+00
+6.787109E+02,-4.320152E-06,+1.127856E-05,-9.836035E+01,+1.936598E+00
+6.789551E+02,+9.163361E-06,-1.896247E-06,-1.005768E+02,-2.040577E-01
+6.791992E+02,-1.818205E-06,-1.055481E-05,-9.940399E+01,-1.741385E+00
+6.794434E+02,-4.979821E-06,+4.383872E-06,-1.035638E+02,+2.419754E+00
+6.796875E+02,+1.379590E-06,+3.046619E-06,-1.095136E+02,+1.145594E+00
+6.799316E+02,-4.822572E-06,-2.421815E-06,-1.053577E+02,-2.676200E+00
+6.801758E+02,+1.237455E-05,+2.924969E-06,-9.791330E+01,+2.321097E-01
+6.804199E+02,-7.738076E-06,-8.659087E-06,-9.870125E+01,-2.300085E+00
+6.806641E+02,+1.206548E-06,+8.849132E-06,-1.009820E+02,+1.435286E+00
+6.809082E+02,-8.961297E-06,-3.254504E-06,-1.004145E+02,-2.793231E+00
+6.811523E+02,+7.738024E-06,+2.273920E-06,-1.018677E+02,+2.858172E-01
+6.813965E+02,+7.244173E-06,-5.504635E-07,-1.027752E+02,-7.584133E-02
+6.816406E+02,-9.894152E-06,-5.620057E-06,-9.887801E+01,-2.625021E+00
+6.818848E+02,+5.979962E-07,+1.355287E-05,-9.735092E+01,+1.526702E+00
+6.821289E+02,+1.830360E-06,-1.003042E-05,-9.983135E+01,-1.390301E+00
+6.823730E+02,+2.472567E-06,-5.120834E-06,-1.049031E+02,-1.120967E+00
+6.826172E+02,+1.853640E-06,+1.510246E-05,-9.635411E+01,+1.448670E+00
+6.828613E+02,-1.334824E-05,-1.048068E-05,-9.540577E+01,-2.475958E+00
+6.831055E+02,+1.311801E-05,+3.335937E-06,-9.737049E+01,+2.490236E-01
+6.833496E+02,-7.706806E-06,-4.698495E-07,-1.022464E+02,-3.080703E+00
+6.835938E+02,+3.726632E-06,-4.400105E-06,-1.047823E+02,-8.680806E-01
+6.838379E+02,+7.676863E-07,+7.405850E-06,-1.025621E+02,+1.467506E+00
+6.840820E+02,+1.220204E-06,-2.739051E-06,-1.104618E+02,-1.151704E+00
+6.843262E+02,-6.346468E-06,+2.866134E-07,-1.039405E+02,+3.096462E+00
+6.845703E+02,+5.411212E-06,-5.404368E-07,-1.052910E+02,-9.954343E-02
+6.848145E+02,-1.468133E-07,+2.181145E-06,-1.132067E+02,+1.638005E+00
+6.850586E+02,-3.207727E-06,-4.308764E-06,-1.053978E+02,-2.210746E+00
+6.853027E+02,+1.784362E-06,-2.017305E-06,-1.113945E+02,-8.465953E-01
+6.855469E+02,+5.002326E-07,+6.602748E-06,-1.035806E+02,+1.495180E+00
+6.857910E+02,-5.375149E-07,-7.516710E-07,-1.206858E+02,-2.191580E+00
+6.860352E+02,-7.491898E-07,-1.684552E-06,-1.146865E+02,-1.989268E+00
+6.862793E+02,+3.842947E-06,-3.854347E-07,-1.082632E+02,-9.996237E-02
+6.865234E+02,-6.428737E-06,+5.311059E-06,-1.015779E+02,+2.451113E+00
+6.867676E+02,+3.275129E-06,-6.849161E-06,-1.023930E+02,-1.124757E+00
+6.870117E+02,+3.292217E-06,+4.870893E-06,-1.046137E+02,+9.764313E-01
+6.872559E+02,-5.880294E-06,-6.535971E-06,-1.011184E+02,-2.303436E+00
+6.875000E+02,+1.186167E-06,+9.644745E-06,-1.002490E+02,+1.448425E+00
+6.877441E+02,+3.563609E-06,-7.840656E-06,-1.012974E+02,-1.144203E+00
+6.879883E+02,-5.226957E-06,+7.336313E-06,-1.009075E+02,+2.189847E+00
+6.882324E+02,+6.013201E-06,-4.123169E-06,-1.027442E+02,-6.010547E-01
+6.884766E+02,-3.561204E-06,-3.795607E-06,-1.056721E+02,-2.324343E+00
+6.887207E+02,+1.818367E-06,+5.720341E-06,-1.044335E+02,+1.263020E+00
+6.889648E+02,+4.205736E-07,-3.786189E-06,-1.083827E+02,-1.460169E+00
+6.892090E+02,-2.628477E-06,-4.704651E-07,-1.114690E+02,-2.964480E+00
+6.894531E+02,-8.078287E-07,+8.583565E-06,-1.012883E+02,+1.664633E+00
+6.896973E+02,+4.339890E-07,-1.030969E-05,-9.972740E+01,-1.528726E+00
+6.899414E+02,+2.181360E-06,+5.475562E-06,-1.045917E+02,+1.191687E+00
+6.901855E+02,+3.652924E-06,+2.708196E-06,-1.068449E+02,+6.379598E-01
+6.904297E+02,-6.370882E-06,-3.496932E-06,-1.027723E+02,-2.639600E+00
+6.906738E+02,+7.055347E-06,+4.956548E-06,-1.012875E+02,+6.124177E-01
+6.909180E+02,-7.412280E-06,-9.578360E-06,-9.833609E+01,-2.229392E+00
+6.911621E+02,+1.629399E-06,+3.948378E-06,-1.073886E+02,+1.179411E+00
+6.914062E+02,-1.582301E-06,+3.751020E-06,-1.078058E+02,+1.969981E+00
+6.916504E+02,+7.401785E-06,-5.683002E-06,-1.006007E+02,-6.547886E-01
+6.918945E+02,-3.922200E-06,+4.940117E-06,-1.040024E+02,+2.241837E+00
+6.921387E+02,-3.814401E-06,-1.444325E-06,-1.077896E+02,-2.779625E+00
+6.923828E+02,+8.781149E-06,-8.823353E-08,-1.011285E+02,-1.004772E-02
+6.926270E+02,-9.450055E-06,-2.521632E-06,-1.001926E+02,-2.880831E+00
+6.928711E+02,+5.563486E-06,+6.549791E-06,-1.013164E+02,+8.666425E-01
+6.931152E+02,+2.339914E-06,-6.103905E-06,-1.036924E+02,-1.204728E+00
+6.933594E+02,-2.733522E-06,-6.108589E-07,-1.110539E+02,-2.921735E+00
+6.936035E+02,-1.422029E-06,+6.982369E-07,-1.160038E+02,+2.685159E+00
+6.938477E+02,-3.034562E-06,+5.506486E-06,-1.040307E+02,+2.074475E+00
+6.940918E+02,+1.386026E-05,-4.736463E-06,-9.668489E+01,-3.292881E-01
+6.943359E+02,-1.594796E-05,+2.699886E-06,-9.582318E+01,+2.973889E+00
+6.945801E+02,+6.804975E-06,-3.559874E-06,-1.022929E+02,-4.819785E-01
+6.948242E+02,-4.122961E-06,-1.448473E-06,-1.071904E+02,-2.803744E+00
+6.950684E+02,+4.661943E-06,+7.162888E-06,-1.013644E+02,+9.938260E-01
+6.953125E+02,+7.526336E-06,-1.000980E-05,-9.804538E+01,-9.260825E-01
+6.955566E+02,-1.353442E-05,+6.929869E-06,-9.636005E+01,+2.668377E+00
+6.958008E+02,+3.591415E-06,-9.334926E-07,-1.086108E+02,-2.542962E-01
+6.960449E+02,-1.962014E-06,-1.616289E-06,-1.118964E+02,-2.452513E+00
+6.962891E+02,+1.653784E-06,+4.873413E-06,-1.057700E+02,+1.243642E+00
+6.965332E+02,+2.957393E-07,-5.323267E-06,-1.054630E+02,-1.515297E+00
+6.967773E+02,+4.704699E-06,+3.172278E-06,-1.049218E+02,+5.932540E-01
+6.970215E+02,-7.321140E-06,+1.260923E-06,-1.025815E+02,+2.971035E+00
+6.972656E+02,+6.439860E-06,-2.194830E-07,-1.038174E+02,-3.406876E-02
+6.975098E+02,-1.453756E-06,-5.251306E-07,-1.162175E+02,-2.794955E+00
+6.977539E+02,-1.788710E-06,-2.177063E-07,-1.148853E+02,-3.020477E+00
+6.979980E+02,+5.404433E-06,+2.218899E-06,-1.046685E+02,+3.895852E-01
+6.982422E+02,-2.412001E-06,+1.146108E-06,-1.114683E+02,+2.698006E+00
+6.984863E+02,-3.931634E-07,-7.557671E-06,-1.024205E+02,-1.622771E+00
+6.987305E+02,-1.497002E-06,+4.914849E-06,-1.057845E+02,+1.866457E+00
+6.989746E+02,+4.450149E-06,-2.858179E-06,-1.055326E+02,-5.709190E-01
+6.992188E+02,-7.585784E-07,+3.199593E-06,-1.096606E+02,+1.803584E+00
+6.994629E+02,-8.415199E-06,-1.024712E-06,-1.014348E+02,-3.020420E+00
+6.997070E+02,+1.405485E-05,-3.338927E-06,-9.680504E+01,-2.332404E-01
+6.999512E+02,-9.402413E-06,+4.708928E-06,-9.956326E+01,+2.677288E+00
+7.001953E+02,+5.558860E-06,-5.314907E-06,-1.022805E+02,-7.629669E-01
+7.004395E+02,-4.889164E-06,+1.292669E-06,-1.059219E+02,+2.883112E+00
+7.006836E+02,-2.645548E-06,+5.369287E-06,-1.044577E+02,+2.028602E+00
+7.009277E+02,+6.676275E-06,-7.036940E-06,-1.002645E+02,-8.116927E-01
+7.011719E+02,-1.501909E-06,+3.503981E-06,-1.083763E+02,+1.975737E+00
+7.014160E+02,-1.315848E-06,-1.271142E-06,-1.147531E+02,-2.373474E+00
+7.016602E+02,-2.413389E-06,-5.470828E-06,-1.044667E+02,-1.986256E+00
+7.019043E+02,+7.608718E-06,+7.985323E-06,-9.914860E+01,+8.095440E-01
+7.021484E+02,-3.881401E-06,+2.166795E-07,-1.082067E+02,+3.085825E+00
+7.023926E+02,+8.420062E-07,-6.470207E-06,-1.037087E+02,-1.441388E+00
+7.026367E+02,-1.344093E-06,+7.763744E-06,-1.020703E+02,+1.742221E+00
+7.028809E+02,-4.202332E-06,-9.953284E-06,-9.932827E+01,-1.970298E+00
+7.031250E+02,+6.420743E-06,+3.927787E-06,-1.024677E+02,+5.490028E-01
+7.033691E+02,-1.470151E-06,+5.906197E-06,-1.043128E+02,+1.814755E+00
+7.036133E+02,+3.707472E-07,-7.326436E-06,-1.026910E+02,-1.520235E+00
+7.038574E+02,-1.756284E-06,+6.263064E-07,-1.145882E+02,+2.799042E+00
+7.041016E+02,+6.340100E-07,+3.865900E-06,-1.081397E+02,+1.408243E+00
+7.043457E+02,+1.610623E-06,-3.770834E-06,-1.077435E+02,-1.167126E+00
+7.045898E+02,-2.534971E-06,-3.391847E-06,-1.074640E+02,-2.212613E+00
+7.048340E+02,+4.274366E-06,+8.448861E-06,-1.004743E+02,+1.102432E+00
+7.050781E+02,-3.562728E-06,-4.842765E-06,-1.044195E+02,-2.205070E+00
+7.053223E+02,-4.075545E-06,+1.118898E-06,-1.074807E+02,+2.873655E+00
+7.055664E+02,+7.799449E-06,-1.455334E-06,-1.020101E+02,-1.844731E-01
+7.058105E+02,-9.269679E-06,+2.593144E-06,-1.003315E+02,+2.868821E+00
+7.060547E+02,+9.940918E-06,-8.955893E-07,-1.000164E+02,-8.984865E-02
+7.062988E+02,-4.943943E-06,-3.637635E-06,-1.042395E+02,-2.507257E+00
+7.065430E+02,-5.649250E-07,+4.157491E-06,-1.075439E+02,+1.705850E+00
+7.067871E+02,+1.998234E-06,-1.442236E-06,-1.121660E+02,-6.251782E-01
+7.070312E+02,-1.151625E-06,-5.085335E-06,-1.056564E+02,-1.793500E+00
+7.072754E+02,+2.731091E-06,+4.540443E-06,-1.055169E+02,+1.029272E+00
+7.075195E+02,-5.319586E-08,+3.108328E-06,-1.101482E+02,+1.587909E+00
+7.077637E+02,-5.419843E-06,-7.206300E-06,-1.008988E+02,-2.215639E+00
+7.080078E+02,+5.219890E-07,+3.482676E-06,-1.090653E+02,+1.422022E+00
+7.082520E+02,+6.695647E-07,+2.635936E-06,-1.113098E+02,+1.322043E+00
+7.084961E+02,+2.415477E-07,-1.124887E-05,-9.897582E+01,-1.549327E+00
+7.087402E+02,+2.371412E-06,+1.107453E-05,-9.891879E+01,+1.359850E+00
+7.089844E+02,-2.159763E-06,+2.675077E-06,-1.092736E+02,+2.250012E+00
+7.092285E+02,+3.583611E-06,-5.457731E-06,-1.037029E+02,-9.897871E-01
+7.094727E+02,-4.797687E-06,+1.648497E-06,-1.058947E+02,+2.810628E+00
+7.097168E+02,-1.812503E-06,-6.931740E-06,-1.028959E+02,-1.826549E+00
+7.099609E+02,+2.657081E-06,+8.097364E-06,-1.013890E+02,+1.253726E+00
+7.102051E+02,+1.938737E-06,-5.089074E-06,-1.052787E+02,-1.206810E+00
+7.104492E+02,+2.319767E-06,-4.538674E-07,-1.125280E+02,-1.932114E-01
+7.106934E+02,-6.506591E-06,+7.364553E-06,-1.001515E+02,+2.294421E+00
+7.109375E+02,-1.703459E-06,-7.396520E-06,-1.023950E+02,-1.797155E+00
+7.111816E+02,+4.633443E-06,+2.392474E-06,-1.056555E+02,+4.766413E-01
+7.114258E+02,-1.931237E-06,+7.323113E-07,-1.136998E+02,+2.779151E+00
+7.116699E+02,+1.597666E-06,-1.174809E-06,-1.140531E+02,-6.340451E-01
+7.119141E+02,+1.667377E-06,-2.748793E-06,-1.098565E+02,-1.025549E+00
+7.121582E+02,-4.388281E-06,-2.071855E-06,-1.062802E+02,-2.700485E+00
+7.124023E+02,-9.766036E-08,+7.745380E-06,-1.022185E+02,+1.583404E+00
+7.126465E+02,+2.148865E-08,-1.324593E-06,-1.175572E+02,-1.554575E+00
+7.128906E+02,-9.079395E-07,+7.612459E-07,-1.185268E+02,+2.443853E+00
+7.131348E+02,+3.039029E-06,-3.506748E-06,-1.066690E+02,-8.567306E-01
+7.133789E+02,+5.545283E-07,+2.372585E-06,-1.122646E+02,+1.341195E+00
+7.136230E+02,-5.365587E-06,+2.163042E-06,-1.047537E+02,+2.758389E+00
+7.138672E+02,+2.142351E-06,-1.098204E-05,-9.902413E+01,-1.378138E+00
+7.141113E+02,+5.720573E-06,+1.414540E-05,-9.632984E+01,+1.186492E+00
+7.143555E+02,-7.016624E-06,-9.077083E-06,-9.880657E+01,-2.228858E+00
+7.145996E+02,+5.367800E-06,+1.371861E-06,-1.051293E+02,+2.502163E-01
+7.148438E+02,-8.935455E-06,+4.023797E-06,-1.001758E+02,+2.718474E+00
+7.150879E+02,+3.136938E-06,-2.968301E-06,-1.072929E+02,-7.577835E-01
+7.153320E+02,+2.135227E-06,+4.337479E-06,-1.063129E+02,+1.113349E+00
+7.155762E+02,-3.181817E-06,-8.813076E-06,-1.005653E+02,-1.917267E+00
+7.158203E+02,+5.837755E-06,+5.902103E-06,-1.016169E+02,+7.908792E-01
+7.160645E+02,-5.722342E-08,+6.631513E-06,-1.035674E+02,+1.579425E+00
+7.163086E+02,-7.541637E-06,-1.224831E-05,-9.684245E+01,-2.122701E+00
+7.165527E+02,+8.410808E-06,+3.282410E-06,-1.008876E+02,+3.720825E-01
+7.167969E+02,-8.740932E-06,+7.655848E-06,-9.869615E+01,+2.422275E+00
+7.170410E+02,-7.935719E-08,-5.208033E-06,-1.056655E+02,-1.586033E+00
+7.172852E+02,+4.156067E-06,-1.532904E-07,-1.076204E+02,-3.686681E-02
+7.175293E+02,+2.697832E-06,-1.073968E-07,-1.113728E+02,-3.978754E-02
+7.177734E+02,-5.148173E-06,+3.857321E-06,-1.038318E+02,+2.498565E+00
+7.180176E+02,+6.243323E-06,-5.012803E-06,-1.019309E+02,-6.765106E-01
+7.182617E+02,-7.961306E-06,+4.482071E-06,-1.007846E+02,+2.628837E+00
+7.185059E+02,+2.251986E-06,-3.804124E-06,-1.070901E+02,-1.036291E+00
+7.187500E+02,+5.112679E-06,+6.663655E-06,-1.015154E+02,+9.163473E-01
+7.189941E+02,-7.677479E-06,-2.211617E-06,-1.019494E+02,-2.861121E+00
+7.192383E+02,+3.758276E-06,-3.449535E-06,-1.058463E+02,-7.425901E-01
+7.194824E+02,+7.963066E-07,+3.566550E-06,-1.087438E+02,+1.351128E+00
+7.197266E+02,+1.118369E-06,-2.632440E-06,-1.108722E+02,-1.169060E+00
+7.199707E+02,-1.190895E-06,+5.530266E-06,-1.049482E+02,+1.782899E+00
+7.202148E+02,+2.945649E-06,-5.332807E-06,-1.043044E+02,-1.066140E+00
+7.204590E+02,-3.416301E-06,-1.267970E-06,-1.087684E+02,-2.786199E+00
+7.207031E+02,-4.238908E-06,+6.830114E-06,-1.018964E+02,+2.126240E+00
+7.209473E+02,+4.463230E-06,-6.437320E-06,-1.021212E+02,-9.645564E-01
+7.211914E+02,+5.419619E-06,+4.750152E-06,-1.028453E+02,+7.196639E-01
+7.214355E+02,-2.971030E-06,-2.661448E-06,-1.079832E+02,-2.411103E+00
+7.216797E+02,-4.681630E-06,-9.747765E-07,-1.064077E+02,-2.936312E+00
+7.219238E+02,+1.861448E-06,+1.710555E-06,-1.119443E+02,+7.431802E-01
+7.221680E+02,-8.330147E-07,-3.932457E-07,-1.207132E+02,-2.700533E+00
+7.224121E+02,+3.481640E-06,+2.748008E-06,-1.070612E+02,+6.681736E-01
+7.226562E+02,+2.390283E-06,-2.816797E-06,-1.086494E+02,-8.671260E-01
+7.229004E+02,-8.035471E-06,-8.724373E-08,-1.018993E+02,-3.130736E+00
+7.231445E+02,+2.698456E-06,+4.637665E-06,-1.054076E+02,+1.043824E+00
+7.233887E+02,+5.349973E-06,-5.410809E-06,-1.023733E+02,-7.910516E-01
+7.236328E+02,-7.540590E-07,+4.304207E-06,-1.071908E+02,+1.744227E+00
+7.238770E+02,-3.449952E-07,-2.642039E-06,-1.114878E+02,-1.700641E+00
+7.241211E+02,-4.551098E-06,+2.143096E-06,-1.059679E+02,+2.701498E+00
+7.243652E+02,+2.482940E-06,-1.845463E-06,-1.101906E+02,-6.391718E-01
+7.246094E+02,+1.219853E-06,+6.286893E-07,-1.172508E+02,+4.758767E-01
+7.248535E+02,+1.737806E-06,+5.895820E-07,-1.147268E+02,+3.270822E-01
+7.250977E+02,-2.965052E-06,-8.586691E-06,-1.008343E+02,-1.903285E+00
+7.253418E+02,+8.930845E-07,+1.490155E-05,-9.651981E+01,+1.510936E+00
+7.255859E+02,+8.607174E-07,-8.997118E-06,-1.008784E+02,-1.475421E+00
+7.258301E+02,-2.288115E-06,-8.423610E-07,-1.122585E+02,-2.788844E+00
+7.260742E+02,-1.523768E-07,-2.236978E-07,-1.313514E+02,-2.168774E+00
+7.263184E+02,-6.309708E-07,+3.307739E-06,-1.094542E+02,+1.759288E+00
+7.265625E+02,+4.045256E-06,+1.501431E-06,-1.073006E+02,+3.553985E-01
+7.268066E+02,-6.407639E-06,-6.942916E-06,-1.004933E+02,-2.316122E+00
+7.270508E+02,+5.732345E-06,+9.014349E-06,-9.942645E+01,+1.004388E+00
+7.272949E+02,-5.412491E-06,-2.385406E-07,-1.053236E+02,-3.097549E+00
+7.275391E+02,+1.098869E-06,-1.178630E-06,-1.158558E+02,-8.204051E-01
+7.277832E+02,+7.031631E-06,-5.026264E-06,-1.012664E+02,-6.205950E-01
+7.280273E+02,-8.177457E-06,+9.399178E-07,-1.016906E+02,+3.027155E+00
+7.282715E+02,+4.942458E-06,+6.255359E-06,-1.019683E+02,+9.021114E-01
+7.285156E+02,-1.660329E-08,-4.487377E-06,-1.069601E+02,-1.574496E+00
+7.287598E+02,-9.266764E-07,+2.340411E-06,-1.119817E+02,+1.947803E+00
+7.290039E+02,+2.296613E-06,+3.437541E-06,-1.076723E+02,+9.818038E-01
+7.292480E+02,-2.386467E-07,-5.029767E-06,-1.059593E+02,-1.618208E+00
+7.294922E+02,-1.766677E-06,+1.378414E-06,-1.129919E+02,+2.479023E+00
+7.297363E+02,+2.624173E-07,-1.237120E-06,-1.179606E+02,-1.361775E+00
+7.299805E+02,+4.197025E-06,+2.956596E-06,-1.057911E+02,+6.137065E-01
+7.302246E+02,-6.262175E-06,-8.817913E-07,-1.039802E+02,-3.001700E+00
+7.304688E+02,+5.460975E-06,-5.227897E-06,-1.024296E+02,-7.635959E-01
+7.307129E+02,+2.945691E-06,+8.100305E-06,-1.012906E+02,+1.222012E+00
+7.309570E+02,-4.461440E-06,-6.584208E-06,-1.019890E+02,-2.166328E+00
+7.312012E+02,-5.040137E-07,+2.315508E-06,-1.125060E+02,+1.785122E+00
+7.314453E+02,-1.235371E-06,+3.952282E-06,-1.076582E+02,+1.873746E+00
+7.316895E+02,+4.575737E-06,-1.068068E-05,-9.869621E+01,-1.166039E+00
+7.319336E+02,-1.889308E-06,+1.148707E-05,-9.867989E+01,+1.733809E+00
+7.321777E+02,+1.833746E-06,-2.415154E-06,-1.103642E+02,-9.213908E-01
+7.324219E+02,-3.340558E-06,-2.567763E-06,-1.075073E+02,-2.486254E+00
+7.326660E+02,+1.355836E-06,-4.129482E-06,-1.072375E+02,-1.253555E+00
+7.329102E+02,+6.600105E-06,+7.388649E-06,-1.000809E+02,+8.417084E-01
+7.331543E+02,-8.423740E-06,-1.555392E-07,-1.014884E+02,-3.123130E+00
+7.333984E+02,+8.089309E-06,-6.042754E-06,-9.991605E+01,-6.415815E-01
+7.336426E+02,-6.328760E-06,+3.513264E-06,-1.028070E+02,+2.634822E+00
+7.338867E+02,+3.290575E-06,-7.951804E-06,-1.013042E+02,-1.178438E+00
+7.341309E+02,-3.098673E-06,+1.375779E-05,-9.701412E+01,+1.792330E+00
+7.343750E+02,+4.672757E-06,-1.068483E-05,-9.866460E+01,-1.158532E+00
+7.346191E+02,+6.971947E-07,+4.328228E-06,-1.071626E+02,+1.411087E+00
+7.348633E+02,-4.911795E-06,-2.106829E-06,-1.054417E+02,-2.736396E+00
+7.351074E+02,+8.078433E-07,-7.819307E-07,-1.189824E+02,-7.691001E-01
+7.353516E+02,+7.191813E-06,+5.790601E-06,-1.006929E+02,+6.778829E-01
+7.355957E+02,-7.978665E-06,-7.439859E-06,-9.924415E+01,-2.391126E+00
+7.358398E+02,+2.739841E-06,+5.940116E-06,-1.036864E+02,+1.138632E+00
+7.360840E+02,+3.139352E-06,-9.056595E-06,-1.003679E+02,-1.237121E+00
+7.363281E+02,-5.057523E-06,+9.683678E-06,-9.923170E+01,+2.052103E+00
+7.365723E+02,+2.491230E-06,-3.822319E-06,-1.068160E+02,-9.931856E-01
+7.368164E+02,+2.322193E-06,-4.874563E-06,-1.053530E+02,-1.126215E+00
+7.370605E+02,-1.853865E-06,+3.518869E-06,-1.080081E+02,+2.055681E+00
+7.373047E+02,+2.994889E-06,+2.879533E-06,-1.076293E+02,+7.657637E-01
+7.375488E+02,-6.124884E-06,-6.771439E-06,-1.007901E+02,-2.306102E+00
+7.377930E+02,+4.124235E-06,+9.239206E-06,-9.989818E+01,+1.150953E+00
+7.380371E+02,+5.036501E-06,-1.036120E-05,-9.877061E+01,-1.118337E+00
+7.382812E+02,-5.023509E-06,+5.655230E-06,-1.024247E+02,+2.297107E+00
+7.385254E+02,-1.759050E-06,-8.857435E-06,-1.008858E+02,-1.766841E+00
+7.387695E+02,+3.075825E-06,+1.432443E-05,-9.668269E+01,+1.359282E+00
+7.390137E+02,-6.515105E-07,-1.776701E-05,-9.500188E+01,-1.607450E+00
+7.392578E+02,+1.389965E-06,+1.066713E-05,-9.936593E+01,+1.441223E+00
+7.395020E+02,-3.961161E-06,+2.449043E-06,-1.066377E+02,+2.587852E+00
+7.397461E+02,+5.844452E-06,-5.453508E-06,-1.019451E+02,-7.508089E-01
+7.399902E+02,-2.762085E-06,+1.149234E-06,-1.104818E+02,+2.747306E+00
+7.402344E+02,-3.340530E-06,-7.039943E-06,-1.021667E+02,-2.013845E+00
+7.404785E+02,+5.026288E-06,+8.449632E-06,-1.001475E+02,+1.034170E+00
+7.407227E+02,-5.227261E-06,-7.845293E-06,-1.005123E+02,-2.158540E+00
+7.409668E+02,+6.506467E-06,+4.560910E-06,-1.019972E+02,+6.113840E-01
+7.412109E+02,-3.082017E-06,-1.077044E-06,-1.097229E+02,-2.805398E+00
+7.414551E+02,+1.547281E-06,-1.853600E-06,-1.123434E+02,-8.752263E-01
+7.416992E+02,-1.462776E-06,-6.011655E-06,-1.041703E+02,-1.809481E+00
+7.419434E+02,-7.271997E-07,+7.604596E-06,-1.023389E+02,+1.666133E+00
+7.421875E+02,+3.859168E-06,-4.089857E-06,-1.050004E+02,-8.144111E-01
+7.424316E+02,-6.916076E-06,-1.843909E-06,-1.029046E+02,-2.881041E+00
+7.426758E+02,+3.917434E-06,-6.852759E-07,-1.080091E+02,-1.731775E-01
+7.429199E+02,-7.330674E-06,+7.093585E-06,-9.982726E+01,+2.372630E+00
+7.431641E+02,+8.989909E-06,-9.765849E-06,-9.754018E+01,-8.267453E-01
+7.434082E+02,-5.973791E-06,-6.442606E-07,-1.044248E+02,-3.034160E+00
+7.436523E+02,+2.974205E-06,+7.732492E-06,-1.016344E+02,+1.203603E+00
+7.438965E+02,-4.589422E-06,-8.857378E-06,-1.000211E+02,-2.048856E+00
+7.441406E+02,+8.236931E-07,+9.587518E-06,-1.003339E+02,+1.485094E+00
+7.443848E+02,-4.007069E-06,-9.957225E-06,-9.938537E+01,-1.953394E+00
+7.446289E+02,+5.600808E-06,+4.451070E-07,-1.050076E+02,+7.930525E-02
+7.448730E+02,+3.972867E-06,+4.939998E-07,-1.079513E+02,+1.237084E-01
+7.451172E+02,-1.168850E-05,-2.886123E-06,-9.838779E+01,-2.899515E+00
+7.453613E+02,+5.112441E-06,-8.844577E-07,-1.056994E+02,-1.713055E-01
+7.456055E+02,-4.979088E-06,+6.246717E-06,-1.019509E+02,+2.243750E+00
+7.458496E+02,-2.981651E-06,-2.476450E-06,-1.082324E+02,-2.448491E+00
+7.460938E+02,+4.330059E-06,-3.232012E-06,-1.053469E+02,-6.412014E-01
+7.463379E+02,+4.469979E-06,+1.827170E-06,-1.063229E+02,+3.880394E-01
+7.465820E+02,-9.275787E-06,-9.097932E-06,-9.772595E+01,-2.365874E+00
+7.468262E+02,-6.752800E-06,+3.845248E-06,-1.021906E+02,+2.623954E+00
+7.470703E+02,-1.944298E-06,+1.000341E-05,-9.983601E+01,+1.762766E+00
+7.473145E+02,+1.696114E-06,+5.917293E-06,-1.042146E+02,+1.291644E+00
+7.475586E+02,+1.093133E-05,-1.411148E-05,-9.496716E+01,-9.117106E-01
+7.478027E+02,+1.070001E-06,-4.594914E-08,-1.194043E+02,-4.291673E-02
+7.480469E+02,-8.150487E-06,+3.042028E-06,-1.012099E+02,+2.784372E+00
+7.482910E+02,-5.408891E-06,-5.140223E-06,-1.025432E+02,-2.381657E+00
+7.485352E+02,+1.871428E-06,-9.462746E-07,-1.135678E+02,-4.681519E-01
+7.487793E+02,-7.679721E-06,+5.494090E-06,-1.004981E+02,+2.520604E+00
+7.490234E+02,+1.791571E-05,+1.028170E-05,-9.369892E+01,+5.210022E-01
+7.492676E+02,+5.490872E-07,-5.032186E-05,-8.596435E+01,-1.559885E+00
+7.495117E+02,-6.965920E-05,+7.484087E-06,-8.309058E+01,+3.034564E+00
+7.497559E+02,+6.413545E-07,+6.923914E-05,-8.319260E+01,+1.561534E+00
+7.500000E+02,+6.128110E-05,-4.246388E-06,-8.423267E+01,-6.918302E-02
+7.502441E+02,-2.084498E-05,-4.733411E-07,-9.361772E+01,-3.118889E+00
+7.504883E+02,+3.898856E-05,-2.426618E-05,-8.675933E+01,-5.567219E-01
+7.507324E+02,-2.419260E-05,-1.289045E-05,-9.124103E+01,-2.652030E+00
+7.509766E+02,-5.917378E-07,-1.831819E-07,-1.241600E+02,-2.841383E+00
+7.512207E+02,-1.874937E-05,-3.864399E-06,-9.435959E+01,-2.938331E+00
+7.514648E+02,+9.535223E-07,+2.437390E-06,-1.116431E+02,+1.197894E+00
+7.517090E+02,-9.655991E-06,-3.747215E-06,-9.969482E+01,-2.771412E+00
+7.519531E+02,-1.067197E-05,-1.734467E-05,-9.382236E+01,-2.122381E+00
+7.521973E+02,-4.054564E-05,+1.154738E-05,-8.750241E+01,+2.864139E+00
+7.524414E+02,-1.368213E-05,+3.725031E-05,-8.802779E+01,+1.922801E+00
+7.526855E+02,+2.462071E-05,+1.440318E-05,-9.089573E+01,+5.293190E-01
+7.529297E+02,-2.670085E-05,-2.897104E-05,-8.809036E+01,-2.315439E+00
+7.531738E+02,-1.053455E-04,+6.453781E-05,-7.816366E+01,+2.591938E+00
+7.534180E+02,+8.468774E-05,+2.036490E-04,-7.312962E+01,+1.176700E+00
+7.536621E+02,+2.422569E-04,-9.929246E-05,-7.164009E+01,-3.889810E-01
+7.539062E+02,-1.351825E-04,-1.681343E-04,-7.332141E+01,-2.247981E+00
+7.541504E+02,-1.118215E-05,+1.179659E-04,-7.852602E+01,+1.665305E+00
+7.543945E+02,-1.852038E-04,-9.706093E-05,-7.359307E+01,-2.658870E+00
+7.546387E+02,+1.038933E-04,+4.986416E-04,-6.585967E+01,+1.365382E+00
+7.548828E+02,+6.253863E-04,-4.247380E-05,-6.405704E+01,-6.781197E-02
+7.551270E+02,+9.426152E-05,-7.355530E-04,-6.259698E+01,-1.443340E+00
+7.553711E+02,-5.112062E-04,-1.433090E-04,-6.549952E+01,-2.868273E+00
+7.556152E+02,-3.952492E-04,+1.481898E-05,-6.805648E+01,+3.104117E+00
+7.558594E+02,+9.258146E-05,+4.142786E-04,-6.744250E+01,+1.350933E+00
+7.561035E+02,-9.598593E-05,+2.061242E-04,-7.286506E+01,+2.006605E+00
+7.563477E+02,+2.357197E-04,-5.101515E-04,-6.500563E+01,-1.137960E+00
+7.565918E+02,-2.824238E-04,+1.085844E-03,-5.900037E+01,+1.825254E+00
+7.568359E+02,+1.655162E-03,-1.194692E-03,-5.380192E+01,-6.252061E-01
+7.570801E+02,-3.374219E-03,-1.831907E-03,-4.831466E+01,-2.644207E+00
+7.573242E+02,-1.547634E-03,+5.944056E-03,-4.423348E+01,+1.825508E+00
+7.575684E+02,+7.653725E-03,+9.179789E-04,-4.226051E+01,+1.193686E-01
+7.578125E+02,-1.952958E-04,-7.656180E-03,-4.231693E+01,-1.596299E+00
+7.580566E+02,-5.859173E-03,+3.918903E-03,-4.303751E+01,+2.552081E+00
+7.583008E+02,+3.909584E-03,-5.657375E-03,-4.325224E+01,-9.660958E-01
+7.585449E+02,-2.436848E-03,+6.547585E-03,-4.311499E+01,+1.927088E+00
+7.587891E+02,+5.868074E-04,-2.998824E-03,-5.029779E+01,-1.377559E+00
+7.590332E+02,-7.600975E-04,+1.472844E-03,-5.561139E+01,+2.047221E+00
+7.592773E+02,+9.408334E-04,-3.122660E-04,-6.007589E+01,-3.204633E-01
+7.595215E+02,-5.114784E-04,-1.451962E-04,-6.548686E+01,-2.864994E+00
+7.597656E+02,+2.699629E-04,+3.236798E-04,-6.750438E+01,+8.756393E-01
+7.600098E+02,-2.444792E-06,-2.554957E-04,-7.185193E+01,-1.580365E+00
+7.602539E+02,-1.203359E-04,+1.847183E-04,-7.313349E+01,+2.148195E+00
+7.604980E+02,+2.314271E-04,-7.691320E-05,-7.225671E+01,-3.208591E-01
+7.607422E+02,-1.771206E-04,-5.607761E-05,-7.461974E+01,-2.834971E+00
+7.609863E+02,+9.305196E-05,+1.030260E-04,-7.715051E+01,+8.362220E-01
+7.612305E+02,-2.470000E-05,-1.128576E-04,-7.874619E+01,-1.786259E+00
+7.614746E+02,-4.093177E-05,+9.991548E-05,-7.933356E+01,+1.959606E+00
+7.617188E+02,+7.428755E-05,-4.345355E-05,-8.130367E+01,-5.292703E-01
+7.619629E+02,-6.299873E-05,-3.814571E-07,-8.401321E+01,-3.135538E+00
+7.622070E+02,+3.357535E-05,+2.224202E-05,-8.789946E+01,+5.850781E-01
+7.624512E+02,-1.001325E-05,-2.265450E-05,-9.212192E+01,-1.986976E+00
+7.626953E+02,-1.810987E-05,+3.747087E-05,-8.761444E+01,+2.020999E+00
+7.629395E+02,+4.726840E-05,-1.545402E-05,-8.606754E+01,-3.159873E-01
+7.631836E+02,-4.575280E-05,-1.146078E-05,-8.652734E+01,-2.896149E+00
+7.634277E+02,+3.001251E-05,+3.299086E-05,-8.701333E+01,+8.326358E-01
+7.636719E+02,-8.908391E-06,-3.389780E-05,-8.910653E+01,-1.827787E+00
+7.639160E+02,+3.008054E-07,+3.681687E-05,-8.867877E+01,+1.562626E+00
+7.641602E+02,+1.724115E-05,-3.102809E-05,-8.899629E+01,-1.063616E+00
+7.644043E+02,-2.591632E-05,+9.956475E-06,-9.113066E+01,+2.774800E+00
+7.646484E+02,+1.480124E-05,+1.438171E-05,-9.370682E+01,+7.710230E-01
+7.648926E+02,-4.041522E-07,-2.891978E-05,-9.077525E+01,-1.584770E+00
+7.651367E+02,-2.913969E-05,+1.546121E-05,-8.963303E+01,+2.653774E+00
+7.653809E+02,-4.993342E-06,+4.913095E-05,-8.612827E+01,+1.672082E+00
+7.656250E+02,+7.082328E-05,+7.271407E-06,-8.295094E+01,+1.023112E-01
+7.658691E+02,+5.363139E-06,-5.122746E-05,-8.576260E+01,-1.466484E+00
+7.661133E+02,-1.518748E-05,+1.802026E-05,-9.255402E+01,+2.271096E+00
+7.663574E+02,-4.718864E-06,-5.140610E-05,-8.574326E+01,-1.662336E+00
+7.666016E+02,-8.543758E-06,+3.014598E-05,-9.007988E+01,+1.846967E+00
+7.668457E+02,-2.872875E-06,-1.025351E-05,-9.945434E+01,-1.843976E+00
+7.670898E+02,-8.474484E-06,+1.752988E-05,-9.421231E+01,+2.021101E+00
+7.673340E+02,+7.787971E-06,-3.059955E-06,-1.015480E+02,-3.743775E-01
+7.675781E+02,+3.306199E-06,-2.233951E-06,-1.079802E+02,-5.942205E-01
+7.678223E+02,-4.318099E-06,+4.542429E-06,-1.040583E+02,+2.330882E+00
+7.680664E+02,-1.788805E-06,-1.366293E-05,-9.721531E+01,-1.700980E+00
+7.683105E+02,+4.948878E-06,+1.456156E-05,-9.626113E+01,+1.243184E+00
+7.685547E+02,-2.590311E-06,-3.903031E-06,-1.065870E+02,-2.156719E+00
+7.687988E+02,+1.013131E-06,+3.052606E-06,-1.098528E+02,+1.250345E+00
+7.690430E+02,-5.052274E-06,-5.598917E-07,-1.058773E+02,-3.031223E+00
+7.692871E+02,+6.039293E-07,-4.994156E-06,-1.059677E+02,-1.450454E+00
+7.695312E+02,+1.003445E-05,+8.638474E-06,-9.756184E+01,+7.107777E-01
+7.697754E+02,-6.320105E-06,-1.049470E-05,-9.823670E+01,-2.112846E+00
+7.700195E+02,-1.541808E-06,+8.151570E-06,-1.016225E+02,+1.757730E+00
+7.702637E+02,-4.570797E-07,+3.289927E-06,-1.095732E+02,+1.708846E+00
+7.705078E+02,+6.541517E-06,-2.750139E-06,-1.029796E+02,-3.979791E-01
+7.707520E+02,-6.479582E-06,-8.345903E-07,-1.036976E+02,-3.013495E+00
+7.709961E+02,+9.940027E-06,-3.659176E-06,-9.950031E+01,-3.527300E-01
+7.712402E+02,-7.911889E-06,+3.779909E-07,-1.020245E+02,+3.093854E+00
+7.714844E+02,+1.339450E-06,+6.789568E-06,-1.031973E+02,+1.376017E+00
+7.717285E+02,+3.720316E-06,-4.266180E-06,-1.049429E+02,-8.536405E-01
+7.719727E+02,-4.420169E-06,+1.167432E-06,-1.067984E+02,+2.883374E+00
+7.722168E+02,+5.593338E-06,+1.010956E-06,-1.049070E+02,+1.788124E-01
+7.724609E+02,-5.422545E-06,+9.946964E-07,-1.051722E+02,+2.960172E+00
+7.727051E+02,+1.776307E-06,-2.793052E-06,-1.096033E+02,-1.004345E+00
+7.729492E+02,-3.349767E-06,-1.511841E-06,-1.086945E+02,-2.717635E+00
+7.731934E+02,+9.726534E-06,+2.650104E-06,-9.992985E+01,+2.660045E-01
+7.734375E+02,-7.888390E-06,+1.783724E-06,-1.018437E+02,+2.919212E+00
+7.736816E+02,+3.778612E-06,+1.128131E-06,-1.080825E+02,+2.901323E-01
+7.739258E+02,-1.093805E-06,+1.719038E-06,-1.138179E+02,+2.137472E+00
+7.741699E+02,+1.085471E-06,-9.708486E-06,-1.002030E+02,-1.459452E+00
+7.744141E+02,+3.310325E-07,+8.028182E-06,-1.019003E+02,+1.529586E+00
+7.746582E+02,-8.324226E-07,-1.443414E-06,-1.155652E+02,-2.093910E+00
+7.749023E+02,+5.678865E-06,-9.931586E-07,-1.047839E+02,-1.731358E-01
+7.751465E+02,-9.293723E-06,+4.481466E-06,-9.972827E+01,+2.692283E+00
+7.753906E+02,+6.988288E-06,-9.052948E-06,-9.883419E+01,-9.134039E-01
+7.756348E+02,-5.271205E-06,+1.237508E-05,-9.742493E+01,+1.973474E+00
+7.758789E+02,+7.136717E-06,-6.191239E-06,-1.004932E+02,-7.145773E-01
+7.761230E+02,-1.892138E-06,-1.375002E-06,-1.126195E+02,-2.513176E+00
+7.763672E+02,-1.406939E-06,+5.710646E-07,-1.163722E+02,+2.756018E+00
+7.766113E+02,+1.704992E-06,+1.467662E-06,-1.129576E+02,+7.107325E-01
+7.768555E+02,+5.377641E-06,+4.426982E-07,-1.053588E+02,+8.213679E-02
+7.770996E+02,-5.393508E-06,-9.212002E-06,-9.943282E+01,-2.100476E+00
+7.773438E+02,-2.785626E-06,+1.111133E-05,-9.881995E+01,+1.816435E+00
+7.775879E+02,+5.248310E-06,-4.728079E-06,-1.030190E+02,-7.332991E-01
+7.778320E+02,+1.697483E-06,-2.589250E-06,-1.101838E+02,-9.905024E-01
+7.780762E+02,+8.063490E-08,+5.598495E-06,-1.050377E+02,+1.556394E+00
+7.783203E+02,-3.337927E-06,-2.462643E-06,-1.076431E+02,-2.505961E+00
+7.785645E+02,-6.987124E-07,-4.856879E-06,-1.061839E+02,-1.713676E+00
+7.788086E+02,-2.333230E-06,+1.009821E-05,-9.968924E+01,+1.797866E+00
+7.790527E+02,+1.166193E-05,-8.679492E-06,-9.675030E+01,-6.398164E-01
+7.792969E+02,-1.144697E-05,+1.647436E-06,-9.873715E+01,+2.998655E+00
+7.795410E+02,+3.107298E-06,+8.198557E-06,-1.011423E+02,+1.208519E+00
+7.797852E+02,+5.277849E-06,-1.211510E-05,-9.757877E+01,-1.159946E+00
+7.800293E+02,-3.479216E-06,+5.423021E-06,-1.038180E+02,+2.141218E+00
+7.802734E+02,+4.869000E-07,-6.333797E-06,-1.039411E+02,-1.494074E+00
+7.805176E+02,+3.156834E-06,+6.006704E-06,-1.033681E+02,+1.086917E+00
+7.807617E+02,-8.424473E-06,+4.886202E-06,-1.002298E+02,+2.616008E+00
+7.810059E+02,+8.190080E-06,-1.261721E-05,-9.645370E+01,-9.950400E-01
+7.812500E+02,-1.589797E-06,+1.097356E-05,-9.910284E+01,+1.714670E+00
+7.814941E+02,+1.484742E-06,-6.677514E-06,-1.032981E+02,-1.352006E+00
+7.817383E+02,-2.685089E-06,+1.000118E-07,-1.114148E+02,+3.104363E+00
+7.819824E+02,+2.757744E-06,+3.856394E-06,-1.064826E+02,+9.500016E-01
+7.822266E+02,-5.698641E-06,-9.014552E-06,-9.944099E+01,-2.134528E+00
+7.824707E+02,+8.120102E-06,+8.082095E-06,-9.881880E+01,+7.830523E-01
+7.827148E+02,-5.548800E-06,-5.592991E-06,-1.020711E+02,-2.352228E+00
+7.829590E+02,+3.178924E-06,+5.869472E-06,-1.035109E+02,+1.074423E+00
+7.832031E+02,-4.710101E-07,-1.831980E-06,-1.144636E+02,-1.822450E+00
+7.834473E+02,+9.199464E-07,-8.610298E-06,-1.012503E+02,-1.464357E+00
+7.836914E+02,-4.107321E-06,+1.118457E-05,-9.847820E+01,+1.922738E+00
+7.839355E+02,-2.895883E-06,-9.517797E-06,-1.000448E+02,-1.866157E+00
+7.841797E+02,+6.635235E-06,+7.428996E-06,-1.000342E+02,+8.417767E-01
+7.844238E+02,+3.980932E-06,-7.014085E-06,-1.018678E+02,-1.054569E+00
+7.846680E+02,-7.464494E-06,+9.170672E-06,-9.854431E+01,+2.253987E+00
+7.849121E+02,+3.950172E-06,-9.962565E-06,-9.939844E+01,-1.193310E+00
+7.851562E+02,-5.432300E-06,+5.081434E-06,-1.025703E+02,+2.389554E+00
+7.854004E+02,+6.250869E-06,-8.207515E-06,-9.972909E+01,-9.199105E-01
+7.856445E+02,-5.566284E-06,+9.537408E-06,-9.913834E+01,+2.099090E+00
+7.858887E+02,+1.222217E-06,-9.257828E-07,-1.162877E+02,-6.482598E-01
+7.861328E+02,+8.277501E-06,-9.729661E-07,-1.015824E+02,-1.170065E-01
+7.863770E+02,-1.466316E-05,-2.243725E-06,-9.657494E+01,-2.989753E+00
+7.866211E+02,+1.350297E-05,-5.619875E-06,-9.669762E+01,-3.943897E-01
+7.868652E+02,-1.138250E-05,+1.266165E-05,-9.537784E+01,+2.303045E+00
+7.871094E+02,+9.831824E-06,-1.090048E-05,-9.666582E+01,-8.368982E-01
+7.873535E+02,-6.699603E-06,+1.955182E-06,-1.031240E+02,+2.857643E+00
+7.875977E+02,-3.772207E-06,+2.891943E-06,-1.064603E+02,+2.487524E+00
+7.878418E+02,+1.270883E-05,-4.525281E-06,-9.739946E+01,-3.420755E-01
+7.880859E+02,-1.222888E-05,+3.741694E-06,-9.786361E+01,+2.844666E+00
+7.883301E+02,+3.213838E-06,-3.407963E-06,-1.065871E+02,-8.147058E-01
+7.885742E+02,+2.466586E-06,+7.618807E-08,-1.121539E+02,+3.087825E-02
+7.888184E+02,-3.243218E-06,-1.043088E-06,-1.093530E+02,-2.830420E+00
+7.890625E+02,+3.999374E-06,+4.487163E-06,-1.044214E+02,+8.428129E-01
+7.893066E+02,-1.458427E-06,-5.588956E-06,-1.047673E+02,-1.826052E+00
+7.895508E+02,-5.242605E-06,+2.740814E-06,-1.045597E+02,+2.659875E+00
+7.897949E+02,+3.532217E-06,+5.640285E-06,-1.035370E+02,+1.011300E+00
+7.900391E+02,-3.210421E-06,-9.534901E-06,-9.994729E+01,-1.895576E+00
+7.902832E+02,-1.888197E-06,+5.380986E-07,-1.141399E+02,+2.863972E+00
+7.905273E+02,+5.221000E-06,+1.079773E-05,-9.842091E+01,+1.120413E+00
+7.907715E+02,+2.151884E-06,-1.132388E-05,-9.876603E+01,-1.383005E+00
+7.910156E+02,-5.881426E-06,+8.508658E-06,-9.970663E+01,+2.175611E+00
+7.912598E+02,+4.166975E-06,-1.041725E-05,-9.900034E+01,-1.190284E+00
+7.915039E+02,-4.413988E-06,+6.079334E-06,-1.024840E+02,+2.198802E+00
+7.917480E+02,+7.625903E-07,-1.615681E-06,-1.149594E+02,-1.129804E+00
+7.919922E+02,-6.283071E-06,+1.931977E-06,-1.036442E+02,+2.843279E+00
+7.922363E+02,+9.967067E-06,-1.216055E-06,-9.996449E+01,-1.214072E-01
+7.924805E+02,-7.474735E-06,+6.353273E-06,-1.001666E+02,+2.437118E+00
+7.927246E+02,+5.360453E-06,-3.013993E-06,-1.042229E+02,-5.122106E-01
+7.929688E+02,-3.332981E-06,-6.429425E-06,-1.028029E+02,-2.049051E+00
+7.932129E+02,+6.263186E-07,+1.008256E-05,-9.991187E+01,+1.508757E+00
+7.934570E+02,+2.376799E-07,-2.698991E-06,-1.113424E+02,-1.482960E+00
+7.937012E+02,+2.333970E-06,-8.619876E-06,-1.009827E+02,-1.306371E+00
+7.939453E+02,-1.783539E-06,+9.108441E-06,-1.006477E+02,+1.764161E+00
+7.941895E+02,-3.212191E-06,+5.573729E-07,-1.097351E+02,+2.969785E+00
+7.944336E+02,+1.249222E-06,-2.992281E-06,-1.097822E+02,-1.175311E+00
+7.946777E+02,+5.806703E-06,+2.051390E-06,-1.042106E+02,+3.395936E-01
+7.949219E+02,-2.039914E-06,-5.740496E-06,-1.043046E+02,-1.912234E+00
+7.951660E+02,-5.241859E-06,+2.416796E-06,-1.047732E+02,+2.709582E+00
+7.954102E+02,+2.831026E-06,+8.079647E-06,-1.013492E+02,+1.233774E+00
+7.956543E+02,+3.260761E-06,-1.024408E-05,-9.937141E+01,-1.262630E+00
+7.958984E+02,-8.483556E-06,+6.797071E-06,-9.927489E+01,+2.466117E+00
+7.961426E+02,+5.882691E-06,-1.797609E-06,-1.042208E+02,-2.965645E-01
+7.963867E+02,-4.387241E-06,+2.639634E-06,-1.058144E+02,+2.599952E+00
+7.966309E+02,+7.061752E-06,-7.876732E-06,-9.951126E+01,-8.398998E-01
+7.968750E+02,-2.516573E-06,+6.566776E-06,-1.030578E+02,+1.936761E+00
+7.971191E+02,+1.351383E-07,+1.806426E-06,-1.148394E+02,+1.496126E+00
+7.973633E+02,-3.352870E-06,-7.597017E-06,-1.016143E+02,-1.986426E+00
+7.976074E+02,+3.054179E-06,+4.800950E-06,-1.048976E+02,+1.004211E+00
+7.978516E+02,-7.451967E-07,-7.267812E-07,-1.196516E+02,-2.368705E+00
+7.980957E+02,-4.498267E-06,+5.059084E-06,-1.033886E+02,+2.297583E+00
+7.983398E+02,+9.403057E-06,-4.164565E-06,-9.975674E+01,-4.169296E-01
+7.985840E+02,-6.305926E-06,-2.577047E-06,-1.033343E+02,-2.753634E+00
+7.988281E+02,-3.095583E-06,+2.780077E-06,-1.076167E+02,+2.409840E+00
+7.990723E+02,+1.192851E-05,-2.726402E-06,-9.824713E+01,-2.247021E-01
+7.993164E+02,-1.243551E-05,+5.825967E-06,-9.724496E+01,+2.703466E+00
+7.995605E+02,+3.004658E-06,-3.947387E-06,-1.060889E+02,-9.201806E-01
+7.998047E+02,+2.451191E-06,+4.799591E-06,-1.053694E+02,+1.098619E+00
+8.000488E+02,-2.762615E-06,-7.910557E-06,-1.015361E+02,-1.906786E+00
+8.002930E+02,+1.755675E-06,+6.324844E-06,-1.036566E+02,+1.300030E+00
+8.005371E+02,+2.725972E-06,-1.364439E-06,-1.103186E+02,-4.640741E-01
+8.007812E+02,-5.091536E-06,-2.274278E-06,-1.050729E+02,-2.721505E+00
+8.010254E+02,+4.074803E-06,+3.035036E-06,-1.058812E+02,+6.401842E-01
+8.012695E+02,-7.000367E-06,-5.302425E-06,-1.011283E+02,-2.493341E+00
+8.015137E+02,+8.187133E-06,+4.994768E-06,-1.003632E+02,+5.477949E-01
+8.017578E+02,-5.549429E-06,-3.529221E-06,-1.036400E+02,-2.575150E+00
+8.020020E+02,+1.473471E-06,+9.572787E-06,-1.002775E+02,+1.418072E+00
+8.022461E+02,+6.314366E-06,-3.989756E-06,-1.025345E+02,-5.635127E-01
+8.024902E+02,-5.485363E-06,-7.480834E-07,-1.051359E+02,-3.006051E+00
+8.027344E+02,+1.538074E-06,-6.180753E-06,-1.039182E+02,-1.326901E+00
+8.029785E+02,+3.123333E-07,+7.219824E-06,-1.028214E+02,+1.527563E+00
+8.032227E+02,-5.189663E-06,-1.919577E-06,-1.051403E+02,-2.787314E+00
+8.034668E+02,+6.014594E-06,+7.100777E-07,-1.043558E+02,+1.175152E-01
+8.037109E+02,-1.534433E-06,-1.146637E-06,-1.143542E+02,-2.499841E+00
+8.039551E+02,+2.227789E-06,+5.826031E-06,-1.040999E+02,+1.205567E+00
+8.041992E+02,+1.772104E-06,-6.765526E-06,-1.031058E+02,-1.314620E+00
+8.044434E+02,-8.683721E-06,-4.650649E-06,-1.001307E+02,-2.649904E+00
+8.046875E+02,+6.535706E-06,+1.142434E-05,-9.761375E+01,+1.051155E+00
+8.049316E+02,+5.851497E-06,-5.784632E-06,-1.016940E+02,-7.796518E-01
+8.051758E+02,-9.227222E-06,-1.389791E-06,-1.006012E+02,-2.992098E+00
+8.054199E+02,+2.759487E-06,-1.207880E-06,-1.104221E+02,-4.125943E-01
+8.056641E+02,-7.053901E-06,+8.232380E-06,-9.929852E+01,+2.279253E+00
+8.059082E+02,+1.252103E-05,-9.277408E-06,-9.614668E+01,-6.376815E-01
+8.061523E+02,-1.121281E-05,+9.545699E-06,-9.663846E+01,+2.436332E+00
+8.063965E+02,+8.048720E-06,-8.412058E-06,-9.867918E+01,-8.074676E-01
+8.066406E+02,-2.477204E-06,+2.535865E-06,-1.090076E+02,+2.344493E+00
+8.068848E+02,+3.958020E-06,+1.932990E-06,-1.071214E+02,+4.543029E-01
+8.071289E+02,-6.761083E-07,-2.787038E-06,-1.108488E+02,-1.808789E+00
+8.073730E+02,-6.327415E-06,-2.840874E-06,-1.031779E+02,-2.719588E+00
+8.076172E+02,+1.503943E-07,+8.438399E-06,-1.014734E+02,+1.552976E+00
+8.078613E+02,+1.173010E-06,-7.666850E-06,-1.022072E+02,-1.418976E+00
+8.081055E+02,+7.903177E-06,-9.998417E-07,-1.019750E+02,-1.258428E-01
+8.083496E+02,-1.330712E-05,+1.199148E-05,-9.493664E+01,+2.408152E+00
+8.085938E+02,+1.221359E-05,-1.328020E-05,-9.487402E+01,-8.272119E-01
+8.088379E+02,-3.864588E-06,+5.778712E-06,-1.031580E+02,+2.160249E+00
+8.090820E+02,-2.809968E-07,+6.302651E-06,-1.040009E+02,+1.615351E+00
+8.093262E+02,-3.279583E-06,-1.139866E-05,-9.851752E+01,-1.850946E+00
+8.095703E+02,+6.384067E-07,+1.037124E-06,-1.182880E+02,+1.019018E+00
+8.098145E+02,+4.812480E-06,+8.606453E-06,-1.001220E+02,+1.060939E+00
+8.100586E+02,+5.306019E-07,-5.412523E-06,-1.052905E+02,-1.473076E+00
+8.103027E+02,+2.686136E-07,+4.046336E-07,-1.262731E+02,+9.847503E-01
+8.105469E+02,-8.081741E-06,-4.549209E-09,-1.018499E+02,-3.141030E+00
+8.107910E+02,+4.932625E-06,+4.770172E-06,-1.032711E+02,+7.686568E-01
+8.110352E+02,+2.179550E-07,-6.700367E-06,-1.034734E+02,-1.538279E+00
+8.112793E+02,+5.596979E-06,-1.952846E-06,-1.045420E+02,-3.357041E-01
+8.115234E+02,-7.008490E-06,+6.004918E-06,-1.006967E+02,+2.433161E+00
+8.117676E+02,-1.205215E-06,+1.401260E-06,-1.146647E+02,+2.281121E+00
+8.120117E+02,+4.515442E-06,-5.967947E-06,-1.025177E+02,-9.230747E-01
+8.122559E+02,+2.279200E-06,+7.160826E-06,-1.024817E+02,+1.262648E+00
+8.125000E+02,-5.174054E-06,-8.275997E-06,-1.002108E+02,-2.129531E+00
+8.127441E+02,+1.954179E-06,+3.128534E-06,-1.086625E+02,+1.012462E+00
+8.129883E+02,+2.008233E-07,+3.886572E-06,-1.081971E+02,+1.519171E+00
+8.132324E+02,-1.008802E-06,-1.065894E-05,-9.940700E+01,-1.665159E+00
+8.134766E+02,+9.724558E-08,+1.230909E-05,-9.819521E+01,+1.562896E+00
+8.137207E+02,-5.381573E-07,-7.874622E-06,-1.020552E+02,-1.639031E+00
+8.139648E+02,+1.946315E-06,-4.651085E-08,-1.142133E+02,-2.389233E-02
+8.142090E+02,-2.658808E-07,+3.402106E-06,-1.093386E+02,+1.648790E+00
+8.144531E+02,+1.455083E-06,+4.274913E-07,-1.163827E+02,+2.857514E-01
+8.146973E+02,-6.252771E-06,-7.181885E-06,-1.004250E+02,-2.287147E+00
+8.149414E+02,+7.974902E-06,+1.078607E-05,-9.744876E+01,+9.341328E-01
+8.151855E+02,-7.685355E-06,-9.140143E-06,-9.845860E+01,-2.269946E+00
+8.154297E+02,+3.601543E-06,+1.898942E-06,-1.078049E+02,+4.852155E-01
+8.156738E+02,+4.388307E-06,-1.148827E-06,-1.068662E+02,-2.560467E-01
+8.159180E+02,-6.280292E-06,+5.814270E-06,-1.013521E+02,+2.394707E+00
+8.161621E+02,+5.520557E-06,-6.861142E-06,-1.011041E+02,-8.932495E-01
+8.164062E+02,-5.315033E-06,+6.750265E-06,-1.013185E+02,+2.237796E+00
+8.166504E+02,-1.956047E-06,-4.248607E-06,-1.066002E+02,-2.002263E+00
+8.168945E+02,+3.487735E-06,+8.807399E-07,-1.088807E+02,+2.473536E-01
+8.171387E+02,+2.108179E-06,-1.188933E-06,-1.123225E+02,-5.134994E-01
+8.173828E+02,-1.781596E-06,+1.864268E-06,-1.117721E+02,+2.333523E+00
+8.176270E+02,-7.321930E-06,-1.285675E-07,-1.027061E+02,-3.124035E+00
+8.178711E+02,+9.283550E-06,-4.172761E-06,-9.984657E+01,-4.224206E-01
+8.181152E+02,-6.247930E-06,+9.981110E-06,-9.858051E+01,+2.130097E+00
+8.183594E+02,+7.706555E-06,-6.441400E-06,-9.996184E+01,-6.962122E-01
+8.186035E+02,-9.965357E-06,+2.452148E-06,-9.977484E+01,+2.900319E+00
+8.188477E+02,+9.888135E-06,-4.489489E-06,-9.928374E+01,-4.261985E-01
+8.190918E+02,-5.410653E-06,+4.923857E-06,-1.027149E+02,+2.403264E+00
+8.193359E+02,-4.001251E-07,-2.335287E-06,-1.125075E+02,-1.740487E+00
+8.195801E+02,+3.839499E-06,+1.799761E-06,-1.074519E+02,+4.383358E-01
+8.198242E+02,+5.497604E-06,-3.401788E-07,-1.051799E+02,-6.179885E-02
+8.200684E+02,-1.127084E-05,-2.064089E-06,-9.881760E+01,-2.960464E+00
+8.203125E+02,+2.881452E-06,+3.769575E-06,-1.064758E+02,+9.181446E-01
+8.205566E+02,+4.516227E-06,-8.883185E-06,-1.000302E+02,-1.100450E+00
+8.208008E+02,-3.605130E-07,+8.278112E-06,-1.016331E+02,+1.614319E+00
+8.210449E+02,-2.764394E-07,-8.323901E-06,-1.015887E+02,-1.603994E+00
+8.212891E+02,-1.426910E-06,+1.073092E-05,-9.931114E+01,+1.702993E+00
+8.215332E+02,-3.443390E-06,-4.105966E-06,-1.054188E+02,-2.268653E+00
+8.217773E+02,+2.445849E-06,-7.710051E-06,-1.018424E+02,-1.263609E+00
+8.220215E+02,-1.354957E-07,+9.091647E-06,-1.008262E+02,+1.585698E+00
+8.222656E+02,+2.284030E-06,-4.615482E-06,-1.057644E+02,-1.111267E+00
+8.225098E+02,-2.014493E-06,+2.704173E-06,-1.094421E+02,+2.211062E+00
+8.227539E+02,+1.328323E-06,-2.268548E-06,-1.116048E+02,-1.041078E+00
+8.229980E+02,+6.348488E-07,+3.613460E-07,-1.227278E+02,+5.174526E-01
+8.232422E+02,-7.674868E-06,+2.527075E-06,-1.018515E+02,+2.823507E+00
+8.234863E+02,+4.571148E-06,-3.641527E-06,-1.046653E+02,-6.726846E-01
+8.237305E+02,+1.571903E-06,-1.362651E-06,-1.136374E+02,-7.142126E-01
+8.239746E+02,-2.255893E-06,+7.006550E-06,-1.026615E+02,+1.882285E+00
+8.242188E+02,+6.861507E-07,-8.864320E-06,-1.010211E+02,-1.493544E+00
+8.244629E+02,+5.921193E-06,+8.288798E-06,-9.983951E+01,+9.504970E-01
+8.247070E+02,-4.347924E-06,-6.563099E-06,-1.020776E+02,-2.155895E+00
+8.249512E+02,-5.177669E-06,+7.371096E-06,-1.009076E+02,+2.183150E+00
+8.251953E+02,+5.605283E-06,-7.642293E-06,-1.004661E+02,-9.379680E-01
+8.254395E+02,-1.900510E-06,+6.478745E-06,-1.034117E+02,+1.856137E+00
+8.256836E+02,+1.745205E-06,-4.285348E-06,-1.066938E+02,-1.184056E+00
+8.259277E+02,-7.487470E-07,-4.298620E-06,-1.072036E+02,-1.743249E+00
+8.261719E+02,-4.786306E-06,+8.152270E-06,-1.004882E+02,+2.101686E+00
+8.264160E+02,+5.558723E-06,-4.736544E-07,-1.050691E+02,-8.500388E-02
+8.266602E+02,-3.607303E-06,-3.846822E-06,-1.055579E+02,-2.324073E+00
+8.269043E+02,+4.901534E-06,+6.278501E-06,-1.019761E+02,+9.079440E-01
+8.271484E+02,-4.083110E-06,-6.633794E-06,-1.021696E+02,-2.122536E+00
+8.273926E+02,+3.364476E-06,+2.058184E-06,-1.080811E+02,+5.490071E-01
+8.276367E+02,+1.938664E-06,-2.403607E-06,-1.102065E+02,-8.920655E-01
+8.278809E+02,-8.367293E-06,-7.020772E-07,-1.015178E+02,-3.057881E+00
+8.281250E+02,+1.693994E-06,+6.377509E-06,-1.036109E+02,+1.311171E+00
+8.283691E+02,+5.849018E-06,-4.691770E-06,-1.025008E+02,-6.760485E-01
+8.286133E+02,-2.151205E-06,+2.883055E-06,-1.088808E+02,+2.211832E+00
+8.288574E+02,-6.776285E-06,+6.350168E-07,-1.033422E+02,+3.048154E+00
+8.291016E+02,+8.093398E-06,-2.360984E-06,-1.014827E+02,-2.838407E-01
+8.293457E+02,-1.025162E-06,-2.226532E-06,-1.122124E+02,-2.002290E+00
+8.295898E+02,-1.586598E-06,+1.865207E-06,-1.122212E+02,+2.275655E+00
+8.298340E+02,-1.957240E-07,+1.993060E-06,-1.139679E+02,+1.668685E+00
+8.300781E+02,-1.407172E-06,+2.509569E-06,-1.108207E+02,+2.081835E+00
+8.303223E+02,+3.427727E-06,-5.702048E-06,-1.035396E+02,-1.029539E+00
+8.305664E+02,+4.348946E-08,-1.663228E-06,-1.155780E+02,-1.544655E+00
+8.308105E+02,-3.829844E-06,+4.876949E-06,-1.041508E+02,+2.236506E+00
+8.310547E+02,+2.251188E-06,-2.927995E-06,-1.086515E+02,-9.153402E-01
+8.312988E+02,+1.013612E-06,-1.773930E-07,-1.197515E+02,-1.732560E-01
+8.315430E+02,+1.432752E-07,+3.955352E-06,-1.080506E+02,+1.534589E+00
+8.317871E+02,-5.631766E-07,-7.083501E-06,-1.029677E+02,-1.650135E+00
+8.320312E+02,-2.136771E-06,+3.645933E-06,-1.074815E+02,+2.100910E+00
+8.322754E+02,-3.377889E-06,+4.180302E-06,-1.053933E+02,+2.250426E+00
+8.325195E+02,+4.344161E-06,-3.439841E-06,-1.051280E+02,-6.697399E-01
+8.327637E+02,+2.937583E-06,-4.605489E-07,-1.105347E+02,-1.555123E-01
+8.330078E+02,-2.318779E-06,-2.936530E-07,-1.126257E+02,-3.015622E+00
+8.332520E+02,-4.925590E-06,-2.241320E-06,-1.053336E+02,-2.714559E+00
+8.334961E+02,+4.800511E-06,+6.955216E-06,-1.014618E+02,+9.666758E-01
+8.337402E+02,+1.923508E-06,-4.559310E-06,-1.061106E+02,-1.171566E+00
+8.339844E+02,-4.482518E-06,-4.358714E-06,-1.040792E+02,-2.370197E+00
+8.342285E+02,+4.332628E-06,+9.121401E-06,-9.991521E+01,+1.127351E+00
+8.344727E+02,-6.729596E-06,-1.084821E-05,-9.787889E+01,-2.126039E+00
+8.347168E+02,+3.889262E-06,+8.705789E-06,-1.004135E+02,+1.150653E+00
+8.349609E+02,-1.628682E-06,-2.806326E-07,-1.156362E+02,-2.970962E+00
+8.352051E+02,+2.378911E-06,+5.065686E-07,-1.122798E+02,+2.098076E-01
+8.354492E+02,-2.003880E-07,-6.782250E-08,-1.334916E+02,-2.815239E+00
+8.356934E+02,-1.258162E-06,-5.518831E-06,-1.049430E+02,-1.794942E+00
+8.359375E+02,-4.123002E-06,+2.239659E-06,-1.065728E+02,+2.643977E+00
+8.361816E+02,+7.271770E-06,+3.979743E-06,-1.016294E+02,+5.007577E-01
+8.364258E+02,-6.318364E-06,-6.197215E-06,-1.010609E+02,-2.365874E+00
+8.366699E+02,+6.184087E-06,+8.298973E-06,-9.970146E+01,+9.303980E-01
+8.369141E+02,-6.163245E-06,-4.445777E-06,-1.023844E+02,-2.516690E+00
+8.371582E+02,+1.043150E-05,-3.785761E-06,-9.909573E+01,-3.481349E-01
+8.374023E+02,-1.353301E-05,+5.627419E-06,-9.667945E+01,+2.747515E+00
+8.376465E+02,+4.620540E-06,+2.223610E-06,-1.058015E+02,+4.485311E-01
+8.378906E+02,+2.528571E-06,-1.133479E-05,-9.870081E+01,-1.351310E+00
+8.381348E+02,-2.089816E-06,+1.250164E-05,-9.794097E+01,+1.736428E+00
+8.383789E+02,+4.724186E-06,-8.517348E-06,-1.002290E+02,-1.064387E+00
+8.386230E+02,-9.345303E-06,+9.885704E-06,-9.732683E+01,+2.328101E+00
+8.388672E+02,+9.579752E-06,-9.371670E-06,-9.745694E+01,-7.744188E-01
+8.391113E+02,-2.748584E-06,+2.658104E-06,-1.083505E+02,+2.372928E+00
+8.393555E+02,-7.735271E-08,-2.626693E-07,-1.312506E+02,-1.857188E+00
+8.395996E+02,-4.107486E-06,+7.989878E-07,-1.075672E+02,+2.949472E+00
+8.398438E+02,+3.272515E-06,+5.240328E-06,-1.041827E+02,+1.012566E+00
+8.400879E+02,-5.387349E-06,-6.909146E-06,-1.011487E+02,-2.233062E+00
+8.403320E+02,+1.040135E-05,+2.691896E-06,-9.937665E+01,+2.532461E-01
+8.405762E+02,-4.310054E-06,-9.148622E-07,-1.071189E+02,-2.932435E+00
+8.408203E+02,-8.674467E-06,-5.695575E-07,-1.012165E+02,-3.076028E+00
+8.410645E+02,+1.319081E-05,+2.325342E-06,-9.746166E+01,+1.744922E-01
+8.413086E+02,-5.780639E-06,-2.483921E-06,-1.040246E+02,-2.735751E+00
+8.415527E+02,-3.013180E-06,+1.443699E-06,-1.095220E+02,+2.694782E+00
+8.417969E+02,+3.155623E-06,-3.888138E-06,-1.060075E+02,-8.890206E-01
+8.420410E+02,-1.072585E-07,+6.845371E-06,-1.032910E+02,+1.586464E+00
+8.422852E+02,+4.324845E-06,-4.846690E-06,-1.037474E+02,-8.422351E-01
+8.425293E+02,-7.394797E-06,+7.472438E-06,-9.956557E+01,+2.350972E+00
+8.427734E+02,+3.050184E-06,-7.767065E-06,-1.015720E+02,-1.196592E+00
+8.430176E+02,+2.108458E-07,+5.414869E-06,-1.053217E+02,+1.531878E+00
+8.432617E+02,-3.360522E-07,-4.042280E-06,-1.078376E+02,-1.653740E+00
+8.435059E+02,-7.473795E-07,+4.671599E-07,-1.210968E+02,+2.582947E+00
+8.437500E+02,+3.796558E-06,+2.428017E-06,-1.069231E+02,+5.689804E-01
+8.439941E+02,-1.943519E-06,+6.358384E-07,-1.137866E+02,+2.825410E+00
+8.442383E+02,+1.381273E-06,-2.131213E-06,-1.119044E+02,-9.957467E-01
+8.444824E+02,-2.742093E-06,-5.362841E-07,-1.110753E+02,-2.948456E+00
+8.447266E+02,+4.441157E-06,+1.643193E-06,-1.064929E+02,+3.543729E-01
+8.449707E+02,-8.738292E-06,+1.679451E-06,-1.010139E+02,+2.951714E+00
+8.452148E+02,+7.595526E-06,-9.200560E-06,-9.846666E+01,-8.806688E-01
+8.454590E+02,+7.789071E-07,+9.124902E-06,-1.007639E+02,+1.485642E+00
+8.457031E+02,-1.026600E-05,+5.421563E-07,-9.975987E+01,+3.088831E+00
+8.459473E+02,+1.152858E-05,-4.121484E-07,-9.875893E+01,-3.573491E-02
+8.461914E+02,-3.321820E-06,-4.297964E-06,-1.053008E+02,-2.228782E+00
+8.464355E+02,-4.221975E-06,+5.483985E-06,-1.031967E+02,+2.226896E+00
+8.466797E+02,+6.422396E-06,-4.287058E-06,-1.022456E+02,-5.885910E-01
+8.469238E+02,-5.519708E-06,+5.314633E-07,-1.051216E+02,+3.045604E+00
+8.471680E+02,+1.724615E-06,+2.873057E-06,-1.094967E+02,+1.030177E+00
+8.474121E+02,+3.125194E-06,+6.508129E-07,-1.099181E+02,+2.053128E-01
+8.476562E+02,+8.005714E-07,-4.579094E-06,-1.066537E+02,-1.397714E+00
+8.479004E+02,-4.892463E-06,+1.504038E-06,-1.058173E+02,+2.843343E+00
+8.481445E+02,+7.281400E-06,+3.743524E-06,-1.017371E+02,+4.748809E-01
+8.483887E+02,-4.081005E-06,-6.807222E-06,-1.020071E+02,-2.110856E+00
+8.486328E+02,-4.382040E-06,+1.082859E-05,-9.864992E+01,+1.955325E+00
+8.488770E+02,+9.498872E-06,-1.044733E-05,-9.700329E+01,-8.329131E-01
+8.491211E+02,-3.451561E-06,+4.923460E-06,-1.044185E+02,+2.182223E+00
+8.493652E+02,-3.338016E-06,-2.477491E-06,-1.076245E+02,-2.503099E+00
+8.496094E+02,+1.739080E-06,+2.521655E-06,-1.102765E+02,+9.670449E-01
+8.498535E+02,-3.677355E-06,-3.174226E-06,-1.062711E+02,-2.429496E+00
+8.500977E+02,+9.265308E-06,+2.360106E-06,-1.003898E+02,+2.494208E-01
+8.503418E+02,-4.646593E-06,-1.669585E-06,-1.061300E+02,-2.796645E+00
+8.505859E+02,+2.390042E-06,-1.251264E-06,-1.113799E+02,-4.822955E-01
+8.508301E+02,+5.077246E-07,+3.424668E-06,-1.092132E+02,+1.423613E+00
+8.510742E+02,-2.719601E-06,-2.422387E-06,-1.087732E+02,-2.413932E+00
+8.513184E+02,-1.657175E-06,+5.250871E-07,-1.151971E+02,+2.834743E+00
+8.515625E+02,-4.374478E-07,-3.240974E-06,-1.097081E+02,-1.704960E+00
+8.518066E+02,+3.231655E-06,+9.065753E-07,-1.094825E+02,+2.734998E-01
+8.520508E+02,+1.111696E-06,+4.486332E-06,-1.067034E+02,+1.327893E+00
+8.522949E+02,+1.422114E-06,-1.978363E-06,-1.122648E+02,-9.475421E-01
+8.525391E+02,-7.812846E-06,-7.433261E-06,-9.934442E+01,-2.381087E+00
+8.527832E+02,+4.243838E-06,+1.621336E-05,-9.551474E+01,+1.314790E+00
+8.530273E+02,+1.327939E-06,-1.116184E-05,-9.898424E+01,-1.452381E+00
+8.532715E+02,-1.428544E-06,+9.340212E-07,-1.153564E+02,+2.562531E+00
+8.535156E+02,-4.422770E-07,-2.172777E-06,-1.130834E+02,-1.771607E+00
+8.537598E+02,+4.953208E-06,-1.103663E-06,-1.058918E+02,-2.192364E-01
+8.540039E+02,-9.677959E-06,+7.395086E-06,-9.828712E+01,+2.489118E+00
+8.542480E+02,+5.033246E-06,+4.818963E-06,-1.031376E+02,+7.636519E-01
+8.544922E+02,+9.182405E-06,-1.549465E-05,-9.488918E+01,-1.035823E+00
+8.547363E+02,-8.701091E-06,+9.987701E-06,-9.755814E+01,+2.287459E+00
+8.549805E+02,+3.435849E-06,-1.108328E-05,-9.870812E+01,-1.270188E+00
+8.552246E+02,-1.183670E-05,+6.392239E-06,-9.742398E+01,+2.646432E+00
+8.554688E+02,+1.470601E-05,+6.097147E-06,-9.596122E+01,+3.930310E-01
+8.557129E+02,-9.076634E-06,-7.369391E-06,-9.864253E+01,-2.459633E+00
+8.559570E+02,+6.602567E-06,-3.676395E-07,-1.035923E+02,-5.562386E-02
+8.562012E+02,-8.836046E-06,-2.186047E-06,-1.008168E+02,-2.899061E+00
+8.564453E+02,-5.773069E-06,+9.550699E-07,-1.046546E+02,+2.977642E+00
+8.566895E+02,+5.513382E-06,+7.119163E-06,-1.009109E+02,+9.118347E-01
+8.569336E+02,+2.005586E-06,+8.486472E-06,-1.011894E+02,+1.338727E+00
+8.571777E+02,+9.644340E-06,-6.868141E-06,-9.853299E+01,-6.188287E-01
+8.574219E+02,-9.388836E-06,-1.615026E-06,-1.004211E+02,-2.971244E+00
+8.576660E+02,+6.839612E-06,+1.597956E-06,-1.030686E+02,+2.295158E-01
+8.579102E+02,-4.547618E-06,-2.560304E-06,-1.056486E+02,-2.628824E+00
+8.581543E+02,-7.202162E-07,+9.936733E-06,-1.000324E+02,+1.643150E+00
+8.583984E+02,+7.571192E-06,-4.264150E-06,-1.012202E+02,-5.129266E-01
+8.586426E+02,+1.628354E-06,-1.029361E-05,-9.964130E+01,-1.413906E+00
+8.588867E+02,-7.535048E-06,+7.532626E-06,-9.944938E+01,+2.356355E+00
+8.591309E+02,+6.267863E-06,-1.468805E-06,-1.038254E+02,-2.301855E-01
+8.593750E+02,+1.523494E-06,+7.797890E-06,-1.019978E+02,+1.377854E+00
+8.596191E+02,+4.397928E-06,-6.879298E-06,-1.017609E+02,-1.001981E+00
+8.598633E+02,-8.003993E-07,-3.531603E-07,-1.211613E+02,-2.726056E+00
+8.601074E+02,+4.131720E-06,-2.063241E-06,-1.067105E+02,-4.631404E-01
+8.603516E+02,-4.976208E-06,+6.807065E-06,-1.014814E+02,+2.202049E+00
+8.605957E+02,+1.986869E-05,-7.003035E-07,-9.403122E+01,-3.523200E-02
+8.608398E+02,-3.866540E-05,-1.785091E-05,-8.741443E+01,-2.709071E+00
+8.610840E+02,+8.209674E-05,+1.238912E-05,-8.161568E+01,+1.497787E-01
+8.613281E+02,-6.361963E-05,-4.052305E-05,-8.244920E+01,-2.574440E+00
+8.615723E+02,+2.421231E-05,-1.565067E-06,-9.230117E+01,-6.454950E-02
+8.618164E+02,-6.900021E-05,-3.262583E-05,-8.234669E+01,-2.699911E+00
+8.620605E+02,-2.912135E-05,+1.040027E-04,-7.933130E+01,+1.843810E+00
+8.623047E+02,+1.046488E-04,+7.640045E-06,-7.958223E+01,+7.287723E-02
+8.625488E+02,-1.869611E-05,-4.936475E-05,-8.554953E+01,-1.932837E+00
+8.627930E+02,+1.003312E-05,+1.230023E-05,-9.598670E+01,+8.865640E-01
+8.630371E+02,-2.145152E-05,-3.192818E-05,-8.829863E+01,-2.162391E+00
+8.632812E+02,+5.994900E-05,+1.186887E-04,-7.752496E+01,+1.103081E+00
+8.635254E+02,-4.332046E-05,-2.721932E-04,-7.119382E+01,-1.728626E+00
+8.637695E+02,+1.471522E-04,+2.352824E-04,-7.113445E+01,+1.011889E+00
+8.640137E+02,-1.203343E-04,-2.837339E-04,-7.022343E+01,-1.971913E+00
+8.642578E+02,-6.013876E-05,+5.177292E-05,-8.200859E+01,+2.430810E+00
+8.645020E+02,-1.120301E-04,-1.331752E-04,-7.518752E+01,-2.270173E+00
+8.647461E+02,-3.739987E-04,+1.803648E-04,-6.763446E+01,+2.692237E+00
+8.649902E+02,+3.006599E-04,+5.442812E-04,-6.412695E+01,+1.066114E+00
+8.652344E+02,+3.695597E-04,-3.237271E-04,-6.617310E+01,-7.193851E-01
+8.654785E+02,-2.154080E-04,-1.906076E-04,-7.082327E+01,-2.417201E+00
+8.657227E+02,-5.297460E-05,+1.075148E-04,-7.842673E+01,+2.028602E+00
+8.659668E+02,-4.618211E-05,+5.749547E-05,-8.264520E+01,+2.247504E+00
+8.662109E+02,+9.675524E-05,+9.778230E-05,-7.723011E+01,+7.906776E-01
+8.664551E+02,+1.415337E-04,-5.727062E-05,-7.632426E+01,-3.845026E-01
+8.666992E+02,-1.445643E-05,-1.255977E-04,-7.796321E+01,-1.685393E+00
+8.669434E+02,-6.567195E-05,-1.129066E-05,-8.352589E+01,-2.971332E+00
+8.671875E+02,-3.650809E-05,-3.782996E-05,-8.558471E+01,-2.338415E+00
+8.674316E+02,-7.379419E-05,+5.327582E-05,-8.081765E+01,+2.516286E+00
+8.676758E+02,+3.682794E-05,+8.279825E-05,-8.085559E+01,+1.152282E+00
+8.679199E+02,+5.221131E-05,-3.483685E-05,-8.404545E+01,-5.883912E-01
+8.681641E+02,-1.740884E-05,+2.443660E-06,-9.509986E+01,+3.002135E+00
+8.684082E+02,+2.094509E-05,+2.868074E-06,-9.349768E+01,+1.360867E-01
+8.686523E+02,-8.003743E-06,-2.372699E-05,-9.202712E+01,-1.896136E+00
+8.688965E+02,-4.441084E-06,+2.291394E-05,-9.263786E+01,+1.762239E+00
+8.691406E+02,+1.358711E-05,-7.642381E-06,-9.614365E+01,-5.123688E-01
+8.693848E+02,+5.087886E-06,-9.786544E-06,-9.914841E+01,-1.091367E+00
+8.696289E+02,-3.825347E-06,-8.419487E-07,-1.081411E+02,-2.924949E+00
+8.698730E+02,+8.437462E-06,+7.555921E-06,-9.891832E+01,+7.303348E-01
+8.701172E+02,-2.799376E-06,-1.309051E-05,-9.746667E+01,-1.781471E+00
+8.703613E+02,+3.923898E-06,-6.346115E-06,-1.025438E+02,-1.017019E+00
+8.706055E+02,-1.268358E-05,+1.857845E-06,-9.784297E+01,+2.996150E+00
+8.708496E+02,+7.169263E-06,-3.379064E-06,-1.020193E+02,-4.404469E-01
+8.710938E+02,-3.495961E-06,+1.206967E-06,-1.086396E+02,+2.809159E+00
+8.713379E+02,-3.395288E-06,-2.115797E-06,-1.079576E+02,-2.584320E+00
+8.715820E+02,-1.503145E-06,-4.742131E-07,-1.160479E+02,-2.835995E+00
+8.718262E+02,-4.639344E-06,-9.104165E-07,-1.065068E+02,-2.947817E+00
+8.720703E+02,+8.017756E-06,+1.882095E-06,-1.016860E+02,+2.305664E-01
+8.723145E+02,-5.982490E-06,+7.060786E-06,-1.006730E+02,+2.273711E+00
+8.725586E+02,+6.680510E-06,-4.547979E-07,-1.034837E+02,-6.797343E-02
+8.728027E+02,+6.204920E-06,+2.208057E-06,-1.036275E+02,+3.418821E-01
+8.730469E+02,-7.792839E-06,-1.231592E-05,-9.672825E+01,-2.134946E+00
+8.732910E+02,-1.184635E-07,+7.047057E-07,-1.229188E+02,+1.737343E+00
+8.735352E+02,+2.226023E-07,+4.008263E-06,-1.079275E+02,+1.515317E+00
+8.737793E+02,+6.171501E-06,-2.221721E-06,-1.036629E+02,-3.455529E-01
+8.740234E+02,-3.091269E-06,+3.527243E-07,-1.101411E+02,+3.027981E+00
+8.742676E+02,-2.814897E-06,-8.616198E-07,-1.106218E+02,-2.844556E+00
+8.745117E+02,-5.231131E-06,-1.023877E-05,-9.878778E+01,-2.043137E+00
+8.747559E+02,+3.578694E-06,+1.707754E-05,-9.516486E+01,+1.364230E+00
+8.750000E+02,+7.633570E-07,-1.147109E-05,-9.878872E+01,-1.504348E+00
+8.752441E+02,+1.938660E-06,+4.006224E-06,-1.070315E+02,+1.120102E+00
+8.754883E+02,+1.695533E-07,-1.599634E-06,-1.158711E+02,-1.465196E+00
+8.757324E+02,-2.784485E-07,-7.484183E-07,-1.219541E+02,-1.926978E+00
+8.759766E+02,-5.360101E-06,-1.801749E-06,-1.049516E+02,-2.817317E+00
+8.762207E+02,+3.411330E-06,+1.478975E-06,-1.085935E+02,+4.090884E-01
+8.764648E+02,+6.544644E-07,-6.269142E-06,-1.040088E+02,-1.466779E+00
+8.767090E+02,-4.852016E-06,+7.717063E-06,-1.008042E+02,+2.132080E+00
+8.769531E+02,+4.702079E-06,-3.897355E-06,-1.042830E+02,-6.920912E-01
+8.771973E+02,-4.684382E-06,+4.246502E-06,-1.039820E+02,+2.405185E+00
+8.774414E+02,+1.896796E-06,-5.368549E-06,-1.048920E+02,-1.231170E+00
+8.776855E+02,+4.924818E-07,+3.827787E-06,-1.082697E+02,+1.442840E+00
+8.779297E+02,-2.647525E-06,-1.671410E-07,-1.115259E+02,-3.078545E+00
+8.781738E+02,+1.638232E-06,-1.150462E-06,-1.139714E+02,-6.122400E-01
+8.784180E+02,-5.226158E-07,+1.192704E-06,-1.177066E+02,+1.983775E+00
+8.786621E+02,+8.657927E-07,-6.116362E-06,-1.041840E+02,-1.430177E+00
+8.789062E+02,-1.563202E-06,+6.613109E-06,-1.033558E+02,+1.802915E+00
+8.791504E+02,+2.928130E-07,+2.188918E-06,-1.131184E+02,+1.437815E+00
+8.793945E+02,-5.621416E-06,-5.161548E-06,-1.023476E+02,-2.398816E+00
+8.796387E+02,+8.649085E-06,+2.948875E-06,-1.007830E+02,+3.285866E-01
+8.798828E+02,-4.241047E-06,-3.107269E-06,-1.055844E+02,-2.509278E+00
+8.801270E+02,-4.024689E-06,-2.940017E-06,-1.060482E+02,-2.510692E+00
+8.803711E+02,+8.171030E-06,+2.645992E-06,-1.013214E+02,+3.131697E-01
+8.806152E+02,-8.594105E-06,+4.548145E-06,-1.002436E+02,+2.654846E+00
+8.808594E+02,+6.328967E-06,-1.076677E-06,-1.038494E+02,-1.685057E-01
+8.811035E+02,+1.771542E-06,-6.019057E-06,-1.040486E+02,-1.284557E+00
+8.813477E+02,-1.392803E-05,+5.049073E-06,-9.658599E+01,+2.793815E+00
+8.815918E+02,+9.377663E-06,+3.075573E-07,-1.005534E+02,+3.278504E-02
+8.818359E+02,+1.930369E-06,-2.623373E-07,-1.142077E+02,-1.350726E-01
+8.820801E+02,-1.492031E-06,-1.728042E-06,-1.128297E+02,-2.283032E+00
+8.823242E+02,-8.934624E-07,-4.069142E-07,-1.201599E+02,-2.714228E+00
+8.825684E+02,-1.555582E-06,+2.764772E-06,-1.099724E+02,+2.083295E+00
+8.828125E+02,+4.307291E-06,+1.313154E-06,-1.069299E+02,+2.959166E-01
+8.830566E+02,-4.693174E-06,-3.743907E-06,-1.044318E+02,-2.468235E+00
+8.833008E+02,-3.347448E-06,+6.461804E-07,-1.093468E+02,+2.950902E+00
+8.835449E+02,+7.063688E-06,+7.313110E-07,-1.029731E+02,+1.031635E-01
+8.837891E+02,-5.570813E-06,+7.082268E-06,-1.009048E+02,+2.237304E+00
+8.840332E+02,+3.457943E-06,-1.193238E-05,-9.811524E+01,-1.288728E+00
+8.842773E+02,+5.829298E-06,+6.780002E-06,-1.009719E+02,+8.606528E-01
+8.845215E+02,-1.104533E-05,+3.473714E-06,-9.872681E+01,+2.836890E+00
+8.847656E+02,+6.707185E-06,-7.561342E-06,-9.990718E+01,-8.451898E-01
+8.850098E+02,-5.940750E-06,+3.144093E-06,-1.034507E+02,+2.654826E+00
+8.852539E+02,+4.908918E-06,-1.201631E-06,-1.059276E+02,-2.400647E-01
+8.854980E+02,-6.460615E-06,+1.183484E-06,-1.036512E+02,+2.960417E+00
+8.857422E+02,+1.276740E-05,+1.148831E-06,-9.784293E+01,+8.973987E-02
+8.859863E+02,-8.208702E-06,-1.435417E-07,-1.017132E+02,-3.124108E+00
+8.862305E+02,+2.228272E-06,-3.079871E-06,-1.084011E+02,-9.444752E-01
+8.864746E+02,-4.108199E-06,+4.829316E-06,-1.039578E+02,+2.275685E+00
+8.867188E+02,+8.519540E-07,-5.805126E-06,-1.046312E+02,-1.425078E+00
+8.869629E+02,+3.443074E-06,+8.455186E-06,-1.007912E+02,+1.184086E+00
+8.872070E+02,-4.270861E-06,-8.714493E-06,-1.002603E+02,-2.026482E+00
+8.874512E+02,+5.120480E-06,+5.761681E-06,-1.022609E+02,+8.442523E-01
+8.876953E+02,-2.140782E-06,-2.759280E-06,-1.091376E+02,-2.230636E+00
+8.879395E+02,-3.417900E-06,+4.177648E-06,-1.053559E+02,+2.256501E+00
+8.881836E+02,+1.984976E-06,-7.253157E-06,-1.024758E+02,-1.303666E+00
+8.884277E+02,+3.136084E-06,+6.238668E-06,-1.031197E+02,+1.105003E+00
+8.886719E+02,-5.316417E-06,-4.466413E-06,-1.031683E+02,-2.442864E+00
+8.889160E+02,+5.840962E-06,+4.834730E-06,-1.024040E+02,+6.914213E-01
+8.891602E+02,-2.985069E-06,-5.234848E-06,-1.043992E+02,-2.089039E+00
+8.894043E+02,+1.042925E-06,+4.608411E-06,-1.065121E+02,+1.348236E+00
+8.896484E+02,-1.515008E-06,+2.120102E-06,-1.116813E+02,+2.191249E+00
+8.898926E+02,-1.565348E-06,-6.056005E-06,-1.040754E+02,-1.823739E+00
+8.901367E+02,+2.710401E-07,+3.954813E-06,-1.080371E+02,+1.502369E+00
+8.903809E+02,+2.289109E-06,-4.197276E-07,-1.126631E+02,-1.813441E-01
+8.906250E+02,+2.914319E-06,-2.388332E-06,-1.084779E+02,-6.865284E-01
+8.908691E+02,-1.121778E-05,+5.983343E-06,-9.791454E+01,+2.651599E+00
+8.911133E+02,+1.697762E-05,-7.619687E-06,-9.460548E+01,-4.218619E-01
+8.913574E+02,-1.493706E-05,+3.072094E-06,-9.633477E+01,+2.938752E+00
+8.916016E+02,+8.584128E-06,+6.179891E-06,-9.951254E+01,+6.239707E-01
+8.918457E+02,-5.355329E-06,-7.215159E-06,-1.009292E+02,-2.209308E+00
+8.920898E+02,+2.739047E-06,+4.393626E-06,-1.057176E+02,+1.013339E+00
+8.923340E+02,-1.200909E-07,-8.056730E-06,-1.018759E+02,-1.585701E+00
+8.925781E+02,+5.177113E-06,+1.363261E-06,-1.054271E+02,+2.574796E-01
+8.928223E+02,-1.101996E-05,+1.049060E-05,-9.635464E+01,+2.380799E+00
+8.930664E+02,+5.702600E-06,-7.207002E-06,-1.007335E+02,-9.014084E-01
+8.933105E+02,-2.580763E-06,+2.400719E-06,-1.090575E+02,+2.392321E+00
+8.935547E+02,+5.234675E-06,-9.066071E-06,-9.960207E+01,-1.047166E+00
+8.937988E+02,-3.220684E-06,+1.310302E-05,-9.739780E+01,+1.811815E+00
+8.940430E+02,+2.447038E-07,-1.242699E-06,-1.179475E+02,-1.376371E+00
+8.942871E+02,+1.206387E-06,-3.318258E-06,-1.090427E+02,-1.222093E+00
+8.945312E+02,+1.754433E-06,-5.811413E-07,-1.146651E+02,-3.198669E-01
+8.947754E+02,+9.337239E-07,-1.495987E-06,-1.150726E+02,-1.012807E+00
+8.950195E+02,-6.569911E-06,+1.555007E-06,-1.034121E+02,+2.909184E+00
+8.952637E+02,+7.588895E-06,-1.333672E-06,-1.022643E+02,-1.739636E-01
+8.955078E+02,-3.703142E-06,-4.885424E-08,-1.086278E+02,-3.128401E+00
+8.957520E+02,-6.189195E-07,+6.095071E-08,-1.241254E+02,+3.043430E+00
+8.959961E+02,-8.583160E-07,+2.747018E-06,-1.108182E+02,+1.873639E+00
+8.962402E+02,+7.513092E-07,-1.532438E-06,-1.153568E+02,-1.114963E+00
+8.964844E+02,-4.577360E-06,+4.198705E-07,-1.067513E+02,+3.050121E+00
+8.967285E+02,+8.267903E-06,-1.596531E-06,-1.014931E+02,-1.907521E-01
+8.969727E+02,-1.876735E-07,+3.338355E-06,-1.095156E+02,+1.626955E+00
+8.972168E+02,-5.650551E-07,-4.486324E-06,-1.068938E+02,-1.696087E+00
+8.974609E+02,-6.662893E-06,-1.207628E-06,-1.033864E+02,-2.962292E+00
+8.977051E+02,+5.797139E-06,+7.398119E-06,-1.005385E+02,+9.061379E-01
+8.979492E+02,-1.755379E-06,-5.298157E-06,-1.050652E+02,-1.890733E+00
+8.981934E+02,+9.912864E-07,+2.766699E-06,-1.106362E+02,+1.226754E+00
+8.984375E+02,-3.419219E-06,-2.408020E-06,-1.075722E+02,-2.528013E+00
+8.986816E+02,+4.294243E-06,+3.883465E-06,-1.047467E+02,+7.352089E-01
+8.989258E+02,-4.478885E-06,-1.198237E-06,-1.066764E+02,-2.880184E+00
+8.991699E+02,+2.106712E-06,-4.006460E-06,-1.068846E+02,-1.086700E+00
+8.994141E+02,+1.851377E-06,+3.085075E-06,-1.088789E+02,+1.030298E+00
+8.996582E+02,-2.803089E-06,-9.964122E-07,-1.105305E+02,-2.800054E+00
+8.999023E+02,-1.699213E-06,+1.618988E-06,-1.125897E+02,+2.380367E+00
+9.001465E+02,+7.071040E-06,-9.531761E-07,-1.029321E+02,-1.339923E-01
+9.003906E+02,-4.366895E-06,-1.202542E-06,-1.068791E+02,-2.872876E+00
+9.006348E+02,+9.678949E-07,+2.711813E-06,-1.108141E+02,+1.227972E+00
+9.008789E+02,+3.164630E-06,-1.881681E-06,-1.086788E+02,-5.364375E-01
+9.011230E+02,-2.964054E-06,+4.497314E-06,-1.053743E+02,+2.153523E+00
+9.013672E+02,+3.658754E-06,-7.122403E-06,-1.019304E+02,-1.096251E+00
+9.016113E+02,-7.697586E-06,+2.854514E-06,-1.017133E+02,+2.786481E+00
+9.018555E+02,+1.645869E-06,+2.398400E-06,-1.107257E+02,+9.693675E-01
+9.020996E+02,+3.013823E-06,+7.007986E-07,-1.101889E+02,+2.284682E-01
+9.023438E+02,-4.573881E-06,-6.224831E-06,-1.022425E+02,-2.204485E+00
+9.025879E+02,+8.708655E-06,+5.036465E-06,-9.994791E+01,+5.243323E-01
+9.028320E+02,-6.932768E-06,+3.102718E-06,-1.023890E+02,+2.720783E+00
+9.030762E+02,+5.011264E-06,-6.303373E-06,-1.018812E+02,-8.991035E-01
+9.033203E+02,-2.515093E-06,+2.891942E-06,-1.083301E+02,+2.286611E+00
+9.035645E+02,+2.624627E-06,-1.529954E-06,-1.103483E+02,-5.277677E-01
+9.038086E+02,-3.692729E-06,-1.273946E-06,-1.081647E+02,-2.809390E+00
+9.040527E+02,+3.058443E-09,+5.476243E-06,-1.052303E+02,+1.570238E+00
+9.042969E+02,+5.337125E-08,-6.399201E-06,-1.038772E+02,-1.562456E+00
+9.045410E+02,+5.413258E-07,+4.355718E-06,-1.071522E+02,+1.447151E+00
+9.047852E+02,+5.186340E-06,-4.520465E-06,-1.032484E+02,-7.169066E-01
+9.050293E+02,-7.994552E-06,+4.501510E-06,-1.007481E+02,+2.628769E+00
+9.052734E+02,+7.564612E-06,-5.149448E-06,-1.007707E+02,-5.976747E-01
+9.055176E+02,-5.864889E-06,+7.430392E-06,-1.004765E+02,+2.238986E+00
+9.057617E+02,+5.536313E-06,-8.113358E-06,-1.001557E+02,-9.720008E-01
+9.060059E+02,-9.753320E-07,+1.138035E-05,-9.884510E+01,+1.656291E+00
+9.062500E+02,-3.272977E-06,-1.205142E-05,-9.807018E+01,-1.835984E+00
+9.064941E+02,-2.497936E-06,+7.716127E-06,-1.018192E+02,+1.883878E+00
+9.067383E+02,+7.776743E-06,-6.165086E-06,-1.000663E+02,-6.703103E-01
+9.069824E+02,-1.371065E-06,-2.454774E-08,-1.172575E+02,-3.123690E+00
+9.072266E+02,-8.866134E-06,+4.581912E-06,-1.000173E+02,+2.664605E+00
+9.074707E+02,+1.259384E-05,+2.693024E-07,-9.799485E+01,+2.138039E-02
+9.077148E+02,-6.779469E-06,-2.864479E-06,-1.026627E+02,-2.741822E+00
+9.079590E+02,-2.270234E-07,-3.690098E-07,-1.272652E+02,-2.122334E+00
+9.082031E+02,+7.977454E-07,-5.912134E-07,-1.200615E+02,-6.377842E-01
+9.084473E+02,+8.807056E-07,+2.317894E-06,-1.121125E+02,+1.207685E+00
+9.086914E+02,+1.139961E-07,-4.104550E-06,-1.077313E+02,-1.543030E+00
+9.089355E+02,-2.169214E-06,+5.349052E-07,-1.130176E+02,+2.899827E+00
+9.091797E+02,-4.443114E-07,+7.840902E-06,-1.020988E+02,+1.627402E+00
+9.094238E+02,+3.273159E-07,-6.212401E-06,-1.041228E+02,-1.518157E+00
+9.096680E+02,+2.850729E-06,+2.384528E-06,-1.085972E+02,+6.965822E-01
+9.099121E+02,+7.925338E-07,-4.020667E-06,-1.077485E+02,-1.376176E+00
+9.101562E+02,-7.306640E-06,-7.359141E-08,-1.027252E+02,-3.131521E+00
+9.104004E+02,+9.406423E-06,+4.015610E-06,-9.980444E+01,+4.034795E-01
+9.106445E+02,-7.349136E-06,+1.277137E-06,-1.025461E+02,+2.969530E+00
+9.108887E+02,+6.968299E-06,-5.206005E-06,-1.012114E+02,-6.416414E-01
+9.111328E+02,-6.073218E-06,+1.324921E-07,-1.043296E+02,+3.119780E+00
+9.113770E+02,+5.245777E-06,+4.348182E-06,-1.033325E+02,+6.921114E-01
+9.116211E+02,-3.083377E-06,-3.416613E-06,-1.067406E+02,-2.304972E+00
+9.118652E+02,-3.708196E-07,+1.225188E-06,-1.178553E+02,+1.864695E+00
+9.121094E+02,-5.164653E-06,+2.388627E-06,-1.048973E+02,+2.708396E+00
+9.123535E+02,+1.102573E-05,-9.895322E-06,-9.658597E+01,-7.314187E-01
+9.125977E+02,-8.318450E-06,+7.913880E-06,-9.879998E+01,+2.381113E+00
+9.128418E+02,+3.634232E-06,-1.030214E-06,-1.084561E+02,-2.762282E-01
+9.130859E+02,-1.777216E-06,+9.001965E-07,-1.140134E+02,+2.672742E+00
+9.133301E+02,-2.584910E-06,-3.106085E-06,-1.078703E+02,-2.264870E+00
+9.135742E+02,+5.130591E-06,+5.598385E-06,-1.023909E+02,+8.289715E-01
+9.138184E+02,-3.331021E-06,-3.856665E-06,-1.058553E+02,-2.283193E+00
+9.140625E+02,+5.723613E-06,-4.291277E-06,-1.029094E+02,-6.433408E-01
+9.143066E+02,-3.569261E-06,+7.821967E-06,-1.013122E+02,+1.998887E+00
+9.145508E+02,-2.546873E-06,-7.430016E-07,-1.115251E+02,-2.857739E+00
+9.147949E+02,+1.272380E-06,-1.002315E-05,-9.991049E+01,-1.444528E+00
+9.150391E+02,-5.023536E-06,+9.859980E-06,-9.912022E+01,+2.042005E+00
+9.152832E+02,+8.244753E-06,-2.506120E-06,-1.012926E+02,-2.950909E-01
+9.155273E+02,-3.380331E-06,-3.178255E-06,-1.066700E+02,-2.386996E+00
+9.157715E+02,+5.793589E-06,+7.785414E-06,-1.002605E+02,+9.310437E-01
+9.160156E+02,-9.956601E-06,-9.147627E-06,-9.737993E+01,-2.398515E+00
+9.162598E+02,+1.762869E-06,+5.161518E-06,-1.052653E+02,+1.241677E+00
+9.165039E+02,+1.062298E-05,-3.982446E-06,-9.890396E+01,-3.586741E-01
+9.167480E+02,-1.334835E-05,+3.112316E-06,-9.726154E+01,+2.912524E+00
+9.169922E+02,+3.975819E-06,+1.342596E-06,-1.075425E+02,+3.256667E-01
+9.172363E+02,+1.691786E-06,+4.993694E-06,-1.055597E+02,+1.244148E+00
+9.174805E+02,-1.101803E-06,-9.770281E-06,-1.001470E+02,-1.683093E+00
+9.177246E+02,+5.145175E-06,+5.253767E-06,-1.026700E+02,+7.958403E-01
+9.179688E+02,-6.320787E-06,-5.593758E-06,-1.014726E+02,-2.417139E+00
+9.182129E+02,-7.658805E-07,+4.145778E-06,-1.075021E+02,+1.753474E+00
+9.184570E+02,-7.791294E-07,-1.346109E-06,-1.161636E+02,-2.095482E+00
+9.187012E+02,+4.007883E-06,+2.347649E-06,-1.066606E+02,+5.298816E-01
+9.189453E+02,-2.505926E-06,-1.335897E-06,-1.109343E+02,-2.651821E+00
+9.191895E+02,+7.686029E-06,+2.892132E-07,-1.022798E+02,+3.761069E-02
+9.194336E+02,-8.599827E-06,-2.935595E-08,-1.013102E+02,-3.138179E+00
+9.196777E+02,-8.469758E-07,+5.432482E-06,-1.051957E+02,+1.725461E+00
+9.199219E+02,+5.766055E-06,-1.226401E-05,-9.736001E+01,-1.131304E+00
+9.201660E+02,-4.940630E-06,+3.602040E-06,-1.042731E+02,+2.511625E+00
+9.204102E+02,+1.847345E-06,+5.497160E-06,-1.047325E+02,+1.246599E+00
+9.206543E+02,+2.659697E-08,-3.653880E-06,-1.087447E+02,-1.563517E+00
+9.208984E+02,+3.054000E-06,-1.072124E-06,-1.097979E+02,-3.376151E-01
+9.211426E+02,-8.702376E-06,+3.580802E-06,-1.005279E+02,+2.751234E+00
+9.213867E+02,+5.787433E-06,+2.674282E-06,-1.039098E+02,+4.328577E-01
+9.216309E+02,-2.853225E-07,-3.993279E-06,-1.079513E+02,-1.642126E+00
+9.218750E+02,+2.089072E-06,-6.188908E-07,-1.132356E+02,-2.880143E-01
+9.221191E+02,-2.271933E-06,-8.162295E-07,-1.123449E+02,-2.796687E+00
+9.223633E+02,-6.771973E-06,+3.918550E-06,-1.021314E+02,+2.617025E+00
+9.226074E+02,+1.595414E-05,-7.512997E-06,-9.507268E+01,-4.401076E-01
+9.228516E+02,-9.783565E-06,+1.031952E-05,-9.694196E+01,+2.329541E+00
+9.230957E+02,+2.454645E-06,-3.257739E-06,-1.077890E+02,-9.250711E-01
+9.233398E+02,-5.758428E-06,-8.556228E-06,-9.973186E+01,-2.163178E+00
+9.235840E+02,+6.306258E-07,+1.498796E-05,-9.647747E+01,+1.528746E+00
+9.238281E+02,+4.782073E-06,-1.066264E-05,-9.864676E+01,-1.149200E+00
+9.240723E+02,-2.496774E-06,+2.734254E-06,-1.086296E+02,+2.310827E+00
+9.243164E+02,+9.662813E-07,-2.555258E-06,-1.112708E+02,-1.209263E+00
+9.245605E+02,+7.469669E-06,+5.672110E-06,-1.005567E+02,+6.494597E-01
+9.248047E+02,-1.334922E-05,-6.502713E-06,-9.656617E+01,-2.688300E+00
+9.250488E+02,+9.741610E-06,+8.674779E-06,-9.769166E+01,+7.275345E-01
+9.252930E+02,-1.037707E-05,-4.378849E-06,-9.896683E+01,-2.742288E+00
+9.255371E+02,+9.270790E-06,-1.004731E-06,-1.006070E+02,-1.079546E-01
+9.257812E+02,-1.009785E-05,+1.685180E-06,-9.979613E+01,+2.976232E+00
+9.260254E+02,+1.498122E-05,-4.969310E-06,-9.603572E+01,-3.202821E-01
+9.262695E+02,-9.567600E-06,-2.759386E-07,-1.003803E+02,-3.112760E+00
+9.265137E+02,+4.018500E-06,+1.102515E-05,-9.861060E+01,+1.221276E+00
+9.267578E+02,-3.894462E-06,-1.113308E-05,-9.856635E+01,-1.907302E+00
+9.270020E+02,+2.736946E-06,+4.763159E-06,-1.052030E+02,+1.049257E+00
+9.272461E+02,-4.342228E-07,+1.451263E-06,-1.163927E+02,+1.861522E+00
+9.274902E+02,-2.789403E-06,+1.353185E-06,-1.101719E+02,+2.689923E+00
+9.277344E+02,+4.943967E-06,-3.954072E-06,-1.039710E+02,-6.746051E-01
+9.279785E+02,-4.478660E-06,-1.209582E-06,-1.066713E+02,-2.877809E+00
+9.282227E+02,+1.259868E-06,-2.092111E-07,-1.178754E+02,-1.645563E-01
+9.284668E+02,-2.867949E-06,+2.114010E-07,-1.108250E+02,+3.068014E+00
+9.287109E+02,+7.845766E-06,+3.094791E-06,-1.014792E+02,+3.757159E-01
+9.289551E+02,-6.727518E-06,+4.158895E-06,-1.020373E+02,+2.587904E+00
+9.291992E+02,+4.705380E-06,-7.362412E-06,-1.011721E+02,-1.002116E+00
+9.294434E+02,-3.436602E-06,+6.665659E-06,-1.024995E+02,+2.046821E+00
+9.296875E+02,+1.833188E-06,-1.204639E-05,-9.828343E+01,-1.419778E+00
+9.299316E+02,-1.299408E-06,+9.174061E-06,-1.006625E+02,+1.711500E+00
+9.301758E+02,+3.180411E-06,+4.191225E-06,-1.055781E+02,+9.216704E-01
+9.304199E+02,-8.131946E-06,-1.285387E-05,-9.635730E+01,-2.134875E+00
+9.306641E+02,+8.698089E-06,+1.500591E-05,-9.521674E+01,+1.045479E+00
+9.309082E+02,-7.714422E-06,-1.261591E-05,-9.660204E+01,-2.119617E+00
+9.311523E+02,+7.280531E-06,+6.565966E-06,-1.001720E+02,+7.338377E-01
+9.313965E+02,+1.060874E-07,-3.255198E-07,-1.293101E+02,-1.255749E+00
+9.316406E+02,-6.370060E-06,+5.284574E-07,-1.038873E+02,+3.058823E+00
+9.318848E+02,+4.978279E-06,+2.732651E-06,-1.049146E+02,+5.020097E-01
+9.321289E+02,-1.474128E-06,-8.819782E-06,-1.009712E+02,-1.736404E+00
+9.323730E+02,-4.213441E-06,+6.525345E-06,-1.021944E+02,+2.144145E+00
+9.326172E+02,+9.294730E-06,-4.435750E-06,-9.974416E+01,-4.452685E-01
+9.328613E+02,-3.854416E-06,+5.960157E-06,-1.029774E+02,+2.144846E+00
+9.331055E+02,-2.946748E-06,-6.700002E-06,-1.027105E+02,-1.985147E+00
+9.333496E+02,+4.292657E-06,+4.127375E-06,-1.045023E+02,+7.657711E-01
+9.335938E+02,-3.603274E-06,-6.397534E-07,-1.087313E+02,-2.965876E+00
+9.338379E+02,+2.152741E-06,+4.631318E-06,-1.058364E+02,+1.135684E+00
+9.340820E+02,+2.603967E-06,-6.856194E-06,-1.026931E+02,-1.207826E+00
+9.343262E+02,-4.233154E-06,+1.711488E-06,-1.068092E+02,+2.757380E+00
+9.345703E+02,+4.155999E-06,-2.834819E-06,-1.059673E+02,-5.986131E-01
+9.348145E+02,-6.098959E-06,+5.816590E-06,-1.014856E+02,+2.379888E+00
+9.350586E+02,+2.257443E-06,-9.231208E-07,-1.122561E+02,-3.881750E-01
+9.353027E+02,+2.152419E-06,-4.273024E-06,-1.064032E+02,-1.104175E+00
+9.355469E+02,-1.000527E-06,+3.029457E-06,-1.099231E+02,+1.889784E+00
+9.357910E+02,+3.257603E-06,-2.220851E-06,-1.080843E+02,-5.983682E-01
+9.360352E+02,-4.749466E-06,+4.442616E-06,-1.037372E+02,+2.389564E+00
+9.362793E+02,-3.502298E-07,-2.126470E-06,-1.133306E+02,-1.734031E+00
+9.365234E+02,+1.958913E-06,-4.518188E-07,-1.139346E+02,-2.266835E-01
+9.367676E+02,-1.477361E-06,-2.609888E-06,-1.104604E+02,-2.085888E+00
+9.370117E+02,+2.289944E-06,+3.856464E-06,-1.069646E+02,+1.034953E+00
+9.372559E+02,+4.075770E-06,-1.702749E-06,-1.070972E+02,-3.957338E-01
+9.375000E+02,-6.183076E-06,+4.629601E-07,-1.041516E+02,+3.066857E+00
+9.377441E+02,+3.259385E-06,-1.188497E-06,-1.091951E+02,-3.496558E-01
+9.379883E+02,-7.124598E-06,+1.516099E-06,-1.027525E+02,+2.931922E+00
+9.382324E+02,+9.731863E-06,+1.333844E-06,-1.001553E+02,+1.362108E-01
+9.384766E+02,-7.133022E-06,-4.329547E-07,-1.029186E+02,-3.080970E+00
+9.387207E+02,+2.853833E-06,-7.694237E-06,-1.017169E+02,-1.215620E+00
+9.389648E+02,+1.806023E-06,+9.154011E-06,-1.006019E+02,+1.376005E+00
+9.392090E+02,-1.184578E-06,-5.828549E-06,-1.045130E+02,-1.771303E+00
+9.394531E+02,-5.330348E-06,+5.987335E-06,-1.019205E+02,+2.298210E+00
+9.396973E+02,+1.240989E-05,-3.988107E-06,-9.769780E+01,-3.109409E-01
+9.399414E+02,-7.380717E-06,+3.738674E-06,-1.016461E+02,+2.672722E+00
+9.401855E+02,-3.391620E-07,-4.983132E-06,-1.060299E+02,-1.638754E+00
+9.404297E+02,-1.041039E-06,-2.522760E-07,-1.194028E+02,-2.903845E+00
+9.406738E+02,+4.950984E-06,+4.250498E-06,-1.037080E+02,+7.094171E-01
+9.409180E+02,-9.753269E-06,-7.650377E-06,-9.813454E+01,-2.476442E+00
+9.411621E+02,+7.626484E-06,+7.414997E-06,-9.946364E+01,+7.713388E-01
+9.414062E+02,-1.486448E-06,-2.912210E-06,-1.097100E+02,-2.042744E+00
+9.416504E+02,+2.744529E-06,-6.334611E-07,-1.110052E+02,-2.268363E-01
+9.418945E+02,-2.374949E-06,+5.829402E-06,-1.040206E+02,+1.957673E+00
+9.421387E+02,-1.163329E-06,-3.170156E-06,-1.094297E+02,-1.922502E+00
+9.423828E+02,+7.006394E-07,-2.308954E-06,-1.123492E+02,-1.276182E+00
+9.426270E+02,+3.834592E-06,-2.715032E-06,-1.065609E+02,-6.160995E-01
+9.428711E+02,-1.213378E-06,+4.777873E-06,-1.061439E+02,+1.819497E+00
+9.431152E+02,-3.275925E-06,+9.303998E-07,-1.093564E+02,+2.864868E+00
+9.433594E+02,-4.630620E-06,-6.774188E-06,-1.017178E+02,-2.170409E+00
+9.436035E+02,+3.841560E-06,+2.562468E-06,-1.067113E+02,+5.882599E-01
+9.438477E+02,+6.242205E-06,+5.754474E-06,-1.014219E+02,+7.447650E-01
+9.440918E+02,-4.738447E-06,-1.132148E-06,-1.062462E+02,-2.907061E+00
+9.443359E+02,+2.168401E-06,-6.820289E-06,-1.029057E+02,-1.262969E+00
+9.445801E+02,-6.340798E-06,+5.323698E-06,-1.016401E+02,+2.443171E+00
+9.448242E+02,+5.514878E-06,-4.299568E-06,-1.031069E+02,-6.621966E-01
+9.450684E+02,+9.198829E-07,+2.267302E-06,-1.122280E+02,+1.185371E+00
+9.453125E+02,-3.806666E-06,+2.087114E-06,-1.072476E+02,+2.640072E+00
+9.455566E+02,+3.683445E-06,-3.331461E-06,-1.060789E+02,-7.352636E-01
+9.458008E+02,-8.516806E-06,+3.365562E-06,-1.007643E+02,+2.765260E+00
+9.460449E+02,+7.609330E-06,-1.361106E-06,-1.022363E+02,-1.770014E-01
+9.462891E+02,-4.797063E-07,-1.416250E-06,-1.165055E+02,-1.897383E+00
+9.465332E+02,+2.163609E-06,+2.736039E-06,-1.091481E+02,+9.017018E-01
+9.467773E+02,-8.221934E-06,-5.488500E-06,-1.001000E+02,-2.552983E+00
+9.470215E+02,+7.041111E-06,+6.596807E-06,-1.003107E+02,+7.528311E-01
+9.472656E+02,-2.383109E-06,-4.944689E-06,-1.052101E+02,-2.019903E+00
+9.475098E+02,+2.936455E-06,+2.450897E-06,-1.083477E+02,+6.955117E-01
+9.477539E+02,-3.508513E-06,+1.790600E-06,-1.080922E+02,+2.669692E+00
+9.479980E+02,-6.263820E-07,-1.114534E-06,-1.178661E+02,-2.082815E+00
+9.482422E+02,+1.018645E-06,-3.286375E-06,-1.092673E+02,-1.270227E+00
+9.484863E+02,+3.562366E-06,-2.918498E-06,-1.067350E+02,-6.863739E-01
+9.487305E+02,-4.633766E-06,+6.273112E-06,-1.021593E+02,+2.207007E+00
+9.489746E+02,+1.970515E-06,+4.093876E-06,-1.068523E+02,+1.122194E+00
+9.492188E+02,-2.235698E-07,-1.198004E-05,-9.842933E+01,-1.589456E+00
+9.494629E+02,-2.960784E-06,+1.143927E-05,-9.855042E+01,+1.824065E+00
+9.497070E+02,+5.110673E-06,-5.636204E-06,-1.023743E+02,-8.342600E-01
+9.499512E+02,-6.502092E-07,-1.187914E-06,-1.173662E+02,-2.071605E+00
+9.501953E+02,-2.413529E-06,+1.155163E-06,-1.114512E+02,+2.695195E+00
+9.504395E+02,-2.995229E-06,+3.458354E-07,-1.104139E+02,+3.026640E+00
+9.506836E+02,+2.690929E-06,+1.425319E-06,-1.103280E+02,+4.871053E-01
+9.509277E+02,-1.066523E-06,+4.511357E-07,-1.187257E+02,+2.741420E+00
+9.511719E+02,+6.052093E-06,-2.588942E-06,-1.036321E+02,-4.042199E-01
+9.514160E+02,-4.322062E-06,+2.540786E-06,-1.059971E+02,+2.610144E+00
+9.516602E+02,-9.557418E-07,-4.413302E-06,-1.069057E+02,-1.784062E+00
+9.519043E+02,-2.106481E-06,+4.559572E-06,-1.059814E+02,+2.003577E+00
+9.521484E+02,+6.183810E-06,-6.170124E-07,-1.041319E+02,-9.944952E-02
+9.523926E+02,-3.286273E-06,-1.450880E-06,-1.088925E+02,-2.725832E+00
+9.526367E+02,-2.959516E-06,+1.615034E-06,-1.094435E+02,+2.642050E+00
+9.528809E+02,+6.363038E-06,-2.201731E-06,-1.034356E+02,-3.331237E-01
+9.531250E+02,-6.511591E-06,-1.078990E-06,-1.036086E+02,-2.977382E+00
+9.533691E+02,+5.495015E-06,+3.007366E-06,-1.040628E+02,+5.007602E-01
+9.536133E+02,-4.666216E-06,+7.131609E-07,-1.065204E+02,+2.989931E+00
+9.538574E+02,+2.451261E-06,-3.166086E-06,-1.079499E+02,-9.119710E-01
+9.541016E+02,-1.651968E-07,+2.831181E-06,-1.109459E+02,+1.629079E+00
+9.543457E+02,-2.784384E-06,-1.395189E-06,-1.101326E+02,-2.677084E+00
+9.545898E+02,+4.762312E-06,+3.784417E-07,-1.064163E+02,+7.929932E-02
+9.548340E+02,-1.552126E-07,-2.080205E-06,-1.136138E+02,-1.645272E+00
+9.550781E+02,-5.641378E-06,+5.010757E-06,-1.024464E+02,+2.415327E+00
+9.553223E+02,+3.309445E-06,-6.211802E-06,-1.030505E+02,-1.081280E+00
+9.555664E+02,+2.252107E-06,+1.167092E-06,-1.119151E+02,+4.781189E-01
+9.558105E+02,-7.535201E-06,+7.267513E-06,-9.960205E+01,+2.374276E+00
+9.560547E+02,+5.566142E-06,-4.203067E-06,-1.031294E+02,-6.467655E-01
+9.562988E+02,+1.839101E-06,-8.086324E-06,-1.016259E+02,-1.347167E+00
+9.565430E+02,-1.744238E-06,+9.760523E-06,-1.000740E+02,+1.747633E+00
+9.567871E+02,+3.906716E-08,+5.398552E-06,-1.053542E+02,+1.563560E+00
+9.570312E+02,-9.260431E-07,-1.118354E-05,-9.899873E+01,-1.653412E+00
+9.572754E+02,+3.705675E-07,+2.883844E-06,-1.107294E+02,+1.442999E+00
+9.575195E+02,+3.797458E-06,-1.190426E-06,-1.080031E+02,-3.037773E-01
+9.577637E+02,-6.128023E-06,-5.228742E-07,-1.042221E+02,-3.056474E+00
+9.580078E+02,+5.882671E-06,+1.027662E-05,-9.853207E+01,+1.050894E+00
+9.582520E+02,-5.671500E-06,-1.600516E-05,-9.540108E+01,-1.911345E+00
+9.584961E+02,+1.439818E-06,+1.148714E-05,-9.872807E+01,+1.446105E+00
+9.587402E+02,-2.741589E-06,-2.357315E-06,-1.088362E+02,-2.431416E+00
+9.589844E+02,+1.903695E-06,-5.771666E-06,-1.043255E+02,-1.252198E+00
+9.592285E+02,+4.194010E-06,+8.315367E-06,-1.006181E+02,+1.103660E+00
+9.594727E+02,-1.723367E-06,-1.747349E-06,-1.122017E+02,-2.349285E+00
+9.597168E+02,-3.870074E-06,-9.472352E-07,-1.079929E+02,-2.901553E+00
+9.599609E+02,+2.524960E-06,+1.346918E-07,-1.119426E+02,+5.329362E-02
+9.602051E+02,+2.239271E-06,-3.824550E-06,-1.070683E+02,-1.041107E+00
+9.604492E+02,-5.892249E-06,+4.432264E-06,-1.026469E+02,+2.496673E+00
+9.606934E+02,+3.391169E-06,-9.192439E-07,-1.090851E+02,-2.647088E-01
+9.609375E+02,+1.255803E-06,-2.058305E-06,-1.123555E+02,-1.022973E+00
+9.611816E+02,-1.180465E-07,+2.997489E-06,-1.104581E+02,+1.610158E+00
+9.614258E+02,+1.795246E-06,-2.030874E-06,-1.113387E+02,-8.469046E-01
+9.616699E+02,-2.346189E-06,+2.823896E-06,-1.087034E+02,+2.264058E+00
+9.619141E+02,-1.012859E-06,-3.104486E-06,-1.097209E+02,-1.886164E+00
+9.621582E+02,-1.740730E-07,+5.425338E-06,-1.053070E+02,+1.602870E+00
+9.624023E+02,+3.020268E-06,-3.166813E-06,-1.071781E+02,-8.090795E-01
+9.626465E+02,-2.315109E-06,-6.063144E-06,-1.037550E+02,-1.935544E+00
+9.628906E+02,+3.790479E-06,+6.204351E-06,-1.027686E+02,+1.022372E+00
+9.631348E+02,-5.622388E-06,+4.367246E-06,-1.029513E+02,+2.481184E+00
+9.633789E+02,+5.565015E-07,-6.918682E-06,-1.031715E+02,-1.490535E+00
+9.636230E+02,+3.230840E-06,-2.207080E-06,-1.081504E+02,-5.993131E-01
+9.638672E+02,-4.026096E-06,+4.833976E-06,-1.040256E+02,+2.265264E+00
+9.641113E+02,+4.510803E-06,-4.030094E-06,-1.043665E+02,-7.291743E-01
+9.643555E+02,-2.564949E-06,+1.089661E-05,-9.901997E+01,+1.801977E+00
+9.645996E+02,+3.025544E-06,-1.162488E-05,-9.840759E+01,-1.316180E+00
+9.648438E+02,+4.397849E-07,+2.449704E-06,-1.120800E+02,+1.393163E+00
+9.650879E+02,-1.713013E-06,-1.231623E-06,-1.135151E+02,-2.518241E+00
+9.653320E+02,-4.653655E-06,+9.539989E-06,-9.948200E+01,+2.024641E+00
+9.655762E+02,+5.603134E-06,-6.701980E-06,-1.011741E+02,-8.744619E-01
+9.658203E+02,-3.558184E-06,-1.928654E-06,-1.078568E+02,-2.644886E+00
+9.660645E+02,+7.909838E-07,+2.249914E-06,-1.124506E+02,+1.232731E+00
+9.663086E+02,+7.823499E-06,+2.721446E-06,-1.016359E+02,+3.347630E-01
+9.665527E+02,-7.387881E-06,-5.743050E-06,-1.005768E+02,-2.480809E+00
+9.667969E+02,-5.477331E-06,+6.396920E-06,-1.014922E+02,+2.278905E+00
+9.670410E+02,+1.434606E-05,-8.104650E-06,-9.566238E+01,-5.142404E-01
+9.672852E+02,-9.690162E-06,+6.928691E-06,-9.848000E+01,+2.520855E+00
+9.675293E+02,+2.584389E-06,-2.215602E-06,-1.093599E+02,-7.087179E-01
+9.677734E+02,-5.081716E-06,-2.629799E-06,-1.048493E+02,-2.664042E+00
+9.680176E+02,+4.343234E-06,+4.163504E-06,-1.044131E+02,+7.642734E-01
+9.682617E+02,-3.774373E-07,-8.484881E-06,-1.014185E+02,-1.615250E+00
+9.685059E+02,+1.401685E-06,+1.360254E-05,-9.728172E+01,+1.468113E+00
+9.687500E+02,-2.212529E-06,-1.000629E-05,-9.978723E+01,-1.788409E+00
+9.689941E+02,+8.087481E-06,+1.300164E-05,-9.629950E+01,+1.014332E+00
+9.692383E+02,-1.118088E-05,-1.742843E-05,-9.367783E+01,-2.141195E+00
+9.694824E+02,+8.244524E-06,+4.409029E-06,-1.005843E+02,+4.910851E-01
+9.697266E+02,-4.559131E-06,+1.081863E-05,-9.860661E+01,+1.969627E+00
+9.699707E+02,+4.416557E-06,-1.596639E-05,-9.561565E+01,-1.300929E+00
+9.702148E+02,-7.403278E-06,+9.855720E-06,-9.818317E+01,+2.215043E+00
+9.704590E+02,-2.367734E-06,-7.024939E-06,-1.025999E+02,-1.895885E+00
+9.707031E+02,+9.921548E-06,+1.261775E-05,-9.588979E+01,+9.044546E-01
+9.709473E+02,+2.011524E-07,-5.201031E-06,-1.056717E+02,-1.532140E+00
+9.711914E+02,-9.773902E-06,-4.874500E-06,-9.923396E+01,-2.678965E+00
+9.714355E+02,+1.184316E-05,+6.724696E-06,-9.731698E+01,+5.164158E-01
+9.716797E+02,-4.779062E-06,-5.769253E-06,-1.025085E+02,-2.262597E+00
+9.719238E+02,+3.818889E-06,-1.249216E-06,-1.079198E+02,-3.161437E-01
+9.721680E+02,-2.098782E-06,-2.954447E-06,-1.088161E+02,-2.188455E+00
+9.724121E+02,-1.289286E-05,+7.730541E-06,-9.645916E+01,+2.601468E+00
+9.726562E+02,+1.804583E-05,+1.370761E-06,-9.484748E+01,+7.581441E-02
+9.729004E+02,-1.735122E-06,-3.316079E-06,-1.085365E+02,-2.052866E+00
+9.731445E+02,-1.129424E-05,-7.600110E-06,-9.732074E+01,-2.549274E+00
+9.733887E+02,-4.493270E-07,+9.692782E-06,-1.002617E+02,+1.617120E+00
+9.736328E+02,+7.536538E-06,+2.178796E-06,-1.021080E+02,+2.814249E-01
+9.738770E+02,-2.835912E-06,-5.606486E-06,-1.040368E+02,-2.039094E+00
+9.741211E+02,+1.831631E-06,+2.185444E-06,-1.108985E+02,+8.732488E-01
+9.743652E+02,+3.135815E-06,-2.993113E-06,-1.072603E+02,-7.621189E-01
+9.746094E+02,-6.708947E-07,-9.918180E-07,-1.184351E+02,-2.165527E+00
+9.748535E+02,-7.656166E-06,+4.192858E-06,-1.011806E+02,+2.640560E+00
+9.750977E+02,+4.065603E-06,+5.994432E-07,-1.077241E+02,+1.463879E-01
+9.753418E+02,+2.918781E-07,-4.637861E-06,-1.066565E+02,-1.507945E+00
+9.755859E+02,+6.093971E-07,+1.358743E-06,-1.165413E+02,+1.149190E+00
+9.758301E+02,+2.639044E-06,+4.132909E-06,-1.061897E+02,+1.002517E+00
+9.760742E+02,-7.390511E-06,-3.450765E-06,-1.017700E+02,-2.704759E+00
+9.763184E+02,+3.114748E-06,-1.902929E-06,-1.087540E+02,-5.484260E-01
+9.765625E+02,+4.701235E-06,+4.202297E-07,-1.065212E+02,+8.915014E-02
+9.768066E+02,-3.650973E-06,+1.391070E-06,-1.081631E+02,+2.777560E+00
+9.770508E+02,+1.189920E-06,-6.619177E-07,-1.173188E+02,-5.076450E-01
+9.772949E+02,-1.605820E-06,-1.301634E-06,-1.136928E+02,-2.460438E+00
+9.775391E+02,-1.051909E-06,+5.542695E-06,-1.049719E+02,+1.758349E+00
+9.777832E+02,+1.304807E-06,-1.483869E-06,-1.140845E+02,-8.495205E-01
+9.780273E+02,-1.149326E-06,-4.756084E-06,-1.062085E+02,-1.807905E+00
+9.782715E+02,-7.667928E-07,+2.690033E-06,-1.110656E+02,+1.848481E+00
+9.785156E+02,+6.878661E-06,+4.974889E-06,-1.014227E+02,+6.261503E-01
+9.787598E+02,-6.208302E-06,-8.738391E-06,-9.939671E+01,-2.188510E+00
+9.790039E+02,+5.601521E-07,+3.670640E-06,-1.086052E+02,+1.419361E+00
+9.792480E+02,+1.240313E-06,+2.640713E-06,-1.106998E+02,+1.131691E+00
+9.794922E+02,+4.839572E-06,-4.858240E-06,-1.032768E+02,-7.873231E-01
+9.797363E+02,-1.332800E-05,+3.026799E-06,-9.728630E+01,+2.918280E+00
+9.799805E+02,+1.138926E-05,-1.841811E-06,-9.875797E+01,-1.603268E-01
+9.802246E+02,-7.625784E-08,+2.007424E-06,-1.139410E+02,+1.608766E+00
+9.804688E+02,-3.409235E-06,-6.859839E-07,-1.091745E+02,-2.943031E+00
+9.807129E+02,-1.881030E-06,-4.450484E-06,-1.063180E+02,-1.970681E+00
+9.809570E+02,+4.449440E-07,+8.349830E-06,-1.015541E+02,+1.517559E+00
+9.812012E+02,-2.692606E-06,-4.828038E-06,-1.051485E+02,-2.079534E+00
+9.814453E+02,+1.334181E-05,+9.426964E-07,-9.747408E+01,+7.054007E-02
+9.816895E+02,-1.648604E-05,-1.588217E-06,-9.561755E+01,-3.045552E+00
+9.819336E+02,+8.441365E-06,-9.041538E-07,-1.014222E+02,-1.067031E-01
+9.821777E+02,+7.538865E-07,-5.738067E-07,-1.204692E+02,-6.505872E-01
+9.824219E+02,-3.349897E-06,+3.655554E-06,-1.060933E+02,+2.312591E+00
+9.826660E+02,+4.919159E-07,+2.527725E-06,-1.117840E+02,+1.378591E+00
+9.829102E+02,-3.512301E-07,-4.197463E-06,-1.075100E+02,-1.654279E+00
+9.831543E+02,+2.831191E-06,-1.896786E-06,-1.093504E+02,-5.902795E-01
+9.833984E+02,-7.834252E-07,+2.691359E-06,-1.110473E+02,+1.854058E+00
+9.836426E+02,-4.526413E-06,+4.474985E-06,-1.039240E+02,+2.361908E+00
+9.838867E+02,+5.576346E-06,-4.732968E-06,-1.027167E+02,-7.037725E-01
+9.841309E+02,-3.512883E-06,-1.708335E-06,-1.081648E+02,-2.688961E+00
+9.843750E+02,+2.828902E-06,-1.826176E-06,-1.094548E+02,-5.732352E-01
+9.846191E+02,+1.208551E-06,+3.977268E-06,-1.076247E+02,+1.275798E+00
+9.848633E+02,-4.913173E-07,-5.791344E-08,-1.261128E+02,-3.024260E+00
+9.851074E+02,-6.366392E-06,+2.052241E-06,-1.034928E+02,+2.829755E+00
+9.853516E+02,+1.896222E-06,-3.254735E-06,-1.084805E+02,-1.043266E+00
+9.855957E+02,+6.016664E-06,+2.719898E-06,-1.036053E+02,+4.245664E-01
+9.858398E+02,-6.362801E-06,-4.035034E-06,-1.024591E+02,-2.576434E+00
+9.860840E+02,+2.455326E-06,+7.887420E-07,-1.117713E+02,+3.108248E-01
+9.863281E+02,-1.163942E-06,+1.648797E-08,-1.186805E+02,+3.127428E+00
+9.865723E+02,-2.372414E-07,+4.642124E-06,-1.066543E+02,+1.621858E+00
+9.868164E+02,+3.278495E-06,-3.906002E-06,-1.058494E+02,-8.725189E-01
+9.870605E+02,-8.054666E-06,+2.688625E-06,-1.014203E+02,+2.819425E+00
+9.873047E+02,+1.230986E-05,-8.284177E-06,-9.657261E+01,-5.923542E-01
+9.875488E+02,-1.073951E-05,+1.495309E-05,-9.469888E+01,+2.193642E+00
+9.877930E+02,+3.616443E-06,-1.146467E-05,-9.840080E+01,-1.265233E+00
+9.880371E+02,-4.988514E-07,+1.783121E-06,-1.146491E+02,+1.843585E+00
+9.882812E+02,+6.458697E-06,+1.148609E-06,-1.036619E+02,+1.759991E-01
+9.885254E+02,-7.483345E-06,-1.751322E-06,-1.022865E+02,-2.911701E+00
+9.887695E+02,+2.679297E-07,+3.040574E-06,-1.103073E+02,+1.482905E+00
+9.890137E+02,+2.037015E-06,-3.355011E-06,-1.081232E+02,-1.025132E+00
+9.892578E+02,+2.367763E-06,+4.437852E-06,-1.059686E+02,+1.080680E+00
+9.895020E+02,-1.098518E-06,+2.394424E-06,-1.115864E+02,+2.000929E+00
+9.897461E+02,-4.569185E-06,-1.204185E-05,-9.780197E+01,-1.933456E+00
+9.899902E+02,+2.422317E-06,+1.265454E-05,-9.779880E+01,+1.381665E+00
+9.902344E+02,+1.102122E-06,-5.371320E-06,-1.052193E+02,-1.368419E+00
+9.904785E+02,+1.279183E-06,-1.424211E-06,-1.143596E+02,-8.389931E-01
+9.907227E+02,-4.021791E-06,+2.823120E-06,-1.061718E+02,+2.529555E+00
+9.909668E+02,+5.510251E-06,+1.583389E-06,-1.048320E+02,+2.798144E-01
+9.912109E+02,-3.196436E-06,-3.114174E-06,-1.070081E+02,-2.369229E+00
+9.914551E+02,-4.185149E-06,+1.410127E-06,-1.070988E+02,+2.816603E+00
+9.916992E+02,+4.404071E-06,-8.526084E-06,-1.003579E+02,-1.094004E+00
+9.919434E+02,+3.321374E-06,+1.029387E-05,-9.931832E+01,+1.258686E+00
+9.921875E+02,-1.231773E-05,-1.576145E-06,-9.811885E+01,-3.014327E+00
+9.924316E+02,+1.720744E-05,+3.693794E-06,-9.509003E+01,+2.114537E-01
+9.926758E+02,-1.623583E-05,-6.568951E-06,-9.513211E+01,-2.757131E+00
+9.929199E+02,+6.691570E-06,+3.550890E-06,-1.024119E+02,+4.878669E-01
+9.931641E+02,+2.623853E-06,-5.041330E-06,-1.049080E+02,-1.090908E+00
+9.934082E+02,+5.300419E-07,+4.611291E-06,-1.066665E+02,+1.456354E+00
+9.936523E+02,-1.644615E-06,+2.188301E-06,-1.112532E+02,+2.215288E+00
+9.938965E+02,-3.092293E-07,-8.807086E-06,-1.010980E+02,-1.605893E+00
+9.941406E+02,-2.081393E-06,+6.922111E-06,-1.028193E+02,+1.862884E+00
+9.943848E+02,+9.275656E-08,+6.127062E-06,-1.042540E+02,+1.555659E+00
+9.946289E+02,+2.368796E-06,-1.227036E-05,-9.806393E+01,-1.380092E+00
+9.948730E+02,+2.024598E-06,+5.191202E-06,-1.050797E+02,+1.198936E+00
+9.951172E+02,-7.512977E-09,-1.897965E-08,-1.538021E+02,-1.947715E+00
+9.953613E+02,-1.763664E-06,-1.515470E-06,-1.126703E+02,-2.431740E+00
+9.956055E+02,-5.764153E-06,+3.415739E-06,-1.034782E+02,+2.606645E+00
+9.958496E+02,+9.080160E-06,-3.638531E-06,-1.001914E+02,-3.811203E-01
+9.960938E+02,-9.517359E-06,+2.481799E-06,-1.001440E+02,+2.886508E+00
+9.963379E+02,+7.934029E-06,+1.556865E-06,-1.018460E+02,+1.937644E-01
+9.965820E+02,-9.803659E-07,-8.445733E-06,-1.014091E+02,-1.686357E+00
+9.968262E+02,-1.808802E-06,+1.171613E-05,-9.852202E+01,+1.723973E+00
+9.970703E+02,-2.762832E-06,-3.695673E-06,-1.067180E+02,-2.212750E+00
+9.973145E+02,+1.058925E-05,-2.963957E-06,-9.917511E+01,-2.729181E-01
+9.975586E+02,-1.221207E-05,-1.707544E-06,-9.818013E+01,-3.002669E+00
+9.978027E+02,+7.446133E-06,+3.930585E-06,-1.014939E+02,+4.856937E-01
+9.980469E+02,-5.347195E-07,-1.662434E-06,-1.151576E+02,-1.881994E+00
+9.982910E+02,-9.636055E-06,+4.338687E-06,-9.952033E+01,+2.718526E+00
+9.985352E+02,+8.369806E-06,-2.445439E-06,-1.011899E+02,-2.842615E-01
+9.987793E+02,+1.910846E-06,-7.690245E-06,-1.020210E+02,-1.327252E+00
+9.990234E+02,-1.555792E-06,+1.245019E-05,-9.802919E+01,+1.695113E+00
+9.992676E+02,+3.576631E-06,-9.268194E-06,-1.000572E+02,-1.202501E+00
+9.995117E+02,-7.421672E-06,+1.238299E-05,-9.681062E+01,+2.110734E+00
+9.997559E+02,+1.257253E-06,-1.727047E-05,-9.523096E+01,-1.498127E+00
