FFT Length,8192
Record Length,4096
FFT Sample Rate,+2.000000E+03,
Delta Frequency,+2.441406E-01,
Start Frequency,+0.000000E+00,
Stop Frequency,+1.000000E+03,
Vertical Units,F1:,Real part,Vrms,Imaginary part,Vrms,Magnitude,dBV,
Model,SDS814X HD
Serial Number,SDS08A0X807112
Software Version,3.8.12.1.1.3.8
SourceF1:
Frequency,Real part,Imaginary part,Magnitude,Angle
+0.000000E+00,-4.171372E-04,+0.000000E+00,-6.759442E+01,+3.141593E+00
+2.441406E-01,+2.812412E-04,-3.860522E-05,-7.093736E+01,-1.364148E-01
+4.882812E-01,-1.787632E-06,+3.466310E-05,-8.919112E+01,+1.622322E+00
+7.324219E-01,+2.461669E-05,-8.328814E-06,-9.170471E+01,-3.262499E-01
+9.765625E-01,-1.789246E-05,+4.100105E-07,-9.494431E+01,+3.118681E+00
+1.220703E+00,+3.164020E-06,-8.982278E-07,-1.096586E+02,-2.766105E-01
+1.464844E+00,+9.035608E-06,+3.380486E-06,-1.003119E+02,+3.580071E-01
+1.708984E+00,-4.493577E-06,-5.240347E-06,-1.032191E+02,-2.279626E+00
+1.953125E+00,+3.792606E-06,+8.626867E-06,-1.005155E+02,+1.156602E+00
+2.197266E+00,-1.221671E-05,-3.981059E-06,-9.782262E+01,-2.826574E+00
+2.441406E+00,+1.571114E-05,+2.177068E-06,-9.599324E+01,+1.376916E-01
+2.685547E+00,-1.167360E-05,-5.814679E-06,-9.769337E+01,-2.679462E+00
+2.929688E+00,+1.276413E-05,+2.753110E-06,-9.768269E+01,+2.124366E-01
+3.173828E+00,-1.172118E-05,-3.905521E-06,-9.816335E+01,-2.819960E+00
+3.417969E+00,+4.680141E-06,+3.932465E-06,-1.042750E+02,+6.988034E-01
+3.662109E+00,-2.811893E-06,+2.088792E-06,-1.091116E+02,+2.502688E+00
+3.906250E+00,+1.267490E-05,-3.120424E-06,-9.768555E+01,-2.413889E-01
+4.150391E+00,-1.444318E-05,+4.910812E-06,-9.633163E+01,+2.813846E+00
+4.394531E+00,+4.080686E-06,-2.703303E-06,-1.062052E+02,-5.850866E-01
+4.638672E+00,+7.965424E-06,-4.415871E-06,-1.008120E+02,-5.061997E-01
+4.882812E+00,-1.085656E-05,-2.752405E-07,-9.928336E+01,-3.116246E+00
+5.126953E+00,+1.175073E-06,+7.408268E-06,-1.024977E+02,+1.413490E+00
+5.371094E+00,+7.129303E-06,-9.700057E-06,-9.838878E+01,-9.369805E-01
+5.615234E+00,-9.744717E-06,+3.399621E-06,-9.972581E+01,+2.805927E+00
+5.859375E+00,+6.715855E-06,+4.157700E-06,-1.020489E+02,+5.543361E-01
+6.103516E+00,-5.815282E-07,-1.908017E-06,-1.140026E+02,-1.866634E+00
+6.347656E+00,-2.316005E-06,-1.304043E-06,-1.115092E+02,-2.628780E+00
+6.591797E+00,+4.931706E-06,+4.256658E-06,-1.037222E+02,+7.120622E-01
+6.835938E+00,-8.375800E-06,-7.518349E-06,-9.897293E+01,-2.410090E+00
+7.080078E+00,+6.054046E-06,+1.252148E-05,-9.713456E+01,+1.120441E+00
+7.324219E+00,-1.035923E-06,-1.219075E-05,-9.824815E+01,-1.655569E+00
+7.568359E+00,+1.116921E-06,+6.463018E-07,-1.177853E+02,+5.245698E-01
+7.812500E+00,+4.836530E-06,+8.415803E-06,-1.002587E+02,+1.049190E+00
+8.056641E+00,-6.145782E-06,-9.367073E-06,-9.901312E+01,-2.151451E+00
+8.300781E+00,-3.915090E-06,+6.624588E-06,-1.022758E+02,+2.104567E+00
+8.544922E+00,+4.008738E-06,-1.017890E-05,-9.921978E+01,-1.195622E+00
+8.789062E+00,+2.258629E-06,+1.338747E-05,-9.734414E+01,+1.403658E+00
+9.033203E+00,-5.088425E-06,-1.288362E-05,-9.716971E+01,-1.946944E+00
+9.277344E+00,+2.839514E-07,+8.526522E-06,-1.013797E+02,+1.537506E+00
+9.521484E+00,+1.337258E-05,-9.833678E-06,-9.559836E+01,-6.340662E-01
+9.765625E+00,-2.515856E-05,+1.534171E-05,-9.061319E+01,+2.593998E+00
+1.000977E+01,+2.036338E-05,-3.951140E-06,-9.366250E+01,-1.916502E-01
+1.025391E+01,-4.630581E-06,-8.218241E-06,-1.005070E+02,-2.083908E+00
+1.049805E+01,+2.693508E-07,+9.076226E-06,-1.008381E+02,+1.541129E+00
+1.074219E+01,-1.281418E-06,-7.722739E-06,-1.021266E+02,-1.735226E+00
+1.098633E+01,-7.785525E-07,+7.863488E-06,-1.020453E+02,+1.669483E+00
+1.123047E+01,-6.712390E-06,-1.121833E-05,-9.767239E+01,-2.109995E+00
+1.147461E+01,+1.162628E-05,+6.000329E-06,-9.766562E+01,+4.764451E-01
+1.171875E+01,-2.888193E-06,+1.176294E-06,-1.101210E+02,+2.754829E+00
+1.196289E+01,+2.152653E-06,-4.248590E-07,-1.131746E+02,-1.948610E-01
+1.220703E+01,-5.312307E-06,+1.228916E-06,-1.052679E+02,+2.914258E+00
+1.245117E+01,-6.868515E-07,-1.324741E-06,-1.165234E+02,-2.049118E+00
+1.269531E+01,+4.716022E-06,-3.578223E-06,-1.045538E+02,-6.490697E-01
+1.293945E+01,-5.751484E-06,+3.162119E-06,-1.036574E+02,+2.638909E+00
+1.318359E+01,+4.075568E-06,+1.832330E-06,-1.069967E+02,+4.225120E-01
+1.342773E+01,-2.033705E-06,-9.308049E-06,-1.004203E+02,-1.785905E+00
+1.367188E+01,-1.042391E-06,+1.072500E-05,-9.935123E+01,+1.667685E+00
+1.391602E+01,+4.115503E-06,-1.270474E-06,-1.073162E+02,-2.994232E-01
+1.416016E+01,+2.162099E-06,-7.271261E-06,-1.023999E+02,-1.281774E+00
+1.440430E+01,-7.636694E-06,+1.234618E-05,-9.676238E+01,+2.124742E+00
+1.464844E+01,+3.220210E-06,-8.303053E-06,-1.010067E+02,-1.200821E+00
+1.489258E+01,-5.577022E-07,+1.515147E-06,-1.158391E+02,+1.923490E+00
+1.513672E+01,+1.666834E-06,-5.976169E-06,-1.041462E+02,-1.298795E+00
+1.538086E+01,-3.743932E-06,+1.225569E-05,-9.784576E+01,+1.867278E+00
+1.562500E+01,+5.098123E-06,-9.439367E-06,-9.938953E+01,-1.075592E+00
+1.586914E+01,-3.824891E-06,-2.213211E-06,-1.070934E+02,-2.617032E+00
+1.611328E+01,-7.054925E-07,+1.231830E-05,-9.817476E+01,+1.628006E+00
+1.635742E+01,+3.680511E-06,-1.383855E-05,-9.688136E+01,-1.310853E+00
+1.660156E+01,+1.066059E-06,+7.558065E-06,-1.023462E+02,+1.430672E+00
+1.684570E+01,-9.024863E-06,-2.163911E-08,-1.008912E+02,-3.139195E+00
+1.708984E+01,+6.387791E-06,+2.060774E-06,-1.034630E+02,+3.120700E-01
+1.733398E+01,+2.165010E-06,-7.219889E-06,-1.024554E+02,-1.279461E+00
+1.757812E+01,-2.555294E-06,+3.727644E-06,-1.068984E+02,+2.171723E+00
+1.782227E+01,-3.992033E-06,+2.360204E-06,-1.066742E+02,+2.607648E+00
+1.806641E+01,+1.114348E-05,-1.839186E-06,-9.894287E+01,-1.635713E-01
+1.831055E+01,-8.320053E-06,-5.281165E-07,-1.015800E+02,-3.078202E+00
+1.855469E+01,-1.553402E-06,-2.049666E-06,-1.117952E+02,-2.219322E+00
+1.879883E+01,+3.331148E-06,+2.500129E-06,-1.076077E+02,+6.438408E-01
+1.904297E+01,-1.721530E-06,+2.949759E-06,-1.093312E+02,+2.099082E+00
+1.928711E+01,+6.534136E-06,+9.280708E-07,-1.036095E+02,+1.410905E-01
+1.953125E+01,-8.589634E-06,-1.234032E-05,-9.645766E+01,-2.178875E+00
+1.977539E+01,+2.918728E-06,+3.727037E-06,-1.064956E+02,+9.064314E-01
+2.001953E+01,-6.408726E-06,+1.281518E-05,-9.687610E+01,+2.034515E+00
+2.026367E+01,+6.948454E-06,-1.128445E-05,-9.755426E+01,-1.018873E+00
+2.050781E+01,+5.540346E-06,+6.777459E-06,-1.011560E+02,+8.854954E-01
+2.075195E+01,-7.303161E-06,-5.104605E-06,-1.010022E+02,-2.531566E+00
+2.099609E+01,+4.173448E-07,+3.227601E-06,-1.097504E+02,+1.442205E+00
+2.124023E+01,-8.301139E-07,-4.054657E-06,-1.076626E+02,-1.772737E+00
+2.148438E+01,+3.688737E-06,+1.793580E-06,-1.077408E+02,+4.525722E-01
+2.172852E+01,-6.507683E-06,+1.637374E-06,-1.034649E+02,+2.895103E+00
+2.197266E+01,+7.588377E-06,-3.239067E-06,-1.016701E+02,-4.034331E-01
+2.221680E+01,+1.010286E-06,+3.711754E-06,-1.082980E+02,+1.305048E+00
+2.246094E+01,-8.242971E-06,-4.305771E-06,-1.006305E+02,-2.660220E+00
+2.270508E+01,+5.953275E-06,+4.993250E-07,-1.044744E+02,+8.367814E-02
+2.294922E+01,-3.669466E-06,+6.392125E-06,-1.026501E+02,+2.091924E+00
+2.319336E+01,+4.592107E-06,-3.053361E-06,-1.051698E+02,-5.867890E-01
+2.343750E+01,-7.755425E-06,-4.942889E-06,-1.007274E+02,-2.574165E+00
+2.368164E+01,+6.175375E-06,+5.534364E-06,-1.016264E+02,+7.307110E-01
+2.392578E+01,-2.994583E-06,-4.015106E-06,-1.060052E+02,-2.211623E+00
+2.416992E+01,+1.571732E-06,+2.049402E-06,-1.117585E+02,+9.165527E-01
+2.441406E+01,-2.796966E-06,+3.525309E-06,-1.069356E+02,+2.241498E+00
+2.465820E+01,+6.152802E-06,-4.369130E-06,-1.024453E+02,-6.174752E-01
+2.490234E+01,-8.887720E-06,+3.257037E-06,-1.004769E+02,+2.790326E+00
+2.514648E+01,+4.435857E-06,-2.421308E-06,-1.059279E+02,-4.996507E-01
+2.539062E+01,+3.509590E-06,-2.452978E-06,-1.073674E+02,-6.100115E-01
+2.563477E+01,-4.750060E-06,+3.146690E-06,-1.048859E+02,+2.556513E+00
+2.587891E+01,+5.066584E-06,-6.455333E-07,-1.058358E+02,-1.267272E-01
+2.612305E+01,-4.513283E-06,+2.345724E-06,-1.058717E+02,+2.662280E+00
+2.636719E+01,+1.406888E-06,-1.646671E-06,-1.132875E+02,-8.637631E-01
+2.661133E+01,+1.602325E-06,+1.055683E-06,-1.143393E+02,+5.825678E-01
+2.685547E+01,-2.914552E-06,+2.594858E-07,-1.106743E+02,+3.052796E+00
+2.709961E+01,-1.024196E-06,-3.789246E-06,-1.081227E+02,-1.834779E+00
+2.734375E+01,+3.282468E-06,+6.248539E-06,-1.030261E+02,+1.087100E+00
+2.758789E+01,-3.447750E-06,-5.624629E-06,-1.036128E+02,-2.120701E+00
+2.783203E+01,+6.759078E-06,+3.530603E-06,-1.023545E+02,+4.813672E-01
+2.807617E+01,-4.615299E-06,-6.522922E-06,-1.019484E+02,-2.186572E+00
+2.832031E+01,-3.251000E-06,+1.450540E-05,-9.655656E+01,+1.791276E+00
+2.856445E+01,+5.552713E-06,-1.643316E-05,-9.521605E+01,-1.244944E+00
+2.880859E+01,-3.077508E-06,+1.257016E-05,-9.776038E+01,+1.810900E+00
+2.905273E+01,+8.713989E-07,-4.642691E-06,-1.065142E+02,-1.385262E+00
+2.929688E+01,+1.123637E-06,-4.331818E-06,-1.069838E+02,-1.316998E+00
+2.954102E+01,-2.305906E-07,+5.846436E-06,-1.046554E+02,+1.610217E+00
+2.978516E+01,-2.011741E-06,-3.802610E-06,-1.073267E+02,-2.057407E+00
+3.002930E+01,+3.073087E-06,+5.299561E-06,-1.042563E+02,+1.045305E+00
+3.027344E+01,+3.710632E-06,-6.620578E-06,-1.023957E+02,-1.059951E+00
+3.051758E+01,-1.015412E-05,+5.496099E-06,-9.875127E+01,+2.645478E+00
+3.076172E+01,+4.233367E-06,-3.575846E-06,-1.051275E+02,-7.013981E-01
+3.100586E+01,+1.230077E-06,+9.716163E-07,-1.160957E+02,+6.685411E-01
+3.125000E+01,-2.153278E-07,+2.122276E-06,-1.134195E+02,+1.671911E+00
+3.149414E+01,-5.223821E-07,-2.681433E-06,-1.112709E+02,-1.763201E+00
+3.173828E+01,+1.113648E-06,+3.343052E-06,-1.090601E+02,+1.249235E+00
+3.198242E+01,+1.220510E-06,-3.925517E-06,-1.077213E+02,-1.269354E+00
+3.222656E+01,-2.278905E-07,+5.178189E-06,-1.057080E+02,+1.614778E+00
+3.247070E+01,-5.282479E-06,-7.346290E-06,-1.008686E+02,-2.194205E+00
+3.271484E+01,+4.294766E-06,+2.951396E-06,-1.056614E+02,+6.020888E-01
+3.295898E+01,+3.812863E-07,+5.104540E-06,-1.058167E+02,+1.496239E+00
+3.320312E+01,+4.209256E-06,-9.096682E-06,-9.997974E+01,-1.137411E+00
+3.344727E+01,-1.400161E-05,+4.776779E-06,-9.659828E+01,+2.812815E+00
+3.369141E+01,+1.405634E-05,+4.215125E-06,-9.666859E+01,+2.913408E-01
+3.393555E+01,-5.073447E-06,-6.575290E-06,-1.016131E+02,-2.227974E+00
+3.417969E+01,-3.094161E-06,-1.184166E-06,-1.095955E+02,-2.776080E+00
+3.442383E+01,+6.525509E-06,+4.467698E-06,-1.020382E+02,+6.003503E-01
+3.466797E+01,-8.591750E-07,+1.087056E-06,-1.171673E+02,+2.239637E+00
+3.491211E+01,-4.828654E-06,-5.780183E-06,-1.024622E+02,-2.266742E+00
+3.515625E+01,+3.359073E-06,+8.280120E-06,-1.009776E+02,+1.185404E+00
+3.540039E+01,+4.773912E-06,-5.336768E-06,-1.029013E+02,-8.410102E-01
+3.564453E+01,-8.395173E-06,+1.956733E-06,-1.012897E+02,+2.912602E+00
+3.588867E+01,-1.384150E-06,-6.123163E-06,-1.040440E+02,-1.793111E+00
+3.613281E+01,+1.004341E-05,+1.066434E-05,-9.668374E+01,+8.153743E-01
+3.637695E+01,-1.162414E-05,-9.053032E-06,-9.663384E+01,-2.479905E+00
+3.662109E+01,+5.615522E-06,+2.435890E-06,-1.042634E+02,+4.092822E-01
+3.686523E+01,+8.486949E-06,+1.281303E-06,-1.013271E+02,+1.498417E-01
+3.710938E+01,-1.753080E-05,+2.880391E-06,-9.500828E+01,+2.978743E+00
+3.735352E+01,+1.222633E-05,-1.167925E-06,-9.821463E+01,-9.523645E-02
+3.759766E+01,-5.687733E-07,+6.995272E-07,-1.208999E+02,+2.253464E+00
+3.784180E+01,-4.664403E-06,-6.377158E-06,-1.020464E+02,-2.202302E+00
+3.808594E+01,+4.891264E-06,+6.198780E-06,-1.020517E+02,+9.027563E-01
+3.833008E+01,-2.655885E-06,-8.049645E-06,-1.014357E+02,-1.889488E+00
+3.857422E+01,+2.713838E-06,+1.102598E-05,-9.889622E+01,+1.329462E+00
+3.881836E+01,+4.884104E-07,-8.001104E-06,-1.019209E+02,-1.509829E+00
+3.906250E+01,-4.939711E-06,+3.491002E-06,-1.043666E+02,+2.526370E+00
+3.930664E+01,+1.379017E-06,-2.695409E-06,-1.103778E+02,-1.097898E+00
+3.955078E+01,+1.967840E-06,+3.580773E-06,-1.077743E+02,+1.068293E+00
+3.979492E+01,-2.938059E-06,-2.683940E-06,-1.080036E+02,-2.401364E+00
+4.003906E+01,+2.997501E-06,-4.863179E-06,-1.048631E+02,-1.018429E+00
+4.028320E+01,+2.582972E-06,+1.163509E-05,-9.847568E+01,+1.352341E+00
+4.052734E+01,-6.000188E-06,-1.242962E-05,-9.720110E+01,-2.020535E+00
+4.077148E+01,+1.696954E-06,+6.603744E-06,-1.033265E+02,+1.319270E+00
+4.101562E+01,+2.342970E-06,+1.602285E-06,-1.109384E+02,+5.998175E-01
+4.125977E+01,-1.663202E-06,-1.659062E-06,-1.125816E+02,-2.357441E+00
+4.150391E+01,-9.207957E-07,-6.620880E-06,-1.034985E+02,-1.708984E+00
+4.174805E+01,-3.642047E-06,+9.115477E-06,-1.001612E+02,+1.950911E+00
+4.199219E+01,+1.200604E-05,-6.276083E-06,-9.736283E+01,-4.816767E-01
+4.223633E+01,-9.643395E-06,+3.841331E-06,-9.967579E+01,+2.762520E+00
+4.248047E+01,+6.578194E-06,+2.921797E-06,-1.028559E+02,+4.179901E-01
+4.272461E+01,-1.060641E-05,-9.898373E-06,-9.676802E+01,-2.390711E+00
+4.296875E+01,+1.146504E-05,+7.657014E-06,-9.721070E+01,+5.888268E-01
+4.321289E+01,-1.061768E-05,+2.782459E-07,-9.947643E+01,+3.115393E+00
+4.345703E+01,+8.662762E-06,-4.859362E-06,-1.000587E+02,-5.112100E-01
+4.370117E+01,-4.264391E-06,+9.751538E-06,-9.945856E+01,+1.983043E+00
+4.394531E+01,+4.187125E-06,-1.334863E-05,-9.708369E+01,-1.266842E+00
+4.418945E+01,-5.179866E-06,+1.076881E-05,-9.845277E+01,+2.019134E+00
+4.443359E+01,+3.560376E-06,-1.033566E-05,-9.922624E+01,-1.239052E+00
+4.467773E+01,+5.181727E-07,+6.701865E-06,-1.034502E+02,+1.493632E+00
+4.492188E+01,-1.799873E-06,+3.260847E-07,-1.147549E+02,+2.962366E+00
+4.516602E+01,+2.209381E-06,-2.054234E-06,-1.104090E+02,-7.490256E-01
+4.541016E+01,-1.070739E-05,-1.448427E-06,-9.932758E+01,-3.007135E+00
+4.565430E+01,+1.183582E-05,-1.136568E-06,-9.849617E+01,-9.573434E-02
+4.589844E+01,-5.669332E-07,+9.428258E-06,-1.004957E+02,+1.630855E+00
+4.614258E+01,-8.756793E-06,-4.936125E-06,-9.995477E+01,-2.628299E+00
+4.638672E+01,+7.262140E-06,-5.922950E-06,-1.005641E+02,-6.841767E-01
+4.663086E+01,-1.602830E-06,+4.196686E-06,-1.069505E+02,+1.935627E+00
+4.687500E+01,+2.258764E-06,-4.772516E-06,-1.055472E+02,-1.128747E+00
+4.711914E+01,-2.372341E-06,+9.672711E-06,-1.000354E+02,+1.811310E+00
+4.736328E+01,+1.772000E-06,-8.716315E-06,-1.010175E+02,-1.370233E+00
+4.760742E+01,-4.907028E-06,+8.347544E-06,-1.002798E+02,+2.102227E+00
+4.785156E+01,+3.432900E-06,-4.191062E-06,-1.053239E+02,-8.845168E-01
+4.809570E+01,-2.878245E-08,-3.013883E-06,-1.104171E+02,-1.580346E+00
+4.833984E+01,+3.618107E-06,+2.953145E-06,-1.066131E+02,+6.845489E-01
+4.858398E+01,-1.112756E-05,-2.821636E-07,-9.906921E+01,-3.116241E+00
+4.882812E+01,+7.301263E-06,-1.335437E-06,-1.025891E+02,-1.809053E-01
+4.907227E+01,-1.462411E-06,+3.837370E-06,-1.077304E+02,+1.934902E+00
+4.931641E+01,+5.177836E-06,-4.739290E-06,-1.030741E+02,-7.412058E-01
+4.956055E+01,-7.808212E-06,+3.261660E-06,-1.014505E+02,+2.745903E+00
+4.980469E+01,+4.604075E-06,+1.882581E-07,-1.067299E+02,+4.086670E-02
+5.004883E+01,-2.511830E-06,-6.858949E-06,-1.027283E+02,-1.921840E+00
+5.029297E+01,-7.867682E-07,+7.627313E-06,-1.023066E+02,+1.673584E+00
+5.053711E+01,+9.763820E-06,-2.559520E-06,-9.991897E+01,-2.563745E-01
+5.078125E+01,-1.223615E-05,+3.377962E-06,-9.792813E+01,+2.872237E+00
+5.102539E+01,+3.370792E-06,-2.928520E-06,-1.070031E+02,-7.153036E-01
+5.126953E+01,+1.870139E-06,-2.271235E-06,-1.106269E+02,-8.819480E-01
+5.151367E+01,-8.183887E-07,+5.036322E-06,-1.058445E+02,+1.731886E+00
+5.175781E+01,-2.516451E-06,-5.598875E-06,-1.042389E+02,-1.993198E+00
+5.200195E+01,+3.761395E-06,+5.859857E-06,-1.031438E+02,+1.000142E+00
+5.224609E+01,-3.865535E-06,-6.012712E-06,-1.029162E+02,-2.142160E+00
+5.249023E+01,+2.291709E-06,+7.899758E-07,-1.123092E+02,+3.319547E-01
+5.273438E+01,-1.117390E-06,+5.980744E-06,-1.043159E+02,+1.755498E+00
+5.297852E+01,+9.431770E-07,-3.560769E-06,-1.086746E+02,-1.311863E+00
+5.322266E+01,-1.769491E-06,-1.401078E-06,-1.129293E+02,-2.471874E+00
+5.346680E+01,-8.202009E-07,-1.226185E-06,-1.166229E+02,-2.160347E+00
+5.371094E+01,+6.229994E-06,+4.384061E-06,-1.023633E+02,+6.132064E-01
+5.395508E+01,+4.840160E-08,+6.005915E-07,-1.244003E+02,+1.490380E+00
+5.419922E+01,-4.947500E-06,-2.310581E-06,-1.052554E+02,-2.704675E+00
+5.444336E+01,+2.340422E-06,+4.079096E-06,-1.065528E+02,+1.049894E+00
+5.468750E+01,-2.678538E-06,-5.861935E-06,-1.038157E+02,-1.999404E+00
+5.493164E+01,+7.968857E-07,+3.079467E-06,-1.099490E+02,+1.317577E+00
+5.517578E+01,+2.897980E-07,+2.482468E-07,-1.283681E+02,+7.083250E-01
+5.541992E+01,+2.380050E-07,-1.122805E-06,-1.188030E+02,-1.361915E+00
+5.566406E+01,-3.055207E-07,-1.528075E-06,-1.161469E+02,-1.768133E+00
+5.590820E+01,-4.613548E-06,+3.299718E-06,-1.049251E+02,+2.520722E+00
+5.615234E+01,+8.159253E-06,-5.782553E-06,-9.999950E+01,-6.165484E-01
+5.639648E+01,+1.191750E-06,+6.727602E-06,-1.033086E+02,+1.395472E+00
+5.664062E+01,-7.040662E-06,+1.026882E-06,-1.029563E+02,+2.996764E+00
+5.688477E+01,+1.570472E-06,-2.857067E-06,-1.097350E+02,-1.068199E+00
+5.712891E+01,+1.888138E-06,+1.404398E-06,-1.125669E+02,+6.395217E-01
+5.737305E+01,-7.796783E-08,-6.526755E-06,-1.037054E+02,-1.582742E+00
+5.761719E+01,+1.649639E-06,+7.050674E-06,-1.028039E+02,+1.340962E+00
+5.786133E+01,-3.519524E-06,-5.413685E-06,-1.037991E+02,-2.147253E+00
+5.810547E+01,+2.226870E-06,+4.971159E-06,-1.052766E+02,+1.149642E+00
+5.834961E+01,-6.315819E-07,+2.099710E-06,-1.131806E+02,+1.862982E+00
+5.859375E+01,-6.454595E-07,-7.185866E-06,-1.028355E+02,-1.660379E+00
+5.883789E+01,-2.908448E-06,+1.981319E-06,-1.090712E+02,+2.543576E+00
+5.908203E+01,+7.444062E-06,-3.551382E-06,-1.016732E+02,-4.451406E-01
+5.932617E+01,-6.013242E-06,+9.724602E-06,-9.883635E+01,+2.124602E+00
+5.957031E+01,+2.934828E-06,-6.177001E-06,-1.033005E+02,-1.127249E+00
+5.981445E+01,+5.561608E-07,+4.222576E-07,-1.231192E+02,+6.493862E-01
+6.005859E+01,-9.867759E-07,+3.957080E-06,-1.077905E+02,+1.815182E+00
+6.030273E+01,+2.955505E-06,-1.032003E-06,-1.100877E+02,-3.359441E-01
+6.054688E+01,-6.238843E-06,-5.249035E-06,-1.017734E+02,-2.442143E+00
+6.079102E+01,+1.308345E-06,+3.416843E-06,-1.087333E+02,+1.205108E+00
+6.103516E+01,+1.624755E-06,-1.738582E-06,-1.124699E+02,-8.192287E-01
+6.127930E+01,-1.099066E-07,+4.405403E-06,-1.071176E+02,+1.595739E+00
+6.152344E+01,-1.713079E-06,-2.362281E-06,-1.106982E+02,-2.198223E+00
+6.176758E+01,+9.359412E-07,-3.260216E-06,-1.093911E+02,-1.291235E+00
+6.201172E+01,+4.400622E-06,+2.334241E-06,-1.060530E+02,+4.876975E-01
+6.225586E+01,-4.975419E-06,+3.348504E-06,-1.044409E+02,+2.549212E+00
+6.250000E+01,-6.251028E-07,-5.647790E-06,-1.049096E+02,-1.681029E+00
+6.274414E+01,+4.400093E-06,+2.629236E-06,-1.058048E+02,+5.386094E-01
+6.298828E+01,-7.118696E-06,+1.595400E-06,-1.027392E+02,+2.921122E+00
+6.323242E+01,+5.786414E-06,-8.708150E-07,-1.046545E+02,-1.493721E-01
+6.347656E+01,-4.200852E-08,+2.296715E-06,-1.127764E+02,+1.589085E+00
+6.372070E+01,+9.579656E-08,-2.342442E-06,-1.125994E+02,-1.529923E+00
+6.396484E+01,+2.378194E-06,-6.914736E-06,-1.027189E+02,-1.239538E+00
+6.420898E+01,-6.222444E-06,+1.162972E-05,-9.759528E+01,+2.062087E+00
+6.445312E+01,+4.096966E-07,-9.611819E-06,-1.003360E+02,-1.528198E+00
+6.469727E+01,+1.134274E-06,+6.624718E-06,-1.034512E+02,+1.401222E+00
+6.494141E+01,-7.160072E-08,+1.135935E-06,-1.188757E+02,+1.633745E+00
+6.518555E+01,-1.459550E-06,-5.123309E-06,-1.054701E+02,-1.848328E+00
+6.542969E+01,+1.278710E-05,-2.268573E-07,-9.786319E+01,-1.773924E-02
+6.567383E+01,-1.285701E-05,+4.663122E-06,-9.728049E+01,+2.793657E+00
+6.591797E+01,+1.664818E-06,-6.758271E-07,-1.149102E+02,-3.856222E-01
+6.616211E+01,+1.160245E-07,+1.777503E-06,-1.149853E+02,+1.505615E+00
+6.640625E+01,+6.223157E-06,-3.517506E-06,-1.029157E+02,-5.144598E-01
+6.665039E+01,-9.342312E-06,-7.128997E-06,-9.859802E+01,-2.489769E+00
+6.689453E+01,+6.188414E-06,+1.489170E-05,-9.584927E+01,+1.176947E+00
+6.713867E+01,-3.191366E-06,-1.070611E-05,-9.903767E+01,-1.860498E+00
+6.738281E+01,-3.392161E-07,+2.923135E-06,-1.106249E+02,+1.686325E+00
+6.762695E+01,+4.824948E-06,-3.773931E-07,-1.063037E+02,-7.805812E-02
+6.787109E+01,-5.752877E-06,+2.122208E-09,-1.048023E+02,+3.141224E+00
+6.811523E+01,+5.229928E-06,+2.496548E-06,-1.047386E+02,+4.453704E-01
+6.835938E+01,-1.639989E-06,+1.615425E-07,-1.156612E+02,+3.043407E+00
+6.860352E+01,-1.581756E-06,-1.883647E-07,-1.159560E+02,-3.023065E+00
+6.884766E+01,+3.083931E-06,-8.041143E-06,-1.012977E+02,-1.204578E+00
+6.909180E+01,-1.827764E-06,+7.284678E-06,-1.024866E+02,+1.816627E+00
+6.933594E+01,+2.173715E-06,-5.724799E-07,-1.129647E+02,-2.575171E-01
+6.958008E+01,-8.909870E-06,+1.898629E-06,-1.008097E+02,+2.931640E+00
+6.982422E+01,+8.094216E-06,-4.969087E-06,-1.004475E+02,-5.505818E-01
+7.006836E+01,+1.695691E-06,+1.216708E-06,-1.136094E+02,+6.223940E-01
+7.031250E+01,-2.362935E-06,+8.143450E-06,-1.014328E+02,+1.853205E+00
+7.055664E+01,-4.366772E-07,-9.970872E-06,-1.000170E+02,-1.614564E+00
+7.080078E+01,-2.451275E-06,+4.585160E-07,-1.120628E+02,+2.956677E+00
+7.104492E+01,+4.632931E-07,+4.340168E-06,-1.072007E+02,+1.464454E+00
+7.128906E+01,+4.059462E-06,-3.525257E-06,-1.053900E+02,-7.150825E-01
+7.153320E+01,-3.579098E-06,+4.166406E-06,-1.052044E+02,+2.280514E+00
+7.177734E+01,+1.284531E-06,-2.009639E-06,-1.124499E+02,-1.002062E+00
+7.202148E+01,+2.534814E-06,+1.041098E-06,-1.112441E+02,+3.897132E-01
+7.226562E+01,-2.824684E-06,-3.303538E-06,-1.072372E+02,-2.278214E+00
+7.250977E+01,-1.861676E-06,+1.582011E-06,-1.122413E+02,+2.437228E+00
+7.275391E+01,+3.003171E-06,+1.703800E-06,-1.092365E+02,+5.160538E-01
+7.299805E+01,+4.010839E-06,+9.503010E-07,-1.076981E+02,+2.326432E-01
+7.324219E+01,-5.832517E-06,-1.424283E-06,-1.044313E+02,-2.902083E+00
+7.348633E+01,+2.460506E-06,-3.616742E-06,-1.071817E+02,-9.734077E-01
+7.373047E+01,-6.882170E-08,+2.058111E-06,-1.137258E+02,+1.604223E+00
+7.397461E+01,-5.112469E-06,-7.177109E-07,-1.057426E+02,-3.002120E+00
+7.421875E+01,+5.131640E-06,-2.967289E-06,-1.045422E+02,-5.242614E-01
+7.446289E+01,-4.520194E-06,+9.315787E-06,-9.969740E+01,+2.022549E+00
+7.470703E+01,+5.872076E-06,-1.095861E-05,-9.810868E+01,-1.078888E+00
+7.495117E+01,-1.622417E-06,+1.136406E-05,-9.880170E+01,+1.712605E+00
+7.519531E+01,+4.044635E-06,-4.354962E-06,-1.045192E+02,-8.223268E-01
+7.543945E+01,-6.219485E-06,-4.055322E-06,-1.025863E+02,-2.563788E+00
+7.568359E+01,-2.368750E-06,-8.491918E-09,-1.125096E+02,-3.138008E+00
+7.592773E+01,+7.262093E-06,+5.717872E-06,-1.006838E+02,+6.669852E-01
+7.617188E+01,-3.160806E-06,-3.092818E-06,-1.070872E+02,-2.367066E+00
+7.641602E+01,+1.135013E-06,-4.871077E-07,-1.181658E+02,-4.053930E-01
+7.666016E+01,+1.550261E-06,-4.802828E-08,-1.161877E+02,-3.097086E-02
+7.690430E+01,-6.277226E-06,-3.575330E-06,-1.028244E+02,-2.623847E+00
+7.714844E+01,+7.206847E-06,+6.074661E-06,-1.005139E+02,+7.003585E-01
+7.739258E+01,-8.999817E-06,-3.673605E-06,-1.002460E+02,-2.754049E+00
+7.763672E+01,+1.069046E-05,-1.671757E-06,-9.931515E+01,-1.551221E-01
+7.788086E+01,-9.106451E-06,+5.293562E-06,-9.954876E+01,+2.615038E+00
+7.812500E+01,+4.824395E-06,-5.273477E-06,-1.029171E+02,-8.298418E-01
+7.836914E+01,+2.113975E-06,+4.820439E-06,-1.055743E+02,+1.157510E+00
+7.861328E+01,-5.366639E-06,-1.804578E-06,-1.049407E+02,-2.817212E+00
+7.885742E+01,-1.569937E-06,-3.762260E-07,-1.158398E+02,-2.906384E+00
+7.910156E+01,+7.997741E-06,-4.000603E-06,-1.009708E+02,-4.638209E-01
+7.934570E+01,-9.721646E-06,+4.448015E-06,-9.941972E+01,+2.712488E+00
+7.958984E+01,+7.553789E-06,-1.860805E-06,-1.021808E+02,-2.415316E-01
+7.983398E+01,+4.213884E-07,+2.106133E-06,-1.133598E+02,+1.373327E+00
+8.007812E+01,-5.531698E-06,+8.777814E-07,-1.050348E+02,+2.984223E+00
+8.032227E+01,+5.500288E-06,-5.160441E-06,-1.024501E+02,-7.535305E-01
+8.056641E+01,-7.781310E-06,+3.308752E-06,-1.014571E+02,+2.739537E+00
+8.081055E+01,+8.782990E-06,-2.643866E-06,-1.007504E+02,-2.923934E-01
+8.105469E+01,-4.461672E-06,+5.105401E-06,-1.033751E+02,+2.289010E+00
+8.129883E+01,-2.477347E-06,-4.764674E-06,-1.054001E+02,-2.050269E+00
+8.154297E+01,+5.887809E-06,+5.045867E-06,-1.022093E+02,+7.085454E-01
+8.178711E+01,-4.264625E-06,-5.535340E-06,-1.031134E+02,-2.227249E+00
+8.203125E+01,+5.080052E-06,+4.022586E-06,-1.037687E+02,+6.697453E-01
+8.227539E+01,-6.583496E-06,-2.729282E-06,-1.029421E+02,-2.748594E+00
+8.251953E+01,-2.072122E-07,+4.170372E-06,-1.075858E+02,+1.620442E+00
+8.276367E+01,+3.862058E-06,-4.794993E-06,-1.042128E+02,-8.927498E-01
+8.300781E+01,+2.450652E-07,+8.241338E-07,-1.213121E+02,+1.281762E+00
+8.325195E+01,-4.170011E-06,-2.713590E-08,-1.075971E+02,-3.135085E+00
+8.349609E+01,+4.839412E-06,+2.703435E-06,-1.051246E+02,+5.094438E-01
+8.374023E+01,-2.757072E-06,-5.932071E-06,-1.036865E+02,-2.005868E+00
+8.398438E+01,+2.897610E-06,+6.422155E-06,-1.030417E+02,+1.146953E+00
+8.422852E+01,-4.104609E-06,-2.356873E-06,-1.064970E+02,-2.620358E+00
+8.447266E+01,-2.338643E-06,-8.323527E-07,-1.121027E+02,-2.799660E+00
+8.471680E+01,+2.735234E-06,-7.280871E-07,-1.109628E+02,-2.601556E-01
+8.496094E+01,+4.880766E-06,-1.146786E-06,-1.059969E+02,-2.307744E-01
+8.520508E+01,-3.528683E-06,+8.575741E-06,-1.006553E+02,+1.961154E+00
+8.544922E+01,+1.507069E-06,-5.506399E-06,-1.048689E+02,-1.303645E+00
+8.569336E+01,-3.096312E-06,-3.012730E-07,-1.101422E+02,-3.044597E+00
+8.593750E+01,-2.729661E-06,-3.243348E-08,-1.112772E+02,-3.129711E+00
+8.618164E+01,+5.069231E-06,+4.235436E-07,-1.058709E+02,+8.335824E-02
+8.642578E+01,-3.687424E-06,-3.398680E-06,-1.059949E+02,-2.396920E+00
+8.666992E+01,+4.748735E-06,+2.449265E-06,-1.054440E+02,+4.761855E-01
+8.691406E+01,-4.528926E-06,+5.818543E-06,-1.026467E+02,+2.232203E+00
+8.715820E+01,+4.523255E-06,-7.999613E-06,-1.007338E+02,-1.056181E+00
+8.740234E+01,-1.731833E-06,+3.745935E-06,-1.076875E+02,+2.003851E+00
+8.764648E+01,-2.895084E-06,-2.898716E-06,-1.077510E+02,-2.355568E+00
+8.789062E+01,+5.865108E-06,-3.856801E-07,-1.046157E+02,-6.566385E-02
+8.813477E+01,-4.447500E-06,+4.115773E-06,-1.043510E+02,+2.394913E+00
+8.837891E+01,-2.853694E-06,+2.786661E-06,-1.079836E+02,+2.368078E+00
+8.862305E+01,+3.302013E-06,-7.998840E-06,-1.012561E+02,-1.179295E+00
+8.886719E+01,-8.720995E-07,+4.690383E-06,-1.064282E+02,+1.754631E+00
+8.911133E+01,+7.998564E-07,-2.180934E-07,-1.216283E+02,-2.661948E-01
+8.935547E+01,-2.033632E-06,-3.936284E-06,-1.070708E+02,-2.047665E+00
+8.959961E+01,+1.614771E-06,+3.496677E-06,-1.082873E+02,+1.138172E+00
+8.984375E+01,+2.106537E-07,+1.412772E-06,-1.169031E+02,+1.422780E+00
+9.008789E+01,-2.413595E-07,-1.756293E-06,-1.150268E+02,-1.707366E+00
+9.033203E+01,+1.106534E-06,-4.656775E-07,-1.184125E+02,-3.983448E-01
+9.057617E+01,-3.561671E-07,+4.137932E-06,-1.076323E+02,+1.656658E+00
+9.082031E+01,-3.843616E-06,-5.625042E-06,-1.033335E+02,-2.170229E+00
+9.106445E+01,+5.214582E-06,+5.383275E-06,-1.025048E+02,+8.013144E-01
+9.130859E+01,-3.828876E-06,-3.840336E-06,-1.053153E+02,-2.354700E+00
+9.155273E+01,+1.650589E-06,-7.513414E-07,-1.148294E+02,-4.271665E-01
+9.179688E+01,-2.375864E-06,+2.437098E-06,-1.093613E+02,+2.343472E+00
+9.204102E+01,+8.273076E-07,-6.679521E-07,-1.194669E+02,-6.792251E-01
+9.228516E+01,+4.870229E-06,+9.128213E-07,-1.060991E+02,+1.852792E-01
+9.252930E+01,-3.517548E-06,-1.162086E-07,-1.090705E+02,-3.108568E+00
+9.277344E+01,-2.270897E-06,+1.084426E-06,-1.119839E+02,+2.696080E+00
+9.301758E+01,+2.598618E-06,-5.199746E-06,-1.047121E+02,-1.107342E+00
+9.326172E+01,+3.612023E-06,+9.479399E-06,-9.987560E+01,+1.206742E+00
+9.350586E+01,-7.711124E-06,-4.726505E-06,-1.008724E+02,-2.591708E+00
+9.375000E+01,+1.841876E-06,+2.589740E-07,-1.146098E+02,+1.396877E-01
+9.399414E+01,+2.781214E-06,-3.436858E-07,-1.110495E+02,-1.229507E-01
+9.423828E+01,+2.210654E-06,-1.118724E-06,-1.121194E+02,-4.684840E-01
+9.448242E+01,-5.500916E-06,+2.173698E-06,-1.045612E+02,+2.765273E+00
+9.472656E+01,+2.505383E-06,+1.549067E-06,-1.106165E+02,+5.537635E-01
+9.497070E+01,+2.783482E-06,-8.079778E-06,-1.013650E+02,-1.239030E+00
+9.521484E+01,-7.214369E-06,+3.936804E-06,-1.017040E+02,+2.642065E+00
+9.545898E+01,+4.398870E-06,+7.595087E-06,-1.011331E+02,+1.045832E+00
+9.570312E+01,+6.049970E-06,-9.808819E-06,-9.876753E+01,-1.018124E+00
+9.594727E+01,-8.066746E-06,+6.137004E-06,-9.988280E+01,+2.491229E+00
+9.619141E+01,+8.190404E-06,+8.795868E-07,-1.016841E+02,+1.069823E-01
+9.643555E+01,-6.946450E-06,-6.215269E-06,-1.006107E+02,-2.411691E+00
+9.667969E+01,+6.489749E-07,+5.380958E-06,-1.053201E+02,+1.450770E+00
+9.692383E+01,+5.691542E-07,+1.487327E-06,-1.159584E+02,+1.205319E+00
+9.716797E+01,+1.398674E-06,-7.561594E-06,-1.022816E+02,-1.387893E+00
+9.741211E+01,+9.194917E-07,+9.985780E-06,-9.997569E+01,+1.478975E+00
+9.765625E+01,-1.813782E-07,-8.191037E-06,-1.017311E+02,-1.592936E+00
+9.790039E+01,+1.384053E-07,+1.922063E-06,-1.143022E+02,+1.498912E+00
+9.814453E+01,-2.947086E-06,+7.343214E-07,-1.103506E+02,+2.897397E+00
+9.838867E+01,+3.620039E-06,-4.986660E-07,-1.087441E+02,-1.368900E-01
+9.863281E+01,-1.931225E-06,-1.353755E-06,-1.125475E+02,-2.530208E+00
+9.887695E+01,-1.170389E-06,+2.354847E-06,-1.116020E+02,+2.032051E+00
+9.912109E+01,+5.768082E-06,-1.093111E-06,-1.046261E+02,-1.872893E-01
+9.936523E+01,-5.105690E-06,+3.943940E-06,-1.038067E+02,+2.483871E+00
+9.960938E+01,+4.037801E-06,-9.455798E-06,-9.975860E+01,-1.167217E+00
+9.985352E+01,-3.567722E-06,+8.134826E-06,-1.010290E+02,+1.984108E+00
+1.000977E+02,+5.159603E-06,+5.449216E-07,-1.056995E+02,+1.052230E-01
+1.003418E+02,-5.065967E-06,-5.161436E-06,-1.028146E+02,-2.346860E+00
+1.005859E+02,+3.970273E-06,-4.189977E-06,-1.047731E+02,-8.123153E-01
+1.008301E+02,-3.691428E-06,+7.739259E-06,-1.013358E+02,+2.015854E+00
+1.010742E+02,-2.830069E-06,+1.748441E-06,-1.095600E+02,+2.588181E+00
+1.013184E+02,+4.791484E-06,-7.982391E-06,-1.006210E+02,-1.030188E+00
+1.015625E+02,-3.156872E-06,+3.578329E-06,-1.064263E+02,+2.293701E+00
+1.018066E+02,+6.970154E-06,+1.200274E-06,-1.030082E+02,+1.705295E-01
+1.020508E+02,-8.914510E-06,-3.114758E-06,-1.004978E+02,-2.805449E+00
+1.022949E+02,+3.172642E-06,+2.713755E-06,-1.075870E+02,+7.075983E-01
+1.025391E+02,+2.801265E-06,+2.209560E-08,-1.110526E+02,+7.887558E-03
+1.027832E+02,-4.100716E-06,+2.478856E-07,-1.077270E+02,+3.081217E+00
+1.030273E+02,+6.855964E-06,-2.679760E-06,-1.026612E+02,-3.726071E-01
+1.032715E+02,-5.303273E-06,+1.677543E-06,-1.050950E+02,+2.835229E+00
+1.035156E+02,-2.410341E-06,-1.246330E-08,-1.123583E+02,-3.136422E+00
+1.037598E+02,+6.800057E-06,-2.422390E-06,-1.028309E+02,-3.422148E-01
+1.040039E+02,-8.584889E-06,+3.114369E-06,-1.007884E+02,+2.793584E+00
+1.042480E+02,+6.724891E-06,-2.372439E-07,-1.034409E+02,-3.526385E-02
+1.044922E+02,-1.329229E-06,-3.664857E-06,-1.081821E+02,-1.918737E+00
+1.047363E+02,-5.672096E-07,+1.926194E-06,-1.139449E+02,+1.857174E+00
+1.049805E+02,-1.195052E-06,+2.451752E-06,-1.112847E+02,+2.024335E+00
+1.052246E+02,+4.494930E-06,-9.699523E-07,-1.067479E+02,-2.125293E-01
+1.054688E+02,-6.415700E-06,+4.583081E-06,-1.020645E+02,+2.521298E+00
+1.057129E+02,+2.383048E-07,-1.181455E-05,-9.854989E+01,-1.550629E+00
+1.059570E+02,+5.904470E-06,+6.032482E-06,-1.014719E+02,+7.961217E-01
+1.062012E+02,-9.721069E-06,+4.627903E-06,-9.935854E+01,+2.697272E+00
+1.064453E+02,+7.681130E-06,-6.140157E-06,-1.001457E+02,-6.743640E-01
+1.066895E+02,-9.240257E-07,-5.867000E-07,-1.192153E+02,-2.575878E+00
+1.069336E+02,-1.355124E-06,+7.988611E-06,-1.018274E+02,+1.738829E+00
+1.071777E+02,+3.763239E-06,-6.139328E-06,-1.028522E+02,-1.020893E+00
+1.074219E+02,-3.079251E-06,-3.119928E-06,-1.071634E+02,-2.349633E+00
+1.076660E+02,-1.499697E-06,+3.690337E-06,-1.079949E+02,+1.956795E+00
+1.079102E+02,+2.391670E-06,+5.788158E-06,-1.040646E+02,+1.178962E+00
+1.081543E+02,-1.640075E-06,-9.770663E-06,-1.000808E+02,-1.737103E+00
+1.083984E+02,+2.826346E-06,+4.786411E-06,-1.051007E+02,+1.037396E+00
+1.086426E+02,-3.166125E-06,+2.980408E-06,-1.072337E+02,+2.386400E+00
+1.088867E+02,+1.128733E-06,-7.460878E-06,-1.024459E+02,-1.420648E+00
+1.091309E+02,-2.067728E-06,+4.926280E-06,-1.054449E+02,+1.968198E+00
+1.093750E+02,+6.728578E-06,+3.071327E-07,-1.034325E+02,+4.561435E-02
+1.096191E+02,-5.535899E-06,-1.149568E-06,-1.049529E+02,-2.936846E+00
+1.098633E+02,-6.992659E-06,-1.962824E-07,-1.031037E+02,-3.113530E+00
+1.101074E+02,+7.953481E-06,-1.344278E-06,-1.018665E+02,-1.674352E-01
+1.103516E+02,+6.564260E-06,+2.735736E-06,-1.029607E+02,+3.948725E-01
+1.105957E+02,-6.891172E-06,-4.775416E-06,-1.015309E+02,-2.535596E+00
+1.108398E+02,+5.694842E-06,+4.078919E-06,-1.030919E+02,+6.215476E-01
+1.110840E+02,-1.156152E-05,+1.233288E-06,-9.869057E+01,+3.035323E+00
+1.113281E+02,+5.083158E-06,-2.424102E-06,-1.049874E+02,-4.449885E-01
+1.115723E+02,+3.735125E-06,+8.199577E-07,-1.083495E+02,+2.160983E-01
+1.118164E+02,-4.346358E-06,-3.864626E-06,-1.047075E+02,-2.414796E+00
+1.120605E+02,+5.042374E-06,+7.033417E-07,-1.058636E+02,+1.385920E-01
+1.123047E+02,-3.726392E-06,+7.981414E-06,-1.011020E+02,+2.007602E+00
+1.125488E+02,+1.374218E-06,-4.739276E-06,-1.061351E+02,-1.288573E+00
+1.127930E+02,+3.757892E-06,-8.772883E-06,-1.004055E+02,-1.166089E+00
+1.130371E+02,-6.413990E-06,+1.559441E-05,-9.546185E+01,+1.961007E+00
+1.132812E+02,+1.221984E-06,-1.333265E-05,-9.746533E+01,-1.479398E+00
+1.135254E+02,+1.400260E-06,+1.064472E-05,-9.938280E+01,+1.440002E+00
+1.137695E+02,+1.533507E-06,-1.021288E-05,-9.972021E+01,-1.421755E+00
+1.140137E+02,-7.091045E-06,+6.514640E-06,-1.003281E+02,+2.398534E+00
+1.142578E+02,+2.263616E-06,-3.145304E-06,-1.082342E+02,-9.469833E-01
+1.145020E+02,+5.202180E-06,+4.376322E-06,-1.033522E+02,+6.993908E-01
+1.147461E+02,-4.249450E-06,-9.925415E-06,-9.933407E+01,-1.975322E+00
+1.149902E+02,+2.597084E-07,+4.688766E-06,-1.065655E+02,+1.515463E+00
+1.152344E+02,-9.401245E-07,+6.708374E-06,-1.033832E+02,+1.710031E+00
+1.154785E+02,-1.585449E-06,-5.134589E-06,-1.053944E+02,-1.870287E+00
+1.157227E+02,+5.274869E-06,+2.398980E-07,-1.055468E+02,+4.544810E-02
+1.159668E+02,-2.226415E-06,-1.201270E-06,-1.119382E+02,-2.646805E+00
+1.162109E+02,-1.292289E-06,+3.737201E-06,-1.080586E+02,+1.903716E+00
+1.164551E+02,+5.489342E-06,-7.654670E-07,-1.051260E+02,-1.385526E-01
+1.166992E+02,-6.582954E-06,-6.481043E-07,-1.035897E+02,-3.043457E+00
+1.169434E+02,-6.617752E-07,-2.985697E-06,-1.102908E+02,-1.788918E+00
+1.171875E+02,+1.951211E-06,+1.010361E-05,-9.975144E+01,+1.380025E+00
+1.174316E+02,+3.416582E-06,-9.068084E-06,-1.002732E+02,-1.210475E+00
+1.176758E+02,-1.517854E-06,+2.599506E-06,-1.104281E+02,+2.099294E+00
+1.179199E+02,+3.424726E-06,+5.498889E-07,-1.091969E+02,+1.592055E-01
+1.181641E+02,-8.501003E-06,-7.442387E-06,-9.893958E+01,-2.422496E+00
+1.184082E+02,+7.226164E-06,+7.115067E-06,-9.987831E+01,+7.776517E-01
+1.186523E+02,-5.346411E-07,-7.651498E-06,-1.023039E+02,-1.640557E+00
+1.188965E+02,-4.584189E-06,+1.235834E-05,-9.760092E+01,+1.926002E+00
+1.191406E+02,+3.711770E-08,-1.225563E-05,-9.823325E+01,-1.567768E+00
+1.193848E+02,-2.707954E-07,+5.937725E-06,-1.045186E+02,+1.616371E+00
+1.196289E+02,+3.195678E-06,-8.609493E-07,-1.096044E+02,-2.631623E-01
+1.198730E+02,-3.480809E-06,+5.715124E-06,-1.034893E+02,+2.117845E+00
+1.201172E+02,+1.075957E-05,-4.124831E-06,-9.876859E+01,-3.660832E-01
+1.203613E+02,-1.626550E-05,-3.120636E-06,-9.561767E+01,-2.952040E+00
+1.206055E+02,+5.630267E-06,+2.562634E-06,-1.041718E+02,+4.271311E-01
+1.208496E+02,+6.323125E-06,-1.361373E-06,-1.037846E+02,-2.120635E-01
+1.210938E+02,-7.958000E-06,-1.637603E-06,-1.018038E+02,-2.938645E+00
+1.213379E+02,+4.898336E-06,+2.963030E-06,-1.048448E+02,+5.440187E-01
+1.215820E+02,-2.395616E-06,-3.098272E-06,-1.081422E+02,-2.228987E+00
+1.218262E+02,+1.353273E-06,-9.389542E-07,-1.156655E+02,-6.065794E-01
+1.220703E+02,-5.288717E-08,+1.074515E-05,-9.937565E+01,+1.575718E+00
+1.223145E+02,-4.437268E-06,-1.084614E-05,-9.862241E+01,-1.959132E+00
+1.225586E+02,+3.182547E-06,+6.597595E-06,-1.027037E+02,+1.121344E+00
+1.228027E+02,-1.768850E-06,-2.332837E-06,-1.106697E+02,-2.219550E+00
+1.230469E+02,+1.549602E-06,-1.102790E-06,-1.144160E+02,-6.185086E-01
+1.232910E+02,+9.330075E-07,+3.642832E-07,-1.199861E+02,+3.722376E-01
+1.235352E+02,-8.175371E-07,-1.095149E-07,-1.216726E+02,-3.008428E+00
+1.237793E+02,-2.280676E-06,+1.775791E-06,-1.107806E+02,+2.480022E+00
+1.240234E+02,-4.544134E-06,+1.664821E-06,-1.063040E+02,+2.790412E+00
+1.242676E+02,+7.531904E-06,-6.907719E-06,-9.981108E+01,-7.421978E-01
+1.245117E+02,-2.932615E-06,+9.032219E-06,-1.004488E+02,+1.884742E+00
+1.247559E+02,-1.118738E-06,+7.070882E-07,-1.175658E+02,+2.577946E+00
+1.250000E+02,-6.180442E-07,-2.124138E-06,-1.131034E+02,-1.853941E+00
+1.252441E+02,+6.216185E-07,+1.319738E-06,-1.167200E+02,+1.130603E+00
+1.254883E+02,+6.887699E-06,+1.606313E-07,-1.032362E+02,+2.331725E-02
+1.257324E+02,-4.369378E-06,+2.826524E-06,-1.056734E+02,+2.567404E+00
+1.259766E+02,+4.302533E-06,-8.787013E-06,-1.001898E+02,-1.115465E+00
+1.262207E+02,-1.872168E-06,+8.105817E-06,-1.015984E+02,+1.797782E+00
+1.264648E+02,-5.685081E-07,+3.349791E-06,-1.093763E+02,+1.738909E+00
+1.267090E+02,+1.435216E-06,-1.370442E-05,-9.721542E+01,-1.466450E+00
+1.269531E+02,-6.405926E-06,+8.694190E-07,-1.037891E+02,+3.006696E+00
+1.271973E+02,+6.716048E-06,+1.592993E-05,-9.524521E+01,+1.171810E+00
+1.274414E+02,+7.865431E-06,-1.256538E-05,-9.658064E+01,-1.011507E+00
+1.276855E+02,-6.823013E-06,+1.727044E-06,-1.030508E+02,+2.893679E+00
+1.279297E+02,+5.062232E-06,-3.203703E-06,-1.044503E+02,-5.642342E-01
+1.281738E+02,-1.810681E-05,+2.120443E-07,-9.484257E+01,+3.129882E+00
+1.284180E+02,+1.917684E-05,-1.699627E-06,-9.431049E+01,-8.839817E-02
+1.286621E+02,-1.215960E-05,+7.401621E-06,-9.693275E+01,+2.594796E+00
+1.289062E+02,+5.168705E-06,-6.858336E-06,-1.013223E+02,-9.249707E-01
+1.291504E+02,+5.136483E-07,+2.139115E-06,-1.131519E+02,+1.335136E+00
+1.293945E+02,-5.547695E-06,+4.461864E-06,-1.029512E+02,+2.464251E+00
+1.296387E+02,+4.292173E-06,-6.576412E-06,-1.020991E+02,-9.925522E-01
+1.298828E+02,+7.052415E-07,+4.802439E-06,-1.062781E+02,+1.424988E+00
+1.301270E+02,-7.129545E-06,-2.199373E-06,-1.025440E+02,-2.842368E+00
+1.303711E+02,+9.588985E-06,+1.797534E-06,-1.002146E+02,+1.853076E-01
+1.306152E+02,-1.539892E-06,+8.756315E-07,-1.150335E+02,+2.624557E+00
+1.308594E+02,-1.217623E-06,-2.431257E-06,-1.113114E+02,-2.035100E+00
+1.311035E+02,+2.116219E-06,-2.674610E-06,-1.093435E+02,-9.014289E-01
+1.313477E+02,-5.785849E-06,+1.680128E-06,-1.044011E+02,+2.858979E+00
+1.315918E+02,+3.603265E-06,+2.965956E-06,-1.066193E+02,+6.886864E-01
+1.318359E+02,-1.063974E-06,+2.018453E-06,-1.128348E+02,+2.055907E+00
+1.320801E+02,-7.992167E-07,-8.983551E-06,-1.008968E+02,-1.659527E+00
+1.323242E+02,+2.028082E-06,+1.026373E-05,-9.960755E+01,+1.375712E+00
+1.325684E+02,-5.884023E-07,-4.738453E-06,-1.064208E+02,-1.694340E+00
+1.328125E+02,-2.757529E-06,+6.952320E-07,-1.109220E+02,+2.894619E+00
+1.330566E+02,+4.514536E-06,-2.528021E-06,-1.057232E+02,-5.104682E-01
+1.333008E+02,-7.819972E-07,+8.791512E-07,-1.185873E+02,+2.297775E+00
+1.335449E+02,-5.030587E-06,+4.019985E-07,-1.059400E+02,+3.061851E+00
+1.337891E+02,+6.214596E-06,+2.444342E-06,-1.035070E+02,+3.747368E-01
+1.340332E+02,+5.834271E-07,-7.062090E-06,-1.029918E+02,-1.488370E+00
+1.342773E+02,-5.924657E-06,+1.250809E-05,-9.717709E+01,+2.013155E+00
+1.345215E+02,+3.929579E-06,-1.113401E-05,-9.855713E+01,-1.231509E+00
+1.347656E+02,-2.890904E-06,+4.414907E-06,-1.055519E+02,+2.150542E+00
+1.350098E+02,-1.419752E-06,-7.316806E-07,-1.159328E+02,-2.665734E+00
+1.352539E+02,+6.965962E-06,+3.796515E-07,-1.031275E+02,+5.444707E-02
+1.354980E+02,-3.018380E-06,+4.374356E-07,-1.103143E+02,+2.997671E+00
+1.357422E+02,-3.700278E-06,+9.278543E-09,-1.086353E+02,+3.139085E+00
+1.359863E+02,+5.721271E-06,-2.286731E-06,-1.042065E+02,-3.802386E-01
+1.362305E+02,-4.374152E-06,+1.022969E-06,-1.069509E+02,+2.911855E+00
+1.364746E+02,+9.626988E-06,+3.930435E-06,-9.966065E+01,+3.876175E-01
+1.367188E+02,-8.812710E-06,+5.403850E-07,-1.010815E+02,+3.080350E+00
+1.369629E+02,-3.254197E-07,-7.857804E-06,-1.020865E+02,-1.612186E+00
+1.372070E+02,+4.444675E-06,+4.077469E-06,-1.043913E+02,+7.423364E-01
+1.374512E+02,-4.515039E-06,-1.926189E-06,-1.061806E+02,-2.738354E+00
+1.376953E+02,+1.323856E-06,+2.643437E-06,-1.105847E+02,+1.106502E+00
+1.379395E+02,+3.910408E-06,-3.298576E-07,-1.081248E+02,-8.415452E-02
+1.381836E+02,+5.956903E-07,+1.511793E-07,-1.242285E+02,+2.485410E-01
+1.384277E+02,-7.659563E-06,-6.417054E-07,-1.022855E+02,-3.058010E+00
+1.386719E+02,+9.237627E-06,-9.860324E-07,-1.006396E+02,-1.063382E-01
+1.389160E+02,-1.048156E-05,+2.653961E-07,-9.958870E+01,+3.116278E+00
+1.391602E+02,+4.262110E-06,+4.762981E-07,-1.073536E+02,+1.112900E-01
+1.394043E+02,+4.731728E-06,+5.598370E-07,-1.064392E+02,+1.177681E-01
+1.396484E+02,-3.945436E-06,+1.889815E-06,-1.071811E+02,+2.694896E+00
+1.398926E+02,+4.316146E-06,-5.193574E-06,-1.034101E+02,-8.774041E-01
+1.401367E+02,-7.203812E-06,+1.109387E-06,-1.027470E+02,+2.988793E+00
+1.403809E+02,+7.613017E-06,-1.078598E-06,-1.022826E+02,-1.407415E-01
+1.406250E+02,-4.346766E-06,+6.674823E-06,-1.019758E+02,+2.148027E+00
+1.408691E+02,+4.810298E-07,-9.794332E-06,-1.001700E+02,-1.521723E+00
+1.411133E+02,-1.013790E-06,+8.791509E-06,-1.010614E+02,+1.685604E+00
+1.413574E+02,+6.607901E-06,-5.488576E-06,-1.013201E+02,-6.931278E-01
+1.416016E+02,-8.293300E-06,+2.333994E-06,-1.012944E+02,+2.867257E+00
+1.418457E+02,+4.663045E-06,-2.717739E-06,-1.053566E+02,-5.276949E-01
+1.420898E+02,-1.572052E-06,-1.579510E-06,-1.130398E+02,-2.353828E+00
+1.423340E+02,-3.993367E-06,+4.548525E-06,-1.043609E+02,+2.291293E+00
+1.425781E+02,+7.674022E-06,+1.925135E-06,-1.020345E+02,+2.457915E-01
+1.428223E+02,-9.953786E-06,-1.338884E-05,-9.555427E+01,-2.210085E+00
+1.430664E+02,+1.142470E-05,+1.263125E-05,-9.537494E+01,+8.355122E-01
+1.433105E+02,-7.519437E-06,-3.594010E-06,-1.015827E+02,-2.695730E+00
+1.435547E+02,+7.120054E-06,+2.669990E-06,-1.023789E+02,+3.587670E-01
+1.437988E+02,-1.292248E-05,-3.673312E-06,-9.743562E+01,-2.864640E+00
+1.440430E+02,+4.143516E-06,-1.429245E-06,-1.071644E+02,-3.321557E-01
+1.442871E+02,+4.656584E-06,+6.087848E-06,-1.023102E+02,+9.178284E-01
+1.445312E+02,-3.322340E-07,-6.522638E-06,-1.037003E+02,-1.621688E+00
+1.447754E+02,+1.340467E-06,-1.955934E-06,-1.125007E+02,-9.699816E-01
+1.450195E+02,-9.093754E-06,+7.434509E-06,-9.860221E+01,+2.456248E+00
+1.452637E+02,+7.298529E-06,-5.932725E-06,-1.005322E+02,-6.825369E-01
+1.455078E+02,-4.873234E-07,+6.301810E-06,-1.039848E+02,+1.647973E+00
+1.457520E+02,-3.872682E-07,-2.845741E-06,-1.108364E+02,-1.706052E+00
+1.459961E+02,-1.757504E-06,-2.817978E-06,-1.095743E+02,-2.128443E+00
+1.462402E+02,+5.005153E-06,+4.412163E-06,-1.035146E+02,+7.225131E-01
+1.464844E+02,-7.783296E-06,-4.277591E-07,-1.021636E+02,-3.086689E+00
+1.467285E+02,+1.302467E-06,-3.158521E-06,-1.093283E+02,-1.179675E+00
+1.469727E+02,-8.423773E-07,+1.660707E-06,-1.145998E+02,+2.040219E+00
+1.472168E+02,+1.040592E-05,+4.278022E-06,-9.897620E+01,+3.900507E-01
+1.474609E+02,-8.944287E-06,-6.959193E-06,-9.891331E+01,-2.480374E+00
+1.477051E+02,-2.010101E-06,+3.559547E-06,-1.077700E+02,+2.084861E+00
+1.479492E+02,+3.634573E-06,-3.754154E-06,-1.056378E+02,-8.015810E-01
+1.481934E+02,+1.811714E-06,+4.764683E-06,-1.058529E+02,+1.207441E+00
+1.484375E+02,-7.543029E-06,+5.760240E-07,-1.024238E+02,+3.065376E+00
+1.486816E+02,+7.701336E-06,-6.983088E-06,-9.966278E+01,-7.365249E-01
+1.489258E+02,-5.165705E-06,+8.618323E-06,-9.995850E+01,+2.110765E+00
+1.491699E+02,+4.647570E-06,-7.877963E-07,-1.065325E+02,-1.679111E-01
+1.494141E+02,-4.852204E-06,-1.020436E-05,-9.893902E+01,-2.014655E+00
+1.496582E+02,+1.016948E-06,+8.086276E-06,-1.017769E+02,+1.445691E+00
+1.499023E+02,+9.787169E-07,+3.800747E-06,-1.081238E+02,+1.318765E+00
+1.501465E+02,+7.178281E-07,-3.763171E-07,-1.218251E+02,-4.828542E-01
+1.503906E+02,+4.254498E-06,-7.271976E-06,-1.014885E+02,-1.041439E+00
+1.506348E+02,-6.751249E-06,+4.518814E-06,-1.018046E+02,+2.551749E+00
+1.508789E+02,+7.012810E-07,-9.280567E-07,-1.186868E+02,-9.236925E-01
+1.511230E+02,+1.698202E-07,-3.239431E-06,-1.097787E+02,-1.518421E+00
+1.513672E+02,-9.069444E-07,+4.245932E-06,-1.072468E+02,+1.781237E+00
+1.516113E+02,+6.142222E-06,+1.429986E-06,-1.040042E+02,+2.287379E-01
+1.518555E+02,-9.104962E-06,-2.017803E-06,-1.006062E+02,-2.923502E+00
+1.520996E+02,+4.925581E-06,-1.600082E-06,-1.057151E+02,-3.140975E-01
+1.523438E+02,+9.687282E-07,+2.351791E-06,-1.118914E+02,+1.180064E+00
+1.525879E+02,-3.108353E-06,-9.591085E-07,-1.097544E+02,-2.842303E+00
+1.528320E+02,+2.328064E-06,+7.232020E-07,-1.122600E+02,+3.011943E-01
+1.530762E+02,-1.135057E-06,-1.415223E-06,-1.148264E+02,-2.246776E+00
+1.533203E+02,+8.754110E-07,+1.612563E-06,-1.147280E+02,+1.073444E+00
+1.535645E+02,+3.041272E-07,+3.197420E-06,-1.098649E+02,+1.475965E+00
+1.538086E+02,+3.897636E-06,-5.782884E-06,-1.031307E+02,-9.777372E-01
+1.540527E+02,-6.883881E-06,+1.611457E-06,-1.030116E+02,+2.911642E+00
+1.542969E+02,+4.874628E-07,+2.831953E-06,-1.108315E+02,+1.400337E+00
+1.545410E+02,+1.658858E-06,-1.552484E-06,-1.128718E+02,-7.522857E-01
+1.547852E+02,+3.086555E-06,-4.452437E-06,-1.053238E+02,-9.646297E-01
+1.550293E+02,-4.496706E-06,+3.070895E-06,-1.052796E+02,+2.542421E+00
+1.552734E+02,+4.050616E-06,+2.117577E-06,-1.068003E+02,+4.817042E-01
+1.555176E+02,-2.328224E-06,+2.800456E-06,-1.087735E+02,+2.264377E+00
+1.557617E+02,-2.927588E-06,-2.050379E-06,-1.089365E+02,-2.530622E+00
+1.560059E+02,+1.829589E-06,-1.849889E-06,-1.116944E+02,-7.909151E-01
+1.562500E+02,+6.330807E-06,-4.011308E-06,-1.025050E+02,-5.647720E-01
+1.564941E+02,-3.417113E-06,+7.217133E-06,-1.019543E+02,+2.012998E+00
+1.567383E+02,-3.658123E-06,-2.760185E-06,-1.067777E+02,-2.495195E+00
+1.569824E+02,+5.681261E-07,+2.471058E-06,-1.119186E+02,+1.344811E+00
+1.572266E+02,+4.810847E-06,-4.260683E-06,-1.038407E+02,-7.248250E-01
+1.574707E+02,-7.642537E-06,+7.948342E-07,-1.022885E+02,+3.037964E+00
+1.577148E+02,+1.058735E-05,+8.592872E-08,-9.950397E+01,+8.115990E-03
+1.579590E+02,-4.315239E-06,+2.607758E-06,-1.059480E+02,+2.598007E+00
+1.582031E+02,-1.853915E-06,-8.574456E-07,-1.137963E+02,-2.708388E+00
+1.584473E+02,-2.707979E-06,-3.160015E-06,-1.076148E+02,-2.279312E+00
+1.586914E+02,+2.350556E-06,+1.046517E-07,-1.125680E+02,+4.449274E-02
+1.589355E+02,-2.001724E-07,-1.243445E-06,-1.179964E+02,-1.730409E+00
+1.591797E+02,+2.116786E-07,+7.572590E-06,-1.024117E+02,+1.542850E+00
+1.594238E+02,+1.242449E-06,-7.956110E-06,-1.018813E+02,-1.415885E+00
+1.596680E+02,+1.569026E-06,+8.625943E-06,-1.011425E+02,+1.390867E+00
+1.599121E+02,-3.647231E-06,-1.153346E-05,-9.834687E+01,-1.877076E+00
+1.601562E+02,+1.551089E-06,+9.735171E-06,-1.001243E+02,+1.412796E+00
+1.604004E+02,-1.220606E-06,-3.325493E-06,-1.090140E+02,-1.922575E+00
+1.606445E+02,-3.749659E-06,+3.149574E-06,-1.062016E+02,+2.442955E+00
+1.608887E+02,+8.466503E-06,-4.179886E-06,-1.004986E+02,-4.585924E-01
+1.611328E+02,-5.093119E-06,+3.957505E-06,-1.038089E+02,+2.481016E+00
+1.613770E+02,-1.366171E-06,-2.247432E-06,-1.116006E+02,-2.116991E+00
+1.616211E+02,+2.444690E-06,+2.233763E-06,-1.095994E+02,+7.403438E-01
+1.618652E+02,-3.803688E-07,+7.446801E-07,-1.215538E+02,+2.043032E+00
+1.621094E+02,-5.962144E-07,-9.443817E-07,-1.190402E+02,-2.133933E+00
+1.623535E+02,+2.419014E-06,-2.686934E-06,-1.088368E+02,-8.378221E-01
+1.625977E+02,-3.271643E-06,+4.357358E-06,-1.052739E+02,+2.214829E+00
+1.628418E+02,+9.740151E-06,-5.721284E-06,-9.894138E+01,-5.310971E-01
+1.630859E+02,-8.930275E-06,+6.992529E-06,-9.890606E+01,+2.477295E+00
+1.633301E+02,-1.170676E-06,-4.137180E-06,-1.073314E+02,-1.846552E+00
+1.635742E+02,+5.599100E-06,-1.075000E-06,-1.048804E+02,-1.896869E-01
+1.638184E+02,+6.055325E-08,+3.146907E-06,-1.100407E+02,+1.551557E+00
+1.640625E+02,-1.145592E-06,+4.800309E-06,-1.061341E+02,+1.805064E+00
+1.643066E+02,-3.083685E-06,-8.799601E-06,-1.006077E+02,-1.907858E+00
+1.645508E+02,+7.066375E-06,+2.730415E-06,-1.024117E+02,+3.687235E-01
+1.647949E+02,-5.444932E-06,-1.089003E-07,-1.052784E+02,-3.121595E+00
+1.650391E+02,+2.545377E-06,-3.360323E-07,-1.118099E+02,-1.312577E-01
+1.652832E+02,-1.623185E-06,-1.436204E-06,-1.132814E+02,-2.417235E+00
+1.655273E+02,+5.910029E-06,-7.771753E-08,-1.045675E+02,-1.314935E-02
+1.657715E+02,-7.059639E-06,-2.771333E-09,-1.030244E+02,-3.141200E+00
+1.660156E+02,+5.156047E-06,+2.053588E-06,-1.051142E+02,+3.790290E-01
+1.662598E+02,-1.983728E-06,+5.408457E-06,-1.047904E+02,+1.922343E+00
+1.665039E+02,+6.294119E-06,-9.794654E-06,-9.867897E+01,-9.996355E-01
+1.667480E+02,-1.175425E-05,+2.513582E-07,-9.859412E+01,+3.120211E+00
+1.669922E+02,+7.785787E-06,+2.171239E-06,-1.018487E+02,+2.719626E-01
+1.672363E+02,-3.692475E-06,-2.091489E-06,-1.074452E+02,-2.626231E+00
+1.674805E+02,+4.474185E-06,+9.165948E-07,-1.068072E+02,+2.020671E-01
+1.677246E+02,-6.219864E-06,-2.486310E-06,-1.034806E+02,-2.761313E+00
+1.679688E+02,+3.627676E-06,+5.028290E-06,-1.041517E+02,+9.458169E-01
+1.682129E+02,+4.560073E-07,-8.127759E-06,-1.017869E+02,-1.514750E+00
+1.684570E+02,-3.459576E-06,+8.284117E-06,-1.009369E+02,+1.966396E+00
+1.687012E+02,+3.886087E-06,-8.241031E-06,-1.008084E+02,-1.130164E+00
+1.689453E+02,-8.408931E-06,+4.855417E-06,-1.002556E+02,+2.617948E+00
+1.691895E+02,+8.161676E-06,+2.401090E-06,-1.014039E+02,+2.861187E-01
+1.694336E+02,-3.167745E-06,-4.750011E-06,-1.048682E+02,-2.158955E+00
+1.696777E+02,-4.321062E-06,+2.074035E-06,-1.063878E+02,+2.694087E+00
+1.699219E+02,-4.745401E-07,-1.376354E-06,-1.167376E+02,-1.902814E+00
+1.701660E+02,+6.517084E-06,+5.683326E-06,-1.012626E+02,+7.171657E-01
+1.704102E+02,-4.383845E-06,+7.850564E-07,-1.070258E+02,+2.964391E+00
+1.706543E+02,-1.602634E-06,-8.650904E-06,-1.011122E+02,-1.753976E+00
+1.708984E+02,+3.246599E-06,+7.953190E-06,-1.013198E+02,+1.183230E+00
+1.711426E+02,+1.911514E-06,+2.890426E-06,-1.092051E+02,+9.865002E-01
+1.713867E+02,-5.041140E-06,-8.348428E-06,-1.002178E+02,-2.114037E+00
+1.716309E+02,+5.179201E-06,+1.228186E-05,-9.750390E+01,+1.171728E+00
+1.718750E+02,+7.725573E-07,-1.071847E-05,-9.937485E+01,-1.498844E+00
+1.721191E+02,+3.374920E-06,+4.265516E-06,-1.052893E+02,+9.014380E-01
+1.723633E+02,-5.125064E-06,-3.251609E-06,-1.043369E+02,-2.576225E+00
+1.726074E+02,+3.558451E-06,+2.266775E-06,-1.074956E+02,+5.671904E-01
+1.728516E+02,-5.145109E-07,-3.818616E-06,-1.082838E+02,-1.704727E+00
+1.730957E+02,-6.737773E-07,+1.956911E-08,-1.234260E+02,+3.112557E+00
+1.733398E+02,+8.189947E-07,+4.420511E-06,-1.069440E+02,+1.387602E+00
+1.735840E+02,-3.263789E-06,-7.020314E-06,-1.022230E+02,-2.005977E+00
+1.738281E+02,+3.536562E-07,+5.137754E-06,-1.057640E+02,+1.502070E+00
+1.740723E+02,+6.188632E-07,-5.722059E-07,-1.214849E+02,-7.462456E-01
+1.743164E+02,+2.060275E-06,-2.393158E-06,-1.100122E+02,-8.600068E-01
+1.745605E+02,+2.095690E-06,+1.797682E-06,-1.111784E+02,+7.090047E-01
+1.748047E+02,-3.159685E-06,-1.025186E-06,-1.095724E+02,-2.827851E+00
+1.750488E+02,-7.298104E-07,-5.427398E-07,-1.208239E+02,-2.502154E+00
+1.752930E+02,+5.418802E-06,+9.861633E-08,-1.053205E+02,+1.819691E-02
+1.755371E+02,-1.948934E-06,-5.985737E-07,-1.138126E+02,-2.843609E+00
+1.757812E+02,-4.906571E-06,-8.067084E-08,-1.061833E+02,-3.125153E+00
+1.760254E+02,+2.612449E-06,-6.490450E-06,-1.031024E+02,-1.188131E+00
+1.762695E+02,-2.024442E-06,+6.063350E-06,-1.038867E+02,+1.893040E+00
+1.765137E+02,+1.861658E-07,+4.957635E-08,-1.343044E+02,+2.602620E-01
+1.767578E+02,+2.316767E-06,+1.629469E-08,-1.127021E+02,+7.033261E-03
+1.770020E+02,-1.036850E-05,-5.423700E-06,-9.863526E+01,-2.659641E+00
+1.772461E+02,+4.420395E-06,+9.415665E-06,-9.965794E+01,+1.131868E+00
+1.774902E+02,+4.206246E-06,-4.697241E-06,-1.040059E+02,-8.404888E-01
+1.777344E+02,-1.560387E-06,+4.880064E-07,-1.157301E+02,+2.838483E+00
+1.779785E+02,-4.724766E-06,+1.488712E-06,-1.061013E+02,+2.836353E+00
+1.782227E+02,+2.596631E-06,+2.429829E-07,-1.116739E+02,+9.330451E-02
+1.784668E+02,+6.182131E-06,-2.367925E-06,-1.035827E+02,-3.657897E-01
+1.787109E+02,-8.920192E-06,+3.747519E-06,-1.002866E+02,+2.743866E+00
+1.789551E+02,+7.999278E-06,-1.175344E-06,-1.018462E+02,-1.458874E-01
+1.791992E+02,-3.065034E-06,-2.530957E-06,-1.080134E+02,-2.451345E+00
+1.794434E+02,-4.175428E-06,+2.958953E-06,-1.058187E+02,+2.525079E+00
+1.796875E+02,+1.725238E-06,-3.862297E-06,-1.074730E+02,-1.150701E+00
+1.799316E+02,+5.340739E-06,+4.578928E-06,-1.030548E+02,+7.087505E-01
+1.801758E+02,-4.984242E-06,-3.229823E-07,-1.060298E+02,-3.076882E+00
+1.804199E+02,-4.402435E-06,-3.301533E-07,-1.071018E+02,-3.066739E+00
+1.806641E+02,+3.761787E-06,+1.201741E-06,-1.080701E+02,+3.092133E-01
+1.809082E+02,+4.125815E-06,+3.241340E-07,-1.076631E+02,+7.840137E-02
+1.811523E+02,-7.219814E-07,-5.425450E-06,-1.052351E+02,-1.703092E+00
+1.813965E+02,-6.478061E-06,+9.746982E-06,-9.863377E+01,+2.157382E+00
+1.816406E+02,+8.836780E-06,-7.622349E-06,-9.865858E+01,-7.117470E-01
+1.818848E+02,-5.351694E-06,-1.345663E-07,-1.054274E+02,-3.116453E+00
+1.821289E+02,+1.160686E-06,-4.199187E-06,-1.072170E+02,-1.301122E+00
+1.823730E+02,+1.901815E-06,+1.111344E-05,-9.895767E+01,+1.401311E+00
+1.826172E+02,-4.882892E-06,-8.277568E-06,-1.003451E+02,-2.103752E+00
+1.828613E+02,+3.613192E-06,+1.919473E-06,-1.077626E+02,+4.883264E-01
+1.831055E+02,-2.400170E-06,+5.899845E-06,-1.039181E+02,+1.957167E+00
+1.833496E+02,+3.942996E-07,-4.350651E-06,-1.071934E+02,-1.480413E+00
+1.835938E+02,+3.513658E-06,-8.140976E-07,-1.088577E+02,-2.276778E-01
+1.838379E+02,-6.937447E-07,-5.458886E-07,-1.210831E+02,-2.474908E+00
+1.840820E+02,-2.876230E-06,+8.730854E-07,-1.104407E+02,+2.846880E+00
+1.843262E+02,+6.066160E-06,+1.909866E-06,-1.039313E+02,+3.050147E-01
+1.845703E+02,-7.623869E-06,+8.040404E-07,-1.023085E+02,+3.036518E+00
+1.848145E+02,+6.101429E-06,-6.968036E-07,-1.042351E+02,-1.137107E-01
+1.850586E+02,+1.409969E-06,-3.805280E-06,-1.078335E+02,-1.215950E+00
+1.853027E+02,-8.321093E-06,+1.732329E-07,-1.015945E+02,+3.120777E+00
+1.855469E+02,+3.782301E-06,+4.197234E-06,-1.049590E+02,+8.373510E-01
+1.857910E+02,+2.485955E-06,-1.321454E-06,-1.110093E+02,-4.885819E-01
+1.860352E+02,-3.431542E-06,-2.905989E-06,-1.069421E+02,-2.438932E+00
+1.862793E+02,+3.362132E-06,+1.707393E-06,-1.084713E+02,+4.698923E-01
+1.865234E+02,-4.278000E-06,+2.823709E-06,-1.058046E+02,+2.558182E+00
+1.867676E+02,+2.217158E-06,-7.103069E-06,-1.025673E+02,-1.268239E+00
+1.870117E+02,+1.956824E-06,+7.270011E-06,-1.024655E+02,+1.307864E+00
+1.872559E+02,-2.022487E-06,-6.028953E-06,-1.039320E+02,-1.894462E+00
+1.875000E+02,+1.658923E-06,+7.349701E-06,-1.024588E+02,+1.348803E+00
+1.877441E+02,-1.995135E-06,-7.480975E-06,-1.022224E+02,-1.831425E+00
+1.879883E+02,+2.357252E-06,+4.695630E-06,-1.055900E+02,+1.105542E+00
+1.882324E+02,-5.132225E-06,-5.511335E-06,-1.024631E+02,-2.320591E+00
+1.884766E+02,+7.132905E-06,+5.516288E-06,-1.008987E+02,+6.582832E-01
+1.887207E+02,-1.013581E-05,-7.162177E-06,-9.812390E+01,-2.526437E+00
+1.889648E+02,+1.255573E-05,+5.722930E-06,-9.720337E+01,+4.276685E-01
+1.892090E+02,-1.438458E-05,-1.989474E-06,-9.675977E+01,-3.004158E+00
+1.894531E+02,+1.032557E-05,+5.296944E-06,-9.870713E+01,+4.739878E-01
+1.896973E+02,-9.240848E-06,-3.881982E-06,-9.997993E+01,-2.743889E+00
+1.899414E+02,+1.026214E-05,-1.101479E-06,-9.972549E+01,-1.069248E-01
+1.901855E+02,-7.825811E-06,-8.027459E-07,-1.020840E+02,-3.039373E+00
+1.904297E+02,+1.229300E-06,+6.578264E-06,-1.034887E+02,+1.386054E+00
+1.906738E+02,+3.138513E-07,-5.168677E-06,-1.057164E+02,-1.510149E+00
+1.909180E+02,+1.433717E-06,-2.948944E-06,-1.096852E+02,-1.118266E+00
+1.911621E+02,-1.040927E-06,+1.244894E-05,-9.806709E+01,+1.654218E+00
+1.914062E+02,-6.675218E-07,-5.553363E-06,-1.050466E+02,-1.690424E+00
+1.916504E+02,+3.316776E-06,-3.116398E-06,-1.068376E+02,-7.542606E-01
+1.918945E+02,+8.048109E-08,+1.981855E-06,-1.140514E+02,+1.530210E+00
+1.921387E+02,-2.043306E-06,-1.564926E-07,-1.137679E+02,-3.065154E+00
+1.923828E+02,-8.753084E-07,+8.625976E-07,-1.182095E+02,+2.363508E+00
+1.926270E+02,-8.173683E-08,+2.393084E-06,-1.124158E+02,+1.604939E+00
+1.928711E+02,+5.594855E-07,-4.775854E-06,-1.063598E+02,-1.454179E+00
+1.931152E+02,+1.105269E-06,+1.125368E-06,-1.160414E+02,+7.944084E-01
+1.933594E+02,+4.812480E-06,-4.547196E-07,-1.063140E+02,-9.420789E-02
+1.936035E+02,-7.961808E-06,+9.209652E-06,-9.829128E+01,+2.283652E+00
+1.938477E+02,+1.913442E-06,-5.782022E-06,-1.043071E+02,-1.251211E+00
+1.940918E+02,+2.713604E-07,-9.480473E-07,-1.201214E+02,-1.292019E+00
+1.943359E+02,+9.616099E-07,-5.565848E-06,-1.049616E+02,-1.399716E+00
+1.945801E+02,+9.153323E-06,+8.770547E-06,-9.793968E+01,+7.640458E-01
+1.948242E+02,-1.453469E-05,-4.079709E-06,-9.642254E+01,-2.867946E+00
+1.950684E+02,+6.262729E-06,+3.785712E-06,-1.027121E+02,+5.437092E-01
+1.953125E+02,+5.880002E-07,+8.715482E-07,-1.195650E+02,+9.772791E-01
+1.955566E+02,+6.310933E-06,-7.895787E-06,-9.990671E+01,-8.964955E-01
+1.958008E+02,-1.248419E-05,+7.031672E-06,-9.687613E+01,+2.628636E+00
+1.960449E+02,+1.069161E-05,-4.747607E-06,-9.863754E+01,-4.178948E-01
+1.962891E+02,-3.502887E-06,+3.828541E-06,-1.056980E+02,+2.311805E+00
+1.965332E+02,+9.820684E-07,-1.715919E-06,-1.140795E+02,-1.050973E+00
+1.967773E+02,-7.315862E-06,+2.571717E-06,-1.022087E+02,+2.803559E+00
+1.970215E+02,+1.387591E-05,-5.421094E-06,-9.653786E+01,-3.724496E-01
+1.972656E+02,-9.683543E-06,+5.355673E-06,-9.912026E+01,+2.636396E+00
+1.975098E+02,+1.828599E-06,-2.390130E-06,-1.104304E+02,-9.177245E-01
+1.977539E+02,+1.510635E-06,-6.492377E-07,-1.156807E+02,-4.059106E-01
+1.979980E+02,+4.392724E-06,+2.708906E-08,-1.071452E+02,+6.166725E-03
+1.982422E+02,-7.029010E-06,-3.949046E-06,-1.018707E+02,-2.629719E+00
+1.984863E+02,+1.504336E-06,+7.764866E-06,-1.020373E+02,+1.379431E+00
+1.987305E+02,+4.543498E-06,-8.388861E-06,-1.004088E+02,-1.074417E+00
+1.989746E+02,-3.730572E-06,+8.942468E-06,-1.002740E+02,+1.966020E+00
+1.992188E+02,+3.509907E-06,-3.775179E-06,-1.057559E+02,-8.217950E-01
+1.994629E+02,-6.692262E-06,-7.111269E-06,-1.002065E+02,-2.325849E+00
+1.997070E+02,+5.476627E-06,+8.219311E-06,-1.001077E+02,+9.830391E-01
+1.999512E+02,+9.050244E-07,-4.170963E-06,-1.073955E+02,-1.357126E+00
+2.001953E+02,-3.599247E-06,+4.165244E-06,-1.051850E+02,+2.283428E+00
+2.004395E+02,+3.797337E-06,-7.533734E-06,-1.014766E+02,-1.103918E+00
+2.006836E+02,+1.437793E-06,+5.054574E-06,-1.055884E+02,+1.293662E+00
+2.009277E+02,-5.549833E-06,-3.239152E-07,-1.050996E+02,-3.083294E+00
+2.011719E+02,+1.104529E-06,-1.242393E-06,-1.155854E+02,-8.440732E-01
+2.014160E+02,+3.955361E-07,+7.085761E-07,-1.218143E+02,+1.061670E+00
+2.016602E+02,-2.666921E-07,-2.208426E-06,-1.130555E+02,-1.690976E+00
+2.019043E+02,+2.853870E-06,+8.016934E-06,-1.014017E+02,+1.228804E+00
+2.021484E+02,-9.246172E-07,-9.878710E-06,-1.000681E+02,-1.664121E+00
+2.023926E+02,+1.935153E-08,+3.434381E-06,-1.092829E+02,+1.565162E+00
+2.026367E+02,+2.994538E-06,-2.490603E-06,-1.081900E+02,-6.937825E-01
+2.028809E+02,-4.470169E-06,-3.934239E-06,-1.045025E+02,-2.419876E+00
+2.031250E+02,-4.420508E-07,+5.713478E-06,-1.048361E+02,+1.648012E+00
+2.033691E+02,-4.116127E-06,-6.752624E-07,-1.075949E+02,-2.978988E+00
+2.036133E+02,+1.097670E-05,+4.549840E-06,-9.850198E+01,+3.929434E-01
+2.038574E+02,-9.393476E-06,-6.844702E-06,-9.869386E+01,-2.511886E+00
+2.041016E+02,+4.019450E-06,+1.031585E-06,-1.076396E+02,+2.512260E-01
+2.043457E+02,-3.155717E-06,+1.406343E-06,-1.092313E+02,+2.722363E+00
+2.045898E+02,+2.634770E-06,-3.954057E-06,-1.064634E+02,-9.830157E-01
+2.048340E+02,-2.953093E-06,+5.929791E-06,-1.035770E+02,+2.032850E+00
+2.050781E+02,+2.217264E-06,-3.381102E-06,-1.078653E+02,-9.903675E-01
+2.053223E+02,-9.336628E-07,-8.844364E-06,-1.010185E+02,-1.675973E+00
+2.055664E+02,-1.468169E-06,+1.871091E-05,-9.453144E+01,+1.649102E+00
+2.058105E+02,+1.389338E-06,-1.568324E-05,-9.605734E+01,-1.482440E+00
+2.060547E+02,+5.813856E-06,+7.345260E-06,-1.005673E+02,+9.012529E-01
+2.062988E+02,-8.231091E-06,+8.902970E-07,-1.016403E+02,+3.033849E+00
+2.065430E+02,+5.964035E-07,-4.663904E-06,-1.065546E+02,-1.443610E+00
+2.067871E+02,-9.685517E-08,+2.521219E-06,-1.119614E+02,+1.609193E+00
+2.070312E+02,+2.748148E-06,+1.194362E-06,-1.104678E+02,+4.099790E-01
+2.072754E+02,-4.463107E-06,-1.931198E-06,-1.062619E+02,-2.733216E+00
+2.075195E+02,+1.489966E-06,+4.146769E-06,-1.071185E+02,+1.225854E+00
+2.077637E+02,+2.781836E-06,-3.519380E-06,-1.069627E+02,-9.019158E-01
+2.080078E+02,-3.299376E-06,-1.114230E-06,-1.091623E+02,-2.815909E+00
+2.082520E+02,+1.905799E-06,+2.504938E-06,-1.100407E+02,+9.204084E-01
+2.084961E+02,+4.797007E-07,-3.101306E-06,-1.100664E+02,-1.417336E+00
+2.087402E+02,-5.965108E-07,+3.910346E-06,-1.080558E+02,+1.722176E+00
+2.089844E+02,-5.371134E-06,-2.327737E-06,-1.046512E+02,-2.732646E+00
+2.092285E+02,+6.181575E-06,-1.512913E-06,-1.039254E+02,-2.400272E-01
+2.094727E+02,-1.907769E-06,+3.904389E-06,-1.072391E+02,+2.025300E+00
+2.097168E+02,-1.487647E-06,+9.968530E-07,-1.149393E+02,+2.551226E+00
+2.099609E+02,+4.014398E-06,-1.497902E-06,-1.073615E+02,-3.571323E-01
+2.102051E+02,-3.007373E-06,-6.869389E-06,-1.025001E+02,-1.983453E+00
+2.104492E+02,+4.350694E-06,+8.244010E-06,-1.006102E+02,+1.085204E+00
+2.106934E+02,-8.296284E-06,-4.575564E-06,-1.004690E+02,-2.637583E+00
+2.109375E+02,+5.613355E-06,+5.565176E-06,-1.020425E+02,+7.810882E-01
+2.111816E+02,-2.971226E-06,+6.531658E-07,-1.103363E+02,+2.925204E+00
+2.114258E+02,+7.485551E-06,-6.410693E-06,-1.001264E+02,-7.082031E-01
+2.116699E+02,-9.946672E-06,+1.493642E-06,-9.994960E+01,+2.992541E+00
+2.119141E+02,+4.777982E-06,+2.163573E-06,-1.056051E+02,+4.251979E-01
+2.121582E+02,+1.958224E-06,+6.988673E-08,-1.141572E+02,+3.567369E-02
+2.124023E+02,-1.487084E-06,-2.415588E-06,-1.109439E+02,-2.122622E+00
+2.126465E+02,+1.515786E-07,+3.202635E-06,-1.098801E+02,+1.523502E+00
+2.128906E+02,-3.662419E-07,-6.720515E-06,-1.034391E+02,-1.625239E+00
+2.131348E+02,-4.957359E-06,+4.507427E-06,-1.034783E+02,+2.403696E+00
+2.133789E+02,+4.038431E-06,+2.415884E-06,-1.065472E+02,+5.391121E-01
+2.136230E+02,+3.492996E-06,-5.818891E-06,-1.033667E+02,-1.030167E+00
+2.138672E+02,-1.247797E-05,+8.029328E-06,-9.657242E+01,+2.569814E+00
+2.141113E+02,+1.064665E-05,-5.814923E-06,-9.832198E+01,-4.999009E-01
+2.143555E+02,+2.713428E-06,-1.558558E-06,-1.100914E+02,-5.213736E-01
+2.145996E+02,-6.700191E-06,+2.789465E-06,-1.027841E+02,+2.747092E+00
+2.148438E+02,+5.386266E-07,+1.733006E-06,-1.148235E+02,+1.269457E+00
+2.150879E+02,-2.146871E-06,+6.156434E-06,-1.037150E+02,+1.906330E+00
+2.153320E+02,+6.389137E-06,-1.484330E-05,-9.583118E+01,-1.164328E+00
+2.155762E+02,-1.566126E-06,+1.056706E-05,-9.942656E+01,+1.717934E+00
+2.158203E+02,-3.837740E-06,-8.967429E-06,-1.002162E+02,-1.975175E+00
+2.160645E+02,+5.804749E-06,+9.251042E-06,-9.923444E+01,+1.010423E+00
+2.163086E+02,-1.166618E-06,+4.527514E-07,-1.180521E+02,+2.771396E+00
+2.165527E+02,-1.918478E-06,-9.938811E-06,-9.989444E+01,-1.761480E+00
+2.167969E+02,-7.148481E-06,+1.210832E-05,-9.703966E+01,+2.104110E+00
+2.170410E+02,+4.766613E-06,-5.200135E-06,-1.030310E+02,-8.288676E-01
+2.172852E+02,+5.167398E-06,-3.121783E-06,-1.043833E+02,-5.434511E-01
+2.175293E+02,-5.308588E-07,+3.206237E-07,-1.241498E+02,+2.598258E+00
+2.177734E+02,-1.137503E-05,+7.687630E-06,-9.724709E+01,+2.547271E+00
+2.180176E+02,+1.275698E-05,-6.561105E-06,-9.686578E+01,-4.750337E-01
+2.182617E+02,-3.169472E-06,+7.331246E-06,-1.019523E+02,+1.978854E+00
+2.185059E+02,-3.220460E-06,-9.887724E-06,-9.966019E+01,-1.885664E+00
+2.187500E+02,+2.139251E-06,+2.585013E-06,-1.094851E+02,+8.794755E-01
+2.189941E+02,+3.206752E-07,+5.659225E-06,-1.049309E+02,+1.514193E+00
+2.192383E+02,-2.155321E-06,-6.857975E-06,-1.028670E+02,-1.875302E+00
+2.194824E+02,+3.284036E-06,+3.701479E-06,-1.061108E+02,+8.450856E-01
+2.197266E+02,+2.489960E-06,+4.271533E-06,-1.061179E+02,+1.043031E+00
+2.199707E+02,-4.250231E-06,-4.227024E-06,-1.044452E+02,-2.358932E+00
+2.202148E+02,-2.659516E-06,-3.225113E-06,-1.075760E+02,-2.260375E+00
+2.204590E+02,+4.075485E-06,+1.337628E-06,-1.073521E+02,+3.171353E-01
+2.207031E+02,-1.762563E-06,+8.429529E-06,-1.012981E+02,+1.776920E+00
+2.209473E+02,+2.307250E-06,-7.142179E-06,-1.024923E+02,-1.258333E+00
+2.211914E+02,-2.839245E-06,-2.633265E-07,-1.108987E+02,-3.049112E+00
+2.214355E+02,+3.637361E-06,-9.930028E-07,-1.084721E+02,-2.665067E-01
+2.216797E+02,-8.927991E-06,+3.243179E-06,-1.004466E+02,+2.793154E+00
+2.219238E+02,+2.509660E-06,-3.615897E-06,-1.071280E+02,-9.640662E-01
+2.221680E+02,+2.940597E-06,+7.716136E-06,-1.016631E+02,+1.206691E+00
+2.224121E+02,-1.508445E-06,+4.260260E-06,-1.068983E+02,+1.911095E+00
+2.226562E+02,+1.098135E-05,-3.536608E-06,-9.875830E+01,-3.115667E-01
+2.229004E+02,-2.336149E-06,+4.597533E-07,-1.124650E+02,+2.947276E+00
+2.231445E+02,+8.479856E-06,-1.053003E-05,-9.738049E+01,-8.928308E-01
+2.233887E+02,-1.109742E-05,-4.574426E-06,-9.841402E+01,-2.750608E+00
+2.236328E+02,-1.134201E-05,-1.984131E-06,-9.877528E+01,-2.968409E+00
+2.238770E+02,+4.455117E-06,+2.319181E-05,-9.253593E+01,+1.381010E+00
+2.241211E+02,+1.727536E-05,-2.162137E-05,-9.115816E+01,-8.966686E-01
+2.243652E+02,-2.608578E-05,+1.292005E-05,-9.071914E+01,+2.681719E+00
+2.246094E+02,+1.926074E-05,-4.149653E-06,-9.410950E+01,-2.122026E-01
+2.248535E+02,-6.392387E-06,-1.681102E-07,-1.038837E+02,-3.115300E+00
+2.250977E+02,-2.461250E-06,-5.168826E-06,-1.048446E+02,-2.015201E+00
+2.253418E+02,-8.576487E-07,+7.380911E-06,-1.025796E+02,+1.686476E+00
+2.255859E+02,+1.019137E-05,-2.457762E-06,-9.958984E+01,-2.366426E-01
+2.258301E+02,-1.280462E-05,+8.399050E-07,-9.783402E+01,+3.076092E+00
+2.260742E+02,+5.210460E-06,+5.034979E-06,-1.027984E+02,+7.682722E-01
+2.263184E+02,+4.126090E-06,-7.671378E-06,-1.011990E+02,-1.077325E+00
+2.265625E+02,-6.272518E-06,-9.237972E-07,-1.039580E+02,-2.995367E+00
+2.268066E+02,+6.893046E-06,+1.070501E-05,-9.790187E+01,+9.987152E-01
+2.270508E+02,-3.465407E-06,-9.289461E-06,-1.000743E+02,-1.927854E+00
+2.272949E+02,-3.367393E-06,+4.593685E-06,-1.048890E+02,+2.203360E+00
+2.275391E+02,+6.346517E-06,-5.657989E-06,-1.014091E+02,-7.281052E-01
+2.277832E+02,-1.937854E-06,+1.078327E-05,-9.920695E+01,+1.748608E+00
+2.280273E+02,-1.545383E-06,-1.339188E-05,-9.740572E+01,-1.685685E+00
+2.282715E+02,-2.476030E-06,+7.632809E-06,-1.019118E+02,+1.884479E+00
+2.285156E+02,+5.636246E-06,+8.058246E-07,-1.048923E+02,+1.420095E-01
+2.287598E+02,-6.003796E-06,-1.803242E-06,-1.040564E+02,-2.849814E+00
+2.290039E+02,+5.273247E-06,+1.836538E-06,-1.050612E+02,+3.351368E-01
+2.292480E+02,-3.385960E-07,+2.387632E-08,-1.293848E+02,+3.071193E+00
+2.294922E+02,+1.595438E-06,+4.444799E-08,-1.159390E+02,+2.785223E-02
+2.297363E+02,-4.051465E-06,-3.821186E-06,-1.050842E+02,-2.385437E+00
+2.299805E+02,-6.990899E-07,+1.446185E-06,-1.158835E+02,+2.021078E+00
+2.302246E+02,+8.067752E-06,+2.136649E-06,-1.015705E+02,+2.588946E-01
+2.304688E+02,-6.738956E-06,-1.694413E-06,-1.031619E+02,-2.895263E+00
+2.307129E+02,+1.048402E-06,-1.948059E-06,-1.131033E+02,-1.077075E+00
+2.309570E+02,+1.063811E-06,+2.800406E-06,-1.104702E+02,+1.207756E+00
+2.312012E+02,+2.361542E-06,+2.536832E-06,-1.092037E+02,+8.211684E-01
+2.314453E+02,-5.733583E-06,-3.008092E-06,-1.037755E+02,-2.658425E+00
+2.316895E+02,+9.493367E-06,-1.931284E-06,-1.002755E+02,-2.006964E-01
+2.319336E+02,-9.676927E-06,-1.363957E-06,-1.001998E+02,-3.001566E+00
+2.321777E+02,+1.189146E-06,+6.824052E-06,-1.031892E+02,+1.398271E+00
+2.324219E+02,+7.365330E-06,+2.798185E-06,-1.020706E+02,+3.630710E-01
+2.326660E+02,-9.509986E-06,-1.110021E-05,-9.670288E+01,-2.279190E+00
+2.329102E+02,+7.891103E-06,+4.741845E-07,-1.020416E+02,+6.001886E-02
+2.331543E+02,-1.107610E-06,+3.978068E-06,-1.076823E+02,+1.842348E+00
+2.333984E+02,-3.330685E-06,+5.435235E-06,-1.039110E+02,+2.120571E+00
+2.336426E+02,+1.470191E-05,-5.564532E-06,-9.607109E+01,-3.618273E-01
+2.338867E+02,-1.540409E-05,-9.319304E-06,-9.489274E+01,-2.597513E+00
+2.341309E+02,-1.402478E-06,+6.940714E-06,-1.029981E+02,+1.770177E+00
+2.343750E+02,+7.285903E-06,-7.476805E-07,-1.027048E+02,-1.022622E-01
+2.346191E+02,-3.616076E-06,+1.200710E-06,-1.083810E+02,+2.820999E+00
+2.348633E+02,-1.646674E-06,+7.889722E-07,-1.147703E+02,+2.694779E+00
+2.351074E+02,+9.123185E-07,+5.602801E-07,-1.194073E+02,+5.507429E-01
+2.353516E+02,+1.965722E-06,-2.762384E-06,-1.093950E+02,-9.523252E-01
+2.355957E+02,-1.057135E-05,+1.121309E-08,-9.951740E+01,+3.140532E+00
+2.358398E+02,+1.207433E-05,+2.381556E-06,-9.819698E+01,+1.947415E-01
+2.360840E+02,-1.028625E-06,+1.790086E-06,-1.137034E+02,+2.092347E+00
+2.363281E+02,-3.700674E-06,-9.983900E-07,-1.083293E+02,-2.878080E+00
+2.365723E+02,+5.424615E-06,-2.313215E-06,-1.045870E+02,-4.030806E-01
+2.368164E+02,-6.959590E-06,-1.030207E-06,-1.030542E+02,-2.994633E+00
+2.370605E+02,+8.828322E-06,+6.140326E-06,-9.936881E+01,+6.077169E-01
+2.373047E+02,-7.399966E-06,-9.904763E-06,-9.815695E+01,-2.212446E+00
+2.375488E+02,+9.227250E-07,+8.171146E-06,-1.016993E+02,+1.458348E+00
+2.377930E+02,+5.469087E-06,-2.749602E-06,-1.042630E+02,-4.658479E-01
+2.380371E+02,-7.065187E-06,+4.780733E-07,-1.029977E+02,+3.074030E+00
+2.382812E+02,+6.448796E-06,-2.417447E-06,-1.032394E+02,-3.586550E-01
+2.385254E+02,-1.734440E-06,+3.325634E-06,-1.085176E+02,+2.051524E+00
+2.387695E+02,-5.459740E-07,-3.198081E-06,-1.097774E+02,-1.739885E+00
+2.390137E+02,+2.435167E-06,-2.566927E-06,-1.090242E+02,-8.117330E-01
+2.392578E+02,-4.532645E-06,+2.335935E-06,-1.058500E+02,+2.665734E+00
+2.395020E+02,-3.612711E-06,-8.482286E-07,-1.086103E+02,-2.910980E+00
+2.397461E+02,+1.003384E-05,+4.214773E-06,-9.926494E+01,+3.976755E-01
+2.399902E+02,-7.258633E-06,-8.019890E-06,-9.931790E+01,-2.306410E+00
+2.402344E+02,+1.413673E-07,+1.127399E-05,-9.895776E+01,+1.558258E+00
+2.404785E+02,+6.358395E-06,-1.277478E-05,-9.691171E+01,-1.108966E+00
+2.407227E+02,-1.247987E-05,+8.844191E-06,-9.630846E+01,+2.525067E+00
+2.409668E+02,+1.114200E-05,-9.310100E-06,-9.676083E+01,-6.960664E-01
+2.412109E+02,-3.895096E-06,+5.912301E-06,-1.029993E+02,+2.153342E+00
+2.414551E+02,+3.782491E-07,+1.026893E-06,-1.192169E+02,+1.217875E+00
+2.416992E+02,-4.451455E-06,-3.427750E-06,-1.050079E+02,-2.485396E+00
+2.419434E+02,+3.721111E-06,+5.193550E-06,-1.038913E+02,+9.490908E-01
+2.421875E+02,+4.891143E-07,-4.142382E-06,-1.075949E+02,-1.453265E+00
+2.424316E+02,-2.886399E-06,+2.562489E-06,-1.082688E+02,+2.415570E+00
+2.426758E+02,+1.203050E-06,-1.828738E-06,-1.131952E+02,-9.889167E-01
+2.429199E+02,-6.953605E-07,-1.520940E-06,-1.155334E+02,-1.999614E+00
+2.431641E+02,+4.889951E-07,+4.637783E-06,-1.066258E+02,+1.465747E+00
+2.434082E+02,+1.883403E-06,-1.005591E-05,-9.980183E+01,-1.385648E+00
+2.436523E+02,+7.802772E-07,+5.274901E-06,-1.054617E+02,+1.423939E+00
+2.438965E+02,-8.683102E-06,+6.524624E-06,-9.928239E+01,+2.497186E+00
+2.441406E+02,+2.136985E-06,-2.475081E-06,-1.097091E+02,-8.585742E-01
+2.443848E+02,+2.997235E-06,-5.285458E-06,-1.043274E+02,-1.054941E+00
+2.446289E+02,+5.952305E-07,+5.058639E-06,-1.058596E+02,+1.453669E+00
+2.448730E+02,-2.708832E-06,+1.585240E-06,-1.100653E+02,+2.612118E+00
+2.451172E+02,+4.863782E-06,-2.832410E-06,-1.049923E+02,-5.273385E-01
+2.453613E+02,-3.086185E-06,+2.530427E-07,-1.101825E+02,+3.059784E+00
+2.456055E+02,-2.185568E-06,-3.743151E-06,-1.072612E+02,-2.099282E+00
+2.458496E+02,-1.111631E-06,+6.357202E-06,-1.038039E+02,+1.743908E+00
+2.460938E+02,+7.870694E-07,-4.505212E-06,-1.067951E+02,-1.397840E+00
+2.463379E+02,+2.997963E-06,+6.718973E-06,-1.026654E+02,+1.151112E+00
+2.465820E+02,-4.211971E-06,-6.607731E-06,-1.021181E+02,-2.138285E+00
+2.468262E+02,+9.143901E-06,+4.411247E-07,-1.007673E+02,+4.820513E-02
+2.470703E+02,-8.518752E-06,+3.197317E-06,-1.008201E+02,+2.782536E+00
+2.473145E+02,-4.948324E-07,+2.861075E-06,-1.107414E+02,+1.742055E+00
+2.475586E+02,+3.579419E-06,-1.040809E-05,-9.916711E+01,-1.239559E+00
+2.478027E+02,-2.625142E-06,+1.104090E-05,-9.890108E+01,+1.804227E+00
+2.480469E+02,+2.098655E-06,-1.314583E-06,-1.121236E+02,-5.596006E-01
+2.482910E+02,+1.593374E-06,-1.815801E-06,-1.123389E+02,-8.505494E-01
+2.485352E+02,-4.912488E-06,-2.229907E-06,-1.053603E+02,-2.715478E+00
+2.487793E+02,+8.292587E-07,+3.143124E-06,-1.097605E+02,+1.312842E+00
+2.490234E+02,+5.222930E-06,-2.832896E-06,-1.045217E+02,-4.969864E-01
+2.492676E+02,-3.689937E-06,+1.116813E-07,-1.086556E+02,+3.111336E+00
+2.495117E+02,+3.386686E-06,+2.436690E-06,-1.075927E+02,+6.236878E-01
+2.497559E+02,-1.035257E-05,+3.464838E-06,-9.923794E+01,+2.818627E+00
+2.500000E+02,+1.185266E-05,-6.161420E-06,-9.748488E+01,-4.793891E-01
+2.502441E+02,-8.671267E-06,+9.537232E-07,-1.011861E+02,+3.032046E+00
+2.504883E+02,+6.011102E-06,+2.456870E-06,-1.037500E+02,+3.880027E-01
+2.507324E+02,+7.998455E-07,-3.197655E-06,-1.096398E+02,-1.325691E+00
+2.509766E+02,-5.041335E-06,+3.843153E-06,-1.039594E+02,+2.490248E+00
+2.512207E+02,+4.494144E-06,+4.061990E-07,-1.069117E+02,+9.013913E-02
+2.514648E+02,-6.464360E-06,+6.486951E-07,-1.037460E+02,+3.041578E+00
+2.517090E+02,+1.074255E-05,-4.105252E-06,-9.878587E+01,-3.650233E-01
+2.519531E+02,-3.772891E-06,+3.914542E-06,-1.052932E+02,+2.337770E+00
+2.521973E+02,-3.530482E-06,+1.031846E-06,-1.086873E+02,+2.857245E+00
+2.524414E+02,-2.945167E-07,-5.718747E-06,-1.048425E+02,-1.622251E+00
+2.526855E+02,+1.806147E-06,-1.719155E-06,-1.120637E+02,-7.607265E-01
+2.529297E+02,+7.189863E-07,+9.679557E-06,-1.002590E+02,+1.496654E+00
+2.531738E+02,+3.063356E-07,-1.810352E-06,-1.147221E+02,-1.403171E+00
+2.534180E+02,-2.892946E-06,-9.610439E-06,-9.996842E+01,-1.863190E+00
+2.536621E+02,+2.611443E-06,+8.534470E-06,-1.009878E+02,+1.273855E+00
+2.539062E+02,-1.341935E-06,-1.300789E-06,-1.145682E+02,-2.371763E+00
+2.541504E+02,+2.519270E-08,-1.232301E-06,-1.181839E+02,-1.550356E+00
+2.543945E+02,+5.757718E-07,+1.783950E-06,-1.145420E+02,+1.258600E+00
+2.546387E+02,+8.744076E-07,-2.311332E-07,-1.208724E+02,-2.584207E-01
+2.548828E+02,+2.004286E-06,+8.793555E-07,-1.131963E+02,+4.134487E-01
+2.551270E+02,-3.697939E-06,-2.415605E-06,-1.070975E+02,-2.562950E+00
+2.553711E+02,+1.467213E-06,+2.201535E-06,-1.115493E+02,+9.829438E-01
+2.556152E+02,+2.794380E-06,-3.354449E-06,-1.071986E+02,-8.762330E-01
+2.558594E+02,-8.313806E-06,+1.452489E-06,-1.014734E+02,+2.968630E+00
+2.561035E+02,+9.675379E-06,-1.683658E-07,-1.002853E+02,-1.739971E-02
+2.563477E+02,-6.020681E-06,+2.482133E-06,-1.037254E+02,+2.750556E+00
+2.565918E+02,+2.535031E-06,+3.457843E-07,-1.118403E+02,+1.355658E-01
+2.568359E+02,-2.229125E-07,-2.898268E-06,-1.107316E+02,-1.647557E+00
+2.570801E+02,+1.947409E-06,+5.870628E-06,-1.041729E+02,+1.250498E+00
+2.573242E+02,-7.141863E-07,-4.646944E-06,-1.065553E+02,-1.723293E+00
+2.575684E+02,-1.145361E-06,-1.061252E-06,-1.161295E+02,-2.394293E+00
+2.578125E+02,+2.981470E-06,+1.243622E-06,-1.098148E+02,+3.951747E-01
+2.580566E+02,-8.384810E-06,-1.237989E-06,-1.014365E+02,-2.995005E+00
+2.583008E+02,+7.724552E-06,+3.897503E-06,-1.012575E+02,+4.672893E-01
+2.585449E+02,+3.043421E-07,-7.649263E-06,-1.023207E+02,-1.531030E+00
+2.587891E+02,-1.924528E-06,+7.304020E-06,-1.024372E+02,+1.828430E+00
+2.590332E+02,-1.651771E-06,+8.973608E-07,-1.145178E+02,+2.643929E+00
+2.592773E+02,+2.928290E-06,-7.476180E-06,-1.019065E+02,-1.197481E+00
+2.595215E+02,-3.945764E-06,+6.858209E-06,-1.020340E+02,+2.092882E+00
+2.597656E+02,+7.678320E-06,-3.855052E-06,-1.013184E+02,-4.653021E-01
+2.600098E+02,-5.421002E-06,-2.335885E-06,-1.045788E+02,-2.734739E+00
+2.602539E+02,-8.898676E-08,+7.465229E-06,-1.025385E+02,+1.582716E+00
+2.604980E+02,+3.900878E-07,-6.209239E-06,-1.041221E+02,-1.508055E+00
+2.607422E+02,-6.592609E-07,+3.436356E-06,-1.091211E+02,+1.760342E+00
+2.609863E+02,+5.987564E-06,-1.181795E-06,-1.042890E+02,-1.948702E-01
+2.612305E+02,-7.217617E-06,+1.907948E-06,-1.025388E+02,+2.883158E+00
+2.614746E+02,+4.191385E-06,-5.670614E-06,-1.030344E+02,-9.342811E-01
+2.617188E+02,+3.643941E-07,+5.149800E-06,-1.057425E+02,+1.500155E+00
+2.619629E+02,-5.385120E-06,-4.182116E-06,-1.033264E+02,-2.481280E+00
+2.622070E+02,+6.188051E-06,+3.221666E-06,-1.031273E+02,+4.800126E-01
+2.624512E+02,-3.636793E-06,+5.647257E-07,-1.086822E+02,+2.987542E+00
+2.626953E+02,+5.558612E-06,-6.740196E-07,-1.050373E+02,-1.206677E-01
+2.629395E+02,-1.039580E-05,-8.682718E-07,-9.963265E+01,-3.058265E+00
+2.631836E+02,+8.329576E-06,-9.994374E-07,-1.015255E+02,-1.194157E-01
+2.634277E+02,-1.385750E-06,+3.645554E-06,-1.081786E+02,+1.934049E+00
+2.636719E+02,-2.434062E-06,-4.060987E-06,-1.064944E+02,-2.110758E+00
+2.639160E+02,+3.664173E-06,+1.232161E-06,-1.082552E+02,+3.243935E-01
+2.641602E+02,-1.222941E-06,+1.316598E-06,-1.149093E+02,+2.319332E+00
+2.644043E+02,-5.357783E-07,+1.895870E-07,-1.249080E+02,+2.801489E+00
+2.646484E+02,+2.110077E-06,-8.845041E-06,-1.008256E+02,-1.336613E+00
+2.648926E+02,-2.805148E-06,+1.297349E-05,-9.754043E+01,+1.783740E+00
+2.651367E+02,-2.326864E-06,-3.555196E-06,-1.074343E+02,-2.150326E+00
+2.653809E+02,+4.278250E-06,-2.594311E-06,-1.060147E+02,-5.451087E-01
+2.656250E+02,+1.457445E-06,-1.093891E-06,-1.147876E+02,-6.438552E-01
+2.658691E+02,-4.275375E-06,+1.647829E-06,-1.067790E+02,+2.773715E+00
+2.661133E+02,+9.770484E-06,+3.463022E-06,-9.968774E+01,+3.406222E-01
+2.663574E+02,-7.717529E-06,-8.606294E-06,-9.874100E+01,-2.301802E+00
+2.666016E+02,-4.917267E-06,+5.555054E-06,-1.025934E+02,+2.295367E+00
+2.668457E+02,+4.814105E-06,-3.715580E-06,-1.043202E+02,-6.573148E-01
+2.670898E+02,-1.324620E-06,+4.323338E-06,-1.068939E+02,+1.868104E+00
+2.673340E+02,+4.638686E-06,-6.061797E-07,-1.065986E+02,-1.299428E-01
+2.675781E+02,-3.372991E-06,-3.354233E-06,-1.064536E+02,-2.358983E+00
+2.678223E+02,-1.108264E-06,+5.235083E-06,-1.054311E+02,+1.779416E+00
+2.680664E+02,+5.775707E-06,-3.734597E-06,-1.032508E+02,-5.739844E-01
+2.683105E+02,-2.797071E-06,-6.360030E-08,-1.110637E+02,-3.118858E+00
+2.685547E+02,-4.662572E-06,+1.539567E-06,-1.061781E+02,+2.822668E+00
+2.687988E+02,+5.080582E-06,-3.462810E-06,-1.042247E+02,-5.982545E-01
+2.690430E+02,-2.263029E-06,+6.264806E-06,-1.035292E+02,+1.917439E+00
+2.692871E+02,+3.372604E-06,-2.037855E-06,-1.080890E+02,-5.435296E-01
+2.695312E+02,-2.967969E-06,-7.081976E-06,-1.022942E+02,-1.967649E+00
+2.697754E+02,-2.099316E-06,+8.139225E-06,-1.015086E+02,+1.823220E+00
+2.700195E+02,+7.478361E-06,-8.932313E-06,-9.867381E+01,-8.737653E-01
+2.702637E+02,-9.072818E-06,+6.860250E-06,-9.888136E+01,+2.494179E+00
+2.705078E+02,+7.380259E-06,+6.641753E-07,-1.026035E+02,+8.975172E-02
+2.707520E+02,-1.004344E-06,-3.768481E-06,-1.081787E+02,-1.831254E+00
+2.709961E+02,-1.580349E-06,+2.293816E-06,-1.111019E+02,+2.174075E+00
+2.712402E+02,-2.717179E-06,-7.322054E-07,-1.110132E+02,-2.878372E+00
+2.714844E+02,+4.606880E-06,-5.902948E-07,-1.066611E+02,-1.274389E-01
+2.717285E+02,-5.886075E-07,-3.102047E-06,-1.100134E+02,-1.758315E+00
+2.719727E+02,-4.821672E-06,-1.506971E-06,-1.059313E+02,-2.838670E+00
+2.722168E+02,+6.057998E-06,-2.208159E-06,-1.038116E+02,-3.495364E-01
+2.724609E+02,-4.285161E-06,+1.846391E-05,-9.444569E+01,+1.798842E+00
+2.727051E+02,+4.007329E-06,-2.101807E-05,-9.339307E+01,-1.382396E+00
+2.729492E+02,-5.694520E-06,+1.296263E-05,-9.697978E+01,+1.984719E+00
+2.731934E+02,+4.269239E-06,+3.121443E-07,-1.073698E+02,+7.298488E-02
+2.734375E+02,-3.297238E-06,-1.048965E-05,-9.917558E+01,-1.875350E+00
+2.736816E+02,+1.611182E-06,+4.428530E-06,-1.065350E+02,+1.221864E+00
+2.739258E+02,+1.073916E-06,-3.044818E-06,-1.098196E+02,-1.231716E+00
+2.741699E+02,-4.355063E-07,+6.397424E-06,-1.038598E+02,+1.638767E+00
+2.744141E+02,-2.682845E-06,-7.876387E-06,-1.015967E+02,-1.899089E+00
+2.746582E+02,-1.103487E-06,+5.729928E-06,-1.046789E+02,+1.761050E+00
+2.749023E+02,+4.764621E-06,-1.209129E-06,-1.061684E+02,-2.485258E-01
+2.751465E+02,-3.041388E-06,-4.202122E-07,-1.102564E+02,-3.004297E+00
+2.753906E+02,+4.149791E-07,-2.945400E-06,-1.105318E+02,-1.430827E+00
+2.756348E+02,+7.485726E-07,+5.423322E-06,-1.052327E+02,+1.433635E+00
+2.758789E+02,-2.843311E-06,+3.780035E-07,-1.108474E+02,+3.009423E+00
+2.761230E+02,-2.702760E-06,-7.199123E-06,-1.022818E+02,-1.929943E+00
+2.763672E+02,+6.347705E-06,+3.874732E-06,-1.025722E+02,+5.480421E-01
+2.766113E+02,-4.130702E-07,+4.760120E-06,-1.064151E+02,+1.657357E+00
+2.768555E+02,-8.730488E-06,-1.238792E-05,-9.638873E+01,-2.184709E+00
+2.770996E+02,+1.017357E-05,+1.115050E-05,-9.642380E+01,+8.311796E-01
+2.773438E+02,-2.417863E-06,-6.528880E-06,-1.031451E+02,-1.925470E+00
+2.775879E+02,-9.962153E-06,+6.147889E-06,-9.863150E+01,+2.588677E+00
+2.778320E+02,+1.287447E-05,-4.862083E-06,-9.722638E+01,-3.610945E-01
+2.780762E+02,-1.109130E-05,+1.771569E-06,-9.899094E+01,+2.983205E+00
+2.783203E+02,+6.787698E-06,+2.997545E-06,-1.025918E+02,+4.158586E-01
+2.785645E+02,-2.542699E-06,-1.068378E-05,-9.918623E+01,-1.804446E+00
+2.788086E+02,-9.706404E-07,+1.254293E-05,-9.800609E+01,+1.648028E+00
+2.790527E+02,+9.276407E-07,-5.667921E-06,-1.048167E+02,-1.408570E+00
+2.792969E+02,+1.455824E-06,+2.628277E-06,-1.104444E+02,+1.064958E+00
+2.795410E+02,-1.327952E-06,+1.219244E-06,-1.148811E+02,+2.398846E+00
+2.797852E+02,+1.027729E-06,-1.248497E-06,-1.158253E+02,-8.820843E-01
+2.800293E+02,-4.131470E-06,-4.003234E-06,-1.048024E+02,-2.371957E+00
+2.802734E+02,+2.745772E-07,-2.647019E-07,-1.283726E+02,-7.670882E-01
+2.805176E+02,+7.391788E-06,+1.052739E-05,-9.781296E+01,+9.586300E-01
+2.807617E+02,-1.003090E-05,-1.271063E-05,-9.581402E+01,-2.238901E+00
+2.810059E+02,+7.947730E-06,+1.129732E-05,-9.719431E+01,+9.577212E-01
+2.812500E+02,-2.097479E-06,-5.103103E-06,-1.051654E+02,-1.960767E+00
+2.814941E+02,-6.218049E-06,-2.817681E-06,-1.033158E+02,-2.716126E+00
+2.817383E+02,+5.185093E-06,+5.484879E-06,-1.024436E+02,+8.134869E-01
+2.819824E+02,-4.003030E-06,-2.163229E-06,-1.068395E+02,-2.646151E+00
+2.822266E+02,+1.786112E-06,-2.436158E-06,-1.103976E+02,-9.381552E-01
+2.824707E+02,+3.396730E-06,+7.375538E-06,-1.018087E+02,+1.139212E+00
+2.827148E+02,-2.808014E-06,-4.362398E-06,-1.057000E+02,-2.142720E+00
+2.829590E+02,-1.688704E-07,-3.890075E-07,-1.274510E+02,-1.980354E+00
+2.832031E+02,-5.901163E-07,+4.551020E-07,-1.225543E+02,+2.484657E+00
+2.834473E+02,+7.609718E-06,-1.839145E-06,-1.021261E+02,-2.371364E-01
+2.836914E+02,-1.361170E-05,+7.636180E-06,-9.613342E+01,+2.630342E+00
+2.839355E+02,+6.097155E-06,-4.508655E-06,-1.024031E+02,-6.367270E-01
+2.841797E+02,+1.882921E-06,-1.407241E-06,-1.125761E+02,-6.418165E-01
+2.844238E+02,-2.475990E-06,+2.430894E-06,-1.091938E+02,+2.365385E+00
+2.846680E+02,-4.836728E-08,-2.499180E-06,-1.120424E+02,-1.590147E+00
+2.849121E+02,+4.619814E-07,+3.553429E-06,-1.089143E+02,+1.441511E+00
+2.851562E+02,+2.084695E-06,+6.237760E-07,-1.132468E+02,+2.907383E-01
+2.854004E+02,+9.080540E-07,+2.991333E-06,-1.100999E+02,+1.276075E+00
+2.856445E+02,-3.104816E-06,-6.514474E-06,-1.028334E+02,-2.015552E+00
+2.858887E+02,+4.293766E-07,+3.240345E-06,-1.097126E+02,+1.439054E+00
+2.861328E+02,+4.038992E-07,-1.678041E-06,-1.152594E+02,-1.334593E+00
+2.863770E+02,+1.696755E-06,-2.704898E-06,-1.099159E+02,-1.010552E+00
+2.866211E+02,-1.627063E-07,+1.044456E-05,-9.962114E+01,+1.586373E+00
+2.868652E+02,-7.317370E-07,-5.246658E-06,-1.055187E+02,-1.709370E+00
+2.871094E+02,-9.947670E-07,+3.243861E-06,-1.093884E+02,+1.868353E+00
+2.873535E+02,-5.233374E-06,-3.628197E-06,-1.039199E+02,-2.535391E+00
+2.875977E+02,+1.223671E-05,+7.502763E-07,-9.823041E+01,+6.123693E-02
+2.878418E+02,-4.093671E-06,+3.494501E-06,-1.053806E+02,+2.434992E+00
+2.880859E+02,-6.044668E-06,-5.949734E-06,-1.014305E+02,-2.364109E+00
+2.883301E+02,+1.065331E-05,+5.131358E-06,-9.854419E+01,+4.488747E-01
+2.885742E+02,-7.149417E-06,-1.230675E-06,-1.027878E+02,-2.971127E+00
+2.888184E+02,+2.627314E-06,+6.670651E-07,-1.113385E+02,+2.486423E-01
+2.890625E+02,-1.091091E-06,-9.259761E-07,-1.168869E+02,-2.437871E+00
+2.893066E+02,+1.390176E-06,+4.306995E-07,-1.167406E+02,+3.004384E-01
+2.895508E+02,+2.654371E-06,-5.836268E-07,-1.113157E+02,-2.164299E-01
+2.897949E+02,-4.289507E-06,+1.125901E-06,-1.070625E+02,+2.884905E+00
+2.900391E+02,+4.157204E-06,-2.131697E-06,-1.066102E+02,-4.738128E-01
+2.902832E+02,+2.440435E-06,+6.135204E-06,-1.036055E+02,+1.192209E+00
+2.905273E+02,-2.409857E-06,-6.211097E-06,-1.035276E+02,-1.940908E+00
+2.907715E+02,-2.351038E-06,+1.645402E-06,-1.108435E+02,+2.530959E+00
+2.910156E+02,+5.076585E-07,-2.522840E-06,-1.117898E+02,-1.372223E+00
+2.912598E+02,+3.266214E-06,+3.439152E-06,-1.064790E+02,+8.111835E-01
+2.915039E+02,-2.858014E-06,-3.461088E-06,-1.069578E+02,-2.261046E+00
+2.917480E+02,+5.644684E-06,+3.344817E-06,-1.036602E+02,+5.349313E-01
+2.919922E+02,-3.839360E-06,-5.732222E-07,-1.082191E+02,-2.993386E+00
+2.922363E+02,+1.756632E-07,-3.478312E-06,-1.091616E+02,-1.520337E+00
+2.924805E+02,-1.144967E-06,+4.874381E-06,-1.060084E+02,+1.801509E+00
+2.927246E+02,+7.822863E-06,-4.361702E-06,-1.009571E+02,-5.086276E-01
+2.929688E+02,-9.081795E-06,+1.618290E-06,-1.007008E+02,+2.965253E+00
+2.932129E+02,-1.176336E-07,+6.271941E-07,-1.239018E+02,+1.756198E+00
+2.934570E+02,+5.202195E-06,-1.610361E-06,-1.052789E+02,-3.001989E-01
+2.937012E+02,+4.073275E-07,-1.544967E-06,-1.159298E+02,-1.313014E+00
+2.939453E+02,-7.412792E-06,+1.640440E-06,-1.023927E+02,+2.923804E+00
+2.941895E+02,+8.880737E-06,+3.835411E-06,-1.002883E+02,+4.076834E-01
+2.944336E+02,-3.508447E-06,-2.658804E-06,-1.071268E+02,-2.493100E+00
+2.946777E+02,+3.204333E-07,-1.382449E-06,-1.169597E+02,-1.343032E+00
+2.949219E+02,+1.155472E-06,-1.342750E-06,-1.150333E+02,-8.602231E-01
+2.951660E+02,-1.462115E-07,+1.477258E-06,-1.165685E+02,+1.669450E+00
+2.954102E+02,-3.672904E-06,-3.122197E-06,-1.063380E+02,-2.437063E+00
+2.956543E+02,+5.782747E-06,+8.970994E-06,-9.943404E+01,+9.982231E-01
+2.958984E+02,-3.628468E-06,-8.365879E-06,-1.008012E+02,-1.980031E+00
+2.961426E+02,+4.047538E-07,+1.859551E-06,-1.144108E+02,+1.356477E+00
+2.963867E+02,+4.556015E-06,-1.240641E-06,-1.065176E+02,-2.658621E-01
+2.966309E+02,-5.273232E-06,+6.003362E-06,-1.019486E+02,+2.291537E+00
+2.968750E+02,-2.787725E-07,-4.649538E-06,-1.066362E+02,-1.630682E+00
+2.971191E+02,+8.469076E-06,-2.483427E-07,-1.014395E+02,-2.931507E-02
+2.973633E+02,-5.351550E-06,-6.736709E-06,-1.013064E+02,-2.242105E+00
+2.976074E+02,+9.848301E-07,+1.141678E-05,-9.881693E+01,+1.484748E+00
+2.978516E+02,-5.199160E-06,-9.140866E-06,-9.956297E+01,-2.087945E+00
+2.980957E+02,+9.808143E-06,+4.395026E-06,-9.937358E+01,+4.212725E-01
+2.983398E+02,-8.297036E-06,+8.558032E-07,-1.015756E+02,+3.038810E+00
+2.985840E+02,+7.481066E-07,-3.841623E-06,-1.081481E+02,-1.378466E+00
+2.988281E+02,+3.168500E-06,-1.006893E-07,-1.099785E+02,-3.176753E-02
+2.990723E+02,+1.581843E-07,+4.278152E-06,-1.073689E+02,+1.533838E+00
+2.993164E+02,-2.511310E-06,-6.124297E-06,-1.035839E+02,-1.959942E+00
+2.995605E+02,+4.977943E-06,+1.393392E-06,-1.057314E+02,+2.729282E-01
+2.998047E+02,-6.365221E-06,+5.694366E-06,-1.013702E+02,+2.411766E+00
+3.000488E+02,+1.733489E-06,-1.135571E-05,-9.879567E+01,-1.419312E+00
+3.002930E+02,+3.614378E-06,+1.226126E-05,-9.786742E+01,+1.284135E+00
+3.005371E+02,+1.638695E-07,-7.314556E-06,-1.027141E+02,-1.548397E+00
+3.007812E+02,-9.686114E-06,-3.532855E-06,-9.973459E+01,-2.791852E+00
+3.010254E+02,+9.890624E-06,+2.694494E-06,-9.978461E+01,+2.659745E-01
+3.012695E+02,+2.599229E-06,+1.208799E-06,-1.108528E+02,+4.353074E-01
+3.015137E+02,-8.801117E-06,+5.849998E-07,-1.010901E+02,+3.075222E+00
+3.017578E+02,+4.540847E-06,-1.882371E-06,-1.061686E+02,-3.929793E-01
+3.020020E+02,-7.508938E-07,+5.968037E-08,-1.224611E+02,+3.062280E+00
+3.022461E+02,-4.194098E-06,-4.761738E-06,-1.039508E+02,-2.292897E+00
+3.024902E+02,+6.580098E-06,+8.602991E-06,-9.930668E+01,+9.178514E-01
+3.027344E+02,-8.062532E-06,-6.362165E-06,-9.976823E+01,-2.473532E+00
+3.029785E+02,+7.114339E-06,+4.246746E-06,-1.016337E+02,+5.381574E-01
+3.032227E+02,-3.041402E-06,-5.677638E-06,-1.038210E+02,-2.062580E+00
+3.034668E+02,-5.329664E-06,+5.130824E-06,-1.026177E+02,+2.375201E+00
+3.037109E+02,+5.099469E-06,-1.036250E-05,-9.874889E+01,-1.113482E+00
+3.039551E+02,+2.981502E-06,+1.328321E-05,-9.732047E+01,+1.349999E+00
+3.041992E+02,-7.980499E-06,-3.582691E-06,-1.011620E+02,-2.719628E+00
+3.044434E+02,+4.999386E-06,-8.750947E-06,-9.993222E+01,-1.051750E+00
+3.046875E+02,-6.568808E-06,+6.986378E-06,-1.003641E+02,+2.325399E+00
+3.049316E+02,+9.636517E-06,+6.571998E-07,-1.003014E+02,+6.809346E-02
+3.051758E+02,-4.605732E-06,-8.901081E-07,-1.065748E+02,-2.950685E+00
+3.054199E+02,-6.679271E-07,+2.758363E-06,-1.109395E+02,+1.808370E+00
+3.056641E+02,+4.821768E-06,-7.480516E-06,-1.010123E+02,-9.982429E-01
+3.059082E+02,-8.940971E-06,+2.423275E-07,-1.009691E+02,+3.114496E+00
+3.061523E+02,+3.666472E-06,+3.702640E-06,-1.056619E+02,+7.903062E-01
+3.063965E+02,+3.726944E-08,+5.920318E-06,-1.045529E+02,+1.564501E+00
+3.066406E+02,-3.968512E-06,-1.403627E-05,-9.672097E+01,-1.846337E+00
+3.068848E+02,+8.456507E-06,+7.326603E-06,-9.902425E+01,+7.139306E-01
+3.071289E+02,-6.464547E-06,+2.285036E-06,-1.032779E+02,+2.801828E+00
+3.073730E+02,+2.925557E-06,-6.464095E-06,-1.029806E+02,-1.145794E+00
+3.076172E+02,-4.851911E-06,+1.512754E-06,-1.058788E+02,+2.839359E+00
+3.078613E+02,-3.727009E-06,+2.411933E-06,-1.070536E+02,+2.567224E+00
+3.081055E+02,+9.449883E-06,-1.412732E-06,-1.003955E+02,-1.483983E-01
+3.083496E+02,-1.381804E-05,+3.031379E-06,-9.698693E+01,+2.925635E+00
+3.085938E+02,+9.083116E-06,+1.109787E-06,-1.007710E+02,+1.215787E-01
+3.088379E+02,+2.280914E-06,-1.454956E-06,-1.113552E+02,-5.678098E-01
+3.090820E+02,-5.620646E-06,-5.164595E-07,-1.049678E+02,-3.049964E+00
+3.093262E+02,-2.235361E-06,+3.123736E-06,-1.083107E+02,+2.191919E+00
+3.095703E+02,+9.351965E-06,-2.830081E-06,-1.002014E+02,-2.938577E-01
+3.098145E+02,-6.408951E-06,+1.147487E-06,-1.037272E+02,+2.964426E+00
+3.100586E+02,-4.944758E-06,+3.786613E-06,-1.041129E+02,+2.488067E+00
+3.103027E+02,+9.833541E-06,-2.413022E-06,-9.989186E+01,-2.406323E-01
+3.105469E+02,-1.389247E-06,+2.400199E-06,-1.111402E+02,+2.095486E+00
+3.107910E+02,-3.597525E-06,+2.808090E-06,-1.068136E+02,+2.478817E+00
+3.110352E+02,+2.182253E-06,-1.292300E-05,-9.765062E+01,-1.403509E+00
+3.112793E+02,-6.475918E-07,+3.745567E-06,-1.084017E+02,+1.741999E+00
+3.115234E+02,+2.933074E-06,+8.234778E-06,-1.011682E+02,+1.228625E+00
+3.117676E+02,-1.041310E-06,-4.998276E-06,-1.058391E+02,-1.776192E+00
+3.120117E+02,-6.199781E-06,-4.518251E-06,-1.023024E+02,-2.511814E+00
+3.122559E+02,+9.901391E-06,+6.149443E-06,-9.866930E+01,+5.557672E-01
+3.125000E+02,-1.110515E-05,-7.030801E-06,-9.762566E+01,-2.577182E+00
+3.127441E+02,+7.704523E-06,+3.336609E-06,-1.015186E+02,+4.086873E-01
+3.129883E+02,-3.057579E-06,-3.184227E-07,-1.102456E+02,-3.037825E+00
+3.132324E+02,-5.700624E-08,-5.554695E-06,-1.051063E+02,-1.581059E+00
+3.134766E+02,-1.482919E-05,+2.585487E-06,-9.644760E+01,+2.968976E+00
+3.137207E+02,+6.258898E-06,+5.226205E-06,-1.017726E+02,+6.957234E-01
+3.139648E+02,-3.108252E-06,+9.951886E-06,-9.963765E+01,+1.873524E+00
+3.142090E+02,+1.127007E-05,+1.324937E-06,-9.890186E+01,+1.170253E-01
+3.144531E+02,-3.212294E-06,+2.180570E-07,-1.098437E+02,+3.073815E+00
+3.146973E+02,+6.260138E-06,-7.687185E-06,-1.000753E+02,-8.873602E-01
+3.149414E+02,+6.864906E-07,+7.224570E-07,-1.200296E+02,+8.109198E-01
+3.151855E+02,+6.809576E-07,-3.855263E-06,-1.081455E+02,-1.395969E+00
+3.154297E+02,-5.338093E-06,+1.989131E-06,-1.048876E+02,+2.784902E+00
+3.156738E+02,-4.554959E-08,-1.847595E-06,-1.146652E+02,-1.595445E+00
+3.159180E+02,-8.877072E-07,+5.519636E-06,-1.050509E+02,+1.730258E+00
+3.161621E+02,+7.545583E-07,-8.639757E-06,-1.012370E+02,-1.483682E+00
+3.164062E+02,-4.796887E-07,+7.012763E-06,-1.030619E+02,+1.639092E+00
+3.166504E+02,-3.527176E-06,-6.245687E-06,-1.028862E+02,-2.084884E+00
+3.168945E+02,+3.873910E-06,+5.771374E-06,-1.031591E+02,+9.796422E-01
+3.171387E+02,-5.005938E-06,+6.317259E-07,-1.059417E+02,+3.016061E+00
+3.173828E+02,+1.178208E-06,-1.757314E-06,-1.134908E+02,-9.801726E-01
+3.176270E+02,+2.710206E-06,+6.531694E-06,-1.030096E+02,+1.177485E+00
+3.178711E+02,+3.796209E-06,-2.820484E-06,-1.065041E+02,-6.389892E-01
+3.181152E+02,-1.356963E-05,-4.447645E-06,-9.690548E+01,-2.824862E+00
+3.183594E+02,+1.282114E-05,+8.420762E-06,-9.628395E+01,+5.811317E-01
+3.186035E+02,-1.620872E-08,-5.982716E-06,-1.044620E+02,-1.573506E+00
+3.188477E+02,-1.039590E-05,+5.841463E-06,-9.847108E+01,+2.629659E+00
+3.190918E+02,+1.559855E-05,-2.451286E-06,-9.603237E+01,-1.558735E-01
+3.193359E+02,-1.156338E-05,-3.199900E-06,-9.841785E+01,-2.871622E+00
+3.195801E+02,+4.152687E-06,+5.442800E-06,-1.032912E+02,+9.190466E-01
+3.198242E+02,+3.368806E-07,-4.669800E-07,-1.247944E+02,-9.458501E-01
+3.200684E+02,-3.823978E-06,-4.469420E-08,-1.083491E+02,-3.129905E+00
+3.203125E+02,+3.655372E-06,-1.553748E-06,-1.080201E+02,-4.019204E-01
+3.205566E+02,+2.930862E-06,-4.875641E-07,-1.105415E+02,-1.648456E-01
+3.208008E+02,-7.263196E-06,-1.035768E-06,-1.026900E+02,-2.999943E+00
+3.210449E+02,+3.797105E-06,+6.994283E-06,-1.019834E+02,+1.073431E+00
+3.212891E+02,+4.984904E-06,-2.815000E-06,-1.048448E+02,-5.140629E-01
+3.215332E+02,-4.138529E-06,-2.927318E-07,-1.076414E+02,-3.070977E+00
+3.217773E+02,+1.856402E-07,+1.016603E-06,-1.197145E+02,+1.390178E+00
+3.220215E+02,-2.039641E-06,+3.954546E-06,-1.070337E+02,+2.046981E+00
+3.222656E+02,+5.638467E-06,-7.157323E-06,-1.008082E+02,-9.035450E-01
+3.225098E+02,-3.519474E-06,+7.308088E-06,-1.018181E+02,+2.019605E+00
+3.227539E+02,+1.026026E-06,-4.239176E-06,-1.072071E+02,-1.333329E+00
+3.229980E+02,-2.192812E-06,+6.073329E-06,-1.037993E+02,+1.917287E+00
+3.232422E+02,+4.585010E-06,-2.916945E-06,-1.052972E+02,-5.666067E-01
+3.234863E+02,+2.546837E-06,-3.033917E-06,-1.080435E+02,-8.724561E-01
+3.237305E+02,-2.490355E-06,+6.906469E-06,-1.026840E+02,+1.916868E+00
+3.239746E+02,-8.352479E-07,-4.361945E-06,-1.070500E+02,-1.759991E+00
+3.242188E+02,+5.615455E-07,+1.989247E-06,-1.136932E+02,+1.295665E+00
+3.244629E+02,+9.284406E-06,+2.481965E-06,-1.003451E+02,+2.612180E-01
+3.247070E+02,-8.100483E-06,-7.245627E-06,-9.927688E+01,-2.411842E+00
+3.249512E+02,+6.132098E-06,+4.410735E-06,-1.024369E+02,+6.235530E-01
+3.251953E+02,-2.475093E-06,+2.473199E-07,-1.120850E+02,+3.042000E+00
+3.254395E+02,+4.102885E-06,-1.943800E-06,-1.068588E+02,-4.424396E-01
+3.256836E+02,-3.375689E-06,+3.761704E-06,-1.059268E+02,+2.302164E+00
+3.259277E+02,+1.352876E-07,-3.511247E-06,-1.090843E+02,-1.532286E+00
+3.261719E+02,+4.342723E-06,+2.795639E-07,-1.072268E+02,+6.428655E-02
+3.264160E+02,-2.281944E-06,+9.389242E-07,-1.121547E+02,+2.751248E+00
+3.266602E+02,+2.991284E-06,-1.418315E-06,-1.096021E+02,-4.427541E-01
+3.269043E+02,-8.350504E-08,-1.101626E-06,-1.191344E+02,-1.646453E+00
+3.271484E+02,-3.356601E-07,+6.225727E-07,-1.230080E+02,+2.065271E+00
+3.273926E+02,+3.964421E-06,-2.421629E-06,-1.066593E+02,-5.483524E-01
+3.276367E+02,-4.862010E-06,+1.072764E-06,-1.060572E+02,+2.924430E+00
+3.278809E+02,+2.276515E-06,-1.532809E-06,-1.112309E+02,-5.925905E-01
+3.281250E+02,-2.195430E-06,+4.533006E-06,-1.059571E+02,+2.021822E+00
+3.283691E+02,+7.876834E-06,-6.174489E-06,-9.999268E+01,-6.648338E-01
+3.286133E+02,-5.547848E-06,+1.748139E-06,-1.047064E+02,+2.836339E+00
+3.288574E+02,+2.644491E-08,-5.279493E-07,-1.255373E+02,-1.520748E+00
+3.291016E+02,+2.677291E-06,-5.908932E-06,-1.037589E+02,-1.145374E+00
+3.293457E+02,-2.422248E-06,+5.608763E-06,-1.042799E+02,+1.978470E+00
+3.295898E+02,+4.513996E-06,+3.172884E-06,-1.051651E+02,+6.126691E-01
+3.298340E+02,-6.180549E-06,-5.655069E-06,-1.015379E+02,-2.400563E+00
+3.300781E+02,+7.710423E-06,+8.702315E-06,-9.869084E+01,+8.457590E-01
+3.303223E+02,-2.356586E-06,-1.482357E-05,-9.647255E+01,-1.728453E+00
+3.305664E+02,+8.415321E-06,+1.095092E-05,-9.719558E+01,+9.155862E-01
+3.308105E+02,-3.318827E-06,-9.841426E-06,-9.967106E+01,-1.896050E+00
+3.310547E+02,-9.765757E-06,+1.053594E-06,-1.001556E+02,+3.034122E+00
+3.312988E+02,+4.177814E-06,+7.167652E-06,-1.016223E+02,+1.043067E+00
+3.315430E+02,+1.412705E-05,-5.761639E-06,-9.633073E+01,-3.872506E-01
+3.317871E+02,-8.652381E-06,-8.677781E-06,-9.823424E+01,-2.354729E+00
+3.320312E+02,-3.895615E-06,+9.736041E-06,-9.958740E+01,+1.951409E+00
+3.322754E+02,-2.023065E-06,-8.110947E-06,-1.015565E+02,-1.815233E+00
+3.325195E+02,+9.009133E-06,+6.273168E-06,-9.918951E+01,+6.082466E-01
+3.327637E+02,-1.724841E-06,-5.056261E-06,-1.054453E+02,-1.899547E+00
+3.330078E+02,+2.947029E-06,+1.898307E-06,-1.091050E+02,+5.722466E-01
+3.332520E+02,-4.539259E-06,-3.676563E-06,-1.046697E+02,-2.460815E+00
+3.334961E+02,-1.190103E-06,-4.578993E-06,-1.065007E+02,-1.825075E+00
+3.337402E+02,+5.509076E-06,+7.521254E-08,-1.051776E+02,+1.365163E-02
+3.339844E+02,-5.319278E-06,+1.196615E-06,-1.052685E+02,+2.920318E+00
+3.342285E+02,+3.055532E-06,-4.585855E-06,-1.051761E+02,-9.830512E-01
+3.344727E+02,-2.356827E-06,+1.729424E-06,-1.106826E+02,+2.508545E+00
+3.347168E+02,+6.440044E-06,-3.006884E-06,-1.029658E+02,-4.368223E-01
+3.349609E+02,-1.041136E-05,+1.662751E-06,-9.954047E+01,+2.983225E+00
+3.352051E+02,+5.084285E-06,-1.306145E-05,-9.706745E+01,-1.199584E+00
+3.354492E+02,-1.386891E-06,+1.443699E-05,-9.677057E+01,+1.666567E+00
+3.356934E+02,-6.992202E-08,-1.381528E-05,-9.719270E+01,-1.575858E+00
+3.359375E+02,-4.140243E-06,+3.385616E-06,-1.054357E+02,+2.456132E+00
+3.361816E+02,+6.854292E-08,-7.574108E-07,-1.223779E+02,-1.480546E+00
+3.364258E+02,+6.142773E-07,-3.832470E-06,-1.082203E+02,-1.411866E+00
+3.366699E+02,-4.193664E-06,+9.792386E-07,-1.073176E+02,+2.912199E+00
+3.369141E+02,+1.307229E-06,-4.361266E-06,-1.068341E+02,-1.279582E+00
+3.371582E+02,-6.068624E-06,+1.383053E-06,-1.041183E+02,+2.917517E+00
+3.374023E+02,+4.032674E-06,-4.933247E-06,-1.039148E+02,-8.855063E-01
+3.376465E+02,-4.980727E-06,+3.822830E-06,-1.040427E+02,+2.486970E+00
+3.378906E+02,+2.121734E-08,-3.870981E-06,-1.082434E+02,-1.565315E+00
+3.381348E+02,-3.918949E-06,-3.612631E-06,-1.054654E+02,-2.396843E+00
+3.383789E+02,+7.426441E-07,+2.554986E-06,-1.115000E+02,+1.287926E+00
+3.386230E+02,-7.544457E-06,-7.528266E-07,-1.024044E+02,-3.042136E+00
+3.388672E+02,+1.751984E-06,-2.624259E-06,-1.100191E+02,-9.821402E-01
+3.391113E+02,-1.833870E-06,+1.385215E-06,-1.127721E+02,+2.494676E+00
+3.393555E+02,-5.055243E-06,-7.800522E-07,-1.058230E+02,-2.988495E+00
+3.395996E+02,-1.986137E-06,-1.749020E-06,-1.115467E+02,-2.419592E+00
+3.398438E+02,-6.618002E-07,+1.705516E-06,-1.147538E+02,+1.940946E+00
+3.400879E+02,-4.262552E-06,-4.261960E-06,-1.043969E+02,-2.356264E+00
+3.403320E+02,-7.057773E-06,-3.031260E-06,-1.022914E+02,-2.735923E+00
+3.405762E+02,+2.086512E-06,-2.088384E-07,-1.135683E+02,-9.975748E-02
+3.408203E+02,-2.256239E-05,-3.390704E-07,-9.293132E+01,-3.126566E+00
+3.410645E+02,+3.220074E-06,+1.324838E-05,-9.730747E+01,+1.332366E+00
+3.413086E+02,-2.611070E-06,-3.379858E-07,-1.115915E+02,-3.012865E+00
+3.415527E+02,-1.049477E-05,-2.831900E-07,-9.957738E+01,-3.114615E+00
+3.417969E+02,+9.879259E-06,+1.741542E-05,-9.396968E+01,+1.054790E+00
+3.420410E+02,-1.538116E-05,-1.084248E-05,-9.450826E+01,-2.527573E+00
+3.422852E+02,+8.405897E-06,+2.094304E-05,-9.293052E+01,+1.189110E+00
+3.425293E+02,-5.060847E-06,-6.521376E-06,-1.016659E+02,-2.230756E+00
+3.427734E+02,+2.759319E-06,+8.452220E-06,-1.010208E+02,+1.255244E+00
+3.430176E+02,-3.129740E-06,-1.830593E-06,-1.088120E+02,-2.612348E+00
+3.432617E+02,+3.595513E-06,+5.801671E-06,-1.033173E+02,+1.015990E+00
+3.435059E+02,-8.422389E-06,+5.581578E-06,-9.991014E+01,+2.556336E+00
+3.437500E+02,+3.027869E-06,+9.113737E-06,-1.003514E+02,+1.250038E+00
+3.439941E+02,+6.206940E-06,+7.397383E-07,-1.040812E+02,+1.186197E-01
+3.442383E+02,-1.853162E-06,-6.659212E-07,-1.141143E+02,-2.796618E+00
+3.444824E+02,+1.164436E-06,+6.922925E-06,-1.030730E+02,+1.404156E+00
+3.447266E+02,+1.584763E-08,+6.821665E-06,-1.033222E+02,+1.568473E+00
+3.449707E+02,+4.512714E-06,-3.580283E-06,-1.047908E+02,-6.706894E-01
+3.452148E+02,-6.183329E-06,+5.280906E-06,-1.017966E+02,+2.434749E+00
+3.454590E+02,+8.010252E-06,-2.650814E-07,-1.019223E+02,-3.308069E-02
+3.457031E+02,-8.138138E-06,+4.205527E-06,-1.007616E+02,+2.664621E+00
+3.459473E+02,-2.207941E-06,+8.481978E-07,-1.125224E+02,+2.774817E+00
+3.461914E+02,-1.999234E-06,+6.332046E-06,-1.035564E+02,+1.876624E+00
+3.464355E+02,+2.648516E-07,+3.112149E-06,-1.101075E+02,+1.485898E+00
+3.466797E+02,-6.534140E-06,+1.295356E-05,-9.676769E+01,+2.037980E+00
+3.469238E+02,+1.193090E-06,+5.214576E-06,-1.054340E+02,+1.345869E+00
+3.471680E+02,-1.349848E-05,+9.034476E-06,-9.578674E+01,+2.551772E+00
+3.474121E+02,+2.699479E-05,+2.287239E-05,-8.902443E+01,+7.029181E-01
+3.476562E+02,-1.474056E-05,+9.107704E-06,-9.522540E+01,+2.588139E+00
+3.479004E+02,+7.691555E-07,+1.628948E-05,-9.575218E+01,+1.523613E+00
+3.481445E+02,+1.081209E-05,+1.533165E-05,-9.453506E+01,+9.565798E-01
+3.483887E+02,+1.053884E-05,+3.412264E-05,-8.894347E+01,+1.271239E+00
+3.486328E+02,+2.111090E-05,+1.119844E-05,-9.243306E+01,+4.877158E-01
+3.488770E+02,+1.474507E-05,+2.915394E-05,-8.971686E+01,+1.102547E+00
+3.491211E+02,+4.360897E-05,+5.776617E-05,-8.280779E+01,+9.241524E-01
+3.493652E+02,+3.372955E-05,-4.311812E-05,-8.523335E+01,-9.069669E-01
+3.496094E+02,+3.393001E-05,+4.848805E-05,-8.455642E+01,+9.602314E-01
+3.498535E+02,+9.130449E-05,+1.384768E-05,-8.069139E+01,+1.505177E-01
+3.500977E+02,+2.818890E-05,-1.932075E-06,-9.097809E+01,-6.843325E-02
+3.503418E+02,+9.352092E-05,+6.191969E-05,-7.900312E+01,+5.848306E-01
+3.505859E+02,+5.116701E-05,+1.332716E-04,-7.690809E+01,+1.204219E+00
+3.508301E+02,+5.610371E-04,+9.962930E-04,-5.883604E+01,+1.057932E+00
+3.510742E+02,+2.907216E-03,-6.955401E-03,-4.245426E+01,-1.174887E+00
+3.513184E+02,-6.689490E-03,+5.920574E-03,-4.097984E+01,+2.417095E+00
+3.515625E+02,+2.239258E-03,-1.734137E-04,-5.297195E+01,-7.728823E-02
+3.518066E+02,+3.749039E-04,-1.410775E-04,-6.794645E+01,-3.599128E-01
+3.520508E+02,+1.935742E-04,-5.560375E-05,-7.391873E+01,-2.797169E-01
+3.522949E+02,-2.687930E-04,-6.292066E-04,-6.329614E+01,-1.974523E+00
+3.525391E+02,+9.283931E-05,+9.931893E-04,-6.002158E+01,+1.477591E+00
+3.527832E+02,+1.821568E-04,-3.125955E-04,-6.883070E+01,-1.043177E+00
+3.530273E+02,+6.801846E-05,-8.950480E-05,-7.898335E+01,-9.209626E-01
+3.532715E+02,-5.661612E-05,-2.412709E-05,-8.421647E+01,-2.738746E+00
+3.535156E+02,+5.221314E-06,-3.777777E-06,-1.038160E+02,-6.263440E-01
+3.537598E+02,-9.205793E-06,+1.326766E-06,-1.006295E+02,+2.998455E+00
+3.540039E+02,+9.412181E-06,-1.405654E-06,-1.004304E+02,-1.482484E-01
+3.542480E+02,-4.980595E-06,-8.114548E-06,-1.004262E+02,-2.121291E+00
+3.544922E+02,+2.031347E-06,+1.906469E-05,-9.434638E+01,+1.464647E+00
+3.547363E+02,+1.148700E-05,-1.645272E-07,-9.879498E+01,-1.432191E-02
+3.549805E+02,-7.339929E-06,-1.026744E-05,-9.797798E+01,-2.191435E+00
+3.552246E+02,+4.258131E-06,+6.101061E-06,-1.025685E+02,+9.614591E-01
+3.554688E+02,+7.558303E-06,+1.040880E-05,-9.781277E+01,+9.427378E-01
+3.557129E+02,+1.416541E-06,-5.421596E-06,-1.050307E+02,-1.315232E+00
+3.559570E+02,+3.413704E-06,+9.317394E-06,-1.000671E+02,+1.219604E+00
+3.562012E+02,+6.364535E-06,-1.176538E-05,-9.747314E+01,-1.074924E+00
+3.564453E+02,+5.941609E-06,+5.760312E-06,-1.016441E+02,+7.699065E-01
+3.566895E+02,-3.692296E-06,-6.549569E-06,-1.024772E+02,-2.084132E+00
+3.569336E+02,+1.505539E-05,+3.728882E-06,-9.618760E+01,+2.427917E-01
+3.571777E+02,+6.659022E-07,-8.786753E-06,-1.010986E+02,-1.495156E+00
+3.574219E+02,+6.258814E-07,-5.241695E-06,-1.055491E+02,-1.451955E+00
+3.576660E+02,-3.398079E-06,-3.970888E-06,-1.056360E+02,-2.278618E+00
+3.579102E+02,+1.105950E-06,-5.488973E-06,-1.050374E+02,-1.371973E+00
+3.581543E+02,+2.753506E-06,+2.613305E-07,-1.111633E+02,+9.462484E-02
+3.583984E+02,-7.675633E-06,-1.319474E-06,-1.021712E+02,-2.971352E+00
+3.586426E+02,+8.818817E-06,-7.006467E-06,-9.896668E+01,-6.713725E-01
+3.588867E+02,-1.353605E-05,-3.506929E-06,-9.708802E+01,-2.888086E+00
+3.591309E+02,+2.242515E-06,+6.425614E-07,-1.126426E+02,+2.790592E-01
+3.593750E+02,-1.086752E-06,+8.445166E-06,-1.013965E+02,+1.698776E+00
+3.596191E+02,-5.376029E-06,-1.266421E-05,-9.722886E+01,-1.972248E+00
+3.598633E+02,+2.597000E-06,+4.372868E-06,-1.058726E+02,+1.034882E+00
+3.601074E+02,-3.061254E-06,-6.374401E-07,-1.100977E+02,-2.936298E+00
+3.603516E+02,+2.382457E-06,+1.627969E-06,-1.107954E+02,+5.994401E-01
+3.605957E+02,-4.167631E-06,-1.830961E-05,-9.452705E+01,-1.794603E+00
+3.608398E+02,-3.094506E-05,+3.972289E-05,-8.595936E+01,+2.232615E+00
+3.610840E+02,+5.513998E-05,-1.364373E-05,-8.491258E+01,-2.425660E-01
+3.613281E+02,-1.981246E-05,-1.990440E-05,-9.103078E+01,-2.353879E+00
+3.615723E+02,-5.123535E-06,-3.386331E-06,-1.042345E+02,-2.557568E+00
+3.618164E+02,-1.524601E-05,-4.067492E-06,-9.603827E+01,-2.880875E+00
+3.620605E+02,-5.257642E-06,+1.963884E-05,-9.383706E+01,+1.832379E+00
+3.623047E+02,-3.836453E-06,+1.093954E-06,-1.079819E+02,+2.863817E+00
+3.625488E+02,+6.804155E-06,-3.346834E-06,-1.024035E+02,-4.571313E-01
+3.627930E+02,-6.858950E-06,+1.416466E-05,-9.606104E+01,+2.021749E+00
+3.630371E+02,+9.385742E-06,+3.483939E-06,-9.999002E+01,+3.554304E-01
+3.632812E+02,-5.393041E-06,-5.224707E-06,-1.024886E+02,-2.372047E+00
+3.635254E+02,-5.190688E-07,+4.848059E-06,-1.062391E+02,+1.677457E+00
+3.637695E+02,+3.578202E-06,-3.263625E-06,-1.062977E+02,-7.394520E-01
+3.640137E+02,+4.568577E-06,+5.014547E-06,-1.033708E+02,+8.319017E-01
+3.642578E+02,-4.144763E-06,-1.470999E-06,-1.071348E+02,-2.800554E+00
+3.645020E+02,+6.718175E-06,+8.322080E-06,-9.941608E+01,+8.916374E-01
+3.647461E+02,-6.547728E-06,-6.702296E-06,-1.005654E+02,-2.344530E+00
+3.649902E+02,+7.002925E-06,+4.575243E-06,-1.015506E+02,+5.787148E-01
+3.652344E+02,+4.633782E-06,-4.345114E-06,-1.039414E+02,-7.532597E-01
+3.654785E+02,-8.270324E-06,+5.359627E-07,-1.016313E+02,+3.076878E+00
+3.657227E+02,-1.991939E-06,+4.716381E-06,-1.058150E+02,+1.970416E+00
+3.659668E+02,+5.168055E-06,-3.549632E-06,-1.040551E+02,-6.018397E-01
+3.662109E+02,+4.046241E-06,+3.298969E-06,-1.056455E+02,+6.840110E-01
+3.664551E+02,-3.863736E-07,+2.130221E-06,-1.132909E+02,+1.750223E+00
+3.666992E+02,-3.570957E-06,-3.850416E-06,-1.055945E+02,-2.318556E+00
+3.669434E+02,+3.576361E-06,+8.816039E-08,-1.089285E+02,+2.464587E-02
+3.671875E+02,+3.723357E-06,+4.734498E-06,-1.044035E+02,+9.043840E-01
+3.674316E+02,-5.268925E-06,-6.384329E-06,-1.016418E+02,-2.260769E+00
+3.676758E+02,+1.411720E-06,-3.376067E-07,-1.167635E+02,-2.347370E-01
+3.679199E+02,-1.840778E-06,+5.829795E-06,-1.042742E+02,+1.876642E+00
+3.681641E+02,+6.092307E-06,-2.020107E-06,-1.038513E+02,-3.201747E-01
+3.684082E+02,-2.476364E-06,+6.053412E-07,-1.118717E+02,+2.901847E+00
+3.686523E+02,-1.931382E-06,-2.842690E-06,-1.092771E+02,-2.167577E+00
+3.688965E+02,+4.421704E-06,+2.559960E-07,-1.070737E+02,+5.783077E-02
+3.691406E+02,+5.328289E-07,+1.178074E-06,-1.177682E+02,+1.146041E+00
+3.693848E+02,-2.511400E-06,-9.320690E-07,-1.114413E+02,-2.786215E+00
+3.696289E+02,+4.732475E-06,+3.474088E-06,-1.046261E+02,+6.332442E-01
+3.698730E+02,-1.820216E-06,-4.042561E-06,-1.070652E+02,-1.993869E+00
+3.701172E+02,-5.251371E-06,-1.613770E-06,-1.052026E+02,-2.843448E+00
+3.703613E+02,+1.170694E-06,+4.321386E-06,-1.069800E+02,+1.306239E+00
+3.706055E+02,-4.772400E-06,+7.033986E-06,-1.014115E+02,+2.166931E+00
+3.708496E+02,+2.425769E-05,-1.334313E-05,-9.115502E+01,-5.028876E-01
+3.710938E+02,-2.453601E-05,-6.747335E-06,-9.188732E+01,-2.873229E+00
+3.713379E+02,-2.541386E-06,+1.751684E-05,-9.504042E+01,+1.714873E+00
+3.715820E+02,+1.352616E-05,+4.091927E-06,-9.699620E+01,+2.937666E-01
+3.718262E+02,+5.603590E-06,-8.052311E-07,-1.049419E+02,-1.427221E-01
+3.720703E+02,+2.749487E-06,-8.383682E-06,-1.010876E+02,-1.253892E+00
+3.723145E+02,-5.838710E-06,-2.709193E-06,-1.038268E+02,-2.707153E+00
+3.725586E+02,-4.464092E-06,-4.322108E-06,-1.041331E+02,-2.372353E+00
+3.728027E+02,+4.448357E-06,-8.172935E-07,-1.068918E+02,-1.817029E-01
+3.730469E+02,-3.421090E-06,+8.001460E-06,-1.012075E+02,+1.974832E+00
+3.732910E+02,-5.732271E-06,-6.027577E-06,-1.015995E+02,-2.331088E+00
+3.735352E+02,+1.155173E-05,+1.609567E-06,-9.866355E+01,+1.384442E-01
+3.737793E+02,-9.073217E-06,+4.909176E-06,-9.972963E+01,+2.645637E+00
+3.740234E+02,+3.436989E-06,-6.104822E-07,-1.091415E+02,-1.757879E-01
+3.742676E+02,-8.029098E-07,-4.982724E-06,-1.059393E+02,-1.730562E+00
+3.745117E+02,+1.826113E-06,+7.203652E-06,-1.025785E+02,+1.322528E+00
+3.747559E+02,-6.479921E-06,-2.922666E-06,-1.029644E+02,-2.717879E+00
+3.750000E+02,+1.365246E-05,-5.497730E-06,-9.664313E+01,-3.828244E-01
+3.752441E+02,-9.603011E-06,+1.221327E-05,-9.617295E+01,+2.237113E+00
+3.754883E+02,+6.704386E-08,-9.822198E-06,-1.001556E+02,-1.563971E+00
+3.757324E+02,+2.825760E-06,+6.498705E-06,-1.029914E+02,+1.160638E+00
+3.759766E+02,+2.269232E-06,-7.904171E-06,-1.016989E+02,-1.291223E+00
+3.762207E+02,+3.068865E-07,+6.382850E-06,-1.038897E+02,+1.522753E+00
+3.764648E+02,-2.788364E-06,-1.927988E-06,-1.093960E+02,-2.536634E+00
+3.767090E+02,+3.132901E-06,-2.634805E-06,-1.077580E+02,-6.992523E-01
+3.769531E+02,+2.668081E-08,+5.982267E-06,-1.044626E+02,+1.566336E+00
+3.771973E+02,-3.479942E-06,-5.088299E-07,-1.090767E+02,-2.996404E+00
+3.774414E+02,+3.517781E-06,-4.239662E-06,-1.051785E+02,-8.781876E-01
+3.776855E+02,-1.771667E-06,-3.077863E-06,-1.089921E+02,-2.093093E+00
+3.779297E+02,+7.124086E-06,+6.038525E-06,-1.005940E+02,+7.031113E-01
+3.781738E+02,-7.950142E-06,-3.480960E-06,-1.012308E+02,-2.728889E+00
+3.784180E+02,+4.370332E-06,+3.435368E-07,-1.071630E+02,+7.844526E-02
+3.786621E+02,-4.420314E-06,+4.227590E-06,-1.042699E+02,+2.378476E+00
+3.789062E+02,+5.023306E-06,-1.022771E-05,-9.886593E+01,-1.114256E+00
+3.791504E+02,-4.235981E-06,+8.488253E-06,-1.004579E+02,+2.033676E+00
+3.793945E+02,+5.515588E-06,-4.100786E-06,-1.032571E+02,-6.393219E-01
+3.796387E+02,+8.223515E-07,+1.782452E-07,-1.214995E+02,+2.134489E-01
+3.798828E+02,-3.959893E-06,+8.021763E-07,-1.078717E+02,+2.941722E+00
+3.801270E+02,+5.044648E-07,-1.822196E-06,-1.144674E+02,-1.300716E+00
+3.803711E+02,+3.590589E-07,+1.595245E-06,-1.157288E+02,+1.349405E+00
+3.806152E+02,+3.132396E-06,-6.054162E-06,-1.033288E+02,-1.093329E+00
+3.808594E+02,-2.290514E-06,+7.651338E-06,-1.019525E+02,+1.861667E+00
+3.811035E+02,-2.732032E-06,-1.096257E-06,-1.106219E+02,-2.760000E+00
+3.813477E+02,+3.254907E-06,-5.613559E-06,-1.037565E+02,-1.045340E+00
+3.815918E+02,+2.398956E-07,+1.972773E-06,-1.140347E+02,+1.449787E+00
+3.818359E+02,-4.286994E-06,+7.849403E-07,-1.072137E+02,+2.960500E+00
+3.820801E+02,+1.000245E-05,-2.647205E-06,-9.970387E+01,-2.587240E-01
+3.823242E+02,-6.053640E-06,-2.102889E-06,-1.038649E+02,-2.807257E+00
+3.825684E+02,+2.042980E-06,+9.221966E-07,-1.129893E+02,+4.240158E-01
+3.828125E+02,-4.583186E-06,+2.395946E-06,-1.057274E+02,+2.659896E+00
+3.830566E+02,-2.948283E-06,-6.979700E-06,-1.024102E+02,-1.970470E+00
+3.833008E+02,+6.249596E-06,+1.271243E-05,-9.697532E+01,+1.113881E+00
+3.835449E+02,-2.240820E-06,-1.048001E-05,-9.939862E+01,-1.781443E+00
+3.837891E+02,-3.159957E-06,+5.054860E-06,-1.044932E+02,+2.129491E+00
+3.840332E+02,+5.768516E-06,-1.174082E-05,-9.766692E+01,-1.114116E+00
+3.842773E+02,-4.004214E-06,+1.126630E-05,-9.844776E+01,+1.912287E+00
+3.845215E+02,-1.802611E-06,-4.767478E-06,-1.058539E+02,-1.932287E+00
+3.847656E+02,+4.646349E-06,+1.405314E-06,-1.062776E+02,+2.937081E-01
+3.850098E+02,-4.064042E-06,+3.699050E-06,-1.052000E+02,+2.403176E+00
+3.852539E+02,-9.454678E-07,-6.128474E-06,-1.041508E+02,-1.723864E+00
+3.854980E+02,-5.749808E-07,+1.949146E-06,-1.138407E+02,+1.857651E+00
+3.857422E+02,+3.908307E-07,+1.639675E-06,-1.154649E+02,+1.336804E+00
+3.859863E+02,-1.576043E-07,+2.857657E-06,-1.108666E+02,+1.625892E+00
+3.862305E+02,+8.066785E-07,-3.106270E-06,-1.098718E+02,-1.316715E+00
+3.864746E+02,-7.630720E-07,-6.758119E-08,-1.223148E+02,-3.053258E+00
+3.867188E+02,-4.100065E-07,+1.677423E-06,-1.152551E+02,+1.810522E+00
+3.869629E+02,+5.273982E-06,-9.186750E-07,-1.054274E+02,-1.724596E-01
+3.872070E+02,-6.085982E-06,-2.862159E-06,-1.034456E+02,-2.701997E+00
+3.874512E+02,+6.290642E-06,+2.536362E-06,-1.033719E+02,+3.832586E-01
+3.876953E+02,-1.939847E-06,-2.273942E-06,-1.104896E+02,-2.277074E+00
+3.879395E+02,-2.490829E-06,+2.454029E-06,-1.091270E+02,+2.363636E+00
+3.881836E+02,-3.172476E-06,-2.311289E-06,-1.081229E+02,-2.511965E+00
+3.884277E+02,+3.583827E-06,-4.506121E-06,-1.047953E+02,-8.989130E-01
+3.886719E+02,+7.852537E-08,+7.247856E-06,-1.027953E+02,+1.559963E+00
+3.889160E+02,-2.926460E-06,-1.870139E-06,-1.091860E+02,-2.572958E+00
+3.891602E+02,+2.048916E-07,-2.981158E-06,-1.104918E+02,-1.502175E+00
+3.894043E+02,+3.909031E-06,-3.442371E-06,-1.056654E+02,-7.220042E-01
+3.896484E+02,-2.822434E-06,+1.204022E-05,-9.815498E+01,+1.801056E+00
+3.898926E+02,-1.552795E-06,-5.892668E-06,-1.043022E+02,-1.828452E+00
+3.901367E+02,+2.880921E-07,-4.147348E-06,-1.076237E+02,-1.501444E+00
+3.903809E+02,+3.225536E-06,+3.855046E-06,-1.059747E+02,+8.740715E-01
+3.906250E+02,-2.182724E-06,-1.106929E-06,-1.122260E+02,-2.672256E+00
+3.908691E+02,-2.780720E-06,-6.223088E-06,-1.033293E+02,-1.991019E+00
+3.911133E+02,-5.232195E-06,+1.102906E-05,-9.826767E+01,+2.013755E+00
+3.913574E+02,+7.513260E-06,-5.804522E-06,-1.004508E+02,-6.577903E-01
+3.916016E+02,-2.938248E-06,+5.675503E-06,-1.038886E+02,+2.048509E+00
+3.918457E+02,+1.804048E-07,-5.615154E-06,-1.050083E+02,-1.538679E+00
+3.920898E+02,-2.318915E-06,-1.886318E-06,-1.104888E+02,-2.458705E+00
+3.923340E+02,+2.659262E-06,+5.817870E-06,-1.038807E+02,+1.142066E+00
+3.925781E+02,-2.186468E-06,-3.053832E-06,-1.085058E+02,-2.192164E+00
+3.928223E+02,+2.712038E-06,+7.084958E-06,-1.023994E+02,+1.205215E+00
+3.930664E+02,-1.608111E-06,-3.403100E-06,-1.084872E+02,-2.012238E+00
+3.933105E+02,+1.256972E-06,-3.648911E-07,-1.176621E+02,-2.825283E-01
+3.935547E+02,-1.380559E-07,-4.383242E-06,-1.071598E+02,-1.602282E+00
+3.937988E+02,-1.860085E-06,+4.062404E-06,-1.069977E+02,+2.000182E+00
+3.940430E+02,-5.105141E-06,-3.989545E-06,-1.037697E+02,-2.478249E+00
+3.942871E+02,+5.158760E-06,+6.957218E-06,-1.012485E+02,+9.327590E-01
+3.945312E+02,-4.987106E-06,-5.501543E-06,-1.025855E+02,-2.307187E+00
+3.947754E+02,+1.108855E-05,+4.789455E-06,-9.835960E+01,+4.077241E-01
+3.950195E+02,-5.604938E-06,-8.600513E-07,-1.049275E+02,-2.989335E+00
+3.952637E+02,-1.819287E-06,+2.990608E-06,-1.091174E+02,+2.117321E+00
+3.955078E+02,+3.160866E-06,-7.256474E-06,-1.020310E+02,-1.159988E+00
+3.957520E+02,-4.882530E-06,+1.113133E-05,-9.830486E+01,+1.984155E+00
+3.959961E+02,+2.956692E-06,-1.220287E-05,-9.802300E+01,-1.333083E+00
+3.962402E+02,+2.931678E-06,+1.210693E-05,-9.809185E+01,+1.333221E+00
+3.964844E+02,-7.403199E-06,-5.993493E-06,-1.004225E+02,-2.461037E+00
+3.967285E+02,+7.234305E-06,-3.504205E-07,-1.028019E+02,-4.840090E-02
+3.969727E+02,-2.629778E-06,-1.110195E-06,-1.108894E+02,-2.742127E+00
+3.972168E+02,-5.371933E-07,+1.761177E-06,-1.146976E+02,+1.866852E+00
+3.974609E+02,-2.356555E-06,+1.337533E-06,-1.113416E+02,+2.625353E+00
+3.977051E+02,+4.694011E-06,+4.443113E-06,-1.037908E+02,+7.579458E-01
+3.979492E+02,-4.069469E-06,-1.302981E-05,-9.729702E+01,-1.873517E+00
+3.981934E+02,+2.764842E-06,+1.045161E-05,-9.932258E+01,+1.312183E+00
+3.984375E+02,+3.225067E-06,-4.616826E-07,-1.097411E+02,-1.421884E-01
+3.986816E+02,-2.226607E-06,-4.540927E-07,-1.128702E+02,-2.940412E+00
+3.989258E+02,-6.350641E-06,-3.422293E-06,-1.028364E+02,-2.647320E+00
+3.991699E+02,+9.577136E-06,+1.322969E-06,-1.002932E+02,+1.372695E-01
+3.994141E+02,-6.074569E-06,+2.850430E-06,-1.034654E+02,+2.702855E+00
+3.996582E+02,-1.476029E-06,-6.487116E-07,-1.158511E+02,-2.727506E+00
+3.999023E+02,+2.593591E-06,-2.244328E-06,-1.092945E+02,-7.133304E-01
+4.001465E+02,+4.087727E-06,+7.103852E-06,-1.017280E+02,+1.048643E+00
+4.003906E+02,+1.100159E-07,-1.426697E-06,-1.168876E+02,-1.493836E+00
+4.006348E+02,-3.774567E-06,-7.042954E-06,-1.019484E+02,-2.062777E+00
+4.008789E+02,+1.441123E-06,+4.726711E-06,-1.061228E+02,+1.274860E+00
+4.011230E+02,-2.782818E-06,-1.298585E-06,-1.102547E+02,-2.704984E+00
+4.013672E+02,+4.428675E-06,+7.536415E-07,-1.069505E+02,+1.685584E-01
+4.016113E+02,-2.899420E-06,-1.864573E-06,-1.092506E+02,-2.570094E+00
+4.018555E+02,+2.130225E-06,+4.362751E-06,-1.062761E+02,+1.116572E+00
+4.020996E+02,-1.779166E-06,-5.051898E-06,-1.054231E+02,-1.909410E+00
+4.023438E+02,+1.657668E-06,+5.944163E-06,-1.041929E+02,+1.298833E+00
+4.025879E+02,+3.918238E-06,-5.195353E-06,-1.037321E+02,-9.246246E-01
+4.028320E+02,-4.646131E-06,+5.705570E-06,-1.026648E+02,+2.254205E+00
+4.030762E+02,-1.309653E-07,-9.049520E-06,-1.008666E+02,-1.585267E+00
+4.033203E+02,-4.174432E-06,+6.777104E-06,-1.019822E+02,+2.122869E+00
+4.035645E+02,+6.026434E-06,+3.488626E-07,-1.043843E+02,+5.782420E-02
+4.038086E+02,+4.048585E-06,-8.012346E-06,-1.009373E+02,-1.102923E+00
+4.040527E+02,-6.160039E-06,+1.421488E-05,-9.619773E+01,+1.979719E+00
+4.042969E+02,+1.512737E-06,-7.974500E-06,-1.018124E+02,-1.383327E+00
+4.045410E+02,+1.088993E-06,-4.530365E-07,-1.185663E+02,-3.942350E-01
+4.047852E+02,-2.487698E-06,-6.404936E-06,-1.032595E+02,-1.941266E+00
+4.050293E+02,-2.779136E-06,+1.414990E-05,-9.682054E+01,+1.764734E+00
+4.052734E+02,+8.588194E-06,-1.129700E-05,-9.695985E+01,-9.207870E-01
+4.055176E+02,+2.669728E-06,+6.628120E-06,-1.029192E+02,+1.187889E+00
+4.057617E+02,-1.075412E-05,-5.719904E-07,-9.935624E+01,-3.088455E+00
+4.060059E+02,+3.068168E-06,+1.392852E-07,-1.102535E+02,+4.536572E-02
+4.062500E+02,+5.497646E-06,-2.348487E-06,-1.044685E+02,-4.037161E-01
+4.064941E+02,-2.345998E-06,-3.875457E-06,-1.068776E+02,-2.115139E+00
+4.067383E+02,-1.094075E-06,+8.785883E-06,-1.010575E+02,+1.694685E+00
+4.069824E+02,-2.217792E-06,-3.434695E-06,-1.077687E+02,-2.144145E+00
+4.072266E+02,+5.969789E-06,-6.238802E-06,-1.012749E+02,-8.074294E-01
+4.074707E+02,-3.191486E-06,+9.283591E-06,-1.001606E+02,+1.901917E+00
+4.077148E+02,-1.286049E-07,-6.621944E-06,-1.035787E+02,-1.590215E+00
+4.079590E+02,-3.499458E-06,+3.782932E-06,-1.057582E+02,+2.317288E+00
+4.082031E+02,+7.582145E-06,-2.173845E-06,-1.020611E+02,-2.792161E-01
+4.084473E+02,-1.596666E-06,+1.920217E-06,-1.120505E+02,+2.264454E+00
+4.086914E+02,-5.637238E-06,-1.366108E-06,-1.047308E+02,-2.903840E+00
+4.089355E+02,+3.245914E-06,-2.056033E-06,-1.083082E+02,-5.646327E-01
+4.091797E+02,-5.077868E-07,+6.332327E-06,-1.039409E+02,+1.650815E+00
+4.094238E+02,+3.746333E-06,-7.544378E-06,-1.014903E+02,-1.109894E+00
+4.096680E+02,-6.567719E-06,+6.205014E-06,-1.008811E+02,+2.384584E+00
+4.099121E+02,+5.365270E-06,-4.667480E-06,-1.029609E+02,-7.159588E-01
+4.101562E+02,+3.414267E-06,-1.896256E-06,-1.081664E+02,-5.069733E-01
+4.104004E+02,-1.555203E-06,+8.483806E-06,-1.012846E+02,+1.752098E+00
+4.106445E+02,-5.525986E-06,-5.976386E-06,-1.017879E+02,-2.317057E+00
+4.108887E+02,+2.093309E-06,+3.163100E-06,-1.084203E+02,+9.861773E-01
+4.111328E+02,+3.904851E-06,-3.845907E-06,-1.052232E+02,-7.777933E-01
+4.113770E+02,-2.636753E-06,-3.671033E-06,-1.068975E+02,-2.193672E+00
+4.116211E+02,+2.245631E-06,+1.155316E-05,-9.858492E+01,+1.378816E+00
+4.118652E+02,-4.692563E-06,-1.265882E-05,-9.739295E+01,-1.925788E+00
+4.121094E+02,+6.910825E-06,+2.726661E-06,-1.025811E+02,+3.757987E-01
+4.123535E+02,-2.485024E-06,+6.392901E-06,-1.032749E+02,+1.941537E+00
+4.125977E+02,-4.461063E-07,-1.050431E-05,-9.956483E+01,-1.613240E+00
+4.128418E+02,-2.062125E-06,+1.020773E-05,-9.964769E+01,+1.770129E+00
+4.130859E+02,-1.066117E-06,-5.186080E-06,-1.055235E+02,-1.773545E+00
+4.133301E+02,+9.260133E-06,+6.433197E-07,-1.006467E+02,+6.936052E-02
+4.135742E+02,-1.250879E-05,-7.209900E-08,-9.805556E+01,-3.135829E+00
+4.138184E+02,+8.492472E-06,-4.357920E-07,-1.014079E+02,-5.127012E-02
+4.140625E+02,-6.069974E-06,+2.869013E-06,-1.034606E+02,+2.700058E+00
+4.143066E+02,+6.355548E-06,-2.666235E-06,-1.032329E+02,-3.972140E-01
+4.145508E+02,-6.532578E-06,-5.062559E-06,-1.016555E+02,-2.482301E+00
+4.147949E+02,+8.280343E-06,+2.762127E-06,-1.011808E+02,+3.219693E-01
+4.150391E+02,-5.758757E-06,+3.819926E-06,-1.032098E+02,+2.555907E+00
+4.152832E+02,+4.887798E-08,-3.347293E-06,-1.095052E+02,-1.556195E+00
+4.155273E+02,+2.732523E-06,-1.108012E-06,-1.106076E+02,-3.852307E-01
+4.157715E+02,-5.673893E-06,+1.815157E-06,-1.044992E+02,+2.831968E+00
+4.160156E+02,+2.920500E-06,-4.563624E-07,-1.105861E+02,-1.550082E-01
+4.162598E+02,+3.100302E-06,+8.099727E-07,-1.098852E+02,+2.555442E-01
+4.165039E+02,-3.873251E-06,+4.540293E-07,-1.081792E+02,+3.024904E+00
+4.167480E+02,+1.693292E-06,+1.235100E-06,-1.135727E+02,+6.301912E-01
+4.169922E+02,-1.684753E-06,-9.386263E-06,-1.004124E+02,-1.748397E+00
+4.172363E+02,-1.904891E-06,+7.486979E-06,-1.022415E+02,+1.819937E+00
+4.174805E+02,+4.884367E-06,+7.718904E-07,-1.061167E+02,+1.567366E-01
+4.177246E+02,-5.430873E-06,+9.345348E-08,-1.053013E+02,+3.124387E+00
+4.179688E+02,+4.695072E-06,-8.661122E-06,-1.001297E+02,-1.074049E+00
+4.182129E+02,-4.001838E-06,+9.650018E-06,-9.962025E+01,+1.963908E+00
+4.184570E+02,+2.219902E-06,-4.779467E-06,-1.055640E+02,-1.135977E+00
+4.187012E+02,+3.637030E-06,+2.324642E-06,-1.072974E+02,+5.687166E-01
+4.189453E+02,-4.134314E-06,-3.904542E-06,-1.049029E+02,-2.384769E+00
+4.191895E+02,+2.025170E-06,+3.490465E-06,-1.078822E+02,+1.045062E+00
+4.194336E+02,-2.011804E-06,-5.698118E-07,-1.135932E+02,-2.865587E+00
+4.196777E+02,-5.277745E-06,+1.456809E-06,-1.052321E+02,+2.872270E+00
+4.199219E+02,+5.847208E-06,-2.830382E-06,-1.037468E+02,-4.508120E-01
+4.201660E+02,+3.667762E-06,-2.923887E-06,-1.065755E+02,-6.730223E-01
+4.204102E+02,-7.652773E-06,+9.327225E-06,-9.836952E+01,+2.257899E+00
+4.206543E+02,+2.919894E-06,-6.653267E-06,-1.027743E+02,-1.157240E+00
+4.208984E+02,-4.154265E-06,-4.437733E-06,-1.043237E+02,-2.323215E+00
+4.211426E+02,+3.968082E-06,+1.156601E-05,-9.825306E+01,+1.240299E+00
+4.213867E+02,+8.460926E-07,-9.613906E-06,-1.003085E+02,-1.483015E+00
+4.216309E+02,+1.294404E-06,+4.666682E-06,-1.062979E+02,+1.300227E+00
+4.218750E+02,-4.238240E-06,-2.692134E-06,-1.059842E+02,-2.575691E+00
+4.221191E+02,+1.126949E-06,-2.918808E-06,-1.100924E+02,-1.202331E+00
+4.223633E+02,-3.631896E-06,+9.639240E-06,-9.974261E+01,+1.931129E+00
+4.226074E+02,+6.282081E-06,-3.542114E-06,-1.028390E+02,-5.134098E-01
+4.228516E+02,-6.425756E-06,-8.842982E-06,-9.922673E+01,-2.199185E+00
+4.230957E+02,+6.942032E-06,+1.631116E-05,-9.502731E+01,+1.168417E+00
+4.233398E+02,-9.317302E-06,-1.545693E-05,-9.487144E+01,-2.113266E+00
+4.235840E+02,+8.790715E-06,+7.592639E-06,-9.869908E+01,+7.124004E-01
+4.238281E+02,-3.404944E-06,-1.666766E-06,-1.084249E+02,-2.686369E+00
+4.240723E+02,-6.890247E-07,+1.203829E-06,-1.171580E+02,+2.090645E+00
+4.243164E+02,-3.174473E-06,-7.318795E-07,-1.097417E+02,-2.915000E+00
+4.245605E+02,+5.237167E-06,-3.248715E-06,-1.042042E+02,-5.552263E-01
+4.248047E+02,-2.884498E-06,+7.164650E-06,-1.022437E+02,+1.953543E+00
+4.250488E+02,-4.096491E-07,-8.065622E-06,-1.018560E+02,-1.621542E+00
+4.252930E+02,+1.022769E-06,+2.487952E-06,-1.114050E+02,+1.180767E+00
+4.255371E+02,-5.821464E-06,+8.345492E-06,-9.984906E+01,+2.179882E+00
+4.257812E+02,+8.984025E-06,-6.948089E-06,-9.889449E+01,-6.582989E-01
+4.260254E+02,-7.607093E-06,-1.922517E-06,-1.021067E+02,-2.894049E+00
+4.262695E+02,+5.864670E-06,+4.879399E-06,-1.023506E+02,+6.939502E-01
+4.265137E+02,-1.659408E-06,+2.638915E-06,-1.101245E+02,+2.132139E+00
+4.267578E+02,-3.017052E-06,-2.524671E-06,-1.081033E+02,-2.444812E+00
+4.270020E+02,+2.898347E-06,-4.580371E-06,-1.053195E+02,-1.006625E+00
+4.272461E+02,+2.674166E-06,+6.688956E-06,-1.028489E+02,+1.190473E+00
+4.274902E+02,-6.969869E-06,-6.836574E-06,-1.002083E+02,-2.365849E+00
+4.277344E+02,+6.641502E-06,+4.863676E-06,-1.016899E+02,+6.320868E-01
+4.279785E+02,-1.166864E-05,-3.504177E-06,-9.828460E+01,-2.849854E+00
+4.282227E+02,+1.507195E-05,+7.292527E-06,-9.552308E+01,+4.506423E-01
+4.284668E+02,-5.591166E-06,-6.723767E-06,-1.011651E+02,-2.264483E+00
+4.287109E+02,-2.428312E-06,+5.628417E-06,-1.042509E+02,+1.978107E+00
+4.289551E+02,+3.409462E-06,-1.705075E-06,-1.083768E+02,-4.637283E-01
+4.291992E+02,-8.073980E-06,-6.126155E-06,-9.988350E+01,-2.492513E+00
+4.294434E+02,+1.004437E-05,+9.231774E-06,-9.730219E+01,+7.432677E-01
+4.296875E+02,+5.967655E-07,-4.511324E-06,-1.068386E+02,-1.439278E+00
+4.299316E+02,-9.278099E-06,+1.074066E-06,-1.005930E+02,+3.026342E+00
+4.301758E+02,+7.806951E-06,+6.119708E-07,-1.021238E+02,+7.822797E-02
+4.304199E+02,+6.952009E-07,-1.661918E-06,-1.148875E+02,-1.174604E+00
+4.306641E+02,-5.811030E-06,+3.049605E-06,-1.036584E+02,+2.658306E+00
+4.309082E+02,+1.256136E-06,-4.896062E-07,-1.174050E+02,-3.716579E-01
+4.311523E+02,+1.647870E-07,-3.800238E-06,-1.083956E+02,-1.527461E+00
+4.313965E+02,+2.403248E-06,+2.611142E-06,-1.089985E+02,+8.268340E-01
+4.316406E+02,-1.585629E-06,-1.514944E-06,-1.131792E+02,-2.378988E+00
+4.318848E+02,+5.901886E-07,+1.849112E-06,-1.142394E+02,+1.261843E+00
+4.321289E+02,-1.884605E-06,+1.619297E-06,-1.120944E+02,+2.431768E+00
+4.323730E+02,+4.919204E-06,-3.883210E-06,-1.040585E+02,-6.682428E-01
+4.326172E+02,-1.002542E-06,+1.907676E-06,-1.133308E+02,+2.054659E+00
+4.328613E+02,-5.480317E-06,-4.767186E-07,-1.051911E+02,-3.054824E+00
+4.331055E+02,+5.021518E-06,+4.722470E-06,-1.032315E+02,+7.547174E-01
+4.333496E+02,-9.171468E-07,-6.791775E-06,-1.032819E+02,-1.705022E+00
+4.335938E+02,+1.413776E-07,+9.208531E-06,-1.007152E+02,+1.555445E+00
+4.338379E+02,+1.723794E-06,-1.401177E-05,-9.700490E+01,-1.448387E+00
+4.340820E+02,-6.579050E-06,+1.105576E-05,-9.781166E+01,+2.107589E+00
+4.343262E+02,+8.504976E-06,-3.891297E-06,-1.005811E+02,-4.290997E-01
+4.345703E+02,-4.497358E-06,-8.551704E-07,-1.067866E+02,-2.953686E+00
+4.348145E+02,-2.937697E-06,+2.595427E-06,-1.081343E+02,+2.417974E+00
+4.350586E+02,+3.656649E-06,-2.473654E-06,-1.071019E+02,-5.947664E-01
+4.353027E+02,+3.407868E-06,+4.463574E-06,-1.050118E+02,+9.187210E-01
+4.355469E+02,-1.012780E-06,-6.325272E-06,-1.038685E+02,-1.729565E+00
+4.357910E+02,-2.214020E-06,+4.218623E-06,-1.064400E+02,+2.054103E+00
+4.360352E+02,-1.027321E-07,-2.827307E-06,-1.109668E+02,-1.607116E+00
+4.362793E+02,-8.259681E-07,+5.981870E-06,-1.043812E+02,+1.708007E+00
+4.365234E+02,+5.451532E-06,-8.863554E-06,-9.965445E+01,-1.019384E+00
+4.367676E+02,-1.011629E-05,+5.983213E-06,-9.859686E+01,+2.607489E+00
+4.370117E+02,+7.833982E-06,+8.767901E-07,-1.020663E+02,+1.114575E-01
+4.372559E+02,-1.911151E-06,-2.691206E-06,-1.096277E+02,-2.188300E+00
+4.375000E+02,-5.655644E-06,+3.183069E-06,-1.037553E+02,+2.628966E+00
+4.377441E+02,+9.113733E-06,+5.726082E-07,-1.007890E+02,+6.274669E-02
+4.379883E+02,-7.431443E-06,-7.703041E-06,-9.940955E+01,-2.338251E+00
+4.382324E+02,+8.646364E-06,+9.672543E-06,-9.773871E+01,+8.413572E-01
+4.384766E+02,-6.970045E-06,-1.179238E-06,-1.030127E+02,-2.973993E+00
+4.387207E+02,+8.834363E-07,-1.235549E-06,-1.163694E+02,-9.500639E-01
+4.389648E+02,+3.780837E-06,-7.995230E-06,-1.010669E+02,-1.129074E+00
+4.392090E+02,+4.995892E-07,+3.662354E-06,-1.086447E+02,+1.435221E+00
+4.394531E+02,-3.318116E-06,+7.509571E-06,-1.017132E+02,+1.986853E+00
+4.396973E+02,-3.615355E-06,-4.461021E-06,-1.048186E+02,-2.251866E+00
+4.399414E+02,+1.003661E-05,-2.883513E-06,-9.962381E+01,-2.797645E-01
+4.401855E+02,-4.406167E-06,+7.339962E-06,-1.013496E+02,+2.111435E+00
+4.404297E+02,+3.481414E-07,-9.814155E-06,-1.001575E+02,-1.535338E+00
+4.406738E+02,-7.391307E-07,+1.164480E-05,-9.865990E+01,+1.634184E+00
+4.409180E+02,+4.045103E-06,-1.145771E-05,-9.830791E+01,-1.231410E+00
+4.411621E+02,-6.366519E-06,+5.205265E-06,-1.016988E+02,+2.456212E+00
+4.414062E+02,+3.801869E-06,-9.973875E-07,-1.081110E+02,-2.565599E-01
+4.416504E+02,-9.110308E-07,+1.830973E-06,-1.137857E+02,+2.032495E+00
+4.418945E+02,-4.690759E-06,+5.127182E-07,-1.065236E+02,+3.032721E+00
+4.421387E+02,+8.134865E-06,+9.304068E-07,-1.017365E+02,+1.138779E-01
+4.423828E+02,+3.399206E-06,-4.894243E-06,-1.044967E+02,-9.637499E-01
+4.426270E+02,-7.317122E-06,+4.120871E-06,-1.015168E+02,+2.628685E+00
+4.428711E+02,-3.210343E-06,-4.898539E-06,-1.046468E+02,-2.150936E+00
+4.431152E+02,+1.263542E-05,+2.835827E-06,-9.775478E+01,+2.207764E-01
+4.433594E+02,-9.595240E-06,+5.517021E-07,-1.003446E+02,+3.084158E+00
+4.436035E+02,-1.872196E-06,+7.455788E-07,-1.139137E+02,+2.762607E+00
+4.438477E+02,+3.056186E-06,-7.152918E-06,-1.021821E+02,-1.167009E+00
+4.440918E+02,+4.971024E-06,+8.882105E-06,-9.984628E+01,+1.060561E+00
+4.443359E+02,-2.473278E-06,-6.156286E-06,-1.035638E+02,-1.952809E+00
+4.445801E+02,-1.538649E-06,+5.649173E-06,-1.046495E+02,+1.836713E+00
+4.448242E+02,+1.784838E-06,-5.383679E-06,-1.049255E+02,-1.250672E+00
+4.450684E+02,-1.158168E-06,-1.250792E-06,-1.153673E+02,-2.317764E+00
+4.453125E+02,-2.520167E-06,+2.203903E-06,-1.095045E+02,+2.423042E+00
+4.455566E+02,+4.628432E-06,+2.441952E-06,-1.056248E+02,+4.854816E-01
+4.458008E+02,+1.147230E-06,-3.105985E-06,-1.096006E+02,-1.216979E+00
+4.460449E+02,-7.070902E-06,-2.362915E-06,-1.025507E+02,-2.819085E+00
+4.462891E+02,+6.619307E-06,+4.962304E-06,-1.016469E+02,+6.432907E-01
+4.465332E+02,-6.627284E-06,-3.032482E-06,-1.027477E+02,-2.712457E+00
+4.467773E+02,+6.540370E-06,-4.574973E-07,-1.036668E+02,-6.983601E-02
+4.470215E+02,+2.202398E-07,-5.698353E-06,-1.048785E+02,-1.532166E+00
+4.472656E+02,-1.876284E-06,+1.143809E-05,-9.871761E+01,+1.733387E+00
+4.475098E+02,-5.749274E-06,-1.026035E-05,-9.859087E+01,-2.081542E+00
+4.477539E+02,+1.574189E-06,+8.983511E-06,-1.007997E+02,+1.397327E+00
+4.479980E+02,+5.229381E-06,-7.189311E-06,-1.010219E+02,-9.419281E-01
+4.482422E+02,-4.884262E-06,+2.998936E-06,-1.048347E+02,+2.590943E+00
+4.484863E+02,+7.752854E-06,+3.162675E-07,-1.022036E+02,+4.077108E-02
+4.487305E+02,-9.374597E-06,-4.774210E-06,-9.955946E+01,-2.670556E+00
+4.489746E+02,+6.057196E-06,+5.458833E-06,-1.017725E+02,+7.334857E-01
+4.492188E+02,-5.312108E-06,-3.317325E-06,-1.040646E+02,-2.583365E+00
+4.494629E+02,+3.921778E-06,+4.313324E-06,-1.046871E+02,+8.329084E-01
+4.497070E+02,-1.514596E-06,-5.508791E-06,-1.048624E+02,-1.839108E+00
+4.499512E+02,+6.861158E-07,+2.807335E-06,-1.107822E+02,+1.331094E+00
+4.501953E+02,-2.539243E-06,-2.540545E-06,-1.088934E+02,-2.355938E+00
+4.504395E+02,+5.303193E-06,-1.996161E-06,-1.049338E+02,-3.600039E-01
+4.506836E+02,-6.610915E-06,+9.163448E-06,-9.893901E+01,+2.195770E+00
+4.509277E+02,-2.440438E-06,-6.817454E-06,-1.028039E+02,-1.914553E+00
+4.511719E+02,+7.074046E-06,+2.253426E-06,-1.025869E+02,+3.083857E-01
+4.514160E+02,-3.363656E-06,+2.718567E-06,-1.072805E+02,+2.461861E+00
+4.516602E+02,+2.210107E-06,-7.133301E-06,-1.025361E+02,-1.270346E+00
+4.519043E+02,-1.641820E-06,-8.069150E-07,-1.147539E+02,-2.684788E+00
+4.521484E+02,-7.719834E-07,+7.243202E-06,-1.027523E+02,+1.676976E+00
+4.523926E+02,+1.237754E-06,-3.525838E-06,-1.085500E+02,-1.233184E+00
+4.526367E+02,+9.799315E-07,+4.313813E-06,-1.070843E+02,+1.347426E+00
+4.528809E+02,-1.479489E-06,-3.762646E-06,-1.078658E+02,-1.945431E+00
+4.531250E+02,-3.227485E-06,-4.470409E-06,-1.051711E+02,-2.196113E+00
+4.533691E+02,+5.684180E-06,+6.132557E-06,-1.015541E+02,+8.233241E-01
+4.536133E+02,-7.008670E-06,-1.347750E-06,-1.029296E+02,-2.951614E+00
+4.538574E+02,+4.774995E-06,+2.743504E-06,-1.051816E+02,+5.215008E-01
+4.541016E+02,-4.042682E-06,-5.348950E-06,-1.034723E+02,-2.217993E+00
+4.543457E+02,+4.753045E-06,+6.326074E-06,-1.020335E+02,+9.264368E-01
+4.545898E+02,-2.363547E-06,-4.550961E-06,-1.058008E+02,-2.049805E+00
+4.548340E+02,+2.061428E-06,-1.659581E-06,-1.115467E+02,-6.778210E-01
+4.550781E+02,-8.234106E-07,+2.101959E-06,-1.129275E+02,+1.944157E+00
+4.553223E+02,-1.930935E-06,-1.198656E-06,-1.128690E+02,-2.586045E+00
+4.555664E+02,+4.790020E-06,+1.903603E-06,-1.057564E+02,+3.782718E-01
+4.558105E+02,-6.528343E-06,+5.126096E-07,-1.036772E+02,+3.063233E+00
+4.560547E+02,+6.402774E-07,+1.881561E-07,-1.235129E+02,+2.858203E-01
+4.562988E+02,+5.670332E-06,-2.013976E-06,-1.044119E+02,-3.412801E-01
+4.565430E+02,-1.008240E-05,+5.770537E-06,-9.869814E+01,+2.621762E+00
+4.567871E+02,+1.061070E-05,-7.031836E-06,-9.790395E+01,-5.852597E-01
+4.570312E+02,-3.523395E-06,+2.997894E-06,-1.066955E+02,+2.436603E+00
+4.572754E+02,-2.677327E-06,-1.081054E-06,-1.107900E+02,-2.757831E+00
+4.575195E+02,+4.147743E-06,-3.601233E-07,-1.076112E+02,-8.660671E-02
+4.577637E+02,-7.643887E-06,+2.771901E-06,-1.017972E+02,+2.793711E+00
+4.580078E+02,+6.950611E-06,-2.591817E-06,-1.025941E+02,-3.569200E-01
+4.582520E+02,-3.968459E-06,+3.261084E-06,-1.057867E+02,+2.453729E+00
+4.584961E+02,+3.420990E-06,-2.533502E-06,-1.074180E+02,-6.374422E-01
+4.587402E+02,-1.657482E-06,+8.667919E-07,-1.145611E+02,+2.659749E+00
+4.589844E+02,-1.165625E-06,-3.642026E-07,-1.182643E+02,-2.838751E+00
+4.592285E+02,+2.534678E-06,-5.905370E-07,-1.116920E+02,-2.288997E-01
+4.594727E+02,-3.788282E-06,+1.354352E-06,-1.079088E+02,+2.798242E+00
+4.597168E+02,+1.768367E-06,-2.891946E-07,-1.149339E+02,-1.621028E-01
+4.599609E+02,+3.708550E-06,-2.909415E-06,-1.065329E+02,-6.652275E-01
+4.602051E+02,-6.752175E-06,+5.603302E-06,-1.011357E+02,+2.448913E+00
+4.604492E+02,+4.498036E-06,+3.510061E-06,-1.048741E+02,+6.626464E-01
+4.606934E+02,-4.911904E-07,-1.139764E-05,-9.885565E+01,-1.613865E+00
+4.609375E+02,-3.013024E-06,+9.110804E-06,-1.003581E+02,+1.890183E+00
+4.611816E+02,-2.601760E-07,-4.249343E-06,-1.074173E+02,-1.631947E+00
+4.614258E+02,+5.876453E-06,-4.712470E-07,-1.045899E+02,-8.002119E-02
+4.616699E+02,-3.531181E-06,+2.745219E-06,-1.069885E+02,+2.480771E+00
+4.619141E+02,+3.214816E-06,-1.514265E-06,-1.089866E+02,-4.402016E-01
+4.621582E+02,-3.981107E-06,-1.630465E-06,-1.073265E+02,-2.752880E+00
+4.624023E+02,+3.073052E-07,+4.457531E-07,-1.253294E+02,+9.672154E-01
+4.626465E+02,+5.848281E-07,+1.475471E-06,-1.159877E+02,+1.193426E+00
+4.628906E+02,-3.368038E-06,+1.107270E-05,-9.873062E+01,+1.866079E+00
+4.631348E+02,+8.484268E-06,-1.896681E-05,-9.364795E+01,-1.150172E+00
+4.633789E+02,-1.000837E-05,+9.366050E-06,-9.726096E+01,+2.389335E+00
+4.636230E+02,+7.039366E-06,-4.844418E-06,-1.013655E+02,-6.027554E-01
+4.638672E+02,-1.761532E-06,+8.514103E-06,-1.012152E+02,+1.774814E+00
+4.641113E+02,-9.941068E-07,-2.296401E-06,-1.120331E+02,-1.979337E+00
+4.643555E+02,+9.654116E-07,-2.075696E-06,-1.128062E+02,-1.135454E+00
+4.645996E+02,+2.194548E-06,-3.240943E-06,-1.081475E+02,-9.755832E-01
+4.648438E+02,-4.739117E-06,+9.746413E-06,-9.930141E+01,+2.023377E+00
+4.650879E+02,-5.023237E-07,-9.498179E-06,-1.004351E+02,-1.623633E+00
+4.653320E+02,+6.892758E-06,+1.161319E-06,-1.031106E+02,+1.669163E-01
+4.655762E+02,-3.680552E-06,+3.999728E-06,-1.052953E+02,+2.314661E+00
+4.658203E+02,-1.895273E-06,+5.820143E-07,-1.140552E+02,+2.843647E+00
+4.660645E+02,+8.889350E-06,-4.368736E-06,-1.000830E+02,-4.567901E-01
+4.663086E+02,-1.004074E-05,+5.066245E-06,-9.897968E+01,+2.674297E+00
+4.665527E+02,+4.762013E-06,-1.405504E-06,-1.060814E+02,-2.870005E-01
+4.667969E+02,+2.327706E-07,-3.153822E-06,-1.099997E+02,-1.497124E+00
+4.670410E+02,-3.586645E-06,+3.739476E-06,-1.057109E+02,+2.335336E+00
+4.672852E+02,+6.023548E-06,-5.598287E-06,-1.016990E+02,-7.488229E-01
+4.675293E+02,-5.419051E-06,+8.752590E-06,-9.974801E+01,+2.125168E+00
+4.677734E+02,-6.333515E-07,-7.404016E-06,-1.025790E+02,-1.656130E+00
+4.680176E+02,+2.424363E-07,+3.492024E-06,-1.091176E+02,+1.501482E+00
+4.682617E+02,+4.304144E-06,-8.214958E-07,-1.071669E+02,-1.885934E-01
+4.685059E+02,-7.658650E-07,+2.752984E-06,-1.108802E+02,+1.842130E+00
+4.687500E+02,-6.812191E-07,-8.076074E-06,-1.018252E+02,-1.654947E+00
+4.689941E+02,-2.908402E-06,+5.618415E-06,-1.039766E+02,+2.048468E+00
+4.692383E+02,+2.424389E-06,+1.397896E-06,-1.110614E+02,+5.230339E-01
+4.694824E+02,-2.286107E-07,-4.062038E-06,-1.078114E+02,-1.627017E+00
+4.697266E+02,+2.331966E-06,+5.412464E-06,-1.045926E+02,+1.163980E+00
+4.699707E+02,-3.740610E-06,-6.863670E-06,-1.021394E+02,-2.069782E+00
+4.702148E+02,+4.918548E-06,+8.111434E-06,-1.004582E+02,+1.025705E+00
+4.704590E+02,-6.110681E-06,-8.180464E-06,-9.981880E+01,-2.212365E+00
+4.707031E+02,+4.498485E-06,+5.256290E-06,-1.031998E+02,+8.629279E-01
+4.709473E+02,-4.921484E-06,-1.457778E-06,-1.057928E+02,-2.853619E+00
+4.711914E+02,+5.844512E-06,-2.072406E-07,-1.046596E+02,-3.544416E-02
+4.714355E+02,+1.705911E-07,-2.090621E-07,-1.313782E+02,-8.863853E-01
+4.716797E+02,-3.736531E-06,+3.694080E-06,-1.055897E+02,+2.361907E+00
+4.719238E+02,+6.174436E-07,-4.532005E-06,-1.067943E+02,-1.435389E+00
+4.721680E+02,+1.464544E-06,+1.198633E-06,-1.144592E+02,+6.858804E-01
+4.724121E+02,+9.075700E-07,+1.665816E-06,-1.144386E+02,+1.071939E+00
+4.726562E+02,-8.447699E-07,-1.475882E-06,-1.153882E+02,-2.090662E+00
+4.729004E+02,-6.488157E-07,+2.479018E-06,-1.118267E+02,+1.826777E+00
+4.731445E+02,+1.663492E-06,-8.862202E-06,-1.008988E+02,-1.385249E+00
+4.733887E+02,-1.007028E-07,+1.605942E-05,-9.588523E+01,+1.577067E+00
+4.736328E+02,-4.227060E-07,-1.583314E-05,-9.600556E+01,-1.597488E+00
+4.738770E+02,-1.443837E-06,+3.418569E-06,-1.086103E+02,+1.970421E+00
+4.741211E+02,+7.782257E-07,+2.390998E-06,-1.119911E+02,+1.256129E+00
+4.743652E+02,+3.170009E-06,+9.483243E-06,-1.000008E+02,+1.248199E+00
+4.746094E+02,-2.608164E-06,-1.295096E-05,-9.758130E+01,-1.769526E+00
+4.748535E+02,+1.629161E-06,+5.443021E-06,-1.049106E+02,+1.279971E+00
+4.750977E+02,-1.317071E-06,-5.742372E-06,-1.045955E+02,-1.796257E+00
+4.753418E+02,-1.940597E-06,+4.694988E-06,-1.058823E+02,+1.962744E+00
+4.755859E+02,+8.476907E-06,-5.283584E-06,-1.000098E+02,-5.573698E-01
+4.758301E+02,-8.329597E-06,+6.459024E-06,-9.954282E+01,+2.482014E+00
+4.760742E+02,+8.978406E-07,-3.146624E-07,-1.204329E+02,-3.370897E-01
+4.763184E+02,-9.662597E-07,-2.762997E-06,-1.106713E+02,-1.907217E+00
+4.765625E+02,+3.909226E-06,-1.401967E-06,-1.076327E+02,-3.443424E-01
+4.768066E+02,-2.027838E-06,+1.689257E-06,-1.115703E+02,+2.447031E+00
+4.770508E+02,-2.230509E-06,+1.101109E-06,-1.120848E+02,+2.683032E+00
+4.772949E+02,+7.523812E-07,-2.114184E-06,-1.129793E+02,-1.228899E+00
+4.775391E+02,+5.193442E-06,+2.600074E-06,-1.047196E+02,+4.641639E-01
+4.777832E+02,-2.854944E-06,-8.589167E-06,-1.008659E+02,-1.891697E+00
+4.780273E+02,-2.719063E-07,+1.432372E-05,-9.687732E+01,+1.589777E+00
+4.782715E+02,+2.739222E-06,-2.004893E-08,-1.112472E+02,-7.319077E-03
+4.785156E+02,-3.201404E-06,-2.186516E-05,-9.311283E+01,-1.716179E+00
+4.787598E+02,-3.902945E-06,+1.312287E-05,-9.727132E+01,+1.859880E+00
+4.790039E+02,-2.723887E-08,+5.333215E-06,-1.054601E+02,+1.575904E+00
+4.792480E+02,+9.235214E-06,-9.476046E-07,-1.006456E+02,-1.022499E-01
+4.794922E+02,-6.851385E-06,-2.450428E-06,-1.027617E+02,-2.798115E+00
+4.797363E+02,+2.953593E-06,-5.204374E-06,-1.044601E+02,-1.054601E+00
+4.799805E+02,+3.953894E-06,+7.707235E-06,-1.012474E+02,+1.096794E+00
+4.802246E+02,-1.387244E-05,-1.856480E-06,-9.707985E+01,-3.008558E+00
+4.804688E+02,+1.733075E-05,-6.450512E-06,-9.466019E+01,-3.563139E-01
+4.807129E+02,-1.105725E-05,+4.703206E-06,-9.840485E+01,+2.739425E+00
+4.809570E+02,-5.618741E-07,-4.494779E-06,-1.068785E+02,-1.695157E+00
+4.812012E+02,+4.040980E-06,+1.885022E-06,-1.070152E+02,+4.364709E-01
+4.814453E+02,-1.751281E-07,+1.203838E-05,-9.838772E+01,+1.585343E+00
+4.816895E+02,-2.505030E-06,-1.507431E-05,-9.631695E+01,-1.735470E+00
+4.819336E+02,+1.257160E-06,+4.543308E-06,-1.065322E+02,+1.300845E+00
+4.821777E+02,+3.917597E-06,+4.788392E-08,-1.081390E+02,+1.222217E-02
+4.824219E+02,-9.911693E-07,+2.028230E-06,-1.129276E+02,+2.025352E+00
+4.826660E+02,-2.432438E-06,-5.501293E-06,-1.044152E+02,-1.987109E+00
+4.829102E+02,+5.307765E-07,+8.569340E-06,-1.013244E+02,+1.508936E+00
+4.831543E+02,-3.883163E-06,-1.175434E-05,-9.814618E+01,-1.889868E+00
+4.833984E+02,+5.878191E-06,+1.097928E-05,-9.809395E+01,+1.079239E+00
+4.836426E+02,-4.275608E-06,-7.537925E-06,-1.012435E+02,-2.086759E+00
+4.838867E+02,+4.960803E-08,+1.956560E-06,-1.141673E+02,+1.545447E+00
+4.841309E+02,+1.619403E-06,-4.195616E-07,-1.155307E+02,-2.535100E-01
+4.843750E+02,+1.096567E-06,-2.414189E-06,-1.115300E+02,-1.144441E+00
+4.846191E+02,-4.959685E-06,+5.004707E-06,-1.030412E+02,+2.351676E+00
+4.848633E+02,+7.398183E-06,+6.162066E-07,-1.025875E+02,+8.309980E-02
+4.851074E+02,-7.618931E-06,-9.717312E-06,-9.816804E+01,-2.235740E+00
+4.853516E+02,+2.876299E-06,+1.283039E-05,-9.762225E+01,+1.350264E+00
+4.855957E+02,+1.633747E-06,-4.184888E-06,-1.069503E+02,-1.198600E+00
+4.858398E+02,-3.722092E-07,-1.028777E-06,-1.192193E+02,-1.917942E+00
+4.860840E+02,-4.513208E-06,-4.470350E-08,-1.069099E+02,-3.131688E+00
+4.863281E+02,+4.995945E-06,-4.772620E-06,-1.032114E+02,-7.625405E-01
+4.865723E+02,-3.038927E-06,+8.753590E-06,-1.006621E+02,+1.904942E+00
+4.868164E+02,-3.841656E-07,-5.343290E-06,-1.054214E+02,-1.642570E+00
+4.870605E+02,+2.673134E-06,-6.433909E-09,-1.114596E+02,-2.406874E-03
+4.873047E+02,-4.924691E-06,+4.891887E-07,-1.061098E+02,+3.042583E+00
+4.875488E+02,+5.639381E-06,+4.264961E-06,-1.030109E+02,+6.475093E-01
+4.877930E+02,-1.970811E-06,-1.181725E-05,-9.843053E+01,-1.736050E+00
+4.880371E+02,-6.176373E-06,+1.291835E-05,-9.688179E+01,+2.016778E+00
+4.882812E+02,+9.355238E-06,-4.297284E-06,-9.974747E+01,-4.305982E-01
+4.885254E+02,-2.073241E-06,-3.209394E-06,-1.083569E+02,-2.144348E+00
+4.887695E+02,-8.694514E-06,+8.410505E-06,-9.834663E+01,+2.372797E+00
+4.890137E+02,+9.308545E-06,-1.036798E-05,-9.711876E+01,-8.391887E-01
+4.892578E+02,+1.921803E-06,+2.390528E-06,-1.102651E+02,+8.936673E-01
+4.895020E+02,-8.706869E-06,+3.858958E-06,-1.004239E+02,+2.724401E+00
+4.897461E+02,+4.301506E-06,-3.002239E-06,-1.056041E+02,-6.093493E-01
+4.899902E+02,-8.797177E-08,+5.144773E-06,-1.057714E+02,+1.587894E+00
+4.902344E+02,-6.389866E-06,-1.709154E-08,-1.038901E+02,-3.138918E+00
+4.904785E+02,+7.909138E-06,-7.229648E-06,-9.939973E+01,-7.405442E-01
+4.907227E+02,-2.224796E-06,+6.979027E-06,-1.027038E+02,+1.879395E+00
+4.909668E+02,+1.932324E-06,-9.284438E-06,-1.004607E+02,-1.365601E+00
+4.912109E+02,-1.418093E-06,+1.134770E-05,-9.883454E+01,+1.695119E+00
+4.914551E+02,-1.799722E-06,-4.698620E-06,-1.059660E+02,-1.936590E+00
+4.916992E+02,-3.420093E-06,-2.471932E-06,-1.074940E+02,-2.515749E+00
+4.919434E+02,+8.318522E-06,+3.862726E-06,-1.007511E+02,+4.347251E-01
+4.921875E+02,-6.244813E-06,+5.087814E-06,-1.018787E+02,+2.457937E+00
+4.924316E+02,+4.568510E-06,-1.145581E-05,-9.817851E+01,-1.191330E+00
+4.926758E+02,-9.873045E-07,+1.198390E-05,-9.839866E+01,+1.652997E+00
+4.929199E+02,-5.253975E-06,-8.257192E-06,-1.001870E+02,-2.137474E+00
+4.931641E+02,+5.334222E-06,-1.450671E-06,-1.051487E+02,-2.655335E-01
+4.934082E+02,+9.534090E-07,+4.296835E-06,-1.071283E+02,+1.352447E+00
+4.936523E+02,-3.679290E-06,-5.779459E-07,-1.085789E+02,-2.985785E+00
+4.938965E+02,+1.215219E-06,+1.154927E-06,-1.155120E+02,+7.599659E-01
+4.941406E+02,+1.344018E-06,+6.277282E-08,-1.174224E+02,+4.667142E-02
+4.943848E+02,-1.567059E-06,-1.289570E-06,-1.138524E+02,-2.453029E+00
+4.946289E+02,+2.024219E-06,-3.081808E-06,-1.086662E+02,-9.896358E-01
+4.948730E+02,-2.205523E-06,+3.159163E-06,-1.082843E+02,+2.180270E+00
+4.951172E+02,-1.629678E-06,-2.782099E-07,-1.156332E+02,-2.972508E+00
+4.953613E+02,+6.601698E-06,-6.042649E-07,-1.035706E+02,-9.127739E-02
+4.956055E+02,-4.184495E-06,+4.391009E-06,-1.043426E+02,+2.332117E+00
+4.958496E+02,+1.666825E-06,-6.138016E-06,-1.039304E+02,-1.305633E+00
+4.960938E+02,-6.779213E-06,+3.838815E-06,-1.021685E+02,+2.626349E+00
+4.963379E+02,+3.920375E-06,+2.125148E-06,-1.070146E+02,+4.967405E-01
+4.965820E+02,+3.347969E-06,-1.307626E-06,-1.088878E+02,-3.723531E-01
+4.968262E+02,-1.137001E-06,-4.056121E-06,-1.075093E+02,-1.844099E+00
+4.970703E+02,+1.145527E-07,+5.454332E-06,-1.052633E+02,+1.549797E+00
+4.973145E+02,-6.738845E-06,-4.158162E-06,-1.020272E+02,-2.588735E+00
+4.975586E+02,+9.084832E-06,+1.776444E-06,-1.006707E+02,+1.931031E-01
+4.978027E+02,-3.741893E-06,-1.505627E-06,-1.078865E+02,-2.759044E+00
+4.980469E+02,+3.218731E-06,-2.671433E-07,-1.098165E+02,-8.280668E-02
+4.982910E+02,-4.989003E-06,+3.567728E-06,-1.042459E+02,+2.520792E+00
+4.985352E+02,+3.978715E-07,+6.509706E-07,-1.223503E+02,+1.022184E+00
+4.987793E+02,+1.824474E-06,-4.793007E-07,-1.144874E+02,-2.569013E-01
+4.990234E+02,+2.909206E-06,-6.802530E-06,-1.026171E+02,-1.166670E+00
+4.992676E+02,-1.669642E-06,+3.738159E-06,-1.077569E+02,+1.990859E+00
+4.995117E+02,-7.380410E-07,+3.408829E-06,-1.091489E+02,+1.784014E+00
+4.997559E+02,-1.428997E-06,-6.662219E-06,-1.033323E+02,-1.782087E+00
+5.000000E+02,-4.092531E-06,+8.803685E-06,-1.002570E+02,+2.005944E+00
+5.002441E+02,+6.516524E-06,-4.727468E-06,-1.018833E+02,-6.276087E-01
+5.004883E+02,+6.632192E-08,+7.478790E-07,-1.224894E+02,+1.482348E+00
+5.007324E+02,+4.581041E-06,+2.490027E-07,-1.067679E+02,+5.430162E-02
+5.009766E+02,-1.035948E-05,-2.901100E-06,-9.936534E+01,-2.868544E+00
+5.012207E+02,+2.491894E-06,+7.549560E-06,-1.019925E+02,+1.251984E+00
+5.014648E+02,+5.303479E-06,-7.008281E-06,-1.011214E+02,-9.229926E-01
+5.017090E+02,-1.352297E-06,-1.889007E-06,-1.126784E+02,-2.192099E+00
+5.019531E+02,-3.021646E-06,+3.068377E-06,-1.073177E+02,+2.348521E+00
+5.021973E+02,+1.016878E-06,+6.086390E-06,-1.041932E+02,+1.405251E+00
+5.024414E+02,-6.916225E-07,-7.290157E-06,-1.027063E+02,-1.665384E+00
+5.026855E+02,+5.083168E-06,+1.052890E-06,-1.056949E+02,+2.042443E-01
+5.029297E+02,-5.502634E-06,+5.912344E-07,-1.051387E+02,+3.034558E+00
+5.031738E+02,+7.159670E-06,+1.707981E-06,-1.026618E+02,+2.341791E-01
+5.034180E+02,-1.095928E-05,-1.298932E-06,-9.914377E+01,-3.023620E+00
+5.036621E+02,+7.826370E-06,+1.243584E-06,-1.020205E+02,+1.575792E-01
+5.039062E+02,-2.189776E-06,-4.751030E-06,-1.056277E+02,-2.002682E+00
+5.041504E+02,+1.755622E-06,+5.155175E-06,-1.052786E+02,+1.242560E+00
+5.043945E+02,-1.118545E-05,-3.542859E-06,-9.861172E+01,-2.834851E+00
+5.046387E+02,+1.162040E-05,-3.748852E-06,-9.826559E+01,-3.120683E-01
+5.048828E+02,-2.064653E-06,+1.452731E-05,-9.666945E+01,+1.711973E+00
+5.051270E+02,+2.490275E-06,-8.380730E-06,-1.011669E+02,-1.281963E+00
+5.053711E+02,-3.948243E-06,-2.232734E-06,-1.068669E+02,-2.626927E+00
+5.056152E+02,+3.377117E-06,-3.399575E-07,-1.093853E+02,-1.003270E-01
+5.058594E+02,-6.750826E-06,+6.875769E-06,-1.003222E+02,+2.347026E+00
+5.061035E+02,+8.674055E-06,-5.076949E-06,-9.995616E+01,-5.295427E-01
+5.063477E+02,-5.911548E-06,-3.726971E-07,-1.045488E+02,-3.078630E+00
+5.065918E+02,+7.481718E-07,+6.237898E-06,-1.040372E+02,+1.451427E+00
+5.068359E+02,+3.744794E-06,-5.508873E-06,-1.035290E+02,-9.737735E-01
+5.070801E+02,+2.380356E-06,-4.282630E-06,-1.061966E+02,-1.063498E+00
+5.073242E+02,-3.108070E-06,+1.092978E-05,-9.889006E+01,+1.847850E+00
+5.075684E+02,-2.570735E-06,-5.942394E-06,-1.037757E+02,-1.979095E+00
+5.078125E+02,+9.687678E-07,-1.689113E-06,-1.142118E+02,-1.050063E+00
+5.080566E+02,+3.560328E-06,+1.320213E-06,-1.084107E+02,+3.550943E-01
+5.083008E+02,-2.959370E-07,+3.862756E-06,-1.082366E+02,+1.647260E+00
+5.085449E+02,-6.200376E-06,-2.111235E-06,-1.036752E+02,-2.813405E+00
+5.087891E+02,+7.502641E-06,-3.381338E-06,-1.016926E+02,-4.234245E-01
+5.090332E+02,+3.321816E-06,-1.456443E-06,-1.088089E+02,-4.132057E-01
+5.092773E+02,-1.172787E-05,+8.397781E-06,-9.681800E+01,+2.520174E+00
+5.095215E+02,+8.616837E-06,-9.063992E-06,-9.805747E+01,-8.106831E-01
+5.097656E+02,-4.646245E-06,+5.625502E-06,-1.027381E+02,+2.261147E+00
+5.100098E+02,+6.781381E-06,-3.380930E-06,-1.024095E+02,-4.624954E-01
+5.102539E+02,-5.206152E-06,+3.292978E-07,-1.056523E+02,+3.078425E+00
+5.104980E+02,-4.091474E-07,+5.453495E-07,-1.233273E+02,+2.214456E+00
+5.107422E+02,+5.717234E-06,+4.374866E-07,-1.048309E+02,+7.637186E-02
+5.109863E+02,-5.680332E-06,-1.001423E-07,-1.049112E+02,-3.123965E+00
+5.112305E+02,+3.070498E-06,-1.481723E-06,-1.093466E+02,-4.496046E-01
+5.114746E+02,+3.776879E-06,-3.280819E-06,-1.060156E+02,-7.152272E-01
+5.117188E+02,-8.023339E-06,+2.053177E-06,-1.016374E+02,+2.891068E+00
+5.119629E+02,+5.642116E-06,+1.102997E-06,-1.048083E+02,+1.930587E-01
+5.122070E+02,-5.230849E-06,-4.637065E-06,-1.031101E+02,-2.416295E+00
+5.124512E+02,+5.027275E-06,+8.177082E-07,-1.058599E+02,+1.612423E-01
+5.126953E+02,-2.390853E-06,+3.347976E-06,-1.077147E+02,+2.190935E+00
+5.129395E+02,-2.238769E-06,-1.916229E-06,-1.106128E+02,-2.433666E+00
+5.131836E+02,+3.392594E-06,-3.304608E-06,-1.064917E+02,-7.722612E-01
+5.134277E+02,-9.664785E-06,+7.353149E-06,-9.831276E+01,+2.491204E+00
+5.136719E+02,+1.012632E-05,-8.570263E-06,-9.754508E+01,-7.023628E-01
+5.139160E+02,-3.307477E-06,-6.983660E-08,-1.096081E+02,-3.120481E+00
+5.141602E+02,-3.604710E-06,+6.984121E-06,-1.020921E+02,+2.047264E+00
+5.144043E+02,-1.218015E-06,+4.106840E-07,-1.178193E+02,+2.816389E+00
+5.146484E+02,+1.752965E-06,-7.539562E-06,-1.022244E+02,-1.342353E+00
+5.148926E+02,-6.342005E-07,+4.768722E-06,-1.063558E+02,+1.703012E+00
+5.151367E+02,-4.163050E-06,+1.750412E-06,-1.069048E+02,+2.743570E+00
+5.153809E+02,+6.698948E-06,+3.166982E-06,-1.026038E+02,+4.416176E-01
+5.156250E+02,-8.772533E-07,-5.017757E-06,-1.058591E+02,-1.743877E+00
+5.158691E+02,-2.120093E-06,+8.401811E-06,-1.012445E+02,+1.817974E+00
+5.161133E+02,-1.175535E-06,-5.068508E-06,-1.056749E+02,-1.798696E+00
+5.163574E+02,+1.621691E-06,+7.871861E-07,-1.148818E+02,+4.519082E-01
+5.166016E+02,+1.688856E-06,+2.145234E-06,-1.112759E+02,+9.038723E-01
+5.168457E+02,+1.304662E-06,+4.630329E-09,-1.176900E+02,+3.549049E-03
+5.170898E+02,-2.819974E-07,-1.432352E-06,-1.167139E+02,-1.765187E+00
+5.173340E+02,+6.771353E-07,+8.285468E-07,-1.194119E+02,+8.856213E-01
+5.175781E+02,+1.620995E-06,+1.696050E-07,-1.157571E+02,+1.042509E-01
+5.178223E+02,+3.821623E-06,-2.279676E-06,-1.070330E+02,-5.378571E-01
+5.180664E+02,-1.217599E-06,+3.409011E-06,-1.088260E+02,+1.913845E+00
+5.183105E+02,-7.463611E-06,-6.805785E-06,-9.991296E+01,-2.402262E+00
+5.185547E+02,+4.003829E-06,+4.882947E-06,-1.039931E+02,+8.840016E-01
+5.187988E+02,+1.902475E-06,-2.210386E-06,-1.107031E+02,-8.601243E-01
+5.190430E+02,+2.750063E-06,+6.912071E-06,-1.025696E+02,+1.192133E+00
+5.192871E+02,+2.137846E-06,-1.663313E-05,-9.550935E+01,-1.442968E+00
+5.195312E+02,-8.033013E-06,+1.181943E-05,-9.689884E+01,+2.167730E+00
+5.197754E+02,+7.584625E-06,-3.239921E-06,-1.016734E+02,-4.037068E-01
+5.200195E+02,-6.574731E-06,+3.985304E-07,-1.036265E+02,+3.081051E+00
+5.202637E+02,+2.497037E-06,-2.454696E-06,-1.091148E+02,-7.768476E-01
+5.205078E+02,-2.913649E-07,+3.110600E-06,-1.101052E+02,+1.664192E+00
+5.207520E+02,+9.361147E-06,-6.423322E-06,-9.889780E+01,-6.013825E-01
+5.209961E+02,-7.171473E-06,+7.674690E-06,-9.957303E+01,+2.322312E+00
+5.212402E+02,+7.211700E-06,-9.349726E-06,-9.855656E+01,-9.137848E-01
+5.214844E+02,+1.302303E-06,-5.260953E-06,-1.053204E+02,-1.328133E+00
+5.217285E+02,-5.360681E-06,-8.613513E-06,-9.987460E+01,-2.127493E+00
+5.219727E+02,-7.180239E-06,-1.173309E-05,-9.723030E+01,-2.119967E+00
+5.222168E+02,-1.098399E-05,+6.980401E-06,-9.771153E+01,+2.575474E+00
+5.224609E+02,-1.752289E-05,+6.727681E-06,-9.453072E+01,+2.775010E+00
+5.227051E+02,+3.168922E-06,+8.536681E-06,-1.008136E+02,+1.215350E+00
+5.229492E+02,+3.450304E-06,+1.326864E-05,-9.725931E+01,+1.316396E+00
+5.231934E+02,-5.036877E-06,-4.597648E-06,-1.033247E+02,-2.401752E+00
+5.234375E+02,+6.057181E-06,+1.659043E-05,-9.505940E+01,+1.220732E+00
+5.236816E+02,+2.880046E-06,-1.620627E-06,-1.096173E+02,-5.125480E-01
+5.239258E+02,+5.804362E-06,+4.665695E-06,-1.025603E+02,+6.770693E-01
+5.241699E+02,+5.846938E-06,-5.640222E-06,-1.018046E+02,-7.674047E-01
+5.244141E+02,+6.705639E-06,+7.915605E-08,-1.034706E+02,+1.180385E-02
+5.246582E+02,-1.649701E-06,+3.599927E-06,-1.080463E+02,+2.000498E+00
+5.249023E+02,+9.097022E-06,-6.938667E-06,-9.883057E+01,-6.516052E-01
+5.251465E+02,-1.006901E-05,-2.675956E-06,-9.964387E+01,-2.881835E+00
+5.253906E+02,+4.272654E-06,-1.102424E-06,-1.071061E+02,-2.525111E-01
+5.256348E+02,+9.655340E-06,+1.246384E-06,-1.002329E+02,+1.283776E-01
+5.258789E+02,-1.083940E-05,-5.987954E-06,-9.814322E+01,-2.636890E+00
+5.261230E+02,+2.958857E-06,+6.741882E-07,-1.103577E+02,+2.240295E-01
+5.263672E+02,-5.876754E-06,+1.886550E-06,-1.041913E+02,+2.830966E+00
+5.266113E+02,+6.209795E-06,-7.005978E-06,-1.005727E+02,-8.455704E-01
+5.268555E+02,-4.654147E-06,+1.792128E-06,-1.060427E+02,+2.774031E+00
+5.270996E+02,+4.267140E-07,+4.713769E-07,-1.239332E+02,+8.350881E-01
+5.273438E+02,-2.003107E-07,-3.024995E-06,-1.103665E+02,-1.636918E+00
+5.275879E+02,-1.368924E-06,+5.388738E-06,-1.050987E+02,+1.819568E+00
+5.278320E+02,-2.654680E-06,-2.314087E-06,-1.090650E+02,-2.424634E+00
+5.280762E+02,-1.912031E-06,-1.438729E-06,-1.124216E+02,-2.496518E+00
+5.283203E+02,+9.003296E-06,+4.263393E-06,-1.000333E+02,+4.422539E-01
+5.285645E+02,-9.220052E-06,-4.308341E-06,-9.984761E+01,-2.704462E+00
+5.288086E+02,+3.443509E-06,-6.777136E-07,-1.090949E+02,-1.943254E-01
+5.290527E+02,+3.791853E-06,+8.423281E-06,-1.006890E+02,+1.147807E+00
+5.292969E+02,-7.648859E-06,-5.761985E-06,-1.003760E+02,-2.495975E+00
+5.295410E+02,+3.858091E-06,-4.227676E-07,-1.082207E+02,-1.091440E-01
+5.297852E+02,-9.725239E-07,+6.773825E-06,-1.032947E+02,+1.713393E+00
+5.300293E+02,+5.112664E-06,-6.126787E-06,-1.019602E+02,-8.753834E-01
+5.302734E+02,-8.153561E-07,+4.272569E-06,-1.072309E+02,+1.759364E+00
+5.305176E+02,-4.295187E-06,-8.739564E-06,-1.002306E+02,-2.027592E+00
+5.307617E+02,+3.902396E-06,+4.721185E-06,-1.042576E+02,+8.800620E-01
+5.310059E+02,-2.692060E-06,+1.473774E-06,-1.102599E+02,+2.640707E+00
+5.312500E+02,-3.006875E-06,-3.232583E-06,-1.071017E+02,-2.320036E+00
+5.314941E+02,+2.327374E-06,+3.772498E-06,-1.070667E+02,+1.018020E+00
+5.317383E+02,+2.061348E-06,-4.141859E-06,-1.066950E+02,-1.109001E+00
+5.319824E+02,-3.391587E-06,+1.219382E-06,-1.088640E+02,+2.796452E+00
+5.322266E+02,-2.288299E-06,-8.861156E-07,-1.122029E+02,-2.772136E+00
+5.324707E+02,+6.655941E-06,-1.550228E-06,-1.033064E+02,-2.288295E-01
+5.327148E+02,-6.230050E-06,+4.180228E-06,-1.024958E+02,+2.550611E+00
+5.329590E+02,-4.306190E-07,-6.271820E-07,-1.223748E+02,-2.172468E+00
+5.332031E+02,+5.069347E-06,-4.243925E-06,-1.035943E+02,-6.970005E-01
+5.334473E+02,-1.188614E-05,+8.108988E-06,-9.683954E+01,+2.542898E+00
+5.336914E+02,+5.909537E-06,-6.179685E-06,-1.013602E+02,-8.077406E-01
+5.339355E+02,+7.170672E-06,+3.915762E-06,-1.017554E+02,+4.998288E-01
+5.341797E+02,-1.322027E-05,+6.936687E-07,-9.756326E+01,+3.089171E+00
+5.344238E+02,+2.210875E-06,-8.799304E-07,-1.124701E+02,-3.787818E-01
+5.346680E+02,+6.443749E-06,+4.147020E-07,-1.037993E+02,+6.426862E-02
+5.349121E+02,-1.059210E-06,+3.885466E-06,-1.078998E+02,+1.836938E+00
+5.351562E+02,-2.089523E-06,+1.310255E-06,-1.121589E+02,+2.581514E+00
+5.354004E+02,+6.977416E-07,-1.607402E-06,-1.151278E+02,-1.161260E+00
+5.356445E+02,+3.204876E-06,-2.164157E-06,-1.082522E+02,-5.939353E-01
+5.358887E+02,-4.772723E-07,+5.982228E-06,-1.044352E+02,+1.650409E+00
+5.361328E+02,-4.662547E-06,-3.546107E-06,-1.046453E+02,-2.491373E+00
+5.363770E+02,+6.215447E-06,+1.013852E-06,-1.040165E+02,+1.616940E-01
+5.366211E+02,-4.268082E-06,+2.145891E-06,-1.064166E+02,+2.675726E+00
+5.368652E+02,+8.876380E-06,-8.434578E-07,-1.009962E+02,-9.473827E-02
+5.371094E+02,-6.649134E-06,+2.245034E-06,-1.030758E+02,+2.815968E+00
+5.373535E+02,-1.141348E-07,-5.484898E-06,-1.052148E+02,-1.591602E+00
+5.375977E+02,+3.160198E-06,+3.329463E-06,-1.067629E+02,+8.114744E-01
+5.378418E+02,-6.884231E-07,+5.030498E-06,-1.058872E+02,+1.706801E+00
+5.380859E+02,+2.558080E-06,-9.147041E-06,-1.004473E+02,-1.298101E+00
+5.383301E+02,-3.660028E-07,+5.439815E-06,-1.052687E+02,+1.637977E+00
+5.385742E+02,-2.341488E-06,+6.163505E-07,-1.123192E+02,+2.884201E+00
+5.388184E+02,+5.428462E-06,-3.941972E-06,-1.034672E+02,-6.280729E-01
+5.390625E+02,+1.597621E-06,+1.188375E-06,-1.140180E+02,+6.395472E-01
+5.393066E+02,-2.671188E-06,+3.016321E-06,-1.078959E+02,+2.295586E+00
+5.395508E+02,-6.320016E-07,-3.808400E-06,-1.082672E+02,-1.735247E+00
+5.397949E+02,+3.642200E-06,-2.006959E-06,-1.076212E+02,-5.036331E-01
+5.400391E+02,-1.316031E-06,+5.866942E-06,-1.044186E+02,+1.791457E+00
+5.402832E+02,-1.009076E-07,-2.568446E-06,-1.117999E+02,-1.610064E+00
+5.405273E+02,+4.974368E-06,-1.448443E-06,-1.057118E+02,-2.833467E-01
+5.407715E+02,-8.931699E-06,+3.902162E-07,-1.009730E+02,+3.097932E+00
+5.410156E+02,+6.193643E-06,-3.471284E-06,-1.029747E+02,-5.108379E-01
+5.412598E+02,+5.778741E-07,+5.313117E-06,-1.054419E+02,+1.462458E+00
+5.415039E+02,-1.307243E-06,-6.584251E-06,-1.034620E+02,-1.766788E+00
+5.417480E+02,-2.610757E-06,+1.746693E-06,-1.100582E+02,+2.551951E+00
+5.419922E+02,+8.505741E-06,+9.747864E-09,-1.014058E+02,+1.146033E-03
+5.422363E+02,-1.312355E-05,-1.054451E-06,-9.761102E+01,-3.061417E+00
+5.424805E+02,+1.259106E-05,-3.629159E-06,-9.765216E+01,-2.806268E-01
+5.427246E+02,+8.612332E-07,+5.521345E-06,-1.050547E+02,+1.416061E+00
+5.429688E+02,-5.867617E-06,-2.595182E-06,-1.038548E+02,-2.725170E+00
+5.432129E+02,+3.935270E-06,-3.972647E-06,-1.050490E+02,-7.901247E-01
+5.434570E+02,-5.311499E-06,+1.087409E-06,-1.053173E+02,+2.939656E+00
+5.437012E+02,+2.732461E-06,-2.946166E-06,-1.079193E+02,-8.230136E-01
+5.439453E+02,-3.262609E-06,+5.567063E-06,-1.038052E+02,+2.100900E+00
+5.441895E+02,-9.180396E-08,-5.830970E-06,-1.046841E+02,-1.586539E+00
+5.444336E+02,+3.649364E-06,+3.485322E-06,-1.059405E+02,+7.624100E-01
+5.446777E+02,+2.723455E-07,-4.666097E-06,-1.066062E+02,-1.512496E+00
+5.449219E+02,-5.966537E-06,+9.956274E-07,-1.043663E+02,+2.976248E+00
+5.451660E+02,+7.612616E-07,+2.962872E-06,-1.102881E+02,+1.319303E+00
+5.454102E+02,+2.925012E-06,+6.644720E-07,-1.104589E+02,+2.233780E-01
+5.456543E+02,-1.964889E-06,-5.926077E-06,-1.040917E+02,-1.890956E+00
+5.458984E+02,+5.695042E-08,+2.812001E-06,-1.110179E+02,+1.550546E+00
+5.461426E+02,-6.551018E-07,-4.819687E-07,-1.217950E+02,-2.507296E+00
+5.463867E+02,+2.836292E-06,-6.532008E-06,-1.029489E+02,-1.161147E+00
+5.466309E+02,-8.603897E-06,+1.123660E-05,-9.698344E+01,+2.224272E+00
+5.468750E+02,+5.163996E-06,-8.044851E-06,-1.003912E+02,-1.000136E+00
+5.471191E+02,-5.832223E-06,+4.746732E-06,-1.024760E+02,+2.458445E+00
+5.473633E+02,+7.460073E-06,-4.484948E-06,-1.012052E+02,-5.412967E-01
+5.476074E+02,-7.660708E-06,+2.888937E-06,-1.017372E+02,+2.780972E+00
+5.478516E+02,-1.299306E-06,+6.431923E-07,-1.167739E+02,+2.681931E+00
+5.480957E+02,+8.057925E-06,+1.583188E-06,-1.017110E+02,+1.940048E-01
+5.483398E+02,-6.971393E-06,-3.345134E-06,-1.022337E+02,-2.694205E+00
+5.485840E+02,+4.818643E-06,+6.992229E-07,-1.062510E+02,+1.441020E-01
+5.488281E+02,-5.157329E-06,+2.140182E-06,-1.050615E+02,+2.748241E+00
+5.490723E+02,+4.260747E-06,-8.748609E-08,-1.074085E+02,-2.053015E-02
+5.493164E+02,-4.673964E-06,+1.690200E-06,-1.060725E+02,+2.794604E+00
+5.495605E+02,-1.722957E-06,-5.425932E-06,-1.048933E+02,-1.878267E+00
+5.498047E+02,+5.429655E-06,+5.243283E-06,-1.024433E+02,+7.679378E-01
+5.500488E+02,-4.212734E-06,-1.094685E-06,-1.072250E+02,-2.887364E+00
+5.502930E+02,+1.655251E-07,+2.397860E-06,-1.123829E+02,+1.501875E+00
+5.505371E+02,-1.135776E-06,-2.333648E-06,-1.117160E+02,-2.023744E+00
+5.507812E+02,+3.047997E-06,+3.175063E-06,-1.071284E+02,+8.058138E-01
+5.510254E+02,-9.394880E-07,-5.497538E-06,-1.050716E+02,-1.740054E+00
+5.512695E+02,-2.560761E-07,+1.039033E-05,-9.966477E+01,+1.595437E+00
+5.515137E+02,-2.934399E-06,-1.115118E-05,-9.876281E+01,-1.828110E+00
+5.517578E+02,+4.951940E-06,+9.031510E-06,-9.974326E+01,+1.069262E+00
+5.520020E+02,-1.438218E-06,-2.687574E-08,-1.168420E+02,-3.122908E+00
+5.522461E+02,+3.154624E-07,-3.504674E-06,-1.090720E+02,-1.481026E+00
+5.524902E+02,-2.869021E-06,-3.237539E-06,-1.072786E+02,-2.295920E+00
+5.527344E+02,+3.697396E-06,+4.833155E-06,-1.043145E+02,+9.177599E-01
+5.529785E+02,-4.517035E-06,+8.579647E-08,-1.069014E+02,+3.122601E+00
+5.532227E+02,+4.284678E-06,+4.520874E-06,-1.041120E+02,+8.122153E-01
+5.534668E+02,+2.736488E-07,-5.581914E-06,-1.050539E+02,-1.521811E+00
+5.537109E+02,+3.858914E-06,+1.415140E-06,-1.077227E+02,+3.514917E-01
+5.539551E+02,-4.036187E-06,-2.716530E-06,-1.062579E+02,-2.549188E+00
+5.541992E+02,-2.283307E-06,+2.634124E-06,-1.091535E+02,+2.284974E+00
+5.544434E+02,+1.858412E-06,+2.585388E-06,-1.099405E+02,+9.475552E-01
+5.546875E+02,+2.741846E-06,+1.166030E-07,-1.112313E+02,+4.250156E-02
+5.549316E+02,-2.650514E-06,-3.849266E-06,-1.066071E+02,-2.173814E+00
+5.551758E+02,-6.540890E-07,-1.986733E-06,-1.135903E+02,-1.888848E+00
+5.554199E+02,-2.418427E-07,+6.392898E-06,-1.038798E+02,+1.608608E+00
+5.556641E+02,+3.329655E-06,-2.175703E-06,-1.080079E+02,-5.787842E-01
+5.559082E+02,+2.579526E-06,-2.895454E-06,-1.082282E+02,-8.430382E-01
+5.561523E+02,-5.713969E-06,+1.898945E-06,-1.044063E+02,+2.820742E+00
+5.563965E+02,+3.648189E-06,-1.120716E-06,-1.083668E+02,-2.980471E-01
+5.566406E+02,+2.610737E-07,+3.958851E-06,-1.080298E+02,+1.504945E+00
+5.568848E+02,-9.810370E-07,-4.743127E-06,-1.062968E+02,-1.774754E+00
+5.571289E+02,-1.520794E-06,-3.235694E-07,-1.161663E+02,-2.931955E+00
+5.573730E+02,+1.113694E-06,+5.920916E-06,-1.044012E+02,+1.384874E+00
+5.576172E+02,-2.269267E-06,-5.418626E-06,-1.046204E+02,-1.967395E+00
+5.578613E+02,+3.144755E-06,+3.226818E-06,-1.069247E+02,+7.982771E-01
+5.581055E+02,-1.180601E-06,-3.705594E-06,-1.082030E+02,-1.879228E+00
+5.583496E+02,-2.130984E-06,-2.240396E-06,-1.101952E+02,-2.331171E+00
+5.585938E+02,+5.937783E-07,+9.164757E-06,-1.007394E+02,+1.506097E+00
+5.588379E+02,+5.864557E-06,-6.467210E-06,-1.011794E+02,-8.342293E-01
+5.590820E+02,-6.728620E-06,+7.300368E-07,-1.033907E+02,+3.033518E+00
+5.593262E+02,+2.747373E-06,+8.518311E-07,-1.108230E+02,+3.006540E-01
+5.595703E+02,+1.008278E-06,-2.570927E-07,-1.196548E+02,-2.496620E-01
+5.598145E+02,-2.838046E-06,-7.773814E-07,-1.106254E+02,-2.874236E+00
+5.600586E+02,+3.262125E-06,-1.667154E-06,-1.087222E+02,-4.724595E-01
+5.603027E+02,-4.628848E-06,+9.815391E-06,-9.928972E+01,+2.011459E+00
+5.605469E+02,+5.987541E-06,-1.471919E-05,-9.597729E+01,-1.184455E+00
+5.607910E+02,-6.120493E-06,+9.907240E-06,-9.867696E+01,+2.124187E+00
+5.610352E+02,-1.350802E-06,+1.447240E-06,-1.140681E+02,+2.321742E+00
+5.612793E+02,+1.115168E-05,-5.770817E-06,-9.802272E+01,-4.775368E-01
+5.615234E+02,-9.454663E-06,-1.492285E-06,-1.003802E+02,-2.985048E+00
+5.617676E+02,+1.059783E-06,+8.718799E-06,-1.011272E+02,+1.449838E+00
+5.620117E+02,+4.839649E-06,-3.224482E-06,-1.047083E+02,-5.877236E-01
+5.622559E+02,-5.562383E-06,-5.070131E-06,-1.024683E+02,-2.402458E+00
+5.625000E+02,-1.135805E-06,+5.365406E-06,-1.052176E+02,+1.779407E+00
+5.627441E+02,+2.506308E-06,+5.904534E-07,-1.117847E+02,+2.313680E-01
+5.629883E+02,+9.755412E-07,-6.485841E-06,-1.036635E+02,-1.421504E+00
+5.632324E+02,+2.401491E-06,+8.412174E-06,-1.011616E+02,+1.292715E+00
+5.634766E+02,-7.112876E-06,+1.623781E-06,-1.027385E+02,+2.917151E+00
+5.637207E+02,+1.648360E-05,-6.358232E-06,-9.505655E+01,-3.681450E-01
+5.639648E+02,-9.504718E-06,-2.006966E-06,-1.002518E+02,-2.933495E+00
+5.642090E+02,-4.595830E-06,-1.536736E-06,-1.062924E+02,-2.818904E+00
+5.644531E+02,+1.332475E-06,-2.928470E-06,-1.098500E+02,-1.143786E+00
+5.646973E+02,-5.046107E-06,+1.277888E-05,-9.724084E+01,+1.946880E+00
+5.649414E+02,+8.046820E-06,-3.184490E-06,-1.012556E+02,-3.768330E-01
+5.651855E+02,-5.956614E-07,-5.924780E-06,-1.045029E+02,-1.670997E+00
+5.654297E+02,+2.302644E-07,+2.188167E-06,-1.131506E+02,+1.465951E+00
+5.656738E+02,-3.500042E-06,+4.684925E-06,-1.046599E+02,+2.212430E+00
+5.659180E+02,+5.308183E-06,-2.336852E-06,-1.047317E+02,-4.147044E-01
+5.661621E+02,-4.442480E-06,-2.001910E-06,-1.062446E+02,-2.718216E+00
+5.664062E+02,-2.704581E-06,+1.892802E-07,-1.113368E+02,+3.071722E+00
+5.666504E+02,+6.799462E-06,+8.750357E-06,-9.910797E+01,+9.102070E-01
+5.668945E+02,-2.143540E-06,-1.281579E-05,-9.772527E+01,-1.736520E+00
+5.671387E+02,-3.374173E-06,+7.094607E-06,-1.020959E+02,+2.014731E+00
+5.673828E+02,+1.642763E-06,-3.978796E-06,-1.073214E+02,-1.179237E+00
+5.676270E+02,+2.946005E-06,+2.045877E-06,-1.089061E+02,+6.069970E-01
+5.678711E+02,+6.957317E-07,+2.911353E-06,-1.104769E+02,+1.336224E+00
+5.681152E+02,-2.110912E-06,+1.000151E-07,-1.135009E+02,+3.094248E+00
+5.683594E+02,+4.222009E-06,-2.831363E-06,-1.058767E+02,-5.907344E-01
+5.686035E+02,-7.025001E-06,+3.205481E-06,-1.022457E+02,+2.713515E+00
+5.688477E+02,+6.765474E-06,-7.006377E-06,-1.002291E+02,-8.028888E-01
+5.690918E+02,-5.000977E-06,+7.285601E-06,-1.010741E+02,+2.172349E+00
+5.693359E+02,+7.253815E-06,-5.510904E-06,-1.008099E+02,-6.496961E-01
+5.695801E+02,-6.368723E-06,+5.370448E-06,-1.015863E+02,+2.441028E+00
+5.698242E+02,+3.032612E-06,-5.781115E-06,-1.037041E+02,-1.087685E+00
+5.700684E+02,+1.830283E-06,+2.377332E-06,-1.104568E+02,+9.146869E-01
+5.703125E+02,-5.512743E-06,-2.268399E-06,-1.044933E+02,-2.751227E+00
+5.705566E+02,+3.361658E-06,+1.294441E-06,-1.088685E+02,+3.675614E-01
+5.708008E+02,-6.174577E-07,+6.279360E-06,-1.039999E+02,+1.668813E+00
+5.710449E+02,-6.542021E-07,-1.255896E-05,-9.800916E+01,-1.622840E+00
+5.712891E+02,+2.477348E-06,+5.338552E-06,-1.046046E+02,+1.136321E+00
+5.715332E+02,-1.109608E-06,+9.874796E-07,-1.165633E+02,+2.414366E+00
+5.717773E+02,-3.880737E-06,+1.307311E-06,-1.077549E+02,+2.816661E+00
+5.720215E+02,+2.049822E-06,+8.212220E-07,-1.131192E+02,+3.810501E-01
+5.722656E+02,+1.749902E-06,-4.149443E-06,-1.069293E+02,-1.171707E+00
+5.725098E+02,-1.341670E-06,+1.093459E-05,-9.915905E+01,+1.692886E+00
+5.727539E+02,+7.394072E-06,-6.538849E-06,-1.001131E+02,-7.240937E-01
+5.729980E+02,+1.304571E-06,-2.275268E-06,-1.116249E+02,-1.050188E+00
+5.732422E+02,+1.645042E-06,-1.634443E-06,-1.126941E+02,-7.821664E-01
+5.734863E+02,+2.941790E-06,-1.324576E-05,-9.734937E+01,-1.352250E+00
+5.737305E+02,-4.515530E-06,-3.542139E-06,-1.048232E+02,-2.476415E+00
+5.739746E+02,-1.534620E-05,+2.826328E-06,-9.613511E+01,+2.959462E+00
+5.742188E+02,-8.756211E-06,-1.140538E-05,-9.684547E+01,-2.225546E+00
+5.744629E+02,-1.620087E-05,+1.967710E-05,-9.187316E+01,+2.259606E+00
+5.747070E+02,+5.879851E-06,+2.950714E-05,-9.043235E+01,+1.374104E+00
+5.749512E+02,+3.884501E-05,+7.521545E-06,-8.805344E+01,+1.912628E-01
+5.751953E+02,-5.586363E-06,-5.110362E-05,-8.577938E+01,-1.679678E+00
+5.754395E+02,-1.268663E-05,+3.571073E-05,-8.842783E+01,+1.912150E+00
+5.756836E+02,-3.539219E-06,-1.064740E-05,-9.899998E+01,-1.891709E+00
+5.759277E+02,+1.153512E-05,-4.347456E-06,-9.818272E+01,-3.604254E-01
+5.761719E+02,-1.542174E-06,+3.124443E-06,-1.091577E+02,+2.029298E+00
+5.764160E+02,+5.197673E-06,+1.742471E-06,-1.052213E+02,+3.234661E-01
+5.766602E+02,-1.229591E-05,-6.283542E-06,-9.719712E+01,-2.669162E+00
+5.769043E+02,+1.584094E-05,+1.680527E-06,-9.595577E+01,+1.056923E-01
+5.771484E+02,-1.167941E-05,+3.884705E-06,-9.819588E+01,+2.820492E+00
+5.773926E+02,+1.816136E-07,-2.975675E-06,-1.105121E+02,-1.509839E+00
+5.776367E+02,+5.258607E-06,-2.264785E-06,-1.048436E+02,-4.066731E-01
+5.778809E+02,-4.529855E-06,+2.292239E-06,-1.058882E+02,+2.673133E+00
+5.781250E+02,+2.619154E-06,-3.525887E-06,-1.071463E+02,-9.318963E-01
+5.783691E+02,+3.879929E-06,+4.205342E-06,-1.048494E+02,+8.256240E-01
+5.786133E+02,-5.686009E-06,-3.526609E-06,-1.034904E+02,-2.586434E+00
+5.788574E+02,+1.267716E-06,-2.278439E-06,-1.116759E+02,-1.063055E+00
+5.791016E+02,-1.142480E-06,+7.576803E-06,-1.023126E+02,+1.720455E+00
+5.793457E+02,+2.443536E-06,-4.222807E-06,-1.062337E+02,-1.046222E+00
+5.795898E+02,-6.694207E-07,+3.090913E-07,-1.226467E+02,+2.709027E+00
+5.798340E+02,-2.460390E-06,-4.921370E-06,-1.051894E+02,-2.034396E+00
+5.800781E+02,+2.926752E-06,+4.727642E-06,-1.050981E+02,+1.016471E+00
+5.803223E+02,-2.422080E-06,-1.192913E-06,-1.113730E+02,-2.683950E+00
+5.805664E+02,-2.184352E-07,+1.738050E-06,-1.151307E+02,+1.695819E+00
+5.808105E+02,+2.586290E-06,-5.934249E-07,-1.115236E+02,-2.255462E-01
+5.810547E+02,+6.668056E-08,-2.354214E-06,-1.125596E+02,-1.542480E+00
+5.812988E+02,-2.760557E-06,-5.870020E-07,-1.109880E+02,-2.932074E+00
+5.815430E+02,+5.428304E-06,+1.397175E-06,-1.050281E+02,+2.519189E-01
+5.817871E+02,-8.535497E-06,+9.369504E-07,-1.013234E+02,+3.032259E+00
+5.820312E+02,+4.620500E-06,+6.523986E-06,-1.019442E+02,+9.545664E-01
+5.822754E+02,+8.788348E-07,-1.339585E-05,-9.744194E+01,-1.505285E+00
+5.825195E+02,+2.528771E-06,+6.913976E-06,-1.026602E+02,+1.220162E+00
+5.827637E+02,-3.668836E-06,+5.430333E-07,-1.086153E+02,+2.994647E+00
+5.830078E+02,+6.264145E-06,-6.471455E-06,-1.009088E+02,-8.016747E-01
+5.832520E+02,-3.187656E-06,-2.340075E-06,-1.080584E+02,-2.508342E+00
+5.834961E+02,-8.002436E-06,-8.204781E-07,-1.018901E+02,-3.039421E+00
+5.837402E+02,+2.831000E-06,+4.082121E-06,-1.060769E+02,+9.644379E-01
+5.839844E+02,+4.210078E-06,-1.145002E-05,-9.827316E+01,-1.218448E+00
+5.842285E+02,-1.552185E-05,+2.197532E-06,-9.609494E+01,+3.000951E+00
+5.844727E+02,-1.025963E-05,+5.891681E-06,-9.853959E+01,+2.620316E+00
+5.847168E+02,-9.744581E-06,+1.841139E-05,-9.362575E+01,+2.057584E+00
+5.849609E+02,+4.879906E-05,+3.121990E-05,-8.474174E+01,+5.691460E-01
+5.852051E+02,-1.634221E-05,-6.275187E-05,-8.376247E+01,-1.825563E+00
+5.854492E+02,+5.811926E-07,+3.189686E-05,-8.992360E+01,+1.552577E+00
+5.856934E+02,-1.889339E-06,-8.323837E-06,-1.013754E+02,-1.793994E+00
+5.859375E+02,+7.296444E-06,-1.159133E-06,-1.026295E+02,-1.575463E-01
+5.861816E+02,-8.560289E-06,-1.042690E-06,-1.012863E+02,-3.020384E+00
+5.864258E+02,+8.837696E-06,+1.681342E-06,-1.009188E+02,+1.880000E-01
+5.866699E+02,-9.957224E-06,-3.884128E-06,-9.942209E+01,-2.769666E+00
+5.869141E+02,+7.073215E-06,-4.154848E-06,-1.017203E+02,-5.311077E-01
+5.871582E+02,-4.000019E-06,+8.891185E-06,-1.002203E+02,+1.993555E+00
+5.874023E+02,-1.601000E-06,-1.065593E-05,-9.935123E+01,-1.719926E+00
+5.876465E+02,-1.367020E-06,+3.968608E-06,-1.075403E+02,+1.902526E+00
+5.878906E+02,+1.005916E-05,+4.913365E-06,-9.901953E+01,+4.543625E-01
+5.881348E+02,-1.312241E-05,-4.825530E-06,-9.708890E+01,-2.789209E+00
+5.883789E+02,+3.980535E-06,+1.616997E-06,-1.073378E+02,+3.858621E-01
+5.886230E+02,-3.000012E-06,-6.250906E-07,-1.102730E+02,-2.936169E+00
+5.888672E+02,+4.637014E-06,+2.453340E-07,-1.066631E+02,+5.285848E-02
+5.891113E+02,-4.629325E-06,+2.043506E-07,-1.066812E+02,+3.097479E+00
+5.893555E+02,+1.973593E-06,+7.089078E-07,-1.135678E+02,+3.448440E-01
+5.895996E+02,-2.532073E-06,-3.799773E-06,-1.068090E+02,-2.158597E+00
+5.898438E+02,+1.606566E-06,+9.309037E-06,-1.004944E+02,+1.399898E+00
+5.900879E+02,-7.441100E-06,-2.418009E-07,-1.025627E+02,-3.109109E+00
+5.903320E+02,+1.131614E-05,-6.158354E-06,-9.779944E+01,-4.983868E-01
+5.905762E+02,-7.746237E-06,-4.517811E-07,-1.022034E+02,-3.083336E+00
+5.908203E+02,+8.235734E-06,+5.778913E-06,-9.994720E+01,+6.118578E-01
+5.910645E+02,-5.777398E-06,-6.909017E-06,-1.009091E+02,-2.267231E+00
+5.913086E+02,+1.936613E-07,+9.851577E-06,-1.001282E+02,+1.551141E+00
+5.915527E+02,+2.764468E-06,-2.698662E-06,-1.082608E+02,-7.733532E-01
+5.917969E+02,-5.086624E-06,-1.344076E-06,-1.055783E+02,-2.883260E+00
+5.920410E+02,+2.401177E-06,-3.062295E-06,-1.081978E+02,-9.058197E-01
+5.922852E+02,+5.458241E-06,+2.314502E-06,-1.045408E+02,+4.010556E-01
+5.925293E+02,-4.139762E-06,+5.082206E-06,-1.036687E+02,+2.254353E+00
+5.927734E+02,-2.325981E-06,-3.761847E-06,-1.070859E+02,-2.124569E+00
+5.930176E+02,-2.114260E-06,-4.546631E-06,-1.059960E+02,-2.006068E+00
+5.932617E+02,+5.428504E-06,+8.676869E-06,-9.979819E+01,+1.011744E+00
+5.935059E+02,+1.374235E-07,-2.998462E-06,-1.104529E+02,-1.524997E+00
+5.937500E+02,+2.957518E-07,+1.540639E-07,-1.295388E+02,+4.802456E-01
+5.939941E+02,-3.028202E-06,-6.118385E-06,-1.033157E+02,-2.030384E+00
+5.942383E+02,+7.256086E-06,+1.221750E-05,-9.694824E+01,+1.034868E+00
+5.944824E+02,-1.353639E-05,-7.299766E-06,-9.626132E+01,-2.647025E+00
+5.947266E+02,+1.094368E-05,+2.804669E-06,-9.894047E+01,+2.508824E-01
+5.949707E+02,-1.008896E-05,-1.412376E-06,-9.983879E+01,-3.002504E+00
+5.952148E+02,+1.242239E-05,+1.329779E-06,-9.806641E+01,+1.066409E-01
+5.954590E+02,-3.398854E-06,+5.322240E-07,-1.092682E+02,+2.986265E+00
+5.957031E+02,-8.025111E-07,+3.389960E-06,-1.091593E+02,+1.803249E+00
+5.959473E+02,-9.391425E-07,-8.572361E-06,-1.012862E+02,-1.679916E+00
+5.961914E+02,+4.543218E-06,+7.757248E-06,-1.009250E+02,+1.040977E+00
+5.964355E+02,-1.305750E-06,-4.600789E-06,-1.064069E+02,-1.847335E+00
+5.966797E+02,-1.646754E-06,+1.004867E-06,-1.142928E+02,+2.593699E+00
+5.969238E+02,+2.314653E-06,+3.900386E-06,-1.068675E+02,+1.035213E+00
+5.971680E+02,-5.579178E-07,-2.931433E-06,-1.105039E+02,-1.758870E+00
+5.974121E+02,-2.030585E-06,-3.172704E-06,-1.084804E+02,-2.140122E+00
+5.976562E+02,+3.647740E-06,+2.917014E-06,-1.066125E+02,+6.745440E-01
+5.979004E+02,-1.275715E-06,+2.428754E-07,-1.177303E+02,+2.953460E+00
+5.981445E+02,-6.918339E-07,+7.518366E-08,-1.231490E+02,+3.033345E+00
+5.983887E+02,+3.612388E-08,-1.905113E-06,-1.144000E+02,-1.551837E+00
+5.986328E+02,+5.757212E-06,+4.781089E-07,-1.047659E+02,+8.285508E-02
+5.988770E+02,-6.761318E-06,+6.498231E-07,-1.033594E+02,+3.045778E+00
+5.991211E+02,+2.080870E-06,+1.023811E-06,-1.126936E+02,+4.572362E-01
+5.993652E+02,+2.189390E-06,-4.983939E-06,-1.052822E+02,-1.156885E+00
+5.996094E+02,-2.198683E-06,+6.762788E-06,-1.029611E+02,+1.885132E+00
+5.998535E+02,-3.587075E-07,-8.187141E-06,-1.017290E+02,-1.614582E+00
+6.000977E+02,-3.116209E-07,+3.322956E-06,-1.095315E+02,+1.664301E+00
+6.003418E+02,+2.905657E-08,+7.463892E-06,-1.025406E+02,+1.566903E+00
+6.005859E+02,+4.359700E-06,-9.257128E-06,-9.980048E+01,-1.130653E+00
+6.008301E+02,-6.780940E-06,+5.469116E-06,-1.011980E+02,+2.462875E+00
+6.010742E+02,+8.385700E-06,-5.324571E-06,-1.000581E+02,-5.657284E-01
+6.013184E+02,-3.527721E-06,+3.536126E-07,-1.090067E+02,+3.041688E+00
+6.015625E+02,+1.078416E-06,+5.414326E-06,-1.051601E+02,+1.374191E+00
+6.018066E+02,-1.489260E-06,-6.978087E-06,-1.029318E+02,-1.781061E+00
+6.020508E+02,-6.381955E-07,+3.882913E-06,-1.081011E+02,+1.733700E+00
+6.022949E+02,-1.248159E-06,-3.385910E-06,-1.088531E+02,-1.923973E+00
+6.025391E+02,+1.100302E-05,+1.521726E-06,-9.908748E+01,+1.374290E-01
+6.027832E+02,-1.493116E-05,+1.372279E-06,-9.648160E+01,+3.049943E+00
+6.030273E+02,+8.299538E-06,-2.108377E-06,-1.013473E+02,-2.487731E-01
+6.032715E+02,+8.879881E-07,-1.687326E-06,-1.143942E+02,-1.086355E+00
+6.035156E+02,-5.275556E-06,+4.395501E-06,-1.032650E+02,+2.446944E+00
+6.037598E+02,+1.587511E-06,-4.937650E-06,-1.057024E+02,-1.259723E+00
+6.040039E+02,+3.656198E-06,+2.648815E-06,-1.069071E+02,+6.269623E-01
+6.042480E+02,+6.988288E-08,-4.634077E-06,-1.066797E+02,-1.555717E+00
+6.044922E+02,-6.176387E-06,+6.787836E-06,-1.007457E+02,+2.309065E+00
+6.047363E+02,+3.874802E-06,-6.554295E-06,-1.023678E+02,-1.036883E+00
+6.049805E+02,-6.731249E-06,+4.385840E-06,-1.019014E+02,+2.564119E+00
+6.052246E+02,+7.156429E-06,-2.155608E-06,-1.025289E+02,-2.925691E-01
+6.054688E+02,-1.296098E-06,+2.042164E-06,-1.123282E+02,+2.136318E+00
+6.057129E+02,+1.514342E-06,-5.605258E-07,-1.158379E+02,-3.545072E-01
+6.059570E+02,-7.059668E-06,-1.100253E-06,-1.029201E+02,-2.986986E+00
+6.062012E+02,+9.128620E-06,+4.889352E-06,-9.969653E+01,+4.917257E-01
+6.064453E+02,-2.048707E-06,-9.597604E-06,-1.001632E+02,-1.781100E+00
+6.066895E+02,-5.854096E-06,+2.042581E-07,-1.046455E+02,+3.106715E+00
+6.069336E+02,+3.699930E-07,+9.706546E-06,-1.002524E+02,+1.532697E+00
+6.071777E+02,+5.638876E-06,-4.599701E-06,-1.027610E+02,-6.842485E-01
+6.074219E+02,+4.468211E-07,-1.887390E-06,-1.142459E+02,-1.338336E+00
+6.076660E+02,-6.443525E-06,+7.173899E-08,-1.038170E+02,+3.130460E+00
+6.079102E+02,-4.013994E-07,+7.998744E-07,-1.209641E+02,+2.035905E+00
+6.081543E+02,+4.252848E-06,-2.696116E-06,-1.059592E+02,-5.650132E-01
+6.083984E+02,-5.937935E-06,+6.905290E-06,-1.008122E+02,+2.281016E+00
+6.086426E+02,+9.716681E-06,-2.134681E-06,-1.000449E+02,-2.162569E-01
+6.088867E+02,-1.017017E-06,-7.297302E-06,-1.026532E+02,-1.709273E+00
+6.091309E+02,-5.702957E-06,+5.299185E-06,-1.021749E+02,+2.392877E+00
+6.093750E+02,+1.962332E-08,+1.332647E-06,-1.175048E+02,+1.556072E+00
+6.096191E+02,+5.329224E-07,+1.261730E-06,-1.172677E+02,+1.171152E+00
+6.098633E+02,-5.282748E-06,-3.480275E-06,-1.039773E+02,-2.559056E+00
+6.101074E+02,+6.959488E-06,+3.153394E-06,-1.023375E+02,+4.254348E-01
+6.103516E+02,+3.505567E-07,-5.092939E-06,-1.058401E+02,-1.502073E+00
+6.105957E+02,-7.047811E-08,-7.482999E-08,-1.397606E+02,-2.326254E+00
+6.108398E+02,-3.699635E-06,+9.784108E-06,-9.960919E+01,+1.932306E+00
+6.110840E+02,+3.648976E-06,-5.639732E-06,-1.034562E+02,-9.965242E-01
+6.113281E+02,-4.235568E-06,-2.365449E-07,-1.074482E+02,-3.085803E+00
+6.115723E+02,+3.877123E-06,-2.860964E-06,-1.063419E+02,-6.357179E-01
+6.118164E+02,-8.338803E-07,+6.220851E-06,-1.040457E+02,+1.704048E+00
+6.120605E+02,-1.983894E-06,-7.728161E-06,-1.019613E+02,-1.822080E+00
+6.123047E+02,+1.273579E-06,+3.255406E-06,-1.091294E+02,+1.197882E+00
+6.125488E+02,+4.386914E-06,+5.708384E-06,-1.028541E+02,+9.155577E-01
+6.127930E+02,-7.541726E-06,-8.068705E-06,-9.913705E+01,-2.322449E+00
+6.130371E+02,+9.168057E-06,+4.154258E-06,-9.994343E+01,+4.254480E-01
+6.132812E+02,-8.819907E-06,+1.710685E-06,-1.009303E+02,+2.950014E+00
+6.135254E+02,+1.509549E-06,-8.504123E-06,-1.012727E+02,-1.395118E+00
+6.137695E+02,+4.754588E-06,+1.205768E-05,-9.774707E+01,+1.195196E+00
+6.140137E+02,-4.284435E-06,-7.133793E-06,-1.015960E+02,-2.111644E+00
+6.142578E+02,+3.398362E-06,+1.324451E-06,-1.087605E+02,+3.716236E-01
+6.145020E+02,-8.069027E-06,-5.082030E-07,-1.018464E+02,-3.078694E+00
+6.147461E+02,+9.465641E-06,+1.405105E-06,-1.003823E+02,+1.473666E-01
+6.149902E+02,-3.524431E-06,-2.151585E-06,-1.076825E+02,-2.593505E+00
+6.152344E+02,+1.569484E-06,+1.245323E-06,-1.139641E+02,+6.707406E-01
+6.154785E+02,-6.687487E-06,-2.286552E-06,-1.030146E+02,-2.812139E+00
+6.157227E+02,+9.839004E-06,+8.324841E-07,-1.001100E+02,+8.440956E-02
+6.159668E+02,-7.230912E-06,-1.876108E-07,-1.028132E+02,-3.115653E+00
+6.162109E+02,+7.468251E-07,+7.132626E-07,-1.197204E+02,+7.624156E-01
+6.164551E+02,+6.196119E-06,-9.897774E-07,-1.040482E+02,-1.584032E-01
+6.166992E+02,-8.555675E-06,+2.551652E-06,-1.009848E+02,+2.851751E+00
+6.169434E+02,+5.440300E-06,-8.251379E-07,-1.051888E+02,-1.505242E-01
+6.171875E+02,+1.892947E-06,+3.222836E-07,-1.143331E+02,+1.686379E-01
+6.174316E+02,-6.583760E-06,-4.640545E-06,-1.018789E+02,-2.527621E+00
+6.176758E+02,+1.322643E-06,+3.095913E-06,-1.094561E+02,+1.167045E+00
+6.179199E+02,+4.177559E-06,+3.668743E-06,-1.050988E+02,+7.206410E-01
+6.181641E+02,-3.261258E-06,-6.523678E-06,-1.027414E+02,-2.034373E+00
+6.184082E+02,+5.969669E-07,+2.517819E-06,-1.117420E+02,+1.337998E+00
+6.186523E+02,-1.657809E-06,+2.568481E-06,-1.102940E+02,+2.143962E+00
+6.188965E+02,+3.608959E-06,+1.555537E-06,-1.081123E+02,+4.069594E-01
+6.191406E+02,-2.254741E-06,-8.888149E-06,-1.007529E+02,-1.819235E+00
+6.193848E+02,-5.907831E-06,+8.375622E-06,-9.978589E+01,+2.185111E+00
+6.196289E+02,+4.142129E-06,-5.559937E-06,-1.031812E+02,-9.305057E-01
+6.198730E+02,+5.354116E-06,+2.658804E-06,-1.044690E+02,+4.609165E-01
+6.201172E+02,-7.979132E-06,+2.596061E-06,-1.015239E+02,+2.827039E+00
+6.203613E+02,+7.345115E-06,-5.940283E-06,-1.004945E+02,-6.800471E-01
+6.206055E+02,-4.873967E-06,+2.914872E-06,-1.049144E+02,+2.602609E+00
+6.208496E+02,-3.929720E-07,+1.143143E-06,-1.183529E+02,+1.901905E+00
+6.210938E+02,+3.894369E-06,+9.571828E-09,-1.081912E+02,+2.457859E-03
+6.213379E+02,-4.839929E-06,+1.118292E-06,-1.060773E+02,+2.914522E+00
+6.215820E+02,+3.962083E-06,-8.322813E-07,-1.078540E+02,-2.070512E-01
+6.218262E+02,-4.051138E-06,-2.572337E-06,-1.063773E+02,-2.575859E+00
+6.220703E+02,+1.602619E-06,-2.174214E-06,-1.113694E+02,-9.356008E-01
+6.223145E+02,-1.275334E-07,+7.301657E-06,-1.027302E+02,+1.588261E+00
+6.225586E+02,-3.099713E-06,+9.089163E-07,-1.098154E+02,+2.856362E+00
+6.228027E+02,+5.299645E-06,-5.702504E-06,-1.021749E+02,-8.219981E-01
+6.230469E+02,-1.053905E-06,+5.809104E-06,-1.045772E+02,+1.750267E+00
+6.232910E+02,-1.786929E-06,-5.222102E-06,-1.051622E+02,-1.900493E+00
+6.235352E+02,-1.285776E-07,-2.672688E-06,-1.114510E+02,-1.618867E+00
+6.237793E+02,+4.634883E-06,+6.228204E-06,-1.021988E+02,+9.310327E-01
+6.240234E+02,-5.650947E-06,+2.388741E-06,-1.042436E+02,+2.741659E+00
+6.242676E+02,+8.382783E-06,-5.783646E-06,-9.984131E+01,-6.039447E-01
+6.245117E+02,-1.317675E-05,+1.814192E-06,-9.752228E+01,+3.004771E+00
+6.247559E+02,+9.724286E-06,+1.744383E-06,-1.001053E+02,+1.774964E-01
+6.250000E+02,-6.006594E-06,-6.618312E-06,-1.009756E+02,-2.307779E+00
+6.252441E+02,-4.280001E-07,+6.952101E-06,-1.031413E+02,+1.632283E+00
+6.254883E+02,+9.711750E-06,-1.029916E-07,-1.002536E+02,-1.060445E-02
+6.257324E+02,-9.170562E-06,-1.885734E-06,-1.005722E+02,-2.938790E+00
+6.259766E+02,+3.870743E-06,+5.393004E-06,-1.035589E+02,+9.482672E-01
+6.262207E+02,-2.232346E-06,-8.102922E-06,-1.015094E+02,-1.839626E+00
+6.264648E+02,-6.293360E-07,+4.796598E-06,-1.063072E+02,+1.701256E+00
+6.267090E+02,+3.501975E-06,+1.702224E-06,-1.081926E+02,+4.524461E-01
+6.269531E+02,-4.738378E-06,-2.922202E-06,-1.050876E+02,-2.588977E+00
+6.271973E+02,+1.735152E-06,-2.058235E-06,-1.113984E+02,-8.703631E-01
+6.274414E+02,+2.727634E-06,+3.704371E-06,-1.067444E+02,+9.361025E-01
+6.276855E+02,+8.470259E-07,+1.172481E-06,-1.167940E+02,+9.451802E-01
+6.279297E+02,-4.949849E-06,+1.049351E-06,-1.059172E+02,+2.932689E+00
+6.281738E+02,+1.155477E-05,-5.340405E-06,-9.790398E+01,-4.329380E-01
+6.284180E+02,-1.171375E-05,+2.174125E-06,-9.847899E+01,+2.958076E+00
+6.286621E+02,+2.964454E-06,+8.349658E-07,-1.102296E+02,+2.745467E-01
+6.289062E+02,-1.951501E-07,+2.091830E-06,-1.135518E+02,+1.663819E+00
+6.291504E+02,+2.053559E-06,-4.587144E-06,-1.059758E+02,-1.149876E+00
+6.293945E+02,-9.621356E-07,+2.756867E-06,-1.106925E+02,+1.906577E+00
+6.296387E+02,+8.066723E-07,+1.224564E-06,-1.166750E+02,+9.882998E-01
+6.298828E+02,-5.081788E-06,-3.272988E-06,-1.043727E+02,-2.569403E+00
+6.301270E+02,+6.784639E-06,+5.964821E-06,-1.008825E+02,+7.211844E-01
+6.303711E+02,-1.850454E-06,-7.078982E-06,-1.027135E+02,-1.826476E+00
+6.306152E+02,+1.393850E-06,+3.067137E-06,-1.094500E+02,+1.144251E+00
+6.308594E+02,-3.720998E-06,+1.861711E-06,-1.076166E+02,+2.677685E+00
+6.311035E+02,-1.099040E-06,+2.856998E-07,-1.188957E+02,+2.887268E+00
+6.313477E+02,+5.957309E-06,-3.325568E-06,-1.033209E+02,-5.091424E-01
+6.315918E+02,+1.415445E-07,+2.542871E-06,-1.118801E+02,+1.515190E+00
+6.318359E+02,-3.105156E-06,+1.174082E-06,-1.095780E+02,+2.780101E+00
+6.320801E+02,-2.059036E-06,-6.616204E-06,-1.031863E+02,-1.872506E+00
+6.323242E+02,+6.950877E-06,+7.689590E-06,-9.968816E+01,+8.358123E-01
+6.325684E+02,-6.598569E-07,-3.765900E-06,-1.083513E+02,-1.744254E+00
+6.328125E+02,-2.503464E-06,-8.905717E-08,-1.120237E+02,-3.106034E+00
+6.330566E+02,-1.949207E-06,-5.910099E-07,-1.138209E+02,-2.847198E+00
+6.333008E+02,+4.346238E-06,+3.536332E-06,-1.050313E+02,+6.830110E-01
+6.335449E+02,-6.071652E-06,+3.542786E-07,-1.043191E+02,+3.083309E+00
+6.337891E+02,+5.718501E-06,-5.182718E-06,-1.022503E+02,-7.362887E-01
+6.340332E+02,+2.380689E-06,-9.704740E-07,-1.117983E+02,-3.870789E-01
+6.342773E+02,-7.530909E-06,+2.535952E-06,-1.019966E+02,+2.816780E+00
+6.345215E+02,+2.988664E-06,+5.169903E-06,-1.044782E+02,+1.046644E+00
+6.347656E+02,+8.514096E-07,-6.351836E-06,-1.038647E+02,-1.437549E+00
+6.350098E+02,-1.079001E-06,+6.271147E-06,-1.039264E+02,+1.741186E+00
+6.352539E+02,+3.498449E-06,-5.806455E-06,-1.033768E+02,-1.028533E+00
+6.354980E+02,-3.063481E-06,-4.754274E-07,-1.101723E+02,-2.987629E+00
+6.357422E+02,+3.889385E-06,+2.852896E-06,-1.063327E+02,+6.328627E-01
+6.359863E+02,-2.165464E-06,-3.575762E-06,-1.075758E+02,-2.115320E+00
+6.362305E+02,-2.074569E-06,+4.521160E-06,-1.060652E+02,+2.000992E+00
+6.364746E+02,+1.007934E-06,-3.721731E-06,-1.082777E+02,-1.306317E+00
+6.367188E+02,-1.267578E-06,-5.503591E-07,-1.171905E+02,-2.731971E+00
+6.369629E+02,+7.056819E-06,+3.742286E-06,-1.019516E+02,+4.875989E-01
+6.372070E+02,-1.603390E-06,-3.788927E-06,-1.077142E+02,-1.971123E+00
+6.374512E+02,-7.342784E-06,-1.290500E-06,-1.025507E+02,-2.967618E+00
+6.376953E+02,+6.346685E-06,+2.066803E-06,-1.035113E+02,+3.148205E-01
+6.379395E+02,+1.226970E-06,+5.976294E-07,-1.172988E+02,+4.532563E-01
+6.381836E+02,-7.337504E-06,+1.061944E-06,-1.025990E+02,+2.997863E+00
+6.384277E+02,+9.471888E-06,-1.859839E-06,-1.003070E+02,-1.938869E-01
+6.386719E+02,-8.419645E-06,+1.314632E-06,-1.013895E+02,+2.986705E+00
+6.389160E+02,+7.235058E-06,-4.531419E-06,-1.013739E+02,-5.595437E-01
+6.391602E+02,-9.555956E-06,+2.904565E-06,-1.000107E+02,+2.846513E+00
+6.394043E+02,+7.859894E-06,+1.503776E-06,-1.019355E+02,+1.890382E-01
+6.396484E+02,-9.690577E-07,-3.135451E-06,-1.096778E+02,-1.870549E+00
+6.398926E+02,-4.507338E-06,+3.219377E-06,-1.051314E+02,+2.521365E+00
+6.401367E+02,+8.235098E-06,-4.965598E-06,-1.003398E+02,-5.426077E-01
+6.403809E+02,-6.641018E-06,+2.695383E-06,-1.028931E+02,+2.756037E+00
+6.406250E+02,+3.539081E-06,+3.567012E-06,-1.059776E+02,+7.893287E-01
+6.408691E+02,-3.785844E-06,-7.970882E-06,-1.010864E+02,-2.014211E+00
+6.411133E+02,-1.101181E-06,+4.283325E-06,-1.070864E+02,+1.822433E+00
+6.413574E+02,+2.000736E-06,+1.667334E-06,-1.116858E+02,+6.947542E-01
+6.416016E+02,+3.109711E-06,-4.894267E-06,-1.047335E+02,-1.004769E+00
+6.418457E+02,-1.245318E-06,+3.785942E-06,-1.079904E+02,+1.888581E+00
+6.420898E+02,-2.795569E-06,-1.724364E-06,-1.096703E+02,-2.588897E+00
+6.423340E+02,+4.170156E-06,+1.279138E-06,-1.072064E+02,+2.976253E-01
+6.425781E+02,-1.007424E-06,-4.722473E-06,-1.063233E+02,-1.780972E+00
+6.428223E+02,-1.180103E-06,+8.025111E-06,-1.018181E+02,+1.716801E+00
+6.430664E+02,-5.052937E-06,-2.914074E-06,-1.046822E+02,-2.618475E+00
+6.433105E+02,+1.027757E-05,-3.472803E-06,-9.929265E+01,-3.258559E-01
+6.435547E+02,-2.992299E-06,-3.626728E-07,-1.104166E+02,-3.020979E+00
+6.437988E+02,-3.537337E-06,+2.466298E-06,-1.073059E+02,+2.532736E+00
+6.440430E+02,+2.277903E-06,+1.553351E-06,-1.111909E+02,+5.984892E-01
+6.442871E+02,-5.925986E-06,-3.006075E-06,-1.035503E+02,-2.672146E+00
+6.445312E+02,+3.605770E-06,-8.595244E-07,-1.086200E+02,-2.340077E-01
+6.447754E+02,+3.978952E-06,+2.049991E-06,-1.069822E+02,+4.757405E-01
+6.450195E+02,-1.312998E-06,-6.005365E-06,-1.042264E+02,-1.786047E+00
+6.452637E+02,-7.988951E-06,+5.061708E-06,-1.004845E+02,+2.576841E+00
+6.455078E+02,+8.406570E-06,-2.029550E-06,-1.012616E+02,-2.368913E-01
+6.457520E+02,-1.667632E-06,+1.109190E-06,-1.139671E+02,+2.554656E+00
+6.459961E+02,+1.835797E-06,+1.897138E-06,-1.115681E+02,+8.018291E-01
+6.462402E+02,-9.582726E-06,-7.947027E-08,-1.003699E+02,-3.133300E+00
+6.464844E+02,+5.913450E-06,-3.112204E-06,-1.035013E+02,-4.844596E-01
+6.467285E+02,+2.755845E-06,+1.365524E-06,-1.102414E+02,+4.600421E-01
+6.469727E+02,-8.416013E-06,-6.675065E-07,-1.014706E+02,-3.062444E+00
+6.472168E+02,+9.515641E-06,-1.893337E-06,-1.002626E+02,-1.964060E-01
+6.474609E+02,-7.697982E-06,-4.881805E-07,-1.022550E+02,-3.078261E+00
+6.477051E+02,+3.582331E-06,+4.424832E-06,-1.048929E+02,+8.902308E-01
+6.479492E+02,+1.735250E-06,-2.403434E-07,-1.151302E+02,-1.376309E-01
+6.481934E+02,-7.381385E-06,-1.024460E-06,-1.025544E+02,-3.003684E+00
+6.484375E+02,+5.004580E-06,-2.989310E-06,-1.046875E+02,-5.384429E-01
+6.486816E+02,-5.177038E-07,+9.638620E-06,-1.003072E+02,+1.624456E+00
+6.489258E+02,+1.406275E-06,-1.604816E-05,-9.585828E+01,-1.483391E+00
+6.491699E+02,-3.595492E-06,+1.150544E-05,-9.837727E+01,+1.873684E+00
+6.494141E+02,+8.124435E-07,-6.233613E-06,-1.040321E+02,-1.441194E+00
+6.496582E+02,-9.156722E-09,+6.710714E-06,-1.034646E+02,+1.572161E+00
+6.499023E+02,-1.757736E-06,-7.690215E-08,-1.150926E+02,-3.097870E+00
+6.501465E+02,-1.414826E-06,-6.720252E-07,-1.161024E+02,-2.698154E+00
+6.503906E+02,+5.473867E-06,-4.935765E-06,-1.026500E+02,-7.337515E-01
+6.506348E+02,-2.145606E-06,+4.347210E-06,-1.062890E+02,+2.029278E+00
+6.508789E+02,-9.971844E-07,-8.642477E-07,-1.175913E+02,-2.427490E+00
+6.511230E+02,-1.374462E-06,+1.119817E-06,-1.150264E+02,+2.457934E+00
+6.513672E+02,+3.574907E-07,-2.886784E-06,-1.107256E+02,-1.447587E+00
+6.516113E+02,+2.912704E-06,-1.688473E-06,-1.094559E+02,-5.253538E-01
+6.518555E+02,-5.454456E-06,+1.069801E-05,-9.841040E+01,+2.042298E+00
+6.520996E+02,+6.104938E-06,-8.232974E-06,-9.978595E+01,-9.327428E-01
+6.523438E+02,-2.438971E-06,-4.270823E-06,-1.061639E+02,-2.089678E+00
+6.525879E+02,-1.727210E-06,+1.543449E-05,-9.617611E+01,+1.682238E+00
+6.528320E+02,+5.555888E-07,-1.268152E-05,-9.792825E+01,-1.527013E+00
+6.530762E+02,-2.436072E-06,+4.938443E-06,-1.051823E+02,+2.029059E+00
+6.533203E+02,+5.383855E-06,-6.072432E-06,-1.018138E+02,-8.454307E-01
+6.535645E+02,-2.587247E-06,+6.464882E-06,-1.031436E+02,+1.951475E+00
+6.538086E+02,-6.551476E-06,+4.502209E-06,-1.019934E+02,+2.539505E+00
+6.540527E+02,+9.574250E-06,-1.002428E-05,-9.716354E+01,-8.083563E-01
+6.542969E+02,-2.212131E-06,-1.344943E-07,-1.130878E+02,-3.080869E+00
+6.545410E+02,-2.602609E-06,+9.301481E-06,-1.003016E+02,+1.843625E+00
+6.547852E+02,+3.918958E-06,-1.216525E-06,-1.077371E+02,-3.009892E-01
+6.550293E+02,-2.651613E-06,-6.699288E-06,-1.028474E+02,-1.947681E+00
+6.552734E+02,+1.039249E-06,+1.043104E-05,-9.959055E+01,+1.471494E+00
+6.555176E+02,-8.989178E-06,-9.783386E-06,-9.753206E+01,-2.313913E+00
+6.557617E+02,+1.347924E-05,-5.482255E-07,-9.739951E+01,-4.064943E-02
+6.560059E+02,-7.453808E-06,+1.433800E-05,-9.583131E+01,+2.050208E+00
+6.562500E+02,+2.156041E-06,-1.805889E-05,-9.480472E+01,-1.451969E+00
+6.564941E+02,+1.223698E-08,+1.256226E-05,-9.801864E+01,+1.569822E+00
+6.567383E+02,-1.988765E-06,-3.859673E-06,-1.072464E+02,-2.046583E+00
+6.569824E+02,+9.695598E-07,+6.880057E-07,-1.184974E+02,+6.171440E-01
+6.572266E+02,-4.071580E-07,+9.526866E-07,-1.196924E+02,+1.974680E+00
+6.574707E+02,+1.333178E-06,-3.745203E-07,-1.171724E+02,-2.738643E-01
+6.577148E+02,+1.903156E-06,-1.313686E-06,-1.127183E+02,-6.041641E-01
+6.579590E+02,-3.089134E-06,-2.660176E-06,-1.077939E+02,-2.430667E+00
+6.582031E+02,+5.918109E-06,+8.400200E-06,-9.976388E+01,+9.570433E-01
+6.584473E+02,-7.192164E-06,-4.878184E-06,-1.012192E+02,-2.545604E+00
+6.586914E+02,+4.441635E-06,-5.743286E-07,-1.069771E+02,-1.285922E-01
+6.589355E+02,-5.968358E-09,+1.829009E-06,-1.147556E+02,+1.574059E+00
+6.591797E+02,-5.248755E-07,+9.552307E-07,-1.192520E+02,+2.073236E+00
+6.594238E+02,-1.787545E-06,-1.769387E-06,-1.119887E+02,-2.361300E+00
+6.596680E+02,+3.080632E-06,+4.141395E-07,-1.101494E+02,+1.336321E-01
+6.599121E+02,-2.391777E-06,+2.173553E-06,-1.098109E+02,+2.403959E+00
+6.601562E+02,-2.055877E-06,-6.575094E-07,-1.133171E+02,-2.832054E+00
+6.604004E+02,+4.155163E-06,-1.496471E-07,-1.076226E+02,-3.599916E-02
+6.606445E+02,-2.331390E-06,-2.529269E-06,-1.092692E+02,-2.315507E+00
+6.608887E+02,+2.093820E-06,+2.558756E-06,-1.096133E+02,+8.849983E-01
+6.611328E+02,-3.948486E-06,-2.202794E-06,-1.068946E+02,-2.632717E+00
+6.613770E+02,+3.595455E-06,+6.115767E-07,-1.087611E+02,+1.684846E-01
+6.616211E+02,-2.868585E-06,+3.179767E-06,-1.073661E+02,+2.304791E+00
+6.618652E+02,+4.419959E-06,-4.410668E-06,-1.040905E+02,-7.843461E-01
+6.621094E+02,-1.693036E-06,+8.102925E-06,-1.016416E+02,+1.776774E+00
+6.623535E+02,-1.068224E-06,-6.813189E-06,-1.032275E+02,-1.726318E+00
+6.625977E+02,+4.326238E-06,+8.110421E-06,-1.007317E+02,+1.080774E+00
+6.628418E+02,-7.463475E-06,-7.708829E-06,-9.938813E+01,-2.340025E+00
+6.630859E+02,+7.208830E-06,-5.526941E-06,-1.008347E+02,-6.540977E-01
+6.633301E+02,+2.929576E-06,+5.991163E-06,-1.035187E+02,+1.116001E+00
+6.635742E+02,-5.503839E-06,+7.300456E-06,-1.007785E+02,+2.216791E+00
+6.638184E+02,-2.803488E-06,-3.108061E-06,-1.075648E+02,-2.304718E+00
+6.640625E+02,+7.748827E-06,-5.833769E-06,-1.002652E+02,-6.453279E-01
+6.643066E+02,-9.791844E-06,+5.861441E-06,-9.885266E+01,+2.602200E+00
+6.645508E+02,+1.299806E-05,+3.667552E-07,-9.771897E+01,+2.820865E-02
+6.647949E+02,-8.464128E-06,-4.039239E-06,-1.005573E+02,-2.696336E+00
+6.650391E+02,+5.777878E-06,+1.182542E-06,-1.045864E+02,+2.018791E-01
+6.652832E+02,-2.840793E-06,-1.500148E-07,-1.109191E+02,-3.088834E+00
+6.655273E+02,+2.294936E-06,-1.880013E-06,-1.105546E+02,-6.863395E-01
+6.657715E+02,-3.441960E-06,+6.988423E-07,-1.090884E+02,+2.941279E+00
+6.660156E+02,-9.190694E-07,+8.772689E-06,-1.010899E+02,+1.675180E+00
+6.662598E+02,+8.820513E-06,-1.180972E-05,-9.662998E+01,-9.292912E-01
+6.665039E+02,-1.237036E-05,+7.826197E-06,-9.669028E+01,+2.577506E+00
+6.667480E+02,+9.506251E-06,-7.586760E-06,-9.829950E+01,-6.735698E-01
+6.669922E+02,-6.338584E-07,+7.331304E-06,-1.026640E+02,+1.657041E+00
+6.672363E+02,-3.540089E-06,-2.763491E-06,-1.069531E+02,-2.478776E+00
+6.674805E+02,+9.305891E-06,-6.490465E-06,-9.890335E+01,-6.090177E-01
+6.677246E+02,-5.683087E-06,+1.077290E-05,-9.828704E+01,+2.056229E+00
+6.679688E+02,+1.317638E-06,-7.362592E-06,-1.025225E+02,-1.393707E+00
+6.682129E+02,-4.159453E-06,+1.888632E-06,-1.068052E+02,+2.715369E+00
+6.684570E+02,+4.940128E-06,-1.250905E-06,-1.058553E+02,-2.480004E-01
+6.687012E+02,-2.852457E-06,-2.041252E-06,-1.090998E+02,-2.520466E+00
+6.689453E+02,+3.567857E-06,+3.000534E-06,-1.066288E+02,+6.992403E-01
+6.691895E+02,-6.936968E-06,+1.438469E-08,-1.031766E+02,+3.139519E+00
+6.694336E+02,+5.406896E-06,-2.806493E-06,-1.043050E+02,-4.787776E-01
+6.696777E+02,+4.081885E-06,+4.812099E-06,-1.039992E+02,+8.673165E-01
+6.699219E+02,-1.978912E-06,-4.812913E-06,-1.056735E+02,-1.960892E+00
+6.701660E+02,-3.187486E-06,+3.684349E-06,-1.062462E+02,+2.284016E+00
+6.704102E+02,-2.766612E-07,-6.832417E-06,-1.033014E+02,-1.611267E+00
+6.706543E+02,+8.816050E-06,+4.623335E-06,-1.000394E+02,+4.829942E-01
+6.708984E+02,-1.137298E-05,-1.054630E-05,-9.618760E+01,-2.393891E+00
+6.711426E+02,+2.350590E-06,+1.380224E-05,-9.707684E+01,+1.402110E+00
+6.713867E+02,+5.539561E-06,-5.231580E-06,-1.023615E+02,-7.568128E-01
+6.716309E+02,-2.119278E-06,-1.943117E-06,-1.108265E+02,-2.399531E+00
+6.718750E+02,-6.359164E-09,+1.099351E-06,-1.191771E+02,+1.576581E+00
+6.721191E+02,-1.227289E-07,-1.001913E-07,-1.360031E+02,-2.456954E+00
+6.723633E+02,-1.282586E-06,-6.262472E-06,-1.038866E+02,-1.772808E+00
+6.726074E+02,-6.000488E-06,+3.188495E-06,-1.033562E+02,+2.653163E+00
+6.728516E+02,+9.618393E-06,+7.075864E-06,-9.845938E+01,+6.342599E-01
+6.730957E+02,-4.940773E-06,-1.006694E-05,-9.900476E+01,-2.027050E+00
+6.733398E+02,+1.201428E-06,+6.166839E-06,-1.040370E+02,+1.378386E+00
+6.735840E+02,-6.946055E-07,-6.417488E-06,-1.038021E+02,-1.678613E+00
+6.738281E+02,+1.009559E-06,+5.401006E-06,-1.052014E+02,+1.386008E+00
+6.740723E+02,+5.041382E-07,-3.350195E-06,-1.094014E+02,-1.421437E+00
+6.743164E+02,-6.421299E-07,-7.758646E-07,-1.199384E+02,-2.262160E+00
+6.745605E+02,-1.273757E-06,+1.054704E-07,-1.178686E+02,+3.058979E+00
+6.748047E+02,-1.423479E-06,+8.146995E-07,-1.157024E+02,+2.621768E+00
+6.750488E+02,+2.792862E-06,-6.910444E-07,-1.108209E+02,-2.425606E-01
+6.752930E+02,-3.937067E-06,+2.976566E-06,-1.061331E+02,+2.494240E+00
+6.755371E+02,+3.169155E-06,-8.783028E-06,-1.005956E+02,-1.224509E+00
+6.757812E+02,-3.274726E-06,+7.274564E-06,-1.019625E+02,+1.993784E+00
+6.760254E+02,+3.302119E-06,-2.290589E-06,-1.079181E+02,-6.064666E-01
+6.762695E+02,-6.955413E-06,+4.398169E-06,-1.016927E+02,+2.577734E+00
+6.765137E+02,+1.662278E-06,-3.066193E-06,-1.091490E+02,-1.074015E+00
+6.767578E+02,+6.776253E-06,-1.441595E-06,-1.031880E+02,-2.096170E-01
+6.770020E+02,-9.233867E-06,+3.739606E-06,-1.000327E+02,+2.756794E+00
+6.772461E+02,+8.662818E-06,-1.050018E-05,-9.732129E+01,-8.809865E-01
+6.774902E+02,-4.570103E-06,+1.542997E-05,-9.586751E+01,+1.858748E+00
+6.777344E+02,+3.428388E-06,-1.089148E-05,-9.884795E+01,-1.265838E+00
+6.779785E+02,-1.404140E-06,+4.530799E-06,-1.064782E+02,+1.871320E+00
+6.782227E+02,-2.182521E-06,-6.669508E-06,-1.030763E+02,-1.887052E+00
+6.784668E+02,+6.936416E-06,+9.992512E-06,-9.829843E+01,+9.639997E-01
+6.787109E+02,-2.633340E-06,-1.597406E-05,-9.581525E+01,-1.734178E+00
+6.789551E+02,-9.414343E-06,+3.610336E-06,-9.992831E+01,+2.775397E+00
+6.791992E+02,+2.816766E-06,+2.564129E-06,-1.083836E+02,+7.384819E-01
+6.794434E+02,+3.393540E-06,+1.280116E-07,-1.093808E+02,+3.770426E-02
+6.796875E+02,-4.899779E-06,+3.474376E-06,-1.044274E+02,+2.524793E+00
+6.799316E+02,+3.656759E-06,-9.327243E-06,-9.998399E+01,-1.197161E+00
+6.801758E+02,-2.178475E-06,+7.692910E-06,-1.019432E+02,+1.846751E+00
+6.804199E+02,-2.770479E-06,-3.325051E-06,-1.072743E+02,-2.265464E+00
+6.806641E+02,+1.359552E-06,+9.962072E-07,-1.154656E+02,+6.323671E-01
+6.809082E+02,-2.330559E-06,+1.356588E-06,-1.113836E+02,+2.614449E+00
+6.811523E+02,+1.519412E-06,-2.735220E-06,-1.100922E+02,-1.063741E+00
+6.813965E+02,-6.803010E-06,+5.011455E-06,-1.014633E+02,+2.506689E+00
+6.816406E+02,-1.471081E-06,-7.448268E-06,-1.023927E+02,-1.765793E+00
+6.818848E+02,+1.246130E-05,+6.482463E-06,-9.704858E+01,+4.796825E-01
+6.821289E+02,-9.682382E-06,-1.501783E-06,-1.001771E+02,-2.987714E+00
+6.823730E+02,-5.576658E-06,+2.974295E-06,-1.039853E+02,+2.651624E+00
+6.826172E+02,+3.517498E-06,-5.073015E-06,-1.041898E+02,-9.645311E-01
+6.828613E+02,+6.768345E-06,+1.047692E-05,-9.808056E+01,+9.972212E-01
+6.831055E+02,-8.527272E-06,-1.074134E-05,-9.725632E+01,-2.241791E+00
+6.833496E+02,+9.609304E-07,+4.680423E-06,-1.064150E+02,+1.368302E+00
+6.835938E+02,+3.957380E-06,+4.793557E-06,-1.041297E+02,+8.806617E-01
+6.838379E+02,-7.883586E-06,-2.889859E-06,-1.015180E+02,-2.790236E+00
+6.840820E+02,+2.748743E-06,-4.285839E-06,-1.058630E+02,-1.000523E+00
+6.843262E+02,+8.908908E-07,+3.338410E-06,-1.092304E+02,+1.310013E+00
+6.845703E+02,-1.187091E-06,+5.428503E-06,-1.051035E+02,+1.786085E+00
+6.848145E+02,-4.028675E-06,-2.823625E-06,-1.061613E+02,-2.530275E+00
+6.850586E+02,+2.689767E-06,+2.321825E-06,-1.089874E+02,+7.121116E-01
+6.853027E+02,+4.563587E-06,+6.603461E-07,-1.067239E+02,+1.437015E-01
+6.855469E+02,-7.385756E-06,+6.763918E-07,-1.025958E+02,+3.050267E+00
+6.857910E+02,+4.813960E-06,-3.673018E-06,-1.043575E+02,-6.517650E-01
+6.860352E+02,-6.139710E-06,+8.525557E-06,-9.957104E+01,+2.194921E+00
+6.862793E+02,+4.083819E-06,-4.106165E-06,-1.047446E+02,-7.881266E-01
+6.865234E+02,+3.099935E-06,+4.886708E-06,-1.047509E+02,+1.005494E+00
+6.867676E+02,-2.319759E-06,-3.429422E-06,-1.076593E+02,-2.165527E+00
+6.870117E+02,-2.032196E-07,+1.441116E-06,-1.167405E+02,+1.710888E+00
+6.872559E+02,+1.575472E-06,+4.713899E-06,-1.060725E+02,+1.248249E+00
+6.875000E+02,-9.076191E-06,-3.238957E-06,-1.003213E+02,-2.798817E+00
+6.877441E+02,+8.001783E-06,+3.430817E-06,-1.012034E+02,+4.050482E-01
+6.879883E+02,-8.933841E-07,-9.395754E-07,-1.177445E+02,-2.330999E+00
+6.882324E+02,+2.140739E-06,+4.302061E-06,-1.063657E+02,+1.109064E+00
+6.884766E+02,-4.166614E-06,+1.463715E-07,-1.075990E+02,+3.106477E+00
+6.887207E+02,+3.516041E-06,-4.185077E-06,-1.052466E+02,-8.720558E-01
+6.889648E+02,+3.595766E-06,+6.646995E-06,-1.024327E+02,+1.074919E+00
+6.892090E+02,-2.111154E-06,+3.684268E-07,-1.133793E+02,+2.968818E+00
+6.894531E+02,+2.827707E-06,-3.062080E-06,-1.076014E+02,-8.251703E-01
+6.896973E+02,-2.386465E-06,+6.625070E-06,-1.030463E+02,+1.916544E+00
+6.899414E+02,-2.268512E-07,+2.564107E-06,-1.117874E+02,+1.659038E+00
+6.901855E+02,+2.678897E-06,-2.632728E-07,-1.113991E+02,-9.796199E-02
+6.904297E+02,+1.337946E-06,-7.046235E-07,-1.164081E+02,-4.847362E-01
+6.906738E+02,+3.421679E-06,+2.183255E-06,-1.078319E+02,+5.679396E-01
+6.909180E+02,-5.826664E-07,-3.634953E-06,-1.086798E+02,-1.729740E+00
+6.911621E+02,+1.150402E-05,+5.357200E-06,-9.793061E+01,+4.358173E-01
+6.914062E+02,-1.247988E-07,-4.092627E-06,-1.077559E+02,-1.601280E+00
+6.916504E+02,-8.780207E-07,+1.558254E-06,-1.149498E+02,+2.083918E+00
+6.918945E+02,+5.899687E-06,-6.044265E-06,-1.014667E+02,-7.975022E-01
+6.921387E+02,-5.743431E-06,+1.329280E-06,-1.045900E+02,+2.914154E+00
+6.923828E+02,-8.994770E-06,-8.076781E-06,-9.835229E+01,-2.409916E+00
+6.926270E+02,+1.694187E-05,+1.043362E-05,-9.402428E+01,+5.519910E-01
+6.928711E+02,-6.468794E-06,-5.596833E-06,-1.013567E+02,-2.428337E+00
+6.931152E+02,-8.842527E-07,+6.350544E-07,-1.192621E+02,+2.518768E+00
+6.933594E+02,+1.040328E-05,-2.809144E-06,-9.935095E+01,-2.637350E-01
+6.936035E+02,-6.972791E-06,-1.946261E-06,-1.028060E+02,-2.869398E+00
+6.938477E+02,+4.321936E-06,+4.447702E-06,-1.041498E+02,+7.997382E-01
+6.940918E+02,-1.834811E-06,-5.556117E-06,-1.046550E+02,-1.889754E+00
+6.943359E+02,-3.519859E-06,+2.283927E-06,-1.075435E+02,+2.566013E+00
+6.945801E+02,+2.914413E-06,-8.170462E-07,-1.103804E+02,-2.733302E-01
+6.948242E+02,+1.833783E-06,-3.288163E-06,-1.084848E+02,-1.062067E+00
+6.950684E+02,-3.592169E-06,+1.107906E-06,-1.084982E+02,+2.842427E+00
+6.953125E+02,+5.806641E-06,-1.530022E-06,-1.044300E+02,-2.576392E-01
+6.955566E+02,-3.415439E-06,+3.000354E-06,-1.068472E+02,+2.420802E+00
+6.958008E+02,+4.985769E-06,-7.350680E-06,-1.010298E+02,-9.748015E-01
+6.960449E+02,-1.862110E-06,+3.841140E-06,-1.073941E+02,+2.022194E+00
+6.962891E+02,+3.284931E-06,-4.914755E-06,-1.045661E+02,-9.816075E-01
+6.965332E+02,-4.126941E-06,+7.064130E-06,-1.017436E+02,+2.099525E+00
+6.967773E+02,+6.440231E-06,-7.587719E-06,-1.000415E+02,-8.670166E-01
+6.970215E+02,-1.365059E-06,-2.583026E-06,-1.106878E+02,-2.056962E+00
+6.972656E+02,+5.133745E-06,+4.077859E-08,-1.057910E+02,+7.943078E-03
+6.975098E+02,-3.293401E-06,-2.089707E-06,-1.081777E+02,-2.576181E+00
+6.977539E+02,+1.108999E-06,-5.279785E-06,-1.053602E+02,-1.363760E+00
+6.979980E+02,-3.791950E-06,-5.656382E-06,-1.033373E+02,-2.161368E+00
+6.982422E+02,+1.502452E-06,+4.786959E-06,-1.059908E+02,+1.266670E+00
+6.984863E+02,-8.842148E-06,-1.252976E-05,-9.628602E+01,-2.185332E+00
+6.987305E+02,+4.828648E-06,-3.866984E-06,-1.041715E+02,-6.752541E-01
+6.989746E+02,-7.262029E-06,+7.459686E-06,-9.965034E+01,+2.342769E+00
+6.992188E+02,+2.740094E-07,-1.213673E-05,-9.831575E+01,-1.548223E+00
+6.994629E+02,-1.335275E-05,+1.839197E-06,-9.740697E+01,+3.004715E+00
+6.997070E+02,-5.766660E-06,+3.191551E-06,-1.036211E+02,+2.636106E+00
+6.999512E+02,-2.622951E-06,-4.036175E-06,-1.063506E+02,-2.147074E+00
+7.001953E+02,-1.343595E-05,+4.743233E-06,-9.692455E+01,+2.802225E+00
+7.004395E+02,-4.325070E-06,+1.367152E-05,-9.686942E+01,+1.877190E+00
+7.006836E+02,-3.241229E-06,-2.673648E-06,-1.075316E+02,-2.451860E+00
+7.009277E+02,-3.954310E-06,+1.940851E-05,-9.406352E+01,+1.771786E+00
+7.011719E+02,-2.488878E-06,+5.526982E-06,-1.043484E+02,+1.993911E+00
+7.014160E+02,-2.430953E-06,+2.089245E-05,-9.354181E+01,+1.686631E+00
+7.016602E+02,-1.488323E-06,+7.335385E-06,-1.025163E+02,+1.770975E+00
+7.019043E+02,-3.542618E-06,+3.853138E-05,-8.824715E+01,+1.662480E+00
+7.021484E+02,+4.775414E-06,+8.535948E-05,-8.136139E+01,+1.514910E+00
+7.023926E+02,+2.902518E-04,-7.296359E-05,-7.047838E+01,-2.462773E-01
+7.026367E+02,-1.681720E-04,-1.437985E-04,-7.310160E+01,-2.434164E+00
+7.028809E+02,-2.829163E-05,+2.401420E-05,-8.861035E+01,+2.437790E+00
+7.031250E+02,-9.066216E-06,+9.389479E-06,-9.768636E+01,+2.338681E+00
+7.033691E+02,+8.048422E-06,+1.256215E-05,-9.652505E+01,+1.000995E+00
+7.036133E+02,+3.303718E-05,-7.783908E-05,-8.145671E+01,-1.169409E+00
+7.038574E+02,-8.991196E-05,+2.638398E-05,-8.056492E+01,+2.856163E+00
+7.041016E+02,+2.915269E-06,+1.674670E-05,-9.539176E+01,+1.398443E+00
+7.043457E+02,+1.062878E-05,+9.488524E-06,-9.692497E+01,+7.287785E-01
+7.045898E+02,-5.445901E-06,+1.222252E-06,-1.050652E+02,+2.920816E+00
+7.048340E+02,+6.245169E-06,-3.127923E-06,-1.031171E+02,-4.643312E-01
+7.050781E+02,-5.459144E-06,-3.413686E-06,-1.038242E+02,-2.582767E+00
+7.053223E+02,-1.020395E-05,+3.221792E-06,-9.941193E+01,+2.835759E+00
+7.055664E+02,-3.769821E-06,-4.597710E-06,-1.045161E+02,-2.257575E+00
+7.058105E+02,-5.548151E-06,+6.121945E-06,-1.016583E+02,+2.307066E+00
+7.060547E+02,+1.477403E-06,+4.084558E-06,-1.072431E+02,+1.223733E+00
+7.062988E+02,-4.594306E-06,+3.622971E-06,-1.046555E+02,+2.473855E+00
+7.065430E+02,+2.013552E-06,-2.662729E-06,-1.095294E+02,-9.233398E-01
+7.067871E+02,-1.245896E-05,+9.988281E-06,-9.593475E+01,+2.465819E+00
+7.070312E+02,+6.691522E-06,-4.569003E-06,-1.018275E+02,-5.990920E-01
+7.072754E+02,+7.349858E-06,+1.049382E-05,-9.784783E+01,+9.598029E-01
+7.075195E+02,-7.730648E-06,-2.233840E-06,-1.018874E+02,-2.860296E+00
+7.077637E+02,+5.415960E-06,+5.329822E-06,-1.023853E+02,+7.773824E-01
+7.080078E+02,-1.058308E-07,-8.326630E-06,-1.015899E+02,-1.583506E+00
+7.082520E+02,-1.905462E-06,+1.659040E-05,-9.554595E+01,+1.685148E+00
+7.084961E+02,+1.354084E-05,-2.423883E-05,-9.113016E+01,-1.061342E+00
+7.087402E+02,-2.416201E-05,+1.562051E-06,-9.231922E+01,+3.077034E+00
+7.089844E+02,+7.582219E-06,+1.020576E-05,-9.791431E+01,+9.318318E-01
+7.092285E+02,+4.991929E-06,-6.433113E-06,-1.017846E+02,-9.108780E-01
+7.094727E+02,-3.733390E-06,-1.440629E-06,-1.079551E+02,-2.773320E+00
+7.097168E+02,-8.748543E-06,-4.452878E-06,-1.001608E+02,-2.670783E+00
+7.099609E+02,-1.557208E-05,-3.890592E-06,-9.589011E+01,-2.896761E+00
+7.102051E+02,+4.699296E-05,+1.205088E-05,-8.628274E+01,+2.510308E-01
+7.104492E+02,-8.352128E-05,-4.151135E-05,-8.060531E+01,-2.680336E+00
+7.106934E+02,+1.145911E-05,+5.326285E-05,-8.527501E+01,+1.358884E+00
+7.109375E+02,+7.583279E-06,-2.262276E-05,-9.244662E+01,-1.247362E+00
+7.111816E+02,-2.674246E-05,+2.053444E-05,-8.944307E+01,+2.486759E+00
+7.114258E+02,+2.740915E-07,-3.287657E-07,-1.273704E+02,-8.758426E-01
+7.116699E+02,-8.444532E-05,-5.059803E-06,-8.145293E+01,-3.081746E+00
+7.119141E+02,+1.203852E-03,+8.079505E-04,-5.677359E+01,+5.910918E-01
+7.121582E+02,-3.344797E-03,-3.404247E-03,-4.642512E+01,-2.347386E+00
+7.124023E+02,+1.176165E-03,+5.217015E-03,-4.543625E+01,+1.349056E+00
+7.126465E+02,+2.301058E-03,-1.198220E-03,-5.171947E+01,-4.800903E-01
+7.128906E+02,+4.124998E-07,-1.285824E-03,-5.781637E+01,-1.570476E+00
+7.131348E+02,-4.977324E-04,-4.805808E-04,-6.319941E+01,-2.373724E+00
+7.133789E+02,-3.921023E-04,-4.646105E-05,-6.807146E+01,-3.023650E+00
+7.136230E+02,-1.995207E-04,+9.266689E-05,-7.315194E+01,+2.706789E+00
+7.138672E+02,-8.129516E-05,+1.301449E-04,-7.628072E+01,+2.129145E+00
+7.141113E+02,-2.460211E-05,-7.694768E-06,-9.177522E+01,-2.838463E+00
+7.143555E+02,-5.624403E-05,+9.807041E-05,-7.893428E+01,+2.091507E+00
+7.145996E+02,+3.542447E-05,+5.124779E-05,-8.411031E+01,+9.659745E-01
+7.148438E+02,+1.398717E-05,+1.426315E-05,-9.398942E+01,+7.951671E-01
+7.150879E+02,+1.196304E-05,+1.236904E-05,-9.528551E+01,+8.020823E-01
+7.153320E+02,+8.807772E-06,+1.828080E-06,-1.009195E+02,+2.046475E-01
+7.155762E+02,+6.898457E-06,+4.222662E-06,-1.018429E+02,+5.492814E-01
+7.158203E+02,+1.103185E-05,-7.109080E-06,-9.763864E+01,-5.724385E-01
+7.160645E+02,-1.600495E-05,-3.370674E-06,-9.572643E+01,-2.934024E+00
+7.163086E+02,-3.406162E-06,+1.182588E-05,-9.819721E+01,+1.851232E+00
+7.165527E+02,+1.336706E-05,-4.672491E-07,-9.747398E+01,-3.494103E-02
+7.167969E+02,-4.741856E-06,-2.163650E-06,-1.056596E+02,-2.713522E+00
+7.170410E+02,-3.870465E-06,-2.551798E-07,-1.082259E+02,-3.075758E+00
+7.172852E+02,+4.678783E-06,+2.680446E-06,-1.053647E+02,+5.202500E-01
+7.175293E+02,-7.336460E-06,+4.620540E-06,-1.012394E+02,+2.579545E+00
+7.177734E+02,-1.284598E-06,-7.444763E-07,-1.165670E+02,-2.616353E+00
+7.180176E+02,-2.636104E-06,+5.131146E-06,-1.047785E+02,+2.045380E+00
+7.182617E+02,-1.157552E-07,+4.759056E-06,-1.064470E+02,+1.595115E+00
+7.185059E+02,+6.578386E-06,+1.654681E-06,-1.033712E+02,+2.464210E-01
+7.187500E+02,-1.897933E-06,+1.111548E-05,-9.895663E+01,+1.739912E+00
+7.189941E+02,+3.677403E-06,+1.234733E-07,-1.086843E+02,+3.356361E-02
+7.192383E+02,+9.232152E-06,-5.768427E-07,-1.006770E+02,-6.240082E-02
+7.194824E+02,-1.147997E-07,+3.582995E-06,-1.089106E+02,+1.602826E+00
+7.197266E+02,+3.094198E-06,-2.260925E-06,-1.083310E+02,-6.310332E-01
+7.199707E+02,+6.399836E-06,+5.488542E-06,-1.014824E+02,+7.088936E-01
+7.202148E+02,+4.995243E-06,-8.744059E-06,-9.993915E+01,-1.051768E+00
+7.204590E+02,+3.110369E-06,+3.483677E-06,-1.066134E+02,+8.419508E-01
+7.207031E+02,+2.558105E-06,-6.328652E-06,-1.033165E+02,-1.186666E+00
+7.209473E+02,-4.534537E-06,-7.015139E-06,-1.015630E+02,-2.144632E+00
+7.211914E+02,+2.793607E-06,+7.529981E-06,-1.019041E+02,+1.215539E+00
+7.214355E+02,+4.295950E-06,-4.353171E-06,-1.042707E+02,-7.920139E-01
+7.216797E+02,+4.296262E-06,-3.222258E-06,-1.053999E+02,-6.435102E-01
+7.219238E+02,-7.580536E-06,-6.672744E-06,-9.991443E+01,-2.419799E+00
+7.221680E+02,+5.017121E-06,+5.006625E-06,-1.029897E+02,+7.843511E-01
+7.224121E+02,+2.069700E-06,-9.363675E-06,-1.003639E+02,-1.353259E+00
+7.226562E+02,-3.680835E-06,-5.365524E-06,-1.037328E+02,-2.172075E+00
+7.229004E+02,-5.776745E-07,+2.345054E-06,-1.123411E+02,+1.812325E+00
+7.231445E+02,-7.553223E-06,-9.302974E-06,-9.842857E+01,-2.252760E+00
+7.233887E+02,-4.269217E-06,+8.540348E-06,-1.004018E+02,+2.034354E+00
+7.236328E+02,+2.341814E-06,+4.038642E-07,-1.124817E+02,+1.707780E-01
+7.238770E+02,-1.252373E-06,-5.030354E-06,-1.057069E+02,-1.814799E+00
+7.241211E+02,-1.607562E-07,+8.921173E-06,-1.009902E+02,+1.588814E+00
+7.243652E+02,+2.273033E-07,-1.290451E-05,-9.778382E+01,-1.553184E+00
+7.246094E+02,-9.994988E-06,+1.597525E-05,-9.449639E+01,+2.129866E+00
+7.248535E+02,+9.827107E-06,-9.832164E-06,-9.713895E+01,-7.856554E-01
+7.250977E+02,-2.818789E-06,+6.064749E-06,-1.034943E+02,+2.005875E+00
+7.253418E+02,-4.004737E-06,-3.108305E-06,-1.059008E+02,-2.481560E+00
+7.255859E+02,+1.104766E-06,-2.806945E-06,-1.104099E+02,-1.195834E+00
+7.258301E+02,+3.890459E-06,+6.726605E-06,-1.021909E+02,+1.046434E+00
+7.260742E+02,-6.945058E-06,-3.742415E-06,-1.020593E+02,-2.647342E+00
+7.263184E+02,+5.688091E-06,+1.138515E-06,-1.047301E+02,+1.975471E-01
+7.265625E+02,-6.124732E-06,-4.010009E-06,-1.027090E+02,-2.561904E+00
+7.268066E+02,+5.205585E-06,+7.834240E-06,-1.005319E+02,+9.843189E-01
+7.270508E+02,-3.035995E-06,-3.952926E-06,-1.060480E+02,-2.225742E+00
+7.272949E+02,+3.163578E-06,+3.821671E-06,-1.060883E+02,+8.793327E-01
+7.275391E+02,-5.986472E-06,-2.913226E-06,-1.035335E+02,-2.688694E+00
+7.277832E+02,+2.161117E-06,-3.733982E-06,-1.073018E+02,-1.046133E+00
+7.280273E+02,-1.541703E-06,+8.539070E-06,-1.012325E+02,+1.749419E+00
+7.282715E+02,+4.393147E-06,-5.877089E-06,-1.026890E+02,-9.288946E-01
+7.285156E+02,-3.324414E-06,+1.704049E-06,-1.085525E+02,+2.667927E+00
+7.287598E+02,+3.452130E-06,+4.035150E-06,-1.054976E+02,+8.631095E-01
+7.290039E+02,-8.880685E-07,-6.101923E-06,-1.041996E+02,-1.715321E+00
+7.292480E+02,-9.820379E-07,+2.379302E-06,-1.117878E+02,+1.962239E+00
+7.294922E+02,-3.006911E-06,-2.670698E-06,-1.079118E+02,-2.415343E+00
+7.297363E+02,+2.665705E-06,+5.099041E-06,-1.048009E+02,+1.089087E+00
+7.299805E+02,-3.016886E-06,-2.657710E-06,-1.079142E+02,-2.419406E+00
+7.302246E+02,+4.749545E-06,+4.235858E-06,-1.039254E+02,+7.282913E-01
+7.304688E+02,-1.593563E-06,-3.863264E-06,-1.075785E+02,-1.962024E+00
+7.307129E+02,-6.815454E-06,+4.356937E-07,-1.033124E+02,+3.077752E+00
+7.309570E+02,+1.142357E-05,-1.484159E-07,-9.884323E+01,-1.299135E-02
+7.312012E+02,-5.810505E-06,-4.031591E-06,-1.030089E+02,-2.535009E+00
+7.314453E+02,-7.580384E-06,+9.134116E-06,-9.851106E+01,+2.263504E+00
+7.316895E+02,+8.377724E-06,-5.335910E-06,-1.000587E+02,-5.671226E-01
+7.319336E+02,+6.275776E-06,+7.664076E-06,-1.000823E+02,+8.846630E-01
+7.321777E+02,-2.388312E-06,-1.322484E-05,-9.743282E+01,-1.749463E+00
+7.324219E+02,-1.507356E-05,+3.539953E-06,-9.620254E+01,+2.910927E+00
+7.326660E+02,+7.214347E-06,+5.777340E-06,-1.006842E+02,+6.752362E-01
+7.329102E+02,+1.972277E-06,+3.071339E-06,-1.087540E+02,+9.999557E-01
+7.331543E+02,+6.114084E-06,+6.371728E-07,-1.042265E+02,+1.038391E-01
+7.333984E+02,-8.709388E-07,-1.171975E-05,-9.859772E+01,-1.644974E+00
+7.336426E+02,-2.130264E-06,-1.262366E-07,-1.134161E+02,-3.082403E+00
+7.338867E+02,-5.607641E-06,-3.433806E-07,-1.050081E+02,-3.080435E+00
+7.341309E+02,+3.841695E-07,+9.191498E-06,-1.007247E+02,+1.529024E+00
+7.343750E+02,+2.122021E-06,-4.545104E-06,-1.059927E+02,-1.133994E+00
+7.346191E+02,-4.171803E-06,+2.219969E-06,-1.065107E+02,+2.652567E+00
+7.348633E+02,+8.661495E-06,+2.175943E-06,-1.009824E+02,+2.461268E-01
+7.351074E+02,-1.186971E-05,-2.379312E-06,-9.834011E+01,-2.943762E+00
+7.353516E+02,+1.275061E-05,+2.271345E-06,-9.775371E+01,+1.762869E-01
+7.355957E+02,-1.087061E-05,-2.278535E-06,-9.908818E+01,-2.934979E+00
+7.358398E+02,+1.438243E-05,+3.326944E-06,-9.661697E+01,+2.273217E-01
+7.360840E+02,-8.517436E-06,+9.992909E-07,-1.013344E+02,+3.024804E+00
+7.363281E+02,-3.910417E-06,-2.179878E-06,-1.069803E+02,-2.633044E+00
+7.365723E+02,+7.394384E-06,-5.999149E-06,-1.004255E+02,-6.816003E-01
+7.368164E+02,-8.910496E-06,+7.656342E-06,-9.860069E+01,+2.431753E+00
+7.370605E+02,+7.879373E-06,-6.150960E-06,-1.000035E+02,-6.628246E-01
+7.373047E+02,-2.456178E-06,+4.596402E-06,-1.056607E+02,+2.061560E+00
+7.375488E+02,+2.667925E-08,-4.697812E-06,-1.065620E+02,-1.565117E+00
+7.377930E+02,-8.014928E-06,+5.967200E-06,-1.000067E+02,+2.501614E+00
+7.380371E+02,+1.076833E-05,+5.818390E-07,-9.934438E+01,+5.397996E-02
+7.382812E+02,-1.399109E-06,-4.500186E-06,-1.065347E+02,-1.872223E+00
+7.385254E+02,-8.315078E-06,+6.351024E-06,-9.960681E+01,+2.489320E+00
+7.387695E+02,+9.045616E-06,-6.508912E-06,-9.905916E+01,-6.237367E-01
+7.390137E+02,-5.910177E-06,+2.561782E-06,-1.038203E+02,+2.732584E+00
+7.392578E+02,+7.753019E-06,-9.623814E-07,-1.021442E+02,-1.234982E-01
+7.395020E+02,-9.070609E-06,+5.210100E-06,-9.960899E+01,+2.620214E+00
+7.397461E+02,+5.997489E-06,-4.601466E-06,-1.024303E+02,-6.544387E-01
+7.399902E+02,+5.391211E-07,+2.480646E-06,-1.119083E+02,+1.356793E+00
+7.402344E+02,-4.427421E-06,-1.308122E-06,-1.067135E+02,-2.854307E+00
+7.404785E+02,+3.402935E-06,+3.796168E-06,-1.058518E+02,+8.399665E-01
+7.407227E+02,+1.694988E-07,-2.603520E-06,-1.116704E+02,-1.505784E+00
+7.409668E+02,+2.821209E-06,-3.283782E-06,-1.072717E+02,-8.610232E-01
+7.412109E+02,-5.770712E-06,+9.692740E-06,-9.895341E+01,+2.107800E+00
+7.414551E+02,+4.316259E-06,-8.537481E-06,-1.003849E+02,-1.102706E+00
+7.416992E+02,-3.643661E-06,+5.109071E-06,-1.040474E+02,+2.190310E+00
+7.419434E+02,+4.432531E-06,-3.211921E-06,-1.052340E+02,-6.270621E-01
+7.421875E+02,-1.952160E-06,-5.638945E-06,-1.044844E+02,-1.904075E+00
+7.424316E+02,-1.934931E-06,+1.341689E-05,-9.735756E+01,+1.714025E+00
+7.426758E+02,+3.222323E-06,-1.067707E-05,-9.905238E+01,-1.277690E+00
+7.429199E+02,-4.406753E-08,+7.409537E-06,-1.026040E+02,+1.576744E+00
+7.431641E+02,+2.408988E-06,-5.240888E-06,-1.047794E+02,-1.139944E+00
+7.434082E+02,-5.961301E-06,+7.113494E-06,-1.006480E+02,+2.268298E+00
+7.436523E+02,+6.725661E-06,-1.143937E-05,-9.754256E+01,-1.039292E+00
+7.438965E+02,-5.310156E-06,+6.243324E-06,-1.017278E+02,+2.275600E+00
+7.441406E+02,+4.464930E-06,+2.147077E-06,-1.061003E+02,+4.482317E-01
+7.443848E+02,-1.467123E-06,+1.024197E-08,-1.166705E+02,+3.134612E+00
+7.446289E+02,+2.323474E-06,-5.295516E-06,-1.047572E+02,-1.157327E+00
+7.448730E+02,-6.316621E-06,+4.713324E-06,-1.020680E+02,+2.500542E+00
+7.451172E+02,+1.135580E-05,-3.516603E-06,-9.849794E+01,-3.003089E-01
+7.453613E+02,-6.851202E-06,+2.032629E-06,-1.029183E+02,+2.853183E+00
+7.456055E+02,+3.500528E-07,-3.134881E-06,-1.100218E+02,-1.459593E+00
+7.458496E+02,+1.613141E-07,+3.695346E-06,-1.086386E+02,+1.527171E+00
+7.460938E+02,-3.765428E-06,-4.906174E-06,-1.041738E+02,-2.225396E+00
+7.463379E+02,+1.127876E-05,+6.447205E-06,-9.772687E+01,+5.192932E-01
+7.465820E+02,-7.468879E-06,-5.610385E-06,-1.005918E+02,-2.497344E+00
+7.468262E+02,+2.670764E-06,-2.237746E-06,-1.091576E+02,-6.974081E-01
+7.470703E+02,+9.955236E-07,+4.366478E-06,-1.069773E+02,+1.346636E+00
+7.473145E+02,-1.909883E-06,-7.423389E-06,-1.023096E+02,-1.822614E+00
+7.475586E+02,-6.382342E-06,+4.638869E-06,-1.020584E+02,+2.513087E+00
+7.478027E+02,+1.322518E-06,-3.467714E-06,-1.086094E+02,-1.206444E+00
+7.480469E+02,+1.657463E-07,+6.240876E-06,-1.040920E+02,+1.544244E+00
+7.482910E+02,+8.062220E-07,-3.092286E-06,-1.099088E+02,-1.315754E+00
+7.485352E+02,-9.535761E-07,-1.242798E-06,-1.161015E+02,-2.225266E+00
+7.487793E+02,-2.451903E-07,+6.999814E-06,-1.030929E+02,+1.605810E+00
+7.490234E+02,+1.310237E-06,-2.791909E-06,-1.102175E+02,-1.132011E+00
+7.492676E+02,+3.494340E-07,+2.098302E-06,-1.134438E+02,+1.405779E+00
+7.495117E+02,+2.974511E-06,-5.222911E-06,-1.044217E+02,-1.053096E+00
+7.497559E+02,-2.797751E-06,+6.012595E-06,-1.035676E+02,+2.006313E+00
+7.500000E+02,-2.654749E-06,-2.365466E-06,-1.089815E+02,-2.413755E+00
+7.502441E+02,+6.571570E-06,-3.120529E-06,-1.027635E+02,-4.433284E-01
+7.504883E+02,-2.257618E-06,+5.698804E-06,-1.042512E+02,+1.947985E+00
+7.507324E+02,+3.109950E-06,-6.413099E-06,-1.029414E+02,-1.119271E+00
+7.509766E+02,-7.131040E-06,-1.746428E-06,-1.026840E+02,-2.901415E+00
+7.512207E+02,+4.821049E-06,+1.277809E-05,-9.729269E+01,+1.210019E+00
+7.514648E+02,-3.872078E-06,-1.116601E-05,-9.854888E+01,-1.904594E+00
+7.517090E+02,+8.081201E-06,+4.699591E-06,-1.005853E+02,+5.267400E-01
+7.519531E+02,-2.642204E-06,-4.197153E-06,-1.060911E+02,-2.132641E+00
+7.521973E+02,-5.957289E-06,+1.994694E-06,-1.040375E+02,+2.818494E+00
+7.524414E+02,+3.107059E-06,+1.140590E-07,-1.101472E+02,+3.669315E-02
+7.526855E+02,+9.537185E-07,-6.333402E-07,-1.188250E+02,-5.862058E-01
+7.529297E+02,+2.286188E-06,-2.472307E-06,-1.094543E+02,-8.244913E-01
+7.531738E+02,-4.460855E-06,+2.926527E-06,-1.054571E+02,+2.560979E+00
+7.534180E+02,+9.181294E-07,+1.736568E-06,-1.141357E+02,+1.084450E+00
+7.536621E+02,+3.740255E-06,+9.568142E-07,-1.082667E+02,+2.504443E-01
+7.539062E+02,-2.124733E-06,-6.896513E-06,-1.028336E+02,-1.869657E+00
+7.541504E+02,+1.902698E-06,+4.060501E-06,-1.069663E+02,+1.132593E+00
+7.543945E+02,-1.620907E-06,+1.901987E-06,-1.120448E+02,+2.276577E+00
+7.546387E+02,+5.254900E-07,-6.891558E-06,-1.032085E+02,-1.494692E+00
+7.548828E+02,-3.378895E-06,+1.928672E-06,-1.081997E+02,+2.622921E+00
+7.551270E+02,+2.404345E-06,+1.204642E-06,-1.114074E+02,+4.644689E-01
+7.553711E+02,-7.349640E-06,+1.975518E-06,-1.023717E+02,+2.879008E+00
+7.556152E+02,+9.502732E-06,-1.788456E-06,-1.002919E+02,-1.860283E-01
+7.558594E+02,-4.162226E-07,+1.254959E-06,-1.175742E+02,+1.891042E+00
+7.561035E+02,-6.526614E-06,+8.001741E-07,-1.036414E+02,+3.019600E+00
+7.563477E+02,+5.488136E-06,-5.232670E-06,-1.024033E+02,-7.615737E-01
+7.565918E+02,-5.817098E-06,+9.692712E-06,-9.893513E+01,+2.111327E+00
+7.568359E+02,+7.178834E-06,-9.707647E-06,-9.836320E+01,-9.340472E-01
+7.570801E+02,-3.860442E-06,+8.024819E-06,-1.010072E+02,+2.019180E+00
+7.573242E+02,+4.127192E-06,-8.462875E-06,-1.005230E+02,-1.117052E+00
+7.575684E+02,-5.042401E-06,+4.408642E-06,-1.034812E+02,+2.423151E+00
+7.578125E+02,+4.850168E-06,+1.864732E-06,-1.056861E+02,+3.670450E-01
+7.580566E+02,-1.514041E-06,-1.352472E-06,-1.138494E+02,-2.412499E+00
+7.583008E+02,-3.429207E-06,-3.101001E-06,-1.067008E+02,-2.406412E+00
+7.585449E+02,-3.546498E-07,-2.518605E-07,-1.272306E+02,-2.524076E+00
+7.587891E+02,+5.018735E-06,+3.657029E-06,-1.041385E+02,+6.297132E-01
+7.590332E+02,-4.058331E-06,+1.879020E-06,-1.069895E+02,+2.707978E+00
+7.592773E+02,+3.723725E-06,-8.140330E-06,-1.009620E+02,-1.141771E+00
+7.595215E+02,-2.448612E-06,+2.366804E-06,-1.093564E+02,+2.373182E+00
+7.597656E+02,+1.696585E-06,+6.858897E-06,-1.030170E+02,+1.328308E+00
+7.600098E+02,-3.814381E-06,-8.460407E-06,-1.006486E+02,-1.994357E+00
+7.602539E+02,+2.962148E-06,-3.238787E-06,-1.071525E+02,-8.299812E-01
+7.604980E+02,+8.772415E-07,+1.353858E-05,-9.735035E+01,+1.506091E+00
+7.607422E+02,-3.818909E-06,-8.459418E-06,-1.006477E+02,-1.994846E+00
+7.609863E+02,-1.463481E-06,-2.514932E-07,-1.165659E+02,-2.971409E+00
+7.612305E+02,+8.477629E-06,-7.105447E-07,-1.014041E+02,-8.361864E-02
+7.614746E+02,-1.087507E-05,+2.731275E-06,-9.900572E+01,+2.895532E+00
+7.617188E+02,+7.549264E-06,+1.077690E-06,-1.023543E+02,+1.417963E-01
+7.619629E+02,-3.932769E-06,+2.485947E-07,-1.080887E+02,+3.078465E+00
+7.622070E+02,+1.512706E-06,-7.072839E-06,-1.028139E+02,-1.360095E+00
+7.624512E+02,+3.811251E-06,+7.562148E-06,-1.014441E+02,+1.103961E+00
+7.626953E+02,-2.558951E-06,-1.900483E-06,-1.099310E+02,-2.502792E+00
+7.629395E+02,-7.422038E-06,-5.437221E-07,-1.025663E+02,-3.068465E+00
+7.631836E+02,+3.729128E-06,+8.190368E-07,-1.083633E+02,+2.161995E-01
+7.634277E+02,+8.749303E-07,-1.240131E-06,-1.163763E+02,-9.563791E-01
+7.636719E+02,+2.087679E-06,-1.860135E-06,-1.110688E+02,-7.278240E-01
+7.639160E+02,+2.182581E-06,+4.043056E-06,-1.067551E+02,+1.075791E+00
+7.641602E+02,-7.072134E-06,-2.008897E-06,-1.026720E+02,-2.864825E+00
+7.644043E+02,+4.480780E-06,+2.382454E-06,-1.058916E+02,+4.886889E-01
+7.646484E+02,+2.964779E-06,-4.090511E-06,-1.059308E+02,-9.436229E-01
+7.648926E+02,-3.315354E-06,+3.523096E-06,-1.063071E+02,+2.325825E+00
+7.651367E+02,-7.285365E-06,+3.806517E-07,-1.027391E+02,+3.089391E+00
+7.653809E+02,+1.091765E-05,-6.254342E-06,-9.800487E+01,-5.202283E-01
+7.656250E+02,-7.092779E-06,+1.070757E-05,-9.782623E+01,+2.155845E+00
+7.658691E+02,+8.330108E-06,-1.289737E-05,-9.627579E+01,-9.973254E-01
+7.661133E+02,-8.872276E-06,+7.812399E-06,-9.854646E+01,+2.419633E+00
+7.663574E+02,+7.251531E-07,-2.536292E-06,-1.115748E+02,-1.292315E+00
+7.666016E+02,+2.959453E-06,+2.533323E-06,-1.081884E+02,+7.079731E-01
+7.668457E+02,-4.820599E-06,+1.306501E-06,-1.060301E+02,+2.876926E+00
+7.670898E+02,+4.075371E-06,-4.778016E-06,-1.040408E+02,-8.645967E-01
+7.673340E+02,+1.136237E-07,+4.916391E-06,-1.061647E+02,+1.547689E+00
+7.675781E+02,+6.749756E-07,-8.010497E-07,-1.195969E+02,-8.706060E-01
+7.678223E+02,-3.060672E-06,-2.537401E-06,-1.080117E+02,-2.449397E+00
+7.680664E+02,+1.215178E-07,+1.063478E-06,-1.194091E+02,+1.457025E+00
+7.683105E+02,+2.693384E-06,+4.726457E-06,-1.052880E+02,+1.052839E+00
+7.685547E+02,-2.798895E-06,-8.588435E-06,-1.008834E+02,-1.885834E+00
+7.687988E+02,+1.919998E-06,+5.264404E-06,-1.050307E+02,+1.221074E+00
+7.690430E+02,-4.755179E-07,+2.763260E-06,-1.110448E+02,+1.741213E+00
+7.692871E+02,+1.935328E-06,-6.985397E-06,-1.027950E+02,-1.300522E+00
+7.695312E+02,-6.635269E-06,+4.388487E-06,-1.019870E+02,+2.557254E+00
+7.697754E+02,+7.193853E-06,+1.821990E-06,-1.025908E+02,+2.480542E-01
+7.700195E+02,-1.701434E-06,-4.447015E-06,-1.064453E+02,-1.936214E+00
+7.702637E+02,-2.886413E-06,+4.826347E-06,-1.049997E+02,+2.109783E+00
+7.705078E+02,+2.733272E-06,-4.406931E-06,-1.057038E+02,-1.015641E+00
+7.707520E+02,-5.112826E-08,+5.801385E-06,-1.047290E+02,+1.579609E+00
+7.709961E+02,+6.202869E-07,-5.235852E-07,-1.218118E+02,-7.010598E-01
+7.712402E+02,-7.346811E-06,-7.084777E-06,-9.982259E+01,-2.374350E+00
+7.714844E+02,+1.574354E-05,+4.322314E-06,-9.574235E+01,+2.679433E-01
+7.717285E+02,-1.478239E-05,-5.220284E-07,-9.659969E+01,-3.106293E+00
+7.719727E+02,+2.255661E-06,-1.901322E-06,-1.106033E+02,-7.003641E-01
+7.722168E+02,+4.530471E-06,+5.825744E-06,-1.026389E+02,+9.098241E-01
+7.724609E+02,-4.388669E-06,+2.688104E-06,-1.057698E+02,+2.592025E+00
+7.727051E+02,+5.977322E-06,-1.200730E-05,-9.744960E+01,-1.108904E+00
+7.729492E+02,-2.241119E-06,+9.668893E-06,-1.000652E+02,+1.798561E+00
+7.731934E+02,+2.502953E-06,-5.594921E-06,-1.042518E+02,-1.150139E+00
+7.734375E+02,-7.035063E-06,+4.488389E-06,-1.015715E+02,+2.573698E+00
+7.736816E+02,+4.122732E-06,+2.240247E-07,-1.076835E+02,+5.428550E-02
+7.739258E+02,+4.493213E-06,-5.229144E-06,-1.032301E+02,-8.609489E-01
+7.741699E+02,-9.045619E-06,+4.651716E-06,-9.985221E+01,+2.666610E+00
+7.744141E+02,+1.026422E-05,-6.302310E-07,-9.975714E+01,-6.132379E-02
+7.746582E+02,-8.041244E-06,-1.618771E-06,-1.017210E+02,-2.942939E+00
+7.749023E+02,+6.730855E-06,+2.264373E-06,-1.029730E+02,+3.245231E-01
+7.751465E+02,-3.594591E-06,-4.490259E-06,-1.048039E+02,-2.245861E+00
+7.753906E+02,+2.109016E-06,+6.640817E-06,-1.031382E+02,+1.263287E+00
+7.756348E+02,-6.620567E-06,-5.782979E-06,-1.011196E+02,-2.423620E+00
+7.758789E+02,+7.596179E-06,+6.704835E-08,-1.023878E+02,+8.826359E-03
+7.761230E+02,-4.334645E-06,+2.628926E-07,-1.072450E+02,+3.081018E+00
+7.763672E+02,+1.676271E-06,+4.231849E-06,-1.068364E+02,+1.193649E+00
+7.766113E+02,+1.568921E-06,-4.755008E-06,-1.060082E+02,-1.252093E+00
+7.768555E+02,-3.929903E-06,+4.031868E-06,-1.049894E+02,+2.343389E+00
+7.770996E+02,+1.813807E-06,-3.692450E-06,-1.077150E+02,-1.114197E+00
+7.773438E+02,+1.431352E-06,+4.762724E-06,-1.060674E+02,+1.278851E+00
+7.775879E+02,-1.038107E-06,-6.964535E-06,-1.030467E+02,-1.718763E+00
+7.778320E+02,+8.177019E-10,+7.066200E-06,-1.030163E+02,+1.570681E+00
+7.780762E+02,+1.894297E-06,-5.926246E-06,-1.041219E+02,-1.261415E+00
+7.783203E+02,-5.715654E-06,+3.169650E-06,-1.036942E+02,+2.635258E+00
+7.785645E+02,+3.005708E-06,+2.417925E-06,-1.082738E+02,+6.774451E-01
+7.788086E+02,+5.745765E-06,-4.633237E-06,-1.026376E+02,-6.786156E-01
+7.790527E+02,-8.302593E-06,+1.682855E-06,-1.014409E+02,+2.941612E+00
+7.792969E+02,+9.261176E-06,+3.564985E-06,-1.000666E+02,+3.674555E-01
+7.795410E+02,-9.754950E-06,-5.410085E-06,-9.905082E+01,-2.635225E+00
+7.797852E+02,+5.095394E-06,+4.081561E-06,-1.037036E+02,+6.753684E-01
+7.800293E+02,+9.252350E-07,-4.618149E-06,-1.065397E+02,-1.373067E+00
+7.802734E+02,-2.691274E-06,+1.666100E-06,-1.099918E+02,+2.587265E+00
+7.805176E+02,+2.264977E-07,+1.463546E-06,-1.165891E+02,+1.417255E+00
+7.807617E+02,-5.250403E-07,-1.274579E-06,-1.172120E+02,-1.961547E+00
+7.810059E+02,+2.749401E-06,+1.131239E-07,-1.112079E+02,+4.112173E-02
+7.812500E+02,-3.353917E-06,-3.874227E-06,-1.058073E+02,-2.284334E+00
+7.814941E+02,-1.335275E-07,+9.695620E-06,-1.002677E+02,+1.584567E+00
+7.817383E+02,+4.545899E-06,-4.173126E-06,-1.041930E+02,-7.426702E-01
+7.819824E+02,-2.491677E-06,-4.933602E-06,-1.051501E+02,-2.038469E+00
+7.822266E+02,+8.728206E-08,+1.343947E-06,-1.174141E+02,+1.505943E+00
+7.824707E+02,+1.725607E-06,+4.556194E-06,-1.062458E+02,+1.208752E+00
+7.827148E+02,-1.398925E-06,-4.408157E-06,-1.066981E+02,-1.878093E+00
+7.829590E+02,-2.614550E-06,+6.928271E-06,-1.026093E+02,+1.931647E+00
+7.832031E+02,+1.247469E-07,-4.539247E-06,-1.068570E+02,-1.543321E+00
+7.834473E+02,+7.707094E-06,-1.067600E-07,-1.022614E+02,-1.385128E-02
+7.836914E+02,-6.275602E-06,+1.809619E-06,-1.037000E+02,+2.860851E+00
+7.839355E+02,+5.008916E-07,-3.268171E-06,-1.096131E+02,-1.418716E+00
+7.841797E+02,-1.559841E-08,+5.030220E-06,-1.059682E+02,+1.573897E+00
+7.844238E+02,+3.587378E-06,-9.271892E-06,-1.000508E+02,-1.201626E+00
+7.846680E+02,-2.538561E-06,+6.906082E-06,-1.026650E+02,+1.923049E+00
+7.849121E+02,-5.555294E-06,-1.897677E-06,-1.046265E+02,-2.812423E+00
+7.851562E+02,+1.025488E-05,+8.873110E-07,-9.974899E+01,+8.631077E-02
+7.854004E+02,-8.516884E-06,+2.188595E-06,-1.011167E+02,+2.890064E+00
+7.856445E+02,+5.630804E-06,-3.491277E-06,-1.035759E+02,-5.550187E-01
+7.858887E+02,-2.023485E-06,+1.332204E-06,-1.123142E+02,+2.559355E+00
+7.861328E+02,+2.364549E-06,-4.287499E-06,-1.062026E+02,-1.066803E+00
+7.863770E+02,-2.508563E-06,+5.806462E-06,-1.039785E+02,+1.978606E+00
+7.866211E+02,-1.048128E-07,-1.150409E-06,-1.187471E+02,-1.661655E+00
+7.868652E+02,-1.600014E-06,-7.426594E-07,-1.150702E+02,-2.707027E+00
+7.871094E+02,+9.979994E-06,-1.773036E-06,-9.988244E+01,-1.758245E-01
+7.873535E+02,-1.207823E-05,-1.078276E-07,-9.835959E+01,-3.132665E+00
+7.875977E+02,+4.422266E-06,+3.284060E-06,-1.051796E+02,+6.387608E-01
+7.878418E+02,+3.891155E-06,-2.412365E-06,-1.067860E+02,-5.549676E-01
+7.880859E+02,-3.689830E-06,+7.052318E-07,-1.085041E+02,+2.952742E+00
+7.883301E+02,-1.908179E-06,-4.840643E-06,-1.056746E+02,-1.946292E+00
+7.885742E+02,-2.801118E-07,+1.063737E-05,-9.946030E+01,+1.597123E+00
+7.888184E+02,+4.482033E-07,-1.520016E-05,-9.635926E+01,-1.541318E+00
+7.890625E+02,+4.703345E-06,+1.295915E-05,-9.721107E+01,+1.222644E+00
+7.893066E+02,-2.490562E-06,-7.278512E-06,-1.022783E+02,-1.900488E+00
+7.895508E+02,+2.914819E-06,+4.749038E-06,-1.050795E+02,+1.020313E+00
+7.897949E+02,-5.419070E-06,-1.921896E-06,-1.048070E+02,-2.800777E+00
+7.900391E+02,+2.811994E-06,-3.602862E-06,-1.068010E+02,-9.080661E-01
+7.902832E+02,+3.303593E-08,+2.296793E-06,-1.127767E+02,+1.556414E+00
+7.905273E+02,-4.100623E-06,+2.537486E-06,-1.063350E+02,+2.587461E+00
+7.907715E+02,+1.802841E-06,-5.786070E-06,-1.043499E+02,-1.268747E+00
+7.910156E+02,-9.619491E-07,+5.955379E-06,-1.043900E+02,+1.730939E+00
+7.912598E+02,+6.908367E-06,-3.554787E-06,-1.021924E+02,-4.752297E-01
+7.915039E+02,-6.417284E-06,-1.409909E-06,-1.036482E+02,-2.925324E+00
+7.917480E+02,-2.049278E-06,+1.384482E-06,-1.121351E+02,+2.547434E+00
+7.919922E+02,+3.415695E-06,+3.786377E-06,-1.058497E+02,+8.368216E-01
+7.922363E+02,+1.464547E-06,-4.784174E-06,-1.060148E+02,-1.273731E+00
+7.924805E+02,-2.400904E-06,-2.135315E-06,-1.098616E+02,-2.414676E+00
+7.927246E+02,+2.013534E-06,+9.622114E-06,-1.001485E+02,+1.364512E+00
+7.929688E+02,-5.777929E-06,-8.604245E-06,-9.968925E+01,-2.162152E+00
+7.932129E+02,+7.361867E-06,+2.508275E-06,-1.021833E+02,+3.283764E-01
+7.934570E+02,-4.634033E-06,-8.937546E-07,-1.065222E+02,-2.951065E+00
+7.937012E+02,+2.321433E-07,+1.144166E-06,-1.186550E+02,+1.370621E+00
+7.939453E+02,-2.168759E-06,-3.423426E-06,-1.078454E+02,-2.135489E+00
+7.941895E+02,+2.460434E-06,+7.604424E-06,-1.019463E+02,+1.257874E+00
+7.944336E+02,+8.779789E-09,-5.297167E-06,-1.055191E+02,-1.569139E+00
+7.946777E+02,-2.470440E-06,-2.746175E-06,-1.086504E+02,-2.303387E+00
+7.949219E+02,-1.060703E-06,+9.514545E-06,-1.003786E+02,+1.681820E+00
+7.951660E+02,+4.650311E-06,-4.329599E-06,-1.039393E+02,-7.496988E-01
+7.954102E+02,-4.727765E-06,-6.891981E-06,-1.015583E+02,-2.172051E+00
+7.956543E+02,+3.072021E-06,+1.351707E-05,-9.716363E+01,+1.347322E+00
+7.958984E+02,+3.041281E-06,-1.076389E-05,-9.902706E+01,-1.295429E+00
+7.961426E+02,-8.013641E-06,+8.232305E-06,-9.879462E+01,+2.342736E+00
+7.963867E+02,+3.964974E-06,-9.200473E-06,-9.998397E+01,-1.163894E+00
+7.966309E+02,+2.918013E-06,+1.088305E-05,-9.896348E+01,+1.308833E+00
+7.968750E+02,-4.803525E-06,-8.085980E-06,-1.005327E+02,-2.106834E+00
+7.971191E+02,+1.816782E-06,-3.637914E-07,-1.146432E+02,-1.976258E-01
+7.973633E+02,+2.844466E-06,+7.257816E-06,-1.021633E+02,+1.197277E+00
+7.976074E+02,+3.117931E-07,-4.198262E-06,-1.075147E+02,-1.496665E+00
+7.978516E+02,-7.256448E-06,-1.384950E-06,-1.026301E+02,-2.953003E+00
+7.980957E+02,+3.349906E-06,+2.133796E-06,-1.080203E+02,+5.671622E-01
+7.983398E+02,+4.698891E-06,+1.271555E-06,-1.062532E+02,+2.642780E-01
+7.985840E+02,-4.416896E-06,+2.961121E-06,-1.054856E+02,+2.551004E+00
+7.988281E+02,+4.127494E-06,-2.815052E-06,-1.060274E+02,-5.985597E-01
+7.990723E+02,-1.652836E-06,-9.458090E-06,-1.003533E+02,-1.743803E+00
+7.993164E+02,-1.873354E-06,+8.591343E-06,-1.011171E+02,+1.785487E+00
+7.995605E+02,+2.701202E-06,+2.730962E-06,-1.083107E+02,+7.908766E-01
+7.998047E+02,-5.168293E-06,-4.726280E-06,-1.030937E+02,-2.400837E+00
+8.000488E+02,+4.129878E-06,-2.972125E-06,-1.058688E+02,-6.238019E-01
+8.002930E+02,+2.106024E-07,+5.351291E-06,-1.054241E+02,+1.531461E+00
+8.005371E+02,+2.190834E-06,+1.851331E-06,-1.108475E+02,+7.016045E-01
+8.007812E+02,-5.383363E-06,+1.715927E-06,-1.049587E+02,+2.833027E+00
+8.010254E+02,+3.752495E-06,-8.370072E-06,-1.007500E+02,-1.149338E+00
+8.012695E+02,+1.954851E-06,+5.077097E-06,-1.052873E+02,+1.203259E+00
+8.015137E+02,-4.316820E-06,+3.329872E-07,-1.072710E+02,+3.064608E+00
+8.017578E+02,+8.937909E-07,-6.322632E-06,-1.038961E+02,-1.430363E+00
+8.020020E+02,+1.450302E-06,+7.861295E-06,-1.019448E+02,+1.388361E+00
+8.022461E+02,-3.488284E-06,-7.928860E-06,-1.012474E+02,-1.985259E+00
+8.024902E+02,+7.031684E-06,+4.659486E-06,-1.014779E+02,+5.852107E-01
+8.027344E+02,-7.725990E-06,+1.809442E-06,-1.020090E+02,+2.911537E+00
+8.029785E+02,+2.593951E-06,-2.768561E-06,-1.084183E+02,-8.179479E-01
+8.032227E+02,+5.434871E-06,+3.898891E-06,-1.034931E+02,+6.222982E-01
+8.034668E+02,-4.479489E-06,-6.284650E-06,-1.022503E+02,-2.190039E+00
+8.037109E+02,-1.530395E-06,-1.186361E-06,-1.142602E+02,-2.482158E+00
+8.039551E+02,+3.452084E-06,+7.179479E-06,-1.019749E+02,+1.122605E+00
+8.041992E+02,-2.316101E-06,-4.513486E-06,-1.058946E+02,-2.044909E+00
+8.044434E+02,+3.993210E-06,+1.881247E-07,-1.079639E+02,+4.707634E-02
+8.046875E+02,-8.737487E-06,-2.083072E-07,-1.011698E+02,-3.117757E+00
+8.049316E+02,+6.435663E-06,+6.494226E-07,-1.037841E+02,+1.005695E-01
+8.051758E+02,+1.284103E-06,+3.761129E-06,-1.080148E+02,+1.241791E+00
+8.054199E+02,-7.669360E-06,-4.018184E-06,-1.012514E+02,-2.658987E+00
+8.056641E+02,+5.467969E-06,-1.461050E-06,-1.049440E+02,-2.611017E-01
+8.059082E+02,-2.142097E-06,+6.366855E-06,-1.034558E+02,+1.895345E+00
+8.061523E+02,+2.612961E-06,-8.687409E-06,-1.008461E+02,-1.278628E+00
+8.063965E+02,+8.257333E-07,+4.162417E-06,-1.074455E+02,+1.374961E+00
+8.066406E+02,-4.529712E-06,+4.329916E-06,-1.040598E+02,+2.378742E+00
+8.068848E+02,-3.172483E-06,-6.417521E-06,-1.029031E+02,-2.029912E+00
+8.071289E+02,+1.036447E-05,+2.749932E-06,-9.939362E+01,+2.593474E-01
+8.073730E+02,-7.189991E-06,-2.086655E-06,-1.025142E+02,-2.859135E+00
+8.076172E+02,+2.609692E-06,+9.900403E-06,-9.979521E+01,+1.313064E+00
+8.078613E+02,-1.599209E-06,-1.104952E-05,-9.904311E+01,-1.714529E+00
+8.081055E+02,-3.587799E-07,+3.108355E-06,-1.100919E+02,+1.685712E+00
+8.083496E+02,+2.063447E-06,-1.953009E-06,-1.109302E+02,-7.579087E-01
+8.085938E+02,-4.315487E-06,+5.538639E-06,-1.030715E+02,+2.232700E+00
+8.088379E+02,+8.949588E-06,-1.982720E-06,-1.007558E+02,-2.180218E-01
+8.090820E+02,-6.968328E-06,-1.948358E-06,-1.028105E+02,-2.868953E+00
+8.093262E+02,+1.483665E-06,-1.105513E-06,-1.146554E+02,-6.403726E-01
+8.095703E+02,+1.024378E-07,+6.339834E-06,-1.039573E+02,+1.554640E+00
+8.098145E+02,-2.997720E-07,-7.189303E-06,-1.028587E+02,-1.612469E+00
+8.100586E+02,+1.094300E-06,+7.090327E-06,-1.028844E+02,+1.417668E+00
+8.103027E+02,+6.025536E-07,-1.737702E-06,-1.147074E+02,-1.237017E+00
+8.105469E+02,-4.359403E-06,-3.993358E-06,-1.045654E+02,-2.399990E+00
+8.107910E+02,+6.608956E-06,+1.143736E-06,-1.034692E+02,+1.713613E-01
+8.110352E+02,-6.929565E-06,+8.810830E-06,-9.900839E+01,+2.237241E+00
+8.112793E+02,+5.411281E-06,-1.265898E-05,-9.722319E+01,-1.166839E+00
+8.115234E+02,+2.418215E-06,+4.601415E-06,-1.056830E+02,+1.086928E+00
+8.117676E+02,-5.967081E-06,+5.751629E-06,-1.016312E+02,+2.374578E+00
+8.120117E+02,+1.368393E-06,-1.014026E-05,-9.980064E+01,-1.436660E+00
+8.122559E+02,+5.812497E-06,+6.911344E-06,-1.008857E+02,+8.715456E-01
+8.125000E+02,-8.453964E-06,-6.914431E-06,-9.923436E+01,-2.456037E+00
+8.127441E+02,+4.758956E-06,+5.530708E-06,-1.027379E+02,+8.602606E-01
+8.129883E+02,-2.672410E-06,-1.232974E-06,-1.106238E+02,-2.709322E+00
+8.132324E+02,+4.444036E-06,+2.074119E-06,-1.061886E+02,+4.366707E-01
+8.134766E+02,-6.603715E-06,-1.949528E-06,-1.032413E+02,-2.854530E+00
+8.137207E+02,+5.363725E-06,+2.759677E-06,-1.043907E+02,+4.751861E-01
+8.139648E+02,-5.190003E-07,+1.214718E-06,-1.175823E+02,+1.974580E+00
+8.142090E+02,-1.490770E-06,-1.182435E-05,-9.847596E+01,-1.696211E+00
+8.144531E+02,+3.446501E-06,+9.811787E-06,-9.965976E+01,+1.232998E+00
+8.146973E+02,-1.536024E-06,+1.482603E-06,-1.134128E+02,+2.373890E+00
+8.149414E+02,-3.373214E-06,-4.132704E-06,-1.054580E+02,-2.255352E+00
+8.151855E+02,+4.724635E-06,-2.207149E-06,-1.056553E+02,-4.370301E-01
+8.154297E+02,-2.164596E-06,+4.558925E-06,-1.059398E+02,+2.014085E+00
+8.156738E+02,+1.046451E-06,-1.449330E-06,-1.149545E+02,-9.454414E-01
+8.159180E+02,+1.657218E-08,-9.801490E-07,-1.201729E+02,-1.553890E+00
+8.161621E+02,-2.816903E-06,-1.840240E-06,-1.094610E+02,-2.562912E+00
+8.164062E+02,+1.065998E-06,+2.117640E-06,-1.125021E+02,+1.104441E+00
+8.166504E+02,+1.472224E-06,+1.658158E-07,-1.165858E+02,+1.121568E-01
+8.168945E+02,+2.225257E-06,+3.274145E-06,-1.080488E+02,+9.738623E-01
+8.171387E+02,-3.794310E-06,-3.393495E-06,-1.058649E+02,-2.411900E+00
+8.173828E+02,+5.316987E-07,-3.027665E-06,-1.102459E+02,-1.396955E+00
+8.176270E+02,-5.939376E-07,+2.019606E-06,-1.135344E+02,+1.856818E+00
+8.178711E+02,+4.591737E-06,+5.463527E-06,-1.029299E+02,+8.718818E-01
+8.181152E+02,-2.424999E-06,-9.675170E-06,-1.000222E+02,-1.816379E+00
+8.183594E+02,-6.275543E-06,+1.078130E-05,-9.807938E+01,+2.097933E+00
+8.186035E+02,+5.290292E-06,-1.187776E-05,-9.771938E+01,-1.151779E+00
+8.188477E+02,+5.141563E-06,+1.097736E-05,-9.832866E+01,+1.132764E+00
+8.190918E+02,-1.018380E-05,-8.787352E-06,-9.742496E+01,-2.429671E+00
+8.193359E+02,+4.139009E-06,+2.294342E-06,-1.064984E+02,+5.061550E-01
+8.195801E+02,-5.902169E-07,+6.124189E-06,-1.042189E+02,+1.666874E+00
+8.198242E+02,+2.910148E-06,-8.289324E-06,-1.011248E+02,-1.233167E+00
+8.200684E+02,-5.864600E-07,+3.019164E-06,-1.102414E+02,+1.762653E+00
+8.203125E+02,-7.570053E-06,-8.419545E-07,-1.023646E+02,-3.030826E+00
+8.205566E+02,+1.213547E-05,+8.903360E-06,-9.644856E+01,+6.329638E-01
+8.208008E+02,-6.859866E-06,-1.615244E-05,-9.511507E+01,-1.972409E+00
+8.210449E+02,+2.443548E-06,+1.468845E-05,-9.654192E+01,+1.405948E+00
+8.212891E+02,+9.740120E-07,-1.438830E-05,-9.681995E+01,-1.503205E+00
+8.215332E+02,-5.269200E-06,+1.024103E-05,-9.877316E+01,+2.045991E+00
+8.217773E+02,+3.392439E-07,+7.915143E-07,-1.212984E+02,+1.165879E+00
+8.220215E+02,+5.055502E-06,-6.547195E-06,-1.016479E+02,-9.132611E-01
+8.222656E+02,-2.192406E-06,+6.067280E-06,-1.038071E+02,+1.917546E+00
+8.225098E+02,-1.295949E-06,-5.584087E-06,-1.048331E+02,-1.798838E+00
+8.227539E+02,-1.162014E-07,+2.980626E-06,-1.105073E+02,+1.609762E+00
+8.229980E+02,-1.534127E-06,+2.652560E-06,-1.102735E+02,+2.095150E+00
+8.232422E+02,+4.802488E-06,-1.507591E-06,-1.059625E+02,-3.041769E-01
+8.234863E+02,-1.493864E-06,-5.295427E-06,-1.051894E+02,-1.845755E+00
+8.237305E+02,+1.601380E-06,+6.220313E-06,-1.038451E+02,+1.318824E+00
+8.239746E+02,-7.191091E-06,-2.524893E-06,-1.023592E+02,-2.803926E+00
+8.242188E+02,+6.359257E-06,-2.717846E-06,-1.032033E+02,-4.038884E-01
+8.244629E+02,+6.106428E-07,+1.398124E-07,-1.240624E+02,+2.250799E-01
+8.247070E+02,-4.057101E-06,+9.440710E-06,-9.976389E+01,+1.976679E+00
+8.249512E+02,-3.098525E-06,-1.201718E-05,-9.812442E+01,-1.823141E+00
+8.251953E+02,+5.523538E-06,+1.259323E-05,-9.723311E+01,+1.157453E+00
+8.254395E+02,+1.366567E-06,-9.515108E-06,-1.003431E+02,-1.428151E+00
+8.256836E+02,+7.858256E-07,+1.741013E-06,-1.143787E+02,+1.146811E+00
+8.259277E+02,-3.625399E-06,-7.291494E-06,-1.017842E+02,-2.032209E+00
+8.261719E+02,-3.765195E-06,+1.069848E-05,-9.890643E+01,+1.909196E+00
+8.264160E+02,+2.122239E-06,-7.686822E-07,-1.129288E+02,-3.475048E-01
+8.266602E+02,+5.023413E-06,-4.144732E-06,-1.037250E+02,-6.898493E-01
+8.269043E+02,-5.443364E-06,+1.656784E-06,-1.048979E+02,+2.846134E+00
+8.271484E+02,+2.606997E-06,+5.146056E-06,-1.047784E+02,+1.101882E+00
+8.273926E+02,+5.868044E-07,-5.524066E-06,-1.051061E+02,-1.464966E+00
+8.276367E+02,-2.745091E-06,+6.205563E-06,-1.033682E+02,+1.987278E+00
+8.278809E+02,+4.680155E-06,-7.144480E-06,-1.013699E+02,-9.908632E-01
+8.281250E+02,-5.974720E-06,-4.220543E-06,-1.027156E+02,-2.526584E+00
+8.283691E+02,+7.103428E-06,+8.790597E-06,-9.893696E+01,+8.911533E-01
+8.286133E+02,-1.081683E-05,-1.435348E-06,-9.924220E+01,-3.009668E+00
+8.288574E+02,+1.382050E-05,-3.882660E-06,-9.685962E+01,-2.738753E-01
+8.291016E+02,-7.629633E-06,+9.650239E-06,-9.820052E+01,+2.239789E+00
+8.293457E+02,-3.991440E-06,-1.211006E-05,-9.788919E+01,-1.889180E+00
+8.295898E+02,+3.487565E-06,+6.081421E-06,-1.030851E+02,+1.050106E+00
+8.298340E+02,+5.079452E-06,-3.714755E-06,-1.040230E+02,-6.314448E-01
+8.300781E+02,-3.069228E-06,+2.124569E-06,-1.085593E+02,+2.536110E+00
+8.303223E+02,-7.286933E-06,+8.727595E-06,-9.888501E+01,+2.266476E+00
+8.305664E+02,+9.050227E-06,-1.158621E-05,-9.665251E+01,-9.076737E-01
+8.308105E+02,-1.553378E-06,+3.020345E-06,-1.093796E+02,+2.045822E+00
+8.310547E+02,-3.020180E-06,-1.420223E-06,-1.095317E+02,-2.702032E+00
+8.312988E+02,+5.689235E-06,+5.704015E-06,-1.018773E+02,+7.866954E-01
+8.315430E+02,-7.417287E-06,+4.834482E-08,-1.025949E+02,+3.135075E+00
+8.317871E+02,+6.750924E-06,-3.506384E-06,-1.023755E+02,-4.790415E-01
+8.320312E+02,-4.594345E-06,-3.237384E-06,-1.050047E+02,-2.527756E+00
+8.322754E+02,+1.928232E-06,+3.208261E-06,-1.085353E+02,+1.029626E+00
+8.325195E+02,-1.669699E-06,+1.204000E-07,-1.155247E+02,+3.069608E+00
+8.327637E+02,+4.123855E-06,+5.780093E-07,-1.076094E+02,+1.392552E-01
+8.330078E+02,-1.036177E-06,-8.571698E-07,-1.174271E+02,-2.450460E+00
+8.332520E+02,-7.592259E-06,-3.165790E-06,-1.016964E+02,-2.746538E+00
+8.334961E+02,+7.241369E-06,+3.670694E-06,-1.018104E+02,+4.691572E-01
+8.337402E+02,-4.958306E-06,-3.647801E-07,-1.060699E+02,-3.068156E+00
+8.339844E+02,+4.832167E-06,+2.664679E-06,-1.051641E+02,+5.039527E-01
+8.342285E+02,+1.218337E-06,-4.629695E-06,-1.063982E+02,-1.313473E+00
+8.344727E+02,+2.101673E-06,+2.117112E-06,-1.105065E+02,+7.890576E-01
+8.347168E+02,-8.507947E-06,-1.831509E-06,-1.012068E+02,-2.929558E+00
+8.349609E+02,+7.590069E-07,+3.670609E-06,-1.085234E+02,+1.366891E+00
+8.352051E+02,+1.689955E-06,-5.014746E-06,-1.055279E+02,-1.245752E+00
+8.354492E+02,+1.410868E-06,+2.140543E-06,-1.118227E+02,+9.880388E-01
+8.356934E+02,-9.562822E-07,+5.155081E-06,-1.056084E+02,+1.754214E+00
+8.359375E+02,+3.936152E-06,-6.066443E-06,-1.028154E+02,-9.952369E-01
+8.361816E+02,-7.015688E-06,+1.183836E-06,-1.029567E+02,+2.974426E+00
+8.364258E+02,+6.107548E-06,+2.721720E-06,-1.034960E+02,+4.192158E-01
+8.366699E+02,+2.169614E-06,-2.975900E-06,-1.086764E+02,-9.408311E-01
+8.369141E+02,-1.002727E-05,+9.295920E-07,-9.993918E+01,+3.049150E+00
+8.371582E+02,+8.598086E-06,-2.576314E-06,-1.009386E+02,-2.911247E-01
+8.374023E+02,-8.672535E-06,+5.439906E-06,-9.979616E+01,+2.581372E+00
+8.376465E+02,+8.396931E-06,-4.168584E-06,-1.005608E+02,-4.607967E-01
+8.378906E+02,-3.971642E-06,-8.852157E-07,-1.078100E+02,-2.922293E+00
+8.381348E+02,-1.661325E-06,+3.708863E-06,-1.078210E+02,+1.991931E+00
+8.383789E+02,+4.623404E-06,+2.005973E-06,-1.059517E+02,+4.093625E-01
+8.386230E+02,+3.505451E-06,-5.156833E-06,-1.041026E+02,-9.737782E-01
+8.388672E+02,-1.069483E-05,-5.439851E-09,-9.941651E+01,-3.141084E+00
+8.391113E+02,+8.049038E-06,+7.768843E-06,-9.902597E+01,+7.676862E-01
+8.393555E+02,-1.559899E-06,-7.673728E-06,-1.021240E+02,-1.771342E+00
+8.395996E+02,-6.915105E-06,-6.509268E-06,-1.004485E+02,-2.386417E+00
+8.398438E+02,+4.979440E-06,+1.590600E-05,-9.556274E+01,+1.267407E+00
+8.400879E+02,+3.109452E-07,-7.817902E-06,-1.021313E+02,-1.531044E+00
+8.403320E+02,+2.938185E-06,-2.311618E-06,-1.085460E+02,-6.666095E-01
+8.405762E+02,+2.999851E-07,+3.913626E-06,-1.081230E+02,+1.494294E+00
+8.408203E+02,-7.774634E-06,-3.552620E-06,-1.013628E+02,-2.712974E+00
+8.410645E+02,+8.613285E-06,+4.924429E-06,-1.000683E+02,+5.193694E-01
+8.413086E+02,-1.064745E-05,-8.061748E-06,-9.748703E+01,-2.493529E+00
+8.415527E+02,+3.143508E-06,+9.874409E-06,-9.969054E+01,+1.262592E+00
+8.417969E+02,+6.839631E-06,-2.370267E-06,-1.028068E+02,-3.335971E-01
+8.420410E+02,-2.105569E-06,-1.521051E-06,-1.117089E+02,-2.515995E+00
+8.422852E+02,-4.592430E-06,+1.710495E-06,-1.061950E+02,+2.785051E+00
+8.425293E+02,+1.428649E-05,-4.456535E-06,-9.649820E+01,-3.023750E-01
+8.427734E+02,-1.599960E-05,+6.257897E-06,-9.529960E+01,+2.768758E+00
+8.430176E+02,+6.672818E-06,-7.039027E-06,-1.002653E+02,-8.120993E-01
+8.432617E+02,-8.039811E-07,+3.932054E-06,-1.079297E+02,+1.772485E+00
+8.435059E+02,+2.595144E-06,-4.199446E-06,-1.061314E+02,-1.017266E+00
+8.437500E+02,-2.850767E-06,+5.912540E-06,-1.036567E+02,+2.020067E+00
+8.439941E+02,-3.482877E-06,+2.454791E-06,-1.074097E+02,+2.527641E+00
+8.442383E+02,+5.782511E-07,-1.241491E-05,-9.811172E+01,-1.524253E+00
+8.444824E+02,+7.215943E-06,+1.369134E-05,-9.620653E+01,+1.085748E+00
+8.447266E+02,-1.646872E-06,-9.564778E-06,-1.002596E+02,-1.741305E+00
+8.449707E+02,-2.840879E-06,+8.020404E-06,-1.014028E+02,+1.911214E+00
+8.452148E+02,-1.158205E-06,-6.574656E-06,-1.035098E+02,-1.745169E+00
+8.454590E+02,+2.199299E-06,+4.336884E-06,-1.062625E+02,+1.101473E+00
+8.457031E+02,-1.974483E-06,+6.768708E-07,-1.136084E+02,+2.811338E+00
+8.459473E+02,+2.776150E-06,-2.792326E-06,-1.080955E+02,-7.883031E-01
+8.461914E+02,-7.360087E-08,+1.715696E-06,-1.153032E+02,+1.613669E+00
+8.464355E+02,-8.049304E-08,-3.344083E-06,-1.095119E+02,-1.594862E+00
+8.466797E+02,-1.322586E-08,+1.129995E-06,-1.189379E+02,+1.582500E+00
+8.469238E+02,-3.582439E-06,-2.693180E-06,-1.069708E+02,-2.496958E+00
+8.471680E+02,+1.836251E-06,+6.885613E-06,-1.029428E+02,+1.310182E+00
+8.474121E+02,+2.907097E-06,-9.660917E-06,-9.992318E+01,-1.278502E+00
+8.476562E+02,+4.620465E-06,+1.049757E-05,-9.880917E+01,+1.156167E+00
+8.479004E+02,-1.398579E-05,-2.986969E-06,-9.689255E+01,-2.931182E+00
+8.481445E+02,+1.095301E-05,-3.556107E-06,-9.877410E+01,-3.139328E-01
+8.483887E+02,-7.030466E-06,-2.555676E-06,-1.025213E+02,-2.792929E+00
+8.486328E+02,+8.078383E-06,+6.277472E-06,-9.980190E+01,+6.606022E-01
+8.488770E+02,-3.559001E-06,+3.049794E-06,-1.065821E+02,+2.433093E+00
+8.491211E+02,-4.907115E-06,-1.152942E-05,-9.804080E+01,-1.973189E+00
+8.493652E+02,+5.018104E-06,+9.681655E-06,-9.924760E+01,+1.092608E+00
+8.496094E+02,-1.579393E-06,-7.085143E-06,-1.027824E+02,-1.790126E+00
+8.498535E+02,+1.804845E-06,+8.155744E-07,-1.140642E+02,+4.244167E-01
+8.500977E+02,-2.810638E-06,+6.202279E-06,-1.033378E+02,+1.996277E+00
+8.503418E+02,+2.279042E-06,-5.409719E-06,-1.046270E+02,-1.172075E+00
+8.505859E+02,-1.535048E-06,+1.559736E-06,-1.131974E+02,+2.348217E+00
+8.508301E+02,+2.346246E-06,+2.222076E-06,-1.098120E+02,+7.582241E-01
+8.510742E+02,-4.643731E-06,+6.989494E-07,-1.065654E+02,+2.992199E+00
+8.513184E+02,+5.681438E-06,-8.941888E-06,-9.949867E+01,-1.004772E+00
+8.515625E+02,-2.479557E-06,+7.944049E-06,-1.015954E+02,+1.873342E+00
+8.518066E+02,-1.765474E-06,-3.533073E-06,-1.080689E+02,-2.034203E+00
+8.520508E+02,+2.089863E-06,+7.216972E-06,-1.024832E+02,+1.288930E+00
+8.522949E+02,-4.553585E-06,-8.580551E-06,-1.002521E+02,-2.058691E+00
+8.525391E+02,+6.434201E-06,+5.760235E-06,-1.012738E+02,+7.301860E-01
+8.527832E+02,-3.847702E-06,-8.067102E-06,-1.009755E+02,-2.015844E+00
+8.530273E+02,+4.045926E-06,+9.187772E-06,-9.996606E+01,+1.155988E+00
+8.532715E+02,-2.952436E-06,-1.066681E-06,-1.100636E+02,-2.794897E+00
+8.535156E+02,+1.619668E-06,-4.298025E-06,-1.067579E+02,-1.210413E+00
+8.537598E+02,-3.489008E-06,+1.001646E-07,-1.091424E+02,+3.112892E+00
+8.540039E+02,+3.970729E-06,+3.394897E-06,-1.056396E+02,+7.073786E-01
+8.542480E+02,-6.697697E-07,-2.588484E-06,-1.114576E+02,-1.823993E+00
+8.544922E+02,-5.771575E-06,+1.796705E-06,-1.043724E+02,+2.839799E+00
+8.547363E+02,+5.643643E-06,+7.191183E-07,-1.048989E+02,+1.267380E-01
+8.549805E+02,-2.344942E-06,+1.660245E-06,-1.108327E+02,+2.525510E+00
+8.552246E+02,+2.304211E-06,-8.263543E-06,-1.013315E+02,-1.298863E+00
+8.554688E+02,-5.363191E-07,+4.932474E-06,-1.060877E+02,+1.679103E+00
+8.557129E+02,+2.260992E-06,+3.376017E-06,-1.078226E+02,+9.806816E-01
+8.559570E+02,-9.084223E-06,-3.011477E-06,-1.003814E+02,-2.821487E+00
+8.562012E+02,+9.144256E-06,-9.101969E-07,-1.007342E+02,-9.921076E-02
+8.564453E+02,-5.219742E-06,-5.856741E-07,-1.055927E+02,-3.029856E+00
+8.566895E+02,+8.321845E-06,+3.856608E-06,-1.007507E+02,+4.339675E-01
+8.569336E+02,-6.884983E-06,-3.683817E-06,-1.021486E+02,-2.650299E+00
+8.571777E+02,+1.820864E-07,-2.649444E-06,-1.115164E+02,-1.502178E+00
+8.574219E+02,+2.844202E-06,+6.283193E-06,-1.032269E+02,+1.145726E+00
+8.576660E+02,-4.093421E-06,-1.216699E-06,-1.073906E+02,-2.852676E+00
+8.579102E+02,+5.750730E-06,-2.135416E-06,-1.042446E+02,-3.555488E-01
+8.581543E+02,-1.471857E-06,+1.189791E-06,-1.144588E+02,+2.461775E+00
+8.583984E+02,-5.247450E-06,-5.682498E-06,-1.022311E+02,-2.316412E+00
+8.586426E+02,+5.005375E-06,+6.327413E-06,-1.018649E+02,+9.015293E-01
+8.588867E+02,+1.587375E-06,-5.594932E-07,-1.154778E+02,-3.388685E-01
+8.591309E+02,-7.342226E-06,+2.010480E-06,-1.023694E+02,+2.874320E+00
+8.593750E+02,+3.567209E-06,-4.269904E-06,-1.050924E+02,-8.748216E-01
+8.596191E+02,+1.902666E-06,+2.401026E-06,-1.102756E+02,+9.006830E-01
+8.598633E+02,+4.463431E-06,-2.991986E-06,-1.053949E+02,-5.905367E-01
+8.601074E+02,-8.794889E-06,+3.473273E-06,-1.004860E+02,+2.765474E+00
+8.603516E+02,+3.225842E-06,-1.218160E-06,-1.092482E+02,-3.610706E-01
+8.605957E+02,-1.086049E-06,+2.988430E-06,-1.099524E+02,+1.919374E+00
+8.608398E+02,-2.275546E-06,-8.866155E-06,-1.007682E+02,-1.822029E+00
+8.610840E+02,+7.967614E-06,+2.843633E-06,-1.014527E+02,+3.428077E-01
+8.613281E+02,-6.442080E-06,+3.162526E-06,-1.028818E+02,+2.685238E+00
+8.615723E+02,+7.701251E-08,+1.485232E-06,-1.165525E+02,+1.518991E+00
+8.618164E+02,+8.583357E-07,-3.193070E-06,-1.096128E+02,-1.308192E+00
+8.620605E+02,+6.248386E-06,+4.806063E-07,-1.040590E+02,+7.676572E-02
+8.623047E+02,-8.947295E-06,-9.677365E-07,-1.009156E+02,-3.033852E+00
+8.625488E+02,+2.443187E-06,+6.084012E-06,-1.036669E+02,+1.188933E+00
+8.627930E+02,+4.359754E-06,-8.797577E-06,-1.001590E+02,-1.110705E+00
+8.630371E+02,-6.688929E-06,-4.264269E-07,-1.034753E+02,-3.077928E+00
+8.632812E+02,+4.961879E-06,+5.087206E-06,-1.029671E+02,+7.978689E-01
+8.635254E+02,+9.256540E-07,-2.951351E-06,-1.101921E+02,-1.266876E+00
+8.637695E+02,-6.619906E-06,+2.585161E-06,-1.029665E+02,+2.769291E+00
+8.640137E+02,+9.894983E-07,-1.563193E-06,-1.146563E+02,-1.006466E+00
+8.642578E+02,+3.353536E-06,+9.676190E-08,-1.094863E+02,+2.884569E-02
+8.645020E+02,+2.128609E-06,+4.025995E-07,-1.132854E+02,+1.869293E-01
+8.647461E+02,-6.405781E-06,+1.529384E-06,-1.036278E+02,+2.907229E+00
+8.649902E+02,+6.773682E-06,-5.193648E-06,-1.013753E+02,-6.541285E-01
+8.652344E+02,-1.065013E-05,+5.757905E-06,-9.833929E+01,+2.645962E+00
+8.654785E+02,+7.287546E-06,+2.602535E-06,-1.022271E+02,+3.430045E-01
+8.657227E+02,-8.205578E-07,-7.820228E-06,-1.020881E+02,-1.675341E+00
+8.659668E+02,+3.175799E-06,+1.359160E-06,-1.092325E+02,+4.043872E-01
+8.662109E+02,-1.008578E-05,-7.899251E-07,-9.989925E+01,-3.063432E+00
+8.664551E+02,+1.091376E-05,+1.007832E-05,-9.656232E+01,+7.456214E-01
+8.666992E+02,-4.538161E-06,-1.309207E-05,-9.716705E+01,-1.904469E+00
+8.669434E+02,-2.741453E-06,+7.382342E-06,-1.020751E+02,+1.926365E+00
+8.671875E+02,+1.145432E-06,-1.437475E-06,-1.147130E+02,-8.979874E-01
+8.674316E+02,+4.722146E-06,+1.437284E-06,-1.061324E+02,+2.954619E-01
+8.676758E+02,-6.758786E-06,+1.246990E-06,-1.032573E+02,+2.959145E+00
+8.679199E+02,+5.258612E-06,-4.154219E-06,-1.034765E+02,-6.686038E-01
+8.681641E+02,-6.196190E-07,+3.173780E-06,-1.098060E+02,+1.763602E+00
+8.684082E+02,-3.242242E-06,+3.084540E-07,-1.097440E+02,+3.046742E+00
+8.686523E+02,+3.300335E-06,-5.131542E-06,-1.042917E+02,-9.992538E-01
+8.688965E+02,-2.587117E-06,+5.866012E-06,-1.038612E+02,+1.986170E+00
+8.691406E+02,+7.805579E-07,-1.835337E-06,-1.140036E+02,-1.168677E+00
+8.693848E+02,+1.778700E-06,+2.384226E-06,-1.105314E+02,+9.298420E-01
+8.696289E+02,-2.462804E-06,-3.959115E-06,-1.066274E+02,-2.127278E+00
+8.698730E+02,+5.076251E-07,+4.326860E-06,-1.072172E+02,+1.454011E+00
+8.701172E+02,-1.211828E-06,-3.654842E-06,-1.082896E+02,-1.890957E+00
+8.703613E+02,+5.904661E-06,+1.647760E-06,-1.042504E+02,+2.721376E-01
+8.706055E+02,-8.984307E-06,+3.046808E-06,-1.004575E+02,+2.814638E+00
+8.708496E+02,+4.452900E-06,-3.179676E-06,-1.052377E+02,-6.201057E-01
+8.710938E+02,-1.419124E-07,+2.840056E-06,-1.109226E+02,+1.620723E+00
+8.713379E+02,+8.357073E-06,-7.179295E-06,-9.915842E+01,-7.097350E-01
+8.715820E+02,-1.557565E-05,+1.182256E-05,-9.417512E+01,+2.492330E+00
+8.718262E+02,+1.233104E-05,-9.451697E-06,-9.617282E+01,-6.539754E-01
+8.720703E+02,-5.142730E-06,+3.941843E-06,-1.037690E+02,+2.487622E+00
+8.723145E+02,-2.426193E-06,+2.719410E-07,-1.122473E+02,+3.029973E+00
+8.725586E+02,+8.533577E-06,+1.455426E-07,-1.013761E+02,+1.705363E-02
+8.728027E+02,-3.952352E-07,+3.288464E-07,-1.257782E+02,+2.447626E+00
+8.730469E+02,-2.155755E-06,-3.868659E-06,-1.070744E+02,-2.079178E+00
+8.732910E+02,+1.583337E-06,+4.258698E-06,-1.068522E+02,+1.214844E+00
+8.735352E+02,-3.343163E-06,-3.773935E-06,-1.059484E+02,-2.295742E+00
+8.737793E+02,+3.321327E-06,+1.614492E-06,-1.086526E+02,+4.524647E-01
+8.740234E+02,+5.810090E-07,-1.229543E-06,-1.173298E+02,-1.129356E+00
+8.742676E+02,-1.762629E-06,-4.520841E-06,-1.062810E+02,-1.942557E+00
+8.745117E+02,-4.700568E-06,+9.428481E-08,-1.065552E+02,+3.121537E+00
+8.747559E+02,+2.347683E-06,+1.853052E-06,-1.104840E+02,+6.681893E-01
+8.750000E+02,+3.069442E-06,+2.236708E-06,-1.084090E+02,+6.297305E-01
+8.752441E+02,-1.157807E-06,+1.806896E-06,-1.133673E+02,+2.140657E+00
+8.754883E+02,-5.566025E-06,-8.684079E-06,-9.973083E+01,-2.140780E+00
+8.757324E+02,+6.440168E-07,+9.611066E-06,-1.003251E+02,+1.503888E+00
+8.759766E+02,+2.543060E-06,-2.237226E-06,-1.094035E+02,-7.215070E-01
+8.762207E+02,-6.994348E-07,-3.128638E-07,-1.223129E+02,-2.720978E+00
+8.764648E+02,-3.373467E-06,+3.279022E-07,-1.093976E+02,+3.044697E+00
+8.767090E+02,+3.233134E-06,-2.464193E-06,-1.078185E+02,-6.512436E-01
+8.769531E+02,+2.829162E-06,+3.251239E-07,-1.109099E+02,+1.144169E-01
+8.771973E+02,-3.964687E-06,+5.939445E-06,-1.029247E+02,+2.159388E+00
+8.774414E+02,+3.750546E-06,-2.017320E-06,-1.074145E+02,-4.934855E-01
+8.776855E+02,-4.606135E-06,-2.265710E-06,-1.057922E+02,-2.684454E+00
+8.779297E+02,-3.657137E-07,+2.156808E-07,-1.274409E+02,+2.608742E+00
+8.781738E+02,+9.276128E-06,+5.694840E-06,-9.926363E+01,+5.505950E-01
+8.784180E+02,-5.099404E-06,-6.591125E-06,-1.015835E+02,-2.229280E+00
+8.786621E+02,-1.094478E-06,+2.754707E-06,-1.105619E+02,+1.948983E+00
+8.789062E+02,-2.500103E-06,+1.599442E-06,-1.105509E+02,+2.572457E+00
+8.791504E+02,-8.724068E-08,-6.140124E-06,-1.042356E+02,-1.585004E+00
+8.793945E+02,+6.828735E-06,+6.795687E-06,-1.003239E+02,+7.829725E-01
+8.796387E+02,-2.576649E-06,+2.273964E-06,-1.092775E+02,+2.418515E+00
+8.798828E+02,-1.304236E-06,-6.146110E-06,-1.040367E+02,-1.779899E+00
+8.801270E+02,-3.061760E-06,+1.533112E-06,-1.093089E+02,+2.677362E+00
+8.803711E+02,+1.947458E-06,+3.033361E-06,-1.088626E+02,+1.000056E+00
+8.806152E+02,+5.911568E-06,-5.818526E-06,-1.016240E+02,-7.774664E-01
+8.808594E+02,-3.606025E-06,+2.937478E-06,-1.066490E+02,+2.458011E+00
+8.811035E+02,-7.238523E-06,+1.792413E-06,-1.025486E+02,+2.898854E+00
+8.813477E+02,+1.518691E-05,-6.010439E-06,-9.573867E+01,-3.768498E-01
+8.815918E+02,-9.172958E-06,+7.666068E-06,-9.844932E+01,+2.445445E+00
+8.818359E+02,+9.314103E-08,-3.355817E-06,-1.094807E+02,-1.543048E+00
+8.820801E+02,+2.646373E-06,-1.058515E-06,-1.109024E+02,-3.804952E-01
+8.823242E+02,+9.621959E-07,+2.967095E-06,-1.101191E+02,+1.257208E+00
+8.825684E+02,-3.605602E-06,-2.335824E-08,-1.088603E+02,-3.135114E+00
+8.828125E+02,-2.026150E-06,-4.144617E-06,-1.067197E+02,-2.025495E+00
+8.830566E+02,+1.014261E-05,+6.134463E-06,-9.852311E+01,+5.439566E-01
+8.833008E+02,-3.961567E-06,-5.857369E-06,-1.030101E+02,-2.165465E+00
+8.835449E+02,-5.300259E-06,+1.587693E-06,-1.051409E+02,+2.850549E+00
+8.837891E+02,+9.785598E-06,-4.255000E-07,-1.001801E+02,-4.345489E-02
+8.840332E+02,-3.809108E-06,-3.093378E-06,-1.061837E+02,-2.459517E+00
+8.842773E+02,-4.584832E-06,+4.088806E-06,-1.042321E+02,+2.413320E+00
+8.845215E+02,+3.999376E-06,-5.486382E-06,-1.033634E+02,-9.408946E-01
+8.847656E+02,-3.921818E-06,+6.583243E-06,-1.023122E+02,+2.108068E+00
+8.850098E+02,+5.987072E-06,-2.495577E-06,-1.037600E+02,-3.949283E-01
+8.852539E+02,-3.000156E-06,-3.499043E-06,-1.067276E+02,-2.279583E+00
+8.854980E+02,+6.611735E-06,+9.565477E-06,-9.868980E+01,+9.659954E-01
+8.857422E+02,-7.204430E-06,-1.454788E-05,-9.579147E+01,-2.030614E+00
+8.859863E+02,-2.568105E-06,+7.655253E-06,-1.018577E+02,+1.894468E+00
+8.862305E+02,+3.067687E-06,-5.764586E-06,-1.037017E+02,-1.081752E+00
+8.864746E+02,+2.743980E-06,+1.070938E-05,-9.912857E+01,+1.319970E+00
+8.867188E+02,-5.987423E-06,-1.082372E-05,-9.815303E+01,-2.076075E+00
+8.869629E+02,+6.491600E-06,+6.486912E-06,-1.007458E+02,+7.850370E-01
+8.872070E+02,-8.246627E-06,-6.595373E-06,-9.952702E+01,-2.466994E+00
+8.874512E+02,+6.007063E-06,+8.484300E-06,-9.966302E+01,+9.547074E-01
+8.876953E+02,-4.966236E-06,-8.275018E-06,-1.003087E+02,-2.111325E+00
+8.879395E+02,+4.027631E-06,+5.999303E-06,-1.028222E+02,+9.795586E-01
+8.881836E+02,-1.832118E-06,-3.703955E-06,-1.076762E+02,-2.030145E+00
+8.884277E+02,-6.998910E-07,+7.076182E-07,-1.200411E+02,+2.350705E+00
+8.886719E+02,+1.050287E-06,-4.766729E-07,-1.187604E+02,-4.260512E-01
+8.889160E+02,-2.915837E-06,+3.209431E-06,-1.072578E+02,+2.308300E+00
+8.891602E+02,+6.266630E-06,+1.056560E-06,-1.039376E+02,+1.670301E-01
+8.894043E+02,-9.665355E-06,-3.540498E-06,-9.974883E+01,-2.790464E+00
+8.896484E+02,+1.237808E-05,-1.268825E-06,-9.810154E+01,-1.021490E-01
+8.898926E+02,-8.166604E-06,+4.106820E-06,-1.007800E+02,+2.675644E+00
+8.901367E+02,-2.816558E-06,+1.118325E-06,-1.103698E+02,+2.763629E+00
+8.903809E+02,+4.492325E-06,-5.884485E-06,-1.026115E+02,-9.187625E-01
+8.906250E+02,-1.836469E-06,-1.438023E-06,-1.126436E+02,-2.477281E+00
+8.908691E+02,+2.202546E-06,+6.661327E-06,-1.030782E+02,+1.251466E+00
+8.911133E+02,-1.994128E-06,-4.927150E-06,-1.054893E+02,-1.955367E+00
+8.913574E+02,+7.088253E-07,+2.942345E-06,-1.103811E+02,+1.334396E+00
+8.916016E+02,+8.948634E-07,+4.796446E-06,-1.062330E+02,+1.386349E+00
+8.918457E+02,-3.325820E-06,-9.617452E-06,-9.984824E+01,-1.903734E+00
+8.920898E+02,+2.614787E-06,+5.488943E-06,-1.043220E+02,+1.126228E+00
+8.923340E+02,-3.019025E-06,-2.226536E-06,-1.085164E+02,-2.506139E+00
+8.925781E+02,+4.315815E-06,+2.761870E-06,-1.058080E+02,+5.692719E-01
+8.928223E+02,-7.474551E-06,-5.209387E-06,-1.008089E+02,-2.532917E+00
+8.930664E+02,+6.811451E-06,+2.426587E-06,-1.028163E+02,+3.422329E-01
+8.933105E+02,+3.762504E-09,+3.999499E-06,-1.079599E+02,+1.569856E+00
+8.935547E+02,+4.355207E-07,-1.323076E-06,-1.171215E+02,-1.252795E+00
+8.937988E+02,-5.652774E-07,-3.057585E-06,-1.101465E+02,-1.753609E+00
+8.940430E+02,-6.277162E-06,+6.970359E-06,-1.005557E+02,+2.303916E+00
+8.942871E+02,+3.594176E-06,-1.785363E-06,-1.079302E+02,-4.610345E-01
+8.945312E+02,-1.444978E-06,-9.073859E-06,-1.007354E+02,-1.728716E+00
+8.947754E+02,+5.803948E-06,+7.650910E-06,-1.003516E+02,+9.218166E-01
+8.950195E+02,-2.643972E-06,+2.641579E-06,-1.085485E+02,+2.356647E+00
+8.952637E+02,-4.957338E-06,-1.014840E-05,-9.894268E+01,-2.025189E+00
+8.955078E+02,+6.100065E-06,+1.473816E-05,-9.594441E+01,+1.178368E+00
+8.957520E+02,-2.399318E-06,-7.619846E-06,-1.019505E+02,-1.875846E+00
+8.959961E+02,+2.761475E-06,+1.856424E-07,-1.111576E+02,+6.712480E-02
+8.962402E+02,-4.404494E-06,+3.894868E-06,-1.046131E+02,+2.417523E+00
+8.964844E+02,+7.831837E-06,-3.810955E-06,-1.011998E+02,-4.528686E-01
+8.967285E+02,-1.111901E-05,-1.035388E-05,-9.636697E+01,-2.391812E+00
+8.969727E+02,+7.245349E-06,+1.674890E-05,-9.477528E+01,+1.162517E+00
+8.972168E+02,-2.536817E-07,-3.348436E-06,-1.094783E+02,-1.646413E+00
+8.974609E+02,-2.914051E-06,-5.600651E-06,-1.039947E+02,-2.050556E+00
+8.977051E+02,+7.610727E-06,+5.961945E-06,-1.002934E+02,+6.645124E-01
+8.979492E+02,-9.439436E-06,-8.904155E-06,-9.773691E+01,-2.385367E+00
+8.981934E+02,+3.147557E-06,+7.619080E-06,-1.016776E+02,+1.179035E+00
+8.984375E+02,-6.302883E-07,-3.177721E-06,-1.097901E+02,-1.766601E+00
+8.986816E+02,+3.888468E-06,-3.202895E-06,-1.059553E+02,-6.890206E-01
+8.989258E+02,-7.137046E-06,+7.757600E-06,-9.954216E+01,+2.314556E+00
+8.991699E+02,+1.042110E-05,-4.142492E-06,-9.900459E+01,-3.783579E-01
+8.994141E+02,-8.774811E-06,+2.684389E-06,-1.007467E+02,+2.844714E+00
+8.996582E+02,+4.029486E-06,-1.836352E-06,-1.070755E+02,-4.276076E-01
+8.999023E+02,-9.520595E-07,-3.582458E-06,-1.086200E+02,-1.830548E+00
+9.001465E+02,+1.986713E-06,+2.493551E-06,-1.099290E+02,+8.980461E-01
+9.003906E+02,-4.453776E-06,-4.713844E-06,-1.037617E+02,-2.327834E+00
+9.006348E+02,+5.543038E-07,+1.138147E-05,-9.886574E+01,+1.522133E+00
+9.008789E+02,+3.165898E-06,-7.200854E-06,-1.020848E+02,-1.156578E+00
+9.011230E+02,-4.247325E-07,+3.129247E-06,-1.100119E+02,+1.705702E+00
+9.013672E+02,-8.885939E-07,+1.085221E-06,-1.170613E+02,+2.256904E+00
+9.016113E+02,-1.904176E-06,-3.387863E-06,-1.082092E+02,-2.082850E+00
+9.018555E+02,+4.517524E-06,+1.767299E-06,-1.062835E+02,+3.729056E-01
+9.020996E+02,-3.004740E-06,-3.226882E-06,-1.071128E+02,-2.320562E+00
+9.023438E+02,-5.593790E-07,+3.163274E-06,-1.098635E+02,+1.745822E+00
+9.025879E+02,+1.842412E-06,-4.456125E-06,-1.063355E+02,-1.178744E+00
+9.028320E+02,+2.418707E-06,+4.781789E-06,-1.054188E+02,+1.102507E+00
+9.030762E+02,-5.737117E-06,-3.554705E-06,-1.034151E+02,-2.586888E+00
+9.033203E+02,+5.334254E-06,+7.196996E-06,-1.009555E+02,+9.329653E-01
+9.035645E+02,-3.256398E-06,-3.744369E-06,-1.060863E+02,-2.286604E+00
+9.038086E+02,+4.050235E-06,-1.282919E-07,-1.078460E+02,-3.166458E-02
+9.040527E+02,-4.019450E-06,-2.488582E-06,-1.065074E+02,-2.587222E+00
+9.042969E+02,+5.947669E-06,-1.313338E-06,-1.043063E+02,-2.173281E-01
+9.045410E+02,-1.807152E-06,+1.154622E-06,-1.133734E+02,+2.573047E+00
+9.047852E+02,-4.298920E-06,-4.258358E-06,-1.043635E+02,-2.360934E+00
+9.050293E+02,-4.455857E-06,+1.812974E-06,-1.063561E+02,+2.755174E+00
+9.052734E+02,+5.105520E-06,+7.774073E-07,-1.057397E+02,+1.511073E-01
+9.055176E+02,-2.168377E-06,+1.109980E-05,-9.893105E+01,+1.763719E+00
+9.057617E+02,+3.204056E-06,-8.175728E-06,-1.011290E+02,-1.197293E+00
+9.060059E+02,-4.655282E-06,-7.912014E-07,-1.065174E+02,-2.973243E+00
+9.062500E+02,+6.269431E-06,-1.426657E-06,-1.038362E+02,-2.237475E-01
+9.064941E+02,-1.235660E-06,-1.416588E-06,-1.145179E+02,-2.288083E+00
+9.067383E+02,-4.227326E-06,+4.575574E-06,-1.041110E+02,+2.316655E+00
+9.069824E+02,+3.464434E-06,+9.740264E-07,-1.088770E+02,+2.740750E-01
+9.072266E+02,-1.510914E-06,-9.913777E-06,-9.997550E+01,-1.722038E+00
+9.074707E+02,-4.567710E-06,+1.459237E-05,-9.631153E+01,+1.874155E+00
+9.077148E+02,+7.104564E-06,-6.490989E-06,-1.003335E+02,-7.402982E-01
+9.079590E+02,-2.239982E-06,+3.855718E-06,-1.070149E+02,+2.097091E+00
+9.082031E+02,+2.107343E-06,-6.830346E-06,-1.029163E+02,-1.271536E+00
+9.084473E+02,-3.004167E-06,+3.736562E-06,-1.063852E+02,+2.247967E+00
+9.086914E+02,+2.600882E-06,+6.144323E-07,-1.114617E+02,+2.319868E-01
+9.089355E+02,-2.129514E-06,+4.606690E-07,-1.132358E+02,+2.928550E+00
+9.091797E+02,-6.021108E-06,-2.091105E-06,-1.039119E+02,-2.807329E+00
+9.094238E+02,+9.466532E-06,+7.756073E-07,-1.004471E+02,+8.174893E-02
+9.096680E+02,+4.295435E-07,+1.851821E-06,-1.144204E+02,+1.342870E+00
+9.099121E+02,-2.852404E-06,-2.367029E-06,-1.086204E+02,-2.448922E+00
+9.101562E+02,+4.202648E-08,-1.345385E-06,-1.174188E+02,-1.539569E+00
+9.104004E+02,-7.334422E-07,+3.960077E-06,-1.078995E+02,+1.753930E+00
+9.106445E+02,-2.403876E-07,-5.053334E-07,-1.250425E+02,-2.014816E+00
+9.108887E+02,+4.613818E-07,-1.531705E-06,-1.159193E+02,-1.278220E+00
+9.111328E+02,+4.134561E-06,+7.195389E-07,-1.075418E+02,+1.723046E-01
+9.113770E+02,-4.240893E-06,+2.413197E-06,-1.062326E+02,+2.624256E+00
+9.116211E+02,+4.494740E-07,-5.336870E-06,-1.054236E+02,-1.486774E+00
+9.118652E+02,-8.890088E-07,+5.201020E-06,-1.055532E+02,+1.740090E+00
+9.121094E+02,+2.344970E-06,-1.004200E-05,-9.973301E+01,-1.341391E+00
+9.123535E+02,+2.112133E-06,+1.707241E-05,-9.528813E+01,+1.447706E+00
+9.125977E+02,+7.226910E-07,-1.139172E-05,-9.885077E+01,-1.507441E+00
+9.128418E+02,-2.414679E-06,-1.000433E-06,-1.116548E+02,-2.748809E+00
+9.130859E+02,-2.411181E-06,+6.410220E-06,-1.032878E+02,+1.930572E+00
+9.133301E+02,+5.364931E-06,-3.992642E-06,-1.034946E+02,-6.397859E-01
+9.135742E+02,-6.732476E-06,+2.346723E-06,-1.029385E+02,+2.806195E+00
+9.138184E+02,+6.192193E-06,-8.770105E-06,-9.938329E+01,-9.560168E-01
+9.140625E+02,+1.768189E-06,+6.638584E-06,-1.032608E+02,+1.310489E+00
+9.143066E+02,-6.213608E-06,-3.039596E-07,-1.041227E+02,-3.092713E+00
+9.145508E+02,+3.922589E-07,-3.139942E-06,-1.099943E+02,-1.446515E+00
+9.147949E+02,+2.152076E-06,-1.082700E-06,-1.123630E+02,-4.661210E-01
+9.150391E+02,+2.858103E-06,+6.809995E-06,-1.026325E+02,+1.173430E+00
+9.152832E+02,-8.069249E-07,-8.530197E-06,-1.013421E+02,-1.665112E+00
+9.155273E+02,-1.992685E-06,+6.057903E-06,-1.039074E+02,+1.888587E+00
+9.157715E+02,+4.585094E-07,-2.639686E-06,-1.114399E+02,-1.398814E+00
+9.160156E+02,-4.281381E-06,-2.529949E-06,-1.060676E+02,-2.607877E+00
+9.162598E+02,-4.291780E-07,+4.121394E-06,-1.076523E+02,+1.674556E+00
+9.165039E+02,+6.343773E-06,-9.374616E-06,-9.892360E+01,-9.758818E-01
+9.167480E+02,-6.868894E-06,+9.349782E-06,-9.870955E+01,+2.204406E+00
+9.169922E+02,-1.848343E-06,+2.130961E-06,-1.109923E+02,+2.285292E+00
+9.172363E+02,+8.878304E-07,-6.082597E-06,-1.042267E+02,-1.425858E+00
+9.174805E+02,+1.929458E-06,+5.522184E-06,-1.046575E+02,+1.234655E+00
+9.177246E+02,+5.205462E-06,-3.054747E-06,-1.043856E+02,-5.306832E-01
+9.179688E+02,-8.767815E-06,+3.469398E-06,-1.005104E+02,+2.764801E+00
+9.182129E+02,+3.793163E-06,-1.756696E-06,-1.075761E+02,-4.337122E-01
+9.184570E+02,+1.138919E-06,-2.112520E-06,-1.123959E+02,-1.076338E+00
+9.187012E+02,-1.288688E-06,+2.485450E-06,-1.110579E+02,+2.049128E+00
+9.189453E+02,-4.148761E-06,+2.866108E-06,-1.059471E+02,+2.537045E+00
+9.191895E+02,+2.365831E-06,-4.632212E-06,-1.056776E+02,-1.098598E+00
+9.194336E+02,+2.841549E-06,+7.048109E-06,-1.023845E+02,+1.187565E+00
+9.196777E+02,-5.949439E-06,-8.239165E-06,-9.985985E+01,-2.196196E+00
+9.199219E+02,+8.673161E-06,+1.323527E-05,-9.601373E+01,+9.906996E-01
+9.201660E+02,+2.291540E-06,-9.098992E-06,-1.005531E+02,-1.324081E+00
+9.204102E+02,-5.891465E-06,+2.422835E-06,-1.039169E+02,+2.751430E+00
+9.206543E+02,+1.659619E-06,-9.141119E-07,-1.144491E+02,-5.034543E-01
+9.208984E+02,+2.829964E-07,-2.003158E-06,-1.138799E+02,-1.430450E+00
+9.211426E+02,-1.732030E-06,+4.120709E-06,-1.069940E+02,+1.968699E+00
+9.213867E+02,+1.127502E-05,+2.772340E-07,-9.895503E+01,+2.458339E-02
+9.216309E+02,-1.263505E-05,-3.871605E-06,-9.757872E+01,-2.844258E+00
+9.218750E+02,+8.106917E-06,+5.451158E-06,-1.002028E+02,+5.919671E-01
+9.221191E+02,-2.688523E-07,-6.242831E-06,-1.040843E+02,-1.613835E+00
+9.223633E+02,+2.939979E-06,+3.781582E-06,-1.063933E+02,+9.099593E-01
+9.226074E+02,-2.897420E-07,-4.673614E-06,-1.065903E+02,-1.632712E+00
+9.228516E+02,+9.596766E-07,+5.488175E-07,-1.191286E+02,+5.194845E-01
+9.230957E+02,-2.183224E-06,-2.653305E-06,-1.092788E+02,-2.259305E+00
+9.233398E+02,+3.330664E-06,+1.101754E-06,-1.090984E+02,+3.194608E-01
+9.235840E+02,+9.018295E-07,-3.758227E-07,-1.202021E+02,-3.948481E-01
+9.238281E+02,-2.060311E-06,-6.037354E-06,-1.039046E+02,-1.899664E+00
+9.240723E+02,-5.812449E-07,-4.856307E-06,-1.062121E+02,-1.689918E+00
+9.243164E+02,-6.759064E-06,+1.171695E-06,-1.032737E+02,+2.969947E+00
+9.245605E+02,+1.715963E-06,-2.327649E-06,-1.107767E+02,-9.355320E-01
+9.248047E+02,-5.375875E-06,+8.853701E-07,-1.052748E+02,+2.978365E+00
+9.250488E+02,+3.994857E-07,-1.085722E-06,-1.187342E+02,-1.218225E+00
+9.252930E+02,-9.315548E-06,-5.784011E-06,-9.919971E+01,-2.585948E+00
+9.255371E+02,-1.207521E-05,+2.285098E-05,-9.175238E+01,+2.056931E+00
+9.257812E+02,+1.080906E-05,-5.195311E-07,-9.931421E+01,-4.802743E-02
+9.260254E+02,+6.484019E-06,+5.225615E-07,-1.037350E+02,+8.041842E-02
+9.262695E+02,-1.026108E-05,+7.181531E-06,-9.804475E+01,+2.530947E+00
+9.265137E+02,+3.210898E-05,+4.594143E-06,-8.977946E+01,+1.421151E-01
+9.267578E+02,-1.686548E-05,-1.864398E-05,-9.199254E+01,-2.306151E+00
+9.270020E+02,+5.613382E-06,+6.062185E-06,-1.016583E+02,+8.238187E-01
+9.272461E+02,-3.251651E-06,-6.709025E-07,-1.095769E+02,-2.938121E+00
+9.274902E+02,+2.045077E-06,-3.308777E-06,-1.082015E+02,-1.017191E+00
+9.277344E+02,-5.546691E-06,+2.969251E-07,-1.051069E+02,+3.088112E+00
+9.279785E+02,+8.586178E-06,+4.476658E-06,-1.002797E+02,+4.806046E-01
+9.282227E+02,-1.844476E-06,-7.450503E-06,-1.022980E+02,-1.813481E+00
+9.284668E+02,-2.752388E-06,+1.563863E-06,-1.099908E+02,+2.624896E+00
+9.287109E+02,+4.996784E-06,-4.193169E-06,-1.037109E+02,-6.981751E-01
+9.289551E+02,-7.145442E-06,+1.099748E-06,-1.028177E+02,+2.988882E+00
+9.291992E+02,-2.975926E-06,-9.871421E-07,-1.100742E+02,-2.821304E+00
+9.294434E+02,+4.888404E-06,-1.713367E-06,-1.057135E+02,-3.371167E-01
+9.296875E+02,-6.509058E-06,+4.009144E-06,-1.023328E+02,+2.589540E+00
+9.299316E+02,+4.550217E-06,-5.260814E-06,-1.031533E+02,-8.577003E-01
+9.301758E+02,-8.065744E-06,+4.980895E-06,-1.004641E+02,+2.588378E+00
+9.304199E+02,+4.996796E-06,+3.933598E-07,-1.059993E+02,+7.856039E-02
+9.306641E+02,-6.820965E-06,+3.020081E-06,-1.025456E+02,+2.724772E+00
+9.309082E+02,-3.872795E-07,-1.962000E-07,-1.272474E+02,-2.672670E+00
+9.311523E+02,+1.682677E-06,+2.784827E-06,-1.097524E+02,+1.027272E+00
+9.313965E+02,+8.192329E-08,-5.920395E-06,-1.045522E+02,-1.556960E+00
+9.316406E+02,+6.095087E-07,+1.205630E-05,-9.836464E+01,+1.520284E+00
+9.318848E+02,+6.471729E-06,-3.220353E-06,-1.028188E+02,-4.617283E-01
+9.321289E+02,-6.530298E-06,-1.380058E-06,-1.035116E+02,-2.933326E+00
+9.323730E+02,-1.201541E-06,+7.119835E-07,-1.170983E+02,+2.606663E+00
+9.326172E+02,+8.286398E-06,+5.250796E-06,-1.001667E+02,+5.648057E-01
+9.328613E+02,+2.446596E-06,-1.835017E-06,-1.102904E+02,-6.435193E-01
+9.331055E+02,-3.581640E-06,-2.784524E-06,-1.068652E+02,-2.480757E+00
+9.333496E+02,-1.945221E-06,-8.238121E-06,-1.014478E+02,-1.802673E+00
+9.335938E+02,-1.556466E-06,+7.035560E-06,-1.028465E+02,+1.788518E+00
+9.338379E+02,-5.922346E-06,+1.448221E-07,-1.045475E+02,+3.117144E+00
+9.340820E+02,-2.915811E-06,-4.587287E-07,-1.105986E+02,-2.985547E+00
+9.343262E+02,-1.034186E-05,+1.821806E-05,-9.357682E+01,+2.087105E+00
+9.345703E+02,+5.565500E-06,+1.244076E-05,-9.731078E+01,+1.150140E+00
+9.348145E+02,+2.085765E-05,+1.241585E-05,-9.229741E+01,+5.369312E-01
+9.350586E+02,+5.844563E-06,-1.222942E-05,-9.735849E+01,-1.124976E+00
+9.353027E+02,+9.780348E-06,+4.193597E-05,-8.731825E+01,+1.341671E+00
+9.355469E+02,+5.161928E-05,+4.432360E-06,-8.571186E+01,+8.565626E-02
+9.357910E+02,+7.679452E-05,-3.992952E-05,-8.125416E+01,-4.794821E-01
+9.360352E+02,+3.958605E-05,-1.537016E-04,-7.598750E+01,-1.318723E+00
+9.362793E+02,-2.555533E-04,-9.220205E-05,-7.131892E+01,-2.795335E+00
+9.365234E+02,+4.635751E-05,+2.384333E-04,-7.229152E+01,+1.378767E+00
+9.367676E+02,+2.245585E-05,-7.735760E-05,-8.187859E+01,-1.288275E+00
+9.370117E+02,-1.705620E-05,+3.973549E-06,-9.513282E+01,+2.912707E+00
+9.372559E+02,+2.846195E-06,+1.556895E-05,-9.601205E+01,+1.389981E+00
+9.375000E+02,-5.766587E-06,+6.868441E-07,-1.047204E+02,+3.023044E+00
+9.377441E+02,-2.124542E-06,+1.663949E-06,-1.113773E+02,+2.477178E+00
+9.379883E+02,+3.593069E-06,+1.303857E-05,-9.737752E+01,+1.301898E+00
+9.382324E+02,-1.008221E-05,+3.723712E-06,-9.937354E+01,+2.787798E+00
+9.384766E+02,+8.280434E-06,-3.559101E-06,-1.009027E+02,-4.059467E-01
+9.387207E+02,+5.268395E-07,+1.262093E-05,-9.797062E+01,+1.529077E+00
+9.389648E+02,+2.514209E-06,+2.803061E-06,-1.084837E+02,+8.396683E-01
+9.392090E+02,+3.595712E-06,-9.076074E-06,-1.002089E+02,-1.193592E+00
+9.394531E+02,-1.527663E-06,+1.055971E-05,-9.943700E+01,+1.714468E+00
+9.396973E+02,+1.874761E-06,-1.474128E-06,-1.124506E+02,-6.663325E-01
+9.399414E+02,+4.100329E-06,+1.787542E-06,-1.069880E+02,+4.111094E-01
+9.401855E+02,+6.530035E-06,-1.950122E-06,-1.033307E+02,-2.902076E-01
+9.404297E+02,-1.279808E-05,+5.329610E-06,-9.716256E+01,+2.746996E+00
+9.406738E+02,+1.462024E-05,-9.384248E-06,-9.520258E+01,-5.706365E-01
+9.409180E+02,-3.185362E-06,+2.340961E-06,-1.080613E+02,+2.507818E+00
+9.411621E+02,-1.850107E-06,+1.336891E-05,-9.739570E+01,+1.708312E+00
+9.414062E+02,+1.042025E-08,-1.631331E-05,-9.574916E+01,-1.570158E+00
+9.416504E+02,+1.261338E-06,+6.330717E-06,-1.038019E+02,+1.374131E+00
+9.418945E+02,-2.155805E-06,+7.423922E-07,-1.128411E+02,+2.809943E+00
+9.421387E+02,-1.567370E-07,-3.333221E-07,-1.286752E+02,-2.010343E+00
+9.423828E+02,+7.533969E-06,+1.137802E-06,-1.023616E+02,+1.498902E-01
+9.426270E+02,-1.009508E-05,-1.626570E-06,-9.980650E+01,-2.981841E+00
+9.428711E+02,+1.303976E-05,+1.410440E-06,-9.764409E+01,+1.077457E-01
+9.431152E+02,-7.188209E-06,-2.516694E-06,-1.023654E+02,-2.804816E+00
+9.433594E+02,+1.637098E-06,+8.976946E-06,-1.007953E+02,+1.390412E+00
+9.436035E+02,+1.015155E-06,-2.358311E-07,-1.196411E+02,-2.282617E-01
+9.438477E+02,-2.946792E-06,-2.095458E-06,-1.088357E+02,-2.523457E+00
+9.440918E+02,+5.716124E-06,-2.857069E-06,-1.038895E+02,-4.635086E-01
+9.443359E+02,-1.961539E-06,+3.571183E-06,-1.077987E+02,+2.073078E+00
+9.445801E+02,+4.013888E-06,+5.516713E-06,-1.033212E+02,+9.417947E-01
+9.448242E+02,-7.903490E-07,+2.725831E-07,-1.215555E+02,+2.809478E+00
+9.450684E+02,+9.326106E-06,-7.328862E-06,-9.851742E+01,-6.660493E-01
+9.453125E+02,-8.120895E-07,-2.358081E-06,-1.120621E+02,-1.902461E+00
+9.455566E+02,-3.345632E-06,+3.252423E-06,-1.066211E+02,+2.370320E+00
+9.458008E+02,+7.007947E-06,+3.596484E-06,-1.020729E+02,+4.741524E-01
+9.460449E+02,+9.519746E-06,-3.122517E-06,-9.998372E+01,-3.169467E-01
+9.462891E+02,-5.018282E-06,-1.532076E-05,-9.585179E+01,-1.887331E+00
+9.465332E+02,-6.645655E-06,-4.569969E-06,-1.018676E+02,-2.539195E+00
+9.467773E+02,-1.763327E-06,+8.302296E-06,-1.014244E+02,+1.780077E+00
+9.470215E+02,-3.470618E-07,-8.943690E-06,-1.009631E+02,-1.609582E+00
+9.472656E+02,-6.556328E-06,+1.084623E-05,-9.794183E+01,+2.114503E+00
+9.475098E+02,+5.158119E-06,-9.465135E-06,-9.934813E+01,-1.071831E+00
+9.477539E+02,+2.994462E-06,+1.051981E-05,-9.922149E+01,+1.293481E+00
+9.479980E+02,-5.252105E-06,-2.326825E-06,-1.048150E+02,-2.724553E+00
+9.482422E+02,+3.398440E-06,-3.910359E-06,-1.057121E+02,-8.553254E-01
+9.484863E+02,-6.209195E-07,+9.763251E-07,-1.187330E+02,+2.137250E+00
+9.487305E+02,-1.003226E-06,+5.985017E-06,-1.043383E+02,+1.736875E+00
+9.489746E+02,+6.346430E-07,-1.113459E-05,-9.905243E+01,-1.513860E+00
+9.492188E+02,+5.312089E-06,+3.921813E-06,-1.036052E+02,+6.359586E-01
+9.494629E+02,-9.007136E-06,+1.974850E-06,-1.007044E+02,+2.925754E+00
+9.497070E+02,+3.247013E-06,-1.898035E-06,-1.084938E+02,-5.289803E-01
+9.499512E+02,+3.709192E-06,-4.695740E-06,-1.044602E+02,-9.022407E-01
+9.501953E+02,-1.618829E-07,+1.197626E-06,-1.183549E+02,+1.705152E+00
+9.504395E+02,-5.095736E-07,+1.728282E-06,-1.148857E+02,+1.857516E+00
+9.506836E+02,-7.994748E-07,-4.181585E-06,-1.074173E+02,-1.759706E+00
+9.509277E+02,-6.591070E-06,-2.129893E-06,-1.031895E+02,-2.829036E+00
+9.511719E+02,-1.605147E-07,+2.458645E-06,-1.121676E+02,+1.635990E+00
+9.514160E+02,+7.147376E-06,-4.252832E-06,-1.016007E+02,-5.367498E-01
+9.516602E+02,-3.209767E-06,+2.722019E-06,-1.075173E+02,+2.438236E+00
+9.519043E+02,+1.084596E-06,+1.844428E-06,-1.133930E+02,+1.039218E+00
+9.521484E+02,-8.077439E-06,-1.000853E-05,-9.781424E+01,-2.249825E+00
+9.523926E+02,+1.599974E-06,+1.397572E-05,-9.703596E+01,+1.456810E+00
+9.526367E+02,-6.602361E-07,-5.558158E-06,-1.050405E+02,-1.689029E+00
+9.528809E+02,+1.753192E-06,-3.466486E-06,-1.082131E+02,-1.102556E+00
+9.531250E+02,-5.248131E-06,+1.620455E-08,-1.055999E+02,+3.138505E+00
+9.533691E+02,+3.506502E-06,+3.740444E-06,-1.058027E+02,+8.176684E-01
+9.536133E+02,-2.253530E-06,-1.050566E-06,-1.120887E+02,-2.705360E+00
+9.538574E+02,-2.491206E-06,-8.579063E-07,-1.115851E+02,-2.809939E+00
+9.541016E+02,+1.583988E-06,+4.064234E-06,-1.072063E+02,+1.199167E+00
+9.543457E+02,-6.032588E-06,-3.234221E-06,-1.032927E+02,-2.649464E+00
+9.545898E+02,+5.712517E-06,+4.992013E-06,-1.023993E+02,+7.181911E-01
+9.548340E+02,-3.952231E-06,-5.312031E-06,-1.035815E+02,-2.210456E+00
+9.550781E+02,+2.891309E-06,+2.560853E-06,-1.082630E+02,+7.248620E-01
+9.553223E+02,-3.681407E-08,-1.746495E-06,-1.151547E+02,-1.591872E+00
+9.555664E+02,-3.825216E-06,+6.131935E-06,-1.028206E+02,+2.128546E+00
+9.558105E+02,+3.915377E-06,-4.077775E-06,-1.049541E+02,-8.057124E-01
+9.560547E+02,-7.006252E-06,+5.263128E-06,-1.011471E+02,+2.497321E+00
+9.562988E+02,+6.829910E-06,-6.112655E-06,-1.007566E+02,-7.300364E-01
+9.565430E+02,-4.698215E-06,+3.228024E-06,-1.048820E+02,+2.539594E+00
+9.567871E+02,+1.409238E-06,+4.727337E-06,-1.061379E+02,+1.281080E+00
+9.570312E+02,+1.533783E-06,-3.740149E-06,-1.078672E+02,-1.181625E+00
+9.572754E+02,+6.689458E-06,+3.305518E-07,-1.034816E+02,+4.937368E-02
+9.575195E+02,-1.311891E-05,-1.340282E-07,-9.764159E+01,-3.131377E+00
+9.577637E+02,+3.514496E-06,+1.875663E-06,-1.079943E+02,+4.902375E-01
+9.580078E+02,+4.912947E-06,+3.733396E-06,-1.041936E+02,+6.498132E-01
+9.582520E+02,-5.286464E-06,-6.612559E-06,-1.014465E+02,-2.245207E+00
+9.584961E+02,+3.294254E-06,+1.398461E-06,-1.089253E+02,+4.014601E-01
+9.587402E+02,-3.611194E-06,+2.359853E-06,-1.073026E+02,+2.562773E+00
+9.589844E+02,+4.231076E-06,+1.091331E-05,-9.863272E+01,+1.200939E+00
+9.592285E+02,-1.941392E-06,-1.759730E-05,-9.503854E+01,-1.680675E+00
+9.594727E+02,-2.281108E-06,+9.727803E-06,-1.000072E+02,+1.801128E+00
+9.597168E+02,+6.416445E-06,+1.324510E-06,-1.036729E+02,+2.035650E-01
+9.599609E+02,-3.173290E-06,+1.023613E-06,-1.095399E+02,+2.829559E+00
+9.602051E+02,+3.093544E-06,-2.666880E-06,-1.077775E+02,-7.114651E-01
+9.604492E+02,-5.719755E-06,+2.037663E-06,-1.043335E+02,+2.799361E+00
+9.606934E+02,+1.463355E-06,-3.838576E-06,-1.077273E+02,-1.206581E+00
+9.609375E+02,+2.330613E-06,+6.541051E-06,-1.031680E+02,+1.228515E+00
+9.611816E+02,+4.772131E-06,-1.924290E-06,-1.057715E+02,-3.832920E-01
+9.614258E+02,-4.996763E-06,-1.892133E-06,-1.054443E+02,-2.779607E+00
+9.616699E+02,-1.491691E-06,+3.960060E-06,-1.074697E+02,+1.931043E+00
+9.619141E+02,+8.578900E-06,-3.558152E-06,-1.006420E+02,-3.931622E-01
+9.621582E+02,-5.048894E-06,+1.805458E-06,-1.054135E+02,+2.798168E+00
+9.624023E+02,+2.758999E-07,-2.451167E-06,-1.121579E+02,-1.458709E+00
+9.626465E+02,-3.333491E-07,+1.662151E-06,-1.154153E+02,+1.768723E+00
+9.628906E+02,+2.415265E-06,-1.399727E-06,-1.110831E+02,-5.252345E-01
+9.631348E+02,-1.932252E-06,+5.651562E-07,-1.139222E+02,+2.857044E+00
+9.633789E+02,+3.272722E-06,+2.672613E-06,-1.074827E+02,+6.848012E-01
+9.636230E+02,-5.094103E-06,-5.483131E-06,-1.025170E+02,-2.319431E+00
+9.638672E+02,+9.010691E-06,+6.133215E-06,-9.925151E+01,+5.976276E-01
+9.641113E+02,-8.189668E-06,-3.416740E-06,-1.010378E+02,-2.746346E+00
+9.643555E+02,+3.991001E-06,+3.454799E-06,-1.055496E+02,+7.135082E-01
+9.645996E+02,+1.006894E-06,-5.719545E-06,-1.047202E+02,-1.396537E+00
+9.648438E+02,-4.343040E-06,-3.090102E-07,-1.072222E+02,-3.070562E+00
+9.650879E+02,+4.303560E-06,+8.032081E-06,-1.008074E+02,+1.078923E+00
+9.653320E+02,+7.144423E-07,-5.857783E-06,-1.045812E+02,-1.449431E+00
+9.655762E+02,-4.960875E-06,+2.002745E-06,-1.054331E+02,+2.757894E+00
+9.658203E+02,+7.917635E-06,-1.122022E-06,-1.019417E+02,-1.407745E-01
+9.660645E+02,-3.675267E-06,-1.014071E-06,-1.083756E+02,-2.872373E+00
+9.663086E+02,-1.503301E-06,+2.751874E-06,-1.100733E+02,+2.070781E+00
+9.665527E+02,+4.931665E-06,-7.756385E-06,-1.007323E+02,-1.004454E+00
+9.667969E+02,-7.465655E-07,+7.945261E-06,-1.019597E+02,+1.664485E+00
+9.670410E+02,-5.121243E-06,-3.826035E-06,-1.038864E+02,-2.499956E+00
+9.672852E+02,-7.750284E-08,-1.253917E-07,-1.366295E+02,-2.124408E+00
+9.675293E+02,+7.209015E-06,-6.633141E-07,-1.028059E+02,-9.175341E-02
+9.677734E+02,-2.849978E-06,+1.885208E-06,-1.093269E+02,+2.557188E+00
+9.680176E+02,-2.454628E-06,+2.405189E-06,-1.092775E+02,+2.366367E+00
+9.682617E+02,+3.663386E-06,-9.258372E-06,-1.000376E+02,-1.194016E+00
+9.685059E+02,-2.475515E-06,+6.514064E-06,-1.031371E+02,+1.933966E+00
+9.687500E+02,+4.509615E-06,-7.133323E-07,-1.068099E+02,-1.568805E-01
+9.689941E+02,-8.485419E-06,-5.211828E-06,-1.000364E+02,-2.590790E+00
+9.692383E+02,+1.050391E-05,+8.486420E-06,-9.739091E+01,+6.795574E-01
+9.694824E+02,-1.177914E-05,-4.012694E-06,-9.810089E+01,-2.813262E+00
+9.697266E+02,+9.074994E-06,-3.973834E-06,-1.000812E+02,-4.127363E-01
+9.699707E+02,-2.722845E-06,+2.878034E-06,-1.080418E+02,+2.328494E+00
+9.702148E+02,+1.917232E-06,+4.307037E-06,-1.065313E+02,+1.151992E+00
+9.704590E+02,-1.524851E-06,-9.257240E-06,-1.005541E+02,-1.734050E+00
+9.707031E+02,+1.400999E-06,+1.975453E-06,-1.123172E+02,+9.539198E-01
+9.709473E+02,-1.410265E-07,+1.641055E-06,-1.156656E+02,+1.656522E+00
+9.711914E+02,-2.311778E-06,-4.582922E-07,-1.125537E+02,-2.945888E+00
+9.714355E+02,-1.321072E-06,+6.308757E-06,-1.038147E+02,+1.777217E+00
+9.716797E+02,+3.406036E-06,-7.422213E-06,-1.017594E+02,-1.140568E+00
+9.719238E+02,-9.120689E-06,-5.322452E-06,-9.952666E+01,-2.613351E+00
+9.721680E+02,+9.080979E-06,+6.634942E-06,-9.897955E+01,+6.309962E-01
+9.724121E+02,-1.170346E-06,+3.593526E-09,-1.186337E+02,+3.138522E+00
+9.726562E+02,-5.808065E-06,+5.443893E-08,-1.047190E+02,+3.132220E+00
+9.729004E+02,+9.586510E-07,-1.661706E-06,-1.143412E+02,-1.047529E+00
+9.731445E+02,+5.116234E-06,+2.045225E-06,-1.051772E+02,+3.802926E-01
+9.733887E+02,-6.387294E-06,-4.373858E-06,-1.022237E+02,-2.541158E+00
+9.736328E+02,+1.978616E-06,+5.151741E-06,-1.051634E+02,+1.204100E+00
+9.738770E+02,+3.031916E-06,+1.194869E-06,-1.097387E+02,+3.754072E-01
+9.741211E+02,-1.338883E-06,-3.394784E-06,-1.087559E+02,-1.946461E+00
+9.743652E+02,+4.878249E-06,-2.398437E-06,-1.052945E+02,-4.569529E-01
+9.746094E+02,-1.487727E-05,+5.771529E-06,-9.594067E+01,+2.771523E+00
+9.748535E+02,+1.708887E-05,+3.124138E-06,-9.520295E+01,+1.808203E-01
+9.750977E+02,-4.804849E-06,-9.028950E-06,-9.980434E+01,-2.059840E+00
+9.753418E+02,-1.107877E-05,+3.409649E-06,-9.871715E+01,+2.843028E+00
+9.755859E+02,+1.224325E-05,+2.431094E-06,-9.807412E+01,+1.960164E-01
+9.758301E+02,-5.987683E-06,-7.017914E-06,-1.007005E+02,-2.277145E+00
+9.760742E+02,+3.191918E-06,+8.483703E-06,-1.008533E+02,+1.210938E+00
+9.763184E+02,-1.184572E-06,-1.800046E-06,-1.133317E+02,-2.152830E+00
+9.765625E+02,-2.946454E-07,-2.559729E-06,-1.117790E+02,-1.685400E+00
+9.768066E+02,+2.785394E-06,+2.532232E-06,-1.084861E+02,+7.378261E-01
+9.770508E+02,-4.306880E-06,-3.201883E-06,-1.054059E+02,-2.502307E+00
+9.772949E+02,+1.905257E-06,+1.766926E-07,-1.143637E+02,+9.247497E-02
+9.775391E+02,-2.571641E-06,+2.643178E-06,-1.086647E+02,+2.342477E+00
+9.777832E+02,+1.697443E-06,-7.166457E-07,-1.146917E+02,-3.994893E-01
+9.780273E+02,+3.937105E-06,-1.752001E-06,-1.073118E+02,-4.186858E-01
+9.782715E+02,-6.159762E-06,-2.977006E-07,-1.041986E+02,-3.093300E+00
+9.785156E+02,+5.347287E-06,+4.199006E-06,-1.033512E+02,+6.656878E-01
+9.787598E+02,-3.087527E-06,-1.044259E-05,-9.925986E+01,-1.858273E+00
+9.790039E+02,+1.088248E-07,+1.749824E-05,-9.513994E+01,+1.564577E+00
+9.792480E+02,-4.272254E-07,-1.137374E-05,-9.887581E+01,-1.608341E+00
+9.794922E+02,+1.950557E-07,+2.351670E-06,-1.125427E+02,+1.488042E+00
+9.797363E+02,+3.026012E-06,-1.058813E-06,-1.098810E+02,-3.365890E-01
+9.799805E+02,-4.180398E-06,+4.368389E-07,-1.075285E+02,+3.037474E+00
+9.802246E+02,+1.807442E-06,+1.392489E-06,-1.128351E+02,+6.564422E-01
+9.804688E+02,+1.087364E-06,-5.126416E-06,-1.056126E+02,-1.361784E+00
+9.807129E+02,-3.813651E-06,+5.386599E-07,-1.082874E+02,+3.001276E+00
+9.809570E+02,+5.309193E-06,+5.832555E-06,-1.020617E+02,+8.323367E-01
+9.812012E+02,-3.403291E-06,-1.758926E-06,-1.083339E+02,-2.664571E+00
+9.814453E+02,+1.659018E-06,-1.604467E-06,-1.127355E+02,-7.686839E-01
+9.816895E+02,-5.305065E-06,-4.328137E-07,-1.054774E+02,-3.060188E+00
+9.819336E+02,+5.070648E-06,+6.449809E-07,-1.058290E+02,+1.265195E-01
+9.821777E+02,+1.918822E-06,+2.551122E-06,-1.099182E+02,+9.259218E-01
+9.824219E+02,-5.250806E-06,-2.449656E-06,-1.047403E+02,-2.705078E+00
+9.826660E+02,+3.422242E-06,-1.790879E-06,-1.082626E+02,-4.821180E-01
+9.829102E+02,+3.471688E-08,+3.975055E-06,-1.080128E+02,+1.562063E+00
+9.831543E+02,-9.613502E-07,-5.259576E-06,-1.054383E+02,-1.751582E+00
+9.833984E+02,-8.600900E-08,+4.209494E-06,-1.075136E+02,+1.591226E+00
+9.836426E+02,-9.425547E-09,+2.595224E-06,-1.117164E+02,+1.574428E+00
+9.838867E+02,-5.511221E-06,-7.049685E-06,-1.009652E+02,-2.234321E+00
+9.841309E+02,+6.600068E-06,+5.459491E-06,-1.013450E+02,+6.911000E-01
+9.843750E+02,+2.575868E-06,+6.725828E-07,-1.114951E+02,+2.554067E-01
+9.846191E+02,-5.985654E-06,-4.917814E-06,-1.022176E+02,-2.453819E+00
+9.848633E+02,-3.577354E-07,+2.863008E-06,-1.107963E+02,+1.695103E+00
+9.851074E+02,+3.371744E-07,-1.610507E-06,-1.156744E+02,-1.364418E+00
+9.853516E+02,+6.049456E-06,+2.222131E-06,-1.038160E+02,+3.520271E-01
+9.855957E+02,-4.182671E-06,-8.796728E-07,-1.073830E+02,-2.934300E+00
+9.858398E+02,+2.130770E-06,-8.751765E-07,-1.127522E+02,-3.897242E-01
+9.860840E+02,-5.829302E-06,+1.186907E-06,-1.045113E+02,+2.940728E+00
+9.863281E+02,+5.141203E-06,-1.443390E-07,-1.057753E+02,-2.806757E-02
+9.865723E+02,-2.837037E-06,+2.924408E-06,-1.077987E+02,+2.341031E+00
+9.868164E+02,+4.864426E-06,-7.281842E-06,-1.011527E+02,-9.818565E-01
+9.870605E+02,-2.165560E-06,+8.123053E-06,-1.015074E+02,+1.831331E+00
+9.873047E+02,-6.961537E-06,-4.254896E-06,-1.017674E+02,-2.592978E+00
+9.875488E+02,+5.832666E-06,+3.749225E-06,-1.031807E+02,+5.712956E-01
+9.877930E+02,+5.606751E-06,-4.894430E-06,-1.025656E+02,-7.176695E-01
+9.880371E+02,-1.044377E-05,+2.671713E-06,-9.934754E+01,+2.891145E+00
+9.882812E+02,+7.833425E-06,+7.904791E-07,-1.020770E+02,+1.005706E-01
+9.885254E+02,-5.922608E-06,-6.946634E-06,-1.007918E+02,-2.276790E+00
+9.887695E+02,+4.163886E-06,+6.676994E-06,-1.020817E+02,+1.013192E+00
+9.890137E+02,-2.523255E-06,+3.461288E-07,-1.118798E+02,+3.005268E+00
+9.892578E+02,+6.297415E-06,-4.999845E-07,-1.039895E+02,-7.922899E-02
+9.895020E+02,-1.188048E-05,-3.498101E-06,-9.814224E+01,-2.855244E+00
+9.897461E+02,+9.983719E-06,+8.950035E-06,-9.745264E+01,+7.308576E-01
+9.899902E+02,-8.834369E-07,-1.499313E-05,-9.646710E+01,-1.629651E+00
+9.902344E+02,-1.049247E-06,+1.068687E-05,-9.938133E+01,+1.668664E+00
+9.904785E+02,-3.816956E-06,-2.787346E-06,-1.065095E+02,-2.510849E+00
+9.907227E+02,+1.811896E-06,+2.671093E-06,-1.098223E+02,+9.747592E-01
+9.909668E+02,+1.296859E-06,-4.696175E-06,-1.062459E+02,-1.301359E+00
+9.912109E+02,-1.179850E-06,+1.299157E-06,-1.151147E+02,+2.308105E+00
+9.914551E+02,+3.236287E-06,+1.046840E-06,-1.093669E+02,+3.128471E-01
+9.916992E+02,-4.582320E-06,+2.443130E-06,-1.056917E+02,+2.651767E+00
+9.919434E+02,+4.458265E-06,-7.101058E-06,-1.015304E+02,-1.010164E+00
+9.921875E+02,-1.584272E-06,+1.084822E-05,-9.920119E+01,+1.715811E+00
+9.924316E+02,-1.850027E-06,-7.984904E-06,-1.017275E+02,-1.798470E+00
+9.926758E+02,-1.572546E-06,-3.496668E-06,-1.083270E+02,-1.993423E+00
+9.929199E+02,+2.738399E-06,+9.830202E-06,-9.982417E+01,+1.299114E+00
+9.931641E+02,-1.274195E-06,-4.946352E-06,-1.058353E+02,-1.822918E+00
+9.934082E+02,+1.218157E-06,-1.404458E-06,-1.146138E+02,-8.563154E-01
+9.936523E+02,+1.463800E-06,+3.542086E-06,-1.083300E+02,+1.178912E+00
+9.938965E+02,-4.783212E-06,-4.405402E-06,-1.037380E+02,-2.397289E+00
+9.941406E+02,+1.338407E-06,+1.921037E-06,-1.126108E+02,+9.622813E-01
+9.943848E+02,+1.645783E-06,+4.828137E-06,-1.058470E+02,+1.242275E+00
+9.946289E+02,-1.352995E-06,-2.675463E-06,-1.104630E+02,-2.038998E+00
+9.948730E+02,-5.094718E-09,-6.347890E-06,-1.039474E+02,-1.571599E+00
+9.951172E+02,+3.490512E-07,+1.215163E-06,-1.179630E+02,+1.291081E+00
+9.953613E+02,+3.265613E-06,+1.079709E-05,-9.895371E+01,+1.277091E+00
+9.956055E+02,-1.558815E-07,-1.302430E-06,-1.176431E+02,-1.689915E+00
+9.958496E+02,-5.493244E-06,-1.254480E-05,-9.726889E+01,-1.983534E+00
+9.960938E+02,-2.393036E-06,+1.197499E-05,-9.826443E+01,+1.768034E+00
+9.963379E+02,+7.918975E-06,-7.727997E-06,-9.912105E+01,-7.731934E-01
+9.965820E+02,-4.396469E-06,+1.580889E-06,-1.066098E+02,+2.796407E+00
+9.968262E+02,+3.000541E-06,+8.439052E-06,-1.009571E+02,+1.229182E+00
+9.970703E+02,-4.333204E-06,-7.841376E-06,-1.009548E+02,-2.075639E+00
+9.973145E+02,+2.843580E-06,+1.312021E-06,-1.100845E+02,+4.322916E-01
+9.975586E+02,+2.898454E-06,-1.669817E-06,-1.095120E+02,-5.226651E-01
+9.978027E+02,-3.926493E-06,+3.652844E-06,-1.054120E+02,+2.392283E+00
+9.980469E+02,+2.120315E-06,-1.361145E-06,-1.119733E+02,-5.706983E-01
+9.982910E+02,+4.535696E-06,+2.760782E-06,-1.054984E+02,+5.467765E-01
+9.985352E+02,-5.901171E-06,+2.495528E-06,-1.038667E+02,+2.741513E+00
+9.987793E+02,-2.371805E-06,-8.928610E-06,-1.006882E+02,-1.830441E+00
+9.990234E+02,+7.553544E-06,+1.973485E-06,-1.021502E+02,+2.555536E-01
+9.992676E+02,-8.216530E-06,+4.711613E-06,-1.004716E+02,+2.620938E+00
+9.995117E+02,+6.009605E-06,-1.385066E-06,-1.041983E+02,-2.265198E-01
+9.997559E+02,-1.485432E-06,-3.421542E-06,-1.085656E+02,-1.980384E+00
